orig_index,protocol_id,run_id,config_hash,h_0,h_1,h_2,h_3,h_4,h_5,h_6,h_7,h_8,h_9,cluster
0,mvdec_dekm_consistent_v1,airpollution_mvdec_dekm_consistent_v1_2b88b20cd9b6_seed_44,2b88b20cd9b6ab9268889294ab249f6a1e5fb71b3e5ee88d2e8fde10ebe63a10,-725.85767,-2059.3782,-1811.1705,10301.366,-4097.0923,2387.4695,9782.54,-3338.1975,1765.0914,13587.585,2
1,mvdec_dekm_consistent_v1,airpollution_mvdec_dekm_consistent_v1_2b88b20cd9b6_seed_44,2b88b20cd9b6ab9268889294ab249f6a1e5fb71b3e5ee88d2e8fde10ebe63a10,-698.2924,-1981.174,-1742.3911,9910.18,-3941.5063,2296.806,9411.052,-3211.432,1698.0647,13071.604,2
2,mvdec_dekm_consistent_v1,airpollution_mvdec_dekm_consistent_v1_2b88b20cd9b6_seed_44,2b88b20cd9b6ab9268889294ab249f6a1e5fb71b3e5ee88d2e8fde10ebe63a10,-671.1143,-1904.0629,-1674.5743,9524.462,-3788.096,2207.4111,9044.758,-3086.438,1631.9747,12562.836,2
3,mvdec_dekm_consistent_v1,airpollution_mvdec_dekm_consistent_v1_2b88b20cd9b6_seed_44,2b88b20cd9b6ab9268889294ab249f6a1e5fb71b3e5ee88d2e8fde10ebe63a10,-644.4975,-1828.548,-1608.1605,9146.7295,-3637.8616,2119.866,8686.049,-2964.0327,1567.2532,12064.602,2
4,mvdec_dekm_consistent_v1,airpollution_mvdec_dekm_consistent_v1_2b88b20cd9b6_seed_44,2b88b20cd9b6ab9268889294ab249f6a1e5fb71b3e5ee88d2e8fde10ebe63a10,-618.4931,-1754.7708,-1543.2742,8777.687,-3491.0845,2034.3352,8335.591,-2844.4426,1504.0205,11577.83,2
5,mvdec_dekm_consistent_v1,airpollution_mvdec_dekm_consistent_v1_2b88b20cd9b6_seed_44,2b88b20cd9b6ab9268889294ab249f6a1e5fb71b3e5ee88d2e8fde10ebe63a10,-593.1921,-1682.9891,-1480.1431,8418.628,-3348.2769,1951.1179,7994.6143,-2728.088,1442.4987,11104.227,2
6,mvdec_dekm_consistent_v1,airpollution_mvdec_dekm_consistent_v1_2b88b20cd9b6_seed_44,2b88b20cd9b6ab9268889294ab249f6a1e5fb71b3e5ee88d2e8fde10ebe63a10,-568.6894,-1613.4725,-1419.0043,8070.8984,-3209.9756,1870.527,7664.397,-2615.4048,1382.9182,10645.566,2
7,mvdec_dekm_consistent_v1,airpollution_mvdec_dekm_consistent_v1_2b88b20cd9b6_seed_44,2b88b20cd9b6ab9268889294ab249f6a1e5fb71b3e5ee88d2e8fde10ebe63a10,-545.09894,-1546.541,-1360.1395,7736.11,-3076.817,1792.9335,7346.4604,-2506.9128,1325.5558,10203.97,2
8,mvdec_dekm_consistent_v1,airpollution_mvdec_dekm_consistent_v1_2b88b20cd9b6_seed_44,2b88b20cd9b6ab9268889294ab249f6a1e5fb71b3e5ee88d2e8fde10ebe63a10,-522.52594,-1482.4972,-1303.8151,7415.76,-2949.4036,1718.6873,7042.2407,-2403.1018,1270.6667,9781.422,2
9,mvdec_dekm_consistent_v1,airpollution_mvdec_dekm_consistent_v1_2b88b20cd9b6_seed_44,2b88b20cd9b6ab9268889294ab249f6a1e5fb71b3e5ee88d2e8fde10ebe63a10,-498.0335,-1413.008,-1242.7019,7068.1562,-2811.1575,1638.1278,6712.151,-2290.462,1211.1058,9322.936,2
10,mvdec_dekm_consistent_v1,airpollution_mvdec_dekm_consistent_v1_2b88b20cd9b6_seed_44,2b88b20cd9b6ab9268889294ab249f6a1e5fb71b3e5ee88d2e8fde10ebe63a10,-467.14874,-1325.3855,-1165.6389,6629.8594,-2636.8347,1536.5461,6295.927,-2148.4297,1136.0073,8744.815,2
11,mvdec_dekm_consistent_v1,airpollution_mvdec_dekm_consistent_v1_2b88b20cd9b6_seed_44,2b88b20cd9b6ab9268889294ab249f6a1e5fb71b3e5ee88d2e8fde10ebe63a10,-433.95636,-1231.215,-1082.8171,6158.807,-2449.4849,1427.373,5848.598,-1995.7834,1055.2961,8123.493,0
12,mvdec_dekm_consistent_v1,airpollution_mvdec_dekm_consistent_v1_2b88b20cd9b6_seed_44,2b88b20cd9b6ab9268889294ab249f6a1e5fb71b3e5ee88d2e8fde10ebe63a10,-400.7707,-1137.0631,-1000.01215,5687.85,-2262.173,1318.2223,5401.359,-1843.168,974.6012,7502.294,0
13,mvdec_dekm_consistent_v1,airpollution_mvdec_dekm_consistent_v1_2b88b20cd9b6_seed_44,2b88b20cd9b6ab9268889294ab249f6a1e5fb71b3e5ee88d2e8fde10ebe63a10,-367.59314,-1042.9347,-917.22784,5217.012,-2074.9082,1209.0986,4954.231,-1690.5903,893.92694,6881.2515,0
14,mvdec_dekm_consistent_v1,airpollution_mvdec_dekm_consistent_v1_2b88b20cd9b6_seed_44,2b88b20cd9b6ab9268889294ab249f6a1e5fb71b3e5ee88d2e8fde10ebe63a10,-334.42664,-948.8374,-834.4706,4746.328,-1887.7036,1100.0107,4507.25,-1538.0631,813.2789,6260.4106,0
15,mvdec_dekm_consistent_v1,airpollution_mvdec_dekm_consistent_v1_2b88b20cd9b6_seed_44,2b88b20cd9b6ab9268889294ab249f6a1e5fb71b3e5ee88d2e8fde10ebe63a10,-301.27545,-854.78345,-751.7517,4275.8613,-1700.5864,990.9732,4060.4746,-1385.6058,732.668,5639.8584,0
16,mvdec_dekm_consistent_v1,airpollution_mvdec_dekm_consistent_v1_2b88b20cd9b6_seed_44,2b88b20cd9b6ab9268889294ab249f6a1e5fb71b3e5ee88d2e8fde10ebe63a10,-268.13748,-760.7649,-669.0644,3805.5796,-1513.539,881.97754,3613.8699,-1233.2074,652.0901,5019.546,0
17,mvdec_dekm_consistent_v1,airpollution_mvdec_dekm_consistent_v1_2b88b20cd9b6_seed_44,2b88b20cd9b6ab9268889294ab249f6a1e5fb71b3e5ee88d2e8fde10ebe63a10,-235.0358,-666.84985,-586.46826,3335.81,-1326.6981,773.1015,3167.7556,-1080.9762,571.59894,4399.9116,0
18,mvdec_dekm_consistent_v1,airpollution_mvdec_dekm_consistent_v1_2b88b20cd9b6_seed_44,2b88b20cd9b6ab9268889294ab249f6a1e5fb71b3e5ee88d2e8fde10ebe63a10,-201.9783,-573.06085,-503.98282,2866.6697,-1140.107,664.3712,2722.2388,-928.94855,491.21564,3781.107,0
19,mvdec_dekm_consistent_v1,airpollution_mvdec_dekm_consistent_v1_2b88b20cd9b6_seed_44,2b88b20cd9b6ab9268889294ab249f6a1e5fb71b3e5ee88d2e8fde10ebe63a10,-169.00626,-479.5154,-421.7129,2398.7363,-954.0032,555.9236,2277.8804,-777.31573,411.03775,3163.9043,3
20,mvdec_dekm_consistent_v1,airpollution_mvdec_dekm_consistent_v1_2b88b20cd9b6_seed_44,2b88b20cd9b6ab9268889294ab249f6a1e5fb71b3e5ee88d2e8fde10ebe63a10,-136.14247,-386.27795,-339.71143,1932.3496,-768.50806,447.8317,1834.981,-626.1809,331.12604,2548.7344,3
21,mvdec_dekm_consistent_v1,airpollution_mvdec_dekm_consistent_v1_2b88b20cd9b6_seed_44,2b88b20cd9b6ab9268889294ab249f6a1e5fb71b3e5ee88d2e8fde10ebe63a10,-103.51414,-293.7052,-258.29706,1469.3015,-584.34094,340.51352,1395.2491,-476.12793,251.78731,1937.9657,3
22,mvdec_dekm_consistent_v1,airpollution_mvdec_dekm_consistent_v1_2b88b20cd9b6_seed_44,2b88b20cd9b6ab9268889294ab249f6a1e5fb71b3e5ee88d2e8fde10ebe63a10,-71.45581,-202.75352,-178.30435,1014.3416,-403.39258,235.07048,963.2042,-328.6966,173.83188,1337.869,3
23,mvdec_dekm_consistent_v1,airpollution_mvdec_dekm_consistent_v1_2b88b20cd9b6_seed_44,2b88b20cd9b6ab9268889294ab249f6a1e5fb71b3e5ee88d2e8fde10ebe63a10,-41.281425,-117.14275,-103.01422,586.12494,-233.07675,135.82433,556.54663,-189.9301,100.46286,773.04156,3
24,mvdec_dekm_consistent_v1,airpollution_mvdec_dekm_consistent_v1_2b88b20cd9b6_seed_44,2b88b20cd9b6ab9268889294ab249f6a1e5fb71b3e5ee88d2e8fde10ebe63a10,-14.397988,-40.87189,-35.933884,204.60635,-81.33712,47.401863,194.24252,-66.29742,35.0921,269.81415,3
25,mvdec_dekm_consistent_v1,airpollution_mvdec_dekm_consistent_v1_2b88b20cd9b6_seed_44,2b88b20cd9b6ab9268889294ab249f6a1e5fb71b3e5ee88d2e8fde10ebe63a10,-18.145504,-51.50485,-45.285004,257.79373,-102.49094,59.72862,244.75104,-83.5328,44.20533,339.96838,3
26,mvdec_dekm_consistent_v1,airpollution_mvdec_dekm_consistent_v1_2b88b20cd9b6_seed_44,2b88b20cd9b6ab9268889294ab249f6a1e5fb71b3e5ee88d2e8fde10ebe63a10,-51.2894,-145.53992,-127.9862,728.1634,-289.56827,168.74298,691.4321,-235.95757,124.79952,960.3916,3
27,mvdec_dekm_consistent_v1,airpollution_mvdec_dekm_consistent_v1_2b88b20cd9b6_seed_44,2b88b20cd9b6ab9268889294ab249f6a1e5fb71b3e5ee88d2e8fde10ebe63a10,-84.50857,-239.78668,-210.87341,1199.5902,-477.06882,278.00333,1139.1202,-388.72598,205.57356,1582.2113,3
28,mvdec_dekm_consistent_v1,airpollution_mvdec_dekm_consistent_v1_2b88b20cd9b6_seed_44,2b88b20cd9b6ab9268889294ab249f6a1e5fb71b3e5ee88d2e8fde10ebe63a10,-101.77325,-288.76807,-253.95184,1444.6017,-574.5156,334.788,1371.7915,-468.12268,247.55466,1905.3837,3
29,mvdec_dekm_consistent_v1,airpollution_mvdec_dekm_consistent_v1_2b88b20cd9b6_seed_44,2b88b20cd9b6ab9268889294ab249f6a1e5fb71b3e5ee88d2e8fde10ebe63a10,-117.33858,-332.92813,-292.79016,1665.4967,-662.3706,385.98328,1581.5607,-539.70435,285.4034,2196.746,3
30,mvdec_dekm_consistent_v1,airpollution_mvdec_dekm_consistent_v1_2b88b20cd9b6_seed_44,2b88b20cd9b6ab9268889294ab249f6a1e5fb71b3e5ee88d2e8fde10ebe63a10,-139.23843,-395.06006,-347.43427,1976.2887,-785.9801,458.0135,1876.6997,-640.4175,338.65552,2606.6843,3
31,mvdec_dekm_consistent_v1,airpollution_mvdec_dekm_consistent_v1_2b88b20cd9b6_seed_44,2b88b20cd9b6ab9268889294ab249f6a1e5fb71b3e5ee88d2e8fde10ebe63a10,-164.96948,-468.0616,-411.63803,2341.4514,-931.2144,542.64484,2223.4717,-758.74976,401.22363,3088.3381,3
32,mvdec_dekm_consistent_v1,airpollution_mvdec_dekm_consistent_v1_2b88b20cd9b6_seed_44,2b88b20cd9b6ab9268889294ab249f6a1e5fb71b3e5ee88d2e8fde10ebe63a10,-193.02377,-547.6566,-481.64093,2739.5786,-1089.5668,634.91925,2601.5613,-887.7678,469.43747,3613.4822,0
33,mvdec_dekm_consistent_v1,airpollution_mvdec_dekm_consistent_v1_2b88b20cd9b6_seed_44,2b88b20cd9b6ab9268889294ab249f6a1e5fb71b3e5ee88d2e8fde10ebe63a10,-215.79828,-612.2715,-538.46826,3062.788,-1218.1162,709.8275,2908.4946,-992.50543,524.8167,4039.8005,0
34,mvdec_dekm_consistent_v1,airpollution_mvdec_dekm_consistent_v1_2b88b20cd9b6_seed_44,2b88b20cd9b6ab9268889294ab249f6a1e5fb71b3e5ee88d2e8fde10ebe63a10,-237.4215,-673.62024,-592.423,3369.66,-1340.1677,780.9494,3199.913,-1091.9486,577.3969,4444.57,0
35,mvdec_dekm_consistent_v1,airpollution_mvdec_dekm_consistent_v1_2b88b20cd9b6_seed_44,2b88b20cd9b6ab9268889294ab249f6a1e5fb71b3e5ee88d2e8fde10ebe63a10,-261.4171,-741.6989,-652.29675,3710.1968,-1475.6082,859.87354,3523.3005,-1202.3008,635.7453,4893.742,0
36,mvdec_dekm_consistent_v1,airpollution_mvdec_dekm_consistent_v1_2b88b20cd9b6_seed_44,2b88b20cd9b6ab9268889294ab249f6a1e5fb71b3e5ee88d2e8fde10ebe63a10,-287.1643,-814.7471,-716.54144,4075.5925,-1620.935,944.55884,3870.2937,-1320.7087,698.35315,5375.704,0
37,mvdec_dekm_consistent_v1,airpollution_mvdec_dekm_consistent_v1_2b88b20cd9b6_seed_44,2b88b20cd9b6ab9268889294ab249f6a1e5fb71b3e5ee88d2e8fde10ebe63a10,-314.30048,-891.73566,-784.25146,4460.698,-1774.1018,1033.8124,4236.0044,-1445.5039,764.33826,5883.6626,0
38,mvdec_dekm_consistent_v1,airpollution_mvdec_dekm_consistent_v1_2b88b20cd9b6_seed_44,2b88b20cd9b6ab9268889294ab249f6a1e5fb71b3e5ee88d2e8fde10ebe63a10,-342.45914,-971.6256,-854.5129,4860.3174,-1933.0404,1126.4294,4615.498,-1575.0018,832.8099,6410.765,0
39,mvdec_dekm_consistent_v1,airpollution_mvdec_dekm_consistent_v1_2b88b20cd9b6_seed_44,2b88b20cd9b6ab9268889294ab249f6a1e5fb71b3e5ee88d2e8fde10ebe63a10,-370.7429,-1051.8707,-925.08655,5261.712,-2092.686,1219.4581,4996.678,-1705.0752,901.5859,6940.2095,0
40,mvdec_dekm_consistent_v1,airpollution_mvdec_dekm_consistent_v1_2b88b20cd9b6_seed_44,2b88b20cd9b6ab9268889294ab249f6a1e5fb71b3e5ee88d2e8fde10ebe63a10,-399.50674,-1133.4775,-996.8583,5669.9185,-2255.0396,1314.0656,5384.3267,-1837.3562,971.5292,7478.6387,0
41,mvdec_dekm_consistent_v1,airpollution_mvdec_dekm_consistent_v1_2b88b20cd9b6_seed_44,2b88b20cd9b6ab9268889294ab249f6a1e5fb71b3e5ee88d2e8fde10ebe63a10,-428.87158,-1216.7893,-1070.1293,6086.652,-2420.7856,1410.6494,5780.0723,-1972.4004,1042.9337,8028.3164,0
42,mvdec_dekm_consistent_v1,airpollution_mvdec_dekm_consistent_v1_2b88b20cd9b6_seed_44,2b88b20cd9b6ab9268889294ab249f6a1e5fb71b3e5ee88d2e8fde10ebe63a10,-458.74457,-1301.5419,-1144.6681,6510.595,-2589.399,1508.9039,6182.666,-2109.781,1115.5731,8587.503,2
43,mvdec_dekm_consistent_v1,airpollution_mvdec_dekm_consistent_v1_2b88b20cd9b6_seed_44,2b88b20cd9b6ab9268889294ab249f6a1e5fb71b3e5ee88d2e8fde10ebe63a10,-489.03516,-1387.4796,-1220.2489,6940.466,-2760.3691,1608.5322,6590.8867,-2249.0818,1189.2283,9154.508,2
44,mvdec_dekm_consistent_v1,airpollution_mvdec_dekm_consistent_v1_2b88b20cd9b6_seed_44,2b88b20cd9b6ab9268889294ab249f6a1e5fb71b3e5ee88d2e8fde10ebe63a10,-519.64746,-1474.3301,-1296.6327,7374.9033,-2933.155,1709.219,7003.4434,-2389.863,1263.6658,9727.533,2
45,mvdec_dekm_consistent_v1,airpollution_mvdec_dekm_consistent_v1_2b88b20cd9b6_seed_44,2b88b20cd9b6ab9268889294ab249f6a1e5fb71b3e5ee88d2e8fde10ebe63a10,-550.5363,-1561.9647,-1373.7057,7813.261,-3107.5017,1810.8146,7419.725,-2531.9143,1338.7755,10305.733,2
46,mvdec_dekm_consistent_v1,airpollution_mvdec_dekm_consistent_v1_2b88b20cd9b6_seed_44,2b88b20cd9b6ab9268889294ab249f6a1e5fb71b3e5ee88d2e8fde10ebe63a10,-581.7026,-1650.3894,-1451.4741,8255.556,-3283.4207,1913.3253,7839.7583,-2675.2449,1414.5566,10889.136,2
47,mvdec_dekm_consistent_v1,airpollution_mvdec_dekm_consistent_v1_2b88b20cd9b6_seed_44,2b88b20cd9b6ab9268889294ab249f6a1e5fb71b3e5ee88d2e8fde10ebe63a10,-613.07166,-1739.3892,-1529.7476,8700.74,-3460.4834,2016.5032,8262.524,-2819.5095,1490.8353,11476.34,2
48,mvdec_dekm_consistent_v1,airpollution_mvdec_dekm_consistent_v1_2b88b20cd9b6_seed_44,2b88b20cd9b6ab9268889294ab249f6a1e5fb71b3e5ee88d2e8fde10ebe63a10,-644.62744,-1828.9182,-1608.4861,9148.572,-3638.598,2120.2944,8687.804,-2964.6316,1567.5684,12067.038,2
49,mvdec_dekm_consistent_v1,airpollution_mvdec_dekm_consistent_v1_2b88b20cd9b6_seed_44,2b88b20cd9b6ab9268889294ab249f6a1e5fb71b3e5ee88d2e8fde10ebe63a10,-676.343,-1918.899,-1687.6223,9598.667,-3817.612,2224.6099,9115.232,-3110.4863,1644.6885,12660.718,2
50,mvdec_dekm_consistent_v1,airpollution_mvdec_dekm_consistent_v1_2b88b20cd9b6_seed_44,2b88b20cd9b6ab9268889294ab249f6a1e5fb71b3e5ee88d2e8fde10ebe63a10,-708.18896,-2009.2495,-1767.0837,10050.61,-3997.3623,2329.3545,9544.416,-3256.9402,1722.1256,13256.835,2
51,mvdec_dekm_consistent_v1,airpollution_mvdec_dekm_consistent_v1_2b88b20cd9b6_seed_44,2b88b20cd9b6ab9268889294ab249f6a1e5fb71b3e5ee88d2e8fde10ebe63a10,-740.1294,-2099.8677,-1846.7817,10503.895,-4177.644,2434.409,9974.869,-3403.8281,1799.792,13854.724,2
52,mvdec_dekm_consistent_v1,airpollution_mvdec_dekm_consistent_v1_2b88b20cd9b6_seed_44,2b88b20cd9b6ab9268889294ab249f6a1e5fb71b3e5ee88d2e8fde10ebe63a10,-772.17883,-2190.7969,-1926.7513,10958.73,-4358.544,2539.8235,10406.8,-3551.2202,1877.7253,14454.658,2
53,mvdec_dekm_consistent_v1,airpollution_mvdec_dekm_consistent_v1_2b88b20cd9b6_seed_44,2b88b20cd9b6ab9268889294ab249f6a1e5fb71b3e5ee88d2e8fde10ebe63a10,-804.3254,-2282.0007,-2006.9636,11414.942,-4539.991,2645.5566,10840.035,-3699.057,1955.8937,15056.407,1
54,mvdec_dekm_consistent_v1,airpollution_mvdec_dekm_consistent_v1_2b88b20cd9b6_seed_44,2b88b20cd9b6ab9268889294ab249f6a1e5fb71b3e5ee88d2e8fde10ebe63a10,-836.5566,-2373.4446,-2087.3867,11872.356,-4721.9165,2751.5688,11274.414,-3847.2837,2034.2684,15659.742,1
55,mvdec_dekm_consistent_v1,airpollution_mvdec_dekm_consistent_v1_2b88b20cd9b6_seed_44,2b88b20cd9b6ab9268889294ab249f6a1e5fb71b3e5ee88d2e8fde10ebe63a10,-868.8631,-2465.1025,-2167.9983,12330.841,-4904.2686,2857.8289,11709.809,-3995.8572,2112.8264,16264.49,1
56,mvdec_dekm_consistent_v1,airpollution_mvdec_dekm_consistent_v1_2b88b20cd9b6_seed_44,2b88b20cd9b6ab9268889294ab249f6a1e5fb71b3e5ee88d2e8fde10ebe63a10,-901.2375,-2556.9521,-2248.7778,12790.281,-5086.999,2964.3098,12146.11,-4144.74,2191.5476,16870.498,1
57,mvdec_dekm_consistent_v1,airpollution_mvdec_dekm_consistent_v1_2b88b20cd9b6_seed_44,2b88b20cd9b6ab9268889294ab249f6a1e5fb71b3e5ee88d2e8fde10ebe63a10,-933.6717,-2648.9707,-2329.7075,13250.57,-5270.068,3070.9885,12583.22,-4293.8994,2270.4155,17477.625,1
58,mvdec_dekm_consistent_v1,airpollution_mvdec_dekm_consistent_v1_2b88b20cd9b6_seed_44,2b88b20cd9b6ab9268889294ab249f6a1e5fb71b3e5ee88d2e8fde10ebe63a10,-966.15967,-2741.1433,-2410.772,13711.631,-5453.443,3177.846,13021.058,-4443.3076,2349.415,18085.77,1
59,mvdec_dekm_consistent_v1,airpollution_mvdec_dekm_consistent_v1_2b88b20cd9b6_seed_44,2b88b20cd9b6ab9268889294ab249f6a1e5fb71b3e5ee88d2e8fde10ebe63a10,-998.71497,-2833.5085,-2492.0056,14173.633,-5637.2,3284.924,13459.806,-4593.0244,2428.573,18695.166,1
60,mvdec_dekm_consistent_v1,airpollution_mvdec_dekm_consistent_v1_2b88b20cd9b6_seed_44,2b88b20cd9b6ab9268889294ab249f6a1e5fb71b3e5ee88d2e8fde10ebe63a10,-1031.2998,-2925.957,-2573.3113,14636.07,-5821.124,3392.1,13898.955,-4742.879,2507.8076,19305.125,1
61,mvdec_dekm_consistent_v1,airpollution_mvdec_dekm_consistent_v1_2b88b20cd9b6_seed_44,2b88b20cd9b6ab9268889294ab249f6a1e5fb71b3e5ee88d2e8fde10ebe63a10,-1063.9244,-3018.518,-2654.717,15099.07,-6005.2725,3499.4072,14338.641,-4892.9165,2587.1394,19915.832,1
62,mvdec_dekm_consistent_v1,airpollution_mvdec_dekm_consistent_v1_2b88b20cd9b6_seed_44,2b88b20cd9b6ab9268889294ab249f6a1e5fb71b3e5ee88d2e8fde10ebe63a10,-1096.5842,-3111.179,-2736.2112,15562.571,-6189.6187,3606.8298,14778.8,-5043.116,2666.5564,20527.195,1
63,mvdec_dekm_consistent_v1,airpollution_mvdec_dekm_consistent_v1_2b88b20cd9b6_seed_44,2b88b20cd9b6ab9268889294ab249f6a1e5fb71b3e5ee88d2e8fde10ebe63a10,-1126.1714,-3195.12,-2810.0354,15982.452,-6356.6157,3704.143,15177.534,-5179.18,2738.5005,21081.023,1
64,mvdec_dekm_consistent_v1,airpollution_mvdec_dekm_consistent_v1_2b88b20cd9b6_seed_44,2b88b20cd9b6ab9268889294ab249f6a1e5fb71b3e5ee88d2e8fde10ebe63a10,-1154.397,-3275.1995,-2880.4634,16383.018,-6515.931,3796.9797,15557.927,-5308.985,2807.134,21609.375,1
65,mvdec_dekm_consistent_v1,airpollution_mvdec_dekm_consistent_v1_2b88b20cd9b6_seed_44,2b88b20cd9b6ab9268889294ab249f6a1e5fb71b3e5ee88d2e8fde10ebe63a10,-1182.8828,-3356.0166,-2951.5413,16787.277,-6676.7144,3890.6716,15941.824,-5439.986,2876.4014,22142.596,1
66,mvdec_dekm_consistent_v1,airpollution_mvdec_dekm_consistent_v1_2b88b20cd9b6_seed_44,2b88b20cd9b6ab9268889294ab249f6a1e5fb71b3e5ee88d2e8fde10ebe63a10,-1211.6102,-3437.52,-3023.2222,17194.967,-6838.862,3985.1592,16328.982,-5572.1,2946.256,22680.34,1
67,mvdec_dekm_consistent_v1,airpollution_mvdec_dekm_consistent_v1_2b88b20cd9b6_seed_44,2b88b20cd9b6ab9268889294ab249f6a1e5fb71b3e5ee88d2e8fde10ebe63a10,-1240.5645,-3519.666,-3095.4673,17605.867,-7002.2896,4080.392,16719.191,-5705.254,3016.6611,23222.326,1
68,mvdec_dekm_consistent_v1,airpollution_mvdec_dekm_consistent_v1_2b88b20cd9b6_seed_44,2b88b20cd9b6ab9268889294ab249f6a1e5fb71b3e5ee88d2e8fde10ebe63a10,-1269.7272,-3602.4048,-3168.235,18019.74,-7166.897,4176.312,17112.22,-5839.37,3087.5752,23768.229,1
69,mvdec_dekm_consistent_v1,airpollution_mvdec_dekm_consistent_v1_2b88b20cd9b6_seed_44,2b88b20cd9b6ab9268889294ab249f6a1e5fb71b3e5ee88d2e8fde10ebe63a10,-1299.0858,-3685.6982,-3241.4907,18436.387,-7332.6074,4272.875,17507.88,-5974.386,3158.9639,24317.79,1
70,mvdec_dekm_consistent_v1,airpollution_mvdec_dekm_consistent_v1_2b88b20cd9b6_seed_44,2b88b20cd9b6ab9268889294ab249f6a1e5fb71b3e5ee88d2e8fde10ebe63a10,-708.0409,-2008.826,-1766.7122,10048.504,-3996.5186,2328.8643,9542.404,-3256.2546,1721.7657,13254.051,2
71,mvdec_dekm_consistent_v1,airpollution_mvdec_dekm_consistent_v1_2b88b20cd9b6_seed_44,2b88b20cd9b6ab9268889294ab249f6a1e5fb71b3e5ee88d2e8fde10ebe63a10,-679.8533,-1928.8544,-1696.3787,9648.478,-3837.417,2236.1523,9162.521,-3126.624,1653.2249,12726.409,2
72,mvdec_dekm_consistent_v1,airpollution_mvdec_dekm_consistent_v1_2b88b20cd9b6_seed_44,2b88b20cd9b6ab9268889294ab249f6a1e5fb71b3e5ee88d2e8fde10ebe63a10,-652.11536,-1850.1564,-1627.1659,9254.826,-3680.8506,2144.918,8788.694,-2999.0596,1585.7761,12207.177,2
73,mvdec_dekm_consistent_v1,airpollution_mvdec_dekm_consistent_v1_2b88b20cd9b6_seed_44,2b88b20cd9b6ab9268889294ab249f6a1e5fb71b3e5ee88d2e8fde10ebe63a10,-624.73364,-1772.4707,-1558.8425,8866.234,-3526.2957,2054.856,8419.67,-2873.1345,1519.1941,11694.618,2
74,mvdec_dekm_consistent_v1,airpollution_mvdec_dekm_consistent_v1_2b88b20cd9b6_seed_44,2b88b20cd9b6ab9268889294ab249f6a1e5fb71b3e5ee88d2e8fde10ebe63a10,-597.91473,-1696.3821,-1491.9246,8485.618,-3374.9207,1966.6455,8058.2314,-2749.7969,1453.9766,11192.59,2
75,mvdec_dekm_consistent_v1,airpollution_mvdec_dekm_consistent_v1_2b88b20cd9b6_seed_44,2b88b20cd9b6ab9268889294ab249f6a1e5fb71b3e5ee88d2e8fde10ebe63a10,-571.73816,-1622.116,-1426.6086,8114.1294,-3227.1711,1880.5482,7705.453,-2629.4148,1390.3246,10702.591,2
76,mvdec_dekm_consistent_v1,airpollution_mvdec_dekm_consistent_v1_2b88b20cd9b6_seed_44,2b88b20cd9b6ab9268889294ab249f6a1e5fb71b3e5ee88d2e8fde10ebe63a10,-546.29456,-1549.9308,-1363.123,7753.051,-3083.5608,1796.8633,7362.5596,-2512.4062,1328.4565,10226.326,2
77,mvdec_dekm_consistent_v1,airpollution_mvdec_dekm_consistent_v1_2b88b20cd9b6_seed_44,2b88b20cd9b6ab9268889294ab249f6a1e5fb71b3e5ee88d2e8fde10ebe63a10,-521.711,-1480.1843,-1301.7821,7404.1714,-2944.8027,1716.0054,7031.2515,-2399.3508,1268.6783,9766.149,2
78,mvdec_dekm_consistent_v1,airpollution_mvdec_dekm_consistent_v1_2b88b20cd9b6_seed_44,2b88b20cd9b6ab9268889294ab249f6a1e5fb71b3e5ee88d2e8fde10ebe63a10,-498.12335,-1413.2642,-1242.9265,7069.429,-2811.6672,1638.424,6713.3667,-2290.8757,1211.3226,9324.618,2
79,mvdec_dekm_consistent_v1,airpollution_mvdec_dekm_consistent_v1_2b88b20cd9b6_seed_44,2b88b20cd9b6ab9268889294ab249f6a1e5fb71b3e5ee88d2e8fde10ebe63a10,-475.6394,-1349.476,-1186.8256,6750.3525,-2684.7622,1564.4736,6410.3594,-2187.478,1156.6515,8903.754,2
80,mvdec_dekm_consistent_v1,airpollution_mvdec_dekm_consistent_v1_2b88b20cd9b6_seed_44,2b88b20cd9b6ab9268889294ab249f6a1e5fb71b3e5ee88d2e8fde10ebe63a10,-451.21313,-1280.1753,-1125.877,6403.706,-2546.891,1484.1332,6081.17,-2075.1458,1097.2566,8446.5205,2
81,mvdec_dekm_consistent_v1,airpollution_mvdec_dekm_consistent_v1_2b88b20cd9b6_seed_44,2b88b20cd9b6ab9268889294ab249f6a1e5fb71b3e5ee88d2e8fde10ebe63a10,-425.7202,-1207.8486,-1062.2667,6041.9214,-2402.9988,1400.2843,5737.6025,-1957.9073,1035.268,7969.3213,0
82,mvdec_dekm_consistent_v1,airpollution_mvdec_dekm_consistent_v1_2b88b20cd9b6_seed_44,2b88b20cd9b6ab9268889294ab249f6a1e5fb71b3e5ee88d2e8fde10ebe63a10,-400.5575,-1136.4576,-999.4801,5684.819,-2260.969,1317.5203,5398.482,-1842.186,974.0813,7498.297,0
83,mvdec_dekm_consistent_v1,airpollution_mvdec_dekm_consistent_v1_2b88b20cd9b6_seed_44,2b88b20cd9b6ab9268889294ab249f6a1e5fb71b3e5ee88d2e8fde10ebe63a10,-371.12433,-1052.9513,-926.0377,5267.1147,-2094.8352,1220.7109,5001.811,-1706.8265,902.51135,6947.337,0
84,mvdec_dekm_consistent_v1,airpollution_mvdec_dekm_consistent_v1_2b88b20cd9b6_seed_44,2b88b20cd9b6ab9268889294ab249f6a1e5fb71b3e5ee88d2e8fde10ebe63a10,-338.30286,-959.8317,-844.1411,4801.3228,-1909.5767,1112.7571,4559.4746,-1555.8844,822.7019,6332.95,0
85,mvdec_dekm_consistent_v1,airpollution_mvdec_dekm_consistent_v1_2b88b20cd9b6_seed_44,2b88b20cd9b6ab9268889294ab249f6a1e5fb71b3e5ee88d2e8fde10ebe63a10,-305.5716,-866.968,-762.46936,4336.8115,-1724.8269,1005.0998,4118.354,-1405.3569,743.1115,5720.2524,0
86,mvdec_dekm_consistent_v1,airpollution_mvdec_dekm_consistent_v1_2b88b20cd9b6_seed_44,2b88b20cd9b6ab9268889294ab249f6a1e5fb71b3e5ee88d2e8fde10ebe63a10,-272.96277,-774.4521,-681.10333,3874.0388,-1540.7693,897.8454,3678.885,-1255.3933,663.8194,5109.8477,0
87,mvdec_dekm_consistent_v1,airpollution_mvdec_dekm_consistent_v1_2b88b20cd9b6_seed_44,2b88b20cd9b6ab9268889294ab249f6a1e5fb71b3e5ee88d2e8fde10ebe63a10,-240.52551,-682.4229,-600.1653,3413.701,-1357.6798,791.15533,3241.728,-1106.2183,584.94403,4502.6543,0
88,mvdec_dekm_consistent_v1,airpollution_mvdec_dekm_consistent_v1_2b88b20cd9b6_seed_44,2b88b20cd9b6ab9268889294ab249f6a1e5fb71b3e5ee88d2e8fde10ebe63a10,-208.34,-591.1081,-519.85565,2956.9365,-1176.0115,685.2935,2807.9648,-958.2014,506.68137,3900.1748,0
89,mvdec_dekm_consistent_v1,airpollution_mvdec_dekm_consistent_v1_2b88b20cd9b6_seed_44,2b88b20cd9b6ab9268889294ab249f6a1e5fb71b3e5ee88d2e8fde10ebe63a10,-176.54276,-500.89407,-440.51498,2505.6824,-996.5343,580.7085,2379.4326,-811.9699,429.3632,3304.962,3
90,mvdec_dekm_consistent_v1,airpollution_mvdec_dekm_consistent_v1_2b88b20cd9b6_seed_44,2b88b20cd9b6ab9268889294ab249f6a1e5fb71b3e5ee88d2e8fde10ebe63a10,-145.39021,-412.51004,-362.78323,2063.58,-820.69617,478.24442,1959.5916,-668.70386,353.6133,2721.821,3
91,mvdec_dekm_consistent_v1,airpollution_mvdec_dekm_consistent_v1_2b88b20cd9b6_seed_44,2b88b20cd9b6ab9268889294ab249f6a1e5fb71b3e5ee88d2e8fde10ebe63a10,-115.410614,-327.45255,-287.9774,1638.1184,-651.4784,379.6375,1555.5543,-530.831,280.71393,2160.6294,3
92,mvdec_dekm_consistent_v1,airpollution_mvdec_dekm_consistent_v1_2b88b20cd9b6_seed_44,2b88b20cd9b6ab9268889294ab249f6a1e5fb71b3e5ee88d2e8fde10ebe63a10,-82.91894,-235.26877,-206.90356,1176.9906,-468.0807,272.7673,1117.6578,-381.403,201.70123,1552.4031,3
93,mvdec_dekm_consistent_v1,airpollution_mvdec_dekm_consistent_v1_2b88b20cd9b6_seed_44,2b88b20cd9b6ab9268889294ab249f6a1e5fb71b3e5ee88d2e8fde10ebe63a10,-49.692524,-141.00075,-123.997665,705.4571,-280.5392,163.48277,669.87024,-228.60066,120.908394,930.4439,3
94,mvdec_dekm_consistent_v1,airpollution_mvdec_dekm_consistent_v1_2b88b20cd9b6_seed_44,2b88b20cd9b6ab9268889294ab249f6a1e5fb71b3e5ee88d2e8fde10ebe63a10,-16.508013,-46.85277,-41.195343,234.51492,-93.23414,54.33555,222.64717,-75.99033,40.215546,309.26657,3
95,mvdec_dekm_consistent_v1,airpollution_mvdec_dekm_consistent_v1_2b88b20cd9b6_seed_44,2b88b20cd9b6ab9268889294ab249f6a1e5fb71b3e5ee88d2e8fde10ebe63a10,-16.70278,-47.405727,-41.682053,237.28241,-94.3352,54.97701,225.27574,-76.887344,40.69,312.91733,3
96,mvdec_dekm_consistent_v1,airpollution_mvdec_dekm_consistent_v1_2b88b20cd9b6_seed_44,2b88b20cd9b6ab9268889294ab249f6a1e5fb71b3e5ee88d2e8fde10ebe63a10,-49.873356,-141.51727,-124.450676,708.0333,-281.56543,164.08018,672.3211,-229.43628,121.34926,933.845,3
97,mvdec_dekm_consistent_v1,airpollution_mvdec_dekm_consistent_v1_2b88b20cd9b6_seed_44,2b88b20cd9b6ab9268889294ab249f6a1e5fb71b3e5ee88d2e8fde10ebe63a10,-62.466156,-177.24568,-155.872,886.7448,-352.64603,205.49971,842.0364,-287.3493,151.9688,1169.57,3
98,mvdec_dekm_consistent_v1,airpollution_mvdec_dekm_consistent_v1_2b88b20cd9b6_seed_44,2b88b20cd9b6ab9268889294ab249f6a1e5fb71b3e5ee88d2e8fde10ebe63a10,-71.44716,-202.72688,-178.28198,1014.2041,-403.34033,235.04012,963.0774,-328.65317,173.80786,1337.6909,3
99,mvdec_dekm_consistent_v1,airpollution_mvdec_dekm_consistent_v1_2b88b20cd9b6_seed_44,2b88b20cd9b6ab9268889294ab249f6a1e5fb71b3e5ee88d2e8fde10ebe63a10,-92.28256,-261.8409,-230.27077,1309.8951,-520.945,303.57068,1243.8785,-424.4733,224.47174,1727.7122,3
100,mvdec_dekm_consistent_v1,airpollution_mvdec_dekm_consistent_v1_2b88b20cd9b6_seed_44,2b88b20cd9b6ab9268889294ab249f6a1e5fb71b3e5ee88d2e8fde10ebe63a10,-118.894424,-337.3425,-296.6729,1687.5629,-671.15326,391.10025,1602.5264,-546.858,289.1822,2225.8604,3
101,mvdec_dekm_consistent_v1,airpollution_mvdec_dekm_consistent_v1_2b88b20cd9b6_seed_44,2b88b20cd9b6ab9268889294ab249f6a1e5fb71b3e5ee88d2e8fde10ebe63a10,-148.20099,-420.4891,-369.79916,2103.4783,-836.5721,487.49423,1997.4939,-681.6363,360.4467,2774.456,3
102,mvdec_dekm_consistent_v1,airpollution_mvdec_dekm_consistent_v1_2b88b20cd9b6_seed_44,2b88b20cd9b6ab9268889294ab249f6a1e5fb71b3e5ee88d2e8fde10ebe63a10,-169.29678,-480.34036,-422.43723,2402.8618,-955.6441,556.88025,2281.7993,-778.65247,411.74408,3169.3464,3
103,mvdec_dekm_consistent_v1,airpollution_mvdec_dekm_consistent_v1_2b88b20cd9b6_seed_44,2b88b20cd9b6ab9268889294ab249f6a1e5fb71b3e5ee88d2e8fde10ebe63a10,-190.42911,-540.29474,-475.16617,2702.761,-1074.9214,626.38605,2566.5947,-875.8359,463.1298,3564.917,0
104,mvdec_dekm_consistent_v1,airpollution_mvdec_dekm_consistent_v1_2b88b20cd9b6_seed_44,2b88b20cd9b6ab9268889294ab249f6a1e5fb71b3e5ee88d2e8fde10ebe63a10,-214.52043,-608.6441,-535.27826,3044.6475,-1210.899,705.62274,2891.264,-986.62585,521.70905,4015.8699,0
105,mvdec_dekm_consistent_v1,airpollution_mvdec_dekm_consistent_v1_2b88b20cd9b6_seed_44,2b88b20cd9b6ab9268889294ab249f6a1e5fb71b3e5ee88d2e8fde10ebe63a10,-240.69489,-682.9035,-600.58813,3416.1013,-1358.6357,791.71234,3244.0103,-1106.997,585.35516,4505.8223,0
106,mvdec_dekm_consistent_v1,airpollution_mvdec_dekm_consistent_v1_2b88b20cd9b6_seed_44,2b88b20cd9b6ab9268889294ab249f6a1e5fb71b3e5ee88d2e8fde10ebe63a10,-268.3721,-761.42737,-669.64825,3808.8867,-1514.8564,882.7456,3617.0137,-1234.2803,652.656,5023.9106,0
107,mvdec_dekm_consistent_v1,airpollution_mvdec_dekm_consistent_v1_2b88b20cd9b6_seed_44,2b88b20cd9b6ab9268889294ab249f6a1e5fb71b3e5ee88d2e8fde10ebe63a10,-296.7071,-841.81714,-740.34973,4211.0054,-1674.7899,975.94226,3998.8813,-1364.5886,721.556,5554.311,0
108,mvdec_dekm_consistent_v1,airpollution_mvdec_dekm_consistent_v1_2b88b20cd9b6_seed_44,2b88b20cd9b6ab9268889294ab249f6a1e5fb71b3e5ee88d2e8fde10ebe63a10,-325.26685,-922.84454,-811.61163,4616.314,-1835.9915,1069.878,4383.7783,-1495.9305,791.0027,6088.9185,0
109,mvdec_dekm_consistent_v1,airpollution_mvdec_dekm_consistent_v1_2b88b20cd9b6_seed_44,2b88b20cd9b6ab9268889294ab249f6a1e5fb71b3e5ee88d2e8fde10ebe63a10,-354.5543,-1005.93634,-884.6894,5031.949,-2001.2998,1166.207,4778.48,-1630.6183,862.2186,6637.145,0
110,mvdec_dekm_consistent_v1,airpollution_mvdec_dekm_consistent_v1_2b88b20cd9b6_seed_44,2b88b20cd9b6ab9268889294ab249f6a1e5fb71b3e5ee88d2e8fde10ebe63a10,-384.45557,-1090.7698,-959.2991,5456.297,-2170.0737,1264.5553,5181.457,-1768.13,934.9277,7196.865,0
111,mvdec_dekm_consistent_v1,airpollution_mvdec_dekm_consistent_v1_2b88b20cd9b6_seed_44,2b88b20cd9b6ab9268889294ab249f6a1e5fb71b3e5ee88d2e8fde10ebe63a10,-414.8307,-1176.948,-1035.0911,5887.37,-2341.5222,1364.4623,5590.8193,-1907.8202,1008.78876,7765.4546,0
112,mvdec_dekm_consistent_v1,airpollution_mvdec_dekm_consistent_v1_2b88b20cd9b6_seed_44,2b88b20cd9b6ab9268889294ab249f6a1e5fb71b3e5ee88d2e8fde10ebe63a10,-445.57886,-1264.1819,-1111.8132,6323.713,-2515.0715,1465.5931,6005.196,-2049.2212,1083.5511,8341.003,0
113,mvdec_dekm_consistent_v1,airpollution_mvdec_dekm_consistent_v1_2b88b20cd9b6_seed_44,2b88b20cd9b6ab9268889294ab249f6a1e5fb71b3e5ee88d2e8fde10ebe63a10,-476.63763,-1352.3013,-1189.3123,6764.492,-2690.3823,1567.7501,6423.7793,-2192.0586,1159.0753,8922.399,2
114,mvdec_dekm_consistent_v1,airpollution_mvdec_dekm_consistent_v1_2b88b20cd9b6_seed_44,2b88b20cd9b6ab9268889294ab249f6a1e5fb71b3e5ee88d2e8fde10ebe63a10,-507.9724,-1441.2028,-1267.4991,7209.184,-2867.2493,1670.8142,6846.078,-2336.1628,1235.2694,9508.955,2
115,mvdec_dekm_consistent_v1,airpollution_mvdec_dekm_consistent_v1_2b88b20cd9b6_seed_44,2b88b20cd9b6ab9268889294ab249f6a1e5fb71b3e5ee88d2e8fde10ebe63a10,-539.5348,-1530.7491,-1346.2535,7657.1025,-3045.3994,1774.6257,7271.442,-2481.3135,1312.0166,10099.768,2
116,mvdec_dekm_consistent_v1,airpollution_mvdec_dekm_consistent_v1_2b88b20cd9b6_seed_44,2b88b20cd9b6ab9268889294ab249f6a1e5fb71b3e5ee88d2e8fde10ebe63a10,-571.28625,-1620.8337,-1425.4812,8107.714,-3224.6199,1879.0618,7699.3623,-2627.3364,1389.2249,10694.131,2
117,mvdec_dekm_consistent_v1,airpollution_mvdec_dekm_consistent_v1_2b88b20cd9b6_seed_44,2b88b20cd9b6ab9268889294ab249f6a1e5fb71b3e5ee88d2e8fde10ebe63a10,-603.17126,-1711.2965,-1505.041,8560.217,-3404.5925,1983.9349,8129.076,-2773.9712,1466.7576,11290.985,2
118,mvdec_dekm_consistent_v1,airpollution_mvdec_dekm_consistent_v1_2b88b20cd9b6_seed_44,2b88b20cd9b6ab9268889294ab249f6a1e5fb71b3e5ee88d2e8fde10ebe63a10,-635.17847,-1802.1057,-1584.9058,9014.453,-3585.2546,2089.211,8560.4375,-2921.1692,1544.5874,11890.13,2
119,mvdec_dekm_consistent_v1,airpollution_mvdec_dekm_consistent_v1_2b88b20cd9b6_seed_44,2b88b20cd9b6ab9268889294ab249f6a1e5fb71b3e5ee88d2e8fde10ebe63a10,-667.30493,-1893.2538,-1665.0685,9470.385,-3766.5913,2194.8796,8993.41,-3068.9163,1622.7078,12491.511,2
120,mvdec_dekm_consistent_v1,airpollution_mvdec_dekm_consistent_v1_2b88b20cd9b6_seed_44,2b88b20cd9b6ab9268889294ab249f6a1e5fb71b3e5ee88d2e8fde10ebe63a10,-699.5349,-1984.6938,-1745.4885,9927.779,-3948.5095,2300.8872,9427.77,-3217.1367,1701.0791,13094.823,2
121,mvdec_dekm_consistent_v1,airpollution_mvdec_dekm_consistent_v1_2b88b20cd9b6_seed_44,2b88b20cd9b6ab9268889294ab249f6a1e5fb71b3e5ee88d2e8fde10ebe63a10,-731.8534,-2076.3872,-1826.1309,10386.438,-4130.9297,2407.188,9863.331,-3365.7668,1779.667,13699.798,2
122,mvdec_dekm_consistent_v1,airpollution_mvdec_dekm_consistent_v1_2b88b20cd9b6_seed_44,2b88b20cd9b6ab9268889294ab249f6a1e5fb71b3e5ee88d2e8fde10ebe63a10,-764.2506,-2168.302,-1906.9681,10846.207,-4313.7915,2513.7454,10299.944,-3514.7563,1858.4451,14306.24,2
123,mvdec_dekm_consistent_v1,airpollution_mvdec_dekm_consistent_v1_2b88b20cd9b6_seed_44,2b88b20cd9b6ab9268889294ab249f6a1e5fb71b3e5ee88d2e8fde10ebe63a10,-796.7174,-2260.413,-1987.9784,11306.956,-4497.0435,2620.5303,10737.488,-3664.0642,1937.3911,14913.974,1
124,mvdec_dekm_consistent_v1,airpollution_mvdec_dekm_consistent_v1_2b88b20cd9b6_seed_44,2b88b20cd9b6ab9268889294ab249f6a1e5fb71b3e5ee88d2e8fde10ebe63a10,-829.2446,-2352.6958,-2069.1401,11768.568,-4680.6387,2727.5154,11175.854,-3813.651,2016.4845,15522.847,1
125,mvdec_dekm_consistent_v1,airpollution_mvdec_dekm_consistent_v1_2b88b20cd9b6_seed_44,2b88b20cd9b6ab9268889294ab249f6a1e5fb71b3e5ee88d2e8fde10ebe63a10,-861.8262,-2445.134,-2150.4373,12230.952,-4864.541,2834.6794,11614.952,-3963.4888,2095.7112,16132.736,1
126,mvdec_dekm_consistent_v1,airpollution_mvdec_dekm_consistent_v1_2b88b20cd9b6_seed_44,2b88b20cd9b6ab9268889294ab249f6a1e5fb71b3e5ee88d2e8fde10ebe63a10,-894.4553,-2537.7078,-2231.8542,12694.019,-5048.7144,2942.0012,12054.697,-4113.547,2175.0535,16743.525,1
127,mvdec_dekm_consistent_v1,airpollution_mvdec_dekm_consistent_v1_2b88b20cd9b6_seed_44,2b88b20cd9b6ab9268889294ab249f6a1e5fb71b3e5ee88d2e8fde10ebe63a10,-927.12744,-2630.4028,-2313.3774,13157.688,-5233.128,3049.4634,12495.018,-4263.801,2254.5002,17355.115,1
128,mvdec_dekm_consistent_v1,airpollution_mvdec_dekm_consistent_v1_2b88b20cd9b6_seed_44,2b88b20cd9b6ab9268889294ab249f6a1e5fb71b3e5ee88d2e8fde10ebe63a10,-959.8379,-2723.206,-2394.996,13621.901,-5417.757,3157.0503,12935.851,-4414.231,2334.04,17967.42,1
129,mvdec_dekm_consistent_v1,airpollution_mvdec_dekm_consistent_v1_2b88b20cd9b6_seed_44,2b88b20cd9b6ab9268889294ab249f6a1e5fb71b3e5ee88d2e8fde10ebe63a10,-992.583,-2816.108,-2476.7017,14086.606,-5602.5815,3264.752,13377.151,-4564.82,2413.6633,18580.37,1
130,mvdec_dekm_consistent_v1,airpollution_mvdec_dekm_consistent_v1_2b88b20cd9b6_seed_44,2b88b20cd9b6ab9268889294ab249f6a1e5fb71b3e5ee88d2e8fde10ebe63a10,-1024.4323,-2906.468,-2556.1719,14538.599,-5782.35,3369.5076,13806.38,-4711.289,2491.109,19176.549,1
131,mvdec_dekm_consistent_v1,airpollution_mvdec_dekm_consistent_v1_2b88b20cd9b6_seed_44,2b88b20cd9b6ab9268889294ab249f6a1e5fb71b3e5ee88d2e8fde10ebe63a10,-1052.2383,-2985.3562,-2625.5527,14933.206,-5939.296,3460.963,14181.114,-4839.164,2558.7224,19697.043,1
132,mvdec_dekm_consistent_v1,airpollution_mvdec_dekm_consistent_v1_2b88b20cd9b6_seed_44,2b88b20cd9b6ab9268889294ab249f6a1e5fb71b3e5ee88d2e8fde10ebe63a10,-1080.3611,-3065.1428,-2695.7244,15332.3,-6098.0283,3553.46,14560.115,-4968.4927,2627.102,20223.457,1
133,mvdec_dekm_consistent_v1,airpollution_mvdec_dekm_consistent_v1_2b88b20cd9b6_seed_44,2b88b20cd9b6ab9268889294ab249f6a1e5fb71b3e5ee88d2e8fde10ebe63a10,-1108.7606,-3145.7153,-2766.5864,15735.328,-6258.3257,3646.8687,14942.85,-5099.097,2696.158,20755.057,1
134,mvdec_dekm_consistent_v1,airpollution_mvdec_dekm_consistent_v1_2b88b20cd9b6_seed_44,2b88b20cd9b6ab9268889294ab249f6a1e5fb71b3e5ee88d2e8fde10ebe63a10,-1137.4218,-3227.0305,-2838.1023,16142.074,-6420.099,3741.138,15329.113,-5230.9053,2765.8506,21291.56,1
135,mvdec_dekm_consistent_v1,airpollution_mvdec_dekm_consistent_v1_2b88b20cd9b6_seed_44,2b88b20cd9b6ab9268889294ab249f6a1e5fb71b3e5ee88d2e8fde10ebe63a10,-1166.3262,-3309.0378,-2910.2253,16552.277,-6583.25,3836.2085,15718.661,-5363.8345,2836.1357,21832.63,1
136,mvdec_dekm_consistent_v1,airpollution_mvdec_dekm_consistent_v1_2b88b20cd9b6_seed_44,2b88b20cd9b6ab9268889294ab249f6a1e5fb71b3e5ee88d2e8fde10ebe63a10,-1195.4558,-3391.6826,-2982.9106,16965.678,-6747.6704,3932.0195,16111.243,-5497.799,2906.968,22377.91,1
137,mvdec_dekm_consistent_v1,airpollution_mvdec_dekm_consistent_v1_2b88b20cd9b6_seed_44,2b88b20cd9b6ab9268889294ab249f6a1e5fb71b3e5ee88d2e8fde10ebe63a10,-1224.7943,-3474.921,-3056.1162,17382.041,-6913.27,4028.5188,16506.64,-5632.723,2978.3088,22927.1,1
138,mvdec_dekm_consistent_v1,airpollution_mvdec_dekm_consistent_v1_2b88b20cd9b6_seed_44,2b88b20cd9b6ab9268889294ab249f6a1e5fb71b3e5ee88d2e8fde10ebe63a10,-1254.3262,-3558.7073,-3129.8057,17801.152,-7079.9614,4125.653,16904.643,-5768.537,3050.1196,23479.912,1
139,mvdec_dekm_consistent_v1,airpollution_mvdec_dekm_consistent_v1_2b88b20cd9b6_seed_44,2b88b20cd9b6ab9268889294ab249f6a1e5fb71b3e5ee88d2e8fde10ebe63a10,-1284.0388,-3643.006,-3203.9438,18222.818,-7247.6704,4223.38,17305.08,-5905.1807,3122.369,24036.098,1
140,mvdec_dekm_consistent_v1,airpollution_mvdec_dekm_consistent_v1_2b88b20cd9b6_seed_44,2b88b20cd9b6ab9268889294ab249f6a1e5fb71b3e5ee88d2e8fde10ebe63a10,-681.3046,-1932.9716,-1699.9998,9669.059,-3845.608,2240.9248,9182.076,-3133.2964,1656.7491,12753.564,2
141,mvdec_dekm_consistent_v1,airpollution_mvdec_dekm_consistent_v1_2b88b20cd9b6_seed_44,2b88b20cd9b6ab9268889294ab249f6a1e5fb71b3e5ee88d2e8fde10ebe63a10,-662.48645,-1879.5819,-1653.0447,9401.998,-3739.3914,2179.0298,8928.466,-3046.7544,1610.991,12401.309,2
142,mvdec_dekm_consistent_v1,airpollution_mvdec_dekm_consistent_v1_2b88b20cd9b6_seed_44,2b88b20cd9b6ab9268889294ab249f6a1e5fb71b3e5ee88d2e8fde10ebe63a10,-634.0161,-1798.8079,-1582.006,8997.963,-3578.6943,2085.3884,8544.775,-2915.8242,1541.7626,11868.378,2
143,mvdec_dekm_consistent_v1,airpollution_mvdec_dekm_consistent_v1_2b88b20cd9b6_seed_44,2b88b20cd9b6ab9268889294ab249f6a1e5fb71b3e5ee88d2e8fde10ebe63a10,-606.03156,-1719.4124,-1512.1785,8600.816,-3420.7393,1993.3441,8167.6294,-2787.1274,1473.7146,11344.535,2
144,mvdec_dekm_consistent_v1,airpollution_mvdec_dekm_consistent_v1_2b88b20cd9b6_seed_44,2b88b20cd9b6ab9268889294ab249f6a1e5fb71b3e5ee88d2e8fde10ebe63a10,-578.4783,-1641.2395,-1443.4272,8209.789,-3265.2166,1902.718,7796.294,-2660.4136,1406.7155,10828.767,2
145,mvdec_dekm_consistent_v1,airpollution_mvdec_dekm_consistent_v1_2b88b20cd9b6_seed_44,2b88b20cd9b6ab9268889294ab249f6a1e5fb71b3e5ee88d2e8fde10ebe63a10,-551.3978,-1564.4094,-1375.8558,7825.477,-3112.3647,1813.6481,7431.3345,-2535.8755,1340.8663,10321.8545,2
146,mvdec_dekm_consistent_v1,airpollution_mvdec_dekm_consistent_v1_2b88b20cd9b6_seed_44,2b88b20cd9b6ab9268889294ab249f6a1e5fb71b3e5ee88d2e8fde10ebe63a10,-525.01746,-1489.5646,-1310.0312,7451.0967,-2963.4639,1726.8802,7075.809,-2414.5557,1276.7196,9828.042,2
147,mvdec_dekm_consistent_v1,airpollution_mvdec_dekm_consistent_v1_2b88b20cd9b6_seed_44,2b88b20cd9b6ab9268889294ab249f6a1e5fb71b3e5ee88d2e8fde10ebe63a10,-499.4032,-1416.8932,-1246.1178,7087.589,-2818.8865,1642.6318,6730.6055,-2296.7588,1214.4354,9348.566,2
148,mvdec_dekm_consistent_v1,airpollution_mvdec_dekm_consistent_v1_2b88b20cd9b6_seed_44,2b88b20cd9b6ab9268889294ab249f6a1e5fb71b3e5ee88d2e8fde10ebe63a10,-474.7183,-1346.8589,-1184.5239,6737.27,-2679.555,1561.4402,6397.9277,-2183.2363,1154.4115,8886.491,2
149,mvdec_dekm_consistent_v1,airpollution_mvdec_dekm_consistent_v1_2b88b20cd9b6_seed_44,2b88b20cd9b6ab9268889294ab249f6a1e5fb71b3e5ee88d2e8fde10ebe63a10,-451.118,-1279.9021,-1125.6366,6402.349,-2546.3464,1483.8169,6079.871,-2074.7031,1097.0253,8444.723,2
150,mvdec_dekm_consistent_v1,airpollution_mvdec_dekm_consistent_v1_2b88b20cd9b6_seed_44,2b88b20cd9b6ab9268889294ab249f6a1e5fb71b3e5ee88d2e8fde10ebe63a10,-428.7366,-1216.402,-1069.7894,6084.717,-2420.015,1410.201,5778.232,-1971.7727,1042.6017,8025.761,0
151,mvdec_dekm_consistent_v1,airpollution_mvdec_dekm_consistent_v1_2b88b20cd9b6_seed_44,2b88b20cd9b6ab9268889294ab249f6a1e5fb71b3e5ee88d2e8fde10ebe63a10,-404.40924,-1147.3821,-1009.0879,5739.4727,-2282.7017,1330.1858,5450.3755,-1859.8945,983.44745,7570.3804,0
152,mvdec_dekm_consistent_v1,airpollution_mvdec_dekm_consistent_v1_2b88b20cd9b6_seed_44,2b88b20cd9b6ab9268889294ab249f6a1e5fb71b3e5ee88d2e8fde10ebe63a10,-378.95407,-1075.1614,-945.57117,5378.221,-2139.0212,1246.4603,5107.313,-1742.829,921.55023,7093.883,0
153,mvdec_dekm_consistent_v1,airpollution_mvdec_dekm_consistent_v1_2b88b20cd9b6_seed_44,2b88b20cd9b6ab9268889294ab249f6a1e5fb71b3e5ee88d2e8fde10ebe63a10,-353.60944,-1003.2541,-882.33075,5018.5254,-1995.9635,1163.0973,4765.7363,-1626.2693,859.9177,6619.4424,0
154,mvdec_dekm_consistent_v1,airpollution_mvdec_dekm_consistent_v1_2b88b20cd9b6_seed_44,2b88b20cd9b6ab9268889294ab249f6a1e5fb71b3e5ee88d2e8fde10ebe63a10,-327.88373,-930.26697,-818.14014,4653.4355,-1850.7577,1078.4827,4419.033,-1507.9606,797.3622,6137.8843,0
155,mvdec_dekm_consistent_v1,airpollution_mvdec_dekm_consistent_v1_2b88b20cd9b6_seed_44,2b88b20cd9b6ab9268889294ab249f6a1e5fb71b3e5ee88d2e8fde10ebe63a10,-299.87817,-850.8106,-748.26013,4255.985,-1692.6816,986.3685,4041.5999,-1379.1659,729.26215,5613.6436,0
156,mvdec_dekm_consistent_v1,airpollution_mvdec_dekm_consistent_v1_2b88b20cd9b6_seed_44,2b88b20cd9b6ab9268889294ab249f6a1e5fb71b3e5ee88d2e8fde10ebe63a10,-273.02844,-774.6342,-681.26465,3874.9429,-1541.131,898.05676,3679.7463,-1255.6871,663.973,5111.043,0
157,mvdec_dekm_consistent_v1,airpollution_mvdec_dekm_consistent_v1_2b88b20cd9b6_seed_44,2b88b20cd9b6ab9268889294ab249f6a1e5fb71b3e5ee88d2e8fde10ebe63a10,-247.56924,-702.40295,-617.7387,3513.633,-1397.4294,814.3186,3336.6343,-1138.6038,602.0655,4634.4727,0
158,mvdec_dekm_consistent_v1,airpollution_mvdec_dekm_consistent_v1_2b88b20cd9b6_seed_44,2b88b20cd9b6ab9268889294ab249f6a1e5fb71b3e5ee88d2e8fde10ebe63a10,-217.21773,-616.29254,-542.00586,3082.8984,-1226.1151,714.48987,2927.592,-999.0223,528.2622,4066.3271,0
159,mvdec_dekm_consistent_v1,airpollution_mvdec_dekm_consistent_v1_2b88b20cd9b6_seed_44,2b88b20cd9b6ab9268889294ab249f6a1e5fb71b3e5ee88d2e8fde10ebe63a10,-183.98755,-522.0151,-459.09045,2611.3137,-1038.5532,605.19336,2479.7563,-846.20337,447.45987,3444.3003,0
160,mvdec_dekm_consistent_v1,airpollution_mvdec_dekm_consistent_v1_2b88b20cd9b6_seed_44,2b88b20cd9b6ab9268889294ab249f6a1e5fb71b3e5ee88d2e8fde10ebe63a10,-150.75932,-427.74313,-376.1798,2139.7566,-851.00195,495.90308,2031.946,-693.393,366.66235,2822.3096,3
161,mvdec_dekm_consistent_v1,airpollution_mvdec_dekm_consistent_v1_2b88b20cd9b6_seed_44,2b88b20cd9b6ab9268889294ab249f6a1e5fb71b3e5ee88d2e8fde10ebe63a10,-117.534935,-333.48178,-293.27844,1668.2527,-663.4719,386.62506,1584.1862,-540.5999,285.8739,2200.3884,3
162,mvdec_dekm_consistent_v1,airpollution_mvdec_dekm_consistent_v1_2b88b20cd9b6_seed_44,2b88b20cd9b6ab9268889294ab249f6a1e5fb71b3e5ee88d2e8fde10ebe63a10,-84.31915,-239.24448,-210.39842,1196.8698,-475.98978,277.37518,1136.5411,-387.84598,205.1063,1578.6274,3
163,mvdec_dekm_consistent_v1,airpollution_mvdec_dekm_consistent_v1_2b88b20cd9b6_seed_44,2b88b20cd9b6ab9268889294ab249f6a1e5fb71b3e5ee88d2e8fde10ebe63a10,-51.10503,-145.02481,-127.53436,725.61096,-288.54398,168.14856,689.0038,-235.1261,124.366646,957.01904,3
164,mvdec_dekm_consistent_v1,airpollution_mvdec_dekm_consistent_v1_2b88b20cd9b6_seed_44,2b88b20cd9b6ab9268889294ab249f6a1e5fb71b3e5ee88d2e8fde10ebe63a10,-18.110783,-51.401966,-45.194847,257.26694,-102.28371,59.608555,244.25467,-83.36321,44.11338,339.27704,3
165,mvdec_dekm_consistent_v1,airpollution_mvdec_dekm_consistent_v1_2b88b20cd9b6_seed_44,2b88b20cd9b6ab9268889294ab249f6a1e5fb71b3e5ee88d2e8fde10ebe63a10,-15.342122,-43.547302,-38.286438,217.97711,-86.657196,50.502487,206.94366,-70.631134,37.38141,287.45334,3
166,mvdec_dekm_consistent_v1,airpollution_mvdec_dekm_consistent_v1_2b88b20cd9b6_seed_44,2b88b20cd9b6ab9268889294ab249f6a1e5fb71b3e5ee88d2e8fde10ebe63a10,-28.074684,-79.67177,-70.057526,398.67783,-158.52629,92.3823,378.5435,-129.18773,68.343376,525.799,3
167,mvdec_dekm_consistent_v1,airpollution_mvdec_dekm_consistent_v1_2b88b20cd9b6_seed_44,2b88b20cd9b6ab9268889294ab249f6a1e5fb71b3e5ee88d2e8fde10ebe63a10,-29.245567,-82.99456,-72.97891,415.2959,-165.13599,96.23375,394.32538,-134.57286,71.190315,547.7186,3
168,mvdec_dekm_consistent_v1,airpollution_mvdec_dekm_consistent_v1_2b88b20cd9b6_seed_44,2b88b20cd9b6ab9268889294ab249f6a1e5fb71b3e5ee88d2e8fde10ebe63a10,-45.353855,-128.69502,-113.172775,643.902,-256.05743,149.2159,611.41595,-208.65308,110.36134,849.25134,3
169,mvdec_dekm_consistent_v1,airpollution_mvdec_dekm_consistent_v1_2b88b20cd9b6_seed_44,2b88b20cd9b6ab9268889294ab249f6a1e5fb71b3e5ee88d2e8fde10ebe63a10,-73.94133,-209.80225,-184.50377,1049.603,-417.416,243.2429,996.6873,-340.12234,179.87425,1384.3773,3
170,mvdec_dekm_consistent_v1,airpollution_mvdec_dekm_consistent_v1_2b88b20cd9b6_seed_44,2b88b20cd9b6ab9268889294ab249f6a1e5fb71b3e5ee88d2e8fde10ebe63a10,-105.28896,-298.73877,-262.72256,1494.4775,-594.35333,346.34848,1419.1556,-484.28543,256.1008,1971.1714,3
171,mvdec_dekm_consistent_v1,airpollution_mvdec_dekm_consistent_v1_2b88b20cd9b6_seed_44,2b88b20cd9b6ab9268889294ab249f6a1e5fb71b3e5ee88d2e8fde10ebe63a10,-123.15765,-349.4342,-307.3086,1748.0693,-695.21155,405.1216,1659.9738,-566.462,299.5525,2305.6597,3
172,mvdec_dekm_consistent_v1,airpollution_mvdec_dekm_consistent_v1_2b88b20cd9b6_seed_44,2b88b20cd9b6ab9268889294ab249f6a1e5fb71b3e5ee88d2e8fde10ebe63a10,-143.44395,-406.98837,-357.9264,2035.9568,-809.7124,471.84332,1933.363,-659.7534,348.87967,2685.3884,3
173,mvdec_dekm_consistent_v1,airpollution_mvdec_dekm_consistent_v1_2b88b20cd9b6_seed_44,2b88b20cd9b6ab9268889294ab249f6a1e5fb71b3e5ee88d2e8fde10ebe63a10,-167.67435,-475.73276,-418.38635,2379.8318,-946.4785,551.5407,2259.9175,-771.18646,407.8006,3138.9607,3
174,mvdec_dekm_consistent_v1,airpollution_mvdec_dekm_consistent_v1_2b88b20cd9b6_seed_44,2b88b20cd9b6ab9268889294ab249f6a1e5fb71b3e5ee88d2e8fde10ebe63a10,-194.46744,-551.74756,-485.23938,2760.0464,-1097.7054,639.6631,2620.994,-894.3993,472.94528,3640.4768,0
175,mvdec_dekm_consistent_v1,airpollution_mvdec_dekm_consistent_v1_2b88b20cd9b6_seed_44,2b88b20cd9b6ab9268889294ab249f6a1e5fb71b3e5ee88d2e8fde10ebe63a10,-222.78989,-632.10187,-555.9099,3161.9858,-1257.5682,732.8184,3002.6924,-1024.6498,541.8143,4170.6416,0
176,mvdec_dekm_consistent_v1,airpollution_mvdec_dekm_consistent_v1_2b88b20cd9b6_seed_44,2b88b20cd9b6ab9268889294ab249f6a1e5fb71b3e5ee88d2e8fde10ebe63a10,-251.07144,-712.34033,-626.47766,3563.342,-1417.1992,825.83875,3383.8389,-1154.7114,610.583,4700.0376,0
177,mvdec_dekm_consistent_v1,airpollution_mvdec_dekm_consistent_v1_2b88b20cd9b6_seed_44,2b88b20cd9b6ab9268889294ab249f6a1e5fb71b3e5ee88d2e8fde10ebe63a10,-280.2514,-795.1274,-699.28784,3977.4521,-1581.9021,921.8146,3777.094,-1288.9058,681.5374,5246.255,0
178,mvdec_dekm_consistent_v1,airpollution_mvdec_dekm_consistent_v1_2b88b20cd9b6_seed_44,2b88b20cd9b6ab9268889294ab249f6a1e5fb71b3e5ee88d2e8fde10ebe63a10,-310.1974,-880.08734,-774.0088,4402.428,-1750.9269,1020.3093,4180.6694,-1426.6216,754.3538,5806.805,0
179,mvdec_dekm_consistent_v1,airpollution_mvdec_dekm_consistent_v1_2b88b20cd9b6_seed_44,2b88b20cd9b6ab9268889294ab249f6a1e5fb71b3e5ee88d2e8fde10ebe63a10,-340.69543,-966.6141,-850.1075,4835.2437,-1923.0695,1120.6207,4591.6895,-1566.8777,828.5134,6377.6953,0
180,mvdec_dekm_consistent_v1,airpollution_mvdec_dekm_consistent_v1_2b88b20cd9b6_seed_44,2b88b20cd9b6ab9268889294ab249f6a1e5fb71b3e5ee88d2e8fde10ebe63a10,-371.60135,-1054.2994,-927.2248,5273.8535,-2097.5166,1222.2744,5008.2114,-1709.0107,903.6658,6956.228,0
181,mvdec_dekm_consistent_v1,airpollution_mvdec_dekm_consistent_v1_2b88b20cd9b6_seed_44,2b88b20cd9b6ab9268889294ab249f6a1e5fb71b3e5ee88d2e8fde10ebe63a10,-402.87744,-1143.0349,-1005.2661,5717.719,-2274.0535,1325.1462,5429.7227,-1852.8473,979.7186,7541.6924,0
182,mvdec_dekm_consistent_v1,airpollution_mvdec_dekm_consistent_v1_2b88b20cd9b6_seed_44,2b88b20cd9b6ab9268889294ab249f6a1e5fb71b3e5ee88d2e8fde10ebe63a10,-434.44434,-1232.5946,-1084.0319,6165.706,-2452.2297,1428.9731,5855.15,-1998.0193,1056.4778,8132.5923,0
183,mvdec_dekm_consistent_v1,airpollution_mvdec_dekm_consistent_v1_2b88b20cd9b6_seed_44,2b88b20cd9b6ab9268889294ab249f6a1e5fb71b3e5ee88d2e8fde10ebe63a10,-466.24338,-1322.8127,-1163.377,6616.987,-2631.7158,1533.5636,6283.7036,-2144.2588,1133.8011,8727.837,2
184,mvdec_dekm_consistent_v1,airpollution_mvdec_dekm_consistent_v1_2b88b20cd9b6_seed_44,2b88b20cd9b6ab9268889294ab249f6a1e5fb71b3e5ee88d2e8fde10ebe63a10,-498.1795,-1413.4203,-1243.0643,7070.213,-2811.9768,1638.6057,6714.1064,-2291.129,1211.458,9325.65,2
185,mvdec_dekm_consistent_v1,airpollution_mvdec_dekm_consistent_v1_2b88b20cd9b6_seed_44,2b88b20cd9b6ab9268889294ab249f6a1e5fb71b3e5ee88d2e8fde10ebe63a10,-530.2751,-1504.4803,-1323.1494,7525.702,-2993.1384,1744.1719,7146.659,-2438.7324,1289.5023,9926.449,2
186,mvdec_dekm_consistent_v1,airpollution_mvdec_dekm_consistent_v1_2b88b20cd9b6_seed_44,2b88b20cd9b6ab9268889294ab249f6a1e5fb71b3e5ee88d2e8fde10ebe63a10,-562.5027,-1595.9148,-1403.564,7983.068,-3175.0437,1850.1724,7580.9907,-2586.943,1367.8679,10529.718,2
187,mvdec_dekm_consistent_v1,airpollution_mvdec_dekm_consistent_v1_2b88b20cd9b6_seed_44,2b88b20cd9b6ab9268889294ab249f6a1e5fb71b3e5ee88d2e8fde10ebe63a10,-594.841,-1687.663,-1484.2543,8442.001,-3357.5742,1956.5367,8016.813,-2735.6624,1446.5028,11135.058,2
188,mvdec_dekm_consistent_v1,airpollution_mvdec_dekm_consistent_v1_2b88b20cd9b6_seed_44,2b88b20cd9b6ab9268889294ab249f6a1e5fb71b3e5ee88d2e8fde10ebe63a10,-627.2722,-1779.6753,-1565.1772,8902.257,-3540.6306,2063.2075,8453.891,-2884.8105,1525.364,11742.14,2
189,mvdec_dekm_consistent_v1,airpollution_mvdec_dekm_consistent_v1_2b88b20cd9b6_seed_44,2b88b20cd9b6ab9268889294ab249f6a1e5fb71b3e5ee88d2e8fde10ebe63a10,-659.78284,-1871.9124,-1646.298,9363.639,-3724.1333,2170.1384,8892.036,-3034.3228,1604.418,12350.707,2
190,mvdec_dekm_consistent_v1,airpollution_mvdec_dekm_consistent_v1_2b88b20cd9b6_seed_44,2b88b20cd9b6ab9268889294ab249f6a1e5fb71b3e5ee88d2e8fde10ebe63a10,-692.36176,-1964.3433,-1727.5892,9825.986,-3908.0215,2277.2947,9331.101,-3184.1484,1683.6387,12960.553,2
191,mvdec_dekm_consistent_v1,airpollution_mvdec_dekm_consistent_v1_2b88b20cd9b6_seed_44,2b88b20cd9b6ab9268889294ab249f6a1e5fb71b3e5ee88d2e8fde10ebe63a10,-724.99994,-2056.941,-1809.0276,10289.173,-4092.2422,2384.6443,9770.957,-3334.2458,1763.002,13571.5,2
192,mvdec_dekm_consistent_v1,airpollution_mvdec_dekm_consistent_v1_2b88b20cd9b6_seed_44,2b88b20cd9b6ab9268889294ab249f6a1e5fb71b3e5ee88d2e8fde10ebe63a10,-757.68994,-2149.6858,-1890.5952,10753.094,-4276.755,2492.1638,10211.515,-3484.581,1842.4913,14183.418,2
193,mvdec_dekm_consistent_v1,airpollution_mvdec_dekm_consistent_v1_2b88b20cd9b6_seed_44,2b88b20cd9b6ab9268889294ab249f6a1e5fb71b3e5ee88d2e8fde10ebe63a10,-790.42456,-2242.559,-1972.2754,11217.656,-4461.524,2599.8323,10652.68,-3635.1245,1922.091,14796.182,1
194,mvdec_dekm_consistent_v1,airpollution_mvdec_dekm_consistent_v1_2b88b20cd9b6_seed_44,2b88b20cd9b6ab9268889294ab249f6a1e5fb71b3e5ee88d2e8fde10ebe63a10,-823.20776,-2335.568,-2054.0764,11682.891,-4646.562,2707.6582,11094.491,-3785.8865,2001.8041,15409.836,1
195,mvdec_dekm_consistent_v1,airpollution_mvdec_dekm_consistent_v1_2b88b20cd9b6_seed_44,2b88b20cd9b6ab9268889294ab249f6a1e5fb71b3e5ee88d2e8fde10ebe63a10,-855.9989,-2428.6008,-2135.8958,12148.244,-4831.6475,2815.5117,11536.412,-3936.6873,2081.5388,16023.646,1
196,mvdec_dekm_consistent_v1,airpollution_mvdec_dekm_consistent_v1_2b88b20cd9b6_seed_44,2b88b20cd9b6ab9268889294ab249f6a1e5fb71b3e5ee88d2e8fde10ebe63a10,-888.8139,-2521.6992,-2217.7751,12613.935,-5016.8647,2923.4426,11978.648,-4087.596,2161.331,16637.898,1
197,mvdec_dekm_consistent_v1,airpollution_mvdec_dekm_consistent_v1_2b88b20cd9b6_seed_44,2b88b20cd9b6ab9268889294ab249f6a1e5fb71b3e5ee88d2e8fde10ebe63a10,-921.65826,-2614.8828,-2299.728,13080.046,-5202.2505,3031.4705,12421.289,-4238.642,2241.1956,17252.707,1
198,mvdec_dekm_consistent_v1,airpollution_mvdec_dekm_consistent_v1_2b88b20cd9b6_seed_44,2b88b20cd9b6ab9268889294ab249f6a1e5fb71b3e5ee88d2e8fde10ebe63a10,-950.75024,-2697.421,-2372.3196,13492.91,-5366.457,3127.1575,12813.359,-4372.4326,2311.9368,17797.281,1
199,mvdec_dekm_consistent_v1,airpollution_mvdec_dekm_consistent_v1_2b88b20cd9b6_seed_44,2b88b20cd9b6ab9268889294ab249f6a1e5fb71b3e5ee88d2e8fde10ebe63a10,-978.3937,-2775.8477,-2441.295,13885.214,-5522.486,3218.079,13185.907,-4499.5596,2379.1548,18314.73,1
200,mvdec_dekm_consistent_v1,airpollution_mvdec_dekm_consistent_v1_2b88b20cd9b6_seed_44,2b88b20cd9b6ab9268889294ab249f6a1e5fb71b3e5ee88d2e8fde10ebe63a10,-1006.3755,-2855.2368,-2511.1162,14282.322,-5680.427,3310.1143,13563.019,-4628.2446,2447.1968,18838.525,1
201,mvdec_dekm_consistent_v1,airpollution_mvdec_dekm_consistent_v1_2b88b20cd9b6_seed_44,2b88b20cd9b6ab9268889294ab249f6a1e5fb71b3e5ee88d2e8fde10ebe63a10,-1034.6687,-2935.5088,-2581.7136,14683.853,-5840.1265,3403.1748,13944.327,-4758.3623,2515.996,19368.15,1
202,mvdec_dekm_consistent_v1,airpollution_mvdec_dekm_consistent_v1_2b88b20cd9b6_seed_44,2b88b20cd9b6ab9268889294ab249f6a1e5fb71b3e5ee88d2e8fde10ebe63a10,-1063.2479,-3016.5916,-2653.0247,15089.438,-6001.437,3497.174,14329.487,-4889.7935,2585.4897,19903.12,1
203,mvdec_dekm_consistent_v1,airpollution_mvdec_dekm_consistent_v1_2b88b20cd9b6_seed_44,2b88b20cd9b6ab9268889294ab249f6a1e5fb71b3e5ee88d2e8fde10ebe63a10,-1092.092,-3098.4275,-2724.9973,15498.785,-6164.246,3592.047,14718.22,-5022.4453,2655.628,20443.055,1
204,mvdec_dekm_consistent_v1,airpollution_mvdec_dekm_consistent_v1_2b88b20cd9b6_seed_44,2b88b20cd9b6ab9268889294ab249f6a1e5fb71b3e5ee88d2e8fde10ebe63a10,-1121.1792,-3180.952,-2797.576,15911.581,-6328.428,3687.7183,15110.23,-5156.2134,2726.357,20987.543,1
205,mvdec_dekm_consistent_v1,airpollution_mvdec_dekm_consistent_v1_2b88b20cd9b6_seed_44,2b88b20cd9b6ab9268889294ab249f6a1e5fb71b3e5ee88d2e8fde10ebe63a10,-1150.4912,-3264.1135,-2870.7148,16327.563,-6493.8755,3784.1284,15505.265,-5291.014,2797.6326,21536.229,1
206,mvdec_dekm_consistent_v1,airpollution_mvdec_dekm_consistent_v1_2b88b20cd9b6_seed_44,2b88b20cd9b6ab9268889294ab249f6a1e5fb71b3e5ee88d2e8fde10ebe63a10,-1180.0101,-3347.8643,-2944.3708,16746.49,-6660.493,3881.2202,15903.094,-5426.7705,2869.4116,22088.799,1
207,mvdec_dekm_consistent_v1,airpollution_mvdec_dekm_consistent_v1_2b88b20cd9b6_seed_44,2b88b20cd9b6ab9268889294ab249f6a1e5fb71b3e5ee88d2e8fde10ebe63a10,-1209.7219,-3432.1597,-3018.507,17168.146,-6828.1978,3978.9448,16303.518,-5563.4087,2941.6597,22644.97,1
208,mvdec_dekm_consistent_v1,airpollution_mvdec_dekm_consistent_v1_2b88b20cd9b6_seed_44,2b88b20cd9b6ab9268889294ab249f6a1e5fb71b3e5ee88d2e8fde10ebe63a10,-1239.6113,-3516.9624,-3093.0884,17592.338,-6996.911,4077.2573,16706.348,-5700.87,3014.342,23204.484,1
209,mvdec_dekm_consistent_v1,airpollution_mvdec_dekm_consistent_v1_2b88b20cd9b6_seed_44,2b88b20cd9b6ab9268889294ab249f6a1e5fb71b3e5ee88d2e8fde10ebe63a10,-1269.6677,-3602.2354,-3168.085,18018.883,-7166.5596,4176.114,17111.41,-5839.0933,3087.4268,23767.1,1
210,mvdec_dekm_consistent_v1,airpollution_mvdec_dekm_consistent_v1_2b88b20cd9b6_seed_44,2b88b20cd9b6ab9268889294ab249f6a1e5fb71b3e5ee88d2e8fde10ebe63a10,-652.5486,-1851.3884,-1628.2473,9260.975,-3683.3013,2146.3452,8794.542,-3001.0537,1586.8279,12215.293,2
211,mvdec_dekm_consistent_v1,airpollution_mvdec_dekm_consistent_v1_2b88b20cd9b6_seed_44,2b88b20cd9b6ab9268889294ab249f6a1e5fb71b3e5ee88d2e8fde10ebe63a10,-636.14966,-1804.8619,-1587.3284,9028.245,-3590.7383,2092.4065,8573.532,-2925.6372,1546.9518,11908.32,2
212,mvdec_dekm_consistent_v1,airpollution_mvdec_dekm_consistent_v1_2b88b20cd9b6_seed_44,2b88b20cd9b6ab9268889294ab249f6a1e5fb71b3e5ee88d2e8fde10ebe63a10,-617.1285,-1750.8958,-1539.8665,8758.306,-3483.3748,2029.8434,8317.185,-2838.1614,1500.7,11552.264,2
213,mvdec_dekm_consistent_v1,airpollution_mvdec_dekm_consistent_v1_2b88b20cd9b6_seed_44,2b88b20cd9b6ab9268889294ab249f6a1e5fb71b3e5ee88d2e8fde10ebe63a10,-588.3406,-1669.2203,-1468.0348,8349.76,-3320.8838,1935.1567,7929.2104,-2705.7695,1430.699,11013.385,2
214,mvdec_dekm_consistent_v1,airpollution_mvdec_dekm_consistent_v1_2b88b20cd9b6_seed_44,2b88b20cd9b6ab9268889294ab249f6a1e5fb71b3e5ee88d2e8fde10ebe63a10,-560.051,-1588.9575,-1397.4448,7948.269,-3161.2021,1842.1069,7547.943,-2575.6655,1361.9064,10483.815,2
215,mvdec_dekm_consistent_v1,airpollution_mvdec_dekm_consistent_v1_2b88b20cd9b6_seed_44,2b88b20cd9b6ab9268889294ab249f6a1e5fb71b3e5ee88d2e8fde10ebe63a10,-532.2957,-1510.2126,-1328.1903,7554.38,-3004.542,1750.8175,7173.889,-2448.0242,1294.4163,9964.271,2
216,mvdec_dekm_consistent_v1,airpollution_mvdec_dekm_consistent_v1_2b88b20cd9b6_seed_44,2b88b20cd9b6ab9268889294ab249f6a1e5fb71b3e5ee88d2e8fde10ebe63a10,-504.9718,-1432.6909,-1260.0116,7166.6074,-2850.3152,1660.9463,6805.6465,-2322.3655,1227.9742,9452.795,2
217,mvdec_dekm_consistent_v1,airpollution_mvdec_dekm_consistent_v1_2b88b20cd9b6_seed_44,2b88b20cd9b6ab9268889294ab249f6a1e5fb71b3e5ee88d2e8fde10ebe63a10,-478.34705,-1357.1521,-1193.5765,6788.7534,-2700.0334,1573.3737,6446.8213,-2199.9202,1163.232,8954.399,2
218,mvdec_dekm_consistent_v1,airpollution_mvdec_dekm_consistent_v1_2b88b20cd9b6_seed_44,2b88b20cd9b6ab9268889294ab249f6a1e5fb71b3e5ee88d2e8fde10ebe63a10,-452.5457,-1283.95,-1129.1971,6422.5874,-2554.3994,1488.5096,6099.095,-2081.2627,1100.4921,8471.423,2
219,mvdec_dekm_consistent_v1,airpollution_mvdec_dekm_consistent_v1_2b88b20cd9b6_seed_44,2b88b20cd9b6ab9268889294ab249f6a1e5fb71b3e5ee88d2e8fde10ebe63a10,-427.7443,-1213.5845,-1067.3125,6070.6123,-2414.4097,1406.9347,5764.8457,-1967.204,1040.1838,8007.164,0
220,mvdec_dekm_consistent_v1,airpollution_mvdec_dekm_consistent_v1_2b88b20cd9b6_seed_44,2b88b20cd9b6ab9268889294ab249f6a1e5fb71b3e5ee88d2e8fde10ebe63a10,-404.13364,-1146.5972,-1008.3987,5735.5366,-2281.1406,1329.276,5446.6436,-1858.6211,982.7713,7565.1934,0
221,mvdec_dekm_consistent_v1,airpollution_mvdec_dekm_consistent_v1_2b88b20cd9b6_seed_44,2b88b20cd9b6ab9268889294ab249f6a1e5fb71b3e5ee88d2e8fde10ebe63a10,-381.88248,-1083.4679,-952.87775,5419.7603,-2155.5464,1256.0897,5146.7676,-1756.2919,928.6655,7148.6772,0
222,mvdec_dekm_consistent_v1,airpollution_mvdec_dekm_consistent_v1_2b88b20cd9b6_seed_44,2b88b20cd9b6ab9268889294ab249f6a1e5fb71b3e5ee88d2e8fde10ebe63a10,-357.68433,-1014.81415,-892.49817,5076.347,-2018.9613,1176.499,4820.6484,-1645.0076,869.82477,6695.712,0
223,mvdec_dekm_consistent_v1,airpollution_mvdec_dekm_consistent_v1_2b88b20cd9b6_seed_44,2b88b20cd9b6ab9268889294ab249f6a1e5fb71b3e5ee88d2e8fde10ebe63a10,-332.2813,-942.74225,-829.11273,4715.839,-1875.5769,1092.9458,4478.2944,-1528.1829,808.0548,6220.196,0
224,mvdec_dekm_consistent_v1,airpollution_mvdec_dekm_consistent_v1_2b88b20cd9b6_seed_44,2b88b20cd9b6ab9268889294ab249f6a1e5fb71b3e5ee88d2e8fde10ebe63a10,-306.68567,-870.12463,-765.2465,4352.597,-1731.1066,1008.75977,4133.3457,-1410.4728,745.81586,5741.0747,0
225,mvdec_dekm_consistent_v1,airpollution_mvdec_dekm_consistent_v1_2b88b20cd9b6_seed_44,2b88b20cd9b6ab9268889294ab249f6a1e5fb71b3e5ee88d2e8fde10ebe63a10,-282.4812,-801.45435,-704.8518,4009.0994,-1594.4888,929.1493,3807.1477,-1299.161,686.9599,5287.9976,0
226,mvdec_dekm_consistent_v1,airpollution_mvdec_dekm_consistent_v1_2b88b20cd9b6_seed_44,2b88b20cd9b6ab9268889294ab249f6a1e5fb71b3e5ee88d2e8fde10ebe63a10,-253.85617,-720.24146,-633.42615,3602.863,-1432.9182,834.9984,3421.37,-1167.5186,617.3543,4752.1665,0
227,mvdec_dekm_consistent_v1,airpollution_mvdec_dekm_consistent_v1_2b88b20cd9b6_seed_44,2b88b20cd9b6ab9268889294ab249f6a1e5fb71b3e5ee88d2e8fde10ebe63a10,-226.45006,-642.4878,-565.0427,3213.93,-1278.2296,744.8577,3052.024,-1041.4833,550.7135,4239.1587,0
228,mvdec_dekm_consistent_v1,airpollution_mvdec_dekm_consistent_v1_2b88b20cd9b6_seed_44,2b88b20cd9b6ab9268889294ab249f6a1e5fb71b3e5ee88d2e8fde10ebe63a10,-200.63557,-569.24945,-500.63052,2847.5845,-1132.5242,659.9519,2704.1284,-922.7673,487.94296,3755.9438,0
229,mvdec_dekm_consistent_v1,airpollution_mvdec_dekm_consistent_v1_2b88b20cd9b6_seed_44,2b88b20cd9b6ab9268889294ab249f6a1e5fb71b3e5ee88d2e8fde10ebe63a10,-177.02515,-502.2647,-441.71814,2512.52,-999.2603,582.29584,2385.9375,-814.1882,430.5324,3313.9893,3
230,mvdec_dekm_consistent_v1,airpollution_mvdec_dekm_consistent_v1_2b88b20cd9b6_seed_44,2b88b20cd9b6ab9268889294ab249f6a1e5fb71b3e5ee88d2e8fde10ebe63a10,-153.90038,-436.65762,-384.0178,2184.3477,-868.7366,506.23685,2074.2915,-707.8422,374.30304,2881.1245,3
231,mvdec_dekm_consistent_v1,airpollution_mvdec_dekm_consistent_v1_2b88b20cd9b6_seed_44,2b88b20cd9b6ab9268889294ab249f6a1e5fb71b3e5ee88d2e8fde10ebe63a10,-121.32266,-344.23096,-302.7299,1722.0201,-684.85706,399.08606,1635.2471,-558.02313,295.0865,2271.3083,3
232,mvdec_dekm_consistent_v1,airpollution_mvdec_dekm_consistent_v1_2b88b20cd9b6_seed_44,2b88b20cd9b6ab9268889294ab249f6a1e5fb71b3e5ee88d2e8fde10ebe63a10,-89.226974,-253.17096,-222.64453,1266.5309,-503.69592,293.51965,1202.6943,-410.4194,217.04218,1670.5105,3
233,mvdec_dekm_consistent_v1,airpollution_mvdec_dekm_consistent_v1_2b88b20cd9b6_seed_44,2b88b20cd9b6ab9268889294ab249f6a1e5fb71b3e5ee88d2e8fde10ebe63a10,-58.0435,-164.69894,-144.83537,823.9872,-327.68347,190.9536,782.4354,-267.0109,141.21606,1086.7881,3
234,mvdec_dekm_consistent_v1,airpollution_mvdec_dekm_consistent_v1_2b88b20cd9b6_seed_44,2b88b20cd9b6ab9268889294ab249f6a1e5fb71b3e5ee88d2e8fde10ebe63a10,-29.891571,-84.827705,-74.59042,424.46545,-168.78204,98.35846,403.03174,-137.54381,72.76139,559.8123,3
235,mvdec_dekm_consistent_v1,airpollution_mvdec_dekm_consistent_v1_2b88b20cd9b6_seed_44,2b88b20cd9b6ab9268889294ab249f6a1e5fb71b3e5ee88d2e8fde10ebe63a10,-13.899707,-39.455585,-34.686836,197.51285,-78.51592,45.758503,187.50656,-63.998474,33.875385,260.45773,3
236,mvdec_dekm_consistent_v1,airpollution_mvdec_dekm_consistent_v1_2b88b20cd9b6_seed_44,2b88b20cd9b6ab9268889294ab249f6a1e5fb71b3e5ee88d2e8fde10ebe63a10,-9.025039,-25.623915,-22.523941,128.33595,-50.999706,29.724781,121.80846,-41.580425,22.024342,169.20963,3
237,mvdec_dekm_consistent_v1,airpollution_mvdec_dekm_consistent_v1_2b88b20cd9b6_seed_44,2b88b20cd9b6ab9268889294ab249f6a1e5fb71b3e5ee88d2e8fde10ebe63a10,-3.4927297,-9.926368,-8.7168665,49.805687,-19.76929,11.525617,47.23808,-16.13335,8.5671215,65.63026,3
238,mvdec_dekm_consistent_v1,airpollution_mvdec_dekm_consistent_v1_2b88b20cd9b6_seed_44,2b88b20cd9b6ab9268889294ab249f6a1e5fb71b3e5ee88d2e8fde10ebe63a10,-34.909107,-99.05986,-87.108894,495.66284,-197.09866,114.859764,470.64157,-160.61519,84.96168,653.7215,3
239,mvdec_dekm_consistent_v1,airpollution_mvdec_dekm_consistent_v1_2b88b20cd9b6_seed_44,2b88b20cd9b6ab9268889294ab249f6a1e5fb71b3e5ee88d2e8fde10ebe63a10,-64.68818,-183.5488,-161.41336,918.27405,-365.18436,212.80644,871.9745,-297.56497,157.3712,1211.154,3
240,mvdec_dekm_consistent_v1,airpollution_mvdec_dekm_consistent_v1_2b88b20cd9b6_seed_44,2b88b20cd9b6ab9268889294ab249f6a1e5fb71b3e5ee88d2e8fde10ebe63a10,-77.944534,-221.15762,-194.49168,1106.4071,-440.00867,256.40854,1050.6302,-358.52994,189.60779,1459.3024,3
241,mvdec_dekm_consistent_v1,airpollution_mvdec_dekm_consistent_v1_2b88b20cd9b6_seed_44,2b88b20cd9b6ab9268889294ab249f6a1e5fb71b3e5ee88d2e8fde10ebe63a10,-96.497635,-273.7953,-240.78528,1369.7075,-544.73004,317.43253,1300.6711,-443.85336,234.7221,1806.5994,3
242,mvdec_dekm_consistent_v1,airpollution_mvdec_dekm_consistent_v1_2b88b20cd9b6_seed_44,2b88b20cd9b6ab9268889294ab249f6a1e5fb71b3e5ee88d2e8fde10ebe63a10,-120.98486,-343.26758,-301.88605,1717.2178,-682.94403,397.973,1630.6804,-556.4657,294.2657,2264.97,3
243,mvdec_dekm_consistent_v1,airpollution_mvdec_dekm_consistent_v1_2b88b20cd9b6_seed_44,2b88b20cd9b6ab9268889294ab249f6a1e5fb71b3e5ee88d2e8fde10ebe63a10,-148.67337,-421.8228,-370.9743,2110.159,-839.2273,489.04282,2003.8331,-683.8,361.59305,2783.2651,3
244,mvdec_dekm_consistent_v1,airpollution_mvdec_dekm_consistent_v1_2b88b20cd9b6_seed_44,2b88b20cd9b6ab9268889294ab249f6a1e5fb71b3e5ee88d2e8fde10ebe63a10,-176.95932,-502.07413,-441.5527,2511.572,-998.8818,582.07623,2385.0342,-813.88055,430.37067,3312.7368,3
245,mvdec_dekm_consistent_v1,airpollution_mvdec_dekm_consistent_v1_2b88b20cd9b6_seed_44,2b88b20cd9b6ab9268889294ab249f6a1e5fb71b3e5ee88d2e8fde10ebe63a10,-205.93857,-584.29156,-513.86163,2922.8333,-1162.4509,677.3917,2775.5835,-947.1515,500.83728,3855.1958,0
246,mvdec_dekm_consistent_v1,airpollution_mvdec_dekm_consistent_v1_2b88b20cd9b6_seed_44,2b88b20cd9b6ab9268889294ab249f6a1e5fb71b3e5ee88d2e8fde10ebe63a10,-235.94714,-669.4302,-588.7392,3348.7034,-1331.8307,776.09296,3180.0073,-1085.1565,573.80664,4416.924,0
247,mvdec_dekm_consistent_v1,airpollution_mvdec_dekm_consistent_v1_2b88b20cd9b6_seed_44,2b88b20cd9b6ab9268889294ab249f6a1e5fb71b3e5ee88d2e8fde10ebe63a10,-266.60397,-756.4071,-665.2343,3783.7725,-1504.8687,876.9262,3593.165,-1226.1425,648.3526,4990.786,0
248,mvdec_dekm_consistent_v1,airpollution_mvdec_dekm_consistent_v1_2b88b20cd9b6_seed_44,2b88b20cd9b6ab9268889294ab249f6a1e5fb71b3e5ee88d2e8fde10ebe63a10,-297.78217,-844.86395,-743.02997,4226.24,-1680.8508,979.4746,4013.351,-1369.5264,724.1657,5574.4087,0
249,mvdec_dekm_consistent_v1,airpollution_mvdec_dekm_consistent_v1_2b88b20cd9b6_seed_44,2b88b20cd9b6ab9268889294ab249f6a1e5fb71b3e5ee88d2e8fde10ebe63a10,-329.36288,-934.4634,-821.8307,4674.423,-1859.106,1083.3474,4438.9653,-1514.7622,800.958,6165.5684,0
250,mvdec_dekm_consistent_v1,airpollution_mvdec_dekm_consistent_v1_2b88b20cd9b6_seed_44,2b88b20cd9b6ab9268889294ab249f6a1e5fb71b3e5ee88d2e8fde10ebe63a10,-361.21375,-1024.8287,-901.3048,5126.4375,-2038.8855,1188.1088,4868.2188,-1661.2397,878.4069,6761.7837,0
251,mvdec_dekm_consistent_v1,airpollution_mvdec_dekm_consistent_v1_2b88b20cd9b6_seed_44,2b88b20cd9b6ab9268889294ab249f6a1e5fb71b3e5ee88d2e8fde10ebe63a10,-393.25293,-1115.7288,-981.24963,5581.127,-2219.7283,1293.4896,5300.0117,-1808.5839,956.31445,7361.526,0
252,mvdec_dekm_consistent_v1,airpollution_mvdec_dekm_consistent_v1_2b88b20cd9b6_seed_44,2b88b20cd9b6ab9268889294ab249f6a1e5fb71b3e5ee88d2e8fde10ebe63a10,-425.47516,-1207.1478,-1061.6508,6038.416,-2401.6042,1399.4723,5734.272,-1956.7705,1034.6672,7964.696,0
253,mvdec_dekm_consistent_v1,airpollution_mvdec_dekm_consistent_v1_2b88b20cd9b6_seed_44,2b88b20cd9b6ab9268889294ab249f6a1e5fb71b3e5ee88d2e8fde10ebe63a10,-457.8417,-1298.978,-1142.4131,6497.758,-2584.2969,1505.931,6170.482,-2105.6223,1113.3716,8570.574,2
254,mvdec_dekm_consistent_v1,airpollution_mvdec_dekm_consistent_v1_2b88b20cd9b6_seed_44,2b88b20cd9b6ab9268889294ab249f6a1e5fb71b3e5ee88d2e8fde10ebe63a10,-490.32452,-1391.1366,-1223.4646,6958.7446,-2767.644,1612.7714,6608.2534,-2255.007,1192.358,9178.622,2
255,mvdec_dekm_consistent_v1,airpollution_mvdec_dekm_consistent_v1_2b88b20cd9b6_seed_44,2b88b20cd9b6ab9268889294ab249f6a1e5fb71b3e5ee88d2e8fde10ebe63a10,-522.9011,-1483.5613,-1304.7505,7421.0625,-2951.521,1719.9202,7047.289,-2404.8235,1271.5731,9788.428,2
256,mvdec_dekm_consistent_v1,airpollution_mvdec_dekm_consistent_v1_2b88b20cd9b6_seed_44,2b88b20cd9b6ab9268889294ab249f6a1e5fb71b3e5ee88d2e8fde10ebe63a10,-555.55505,-1576.2048,-1386.2289,7884.4775,-3135.8323,1827.3225,7487.367,-2554.9946,1350.9757,10399.677,2
257,mvdec_dekm_consistent_v1,airpollution_mvdec_dekm_consistent_v1_2b88b20cd9b6_seed_44,2b88b20cd9b6ab9268889294ab249f6a1e5fb71b3e5ee88d2e8fde10ebe63a10,-588.2738,-1669.0317,-1467.8685,8348.809,-3320.5078,1934.9371,7928.311,-2705.4626,1430.5355,11012.135,2
258,mvdec_dekm_consistent_v1,airpollution_mvdec_dekm_consistent_v1_2b88b20cd9b6_seed_44,2b88b20cd9b6ab9268889294ab249f6a1e5fb71b3e5ee88d2e8fde10ebe63a10,-621.04675,-1762.0125,-1549.6438,8813.909,-3505.4912,2042.7308,8369.989,-2856.1807,1510.227,11625.608,2
259,mvdec_dekm_consistent_v1,airpollution_mvdec_dekm_consistent_v1_2b88b20cd9b6_seed_44,2b88b20cd9b6ab9268889294ab249f6a1e5fb71b3e5ee88d2e8fde10ebe63a10,-653.8347,-1855.0364,-1631.4567,9279.227,-3690.5588,2150.5745,8811.871,-3006.968,1589.9559,12239.366,2
260,mvdec_dekm_consistent_v1,airpollution_mvdec_dekm_consistent_v1_2b88b20cd9b6_seed_44,2b88b20cd9b6ab9268889294ab249f6a1e5fb71b3e5ee88d2e8fde10ebe63a10,-686.66003,-1948.1636,-1713.3595,9745.054,-3875.8323,2258.5374,9254.243,-3157.9214,1669.771,12853.8,2
261,mvdec_dekm_consistent_v1,airpollution_mvdec_dekm_consistent_v1_2b88b20cd9b6_seed_44,2b88b20cd9b6ab9268889294ab249f6a1e5fb71b3e5ee88d2e8fde10ebe63a10,-719.5221,-2041.399,-1795.3577,10211.423,-4061.3206,2366.6255,9697.126,-3309.0513,1749.6799,13468.948,2
262,mvdec_dekm_consistent_v1,airpollution_mvdec_dekm_consistent_v1_2b88b20cd9b6_seed_44,2b88b20cd9b6ab9268889294ab249f6a1e5fb71b3e5ee88d2e8fde10ebe63a10,-752.3855,-2134.637,-1877.3588,10677.81,-4246.8154,2474.717,10140.027,-3460.1853,1829.5911,14084.119,2
263,mvdec_dekm_consistent_v1,airpollution_mvdec_dekm_consistent_v1_2b88b20cd9b6_seed_44,2b88b20cd9b6ab9268889294ab249f6a1e5fb71b3e5ee88d2e8fde10ebe63a10,-785.2576,-2227.8997,-1959.3816,11144.318,-4432.3584,2582.837,10583.043,-3611.36,1909.5236,14699.45,2
264,mvdec_dekm_consistent_v1,airpollution_mvdec_dekm_consistent_v1_2b88b20cd9b6_seed_44,2b88b20cd9b6ab9268889294ab249f6a1e5fb71b3e5ee88d2e8fde10ebe63a10,-818.1582,-2321.2434,-2041.4761,11611.232,-4618.0635,2691.0513,11026.442,-3762.6658,1989.5256,15315.318,1
265,mvdec_dekm_consistent_v1,airpollution_mvdec_dekm_consistent_v1_2b88b20cd9b6_seed_44,2b88b20cd9b6ab9268889294ab249f6a1e5fb71b3e5ee88d2e8fde10ebe63a10,-850.1234,-2411.9314,-2121.2354,12064.863,-4798.484,2796.1875,11457.23,-3909.6667,2067.2522,15913.666,1
266,mvdec_dekm_consistent_v1,airpollution_mvdec_dekm_consistent_v1_2b88b20cd9b6_seed_44,2b88b20cd9b6ab9268889294ab249f6a1e5fb71b3e5ee88d2e8fde10ebe63a10,-877.1615,-2488.6414,-2188.7007,12448.574,-4951.096,2885.117,11821.617,-4034.0103,2132.9978,16419.783,1
267,mvdec_dekm_consistent_v1,airpollution_mvdec_dekm_consistent_v1_2b88b20cd9b6_seed_44,2b88b20cd9b6ab9268889294ab249f6a1e5fb71b3e5ee88d2e8fde10ebe63a10,-904.6116,-2566.5203,-2257.194,12838.134,-5106.0347,2975.4028,12191.558,-4160.2485,2199.7463,16933.621,1
268,mvdec_dekm_consistent_v1,airpollution_mvdec_dekm_consistent_v1_2b88b20cd9b6_seed_44,2b88b20cd9b6ab9268889294ab249f6a1e5fb71b3e5ee88d2e8fde10ebe63a10,-932.4383,-2645.467,-2326.627,13233.038,-5263.097,3066.9275,12566.572,-4288.2188,2267.41,17454.502,1
269,mvdec_dekm_consistent_v1,airpollution_mvdec_dekm_consistent_v1_2b88b20cd9b6_seed_44,2b88b20cd9b6ab9268889294ab249f6a1e5fb71b3e5ee88d2e8fde10ebe63a10,-960.6085,-2725.389,-2396.9167,13632.8125,-5422.098,3159.5813,12946.216,-4417.7676,2335.9087,17981.81,1
270,mvdec_dekm_consistent_v1,airpollution_mvdec_dekm_consistent_v1_2b88b20cd9b6_seed_44,2b88b20cd9b6ab9268889294ab249f6a1e5fb71b3e5ee88d2e8fde10ebe63a10,-989.093,-2806.2021,-2467.9907,14037.051,-5582.874,3253.2686,13330.096,-4548.7617,2405.1719,18515.008,1
271,mvdec_dekm_consistent_v1,airpollution_mvdec_dekm_consistent_v1_2b88b20cd9b6_seed_44,2b88b20cd9b6ab9268889294ab249f6a1e5fb71b3e5ee88d2e8fde10ebe63a10,-1017.86743,-2887.8406,-2539.7908,14445.418,-5745.293,3347.9128,13717.896,-4681.095,2475.1423,19053.646,1
272,mvdec_dekm_consistent_v1,airpollution_mvdec_dekm_consistent_v1_2b88b20cd9b6_seed_44,2b88b20cd9b6ab9268889294ab249f6a1e5fb71b3e5ee88d2e8fde10ebe63a10,-1046.9076,-2970.231,-2612.2512,14857.537,-5909.205,3443.4282,14109.266,-4814.6455,2545.7554,19597.242,1
273,mvdec_dekm_consistent_v1,airpollution_mvdec_dekm_consistent_v1_2b88b20cd9b6_seed_44,2b88b20cd9b6ab9268889294ab249f6a1e5fb71b3e5ee88d2e8fde10ebe63a10,-1076.1902,-3053.311,-2685.3176,15273.111,-6074.491,3539.7441,14503.911,-4949.3145,2616.9602,20145.389,1
274,mvdec_dekm_consistent_v1,airpollution_mvdec_dekm_consistent_v1_2b88b20cd9b6_seed_44,2b88b20cd9b6ab9268889294ab249f6a1e5fb71b3e5ee88d2e8fde10ebe63a10,-1105.6963,-3137.0237,-2758.9414,15691.848,-6241.0347,3636.7917,14901.562,-5085.008,2688.7075,20697.71,1
275,mvdec_dekm_consistent_v1,airpollution_mvdec_dekm_consistent_v1_2b88b20cd9b6_seed_44,2b88b20cd9b6ab9268889294ab249f6a1e5fb71b3e5ee88d2e8fde10ebe63a10,-1135.408,-3221.3203,-2833.078,16113.502,-6408.738,3734.5159,15301.983,-5221.6475,2760.9546,21253.879,1
276,mvdec_dekm_consistent_v1,airpollution_mvdec_dekm_consistent_v1_2b88b20cd9b6_seed_44,2b88b20cd9b6ab9268889294ab249f6a1e5fb71b3e5ee88d2e8fde10ebe63a10,-1165.3085,-3306.1536,-2907.6875,16537.85,-6577.5127,3832.8647,15704.963,-5359.158,2833.6636,21813.6,1
277,mvdec_dekm_consistent_v1,airpollution_mvdec_dekm_consistent_v1_2b88b20cd9b6_seed_44,2b88b20cd9b6ab9268889294ab249f6a1e5fb71b3e5ee88d2e8fde10ebe63a10,-1195.3854,-3391.4858,-2982.7358,16964.693,-6747.2793,3931.7913,16110.309,-5497.478,2906.799,22376.611,1
278,mvdec_dekm_consistent_v1,airpollution_mvdec_dekm_consistent_v1_2b88b20cd9b6_seed_44,2b88b20cd9b6ab9268889294ab249f6a1e5fb71b3e5ee88d2e8fde10ebe63a10,-1225.625,-3477.2795,-3058.1897,17393.842,-6917.964,4031.253,16517.848,-5636.547,2980.3308,22942.664,1
279,mvdec_dekm_consistent_v1,airpollution_mvdec_dekm_consistent_v1_2b88b20cd9b6_seed_44,2b88b20cd9b6ab9268889294ab249f6a1e5fb71b3e5ee88d2e8fde10ebe63a10,-1256.0154,-3563.502,-3134.0205,17825.137,-7089.499,4131.21,16927.418,-5776.3076,3054.2295,23511.545,1
280,mvdec_dekm_consistent_v1,airpollution_mvdec_dekm_consistent_v1_2b88b20cd9b6_seed_44,2b88b20cd9b6ab9268889294ab249f6a1e5fb71b3e5ee88d2e8fde10ebe63a10,-624.23315,-1771.0536,-1557.5953,8859.133,-3523.4778,2053.2122,8412.936,-2870.8354,1517.9753,11685.258,2
281,mvdec_dekm_consistent_v1,airpollution_mvdec_dekm_consistent_v1_2b88b20cd9b6_seed_44,2b88b20cd9b6ab9268889294ab249f6a1e5fb71b3e5ee88d2e8fde10ebe63a10,-607.08606,-1722.4043,-1514.8093,8615.786,-3426.6912,1996.8129,8181.8423,-2791.9773,1476.2802,11364.28,2
282,mvdec_dekm_consistent_v1,airpollution_mvdec_dekm_consistent_v1_2b88b20cd9b6_seed_44,2b88b20cd9b6ab9268889294ab249f6a1e5fb71b3e5ee88d2e8fde10ebe63a10,-591.2881,-1677.5828,-1475.3896,8391.586,-3337.52,1944.8511,7968.9316,-2719.324,1437.8656,11068.556,2
283,mvdec_dekm_consistent_v1,airpollution_mvdec_dekm_consistent_v1_2b88b20cd9b6_seed_44,2b88b20cd9b6ab9268889294ab249f6a1e5fb71b3e5ee88d2e8fde10ebe63a10,-571.9665,-1622.7633,-1427.1757,8117.3657,-3228.4573,1881.298,7708.526,-2630.463,1390.8793,10706.858,2
284,mvdec_dekm_consistent_v1,airpollution_mvdec_dekm_consistent_v1_2b88b20cd9b6_seed_44,2b88b20cd9b6ab9268889294ab249f6a1e5fb71b3e5ee88d2e8fde10ebe63a10,-542.9083,-1540.3231,-1354.6705,7704.99,-3064.4453,1785.7241,7316.917,-2496.8306,1320.2214,10162.93,2
285,mvdec_dekm_consistent_v1,airpollution_mvdec_dekm_consistent_v1_2b88b20cd9b6_seed_44,2b88b20cd9b6ab9268889294ab249f6a1e5fb71b3e5ee88d2e8fde10ebe63a10,-514.26324,-1459.0533,-1283.1954,7298.47,-2902.762,1691.5077,6930.8706,-2365.0964,1250.5677,9626.726,2
286,mvdec_dekm_consistent_v1,airpollution_mvdec_dekm_consistent_v1_2b88b20cd9b6_seed_44,2b88b20cd9b6ab9268889294ab249f6a1e5fb71b3e5ee88d2e8fde10ebe63a10,-486.20166,-1379.4382,-1213.1755,6900.2295,-2744.37,1599.2095,6552.6836,-2236.0444,1182.3325,9101.439,2
287,mvdec_dekm_consistent_v1,airpollution_mvdec_dekm_consistent_v1_2b88b20cd9b6_seed_44,2b88b20cd9b6ab9268889294ab249f6a1e5fb71b3e5ee88d2e8fde10ebe63a10,-458.6634,-1301.308,-1144.4622,6509.417,-2588.9329,1508.633,6181.5522,-2109.4,1115.3699,8585.951,2
288,mvdec_dekm_consistent_v1,airpollution_mvdec_dekm_consistent_v1_2b88b20cd9b6_seed_44,2b88b20cd9b6ab9268889294ab249f6a1e5fb71b3e5ee88d2e8fde10ebe63a10,-431.73956,-1224.9211,-1077.2812,6127.3203,-2436.9626,1420.0768,5818.697,-1985.5798,1049.9008,8081.961,0
289,mvdec_dekm_consistent_v1,airpollution_mvdec_dekm_consistent_v1_2b88b20cd9b6_seed_44,2b88b20cd9b6ab9268889294ab249f6a1e5fb71b3e5ee88d2e8fde10ebe63a10,-405.7138,-1151.0818,-1012.3416,5757.97,-2290.062,1334.4747,5467.946,-1865.89,986.6156,7594.7827,0
290,mvdec_dekm_consistent_v1,airpollution_mvdec_dekm_consistent_v1_2b88b20cd9b6_seed_44,2b88b20cd9b6ab9268889294ab249f6a1e5fb71b3e5ee88d2e8fde10ebe63a10,-380.76495,-1080.298,-950.0891,5403.904,-2149.2395,1252.4149,5131.7095,-1751.1533,925.9494,7127.7646,0
291,mvdec_dekm_consistent_v1,airpollution_mvdec_dekm_consistent_v1_2b88b20cd9b6_seed_44,2b88b20cd9b6ab9268889294ab249f6a1e5fb71b3e5ee88d2e8fde10ebe63a10,-357.13947,-1013.2686,-891.1383,5068.6187,-2015.8868,1174.7073,4813.3076,-1642.5023,868.501,6685.5176,0
292,mvdec_dekm_consistent_v1,airpollution_mvdec_dekm_consistent_v1_2b88b20cd9b6_seed_44,2b88b20cd9b6ab9268889294ab249f6a1e5fb71b3e5ee88d2e8fde10ebe63a10,-335.05545,-950.6127,-836.034,4755.2095,-1891.2346,1102.0702,4515.6797,-1540.9404,814.80084,6272.124,0
293,mvdec_dekm_consistent_v1,airpollution_mvdec_dekm_consistent_v1_2b88b20cd9b6_seed_44,2b88b20cd9b6ab9268889294ab249f6a1e5fb71b3e5ee88d2e8fde10ebe63a10,-311.0304,-882.45013,-776.0865,4414.252,-1755.6271,1023.04877,4191.8936,-1430.4519,756.38025,5822.397,0
294,mvdec_dekm_consistent_v1,airpollution_mvdec_dekm_consistent_v1_2b88b20cd9b6_seed_44,2b88b20cd9b6ab9268889294ab249f6a1e5fb71b3e5ee88d2e8fde10ebe63a10,-285.3798,-809.67706,-712.0836,4050.2317,-1610.8477,938.6822,3846.2068,-1312.4897,694.00793,5342.251,0
295,mvdec_dekm_consistent_v1,airpollution_mvdec_dekm_consistent_v1_2b88b20cd9b6_seed_44,2b88b20cd9b6ab9268889294ab249f6a1e5fb71b3e5ee88d2e8fde10ebe63a10,-259.78915,-737.07324,-648.2298,3687.0576,-1466.4043,854.512,3501.324,-1194.8024,631.7807,4863.2207,0
296,mvdec_dekm_consistent_v1,airpollution_mvdec_dekm_consistent_v1_2b88b20cd9b6_seed_44,2b88b20cd9b6ab9268889294ab249f6a1e5fb71b3e5ee88d2e8fde10ebe63a10,-235.62424,-668.5154,-587.9343,3344.1243,-1330.0103,775.032,3175.661,-1083.6731,573.022,4410.8867,0
297,mvdec_dekm_consistent_v1,airpollution_mvdec_dekm_consistent_v1_2b88b20cd9b6_seed_44,2b88b20cd9b6ab9268889294ab249f6a1e5fb71b3e5ee88d2e8fde10ebe63a10,-208.25604,-590.8691,-519.64557,2955.7297,-1175.5356,685.0159,2806.8262,-957.8122,506.47336,3898.5884,0
298,mvdec_dekm_consistent_v1,airpollution_mvdec_dekm_consistent_v1_2b88b20cd9b6_seed_44,2b88b20cd9b6ab9268889294ab249f6a1e5fb71b3e5ee88d2e8fde10ebe63a10,-180.05856,-510.86978,-449.28754,2555.5652,-1016.3793,592.2721,2426.814,-828.1371,437.90833,3370.7659,3
299,mvdec_dekm_consistent_v1,airpollution_mvdec_dekm_consistent_v1_2b88b20cd9b6_seed_44,2b88b20cd9b6ab9268889294ab249f6a1e5fb71b3e5ee88d2e8fde10ebe63a10,-153.74103,-436.20352,-383.6202,2182.08,-867.8345,505.71143,2072.137,-707.10767,373.91467,2878.1335,3
300,mvdec_dekm_consistent_v1,airpollution_mvdec_dekm_consistent_v1_2b88b20cd9b6_seed_44,2b88b20cd9b6ab9268889294ab249f6a1e5fb71b3e5ee88d2e8fde10ebe63a10,-130.06482,-369.03226,-324.54456,1846.0851,-734.1984,427.83926,1753.06,-598.2263,316.3455,2434.9497,3
301,mvdec_dekm_consistent_v1,airpollution_mvdec_dekm_consistent_v1_2b88b20cd9b6_seed_44,2b88b20cd9b6ab9268889294ab249f6a1e5fb71b3e5ee88d2e8fde10ebe63a10,-108.31352,-307.32068,-270.27036,1537.3986,-611.42566,356.2967,1459.9188,-498.19516,263.45422,2027.788,3
302,mvdec_dekm_consistent_v1,airpollution_mvdec_dekm_consistent_v1_2b88b20cd9b6_seed_44,2b88b20cd9b6ab9268889294ab249f6a1e5fb71b3e5ee88d2e8fde10ebe63a10,-85.8139,-243.48709,-214.12912,1218.0942,-484.42987,282.29333,1156.695,-394.7232,208.74358,1606.6208,3
303,mvdec_dekm_consistent_v1,airpollution_mvdec_dekm_consistent_v1_2b88b20cd9b6_seed_44,2b88b20cd9b6ab9268889294ab249f6a1e5fb71b3e5ee88d2e8fde10ebe63a10,-61.604805,-174.80257,-153.7222,874.52795,-347.78455,202.667,830.4304,-283.38907,149.87599,1153.452,3
304,mvdec_dekm_consistent_v1,airpollution_mvdec_dekm_consistent_v1_2b88b20cd9b6_seed_44,2b88b20cd9b6ab9268889294ab249f6a1e5fb71b3e5ee88d2e8fde10ebe63a10,-32.47054,-92.1447,-81.02623,461.0668,-183.33917,106.841225,437.78964,-149.40483,79.032845,608.0901,3
305,mvdec_dekm_consistent_v1,airpollution_mvdec_dekm_consistent_v1_2b88b20cd9b6_seed_44,2b88b20cd9b6ab9268889294ab249f6a1e5fb71b3e5ee88d2e8fde10ebe63a10,-11.636816,-33.035233,-29.041395,165.40208,-65.744026,38.316074,157.01172,-53.59286,28.374104,218.10286,3
306,mvdec_dekm_consistent_v1,airpollution_mvdec_dekm_consistent_v1_2b88b20cd9b6_seed_44,2b88b20cd9b6ab9268889294ab249f6a1e5fb71b3e5ee88d2e8fde10ebe63a10,-8.292269,-23.543962,-20.693127,117.92156,-46.86064,27.312794,111.923775,-38.20624,20.23899,155.47627,3
307,mvdec_dekm_consistent_v1,airpollution_mvdec_dekm_consistent_v1_2b88b20cd9b6_seed_44,2b88b20cd9b6ab9268889294ab249f6a1e5fb71b3e5ee88d2e8fde10ebe63a10,-2.7434862,-7.8012404,-6.8477197,39.173683,-15.541635,9.061966,37.14351,-12.688285,6.7455845,51.607838,3
308,mvdec_dekm_consistent_v1,airpollution_mvdec_dekm_consistent_v1_2b88b20cd9b6_seed_44,2b88b20cd9b6ab9268889294ab249f6a1e5fb71b3e5ee88d2e8fde10ebe63a10,-17.711237,-50.268158,-44.19621,251.59605,-100.02785,58.294178,238.86845,-81.52455,43.142315,331.7957,3
309,mvdec_dekm_consistent_v1,airpollution_mvdec_dekm_consistent_v1_2b88b20cd9b6_seed_44,2b88b20cd9b6ab9268889294ab249f6a1e5fb71b3e5ee88d2e8fde10ebe63a10,-34.91749,-99.08494,-87.12917,495.7793,-197.14676,114.88737,470.75583,-160.65349,84.980354,653.87726,3
310,mvdec_dekm_consistent_v1,airpollution_mvdec_dekm_consistent_v1_2b88b20cd9b6_seed_44,2b88b20cd9b6ab9268889294ab249f6a1e5fb71b3e5ee88d2e8fde10ebe63a10,-49.6334,-140.83444,-123.84961,704.62744,-280.2084,163.28986,669.08093,-228.33066,120.767044,929.3475,3
311,mvdec_dekm_consistent_v1,airpollution_mvdec_dekm_consistent_v1_2b88b20cd9b6_seed_44,2b88b20cd9b6ab9268889294ab249f6a1e5fb71b3e5ee88d2e8fde10ebe63a10,-74.63023,-211.75325,-186.22179,1059.372,-421.2993,245.50676,1005.9597,-343.28702,181.54994,1397.2598,3
312,mvdec_dekm_consistent_v1,airpollution_mvdec_dekm_consistent_v1_2b88b20cd9b6_seed_44,2b88b20cd9b6ab9268889294ab249f6a1e5fb71b3e5ee88d2e8fde10ebe63a10,-103.01665,-292.28705,-257.0522,1462.221,-581.52136,338.87222,1388.5176,-473.8315,250.57664,1928.6212,3
313,mvdec_dekm_consistent_v1,airpollution_mvdec_dekm_consistent_v1_2b88b20cd9b6_seed_44,2b88b20cd9b6ab9268889294ab249f6a1e5fb71b3e5ee88d2e8fde10ebe63a10,-131.62556,-373.455,-328.43622,1868.221,-743.0003,432.96915,1774.0752,-605.3984,320.13974,2464.143,3
314,mvdec_dekm_consistent_v1,airpollution_mvdec_dekm_consistent_v1_2b88b20cd9b6_seed_44,2b88b20cd9b6ab9268889294ab249f6a1e5fb71b3e5ee88d2e8fde10ebe63a10,-161.72542,-458.85223,-403.54144,2295.3848,-912.8949,531.9704,2179.7273,-743.8228,393.33057,3027.5784,3
315,mvdec_dekm_consistent_v1,airpollution_mvdec_dekm_consistent_v1_2b88b20cd9b6_seed_44,2b88b20cd9b6ab9268889294ab249f6a1e5fb71b3e5ee88d2e8fde10ebe63a10,-192.69113,-546.70636,-480.80655,2734.8333,-1087.6761,633.81915,2597.0474,-886.2283,468.6256,3607.2185,0
316,mvdec_dekm_consistent_v1,airpollution_mvdec_dekm_consistent_v1_2b88b20cd9b6_seed_44,2b88b20cd9b6ab9268889294ab249f6a1e5fb71b3e5ee88d2e8fde10ebe63a10,-224.29434,-636.36865,-559.6626,3183.329,-1266.0557,737.7645,3022.9587,-1031.5658,545.4712,4198.7915,0
317,mvdec_dekm_consistent_v1,airpollution_mvdec_dekm_consistent_v1_2b88b20cd9b6_seed_44,2b88b20cd9b6ab9268889294ab249f6a1e5fb71b3e5ee88d2e8fde10ebe63a10,-256.234,-726.98615,-639.3589,3636.6047,-1446.3363,842.81805,3453.4097,-1178.4521,623.1362,4796.6704,0
318,mvdec_dekm_consistent_v1,airpollution_mvdec_dekm_consistent_v1_2b88b20cd9b6_seed_44,2b88b20cd9b6ab9268889294ab249f6a1e5fb71b3e5ee88d2e8fde10ebe63a10,-288.44565,-818.3754,-719.73376,4093.7415,-1628.1528,948.76624,3887.5266,-1326.5896,701.46295,5399.641,0
319,mvdec_dekm_consistent_v1,airpollution_mvdec_dekm_consistent_v1_2b88b20cd9b6_seed_44,2b88b20cd9b6ab9268889294ab249f6a1e5fb71b3e5ee88d2e8fde10ebe63a10,-320.86572,-910.3566,-800.62933,4553.8394,-1811.147,1055.4006,4324.4556,-1475.6869,780.29706,6006.518,0
320,mvdec_dekm_consistent_v1,airpollution_mvdec_dekm_consistent_v1_2b88b20cd9b6_seed_44,2b88b20cd9b6ab9268889294ab249f6a1e5fb71b3e5ee88d2e8fde10ebe63a10,-353.4374,-1002.76685,-881.90234,5016.083,-1994.9944,1162.5322,4763.4214,-1625.479,859.4989,6616.2246,0
321,mvdec_dekm_consistent_v1,airpollution_mvdec_dekm_consistent_v1_2b88b20cd9b6_seed_44,2b88b20cd9b6ab9268889294ab249f6a1e5fb71b3e5ee88d2e8fde10ebe63a10,-386.12173,-1095.4977,-963.45703,5479.931,-2179.4792,1270.0356,5203.9116,-1775.7913,938.9756,7228.0474,0
322,mvdec_dekm_consistent_v1,airpollution_mvdec_dekm_consistent_v1_2b88b20cd9b6_seed_44,2b88b20cd9b6ab9268889294ab249f6a1e5fb71b3e5ee88d2e8fde10ebe63a10,-418.89258,-1188.4739,-1045.2278,5945.0093,-2364.4531,1377.8236,5645.5674,-1926.5017,1018.66254,7841.4917,0
323,mvdec_dekm_consistent_v1,airpollution_mvdec_dekm_consistent_v1_2b88b20cd9b6_seed_44,2b88b20cd9b6ab9268889294ab249f6a1e5fb71b3e5ee88d2e8fde10ebe63a10,-451.6831,-1281.506,-1127.0472,6410.3643,-2549.5376,1485.6763,6087.4893,-2077.302,1098.3978,8455.301,2
324,mvdec_dekm_consistent_v1,airpollution_mvdec_dekm_consistent_v1_2b88b20cd9b6_seed_44,2b88b20cd9b6ab9268889294ab249f6a1e5fb71b3e5ee88d2e8fde10ebe63a10,-484.52206,-1374.6747,-1208.9878,6876.404,-2734.8948,1593.6873,6530.059,-2228.3245,1178.25,9070.015,2
325,mvdec_dekm_consistent_v1,airpollution_mvdec_dekm_consistent_v1_2b88b20cd9b6_seed_44,2b88b20cd9b6ab9268889294ab249f6a1e5fb71b3e5ee88d2e8fde10ebe63a10,-517.39404,-1467.9379,-1291.0105,7342.9165,-2920.4385,1701.808,6973.0776,-2379.5,1258.1836,9685.351,2
326,mvdec_dekm_consistent_v1,airpollution_mvdec_dekm_consistent_v1_2b88b20cd9b6_seed_44,2b88b20cd9b6ab9268889294ab249f6a1e5fb71b3e5ee88d2e8fde10ebe63a10,-550.25134,-1561.1578,-1372.996,7809.2144,-3105.8967,1809.8785,7415.891,-2530.605,1338.08,10300.402,2
327,mvdec_dekm_consistent_v1,airpollution_mvdec_dekm_consistent_v1_2b88b20cd9b6_seed_44,2b88b20cd9b6ab9268889294ab249f6a1e5fb71b3e5ee88d2e8fde10ebe63a10,-583.1509,-1654.4976,-1455.0868,8276.11,-3291.5935,1918.0883,7859.274,-2681.9048,1418.0793,10916.244,2
328,mvdec_dekm_consistent_v1,airpollution_mvdec_dekm_consistent_v1_2b88b20cd9b6_seed_44,2b88b20cd9b6ab9268889294ab249f6a1e5fb71b3e5ee88d2e8fde10ebe63a10,-616.08575,-1747.9386,-1537.2662,8743.514,-3477.4915,2026.415,8303.137,-2833.3684,1498.1655,11532.755,2
329,mvdec_dekm_consistent_v1,airpollution_mvdec_dekm_consistent_v1_2b88b20cd9b6_seed_44,2b88b20cd9b6ab9268889294ab249f6a1e5fb71b3e5ee88d2e8fde10ebe63a10,-649.012,-1841.3505,-1619.419,9210.764,-3663.3303,2134.7083,8746.857,-2984.7825,1578.2247,12149.0625,2
330,mvdec_dekm_consistent_v1,airpollution_mvdec_dekm_consistent_v1_2b88b20cd9b6_seed_44,2b88b20cd9b6ab9268889294ab249f6a1e5fb71b3e5ee88d2e8fde10ebe63a10,-681.94385,-1934.7831,-1701.591,9678.119,-3849.211,2243.0247,9190.679,-3136.231,1658.3022,12765.512,2
331,mvdec_dekm_consistent_v1,airpollution_mvdec_dekm_consistent_v1_2b88b20cd9b6_seed_44,2b88b20cd9b6ab9268889294ab249f6a1e5fb71b3e5ee88d2e8fde10ebe63a10,-714.90283,-2028.2924,-1783.831,10145.864,-4035.246,2351.4312,9634.868,-3287.806,1738.4464,13382.477,2
332,mvdec_dekm_consistent_v1,airpollution_mvdec_dekm_consistent_v1_2b88b20cd9b6_seed_44,2b88b20cd9b6ab9268889294ab249f6a1e5fb71b3e5ee88d2e8fde10ebe63a10,-747.88513,-2121.8674,-1866.1287,10613.936,-4221.4106,2459.9133,10079.369,-3439.4868,1818.6467,13999.867,2
333,mvdec_dekm_consistent_v1,airpollution_mvdec_dekm_consistent_v1_2b88b20cd9b6_seed_44,2b88b20cd9b6ab9268889294ab249f6a1e5fb71b3e5ee88d2e8fde10ebe63a10,-776.9543,-2204.3413,-1938.6633,11026.479,-4385.49,2555.5264,10471.136,-3573.173,1889.333,14544.019,2
334,mvdec_dekm_consistent_v1,airpollution_mvdec_dekm_consistent_v1_2b88b20cd9b6_seed_44,2b88b20cd9b6ab9268889294ab249f6a1e5fb71b3e5ee88d2e8fde10ebe63a10,-803.70435,-2280.2336,-2005.4094,11406.1,-4536.475,2643.5085,10831.637,-3696.191,1954.3783,15044.744,1
335,mvdec_dekm_consistent_v1,airpollution_mvdec_dekm_consistent_v1_2b88b20cd9b6_seed_44,2b88b20cd9b6ab9268889294ab249f6a1e5fb71b3e5ee88d2e8fde10ebe63a10,-830.92236,-2357.4539,-2073.3232,11792.365,-4690.1025,2733.0305,11198.452,-3821.362,2020.5624,15554.235,1
336,mvdec_dekm_consistent_v1,airpollution_mvdec_dekm_consistent_v1_2b88b20cd9b6_seed_44,2b88b20cd9b6ab9268889294ab249f6a1e5fb71b3e5ee88d2e8fde10ebe63a10,-858.5641,-2435.8777,-2142.2961,12184.652,-4846.124,2823.9487,11570.98,-3948.4844,2087.7773,16071.663,1
337,mvdec_dekm_consistent_v1,airpollution_mvdec_dekm_consistent_v1_2b88b20cd9b6_seed_44,2b88b20cd9b6ab9268889294ab249f6a1e5fb71b3e5ee88d2e8fde10ebe63a10,-886.59045,-2515.3916,-2212.2273,12582.391,-5004.3154,2916.13,11948.69,-4077.3726,2155.9265,16596.287,1
338,mvdec_dekm_consistent_v1,airpollution_mvdec_dekm_consistent_v1_2b88b20cd9b6_seed_44,2b88b20cd9b6ab9268889294ab249f6a1e5fb71b3e5ee88d2e8fde10ebe63a10,-914.96564,-2595.8955,-2283.0298,12985.079,-5164.476,3009.4585,12331.099,-4207.8657,2224.925,17127.436,1
339,mvdec_dekm_consistent_v1,airpollution_mvdec_dekm_consistent_v1_2b88b20cd9b6_seed_44,2b88b20cd9b6ab9268889294ab249f6a1e5fb71b3e5ee88d2e8fde10ebe63a10,-943.6587,-2677.301,-2354.6245,13392.276,-5326.429,3103.8325,12717.79,-4339.82,2294.695,17664.54,1
340,mvdec_dekm_consistent_v1,airpollution_mvdec_dekm_consistent_v1_2b88b20cd9b6_seed_44,2b88b20cd9b6ab9268889294ab249f6a1e5fb71b3e5ee88d2e8fde10ebe63a10,-972.64154,-2759.528,-2426.942,13803.584,-5490.0166,3199.159,13108.385,-4473.1064,2365.169,18207.059,1
341,mvdec_dekm_consistent_v1,airpollution_mvdec_dekm_consistent_v1_2b88b20cd9b6_seed_44,2b88b20cd9b6ab9268889294ab249f6a1e5fb71b3e5ee88d2e8fde10ebe63a10,-1001.8894,-2842.5093,-2499.9224,14218.664,-5655.107,3295.3596,13502.561,-4607.6143,2436.2898,18754.557,1
342,mvdec_dekm_consistent_v1,airpollution_mvdec_dekm_consistent_v1_2b88b20cd9b6_seed_44,2b88b20cd9b6ab9268889294ab249f6a1e5fb71b3e5ee88d2e8fde10ebe63a10,-1031.3798,-2926.1765,-2573.506,14637.173,-5821.5596,3392.3552,13899.996,-4743.234,2507.9976,19306.576,1
343,mvdec_dekm_consistent_v1,airpollution_mvdec_dekm_consistent_v1_2b88b20cd9b6_seed_44,2b88b20cd9b6ab9268889294ab249f6a1e5fb71b3e5ee88d2e8fde10ebe63a10,-1061.0906,-3010.4707,-2647.6414,15058.82,-5989.2617,3490.0784,14300.412,-4879.872,2580.2434,19862.736,1
344,mvdec_dekm_consistent_v1,airpollution_mvdec_dekm_consistent_v1_2b88b20cd9b6_seed_44,2b88b20cd9b6ab9268889294ab249f6a1e5fb71b3e5ee88d2e8fde10ebe63a10,-1091.0045,-3095.3418,-2722.2832,15483.352,-6158.1084,3588.4697,14703.565,-5017.444,2652.9836,20422.7,1
345,mvdec_dekm_consistent_v1,airpollution_mvdec_dekm_consistent_v1_2b88b20cd9b6_seed_44,2b88b20cd9b6ab9268889294ab249f6a1e5fb71b3e5ee88d2e8fde10ebe63a10,-1121.1055,-3180.7424,-2797.3916,15910.535,-6328.0117,3687.4756,15109.237,-5155.8745,2726.1782,20986.16,1
346,mvdec_dekm_consistent_v1,airpollution_mvdec_dekm_consistent_v1_2b88b20cd9b6_seed_44,2b88b20cd9b6ab9268889294ab249f6a1e5fb71b3e5ee88d2e8fde10ebe63a10,-1151.3782,-3266.6326,-2872.9297,16340.163,-6498.887,3787.0476,15517.231,-5295.0977,2799.7913,21552.848,1
347,mvdec_dekm_consistent_v1,airpollution_mvdec_dekm_consistent_v1_2b88b20cd9b6_seed_44,2b88b20cd9b6ab9268889294ab249f6a1e5fb71b3e5ee88d2e8fde10ebe63a10,-1181.8099,-3352.9724,-2948.8638,16772.047,-6670.658,3887.1426,15927.364,-5435.051,2873.791,22122.508,1
348,mvdec_dekm_consistent_v1,airpollution_mvdec_dekm_consistent_v1_2b88b20cd9b6_seed_44,2b88b20cd9b6ab9268889294ab249f6a1e5fb71b3e5ee88d2e8fde10ebe63a10,-1212.3888,-3439.7297,-3025.1648,17206.014,-6843.2583,3987.7207,16339.478,-5575.679,2948.148,22694.916,1
349,mvdec_dekm_consistent_v1,airpollution_mvdec_dekm_consistent_v1_2b88b20cd9b6_seed_44,2b88b20cd9b6ab9268889294ab249f6a1e5fb71b3e5ee88d2e8fde10ebe63a10,-1243.1031,-3526.8706,-3101.8042,17641.904,-7016.624,4088.7446,16753.414,-5716.9316,3022.8345,23269.86,1
350,mvdec_dekm_consistent_v1,airpollution_mvdec_dekm_consistent_v1_2b88b20cd9b6_seed_44,2b88b20cd9b6ab9268889294ab249f6a1e5fb71b3e5ee88d2e8fde10ebe63a10,-596.4269,-1692.1656,-1488.2146,8464.526,-3366.533,1961.7567,8038.203,-2742.9626,1450.3625,11164.77,2
351,mvdec_dekm_consistent_v1,airpollution_mvdec_dekm_consistent_v1_2b88b20cd9b6_seed_44,2b88b20cd9b6ab9268889294ab249f6a1e5fb71b3e5ee88d2e8fde10ebe63a10,-578.46136,-1641.194,-1443.3864,8209.565,-3265.127,1902.6652,7796.0806,-2660.3406,1406.6774,10828.47,2
352,mvdec_dekm_consistent_v1,airpollution_mvdec_dekm_consistent_v1_2b88b20cd9b6_seed_44,2b88b20cd9b6ab9268889294ab249f6a1e5fb71b3e5ee88d2e8fde10ebe63a10,-561.87085,-1594.124,-1401.989,7974.1157,-3171.4814,1848.0963,7572.4863,-2584.042,1366.3353,10517.909,2
353,mvdec_dekm_consistent_v1,airpollution_mvdec_dekm_consistent_v1_2b88b20cd9b6_seed_44,2b88b20cd9b6ab9268889294ab249f6a1e5fb71b3e5ee88d2e8fde10ebe63a10,-546.7875,-1551.3246,-1364.3469,7760.0264,-3086.3328,1798.4792,7369.1777,-2514.6643,1329.6522,10235.52,2
354,mvdec_dekm_consistent_v1,airpollution_mvdec_dekm_consistent_v1_2b88b20cd9b6_seed_44,2b88b20cd9b6ab9268889294ab249f6a1e5fb71b3e5ee88d2e8fde10ebe63a10,-526.98804,-1495.1523,-1314.9443,7479.0454,-2974.5793,1733.358,7102.347,-2423.6113,1281.5083,9864.903,2
355,mvdec_dekm_consistent_v1,airpollution_mvdec_dekm_consistent_v1_2b88b20cd9b6_seed_44,2b88b20cd9b6ab9268889294ab249f6a1e5fb71b3e5ee88d2e8fde10ebe63a10,-497.69434,-1412.0419,-1241.8503,7063.319,-2809.2344,1637.0074,6707.557,-2288.8936,1210.2767,9316.555,2
356,mvdec_dekm_consistent_v1,airpollution_mvdec_dekm_consistent_v1_2b88b20cd9b6_seed_44,2b88b20cd9b6ab9268889294ab249f6a1e5fb71b3e5ee88d2e8fde10ebe63a10,-468.70706,-1329.802,-1169.5217,6651.9463,-2645.62,1541.6661,6316.9014,-2155.5862,1139.7913,8773.95,2
357,mvdec_dekm_consistent_v1,airpollution_mvdec_dekm_consistent_v1_2b88b20cd9b6_seed_44,2b88b20cd9b6ab9268889294ab249f6a1e5fb71b3e5ee88d2e8fde10ebe63a10,-440.25183,-1249.0708,-1098.5201,6248.1216,-2485.008,1448.074,5933.413,-2024.7255,1070.5991,8241.298,0
358,mvdec_dekm_consistent_v1,airpollution_mvdec_dekm_consistent_v1_2b88b20cd9b6_seed_44,2b88b20cd9b6ab9268889294ab249f6a1e5fb71b3e5ee88d2e8fde10ebe63a10,-412.46448,-1170.2343,-1029.1853,5853.7754,-2328.1653,1356.6782,5558.925,-1896.9354,1003.0314,7721.1494,0
359,mvdec_dekm_consistent_v1,airpollution_mvdec_dekm_consistent_v1_2b88b20cd9b6_seed_44,2b88b20cd9b6ab9268889294ab249f6a1e5fb71b3e5ee88d2e8fde10ebe63a10,-385.22665,-1092.9569,-961.2217,5467.2275,-2174.4243,1267.0903,5191.8423,-1771.673,936.79944,7211.2856,0
360,mvdec_dekm_consistent_v1,airpollution_mvdec_dekm_consistent_v1_2b88b20cd9b6_seed_44,2b88b20cd9b6ab9268889294ab249f6a1e5fb71b3e5ee88d2e8fde10ebe63a10,-358.92676,-1018.3407,-895.5986,5093.992,-2025.9779,1180.5873,4837.402,-1650.7241,872.84863,6718.982,0
361,mvdec_dekm_consistent_v1,airpollution_mvdec_dekm_consistent_v1_2b88b20cd9b6_seed_44,2b88b20cd9b6ab9268889294ab249f6a1e5fb71b3e5ee88d2e8fde10ebe63a10,-333.79507,-947.0384,-832.88983,4737.331,-1884.1237,1097.9263,4498.7017,-1535.1469,811.73773,6248.542,0
362,mvdec_dekm_consistent_v1,airpollution_mvdec_dekm_consistent_v1_2b88b20cd9b6_seed_44,2b88b20cd9b6ab9268889294ab249f6a1e5fb71b3e5ee88d2e8fde10ebe63a10,-310.15244,-879.96045,-773.8964,4401.8013,-1750.6743,1020.16223,4180.068,-1426.4166,754.2472,5805.973,0
363,mvdec_dekm_consistent_v1,airpollution_mvdec_dekm_consistent_v1_2b88b20cd9b6_seed_44,2b88b20cd9b6ab9268889294ab249f6a1e5fb71b3e5ee88d2e8fde10ebe63a10,-288.29065,-817.93524,-719.347,4091.5457,-1627.2771,948.25616,3885.437,-1325.8771,701.0874,5396.7417,0
364,mvdec_dekm_consistent_v1,airpollution_mvdec_dekm_consistent_v1_2b88b20cd9b6_seed_44,2b88b20cd9b6ab9268889294ab249f6a1e5fb71b3e5ee88d2e8fde10ebe63a10,-264.50024,-750.4385,-659.9851,3753.9194,-1492.994,870.0067,3564.8135,-1216.4679,643.2377,4951.408,0
365,mvdec_dekm_consistent_v1,airpollution_mvdec_dekm_consistent_v1_2b88b20cd9b6_seed_44,2b88b20cd9b6ab9268889294ab249f6a1e5fb71b3e5ee88d2e8fde10ebe63a10,-238.48114,-676.61975,-595.0628,3384.6692,-1346.1343,784.42816,3214.1602,-1096.8113,579.9693,4464.3633,0
366,mvdec_dekm_consistent_v1,airpollution_mvdec_dekm_consistent_v1_2b88b20cd9b6_seed_44,2b88b20cd9b6ab9268889294ab249f6a1e5fb71b3e5ee88d2e8fde10ebe63a10,-212.93129,-604.1321,-531.3116,3022.0808,-1201.9229,700.39294,2869.8313,-979.3127,517.84326,3986.1038,0
367,mvdec_dekm_consistent_v1,airpollution_mvdec_dekm_consistent_v1_2b88b20cd9b6_seed_44,2b88b20cd9b6ab9268889294ab249f6a1e5fb71b3e5ee88d2e8fde10ebe63a10,-188.62903,-535.1842,-470.67285,2677.1946,-1064.7535,620.461,2542.3154,-867.55133,458.74908,3531.1948,0
368,mvdec_dekm_consistent_v1,airpollution_mvdec_dekm_consistent_v1_2b88b20cd9b6_seed_44,2b88b20cd9b6ab9268889294ab249f6a1e5fb71b3e5ee88d2e8fde10ebe63a10,-163.34882,-463.46204,-407.59415,2318.4324,-922.06464,537.3128,2201.6213,-751.293,397.27783,3057.983,3
369,mvdec_dekm_consistent_v1,airpollution_mvdec_dekm_consistent_v1_2b88b20cd9b6_seed_44,2b88b20cd9b6ab9268889294ab249f6a1e5fb71b3e5ee88d2e8fde10ebe63a10,-134.09308,-380.46024,-334.596,1903.2515,-756.9361,441.08862,1807.3485,-616.75195,326.14023,2510.3535,3
370,mvdec_dekm_consistent_v1,airpollution_mvdec_dekm_consistent_v1_2b88b20cd9b6_seed_44,2b88b20cd9b6ab9268889294ab249f6a1e5fb71b3e5ee88d2e8fde10ebe63a10,-106.91789,-303.36255,-266.78906,1517.5977,-603.5513,351.70773,1441.1171,-491.77905,260.06128,2001.6716,3
371,mvdec_dekm_consistent_v1,airpollution_mvdec_dekm_consistent_v1_2b88b20cd9b6_seed_44,2b88b20cd9b6ab9268889294ab249f6a1e5fb71b3e5ee88d2e8fde10ebe63a10,-83.12077,-235.84761,-207.4112,1179.884,-469.2334,273.43765,1120.4102,-382.34152,202.19717,1556.2223,3
372,mvdec_dekm_consistent_v1,airpollution_mvdec_dekm_consistent_v1_2b88b20cd9b6_seed_44,2b88b20cd9b6ab9268889294ab249f6a1e5fb71b3e5ee88d2e8fde10ebe63a10,-61.880863,-175.58932,-154.4136,878.4603,-349.34924,203.5783,834.16754,-284.6638,150.54987,1158.6409,3
373,mvdec_dekm_consistent_v1,airpollution_mvdec_dekm_consistent_v1_2b88b20cd9b6_seed_44,2b88b20cd9b6ab9268889294ab249f6a1e5fb71b3e5ee88d2e8fde10ebe63a10,-38.82374,-110.17313,-96.88087,551.24097,-219.20663,127.74094,523.4281,-178.62737,94.48269,727.0346,3
374,mvdec_dekm_consistent_v1,airpollution_mvdec_dekm_consistent_v1_2b88b20cd9b6_seed_44,2b88b20cd9b6ab9268889294ab249f6a1e5fb71b3e5ee88d2e8fde10ebe63a10,-16.348251,-46.406532,-40.799744,232.27771,-92.34467,53.816017,220.52512,-75.265305,39.831654,306.31628,3
375,mvdec_dekm_consistent_v1,airpollution_mvdec_dekm_consistent_v1_2b88b20cd9b6_seed_44,2b88b20cd9b6ab9268889294ab249f6a1e5fb71b3e5ee88d2e8fde10ebe63a10,-12.237634,-34.74283,-30.542685,173.94075,-69.14108,40.295063,165.12312,-56.360424,29.837,229.36736,3
376,mvdec_dekm_consistent_v1,airpollution_mvdec_dekm_consistent_v1_2b88b20cd9b6_seed_44,2b88b20cd9b6ab9268889294ab249f6a1e5fb71b3e5ee88d2e8fde10ebe63a10,-34.957874,-99.20393,-87.234726,496.38007,-197.38263,115.0247,471.32318,-160.84778,85.084366,654.6679,3
377,mvdec_dekm_consistent_v1,airpollution_mvdec_dekm_consistent_v1_2b88b20cd9b6_seed_44,2b88b20cd9b6ab9268889294ab249f6a1e5fb71b3e5ee88d2e8fde10ebe63a10,-29.147827,-82.71223,-72.73038,413.88882,-164.57324,95.90714,392.98254,-134.11482,70.9501,545.8577,3
378,mvdec_dekm_consistent_v1,airpollution_mvdec_dekm_consistent_v1_2b88b20cd9b6_seed_44,2b88b20cd9b6ab9268889294ab249f6a1e5fb71b3e5ee88d2e8fde10ebe63a10,-8.296455,-23.554142,-20.701149,117.97079,-46.87976,27.324104,111.96892,-38.22177,20.246515,155.53966,3
379,mvdec_dekm_consistent_v1,airpollution_mvdec_dekm_consistent_v1_2b88b20cd9b6_seed_44,2b88b20cd9b6ab9268889294ab249f6a1e5fb71b3e5ee88d2e8fde10ebe63a10,-3.7173011,-10.5622425,-9.275253,52.984165,-21.033108,12.262346,50.255737,-17.162868,9.111426,69.82185,3
380,mvdec_dekm_consistent_v1,airpollution_mvdec_dekm_consistent_v1_2b88b20cd9b6_seed_44,2b88b20cd9b6ab9268889294ab249f6a1e5fb71b3e5ee88d2e8fde10ebe63a10,-29.034914,-82.39257,-72.44959,412.28976,-163.93832,95.53687,391.46585,-133.5972,70.67615,543.74994,3
381,mvdec_dekm_consistent_v1,airpollution_mvdec_dekm_consistent_v1_2b88b20cd9b6_seed_44,2b88b20cd9b6ab9268889294ab249f6a1e5fb71b3e5ee88d2e8fde10ebe63a10,-57.33204,-162.67546,-143.05704,813.8728,-323.65887,188.60944,772.8257,-263.73212,139.48422,1073.4437,3
382,mvdec_dekm_consistent_v1,airpollution_mvdec_dekm_consistent_v1_2b88b20cd9b6_seed_44,2b88b20cd9b6ab9268889294ab249f6a1e5fb71b3e5ee88d2e8fde10ebe63a10,-87.628624,-248.6304,-218.6545,1243.8359,-494.6649,288.25882,1181.1329,-403.06302,213.15652,1640.5696,3
383,mvdec_dekm_consistent_v1,airpollution_mvdec_dekm_consistent_v1_2b88b20cd9b6_seed_44,2b88b20cd9b6ab9268889294ab249f6a1e5fb71b3e5ee88d2e8fde10ebe63a10,-119.253204,-338.35425,-297.56384,1692.6366,-673.1667,392.27524,1607.3352,-548.49963,290.0538,2232.5464,3
384,mvdec_dekm_consistent_v1,airpollution_mvdec_dekm_consistent_v1_2b88b20cd9b6_seed_44,2b88b20cd9b6ab9268889294ab249f6a1e5fb71b3e5ee88d2e8fde10ebe63a10,-151.42108,-429.6188,-377.82956,2149.1523,-854.7347,498.07895,2040.8604,-696.4353,368.27423,2834.6958,3
385,mvdec_dekm_consistent_v1,airpollution_mvdec_dekm_consistent_v1_2b88b20cd9b6_seed_44,2b88b20cd9b6ab9268889294ab249f6a1e5fb71b3e5ee88d2e8fde10ebe63a10,-183.97137,-521.969,-459.04886,2611.0913,-1038.4609,605.13995,2479.538,-846.129,447.42307,3444.001,0
386,mvdec_dekm_consistent_v1,airpollution_mvdec_dekm_consistent_v1_2b88b20cd9b6_seed_44,2b88b20cd9b6ab9268889294ab249f6a1e5fb71b3e5ee88d2e8fde10ebe63a10,-216.72705,-614.90125,-540.7813,3075.949,-1223.3467,712.8771,2920.9849,-996.7681,527.07275,4057.1548,0
387,mvdec_dekm_consistent_v1,airpollution_mvdec_dekm_consistent_v1_2b88b20cd9b6_seed_44,2b88b20cd9b6ab9268889294ab249f6a1e5fb71b3e5ee88d2e8fde10ebe63a10,-249.51788,-707.9327,-622.60156,3541.3035,-1408.4305,820.7295,3362.904,-1147.5682,606.80786,4670.9634,0
388,mvdec_dekm_consistent_v1,airpollution_mvdec_dekm_consistent_v1_2b88b20cd9b6_seed_44,2b88b20cd9b6ab9268889294ab249f6a1e5fb71b3e5ee88d2e8fde10ebe63a10,-282.39777,-801.21655,-704.64325,4007.9177,-1594.0157,928.8742,3806.02,-1298.777,686.7586,5286.4346,0
389,mvdec_dekm_consistent_v1,airpollution_mvdec_dekm_consistent_v1_2b88b20cd9b6_seed_44,2b88b20cd9b6ab9268889294ab249f6a1e5fb71b3e5ee88d2e8fde10ebe63a10,-315.2426,-894.4018,-786.598,4474.038,-1779.4049,1036.9043,4248.6675,-1449.8258,766.6246,5901.2554,0
390,mvdec_dekm_consistent_v1,airpollution_mvdec_dekm_consistent_v1_2b88b20cd9b6_seed_44,2b88b20cd9b6ab9268889294ab249f6a1e5fb71b3e5ee88d2e8fde10ebe63a10,-348.14536,-987.75226,-868.6979,4940.985,-1965.1227,1145.1261,4692.1006,-1601.1421,846.63196,6517.165,0
391,mvdec_dekm_consistent_v1,airpollution_mvdec_dekm_consistent_v1_2b88b20cd9b6_seed_44,2b88b20cd9b6ab9268889294ab249f6a1e5fb71b3e5ee88d2e8fde10ebe63a10,-381.1061,-1081.2671,-950.94226,5408.754,-2151.168,1253.5382,5136.314,-1752.7251,926.78015,7134.1597,0
392,mvdec_dekm_consistent_v1,airpollution_mvdec_dekm_consistent_v1_2b88b20cd9b6_seed_44,2b88b20cd9b6ab9268889294ab249f6a1e5fb71b3e5ee88d2e8fde10ebe63a10,-414.00912,-1174.6179,-1033.0422,5875.7036,-2336.887,1361.7606,5579.75,-1904.0425,1006.78827,7750.074,0
393,mvdec_dekm_consistent_v1,airpollution_mvdec_dekm_consistent_v1_2b88b20cd9b6_seed_44,2b88b20cd9b6ab9268889294ab249f6a1e5fb71b3e5ee88d2e8fde10ebe63a10,-446.9554,-1268.0918,-1115.2505,6343.2676,-2522.8503,1470.1251,6023.7686,-2055.5588,1086.9015,8366.798,2
394,mvdec_dekm_consistent_v1,airpollution_mvdec_dekm_consistent_v1_2b88b20cd9b6_seed_44,2b88b20cd9b6ab9268889294ab249f6a1e5fb71b3e5ee88d2e8fde10ebe63a10,-479.94153,-1361.679,-1197.5582,6811.3984,-2709.0393,1578.6211,6468.3267,-2207.2588,1167.1118,8984.27,2
395,mvdec_dekm_consistent_v1,airpollution_mvdec_dekm_consistent_v1_2b88b20cd9b6_seed_44,2b88b20cd9b6ab9268889294ab249f6a1e5fb71b3e5ee88d2e8fde10ebe63a10,-512.95953,-1455.3567,-1279.946,7279.9824,-2895.4084,1687.2223,6913.314,-2359.106,1247.4001,9602.34,2
396,mvdec_dekm_consistent_v1,airpollution_mvdec_dekm_consistent_v1_2b88b20cd9b6_seed_44,2b88b20cd9b6ab9268889294ab249f6a1e5fb71b3e5ee88d2e8fde10ebe63a10,-546.00415,-1549.1093,-1362.3989,7748.9404,-3081.9263,1795.9099,7358.657,-2511.0745,1327.7523,10220.904,2
397,mvdec_dekm_consistent_v1,airpollution_mvdec_dekm_consistent_v1_2b88b20cd9b6_seed_44,2b88b20cd9b6ab9268889294ab249f6a1e5fb71b3e5ee88d2e8fde10ebe63a10,-579.0698,-1642.9221,-1444.9055,8218.204,-3268.5652,1904.6681,7804.2876,-2663.1409,1408.1566,10839.867,2
398,mvdec_dekm_consistent_v1,airpollution_mvdec_dekm_consistent_v1_2b88b20cd9b6_seed_44,2b88b20cd9b6ab9268889294ab249f6a1e5fb71b3e5ee88d2e8fde10ebe63a10,-612.15295,-1736.7837,-1527.455,8687.708,-3455.2996,2013.4823,8250.149,-2815.286,1488.6028,11459.151,2
399,mvdec_dekm_consistent_v1,airpollution_mvdec_dekm_consistent_v1_2b88b20cd9b6_seed_44,2b88b20cd9b6ab9268889294ab249f6a1e5fb71b3e5ee88d2e8fde10ebe63a10,-645.2503,-1830.6855,-1610.0402,9157.418,-3642.1138,2122.344,8696.2,-2967.4966,1569.0839,12078.699,2
400,mvdec_dekm_consistent_v1,airpollution_mvdec_dekm_consistent_v1_2b88b20cd9b6_seed_44,2b88b20cd9b6ab9268889294ab249f6a1e5fb71b3e5ee88d2e8fde10ebe63a10,-678.2323,-1924.259,-1692.3365,9625.483,-3828.2761,2230.8245,9140.694,-3119.175,1649.2836,12696.087,2
401,mvdec_dekm_consistent_v1,airpollution_mvdec_dekm_consistent_v1_2b88b20cd9b6_seed_44,2b88b20cd9b6ab9268889294ab249f6a1e5fb71b3e5ee88d2e8fde10ebe63a10,-704.02625,-1997.4386,-1756.6969,9991.538,-3973.8645,2315.6624,9488.3125,-3237.7966,1712.005,13178.916,2
402,mvdec_dekm_consistent_v1,airpollution_mvdec_dekm_consistent_v1_2b88b20cd9b6_seed_44,2b88b20cd9b6ab9268889294ab249f6a1e5fb71b3e5ee88d2e8fde10ebe63a10,-730.4215,-2072.3247,-1822.558,10366.127,-4122.847,2402.4785,9844.037,-3359.183,1776.1877,13673.001,2
403,mvdec_dekm_consistent_v1,airpollution_mvdec_dekm_consistent_v1_2b88b20cd9b6_seed_44,2b88b20cd9b6ab9268889294ab249f6a1e5fb71b3e5ee88d2e8fde10ebe63a10,-757.3493,-2148.7136,-1889.7411,10748.238,-4274.8213,2491.038,10206.897,-3483.0059,1841.6599,14177.007,2
404,mvdec_dekm_consistent_v1,airpollution_mvdec_dekm_consistent_v1_2b88b20cd9b6_seed_44,2b88b20cd9b6ab9268889294ab249f6a1e5fb71b3e5ee88d2e8fde10ebe63a10,-784.7701,-2226.5107,-1958.1616,11137.383,-4429.5957,2581.2285,10576.446,-3609.1104,1908.3373,14690.297,2
405,mvdec_dekm_consistent_v1,airpollution_mvdec_dekm_consistent_v1_2b88b20cd9b6_seed_44,2b88b20cd9b6ab9268889294ab249f6a1e5fb71b3e5ee88d2e8fde10ebe63a10,-812.6251,-2305.5386,-2027.6654,11532.69,-4586.8203,2672.8467,10951.846,-3737.2112,1976.0696,15211.712,1
406,mvdec_dekm_consistent_v1,airpollution_mvdec_dekm_consistent_v1_2b88b20cd9b6_seed_44,2b88b20cd9b6ab9268889294ab249f6a1e5fb71b3e5ee88d2e8fde10ebe63a10,-840.8707,-2385.677,-2098.1445,11933.545,-4746.2515,2765.7502,11332.518,-3867.1106,2044.7527,15740.445,1
407,mvdec_dekm_consistent_v1,airpollution_mvdec_dekm_consistent_v1_2b88b20cd9b6_seed_44,2b88b20cd9b6ab9268889294ab249f6a1e5fb71b3e5ee88d2e8fde10ebe63a10,-869.4698,-2466.8157,-2169.5046,12339.406,-4907.675,2859.815,11717.939,-3998.632,2114.294,16275.785,1
408,mvdec_dekm_consistent_v1,airpollution_mvdec_dekm_consistent_v1_2b88b20cd9b6_seed_44,2b88b20cd9b6ab9268889294ab249f6a1e5fb71b3e5ee88d2e8fde10ebe63a10,-898.3868,-2548.8584,-2241.66,12749.792,-5070.896,2954.9275,12107.662,-4131.619,2184.61,16817.092,1
409,mvdec_dekm_consistent_v1,airpollution_mvdec_dekm_consistent_v1_2b88b20cd9b6_seed_44,2b88b20cd9b6ab9268889294ab249f6a1e5fb71b3e5ee88d2e8fde10ebe63a10,-927.5925,-2631.7207,-2314.5354,13164.276,-5235.748,3050.9905,12501.274,-4265.935,2255.6292,17363.805,1
410,mvdec_dekm_consistent_v1,airpollution_mvdec_dekm_consistent_v1_2b88b20cd9b6_seed_44,2b88b20cd9b6ab9268889294ab249f6a1e5fb71b3e5ee88d2e8fde10ebe63a10,-957.0618,-2715.3281,-2388.067,13582.49,-5402.0825,3147.9167,12898.425,-4401.4595,2327.2866,17915.434,1
411,mvdec_dekm_consistent_v1,airpollution_mvdec_dekm_consistent_v1_2b88b20cd9b6_seed_44,2b88b20cd9b6ab9268889294ab249f6a1e5fb71b3e5ee88d2e8fde10ebe63a10,-986.7696,-2799.6128,-2462.195,14004.093,-5569.765,3245.6301,13298.796,-4538.082,2399.525,18471.533,1
412,mvdec_dekm_consistent_v1,airpollution_mvdec_dekm_consistent_v1_2b88b20cd9b6_seed_44,2b88b20cd9b6ab9268889294ab249f6a1e5fb71b3e5ee88d2e8fde10ebe63a10,-1016.6959,-2884.5176,-2536.8672,14428.797,-5738.681,3344.0605,13702.111,-4675.7085,2472.2944,19031.723,1
413,mvdec_dekm_consistent_v1,airpollution_mvdec_dekm_consistent_v1_2b88b20cd9b6_seed_44,2b88b20cd9b6ab9268889294ab249f6a1e5fb71b3e5ee88d2e8fde10ebe63a10,-1046.8218,-2969.9878,-2612.0361,14856.326,-5908.7197,3443.1462,14108.109,-4814.2515,2545.5486,19595.639,1
414,mvdec_dekm_consistent_v1,airpollution_mvdec_dekm_consistent_v1_2b88b20cd9b6_seed_44,2b88b20cd9b6ab9268889294ab249f6a1e5fb71b3e5ee88d2e8fde10ebe63a10,-1077.1295,-3055.976,-2687.6614,15286.451,-6079.792,3542.8335,14516.573,-4953.635,2619.2473,20162.98,1
415,mvdec_dekm_consistent_v1,airpollution_mvdec_dekm_consistent_v1_2b88b20cd9b6_seed_44,2b88b20cd9b6ab9268889294ab249f6a1e5fb71b3e5ee88d2e8fde10ebe63a10,-1107.6062,-3142.4407,-2763.7065,15718.955,-6251.811,3643.0725,14927.297,-5093.79,2693.3538,20733.459,1
416,mvdec_dekm_consistent_v1,airpollution_mvdec_dekm_consistent_v1_2b88b20cd9b6_seed_44,2b88b20cd9b6ab9268889294ab249f6a1e5fb71b3e5ee88d2e8fde10ebe63a10,-1138.2372,-3229.3462,-2840.1384,16153.668,-6424.708,3743.823,15340.116,-5234.66,2767.8381,21306.85,1
417,mvdec_dekm_consistent_v1,airpollution_mvdec_dekm_consistent_v1_2b88b20cd9b6_seed_44,2b88b20cd9b6ab9268889294ab249f6a1e5fb71b3e5ee88d2e8fde10ebe63a10,-1169.0126,-3316.6584,-2916.9287,16590.41,-6598.412,3845.0447,15754.864,-5376.189,2842.6702,21882.92,1
418,mvdec_dekm_consistent_v1,airpollution_mvdec_dekm_consistent_v1_2b88b20cd9b6_seed_44,2b88b20cd9b6ab9268889294ab249f6a1e5fb71b3e5ee88d2e8fde10ebe63a10,-1199.9194,-3404.3447,-2994.0469,17029.023,-6772.862,3946.7002,16171.396,-5518.324,2917.823,22461.465,1
419,mvdec_dekm_consistent_v1,airpollution_mvdec_dekm_consistent_v1_2b88b20cd9b6_seed_44,2b88b20cd9b6ab9268889294ab249f6a1e5fb71b3e5ee88d2e8fde10ebe63a10,-1230.9468,-3492.3767,-3071.469,17469.363,-6947.998,4048.7556,16589.562,-5661.0195,2993.272,23042.28,1
420,mvdec_dekm_consistent_v1,airpollution_mvdec_dekm_consistent_v1_2b88b20cd9b6_seed_44,2b88b20cd9b6ab9268889294ab249f6a1e5fb71b3e5ee88d2e8fde10ebe63a10,-569.19977,-1614.9143,-1420.275,8078.11,-3212.8435,1872.1991,7671.244,-2617.742,1384.1534,10655.08,2
421,mvdec_dekm_consistent_v1,airpollution_mvdec_dekm_consistent_v1_2b88b20cd9b6_seed_44,2b88b20cd9b6ab9268889294ab249f6a1e5fb71b3e5ee88d2e8fde10ebe63a10,-550.3494,-1561.4347,-1373.2402,7810.5986,-3106.4475,1810.2,7417.2056,-2531.054,1338.3171,10302.229,2
422,mvdec_dekm_consistent_v1,airpollution_mvdec_dekm_consistent_v1_2b88b20cd9b6_seed_44,2b88b20cd9b6ab9268889294ab249f6a1e5fb71b3e5ee88d2e8fde10ebe63a10,-532.9058,-1511.9459,-1329.716,7563.0513,-3007.991,1752.8271,7182.1255,-2450.835,1295.9017,9975.709,2
423,mvdec_dekm_consistent_v1,airpollution_mvdec_dekm_consistent_v1_2b88b20cd9b6_seed_44,2b88b20cd9b6ab9268889294ab249f6a1e5fb71b3e5ee88d2e8fde10ebe63a10,-516.98083,-1466.7659,-1289.9803,7337.054,-2918.107,1700.4493,6967.5107,-2377.6003,1257.179,9677.618,2
424,mvdec_dekm_consistent_v1,airpollution_mvdec_dekm_consistent_v1_2b88b20cd9b6_seed_44,2b88b20cd9b6ab9268889294ab249f6a1e5fb71b3e5ee88d2e8fde10ebe63a10,-502.73535,-1426.3503,-1254.4352,7134.8906,-2837.7014,1653.595,6775.53,-2312.0881,1222.5396,9410.962,2
425,mvdec_dekm_consistent_v1,airpollution_mvdec_dekm_consistent_v1_2b88b20cd9b6_seed_44,2b88b20cd9b6ab9268889294ab249f6a1e5fb71b3e5ee88d2e8fde10ebe63a10,-482.00577,-1367.5381,-1202.7108,6840.707,-2720.697,1585.4135,6496.16,-2216.757,1172.1339,9022.931,2
426,mvdec_dekm_consistent_v1,airpollution_mvdec_dekm_consistent_v1_2b88b20cd9b6_seed_44,2b88b20cd9b6ab9268889294ab249f6a1e5fb71b3e5ee88d2e8fde10ebe63a10,-452.7312,-1284.4828,-1129.6653,6425.2573,-2555.461,1489.1268,6101.631,-2082.128,1100.9493,8474.944,2
427,mvdec_dekm_consistent_v1,airpollution_mvdec_dekm_consistent_v1_2b88b20cd9b6_seed_44,2b88b20cd9b6ab9268889294ab249f6a1e5fb71b3e5ee88d2e8fde10ebe63a10,-423.44373,-1201.3905,-1056.5867,6009.6206,-2390.1501,1392.797,5706.9253,-1947.4393,1029.7339,7926.713,0
428,mvdec_dekm_consistent_v1,airpollution_mvdec_dekm_consistent_v1_2b88b20cd9b6_seed_44,2b88b20cd9b6ab9268889294ab249f6a1e5fb71b3e5ee88d2e8fde10ebe63a10,-394.55536,-1119.4302,-984.5042,5599.649,-2227.0928,1297.7803,5317.598,-1814.5857,959.48865,7385.955,0
429,mvdec_dekm_consistent_v1,airpollution_mvdec_dekm_consistent_v1_2b88b20cd9b6_seed_44,2b88b20cd9b6ab9268889294ab249f6a1e5fb71b3e5ee88d2e8fde10ebe63a10,-366.3692,-1039.4612,-914.17365,5199.6396,-2067.9973,1205.072,4937.7314,-1684.9604,890.9507,6858.335,0
430,mvdec_dekm_consistent_v1,airpollution_mvdec_dekm_consistent_v1_2b88b20cd9b6_seed_44,2b88b20cd9b6ab9268889294ab249f6a1e5fb71b3e5ee88d2e8fde10ebe63a10,-338.84186,-961.35266,-845.4784,4808.9395,-1912.6007,1114.5216,4566.6963,-1558.3495,824.00836,6342.9883,0
431,mvdec_dekm_consistent_v1,airpollution_mvdec_dekm_consistent_v1_2b88b20cd9b6_seed_44,2b88b20cd9b6ab9268889294ab249f6a1e5fb71b3e5ee88d2e8fde10ebe63a10,-312.2005,-885.76917,-779.0038,4430.861,-1762.2296,1026.8966,4207.659,-1435.8318,759.2271,5844.299,0
432,mvdec_dekm_consistent_v1,airpollution_mvdec_dekm_consistent_v1_2b88b20cd9b6_seed_44,2b88b20cd9b6ab9268889294ab249f6a1e5fb71b3e5ee88d2e8fde10ebe63a10,-286.83386,-813.8009,-715.7092,4070.8677,-1619.0511,943.4633,3865.796,-1319.1746,697.5448,5369.464,0
433,mvdec_dekm_consistent_v1,airpollution_mvdec_dekm_consistent_v1_2b88b20cd9b6_seed_44,2b88b20cd9b6ab9268889294ab249f6a1e5fb71b3e5ee88d2e8fde10ebe63a10,-263.16946,-746.66223,-656.662,3735.032,-1485.4811,865.62885,3546.8748,-1210.3461,640.00183,4926.492,0
434,mvdec_dekm_consistent_v1,airpollution_mvdec_dekm_consistent_v1_2b88b20cd9b6_seed_44,2b88b20cd9b6ab9268889294ab249f6a1e5fb71b3e5ee88d2e8fde10ebe63a10,-241.61597,-685.51276,-602.8821,3429.1553,-1363.826,794.73773,3256.4026,-1111.2255,587.59216,4523.038,0
435,mvdec_dekm_consistent_v1,airpollution_mvdec_dekm_consistent_v1_2b88b20cd9b6_seed_44,2b88b20cd9b6ab9268889294ab249f6a1e5fb71b3e5ee88d2e8fde10ebe63a10,-218.17215,-618.99976,-544.38525,3096.4502,-1231.5004,717.62866,2940.453,-1003.41095,530.5856,4084.1953,0
436,mvdec_dekm_consistent_v1,airpollution_mvdec_dekm_consistent_v1_2b88b20cd9b6_seed_44,2b88b20cd9b6ab9268889294ab249f6a1e5fb71b3e5ee88d2e8fde10ebe63a10,-191.62315,-543.67694,-478.14105,2719.6812,-1081.6482,630.3068,2582.6562,-881.3171,466.03003,3587.2305,0
437,mvdec_dekm_consistent_v1,airpollution_mvdec_dekm_consistent_v1_2b88b20cd9b6_seed_44,2b88b20cd9b6ab9268889294ab249f6a1e5fb71b3e5ee88d2e8fde10ebe63a10,-166.15105,-471.40942,-414.58252,2358.1885,-937.8741,546.52606,2239.3699,-764.1743,404.09012,3110.4177,3
438,mvdec_dekm_consistent_v1,airpollution_mvdec_dekm_consistent_v1_2b88b20cd9b6_seed_44,2b88b20cd9b6ab9268889294ab249f6a1e5fb71b3e5ee88d2e8fde10ebe63a10,-141.63388,-401.85068,-353.40775,2010.2523,-799.4899,465.8868,1908.9546,-651.42395,344.47455,2651.4841,3
439,mvdec_dekm_consistent_v1,airpollution_mvdec_dekm_consistent_v1_2b88b20cd9b6_seed_44,2b88b20cd9b6ab9268889294ab249f6a1e5fb71b3e5ee88d2e8fde10ebe63a10,-116.803825,-331.40384,-291.4526,1657.8777,-659.33997,384.21854,1574.3226,-537.2351,284.099,2186.6958,3
440,mvdec_dekm_consistent_v1,airpollution_mvdec_dekm_consistent_v1_2b88b20cd9b6_seed_44,2b88b20cd9b6ab9268889294ab249f6a1e5fb71b3e5ee88d2e8fde10ebe63a10,-89.04269,-252.64252,-222.1832,1263.904,-502.64532,292.90942,1200.189,-409.56607,216.59476,1667.0391,3
441,mvdec_dekm_consistent_v1,airpollution_mvdec_dekm_consistent_v1_2b88b20cd9b6_seed_44,2b88b20cd9b6ab9268889294ab249f6a1e5fb71b3e5ee88d2e8fde10ebe63a10,-60.259018,-170.979,-150.36272,855.4196,-340.17923,198.23701,812.2739,-277.19467,146.60477,1128.2412,3
442,mvdec_dekm_consistent_v1,airpollution_mvdec_dekm_consistent_v1_2b88b20cd9b6_seed_44,2b88b20cd9b6ab9268889294ab249f6a1e5fb71b3e5ee88d2e8fde10ebe63a10,-36.195797,-102.710175,-90.32001,513.92395,-204.3574,119.09058,487.97757,-166.53168,88.09115,677.80475,3
443,mvdec_dekm_consistent_v1,airpollution_mvdec_dekm_consistent_v1_2b88b20cd9b6_seed_44,2b88b20cd9b6ab9268889294ab249f6a1e5fb71b3e5ee88d2e8fde10ebe63a10,-16.520857,-46.88833,-41.225937,234.6969,-93.302826,54.376263,222.81381,-76.04761,40.247166,309.5018,3
444,mvdec_dekm_consistent_v1,airpollution_mvdec_dekm_consistent_v1_2b88b20cd9b6_seed_44,2b88b20cd9b6ab9268889294ab249f6a1e5fb71b3e5ee88d2e8fde10ebe63a10,-8.105341,-23.012592,-20.227783,115.268456,-45.802692,26.696817,109.39985,-37.346325,19.784475,151.97461,3
445,mvdec_dekm_consistent_v1,airpollution_mvdec_dekm_consistent_v1_2b88b20cd9b6_seed_44,2b88b20cd9b6ab9268889294ab249f6a1e5fb71b3e5ee88d2e8fde10ebe63a10,-30.486006,-86.510895,-76.0737,432.89316,-172.13098,100.31114,411.02988,-140.2742,74.20683,570.92596,3
446,mvdec_dekm_consistent_v1,airpollution_mvdec_dekm_consistent_v1_2b88b20cd9b6_seed_44,2b88b20cd9b6ab9268889294ab249f6a1e5fb71b3e5ee88d2e8fde10ebe63a10,-56.664757,-160.78465,-141.396,804.41724,-319.89612,186.41698,763.845,-260.66833,137.8648,1060.9722,3
447,mvdec_dekm_consistent_v1,airpollution_mvdec_dekm_consistent_v1_2b88b20cd9b6_seed_44,2b88b20cd9b6ab9268889294ab249f6a1e5fb71b3e5ee88d2e8fde10ebe63a10,-54.0038,-153.23567,-134.75629,766.65344,-304.8788,177.66539,727.98596,-248.43166,131.39322,1011.16315,3
448,mvdec_dekm_consistent_v1,airpollution_mvdec_dekm_consistent_v1_2b88b20cd9b6_seed_44,2b88b20cd9b6ab9268889294ab249f6a1e5fb71b3e5ee88d2e8fde10ebe63a10,-39.057228,-110.83177,-97.46191,554.54034,-220.51665,128.50537,526.55695,-179.69586,95.04862,731.38416,3
449,mvdec_dekm_consistent_v1,airpollution_mvdec_dekm_consistent_v1_2b88b20cd9b6_seed_44,2b88b20cd9b6ab9268889294ab249f6a1e5fb71b3e5ee88d2e8fde10ebe63a10,-16.727026,-47.4786,-41.74373,237.64124,-94.477875,55.059456,225.61778,-77.003555,40.750458,313.39072,3
450,mvdec_dekm_consistent_v1,airpollution_mvdec_dekm_consistent_v1_2b88b20cd9b6_seed_44,2b88b20cd9b6ab9268889294ab249f6a1e5fb71b3e5ee88d2e8fde10ebe63a10,-14.687681,-41.693096,-36.65593,208.7044,-82.96891,48.35278,198.13802,-67.6265,35.79281,275.22266,3
451,mvdec_dekm_consistent_v1,airpollution_mvdec_dekm_consistent_v1_2b88b20cd9b6_seed_44,2b88b20cd9b6ab9268889294ab249f6a1e5fb71b3e5ee88d2e8fde10ebe63a10,-47.406826,-134.5227,-118.29855,673.05524,-267.65253,155.9726,639.10284,-218.10085,115.35635,887.7061,3
452,mvdec_dekm_consistent_v1,airpollution_mvdec_dekm_consistent_v1_2b88b20cd9b6_seed_44,2b88b20cd9b6ab9268889294ab249f6a1e5fb71b3e5ee88d2e8fde10ebe63a10,-80.25949,-227.73044,-200.27374,1139.2938,-453.08704,264.02948,1081.8602,-369.18716,195.24358,1502.6803,3
453,mvdec_dekm_consistent_v1,airpollution_mvdec_dekm_consistent_v1_2b88b20cd9b6_seed_44,2b88b20cd9b6ab9268889294ab249f6a1e5fb71b3e5ee88d2e8fde10ebe63a10,-113.153915,-321.0562,-282.35175,1606.1187,-638.75635,372.22278,1525.1765,-520.464,275.2301,2118.4287,3
454,mvdec_dekm_consistent_v1,airpollution_mvdec_dekm_consistent_v1_2b88b20cd9b6_seed_44,2b88b20cd9b6ab9268889294ab249f6a1e5fb71b3e5ee88d2e8fde10ebe63a10,-146.12225,-414.59177,-364.61362,2073.9844,-824.84015,480.65732,1969.4823,-672.07837,355.39444,2735.552,3
455,mvdec_dekm_consistent_v1,airpollution_mvdec_dekm_consistent_v1_2b88b20cd9b6_seed_44,2b88b20cd9b6ab9268889294ab249f6a1e5fb71b3e5ee88d2e8fde10ebe63a10,-179.00484,-507.88403,-446.662,2540.6401,-1010.4414,588.8112,2412.637,-823.3,435.35208,3351.077,3
456,mvdec_dekm_consistent_v1,airpollution_mvdec_dekm_consistent_v1_2b88b20cd9b6_seed_44,2b88b20cd9b6ab9268889294ab249f6a1e5fb71b3e5ee88d2e8fde10ebe63a10,-211.99704,-601.4872,-528.98364,3008.8508,-1196.661,697.3256,2857.2683,-975.02563,515.57605,3968.6528,0
457,mvdec_dekm_consistent_v1,airpollution_mvdec_dekm_consistent_v1_2b88b20cd9b6_seed_44,2b88b20cd9b6ab9268889294ab249f6a1e5fb71b3e5ee88d2e8fde10ebe63a10,-245.05362,-695.272,-611.46594,3477.9734,-1383.2428,806.0512,3302.7646,-1127.0464,595.9568,4587.431,0
458,mvdec_dekm_consistent_v1,airpollution_mvdec_dekm_consistent_v1_2b88b20cd9b6_seed_44,2b88b20cd9b6ab9268889294ab249f6a1e5fb71b3e5ee88d2e8fde10ebe63a10,-278.153,-789.17816,-694.05475,3947.7021,-1570.0665,914.9175,3748.837,-1279.264,676.4412,5207.01,0
459,mvdec_dekm_consistent_v1,airpollution_mvdec_dekm_consistent_v1_2b88b20cd9b6_seed_44,2b88b20cd9b6ab9268889294ab249f6a1e5fb71b3e5ee88d2e8fde10ebe63a10,-311.27036,-883.12933,-776.6824,4417.6587,-1756.9777,1023.83655,4195.12,-1431.553,756.9655,5826.884,0
460,mvdec_dekm_consistent_v1,airpollution_mvdec_dekm_consistent_v1_2b88b20cd9b6_seed_44,2b88b20cd9b6ab9268889294ab249f6a1e5fb71b3e5ee88d2e8fde10ebe63a10,-344.39856,-977.1195,-859.34485,4887.806,-1943.9689,1132.7998,4641.5923,-1583.9067,837.52136,6447.0166,0
461,mvdec_dekm_consistent_v1,airpollution_mvdec_dekm_consistent_v1_2b88b20cd9b6_seed_44,2b88b20cd9b6ab9268889294ab249f6a1e5fb71b3e5ee88d2e8fde10ebe63a10,-377.54605,-1071.1632,-942.0546,5358.2207,-2131.066,1241.8252,5088.3184,-1736.3469,918.1229,7067.5,0
462,mvdec_dekm_consistent_v1,airpollution_mvdec_dekm_consistent_v1_2b88b20cd9b6_seed_44,2b88b20cd9b6ab9268889294ab249f6a1e5fb71b3e5ee88d2e8fde10ebe63a10,-410.70746,-1165.2471,-1024.7997,5828.836,-2318.243,1350.8975,5535.235,-1888.8524,998.75903,7688.2495,0
463,mvdec_dekm_consistent_v1,airpollution_mvdec_dekm_consistent_v1_2b88b20cd9b6_seed_44,2b88b20cd9b6ab9268889294ab249f6a1e5fb71b3e5ee88d2e8fde10ebe63a10,-443.88004,-1259.3618,-1107.5721,6299.607,-2505.482,1460.0054,5982.2993,-2041.4081,1079.4219,8309.204,0
464,mvdec_dekm_consistent_v1,airpollution_mvdec_dekm_consistent_v1_2b88b20cd9b6_seed_44,2b88b20cd9b6ab9268889294ab249f6a1e5fb71b3e5ee88d2e8fde10ebe63a10,-477.06073,-1353.5011,-1190.3657,6770.4995,-2692.7688,1569.1415,6429.4785,-2194.0032,1160.1055,8930.316,2
465,mvdec_dekm_consistent_v1,airpollution_mvdec_dekm_consistent_v1_2b88b20cd9b6_seed_44,2b88b20cd9b6ab9268889294ab249f6a1e5fb71b3e5ee88d2e8fde10ebe63a10,-510.24887,-1447.6594,-1273.1766,7241.4907,-2880.0938,1678.2998,6876.75,-2346.6294,1240.8058,9551.56,2
466,mvdec_dekm_consistent_v1,airpollution_mvdec_dekm_consistent_v1_2b88b20cd9b6_seed_44,2b88b20cd9b6ab9268889294ab249f6a1e5fb71b3e5ee88d2e8fde10ebe63a10,-543.1361,-1540.9653,-1355.2374,7708.214,-3065.7231,1786.47,7319.971,-2497.8738,1320.7755,10167.176,2
467,mvdec_dekm_consistent_v1,airpollution_mvdec_dekm_consistent_v1_2b88b20cd9b6_seed_44,2b88b20cd9b6ab9268889294ab249f6a1e5fb71b3e5ee88d2e8fde10ebe63a10,-575.8666,-1633.8262,-1436.9071,8172.7134,-3250.4673,1894.1248,7761.079,-2648.397,1400.3639,10779.86,2
468,mvdec_dekm_consistent_v1,airpollution_mvdec_dekm_consistent_v1_2b88b20cd9b6_seed_44,2b88b20cd9b6ab9268889294ab249f6a1e5fb71b3e5ee88d2e8fde10ebe63a10,-606.1764,-1719.8193,-1512.537,8602.861,-3421.5479,1993.817,8169.563,-2787.7883,1474.066,11347.228,2
469,mvdec_dekm_consistent_v1,airpollution_mvdec_dekm_consistent_v1_2b88b20cd9b6_seed_44,2b88b20cd9b6ab9268889294ab249f6a1e5fb71b3e5ee88d2e8fde10ebe63a10,-631.41705,-1791.4308,-1575.5176,8961.068,-3564.0164,2076.8364,8509.7295,-2903.8672,1535.4429,11819.711,2
470,mvdec_dekm_consistent_v1,airpollution_mvdec_dekm_consistent_v1_2b88b20cd9b6_seed_44,2b88b20cd9b6ab9268889294ab249f6a1e5fb71b3e5ee88d2e8fde10ebe63a10,-657.36926,-1865.0602,-1640.2738,9329.372,-3710.5005,2162.1958,8859.486,-3023.2168,1598.5486,12305.505,2
471,mvdec_dekm_consistent_v1,airpollution_mvdec_dekm_consistent_v1_2b88b20cd9b6_seed_44,2b88b20cd9b6ab9268889294ab249f6a1e5fb71b3e5ee88d2e8fde10ebe63a10,-683.9514,-1940.4773,-1706.6025,9706.619,-3860.5413,2249.6282,9217.736,-3145.4656,1663.1874,12803.101,2
472,mvdec_dekm_consistent_v1,airpollution_mvdec_dekm_consistent_v1_2b88b20cd9b6_seed_44,2b88b20cd9b6ab9268889294ab249f6a1e5fb71b3e5ee88d2e8fde10ebe63a10,-711.09283,-2017.4807,-1774.3262,10091.798,-4013.7363,2338.8987,9583.516,-3270.2847,1729.1847,13311.155,2
473,mvdec_dekm_consistent_v1,airpollution_mvdec_dekm_consistent_v1_2b88b20cd9b6_seed_44,2b88b20cd9b6ab9268889294ab249f6a1e5fb71b3e5ee88d2e8fde10ebe63a10,-738.73566,-2095.9075,-1843.3008,10484.095,-4169.7637,2429.819,9956.058,-3397.4104,1796.4012,13828.6,2
474,mvdec_dekm_consistent_v1,airpollution_mvdec_dekm_consistent_v1_2b88b20cd9b6_seed_44,2b88b20cd9b6ab9268889294ab249f6a1e5fb71b3e5ee88d2e8fde10ebe63a10,-766.82245,-2175.5942,-1913.3837,10882.694,-4328.298,2522.2,10334.584,-3526.578,1864.6982,14354.36,2
475,mvdec_dekm_consistent_v1,airpollution_mvdec_dekm_consistent_v1_2b88b20cd9b6_seed_44,2b88b20cd9b6ab9268889294ab249f6a1e5fb71b3e5ee88d2e8fde10ebe63a10,-795.3075,-2256.4119,-1984.4606,11286.947,-4489.083,2615.892,10718.484,-3657.5793,1933.9634,14887.579,1
476,mvdec_dekm_consistent_v1,airpollution_mvdec_dekm_consistent_v1_2b88b20cd9b6_seed_44,2b88b20cd9b6ab9268889294ab249f6a1e5fb71b3e5ee88d2e8fde10ebe63a10,-824.14526,-2338.2297,-2056.418,11696.21,-4651.857,2710.7441,11107.136,-3790.2026,2004.0874,15427.401,1
477,mvdec_dekm_consistent_v1,airpollution_mvdec_dekm_consistent_v1_2b88b20cd9b6_seed_44,2b88b20cd9b6ab9268889294ab249f6a1e5fb71b3e5ee88d2e8fde10ebe63a10,-853.3048,-2420.96,-2129.177,12110.032,-4816.447,2806.6536,11500.121,-3924.3037,2074.9927,15973.243,1
478,mvdec_dekm_consistent_v1,airpollution_mvdec_dekm_consistent_v1_2b88b20cd9b6_seed_44,2b88b20cd9b6ab9268889294ab249f6a1e5fb71b3e5ee88d2e8fde10ebe63a10,-882.7527,-2504.5068,-2202.6558,12527.942,-4982.6616,2903.5105,11896.988,-4059.7305,2146.598,16524.473,1
479,mvdec_dekm_consistent_v1,airpollution_mvdec_dekm_consistent_v1_2b88b20cd9b6_seed_44,2b88b20cd9b6ab9268889294ab249f6a1e5fb71b3e5ee88d2e8fde10ebe63a10,-912.4614,-2588.7961,-2276.7847,12949.5625,-5150.352,3001.2266,12297.375,-4196.3574,2218.839,17080.594,1
480,mvdec_dekm_consistent_v1,airpollution_mvdec_dekm_consistent_v1_2b88b20cd9b6_seed_44,2b88b20cd9b6ab9268889294ab249f6a1e5fb71b3e5ee88d2e8fde10ebe63a10,-942.40466,-2673.7483,-2351.4998,13374.506,-5319.363,3099.7131,12700.92,-4334.063,2291.65,17641.104,1
481,mvdec_dekm_consistent_v1,airpollution_mvdec_dekm_consistent_v1_2b88b20cd9b6_seed_44,2b88b20cd9b6ab9268889294ab249f6a1e5fb71b3e5ee88d2e8fde10ebe63a10,-972.5608,-2759.3062,-2426.7458,13802.472,-5489.577,3198.901,13107.335,-4472.747,2364.9783,18205.598,1
482,mvdec_dekm_consistent_v1,airpollution_mvdec_dekm_consistent_v1_2b88b20cd9b6_seed_44,2b88b20cd9b6ab9268889294ab249f6a1e5fb71b3e5ee88d2e8fde10ebe63a10,-1002.91077,-2845.413,-2502.475,14233.188,-5660.8843,3298.7249,13516.357,-4612.3223,2438.7776,18773.717,1
483,mvdec_dekm_consistent_v1,airpollution_mvdec_dekm_consistent_v1_2b88b20cd9b6_seed_44,2b88b20cd9b6ab9268889294ab249f6a1e5fb71b3e5ee88d2e8fde10ebe63a10,-1033.437,-2932.0215,-2578.6455,14666.413,-5833.1895,3399.1306,13927.763,-4752.71,2513.0076,19345.145,1
484,mvdec_dekm_consistent_v1,airpollution_mvdec_dekm_consistent_v1_2b88b20cd9b6_seed_44,2b88b20cd9b6ab9268889294ab249f6a1e5fb71b3e5ee88d2e8fde10ebe63a10,-1064.1259,-3019.0889,-2655.22,15101.935,-6006.407,3500.0696,14341.355,-4893.8433,2587.631,19919.604,1
485,mvdec_dekm_consistent_v1,airpollution_mvdec_dekm_consistent_v1_2b88b20cd9b6_seed_44,2b88b20cd9b6ab9268889294ab249f6a1e5fb71b3e5ee88d2e8fde10ebe63a10,-1094.9637,-3106.5786,-2732.1653,15539.567,-6180.465,3601.496,14756.946,-5035.6597,2662.6167,20496.844,1
486,mvdec_dekm_consistent_v1,airpollution_mvdec_dekm_consistent_v1_2b88b20cd9b6_seed_44,2b88b20cd9b6ab9268889294ab249f6a1e5fb71b3e5ee88d2e8fde10ebe63a10,-1125.9382,-3194.456,-2809.4521,15979.14,-6355.294,3703.3733,15174.381,-5178.104,2737.9338,21076.646,1
487,mvdec_dekm_consistent_v1,airpollution_mvdec_dekm_consistent_v1_2b88b20cd9b6_seed_44,2b88b20cd9b6ab9268889294ab249f6a1e5fb71b3e5ee88d2e8fde10ebe63a10,-1157.0321,-3282.6667,-2887.0315,16420.383,-6530.786,3805.6382,15593.399,-5321.09,2813.538,21658.65,1
488,mvdec_dekm_consistent_v1,airpollution_mvdec_dekm_consistent_v1_2b88b20cd9b6_seed_44,2b88b20cd9b6ab9268889294ab249f6a1e5fb71b3e5ee88d2e8fde10ebe63a10,-1188.2491,-3371.236,-2964.9258,16863.412,-6706.9907,3908.3162,16014.119,-5464.6553,2889.447,22243.01,1
489,mvdec_dekm_consistent_v1,airpollution_mvdec_dekm_consistent_v1_2b88b20cd9b6_seed_44,2b88b20cd9b6ab9268889294ab249f6a1e5fb71b3e5ee88d2e8fde10ebe63a10,-1219.5729,-3460.1067,-3043.0857,17307.951,-6883.797,4011.3445,16436.271,-5608.7104,2965.6157,22829.363,1
490,mvdec_dekm_consistent_v1,airpollution_mvdec_dekm_consistent_v1_2b88b20cd9b6_seed_44,2b88b20cd9b6ab9268889294ab249f6a1e5fb71b3e5ee88d2e8fde10ebe63a10,-542.63635,-1539.5479,-1353.9895,7701.123,-3062.9026,1784.8262,7313.2363,-2495.5754,1319.5607,10157.823,2
491,mvdec_dekm_consistent_v1,airpollution_mvdec_dekm_consistent_v1_2b88b20cd9b6_seed_44,2b88b20cd9b6ab9268889294ab249f6a1e5fb71b3e5ee88d2e8fde10ebe63a10,-522.82837,-1483.3506,-1304.566,7420.021,-2951.101,1719.6769,7046.291,-2404.4834,1271.396,9787.046,2
492,mvdec_dekm_consistent_v1,airpollution_mvdec_dekm_consistent_v1_2b88b20cd9b6_seed_44,2b88b20cd9b6ab9268889294ab249f6a1e5fb71b3e5ee88d2e8fde10ebe63a10,-504.43402,-1431.1637,-1258.6685,7158.976,-2847.276,1659.176,6798.3916,-2319.8901,1226.6678,9442.723,2
493,mvdec_dekm_consistent_v1,airpollution_mvdec_dekm_consistent_v1_2b88b20cd9b6_seed_44,2b88b20cd9b6ab9268889294ab249f6a1e5fb71b3e5ee88d2e8fde10ebe63a10,-487.59833,-1383.3984,-1216.6599,6920.0493,-2752.2488,1603.8015,6571.497,-2242.4653,1185.7299,9127.575,2
494,mvdec_dekm_consistent_v1,airpollution_mvdec_dekm_consistent_v1_2b88b20cd9b6_seed_44,2b88b20cd9b6ab9268889294ab249f6a1e5fb71b3e5ee88d2e8fde10ebe63a10,-472.48157,-1340.51,-1178.941,6705.5195,-2666.9236,1554.0809,6367.7705,-2172.946,1148.9716,8844.607,2
495,mvdec_dekm_consistent_v1,airpollution_mvdec_dekm_consistent_v1_2b88b20cd9b6_seed_44,2b88b20cd9b6ab9268889294ab249f6a1e5fb71b3e5ee88d2e8fde10ebe63a10,-459.24677,-1302.961,-1145.9177,6517.696,-2592.2214,1510.5499,6189.406,-2112.081,1116.7898,8596.866,2
496,mvdec_dekm_consistent_v1,airpollution_mvdec_dekm_consistent_v1_2b88b20cd9b6_seed_44,2b88b20cd9b6ab9268889294ab249f6a1e5fb71b3e5ee88d2e8fde10ebe63a10,-437.02625,-1239.918,-1090.4729,6202.3496,-2466.799,1437.4641,5889.94,-2009.8917,1062.758,8180.9204,0
497,mvdec_dekm_consistent_v1,airpollution_mvdec_dekm_consistent_v1_2b88b20cd9b6_seed_44,2b88b20cd9b6ab9268889294ab249f6a1e5fb71b3e5ee88d2e8fde10ebe63a10,-407.73798,-1156.8234,-1017.39294,5786.7026,-2301.4846,1341.1318,5495.2236,-1875.1995,991.5404,7632.675,0
498,mvdec_dekm_consistent_v1,airpollution_mvdec_dekm_consistent_v1_2b88b20cd9b6_seed_44,2b88b20cd9b6ab9268889294ab249f6a1e5fb71b3e5ee88d2e8fde10ebe63a10,-378.41016,-1073.6166,-944.2145,5370.495,-2135.9478,1244.6697,5099.9756,-1740.3256,920.22614,7083.691,0
499,mvdec_dekm_consistent_v1,airpollution_mvdec_dekm_consistent_v1_2b88b20cd9b6_seed_44,2b88b20cd9b6ab9268889294ab249f6a1e5fb71b3e5ee88d2e8fde10ebe63a10,-349.19525,-990.7312,-871.3179,4955.8916,-1971.0497,1148.5797,4706.2524,-1605.9719,849.187,6536.825,0
500,mvdec_dekm_consistent_v1,airpollution_mvdec_dekm_consistent_v1_2b88b20cd9b6_seed_44,2b88b20cd9b6ab9268889294ab249f6a1e5fb71b3e5ee88d2e8fde10ebe63a10,-320.4717,-909.239,-799.647,4548.2593,-1808.9236,1054.1053,4319.15,-1473.8771,779.34204,5999.1533,0
501,mvdec_dekm_consistent_v1,airpollution_mvdec_dekm_consistent_v1_2b88b20cd9b6_seed_44,2b88b20cd9b6ab9268889294ab249f6a1e5fb71b3e5ee88d2e8fde10ebe63a10,-292.63123,-830.25354,-730.18054,4153.166,-1651.7838,962.5367,3943.9534,-1345.845,711.646,5478.0186,0
502,mvdec_dekm_consistent_v1,airpollution_mvdec_dekm_consistent_v1_2b88b20cd9b6_seed_44,2b88b20cd9b6ab9268889294ab249f6a1e5fb71b3e5ee88d2e8fde10ebe63a10,-265.56342,-753.4594,-662.6412,3769.0317,-1499.0044,873.50836,3579.1655,-1221.365,645.8276,4971.3423,0
503,mvdec_dekm_consistent_v1,airpollution_mvdec_dekm_consistent_v1_2b88b20cd9b6_seed_44,2b88b20cd9b6ab9268889294ab249f6a1e5fb71b3e5ee88d2e8fde10ebe63a10,-239.90353,-680.6602,-598.6153,3404.882,-1354.1726,789.1114,3233.3555,-1103.3611,583.43304,4491.0234,0
504,mvdec_dekm_consistent_v1,airpollution_mvdec_dekm_consistent_v1_2b88b20cd9b6_seed_44,2b88b20cd9b6ab9268889294ab249f6a1e5fb71b3e5ee88d2e8fde10ebe63a10,-216.20712,-613.43054,-539.48846,3068.5938,-1220.4229,711.1722,2914.0034,-994.38574,525.8127,4047.4553,0
505,mvdec_dekm_consistent_v1,airpollution_mvdec_dekm_consistent_v1_2b88b20cd9b6_seed_44,2b88b20cd9b6ab9268889294ab249f6a1e5fb71b3e5ee88d2e8fde10ebe63a10,-195.10455,-553.56055,-486.83444,2769.1218,-1101.3138,641.7648,2629.611,-897.3403,474.50134,3652.4473,0
506,mvdec_dekm_consistent_v1,airpollution_mvdec_dekm_consistent_v1_2b88b20cd9b6_seed_44,2b88b20cd9b6ab9268889294ab249f6a1e5fb71b3e5ee88d2e8fde10ebe63a10,-172.13448,-488.39157,-429.5201,2443.1426,-971.6631,566.21454,2320.0483,-791.7054,418.6478,3222.4758,3
507,mvdec_dekm_consistent_v1,airpollution_mvdec_dekm_consistent_v1_2b88b20cd9b6_seed_44,2b88b20cd9b6ab9268889294ab249f6a1e5fb71b3e5ee88d2e8fde10ebe63a10,-144.87418,-411.05124,-361.50046,2056.2788,-817.7969,476.55325,1952.6664,-666.34033,352.36166,2712.197,3
508,mvdec_dekm_consistent_v1,airpollution_mvdec_dekm_consistent_v1_2b88b20cd9b6_seed_44,2b88b20cd9b6ab9268889294ab249f6a1e5fb71b3e5ee88d2e8fde10ebe63a10,-119.530174,-339.14722,-298.26144,1696.6042,-674.7457,393.19385,1611.1063,-549.7865,290.73346,2237.7817,3
509,mvdec_dekm_consistent_v1,airpollution_mvdec_dekm_consistent_v1_2b88b20cd9b6_seed_44,2b88b20cd9b6ab9268889294ab249f6a1e5fb71b3e5ee88d2e8fde10ebe63a10,-94.63739,-268.53653,-236.16104,1343.4421,-534.26965,311.33762,1275.7175,-435.33615,230.22897,1771.9438,3
510,mvdec_dekm_consistent_v1,airpollution_mvdec_dekm_consistent_v1_2b88b20cd9b6_seed_44,2b88b20cd9b6ab9268889294ab249f6a1e5fb71b3e5ee88d2e8fde10ebe63a10,-70.017456,-198.67297,-174.71681,993.9441,-395.2761,230.34195,943.8282,-322.08514,170.33882,1310.96,3
511,mvdec_dekm_consistent_v1,airpollution_mvdec_dekm_consistent_v1_2b88b20cd9b6_seed_44,2b88b20cd9b6ab9268889294ab249f6a1e5fb71b3e5ee88d2e8fde10ebe63a10,-47.178295,-133.87349,-117.72787,669.81964,-266.362,155.22171,636.0242,-217.05058,114.803215,883.43353,3
512,mvdec_dekm_consistent_v1,airpollution_mvdec_dekm_consistent_v1_2b88b20cd9b6_seed_44,2b88b20cd9b6ab9268889294ab249f6a1e5fb71b3e5ee88d2e8fde10ebe63a10,-14.8648,-42.19461,-37.097622,211.23093,-83.96895,48.937336,200.52982,-68.442825,36.22741,278.54886,3
513,mvdec_dekm_consistent_v1,airpollution_mvdec_dekm_consistent_v1_2b88b20cd9b6_seed_44,2b88b20cd9b6ab9268889294ab249f6a1e5fb71b3e5ee88d2e8fde10ebe63a10,-10.695589,-30.364475,-26.693329,152.05031,-60.43201,35.22142,144.33002,-49.265533,26.087017,200.4899,3
514,mvdec_dekm_consistent_v1,airpollution_mvdec_dekm_consistent_v1_2b88b20cd9b6_seed_44,2b88b20cd9b6ab9268889294ab249f6a1e5fb71b3e5ee88d2e8fde10ebe63a10,-29.379261,-83.37015,-73.30861,417.1852,-165.88225,96.669914,396.1095,-135.18211,71.51562,550.2028,3
515,mvdec_dekm_consistent_v1,airpollution_mvdec_dekm_consistent_v1_2b88b20cd9b6_seed_44,2b88b20cd9b6ab9268889294ab249f6a1e5fb71b3e5ee88d2e8fde10ebe63a10,-54.538155,-154.7503,-136.08563,774.2375,-307.89142,179.4221,735.18146,-250.88623,132.6935,1021.15967,3
516,mvdec_dekm_consistent_v1,airpollution_mvdec_dekm_consistent_v1_2b88b20cd9b6_seed_44,2b88b20cd9b6ab9268889294ab249f6a1e5fb71b3e5ee88d2e8fde10ebe63a10,-77.28573,-219.28871,-192.84618,1097.065,-436.2882,254.2418,1041.7513,-355.49988,188.00778,1446.9738,3
517,mvdec_dekm_consistent_v1,airpollution_mvdec_dekm_consistent_v1_2b88b20cd9b6_seed_44,2b88b20cd9b6ab9268889294ab249f6a1e5fb71b3e5ee88d2e8fde10ebe63a10,-82.60569,-234.38216,-206.12054,1172.5626,-466.31668,271.73975,1113.4485,-379.9657,200.9432,1546.5571,3
518,mvdec_dekm_consistent_v1,airpollution_mvdec_dekm_consistent_v1_2b88b20cd9b6_seed_44,2b88b20cd9b6ab9268889294ab249f6a1e5fb71b3e5ee88d2e8fde10ebe63a10,-53.01658,-150.43387,-132.28961,752.63873,-299.30298,174.41661,714.6736,-243.88835,128.99205,992.6737,3
519,mvdec_dekm_consistent_v1,airpollution_mvdec_dekm_consistent_v1_2b88b20cd9b6_seed_44,2b88b20cd9b6ab9268889294ab249f6a1e5fb71b3e5ee88d2e8fde10ebe63a10,-21.604284,-61.327114,-53.92181,306.953,-122.028755,71.11703,291.4228,-99.45574,52.633728,404.79742,3
520,mvdec_dekm_consistent_v1,airpollution_mvdec_dekm_consistent_v1_2b88b20cd9b6_seed_44,2b88b20cd9b6ab9268889294ab249f6a1e5fb71b3e5ee88d2e8fde10ebe63a10,-11.194817,-31.77915,-27.935589,159.11821,-63.243587,36.859554,151.04187,-51.555508,27.297342,209.81212,3
521,mvdec_dekm_consistent_v1,airpollution_mvdec_dekm_consistent_v1_2b88b20cd9b6_seed_44,2b88b20cd9b6ab9268889294ab249f6a1e5fb71b3e5ee88d2e8fde10ebe63a10,-44.322853,-125.768456,-110.597984,629.2676,-250.23329,145.82344,597.51324,-203.9089,107.85398,829.9438,3
522,mvdec_dekm_consistent_v1,airpollution_mvdec_dekm_consistent_v1_2b88b20cd9b6_seed_44,2b88b20cd9b6ab9268889294ab249f6a1e5fb71b3e5ee88d2e8fde10ebe63a10,-77.51537,-219.93973,-193.42006,1100.3163,-437.58292,254.99562,1044.8412,-356.55493,188.56415,1451.265,3
523,mvdec_dekm_consistent_v1,airpollution_mvdec_dekm_consistent_v1_2b88b20cd9b6_seed_44,2b88b20cd9b6ab9268889294ab249f6a1e5fb71b3e5ee88d2e8fde10ebe63a10,-110.72748,-314.16617,-276.29175,1571.657,-625.0459,364.23514,1492.4424,-509.29422,269.32578,2072.9675,3
524,mvdec_dekm_consistent_v1,airpollution_mvdec_dekm_consistent_v1_2b88b20cd9b6_seed_44,2b88b20cd9b6ab9268889294ab249f6a1e5fb71b3e5ee88d2e8fde10ebe63a10,-143.95648,-408.44144,-359.20465,2043.2229,-812.6014,473.5272,1940.2621,-662.10785,350.12405,2694.9712,3
525,mvdec_dekm_consistent_v1,airpollution_mvdec_dekm_consistent_v1_2b88b20cd9b6_seed_44,2b88b20cd9b6ab9268889294ab249f6a1e5fb71b3e5ee88d2e8fde10ebe63a10,-177.18323,-502.7096,-442.11273,2514.7656,-1000.14606,582.8136,2388.0571,-814.9132,430.91998,3316.9426,3
526,mvdec_dekm_consistent_v1,airpollution_mvdec_dekm_consistent_v1_2b88b20cd9b6_seed_44,2b88b20cd9b6ab9268889294ab249f6a1e5fb71b3e5ee88d2e8fde10ebe63a10,-210.4174,-597.00055,-525.039,2986.4136,-1187.7345,692.125,2835.9556,-967.7535,511.73236,3939.054,0
527,mvdec_dekm_consistent_v1,airpollution_mvdec_dekm_consistent_v1_2b88b20cd9b6_seed_44,2b88b20cd9b6ab9268889294ab249f6a1e5fb71b3e5ee88d2e8fde10ebe63a10,-243.56076,-691.0335,-607.7389,3456.7747,-1374.81,801.138,3282.6306,-1120.1761,592.3248,4559.4673,0
528,mvdec_dekm_consistent_v1,airpollution_mvdec_dekm_consistent_v1_2b88b20cd9b6_seed_44,2b88b20cd9b6ab9268889294ab249f6a1e5fb71b3e5ee88d2e8fde10ebe63a10,-275.8706,-782.70197,-688.3593,3915.3074,-1557.1819,907.4095,3718.0735,-1268.7662,670.89075,5164.28,0
529,mvdec_dekm_consistent_v1,airpollution_mvdec_dekm_consistent_v1_2b88b20cd9b6_seed_44,2b88b20cd9b6ab9268889294ab249f6a1e5fb71b3e5ee88d2e8fde10ebe63a10,-308.37744,-874.9289,-769.4708,4376.634,-1740.6647,1014.3288,4156.1694,-1418.2616,749.9352,5772.7773,0
530,mvdec_dekm_consistent_v1,airpollution_mvdec_dekm_consistent_v1_2b88b20cd9b6_seed_44,2b88b20cd9b6ab9268889294ab249f6a1e5fb71b3e5ee88d2e8fde10ebe63a10,-341.0126,-967.5202,-850.90314,4839.784,-1924.8724,1121.6704,4595.997,-1568.3475,829.29224,6383.68,0
531,mvdec_dekm_consistent_v1,airpollution_mvdec_dekm_consistent_v1_2b88b20cd9b6_seed_44,2b88b20cd9b6ab9268889294ab249f6a1e5fb71b3e5ee88d2e8fde10ebe63a10,-373.71515,-1060.3021,-932.5028,5303.887,-2109.4597,1229.2329,5036.729,-1718.7426,908.81256,6995.8394,0
532,mvdec_dekm_consistent_v1,airpollution_mvdec_dekm_consistent_v1_2b88b20cd9b6_seed_44,2b88b20cd9b6ab9268889294ab249f6a1e5fb71b3e5ee88d2e8fde10ebe63a10,-406.50226,-1153.3245,-1014.31396,5769.1934,-2294.525,1337.0742,5478.6035,-1869.5276,988.5389,7609.586,0
533,mvdec_dekm_consistent_v1,airpollution_mvdec_dekm_consistent_v1_2b88b20cd9b6_seed_44,2b88b20cd9b6ab9268889294ab249f6a1e5fb71b3e5ee88d2e8fde10ebe63a10,-439.35635,-1246.5372,-1096.2926,6235.4517,-2479.9692,1445.1365,5921.3833,-2020.6206,1068.4287,8224.589,0
534,mvdec_dekm_consistent_v1,airpollution_mvdec_dekm_consistent_v1_2b88b20cd9b6_seed_44,2b88b20cd9b6ab9268889294ab249f6a1e5fb71b3e5ee88d2e8fde10ebe63a10,-472.26364,-1339.8999,-1178.4032,6702.4614,-2665.7114,1553.3722,6364.8735,-2171.9568,1148.447,8840.579,2
535,mvdec_dekm_consistent_v1,airpollution_mvdec_dekm_consistent_v1_2b88b20cd9b6_seed_44,2b88b20cd9b6ab9268889294ab249f6a1e5fb71b3e5ee88d2e8fde10ebe63a10,-505.2129,-1433.3812,-1260.6183,7170.064,-2851.6897,1661.746,6808.929,-2323.4858,1228.5671,9457.355,2
536,mvdec_dekm_consistent_v1,airpollution_mvdec_dekm_consistent_v1_2b88b20cd9b6_seed_44,2b88b20cd9b6ab9268889294ab249f6a1e5fb71b3e5ee88d2e8fde10ebe63a10,-534.75665,-1517.2006,-1334.3357,7589.338,-3018.4453,1758.9183,7207.086,-2459.353,1300.4064,10010.381,2
537,mvdec_dekm_consistent_v1,airpollution_mvdec_dekm_consistent_v1_2b88b20cd9b6_seed_44,2b88b20cd9b6ab9268889294ab249f6a1e5fb71b3e5ee88d2e8fde10ebe63a10,-559.2717,-1586.7512,-1395.5046,7937.237,-3156.8142,1839.5488,7537.465,-2572.091,1360.0164,10469.267,2
538,mvdec_dekm_consistent_v1,airpollution_mvdec_dekm_consistent_v1_2b88b20cd9b6_seed_44,2b88b20cd9b6ab9268889294ab249f6a1e5fb71b3e5ee88d2e8fde10ebe63a10,-584.64825,-1658.7467,-1458.8236,8297.366,-3300.0466,1923.0139,7879.4575,-2688.7925,1421.7214,10944.278,2
539,mvdec_dekm_consistent_v1,airpollution_mvdec_dekm_consistent_v1_2b88b20cd9b6_seed_44,2b88b20cd9b6ab9268889294ab249f6a1e5fb71b3e5ee88d2e8fde10ebe63a10,-610.7787,-1732.882,-1524.0248,8668.2,-3447.5369,2008.96,8231.617,-2808.9626,1485.2611,11433.413,2
540,mvdec_dekm_consistent_v1,airpollution_mvdec_dekm_consistent_v1_2b88b20cd9b6_seed_44,2b88b20cd9b6ab9268889294ab249f6a1e5fb71b3e5ee88d2e8fde10ebe63a10,-637.57117,-1808.8948,-1590.8767,9048.424,-3598.7612,2097.0823,8592.69,-2932.1758,1550.4095,11934.934,2
541,mvdec_dekm_consistent_v1,airpollution_mvdec_dekm_consistent_v1_2b88b20cd9b6_seed_44,2b88b20cd9b6ab9268889294ab249f6a1e5fb71b3e5ee88d2e8fde10ebe63a10,-664.94403,-1886.5536,-1659.1768,9436.882,-3753.261,2187.1133,8961.585,-3058.0571,1616.9694,12447.315,2
542,mvdec_dekm_consistent_v1,airpollution_mvdec_dekm_consistent_v1_2b88b20cd9b6_seed_44,2b88b20cd9b6ab9268889294ab249f6a1e5fb71b3e5ee88d2e8fde10ebe63a10,-692.8213,-1965.6434,-1728.7328,9832.503,-3910.6062,2278.8018,9337.275,-3186.2566,1684.7573,12969.137,2
543,mvdec_dekm_consistent_v1,airpollution_mvdec_dekm_consistent_v1_2b88b20cd9b6_seed_44,2b88b20cd9b6ab9268889294ab249f6a1e5fb71b3e5ee88d2e8fde10ebe63a10,-721.1653,-2046.0596,-1799.4568,10234.753,-4070.593,2372.0295,9719.2705,-3316.608,1753.6791,13499.714,2
544,mvdec_dekm_consistent_v1,airpollution_mvdec_dekm_consistent_v1_2b88b20cd9b6_seed_44,2b88b20cd9b6ab9268889294ab249f6a1e5fb71b3e5ee88d2e8fde10ebe63a10,-749.9115,-2127.6167,-1871.1844,10642.704,-4232.8477,2466.5789,10106.68,-3448.8071,1823.5778,14037.81,2
545,mvdec_dekm_consistent_v1,airpollution_mvdec_dekm_consistent_v1_2b88b20cd9b6_seed_44,2b88b20cd9b6ab9268889294ab249f6a1e5fb71b3e5ee88d2e8fde10ebe63a10,-779.0116,-2210.1785,-1943.7959,11055.686,-4397.1016,2562.2927,10498.864,-3582.6353,1894.3394,14582.536,2
546,mvdec_dekm_consistent_v1,airpollution_mvdec_dekm_consistent_v1_2b88b20cd9b6_seed_44,2b88b20cd9b6ab9268889294ab249f6a1e5fb71b3e5ee88d2e8fde10ebe63a10,-808.4317,-2293.647,-2017.2057,11473.204,-4563.16,2659.0586,10895.357,-3717.9348,1965.8774,15133.249,1
547,mvdec_dekm_consistent_v1,airpollution_mvdec_dekm_consistent_v1_2b88b20cd9b6_seed_44,2b88b20cd9b6ab9268889294ab249f6a1e5fb71b3e5ee88d2e8fde10ebe63a10,-838.13666,-2377.9233,-2091.3254,11894.765,-4730.826,2756.7615,11295.688,-3854.5435,2038.1088,15689.294,1
548,mvdec_dekm_consistent_v1,airpollution_mvdec_dekm_consistent_v1_2b88b20cd9b6_seed_44,2b88b20cd9b6ab9268889294ab249f6a1e5fb71b3e5ee88d2e8fde10ebe63a10,-868.0973,-2462.9255,-2166.0833,12319.954,-4899.936,2855.3052,11699.465,-3992.3281,2110.9617,16250.127,1
549,mvdec_dekm_consistent_v1,airpollution_mvdec_dekm_consistent_v1_2b88b20cd9b6_seed_44,2b88b20cd9b6ab9268889294ab249f6a1e5fb71b3e5ee88d2e8fde10ebe63a10,-898.2898,-2548.586,-2241.42,12748.434,-5070.3535,2954.6113,12106.366,-4131.1777,2184.3782,16815.295,1
550,mvdec_dekm_consistent_v1,airpollution_mvdec_dekm_consistent_v1_2b88b20cd9b6_seed_44,2b88b20cd9b6ab9268889294ab249f6a1e5fb71b3e5ee88d2e8fde10ebe63a10,-928.68823,-2634.8298,-2317.2705,13179.835,-5241.933,3054.595,12516.042,-4270.976,2258.296,17384.32,1
551,mvdec_dekm_consistent_v1,airpollution_mvdec_dekm_consistent_v1_2b88b20cd9b6_seed_44,2b88b20cd9b6ab9268889294ab249f6a1e5fb71b3e5ee88d2e8fde10ebe63a10,-959.2744,-2721.6067,-2393.59,13613.907,-5414.5757,3155.197,12928.255,-4411.639,2332.6704,17956.87,1
552,mvdec_dekm_consistent_v1,airpollution_mvdec_dekm_consistent_v1_2b88b20cd9b6_seed_44,2b88b20cd9b6ab9268889294ab249f6a1e5fb71b3e5ee88d2e8fde10ebe63a10,-990.032,-2808.8699,-2470.3367,14050.4,-5588.1807,3256.3613,13342.767,-4553.0874,2407.4604,18532.611,1
553,mvdec_dekm_consistent_v1,airpollution_mvdec_dekm_consistent_v1_2b88b20cd9b6_seed_44,2b88b20cd9b6ab9268889294ab249f6a1e5fb71b3e5ee88d2e8fde10ebe63a10,-1020.9443,-2896.5715,-2547.469,14489.098,-5762.661,3358.0354,13759.372,-4695.249,2482.6277,19111.26,1
554,mvdec_dekm_consistent_v1,airpollution_mvdec_dekm_consistent_v1_2b88b20cd9b6_seed_44,2b88b20cd9b6ab9268889294ab249f6a1e5fb71b3e5ee88d2e8fde10ebe63a10,-1051.998,-2984.6765,-2624.9556,14929.807,-5937.944,3460.175,14177.885,-4838.063,2558.1409,19692.56,1
555,mvdec_dekm_consistent_v1,airpollution_mvdec_dekm_consistent_v1_2b88b20cd9b6_seed_44,2b88b20cd9b6ab9268889294ab249f6a1e5fb71b3e5ee88d2e8fde10ebe63a10,-1083.1832,-3073.1533,-2702.7695,15372.375,-6113.965,3562.7466,14598.169,-4981.4785,2633.9705,20276.314,1
556,mvdec_dekm_consistent_v1,airpollution_mvdec_dekm_consistent_v1_2b88b20cd9b6_seed_44,2b88b20cd9b6ab9268889294ab249f6a1e5fb71b3e5ee88d2e8fde10ebe63a10,-1114.4878,-3161.9685,-2780.8809,15816.639,-6290.662,3665.7114,15020.061,-5125.4443,2710.0913,20862.305,1
557,mvdec_dekm_consistent_v1,airpollution_mvdec_dekm_consistent_v1_2b88b20cd9b6_seed_44,2b88b20cd9b6ab9268889294ab249f6a1e5fb71b3e5ee88d2e8fde10ebe63a10,-1145.9012,-3251.0918,-2859.263,16262.441,-6467.9697,3769.0322,15443.412,-5269.909,2786.4756,21450.326,1
558,mvdec_dekm_consistent_v1,airpollution_mvdec_dekm_consistent_v1_2b88b20cd9b6_seed_44,2b88b20cd9b6ab9268889294ab249f6a1e5fb71b3e5ee88d2e8fde10ebe63a10,-1177.414,-3340.5,-2937.8945,16709.666,-6645.8438,3872.6836,15868.117,-5414.8345,2863.1038,22040.223,1
559,mvdec_dekm_consistent_v1,airpollution_mvdec_dekm_consistent_v1_2b88b20cd9b6_seed_44,2b88b20cd9b6ab9268889294ab249f6a1e5fb71b3e5ee88d2e8fde10ebe63a10,-1209.0188,-3430.1685,-3016.7568,17158.2,-6824.237,3976.6367,16294.063,-5560.1836,2939.9563,22631.844,1
560,mvdec_dekm_consistent_v1,airpollution_mvdec_dekm_consistent_v1_2b88b20cd9b6_seed_44,2b88b20cd9b6ab9268889294ab249f6a1e5fb71b3e5ee88d2e8fde10ebe63a10,-516.86,-1466.4232,-1289.6785,7335.3467,-2917.4255,1700.0522,6965.885,-2377.046,1256.8876,9675.362,2
561,mvdec_dekm_consistent_v1,airpollution_mvdec_dekm_consistent_v1_2b88b20cd9b6_seed_44,2b88b20cd9b6ab9268889294ab249f6a1e5fb71b3e5ee88d2e8fde10ebe63a10,-496.02417,-1407.3112,-1237.6903,7039.6606,-2799.8235,1631.5227,6685.0913,-2281.2273,1206.2238,9285.349,2
562,mvdec_dekm_consistent_v1,airpollution_mvdec_dekm_consistent_v1_2b88b20cd9b6_seed_44,2b88b20cd9b6ab9268889294ab249f6a1e5fb71b3e5ee88d2e8fde10ebe63a10,-476.59717,-1352.1948,-1189.2161,6763.9624,-2690.1716,1567.6255,6423.2764,-2191.8862,1158.9846,8921.699,2
563,mvdec_dekm_consistent_v1,airpollution_mvdec_dekm_consistent_v1_2b88b20cd9b6_seed_44,2b88b20cd9b6ab9268889294ab249f6a1e5fb71b3e5ee88d2e8fde10ebe63a10,-458.75735,-1301.5813,-1144.7021,6510.7876,-2589.4773,1508.949,6182.853,-2109.8445,1115.6053,8587.759,2
564,mvdec_dekm_consistent_v1,airpollution_mvdec_dekm_consistent_v1_2b88b20cd9b6_seed_44,2b88b20cd9b6ab9268889294ab249f6a1e5fb71b3e5ee88d2e8fde10ebe63a10,-442.6641,-1255.9227,-1104.5463,6282.4004,-2498.6414,1456.0168,5965.9663,-2035.8341,1076.4728,8286.512,0
565,mvdec_dekm_consistent_v1,airpollution_mvdec_dekm_consistent_v1_2b88b20cd9b6_seed_44,2b88b20cd9b6ab9268889294ab249f6a1e5fb71b3e5ee88d2e8fde10ebe63a10,-428.52313,-1215.8021,-1069.2612,6081.7124,-2418.822,1409.5049,5775.385,-1970.8005,1042.0867,8021.8027,0
566,mvdec_dekm_consistent_v1,airpollution_mvdec_dekm_consistent_v1_2b88b20cd9b6_seed_44,2b88b20cd9b6ab9268889294ab249f6a1e5fb71b3e5ee88d2e8fde10ebe63a10,-415.96036,-1180.1583,-1037.9135,5903.4185,-2347.9097,1368.1829,5606.069,-1913.0233,1011.53735,7786.63,0
567,mvdec_dekm_consistent_v1,airpollution_mvdec_dekm_consistent_v1_2b88b20cd9b6_seed_44,2b88b20cd9b6ab9268889294ab249f6a1e5fb71b3e5ee88d2e8fde10ebe63a10,-390.71912,-1108.5447,-974.9308,5545.1997,-2205.4363,1285.1605,5265.8887,-1796.9407,950.1596,7314.1343,0
568,mvdec_dekm_consistent_v1,airpollution_mvdec_dekm_consistent_v1_2b88b20cd9b6_seed_44,2b88b20cd9b6ab9268889294ab249f6a1e5fb71b3e5ee88d2e8fde10ebe63a10,-362.74353,-1029.1725,-905.1248,5148.1724,-2047.5277,1193.144,4888.8555,-1668.2822,882.1321,6790.4497,0
569,mvdec_dekm_consistent_v1,airpollution_mvdec_dekm_consistent_v1_2b88b20cd9b6_seed_44,2b88b20cd9b6ab9268889294ab249f6a1e5fb71b3e5ee88d2e8fde10ebe63a10,-333.43518,-946.0198,-831.99414,4732.2363,-1882.0977,1096.745,4493.8643,-1533.496,810.86456,6241.823,0
570,mvdec_dekm_consistent_v1,airpollution_mvdec_dekm_consistent_v1_2b88b20cd9b6_seed_44,2b88b20cd9b6ab9268889294ab249f6a1e5fb71b3e5ee88d2e8fde10ebe63a10,-304.11298,-862.82764,-758.8286,4316.101,-1716.5895,1000.2999,4098.685,-1398.6455,739.56335,5692.934,0
571,mvdec_dekm_consistent_v1,airpollution_mvdec_dekm_consistent_v1_2b88b20cd9b6_seed_44,2b88b20cd9b6ab9268889294ab249f6a1e5fb71b3e5ee88d2e8fde10ebe63a10,-274.93832,-780.0537,-686.0285,3902.0696,-1551.9113,904.3396,3705.493,-1264.4729,668.62463,5146.8105,0
572,mvdec_dekm_consistent_v1,airpollution_mvdec_dekm_consistent_v1_2b88b20cd9b6_seed_44,2b88b20cd9b6ab9268889294ab249f6a1e5fb71b3e5ee88d2e8fde10ebe63a10,-246.52481,-699.44214,-615.13153,3498.8403,-1391.5366,810.88574,3322.5706,-1133.8048,599.5341,4614.947,0
573,mvdec_dekm_consistent_v1,airpollution_mvdec_dekm_consistent_v1_2b88b20cd9b6_seed_44,2b88b20cd9b6ab9268889294ab249f6a1e5fb71b3e5ee88d2e8fde10ebe63a10,-219.05505,-621.50793,-546.58997,3109.0054,-1236.4888,720.536,2952.3684,-1007.4771,532.7389,4100.749,0
574,mvdec_dekm_consistent_v1,airpollution_mvdec_dekm_consistent_v1_2b88b20cd9b6_seed_44,2b88b20cd9b6ab9268889294ab249f6a1e5fb71b3e5ee88d2e8fde10ebe63a10,-192.9796,-547.5282,-481.52637,2738.9521,-1089.3098,634.7711,2600.9521,-887.5603,469.3332,3612.6448,0
575,mvdec_dekm_consistent_v1,airpollution_mvdec_dekm_consistent_v1_2b88b20cd9b6_seed_44,2b88b20cd9b6ab9268889294ab249f6a1e5fb71b3e5ee88d2e8fde10ebe63a10,-169.24234,-480.18307,-422.29773,2402.0845,-955.329,556.6975,2281.0503,-778.3971,411.61328,3168.312,3
576,mvdec_dekm_consistent_v1,airpollution_mvdec_dekm_consistent_v1_2b88b20cd9b6_seed_44,2b88b20cd9b6ab9268889294ab249f6a1e5fb71b3e5ee88d2e8fde10ebe63a10,-148.81296,-422.22278,-371.32288,2112.1616,-840.01855,489.50372,2005.7274,-684.4462,361.93747,2785.8997,3
577,mvdec_dekm_consistent_v1,airpollution_mvdec_dekm_consistent_v1_2b88b20cd9b6_seed_44,2b88b20cd9b6ab9268889294ab249f6a1e5fb71b3e5ee88d2e8fde10ebe63a10,-125.80629,-356.95026,-313.91763,1785.6655,-710.1614,413.83325,1695.6722,-578.6434,305.99585,2355.2466,3
578,mvdec_dekm_consistent_v1,airpollution_mvdec_dekm_consistent_v1_2b88b20cd9b6_seed_44,2b88b20cd9b6ab9268889294ab249f6a1e5fb71b3e5ee88d2e8fde10ebe63a10,-98.35051,-279.05475,-245.40869,1396.0155,-555.18945,323.52722,1325.6487,-452.37665,239.23056,1841.295,3
579,mvdec_dekm_consistent_v1,airpollution_mvdec_dekm_consistent_v1_2b88b20cd9b6_seed_44,2b88b20cd9b6ab9268889294ab249f6a1e5fb71b3e5ee88d2e8fde10ebe63a10,-73.244644,-207.82462,-182.76465,1039.7217,-413.48154,240.95105,987.29596,-336.9181,178.18301,1371.3376,3
580,mvdec_dekm_consistent_v1,airpollution_mvdec_dekm_consistent_v1_2b88b20cd9b6_seed_44,2b88b20cd9b6ab9268889294ab249f6a1e5fb71b3e5ee88d2e8fde10ebe63a10,-47.693237,-135.33174,-119.00913,677.11206,-269.26053,156.91104,642.94507,-219.41219,116.053215,893.0489,3
581,mvdec_dekm_consistent_v1,airpollution_mvdec_dekm_consistent_v1_2b88b20cd9b6_seed_44,2b88b20cd9b6ab9268889294ab249f6a1e5fb71b3e5ee88d2e8fde10ebe63a10,-23.959223,-67.99413,-59.7879,340.2861,-135.29582,78.846954,323.08087,-110.262405,58.340958,448.77045,3
582,mvdec_dekm_consistent_v1,airpollution_mvdec_dekm_consistent_v1_2b88b20cd9b6_seed_44,2b88b20cd9b6ab9268889294ab249f6a1e5fb71b3e5ee88d2e8fde10ebe63a10,-3.9354148,-11.182456,-9.824118,56.113186,-22.271137,12.984916,53.216854,-18.17478,9.651025,73.94203,3
583,mvdec_dekm_consistent_v1,airpollution_mvdec_dekm_consistent_v1_2b88b20cd9b6_seed_44,2b88b20cd9b6ab9268889294ab249f6a1e5fb71b3e5ee88d2e8fde10ebe63a10,-18.918945,-53.694153,-47.21092,268.75195,-106.844925,62.267937,255.14995,-87.08174,46.083492,354.41687,3
584,mvdec_dekm_consistent_v1,airpollution_mvdec_dekm_consistent_v1_2b88b20cd9b6_seed_44,2b88b20cd9b6ab9268889294ab249f6a1e5fb71b3e5ee88d2e8fde10ebe63a10,-51.10852,-145.02051,-127.530815,725.56934,-288.53455,168.14188,688.9636,-235.11607,124.355064,956.9668,3
585,mvdec_dekm_consistent_v1,airpollution_mvdec_dekm_consistent_v1_2b88b20cd9b6_seed_44,2b88b20cd9b6ab9268889294ab249f6a1e5fb71b3e5ee88d2e8fde10ebe63a10,-76.18487,-216.16615,-190.10184,1081.4506,-430.0772,250.62238,1026.9224,-350.4405,185.33253,1426.3778,3
586,mvdec_dekm_consistent_v1,airpollution_mvdec_dekm_consistent_v1_2b88b20cd9b6_seed_44,2b88b20cd9b6ab9268889294ab249f6a1e5fb71b3e5ee88d2e8fde10ebe63a10,-100.80594,-286.01984,-251.53714,1430.8611,-569.04663,331.6027,1358.7363,-463.66867,245.20166,1887.2559,3
587,mvdec_dekm_consistent_v1,airpollution_mvdec_dekm_consistent_v1_2b88b20cd9b6_seed_44,2b88b20cd9b6ab9268889294ab249f6a1e5fb71b3e5ee88d2e8fde10ebe63a10,-81.990135,-232.63708,-204.58775,1163.8387,-462.8457,269.71707,1105.1624,-377.13907,199.44894,1535.0499,3
588,mvdec_dekm_consistent_v1,airpollution_mvdec_dekm_consistent_v1_2b88b20cd9b6_seed_44,2b88b20cd9b6ab9268889294ab249f6a1e5fb71b3e5ee88d2e8fde10ebe63a10,-48.864323,-138.65572,-121.93238,693.72675,-275.87143,160.7622,658.72797,-224.79822,118.89825,914.9683,3
589,mvdec_dekm_consistent_v1,airpollution_mvdec_dekm_consistent_v1_2b88b20cd9b6_seed_44,2b88b20cd9b6ab9268889294ab249f6a1e5fb71b3e5ee88d2e8fde10ebe63a10,-15.8057,-44.86452,-39.444466,224.57356,-89.27715,52.029285,213.20218,-72.76728,38.512543,296.14963,3
590,mvdec_dekm_consistent_v1,airpollution_mvdec_dekm_consistent_v1_2b88b20cd9b6_seed_44,2b88b20cd9b6ab9268889294ab249f6a1e5fb71b3e5ee88d2e8fde10ebe63a10,-15.985654,-45.375603,-39.89429,227.13226,-90.29494,52.62221,215.63211,-73.596504,38.9513,299.52463,3
591,mvdec_dekm_consistent_v1,airpollution_mvdec_dekm_consistent_v1_2b88b20cd9b6_seed_44,2b88b20cd9b6ab9268889294ab249f6a1e5fb71b3e5ee88d2e8fde10ebe63a10,-44.063057,-125.03599,-109.954636,625.60895,-248.77882,144.97482,594.0404,-202.72412,107.22781,825.1193,3
592,mvdec_dekm_consistent_v1,airpollution_mvdec_dekm_consistent_v1_2b88b20cd9b6_seed_44,2b88b20cd9b6ab9268889294ab249f6a1e5fb71b3e5ee88d2e8fde10ebe63a10,-74.69234,-211.93645,-186.38177,1060.2933,-421.66428,245.71886,1006.8346,-343.58542,181.70787,1398.4746,3
593,mvdec_dekm_consistent_v1,airpollution_mvdec_dekm_consistent_v1_2b88b20cd9b6_seed_44,2b88b20cd9b6ab9268889294ab249f6a1e5fb71b3e5ee88d2e8fde10ebe63a10,-106.53645,-302.28308,-265.83954,1512.2151,-601.40674,350.45837,1435.9995,-490.033,259.14056,1994.5663,3
594,mvdec_dekm_consistent_v1,airpollution_mvdec_dekm_consistent_v1_2b88b20cd9b6_seed_44,2b88b20cd9b6ab9268889294ab249f6a1e5fb71b3e5ee88d2e8fde10ebe63a10,-138.91284,-394.14017,-346.62497,1971.6829,-784.1516,456.9468,1872.332,-638.9266,337.86566,2600.6135,3
595,mvdec_dekm_consistent_v1,airpollution_mvdec_dekm_consistent_v1_2b88b20cd9b6_seed_44,2b88b20cd9b6ab9268889294ab249f6a1e5fb71b3e5ee88d2e8fde10ebe63a10,-171.56308,-486.77267,-428.0936,2435.0388,-968.441,564.3363,2312.3542,-789.0792,417.258,3211.787,3
596,mvdec_dekm_consistent_v1,airpollution_mvdec_dekm_consistent_v1_2b88b20cd9b6_seed_44,2b88b20cd9b6ab9268889294ab249f6a1e5fb71b3e5ee88d2e8fde10ebe63a10,-204.3523,-579.7996,-509.90872,2900.3655,-1153.5143,672.18256,2754.2483,-939.87036,496.98743,3825.5598,0
597,mvdec_dekm_consistent_v1,airpollution_mvdec_dekm_consistent_v1_2b88b20cd9b6_seed_44,2b88b20cd9b6ab9268889294ab249f6a1e5fb71b3e5ee88d2e8fde10ebe63a10,-237.26434,-673.1738,-592.03,3367.4324,-1339.2795,780.43225,3197.794,-1091.2257,577.01605,4441.6284,0
598,mvdec_dekm_consistent_v1,airpollution_mvdec_dekm_consistent_v1_2b88b20cd9b6_seed_44,2b88b20cd9b6ab9268889294ab249f6a1e5fb71b3e5ee88d2e8fde10ebe63a10,-270.24298,-766.73737,-674.31793,3835.4473,-1525.421,888.90137,3642.2388,-1242.8876,657.2065,5058.946,0
599,mvdec_dekm_consistent_v1,airpollution_mvdec_dekm_consistent_v1_2b88b20cd9b6_seed_44,2b88b20cd9b6ab9268889294ab249f6a1e5fb71b3e5ee88d2e8fde10ebe63a10,-303.25885,-860.4065,-756.69855,4303.9893,-1711.773,997.4928,4087.1848,-1394.7208,737.48773,5676.959,0
600,mvdec_dekm_consistent_v1,airpollution_mvdec_dekm_consistent_v1_2b88b20cd9b6_seed_44,2b88b20cd9b6ab9268889294ab249f6a1e5fb71b3e5ee88d2e8fde10ebe63a10,-336.3177,-954.19763,-839.1864,4773.142,-1898.3674,1106.2257,4532.71,-1546.7517,817.8733,6295.7773,0
601,mvdec_dekm_consistent_v1,airpollution_mvdec_dekm_consistent_v1_2b88b20cd9b6_seed_44,2b88b20cd9b6ab9268889294ab249f6a1e5fb71b3e5ee88d2e8fde10ebe63a10,-369.4087,-1048.0797,-921.7543,5242.75,-2085.143,1215.0641,4978.6694,-1698.9303,898.3372,6915.198,0
602,mvdec_dekm_consistent_v1,airpollution_mvdec_dekm_consistent_v1_2b88b20cd9b6_seed_44,2b88b20cd9b6ab9268889294ab249f6a1e5fb71b3e5ee88d2e8fde10ebe63a10,-402.5014,-1141.9647,-1004.323,5712.3906,-2271.9229,1323.9065,5424.6416,-1851.114,978.8089,7534.646,0
603,mvdec_dekm_consistent_v1,airpollution_mvdec_dekm_consistent_v1_2b88b20cd9b6_seed_44,2b88b20cd9b6ab9268889294ab249f6a1e5fb71b3e5ee88d2e8fde10ebe63a10,-435.6365,-1235.9744,-1087.0018,6182.633,-2458.9524,1432.8922,5871.206,-2003.4991,1059.381,8154.9043,0
604,mvdec_dekm_consistent_v1,airpollution_mvdec_dekm_consistent_v1_2b88b20cd9b6_seed_44,2b88b20cd9b6ab9268889294ab249f6a1e5fb71b3e5ee88d2e8fde10ebe63a10,-464.2185,-1317.0658,-1158.3203,6588.258,-2620.2815,1526.9021,6256.4062,-2134.944,1128.8813,8689.931,2
605,mvdec_dekm_consistent_v1,airpollution_mvdec_dekm_consistent_v1_2b88b20cd9b6_seed_44,2b88b20cd9b6ab9268889294ab249f6a1e5fb71b3e5ee88d2e8fde10ebe63a10,-487.752,-1383.8341,-1217.0417,6922.2383,-2753.1152,1604.3069,6573.5684,-2243.1719,1186.1058,9130.457,2
606,mvdec_dekm_consistent_v1,airpollution_mvdec_dekm_consistent_v1_2b88b20cd9b6_seed_44,2b88b20cd9b6ab9268889294ab249f6a1e5fb71b3e5ee88d2e8fde10ebe63a10,-512.36145,-1453.6553,-1278.4481,7271.49,-2892.0227,1685.2511,6905.2334,-2356.349,1245.9473,9591.125,2
607,mvdec_dekm_consistent_v1,airpollution_mvdec_dekm_consistent_v1_2b88b20cd9b6_seed_44,2b88b20cd9b6ab9268889294ab249f6a1e5fb71b3e5ee88d2e8fde10ebe63a10,-537.89935,-1526.1108,-1342.1709,7633.916,-3036.17,1769.2484,7249.41,-2473.795,1308.046,10069.171,2
608,mvdec_dekm_consistent_v1,airpollution_mvdec_dekm_consistent_v1_2b88b20cd9b6_seed_44,2b88b20cd9b6ab9268889294ab249f6a1e5fb71b3e5ee88d2e8fde10ebe63a10,-564.23975,-1600.8417,-1407.8953,8007.7285,-3184.8457,1855.8851,7604.399,-2594.931,1372.0951,10562.236,2
609,mvdec_dekm_consistent_v1,airpollution_mvdec_dekm_consistent_v1_2b88b20cd9b6_seed_44,2b88b20cd9b6ab9268889294ab249f6a1e5fb71b3e5ee88d2e8fde10ebe63a10,-591.27484,-1677.5455,-1475.3547,8391.406,-3337.4458,1944.808,7968.757,-2719.2634,1437.8352,11068.313,2
610,mvdec_dekm_consistent_v1,airpollution_mvdec_dekm_consistent_v1_2b88b20cd9b6_seed_44,2b88b20cd9b6ab9268889294ab249f6a1e5fb71b3e5ee88d2e8fde10ebe63a10,-618.914,-1755.9618,-1544.3201,8783.65,-3493.453,2035.7166,8341.249,-2846.3726,1505.0432,11585.692,2
611,mvdec_dekm_consistent_v1,airpollution_mvdec_dekm_consistent_v1_2b88b20cd9b6_seed_44,2b88b20cd9b6ab9268889294ab249f6a1e5fb71b3e5ee88d2e8fde10ebe63a10,-647.07764,-1835.8665,-1614.5947,9183.342,-3652.4197,2128.3503,8720.811,-2975.8943,1573.5276,12112.89,2
612,mvdec_dekm_consistent_v1,airpollution_mvdec_dekm_consistent_v1_2b88b20cd9b6_seed_44,2b88b20cd9b6ab9268889294ab249f6a1e5fb71b3e5ee88d2e8fde10ebe63a10,-675.703,-1917.0802,-1686.0219,9589.583,-3813.993,2222.5022,9106.593,-3107.5386,1643.1339,12648.727,2
613,mvdec_dekm_consistent_v1,airpollution_mvdec_dekm_consistent_v1_2b88b20cd9b6_seed_44,2b88b20cd9b6ab9268889294ab249f6a1e5fb71b3e5ee88d2e8fde10ebe63a10,-704.7345,-1999.4457,-1758.4606,10001.581,-3977.8564,2317.9893,9497.845,-3241.0488,1713.7263,13192.157,2
614,mvdec_dekm_consistent_v1,airpollution_mvdec_dekm_consistent_v1_2b88b20cd9b6_seed_44,2b88b20cd9b6ab9268889294ab249f6a1e5fb71b3e5ee88d2e8fde10ebe63a10,-734.121,-2082.8186,-1831.7859,10418.621,-4143.724,2414.6443,9893.883,-3376.1924,1785.183,13742.241,2
615,mvdec_dekm_consistent_v1,airpollution_mvdec_dekm_consistent_v1_2b88b20cd9b6_seed_44,2b88b20cd9b6ab9268889294ab249f6a1e5fb71b3e5ee88d2e8fde10ebe63a10,-763.8229,-2167.0867,-1905.8983,10840.141,-4311.373,2512.337,10294.172,-3512.787,1857.4067,14298.228,2
616,mvdec_dekm_consistent_v1,airpollution_mvdec_dekm_consistent_v1_2b88b20cd9b6_seed_44,2b88b20cd9b6ab9268889294ab249f6a1e5fb71b3e5ee88d2e8fde10ebe63a10,-793.80457,-2252.1482,-1980.7097,11265.628,-4480.601,2610.9495,10698.232,-3650.6682,1930.3113,14859.454,1
617,mvdec_dekm_consistent_v1,airpollution_mvdec_dekm_consistent_v1_2b88b20cd9b6_seed_44,2b88b20cd9b6ab9268889294ab249f6a1e5fb71b3e5ee88d2e8fde10ebe63a10,-824.0349,-2337.916,-2056.1414,11694.647,-4651.2324,2710.3804,11105.646,-3789.694,2003.8203,15425.337,1
618,mvdec_dekm_consistent_v1,airpollution_mvdec_dekm_consistent_v1_2b88b20cd9b6_seed_44,2b88b20cd9b6ab9268889294ab249f6a1e5fb71b3e5ee88d2e8fde10ebe63a10,-854.4901,-2424.321,-2132.133,12126.856,-4823.134,2810.5515,11516.09,-3929.7537,2077.8767,15995.427,1
619,mvdec_dekm_consistent_v1,airpollution_mvdec_dekm_consistent_v1_2b88b20cd9b6_seed_44,2b88b20cd9b6ab9268889294ab249f6a1e5fb71b3e5ee88d2e8fde10ebe63a10,-885.1467,-2511.2976,-2208.6272,12561.919,-4996.171,2911.383,11929.244,-4070.738,2152.421,16569.281,1
620,mvdec_dekm_consistent_v1,airpollution_mvdec_dekm_consistent_v1_2b88b20cd9b6_seed_44,2b88b20cd9b6ab9268889294ab249f6a1e5fb71b3e5ee88d2e8fde10ebe63a10,-915.9816,-2598.7803,-2285.5664,12999.517,-5170.2144,3012.8027,12344.806,-4212.5435,2227.3997,17146.479,1
621,mvdec_dekm_consistent_v1,airpollution_mvdec_dekm_consistent_v1_2b88b20cd9b6_seed_44,2b88b20cd9b6ab9268889294ab249f6a1e5fb71b3e5ee88d2e8fde10ebe63a10,-946.9791,-2686.725,-2362.9124,13439.426,-5345.1787,3114.7583,12762.559,-4355.0977,2302.775,17726.727,1
622,mvdec_dekm_consistent_v1,airpollution_mvdec_dekm_consistent_v1_2b88b20cd9b6_seed_44,2b88b20cd9b6ab9268889294ab249f6a1e5fb71b3e5ee88d2e8fde10ebe63a10,-978.12524,-2775.091,-2440.6284,13881.44,-5520.9805,3217.2012,13182.315,-4498.3345,2378.5103,18309.75,1
623,mvdec_dekm_consistent_v1,airpollution_mvdec_dekm_consistent_v1_2b88b20cd9b6_seed_44,2b88b20cd9b6ab9268889294ab249f6a1e5fb71b3e5ee88d2e8fde10ebe63a10,-1009.4043,-2863.835,-2518.6763,14325.342,-5697.5327,3320.0818,13603.863,-4642.1836,2454.5693,18895.266,1
624,mvdec_dekm_consistent_v1,airpollution_mvdec_dekm_consistent_v1_2b88b20cd9b6_seed_44,2b88b20cd9b6ab9268889294ab249f6a1e5fb71b3e5ee88d2e8fde10ebe63a10,-1040.8046,-2952.9226,-2597.027,14770.966,-5874.7705,3423.3616,14027.051,-4786.5903,2530.923,19483.049,1
625,mvdec_dekm_consistent_v1,airpollution_mvdec_dekm_consistent_v1_2b88b20cd9b6_seed_44,2b88b20cd9b6ab9268889294ab249f6a1e5fb71b3e5ee88d2e8fde10ebe63a10,-1072.3151,-3042.323,-2675.653,15218.158,-6052.632,3527.0046,14451.72,-4931.5054,2607.5461,20072.904,1
626,mvdec_dekm_consistent_v1,airpollution_mvdec_dekm_consistent_v1_2b88b20cd9b6_seed_44,2b88b20cd9b6ab9268889294ab249f6a1e5fb71b3e5ee88d2e8fde10ebe63a10,-1103.9274,-3132.0115,-2754.5325,15666.787,-6231.0625,3630.9807,14877.756,-5076.885,2684.4148,20664.65,1
627,mvdec_dekm_consistent_v1,airpollution_mvdec_dekm_consistent_v1_2b88b20cd9b6_seed_44,2b88b20cd9b6ab9268889294ab249f6a1e5fb71b3e5ee88d2e8fde10ebe63a10,-1135.6317,-3221.9617,-2833.6416,16116.727,-6410.0166,3735.2607,15305.041,-5222.691,2761.509,21258.127,1
628,mvdec_dekm_consistent_v1,airpollution_mvdec_dekm_consistent_v1_2b88b20cd9b6_seed_44,2b88b20cd9b6ab9268889294ab249f6a1e5fb71b3e5ee88d2e8fde10ebe63a10,-1167.4222,-3312.155,-2912.9646,16567.88,-6589.4536,3839.8228,15733.476,-5368.889,2838.8096,21853.205,1
629,mvdec_dekm_consistent_v1,airpollution_mvdec_dekm_consistent_v1_2b88b20cd9b6_seed_44,2b88b20cd9b6ab9268889294ab249f6a1e5fb71b3e5ee88d2e8fde10ebe63a10,-1199.29,-3402.568,-2992.4822,17020.137,-6769.327,3944.6396,16162.957,-5515.4443,2916.3003,22449.74,1
630,mvdec_dekm_consistent_v1,airpollution_mvdec_dekm_consistent_v1_2b88b20cd9b6_seed_44,2b88b20cd9b6ab9268889294ab249f6a1e5fb71b3e5ee88d2e8fde10ebe63a10,-491.95395,-1395.7622,-1227.5331,6981.891,-2776.8477,1618.134,6630.2305,-2262.5068,1196.325,9209.149,2
631,mvdec_dekm_consistent_v1,airpollution_mvdec_dekm_consistent_v1_2b88b20cd9b6_seed_44,2b88b20cd9b6ab9268889294ab249f6a1e5fb71b3e5ee88d2e8fde10ebe63a10,-470.03516,-1333.575,-1172.8407,6670.8228,-2653.1272,1546.0398,6334.8267,-2161.7043,1143.0261,8798.848,2
632,mvdec_dekm_consistent_v1,airpollution_mvdec_dekm_consistent_v1_2b88b20cd9b6_seed_44,2b88b20cd9b6ab9268889294ab249f6a1e5fb71b3e5ee88d2e8fde10ebe63a10,-449.48505,-1275.2701,-1121.5631,6379.178,-2537.1318,1478.4471,6057.8687,-2067.195,1093.0552,8414.162,2
633,mvdec_dekm_consistent_v1,airpollution_mvdec_dekm_consistent_v1_2b88b20cd9b6_seed_44,2b88b20cd9b6ab9268889294ab249f6a1e5fb71b3e5ee88d2e8fde10ebe63a10,-430.52243,-1221.4694,-1074.2467,6110.0615,-2430.0967,1416.0754,5802.3037,-1979.9863,1046.9441,8059.1934,0
634,mvdec_dekm_consistent_v1,airpollution_mvdec_dekm_consistent_v1_2b88b20cd9b6_seed_44,2b88b20cd9b6ab9268889294ab249f6a1e5fb71b3e5ee88d2e8fde10ebe63a10,-413.3553,-1172.7635,-1031.4111,5866.428,-2333.1973,1359.6107,5570.94,-1901.0363,1005.1996,7737.8394,0
635,mvdec_dekm_consistent_v1,airpollution_mvdec_dekm_consistent_v1_2b88b20cd9b6_seed_44,2b88b20cd9b6ab9268889294ab249f6a1e5fb71b3e5ee88d2e8fde10ebe63a10,-398.19287,-1129.7445,-993.57715,5651.244,-2247.613,1309.7386,5366.592,-1831.305,968.3293,7454.008,0
636,mvdec_dekm_consistent_v1,airpollution_mvdec_dekm_consistent_v1_2b88b20cd9b6_seed_44,2b88b20cd9b6ab9268889294ab249f6a1e5fb71b3e5ee88d2e8fde10ebe63a10,-385.27365,-1093.0898,-961.3408,5467.895,-2174.6897,1267.245,5192.476,-1771.89,936.914,7212.168,0
637,mvdec_dekm_consistent_v1,airpollution_mvdec_dekm_consistent_v1_2b88b20cd9b6_seed_44,2b88b20cd9b6ab9268889294ab249f6a1e5fb71b3e5ee88d2e8fde10ebe63a10,-369.24115,-1047.6011,-921.3317,5240.375,-2084.19,1214.5104,4976.397,-1698.1558,897.9331,6912.052,0
638,mvdec_dekm_consistent_v1,airpollution_mvdec_dekm_consistent_v1_2b88b20cd9b6_seed_44,2b88b20cd9b6ab9268889294ab249f6a1e5fb71b3e5ee88d2e8fde10ebe63a10,-343.7742,-975.3489,-857.78705,4878.96,-1940.446,1130.7473,4633.184,-1581.0378,836.00714,6435.3413,0
639,mvdec_dekm_consistent_v1,airpollution_mvdec_dekm_consistent_v1_2b88b20cd9b6_seed_44,2b88b20cd9b6ab9268889294ab249f6a1e5fb71b3e5ee88d2e8fde10ebe63a10,-318.01126,-902.2567,-793.5035,4513.3433,-1795.0315,1046.011,4285.9814,-1462.5587,773.36127,5953.089,0
640,mvdec_dekm_consistent_v1,airpollution_mvdec_dekm_consistent_v1_2b88b20cd9b6_seed_44,2b88b20cd9b6ab9268889294ab249f6a1e5fb71b3e5ee88d2e8fde10ebe63a10,-288.43066,-818.3338,-719.69446,4093.5515,-1628.0695,948.71826,3887.3318,-1326.5236,701.43274,5399.3784,0
641,mvdec_dekm_consistent_v1,airpollution_mvdec_dekm_consistent_v1_2b88b20cd9b6_seed_44,2b88b20cd9b6ab9268889294ab249f6a1e5fb71b3e5ee88d2e8fde10ebe63a10,-259.11157,-735.15314,-646.53864,3677.4727,-1462.5831,852.28595,3492.207,-1191.6912,630.1416,4850.5654,0
642,mvdec_dekm_consistent_v1,airpollution_mvdec_dekm_consistent_v1_2b88b20cd9b6_seed_44,2b88b20cd9b6ab9268889294ab249f6a1e5fb71b3e5ee88d2e8fde10ebe63a10,-229.80276,-652.00104,-573.40765,3261.5366,-1297.1549,755.887,3097.2183,-1056.9058,558.87384,4301.94,0
643,mvdec_dekm_consistent_v1,airpollution_mvdec_dekm_consistent_v1_2b88b20cd9b6_seed_44,2b88b20cd9b6ab9268889294ab249f6a1e5fb71b3e5ee88d2e8fde10ebe63a10,-200.75078,-569.5779,-500.9178,2849.2458,-1133.1765,660.33295,2705.6917,-923.30133,488.2309,3758.1235,0
644,mvdec_dekm_consistent_v1,airpollution_mvdec_dekm_consistent_v1_2b88b20cd9b6_seed_44,2b88b20cd9b6ab9268889294ab249f6a1e5fb71b3e5ee88d2e8fde10ebe63a10,-172.79471,-490.26297,-431.16187,2452.5056,-975.3831,568.38293,2328.9321,-794.73615,420.25238,3234.8176,3
645,mvdec_dekm_consistent_v1,airpollution_mvdec_dekm_consistent_v1_2b88b20cd9b6_seed_44,2b88b20cd9b6ab9268889294ab249f6a1e5fb71b3e5ee88d2e8fde10ebe63a10,-146.12706,-414.60336,-364.6211,2074.05,-824.8624,480.67096,1969.5369,-672.09644,355.4068,2735.6306,3
646,mvdec_dekm_consistent_v1,airpollution_mvdec_dekm_consistent_v1_2b88b20cd9b6_seed_44,2b88b20cd9b6ab9268889294ab249f6a1e5fb71b3e5ee88d2e8fde10ebe63a10,-122.323135,-347.06927,-305.22638,1736.2386,-690.50415,402.37784,1648.7354,-562.6268,297.5262,2290.052,3
647,mvdec_dekm_consistent_v1,airpollution_mvdec_dekm_consistent_v1_2b88b20cd9b6_seed_44,2b88b20cd9b6ab9268889294ab249f6a1e5fb71b3e5ee88d2e8fde10ebe63a10,-103.107376,-292.55154,-257.27963,1463.5371,-582.04254,339.17523,1389.766,-474.25635,250.80147,1930.3545,3
648,mvdec_dekm_consistent_v1,airpollution_mvdec_dekm_consistent_v1_2b88b20cd9b6_seed_44,2b88b20cd9b6ab9268889294ab249f6a1e5fb71b3e5ee88d2e8fde10ebe63a10,-80.21258,-227.59554,-200.1517,1138.6171,-452.81406,263.87082,1081.2102,-368.96506,195.12811,1501.7814,3
649,mvdec_dekm_consistent_v1,airpollution_mvdec_dekm_consistent_v1_2b88b20cd9b6_seed_44,2b88b20cd9b6ab9268889294ab249f6a1e5fb71b3e5ee88d2e8fde10ebe63a10,-52.698307,-149.53328,-131.49779,748.1418,-297.5119,173.37288,710.3994,-242.43013,128.22289,986.73926,3
650,mvdec_dekm_consistent_v1,airpollution_mvdec_dekm_consistent_v1_2b88b20cd9b6_seed_44,2b88b20cd9b6ab9268889294ab249f6a1e5fb71b3e5ee88d2e8fde10ebe63a10,-26.38018,-74.86461,-65.82862,374.6479,-148.96266,86.81059,355.7133,-121.39744,64.22781,494.09442,3
651,mvdec_dekm_consistent_v1,airpollution_mvdec_dekm_consistent_v1_2b88b20cd9b6_seed_44,2b88b20cd9b6ab9268889294ab249f6a1e5fb71b3e5ee88d2e8fde10ebe63a10,-1.0410007,-2.9727561,-2.6019955,15.047469,-5.9377728,3.4669333,14.220024,-4.8670225,2.613862,19.775122,3
652,mvdec_dekm_consistent_v1,airpollution_mvdec_dekm_consistent_v1_2b88b20cd9b6_seed_44,2b88b20cd9b6ab9268889294ab249f6a1e5fb71b3e5ee88d2e8fde10ebe63a10,-22.311779,-63.321857,-55.67846,316.92145,-126.00059,73.43103,300.89008,-102.68993,54.338352,417.94968,3
653,mvdec_dekm_consistent_v1,airpollution_mvdec_dekm_consistent_v1_2b88b20cd9b6_seed_44,2b88b20cd9b6ab9268889294ab249f6a1e5fb71b3e5ee88d2e8fde10ebe63a10,-42.58485,-120.85337,-106.27588,604.7277,-240.45796,140.12897,574.1957,-195.94958,103.65722,797.5619,3
654,mvdec_dekm_consistent_v1,airpollution_mvdec_dekm_consistent_v1_2b88b20cd9b6_seed_44,2b88b20cd9b6ab9268889294ab249f6a1e5fb71b3e5ee88d2e8fde10ebe63a10,-64.954025,-184.30391,-162.07912,922.0702,-366.688,213.68321,875.56866,-298.79285,158.02411,1216.1536,3
655,mvdec_dekm_consistent_v1,airpollution_mvdec_dekm_consistent_v1_2b88b20cd9b6_seed_44,2b88b20cd9b6ab9268889294ab249f6a1e5fb71b3e5ee88d2e8fde10ebe63a10,-93.21392,-264.48114,-232.59396,1323.1315,-526.19934,306.6346,1256.4308,-428.7578,226.74335,1745.1573,3
656,mvdec_dekm_consistent_v1,airpollution_mvdec_dekm_consistent_v1_2b88b20cd9b6_seed_44,2b88b20cd9b6ab9268889294ab249f6a1e5fb71b3e5ee88d2e8fde10ebe63a10,-120.43683,-341.71558,-300.52127,1709.47,-679.85535,396.17374,1623.3114,-553.9523,292.94034,2254.7424,3
657,mvdec_dekm_consistent_v1,airpollution_mvdec_dekm_consistent_v1_2b88b20cd9b6_seed_44,2b88b20cd9b6ab9268889294ab249f6a1e5fb71b3e5ee88d2e8fde10ebe63a10,-88.69569,-251.6611,-221.32066,1259.0106,-500.6962,291.77365,1195.5375,-407.97922,215.75766,1660.5806,3
658,mvdec_dekm_consistent_v1,airpollution_mvdec_dekm_consistent_v1_2b88b20cd9b6_seed_44,2b88b20cd9b6ab9268889294ab249f6a1e5fb71b3e5ee88d2e8fde10ebe63a10,-58.193207,-165.12268,-145.2106,826.1256,-328.52856,191.4468,784.4562,-267.70197,141.58498,1089.602,3
659,mvdec_dekm_consistent_v1,airpollution_mvdec_dekm_consistent_v1_2b88b20cd9b6_seed_44,2b88b20cd9b6ab9268889294ab249f6a1e5fb71b3e5ee88d2e8fde10ebe63a10,-30.166786,-85.60925,-75.27906,428.3866,-170.33812,99.2655,406.74948,-138.8133,73.4348,564.98016,3
660,mvdec_dekm_consistent_v1,airpollution_mvdec_dekm_consistent_v1_2b88b20cd9b6_seed_44,2b88b20cd9b6ab9268889294ab249f6a1e5fb71b3e5ee88d2e8fde10ebe63a10,-2.4040859,-6.842431,-6.005249,34.388218,-13.63456,7.9503946,32.593376,-11.13679,5.9264503,45.291813,3
661,mvdec_dekm_consistent_v1,airpollution_mvdec_dekm_consistent_v1_2b88b20cd9b6_seed_44,2b88b20cd9b6ab9268889294ab249f6a1e5fb71b3e5ee88d2e8fde10ebe63a10,-35.554775,-100.89696,-88.723816,504.85464,-200.75269,116.98833,479.3688,-163.59358,86.53666,665.84406,3
662,mvdec_dekm_consistent_v1,airpollution_mvdec_dekm_consistent_v1_2b88b20cd9b6_seed_44,2b88b20cd9b6ab9268889294ab249f6a1e5fb71b3e5ee88d2e8fde10ebe63a10,-68.755356,-195.09163,-171.56685,976.029,-388.15054,226.18927,926.8138,-316.2794,167.26949,1287.3287,3
663,mvdec_dekm_consistent_v1,airpollution_mvdec_dekm_consistent_v1_2b88b20cd9b6_seed_44,2b88b20cd9b6ab9268889294ab249f6a1e5fb71b3e5ee88d2e8fde10ebe63a10,-101.98143,-289.35815,-254.47229,1447.5579,-575.6915,335.47314,1374.5984,-469.08084,248.06178,1909.2831,3
664,mvdec_dekm_consistent_v1,airpollution_mvdec_dekm_consistent_v1_2b88b20cd9b6_seed_44,2b88b20cd9b6ab9268889294ab249f6a1e5fb71b3e5ee88d2e8fde10ebe63a10,-135.21304,-383.64062,-337.3915,1919.1638,-763.26263,444.77496,1822.4563,-621.9071,328.86716,2531.3394,3
665,mvdec_dekm_consistent_v1,airpollution_mvdec_dekm_consistent_v1_2b88b20cd9b6_seed_44,2b88b20cd9b6ab9268889294ab249f6a1e5fb71b3e5ee88d2e8fde10ebe63a10,-168.4465,-477.9282,-420.3151,2390.796,-950.8442,554.0826,2270.3386,-774.74194,409.67697,3153.4294,3
666,mvdec_dekm_consistent_v1,airpollution_mvdec_dekm_consistent_v1_2b88b20cd9b6_seed_44,2b88b20cd9b6ab9268889294ab249f6a1e5fb71b3e5ee88d2e8fde10ebe63a10,-201.67929,-572.2131,-503.2372,2862.4177,-1138.4208,663.3878,2718.2097,-927.573,490.48572,3775.5054,0
667,mvdec_dekm_consistent_v1,airpollution_mvdec_dekm_consistent_v1_2b88b20cd9b6_seed_44,2b88b20cd9b6ab9268889294ab249f6a1e5fb71b3e5ee88d2e8fde10ebe63a10,-234.9126,-666.49896,-586.1602,3334.0457,-1325.9999,772.6944,3166.0864,-1080.4061,571.2954,4397.5894,0
668,mvdec_dekm_consistent_v1,airpollution_mvdec_dekm_consistent_v1_2b88b20cd9b6_seed_44,2b88b20cd9b6ab9268889294ab249f6a1e5fb71b3e5ee88d2e8fde10ebe63a10,-268.14697,-760.7886,-669.0867,3805.6902,-1513.5856,882.00507,3613.9795,-1233.2448,652.108,5019.6953,0
669,mvdec_dekm_consistent_v1,airpollution_mvdec_dekm_consistent_v1_2b88b20cd9b6_seed_44,2b88b20cd9b6ab9268889294ab249f6a1e5fb71b3e5ee88d2e8fde10ebe63a10,-301.3816,-855.0786,-752.01337,4277.338,-1701.1732,991.3164,4061.8757,-1386.0847,732.9211,5641.8057,0
670,mvdec_dekm_consistent_v1,airpollution_mvdec_dekm_consistent_v1_2b88b20cd9b6_seed_44,2b88b20cd9b6ab9268889294ab249f6a1e5fb71b3e5ee88d2e8fde10ebe63a10,-334.6161,-949.3689,-834.9406,4748.987,-1888.7606,1100.6279,4509.7725,-1538.9248,813.7345,6263.9185,0
671,mvdec_dekm_consistent_v1,airpollution_mvdec_dekm_consistent_v1_2b88b20cd9b6_seed_44,2b88b20cd9b6ab9268889294ab249f6a1e5fb71b3e5ee88d2e8fde10ebe63a10,-367.85107,-1043.6595,-917.8679,5220.637,-2076.3494,1209.94,4957.6714,-1691.7653,894.548,6886.0317,0
672,mvdec_dekm_consistent_v1,airpollution_mvdec_dekm_consistent_v1_2b88b20cd9b6_seed_44,2b88b20cd9b6ab9268889294ab249f6a1e5fb71b3e5ee88d2e8fde10ebe63a10,-395.11438,-1121.0076,-985.895,5607.5396,-2230.2307,1299.6104,5325.0894,-1817.1431,960.8406,7396.3623,0
673,mvdec_dekm_consistent_v1,airpollution_mvdec_dekm_consistent_v1_2b88b20cd9b6_seed_44,2b88b20cd9b6ab9268889294ab249f6a1e5fb71b3e5ee88d2e8fde10ebe63a10,-417.2524,-1183.8158,-1041.1335,5921.7124,-2355.1855,1372.4243,5623.4395,-1918.9519,1014.6717,7810.7607,0
674,mvdec_dekm_consistent_v1,airpollution_mvdec_dekm_consistent_v1_2b88b20cd9b6_seed_44,2b88b20cd9b6ab9268889294ab249f6a1e5fb71b3e5ee88d2e8fde10ebe63a10,-440.75977,-1250.5093,-1099.7854,6255.342,-2487.8687,1449.7429,5940.2505,-2027.0602,1071.8396,8250.806,0
675,mvdec_dekm_consistent_v1,airpollution_mvdec_dekm_consistent_v1_2b88b20cd9b6_seed_44,2b88b20cd9b6ab9268889294ab249f6a1e5fb71b3e5ee88d2e8fde10ebe63a10,-465.48032,-1320.6453,-1161.4684,6606.167,-2627.4026,1531.0521,6273.411,-2140.747,1131.9507,8713.552,2
676,mvdec_dekm_consistent_v1,airpollution_mvdec_dekm_consistent_v1_2b88b20cd9b6_seed_44,2b88b20cd9b6ab9268889294ab249f6a1e5fb71b3e5ee88d2e8fde10ebe63a10,-491.20648,-1393.6345,-1225.6613,6971.2656,-2772.6125,1615.6688,6620.123,-2259.059,1194.5071,9195.12,2
677,mvdec_dekm_consistent_v1,airpollution_mvdec_dekm_consistent_v1_2b88b20cd9b6_seed_44,2b88b20cd9b6ab9268889294ab249f6a1e5fb71b3e5ee88d2e8fde10ebe63a10,-517.7883,-1469.052,-1291.989,7348.5093,-2922.6538,1703.1006,6978.3706,-2381.3066,1259.1447,9692.712,2
678,mvdec_dekm_consistent_v1,airpollution_mvdec_dekm_consistent_v1_2b88b20cd9b6_seed_44,2b88b20cd9b6ab9268889294ab249f6a1e5fb71b3e5ee88d2e8fde10ebe63a10,-545.10077,-1546.5422,-1360.14,7736.12,-3076.8179,1792.935,7346.464,-2506.9143,1325.5583,10203.978,2
679,mvdec_dekm_consistent_v1,airpollution_mvdec_dekm_consistent_v1_2b88b20cd9b6_seed_44,2b88b20cd9b6ab9268889294ab249f6a1e5fb71b3e5ee88d2e8fde10ebe63a10,-573.0396,-1625.8092,-1429.8533,8132.619,-3234.5176,1884.8298,7722.998,-2635.402,1393.4952,10726.967,2
680,mvdec_dekm_consistent_v1,airpollution_mvdec_dekm_consistent_v1_2b88b20cd9b6_seed_44,2b88b20cd9b6ab9268889294ab249f6a1e5fb71b3e5ee88d2e8fde10ebe63a10,-601.51746,-1706.6047,-1500.9119,8536.767,-3395.2588,1978.497,8106.795,-2766.368,1462.7424,11260.045,2
681,mvdec_dekm_consistent_v1,airpollution_mvdec_dekm_consistent_v1_2b88b20cd9b6_seed_44,2b88b20cd9b6ab9268889294ab249f6a1e5fb71b3e5ee88d2e8fde10ebe63a10,-630.4594,-1788.7183,-1573.129,8947.507,-3558.6208,2073.6917,8496.85,-2899.4702,1533.1195,11801.816,2
682,mvdec_dekm_consistent_v1,airpollution_mvdec_dekm_consistent_v1_2b88b20cd9b6_seed_44,2b88b20cd9b6ab9268889294ab249f6a1e5fb71b3e5ee88d2e8fde10ebe63a10,-659.80896,-1871.9874,-1646.3618,9364.023,-3724.2817,2170.2256,8892.393,-3034.4446,1604.486,12351.21,2
683,mvdec_dekm_consistent_v1,airpollution_mvdec_dekm_consistent_v1_2b88b20cd9b6_seed_44,2b88b20cd9b6ab9268889294ab249f6a1e5fb71b3e5ee88d2e8fde10ebe63a10,-689.5089,-1956.2507,-1720.4701,9785.519,-3891.921,2267.9128,9292.661,-3171.0317,1676.7056,12907.167,2
684,mvdec_dekm_consistent_v1,airpollution_mvdec_dekm_consistent_v1_2b88b20cd9b6_seed_44,2b88b20cd9b6ab9268889294ab249f6a1e5fb71b3e5ee88d2e8fde10ebe63a10,-719.5179,-2041.3884,-1795.3478,10211.386,-4061.3013,2366.6143,9697.082,-3309.0366,1749.6748,13468.895,2
685,mvdec_dekm_consistent_v1,airpollution_mvdec_dekm_consistent_v1_2b88b20cd9b6_seed_44,2b88b20cd9b6ab9268889294ab249f6a1e5fb71b3e5ee88d2e8fde10ebe63a10,-749.7744,-2127.2449,-1870.8573,10640.884,-4232.1113,2466.1506,10104.943,-3448.211,1823.2726,14035.396,2
686,mvdec_dekm_consistent_v1,airpollution_mvdec_dekm_consistent_v1_2b88b20cd9b6_seed_44,2b88b20cd9b6ab9268889294ab249f6a1e5fb71b3e5ee88d2e8fde10ebe63a10,-780.3194,-2213.8904,-1947.0612,11074.258,-4404.488,2566.5962,10516.501,-3588.6543,1897.5215,14607.033,2
687,mvdec_dekm_consistent_v1,airpollution_mvdec_dekm_consistent_v1_2b88b20cd9b6_seed_44,2b88b20cd9b6ab9268889294ab249f6a1e5fb71b3e5ee88d2e8fde10ebe63a10,-811.05225,-2301.0835,-2023.7462,11510.409,-4577.956,2667.6807,10930.686,-3729.9902,1972.2534,15182.32,1
688,mvdec_dekm_consistent_v1,airpollution_mvdec_dekm_consistent_v1_2b88b20cd9b6_seed_44,2b88b20cd9b6ab9268889294ab249f6a1e5fb71b3e5ee88d2e8fde10ebe63a10,-841.9789,-2388.827,-2100.9148,11949.308,-4752.5186,2769.4019,11347.482,-3872.2175,2047.4542,15761.235,1
689,mvdec_dekm_consistent_v1,airpollution_mvdec_dekm_consistent_v1_2b88b20cd9b6_seed_44,2b88b20cd9b6ab9268889294ab249f6a1e5fb71b3e5ee88d2e8fde10ebe63a10,-873.0735,-2477.0469,-2178.503,12390.594,-4928.031,2871.6763,11766.546,-4015.2185,2123.066,16343.298,1
690,mvdec_dekm_consistent_v1,airpollution_mvdec_dekm_consistent_v1_2b88b20cd9b6_seed_44,2b88b20cd9b6ab9268889294ab249f6a1e5fb71b3e5ee88d2e8fde10ebe63a10,-904.32043,-2565.6987,-2256.47,12834.038,-5104.4,2974.4504,12187.658,-4158.919,2199.0464,16928.21,1
691,mvdec_dekm_consistent_v1,airpollution_mvdec_dekm_consistent_v1_2b88b20cd9b6_seed_44,2b88b20cd9b6ab9268889294ab249f6a1e5fb71b3e5ee88d2e8fde10ebe63a10,-935.70496,-2654.7385,-2334.7803,13279.429,-5281.5435,3077.676,12610.62,-4303.249,2275.3608,17515.686,1
692,mvdec_dekm_consistent_v1,airpollution_mvdec_dekm_consistent_v1_2b88b20cd9b6_seed_44,2b88b20cd9b6ab9268889294ab249f6a1e5fb71b3e5ee88d2e8fde10ebe63a10,-967.2122,-2744.1301,-2413.398,13726.571,-5459.384,3181.3071,13035.245,-4448.1484,2351.9746,18105.473,1
693,mvdec_dekm_consistent_v1,airpollution_mvdec_dekm_consistent_v1_2b88b20cd9b6_seed_44,2b88b20cd9b6ab9268889294ab249f6a1e5fb71b3e5ee88d2e8fde10ebe63a10,-998.83215,-2833.8386,-2492.2952,14175.302,-5637.856,3285.3076,13461.378,-4593.5615,2428.8608,18697.355,1
694,mvdec_dekm_consistent_v1,airpollution_mvdec_dekm_consistent_v1_2b88b20cd9b6_seed_44,2b88b20cd9b6ab9268889294ab249f6a1e5fb71b3e5ee88d2e8fde10ebe63a10,-1030.5531,-2923.8352,-2571.4465,14625.477,-5816.9023,3389.6414,13888.879,-4739.4424,2505.995,19291.143,1
695,mvdec_dekm_consistent_v1,airpollution_mvdec_dekm_consistent_v1_2b88b20cd9b6_seed_44,2b88b20cd9b6ab9268889294ab249f6a1e5fb71b3e5ee88d2e8fde10ebe63a10,-1062.3685,-3014.0996,-2650.8315,15076.982,-5996.4785,3494.2852,14317.65,-4885.755,2583.3572,19886.688,1
696,mvdec_dekm_consistent_v1,airpollution_mvdec_dekm_consistent_v1_2b88b20cd9b6_seed_44,2b88b20cd9b6ab9268889294ab249f6a1e5fb71b3e5ee88d2e8fde10ebe63a10,-1094.2678,-3104.6033,-2730.428,15529.689,-6176.5347,3599.2065,14747.5625,-5032.458,2660.925,20483.812,1
697,mvdec_dekm_consistent_v1,airpollution_mvdec_dekm_consistent_v1_2b88b20cd9b6_seed_44,2b88b20cd9b6ab9268889294ab249f6a1e5fb71b3e5ee88d2e8fde10ebe63a10,-1126.245,-3195.3257,-2810.217,15983.494,-6357.0254,3704.3818,15178.514,-5179.515,2738.6802,21082.389,1
698,mvdec_dekm_consistent_v1,airpollution_mvdec_dekm_consistent_v1_2b88b20cd9b6_seed_44,2b88b20cd9b6ab9268889294ab249f6a1e5fb71b3e5ee88d2e8fde10ebe63a10,-1158.2922,-3286.2488,-2890.182,16438.299,-6537.9136,3809.7896,15610.416,-5326.8975,2816.608,21682.285,1
699,mvdec_dekm_consistent_v1,airpollution_mvdec_dekm_consistent_v1_2b88b20cd9b6_seed_44,2b88b20cd9b6ab9268889294ab249f6a1e5fb71b3e5ee88d2e8fde10ebe63a10,-1190.4038,-3377.356,-2970.3086,16894.023,-6719.1675,3915.4104,16043.192,-5474.576,2894.692,22283.39,1
700,mvdec_dekm_consistent_v1,airpollution_mvdec_dekm_consistent_v1_2b88b20cd9b6_seed_44,2b88b20cd9b6ab9268889294ab249f6a1e5fb71b3e5ee88d2e8fde10ebe63a10,-468.06458,-1327.984,-1167.9238,6642.8604,-2642.004,1539.5583,6308.271,-2152.6418,1138.2355,8761.961,2
701,mvdec_dekm_consistent_v1,airpollution_mvdec_dekm_consistent_v1_2b88b20cd9b6_seed_44,2b88b20cd9b6ab9268889294ab249f6a1e5fb71b3e5ee88d2e8fde10ebe63a10,-444.99188,-1262.5234,-1110.3522,6315.4204,-2511.7727,1463.6696,5997.32,-2046.5334,1082.1313,8330.063,0
702,mvdec_dekm_consistent_v1,airpollution_mvdec_dekm_consistent_v1_2b88b20cd9b6_seed_44,2b88b20cd9b6ab9268889294ab249f6a1e5fb71b3e5ee88d2e8fde10ebe63a10,-423.2461,-1200.8271,-1056.0919,6006.8096,-2389.03,1392.1448,5704.251,-1946.5267,1029.2529,7923.002,0
703,mvdec_dekm_consistent_v1,airpollution_mvdec_dekm_consistent_v1_2b88b20cd9b6_seed_44,2b88b20cd9b6ab9268889294ab249f6a1e5fb71b3e5ee88d2e8fde10ebe63a10,-403.05188,-1143.5325,-1005.70215,5720.2134,-2275.0432,1325.7227,5432.0884,-1853.6545,980.14703,7544.9795,0
704,mvdec_dekm_consistent_v1,airpollution_mvdec_dekm_consistent_v1_2b88b20cd9b6_seed_44,2b88b20cd9b6ab9268889294ab249f6a1e5fb71b3e5ee88d2e8fde10ebe63a10,-384.67355,-1091.39,-959.84424,5459.3916,-2171.3076,1265.2738,5184.401,-1769.1339,935.4569,7200.9517,0
705,mvdec_dekm_consistent_v1,airpollution_mvdec_dekm_consistent_v1_2b88b20cd9b6_seed_44,2b88b20cd9b6ab9268889294ab249f6a1e5fb71b3e5ee88d2e8fde10ebe63a10,-368.35123,-1045.0803,-919.11646,5227.7456,-2079.1758,1211.5869,4964.422,-1694.0686,895.7663,6895.4087,0
706,mvdec_dekm_consistent_v1,airpollution_mvdec_dekm_consistent_v1_2b88b20cd9b6_seed_44,2b88b20cd9b6ab9268889294ab249f6a1e5fb71b3e5ee88d2e8fde10ebe63a10,-354.36115,-1005.38837,-884.2084,5029.201,-2000.2096,1165.5715,4775.876,-1629.7292,861.7469,6633.525,0
707,mvdec_dekm_consistent_v1,airpollution_mvdec_dekm_consistent_v1_2b88b20cd9b6_seed_44,2b88b20cd9b6ab9268889294ab249f6a1e5fb71b3e5ee88d2e8fde10ebe63a10,-343.01514,-973.19714,-855.8973,4868.177,-1936.1663,1128.2521,4622.961,-1577.549,834.15674,6421.133,0
708,mvdec_dekm_consistent_v1,airpollution_mvdec_dekm_consistent_v1_2b88b20cd9b6_seed_44,2b88b20cd9b6ab9268889294ab249f6a1e5fb71b3e5ee88d2e8fde10ebe63a10,-322.61987,-915.33234,-805.0067,4578.7314,-1821.0459,1061.1693,4348.092,-1483.7529,784.56244,6039.349,0
709,mvdec_dekm_consistent_v1,airpollution_mvdec_dekm_consistent_v1_2b88b20cd9b6_seed_44,2b88b20cd9b6ab9268889294ab249f6a1e5fb71b3e5ee88d2e8fde10ebe63a10,-296.90057,-842.36316,-740.8317,4213.7314,-1675.876,976.57574,4001.4739,-1365.4734,722.0224,5557.91,0
710,mvdec_dekm_consistent_v1,airpollution_mvdec_dekm_consistent_v1_2b88b20cd9b6_seed_44,2b88b20cd9b6ab9268889294ab249f6a1e5fb71b3e5ee88d2e8fde10ebe63a10,-272.54117,-773.252,-680.0501,3868.03,-1538.3815,896.45465,3673.1824,-1253.4475,662.78906,5101.9253,0
711,mvdec_dekm_consistent_v1,airpollution_mvdec_dekm_consistent_v1_2b88b20cd9b6_seed_44,2b88b20cd9b6ab9268889294ab249f6a1e5fb71b3e5ee88d2e8fde10ebe63a10,-243.72548,-691.49835,-608.14935,3459.0903,-1375.7339,801.6766,3284.8347,-1120.9282,592.721,4562.528,0
712,mvdec_dekm_consistent_v1,airpollution_mvdec_dekm_consistent_v1_2b88b20cd9b6_seed_44,2b88b20cd9b6ab9268889294ab249f6a1e5fb71b3e5ee88d2e8fde10ebe63a10,-214.13861,-607.5568,-534.3247,3039.2087,-1208.734,704.36273,2886.0964,-984.86316,520.7785,4008.6965,0
713,mvdec_dekm_consistent_v1,airpollution_mvdec_dekm_consistent_v1_2b88b20cd9b6_seed_44,2b88b20cd9b6ab9268889294ab249f6a1e5fb71b3e5ee88d2e8fde10ebe63a10,-184.8017,-524.32367,-461.11902,2622.894,-1043.1433,607.87054,2490.7263,-849.94775,449.44943,3459.553,0
714,mvdec_dekm_consistent_v1,airpollution_mvdec_dekm_consistent_v1_2b88b20cd9b6_seed_44,2b88b20cd9b6ab9268889294ab249f6a1e5fb71b3e5ee88d2e8fde10ebe63a10,-155.48958,-441.17435,-387.99005,2207.0,-877.72205,511.4771,2095.7717,-715.171,378.19394,2910.9766,3
715,mvdec_dekm_consistent_v1,airpollution_mvdec_dekm_consistent_v1_2b88b20cd9b6_seed_44,2b88b20cd9b6ab9268889294ab249f6a1e5fb71b3e5ee88d2e8fde10ebe63a10,-126.69702,-359.4739,-316.13593,1798.2932,-715.1807,416.75882,1707.657,-582.7337,308.15924,2371.8967,3
716,mvdec_dekm_consistent_v1,airpollution_mvdec_dekm_consistent_v1_2b88b20cd9b6_seed_44,2b88b20cd9b6ab9268889294ab249f6a1e5fb71b3e5ee88d2e8fde10ebe63a10,-99.38273,-281.98123,-247.98253,1410.667,-561.0107,326.92062,1339.5513,-457.12155,241.74304,1860.6128,3
717,mvdec_dekm_consistent_v1,airpollution_mvdec_dekm_consistent_v1_2b88b20cd9b6_seed_44,2b88b20cd9b6ab9268889294ab249f6a1e5fb71b3e5ee88d2e8fde10ebe63a10,-75.463455,-214.12044,-188.30008,1071.2202,-426.00348,248.24887,1017.1997,-347.1223,183.58162,1412.8777,3
718,mvdec_dekm_consistent_v1,airpollution_mvdec_dekm_consistent_v1_2b88b20cd9b6_seed_44,2b88b20cd9b6ab9268889294ab249f6a1e5fb71b3e5ee88d2e8fde10ebe63a10,-57.91534,-164.33502,-144.51445,822.1868,-326.95703,190.5321,780.709,-266.42227,140.91145,1084.4001,3
719,mvdec_dekm_consistent_v1,airpollution_mvdec_dekm_consistent_v1_2b88b20cd9b6_seed_44,2b88b20cd9b6ab9268889294ab249f6a1e5fb71b3e5ee88d2e8fde10ebe63a10,-37.503765,-106.424416,-93.5826,532.5078,-211.74692,123.39591,505.62183,-172.55171,91.27583,702.31226,3
720,mvdec_dekm_consistent_v1,airpollution_mvdec_dekm_consistent_v1_2b88b20cd9b6_seed_44,2b88b20cd9b6ab9268889294ab249f6a1e5fb71b3e5ee88d2e8fde10ebe63a10,-5.9858866,-17.00356,-14.939288,85.22077,-33.84809,19.730192,80.85888,-27.606228,14.637887,112.334465,3
721,mvdec_dekm_consistent_v1,airpollution_mvdec_dekm_consistent_v1_2b88b20cd9b6_seed_44,2b88b20cd9b6ab9268889294ab249f6a1e5fb71b3e5ee88d2e8fde10ebe63a10,-20.685856,-58.709545,-51.619984,293.8416,-116.82261,68.08134,278.97354,-95.21091,50.383545,387.50766,3
722,mvdec_dekm_consistent_v1,airpollution_mvdec_dekm_consistent_v1_2b88b20cd9b6_seed_44,2b88b20cd9b6ab9268889294ab249f6a1e5fb71b3e5ee88d2e8fde10ebe63a10,-44.572384,-126.47909,-111.22216,632.83093,-251.64807,146.64705,600.8921,-205.06207,108.466576,834.6398,3
723,mvdec_dekm_consistent_v1,airpollution_mvdec_dekm_consistent_v1_2b88b20cd9b6_seed_44,2b88b20cd9b6ab9268889294ab249f6a1e5fb71b3e5ee88d2e8fde10ebe63a10,-67.98738,-192.91066,-169.64702,965.124,-383.81125,223.66113,916.4531,-312.7437,165.40152,1272.9404,3
724,mvdec_dekm_consistent_v1,airpollution_mvdec_dekm_consistent_v1_2b88b20cd9b6_seed_44,2b88b20cd9b6ab9268889294ab249f6a1e5fb71b3e5ee88d2e8fde10ebe63a10,-89.30589,-253.39462,-222.8406,1267.6648,-504.1406,293.77954,1203.7599,-410.78366,217.2385,1671.9971,3
725,mvdec_dekm_consistent_v1,airpollution_mvdec_dekm_consistent_v1_2b88b20cd9b6_seed_44,2b88b20cd9b6ab9268889294ab249f6a1e5fb71b3e5ee88d2e8fde10ebe63a10,-111.79227,-317.19043,-278.94897,1586.7817,-631.0614,367.73926,1506.8049,-514.1949,271.9173,2092.9163,3
726,mvdec_dekm_consistent_v1,airpollution_mvdec_dekm_consistent_v1_2b88b20cd9b6_seed_44,2b88b20cd9b6ab9268889294ab249f6a1e5fb71b3e5ee88d2e8fde10ebe63a10,-117.764305,-334.13498,-293.85153,1671.5411,-664.7711,387.38293,1587.2948,-541.66113,286.4409,2204.7146,3
727,mvdec_dekm_consistent_v1,airpollution_mvdec_dekm_consistent_v1_2b88b20cd9b6_seed_44,2b88b20cd9b6ab9268889294ab249f6a1e5fb71b3e5ee88d2e8fde10ebe63a10,-84.6087,-240.06787,-211.12198,1201.0161,-477.63013,278.3323,1140.4639,-389.18506,205.82054,1584.084,3
728,mvdec_dekm_consistent_v1,airpollution_mvdec_dekm_consistent_v1_2b88b20cd9b6_seed_44,2b88b20cd9b6ab9268889294ab249f6a1e5fb71b3e5ee88d2e8fde10ebe63a10,-51.499874,-146.13434,-128.5087,731.1471,-290.75137,169.43379,694.25903,-236.92232,125.31156,964.32153,3
729,mvdec_dekm_consistent_v1,airpollution_mvdec_dekm_consistent_v1_2b88b20cd9b6_seed_44,2b88b20cd9b6ab9268889294ab249f6a1e5fb71b3e5ee88d2e8fde10ebe63a10,-18.64593,-52.92263,-46.530815,264.89233,-105.310196,61.372944,251.48566,-85.83084,45.422115,349.32587,3
730,mvdec_dekm_consistent_v1,airpollution_mvdec_dekm_consistent_v1_2b88b20cd9b6_seed_44,2b88b20cd9b6ab9268889294ab249f6a1e5fb71b3e5ee88d2e8fde10ebe63a10,-12.650595,-35.912,-31.571217,179.80214,-71.467445,41.651684,170.67996,-58.25727,30.843182,237.09142,3
731,mvdec_dekm_consistent_v1,airpollution_mvdec_dekm_consistent_v1_2b88b20cd9b6_seed_44,2b88b20cd9b6ab9268889294ab249f6a1e5fb71b3e5ee88d2e8fde10ebe63a10,-41.96919,-119.092,-104.728134,595.8825,-236.95288,138.08414,565.8046,-193.0897,102.13606,785.9058,3
732,mvdec_dekm_consistent_v1,airpollution_mvdec_dekm_consistent_v1_2b88b20cd9b6_seed_44,2b88b20cd9b6ab9268889294ab249f6a1e5fb71b3e5ee88d2e8fde10ebe63a10,-73.1861,-207.65744,-182.62091,1038.8994,-413.15213,240.7595,986.5102,-336.65118,178.0441,1370.2506,3
733,mvdec_dekm_consistent_v1,airpollution_mvdec_dekm_consistent_v1_2b88b20cd9b6_seed_44,2b88b20cd9b6ab9268889294ab249f6a1e5fb71b3e5ee88d2e8fde10ebe63a10,-105.421844,-299.1147,-263.0548,1496.3702,-595.10223,346.7855,1420.9458,-484.89734,256.42673,1973.6631,3
734,mvdec_dekm_consistent_v1,airpollution_mvdec_dekm_consistent_v1_2b88b20cd9b6_seed_44,2b88b20cd9b6ab9268889294ab249f6a1e5fb71b3e5ee88d2e8fde10ebe63a10,-137.94073,-391.37503,-344.19574,1957.862,-778.65045,453.74304,1859.1985,-634.4461,335.49918,2582.378,3
735,mvdec_dekm_consistent_v1,airpollution_mvdec_dekm_consistent_v1_2b88b20cd9b6_seed_44,2b88b20cd9b6ab9268889294ab249f6a1e5fb71b3e5ee88d2e8fde10ebe63a10,-170.70892,-484.3437,-425.95898,2422.896,-963.608,561.52136,2300.8154,-785.1427,415.17838,3195.7651,3
736,mvdec_dekm_consistent_v1,airpollution_mvdec_dekm_consistent_v1_2b88b20cd9b6_seed_44,2b88b20cd9b6ab9268889294ab249f6a1e5fb71b3e5ee88d2e8fde10ebe63a10,-203.62915,-577.7438,-508.102,2890.0874,-1149.4237,669.80005,2744.4822,-936.53864,495.22736,3811.9993,0
737,mvdec_dekm_consistent_v1,airpollution_mvdec_dekm_consistent_v1_2b88b20cd9b6_seed_44,2b88b20cd9b6ab9268889294ab249f6a1e5fb71b3e5ee88d2e8fde10ebe63a10,-236.63646,-671.39,-590.4618,3358.5144,-1335.7301,778.36475,3189.32,-1088.3346,575.4885,4429.862,0
738,mvdec_dekm_consistent_v1,airpollution_mvdec_dekm_consistent_v1_2b88b20cd9b6_seed_44,2b88b20cd9b6ab9268889294ab249f6a1e5fb71b3e5ee88d2e8fde10ebe63a10,-269.69952,-765.1946,-672.9611,3827.734,-1522.3516,887.113,3634.9104,-1240.3873,655.8855,5048.7686,0
739,mvdec_dekm_consistent_v1,airpollution_mvdec_dekm_consistent_v1_2b88b20cd9b6_seed_44,2b88b20cd9b6ab9268889294ab249f6a1e5fb71b3e5ee88d2e8fde10ebe63a10,-302.80008,-859.1054,-755.55383,4297.484,-1709.1843,995.9845,4081.0051,-1392.6122,736.3736,5668.377,0
740,mvdec_dekm_consistent_v1,airpollution_mvdec_dekm_consistent_v1_2b88b20cd9b6_seed_44,2b88b20cd9b6ab9268889294ab249f6a1e5fb71b3e5ee88d2e8fde10ebe63a10,-326.84332,-927.319,-815.5464,4638.6953,-1844.8933,1075.0651,4405.0327,-1503.1833,794.83746,6118.44,0
741,mvdec_dekm_consistent_v1,airpollution_mvdec_dekm_consistent_v1_2b88b20cd9b6_seed_44,2b88b20cd9b6ab9268889294ab249f6a1e5fb71b3e5ee88d2e8fde10ebe63a10,-348.31107,-988.2259,-869.1131,4943.358,-1966.0658,1145.6748,4694.3525,-1601.9104,847.039,6520.2935,0
742,mvdec_dekm_consistent_v1,airpollution_mvdec_dekm_consistent_v1_2b88b20cd9b6_seed_44,2b88b20cd9b6ab9268889294ab249f6a1e5fb71b3e5ee88d2e8fde10ebe63a10,-370.26532,-1050.5121,-923.8928,5254.918,-2089.9822,1217.8837,4990.2236,-1702.8732,900.42224,6931.247,0
743,mvdec_dekm_consistent_v1,airpollution_mvdec_dekm_consistent_v1_2b88b20cd9b6_seed_44,2b88b20cd9b6ab9268889294ab249f6a1e5fb71b3e5ee88d2e8fde10ebe63a10,-393.8033,-1117.2917,-982.6249,5588.955,-2222.8386,1295.302,5307.4395,-1811.12,957.65674,7371.8477,0
744,mvdec_dekm_consistent_v1,airpollution_mvdec_dekm_consistent_v1_2b88b20cd9b6_seed_44,2b88b20cd9b6ab9268889294ab249f6a1e5fb71b3e5ee88d2e8fde10ebe63a10,-418.6584,-1187.8081,-1044.643,5941.6836,-2363.1284,1377.052,5642.406,-1925.4232,1018.094,7837.1016,0
745,mvdec_dekm_consistent_v1,airpollution_mvdec_dekm_consistent_v1_2b88b20cd9b6_seed_44,2b88b20cd9b6ab9268889294ab249f6a1e5fb71b3e5ee88d2e8fde10ebe63a10,-444.60938,-1261.4341,-1109.3962,6309.9673,-2509.6052,1462.4076,5992.144,-2044.7676,1081.1964,8322.875,0
746,mvdec_dekm_consistent_v1,airpollution_mvdec_dekm_consistent_v1_2b88b20cd9b6_seed_44,2b88b20cd9b6ab9268889294ab249f6a1e5fb71b3e5ee88d2e8fde10ebe63a10,-471.47604,-1337.6576,-1176.434,6691.2437,-2661.2495,1550.7739,6354.219,-2168.3218,1146.5248,8825.783,2
747,mvdec_dekm_consistent_v1,airpollution_mvdec_dekm_consistent_v1_2b88b20cd9b6_seed_44,2b88b20cd9b6ab9268889294ab249f6a1e5fb71b3e5ee88d2e8fde10ebe63a10,-499.11053,-1416.0603,-1245.3876,7083.4214,-2817.2292,1641.667,6726.649,-2295.4097,1213.7213,9343.073,2
748,mvdec_dekm_consistent_v1,airpollution_mvdec_dekm_consistent_v1_2b88b20cd9b6_seed_44,2b88b20cd9b6ab9268889294ab249f6a1e5fb71b3e5ee88d2e8fde10ebe63a10,-527.3918,-1496.2981,-1315.9556,7484.777,-2976.86,1734.6869,7107.7935,-2425.4707,1282.4902,9872.466,2
749,mvdec_dekm_consistent_v1,airpollution_mvdec_dekm_consistent_v1_2b88b20cd9b6_seed_44,2b88b20cd9b6ab9268889294ab249f6a1e5fb71b3e5ee88d2e8fde10ebe63a10,-556.22125,-1578.0903,-1387.8903,7893.9087,-3139.5833,1829.5093,7496.3228,-2558.0518,1352.5914,10412.118,2
750,mvdec_dekm_consistent_v1,airpollution_mvdec_dekm_consistent_v1_2b88b20cd9b6_seed_44,2b88b20cd9b6ab9268889294ab249f6a1e5fb71b3e5ee88d2e8fde10ebe63a10,-585.5172,-1661.2064,-1460.9894,8309.662,-3304.9402,1925.8663,7891.1387,-2692.7786,1423.8275,10960.503,2
751,mvdec_dekm_consistent_v1,airpollution_mvdec_dekm_consistent_v1_2b88b20cd9b6_seed_44,2b88b20cd9b6ab9268889294ab249f6a1e5fb71b3e5ee88d2e8fde10ebe63a10,-615.21326,-1745.4569,-1535.0864,8731.094,-3472.5542,2023.539,8291.348,-2829.3452,1496.0366,11516.376,2
752,mvdec_dekm_consistent_v1,airpollution_mvdec_dekm_consistent_v1_2b88b20cd9b6_seed_44,2b88b20cd9b6ab9268889294ab249f6a1e5fb71b3e5ee88d2e8fde10ebe63a10,-645.2177,-1830.5833,-1609.9504,9156.936,-3641.9087,2122.2273,8695.718,-2967.3333,1569.0062,12078.046,2
753,mvdec_dekm_consistent_v1,airpollution_mvdec_dekm_consistent_v1_2b88b20cd9b6_seed_44,2b88b20cd9b6ab9268889294ab249f6a1e5fb71b3e5ee88d2e8fde10ebe63a10,-675.5615,-1916.6722,-1685.6637,9587.559,-3813.1807,2222.0308,9104.658,-3106.8792,1642.7893,12646.046,2
754,mvdec_dekm_consistent_v1,airpollution_mvdec_dekm_consistent_v1_2b88b20cd9b6_seed_44,2b88b20cd9b6ab9268889294ab249f6a1e5fb71b3e5ee88d2e8fde10ebe63a10,-706.1399,-2003.443,-1761.9762,10021.627,-3985.809,2322.6267,9516.858,-3247.535,1717.1694,13218.579,2
755,mvdec_dekm_consistent_v1,airpollution_mvdec_dekm_consistent_v1_2b88b20cd9b6_seed_44,2b88b20cd9b6ab9268889294ab249f6a1e5fb71b3e5ee88d2e8fde10ebe63a10,-736.9949,-2090.969,-1838.9541,10459.405,-4159.939,2424.0942,9932.602,-3389.4055,1792.1729,13796.025,2
756,mvdec_dekm_consistent_v1,airpollution_mvdec_dekm_consistent_v1_2b88b20cd9b6_seed_44,2b88b20cd9b6ab9268889294ab249f6a1e5fb71b3e5ee88d2e8fde10ebe63a10,-768.02686,-2179.0107,-1916.3849,10899.796,-4335.095,2526.1611,10350.816,-3532.117,1867.6301,14376.909,2
757,mvdec_dekm_consistent_v1,airpollution_mvdec_dekm_consistent_v1_2b88b20cd9b6_seed_44,2b88b20cd9b6ab9268889294ab249f6a1e5fb71b3e5ee88d2e8fde10ebe63a10,-799.23553,-2267.5557,-1994.2578,11342.706,-4511.2524,2628.8115,10771.42,-3675.6433,1943.5188,14961.111,1
758,mvdec_dekm_consistent_v1,airpollution_mvdec_dekm_consistent_v1_2b88b20cd9b6_seed_44,2b88b20cd9b6ab9268889294ab249f6a1e5fb71b3e5ee88d2e8fde10ebe63a10,-830.6001,-2356.5417,-2072.5198,11787.822,-4688.288,2731.9739,11194.122,-3819.8853,2019.7864,15548.2295,1
759,mvdec_dekm_consistent_v1,airpollution_mvdec_dekm_consistent_v1_2b88b20cd9b6_seed_44,2b88b20cd9b6ab9268889294ab249f6a1e5fb71b3e5ee88d2e8fde10ebe63a10,-862.1077,-2445.9343,-2151.1382,12234.967,-4866.131,2835.6067,11618.752,-3964.7861,2096.4006,16138.021,1
760,mvdec_dekm_consistent_v1,airpollution_mvdec_dekm_consistent_v1_2b88b20cd9b6_seed_44,2b88b20cd9b6ab9268889294ab249f6a1e5fb71b3e5ee88d2e8fde10ebe63a10,-893.73883,-2535.6765,-2230.0647,12683.867,-5044.6714,2939.6455,12045.048,-4110.254,2173.3162,16730.129,1
761,mvdec_dekm_consistent_v1,airpollution_mvdec_dekm_consistent_v1_2b88b20cd9b6_seed_44,2b88b20cd9b6ab9268889294ab249f6a1e5fb71b3e5ee88d2e8fde10ebe63a10,-925.4826,-2625.7378,-2309.272,13134.363,-5223.845,3044.0542,12472.856,-4256.2397,2250.5046,17324.338,1
762,mvdec_dekm_consistent_v1,airpollution_mvdec_dekm_consistent_v1_2b88b20cd9b6_seed_44,2b88b20cd9b6ab9268889294ab249f6a1e5fb71b3e5ee88d2e8fde10ebe63a10,-957.3272,-2716.0852,-2388.7312,13586.286,-5403.5874,3148.7944,12902.024,-4402.6875,2327.9387,17920.434,1
763,mvdec_dekm_consistent_v1,airpollution_mvdec_dekm_consistent_v1_2b88b20cd9b6_seed_44,2b88b20cd9b6ab9268889294ab249f6a1e5fb71b3e5ee88d2e8fde10ebe63a10,-989.2627,-2806.691,-2468.4172,14039.508,-5583.8467,3253.8347,13332.422,-4549.5557,2405.5945,18518.24,1
764,mvdec_dekm_consistent_v1,airpollution_mvdec_dekm_consistent_v1_2b88b20cd9b6_seed_44,2b88b20cd9b6ab9268889294ab249f6a1e5fb71b3e5ee88d2e8fde10ebe63a10,-1021.28204,-2897.5325,-2548.3113,14493.905,-5764.573,3359.148,13763.934,-4696.805,2483.4517,19117.598,1
765,mvdec_dekm_consistent_v1,airpollution_mvdec_dekm_consistent_v1_2b88b20cd9b6_seed_44,2b88b20cd9b6ab9268889294ab249f6a1e5fb71b3e5ee88d2e8fde10ebe63a10,-1053.3767,-2988.5896,-2628.3948,14949.384,-5945.7285,3464.711,14196.475,-4844.406,2561.494,19718.379,1
766,mvdec_dekm_consistent_v1,airpollution_mvdec_dekm_consistent_v1_2b88b20cd9b6_seed_44,2b88b20cd9b6ab9268889294ab249f6a1e5fb71b3e5ee88d2e8fde10ebe63a10,-1085.5406,-3079.8428,-2708.6497,15405.839,-6127.274,3570.502,14629.944,-4992.322,2639.7039,20320.45,1
767,mvdec_dekm_consistent_v1,airpollution_mvdec_dekm_consistent_v1_2b88b20cd9b6_seed_44,2b88b20cd9b6ab9268889294ab249f6a1e5fb71b3e5ee88d2e8fde10ebe63a10,-1117.7662,-3171.2727,-2789.0603,15863.178,-6309.171,3676.4966,15064.254,-5140.5244,2718.066,20923.688,1
768,mvdec_dekm_consistent_v1,airpollution_mvdec_dekm_consistent_v1_2b88b20cd9b6_seed_44,2b88b20cd9b6ab9268889294ab249f6a1e5fb71b3e5ee88d2e8fde10ebe63a10,-1150.0493,-3262.8645,-2869.6145,16321.329,-6491.391,3782.6794,15499.334,-5288.9907,2796.5664,21527.998,1
769,mvdec_dekm_consistent_v1,airpollution_mvdec_dekm_consistent_v1_2b88b20cd9b6_seed_44,2b88b20cd9b6ab9268889294ab249f6a1e5fb71b3e5ee88d2e8fde10ebe63a10,-1182.3853,-3354.6055,-2950.2979,16780.225,-6673.9067,3889.0356,15935.12,-5437.698,2875.1946,22133.287,1
770,mvdec_dekm_consistent_v1,airpollution_mvdec_dekm_consistent_v1_2b88b20cd9b6_seed_44,2b88b20cd9b6ab9268889294ab249f6a1e5fb71b3e5ee88d2e8fde10ebe63a10,-445.37473,-1263.6086,-1111.306,6320.8535,-2513.9314,1464.9281,6002.476,-2048.293,1083.0626,8337.227,0
771,mvdec_dekm_consistent_v1,airpollution_mvdec_dekm_consistent_v1_2b88b20cd9b6_seed_44,2b88b20cd9b6ab9268889294ab249f6a1e5fb71b3e5ee88d2e8fde10ebe63a10,-421.06036,-1194.6252,-1050.6365,5975.7905,-2376.691,1384.955,5674.7905,-1936.4741,1023.9388,7882.084,0
772,mvdec_dekm_consistent_v1,airpollution_mvdec_dekm_consistent_v1_2b88b20cd9b6_seed_44,2b88b20cd9b6ab9268889294ab249f6a1e5fb71b3e5ee88d2e8fde10ebe63a10,-398.0377,-1129.306,-993.1902,5649.0586,-2246.7407,1309.2305,5364.5117,-1830.5947,967.9557,7451.1196,0
773,mvdec_dekm_consistent_v1,airpollution_mvdec_dekm_consistent_v1_2b88b20cd9b6_seed_44,2b88b20cd9b6ab9268889294ab249f6a1e5fb71b3e5ee88d2e8fde10ebe63a10,-376.50708,-1068.2201,-939.4667,5343.5005,-2125.2114,1238.4131,5074.341,-1731.5775,915.6009,7048.084,0
774,mvdec_dekm_consistent_v1,airpollution_mvdec_dekm_consistent_v1_2b88b20cd9b6_seed_44,2b88b20cd9b6ab9268889294ab249f6a1e5fb71b3e5ee88d2e8fde10ebe63a10,-356.76324,-1012.2038,-890.20166,5063.3013,-2013.7687,1173.473,4808.2524,-1640.778,867.591,6678.4985,0
775,mvdec_dekm_consistent_v1,airpollution_mvdec_dekm_consistent_v1_2b88b20cd9b6_seed_44,2b88b20cd9b6ab9268889294ab249f6a1e5fb71b3e5ee88d2e8fde10ebe63a10,-339.12744,-962.1687,-846.19696,4813.0215,-1914.2247,1115.4668,4570.575,-1559.6733,824.70764,6348.375,0
776,mvdec_dekm_consistent_v1,airpollution_mvdec_dekm_consistent_v1_2b88b20cd9b6_seed_44,2b88b20cd9b6ab9268889294ab249f6a1e5fb71b3e5ee88d2e8fde10ebe63a10,-323.89792,-918.9613,-808.1969,4596.8936,-1828.2649,1065.3761,4365.331,-1489.636,787.6761,6063.3,0
777,mvdec_dekm_consistent_v1,airpollution_mvdec_dekm_consistent_v1_2b88b20cd9b6_seed_44,2b88b20cd9b6ab9268889294ab249f6a1e5fb71b3e5ee88d2e8fde10ebe63a10,-311.4433,-883.6264,-777.1203,4420.144,-1757.9663,1024.4119,4197.484,-1432.3596,757.39185,5830.165,0
778,mvdec_dekm_consistent_v1,airpollution_mvdec_dekm_consistent_v1_2b88b20cd9b6_seed_44,2b88b20cd9b6ab9268889294ab249f6a1e5fb71b3e5ee88d2e8fde10ebe63a10,-296.59277,-841.4934,-740.0649,4209.3887,-1674.1445,975.5668,3997.3442,-1364.064,721.2802,5552.1772,0
779,mvdec_dekm_consistent_v1,airpollution_mvdec_dekm_consistent_v1_2b88b20cd9b6_seed_44,2b88b20cd9b6ab9268889294ab249f6a1e5fb71b3e5ee88d2e8fde10ebe63a10,-275.8401,-782.6158,-688.2833,3914.8782,-1557.0095,907.3095,3717.664,-1268.6262,670.81793,5163.713,0
780,mvdec_dekm_consistent_v1,airpollution_mvdec_dekm_consistent_v1_2b88b20cd9b6_seed_44,2b88b20cd9b6ab9268889294ab249f6a1e5fb71b3e5ee88d2e8fde10ebe63a10,-250.03047,-709.3901,-623.88257,3548.5955,-1411.3291,822.41846,3369.8274,-1149.9309,608.0582,4680.581,0
781,mvdec_dekm_consistent_v1,airpollution_mvdec_dekm_consistent_v1_2b88b20cd9b6_seed_44,2b88b20cd9b6ab9268889294ab249f6a1e5fb71b3e5ee88d2e8fde10ebe63a10,-225.52487,-639.8656,-562.7376,3200.8308,-1273.0115,741.81824,3039.5735,-1037.2352,548.4724,4221.872,0
782,mvdec_dekm_consistent_v1,airpollution_mvdec_dekm_consistent_v1_2b88b20cd9b6_seed_44,2b88b20cd9b6ab9268889294ab249f6a1e5fb71b3e5ee88d2e8fde10ebe63a10,-199.97421,-567.37463,-498.9835,2838.2217,-1128.7935,657.77905,2695.227,-919.7308,486.3417,3743.5874,0
783,mvdec_dekm_consistent_v1,airpollution_mvdec_dekm_consistent_v1_2b88b20cd9b6_seed_44,2b88b20cd9b6ab9268889294ab249f6a1e5fb71b3e5ee88d2e8fde10ebe63a10,-169.42252,-480.69415,-422.74936,2404.6326,-956.34607,557.28973,2283.4766,-779.22546,412.04825,3171.6792,3
784,mvdec_dekm_consistent_v1,airpollution_mvdec_dekm_consistent_v1_2b88b20cd9b6_seed_44,2b88b20cd9b6ab9268889294ab249f6a1e5fb71b3e5ee88d2e8fde10ebe63a10,-139.81706,-396.71313,-348.8894,1984.5836,-789.26984,459.9325,1884.5734,-643.1011,340.08188,2617.6204,3
785,mvdec_dekm_consistent_v1,airpollution_mvdec_dekm_consistent_v1_2b88b20cd9b6_seed_44,2b88b20cd9b6ab9268889294ab249f6a1e5fb71b3e5ee88d2e8fde10ebe63a10,-110.53543,-313.63718,-275.82574,1569.0275,-623.99255,363.6219,1489.9453,-508.4387,268.87946,2069.4966,3
786,mvdec_dekm_consistent_v1,airpollution_mvdec_dekm_consistent_v1_2b88b20cd9b6_seed_44,2b88b20cd9b6ab9268889294ab249f6a1e5fb71b3e5ee88d2e8fde10ebe63a10,-81.24487,-230.53566,-202.73982,1153.3441,-458.6647,267.28174,1095.1965,-373.73505,197.6552,1521.2053,3
787,mvdec_dekm_consistent_v1,airpollution_mvdec_dekm_consistent_v1_2b88b20cd9b6_seed_44,2b88b20cd9b6ab9268889294ab249f6a1e5fb71b3e5ee88d2e8fde10ebe63a10,-52.994705,-150.37263,-132.23856,752.3259,-299.18097,174.34543,714.38226,-243.78932,128.93803,992.2671,3
788,mvdec_dekm_consistent_v1,airpollution_mvdec_dekm_consistent_v1_2b88b20cd9b6_seed_44,2b88b20cd9b6ab9268889294ab249f6a1e5fb71b3e5ee88d2e8fde10ebe63a10,-29.002762,-82.304214,-72.37372,411.8393,-163.76086,95.433174,391.04358,-133.45341,70.59809,543.1613,3
789,mvdec_dekm_consistent_v1,airpollution_mvdec_dekm_consistent_v1_2b88b20cd9b6_seed_44,2b88b20cd9b6ab9268889294ab249f6a1e5fb71b3e5ee88d2e8fde10ebe63a10,-14.260875,-40.478123,-35.588337,202.61923,-80.550446,46.944122,192.36206,-65.65555,34.749123,267.19907,3
790,mvdec_dekm_consistent_v1,airpollution_mvdec_dekm_consistent_v1_2b88b20cd9b6_seed_44,2b88b20cd9b6ab9268889294ab249f6a1e5fb71b3e5ee88d2e8fde10ebe63a10,-7.772741,-22.069702,-19.398766,110.53909,-43.92713,25.603113,104.91843,-35.816414,18.972383,145.74413,3
791,mvdec_dekm_consistent_v1,airpollution_mvdec_dekm_consistent_v1_2b88b20cd9b6_seed_44,2b88b20cd9b6ab9268889294ab249f6a1e5fb71b3e5ee88d2e8fde10ebe63a10,-34.18696,-97.0098,-85.30781,485.39728,-193.01884,112.48241,460.8991,-157.291,83.20105,640.1869,3
792,mvdec_dekm_consistent_v1,airpollution_mvdec_dekm_consistent_v1_2b88b20cd9b6_seed_44,2b88b20cd9b6ab9268889294ab249f6a1e5fb71b3e5ee88d2e8fde10ebe63a10,-65.58249,-186.08183,-163.64175,930.97565,-370.2228,215.74487,884.0122,-301.6747,159.55173,1227.8894,3
793,mvdec_dekm_consistent_v1,airpollution_mvdec_dekm_consistent_v1_2b88b20cd9b6_seed_44,2b88b20cd9b6ab9268889294ab249f6a1e5fb71b3e5ee88d2e8fde10ebe63a10,-91.09338,-258.45984,-227.29733,1293.0195,-514.2176,299.65372,1227.824,-418.9967,221.58536,1705.4308,3
794,mvdec_dekm_consistent_v1,airpollution_mvdec_dekm_consistent_v1_2b88b20cd9b6_seed_44,2b88b20cd9b6ab9268889294ab249f6a1e5fb71b3e5ee88d2e8fde10ebe63a10,-114.645035,-325.27957,-286.06372,1627.2568,-647.1537,377.11816,1545.2307,-527.30817,278.8542,2146.2954,3
795,mvdec_dekm_consistent_v1,airpollution_mvdec_dekm_consistent_v1_2b88b20cd9b6_seed_44,2b88b20cd9b6ab9268889294ab249f6a1e5fb71b3e5ee88d2e8fde10ebe63a10,-131.80302,-373.95932,-328.8771,1870.7596,-744.0015,433.55338,1776.471,-606.21643,320.5768,2467.4795,3
796,mvdec_dekm_consistent_v1,airpollution_mvdec_dekm_consistent_v1_2b88b20cd9b6_seed_44,2b88b20cd9b6ab9268889294ab249f6a1e5fb71b3e5ee88d2e8fde10ebe63a10,-115.52124,-327.7661,-288.25153,1639.6993,-652.102,380.00165,1557.0459,-531.3401,280.98712,2162.707,3
797,mvdec_dekm_consistent_v1,airpollution_mvdec_dekm_consistent_v1_2b88b20cd9b6_seed_44,2b88b20cd9b6ab9268889294ab249f6a1e5fb71b3e5ee88d2e8fde10ebe63a10,-87.043846,-246.97255,-217.19484,1235.5659,-491.3674,286.3384,1173.265,-400.37872,211.74187,1629.6489,3
798,mvdec_dekm_consistent_v1,airpollution_mvdec_dekm_consistent_v1_2b88b20cd9b6_seed_44,2b88b20cd9b6ab9268889294ab249f6a1e5fb71b3e5ee88d2e8fde10ebe63a10,-55.019016,-156.11491,-137.28622,781.0756,-310.60678,181.00426,741.6666,-253.10027,133.8673,1030.1731,3
799,mvdec_dekm_consistent_v1,airpollution_mvdec_dekm_consistent_v1_2b88b20cd9b6_seed_44,2b88b20cd9b6ab9268889294ab249f6a1e5fb71b3e5ee88d2e8fde10ebe63a10,-24.428988,-69.32757,-60.958424,346.96106,-137.94728,80.39228,329.4138,-112.423256,59.485355,457.56937,3
800,mvdec_dekm_consistent_v1,airpollution_mvdec_dekm_consistent_v1_2b88b20cd9b6_seed_44,2b88b20cd9b6ab9268889294ab249f6a1e5fb71b3e5ee88d2e8fde10ebe63a10,-5.524763,-15.692326,-13.787819,78.67047,-31.24215,18.211851,74.63547,-25.483347,13.516139,103.69264,3
801,mvdec_dekm_consistent_v1,airpollution_mvdec_dekm_consistent_v1_2b88b20cd9b6_seed_44,2b88b20cd9b6ab9268889294ab249f6a1e5fb71b3e5ee88d2e8fde10ebe63a10,-38.72686,-109.89204,-96.63522,549.8665,-218.64972,127.41867,522.1026,-178.17656,94.25181,725.2065,3
802,mvdec_dekm_consistent_v1,airpollution_mvdec_dekm_consistent_v1_2b88b20cd9b6_seed_44,2b88b20cd9b6ab9268889294ab249f6a1e5fb71b3e5ee88d2e8fde10ebe63a10,-71.95965,-204.17781,-179.55794,1021.4926,-406.22852,236.72485,969.9786,-331.00928,175.06111,1347.2883,3
803,mvdec_dekm_consistent_v1,airpollution_mvdec_dekm_consistent_v1_2b88b20cd9b6_seed_44,2b88b20cd9b6ab9268889294ab249f6a1e5fb71b3e5ee88d2e8fde10ebe63a10,-105.194244,-298.46848,-262.48514,1493.143,-593.81696,346.03674,1417.8777,-483.85,255.87468,1969.4031,3
804,mvdec_dekm_consistent_v1,airpollution_mvdec_dekm_consistent_v1_2b88b20cd9b6_seed_44,2b88b20cd9b6ab9268889294ab249f6a1e5fb71b3e5ee88d2e8fde10ebe63a10,-138.43445,-392.77725,-345.42587,1964.8733,-781.43884,455.3676,1865.8563,-636.7171,336.70026,2591.6245,3
805,mvdec_dekm_consistent_v1,airpollution_mvdec_dekm_consistent_v1_2b88b20cd9b6_seed_44,2b88b20cd9b6ab9268889294ab249f6a1e5fb71b3e5ee88d2e8fde10ebe63a10,-171.67068,-487.0736,-428.35757,2436.5518,-969.0386,564.6857,2313.7827,-789.5669,417.51843,3213.7756,3
806,mvdec_dekm_consistent_v1,airpollution_mvdec_dekm_consistent_v1_2b88b20cd9b6_seed_44,2b88b20cd9b6ab9268889294ab249f6a1e5fb71b3e5ee88d2e8fde10ebe63a10,-204.90833,-581.3744,-511.29254,2908.2495,-1156.6469,674.0087,2761.7285,-942.4229,498.3394,3835.9526,0
807,mvdec_dekm_consistent_v1,airpollution_mvdec_dekm_consistent_v1_2b88b20cd9b6_seed_44,2b88b20cd9b6ab9268889294ab249f6a1e5fb71b3e5ee88d2e8fde10ebe63a10,-238.1443,-675.66974,-594.22327,3379.9229,-1344.2441,783.3257,3209.6492,-1095.271,579.1568,4458.097,0
808,mvdec_dekm_consistent_v1,airpollution_mvdec_dekm_consistent_v1_2b88b20cd9b6_seed_44,2b88b20cd9b6ab9268889294ab249f6a1e5fb71b3e5ee88d2e8fde10ebe63a10,-261.38943,-741.6193,-652.2249,3709.8088,-1475.4489,859.7816,3522.9226,-1202.1721,635.6801,4893.222,0
809,mvdec_dekm_consistent_v1,airpollution_mvdec_dekm_consistent_v1_2b88b20cd9b6_seed_44,2b88b20cd9b6ab9268889294ab249f6a1e5fb71b3e5ee88d2e8fde10ebe63a10,-280.2001,-794.9873,-699.1614,3976.7605,-1581.623,921.65155,3776.4316,-1288.6792,681.4203,5245.3354,0
810,mvdec_dekm_consistent_v1,airpollution_mvdec_dekm_consistent_v1_2b88b20cd9b6_seed_44,2b88b20cd9b6ab9268889294ab249f6a1e5fb71b3e5ee88d2e8fde10ebe63a10,-301.50406,-855.42865,-752.3191,4279.0938,-1701.8693,991.7221,4063.5396,-1386.652,733.2229,5644.119,0
811,mvdec_dekm_consistent_v1,airpollution_mvdec_dekm_consistent_v1_2b88b20cd9b6_seed_44,2b88b20cd9b6ab9268889294ab249f6a1e5fb71b3e5ee88d2e8fde10ebe63a10,-323.28296,-917.2175,-806.66144,4588.168,-1824.7963,1063.3542,4357.0483,-1486.8088,786.1804,6051.7915,0
812,mvdec_dekm_consistent_v1,airpollution_mvdec_dekm_consistent_v1_2b88b20cd9b6_seed_44,2b88b20cd9b6ab9268889294ab249f6a1e5fb71b3e5ee88d2e8fde10ebe63a10,-346.82288,-984.0024,-865.3983,4922.234,-1957.6631,1140.7788,4674.291,-1595.0647,843.42004,6492.429,0
813,mvdec_dekm_consistent_v1,airpollution_mvdec_dekm_consistent_v1_2b88b20cd9b6_seed_44,2b88b20cd9b6ab9268889294ab249f6a1e5fb71b3e5ee88d2e8fde10ebe63a10,-371.8457,-1054.9949,-927.835,5277.346,-2098.9004,1223.0809,5011.5186,-1710.1399,904.2656,6960.8267,0
814,mvdec_dekm_consistent_v1,airpollution_mvdec_dekm_consistent_v1_2b88b20cd9b6_seed_44,2b88b20cd9b6ab9268889294ab249f6a1e5fb71b3e5ee88d2e8fde10ebe63a10,-398.07227,-1129.4022,-993.2755,5649.5396,-2246.9316,1309.3424,5364.9683,-1830.7509,968.0381,7451.756,0
815,mvdec_dekm_consistent_v1,airpollution_mvdec_dekm_consistent_v1_2b88b20cd9b6_seed_44,2b88b20cd9b6ab9268889294ab249f6a1e5fb71b3e5ee88d2e8fde10ebe63a10,-425.27985,-1206.5929,-1061.1636,6035.6553,-2400.5002,1398.83,5731.6387,-1955.8733,1034.196,7961.0474,0
816,mvdec_dekm_consistent_v1,airpollution_mvdec_dekm_consistent_v1_2b88b20cd9b6_seed_44,2b88b20cd9b6ab9268889294ab249f6a1e5fb71b3e5ee88d2e8fde10ebe63a10,-453.29266,-1286.0695,-1131.0618,6433.204,-2558.6165,1490.9675,6109.1675,-2084.7007,1102.3127,8485.418,2
817,mvdec_dekm_consistent_v1,airpollution_mvdec_dekm_consistent_v1_2b88b20cd9b6_seed_44,2b88b20cd9b6ab9268889294ab249f6a1e5fb71b3e5ee88d2e8fde10ebe63a10,-481.96948,-1367.4298,-1202.6163,6840.1733,-2720.48,1585.289,6495.6445,-2216.5813,1172.0441,9022.22,2
818,mvdec_dekm_consistent_v1,airpollution_mvdec_dekm_consistent_v1_2b88b20cd9b6_seed_44,2b88b20cd9b6ab9268889294ab249f6a1e5fb71b3e5ee88d2e8fde10ebe63a10,-511.1986,-1450.3563,-1275.5488,7254.982,-2885.4604,1681.4264,6889.563,-2351.0022,1243.1177,9569.357,2
819,mvdec_dekm_consistent_v1,airpollution_mvdec_dekm_consistent_v1_2b88b20cd9b6_seed_44,2b88b20cd9b6ab9268889294ab249f6a1e5fb71b3e5ee88d2e8fde10ebe63a10,-540.8904,-1534.5966,-1349.6365,7676.358,-3053.0535,1779.0863,7289.7197,-2487.551,1315.3174,10125.159,2
820,mvdec_dekm_consistent_v1,airpollution_mvdec_dekm_consistent_v1_2b88b20cd9b6_seed_44,2b88b20cd9b6ab9268889294ab249f6a1e5fb71b3e5ee88d2e8fde10ebe63a10,-570.97363,-1619.9463,-1424.7002,8103.2837,-3222.854,1878.0331,7695.1475,-2625.8984,1388.4674,10688.281,2
821,mvdec_dekm_consistent_v1,airpollution_mvdec_dekm_consistent_v1_2b88b20cd9b6_seed_44,2b88b20cd9b6ab9268889294ab249f6a1e5fb71b3e5ee88d2e8fde10ebe63a10,-601.38684,-1706.2335,-1500.5885,8534.904,-3394.5203,1978.067,8105.0312,-2765.7668,1462.4226,11257.593,2
822,mvdec_dekm_consistent_v1,airpollution_mvdec_dekm_consistent_v1_2b88b20cd9b6_seed_44,2b88b20cd9b6ab9268889294ab249f6a1e5fb71b3e5ee88d2e8fde10ebe63a10,-632.08575,-1793.3313,-1577.189,8970.574,-3567.7986,2079.0393,8518.761,-2906.9475,1537.0713,11832.248,2
823,mvdec_dekm_consistent_v1,airpollution_mvdec_dekm_consistent_v1_2b88b20cd9b6_seed_44,2b88b20cd9b6ab9268889294ab249f6a1e5fb71b3e5ee88d2e8fde10ebe63a10,-663.03174,-1881.129,-1654.4055,9409.745,-3742.4695,2180.8235,8935.817,-3049.263,1612.3187,12411.521,2
824,mvdec_dekm_consistent_v1,airpollution_mvdec_dekm_consistent_v1_2b88b20cd9b6_seed_44,2b88b20cd9b6ab9268889294ab249f6a1e5fb71b3e5ee88d2e8fde10ebe63a10,-694.1878,-1969.5238,-1732.1471,9851.902,-3918.328,2283.3003,9355.709,-3192.5466,1688.0791,12994.735,2
825,mvdec_dekm_consistent_v1,airpollution_mvdec_dekm_consistent_v1_2b88b20cd9b6_seed_44,2b88b20cd9b6ab9268889294ab249f6a1e5fb71b3e5ee88d2e8fde10ebe63a10,-725.52893,-2058.4412,-1810.3489,10296.676,-4095.227,2386.3833,9778.084,-3336.6777,1764.2872,13581.397,2
826,mvdec_dekm_consistent_v1,airpollution_mvdec_dekm_consistent_v1_2b88b20cd9b6_seed_44,2b88b20cd9b6ab9268889294ab249f6a1e5fb71b3e5ee88d2e8fde10ebe63a10,-757.0313,-2147.8174,-1888.9539,10743.742,-4273.038,2489.9978,10202.64,-3481.5527,1840.8884,14171.087,2
827,mvdec_dekm_consistent_v1,airpollution_mvdec_dekm_consistent_v1_2b88b20cd9b6_seed_44,2b88b20cd9b6ab9268889294ab249f6a1e5fb71b3e5ee88d2e8fde10ebe63a10,-788.67505,-2237.595,-1967.9116,11192.818,-4451.6475,2594.0776,10629.1,-3627.0771,1917.834,14763.425,1
828,mvdec_dekm_consistent_v1,airpollution_mvdec_dekm_consistent_v1_2b88b20cd9b6_seed_44,2b88b20cd9b6ab9268889294ab249f6a1e5fb71b3e5ee88d2e8fde10ebe63a10,-820.446,-2327.7332,-2047.1868,11643.697,-4630.975,2698.5754,11057.273,-3773.187,1995.0886,15358.14,1
829,mvdec_dekm_consistent_v1,airpollution_mvdec_dekm_consistent_v1_2b88b20cd9b6_seed_44,2b88b20cd9b6ab9268889294ab249f6a1e5fb71b3e5ee88d2e8fde10ebe63a10,-852.3296,-2418.1914,-2126.7432,12096.174,-4810.9395,2803.444,11486.968,-3919.8152,2072.617,15954.967,1
830,mvdec_dekm_consistent_v1,airpollution_mvdec_dekm_consistent_v1_2b88b20cd9b6_seed_44,2b88b20cd9b6ab9268889294ab249f6a1e5fb71b3e5ee88d2e8fde10ebe63a10,-884.31116,-2508.9258,-2206.5422,12550.037,-4991.4517,2908.633,11917.971,-4066.8916,2150.3816,16553.617,1
831,mvdec_dekm_consistent_v1,airpollution_mvdec_dekm_consistent_v1_2b88b20cd9b6_seed_44,2b88b20cd9b6ab9268889294ab249f6a1e5fb71b3e5ee88d2e8fde10ebe63a10,-916.3805,-2599.9102,-2286.5615,13005.15,-5172.4634,3014.1128,12350.17,-4214.373,2228.3625,17153.922,1
832,mvdec_dekm_consistent_v1,airpollution_mvdec_dekm_consistent_v1_2b88b20cd9b6_seed_44,2b88b20cd9b6ab9268889294ab249f6a1e5fb71b3e5ee88d2e8fde10ebe63a10,-948.49194,-2691.013,-2366.683,13460.892,-5353.7075,3119.7302,12782.931,-4362.0493,2306.4553,17755.023,1
833,mvdec_dekm_consistent_v1,airpollution_mvdec_dekm_consistent_v1_2b88b20cd9b6_seed_44,2b88b20cd9b6ab9268889294ab249f6a1e5fb71b3e5ee88d2e8fde10ebe63a10,-980.7162,-2782.4375,-2447.0884,13918.204,-5535.5947,3225.719,13217.215,-4510.2437,2384.8115,18358.23,1
834,mvdec_dekm_consistent_v1,airpollution_mvdec_dekm_consistent_v1_2b88b20cd9b6_seed_44,2b88b20cd9b6ab9268889294ab249f6a1e5fb71b3e5ee88d2e8fde10ebe63a10,-1013.0062,-2874.0486,-2527.6587,14376.449,-5717.853,3331.9243,13652.385,-4658.7407,2463.3286,18962.664,1
835,mvdec_dekm_consistent_v1,airpollution_mvdec_dekm_consistent_v1_2b88b20cd9b6_seed_44,2b88b20cd9b6ab9268889294ab249f6a1e5fb71b3e5ee88d2e8fde10ebe63a10,-1045.3551,-2965.8271,-2608.376,14835.535,-5900.4424,3438.3237,14088.352,-4807.5093,2541.9883,19568.205,1
836,mvdec_dekm_consistent_v1,airpollution_mvdec_dekm_consistent_v1_2b88b20cd9b6_seed_44,2b88b20cd9b6ab9268889294ab249f6a1e5fb71b3e5ee88d2e8fde10ebe63a10,-1077.7582,-3057.7593,-2689.2285,15295.385,-6083.3394,3544.9011,14525.044,-4956.526,2620.7805,20174.752,1
837,mvdec_dekm_consistent_v1,airpollution_mvdec_dekm_consistent_v1_2b88b20cd9b6_seed_44,2b88b20cd9b6ab9268889294ab249f6a1e5fb71b3e5ee88d2e8fde10ebe63a10,-1110.2103,-3149.8308,-2770.2034,15755.935,-6266.512,3651.6401,14962.403,-5105.7705,2699.692,20782.227,1
838,mvdec_dekm_consistent_v1,airpollution_mvdec_dekm_consistent_v1_2b88b20cd9b6_seed_44,2b88b20cd9b6ab9268889294ab249f6a1e5fb71b3e5ee88d2e8fde10ebe63a10,-1142.7068,-3242.0295,-2851.2905,16217.121,-6449.9385,3758.5269,15400.364,-5255.2197,2778.7122,21390.54,1
839,mvdec_dekm_consistent_v1,airpollution_mvdec_dekm_consistent_v1_2b88b20cd9b6_seed_44,2b88b20cd9b6ab9268889294ab249f6a1e5fb71b3e5ee88d2e8fde10ebe63a10,-1175.2458,-3334.3457,-2932.4805,16678.895,-6633.599,3865.5496,15838.886,-5404.859,2857.833,21999.621,1
840,mvdec_dekm_consistent_v1,airpollution_mvdec_dekm_consistent_v1_2b88b20cd9b6_seed_44,2b88b20cd9b6ab9268889294ab249f6a1e5fb71b3e5ee88d2e8fde10ebe63a10,-424.0735,-1203.1709,-1058.1516,6018.5444,-2393.6914,1394.8625,5715.384,-1950.3258,1031.2653,7938.4717,0
841,mvdec_dekm_consistent_v1,airpollution_mvdec_dekm_consistent_v1_2b88b20cd9b6_seed_44,2b88b20cd9b6ab9268889294ab249f6a1e5fb71b3e5ee88d2e8fde10ebe63a10,-398.46347,-1130.5126,-994.2499,5655.0977,-2249.14,1310.6292,5370.241,-1832.55,968.9914,7459.0815,0
842,mvdec_dekm_consistent_v1,airpollution_mvdec_dekm_consistent_v1_2b88b20cd9b6_seed_44,2b88b20cd9b6ab9268889294ab249f6a1e5fb71b3e5ee88d2e8fde10ebe63a10,-374.0544,-1061.261,-933.3444,5308.694,-2111.366,1230.3451,5041.2827,-1720.2965,909.6375,7002.17,0
843,mvdec_dekm_consistent_v1,airpollution_mvdec_dekm_consistent_v1_2b88b20cd9b6_seed_44,2b88b20cd9b6ab9268889294ab249f6a1e5fb71b3e5ee88d2e8fde10ebe63a10,-351.09735,-996.12897,-876.0622,4982.897,-1981.788,1154.8373,4731.8936,-1614.721,853.8147,6572.4404,0
844,mvdec_dekm_consistent_v1,airpollution_mvdec_dekm_consistent_v1_2b88b20cd9b6_seed_44,2b88b20cd9b6ab9268889294ab249f6a1e5fb71b3e5ee88d2e8fde10ebe63a10,-329.8469,-935.83923,-823.03815,4681.32,-1861.8438,1084.9427,4445.506,-1516.9938,802.1414,6174.657,0
845,mvdec_dekm_consistent_v1,airpollution_mvdec_dekm_consistent_v1_2b88b20cd9b6_seed_44,2b88b20cd9b6ab9268889294ab249f6a1e5fb71b3e5ee88d2e8fde10ebe63a10,-310.69388,-881.5012,-775.2486,4409.5137,-1753.739,1021.9476,4187.388,-1428.914,755.56976,5816.142,0
846,mvdec_dekm_consistent_v1,airpollution_mvdec_dekm_consistent_v1_2b88b20cd9b6_seed_44,2b88b20cd9b6ab9268889294ab249f6a1e5fb71b3e5ee88d2e8fde10ebe63a10,-294.03195,-834.2302,-733.6745,4173.0586,-1659.6951,967.1461,3962.8423,-1352.2898,715.0549,5504.2544,0
847,mvdec_dekm_consistent_v1,airpollution_mvdec_dekm_consistent_v1_2b88b20cd9b6_seed_44,2b88b20cd9b6ab9268889294ab249f6a1e5fb71b3e5ee88d2e8fde10ebe63a10,-280.2721,-795.19244,-699.341,3977.786,-1582.0304,921.8891,3777.4048,-1289.011,681.5962,5246.688,0
848,mvdec_dekm_consistent_v1,airpollution_mvdec_dekm_consistent_v1_2b88b20cd9b6_seed_44,2b88b20cd9b6ab9268889294ab249f6a1e5fb71b3e5ee88d2e8fde10ebe63a10,-269.90692,-765.7847,-673.4776,3830.6843,-1523.5251,887.7965,3637.7124,-1241.3425,656.3911,5052.6597,0
849,mvdec_dekm_consistent_v1,airpollution_mvdec_dekm_consistent_v1_2b88b20cd9b6_seed_44,2b88b20cd9b6ab9268889294ab249f6a1e5fb71b3e5ee88d2e8fde10ebe63a10,-249.84564,-708.8675,-623.4205,3545.9792,-1410.2902,821.8122,3367.3445,-1149.0829,607.6091,4677.13,0
850,mvdec_dekm_consistent_v1,airpollution_mvdec_dekm_consistent_v1_2b88b20cd9b6_seed_44,2b88b20cd9b6ab9268889294ab249f6a1e5fb71b3e5ee88d2e8fde10ebe63a10,-229.16612,-650.1959,-571.8205,3252.499,-1293.5651,753.794,3088.6436,-1053.9792,557.32355,4290.0254,0
851,mvdec_dekm_consistent_v1,airpollution_mvdec_dekm_consistent_v1_2b88b20cd9b6_seed_44,2b88b20cd9b6ab9268889294ab249f6a1e5fb71b3e5ee88d2e8fde10ebe63a10,-203.21275,-576.56287,-507.06317,2884.1863,-1147.0731,668.4311,2738.8735,-934.62463,494.21823,3804.2117,0
852,mvdec_dekm_consistent_v1,airpollution_mvdec_dekm_consistent_v1_2b88b20cd9b6_seed_44,2b88b20cd9b6ab9268889294ab249f6a1e5fb71b3e5ee88d2e8fde10ebe63a10,-178.52199,-506.5109,-445.454,2533.779,-1007.7073,587.2196,2406.113,-821.07385,434.17828,3342.0205,3
853,mvdec_dekm_consistent_v1,airpollution_mvdec_dekm_consistent_v1_2b88b20cd9b6_seed_44,2b88b20cd9b6ab9268889294ab249f6a1e5fb71b3e5ee88d2e8fde10ebe63a10,-155.31802,-440.67712,-387.55484,2204.472,-876.7336,510.89835,2093.39,-714.36066,377.75388,2907.6602,3
854,mvdec_dekm_consistent_v1,airpollution_mvdec_dekm_consistent_v1_2b88b20cd9b6_seed_44,2b88b20cd9b6ab9268889294ab249f6a1e5fb71b3e5ee88d2e8fde10ebe63a10,-126.104866,-357.7948,-314.66086,1789.8811,-711.8415,414.81186,1699.6799,-580.0115,306.71567,2360.811,3
855,mvdec_dekm_consistent_v1,airpollution_mvdec_dekm_consistent_v1_2b88b20cd9b6_seed_44,2b88b20cd9b6ab9268889294ab249f6a1e5fb71b3e5ee88d2e8fde10ebe63a10,-95.121994,-269.9058,-237.36441,1350.2864,-536.9899,312.92426,1282.2134,-437.5528,231.40092,1780.9688,3
856,mvdec_dekm_consistent_v1,airpollution_mvdec_dekm_consistent_v1_2b88b20cd9b6_seed_44,2b88b20cd9b6ab9268889294ab249f6a1e5fb71b3e5ee88d2e8fde10ebe63a10,-65.56962,-186.04707,-163.61278,930.78174,-370.15457,215.70377,883.84424,-301.61673,159.51569,1227.647,3
857,mvdec_dekm_consistent_v1,airpollution_mvdec_dekm_consistent_v1_2b88b20cd9b6_seed_44,2b88b20cd9b6ab9268889294ab249f6a1e5fb71b3e5ee88d2e8fde10ebe63a10,-36.439796,-103.40336,-90.929375,517.3909,-205.73607,119.89396,491.27014,-167.65504,88.6854,682.3777,3
858,mvdec_dekm_consistent_v1,airpollution_mvdec_dekm_consistent_v1_2b88b20cd9b6_seed_44,2b88b20cd9b6ab9268889294ab249f6a1e5fb71b3e5ee88d2e8fde10ebe63a10,-7.1916595,-20.42187,-17.948385,102.30889,-40.648106,23.69296,97.0931,-33.146397,17.564205,134.88054,3
859,mvdec_dekm_consistent_v1,airpollution_mvdec_dekm_consistent_v1_2b88b20cd9b6_seed_44,2b88b20cd9b6ab9268889294ab249f6a1e5fb71b3e5ee88d2e8fde10ebe63a10,-16.235146,-46.080345,-40.514153,230.65216,-91.69503,53.438858,218.97508,-74.7371,39.55403,304.16797,3
860,mvdec_dekm_consistent_v1,airpollution_mvdec_dekm_consistent_v1_2b88b20cd9b6_seed_44,2b88b20cd9b6ab9268889294ab249f6a1e5fb71b3e5ee88d2e8fde10ebe63a10,-32.33726,-91.765274,-80.692955,459.17093,-182.58354,106.40152,435.98672,-148.78976,78.70863,605.5878,3
861,mvdec_dekm_consistent_v1,airpollution_mvdec_dekm_consistent_v1_2b88b20cd9b6_seed_44,2b88b20cd9b6ab9268889294ab249f6a1e5fb71b3e5ee88d2e8fde10ebe63a10,-53.735744,-152.47577,-134.08722,762.85376,-303.36624,176.78415,724.37585,-247.19948,130.7427,1006.14954,3
862,mvdec_dekm_consistent_v1,airpollution_mvdec_dekm_consistent_v1_2b88b20cd9b6_seed_44,2b88b20cd9b6ab9268889294ab249f6a1e5fb71b3e5ee88d2e8fde10ebe63a10,-79.82119,-226.48376,-199.17647,1133.0519,-450.60394,262.58273,1075.9307,-367.16388,194.17372,1494.4458,3
863,mvdec_dekm_consistent_v1,airpollution_mvdec_dekm_consistent_v1_2b88b20cd9b6_seed_44,2b88b20cd9b6ab9268889294ab249f6a1e5fb71b3e5ee88d2e8fde10ebe63a10,-81.67585,-231.74535,-203.80449,1159.3734,-461.07324,268.68317,1100.9269,-375.6938,198.68373,1529.1644,3
864,mvdec_dekm_consistent_v1,airpollution_mvdec_dekm_consistent_v1_2b88b20cd9b6_seed_44,2b88b20cd9b6ab9268889294ab249f6a1e5fb71b3e5ee88d2e8fde10ebe63a10,-88.10711,-249.99127,-219.85252,1250.644,-497.37338,289.83636,1187.6002,-405.27036,214.32295,1649.5515,3
865,mvdec_dekm_consistent_v1,airpollution_mvdec_dekm_consistent_v1_2b88b20cd9b6_seed_44,2b88b20cd9b6ab9268889294ab249f6a1e5fb71b3e5ee88d2e8fde10ebe63a10,-103.17769,-292.7487,-257.4564,1464.5156,-582.4369,339.40466,1390.7037,-474.57687,250.96751,1931.653,3
866,mvdec_dekm_consistent_v1,airpollution_mvdec_dekm_consistent_v1_2b88b20cd9b6_seed_44,2b88b20cd9b6ab9268889294ab249f6a1e5fb71b3e5ee88d2e8fde10ebe63a10,-103.596275,-293.936,-258.5009,1470.4536,-584.799,340.78113,1396.3431,-476.50137,251.98479,1939.4857,3
867,mvdec_dekm_consistent_v1,airpollution_mvdec_dekm_consistent_v1_2b88b20cd9b6_seed_44,2b88b20cd9b6ab9268889294ab249f6a1e5fb71b3e5ee88d2e8fde10ebe63a10,-71.756325,-203.60277,-179.0533,1018.5947,-405.08398,236.05734,967.2428,-330.0749,174.56104,1343.479,3
868,mvdec_dekm_consistent_v1,airpollution_mvdec_dekm_consistent_v1_2b88b20cd9b6_seed_44,2b88b20cd9b6ab9268889294ab249f6a1e5fb71b3e5ee88d2e8fde10ebe63a10,-41.25856,-117.07707,-102.95499,585.77954,-232.94281,135.74673,556.22626,-189.81975,100.400826,772.5914,3
869,mvdec_dekm_consistent_v1,airpollution_mvdec_dekm_consistent_v1_2b88b20cd9b6_seed_44,2b88b20cd9b6ab9268889294ab249f6a1e5fb71b3e5ee88d2e8fde10ebe63a10,-14.317847,-40.641533,-35.73221,203.4447,-80.87792,47.135185,193.14513,-65.92256,34.89132,268.28665,3
870,mvdec_dekm_consistent_v1,airpollution_mvdec_dekm_consistent_v1_2b88b20cd9b6_seed_44,2b88b20cd9b6ab9268889294ab249f6a1e5fb71b3e5ee88d2e8fde10ebe63a10,-11.587833,-32.89484,-28.919731,164.6923,-65.46579,38.153732,156.34457,-53.36514,28.2515,217.17273,3
871,mvdec_dekm_consistent_v1,airpollution_mvdec_dekm_consistent_v1_2b88b20cd9b6_seed_44,2b88b20cd9b6ab9268889294ab249f6a1e5fb71b3e5ee88d2e8fde10ebe63a10,-40.88776,-116.02118,-102.02986,580.50806,-230.84523,134.52461,551.21625,-188.11137,99.49961,765.63666,3
872,mvdec_dekm_consistent_v1,airpollution_mvdec_dekm_consistent_v1_2b88b20cd9b6_seed_44,2b88b20cd9b6ab9268889294ab249f6a1e5fb71b3e5ee88d2e8fde10ebe63a10,-73.1948,-207.6799,-182.64215,1038.9952,-413.19736,240.78539,986.6132,-336.68588,178.05795,1370.3868,3
873,mvdec_dekm_consistent_v1,airpollution_mvdec_dekm_consistent_v1_2b88b20cd9b6_seed_44,2b88b20cd9b6ab9268889294ab249f6a1e5fb71b3e5ee88d2e8fde10ebe63a10,-106.01409,-300.78864,-264.52844,1504.7705,-598.43304,348.72876,1428.9036,-487.61432,257.86996,1984.7286,3
874,mvdec_dekm_consistent_v1,airpollution_mvdec_dekm_consistent_v1_2b88b20cd9b6_seed_44,2b88b20cd9b6ab9268889294ab249f6a1e5fb71b3e5ee88d2e8fde10ebe63a10,-139.03429,-394.47333,-346.92007,1973.3785,-784.8133,457.33606,1873.9177,-639.4698,338.16034,2602.8323,3
875,mvdec_dekm_consistent_v1,airpollution_mvdec_dekm_consistent_v1_2b88b20cd9b6_seed_44,2b88b20cd9b6ab9268889294ab249f6a1e5fb71b3e5ee88d2e8fde10ebe63a10,-172.13481,-488.38464,-429.5125,2443.127,-971.6463,566.2073,2320.0127,-791.69434,418.6474,3222.4382,3
876,mvdec_dekm_consistent_v1,airpollution_mvdec_dekm_consistent_v1_2b88b20cd9b6_seed_44,2b88b20cd9b6ab9268889294ab249f6a1e5fb71b3e5ee88d2e8fde10ebe63a10,-202.1355,-573.5018,-504.37042,2868.8855,-1140.983,664.8832,2724.333,-929.6637,491.59702,3784.0222,0
877,mvdec_dekm_consistent_v1,airpollution_mvdec_dekm_consistent_v1_2b88b20cd9b6_seed_44,2b88b20cd9b6ab9268889294ab249f6a1e5fb71b3e5ee88d2e8fde10ebe63a10,-215.94469,-612.68036,-538.8272,3064.8594,-1218.9281,710.3033,2910.439,-993.1702,525.17535,4042.515,0
878,mvdec_dekm_consistent_v1,airpollution_mvdec_dekm_consistent_v1_2b88b20cd9b6_seed_44,2b88b20cd9b6ab9268889294ab249f6a1e5fb71b3e5ee88d2e8fde10ebe63a10,-233.68938,-663.02515,-583.1042,3316.687,-1319.0873,768.668,3149.5854,-1074.7761,568.32385,4374.6797,0
879,mvdec_dekm_consistent_v1,airpollution_mvdec_dekm_consistent_v1_2b88b20cd9b6_seed_44,2b88b20cd9b6ab9268889294ab249f6a1e5fb71b3e5ee88d2e8fde10ebe63a10,-254.5498,-722.20905,-635.1552,3612.7285,-1436.832,837.2803,3430.7205,-1170.7104,619.0479,4765.1646,0
880,mvdec_dekm_consistent_v1,airpollution_mvdec_dekm_consistent_v1_2b88b20cd9b6_seed_44,2b88b20cd9b6ab9268889294ab249f6a1e5fb71b3e5ee88d2e8fde10ebe63a10,-276.3011,-783.9207,-689.4294,3921.4155,-1559.6057,908.8232,3723.8633,-1270.742,671.9389,5172.328,0
881,mvdec_dekm_consistent_v1,airpollution_mvdec_dekm_consistent_v1_2b88b20cd9b6_seed_44,2b88b20cd9b6ab9268889294ab249f6a1e5fb71b3e5ee88d2e8fde10ebe63a10,-299.8463,-850.7215,-748.17926,4255.558,-1692.5038,986.26575,4041.18,-1379.0227,729.19165,5613.068,0
882,mvdec_dekm_consistent_v1,airpollution_mvdec_dekm_consistent_v1_2b88b20cd9b6_seed_44,2b88b20cd9b6ab9268889294ab249f6a1e5fb71b3e5ee88d2e8fde10ebe63a10,-325.088,-922.33575,-811.1626,4613.778,-1834.9784,1069.2886,4381.362,-1495.1057,790.5696,6085.5664,0
883,mvdec_dekm_consistent_v1,airpollution_mvdec_dekm_consistent_v1_2b88b20cd9b6_seed_44,2b88b20cd9b6ab9268889294ab249f6a1e5fb71b3e5ee88d2e8fde10ebe63a10,-351.6612,-997.7274,-877.4682,4990.8936,-1984.9677,1156.6907,4739.486,-1617.312,855.1852,6582.9873,0
884,mvdec_dekm_consistent_v1,airpollution_mvdec_dekm_consistent_v1_2b88b20cd9b6_seed_44,2b88b20cd9b6ab9268889294ab249f6a1e5fb71b3e5ee88d2e8fde10ebe63a10,-379.28665,-1076.1045,-946.3994,5382.944,-2140.897,1247.5537,5111.7935,-1744.3575,922.3597,7100.1074,0
885,mvdec_dekm_consistent_v1,airpollution_mvdec_dekm_consistent_v1_2b88b20cd9b6_seed_44,2b88b20cd9b6ab9268889294ab249f6a1e5fb71b3e5ee88d2e8fde10ebe63a10,-407.7511,-1156.8628,-1017.4245,5786.9004,-2301.5625,1341.1766,5495.41,-1875.2621,991.57446,7632.9336,0
886,mvdec_dekm_consistent_v1,airpollution_mvdec_dekm_consistent_v1_2b88b20cd9b6_seed_44,2b88b20cd9b6ab9268889294ab249f6a1e5fb71b3e5ee88d2e8fde10ebe63a10,-436.88974,-1239.5337,-1090.1315,6200.4277,-2466.034,1437.0177,5888.113,-2009.2675,1062.4288,8178.3833,0
887,mvdec_dekm_consistent_v1,airpollution_mvdec_dekm_consistent_v1_2b88b20cd9b6_seed_44,2b88b20cd9b6ab9268889294ab249f6a1e5fb71b3e5ee88d2e8fde10ebe63a10,-466.5764,-1323.7596,-1164.2068,6621.732,-2633.5989,1534.661,6288.201,-2145.7935,1134.6156,8734.089,2
888,mvdec_dekm_consistent_v1,airpollution_mvdec_dekm_consistent_v1_2b88b20cd9b6_seed_44,2b88b20cd9b6ab9268889294ab249f6a1e5fb71b3e5ee88d2e8fde10ebe63a10,-496.71286,-1409.2612,-1239.4034,7049.419,-2803.7024,1633.7839,6694.3525,-2284.388,1207.8961,9298.216,2
889,mvdec_dekm_consistent_v1,airpollution_mvdec_dekm_consistent_v1_2b88b20cd9b6_seed_44,2b88b20cd9b6ab9268889294ab249f6a1e5fb71b3e5ee88d2e8fde10ebe63a10,-527.2214,-1495.8192,-1315.5295,7482.388,-2975.9067,1734.1307,7105.5186,-2424.6936,1282.0823,9869.311,2
890,mvdec_dekm_consistent_v1,airpollution_mvdec_dekm_consistent_v1_2b88b20cd9b6_seed_44,2b88b20cd9b6ab9268889294ab249f6a1e5fb71b3e5ee88d2e8fde10ebe63a10,-558.0415,-1583.2585,-1392.431,7919.769,-3149.8652,1835.5001,7520.874,-2566.4292,1357.0237,10446.22,2
891,mvdec_dekm_consistent_v1,airpollution_mvdec_dekm_consistent_v1_2b88b20cd9b6_seed_44,2b88b20cd9b6ab9268889294ab249f6a1e5fb71b3e5ee88d2e8fde10ebe63a10,-589.1219,-1671.4376,-1469.9834,8360.852,-3325.2944,1937.7266,7939.741,-2709.3628,1432.5999,11028.014,2
892,mvdec_dekm_consistent_v1,airpollution_mvdec_dekm_consistent_v1_2b88b20cd9b6_seed_44,2b88b20cd9b6ab9268889294ab249f6a1e5fb71b3e5ee88d2e8fde10ebe63a10,-620.42706,-1760.2543,-1548.0963,8805.12,-3501.991,2040.6923,8361.638,-2853.3306,1508.7219,11614.01,2
893,mvdec_dekm_consistent_v1,airpollution_mvdec_dekm_consistent_v1_2b88b20cd9b6_seed_44,2b88b20cd9b6ab9268889294ab249f6a1e5fb71b3e5ee88d2e8fde10ebe63a10,-651.923,-1849.612,-1626.6854,9252.098,-3679.767,2144.2861,8786.1045,-2998.1758,1585.3083,12203.58,2
894,mvdec_dekm_consistent_v1,airpollution_mvdec_dekm_consistent_v1_2b88b20cd9b6_seed_44,2b88b20cd9b6ab9268889294ab249f6a1e5fb71b3e5ee88d2e8fde10ebe63a10,-683.584,-1939.4375,-1705.686,9701.413,-3858.471,2248.4214,9212.793,-3143.7788,1662.2949,12796.234,2
895,mvdec_dekm_consistent_v1,airpollution_mvdec_dekm_consistent_v1_2b88b20cd9b6_seed_44,2b88b20cd9b6ab9268889294ab249f6a1e5fb71b3e5ee88d2e8fde10ebe63a10,-715.3889,-2029.6713,-1785.0453,10152.773,-4037.99,2353.0308,9641.423,-3290.044,1739.6317,13391.584,2
896,mvdec_dekm_consistent_v1,airpollution_mvdec_dekm_consistent_v1_2b88b20cd9b6_seed_44,2b88b20cd9b6ab9268889294ab249f6a1e5fb71b3e5ee88d2e8fde10ebe63a10,-747.31537,-2120.2507,-1864.7085,10605.859,-4218.1934,2458.0393,10071.69,-3436.8682,1817.265,13989.212,2
897,mvdec_dekm_consistent_v1,airpollution_mvdec_dekm_consistent_v1_2b88b20cd9b6_seed_44,2b88b20cd9b6ab9268889294ab249f6a1e5fb71b3e5ee88d2e8fde10ebe63a10,-779.3512,-2211.1409,-1944.6455,11060.503,-4399.0176,2563.4094,10503.439,-3584.1978,1895.1656,14588.892,2
898,mvdec_dekm_consistent_v1,airpollution_mvdec_dekm_consistent_v1_2b88b20cd9b6_seed_44,2b88b20cd9b6ab9268889294ab249f6a1e5fb71b3e5ee88d2e8fde10ebe63a10,-811.48816,-2302.3164,-2024.8326,11516.571,-4580.408,2669.1104,10936.54,-3731.9888,1973.3081,15190.452,1
899,mvdec_dekm_consistent_v1,airpollution_mvdec_dekm_consistent_v1_2b88b20cd9b6_seed_44,2b88b20cd9b6ab9268889294ab249f6a1e5fb71b3e5ee88d2e8fde10ebe63a10,-843.7098,-2393.7341,-2105.232,11973.848,-4762.2817,2775.0908,11370.792,-3880.1714,2051.658,15793.606,1
900,mvdec_dekm_consistent_v1,airpollution_mvdec_dekm_consistent_v1_2b88b20cd9b6_seed_44,2b88b20cd9b6ab9268889294ab249f6a1e5fb71b3e5ee88d2e8fde10ebe63a10,-876.0063,-2485.3643,-2185.8186,12432.189,-4944.5767,2881.3186,11806.052,-4028.6997,2130.1917,16398.17,1
901,mvdec_dekm_consistent_v1,airpollution_mvdec_dekm_consistent_v1_2b88b20cd9b6_seed_44,2b88b20cd9b6ab9268889294ab249f6a1e5fb71b3e5ee88d2e8fde10ebe63a10,-908.3702,-2577.186,-2266.5745,12891.49,-5127.2534,2987.7683,12242.225,-4177.538,2208.8887,17003.992,1
902,mvdec_dekm_consistent_v1,airpollution_mvdec_dekm_consistent_v1_2b88b20cd9b6_seed_44,2b88b20cd9b6ab9268889294ab249f6a1e5fb71b3e5ee88d2e8fde10ebe63a10,-940.7946,-2669.1794,-2347.4807,13351.648,-5310.272,3094.4163,12679.21,-4326.655,2287.7336,17610.953,1
903,mvdec_dekm_consistent_v1,airpollution_mvdec_dekm_consistent_v1_2b88b20cd9b6_seed_44,2b88b20cd9b6ab9268889294ab249f6a1e5fb71b3e5ee88d2e8fde10ebe63a10,-973.2741,-2761.3271,-2428.5227,13812.582,-5493.597,3201.244,13116.933,-4476.023,2366.7107,18218.928,1
904,mvdec_dekm_consistent_v1,airpollution_mvdec_dekm_consistent_v1_2b88b20cd9b6_seed_44,2b88b20cd9b6ab9268889294ab249f6a1e5fb71b3e5ee88d2e8fde10ebe63a10,-1005.80194,-2853.6143,-2509.687,14274.209,-5677.199,3308.2327,13555.3125,-4625.615,2445.807,18827.824,1
905,mvdec_dekm_consistent_v1,airpollution_mvdec_dekm_consistent_v1_2b88b20cd9b6_seed_44,2b88b20cd9b6ab9268889294ab249f6a1e5fb71b3e5ee88d2e8fde10ebe63a10,-1038.3752,-2946.0288,-2590.9646,14736.479,-5861.0557,3415.3699,13994.302,-4775.415,2525.013,19437.56,1
906,mvdec_dekm_consistent_v1,airpollution_mvdec_dekm_consistent_v1_2b88b20cd9b6_seed_44,2b88b20cd9b6ab9268889294ab249f6a1e5fb71b3e5ee88d2e8fde10ebe63a10,-1070.9895,-3038.5586,-2672.3435,15199.322,-6045.141,3522.6406,14433.838,-4925.401,2604.3174,20048.06,1
907,mvdec_dekm_consistent_v1,airpollution_mvdec_dekm_consistent_v1_2b88b20cd9b6_seed_44,2b88b20cd9b6ab9268889294ab249f6a1e5fb71b3e5ee88d2e8fde10ebe63a10,-1103.641,-3131.1946,-2753.8152,15662.697,-6229.4385,3630.0344,14873.876,-5075.5605,2683.713,20659.258,1
908,mvdec_dekm_consistent_v1,airpollution_mvdec_dekm_consistent_v1_2b88b20cd9b6_seed_44,2b88b20cd9b6ab9268889294ab249f6a1e5fb71b3e5ee88d2e8fde10ebe63a10,-1130.2681,-3206.7405,-2820.2556,16040.58,-6379.7344,3717.615,15232.732,-5198.016,2748.4607,21157.69,1
909,mvdec_dekm_consistent_v1,airpollution_mvdec_dekm_consistent_v1_2b88b20cd9b6_seed_44,2b88b20cd9b6ab9268889294ab249f6a1e5fb71b3e5ee88d2e8fde10ebe63a10,-1156.1042,-3280.0422,-2884.7236,16407.24,-6525.565,3802.5938,15580.93,-5316.835,2811.2844,21641.324,1
910,mvdec_dekm_consistent_v1,airpollution_mvdec_dekm_consistent_v1_2b88b20cd9b6_seed_44,2b88b20cd9b6ab9268889294ab249f6a1e5fb71b3e5ee88d2e8fde10ebe63a10,-404.4192,-1147.4124,-1009.11523,5739.6123,-2282.7627,1330.2207,5450.517,-1859.9429,983.46967,7570.573,0
911,mvdec_dekm_consistent_v1,airpollution_mvdec_dekm_consistent_v1_2b88b20cd9b6_seed_44,2b88b20cd9b6ab9268889294ab249f6a1e5fb71b3e5ee88d2e8fde10ebe63a10,-377.476,-1070.9708,-941.8863,5357.243,-2130.6843,1241.6012,5087.4043,-1736.0348,917.95355,7066.222,0
912,mvdec_dekm_consistent_v1,airpollution_mvdec_dekm_consistent_v1_2b88b20cd9b6_seed_44,2b88b20cd9b6ab9268889294ab249f6a1e5fb71b3e5ee88d2e8fde10ebe63a10,-351.6104,-997.586,-877.3459,4990.1655,-1984.6879,1156.5256,4738.812,-1617.0815,855.0575,6582.0405,0
913,mvdec_dekm_consistent_v1,airpollution_mvdec_dekm_consistent_v1_2b88b20cd9b6_seed_44,2b88b20cd9b6ab9268889294ab249f6a1e5fb71b3e5ee88d2e8fde10ebe63a10,-327.078,-927.9841,-816.13257,4642.0107,-1846.2164,1075.8357,4408.1895,-1504.2601,795.40393,6122.82,0
914,mvdec_dekm_consistent_v1,airpollution_mvdec_dekm_consistent_v1_2b88b20cd9b6_seed_44,2b88b20cd9b6ab9268889294ab249f6a1e5fb71b3e5ee88d2e8fde10ebe63a10,-304.20233,-863.08185,-759.0523,4317.364,-1717.0953,1000.5943,4099.8906,-1399.0565,739.7785,5694.6055,0
915,mvdec_dekm_consistent_v1,airpollution_mvdec_dekm_consistent_v1_2b88b20cd9b6_seed_44,2b88b20cd9b6ab9268889294ab249f6a1e5fb71b3e5ee88d2e8fde10ebe63a10,-283.28073,-803.7189,-706.8436,4020.464,-1598.9929,931.7765,3817.9114,-1302.8363,688.9126,5302.9653,0
916,mvdec_dekm_consistent_v1,airpollution_mvdec_dekm_consistent_v1_2b88b20cd9b6_seed_44,2b88b20cd9b6ab9268889294ab249f6a1e5fb71b3e5ee88d2e8fde10ebe63a10,-264.93524,-751.6707,-661.0679,3760.1106,-1495.4443,871.4364,3570.6714,-1218.4683,644.30255,4959.557,0
917,mvdec_dekm_consistent_v1,airpollution_mvdec_dekm_consistent_v1_2b88b20cd9b6_seed_44,2b88b20cd9b6ab9268889294ab249f6a1e5fb71b3e5ee88d2e8fde10ebe63a10,-249.60939,-708.1903,-622.8275,3542.615,-1408.9413,821.0291,3364.1301,-1147.9882,607.03613,4672.6787,0
918,mvdec_dekm_consistent_v1,airpollution_mvdec_dekm_consistent_v1_2b88b20cd9b6_seed_44,2b88b20cd9b6ab9268889294ab249f6a1e5fb71b3e5ee88d2e8fde10ebe63a10,-237.91467,-675.011,-593.64655,3376.6465,-1342.9329,782.564,3206.522,-1094.2054,578.5981,4453.765,0
919,mvdec_dekm_consistent_v1,airpollution_mvdec_dekm_consistent_v1_2b88b20cd9b6_seed_44,2b88b20cd9b6ab9268889294ab249f6a1e5fb71b3e5ee88d2e8fde10ebe63a10,-223.88727,-635.21344,-558.6453,3177.5737,-1263.7571,736.4264,3017.4763,-1029.6957,544.4883,4191.1865,0
920,mvdec_dekm_consistent_v1,airpollution_mvdec_dekm_consistent_v1_2b88b20cd9b6_seed_44,2b88b20cd9b6ab9268889294ab249f6a1e5fb71b3e5ee88d2e8fde10ebe63a10,-203.13084,-576.3254,-506.85403,2883.008,-1146.601,668.1568,2737.7456,-934.24066,494.01648,3802.651,0
921,mvdec_dekm_consistent_v1,airpollution_mvdec_dekm_consistent_v1_2b88b20cd9b6_seed_44,2b88b20cd9b6ab9268889294ab249f6a1e5fb71b3e5ee88d2e8fde10ebe63a10,-182.63669,-518.1815,-455.71835,2592.17,-1030.9248,600.75037,2461.552,-839.9927,444.18512,3419.0303,0
922,mvdec_dekm_consistent_v1,airpollution_mvdec_dekm_consistent_v1_2b88b20cd9b6_seed_44,2b88b20cd9b6ab9268889294ab249f6a1e5fb71b3e5ee88d2e8fde10ebe63a10,-156.4829,-443.9807,-390.45947,2221.0063,-883.3034,514.728,2109.0813,-719.7156,380.58875,2929.4612,3
923,mvdec_dekm_consistent_v1,airpollution_mvdec_dekm_consistent_v1_2b88b20cd9b6_seed_44,2b88b20cd9b6ab9268889294ab249f6a1e5fb71b3e5ee88d2e8fde10ebe63a10,-131.50887,-373.12558,-328.14417,1866.583,-742.3406,432.58585,1772.5074,-604.8636,319.861,2461.9727,3
924,mvdec_dekm_consistent_v1,airpollution_mvdec_dekm_consistent_v1_2b88b20cd9b6_seed_44,2b88b20cd9b6ab9268889294ab249f6a1e5fb71b3e5ee88d2e8fde10ebe63a10,-108.287,-307.25577,-270.2121,1537.1262,-611.29694,356.2251,1459.6359,-498.09637,263.4162,2027.4062,3
925,mvdec_dekm_consistent_v1,airpollution_mvdec_dekm_consistent_v1_2b88b20cd9b6_seed_44,2b88b20cd9b6ab9268889294ab249f6a1e5fb71b3e5ee88d2e8fde10ebe63a10,-85.034744,-241.28482,-212.19196,1207.1292,-480.04907,279.7441,1146.2583,-391.15994,206.87341,1592.1366,3
926,mvdec_dekm_consistent_v1,airpollution_mvdec_dekm_consistent_v1_2b88b20cd9b6_seed_44,2b88b20cd9b6ab9268889294ab249f6a1e5fb71b3e5ee88d2e8fde10ebe63a10,-53.21974,-151.00877,-132.79605,755.5269,-300.44678,175.08414,717.4078,-244.82205,129.489,996.4771,3
927,mvdec_dekm_consistent_v1,airpollution_mvdec_dekm_consistent_v1_2b88b20cd9b6_seed_44,2b88b20cd9b6ab9268889294ab249f6a1e5fb71b3e5ee88d2e8fde10ebe63a10,-21.015318,-59.641766,-52.43961,298.49622,-118.6737,69.160805,283.39423,-96.719345,51.18008,393.64798,3
928,mvdec_dekm_consistent_v1,airpollution_mvdec_dekm_consistent_v1_2b88b20cd9b6_seed_44,2b88b20cd9b6ab9268889294ab249f6a1e5fb71b3e5ee88d2e8fde10ebe63a10,-9.446941,-26.820648,-23.573746,134.32138,-53.377575,31.110977,127.48822,-43.518,23.050087,177.10023,3
929,mvdec_dekm_consistent_v1,airpollution_mvdec_dekm_consistent_v1_2b88b20cd9b6_seed_44,2b88b20cd9b6ab9268889294ab249f6a1e5fb71b3e5ee88d2e8fde10ebe63a10,-38.38926,-108.93509,-95.79146,545.0618,-216.74176,126.30663,517.54663,-176.62088,93.42628,718.8739,3
930,mvdec_dekm_consistent_v1,airpollution_mvdec_dekm_consistent_v1_2b88b20cd9b6_seed_44,2b88b20cd9b6ab9268889294ab249f6a1e5fb71b3e5ee88d2e8fde10ebe63a10,-57.978798,-164.51373,-144.67145,823.0692,-327.31433,190.73923,781.55597,-266.711,141.06001,1085.5708,3
931,mvdec_dekm_consistent_v1,airpollution_mvdec_dekm_consistent_v1_2b88b20cd9b6_seed_44,2b88b20cd9b6ab9268889294ab249f6a1e5fb71b3e5ee88d2e8fde10ebe63a10,-53.14383,-150.79654,-132.60794,754.45636,-300.0254,174.83727,716.3987,-244.47687,129.30403,995.0699,3
932,mvdec_dekm_consistent_v1,airpollution_mvdec_dekm_consistent_v1_2b88b20cd9b6_seed_44,2b88b20cd9b6ab9268889294ab249f6a1e5fb71b3e5ee88d2e8fde10ebe63a10,-54.915215,-155.82213,-137.02846,779.59735,-310.02472,180.66402,740.27344,-252.62396,133.61212,1028.2312,3
933,mvdec_dekm_consistent_v1,airpollution_mvdec_dekm_consistent_v1_2b88b20cd9b6_seed_44,2b88b20cd9b6ab9268889294ab249f6a1e5fb71b3e5ee88d2e8fde10ebe63a10,-48.443,-137.45978,-120.87926,687.7466,-273.49338,159.37639,653.0486,-222.8595,117.87412,907.07916,3
934,mvdec_dekm_consistent_v1,airpollution_mvdec_dekm_consistent_v1_2b88b20cd9b6_seed_44,2b88b20cd9b6ab9268889294ab249f6a1e5fb71b3e5ee88d2e8fde10ebe63a10,-57.515446,-163.19817,-143.5174,816.4995,-324.70102,189.21643,775.3154,-264.5822,139.93596,1076.905,3
935,mvdec_dekm_consistent_v1,airpollution_mvdec_dekm_consistent_v1_2b88b20cd9b6_seed_44,2b88b20cd9b6ab9268889294ab249f6a1e5fb71b3e5ee88d2e8fde10ebe63a10,-75.50439,-214.2347,-188.40353,1071.7892,-426.23672,248.3836,1017.74915,-347.31018,183.67783,1413.6362,3
936,mvdec_dekm_consistent_v1,airpollution_mvdec_dekm_consistent_v1_2b88b20cd9b6_seed_44,2b88b20cd9b6ab9268889294ab249f6a1e5fb71b3e5ee88d2e8fde10ebe63a10,-93.462296,-265.18295,-233.21205,1326.6377,-527.5966,307.4484,1259.7634,-429.895,227.34413,1749.7848,3
937,mvdec_dekm_consistent_v1,airpollution_mvdec_dekm_consistent_v1_2b88b20cd9b6_seed_44,2b88b20cd9b6ab9268889294ab249f6a1e5fb71b3e5ee88d2e8fde10ebe63a10,-65.31928,-185.3404,-162.99036,927.2535,-368.7522,214.88564,880.4935,-300.47263,158.91191,1222.9924,3
938,mvdec_dekm_consistent_v1,airpollution_mvdec_dekm_consistent_v1_2b88b20cd9b6_seed_44,2b88b20cd9b6ab9268889294ab249f6a1e5fb71b3e5ee88d2e8fde10ebe63a10,-33.113197,-93.96739,-82.62931,470.19388,-186.96748,108.955795,446.45178,-152.36061,80.5978,620.1249,3
939,mvdec_dekm_consistent_v1,airpollution_mvdec_dekm_consistent_v1_2b88b20cd9b6_seed_44,2b88b20cd9b6ab9268889294ab249f6a1e5fb71b3e5ee88d2e8fde10ebe63a10,-0.6261829,-1.7960007,-1.5671829,9.1477165,-3.596119,2.1004372,8.623353,-2.9573221,1.6017523,11.999727,3
940,mvdec_dekm_consistent_v1,airpollution_mvdec_dekm_consistent_v1_2b88b20cd9b6_seed_44,2b88b20cd9b6ab9268889294ab249f6a1e5fb71b3e5ee88d2e8fde10ebe63a10,-32.428642,-92.02191,-80.9202,460.46213,-183.09618,106.70065,437.21002,-149.2078,78.93067,607.2891,3
941,mvdec_dekm_consistent_v1,airpollution_mvdec_dekm_consistent_v1_2b88b20cd9b6_seed_44,2b88b20cd9b6ab9268889294ab249f6a1e5fb71b3e5ee88d2e8fde10ebe63a10,-58.271866,-165.34131,-145.40526,827.2221,-328.96567,191.70222,785.49786,-268.05774,141.7735,1091.0494,3
942,mvdec_dekm_consistent_v1,airpollution_mvdec_dekm_consistent_v1_2b88b20cd9b6_seed_44,2b88b20cd9b6ab9268889294ab249f6a1e5fb71b3e5ee88d2e8fde10ebe63a10,-85.14292,-241.57849,-212.4539,1208.5636,-480.63647,280.0839,1147.6373,-391.63358,207.11278,1594.0458,3
943,mvdec_dekm_consistent_v1,airpollution_mvdec_dekm_consistent_v1_2b88b20cd9b6_seed_44,2b88b20cd9b6ab9268889294ab249f6a1e5fb71b3e5ee88d2e8fde10ebe63a10,-114.83505,-325.81998,-286.542,1629.9435,-648.23157,377.7449,1547.7987,-528.18396,279.31226,2149.853,3
944,mvdec_dekm_consistent_v1,airpollution_mvdec_dekm_consistent_v1_2b88b20cd9b6_seed_44,2b88b20cd9b6ab9268889294ab249f6a1e5fb71b3e5ee88d2e8fde10ebe63a10,-145.98416,-414.1957,-364.26514,2071.9993,-824.0506,480.19806,1967.5963,-671.43475,355.05377,2732.9329,3
945,mvdec_dekm_consistent_v1,airpollution_mvdec_dekm_consistent_v1_2b88b20cd9b6_seed_44,2b88b20cd9b6ab9268889294ab249f6a1e5fb71b3e5ee88d2e8fde10ebe63a10,-160.47772,-455.3172,-400.42975,2277.6885,-905.8596,527.8696,2162.9294,-738.0897,390.29645,3004.2415,3
946,mvdec_dekm_consistent_v1,airpollution_mvdec_dekm_consistent_v1_2b88b20cd9b6_seed_44,2b88b20cd9b6ab9268889294ab249f6a1e5fb71b3e5ee88d2e8fde10ebe63a10,-171.39378,-486.28812,-427.66785,2432.6077,-967.4756,563.7744,2310.0476,-788.292,416.84045,3208.582,3
947,mvdec_dekm_consistent_v1,airpollution_mvdec_dekm_consistent_v1_2b88b20cd9b6_seed_44,2b88b20cd9b6ab9268889294ab249f6a1e5fb71b3e5ee88d2e8fde10ebe63a10,-187.47202,-531.90497,-467.7868,2660.787,-1058.2289,616.6581,2526.7368,-862.2346,455.93723,3509.5544,0
948,mvdec_dekm_consistent_v1,airpollution_mvdec_dekm_consistent_v1_2b88b20cd9b6_seed_44,2b88b20cd9b6ab9268889294ab249f6a1e5fb71b3e5ee88d2e8fde10ebe63a10,-207.66063,-589.18335,-518.1619,2947.299,-1172.1824,683.0613,2798.8198,-955.08014,505.02878,3887.4678,0
949,mvdec_dekm_consistent_v1,airpollution_mvdec_dekm_consistent_v1_2b88b20cd9b6_seed_44,2b88b20cd9b6ab9268889294ab249f6a1e5fb71b3e5ee88d2e8fde10ebe63a10,-229.36699,-650.76715,-572.3238,3255.3481,-1294.7017,754.45575,3091.3557,-1054.9045,557.8107,4293.789,0
950,mvdec_dekm_consistent_v1,airpollution_mvdec_dekm_consistent_v1_2b88b20cd9b6_seed_44,2b88b20cd9b6ab9268889294ab249f6a1e5fb71b3e5ee88d2e8fde10ebe63a10,-252.9149,-717.5754,-631.0808,3589.5305,-1427.6151,831.9074,3408.7087,-1163.1981,615.0702,4734.58,0
951,mvdec_dekm_consistent_v1,airpollution_mvdec_dekm_consistent_v1_2b88b20cd9b6_seed_44,2b88b20cd9b6ab9268889294ab249f6a1e5fb71b3e5ee88d2e8fde10ebe63a10,-278.44623,-790.011,-694.7866,3951.8591,-1571.7234,915.8824,3752.792,-1280.6127,677.15204,5212.4976,0
952,mvdec_dekm_consistent_v1,airpollution_mvdec_dekm_consistent_v1_2b88b20cd9b6_seed_44,2b88b20cd9b6ab9268889294ab249f6a1e5fb71b3e5ee88d2e8fde10ebe63a10,-305.4634,-866.66266,-762.20044,4335.2764,-1724.2195,1004.7453,4116.9014,-1404.8611,742.8476,5718.232,0
953,mvdec_dekm_consistent_v1,airpollution_mvdec_dekm_consistent_v1_2b88b20cd9b6_seed_44,2b88b20cd9b6ab9268889294ab249f6a1e5fb71b3e5ee88d2e8fde10ebe63a10,-333.60565,-946.5056,-832.42084,4734.6567,-1883.0645,1097.3075,4496.1704,-1534.2822,811.27826,6245.021,0
954,mvdec_dekm_consistent_v1,airpollution_mvdec_dekm_consistent_v1_2b88b20cd9b6_seed_44,2b88b20cd9b6ab9268889294ab249f6a1e5fb71b3e5ee88d2e8fde10ebe63a10,-362.61014,-1028.7952,-904.79297,5146.2764,-2046.7773,1192.7065,4887.0615,-1667.6698,881.806,6787.954,0
955,mvdec_dekm_consistent_v1,airpollution_mvdec_dekm_consistent_v1_2b88b20cd9b6_seed_44,2b88b20cd9b6ab9268889294ab249f6a1e5fb71b3e5ee88d2e8fde10ebe63a10,-392.2859,-1112.9885,-978.8397,5567.421,-2214.2778,1290.3126,5286.9966,-1804.1433,953.96594,7343.448,0
956,mvdec_dekm_consistent_v1,airpollution_mvdec_dekm_consistent_v1_2b88b20cd9b6_seed_44,2b88b20cd9b6ab9268889294ab249f6a1e5fb71b3e5ee88d2e8fde10ebe63a10,-422.4911,-1198.6842,-1054.208,5996.081,-2384.7666,1389.6603,5694.069,-1943.0521,1027.4135,7908.857,0
957,mvdec_dekm_consistent_v1,airpollution_mvdec_dekm_consistent_v1_2b88b20cd9b6_seed_44,2b88b20cd9b6ab9268889294ab249f6a1e5fb71b3e5ee88d2e8fde10ebe63a10,-453.1203,-1285.5822,-1130.6334,6430.754,-2557.6472,1490.4017,6106.8516,-2083.9097,1101.8914,8482.194,2
958,mvdec_dekm_consistent_v1,airpollution_mvdec_dekm_consistent_v1_2b88b20cd9b6_seed_44,2b88b20cd9b6ab9268889294ab249f6a1e5fb71b3e5ee88d2e8fde10ebe63a10,-484.0587,-1373.3522,-1207.8257,6869.822,-2732.2612,1592.1562,6523.781,-2226.1846,1177.1268,9061.3125,2
959,mvdec_dekm_consistent_v1,airpollution_mvdec_dekm_consistent_v1_2b88b20cd9b6_seed_44,2b88b20cd9b6ab9268889294ab249f6a1e5fb71b3e5ee88d2e8fde10ebe63a10,-515.3163,-1462.0347,-1285.8201,7313.42,-2908.6929,1694.9666,6945.04,-2369.9343,1253.1335,9646.424,2
960,mvdec_dekm_consistent_v1,airpollution_mvdec_dekm_consistent_v1_2b88b20cd9b6_seed_44,2b88b20cd9b6ab9268889294ab249f6a1e5fb71b3e5ee88d2e8fde10ebe63a10,-546.8075,-1551.3799,-1364.3973,7760.3296,-3086.4424,1798.5449,7369.446,-2514.7583,1329.708,10235.906,2
961,mvdec_dekm_consistent_v1,airpollution_mvdec_dekm_consistent_v1_2b88b20cd9b6_seed_44,2b88b20cd9b6ab9268889294ab249f6a1e5fb71b3e5ee88d2e8fde10ebe63a10,-578.4924,-1641.2748,-1443.4583,8209.991,-3265.285,1902.7604,7796.4624,-2660.473,1406.7542,10829.016,2
962,mvdec_dekm_consistent_v1,airpollution_mvdec_dekm_consistent_v1_2b88b20cd9b6_seed_44,2b88b20cd9b6ab9268889294ab249f6a1e5fb71b3e5ee88d2e8fde10ebe63a10,-610.3436,-1731.6412,-1522.9335,8662.012,-3445.0667,2007.523,8225.723,-2806.9526,1484.2041,11425.239,2
963,mvdec_dekm_consistent_v1,airpollution_mvdec_dekm_consistent_v1_2b88b20cd9b6_seed_44,2b88b20cd9b6ab9268889294ab249f6a1e5fb71b3e5ee88d2e8fde10ebe63a10,-642.3352,-1822.4055,-1602.7592,9116.024,-3625.6396,2112.7468,8656.871,-2954.0771,1561.9951,12024.088,2
964,mvdec_dekm_consistent_v1,airpollution_mvdec_dekm_consistent_v1_2b88b20cd9b6_seed_44,2b88b20cd9b6ab9268889294ab249f6a1e5fb71b3e5ee88d2e8fde10ebe63a10,-674.4484,-1913.5151,-1682.8877,9571.761,-3806.9,2218.3704,9089.659,-3101.761,1640.0815,12625.213,2
965,mvdec_dekm_consistent_v1,airpollution_mvdec_dekm_consistent_v1_2b88b20cd9b6_seed_44,2b88b20cd9b6ab9268889294ab249f6a1e5fb71b3e5ee88d2e8fde10ebe63a10,-706.6626,-2004.9117,-1763.2695,10028.934,-3988.7295,2324.327,9523.809,-3249.9102,1718.4146,13228.23,2
966,mvdec_dekm_consistent_v1,airpollution_mvdec_dekm_consistent_v1_2b88b20cd9b6_seed_44,2b88b20cd9b6ab9268889294ab249f6a1e5fb71b3e5ee88d2e8fde10ebe63a10,-738.9685,-2096.568,-1843.8796,10487.407,-4171.078,2430.585,9959.197,-3398.4807,1796.9703,13832.966,2
967,mvdec_dekm_consistent_v1,airpollution_mvdec_dekm_consistent_v1_2b88b20cd9b6_seed_44,2b88b20cd9b6ab9268889294ab249f6a1e5fb71b3e5ee88d2e8fde10ebe63a10,-771.3537,-2188.4482,-1924.6864,10946.999,-4353.8706,2537.102,10395.644,-3547.414,1875.7179,14439.173,2
968,mvdec_dekm_consistent_v1,airpollution_mvdec_dekm_consistent_v1_2b88b20cd9b6_seed_44,2b88b20cd9b6ab9268889294ab249f6a1e5fb71b3e5ee88d2e8fde10ebe63a10,-803.80994,-2280.532,-2005.6713,11407.607,-4537.068,2643.8557,10833.06,-3696.6768,1954.6387,15046.724,1
969,mvdec_dekm_consistent_v1,airpollution_mvdec_dekm_consistent_v1_2b88b20cd9b6_seed_44,2b88b20cd9b6ab9268889294ab249f6a1e5fb71b3e5ee88d2e8fde10ebe63a10,-836.3259,-2372.785,-2086.8064,11869.064,-4720.6035,2750.8044,11271.28,-3846.2144,2033.7058,15655.394,1
970,mvdec_dekm_consistent_v1,airpollution_mvdec_dekm_consistent_v1_2b88b20cd9b6_seed_44,2b88b20cd9b6ab9268889294ab249f6a1e5fb71b3e5ee88d2e8fde10ebe63a10,-868.89703,-2465.1924,-2168.077,12331.294,-4904.4453,2857.9333,11710.232,-3996.0022,2112.9048,16265.081,1
971,mvdec_dekm_consistent_v1,airpollution_mvdec_dekm_consistent_v1_2b88b20cd9b6_seed_44,2b88b20cd9b6ab9268889294ab249f6a1e5fb71b3e5ee88d2e8fde10ebe63a10,-901.5155,-2557.7366,-2249.468,12794.209,-5088.559,2965.2205,12149.836,-4146.0117,2192.2217,16875.674,1
972,mvdec_dekm_consistent_v1,airpollution_mvdec_dekm_consistent_v1_2b88b20cd9b6_seed_44,2b88b20cd9b6ab9268889294ab249f6a1e5fb71b3e5ee88d2e8fde10ebe63a10,-934.17834,-2650.4058,-2330.9678,13257.749,-5272.9224,3072.6523,12590.034,-4296.224,2271.6455,17487.092,1
973,mvdec_dekm_consistent_v1,airpollution_mvdec_dekm_consistent_v1_2b88b20cd9b6_seed_44,2b88b20cd9b6ab9268889294ab249f6a1e5fb71b3e5ee88d2e8fde10ebe63a10,-966.8805,-2743.186,-2412.5664,13721.845,-5457.5063,3180.2134,13030.758,-4446.6157,2351.1638,18099.24,1
974,mvdec_dekm_consistent_v1,airpollution_mvdec_dekm_consistent_v1_2b88b20cd9b6_seed_44,2b88b20cd9b6ab9268889294ab249f6a1e5fb71b3e5ee88d2e8fde10ebe63a10,-999.6167,-2836.065,-2494.2512,14186.433,-5642.2856,3287.888,13471.951,-4597.1685,2430.768,18712.035,1
975,mvdec_dekm_consistent_v1,airpollution_mvdec_dekm_consistent_v1_2b88b20cd9b6_seed_44,2b88b20cd9b6ab9268889294ab249f6a1e5fb71b3e5ee88d2e8fde10ebe63a10,-1030.271,-2923.034,-2570.74,14621.461,-5815.3086,3388.7126,13885.071,-4738.141,2505.3064,19285.85,1
976,mvdec_dekm_consistent_v1,airpollution_mvdec_dekm_consistent_v1_2b88b20cd9b6_seed_44,2b88b20cd9b6ab9268889294ab249f6a1e5fb71b3e5ee88d2e8fde10ebe63a10,-1057.9623,-3001.5989,-2639.8357,15014.446,-5971.6104,3479.7927,14258.269,-4865.4907,2572.6416,19804.203,1
977,mvdec_dekm_consistent_v1,airpollution_mvdec_dekm_consistent_v1_2b88b20cd9b6_seed_44,2b88b20cd9b6ab9268889294ab249f6a1e5fb71b3e5ee88d2e8fde10ebe63a10,-1083.4828,-3074.0032,-2703.5142,15376.62,-6115.656,3563.731,14602.202,-4982.8535,2634.697,20281.916,1
978,mvdec_dekm_consistent_v1,airpollution_mvdec_dekm_consistent_v1_2b88b20cd9b6_seed_44,2b88b20cd9b6ab9268889294ab249f6a1e5fb71b3e5ee88d2e8fde10ebe63a10,-1109.4116,-3147.566,-2768.2124,15744.588,-6262.006,3649.013,14951.641,-5102.097,2697.7449,20767.27,1
979,mvdec_dekm_consistent_v1,airpollution_mvdec_dekm_consistent_v1_2b88b20cd9b6_seed_44,2b88b20cd9b6ab9268889294ab249f6a1e5fb71b3e5ee88d2e8fde10ebe63a10,-1135.721,-3222.2078,-2833.8586,16117.956,-6410.506,3735.5461,15306.206,-5223.088,2761.7188,21259.746,1
980,mvdec_dekm_consistent_v1,airpollution_mvdec_dekm_consistent_v1_2b88b20cd9b6_seed_44,2b88b20cd9b6ab9268889294ab249f6a1e5fb71b3e5ee88d2e8fde10ebe63a10,-386.54907,-1096.7087,-964.52216,5485.9985,-2181.8887,1271.4401,5209.666,-1777.7554,940.0159,7236.044,0
981,mvdec_dekm_consistent_v1,airpollution_mvdec_dekm_consistent_v1_2b88b20cd9b6_seed_44,2b88b20cd9b6ab9268889294ab249f6a1e5fb71b3e5ee88d2e8fde10ebe63a10,-358.30408,-1016.57434,-894.0454,5085.1567,-2022.4639,1178.5396,4829.0107,-1647.8612,871.3351,6707.3286,0
982,mvdec_dekm_consistent_v1,airpollution_mvdec_dekm_consistent_v1_2b88b20cd9b6_seed_44,2b88b20cd9b6ab9268889294ab249f6a1e5fb71b3e5ee88d2e8fde10ebe63a10,-330.94983,-938.96674,-825.79114,4696.9556,-1868.066,1088.5686,4460.361,-1522.063,804.81976,6195.287,0
983,mvdec_dekm_consistent_v1,airpollution_mvdec_dekm_consistent_v1_2b88b20cd9b6_seed_44,2b88b20cd9b6ab9268889294ab249f6a1e5fb71b3e5ee88d2e8fde10ebe63a10,-304.76218,-864.66956,-760.4479,4325.3115,-1720.2535,1002.43494,4107.433,-1401.6305,741.141,5705.084,0
984,mvdec_dekm_consistent_v1,airpollution_mvdec_dekm_consistent_v1_2b88b20cd9b6_seed_44,2b88b20cd9b6ab9268889294ab249f6a1e5fb71b3e5ee88d2e8fde10ebe63a10,-280.0731,-794.62354,-698.8437,3974.9336,-1580.8992,921.23016,3774.7012,-1288.0892,681.10626,5242.931,0
985,mvdec_dekm_consistent_v1,airpollution_mvdec_dekm_consistent_v1_2b88b20cd9b6_seed_44,2b88b20cd9b6ab9268889294ab249f6a1e5fb71b3e5ee88d2e8fde10ebe63a10,-257.30673,-730.0326,-642.03735,3651.8425,-1452.3977,846.3495,3467.881,-1183.3901,625.74713,4816.77,0
986,mvdec_dekm_consistent_v1,airpollution_mvdec_dekm_consistent_v1_2b88b20cd9b6_seed_44,2b88b20cd9b6ab9268889294ab249f6a1e5fb71b3e5ee88d2e8fde10ebe63a10,-236.95538,-672.2938,-591.25696,3363.0264,-1337.5283,779.4123,3193.611,-1089.7982,576.2605,4435.818,0
987,mvdec_dekm_consistent_v1,airpollution_mvdec_dekm_consistent_v1_2b88b20cd9b6_seed_44,2b88b20cd9b6ab9268889294ab249f6a1e5fb71b3e5ee88d2e8fde10ebe63a10,-219.74034,-623.4533,-548.30225,3118.7205,-1240.3616,722.79095,2961.609,-1010.6301,534.4003,4113.5757,0
988,mvdec_dekm_consistent_v1,airpollution_mvdec_dekm_consistent_v1_2b88b20cd9b6_seed_44,2b88b20cd9b6ab9268889294ab249f6a1e5fb71b3e5ee88d2e8fde10ebe63a10,-206.35065,-585.4801,-514.90497,2928.8079,-1164.816,678.7706,2781.252,-949.0821,501.8666,3863.0686,0
989,mvdec_dekm_consistent_v1,airpollution_mvdec_dekm_consistent_v1_2b88b20cd9b6_seed_44,2b88b20cd9b6ab9268889294ab249f6a1e5fb71b3e5ee88d2e8fde10ebe63a10,-197.31088,-559.83374,-492.3493,2800.5227,-1113.7937,649.03864,2659.4272,-907.51086,479.8858,3693.8582,0
990,mvdec_dekm_consistent_v1,airpollution_mvdec_dekm_consistent_v1_2b88b20cd9b6_seed_44,2b88b20cd9b6ab9268889294ab249f6a1e5fb71b3e5ee88d2e8fde10ebe63a10,-177.18253,-502.727,-442.1254,2514.8716,-1000.1821,582.8348,2388.1611,-814.9442,430.94235,3317.0798,3
991,mvdec_dekm_consistent_v1,airpollution_mvdec_dekm_consistent_v1_2b88b20cd9b6_seed_44,2b88b20cd9b6ab9268889294ab249f6a1e5fb71b3e5ee88d2e8fde10ebe63a10,-156.48526,-443.9922,-390.47034,2221.046,-883.33014,514.7411,2109.1377,-719.7339,380.59262,2929.5276,3
992,mvdec_dekm_consistent_v1,airpollution_mvdec_dekm_consistent_v1_2b88b20cd9b6_seed_44,2b88b20cd9b6ab9268889294ab249f6a1e5fb71b3e5ee88d2e8fde10ebe63a10,-136.34816,-386.86148,-340.22543,1935.2815,-769.67084,448.51038,1837.7607,-627.1294,331.63055,2552.5977,3
993,mvdec_dekm_consistent_v1,airpollution_mvdec_dekm_consistent_v1_2b88b20cd9b6_seed_44,2b88b20cd9b6ab9268889294ab249f6a1e5fb71b3e5ee88d2e8fde10ebe63a10,-109.92227,-311.88788,-274.287,1560.2518,-620.51263,361.5924,1481.6189,-505.59976,267.3712,2057.9294,3
994,mvdec_dekm_consistent_v1,airpollution_mvdec_dekm_consistent_v1_2b88b20cd9b6_seed_44,2b88b20cd9b6ab9268889294ab249f6a1e5fb71b3e5ee88d2e8fde10ebe63a10,-84.530396,-239.84743,-210.92863,1199.896,-477.19083,278.0754,1139.4121,-388.82547,205.62645,1582.6163,3
995,mvdec_dekm_consistent_v1,airpollution_mvdec_dekm_consistent_v1_2b88b20cd9b6_seed_44,2b88b20cd9b6ab9268889294ab249f6a1e5fb71b3e5ee88d2e8fde10ebe63a10,-61.33513,-174.04007,-153.05138,870.7103,-346.26685,201.78235,826.8077,-282.1524,149.22194,1148.4187,3
996,mvdec_dekm_consistent_v1,airpollution_mvdec_dekm_consistent_v1_2b88b20cd9b6_seed_44,2b88b20cd9b6ab9268889294ab249f6a1e5fb71b3e5ee88d2e8fde10ebe63a10,-38.0785,-108.0571,-95.02139,540.66,-214.99661,125.288475,513.3777,-175.19809,92.670876,713.0772,3
997,mvdec_dekm_consistent_v1,airpollution_mvdec_dekm_consistent_v1_2b88b20cd9b6_seed_44,2b88b20cd9b6ab9268889294ab249f6a1e5fb71b3e5ee88d2e8fde10ebe63a10,-15.483761,-43.952873,-38.64276,220.00427,-87.46187,50.971485,208.86884,-71.287704,37.72952,290.12738,3
998,mvdec_dekm_consistent_v1,airpollution_mvdec_dekm_consistent_v1_2b88b20cd9b6_seed_44,2b88b20cd9b6ab9268889294ab249f6a1e5fb71b3e5ee88d2e8fde10ebe63a10,-16.588058,-47.085163,-41.397854,235.67302,-93.693344,54.602936,223.74768,-76.3651,40.41432,310.7941,3
999,mvdec_dekm_consistent_v1,airpollution_mvdec_dekm_consistent_v1_2b88b20cd9b6_seed_44,2b88b20cd9b6ab9268889294ab249f6a1e5fb71b3e5ee88d2e8fde10ebe63a10,-23.944382,-67.95464,-59.75212,340.06158,-135.21332,78.79732,322.8808,-110.19331,58.299297,448.48483,3
1000,mvdec_dekm_consistent_v1,airpollution_mvdec_dekm_consistent_v1_2b88b20cd9b6_seed_44,2b88b20cd9b6ab9268889294ab249f6a1e5fb71b3e5ee88d2e8fde10ebe63a10,-25.525957,-72.44071,-63.697678,362.5021,-144.13861,83.998344,344.1908,-117.46525,62.144093,478.08383,3
1001,mvdec_dekm_consistent_v1,airpollution_mvdec_dekm_consistent_v1_2b88b20cd9b6_seed_44,2b88b20cd9b6ab9268889294ab249f6a1e5fb71b3e5ee88d2e8fde10ebe63a10,-20.079247,-56.981407,-50.10244,285.20447,-113.3827,66.078735,270.7622,-92.41045,48.904205,376.10968,3
1002,mvdec_dekm_consistent_v1,airpollution_mvdec_dekm_consistent_v1_2b88b20cd9b6_seed_44,2b88b20cd9b6ab9268889294ab249f6a1e5fb71b3e5ee88d2e8fde10ebe63a10,-22.076807,-62.64923,-55.087006,313.55334,-124.65859,72.649315,297.68494,-101.59735,53.76124,413.50317,3
1003,mvdec_dekm_consistent_v1,airpollution_mvdec_dekm_consistent_v1_2b88b20cd9b6_seed_44,2b88b20cd9b6ab9268889294ab249f6a1e5fb71b3e5ee88d2e8fde10ebe63a10,-15.223686,-43.20495,-37.98733,216.2969,-85.976906,50.108616,205.32535,-70.08095,37.098072,285.22046,3
1004,mvdec_dekm_consistent_v1,airpollution_mvdec_dekm_consistent_v1_2b88b20cd9b6_seed_44,2b88b20cd9b6ab9268889294ab249f6a1e5fb71b3e5ee88d2e8fde10ebe63a10,-29.29597,-83.13022,-73.10138,416.00772,-165.40761,96.39472,394.97922,-134.79826,71.316986,548.6419,3
1005,mvdec_dekm_consistent_v1,airpollution_mvdec_dekm_consistent_v1_2b88b20cd9b6_seed_44,2b88b20cd9b6ab9268889294ab249f6a1e5fb71b3e5ee88d2e8fde10ebe63a10,-46.65323,-132.37572,-116.41111,662.3333,-263.37915,153.48462,628.9025,-214.62166,113.52223,873.5504,3
1006,mvdec_dekm_consistent_v1,airpollution_mvdec_dekm_consistent_v1_2b88b20cd9b6_seed_44,2b88b20cd9b6ab9268889294ab249f6a1e5fb71b3e5ee88d2e8fde10ebe63a10,-71.44497,-202.71278,-178.27185,1014.1682,-403.31354,235.02744,963.01917,-328.6354,173.80669,1337.6259,3
1007,mvdec_dekm_consistent_v1,airpollution_mvdec_dekm_consistent_v1_2b88b20cd9b6_seed_44,2b88b20cd9b6ab9268889294ab249f6a1e5fb71b3e5ee88d2e8fde10ebe63a10,-50.216072,-142.4876,-125.302124,712.9074,-283.4964,165.20639,676.9333,-231.01057,122.18636,940.2605,3
1008,mvdec_dekm_consistent_v1,airpollution_mvdec_dekm_consistent_v1_2b88b20cd9b6_seed_44,2b88b20cd9b6ab9268889294ab249f6a1e5fb71b3e5ee88d2e8fde10ebe63a10,-19.353893,-54.925156,-48.29308,274.90695,-109.292046,63.694073,260.99216,-89.07553,47.13821,362.53345,3
1009,mvdec_dekm_consistent_v1,airpollution_mvdec_dekm_consistent_v1_2b88b20cd9b6_seed_44,2b88b20cd9b6ab9268889294ab249f6a1e5fb71b3e5ee88d2e8fde10ebe63a10,-8.675983,-24.6334,-21.650377,123.38357,-49.028793,28.576334,117.10117,-39.97351,21.175468,162.67334,3
1010,mvdec_dekm_consistent_v1,airpollution_mvdec_dekm_consistent_v1_2b88b20cd9b6_seed_44,2b88b20cd9b6ab9268889294ab249f6a1e5fb71b3e5ee88d2e8fde10ebe63a10,-37.32689,-105.91818,-93.13992,529.9751,-210.741,122.81028,503.218,-171.73203,90.84157,698.9736,3
1011,mvdec_dekm_consistent_v1,airpollution_mvdec_dekm_consistent_v1_2b88b20cd9b6_seed_44,2b88b20cd9b6ab9268889294ab249f6a1e5fb71b3e5ee88d2e8fde10ebe63a10,-68.94142,-195.61226,-172.02524,978.63904,-389.1865,226.79439,929.28644,-317.12347,167.7174,1290.767,3
1012,mvdec_dekm_consistent_v1,airpollution_mvdec_dekm_consistent_v1_2b88b20cd9b6_seed_44,2b88b20cd9b6ab9268889294ab249f6a1e5fb71b3e5ee88d2e8fde10ebe63a10,-101.39273,-287.6813,-252.99799,1439.1759,-572.3551,333.53055,1366.6321,-466.3627,246.62663,1898.2224,3
1013,mvdec_dekm_consistent_v1,airpollution_mvdec_dekm_consistent_v1_2b88b20cd9b6_seed_44,2b88b20cd9b6ab9268889294ab249f6a1e5fb71b3e5ee88d2e8fde10ebe63a10,-111.223045,-315.57147,-277.52673,1578.6843,-627.84174,365.8637,1499.1158,-511.5712,270.5302,2082.2368,3
1014,mvdec_dekm_consistent_v1,airpollution_mvdec_dekm_consistent_v1_2b88b20cd9b6_seed_44,2b88b20cd9b6ab9268889294ab249f6a1e5fb71b3e5ee88d2e8fde10ebe63a10,-117.12439,-332.31583,-292.25165,1662.433,-661.1523,385.27417,1578.6503,-538.71094,284.87866,2192.7046,3
1015,mvdec_dekm_consistent_v1,airpollution_mvdec_dekm_consistent_v1_2b88b20cd9b6_seed_44,2b88b20cd9b6ab9268889294ab249f6a1e5fb71b3e5ee88d2e8fde10ebe63a10,-128.5286,-364.6718,-320.70752,1824.2765,-725.5228,422.78403,1732.3453,-591.1575,312.60864,2406.1797,3
1016,mvdec_dekm_consistent_v1,airpollution_mvdec_dekm_consistent_v1_2b88b20cd9b6_seed_44,2b88b20cd9b6ab9268889294ab249f6a1e5fb71b3e5ee88d2e8fde10ebe63a10,-141.7203,-402.0985,-353.62384,2011.4883,-799.9823,466.17307,1910.1298,-651.82446,344.68582,2653.1147,3
1017,mvdec_dekm_consistent_v1,airpollution_mvdec_dekm_consistent_v1_2b88b20cd9b6_seed_44,2b88b20cd9b6ab9268889294ab249f6a1e5fb71b3e5ee88d2e8fde10ebe63a10,-160.79128,-456.20526,-401.2099,2282.1355,-907.6259,528.8995,2167.148,-739.52905,391.05902,3010.1033,3
1018,mvdec_dekm_consistent_v1,airpollution_mvdec_dekm_consistent_v1_2b88b20cd9b6_seed_44,2b88b20cd9b6ab9268889294ab249f6a1e5fb71b3e5ee88d2e8fde10ebe63a10,-182.42648,-517.5868,-455.1942,2589.1716,-1029.7428,600.05963,2458.7222,-839.0257,443.6673,3415.088,0
1019,mvdec_dekm_consistent_v1,airpollution_mvdec_dekm_consistent_v1_2b88b20cd9b6_seed_44,2b88b20cd9b6ab9268889294ab249f6a1e5fb71b3e5ee88d2e8fde10ebe63a10,-205.97762,-584.4042,-513.9593,2923.3992,-1162.6741,677.52167,2776.118,-947.3337,500.9345,3855.9395,0
1020,mvdec_dekm_consistent_v1,airpollution_mvdec_dekm_consistent_v1_2b88b20cd9b6_seed_44,2b88b20cd9b6ab9268889294ab249f6a1e5fb71b3e5ee88d2e8fde10ebe63a10,-231.91177,-657.9823,-578.6702,3291.4436,-1309.0553,762.82117,3125.628,-1066.6002,563.9961,4341.396,0
1021,mvdec_dekm_consistent_v1,airpollution_mvdec_dekm_consistent_v1_2b88b20cd9b6_seed_44,2b88b20cd9b6ab9268889294ab249f6a1e5fb71b3e5ee88d2e8fde10ebe63a10,-259.5161,-736.2999,-647.5491,3683.1956,-1464.8657,853.61523,3497.652,-1193.5492,631.1195,4858.122,0
1022,mvdec_dekm_consistent_v1,airpollution_mvdec_dekm_consistent_v1_2b88b20cd9b6_seed_44,2b88b20cd9b6ab9268889294ab249f6a1e5fb71b3e5ee88d2e8fde10ebe63a10,-288.31155,-817.9967,-719.39984,4091.8506,-1627.3994,948.3271,3885.7285,-1325.9761,701.1394,5397.1455,0
1023,mvdec_dekm_consistent_v1,airpollution_mvdec_dekm_consistent_v1_2b88b20cd9b6_seed_44,2b88b20cd9b6ab9268889294ab249f6a1e5fb71b3e5ee88d2e8fde10ebe63a10,-317.97412,-902.15405,-793.41473,4512.814,-1794.8281,1045.8912,4285.493,-1462.3914,773.26794,5952.402,0
1024,mvdec_dekm_consistent_v1,airpollution_mvdec_dekm_consistent_v1_2b88b20cd9b6_seed_44,2b88b20cd9b6ab9268889294ab249f6a1e5fb71b3e5ee88d2e8fde10ebe63a10,-348.28345,-988.1452,-869.0423,4942.9478,-1965.9052,1145.5812,4693.968,-1601.7786,846.968,6519.7563,0
1025,mvdec_dekm_consistent_v1,airpollution_mvdec_dekm_consistent_v1_2b88b20cd9b6_seed_44,2b88b20cd9b6ab9268889294ab249f6a1e5fb71b3e5ee88d2e8fde10ebe63a10,-379.08298,-1075.5284,-945.8941,5380.0454,-2139.7512,1246.8853,5109.054,-1743.4224,921.8612,7096.295,0
1026,mvdec_dekm_consistent_v1,airpollution_mvdec_dekm_consistent_v1_2b88b20cd9b6_seed_44,2b88b20cd9b6ab9268889294ab249f6a1e5fb71b3e5ee88d2e8fde10ebe63a10,-410.26312,-1163.9899,-1023.69446,5822.5376,-2315.7427,1349.4391,5529.263,-1886.8142,997.67834,7679.9497,0
1027,mvdec_dekm_consistent_v1,airpollution_mvdec_dekm_consistent_v1_2b88b20cd9b6_seed_44,2b88b20cd9b6ab9268889294ab249f6a1e5fb71b3e5ee88d2e8fde10ebe63a10,-441.74277,-1253.302,-1102.243,6269.2856,-2493.4268,1452.9794,5953.5146,-2031.585,1074.2251,8269.216,0
1028,mvdec_dekm_consistent_v1,airpollution_mvdec_dekm_consistent_v1_2b88b20cd9b6_seed_44,2b88b20cd9b6ab9268889294ab249f6a1e5fb71b3e5ee88d2e8fde10ebe63a10,-473.463,-1343.2975,-1181.3921,6719.45,-2672.4697,1557.3114,6381.009,-2177.463,1151.3568,8862.99,2
1029,mvdec_dekm_consistent_v1,airpollution_mvdec_dekm_consistent_v1_2b88b20cd9b6_seed_44,2b88b20cd9b6ab9268889294ab249f6a1e5fb71b3e5ee88d2e8fde10ebe63a10,-505.37762,-1433.8445,-1261.0262,7172.376,-2852.6113,1662.2833,6811.127,-2324.2354,1228.9622,9460.406,2
1030,mvdec_dekm_consistent_v1,airpollution_mvdec_dekm_consistent_v1_2b88b20cd9b6_seed_44,2b88b20cd9b6ab9268889294ab249f6a1e5fb71b3e5ee88d2e8fde10ebe63a10,-537.45245,-1524.8457,-1341.0596,7627.571,-3033.655,1767.7815,7243.4,-2471.744,1306.9562,10060.815,2
1031,mvdec_dekm_consistent_v1,airpollution_mvdec_dekm_consistent_v1_2b88b20cd9b6_seed_44,2b88b20cd9b6ab9268889294ab249f6a1e5fb71b3e5ee88d2e8fde10ebe63a10,-569.65955,-1616.2229,-1421.424,8084.65,-3215.4473,1873.7153,7677.461,-2619.8623,1385.2732,10663.708,2
1032,mvdec_dekm_consistent_v1,airpollution_mvdec_dekm_consistent_v1_2b88b20cd9b6_seed_44,2b88b20cd9b6ab9268889294ab249f6a1e5fb71b3e5ee88d2e8fde10ebe63a10,-601.97736,-1707.9126,-1502.0636,8543.292,-3397.8613,1980.0122,8113.005,-2768.4868,1463.8578,11268.664,2
1033,mvdec_dekm_consistent_v1,airpollution_mvdec_dekm_consistent_v1_2b88b20cd9b6_seed_44,2b88b20cd9b6ab9268889294ab249f6a1e5fb71b3e5ee88d2e8fde10ebe63a10,-634.3899,-1799.8713,-1582.9393,9003.279,-3580.81,2086.6204,8549.827,-2917.547,1542.6735,11875.393,2
1034,mvdec_dekm_consistent_v1,airpollution_mvdec_dekm_consistent_v1_2b88b20cd9b6_seed_44,2b88b20cd9b6ab9268889294ab249f6a1e5fb71b3e5ee88d2e8fde10ebe63a10,-666.8823,-1892.0576,-1664.015,9464.403,-3764.2114,2193.4924,8987.7295,-3066.977,1621.6838,12483.622,2
1035,mvdec_dekm_consistent_v1,airpollution_mvdec_dekm_consistent_v1_2b88b20cd9b6_seed_44,2b88b20cd9b6ab9268889294ab249f6a1e5fb71b3e5ee88d2e8fde10ebe63a10,-699.44714,-1984.447,-1745.2703,9926.547,-3948.018,2300.6008,9426.598,-3216.736,1700.8679,13093.193,2
1036,mvdec_dekm_consistent_v1,airpollution_mvdec_dekm_consistent_v1_2b88b20cd9b6_seed_44,2b88b20cd9b6ab9268889294ab249f6a1e5fb71b3e5ee88d2e8fde10ebe63a10,-732.07227,-2077.01,-1826.6777,10389.554,-4132.1694,2407.9092,9866.29,-3366.7756,1780.2006,13703.909,2
1037,mvdec_dekm_consistent_v1,airpollution_mvdec_dekm_consistent_v1_2b88b20cd9b6_seed_44,2b88b20cd9b6ab9268889294ab249f6a1e5fb71b3e5ee88d2e8fde10ebe63a10,-764.74963,-2169.7188,-1908.213,10853.291,-4316.6104,2515.387,10306.673,-3517.0522,1859.6584,14315.584,2
1038,mvdec_dekm_consistent_v1,airpollution_mvdec_dekm_consistent_v1_2b88b20cd9b6_seed_44,2b88b20cd9b6ab9268889294ab249f6a1e5fb71b3e5ee88d2e8fde10ebe63a10,-797.4716,-2262.5554,-1989.8618,11317.67,-4501.3057,2623.014,10747.666,-3667.5364,1939.2263,14928.107,1
1039,mvdec_dekm_consistent_v1,airpollution_mvdec_dekm_consistent_v1_2b88b20cd9b6_seed_44,2b88b20cd9b6ab9268889294ab249f6a1e5fb71b3e5ee88d2e8fde10ebe63a10,-830.2346,-2355.5066,-2071.6108,11782.623,-4686.23,2730.7727,11189.204,-3818.206,2018.8922,15541.385,1
1040,mvdec_dekm_consistent_v1,airpollution_mvdec_dekm_consistent_v1_2b88b20cd9b6_seed_44,2b88b20cd9b6ab9268889294ab249f6a1e5fb71b3e5ee88d2e8fde10ebe63a10,-863.0332,-2448.559,-2153.4497,12248.082,-4871.3545,2838.65,11631.222,-3969.0408,2098.6458,16155.331,1
1041,mvdec_dekm_consistent_v1,airpollution_mvdec_dekm_consistent_v1_2b88b20cd9b6_seed_44,2b88b20cd9b6ab9268889294ab249f6a1e5fb71b3e5ee88d2e8fde10ebe63a10,-895.8634,-2541.7026,-2235.368,12713.996,-5056.6606,2946.6318,12073.672,-4120.022,2178.4766,16769.879,1
1042,mvdec_dekm_consistent_v1,airpollution_mvdec_dekm_consistent_v1_2b88b20cd9b6_seed_44,2b88b20cd9b6ab9268889294ab249f6a1e5fb71b3e5ee88d2e8fde10ebe63a10,-926.0609,-2627.3767,-2310.7168,13142.548,-5227.106,3045.954,12480.641,-4258.895,2251.9058,17335.145,1
1043,mvdec_dekm_consistent_v1,airpollution_mvdec_dekm_consistent_v1_2b88b20cd9b6_seed_44,2b88b20cd9b6ab9268889294ab249f6a1e5fb71b3e5ee88d2e8fde10ebe63a10,-955.95154,-2712.173,-2385.2944,13566.731,-5395.8057,3144.2615,12883.444,-4396.3486,2324.5896,17894.635,1
1044,mvdec_dekm_consistent_v1,airpollution_mvdec_dekm_consistent_v1_2b88b20cd9b6_seed_44,2b88b20cd9b6ab9268889294ab249f6a1e5fb71b3e5ee88d2e8fde10ebe63a10,-985.9436,-2797.266,-2460.1313,13992.371,-5565.095,3242.9102,13287.648,-4534.2803,2397.519,18456.06,1
1045,mvdec_dekm_consistent_v1,airpollution_mvdec_dekm_consistent_v1_2b88b20cd9b6_seed_44,2b88b20cd9b6ab9268889294ab249f6a1e5fb71b3e5ee88d2e8fde10ebe63a10,-1011.1028,-2868.6475,-2522.91,14349.427,-5707.107,3325.6628,13626.724,-4649.985,2458.6975,18927.02,1
1046,mvdec_dekm_consistent_v1,airpollution_mvdec_dekm_consistent_v1_2b88b20cd9b6_seed_44,2b88b20cd9b6ab9268889294ab249f6a1e5fb71b3e5ee88d2e8fde10ebe63a10,-1036.7122,-2941.3037,-2586.8096,14712.859,-5851.654,3409.8933,13971.856,-4767.7563,2520.9688,19406.395,1
1047,mvdec_dekm_consistent_v1,airpollution_mvdec_dekm_consistent_v1_2b88b20cd9b6_seed_44,2b88b20cd9b6ab9268889294ab249f6a1e5fb71b3e5ee88d2e8fde10ebe63a10,-1062.7437,-3015.1577,-2651.7634,15082.284,-5998.584,3495.5127,14322.678,-4887.471,2584.2666,19893.676,1
1048,mvdec_dekm_consistent_v1,airpollution_mvdec_dekm_consistent_v1_2b88b20cd9b6_seed_44,2b88b20cd9b6ab9268889294ab249f6a1e5fb71b3e5ee88d2e8fde10ebe63a10,-1089.1633,-3090.1155,-2717.687,15457.2295,-6147.711,3582.412,14678.742,-5008.9736,2648.5105,20388.232,1
1049,mvdec_dekm_consistent_v1,airpollution_mvdec_dekm_consistent_v1_2b88b20cd9b6_seed_44,2b88b20cd9b6ab9268889294ab249f6a1e5fb71b3e5ee88d2e8fde10ebe63a10,-1115.5857,-3165.079,-2783.6162,15832.202,-6296.849,3669.318,15034.832,-5130.4863,2712.7588,20882.83,1
1050,mvdec_dekm_consistent_v1,airpollution_mvdec_dekm_consistent_v1_2b88b20cd9b6_seed_44,2b88b20cd9b6ab9268889294ab249f6a1e5fb71b3e5ee88d2e8fde10ebe63a10,-370.79065,-1051.9982,-925.19977,5262.359,-2092.9375,1219.6074,4997.282,-1705.282,901.69836,6941.0557,0
1051,mvdec_dekm_consistent_v1,airpollution_mvdec_dekm_consistent_v1_2b88b20cd9b6_seed_44,2b88b20cd9b6ab9268889294ab249f6a1e5fb71b3e5ee88d2e8fde10ebe63a10,-341.2456,-968.17535,-851.4789,4843.0674,-1926.1746,1122.4309,4599.107,-1569.4089,829.8556,6388.004,0
1052,mvdec_dekm_consistent_v1,airpollution_mvdec_dekm_consistent_v1_2b88b20cd9b6_seed_44,2b88b20cd9b6ab9268889294ab249f6a1e5fb71b3e5ee88d2e8fde10ebe63a10,-312.44238,-886.4569,-779.6088,4434.3013,-1763.5984,1027.6937,4210.9272,-1436.9471,759.8167,5848.838,0
1053,mvdec_dekm_consistent_v1,airpollution_mvdec_dekm_consistent_v1_2b88b20cd9b6_seed_44,2b88b20cd9b6ab9268889294ab249f6a1e5fb71b3e5ee88d2e8fde10ebe63a10,-284.58713,-807.42847,-710.1044,4038.992,-1606.3738,936.07544,3835.5266,-1308.8453,692.0833,5327.42,0
1054,mvdec_dekm_consistent_v1,airpollution_mvdec_dekm_consistent_v1_2b88b20cd9b6_seed_44,2b88b20cd9b6ab9268889294ab249f6a1e5fb71b3e5ee88d2e8fde10ebe63a10,-257.97516,-731.9271,-643.7024,3661.3254,-1456.166,848.5461,3476.8806,-1186.4609,627.3729,4829.2725,0
1055,mvdec_dekm_consistent_v1,airpollution_mvdec_dekm_consistent_v1_2b88b20cd9b6_seed_44,2b88b20cd9b6ab9268889294ab249f6a1e5fb71b3e5ee88d2e8fde10ebe63a10,-233.06784,-661.26215,-581.5539,3307.8528,-1315.5798,766.62354,3141.2078,-1071.9163,566.8084,4363.036,0
1056,mvdec_dekm_consistent_v1,airpollution_mvdec_dekm_consistent_v1_2b88b20cd9b6_seed_44,2b88b20cd9b6ab9268889294ab249f6a1e5fb71b3e5ee88d2e8fde10ebe63a10,-210.45505,-597.1071,-525.1307,2986.9417,-1187.9452,692.248,2836.4587,-967.9241,511.8226,3939.7517,0
1057,mvdec_dekm_consistent_v1,airpollution_mvdec_dekm_consistent_v1_2b88b20cd9b6_seed_44,2b88b20cd9b6ab9268889294ab249f6a1e5fb71b3e5ee88d2e8fde10ebe63a10,-190.89651,-541.61707,-476.3283,2709.3743,-1077.5494,627.91797,2572.8699,-877.9773,464.2635,3573.6365,0
1058,mvdec_dekm_consistent_v1,airpollution_mvdec_dekm_consistent_v1_2b88b20cd9b6_seed_44,2b88b20cd9b6ab9268889294ab249f6a1e5fb71b3e5ee88d2e8fde10ebe63a10,-175.4082,-497.6747,-437.68204,2489.5696,-990.12805,576.9754,2364.1355,-806.749,426.6012,3283.7114,3
1059,mvdec_dekm_consistent_v1,airpollution_mvdec_dekm_consistent_v1_2b88b20cd9b6_seed_44,2b88b20cd9b6ab9268889294ab249f6a1e5fb71b3e5ee88d2e8fde10ebe63a10,-165.14568,-468.55768,-412.075,2343.9265,-932.2016,543.22046,2225.826,-759.5526,401.64685,3091.6055,3
1060,mvdec_dekm_consistent_v1,airpollution_mvdec_dekm_consistent_v1_2b88b20cd9b6_seed_44,2b88b20cd9b6ab9268889294ab249f6a1e5fb71b3e5ee88d2e8fde10ebe63a10,-151.35468,-429.42993,-377.66394,2148.2087,-854.359,497.86017,2039.9635,-696.1296,368.11258,2833.4507,3
1061,mvdec_dekm_consistent_v1,airpollution_mvdec_dekm_consistent_v1_2b88b20cd9b6_seed_44,2b88b20cd9b6ab9268889294ab249f6a1e5fb71b3e5ee88d2e8fde10ebe63a10,-130.65665,-370.70782,-326.0187,1854.4727,-737.5316,429.7825,1761.0199,-600.94305,317.7834,2446.0093,3
1062,mvdec_dekm_consistent_v1,airpollution_mvdec_dekm_consistent_v1_2b88b20cd9b6_seed_44,2b88b20cd9b6ab9268889294ab249f6a1e5fb71b3e5ee88d2e8fde10ebe63a10,-109.912735,-311.856,-274.25967,1560.0953,-620.4483,361.55615,1481.4662,-505.548,267.34488,2057.7202,3
1063,mvdec_dekm_consistent_v1,airpollution_mvdec_dekm_consistent_v1_2b88b20cd9b6_seed_44,2b88b20cd9b6ab9268889294ab249f6a1e5fb71b3e5ee88d2e8fde10ebe63a10,-90.39569,-256.48444,-225.56023,1283.1096,-510.28674,297.3614,1218.4336,-415.7909,219.88399,1692.3754,3
1064,mvdec_dekm_consistent_v1,airpollution_mvdec_dekm_consistent_v1_2b88b20cd9b6_seed_44,2b88b20cd9b6ab9268889294ab249f6a1e5fb71b3e5ee88d2e8fde10ebe63a10,-63.414513,-179.93547,-158.23746,900.21216,-357.99768,208.6196,854.818,-291.71103,154.27802,1187.3275,3
1065,mvdec_dekm_consistent_v1,airpollution_mvdec_dekm_consistent_v1_2b88b20cd9b6_seed_44,2b88b20cd9b6ab9268889294ab249f6a1e5fb71b3e5ee88d2e8fde10ebe63a10,-37.529823,-106.49729,-93.64974,532.86475,-211.89517,123.48216,505.97208,-172.67108,91.335266,702.79236,3
1066,mvdec_dekm_consistent_v1,airpollution_mvdec_dekm_consistent_v1_2b88b20cd9b6_seed_44,2b88b20cd9b6ab9268889294ab249f6a1e5fb71b3e5ee88d2e8fde10ebe63a10,-14.352361,-40.73958,-35.817272,203.93849,-81.0721,47.24869,193.61038,-66.08109,34.97676,268.9347,3
1067,mvdec_dekm_consistent_v1,airpollution_mvdec_dekm_consistent_v1_2b88b20cd9b6_seed_44,2b88b20cd9b6ab9268889294ab249f6a1e5fb71b3e5ee88d2e8fde10ebe63a10,-6.8560443,-19.47174,-17.11227,97.55198,-38.759373,22.592089,92.58228,-31.606207,16.748213,128.61041,3
1068,mvdec_dekm_consistent_v1,airpollution_mvdec_dekm_consistent_v1_2b88b20cd9b6_seed_44,2b88b20cd9b6ab9268889294ab249f6a1e5fb71b3e5ee88d2e8fde10ebe63a10,-8.1806755,-23.229145,-20.417547,116.34363,-46.23422,26.947363,110.428314,-37.696342,19.967968,153.39804,3
1069,mvdec_dekm_consistent_v1,airpollution_mvdec_dekm_consistent_v1_2b88b20cd9b6_seed_44,2b88b20cd9b6ab9268889294ab249f6a1e5fb71b3e5ee88d2e8fde10ebe63a10,-11.220469,-31.853666,-28.002266,159.48145,-63.393333,36.945854,151.39642,-51.676117,27.358276,210.29898,3
1070,mvdec_dekm_consistent_v1,airpollution_mvdec_dekm_consistent_v1_2b88b20cd9b6_seed_44,2b88b20cd9b6ab9268889294ab249f6a1e5fb71b3e5ee88d2e8fde10ebe63a10,-10.01453,-28.432737,-24.993948,142.37227,-56.58857,32.980396,135.1487,-46.131824,24.42717,187.73172,3
1071,mvdec_dekm_consistent_v1,airpollution_mvdec_dekm_consistent_v1_2b88b20cd9b6_seed_44,2b88b20cd9b6ab9268889294ab249f6a1e5fb71b3e5ee88d2e8fde10ebe63a10,-12.49018,-35.4577,-31.171894,177.51103,-70.564514,41.124275,168.51862,-57.5188,30.447786,234.0805,3
1072,mvdec_dekm_consistent_v1,airpollution_mvdec_dekm_consistent_v1_2b88b20cd9b6_seed_44,2b88b20cd9b6ab9268889294ab249f6a1e5fb71b3e5ee88d2e8fde10ebe63a10,-8.380535,-23.798714,-20.917753,119.19215,-47.369602,27.607841,113.13684,-38.620316,20.4554,157.15724,3
1073,mvdec_dekm_consistent_v1,airpollution_mvdec_dekm_consistent_v1_2b88b20cd9b6_seed_44,2b88b20cd9b6ab9268889294ab249f6a1e5fb71b3e5ee88d2e8fde10ebe63a10,-16.587807,-47.08436,-41.397076,235.66962,-93.69535,54.60303,223.74786,-76.36515,40.412846,310.7917,3
1074,mvdec_dekm_consistent_v1,airpollution_mvdec_dekm_consistent_v1_2b88b20cd9b6_seed_44,2b88b20cd9b6ab9268889294ab249f6a1e5fb71b3e5ee88d2e8fde10ebe63a10,-1.9928858,-5.676932,-4.9801817,28.553843,-11.318129,6.6003046,27.060432,-9.24776,4.9259124,37.60141,3
1075,mvdec_dekm_consistent_v1,airpollution_mvdec_dekm_consistent_v1_2b88b20cd9b6_seed_44,2b88b20cd9b6ab9268889294ab249f6a1e5fb71b3e5ee88d2e8fde10ebe63a10,-27.020546,-76.68433,-67.42993,383.7457,-152.58589,88.921265,364.36234,-124.34812,65.78562,506.10156,3
1076,mvdec_dekm_consistent_v1,airpollution_mvdec_dekm_consistent_v1_2b88b20cd9b6_seed_44,2b88b20cd9b6ab9268889294ab249f6a1e5fb71b3e5ee88d2e8fde10ebe63a10,-59.69966,-169.39952,-148.97108,847.5177,-337.03995,196.4067,804.77814,-274.6352,145.24947,1117.8225,3
1077,mvdec_dekm_consistent_v1,airpollution_mvdec_dekm_consistent_v1_2b88b20cd9b6_seed_44,2b88b20cd9b6ab9268889294ab249f6a1e5fb71b3e5ee88d2e8fde10ebe63a10,-42.211918,-119.78766,-105.33648,599.34717,-238.3382,138.8896,569.10767,-194.21457,102.72648,790.4838,3
1078,mvdec_dekm_consistent_v1,airpollution_mvdec_dekm_consistent_v1_2b88b20cd9b6_seed_44,2b88b20cd9b6ab9268889294ab249f6a1e5fb71b3e5ee88d2e8fde10ebe63a10,-10.920832,-31.009483,-27.257736,155.26506,-61.715897,35.967205,147.39053,-50.30848,26.636326,204.73526,3
1079,mvdec_dekm_consistent_v1,airpollution_mvdec_dekm_consistent_v1_2b88b20cd9b6_seed_44,2b88b20cd9b6ab9268889294ab249f6a1e5fb71b3e5ee88d2e8fde10ebe63a10,-22.129269,-62.809597,-55.225044,314.3285,-124.97984,72.832756,298.44418,-101.85376,53.889893,414.54202,3
1080,mvdec_dekm_consistent_v1,airpollution_mvdec_dekm_consistent_v1_2b88b20cd9b6_seed_44,2b88b20cd9b6ab9268889294ab249f6a1e5fb71b3e5ee88d2e8fde10ebe63a10,-54.536377,-154.74855,-136.0861,774.2207,-307.8896,179.41927,735.1741,-250.88408,132.68987,1021.1454,3
1081,mvdec_dekm_consistent_v1,airpollution_mvdec_dekm_consistent_v1_2b88b20cd9b6_seed_44,2b88b20cd9b6ab9268889294ab249f6a1e5fb71b3e5ee88d2e8fde10ebe63a10,-78.935715,-223.97142,-196.96732,1120.4849,-445.60715,259.67065,1063.9984,-363.09213,192.02022,1477.8716,3
1082,mvdec_dekm_consistent_v1,airpollution_mvdec_dekm_consistent_v1_2b88b20cd9b6_seed_44,2b88b20cd9b6ab9268889294ab249f6a1e5fb71b3e5ee88d2e8fde10ebe63a10,-83.26969,-236.2656,-207.78154,1181.99,-470.06787,273.92493,1122.4027,-383.02258,202.55989,1558.9954,3
1083,mvdec_dekm_consistent_v1,airpollution_mvdec_dekm_consistent_v1_2b88b20cd9b6_seed_44,2b88b20cd9b6ab9268889294ab249f6a1e5fb71b3e5ee88d2e8fde10ebe63a10,-78.02242,-221.37799,-194.68779,1107.5187,-440.4483,256.66507,1051.6815,-358.88968,189.7995,1460.7664,3
1084,mvdec_dekm_consistent_v1,airpollution_mvdec_dekm_consistent_v1_2b88b20cd9b6_seed_44,2b88b20cd9b6ab9268889294ab249f6a1e5fb71b3e5ee88d2e8fde10ebe63a10,-86.17348,-244.50385,-215.02551,1223.1914,-486.45465,283.47403,1161.5295,-396.37393,209.61832,1613.3407,3
1085,mvdec_dekm_consistent_v1,airpollution_mvdec_dekm_consistent_v1_2b88b20cd9b6_seed_44,2b88b20cd9b6ab9268889294ab249f6a1e5fb71b3e5ee88d2e8fde10ebe63a10,-97.15459,-275.65274,-242.42099,1379.0239,-548.4225,319.58658,1309.4945,-446.86694,236.32204,1818.871,3
1086,mvdec_dekm_consistent_v1,airpollution_mvdec_dekm_consistent_v1_2b88b20cd9b6_seed_44,2b88b20cd9b6ab9268889294ab249f6a1e5fb71b3e5ee88d2e8fde10ebe63a10,-114.0197,-323.5025,-284.503,1618.3652,-643.6172,375.05807,1536.7872,-524.42755,277.33023,2134.5684,3
1087,mvdec_dekm_consistent_v1,airpollution_mvdec_dekm_consistent_v1_2b88b20cd9b6_seed_44,2b88b20cd9b6ab9268889294ab249f6a1e5fb71b3e5ee88d2e8fde10ebe63a10,-135.52014,-384.50226,-338.15112,1923.4906,-764.9747,445.77554,1826.5482,-623.3052,329.6108,2537.0344,3
1088,mvdec_dekm_consistent_v1,airpollution_mvdec_dekm_consistent_v1_2b88b20cd9b6_seed_44,2b88b20cd9b6ab9268889294ab249f6a1e5fb71b3e5ee88d2e8fde10ebe63a10,-159.07037,-451.31775,-396.91394,2257.7063,-897.90204,523.23505,2143.9343,-731.60956,386.8758,2977.87,3
1089,mvdec_dekm_consistent_v1,airpollution_mvdec_dekm_consistent_v1_2b88b20cd9b6_seed_44,2b88b20cd9b6ab9268889294ab249f6a1e5fb71b3e5ee88d2e8fde10ebe63a10,-185.60718,-526.6061,-463.1286,2634.3047,-1047.6858,610.51733,2501.5686,-853.64813,451.40274,3474.6096,0
1090,mvdec_dekm_consistent_v1,airpollution_mvdec_dekm_consistent_v1_2b88b20cd9b6_seed_44,2b88b20cd9b6ab9268889294ab249f6a1e5fb71b3e5ee88d2e8fde10ebe63a10,-214.02263,-607.2248,-534.031,3037.565,-1208.0743,703.9788,2884.522,-984.3268,520.4981,4006.5173,0
1091,mvdec_dekm_consistent_v1,airpollution_mvdec_dekm_consistent_v1_2b88b20cd9b6_seed_44,2b88b20cd9b6ab9268889294ab249f6a1e5fb71b3e5ee88d2e8fde10ebe63a10,-243.66089,-691.3125,-607.98474,3458.1794,-1375.3646,801.4625,3283.956,-1120.629,592.56683,4561.3145,0
1092,mvdec_dekm_consistent_v1,airpollution_mvdec_dekm_consistent_v1_2b88b20cd9b6_seed_44,2b88b20cd9b6ab9268889294ab249f6a1e5fb71b3e5ee88d2e8fde10ebe63a10,-274.1257,-777.74567,-684.0006,3890.524,-1547.3204,901.6647,3694.5295,-1260.7327,666.6455,5131.5845,0
1093,mvdec_dekm_consistent_v1,airpollution_mvdec_dekm_consistent_v1_2b88b20cd9b6_seed_44,2b88b20cd9b6ab9268889294ab249f6a1e5fb71b3e5ee88d2e8fde10ebe63a10,-305.16953,-865.82117,-761.4613,4331.0845,-1722.5442,1003.77136,4112.905,-1403.4985,742.1318,5712.6914,0
1094,mvdec_dekm_consistent_v1,airpollution_mvdec_dekm_consistent_v1_2b88b20cd9b6_seed_44,2b88b20cd9b6ab9268889294ab249f6a1e5fb71b3e5ee88d2e8fde10ebe63a10,-336.63214,-955.0852,-839.9669,4777.5894,-1900.132,1107.2554,4536.926,-1548.1906,818.6367,6301.6387,0
1095,mvdec_dekm_consistent_v1,airpollution_mvdec_dekm_consistent_v1_2b88b20cd9b6_seed_44,2b88b20cd9b6ab9268889294ab249f6a1e5fb71b3e5ee88d2e8fde10ebe63a10,-368.40622,-1045.2327,-919.25006,5228.5156,-2079.4785,1211.764,4965.1445,-1694.3156,895.89905,6896.4175,0
1096,mvdec_dekm_consistent_v1,airpollution_mvdec_dekm_consistent_v1_2b88b20cd9b6_seed_44,2b88b20cd9b6ab9268889294ab249f6a1e5fb71b3e5ee88d2e8fde10ebe63a10,-400.41754,-1136.0538,-999.12506,5682.809,-2260.1633,1317.0533,5396.5605,-1841.5317,973.7386,7495.637,0
1097,mvdec_dekm_consistent_v1,airpollution_mvdec_dekm_consistent_v1_2b88b20cd9b6_seed_44,2b88b20cd9b6ab9268889294ab249f6a1e5fb71b3e5ee88d2e8fde10ebe63a10,-432.61362,-1227.3981,-1079.4607,6139.7217,-2441.8906,1422.9493,5830.4653,-1989.5963,1052.0269,8098.3115,0
1098,mvdec_dekm_consistent_v1,airpollution_mvdec_dekm_consistent_v1_2b88b20cd9b6_seed_44,2b88b20cd9b6ab9268889294ab249f6a1e5fb71b3e5ee88d2e8fde10ebe63a10,-464.95557,-1319.1575,-1160.1613,6598.7085,-2624.4426,1529.3263,6266.3384,-2138.3333,1130.6703,8703.722,2
1099,mvdec_dekm_consistent_v1,airpollution_mvdec_dekm_consistent_v1_2b88b20cd9b6_seed_44,2b88b20cd9b6ab9268889294ab249f6a1e5fb71b3e5ee88d2e8fde10ebe63a10,-497.41565,-1411.2499,-1241.1548,7059.364,-2807.658,1636.0901,6703.7974,-2287.6108,1209.6001,9311.334,2
1100,mvdec_dekm_consistent_v1,airpollution_mvdec_dekm_consistent_v1_2b88b20cd9b6_seed_44,2b88b20cd9b6ab9268889294ab249f6a1e5fb71b3e5ee88d2e8fde10ebe63a10,-529.9713,-1503.6156,-1322.3883,7521.385,-2991.4167,1743.1702,7142.551,-2437.3308,1288.7637,9920.747,2
1101,mvdec_dekm_consistent_v1,airpollution_mvdec_dekm_consistent_v1_2b88b20cd9b6_seed_44,2b88b20cd9b6ab9268889294ab249f6a1e5fb71b3e5ee88d2e8fde10ebe63a10,-562.6068,-1596.2065,-1403.8208,7984.5366,-3175.6245,1850.5117,7582.379,-2587.417,1368.121,10531.65,2
1102,mvdec_dekm_consistent_v1,airpollution_mvdec_dekm_consistent_v1_2b88b20cd9b6_seed_44,2b88b20cd9b6ab9268889294ab249f6a1e5fb71b3e5ee88d2e8fde10ebe63a10,-595.30853,-1688.9855,-1485.4186,8448.624,-3360.2048,1958.071,8023.0967,-2737.8074,1447.6388,11143.79,2
1103,mvdec_dekm_consistent_v1,airpollution_mvdec_dekm_consistent_v1_2b88b20cd9b6_seed_44,2b88b20cd9b6ab9268889294ab249f6a1e5fb71b3e5ee88d2e8fde10ebe63a10,-628.0663,-1781.9236,-1567.1558,8913.509,-3545.1025,2065.8147,8464.57,-2888.4553,1527.2928,11756.978,2
1104,mvdec_dekm_consistent_v1,airpollution_mvdec_dekm_consistent_v1_2b88b20cd9b6_seed_44,2b88b20cd9b6ab9268889294ab249f6a1e5fb71b3e5ee88d2e8fde10ebe63a10,-660.8723,-1874.9978,-1649.0132,9379.075,-3730.2717,2173.7166,8906.691,-3039.3247,1607.0641,12371.068,2
1105,mvdec_dekm_consistent_v1,airpollution_mvdec_dekm_consistent_v1_2b88b20cd9b6_seed_44,2b88b20cd9b6ab9268889294ab249f6a1e5fb71b3e5ee88d2e8fde10ebe63a10,-693.7198,-1968.1919,-1730.9758,9845.24,-3915.6777,2281.757,9349.381,-3190.3877,1686.9375,12985.947,2
1106,mvdec_dekm_consistent_v1,airpollution_mvdec_dekm_consistent_v1_2b88b20cd9b6_seed_44,2b88b20cd9b6ab9268889294ab249f6a1e5fb71b3e5ee88d2e8fde10ebe63a10,-726.6026,-2061.4854,-1813.0254,10311.903,-4101.2837,2389.9124,9792.545,-3341.6118,1766.8966,13601.483,2
1107,mvdec_dekm_consistent_v1,airpollution_mvdec_dekm_consistent_v1_2b88b20cd9b6_seed_44,2b88b20cd9b6ab9268889294ab249f6a1e5fb71b3e5ee88d2e8fde10ebe63a10,-759.5157,-2154.8655,-1895.1511,10778.996,-4287.06,2498.1685,10236.117,-3492.9766,1846.9294,14217.59,2
1108,mvdec_dekm_consistent_v1,airpollution_mvdec_dekm_consistent_v1_2b88b20cd9b6_seed_44,2b88b20cd9b6ab9268889294ab249f6a1e5fb71b3e5ee88d2e8fde10ebe63a10,-792.4556,-2248.3215,-1977.3435,11246.472,-4472.988,2606.5125,10680.053,-3644.4631,1927.0275,14834.193,1
1109,mvdec_dekm_consistent_v1,airpollution_mvdec_dekm_consistent_v1_2b88b20cd9b6_seed_44,2b88b20cd9b6ab9268889294ab249f6a1e5fb71b3e5ee88d2e8fde10ebe63a10,-822.07544,-2332.3562,-2051.2505,11666.821,-4640.1714,2703.9346,11079.231,-3780.68,1999.0508,15388.64,1
1110,mvdec_dekm_consistent_v1,airpollution_mvdec_dekm_consistent_v1_2b88b20cd9b6_seed_44,2b88b20cd9b6ab9268889294ab249f6a1e5fb71b3e5ee88d2e8fde10ebe63a10,-851.75305,-2416.5562,-2125.3027,12087.997,-4807.6855,2801.5479,11479.2,-3917.1636,2071.2153,15944.178,1
1111,mvdec_dekm_consistent_v1,airpollution_mvdec_dekm_consistent_v1_2b88b20cd9b6_seed_44,2b88b20cd9b6ab9268889294ab249f6a1e5fb71b3e5ee88d2e8fde10ebe63a10,-881.6838,-2501.474,-2199.9866,12512.763,-4976.627,2899.9941,11882.576,-4054.8113,2143.9958,16504.453,1
1112,mvdec_dekm_consistent_v1,airpollution_mvdec_dekm_consistent_v1_2b88b20cd9b6_seed_44,2b88b20cd9b6ab9268889294ab249f6a1e5fb71b3e5ee88d2e8fde10ebe63a10,-911.8435,-2587.0405,-2275.2415,12940.773,-5146.8594,2999.1921,12289.033,-4193.5107,2217.3318,17069.006,1
1113,mvdec_dekm_consistent_v1,airpollution_mvdec_dekm_consistent_v1_2b88b20cd9b6_seed_44,2b88b20cd9b6ab9268889294ab249f6a1e5fb71b3e5ee88d2e8fde10ebe63a10,-939.07336,-2664.2954,-2343.185,13327.211,-5300.5566,3088.7544,12656.01,-4318.7373,2283.5447,17578.723,1
1114,mvdec_dekm_consistent_v1,airpollution_mvdec_dekm_consistent_v1_2b88b20cd9b6_seed_44,2b88b20cd9b6ab9268889294ab249f6a1e5fb71b3e5ee88d2e8fde10ebe63a10,-964.30457,-2735.8809,-2406.1433,13685.289,-5442.973,3171.7441,12996.055,-4434.7744,2344.8987,18051.033,1
1115,mvdec_dekm_consistent_v1,airpollution_mvdec_dekm_consistent_v1_2b88b20cd9b6_seed_44,2b88b20cd9b6ab9268889294ab249f6a1e5fb71b3e5ee88d2e8fde10ebe63a10,-990.008,-2808.8054,-2470.279,14050.063,-5588.054,3256.285,13342.46,-4552.981,2407.3992,18532.174,1
1116,mvdec_dekm_consistent_v1,airpollution_mvdec_dekm_consistent_v1_2b88b20cd9b6_seed_44,2b88b20cd9b6ab9268889294ab249f6a1e5fb71b3e5ee88d2e8fde10ebe63a10,-1016.1477,-2882.9678,-2535.503,14421.03,-5735.596,3342.262,13694.748,-4673.1943,2470.9624,19021.488,1
1117,mvdec_dekm_consistent_v1,airpollution_mvdec_dekm_consistent_v1_2b88b20cd9b6_seed_44,2b88b20cd9b6ab9268889294ab249f6a1e5fb71b3e5ee88d2e8fde10ebe63a10,-1042.5657,-2957.9192,-2601.4224,14795.949,-5884.7124,3429.1545,14050.784,-4794.6885,2535.2014,19516.01,1
1118,mvdec_dekm_consistent_v1,airpollution_mvdec_dekm_consistent_v1_2b88b20cd9b6_seed_44,2b88b20cd9b6ab9268889294ab249f6a1e5fb71b3e5ee88d2e8fde10ebe63a10,-1069.1045,-3033.2131,-2667.6414,15172.576,-6034.5073,3516.443,14408.444,-4916.7363,2599.7341,20012.785,1
1119,mvdec_dekm_consistent_v1,airpollution_mvdec_dekm_consistent_v1_2b88b20cd9b6_seed_44,2b88b20cd9b6ab9268889294ab249f6a1e5fb71b3e5ee88d2e8fde10ebe63a10,-1096.0073,-3109.5408,-2734.7693,15554.377,-6186.358,3604.9304,14771.015,-5040.4595,2665.1528,20516.385,1
1120,mvdec_dekm_consistent_v1,airpollution_mvdec_dekm_consistent_v1_2b88b20cd9b6_seed_44,2b88b20cd9b6ab9268889294ab249f6a1e5fb71b3e5ee88d2e8fde10ebe63a10,-357.3861,-1013.9757,-891.7584,5072.1514,-2017.2943,1175.5256,4816.6675,-1643.6481,869.10535,6690.1797,0
1121,mvdec_dekm_consistent_v1,airpollution_mvdec_dekm_consistent_v1_2b88b20cd9b6_seed_44,2b88b20cd9b6ab9268889294ab249f6a1e5fb71b3e5ee88d2e8fde10ebe63a10,-326.67834,-926.8544,-815.1365,4636.3623,-1843.9694,1074.5255,4402.8247,-1502.429,794.4367,6115.368,0
1122,mvdec_dekm_consistent_v1,airpollution_mvdec_dekm_consistent_v1_2b88b20cd9b6_seed_44,2b88b20cd9b6ab9268889294ab249f6a1e5fb71b3e5ee88d2e8fde10ebe63a10,-296.49405,-841.21686,-739.8201,4207.9966,-1673.596,975.24536,3996.0303,-1363.6147,721.0398,5550.3457,0
1123,mvdec_dekm_consistent_v1,airpollution_mvdec_dekm_consistent_v1_2b88b20cd9b6_seed_44,2b88b20cd9b6ab9268889294ab249f6a1e5fb71b3e5ee88d2e8fde10ebe63a10,-266.99725,-757.52985,-666.21924,3789.3862,-1507.1029,878.22644,3598.5002,-1227.962,649.31396,4998.1924,0
1124,mvdec_dekm_consistent_v1,airpollution_mvdec_dekm_consistent_v1_2b88b20cd9b6_seed_44,2b88b20cd9b6ab9268889294ab249f6a1e5fb71b3e5ee88d2e8fde10ebe63a10,-238.4856,-676.63776,-595.0765,3384.7568,-1346.1704,784.4479,3214.2463,-1096.8397,579.984,4464.48,0
1125,mvdec_dekm_consistent_v1,airpollution_mvdec_dekm_consistent_v1_2b88b20cd9b6_seed_44,2b88b20cd9b6ab9268889294ab249f6a1e5fb71b3e5ee88d2e8fde10ebe63a10,-211.29922,-599.50586,-527.24097,2998.9375,-1192.7185,695.02856,2847.8547,-971.81287,513.8775,3955.578,0
1126,mvdec_dekm_consistent_v1,airpollution_mvdec_dekm_consistent_v1_2b88b20cd9b6_seed_44,2b88b20cd9b6ab9268889294ab249f6a1e5fb71b3e5ee88d2e8fde10ebe63a10,-186.07938,-527.9527,-464.31165,2641.023,-1050.3655,612.0766,2507.9636,-855.82886,452.55188,3483.4824,0
1127,mvdec_dekm_consistent_v1,airpollution_mvdec_dekm_consistent_v1_2b88b20cd9b6_seed_44,2b88b20cd9b6ab9268889294ab249f6a1e5fb71b3e5ee88d2e8fde10ebe63a10,-163.70541,-464.47427,-408.48383,2323.4993,-924.0769,538.48584,2206.4285,-752.93365,398.1468,3064.6628,3
1128,mvdec_dekm_consistent_v1,airpollution_mvdec_dekm_consistent_v1_2b88b20cd9b6_seed_44,2b88b20cd9b6ab9268889294ab249f6a1e5fb71b3e5ee88d2e8fde10ebe63a10,-145.4367,-412.64233,-362.89883,2064.2317,-820.9593,478.39694,1960.2167,-668.9168,353.7231,2722.685,3
1129,mvdec_dekm_consistent_v1,airpollution_mvdec_dekm_consistent_v1_2b88b20cd9b6_seed_44,2b88b20cd9b6ab9268889294ab249f6a1e5fb71b3e5ee88d2e8fde10ebe63a10,-132.90291,-377.08112,-331.6244,1886.3564,-750.21216,437.17142,1791.2964,-611.27496,323.2463,2488.063,3
1130,mvdec_dekm_consistent_v1,airpollution_mvdec_dekm_consistent_v1_2b88b20cd9b6_seed_44,2b88b20cd9b6ab9268889294ab249f6a1e5fb71b3e5ee88d2e8fde10ebe63a10,-124.66745,-353.7153,-311.07483,1769.4797,-703.7263,410.08347,1680.3041,-573.4003,303.22076,2333.9001,3
1131,mvdec_dekm_consistent_v1,airpollution_mvdec_dekm_consistent_v1_2b88b20cd9b6_seed_44,2b88b20cd9b6ab9268889294ab249f6a1e5fb71b3e5ee88d2e8fde10ebe63a10,-104.50105,-296.49515,-260.75333,1483.286,-589.8887,343.75034,1408.5037,-480.65317,254.18805,1956.3931,3
1132,mvdec_dekm_consistent_v1,airpollution_mvdec_dekm_consistent_v1_2b88b20cd9b6_seed_44,2b88b20cd9b6ab9268889294ab249f6a1e5fb71b3e5ee88d2e8fde10ebe63a10,-83.8196,-237.8203,-209.1494,1189.7903,-473.15686,275.72873,1129.7886,-385.54422,203.89993,1569.2678,3
1133,mvdec_dekm_consistent_v1,airpollution_mvdec_dekm_consistent_v1_2b88b20cd9b6_seed_44,2b88b20cd9b6ab9268889294ab249f6a1e5fb71b3e5ee88d2e8fde10ebe63a10,-63.013245,-178.79056,-157.23308,894.51245,-355.71814,207.29436,849.3832,-289.8586,153.30559,1179.794,3
1134,mvdec_dekm_consistent_v1,airpollution_mvdec_dekm_consistent_v1_2b88b20cd9b6_seed_44,2b88b20cd9b6ab9268889294ab249f6a1e5fb71b3e5ee88d2e8fde10ebe63a10,-44.432144,-126.0737,-110.86857,630.81024,-250.83945,146.17865,598.96497,-204.4058,108.12074,831.96967,3
1135,mvdec_dekm_consistent_v1,airpollution_mvdec_dekm_consistent_v1_2b88b20cd9b6_seed_44,2b88b20cd9b6ab9268889294ab249f6a1e5fb71b3e5ee88d2e8fde10ebe63a10,-16.873913,-47.88702,-42.104782,239.7118,-95.289764,55.536247,227.5632,-77.668945,41.10905,316.1065,3
1136,mvdec_dekm_consistent_v1,airpollution_mvdec_dekm_consistent_v1_2b88b20cd9b6_seed_44,2b88b20cd9b6ab9268889294ab249f6a1e5fb71b3e5ee88d2e8fde10ebe63a10,-9.382345,-26.63244,-23.411585,133.38805,-53.00305,30.894154,126.59571,-43.214924,22.891191,175.86613,3
1137,mvdec_dekm_consistent_v1,airpollution_mvdec_dekm_consistent_v1_2b88b20cd9b6_seed_44,2b88b20cd9b6ab9268889294ab249f6a1e5fb71b3e5ee88d2e8fde10ebe63a10,-29.56705,-83.9006,-73.777794,419.85135,-166.937,97.286606,398.63327,-136.04436,71.97422,553.7144,3
1138,mvdec_dekm_consistent_v1,airpollution_mvdec_dekm_consistent_v1_2b88b20cd9b6_seed_44,2b88b20cd9b6ab9268889294ab249f6a1e5fb71b3e5ee88d2e8fde10ebe63a10,-25.691097,-72.90354,-64.10617,364.8374,-145.05879,84.5368,346.39246,-118.21788,62.54739,481.15253,3
1139,mvdec_dekm_consistent_v1,airpollution_mvdec_dekm_consistent_v1_2b88b20cd9b6_seed_44,2b88b20cd9b6ab9268889294ab249f6a1e5fb71b3e5ee88d2e8fde10ebe63a10,-41.017952,-116.38845,-102.349335,582.34717,-231.57039,134.94847,552.9521,-188.70366,99.814835,768.05334,3
1140,mvdec_dekm_consistent_v1,airpollution_mvdec_dekm_consistent_v1_2b88b20cd9b6_seed_44,2b88b20cd9b6ab9268889294ab249f6a1e5fb71b3e5ee88d2e8fde10ebe63a10,-41.877148,-118.82553,-104.4938,594.5425,-236.42062,137.77489,564.5325,-192.65556,101.9052,784.13873,3
1141,mvdec_dekm_consistent_v1,airpollution_mvdec_dekm_consistent_v1_2b88b20cd9b6_seed_44,2b88b20cd9b6ab9268889294ab249f6a1e5fb71b3e5ee88d2e8fde10ebe63a10,-43.005135,-122.02698,-107.30789,610.54785,-242.78806,141.48497,579.7352,-197.8428,104.646324,805.25226,3
1142,mvdec_dekm_consistent_v1,airpollution_mvdec_dekm_consistent_v1_2b88b20cd9b6_seed_44,2b88b20cd9b6ab9268889294ab249f6a1e5fb71b3e5ee88d2e8fde10ebe63a10,-41.181843,-116.85329,-102.7589,584.6739,-232.49695,135.48825,555.1632,-189.45813,100.21385,771.12366,3
1143,mvdec_dekm_consistent_v1,airpollution_mvdec_dekm_consistent_v1_2b88b20cd9b6_seed_44,2b88b20cd9b6ab9268889294ab249f6a1e5fb71b3e5ee88d2e8fde10ebe63a10,-42.00643,-119.192406,-104.816635,596.37634,-237.15143,138.20053,566.2762,-193.25044,102.21932,786.55945,3
1144,mvdec_dekm_consistent_v1,airpollution_mvdec_dekm_consistent_v1_2b88b20cd9b6_seed_44,2b88b20cd9b6ab9268889294ab249f6a1e5fb71b3e5ee88d2e8fde10ebe63a10,-11.801593,-33.4972,-29.448757,167.72336,-66.66428,38.854244,159.21014,-54.34323,28.77307,221.16008,3
1145,mvdec_dekm_consistent_v1,airpollution_mvdec_dekm_consistent_v1_2b88b20cd9b6_seed_44,2b88b20cd9b6ab9268889294ab249f6a1e5fb71b3e5ee88d2e8fde10ebe63a10,-19.642948,-55.744137,-49.015083,279.00638,-110.92447,64.6458,264.88864,-90.404945,47.84074,367.94345,3
1146,mvdec_dekm_consistent_v1,airpollution_mvdec_dekm_consistent_v1_2b88b20cd9b6_seed_44,2b88b20cd9b6ab9268889294ab249f6a1e5fb71b3e5ee88d2e8fde10ebe63a10,-27.468668,-77.9474,-68.54174,390.06476,-155.09608,90.38548,370.35577,-126.39414,66.869026,514.4318,3
1147,mvdec_dekm_consistent_v1,airpollution_mvdec_dekm_consistent_v1_2b88b20cd9b6_seed_44,2b88b20cd9b6ab9268889294ab249f6a1e5fb71b3e5ee88d2e8fde10ebe63a10,-25.905014,-73.51123,-64.640495,367.8803,-146.27174,85.24399,349.28735,-119.20467,63.068275,485.16907,3
1148,mvdec_dekm_consistent_v1,airpollution_mvdec_dekm_consistent_v1_2b88b20cd9b6_seed_44,2b88b20cd9b6ab9268889294ab249f6a1e5fb71b3e5ee88d2e8fde10ebe63a10,-2.755497,-7.8320403,-6.87674,39.3398,-15.603716,9.0996475,37.294468,-12.740786,6.774775,51.822178,3
1149,mvdec_dekm_consistent_v1,airpollution_mvdec_dekm_consistent_v1_2b88b20cd9b6_seed_44,2b88b20cd9b6ab9268889294ab249f6a1e5fb71b3e5ee88d2e8fde10ebe63a10,-32.09498,-91.07399,-80.085495,455.7178,-181.20941,105.60203,432.7056,-147.67004,78.11699,601.03143,3
1150,mvdec_dekm_consistent_v1,airpollution_mvdec_dekm_consistent_v1_2b88b20cd9b6_seed_44,2b88b20cd9b6ab9268889294ab249f6a1e5fb71b3e5ee88d2e8fde10ebe63a10,-44.263157,-125.59649,-110.44827,628.40137,-249.89156,145.62386,596.69403,-203.62962,107.70527,828.8048,3
1151,mvdec_dekm_consistent_v1,airpollution_mvdec_dekm_consistent_v1_2b88b20cd9b6_seed_44,2b88b20cd9b6ab9268889294ab249f6a1e5fb71b3e5ee88d2e8fde10ebe63a10,-47.5272,-134.85785,-118.59319,674.7257,-268.3169,156.36041,640.68726,-218.64163,115.64232,889.90857,3
1152,mvdec_dekm_consistent_v1,airpollution_mvdec_dekm_consistent_v1_2b88b20cd9b6_seed_44,2b88b20cd9b6ab9268889294ab249f6a1e5fb71b3e5ee88d2e8fde10ebe63a10,-53.424488,-151.58923,-133.30917,758.423,-301.60538,175.75829,720.1688,-245.7641,129.98402,1000.306,3
1153,mvdec_dekm_consistent_v1,airpollution_mvdec_dekm_consistent_v1_2b88b20cd9b6_seed_44,2b88b20cd9b6ab9268889294ab249f6a1e5fb71b3e5ee88d2e8fde10ebe63a10,-44.86349,-127.30164,-111.94842,636.933,-253.28606,147.60132,604.798,-206.39497,109.16747,840.05975,3
1154,mvdec_dekm_consistent_v1,airpollution_mvdec_dekm_consistent_v1_2b88b20cd9b6_seed_44,2b88b20cd9b6ab9268889294ab249f6a1e5fb71b3e5ee88d2e8fde10ebe63a10,-56.722893,-160.94994,-141.54053,805.24084,-320.22757,186.60919,764.632,-260.93625,138.0051,1062.0614,3
1155,mvdec_dekm_consistent_v1,airpollution_mvdec_dekm_consistent_v1_2b88b20cd9b6_seed_44,2b88b20cd9b6ab9268889294ab249f6a1e5fb71b3e5ee88d2e8fde10ebe63a10,-67.64343,-191.93433,-168.78987,960.22345,-381.86932,222.52884,911.8121,-311.1595,164.5595,1266.4869,3
1156,mvdec_dekm_consistent_v1,airpollution_mvdec_dekm_consistent_v1_2b88b20cd9b6_seed_44,2b88b20cd9b6ab9268889294ab249f6a1e5fb71b3e5ee88d2e8fde10ebe63a10,-88.786255,-251.92046,-221.54524,1260.2711,-501.20822,292.0698,1196.7534,-408.3921,215.96906,1662.2571,3
1157,mvdec_dekm_consistent_v1,airpollution_mvdec_dekm_consistent_v1_2b88b20cd9b6_seed_44,2b88b20cd9b6ab9268889294ab249f6a1e5fb71b3e5ee88d2e8fde10ebe63a10,-112.30669,-318.6507,-280.2335,1594.0613,-633.966,369.4307,1513.7347,-516.55853,273.16116,2102.5315,3
1158,mvdec_dekm_consistent_v1,airpollution_mvdec_dekm_consistent_v1_2b88b20cd9b6_seed_44,2b88b20cd9b6ab9268889294ab249f6a1e5fb71b3e5ee88d2e8fde10ebe63a10,-139.82675,-396.728,-348.90155,1984.6111,-789.2985,459.94638,1884.6173,-643.1182,340.07877,2617.6729,3
1159,mvdec_dekm_consistent_v1,airpollution_mvdec_dekm_consistent_v1_2b88b20cd9b6_seed_44,2b88b20cd9b6ab9268889294ab249f6a1e5fb71b3e5ee88d2e8fde10ebe63a10,-169.40884,-480.65662,-422.71533,2404.4297,-956.272,557.24536,2283.2952,-779.16254,412.0113,3171.42,3
1160,mvdec_dekm_consistent_v1,airpollution_mvdec_dekm_consistent_v1_2b88b20cd9b6_seed_44,2b88b20cd9b6ab9268889294ab249f6a1e5fb71b3e5ee88d2e8fde10ebe63a10,-200.14069,-567.8478,-499.3981,2840.568,-1129.7363,658.3264,2697.4705,-920.49524,486.7401,3746.693,0
1161,mvdec_dekm_consistent_v1,airpollution_mvdec_dekm_consistent_v1_2b88b20cd9b6_seed_44,2b88b20cd9b6ab9268889294ab249f6a1e5fb71b3e5ee88d2e8fde10ebe63a10,-231.56433,-657.00146,-577.8069,3286.524,-1307.1047,761.68286,3120.9678,-1065.009,563.15125,4334.915,0
1162,mvdec_dekm_consistent_v1,airpollution_mvdec_dekm_consistent_v1_2b88b20cd9b6_seed_44,2b88b20cd9b6ab9268889294ab249f6a1e5fb71b3e5ee88d2e8fde10ebe63a10,-263.43286,-747.4178,-657.32623,3738.7961,-1486.9855,866.5032,3550.4636,-1211.5698,640.64465,4931.4683,0
1163,mvdec_dekm_consistent_v1,airpollution_mvdec_dekm_consistent_v1_2b88b20cd9b6_seed_44,2b88b20cd9b6ab9268889294ab249f6a1e5fb71b3e5ee88d2e8fde10ebe63a10,-295.60144,-838.6842,-737.5934,4195.3203,-1668.5574,972.3091,3983.9978,-1359.5085,718.86694,5533.6313,0
1164,mvdec_dekm_consistent_v1,airpollution_mvdec_dekm_consistent_v1_2b88b20cd9b6_seed_44,2b88b20cd9b6ab9268889294ab249f6a1e5fb71b3e5ee88d2e8fde10ebe63a10,-327.9817,-930.55005,-818.388,4654.846,-1851.322,1078.8102,4420.38,-1508.4194,797.60315,6139.7495,0
1165,mvdec_dekm_consistent_v1,airpollution_mvdec_dekm_consistent_v1_2b88b20cd9b6_seed_44,2b88b20cd9b6ab9268889294ab249f6a1e5fb71b3e5ee88d2e8fde10ebe63a10,-360.51685,-1022.85724,-899.57043,5116.577,-2034.9641,1185.8228,4858.8564,-1658.0449,876.7174,6748.779,0
1166,mvdec_dekm_consistent_v1,airpollution_mvdec_dekm_consistent_v1_2b88b20cd9b6_seed_44,2b88b20cd9b6ab9268889294ab249f6a1e5fb71b3e5ee88d2e8fde10ebe63a10,-393.17,-1115.499,-981.04675,5579.982,-2219.2725,1293.2228,5298.9233,-1808.213,956.1184,7360.0146,0
1167,mvdec_dekm_consistent_v1,airpollution_mvdec_dekm_consistent_v1_2b88b20cd9b6_seed_44,2b88b20cd9b6ab9268889294ab249f6a1e5fb71b3e5ee88d2e8fde10ebe63a10,-425.9125,-1208.394,-1062.746,6044.653,-2404.0837,1400.9165,5740.194,-1958.7916,1035.7363,7972.9233,0
1168,mvdec_dekm_consistent_v1,airpollution_mvdec_dekm_consistent_v1_2b88b20cd9b6_seed_44,2b88b20cd9b6ab9268889294ab249f6a1e5fb71b3e5ee88d2e8fde10ebe63a10,-458.72522,-1301.4875,-1144.6201,6510.319,-2589.2908,1508.8407,6182.407,-2109.692,1115.5247,8587.141,2
1169,mvdec_dekm_consistent_v1,airpollution_mvdec_dekm_consistent_v1_2b88b20cd9b6_seed_44,2b88b20cd9b6ab9268889294ab249f6a1e5fb71b3e5ee88d2e8fde10ebe63a10,-491.5952,-1394.7435,-1226.6372,6976.7944,-2774.8206,1616.9531,6625.3906,-2260.8555,1195.4517,9202.429,2
1170,mvdec_dekm_consistent_v1,airpollution_mvdec_dekm_consistent_v1_2b88b20cd9b6_seed_44,2b88b20cd9b6ab9268889294ab249f6a1e5fb71b3e5ee88d2e8fde10ebe63a10,-524.51117,-1488.1299,-1308.769,7443.9224,-2960.6094,1725.2166,7068.9937,-2412.23,1275.4907,9818.575,2
1171,mvdec_dekm_consistent_v1,airpollution_mvdec_dekm_consistent_v1_2b88b20cd9b6_seed_44,2b88b20cd9b6ab9268889294ab249f6a1e5fb71b3e5ee88d2e8fde10ebe63a10,-557.4651,-1581.6223,-1390.9946,7911.5845,-3146.6106,1833.6036,7513.1035,-2563.7776,1355.6211,10435.428,2
1172,mvdec_dekm_consistent_v1,airpollution_mvdec_dekm_consistent_v1_2b88b20cd9b6_seed_44,2b88b20cd9b6ab9268889294ab249f6a1e5fb71b3e5ee88d2e8fde10ebe63a10,-590.4499,-1675.2045,-1473.2983,8379.691,-3332.7886,1942.0942,7957.6353,-2715.4702,1435.8279,11052.867,2
1173,mvdec_dekm_consistent_v1,airpollution_mvdec_dekm_consistent_v1_2b88b20cd9b6_seed_44,2b88b20cd9b6ab9268889294ab249f6a1e5fb71b3e5ee88d2e8fde10ebe63a10,-623.46106,-1768.8604,-1555.6672,8848.17,-3519.1152,2050.671,8402.521,-2867.2822,1516.098,11670.796,2
1174,mvdec_dekm_consistent_v1,airpollution_mvdec_dekm_consistent_v1_2b88b20cd9b6_seed_44,2b88b20cd9b6ab9268889294ab249f6a1e5fb71b3e5ee88d2e8fde10ebe63a10,-656.4946,-1862.5803,-1638.0924,9316.966,-3705.567,2159.3208,8847.707,-3019.1973,1596.423,12289.145,2
1175,mvdec_dekm_consistent_v1,airpollution_mvdec_dekm_consistent_v1_2b88b20cd9b6_seed_44,2b88b20cd9b6ab9268889294ab249f6a1e5fb71b3e5ee88d2e8fde10ebe63a10,-689.3806,-1955.8817,-1720.1497,9783.67,-3891.187,2267.4858,9290.906,-3170.4343,1676.389,12904.731,2
1176,mvdec_dekm_consistent_v1,airpollution_mvdec_dekm_consistent_v1_2b88b20cd9b6_seed_44,2b88b20cd9b6ab9268889294ab249f6a1e5fb71b3e5ee88d2e8fde10ebe63a10,-718.3941,-2038.1958,-1792.5436,10195.417,-4054.9482,2362.9133,9681.915,-3303.8618,1746.9385,13447.83,2
1177,mvdec_dekm_consistent_v1,airpollution_mvdec_dekm_consistent_v1_2b88b20cd9b6_seed_44,2b88b20cd9b6ab9268889294ab249f6a1e5fb71b3e5ee88d2e8fde10ebe63a10,-747.75146,-2121.4858,-1865.7959,10612.041,-4220.6514,2459.472,10077.56,-3438.871,1818.324,13997.362,2
1178,mvdec_dekm_consistent_v1,airpollution_mvdec_dekm_consistent_v1_2b88b20cd9b6_seed_44,2b88b20cd9b6ab9268889294ab249f6a1e5fb71b3e5ee88d2e8fde10ebe63a10,-777.4219,-2205.6628,-1939.8289,11033.1045,-4388.1196,2557.0598,10477.417,-3575.3188,1890.4705,14552.752,2
1179,mvdec_dekm_consistent_v1,airpollution_mvdec_dekm_consistent_v1_2b88b20cd9b6_seed_44,2b88b20cd9b6ab9268889294ab249f6a1e5fb71b3e5ee88d2e8fde10ebe63a10,-807.35394,-2290.5808,-2014.5133,11457.889,-4557.06,2655.5068,10880.797,-3712.9688,1963.2559,15113.04,1
1180,mvdec_dekm_consistent_v1,airpollution_mvdec_dekm_consistent_v1_2b88b20cd9b6_seed_44,2b88b20cd9b6ab9268889294ab249f6a1e5fb71b3e5ee88d2e8fde10ebe63a10,-837.55194,-2376.2566,-2089.8635,11886.446,-4727.5103,2754.8318,11287.775,-3851.845,2036.686,15678.315,1
1181,mvdec_dekm_consistent_v1,airpollution_mvdec_dekm_consistent_v1_2b88b20cd9b6_seed_44,2b88b20cd9b6ab9268889294ab249f6a1e5fb71b3e5ee88d2e8fde10ebe63a10,-867.3288,-2460.737,-2164.1626,12309.024,-4895.582,2852.7703,11689.072,-3988.7842,2109.0908,16235.702,1
1182,mvdec_dekm_consistent_v1,airpollution_mvdec_dekm_consistent_v1_2b88b20cd9b6_seed_44,2b88b20cd9b6ab9268889294ab249f6a1e5fb71b3e5ee88d2e8fde10ebe63a10,-892.14716,-2531.1516,-2226.09,12661.243,-5035.6685,2934.4019,12023.556,-4102.922,2169.4404,16700.281,1
1183,mvdec_dekm_consistent_v1,airpollution_mvdec_dekm_consistent_v1_2b88b20cd9b6_seed_44,2b88b20cd9b6ab9268889294ab249f6a1e5fb71b3e5ee88d2e8fde10ebe63a10,-917.46484,-2602.981,-2289.263,13020.539,-5178.5713,3017.6746,12364.759,-4219.3535,2231.0032,17174.201,1
1184,mvdec_dekm_consistent_v1,airpollution_mvdec_dekm_consistent_v1_2b88b20cd9b6_seed_44,2b88b20cd9b6ab9268889294ab249f6a1e5fb71b3e5ee88d2e8fde10ebe63a10,-943.2743,-2676.207,-2353.663,13386.817,-5324.251,3102.565,12712.593,-4338.048,2293.7615,17657.328,1
1185,mvdec_dekm_consistent_v1,airpollution_mvdec_dekm_consistent_v1_2b88b20cd9b6_seed_44,2b88b20cd9b6ab9268889294ab249f6a1e5fb71b3e5ee88d2e8fde10ebe63a10,-969.53613,-2750.715,-2419.1917,13759.514,-5472.4834,3188.9426,13066.524,-4458.8223,2357.6196,18148.922,1
1186,mvdec_dekm_consistent_v1,airpollution_mvdec_dekm_consistent_v1_2b88b20cd9b6_seed_44,2b88b20cd9b6ab9268889294ab249f6a1e5fb71b3e5ee88d2e8fde10ebe63a10,-995.9563,-2825.6738,-2485.116,14134.463,-5621.6123,3275.843,13422.592,-4580.3267,2421.8645,18643.486,1
1187,mvdec_dekm_consistent_v1,airpollution_mvdec_dekm_consistent_v1_2b88b20cd9b6_seed_44,2b88b20cd9b6ab9268889294ab249f6a1e5fb71b3e5ee88d2e8fde10ebe63a10,-1022.6264,-2901.341,-2551.665,14512.958,-5772.1504,3363.5645,13782.025,-4702.9795,2486.716,19142.725,1
1188,mvdec_dekm_consistent_v1,airpollution_mvdec_dekm_consistent_v1_2b88b20cd9b6_seed_44,2b88b20cd9b6ab9268889294ab249f6a1e5fb71b3e5ee88d2e8fde10ebe63a10,-1049.6716,-2978.0708,-2619.1472,14896.766,-5924.802,3452.5186,14146.508,-4827.3555,2552.4785,19648.979,1
1189,mvdec_dekm_consistent_v1,airpollution_mvdec_dekm_consistent_v1_2b88b20cd9b6_seed_44,2b88b20cd9b6ab9268889294ab249f6a1e5fb71b3e5ee88d2e8fde10ebe63a10,-1072.4106,-3042.5854,-2675.885,15219.469,-6053.15,3527.3096,14452.96,-4931.928,2607.7712,20074.629,1
1190,mvdec_dekm_consistent_v1,airpollution_mvdec_dekm_consistent_v1_2b88b20cd9b6_seed_44,2b88b20cd9b6ab9268889294ab249f6a1e5fb71b3e5ee88d2e8fde10ebe63a10,-346.59235,-983.3432,-864.82007,4918.9355,-1956.3511,1140.0153,4671.1567,-1593.9955,842.85474,6488.0786,0
1191,mvdec_dekm_consistent_v1,airpollution_mvdec_dekm_consistent_v1_2b88b20cd9b6_seed_44,2b88b20cd9b6ab9268889294ab249f6a1e5fb71b3e5ee88d2e8fde10ebe63a10,-314.84747,-893.2789,-785.6099,4468.4233,-1777.1705,1035.6029,4243.333,-1448.0052,765.66296,5893.847,0
1192,mvdec_dekm_consistent_v1,airpollution_mvdec_dekm_consistent_v1_2b88b20cd9b6_seed_44,2b88b20cd9b6ab9268889294ab249f6a1e5fb71b3e5ee88d2e8fde10ebe63a10,-283.43292,-804.1517,-707.22424,4022.6,-1599.8551,932.27704,3819.962,-1303.5342,689.2742,5305.8003,0
1193,mvdec_dekm_consistent_v1,airpollution_mvdec_dekm_consistent_v1_2b88b20cd9b6_seed_44,2b88b20cd9b6ab9268889294ab249f6a1e5fb71b3e5ee88d2e8fde10ebe63a10,-252.48454,-716.347,-630.0014,3583.3896,-1425.1696,830.48425,3402.871,-1161.2065,614.019,4726.4756,0
1194,mvdec_dekm_consistent_v1,airpollution_mvdec_dekm_consistent_v1_2b88b20cd9b6_seed_44,2b88b20cd9b6ab9268889294ab249f6a1e5fb71b3e5ee88d2e8fde10ebe63a10,-222.1777,-630.3627,-554.3798,3153.2874,-1254.1066,730.80194,2994.428,-1021.82983,540.3241,4159.165,0
1195,mvdec_dekm_consistent_v1,airpollution_mvdec_dekm_consistent_v1_2b88b20cd9b6_seed_44,2b88b20cd9b6ab9268889294ab249f6a1e5fb71b3e5ee88d2e8fde10ebe63a10,-192.76987,-546.92865,-481.00125,2735.9429,-1088.1166,634.07623,2598.0999,-886.58716,468.81567,3608.6804,0
1196,mvdec_dekm_consistent_v1,airpollution_mvdec_dekm_consistent_v1_2b88b20cd9b6_seed_44,2b88b20cd9b6ab9268889294ab249f6a1e5fb71b3e5ee88d2e8fde10ebe63a10,-164.79361,-467.55667,-411.19528,2338.9167,-930.20795,542.0597,2221.0674,-757.92914,400.7888,3084.998,3
1197,mvdec_dekm_consistent_v1,airpollution_mvdec_dekm_consistent_v1_2b88b20cd9b6_seed_44,2b88b20cd9b6ab9268889294ab249f6a1e5fb71b3e5ee88d2e8fde10ebe63a10,-139.08586,-394.62177,-347.05035,1974.0894,-785.106,457.50555,1874.6127,-639.7051,338.27878,2603.7854,3
1198,mvdec_dekm_consistent_v1,airpollution_mvdec_dekm_consistent_v1_2b88b20cd9b6_seed_44,2b88b20cd9b6ab9268889294ab249f6a1e5fb71b3e5ee88d2e8fde10ebe63a10,-117.1529,-332.39545,-292.32312,1662.824,-661.309,385.366,1579.0251,-538.8388,284.94513,2193.2236,3
1199,mvdec_dekm_consistent_v1,airpollution_mvdec_dekm_consistent_v1_2b88b20cd9b6_seed_44,2b88b20cd9b6ab9268889294ab249f6a1e5fb71b3e5ee88d2e8fde10ebe63a10,-101.31203,-287.45325,-252.79765,1438.0201,-571.8989,333.2646,1365.5427,-465.99036,246.42697,1896.7048,3
1200,mvdec_dekm_consistent_v1,airpollution_mvdec_dekm_consistent_v1_2b88b20cd9b6_seed_44,2b88b20cd9b6ab9268889294ab249f6a1e5fb71b3e5ee88d2e8fde10ebe63a10,-92.320045,-261.9428,-230.36139,1310.4126,-521.14685,303.6899,1244.3629,-424.63895,224.56223,1728.3898,3
1201,mvdec_dekm_consistent_v1,airpollution_mvdec_dekm_consistent_v1_2b88b20cd9b6_seed_44,2b88b20cd9b6ab9268889294ab249f6a1e5fb71b3e5ee88d2e8fde10ebe63a10,-81.09993,-230.11081,-202.3662,1151.1892,-457.8187,266.7872,1093.1571,-373.0417,197.28123,1518.3712,3
1202,mvdec_dekm_consistent_v1,airpollution_mvdec_dekm_consistent_v1_2b88b20cd9b6_seed_44,2b88b20cd9b6ab9268889294ab249f6a1e5fb71b3e5ee88d2e8fde10ebe63a10,-57.838142,-164.11592,-144.32317,821.0676,-326.5226,190.27745,779.6644,-266.06522,140.71602,1082.9388,3
1203,mvdec_dekm_consistent_v1,airpollution_mvdec_dekm_consistent_v1_2b88b20cd9b6_seed_44,2b88b20cd9b6ab9268889294ab249f6a1e5fb71b3e5ee88d2e8fde10ebe63a10,-37.052143,-105.14394,-92.45862,526.08606,-209.20116,121.911285,499.53848,-170.47534,90.173256,693.8544,3
1204,mvdec_dekm_consistent_v1,airpollution_mvdec_dekm_consistent_v1_2b88b20cd9b6_seed_44,2b88b20cd9b6ab9268889294ab249f6a1e5fb71b3e5ee88d2e8fde10ebe63a10,-16.546732,-46.967808,-41.292816,235.07741,-93.461395,54.466583,223.18852,-76.17358,40.310097,310.01236,3
1205,mvdec_dekm_consistent_v1,airpollution_mvdec_dekm_consistent_v1_2b88b20cd9b6_seed_44,2b88b20cd9b6ab9268889294ab249f6a1e5fb71b3e5ee88d2e8fde10ebe63a10,-1.4542978,-4.147103,-3.6338518,20.891226,-8.272412,4.825553,19.787539,-6.765524,3.6113715,27.49708,3
1206,mvdec_dekm_consistent_v1,airpollution_mvdec_dekm_consistent_v1_2b88b20cd9b6_seed_44,2b88b20cd9b6ab9268889294ab249f6a1e5fb71b3e5ee88d2e8fde10ebe63a10,-27.995974,-79.44979,-69.86127,397.5593,-158.08429,92.124725,377.48752,-128.82646,68.150154,524.3278,3
1207,mvdec_dekm_consistent_v1,airpollution_mvdec_dekm_consistent_v1_2b88b20cd9b6_seed_44,2b88b20cd9b6ab9268889294ab249f6a1e5fb71b3e5ee88d2e8fde10ebe63a10,-56.187675,-159.43356,-140.2056,797.64514,-317.2097,184.85046,757.4262,-258.47635,136.70161,1052.0474,3
1208,mvdec_dekm_consistent_v1,airpollution_mvdec_dekm_consistent_v1_2b88b20cd9b6_seed_44,2b88b20cd9b6ab9268889294ab249f6a1e5fb71b3e5ee88d2e8fde10ebe63a10,-57.88065,-164.2375,-144.43073,821.672,-326.76675,190.41878,780.2442,-266.2629,140.81845,1083.7404,3
1209,mvdec_dekm_consistent_v1,airpollution_mvdec_dekm_consistent_v1_2b88b20cd9b6_seed_44,2b88b20cd9b6ab9268889294ab249f6a1e5fb71b3e5ee88d2e8fde10ebe63a10,-70.64406,-200.4499,-176.27875,1002.8103,-398.81042,232.39996,952.2606,-324.96167,171.8551,1322.6644,3
1210,mvdec_dekm_consistent_v1,airpollution_mvdec_dekm_consistent_v1_2b88b20cd9b6_seed_44,2b88b20cd9b6ab9268889294ab249f6a1e5fb71b3e5ee88d2e8fde10ebe63a10,-74.89823,-212.51952,-186.8945,1063.1882,-422.82355,246.39302,1009.5964,-344.52716,182.20099,1402.3029,3
1211,mvdec_dekm_consistent_v1,airpollution_mvdec_dekm_consistent_v1_2b88b20cd9b6_seed_44,2b88b20cd9b6ab9268889294ab249f6a1e5fb71b3e5ee88d2e8fde10ebe63a10,-75.17191,-213.29666,-187.57722,1067.0735,-424.3687,247.29332,1013.28613,-345.78607,182.86638,1407.4274,3
1212,mvdec_dekm_consistent_v1,airpollution_mvdec_dekm_consistent_v1_2b88b20cd9b6_seed_44,2b88b20cd9b6ab9268889294ab249f6a1e5fb71b3e5ee88d2e8fde10ebe63a10,-74.32788,-210.9003,-185.47124,1055.0961,-419.60297,244.51678,1001.9077,-341.90387,180.81552,1391.6265,3
1213,mvdec_dekm_consistent_v1,airpollution_mvdec_dekm_consistent_v1_2b88b20cd9b6_seed_44,2b88b20cd9b6ab9268889294ab249f6a1e5fb71b3e5ee88d2e8fde10ebe63a10,-47.38426,-134.45705,-118.241035,672.72186,-267.52133,155.8957,638.7875,-217.99341,115.29902,887.2679,3
1214,mvdec_dekm_consistent_v1,airpollution_mvdec_dekm_consistent_v1_2b88b20cd9b6_seed_44,2b88b20cd9b6ab9268889294ab249f6a1e5fb71b3e5ee88d2e8fde10ebe63a10,-14.257666,-40.471844,-35.583466,202.6106,-80.54311,46.940075,192.347,-65.650635,34.750553,267.18164,3
1215,mvdec_dekm_consistent_v1,airpollution_mvdec_dekm_consistent_v1_2b88b20cd9b6_seed_44,2b88b20cd9b6ab9268889294ab249f6a1e5fb71b3e5ee88d2e8fde10ebe63a10,-3.0574143,-8.694375,-7.6368794,43.66938,-17.325323,10.102278,41.406055,-14.144058,7.5185275,57.532955,3
1216,mvdec_dekm_consistent_v1,airpollution_mvdec_dekm_consistent_v1_2b88b20cd9b6_seed_44,2b88b20cd9b6ab9268889294ab249f6a1e5fb71b3e5ee88d2e8fde10ebe63a10,-5.7165403,-16.239605,-14.27107,81.40576,-32.334476,18.848408,77.242874,-26.372515,13.983663,107.30814,3
1217,mvdec_dekm_consistent_v1,airpollution_mvdec_dekm_consistent_v1_2b88b20cd9b6_seed_44,2b88b20cd9b6ab9268889294ab249f6a1e5fb71b3e5ee88d2e8fde10ebe63a10,-10.850807,-30.806273,-27.08211,154.27075,-61.314117,35.735718,146.43709,-49.98431,26.468649,203.41681,3
1218,mvdec_dekm_consistent_v1,airpollution_mvdec_dekm_consistent_v1_2b88b20cd9b6_seed_44,2b88b20cd9b6ab9268889294ab249f6a1e5fb71b3e5ee88d2e8fde10ebe63a10,-1.5482683,-4.41301,-3.869271,22.235336,-8.801917,5.134351,21.05404,-7.199205,3.843955,29.263344,3
1219,mvdec_dekm_consistent_v1,airpollution_mvdec_dekm_consistent_v1_2b88b20cd9b6_seed_44,2b88b20cd9b6ab9268889294ab249f6a1e5fb71b3e5ee88d2e8fde10ebe63a10,-15.528146,-44.076374,-38.75205,220.63745,-87.71067,51.117336,209.46327,-71.49121,37.839012,290.95688,3
1220,mvdec_dekm_consistent_v1,airpollution_mvdec_dekm_consistent_v1_2b88b20cd9b6_seed_44,2b88b20cd9b6ab9268889294ab249f6a1e5fb71b3e5ee88d2e8fde10ebe63a10,-14.140963,-40.139217,-35.29018,200.94139,-79.87743,46.552383,190.75874,-65.10898,34.4644,264.9781,3
1221,mvdec_dekm_consistent_v1,airpollution_mvdec_dekm_consistent_v1_2b88b20cd9b6_seed_44,2b88b20cd9b6ab9268889294ab249f6a1e5fb71b3e5ee88d2e8fde10ebe63a10,-19.303276,-54.784313,-48.17124,274.20114,-109.01401,63.531315,260.3274,-88.84884,47.017384,361.6075,3
1222,mvdec_dekm_consistent_v1,airpollution_mvdec_dekm_consistent_v1_2b88b20cd9b6_seed_44,2b88b20cd9b6ab9268889294ab249f6a1e5fb71b3e5ee88d2e8fde10ebe63a10,-31.286987,-88.781876,-78.072975,444.26672,-176.6531,102.94644,421.82648,-143.95912,76.15741,585.9249,3
1223,mvdec_dekm_consistent_v1,airpollution_mvdec_dekm_consistent_v1_2b88b20cd9b6_seed_44,2b88b20cd9b6ab9268889294ab249f6a1e5fb71b3e5ee88d2e8fde10ebe63a10,-12.026651,-34.136795,-30.013475,170.92656,-67.93739,39.595573,162.25043,-55.3817,29.323092,225.38527,3
1224,mvdec_dekm_consistent_v1,airpollution_mvdec_dekm_consistent_v1_2b88b20cd9b6_seed_44,2b88b20cd9b6ab9268889294ab249f6a1e5fb71b3e5ee88d2e8fde10ebe63a10,-23.667,-67.162315,-59.058414,336.12,-133.6392,77.88176,319.12494,-108.91329,57.62706,443.27728,3
1225,mvdec_dekm_consistent_v1,airpollution_mvdec_dekm_consistent_v1_2b88b20cd9b6_seed_44,2b88b20cd9b6ab9268889294ab249f6a1e5fb71b3e5ee88d2e8fde10ebe63a10,-42.24197,-119.86161,-105.40613,599.72516,-238.48181,138.97598,569.4548,-194.3356,102.79339,790.9758,3
1226,mvdec_dekm_consistent_v1,airpollution_mvdec_dekm_consistent_v1_2b88b20cd9b6_seed_44,2b88b20cd9b6ab9268889294ab249f6a1e5fb71b3e5ee88d2e8fde10ebe63a10,-65.78906,-186.6681,-164.1597,933.89,-371.38992,216.42409,886.7945,-302.62372,160.04851,1231.7458,3
1227,mvdec_dekm_consistent_v1,airpollution_mvdec_dekm_consistent_v1_2b88b20cd9b6_seed_44,2b88b20cd9b6ab9268889294ab249f6a1e5fb71b3e5ee88d2e8fde10ebe63a10,-95.1479,-269.9588,-237.41354,1350.5359,-537.0937,312.98502,1282.4446,-437.63635,231.43996,1781.2976,3
1228,mvdec_dekm_consistent_v1,airpollution_mvdec_dekm_consistent_v1_2b88b20cd9b6_seed_44,2b88b20cd9b6ab9268889294ab249f6a1e5fb71b3e5ee88d2e8fde10ebe63a10,-126.448845,-358.76447,-315.51654,1794.7495,-713.7696,415.9377,1704.2883,-581.5859,307.55255,2367.2222,3
1229,mvdec_dekm_consistent_v1,airpollution_mvdec_dekm_consistent_v1_2b88b20cd9b6_seed_44,2b88b20cd9b6ab9268889294ab249f6a1e5fb71b3e5ee88d2e8fde10ebe63a10,-158.5404,-449.81296,-395.59167,2250.1812,-894.9076,521.4907,2136.7866,-729.1707,385.58694,2967.9436,3
1230,mvdec_dekm_consistent_v1,airpollution_mvdec_dekm_consistent_v1_2b88b20cd9b6_seed_44,2b88b20cd9b6ab9268889294ab249f6a1e5fb71b3e5ee88d2e8fde10ebe63a10,-191.02374,-541.9731,-476.6446,2711.1733,-1078.2574,628.3324,2574.5647,-878.5577,464.574,3576.0,0
1231,mvdec_dekm_consistent_v1,airpollution_mvdec_dekm_consistent_v1_2b88b20cd9b6_seed_44,2b88b20cd9b6ab9268889294ab249f6a1e5fb71b3e5ee88d2e8fde10ebe63a10,-223.73015,-634.76556,-558.2535,3175.3274,-1262.8657,735.9074,3015.3467,-1028.9695,544.10266,4188.2285,0
1232,mvdec_dekm_consistent_v1,airpollution_mvdec_dekm_consistent_v1_2b88b20cd9b6_seed_44,2b88b20cd9b6ab9268889294ab249f6a1e5fb71b3e5ee88d2e8fde10ebe63a10,-256.5702,-727.93756,-640.19666,3641.3826,-1448.2283,843.92224,3457.9321,-1179.9967,623.95764,4802.962,0
1233,mvdec_dekm_consistent_v1,airpollution_mvdec_dekm_consistent_v1_2b88b20cd9b6_seed_44,2b88b20cd9b6ab9268889294ab249f6a1e5fb71b3e5ee88d2e8fde10ebe63a10,-289.5019,-821.36957,-722.36804,4108.7363,-1634.1084,952.2383,3901.7515,-1331.4451,704.03485,5419.408,0
1234,mvdec_dekm_consistent_v1,airpollution_mvdec_dekm_consistent_v1_2b88b20cd9b6_seed_44,2b88b20cd9b6ab9268889294ab249f6a1e5fb71b3e5ee88d2e8fde10ebe63a10,-322.4962,-914.97876,-804.69556,4576.9766,-1820.3412,1060.76,4346.4126,-1483.1809,784.26373,6037.026,0
1235,mvdec_dekm_consistent_v1,airpollution_mvdec_dekm_consistent_v1_2b88b20cd9b6_seed_44,2b88b20cd9b6ab9268889294ab249f6a1e5fb71b3e5ee88d2e8fde10ebe63a10,-355.53693,-1008.71967,-887.1388,5045.876,-2006.8368,1169.4347,4791.7017,-1635.1305,864.6054,6655.5127,0
1236,mvdec_dekm_consistent_v1,airpollution_mvdec_dekm_consistent_v1_2b88b20cd9b6_seed_44,2b88b20cd9b6ab9268889294ab249f6a1e5fb71b3e5ee88d2e8fde10ebe63a10,-388.60992,-1102.5519,-969.6621,5515.2324,-2193.513,1278.215,5237.4224,-1787.2278,945.02576,7274.6006,0
1237,mvdec_dekm_consistent_v1,airpollution_mvdec_dekm_consistent_v1_2b88b20cd9b6_seed_44,2b88b20cd9b6ab9268889294ab249f6a1e5fb71b3e5ee88d2e8fde10ebe63a10,-421.70837,-1196.4565,-1052.2498,5984.9507,-2380.3335,1387.0792,5683.487,-1939.4421,1025.5084,7894.1675,0
1238,mvdec_dekm_consistent_v1,airpollution_mvdec_dekm_consistent_v1_2b88b20cd9b6_seed_44,2b88b20cd9b6ab9268889294ab249f6a1e5fb71b3e5ee88d2e8fde10ebe63a10,-454.82672,-1290.4178,-1134.887,6454.952,-2567.2664,1496.0089,6129.821,-2091.7485,1106.0392,8514.105,2
1239,mvdec_dekm_consistent_v1,airpollution_mvdec_dekm_consistent_v1_2b88b20cd9b6_seed_44,2b88b20cd9b6ab9268889294ab249f6a1e5fb71b3e5ee88d2e8fde10ebe63a10,-487.96106,-1384.4241,-1217.5638,6925.1807,-2754.289,1604.9912,6576.369,-2244.1284,1186.6091,9134.347,2
1240,mvdec_dekm_consistent_v1,airpollution_mvdec_dekm_consistent_v1_2b88b20cd9b6_seed_44,2b88b20cd9b6ab9268889294ab249f6a1e5fb71b3e5ee88d2e8fde10ebe63a10,-521.10864,-1478.4678,-1300.2732,7395.5933,-2941.3857,1714.0161,7023.093,-2396.5676,1267.2101,9754.826,2
1241,mvdec_dekm_consistent_v1,airpollution_mvdec_dekm_consistent_v1_2b88b20cd9b6_seed_44,2b88b20cd9b6ab9268889294ab249f6a1e5fb71b3e5ee88d2e8fde10ebe63a10,-554.26587,-1572.5398,-1383.008,7866.1523,-3128.5405,1823.0754,7469.9565,-2549.055,1347.837,10375.5,2
1242,mvdec_dekm_consistent_v1,airpollution_mvdec_dekm_consistent_v1_2b88b20cd9b6_seed_44,2b88b20cd9b6ab9268889294ab249f6a1e5fb71b3e5ee88d2e8fde10ebe63a10,-586.72687,-1664.635,-1464.0039,8326.819,-3311.76,1929.8414,7907.4243,-2698.3362,1426.7682,10983.127,2
1243,mvdec_dekm_consistent_v1,airpollution_mvdec_dekm_consistent_v1_2b88b20cd9b6_seed_44,2b88b20cd9b6ab9268889294ab249f6a1e5fb71b3e5ee88d2e8fde10ebe63a10,-615.2042,-1745.4288,-1535.0609,8730.96,-3472.4978,2023.507,8291.213,-2829.2993,1496.0145,11516.193,2
1244,mvdec_dekm_consistent_v1,airpollution_mvdec_dekm_consistent_v1_2b88b20cd9b6_seed_44,2b88b20cd9b6ab9268889294ab249f6a1e5fb71b3e5ee88d2e8fde10ebe63a10,-644.1344,-1827.5082,-1607.2474,9141.527,-3635.7917,2118.6616,8681.104,-2962.3457,1566.3616,12057.739,2
1245,mvdec_dekm_consistent_v1,airpollution_mvdec_dekm_consistent_v1_2b88b20cd9b6_seed_44,2b88b20cd9b6ab9268889294ab249f6a1e5fb71b3e5ee88d2e8fde10ebe63a10,-673.45135,-1910.6859,-1680.4,9557.589,-3801.2708,2215.0896,9076.215,-3097.1724,1637.6504,12606.53,2
1246,mvdec_dekm_consistent_v1,airpollution_mvdec_dekm_consistent_v1_2b88b20cd9b6_seed_44,2b88b20cd9b6ab9268889294ab249f6a1e5fb71b3e5ee88d2e8fde10ebe63a10,-703.11786,-1994.8547,-1754.4252,9978.608,-3968.723,2312.6675,9476.034,-3233.6062,1709.789,13161.863,2
1247,mvdec_dekm_consistent_v1,airpollution_mvdec_dekm_consistent_v1_2b88b20cd9b6_seed_44,2b88b20cd9b6ab9268889294ab249f6a1e5fb71b3e5ee88d2e8fde10ebe63a10,-733.09125,-2079.8943,-1829.2153,10403.981,-4137.9062,2411.2537,9879.988,-3371.4504,1782.673,13722.937,2
1248,mvdec_dekm_consistent_v1,airpollution_mvdec_dekm_consistent_v1_2b88b20cd9b6_seed_44,2b88b20cd9b6ab9268889294ab249f6a1e5fb71b3e5ee88d2e8fde10ebe63a10,-763.3343,-2165.699,-1904.6788,10833.184,-4308.6113,2510.7278,10287.577,-3510.536,1856.213,14289.0625,2
1249,mvdec_dekm_consistent_v1,airpollution_mvdec_dekm_consistent_v1_2b88b20cd9b6_seed_44,2b88b20cd9b6ab9268889294ab249f6a1e5fb71b3e5ee88d2e8fde10ebe63a10,-793.8164,-2252.181,-1980.7377,11265.774,-4480.6655,2610.9866,10698.385,-3650.7188,1930.3345,14859.655,1
1250,mvdec_dekm_consistent_v1,airpollution_mvdec_dekm_consistent_v1_2b88b20cd9b6_seed_44,2b88b20cd9b6ab9268889294ab249f6a1e5fb71b3e5ee88d2e8fde10ebe63a10,-820.4076,-2327.6252,-2047.0896,11643.153,-4630.76,2698.4497,11056.759,-3773.0107,1994.995,15357.425,1
1251,mvdec_dekm_consistent_v1,airpollution_mvdec_dekm_consistent_v1_2b88b20cd9b6_seed_44,2b88b20cd9b6ab9268889294ab249f6a1e5fb71b3e5ee88d2e8fde10ebe63a10,-845.29095,-2398.2234,-2109.1794,11996.293,-4771.214,2780.2947,11392.117,-3887.447,2055.5027,15823.221,1
1252,mvdec_dekm_consistent_v1,airpollution_mvdec_dekm_consistent_v1_2b88b20cd9b6_seed_44,2b88b20cd9b6ab9268889294ab249f6a1e5fb71b3e5ee88d2e8fde10ebe63a10,-870.70276,-2470.3208,-2172.587,12356.931,-4914.65,2863.8782,11734.594,-4004.3142,2117.2952,16298.907,1
1253,mvdec_dekm_consistent_v1,airpollution_mvdec_dekm_consistent_v1_2b88b20cd9b6_seed_44,2b88b20cd9b6ab9268889294ab249f6a1e5fb71b3e5ee88d2e8fde10ebe63a10,-896.62604,-2543.8694,-2237.272,12724.826,-5060.9717,2949.1428,12083.962,-4123.5312,2180.3308,16784.168,1
1254,mvdec_dekm_consistent_v1,airpollution_mvdec_dekm_consistent_v1_2b88b20cd9b6_seed_44,2b88b20cd9b6ab9268889294ab249f6a1e5fb71b3e5ee88d2e8fde10ebe63a10,-923.0186,-2618.747,-2303.126,13099.369,-5209.938,3035.949,12439.645,-4244.9053,2244.5059,17278.197,1
1255,mvdec_dekm_consistent_v1,airpollution_mvdec_dekm_consistent_v1_2b88b20cd9b6_seed_44,2b88b20cd9b6ab9268889294ab249f6a1e5fb71b3e5ee88d2e8fde10ebe63a10,-949.4371,-2693.701,-2369.046,13474.293,-5359.0557,3122.843,12795.689,-4366.402,2308.746,17772.73,1
1256,mvdec_dekm_consistent_v1,airpollution_mvdec_dekm_consistent_v1_2b88b20cd9b6_seed_44,2b88b20cd9b6ab9268889294ab249f6a1e5fb71b3e5ee88d2e8fde10ebe63a10,-976.24603,-2769.7603,-2435.9387,13854.752,-5510.375,3211.02,13156.988,-4489.6904,2373.9346,18274.56,1
1257,mvdec_dekm_consistent_v1,airpollution_mvdec_dekm_consistent_v1_2b88b20cd9b6_seed_44,2b88b20cd9b6ab9268889294ab249f6a1e5fb71b3e5ee88d2e8fde10ebe63a10,-1003.4386,-2846.9111,-2503.7917,14240.671,-5663.865,3300.4617,13523.473,-4614.7485,2440.059,18783.592,1
1258,mvdec_dekm_consistent_v1,airpollution_mvdec_dekm_consistent_v1_2b88b20cd9b6_seed_44,2b88b20cd9b6ab9268889294ab249f6a1e5fb71b3e5ee88d2e8fde10ebe63a10,-1027.6387,-2915.5698,-2564.1755,14584.105,-5800.458,3380.057,13849.61,-4726.0405,2498.904,19236.588,1
1259,mvdec_dekm_consistent_v1,airpollution_mvdec_dekm_consistent_v1_2b88b20cd9b6_seed_44,2b88b20cd9b6ab9268889294ab249f6a1e5fb71b3e5ee88d2e8fde10ebe63a10,-1043.1272,-2959.5122,-2602.823,14803.916,-5887.8813,3431.0007,14058.35,-4797.27,2536.5667,19526.518,1
1260,mvdec_dekm_consistent_v1,airpollution_mvdec_dekm_consistent_v1_2b88b20cd9b6_seed_44,2b88b20cd9b6ab9268889294ab249f6a1e5fb71b3e5ee88d2e8fde10ebe63a10,-338.50317,-960.40125,-844.64185,4804.165,-1910.7101,1113.4169,4562.1787,-1556.8069,823.18787,6336.704,0
1261,mvdec_dekm_consistent_v1,airpollution_mvdec_dekm_consistent_v1_2b88b20cd9b6_seed_44,2b88b20cd9b6ab9268889294ab249f6a1e5fb71b3e5ee88d2e8fde10ebe63a10,-305.99225,-868.1633,-763.52026,4342.784,-1727.2051,1006.4849,4124.0303,-1407.2937,744.13403,5728.134,0
1262,mvdec_dekm_consistent_v1,airpollution_mvdec_dekm_consistent_v1_2b88b20cd9b6_seed_44,2b88b20cd9b6ab9268889294ab249f6a1e5fb71b3e5ee88d2e8fde10ebe63a10,-273.65625,-776.4212,-682.8349,3883.883,-1544.6869,900.1278,3688.2378,-1258.5845,665.5052,5122.836,0
1263,mvdec_dekm_consistent_v1,airpollution_mvdec_dekm_consistent_v1_2b88b20cd9b6_seed_44,2b88b20cd9b6ab9268889294ab249f6a1e5fb71b3e5ee88d2e8fde10ebe63a10,-241.56543,-685.37537,-602.7615,3428.4636,-1363.5537,794.5776,3255.7527,-1111.0035,587.4729,4522.1304,0
1264,mvdec_dekm_consistent_v1,airpollution_mvdec_dekm_consistent_v1_2b88b20cd9b6_seed_44,2b88b20cd9b6ab9268889294ab249f6a1e5fb71b3e5ee88d2e8fde10ebe63a10,-209.75946,-595.13794,-523.39923,2977.089,-1184.0292,689.9647,2827.1074,-964.73315,510.13364,3926.759,0
1265,mvdec_dekm_consistent_v1,airpollution_mvdec_dekm_consistent_v1_2b88b20cd9b6_seed_44,2b88b20cd9b6ab9268889294ab249f6a1e5fb71b3e5ee88d2e8fde10ebe63a10,-178.4107,-506.1969,-445.17743,2532.1985,-1007.0837,586.855,2404.6204,-820.5641,433.90515,3339.9417,3
1266,mvdec_dekm_consistent_v1,airpollution_mvdec_dekm_consistent_v1_2b88b20cd9b6_seed_44,2b88b20cd9b6ab9268889294ab249f6a1e5fb71b3e5ee88d2e8fde10ebe63a10,-147.87775,-419.5704,-368.99124,2098.8838,-834.74274,486.42828,1993.1267,-680.14655,359.66006,2768.3933,3
1267,mvdec_dekm_consistent_v1,airpollution_mvdec_dekm_consistent_v1_2b88b20cd9b6_seed_44,2b88b20cd9b6ab9268889294ab249f6a1e5fb71b3e5ee88d2e8fde10ebe63a10,-118.67454,-336.71625,-296.12283,1684.4391,-669.9069,390.375,1599.5527,-545.844,288.64825,2221.7349,3
1268,mvdec_dekm_consistent_v1,airpollution_mvdec_dekm_consistent_v1_2b88b20cd9b6_seed_44,2b88b20cd9b6ab9268889294ab249f6a1e5fb71b3e5ee88d2e8fde10ebe63a10,-92.11453,-261.3613,-229.8498,1307.5063,-519.99036,303.0155,1241.6018,-423.69717,224.06387,1724.5552,3
1269,mvdec_dekm_consistent_v1,airpollution_mvdec_dekm_consistent_v1_2b88b20cd9b6_seed_44,2b88b20cd9b6ab9268889294ab249f6a1e5fb71b3e5ee88d2e8fde10ebe63a10,-71.185684,-201.98254,-177.62758,1010.4886,-401.8581,234.17749,959.54095,-327.44705,173.17229,1332.7843,3
1270,mvdec_dekm_consistent_v1,airpollution_mvdec_dekm_consistent_v1_2b88b20cd9b6_seed_44,2b88b20cd9b6ab9268889294ab249f6a1e5fb71b3e5ee88d2e8fde10ebe63a10,-60.57332,-171.87314,-151.14713,859.879,-341.9562,199.27156,816.51526,-278.6413,147.36658,1134.1276,3
1271,mvdec_dekm_consistent_v1,airpollution_mvdec_dekm_consistent_v1_2b88b20cd9b6_seed_44,2b88b20cd9b6ab9268889294ab249f6a1e5fb71b3e5ee88d2e8fde10ebe63a10,-51.34213,-145.68185,-128.11322,728.8719,-289.85025,168.90858,692.10364,-236.18747,124.92017,961.3262,3
1272,mvdec_dekm_consistent_v1,airpollution_mvdec_dekm_consistent_v1_2b88b20cd9b6_seed_44,2b88b20cd9b6ab9268889294ab249f6a1e5fb71b3e5ee88d2e8fde10ebe63a10,-34.86963,-98.94655,-87.01059,495.0984,-196.87167,114.72818,470.10178,-160.43192,84.86504,652.97485,3
1273,mvdec_dekm_consistent_v1,airpollution_mvdec_dekm_consistent_v1_2b88b20cd9b6_seed_44,2b88b20cd9b6ab9268889294ab249f6a1e5fb71b3e5ee88d2e8fde10ebe63a10,-11.103011,-31.515974,-27.70691,157.80676,-62.72104,36.555702,149.7945,-51.130787,27.073288,208.08206,3
1274,mvdec_dekm_consistent_v1,airpollution_mvdec_dekm_consistent_v1_2b88b20cd9b6_seed_44,2b88b20cd9b6ab9268889294ab249f6a1e5fb71b3e5ee88d2e8fde10ebe63a10,-9.661139,-27.424875,-24.108807,137.34326,-54.58192,31.812904,130.36102,-44.499348,23.56714,181.09007,3
1275,mvdec_dekm_consistent_v1,airpollution_mvdec_dekm_consistent_v1_2b88b20cd9b6_seed_44,2b88b20cd9b6ab9268889294ab249f6a1e5fb71b3e5ee88d2e8fde10ebe63a10,-29.497147,-83.70283,-73.60446,418.85147,-166.54544,97.0567,397.69272,-135.72325,71.80133,552.40265,3
1276,mvdec_dekm_consistent_v1,airpollution_mvdec_dekm_consistent_v1_2b88b20cd9b6_seed_44,2b88b20cd9b6ab9268889294ab249f6a1e5fb71b3e5ee88d2e8fde10ebe63a10,-47.73486,-135.4454,-119.111115,677.67365,-269.4866,157.04266,643.48145,-219.59581,116.14867,893.7933,3
1277,mvdec_dekm_consistent_v1,airpollution_mvdec_dekm_consistent_v1_2b88b20cd9b6_seed_44,2b88b20cd9b6ab9268889294ab249f6a1e5fb71b3e5ee88d2e8fde10ebe63a10,-72.89502,-206.82901,-181.89085,1034.7362,-411.50125,239.79742,982.5651,-335.30402,177.32779,1364.7654,3
1278,mvdec_dekm_consistent_v1,airpollution_mvdec_dekm_consistent_v1_2b88b20cd9b6_seed_44,2b88b20cd9b6ab9268889294ab249f6a1e5fb71b3e5ee88d2e8fde10ebe63a10,-90.70701,-257.35895,-226.33296,1287.514,-512.0275,298.3785,1222.595,-417.2136,220.64218,1698.1702,3
1279,mvdec_dekm_consistent_v1,airpollution_mvdec_dekm_consistent_v1_2b88b20cd9b6_seed_44,2b88b20cd9b6ab9268889294ab249f6a1e5fb71b3e5ee88d2e8fde10ebe63a10,-99.786804,-283.12048,-248.98888,1416.3705,-563.27844,328.2433,1344.9647,-458.97058,242.71996,1868.1353,3
1280,mvdec_dekm_consistent_v1,airpollution_mvdec_dekm_consistent_v1_2b88b20cd9b6_seed_44,2b88b20cd9b6ab9268889294ab249f6a1e5fb71b3e5ee88d2e8fde10ebe63a10,-107.89578,-306.12723,-269.2227,1531.4503,-609.0498,354.91504,1454.2509,-496.26312,262.4377,2019.9286,3
1281,mvdec_dekm_consistent_v1,airpollution_mvdec_dekm_consistent_v1_2b88b20cd9b6_seed_44,2b88b20cd9b6ab9268889294ab249f6a1e5fb71b3e5ee88d2e8fde10ebe63a10,-107.89943,-306.13818,-269.2321,1531.503,-609.07166,354.92752,1454.3027,-496.2806,262.44647,2019.9989,3
1282,mvdec_dekm_consistent_v1,airpollution_mvdec_dekm_consistent_v1_2b88b20cd9b6_seed_44,2b88b20cd9b6ab9268889294ab249f6a1e5fb71b3e5ee88d2e8fde10ebe63a10,-86.2675,-244.7647,-215.25702,1224.515,-486.9737,283.77853,1162.7725,-396.79962,209.84773,1615.0768,3
1283,mvdec_dekm_consistent_v1,airpollution_mvdec_dekm_consistent_v1_2b88b20cd9b6_seed_44,2b88b20cd9b6ab9268889294ab249f6a1e5fb71b3e5ee88d2e8fde10ebe63a10,-56.461517,-160.20116,-140.88542,801.52136,-318.738,185.74387,761.08093,-259.72675,137.37132,1057.1425,3
1284,mvdec_dekm_consistent_v1,airpollution_mvdec_dekm_consistent_v1_2b88b20cd9b6_seed_44,2b88b20cd9b6ab9268889294ab249f6a1e5fb71b3e5ee88d2e8fde10ebe63a10,-33.609844,-95.367455,-83.866516,477.22192,-189.75519,110.582794,453.11215,-154.63605,81.80595,629.3865,3
1285,mvdec_dekm_consistent_v1,airpollution_mvdec_dekm_consistent_v1_2b88b20cd9b6_seed_44,2b88b20cd9b6ab9268889294ab249f6a1e5fb71b3e5ee88d2e8fde10ebe63a10,-24.351868,-69.10274,-60.765884,345.84064,-137.50185,80.13388,328.34927,-112.06143,59.29399,456.09354,3
1286,mvdec_dekm_consistent_v1,airpollution_mvdec_dekm_consistent_v1_2b88b20cd9b6_seed_44,2b88b20cd9b6ab9268889294ab249f6a1e5fb71b3e5ee88d2e8fde10ebe63a10,-35.19937,-99.87931,-87.832504,499.78268,-198.73001,115.812614,474.54144,-161.94756,85.669945,659.14685,3
1287,mvdec_dekm_consistent_v1,airpollution_mvdec_dekm_consistent_v1_2b88b20cd9b6_seed_44,2b88b20cd9b6ab9268889294ab249f6a1e5fb71b3e5ee88d2e8fde10ebe63a10,-16.20222,-45.98118,-40.430855,230.18747,-91.50384,53.330082,218.52151,-74.583534,39.477875,303.54605,3
1288,mvdec_dekm_consistent_v1,airpollution_mvdec_dekm_consistent_v1_2b88b20cd9b6_seed_44,2b88b20cd9b6ab9268889294ab249f6a1e5fb71b3e5ee88d2e8fde10ebe63a10,-15.005367,-42.587036,-37.443684,213.19774,-84.74865,49.393234,202.39194,-69.07873,36.56506,281.1393,3
1289,mvdec_dekm_consistent_v1,airpollution_mvdec_dekm_consistent_v1_2b88b20cd9b6_seed_44,2b88b20cd9b6ab9268889294ab249f6a1e5fb71b3e5ee88d2e8fde10ebe63a10,-13.939005,-39.561848,-34.783146,198.06465,-78.72965,45.885925,188.02116,-64.17478,33.97234,261.17886,3
1290,mvdec_dekm_consistent_v1,airpollution_mvdec_dekm_consistent_v1_2b88b20cd9b6_seed_44,2b88b20cd9b6ab9268889294ab249f6a1e5fb71b3e5ee88d2e8fde10ebe63a10,-19.67597,-55.837875,-49.097843,279.4733,-111.11021,64.754074,265.33252,-90.55658,47.920372,368.55994,3
1291,mvdec_dekm_consistent_v1,airpollution_mvdec_dekm_consistent_v1_2b88b20cd9b6_seed_44,2b88b20cd9b6ab9268889294ab249f6a1e5fb71b3e5ee88d2e8fde10ebe63a10,-13.257994,-37.6286,-33.082912,188.38185,-74.882385,43.64256,178.83067,-61.03885,32.3121,248.41151,3
1292,mvdec_dekm_consistent_v1,airpollution_mvdec_dekm_consistent_v1_2b88b20cd9b6_seed_44,2b88b20cd9b6ab9268889294ab249f6a1e5fb71b3e5ee88d2e8fde10ebe63a10,-5.904221,-16.762598,-14.733902,84.0185,-33.373196,19.45439,79.72029,-27.219248,14.431757,110.753586,3
1293,mvdec_dekm_consistent_v1,airpollution_mvdec_dekm_consistent_v1_2b88b20cd9b6_seed_44,2b88b20cd9b6ab9268889294ab249f6a1e5fb71b3e5ee88d2e8fde10ebe63a10,-2.1420047,-6.0888224,-5.3462863,30.623354,-12.136938,7.0794125,29.015604,-9.91675,5.2821736,40.32537,3
1294,mvdec_dekm_consistent_v1,airpollution_mvdec_dekm_consistent_v1_2b88b20cd9b6_seed_44,2b88b20cd9b6ab9268889294ab249f6a1e5fb71b3e5ee88d2e8fde10ebe63a10,-2.7744465,-7.882991,-6.9236255,39.593784,-15.705564,9.158851,37.535828,-12.8238945,6.8186064,52.158558,3
1295,mvdec_dekm_consistent_v1,airpollution_mvdec_dekm_consistent_v1_2b88b20cd9b6_seed_44,2b88b20cd9b6ab9268889294ab249f6a1e5fb71b3e5ee88d2e8fde10ebe63a10,-21.58376,-61.24952,-53.85681,306.5289,-121.87352,71.02572,291.03006,-99.3253,52.5549,404.25055,3
1296,mvdec_dekm_consistent_v1,airpollution_mvdec_dekm_consistent_v1_2b88b20cd9b6_seed_44,2b88b20cd9b6ab9268889294ab249f6a1e5fb71b3e5ee88d2e8fde10ebe63a10,-54.637478,-155.02798,-136.3322,775.61334,-308.4425,179.74312,736.4941,-251.33467,132.92784,1022.9808,3
1297,mvdec_dekm_consistent_v1,airpollution_mvdec_dekm_consistent_v1_2b88b20cd9b6_seed_44,2b88b20cd9b6ab9268889294ab249f6a1e5fb71b3e5ee88d2e8fde10ebe63a10,-87.82585,-249.18907,-219.14488,1246.6172,-495.77277,288.9045,1183.7777,-403.9652,213.6311,1644.2411,3
1298,mvdec_dekm_consistent_v1,airpollution_mvdec_dekm_consistent_v1_2b88b20cd9b6_seed_44,2b88b20cd9b6ab9268889294ab249f6a1e5fb71b3e5ee88d2e8fde10ebe63a10,-121.04038,-343.42438,-302.02295,1717.9911,-683.25073,398.15192,1631.4141,-556.716,294.3975,2265.9902,3
1299,mvdec_dekm_consistent_v1,airpollution_mvdec_dekm_consistent_v1_2b88b20cd9b6_seed_44,2b88b20cd9b6ab9268889294ab249f6a1e5fb71b3e5ee88d2e8fde10ebe63a10,-154.26779,-437.69507,-384.932,2189.5396,-870.7999,507.44046,2079.2185,-709.5242,375.19287,2887.971,3
1300,mvdec_dekm_consistent_v1,airpollution_mvdec_dekm_consistent_v1_2b88b20cd9b6_seed_44,2b88b20cd9b6ab9268889294ab249f6a1e5fb71b3e5ee88d2e8fde10ebe63a10,-187.49905,-531.97705,-467.8508,2661.1438,-1058.3716,616.74207,2527.0762,-862.3502,455.99786,3510.0256,0
1301,mvdec_dekm_consistent_v1,airpollution_mvdec_dekm_consistent_v1_2b88b20cd9b6_seed_44,2b88b20cd9b6ab9268889294ab249f6a1e5fb71b3e5ee88d2e8fde10ebe63a10,-220.72775,-626.2529,-550.7645,3132.7217,-1245.9303,726.0365,2974.9055,-1015.1671,536.79956,4132.043,0
1302,mvdec_dekm_consistent_v1,airpollution_mvdec_dekm_consistent_v1_2b88b20cd9b6_seed_44,2b88b20cd9b6ab9268889294ab249f6a1e5fb71b3e5ee88d2e8fde10ebe63a10,-253.95929,-720.53644,-633.68494,3604.3374,-1433.505,835.33997,3422.7712,-1167.9963,617.6071,4754.112,0
1303,mvdec_dekm_consistent_v1,airpollution_mvdec_dekm_consistent_v1_2b88b20cd9b6_seed_44,2b88b20cd9b6ab9268889294ab249f6a1e5fb71b3e5ee88d2e8fde10ebe63a10,-287.1916,-814.8221,-716.6071,4075.9639,-1621.0833,944.64575,3870.6472,-1320.829,698.4166,5376.1934,0
1304,mvdec_dekm_consistent_v1,airpollution_mvdec_dekm_consistent_v1_2b88b20cd9b6_seed_44,2b88b20cd9b6ab9268889294ab249f6a1e5fb71b3e5ee88d2e8fde10ebe63a10,-320.425,-909.1098,-799.53143,4547.5996,-1808.6663,1053.9542,4318.5327,-1473.6653,779.22766,5998.288,0
1305,mvdec_dekm_consistent_v1,airpollution_mvdec_dekm_consistent_v1_2b88b20cd9b6_seed_44,2b88b20cd9b6ab9268889294ab249f6a1e5fb71b3e5ee88d2e8fde10ebe63a10,-353.66077,-1003.4038,-882.4613,5019.265,-1996.2617,1163.27,4766.4478,-1626.5111,860.04346,6620.4243,0
1306,mvdec_dekm_consistent_v1,airpollution_mvdec_dekm_consistent_v1_2b88b20cd9b6_seed_44,2b88b20cd9b6ab9268889294ab249f6a1e5fb71b3e5ee88d2e8fde10ebe63a10,-386.89566,-1097.6967,-965.38995,5490.926,-2183.8545,1272.5841,5214.3564,-1779.355,940.85864,7242.5522,0
1307,mvdec_dekm_consistent_v1,airpollution_mvdec_dekm_consistent_v1_2b88b20cd9b6_seed_44,2b88b20cd9b6ab9268889294ab249f6a1e5fb71b3e5ee88d2e8fde10ebe63a10,-420.13086,-1191.9894,-1048.3187,5962.587,-2371.4478,1381.8983,5662.265,-1932.1992,1021.6739,7864.6807,0
1308,mvdec_dekm_consistent_v1,airpollution_mvdec_dekm_consistent_v1_2b88b20cd9b6_seed_44,2b88b20cd9b6ab9268889294ab249f6a1e5fb71b3e5ee88d2e8fde10ebe63a10,-453.36462,-1286.2789,-1131.2444,6434.231,-2559.0332,1491.2086,6110.1587,-2085.0378,1102.4863,8486.785,2
1309,mvdec_dekm_consistent_v1,airpollution_mvdec_dekm_consistent_v1_2b88b20cd9b6_seed_44,2b88b20cd9b6ab9268889294ab249f6a1e5fb71b3e5ee88d2e8fde10ebe63a10,-485.12933,-1376.3987,-1210.5035,6885.021,-2738.3237,1595.6853,6538.247,-2231.1182,1179.726,9081.383,2
1310,mvdec_dekm_consistent_v1,airpollution_mvdec_dekm_consistent_v1_2b88b20cd9b6_seed_44,2b88b20cd9b6ab9268889294ab249f6a1e5fb71b3e5ee88d2e8fde10ebe63a10,-512.78723,-1454.8679,-1279.5161,7277.533,-2894.4358,1686.6556,6910.991,-2358.3132,1246.9799,9599.112,2
1311,mvdec_dekm_consistent_v1,airpollution_mvdec_dekm_consistent_v1_2b88b20cd9b6_seed_44,2b88b20cd9b6ab9268889294ab249f6a1e5fb71b3e5ee88d2e8fde10ebe63a10,-541.07245,-1535.1166,-1350.0934,7678.9463,-3054.0884,1779.6884,7292.189,-2488.3926,1315.759,10128.581,2
1312,mvdec_dekm_consistent_v1,airpollution_mvdec_dekm_consistent_v1_2b88b20cd9b6_seed_44,2b88b20cd9b6ab9268889294ab249f6a1e5fb71b3e5ee88d2e8fde10ebe63a10,-569.89166,-1616.8799,-1422.0028,8087.935,-3216.7542,1874.4772,7680.5806,-2620.927,1385.8362,10668.043,2
1313,mvdec_dekm_consistent_v1,airpollution_mvdec_dekm_consistent_v1_2b88b20cd9b6_seed_44,2b88b20cd9b6ab9268889294ab249f6a1e5fb71b3e5ee88d2e8fde10ebe63a10,-599.15137,-1699.8937,-1495.012,8503.183,-3381.9077,1970.7158,8074.9136,-2755.489,1456.9858,11215.759,2
1314,mvdec_dekm_consistent_v1,airpollution_mvdec_dekm_consistent_v1_2b88b20cd9b6_seed_44,2b88b20cd9b6ab9268889294ab249f6a1e5fb71b3e5ee88d2e8fde10ebe63a10,-628.80597,-1784.027,-1569.006,8924.029,-3549.2886,2068.2527,8474.564,-2891.866,1529.0952,11770.859,2
1315,mvdec_dekm_consistent_v1,airpollution_mvdec_dekm_consistent_v1_2b88b20cd9b6_seed_44,2b88b20cd9b6ab9268889294ab249f6a1e5fb71b3e5ee88d2e8fde10ebe63a10,-658.8028,-1869.1326,-1643.8545,9349.736,-3718.6035,2166.9165,8878.833,-3029.8176,1602.0374,12332.371,2
1316,mvdec_dekm_consistent_v1,airpollution_mvdec_dekm_consistent_v1_2b88b20cd9b6_seed_44,2b88b20cd9b6ab9268889294ab249f6a1e5fb71b3e5ee88d2e8fde10ebe63a10,-689.0969,-1955.081,-1719.4446,9779.661,-3889.5955,2266.5566,9287.1045,-3169.1365,1675.7008,12899.445,2
1317,mvdec_dekm_consistent_v1,airpollution_mvdec_dekm_consistent_v1_2b88b20cd9b6_seed_44,2b88b20cd9b6ab9268889294ab249f6a1e5fb71b3e5ee88d2e8fde10ebe63a10,-719.6529,-2041.7711,-1795.6871,10213.292,-4062.0625,2367.0576,9698.9,-3309.6567,1750.0007,13471.413,2
1318,mvdec_dekm_consistent_v1,airpollution_mvdec_dekm_consistent_v1_2b88b20cd9b6_seed_44,2b88b20cd9b6ab9268889294ab249f6a1e5fb71b3e5ee88d2e8fde10ebe63a10,-747.9358,-2122.014,-1866.2592,10614.673,-4221.703,2460.0833,10080.067,-3439.7258,1818.7736,14000.841,2
1319,mvdec_dekm_consistent_v1,airpollution_mvdec_dekm_consistent_v1_2b88b20cd9b6_seed_44,2b88b20cd9b6ab9268889294ab249f6a1e5fb71b3e5ee88d2e8fde10ebe63a10,-773.45734,-2194.4211,-1929.9401,10976.862,-4365.7554,2544.0261,10424.018,-3557.0955,1880.8323,14478.574,2
1320,mvdec_dekm_consistent_v1,airpollution_mvdec_dekm_consistent_v1_2b88b20cd9b6_seed_44,2b88b20cd9b6ab9268889294ab249f6a1e5fb71b3e5ee88d2e8fde10ebe63a10,-798.4133,-2265.2244,-1992.2103,11331.025,-4506.616,2626.109,10760.345,-3671.863,1941.5151,14945.722,1
1321,mvdec_dekm_consistent_v1,airpollution_mvdec_dekm_consistent_v1_2b88b20cd9b6_seed_44,2b88b20cd9b6ab9268889294ab249f6a1e5fb71b3e5ee88d2e8fde10ebe63a10,-823.92834,-2337.6123,-2055.8743,11693.119,-4650.629,2710.0288,11104.204,-3789.2014,2003.5571,15423.325,1
1322,mvdec_dekm_consistent_v1,airpollution_mvdec_dekm_consistent_v1_2b88b20cd9b6_seed_44,2b88b20cd9b6ab9268889294ab249f6a1e5fb71b3e5ee88d2e8fde10ebe63a10,-849.9767,-2411.5142,-2120.8699,12062.783,-4797.6553,2795.704,11455.253,-3908.993,2066.8967,15910.918,1
1323,mvdec_dekm_consistent_v1,airpollution_mvdec_dekm_consistent_v1_2b88b20cd9b6_seed_44,2b88b20cd9b6ab9268889294ab249f6a1e5fb71b3e5ee88d2e8fde10ebe63a10,-876.3944,-2486.4646,-2186.787,12437.693,-4946.766,2882.594,11811.28,-4030.484,2131.1348,16405.43,1
1324,mvdec_dekm_consistent_v1,airpollution_mvdec_dekm_consistent_v1_2b88b20cd9b6_seed_44,2b88b20cd9b6ab9268889294ab249f6a1e5fb71b3e5ee88d2e8fde10ebe63a10,-902.92316,-2561.73,-2252.982,12814.181,-5096.5054,2969.8503,12168.807,-4152.486,2195.643,16902.021,1
1325,mvdec_dekm_consistent_v1,airpollution_mvdec_dekm_consistent_v1_2b88b20cd9b6_seed_44,2b88b20cd9b6ab9268889294ab249f6a1e5fb71b3e5ee88d2e8fde10ebe63a10,-929.8831,-2638.2178,-2320.252,13196.781,-5248.674,3058.5232,12532.138,-4276.468,2261.1985,17406.674,1
1326,mvdec_dekm_consistent_v1,airpollution_mvdec_dekm_consistent_v1_2b88b20cd9b6_seed_44,2b88b20cd9b6ab9268889294ab249f6a1e5fb71b3e5ee88d2e8fde10ebe63a10,-957.238,-2715.8264,-2388.507,13584.988,-5403.074,3148.4958,12900.794,-4402.269,2327.7148,17918.727,1
1327,mvdec_dekm_consistent_v1,airpollution_mvdec_dekm_consistent_v1_2b88b20cd9b6_seed_44,2b88b20cd9b6ab9268889294ab249f6a1e5fb71b3e5ee88d2e8fde10ebe63a10,-983.03906,-2789.0278,-2452.8857,13951.1455,-5548.7065,3233.3584,13248.515,-4520.9233,2390.4524,18401.691,1
1328,mvdec_dekm_consistent_v1,airpollution_mvdec_dekm_consistent_v1_2b88b20cd9b6_seed_44,2b88b20cd9b6ab9268889294ab249f6a1e5fb71b3e5ee88d2e8fde10ebe63a10,-998.12036,-2831.8162,-2490.517,14165.174,-5633.832,3282.9626,13451.768,-4590.2812,2427.1248,18684.004,1
1329,mvdec_dekm_consistent_v1,airpollution_mvdec_dekm_consistent_v1_2b88b20cd9b6_seed_44,2b88b20cd9b6ab9268889294ab249f6a1e5fb71b3e5ee88d2e8fde10ebe63a10,-1014.05096,-2877.0142,-2530.268,14391.259,-5723.752,3335.3613,13666.468,-4663.545,2465.8623,18982.213,1
1330,mvdec_dekm_consistent_v1,airpollution_mvdec_dekm_consistent_v1_2b88b20cd9b6_seed_44,2b88b20cd9b6ab9268889294ab249f6a1e5fb71b3e5ee88d2e8fde10ebe63a10,-333.49255,-946.1741,-832.13245,4733.032,-1882.4034,1096.9263,4494.5996,-1533.7494,811.0045,6242.8594,0
1331,mvdec_dekm_consistent_v1,airpollution_mvdec_dekm_consistent_v1_2b88b20cd9b6_seed_44,2b88b20cd9b6ab9268889294ab249f6a1e5fb71b3e5ee88d2e8fde10ebe63a10,-300.4485,-852.424,-749.681,4264.0845,-1695.8914,988.2412,4049.2693,-1381.7849,730.6537,5624.31,0
1332,mvdec_dekm_consistent_v1,airpollution_mvdec_dekm_consistent_v1_2b88b20cd9b6_seed_44,2b88b20cd9b6ab9268889294ab249f6a1e5fb71b3e5ee88d2e8fde10ebe63a10,-267.45117,-758.8068,-667.3462,3795.7996,-1509.6422,879.70984,3604.5686,-1230.0354,650.4163,5006.637,0
1333,mvdec_dekm_consistent_v1,airpollution_mvdec_dekm_consistent_v1_2b88b20cd9b6_seed_44,2b88b20cd9b6ab9268889294ab249f6a1e5fb71b3e5ee88d2e8fde10ebe63a10,-234.5203,-665.37787,-585.177,3328.457,-1323.7684,771.3968,3160.7622,-1078.5913,570.34064,4390.2065,0
1334,mvdec_dekm_consistent_v1,airpollution_mvdec_dekm_consistent_v1_2b88b20cd9b6_seed_44,2b88b20cd9b6ab9268889294ab249f6a1e5fb71b3e5ee88d2e8fde10ebe63a10,-201.68826,-572.23,-503.25476,2862.519,-1138.4534,663.40955,2718.291,-927.6026,490.50546,3775.6292,0
1335,mvdec_dekm_consistent_v1,airpollution_mvdec_dekm_consistent_v1_2b88b20cd9b6_seed_44,2b88b20cd9b6ab9268889294ab249f6a1e5fb71b3e5ee88d2e8fde10ebe63a10,-169.01306,-479.52667,-421.72382,2398.806,-954.02295,555.9376,2277.9314,-777.33453,411.05142,3163.9858,3
1336,mvdec_dekm_consistent_v1,airpollution_mvdec_dekm_consistent_v1_2b88b20cd9b6_seed_44,2b88b20cd9b6ab9268889294ab249f6a1e5fb71b3e5ee88d2e8fde10ebe63a10,-136.60703,-387.58707,-340.8644,1938.9128,-771.11206,449.35132,1841.2001,-628.30457,332.25226,2557.3816,3
1337,mvdec_dekm_consistent_v1,airpollution_mvdec_dekm_consistent_v1_2b88b20cd9b6_seed_44,2b88b20cd9b6ab9268889294ab249f6a1e5fb71b3e5ee88d2e8fde10ebe63a10,-104.659706,-296.9487,-261.1494,1485.5286,-590.78955,344.27335,1410.6492,-481.38373,254.56808,1959.3623,3
1338,mvdec_dekm_consistent_v1,airpollution_mvdec_dekm_consistent_v1_2b88b20cd9b6_seed_44,2b88b20cd9b6ab9268889294ab249f6a1e5fb71b3e5ee88d2e8fde10ebe63a10,-73.57842,-208.76738,-183.59537,1044.4354,-415.35565,242.0441,991.77057,-338.4458,178.98997,1377.5552,3
1339,mvdec_dekm_consistent_v1,airpollution_mvdec_dekm_consistent_v1_2b88b20cd9b6_seed_44,2b88b20cd9b6ab9268889294ab249f6a1e5fb71b3e5ee88d2e8fde10ebe63a10,-45.180923,-128.20032,-112.737885,641.4293,-255.06996,148.64192,609.061,-207.85019,109.93778,845.9852,3
1340,mvdec_dekm_consistent_v1,airpollution_mvdec_dekm_consistent_v1_2b88b20cd9b6_seed_44,2b88b20cd9b6ab9268889294ab249f6a1e5fb71b3e5ee88d2e8fde10ebe63a10,-28.299381,-80.30507,-70.61541,401.85422,-159.78476,93.11711,381.5509,-130.21494,68.88877,529.9826,3
1341,mvdec_dekm_consistent_v1,airpollution_mvdec_dekm_consistent_v1_2b88b20cd9b6_seed_44,2b88b20cd9b6ab9268889294ab249f6a1e5fb71b3e5ee88d2e8fde10ebe63a10,-21.946022,-62.27976,-54.762363,311.68823,-123.92404,72.22014,295.9269,-100.99656,53.439346,411.0533,3
1342,mvdec_dekm_consistent_v1,airpollution_mvdec_dekm_consistent_v1_2b88b20cd9b6_seed_44,2b88b20cd9b6ab9268889294ab249f6a1e5fb71b3e5ee88d2e8fde10ebe63a10,-10.146539,-28.80245,-25.319641,144.231,-57.322422,33.40965,136.90373,-46.731586,24.746937,190.17615,3
1343,mvdec_dekm_consistent_v1,airpollution_mvdec_dekm_consistent_v1_2b88b20cd9b6_seed_44,2b88b20cd9b6ab9268889294ab249f6a1e5fb71b3e5ee88d2e8fde10ebe63a10,-10.995647,-31.211523,-27.438305,156.27977,-62.11515,36.20242,148.3468,-50.636288,26.811167,206.06937,3
1344,mvdec_dekm_consistent_v1,airpollution_mvdec_dekm_consistent_v1_2b88b20cd9b6_seed_44,2b88b20cd9b6ab9268889294ab249f6a1e5fb71b3e5ee88d2e8fde10ebe63a10,-35.581627,-100.96489,-88.78635,505.19696,-200.88861,117.0691,479.69162,-163.70436,86.59592,666.29504,3
1345,mvdec_dekm_consistent_v1,airpollution_mvdec_dekm_consistent_v1_2b88b20cd9b6_seed_44,2b88b20cd9b6ab9268889294ab249f6a1e5fb71b3e5ee88d2e8fde10ebe63a10,-56.43468,-160.12697,-140.81897,801.1337,-318.5907,185.65672,760.72485,-259.60397,137.3027,1056.6398,3
1346,mvdec_dekm_consistent_v1,airpollution_mvdec_dekm_consistent_v1_2b88b20cd9b6_seed_44,2b88b20cd9b6ab9268889294ab249f6a1e5fb71b3e5ee88d2e8fde10ebe63a10,-75.2977,-213.64299,-187.8861,1068.8284,-425.05997,247.69888,1014.93805,-346.35165,183.1705,1409.7328,3
1347,mvdec_dekm_consistent_v1,airpollution_mvdec_dekm_consistent_v1_2b88b20cd9b6_seed_44,2b88b20cd9b6ab9268889294ab249f6a1e5fb71b3e5ee88d2e8fde10ebe63a10,-94.61074,-268.43658,-236.07547,1342.9071,-534.0692,311.2209,1275.2158,-435.1683,230.13109,1771.2471,3
1348,mvdec_dekm_consistent_v1,airpollution_mvdec_dekm_consistent_v1_2b88b20cd9b6_seed_44,2b88b20cd9b6ab9268889294ab249f6a1e5fb71b3e5ee88d2e8fde10ebe63a10,-119.19302,-338.17963,-297.4127,1691.7644,-672.82,392.0739,1606.5066,-548.2174,289.90448,2231.3965,3
1349,mvdec_dekm_consistent_v1,airpollution_mvdec_dekm_consistent_v1_2b88b20cd9b6_seed_44,2b88b20cd9b6ab9268889294ab249f6a1e5fb71b3e5ee88d2e8fde10ebe63a10,-130.78482,-371.0675,-326.33582,1856.2667,-738.24756,430.19992,1762.7264,-601.5253,318.08978,2448.3784,3
1350,mvdec_dekm_consistent_v1,airpollution_mvdec_dekm_consistent_v1_2b88b20cd9b6_seed_44,2b88b20cd9b6ab9268889294ab249f6a1e5fb71b3e5ee88d2e8fde10ebe63a10,-140.91803,-399.81772,-351.62076,2000.0787,-795.44525,463.53015,1899.2958,-648.1281,342.73087,2638.0679,3
1351,mvdec_dekm_consistent_v1,airpollution_mvdec_dekm_consistent_v1_2b88b20cd9b6_seed_44,2b88b20cd9b6ab9268889294ab249f6a1e5fb71b3e5ee88d2e8fde10ebe63a10,-130.61017,-370.57346,-325.9012,1853.7996,-737.2657,429.62753,1760.3824,-600.72546,317.6675,2445.1226,3
1352,mvdec_dekm_consistent_v1,airpollution_mvdec_dekm_consistent_v1_2b88b20cd9b6_seed_44,2b88b20cd9b6ab9268889294ab249f6a1e5fb71b3e5ee88d2e8fde10ebe63a10,-102.89463,-291.94043,-256.74603,1460.4741,-580.8297,338.46875,1386.8641,-473.2667,250.27501,1926.3212,3
1353,mvdec_dekm_consistent_v1,airpollution_mvdec_dekm_consistent_v1_2b88b20cd9b6_seed_44,2b88b20cd9b6ab9268889294ab249f6a1e5fb71b3e5ee88d2e8fde10ebe63a10,-79.505844,-225.58485,-198.38663,1128.5518,-448.8165,261.5415,1071.6597,-365.70633,193.40201,1488.5121,3
1354,mvdec_dekm_consistent_v1,airpollution_mvdec_dekm_consistent_v1_2b88b20cd9b6_seed_44,2b88b20cd9b6ab9268889294ab249f6a1e5fb71b3e5ee88d2e8fde10ebe63a10,-64.26454,-182.34424,-160.35704,912.2571,-362.79062,211.41208,866.2583,-295.61526,156.34148,1203.217,3
1355,mvdec_dekm_consistent_v1,airpollution_mvdec_dekm_consistent_v1_2b88b20cd9b6_seed_44,2b88b20cd9b6ab9268889294ab249f6a1e5fb71b3e5ee88d2e8fde10ebe63a10,-57.54141,-163.2705,-143.58273,816.8577,-324.84628,189.30164,775.6613,-264.70004,139.99649,1077.3822,3
1356,mvdec_dekm_consistent_v1,airpollution_mvdec_dekm_consistent_v1_2b88b20cd9b6_seed_44,2b88b20cd9b6ab9268889294ab249f6a1e5fb71b3e5ee88d2e8fde10ebe63a10,-61.840298,-175.46786,-154.30972,877.86426,-349.1115,203.44066,833.5975,-284.4702,150.449,1157.8523,3
1357,mvdec_dekm_consistent_v1,airpollution_mvdec_dekm_consistent_v1_2b88b20cd9b6_seed_44,2b88b20cd9b6ab9268889294ab249f6a1e5fb71b3e5ee88d2e8fde10ebe63a10,-48.49688,-137.61166,-121.01605,688.5103,-273.79913,159.55501,653.77783,-223.10863,118.00522,908.09045,3
1358,mvdec_dekm_consistent_v1,airpollution_mvdec_dekm_consistent_v1_2b88b20cd9b6_seed_44,2b88b20cd9b6ab9268889294ab249f6a1e5fb71b3e5ee88d2e8fde10ebe63a10,-29.623972,-84.06811,-73.924095,420.6717,-167.27406,97.48017,399.43082,-136.31499,72.1119,554.8097,3
1359,mvdec_dekm_consistent_v1,airpollution_mvdec_dekm_consistent_v1_2b88b20cd9b6_seed_44,2b88b20cd9b6ab9268889294ab249f6a1e5fb71b3e5ee88d2e8fde10ebe63a10,-7.7590055,-22.034843,-19.366045,110.366455,-43.85885,25.562386,104.75524,-35.760036,18.943123,145.51581,3
1360,mvdec_dekm_consistent_v1,airpollution_mvdec_dekm_consistent_v1_2b88b20cd9b6_seed_44,2b88b20cd9b6ab9268889294ab249f6a1e5fb71b3e5ee88d2e8fde10ebe63a10,-24.85378,-70.535545,-62.02267,352.9812,-140.35254,81.79206,335.15054,-114.37996,60.51378,465.52588,3
1361,mvdec_dekm_consistent_v1,airpollution_mvdec_dekm_consistent_v1_2b88b20cd9b6_seed_44,2b88b20cd9b6ab9268889294ab249f6a1e5fb71b3e5ee88d2e8fde10ebe63a10,-36.122726,-102.50627,-90.14107,512.8997,-203.95702,118.8553,487.01587,-166.20276,87.914665,676.4616,3
1362,mvdec_dekm_consistent_v1,airpollution_mvdec_dekm_consistent_v1_2b88b20cd9b6_seed_44,2b88b20cd9b6ab9268889294ab249f6a1e5fb71b3e5ee88d2e8fde10ebe63a10,-27.06794,-76.81576,-67.54778,384.3979,-152.84744,89.07288,364.98328,-124.560905,65.897545,506.96466,3
1363,mvdec_dekm_consistent_v1,airpollution_mvdec_dekm_consistent_v1_2b88b20cd9b6_seed_44,2b88b20cd9b6ab9268889294ab249f6a1e5fb71b3e5ee88d2e8fde10ebe63a10,-23.673119,-67.18474,-59.0765,336.2172,-133.68501,77.906456,319.23013,-108.9479,57.64135,443.41443,3
1364,mvdec_dekm_consistent_v1,airpollution_mvdec_dekm_consistent_v1_2b88b20cd9b6_seed_44,2b88b20cd9b6ab9268889294ab249f6a1e5fb71b3e5ee88d2e8fde10ebe63a10,-6.54615,-18.592491,-16.340082,93.15393,-37.011993,21.572746,88.4071,-30.18211,15.994469,122.81099,3
1365,mvdec_dekm_consistent_v1,airpollution_mvdec_dekm_consistent_v1_2b88b20cd9b6_seed_44,2b88b20cd9b6ab9268889294ab249f6a1e5fb71b3e5ee88d2e8fde10ebe63a10,-36.464005,-103.475044,-90.99218,517.7418,-205.88113,119.9769,491.61243,-167.77132,88.74393,682.84717,3
1366,mvdec_dekm_consistent_v1,airpollution_mvdec_dekm_consistent_v1_2b88b20cd9b6_seed_44,2b88b20cd9b6ab9268889294ab249f6a1e5fb71b3e5ee88d2e8fde10ebe63a10,-62.046097,-176.0548,-154.82399,880.7906,-350.27597,204.11871,836.3789,-285.41895,150.94884,1161.7136,3
1367,mvdec_dekm_consistent_v1,airpollution_mvdec_dekm_consistent_v1_2b88b20cd9b6_seed_44,2b88b20cd9b6ab9268889294ab249f6a1e5fb71b3e5ee88d2e8fde10ebe63a10,-92.616844,-262.7879,-231.10449,1314.6412,-522.8283,304.6691,1248.3784,-426.00946,225.28645,1733.967,3
1368,mvdec_dekm_consistent_v1,airpollution_mvdec_dekm_consistent_v1_2b88b20cd9b6_seed_44,2b88b20cd9b6ab9268889294ab249f6a1e5fb71b3e5ee88d2e8fde10ebe63a10,-124.56041,-353.41647,-310.81036,1767.9751,-703.1311,409.7354,1678.8822,-572.9142,302.96173,2331.9204,3
1369,mvdec_dekm_consistent_v1,airpollution_mvdec_dekm_consistent_v1_2b88b20cd9b6_seed_44,2b88b20cd9b6ab9268889294ab249f6a1e5fb71b3e5ee88d2e8fde10ebe63a10,-157.04355,-445.57556,-391.8623,2228.9626,-886.4793,516.57605,2116.6562,-722.2996,381.9478,2939.9702,3
1370,mvdec_dekm_consistent_v1,airpollution_mvdec_dekm_consistent_v1_2b88b20cd9b6_seed_44,2b88b20cd9b6ab9268889294ab249f6a1e5fb71b3e5ee88d2e8fde10ebe63a10,-189.7867,-538.4722,-473.5632,2693.64,-1071.2944,624.2718,2557.9338,-872.88055,461.56653,3552.887,0
1371,mvdec_dekm_consistent_v1,airpollution_mvdec_dekm_consistent_v1_2b88b20cd9b6_seed_44,2b88b20cd9b6ab9268889294ab249f6a1e5fb71b3e5ee88d2e8fde10ebe63a10,-222.67555,-631.782,-555.6275,3160.3838,-1256.9315,732.44653,3001.173,-1024.1312,541.5394,4168.53,0
1372,mvdec_dekm_consistent_v1,airpollution_mvdec_dekm_consistent_v1_2b88b20cd9b6_seed_44,2b88b20cd9b6ab9268889294ab249f6a1e5fb71b3e5ee88d2e8fde10ebe63a10,-254.60757,-722.377,-635.3042,3613.5488,-1437.1674,837.47394,3431.5166,-1170.9811,619.1856,4766.26,0
1373,mvdec_dekm_consistent_v1,airpollution_mvdec_dekm_consistent_v1_2b88b20cd9b6_seed_44,2b88b20cd9b6ab9268889294ab249f6a1e5fb71b3e5ee88d2e8fde10ebe63a10,-286.52426,-812.9282,-714.94257,4066.495,-1617.3156,942.4506,3861.6526,-1317.7605,696.795,5363.703,0
1374,mvdec_dekm_consistent_v1,airpollution_mvdec_dekm_consistent_v1_2b88b20cd9b6_seed_44,2b88b20cd9b6ab9268889294ab249f6a1e5fb71b3e5ee88d2e8fde10ebe63a10,-318.7086,-904.23883,-795.2488,4523.2407,-1798.9756,1048.308,4295.3965,-1465.7708,775.0549,5966.1567,0
1375,mvdec_dekm_consistent_v1,airpollution_mvdec_dekm_consistent_v1_2b88b20cd9b6_seed_44,2b88b20cd9b6ab9268889294ab249f6a1e5fb71b3e5ee88d2e8fde10ebe63a10,-351.07834,-996.0745,-876.01685,4982.6123,-1981.6805,1154.7739,4731.6343,-1614.6321,853.76404,6572.073,0
1376,mvdec_dekm_consistent_v1,airpollution_mvdec_dekm_consistent_v1_2b88b20cd9b6_seed_44,2b88b20cd9b6ab9268889294ab249f6a1e5fb71b3e5ee88d2e8fde10ebe63a10,-383.59406,-1088.3256,-957.1499,5444.061,-2165.2104,1261.7212,5169.843,-1764.1666,932.82983,7180.7305,0
1377,mvdec_dekm_consistent_v1,airpollution_mvdec_dekm_consistent_v1_2b88b20cd9b6_seed_44,2b88b20cd9b6ab9268889294ab249f6a1e5fb71b3e5ee88d2e8fde10ebe63a10,-411.69403,-1168.0477,-1027.2646,5842.842,-2323.816,1354.1443,5548.54,-1893.3928,1001.1582,7706.727,0
1378,mvdec_dekm_consistent_v1,airpollution_mvdec_dekm_consistent_v1_2b88b20cd9b6_seed_44,2b88b20cd9b6ab9268889294ab249f6a1e5fb71b3e5ee88d2e8fde10ebe63a10,-438.94525,-1245.3619,-1095.2609,6229.5757,-2477.6294,1443.7751,5915.797,-2018.7152,1067.4221,8216.834,0
1379,mvdec_dekm_consistent_v1,airpollution_mvdec_dekm_consistent_v1_2b88b20cd9b6_seed_44,2b88b20cd9b6ab9268889294ab249f6a1e5fb71b3e5ee88d2e8fde10ebe63a10,-466.9721,-1324.8778,-1165.1938,6627.323,-2635.8237,1535.9583,6293.514,-2147.6072,1135.5732,8741.467,2
1380,mvdec_dekm_consistent_v1,airpollution_mvdec_dekm_consistent_v1_2b88b20cd9b6_seed_44,2b88b20cd9b6ab9268889294ab249f6a1e5fb71b3e5ee88d2e8fde10ebe63a10,-495.64447,-1406.2257,-1236.7375,7034.2324,-2797.6636,1630.2655,6679.9316,-2279.4678,1205.294,9278.1875,2
1381,mvdec_dekm_consistent_v1,airpollution_mvdec_dekm_consistent_v1_2b88b20cd9b6_seed_44,2b88b20cd9b6ab9268889294ab249f6a1e5fb71b3e5ee88d2e8fde10ebe63a10,-524.8406,-1489.0593,-1309.5876,7448.5723,-2962.4575,1726.2947,7073.4067,-2413.7368,1276.2876,9824.706,2
1382,mvdec_dekm_consistent_v1,airpollution_mvdec_dekm_consistent_v1_2b88b20cd9b6_seed_44,2b88b20cd9b6ab9268889294ab249f6a1e5fb71b3e5ee88d2e8fde10ebe63a10,-554.48914,-1573.1763,-1383.5664,7869.332,-3129.8062,1823.8119,7472.979,-2550.0857,1348.3812,10379.697,2
1383,mvdec_dekm_consistent_v1,airpollution_mvdec_dekm_consistent_v1_2b88b20cd9b6_seed_44,2b88b20cd9b6ab9268889294ab249f6a1e5fb71b3e5ee88d2e8fde10ebe63a10,-584.5228,-1658.3864,-1458.5072,8295.561,-3299.3284,1922.5967,7877.7437,-2688.2073,1421.4124,10941.899,2
1384,mvdec_dekm_consistent_v1,airpollution_mvdec_dekm_consistent_v1_2b88b20cd9b6_seed_44,2b88b20cd9b6ab9268889294ab249f6a1e5fb71b3e5ee88d2e8fde10ebe63a10,-614.8873,-1744.5352,-1534.2732,8726.483,-3470.719,2022.4696,8286.968,-2827.8499,1495.2473,11510.293,2
1385,mvdec_dekm_consistent_v1,airpollution_mvdec_dekm_consistent_v1_2b88b20cd9b6_seed_44,2b88b20cd9b6ab9268889294ab249f6a1e5fb71b3e5ee88d2e8fde10ebe63a10,-645.53455,-1831.4866,-1610.7452,9161.42,-3643.7058,2123.2725,8700.002,-2968.7935,1569.77,12083.982,2
1386,mvdec_dekm_consistent_v1,airpollution_mvdec_dekm_consistent_v1_2b88b20cd9b6_seed_44,2b88b20cd9b6ab9268889294ab249f6a1e5fb71b3e5ee88d2e8fde10ebe63a10,-675.0717,-1915.2788,-1684.4423,9580.588,-3810.4084,2220.4165,9098.038,-3104.6216,1641.5947,12636.8545,2
1387,mvdec_dekm_consistent_v1,airpollution_mvdec_dekm_consistent_v1_2b88b20cd9b6_seed_44,2b88b20cd9b6ab9268889294ab249f6a1e5fb71b3e5ee88d2e8fde10ebe63a10,-701.34924,-1989.8325,-1750.0107,9953.513,-3958.7302,2306.8467,9452.184,-3225.4695,1705.4924,13128.748,2
1388,mvdec_dekm_consistent_v1,airpollution_mvdec_dekm_consistent_v1_2b88b20cd9b6_seed_44,2b88b20cd9b6ab9268889294ab249f6a1e5fb71b3e5ee88d2e8fde10ebe63a10,-726.4988,-2061.187,-1812.7654,10310.434,-4100.688,2389.5686,9791.131,-3341.1313,1766.6477,13599.53,2
1389,mvdec_dekm_consistent_v1,airpollution_mvdec_dekm_consistent_v1_2b88b20cd9b6_seed_44,2b88b20cd9b6ab9268889294ab249f6a1e5fb71b3e5ee88d2e8fde10ebe63a10,-751.5394,-2132.2302,-1875.2462,10665.796,-4242.027,2471.929,10128.599,-3456.2886,1827.5361,14068.261,2
1390,mvdec_dekm_consistent_v1,airpollution_mvdec_dekm_consistent_v1_2b88b20cd9b6_seed_44,2b88b20cd9b6ab9268889294ab249f6a1e5fb71b3e5ee88d2e8fde10ebe63a10,-777.1751,-2204.9631,-1939.2128,11029.609,-4386.727,2556.2488,10474.094,-3574.1846,1889.8717,14548.136,2
1391,mvdec_dekm_consistent_v1,airpollution_mvdec_dekm_consistent_v1_2b88b20cd9b6_seed_44,2b88b20cd9b6ab9268889294ab249f6a1e5fb71b3e5ee88d2e8fde10ebe63a10,-803.3668,-2279.2732,-2004.5675,11401.313,-4534.5654,2642.397,10827.082,-3694.6377,1953.5604,15038.424,1
1392,mvdec_dekm_consistent_v1,airpollution_mvdec_dekm_consistent_v1_2b88b20cd9b6_seed_44,2b88b20cd9b6ab9268889294ab249f6a1e5fb71b3e5ee88d2e8fde10ebe63a10,-829.78766,-2354.2324,-2070.4922,11776.264,-4683.6934,2729.2969,11183.152,-3816.1428,2017.8049,15532.989,1
1393,mvdec_dekm_consistent_v1,airpollution_mvdec_dekm_consistent_v1_2b88b20cd9b6_seed_44,2b88b20cd9b6ab9268889294ab249f6a1e5fb71b3e5ee88d2e8fde10ebe63a10,-856.47327,-2429.9436,-2137.0789,12154.976,-4834.319,2817.0693,11542.795,-3938.8665,2082.6943,16032.518,1
1394,mvdec_dekm_consistent_v1,airpollution_mvdec_dekm_consistent_v1_2b88b20cd9b6_seed_44,2b88b20cd9b6ab9268889294ab249f6a1e5fb71b3e5ee88d2e8fde10ebe63a10,-883.6034,-2506.9155,-2204.774,12539.997,-4987.4526,2906.304,11908.426,-4063.6348,2148.6638,16540.365,1
1395,mvdec_dekm_consistent_v1,airpollution_mvdec_dekm_consistent_v1_2b88b20cd9b6_seed_44,2b88b20cd9b6ab9268889294ab249f6a1e5fb71b3e5ee88d2e8fde10ebe63a10,-911.13794,-2585.035,-2273.4783,12930.755,-5142.868,2996.8674,12279.507,-4190.261,2215.6174,17055.783,1
1396,mvdec_dekm_consistent_v1,airpollution_mvdec_dekm_consistent_v1_2b88b20cd9b6_seed_44,2b88b20cd9b6ab9268889294ab249f6a1e5fb71b3e5ee88d2e8fde10ebe63a10,-938.6862,-2663.1934,-2342.217,13321.714,-5298.364,3087.4783,12650.779,-4316.953,2282.6045,17571.46,1
1397,mvdec_dekm_consistent_v1,airpollution_mvdec_dekm_consistent_v1_2b88b20cd9b6_seed_44,2b88b20cd9b6ab9268889294ab249f6a1e5fb71b3e5ee88d2e8fde10ebe63a10,-953.31006,-2704.6833,-2378.7068,13529.248,-5380.9062,3135.5771,12847.861,-4384.2056,2318.164,17845.205,1
1398,mvdec_dekm_consistent_v1,airpollution_mvdec_dekm_consistent_v1_2b88b20cd9b6_seed_44,2b88b20cd9b6ab9268889294ab249f6a1e5fb71b3e5ee88d2e8fde10ebe63a10,-968.84863,-2748.7683,-2417.4785,13749.763,-5468.612,3186.6846,13057.273,-4455.6646,2355.9478,18136.068,1
1399,mvdec_dekm_consistent_v1,airpollution_mvdec_dekm_consistent_v1_2b88b20cd9b6_seed_44,2b88b20cd9b6ab9268889294ab249f6a1e5fb71b3e5ee88d2e8fde10ebe63a10,-985.2372,-2795.2644,-2458.371,13982.34,-5561.1133,3240.5881,13278.138,-4531.0327,2395.7974,18442.84,1
1400,mvdec_dekm_consistent_v1,airpollution_mvdec_dekm_consistent_v1_2b88b20cd9b6_seed_44,2b88b20cd9b6ab9268889294ab249f6a1e5fb71b3e5ee88d2e8fde10ebe63a10,-331.81458,-941.4186,-827.94763,4709.218,-1872.9435,1091.4113,4472.006,-1526.0367,806.9202,6211.4614,0
1401,mvdec_dekm_consistent_v1,airpollution_mvdec_dekm_consistent_v1_2b88b20cd9b6_seed_44,2b88b20cd9b6ab9268889294ab249f6a1e5fb71b3e5ee88d2e8fde10ebe63a10,-298.58054,-847.12866,-745.02167,4237.5684,-1685.3564,982.1002,4024.1096,-1373.1974,726.1066,5589.352,0
1402,mvdec_dekm_consistent_v1,airpollution_mvdec_dekm_consistent_v1_2b88b20cd9b6_seed_44,2b88b20cd9b6ab9268889294ab249f6a1e5fb71b3e5ee88d2e8fde10ebe63a10,-265.34607,-752.838,-662.0947,3765.917,-1497.768,872.7882,3576.21,-1220.3562,645.2926,4967.2344,0
1403,mvdec_dekm_consistent_v1,airpollution_mvdec_dekm_consistent_v1_2b88b20cd9b6_seed_44,2b88b20cd9b6ab9268889294ab249f6a1e5fb71b3e5ee88d2e8fde10ebe63a10,-232.11139,-658.5462,-579.1668,3294.2588,-1310.177,763.47504,3128.3047,-1067.5135,564.4778,4345.112,0
1404,mvdec_dekm_consistent_v1,airpollution_mvdec_dekm_consistent_v1_2b88b20cd9b6_seed_44,2b88b20cd9b6ab9268889294ab249f6a1e5fb71b3e5ee88d2e8fde10ebe63a10,-198.87564,-564.2519,-496.23703,2822.5906,-1122.5814,654.1592,2680.3884,-914.6671,483.66125,3722.9739,0
1405,mvdec_dekm_consistent_v1,airpollution_mvdec_dekm_consistent_v1_2b88b20cd9b6_seed_44,2b88b20cd9b6ab9268889294ab249f6a1e5fb71b3e5ee88d2e8fde10ebe63a10,-165.63934,-469.9559,-413.30554,2350.914,-934.98236,544.84125,2232.4644,-761.818,402.84335,3100.825,3
1406,mvdec_dekm_consistent_v1,airpollution_mvdec_dekm_consistent_v1_2b88b20cd9b6_seed_44,2b88b20cd9b6ab9268889294ab249f6a1e5fb71b3e5ee88d2e8fde10ebe63a10,-132.40407,-375.66382,-330.3769,1879.256,-747.391,435.5276,1784.5586,-608.97504,322.02838,2478.7012,3
1407,mvdec_dekm_consistent_v1,airpollution_mvdec_dekm_consistent_v1_2b88b20cd9b6_seed_44,2b88b20cd9b6ab9268889294ab249f6a1e5fb71b3e5ee88d2e8fde10ebe63a10,-99.17087,-281.37747,-247.45354,1407.6249,-559.8112,326.2206,1336.6794,-456.1411,241.2179,1856.6138,3
1408,mvdec_dekm_consistent_v1,airpollution_mvdec_dekm_consistent_v1_2b88b20cd9b6_seed_44,2b88b20cd9b6ab9268889294ab249f6a1e5fb71b3e5ee88d2e8fde10ebe63a10,-65.937965,-187.09207,-164.5311,935.99854,-372.23346,216.91467,888.80536,-303.3088,160.40822,1234.5328,3
1409,mvdec_dekm_consistent_v1,airpollution_mvdec_dekm_consistent_v1_2b88b20cd9b6_seed_44,2b88b20cd9b6ab9268889294ab249f6a1e5fb71b3e5ee88d2e8fde10ebe63a10,-32.705574,-92.80836,-81.61011,464.3812,-184.65892,107.61072,440.93927,-150.47932,79.600136,612.4636,3
1410,mvdec_dekm_consistent_v1,airpollution_mvdec_dekm_consistent_v1_2b88b20cd9b6_seed_44,2b88b20cd9b6ab9268889294ab249f6a1e5fb71b3e5ee88d2e8fde10ebe63a10,-0.6453388,-1.8482393,-1.6133814,9.397001,-3.698407,2.160286,8.866999,-3.0401833,1.6430354,12.333427,3
1411,mvdec_dekm_consistent_v1,airpollution_mvdec_dekm_consistent_v1_2b88b20cd9b6_seed_44,2b88b20cd9b6ab9268889294ab249f6a1e5fb71b3e5ee88d2e8fde10ebe63a10,-9.223415,-26.187244,-23.01786,131.13724,-52.119102,30.376303,124.4779,-42.490364,22.501696,172.91107,3
1412,mvdec_dekm_consistent_v1,airpollution_mvdec_dekm_consistent_v1_2b88b20cd9b6_seed_44,2b88b20cd9b6ab9268889294ab249f6a1e5fb71b3e5ee88d2e8fde10ebe63a10,-12.439165,-35.31123,-31.042814,176.77971,-70.27191,40.954338,167.82097,-57.2809,30.322636,233.11345,3
1413,mvdec_dekm_consistent_v1,airpollution_mvdec_dekm_consistent_v1_2b88b20cd9b6_seed_44,2b88b20cd9b6ab9268889294ab249f6a1e5fb71b3e5ee88d2e8fde10ebe63a10,-22.486967,-63.819664,-56.115147,319.37924,-126.98825,74.00407,303.24066,-103.49118,54.7555,421.20468,3
1414,mvdec_dekm_consistent_v1,airpollution_mvdec_dekm_consistent_v1_2b88b20cd9b6_seed_44,2b88b20cd9b6ab9268889294ab249f6a1e5fb71b3e5ee88d2e8fde10ebe63a10,-55.256584,-156.79175,-137.8831,784.4431,-311.95572,181.78918,744.8828,-254.1967,134.44131,1034.629,3
1415,mvdec_dekm_consistent_v1,airpollution_mvdec_dekm_consistent_v1_2b88b20cd9b6_seed_44,2b88b20cd9b6ab9268889294ab249f6a1e5fb71b3e5ee88d2e8fde10ebe63a10,-82.54962,-234.22511,-205.98557,1171.7787,-466.00888,271.55942,1112.7107,-379.71432,200.80914,1545.5294,3
1416,mvdec_dekm_consistent_v1,airpollution_mvdec_dekm_consistent_v1_2b88b20cd9b6_seed_44,2b88b20cd9b6ab9268889294ab249f6a1e5fb71b3e5ee88d2e8fde10ebe63a10,-103.16377,-292.7093,-257.4228,1464.3293,-582.36316,339.36182,1390.5264,-474.51636,250.93648,1931.4064,3
1417,mvdec_dekm_consistent_v1,airpollution_mvdec_dekm_consistent_v1_2b88b20cd9b6_seed_44,2b88b20cd9b6ab9268889294ab249f6a1e5fb71b3e5ee88d2e8fde10ebe63a10,-121.22386,-343.9481,-302.4858,1720.6224,-684.2992,398.76154,1633.915,-557.57,294.84943,2269.4626,3
1418,mvdec_dekm_consistent_v1,airpollution_mvdec_dekm_consistent_v1_2b88b20cd9b6_seed_44,2b88b20cd9b6ab9268889294ab249f6a1e5fb71b3e5ee88d2e8fde10ebe63a10,-141.57602,-401.69043,-353.26813,2009.4495,-799.1738,465.70142,1908.1982,-651.16595,344.33685,2650.4304,3
1419,mvdec_dekm_consistent_v1,airpollution_mvdec_dekm_consistent_v1_2b88b20cd9b6_seed_44,2b88b20cd9b6ab9268889294ab249f6a1e5fb71b3e5ee88d2e8fde10ebe63a10,-162.58345,-461.29166,-405.6854,2307.5762,-917.74713,534.7966,2191.312,-747.7752,395.4177,3043.664,3
1420,mvdec_dekm_consistent_v1,airpollution_mvdec_dekm_consistent_v1_2b88b20cd9b6_seed_44,2b88b20cd9b6ab9268889294ab249f6a1e5fb71b3e5ee88d2e8fde10ebe63a10,-173.98177,-493.62958,-434.12668,2469.3381,-982.08307,572.2868,2344.9263,-800.1946,423.13507,3257.029,3
1421,mvdec_dekm_consistent_v1,airpollution_mvdec_dekm_consistent_v1_2b88b20cd9b6_seed_44,2b88b20cd9b6ab9268889294ab249f6a1e5fb71b3e5ee88d2e8fde10ebe63a10,-149.67676,-424.67242,-373.48083,2124.4126,-844.8959,492.34503,2017.3679,-688.4194,364.0355,2802.066,3
1422,mvdec_dekm_consistent_v1,airpollution_mvdec_dekm_consistent_v1_2b88b20cd9b6_seed_44,2b88b20cd9b6ab9268889294ab249f6a1e5fb71b3e5ee88d2e8fde10ebe63a10,-126.205925,-358.08224,-314.91705,1791.3293,-712.4185,415.14777,1701.0562,-580.4818,306.96542,2362.723,3
1423,mvdec_dekm_consistent_v1,airpollution_mvdec_dekm_consistent_v1_2b88b20cd9b6_seed_44,2b88b20cd9b6ab9268889294ab249f6a1e5fb71b3e5ee88d2e8fde10ebe63a10,-107.93806,-306.25443,-269.3358,1532.0845,-609.3096,355.0638,1454.8663,-496.47226,262.54633,2020.7748,3
1424,mvdec_dekm_consistent_v1,airpollution_mvdec_dekm_consistent_v1_2b88b20cd9b6_seed_44,2b88b20cd9b6ab9268889294ab249f6a1e5fb71b3e5ee88d2e8fde10ebe63a10,-95.25194,-270.26352,-237.68103,1352.0461,-537.7051,313.33792,1283.8978,-438.13074,231.69687,1783.3037,3
1425,mvdec_dekm_consistent_v1,airpollution_mvdec_dekm_consistent_v1_2b88b20cd9b6_seed_44,2b88b20cd9b6ab9268889294ab249f6a1e5fb71b3e5ee88d2e8fde10ebe63a10,-90.74101,-257.46606,-226.42538,1288.0334,-512.24536,298.5024,1223.1093,-417.38678,220.72853,1698.8696,3
1426,mvdec_dekm_consistent_v1,airpollution_mvdec_dekm_consistent_v1_2b88b20cd9b6_seed_44,2b88b20cd9b6ab9268889294ab249f6a1e5fb71b3e5ee88d2e8fde10ebe63a10,-90.468,-256.69223,-225.74353,1284.1548,-510.7039,297.60403,1219.429,-416.13043,220.06287,1693.7555,3
1427,mvdec_dekm_consistent_v1,airpollution_mvdec_dekm_consistent_v1_2b88b20cd9b6_seed_44,2b88b20cd9b6ab9268889294ab249f6a1e5fb71b3e5ee88d2e8fde10ebe63a10,-74.72899,-212.03804,-186.47115,1060.7897,-421.86575,245.8362,1007.3125,-343.74802,181.791,1399.1342,3
1428,mvdec_dekm_consistent_v1,airpollution_mvdec_dekm_consistent_v1_2b88b20cd9b6_seed_44,2b88b20cd9b6ab9268889294ab249f6a1e5fb71b3e5ee88d2e8fde10ebe63a10,-42.014767,-119.22217,-104.84218,596.51917,-237.21216,138.23482,566.4207,-193.29884,102.24234,786.7538,3
1429,mvdec_dekm_consistent_v1,airpollution_mvdec_dekm_consistent_v1_2b88b20cd9b6_seed_44,2b88b20cd9b6ab9268889294ab249f6a1e5fb71b3e5ee88d2e8fde10ebe63a10,-10.326452,-29.317036,-25.771896,146.80313,-58.34813,34.006767,139.35243,-47.566456,25.186945,193.57278,3
1430,mvdec_dekm_consistent_v1,airpollution_mvdec_dekm_consistent_v1_2b88b20cd9b6_seed_44,2b88b20cd9b6ab9268889294ab249f6a1e5fb71b3e5ee88d2e8fde10ebe63a10,-13.941672,-39.57221,-34.792686,198.10779,-78.752014,45.897057,188.07034,-64.19143,33.978653,261.2423,3
1431,mvdec_dekm_consistent_v1,airpollution_mvdec_dekm_consistent_v1_2b88b20cd9b6_seed_44,2b88b20cd9b6ab9268889294ab249f6a1e5fb71b3e5ee88d2e8fde10ebe63a10,-36.666534,-104.045235,-91.495544,520.6022,-207.0174,120.63981,494.32455,-168.69754,89.23497,686.61743,3
1432,mvdec_dekm_consistent_v1,airpollution_mvdec_dekm_consistent_v1_2b88b20cd9b6_seed_44,2b88b20cd9b6ab9268889294ab249f6a1e5fb71b3e5ee88d2e8fde10ebe63a10,-49.56202,-140.64423,-123.68432,703.7134,-279.8316,163.0726,668.2027,-228.02882,120.61677,928.1317,3
1433,mvdec_dekm_consistent_v1,airpollution_mvdec_dekm_consistent_v1_2b88b20cd9b6_seed_44,2b88b20cd9b6ab9268889294ab249f6a1e5fb71b3e5ee88d2e8fde10ebe63a10,-16.41098,-46.574364,-40.952854,233.13799,-92.68269,54.01515,221.33177,-75.54252,39.9819,307.44516,3
1434,mvdec_dekm_consistent_v1,airpollution_mvdec_dekm_consistent_v1_2b88b20cd9b6_seed_44,2b88b20cd9b6ab9268889294ab249f6a1e5fb71b3e5ee88d2e8fde10ebe63a10,-16.084684,-45.649277,-40.137924,228.50504,-90.84041,52.941505,216.93329,-74.04125,39.18725,301.33478,3
1435,mvdec_dekm_consistent_v1,airpollution_mvdec_dekm_consistent_v1_2b88b20cd9b6_seed_44,2b88b20cd9b6ab9268889294ab249f6a1e5fb71b3e5ee88d2e8fde10ebe63a10,-36.125813,-102.509865,-90.14522,512.9266,-203.96252,118.860176,487.0316,-166.20914,87.92047,676.49023,3
1436,mvdec_dekm_consistent_v1,airpollution_mvdec_dekm_consistent_v1_2b88b20cd9b6_seed_44,2b88b20cd9b6ab9268889294ab249f6a1e5fb71b3e5ee88d2e8fde10ebe63a10,-57.65422,-163.58995,-143.86224,818.4467,-325.47766,189.66933,777.1693,-265.21472,140.26776,1079.4775,3
1437,mvdec_dekm_consistent_v1,airpollution_mvdec_dekm_consistent_v1_2b88b20cd9b6_seed_44,2b88b20cd9b6ab9268889294ab249f6a1e5fb71b3e5ee88d2e8fde10ebe63a10,-86.785416,-246.24011,-216.55069,1231.8666,-489.90634,285.4854,1169.771,-399.18542,211.10358,1624.785,3
1438,mvdec_dekm_consistent_v1,airpollution_mvdec_dekm_consistent_v1_2b88b20cd9b6_seed_44,2b88b20cd9b6ab9268889294ab249f6a1e5fb71b3e5ee88d2e8fde10ebe63a10,-117.97731,-334.73596,-294.3808,1674.5281,-665.9666,388.0791,1590.1434,-542.63257,286.94946,2208.6638,3
1439,mvdec_dekm_consistent_v1,airpollution_mvdec_dekm_consistent_v1_2b88b20cd9b6_seed_44,2b88b20cd9b6ab9268889294ab249f6a1e5fb71b3e5ee88d2e8fde10ebe63a10,-149.5528,-424.32034,-373.16852,2122.6362,-844.1922,491.93484,2015.6868,-687.8445,363.72894,2799.726,3
1440,mvdec_dekm_consistent_v1,airpollution_mvdec_dekm_consistent_v1_2b88b20cd9b6_seed_44,2b88b20cd9b6ab9268889294ab249f6a1e5fb71b3e5ee88d2e8fde10ebe63a10,-181.68564,-515.4859,-453.34662,2578.653,-1025.5634,597.6234,2448.7405,-835.6191,441.86368,3401.2195,0
1441,mvdec_dekm_consistent_v1,airpollution_mvdec_dekm_consistent_v1_2b88b20cd9b6_seed_44,2b88b20cd9b6ab9268889294ab249f6a1e5fb71b3e5ee88d2e8fde10ebe63a10,-214.11288,-607.50073,-534.2716,3038.9534,-1208.625,704.2994,2885.8528,-984.7757,520.73865,4008.3533,0
1442,mvdec_dekm_consistent_v1,airpollution_mvdec_dekm_consistent_v1_2b88b20cd9b6_seed_44,2b88b20cd9b6ab9268889294ab249f6a1e5fb71b3e5ee88d2e8fde10ebe63a10,-246.75821,-700.0978,-615.7128,3502.1333,-1392.8423,811.64813,3325.6895,-1134.8711,600.0991,4619.2856,0
1443,mvdec_dekm_consistent_v1,airpollution_mvdec_dekm_consistent_v1_2b88b20cd9b6_seed_44,2b88b20cd9b6ab9268889294ab249f6a1e5fb71b3e5ee88d2e8fde10ebe63a10,-279.53992,-793.10474,-697.5107,3967.3613,-1577.8766,919.4716,3767.4902,-1285.6309,679.81256,5232.9297,0
1444,mvdec_dekm_consistent_v1,airpollution_mvdec_dekm_consistent_v1_2b88b20cd9b6_seed_44,2b88b20cd9b6ab9268889294ab249f6a1e5fb71b3e5ee88d2e8fde10ebe63a10,-312.4207,-886.39197,-779.5545,4433.9907,-1763.4694,1027.6199,4210.623,-1436.8446,759.7651,5848.422,0
1445,mvdec_dekm_consistent_v1,airpollution_mvdec_dekm_consistent_v1_2b88b20cd9b6_seed_44,2b88b20cd9b6ab9268889294ab249f6a1e5fb71b3e5ee88d2e8fde10ebe63a10,-338.643,-960.78815,-844.9846,4806.125,-1911.4781,1113.8678,4564.019,-1557.437,823.5272,6339.2744,0
1446,mvdec_dekm_consistent_v1,airpollution_mvdec_dekm_consistent_v1_2b88b20cd9b6_seed_44,2b88b20cd9b6ab9268889294ab249f6a1e5fb71b3e5ee88d2e8fde10ebe63a10,-365.2995,-1036.4169,-911.4985,5184.4253,-2061.9397,1201.5447,4923.2705,-1680.0273,888.34576,6838.2593,0
1447,mvdec_dekm_consistent_v1,airpollution_mvdec_dekm_consistent_v1_2b88b20cd9b6_seed_44,2b88b20cd9b6ab9268889294ab249f6a1e5fb71b3e5ee88d2e8fde10ebe63a10,-392.96002,-1114.8945,-980.5179,5576.975,-2218.068,1292.5239,5296.0527,-1807.2354,955.6058,7356.039,0
1448,mvdec_dekm_consistent_v1,airpollution_mvdec_dekm_consistent_v1_2b88b20cd9b6_seed_44,2b88b20cd9b6ab9268889294ab249f6a1e5fb71b3e5ee88d2e8fde10ebe63a10,-421.4272,-1195.6597,-1051.5491,5980.969,-2378.7485,1386.1555,5679.7046,-1938.1516,1024.8269,7888.9136,0
1449,mvdec_dekm_consistent_v1,airpollution_mvdec_dekm_consistent_v1_2b88b20cd9b6_seed_44,2b88b20cd9b6ab9268889294ab249f6a1e5fb71b3e5ee88d2e8fde10ebe63a10,-450.53406,-1278.2412,-1124.1775,6394.047,-2543.0415,1481.8926,6071.981,-2072.0115,1095.6042,8433.771,2
1450,mvdec_dekm_consistent_v1,airpollution_mvdec_dekm_consistent_v1_2b88b20cd9b6_seed_44,2b88b20cd9b6ab9268889294ab249f6a1e5fb71b3e5ee88d2e8fde10ebe63a10,-480.16992,-1362.3218,-1198.1246,6814.6235,-2710.3174,1579.3676,6471.3804,-2208.3022,1167.6663,8988.52,2
1451,mvdec_dekm_consistent_v1,airpollution_mvdec_dekm_consistent_v1_2b88b20cd9b6_seed_44,2b88b20cd9b6ab9268889294ab249f6a1e5fb71b3e5ee88d2e8fde10ebe63a10,-510.2493,-1447.6614,-1273.1793,7241.501,-2880.0981,1678.3024,6876.7603,-2346.6335,1240.8079,9551.575,2
1452,mvdec_dekm_consistent_v1,airpollution_mvdec_dekm_consistent_v1_2b88b20cd9b6_seed_44,2b88b20cd9b6ab9268889294ab249f6a1e5fb71b3e5ee88d2e8fde10ebe63a10,-540.6983,-1534.0498,-1349.156,7673.621,-3051.965,1778.453,7287.1216,-2486.6646,1314.8484,10121.55,2
1453,mvdec_dekm_consistent_v1,airpollution_mvdec_dekm_consistent_v1_2b88b20cd9b6_seed_44,2b88b20cd9b6ab9268889294ab249f6a1e5fb71b3e5ee88d2e8fde10ebe63a10,-571.45636,-1621.3148,-1425.9042,8110.13,-3225.5762,1879.6198,7701.6484,-2628.1167,1389.6407,10697.31,2
1454,mvdec_dekm_consistent_v1,airpollution_mvdec_dekm_consistent_v1_2b88b20cd9b6_seed_44,2b88b20cd9b6ab9268889294ab249f6a1e5fb71b3e5ee88d2e8fde10ebe63a10,-602.4803,-1709.3344,-1503.3152,8550.41,-3400.6887,1981.661,8119.757,-2770.7917,1465.0786,11278.048,2
1455,mvdec_dekm_consistent_v1,airpollution_mvdec_dekm_consistent_v1_2b88b20cd9b6_seed_44,2b88b20cd9b6ab9268889294ab249f6a1e5fb71b3e5ee88d2e8fde10ebe63a10,-628.407,-1782.8921,-1568.0074,8918.351,-3547.0293,2066.937,8469.169,-2890.0251,1528.1224,11763.367,2
1456,mvdec_dekm_consistent_v1,airpollution_mvdec_dekm_consistent_v1_2b88b20cd9b6_seed_44,2b88b20cd9b6ab9268889294ab249f6a1e5fb71b3e5ee88d2e8fde10ebe63a10,-654.8714,-1857.9751,-1634.0421,9293.924,-3696.4058,2153.9817,8825.83,-3011.7314,1592.4738,12258.755,2
1457,mvdec_dekm_consistent_v1,airpollution_mvdec_dekm_consistent_v1_2b88b20cd9b6_seed_44,2b88b20cd9b6ab9268889294ab249f6a1e5fb71b3e5ee88d2e8fde10ebe63a10,-679.5933,-1928.1138,-1695.7278,9644.765,-3835.9436,2235.2937,9159.002,-3125.423,1652.5873,12721.516,2
1458,mvdec_dekm_consistent_v1,airpollution_mvdec_dekm_consistent_v1_2b88b20cd9b6_seed_44,2b88b20cd9b6ab9268889294ab249f6a1e5fb71b3e5ee88d2e8fde10ebe63a10,-704.7247,-1999.4155,-1758.4357,10001.419,-3977.7961,2317.954,9497.696,-3240.9985,1713.6975,13191.951,2
1459,mvdec_dekm_consistent_v1,airpollution_mvdec_dekm_consistent_v1_2b88b20cd9b6_seed_44,2b88b20cd9b6ab9268889294ab249f6a1e5fb71b3e5ee88d2e8fde10ebe63a10,-730.4877,-2072.5066,-1822.7188,10367.031,-4123.2085,2402.6895,9844.895,-3359.4766,1776.3422,13674.196,2
1460,mvdec_dekm_consistent_v1,airpollution_mvdec_dekm_consistent_v1_2b88b20cd9b6_seed_44,2b88b20cd9b6ab9268889294ab249f6a1e5fb71b3e5ee88d2e8fde10ebe63a10,-756.835,-2147.2583,-1888.461,10740.944,-4271.9243,2489.3494,10199.9795,-3480.6448,1840.409,14167.395,2
1461,mvdec_dekm_consistent_v1,airpollution_mvdec_dekm_consistent_v1_2b88b20cd9b6_seed_44,2b88b20cd9b6ab9268889294ab249f6a1e5fb71b3e5ee88d2e8fde10ebe63a10,-783.2518,-2222.204,-1954.375,11115.832,-4421.0273,2576.235,10555.987,-3602.1284,1904.6431,14661.877,2
1462,mvdec_dekm_consistent_v1,airpollution_mvdec_dekm_consistent_v1_2b88b20cd9b6_seed_44,2b88b20cd9b6ab9268889294ab249f6a1e5fb71b3e5ee88d2e8fde10ebe63a10,-810.10364,-2298.3875,-2021.377,11496.911,-4572.592,2664.5552,10917.874,-3725.6184,1969.9382,15164.522,1
1463,mvdec_dekm_consistent_v1,airpollution_mvdec_dekm_consistent_v1_2b88b20cd9b6_seed_44,2b88b20cd9b6ab9268889294ab249f6a1e5fb71b3e5ee88d2e8fde10ebe63a10,-837.4148,-2375.872,-2089.5234,11884.498,-4726.7456,2754.3843,11285.944,-3851.2183,2036.3486,15675.757,1
1464,mvdec_dekm_consistent_v1,airpollution_mvdec_dekm_consistent_v1_2b88b20cd9b6_seed_44,2b88b20cd9b6ab9268889294ab249f6a1e5fb71b3e5ee88d2e8fde10ebe63a10,-865.1417,-2454.5376,-2158.7073,12277.988,-4883.2476,2845.5806,11659.617,-3978.7302,2103.7695,16194.776,1
1465,mvdec_dekm_consistent_v1,airpollution_mvdec_dekm_consistent_v1_2b88b20cd9b6_seed_44,2b88b20cd9b6ab9268889294ab249f6a1e5fb71b3e5ee88d2e8fde10ebe63a10,-893.24524,-2534.272,-2228.8323,12676.826,-5041.877,2938.0176,12038.372,-4107.9756,2172.1077,16720.852,1
1466,mvdec_dekm_consistent_v1,airpollution_mvdec_dekm_consistent_v1_2b88b20cd9b6_seed_44,2b88b20cd9b6ab9268889294ab249f6a1e5fb71b3e5ee88d2e8fde10ebe63a10,-908.7302,-2578.205,-2267.4707,12896.585,-5129.2817,2988.9492,12247.063,-4179.1895,2209.761,17010.713,1
1467,mvdec_dekm_consistent_v1,airpollution_mvdec_dekm_consistent_v1_2b88b20cd9b6_seed_44,2b88b20cd9b6ab9268889294ab249f6a1e5fb71b3e5ee88d2e8fde10ebe63a10,-923.82776,-2621.0398,-2305.1423,13110.846,-5214.4995,3038.6074,12450.537,-4248.6226,2246.4731,17293.334,1
1468,mvdec_dekm_consistent_v1,airpollution_mvdec_dekm_consistent_v1_2b88b20cd9b6_seed_44,2b88b20cd9b6ab9268889294ab249f6a1e5fb71b3e5ee88d2e8fde10ebe63a10,-939.8372,-2666.4612,-2345.0898,13338.049,-5304.864,3091.2654,12666.299,-4322.2485,2285.403,17593.016,1
1469,mvdec_dekm_consistent_v1,airpollution_mvdec_dekm_consistent_v1_2b88b20cd9b6_seed_44,2b88b20cd9b6ab9268889294ab249f6a1e5fb71b3e5ee88d2e8fde10ebe63a10,-955.2936,-2710.314,-2383.6572,13557.405,-5392.1074,3142.1035,12874.608,-4393.332,2322.9875,17882.35,1
1470,mvdec_dekm_consistent_v1,airpollution_mvdec_dekm_consistent_v1_2b88b20cd9b6_seed_44,2b88b20cd9b6ab9268889294ab249f6a1e5fb71b3e5ee88d2e8fde10ebe63a10,-312.05612,-885.36566,-778.6492,4428.8325,-1761.4283,1026.4279,4205.744,-1435.1777,758.87805,5841.6323,0
1471,mvdec_dekm_consistent_v1,airpollution_mvdec_dekm_consistent_v1_2b88b20cd9b6_seed_44,2b88b20cd9b6ab9268889294ab249f6a1e5fb71b3e5ee88d2e8fde10ebe63a10,-285.68994,-810.5614,-712.86,4054.6528,-1612.6073,939.7066,3850.409,-1313.9232,694.7651,5348.084,0
1472,mvdec_dekm_consistent_v1,airpollution_mvdec_dekm_consistent_v1_2b88b20cd9b6_seed_44,2b88b20cd9b6ab9268889294ab249f6a1e5fb71b3e5ee88d2e8fde10ebe63a10,-260.8963,-740.21924,-650.9954,3702.7942,-1472.6637,858.15826,3516.2698,-1199.9017,634.4767,4883.977,0
1473,mvdec_dekm_consistent_v1,airpollution_mvdec_dekm_consistent_v1_2b88b20cd9b6_seed_44,2b88b20cd9b6ab9268889294ab249f6a1e5fb71b3e5ee88d2e8fde10ebe63a10,-234.41766,-665.0958,-584.926,3327.0198,-1323.2083,771.0673,3159.4197,-1078.1307,570.0908,4388.3267,0
1474,mvdec_dekm_consistent_v1,airpollution_mvdec_dekm_consistent_v1_2b88b20cd9b6_seed_44,2b88b20cd9b6ab9268889294ab249f6a1e5fb71b3e5ee88d2e8fde10ebe63a10,-201.5622,-571.8804,-502.94498,2860.7483,-1137.7593,663.00214,2716.6284,-927.0332,490.1988,3773.307,0
1475,mvdec_dekm_consistent_v1,airpollution_mvdec_dekm_consistent_v1_2b88b20cd9b6_seed_44,2b88b20cd9b6ab9268889294ab249f6a1e5fb71b3e5ee88d2e8fde10ebe63a10,-168.85518,-479.08597,-421.33417,2396.5815,-953.14734,555.4249,2275.8364,-776.61786,410.66766,3161.064,3
1476,mvdec_dekm_consistent_v1,airpollution_mvdec_dekm_consistent_v1_2b88b20cd9b6_seed_44,2b88b20cd9b6ab9268889294ab249f6a1e5fb71b3e5ee88d2e8fde10ebe63a10,-136.4036,-387.01605,-340.36066,1936.0399,-769.9769,448.68762,1838.4861,-627.37714,331.7576,2553.6025,3
1477,mvdec_dekm_consistent_v1,airpollution_mvdec_dekm_consistent_v1_2b88b20cd9b6_seed_44,2b88b20cd9b6ab9268889294ab249f6a1e5fb71b3e5ee88d2e8fde10ebe63a10,-104.4462,-296.34827,-260.6203,1482.5125,-589.59607,343.57608,1407.7966,-480.40924,254.0495,1955.3922,3
1478,mvdec_dekm_consistent_v1,airpollution_mvdec_dekm_consistent_v1_2b88b20cd9b6_seed_44,2b88b20cd9b6ab9268889294ab249f6a1e5fb71b3e5ee88d2e8fde10ebe63a10,-73.630974,-208.9221,-183.73022,1045.1986,-415.66437,242.22221,992.50555,-338.69562,179.11917,1378.5687,3
1479,mvdec_dekm_consistent_v1,airpollution_mvdec_dekm_consistent_v1_2b88b20cd9b6_seed_44,2b88b20cd9b6ab9268889294ab249f6a1e5fb71b3e5ee88d2e8fde10ebe63a10,-46.29307,-131.36214,-115.51738,657.23566,-261.36142,152.3062,624.0809,-212.97464,112.64469,866.8407,3
1480,mvdec_dekm_consistent_v1,airpollution_mvdec_dekm_consistent_v1_2b88b20cd9b6_seed_44,2b88b20cd9b6ab9268889294ab249f6a1e5fb71b3e5ee88d2e8fde10ebe63a10,-32.752434,-92.9459,-81.73141,465.07574,-184.93437,107.7704,441.59808,-150.70445,79.7199,613.379,3
1481,mvdec_dekm_consistent_v1,airpollution_mvdec_dekm_consistent_v1_2b88b20cd9b6_seed_44,2b88b20cd9b6ab9268889294ab249f6a1e5fb71b3e5ee88d2e8fde10ebe63a10,-42.45262,-120.46707,-105.93561,602.7372,-239.68694,139.67572,572.3286,-195.31464,103.30686,794.9577,3
1482,mvdec_dekm_consistent_v1,airpollution_mvdec_dekm_consistent_v1_2b88b20cd9b6_seed_44,2b88b20cd9b6ab9268889294ab249f6a1e5fb71b3e5ee88d2e8fde10ebe63a10,-10.184717,-28.918217,-25.42025,144.8068,-57.55511,33.543877,137.45886,-46.919952,24.844654,190.94084,3
1483,mvdec_dekm_consistent_v1,airpollution_mvdec_dekm_consistent_v1_2b88b20cd9b6_seed_44,2b88b20cd9b6ab9268889294ab249f6a1e5fb71b3e5ee88d2e8fde10ebe63a10,-24.417278,-69.297905,-60.934097,346.79102,-137.88959,80.35685,329.2709,-112.373795,59.45311,457.3601,3
1484,mvdec_dekm_consistent_v1,airpollution_mvdec_dekm_consistent_v1_2b88b20cd9b6_seed_44,2b88b20cd9b6ab9268889294ab249f6a1e5fb71b3e5ee88d2e8fde10ebe63a10,-57.411785,-162.90657,-143.26227,815.0402,-324.12332,188.88017,773.9368,-264.11127,139.6849,1074.9855,3
1485,mvdec_dekm_consistent_v1,airpollution_mvdec_dekm_consistent_v1_2b88b20cd9b6_seed_44,2b88b20cd9b6ab9268889294ab249f6a1e5fb71b3e5ee88d2e8fde10ebe63a10,-90.28311,-256.16528,-225.2821,1281.5211,-509.657,296.99374,1216.9271,-415.27744,219.61237,1690.2822,3
1486,mvdec_dekm_consistent_v1,airpollution_mvdec_dekm_consistent_v1_2b88b20cd9b6_seed_44,2b88b20cd9b6ab9268889294ab249f6a1e5fb71b3e5ee88d2e8fde10ebe63a10,-113.25018,-321.3244,-282.58948,1607.4628,-639.2909,372.53528,1526.4515,-520.8994,275.46106,2120.2017,3
1487,mvdec_dekm_consistent_v1,airpollution_mvdec_dekm_consistent_v1_2b88b20cd9b6_seed_44,2b88b20cd9b6ab9268889294ab249f6a1e5fb71b3e5ee88d2e8fde10ebe63a10,-138.89156,-394.0718,-346.56897,1971.3447,-784.0176,456.8702,1872.01,-638.81744,337.80844,2600.1685,3
1488,mvdec_dekm_consistent_v1,airpollution_mvdec_dekm_consistent_v1_2b88b20cd9b6_seed_44,2b88b20cd9b6ab9268889294ab249f6a1e5fb71b3e5ee88d2e8fde10ebe63a10,-167.0798,-474.04395,-416.90393,2371.378,-943.12054,549.5832,2251.8955,-768.4497,406.35175,3127.8162,3
1489,mvdec_dekm_consistent_v1,airpollution_mvdec_dekm_consistent_v1_2b88b20cd9b6_seed_44,2b88b20cd9b6ab9268889294ab249f6a1e5fb71b3e5ee88d2e8fde10ebe63a10,-188.55333,-534.96765,-470.48337,2676.1152,-1064.3235,620.2107,2541.2886,-867.20123,458.56476,3529.77,0
1490,mvdec_dekm_consistent_v1,airpollution_mvdec_dekm_consistent_v1_2b88b20cd9b6_seed_44,2b88b20cd9b6ab9268889294ab249f6a1e5fb71b3e5ee88d2e8fde10ebe63a10,-196.56007,-557.6822,-490.4619,2789.7437,-1109.515,646.5453,2649.1912,-904.02246,478.03546,3679.646,0
1491,mvdec_dekm_consistent_v1,airpollution_mvdec_dekm_consistent_v1_2b88b20cd9b6_seed_44,2b88b20cd9b6ab9268889294ab249f6a1e5fb71b3e5ee88d2e8fde10ebe63a10,-173.07097,-491.03976,-431.85135,2456.3938,-976.9319,569.28644,2332.627,-795.99854,420.9187,3239.9512,3
1492,mvdec_dekm_consistent_v1,airpollution_mvdec_dekm_consistent_v1_2b88b20cd9b6_seed_44,2b88b20cd9b6ab9268889294ab249f6a1e5fb71b3e5ee88d2e8fde10ebe63a10,-153.18912,-434.6328,-382.2426,2174.2444,-864.7129,503.89392,2064.6853,-704.56635,372.57513,2867.7908,3
1493,mvdec_dekm_consistent_v1,airpollution_mvdec_dekm_consistent_v1_2b88b20cd9b6_seed_44,2b88b20cd9b6ab9268889294ab249f6a1e5fb71b3e5ee88d2e8fde10ebe63a10,-138.52997,-393.04446,-345.66455,1966.2075,-781.9723,455.67886,1867.1279,-637.15155,336.9286,2593.3894,3
1494,mvdec_dekm_consistent_v1,airpollution_mvdec_dekm_consistent_v1_2b88b20cd9b6_seed_44,2b88b20cd9b6ab9268889294ab249f6a1e5fb71b3e5ee88d2e8fde10ebe63a10,-127.323265,-361.25095,-317.70108,1807.1641,-718.7183,418.81894,1716.0975,-585.6134,309.67645,2383.611,3
1495,mvdec_dekm_consistent_v1,airpollution_mvdec_dekm_consistent_v1_2b88b20cd9b6_seed_44,2b88b20cd9b6ab9268889294ab249f6a1e5fb71b3e5ee88d2e8fde10ebe63a10,-123.9608,-351.7108,-309.3117,1759.4475,-699.7402,407.76,1670.7834,-570.15076,301.5012,2320.672,3
1496,mvdec_dekm_consistent_v1,airpollution_mvdec_dekm_consistent_v1_2b88b20cd9b6_seed_44,2b88b20cd9b6ab9268889294ab249f6a1e5fb71b3e5ee88d2e8fde10ebe63a10,-115.27803,-327.07733,-287.6469,1636.2263,-650.7329,379.2021,1553.7697,-530.22095,280.38788,2158.1433,3
1497,mvdec_dekm_consistent_v1,airpollution_mvdec_dekm_consistent_v1_2b88b20cd9b6_seed_44,2b88b20cd9b6ab9268889294ab249f6a1e5fb71b3e5ee88d2e8fde10ebe63a10,-84.589165,-240.00958,-211.07217,1200.7029,-477.5144,278.26367,1140.1804,-389.08792,205.76404,1583.6824,3
1498,mvdec_dekm_consistent_v1,airpollution_mvdec_dekm_consistent_v1_2b88b20cd9b6_seed_44,2b88b20cd9b6ab9268889294ab249f6a1e5fb71b3e5ee88d2e8fde10ebe63a10,-55.876347,-158.54855,-139.42783,793.22076,-315.44922,183.8244,753.22186,-257.0421,135.94438,1046.21,3
1499,mvdec_dekm_consistent_v1,airpollution_mvdec_dekm_consistent_v1_2b88b20cd9b6_seed_44,2b88b20cd9b6ab9268889294ab249f6a1e5fb71b3e5ee88d2e8fde10ebe63a10,-32.205513,-91.39309,-80.36455,457.29593,-181.84322,105.969124,434.21582,-148.18437,78.38561,603.12146,3
1500,mvdec_dekm_consistent_v1,airpollution_mvdec_dekm_consistent_v1_2b88b20cd9b6_seed_44,2b88b20cd9b6ab9268889294ab249f6a1e5fb71b3e5ee88d2e8fde10ebe63a10,-8.4893,-24.101334,-21.18624,120.71398,-47.97228,27.96107,114.57724,-39.11246,20.716944,159.16165,3
1501,mvdec_dekm_consistent_v1,airpollution_mvdec_dekm_consistent_v1_2b88b20cd9b6_seed_44,2b88b20cd9b6ab9268889294ab249f6a1e5fb71b3e5ee88d2e8fde10ebe63a10,-23.48002,-66.62749,-58.58936,333.4651,-132.57639,77.26446,316.59103,-108.049706,57.17425,439.76584,3
1502,mvdec_dekm_consistent_v1,airpollution_mvdec_dekm_consistent_v1_2b88b20cd9b6_seed_44,2b88b20cd9b6ab9268889294ab249f6a1e5fb71b3e5ee88d2e8fde10ebe63a10,-56.368614,-159.93703,-140.65384,800.20935,-318.21384,185.4393,759.8314,-259.30054,137.14738,1055.4088,3
1503,mvdec_dekm_consistent_v1,airpollution_mvdec_dekm_consistent_v1_2b88b20cd9b6_seed_44,2b88b20cd9b6ab9268889294ab249f6a1e5fb71b3e5ee88d2e8fde10ebe63a10,-28.635036,-81.25325,-71.45306,406.62033,-161.67448,94.219666,386.0653,-131.75714,69.70871,536.2614,3
1504,mvdec_dekm_consistent_v1,airpollution_mvdec_dekm_consistent_v1_2b88b20cd9b6_seed_44,2b88b20cd9b6ab9268889294ab249f6a1e5fb71b3e5ee88d2e8fde10ebe63a10,-7.453968,-21.160322,-18.60098,106.022285,-42.120422,24.552208,100.608986,-34.347813,18.202698,139.7716,3
1505,mvdec_dekm_consistent_v1,airpollution_mvdec_dekm_consistent_v1_2b88b20cd9b6_seed_44,2b88b20cd9b6ab9268889294ab249f6a1e5fb71b3e5ee88d2e8fde10ebe63a10,-12.862852,-36.50763,-32.097874,182.78552,-72.65188,42.34347,173.50858,-59.223557,31.354925,241.02454,3
1506,mvdec_dekm_consistent_v1,airpollution_mvdec_dekm_consistent_v1_2b88b20cd9b6_seed_44,2b88b20cd9b6ab9268889294ab249f6a1e5fb71b3e5ee88d2e8fde10ebe63a10,-44.65454,-126.70643,-111.42499,633.9612,-252.09894,146.91078,601.96735,-205.42992,108.65882,836.1337,3
1507,mvdec_dekm_consistent_v1,airpollution_mvdec_dekm_consistent_v1_2b88b20cd9b6_seed_44,2b88b20cd9b6ab9268889294ab249f6a1e5fb71b3e5ee88d2e8fde10ebe63a10,-77.43027,-219.6964,-193.20706,1099.1007,-437.09894,254.71391,1043.6855,-356.16098,188.35603,1449.6611,3
1508,mvdec_dekm_consistent_v1,airpollution_mvdec_dekm_consistent_v1_2b88b20cd9b6_seed_44,2b88b20cd9b6ab9268889294ab249f6a1e5fb71b3e5ee88d2e8fde10ebe63a10,-110.46965,-313.4343,-275.64764,1567.9854,-623.5871,363.38467,1488.9581,-508.10522,268.69586,2068.1274,3
1509,mvdec_dekm_consistent_v1,airpollution_mvdec_dekm_consistent_v1_2b88b20cd9b6_seed_44,2b88b20cd9b6ab9268889294ab249f6a1e5fb71b3e5ee88d2e8fde10ebe63a10,-143.60251,-407.43683,-358.32083,2038.1925,-810.6027,472.3624,1935.4886,-660.4787,349.26154,2688.339,3
1510,mvdec_dekm_consistent_v1,airpollution_mvdec_dekm_consistent_v1_2b88b20cd9b6_seed_44,2b88b20cd9b6ab9268889294ab249f6a1e5fb71b3e5ee88d2e8fde10ebe63a10,-176.74957,-501.49393,-441.04193,2508.7085,-997.72766,581.40576,2382.3015,-812.94543,429.8869,3308.9463,3
1511,mvdec_dekm_consistent_v1,airpollution_mvdec_dekm_consistent_v1_2b88b20cd9b6_seed_44,2b88b20cd9b6ab9268889294ab249f6a1e5fb71b3e5ee88d2e8fde10ebe63a10,-207.79083,-589.54846,-518.4842,2949.13,-1172.9087,683.4854,2800.5544,-955.67236,505.34302,3889.8796,0
1512,mvdec_dekm_consistent_v1,airpollution_mvdec_dekm_consistent_v1_2b88b20cd9b6_seed_44,2b88b20cd9b6ab9268889294ab249f6a1e5fb71b3e5ee88d2e8fde10ebe63a10,-239.03209,-678.1844,-596.43774,3392.494,-1349.2473,786.24164,3221.5923,-1099.3469,581.30975,4474.6846,0
1513,mvdec_dekm_consistent_v1,airpollution_mvdec_dekm_consistent_v1_2b88b20cd9b6_seed_44,2b88b20cd9b6ab9268889294ab249f6a1e5fb71b3e5ee88d2e8fde10ebe63a10,-266.30295,-755.55585,-664.48456,3779.513,-1503.1755,875.9387,3589.1226,-1224.7622,647.6223,4985.1685,0
1514,mvdec_dekm_consistent_v1,airpollution_mvdec_dekm_consistent_v1_2b88b20cd9b6_seed_44,2b88b20cd9b6ab9268889294ab249f6a1e5fb71b3e5ee88d2e8fde10ebe63a10,-292.03006,-828.5473,-728.679,4144.623,-1648.3893,960.55817,3935.8452,-1343.0776,710.1815,5466.754,0
1515,mvdec_dekm_consistent_v1,airpollution_mvdec_dekm_consistent_v1_2b88b20cd9b6_seed_44,2b88b20cd9b6ab9268889294ab249f6a1e5fb71b3e5ee88d2e8fde10ebe63a10,-319.12015,-905.4054,-796.2742,4529.0737,-1801.2964,1049.6602,4300.9355,-1467.6608,776.0535,5973.8506,0
1516,mvdec_dekm_consistent_v1,airpollution_mvdec_dekm_consistent_v1_2b88b20cd9b6_seed_44,2b88b20cd9b6ab9268889294ab249f6a1e5fb71b3e5ee88d2e8fde10ebe63a10,-347.27798,-985.29236,-866.5331,4928.675,-1960.2288,1142.2736,4680.414,-1597.1536,844.5224,6500.931,0
1517,mvdec_dekm_consistent_v1,airpollution_mvdec_dekm_consistent_v1_2b88b20cd9b6_seed_44,2b88b20cd9b6ab9268889294ab249f6a1e5fb71b3e5ee88d2e8fde10ebe63a10,-376.2541,-1067.501,-938.83417,5339.8916,-2123.7808,1237.5791,5070.922,-1730.4103,914.98083,7043.3306,0
1518,mvdec_dekm_consistent_v1,airpollution_mvdec_dekm_consistent_v1_2b88b20cd9b6_seed_44,2b88b20cd9b6ab9268889294ab249f6a1e5fb71b3e5ee88d2e8fde10ebe63a10,-405.86865,-1151.5215,-1012.72906,5760.171,-2290.937,1334.9845,5470.035,-1866.6033,986.99243,7597.6846,0
1519,mvdec_dekm_consistent_v1,airpollution_mvdec_dekm_consistent_v1_2b88b20cd9b6_seed_44,2b88b20cd9b6ab9268889294ab249f6a1e5fb71b3e5ee88d2e8fde10ebe63a10,-436.00504,-1237.0217,-1087.925,6187.8516,-2461.0369,1434.1056,5876.1787,-2005.1952,1060.2725,8161.8027,0
1520,mvdec_dekm_consistent_v1,airpollution_mvdec_dekm_consistent_v1_2b88b20cd9b6_seed_44,2b88b20cd9b6ab9268889294ab249f6a1e5fb71b3e5ee88d2e8fde10ebe63a10,-466.56226,-1323.7153,-1164.1705,6621.5015,-2633.511,1534.6102,6287.9893,-2145.7214,1134.5751,8733.792,2
1521,mvdec_dekm_consistent_v1,airpollution_mvdec_dekm_consistent_v1_2b88b20cd9b6_seed_44,2b88b20cd9b6ab9268889294ab249f6a1e5fb71b3e5ee88d2e8fde10ebe63a10,-497.46265,-1411.384,-1241.2736,7060.0312,-2807.9253,1636.2454,6704.4336,-2287.8284,1209.7139,9312.219,2
1522,mvdec_dekm_consistent_v1,airpollution_mvdec_dekm_consistent_v1_2b88b20cd9b6_seed_44,2b88b20cd9b6ab9268889294ab249f6a1e5fb71b3e5ee88d2e8fde10ebe63a10,-528.6472,-1499.8597,-1319.086,7502.596,-2983.9456,1738.8158,7124.711,-2431.2437,1285.5436,9895.967,2
1523,mvdec_dekm_consistent_v1,airpollution_mvdec_dekm_consistent_v1_2b88b20cd9b6_seed_44,2b88b20cd9b6ab9268889294ab249f6a1e5fb71b3e5ee88d2e8fde10ebe63a10,-555.7999,-1576.8962,-1386.8378,7887.9395,-3137.2068,1828.1245,7490.6484,-2556.116,1351.5698,10404.24,2
1524,mvdec_dekm_consistent_v1,airpollution_mvdec_dekm_consistent_v1_2b88b20cd9b6_seed_44,2b88b20cd9b6ab9268889294ab249f6a1e5fb71b3e5ee88d2e8fde10ebe63a10,-581.7721,-1650.5829,-1451.6434,8256.526,-3283.8044,1913.5499,7840.6753,-2675.5579,1414.7236,10890.412,2
1525,mvdec_dekm_consistent_v1,airpollution_mvdec_dekm_consistent_v1_2b88b20cd9b6_seed_44,2b88b20cd9b6ab9268889294ab249f6a1e5fb71b3e5ee88d2e8fde10ebe63a10,-608.1614,-1725.4541,-1517.4913,8631.039,-3432.7588,2000.3488,8196.329,-2796.9207,1478.8933,11384.398,2
1526,mvdec_dekm_consistent_v1,airpollution_mvdec_dekm_consistent_v1_2b88b20cd9b6_seed_44,2b88b20cd9b6ab9268889294ab249f6a1e5fb71b3e5ee88d2e8fde10ebe63a10,-632.6773,-1795.01,-1578.6647,8978.967,-3571.1394,2080.9858,8526.734,-2909.6685,1538.5079,11843.321,2
1527,mvdec_dekm_consistent_v1,airpollution_mvdec_dekm_consistent_v1_2b88b20cd9b6_seed_44,2b88b20cd9b6ab9268889294ab249f6a1e5fb71b3e5ee88d2e8fde10ebe63a10,-657.9142,-1866.6102,-1641.6353,9337.116,-3713.585,2163.9922,8866.849,-3025.728,1599.8737,12315.725,2
1528,mvdec_dekm_consistent_v1,airpollution_mvdec_dekm_consistent_v1_2b88b20cd9b6_seed_44,2b88b20cd9b6ab9268889294ab249f6a1e5fb71b3e5ee88d2e8fde10ebe63a10,-683.82623,-1940.1259,-1706.2913,9704.85,-3859.8423,2249.2195,9216.063,-3144.894,1662.8823,12800.772,2
1529,mvdec_dekm_consistent_v1,airpollution_mvdec_dekm_consistent_v1_2b88b20cd9b6_seed_44,2b88b20cd9b6ab9268889294ab249f6a1e5fb71b3e5ee88d2e8fde10ebe63a10,-710.2431,-2015.0743,-1772.2078,10079.751,-4008.9504,2336.1074,9572.085,-3266.382,1727.1194,13295.272,2
1530,mvdec_dekm_consistent_v1,airpollution_mvdec_dekm_consistent_v1_2b88b20cd9b6_seed_44,2b88b20cd9b6ab9268889294ab249f6a1e5fb71b3e5ee88d2e8fde10ebe63a10,-736.76117,-2090.3103,-1838.3755,10456.087,-4158.6294,2423.3289,9929.468,-3388.3357,1791.6006,13791.664,2
1531,mvdec_dekm_consistent_v1,airpollution_mvdec_dekm_consistent_v1_2b88b20cd9b6_seed_44,2b88b20cd9b6ab9268889294ab249f6a1e5fb71b3e5ee88d2e8fde10ebe63a10,-763.8035,-2167.0327,-1905.852,10839.861,-4311.267,2512.274,10293.917,-3512.6992,1857.3575,14297.868,2
1532,mvdec_dekm_consistent_v1,airpollution_mvdec_dekm_consistent_v1_2b88b20cd9b6_seed_44,2b88b20cd9b6ab9268889294ab249f6a1e5fb71b3e5ee88d2e8fde10ebe63a10,-791.3171,-2245.0923,-1974.5042,11230.323,-4466.564,2602.7693,10664.715,-3639.2307,1924.26,14812.893,1
1533,mvdec_dekm_consistent_v1,airpollution_mvdec_dekm_consistent_v1_2b88b20cd9b6_seed_44,2b88b20cd9b6ab9268889294ab249f6a1e5fb71b3e5ee88d2e8fde10ebe63a10,-819.2549,-2324.355,-2044.2144,11626.802,-4624.255,2694.6587,11041.227,-3767.7112,1992.1941,15335.8545,1
1534,mvdec_dekm_consistent_v1,airpollution_mvdec_dekm_consistent_v1_2b88b20cd9b6_seed_44,2b88b20cd9b6ab9268889294ab249f6a1e5fb71b3e5ee88d2e8fde10ebe63a10,-847.574,-2404.7007,-2114.8772,12028.702,-4784.1,2787.8044,11422.888,-3897.9482,2061.057,15865.963,1
1535,mvdec_dekm_consistent_v1,airpollution_mvdec_dekm_consistent_v1_2b88b20cd9b6_seed_44,2b88b20cd9b6ab9268889294ab249f6a1e5fb71b3e5ee88d2e8fde10ebe63a10,-864.3981,-2452.4321,-2156.8564,12267.462,-4879.061,2843.1401,11649.621,-3975.3193,2101.966,16180.891,1
1536,mvdec_dekm_consistent_v1,airpollution_mvdec_dekm_consistent_v1_2b88b20cd9b6_seed_44,2b88b20cd9b6ab9268889294ab249f6a1e5fb71b3e5ee88d2e8fde10ebe63a10,-879.0012,-2493.8638,-2193.2935,12474.701,-4961.4863,2891.171,11846.427,-4042.477,2137.475,16454.244,1
1537,mvdec_dekm_consistent_v1,airpollution_mvdec_dekm_consistent_v1_2b88b20cd9b6_seed_44,2b88b20cd9b6ab9268889294ab249f6a1e5fb71b3e5ee88d2e8fde10ebe63a10,-894.59436,-2538.1045,-2232.203,12696.002,-5049.5034,2942.4604,12056.582,-4114.1904,2175.393,16746.145,1
1538,mvdec_dekm_consistent_v1,airpollution_mvdec_dekm_consistent_v1_2b88b20cd9b6_seed_44,2b88b20cd9b6ab9268889294ab249f6a1e5fb71b3e5ee88d2e8fde10ebe63a10,-911.1041,-2584.9453,-2273.3987,12930.3,-5142.692,2996.7632,12279.085,-4190.116,2215.538,17055.19,1
1539,mvdec_dekm_consistent_v1,airpollution_mvdec_dekm_consistent_v1_2b88b20cd9b6_seed_44,2b88b20cd9b6ab9268889294ab249f6a1e5fb71b3e5ee88d2e8fde10ebe63a10,-922.7041,-2617.857,-2302.3428,13094.925,-5208.168,3034.9172,12435.42,-4243.463,2243.745,17272.332,1
1540,mvdec_dekm_consistent_v1,airpollution_mvdec_dekm_consistent_v1_2b88b20cd9b6_seed_44,2b88b20cd9b6ab9268889294ab249f6a1e5fb71b3e5ee88d2e8fde10ebe63a10,-293.95883,-834.02454,-733.49524,4172.0156,-1659.2874,966.9071,3961.865,-1351.9559,714.8739,5502.89,0
1541,mvdec_dekm_consistent_v1,airpollution_mvdec_dekm_consistent_v1_2b88b20cd9b6_seed_44,2b88b20cd9b6ab9268889294ab249f6a1e5fb71b3e5ee88d2e8fde10ebe63a10,-265.80258,-754.14136,-663.2394,3772.431,-1500.362,874.29803,3582.4033,-1222.4688,646.408,4975.832,0
1542,mvdec_dekm_consistent_v1,airpollution_mvdec_dekm_consistent_v1_2b88b20cd9b6_seed_44,2b88b20cd9b6ab9268889294ab249f6a1e5fb71b3e5ee88d2e8fde10ebe63a10,-238.95331,-677.9654,-596.24445,3391.391,-1348.8123,785.98676,3220.552,-1098.9915,581.1199,4473.235,0
1543,mvdec_dekm_consistent_v1,airpollution_mvdec_dekm_consistent_v1_2b88b20cd9b6_seed_44,2b88b20cd9b6ab9268889294ab249f6a1e5fb71b3e5ee88d2e8fde10ebe63a10,-213.90479,-606.89795,-533.7424,3035.9058,-1207.4257,703.5981,2882.9683,-983.7945,520.21027,4004.3445,0
1544,mvdec_dekm_consistent_v1,airpollution_mvdec_dekm_consistent_v1_2b88b20cd9b6_seed_44,2b88b20cd9b6ab9268889294ab249f6a1e5fb71b3e5ee88d2e8fde10ebe63a10,-191.36543,-542.95,-477.50168,2716.0322,-1080.2031,629.463,2579.2024,-880.13806,465.4025,3582.4258,0
1545,mvdec_dekm_consistent_v1,airpollution_mvdec_dekm_consistent_v1_2b88b20cd9b6_seed_44,2b88b20cd9b6ab9268889294ab249f6a1e5fb71b3e5ee88d2e8fde10ebe63a10,-172.32298,-488.92276,-429.9859,2445.783,-972.7171,566.8288,2322.5613,-792.56226,419.09747,3225.963,3
1546,mvdec_dekm_consistent_v1,airpollution_mvdec_dekm_consistent_v1_2b88b20cd9b6_seed_44,2b88b20cd9b6ab9268889294ab249f6a1e5fb71b3e5ee88d2e8fde10ebe63a10,-147.95084,-419.7749,-369.17194,2099.8997,-835.14923,486.66544,1994.0955,-680.4769,359.83328,2769.7366,3
1547,mvdec_dekm_consistent_v1,airpollution_mvdec_dekm_consistent_v1_2b88b20cd9b6_seed_44,2b88b20cd9b6ab9268889294ab249f6a1e5fb71b3e5ee88d2e8fde10ebe63a10,-119.13061,-338.00717,-297.25906,1690.8911,-672.4747,391.87173,1605.6824,-547.9356,289.75314,2230.2478,3
1548,mvdec_dekm_consistent_v1,airpollution_mvdec_dekm_consistent_v1_2b88b20cd9b6_seed_44,2b88b20cd9b6ab9268889294ab249f6a1e5fb71b3e5ee88d2e8fde10ebe63a10,-93.294365,-264.7054,-232.79175,1324.2306,-526.6431,306.89276,1257.4851,-429.1172,226.92896,1746.6162,3
1549,mvdec_dekm_consistent_v1,airpollution_mvdec_dekm_consistent_v1_2b88b20cd9b6_seed_44,2b88b20cd9b6ab9268889294ab249f6a1e5fb71b3e5ee88d2e8fde10ebe63a10,-73.651306,-208.97514,-183.77798,1045.4637,-415.7693,242.28432,992.75555,-338.78128,179.16467,1378.9178,3
1550,mvdec_dekm_consistent_v1,airpollution_mvdec_dekm_consistent_v1_2b88b20cd9b6_seed_44,2b88b20cd9b6ab9268889294ab249f6a1e5fb71b3e5ee88d2e8fde10ebe63a10,-65.98297,-187.21991,-164.64413,936.6422,-372.48788,217.06317,889.4139,-303.51697,160.51897,1235.3801,3
1551,mvdec_dekm_consistent_v1,airpollution_mvdec_dekm_consistent_v1_2b88b20cd9b6_seed_44,2b88b20cd9b6ab9268889294ab249f6a1e5fb71b3e5ee88d2e8fde10ebe63a10,-38.131596,-108.20221,-95.14964,541.3914,-215.28546,125.457855,514.0666,-175.43385,92.79644,714.0379,3
1552,mvdec_dekm_consistent_v1,airpollution_mvdec_dekm_consistent_v1_2b88b20cd9b6_seed_44,2b88b20cd9b6ab9268889294ab249f6a1e5fb71b3e5ee88d2e8fde10ebe63a10,-5.199382,-14.768435,-12.97655,74.032875,-29.404036,17.140705,70.24397,-23.984089,12.718746,97.58561,3
1553,mvdec_dekm_consistent_v1,airpollution_mvdec_dekm_consistent_v1_2b88b20cd9b6_seed_44,2b88b20cd9b6ab9268889294ab249f6a1e5fb71b3e5ee88d2e8fde10ebe63a10,-28.004139,-79.4701,-69.88041,397.6692,-158.1249,92.14871,377.58484,-128.86069,68.17061,524.46826,3
1554,mvdec_dekm_consistent_v1,airpollution_mvdec_dekm_consistent_v1_2b88b20cd9b6_seed_44,2b88b20cd9b6ab9268889294ab249f6a1e5fb71b3e5ee88d2e8fde10ebe63a10,-43.793194,-124.26763,-109.27785,621.7539,-247.24902,144.08409,590.386,-201.47586,106.56538,820.03876,3
1555,mvdec_dekm_consistent_v1,airpollution_mvdec_dekm_consistent_v1_2b88b20cd9b6_seed_44,2b88b20cd9b6ab9268889294ab249f6a1e5fb71b3e5ee88d2e8fde10ebe63a10,-66.26441,-188.02151,-165.3484,940.6522,-374.08514,217.99352,893.22705,-304.8172,161.20586,1240.6724,3
1556,mvdec_dekm_consistent_v1,airpollution_mvdec_dekm_consistent_v1_2b88b20cd9b6_seed_44,2b88b20cd9b6ab9268889294ab249f6a1e5fb71b3e5ee88d2e8fde10ebe63a10,-92.90532,-263.60553,-231.82352,1318.7328,-524.4584,305.61902,1252.2682,-427.33603,225.98729,1739.3663,3
1557,mvdec_dekm_consistent_v1,airpollution_mvdec_dekm_consistent_v1_2b88b20cd9b6_seed_44,2b88b20cd9b6ab9268889294ab249f6a1e5fb71b3e5ee88d2e8fde10ebe63a10,-122.49748,-347.56326,-305.66238,1738.6902,-691.4885,402.9503,1651.0795,-563.426,297.94305,2293.2986,3
1558,mvdec_dekm_consistent_v1,airpollution_mvdec_dekm_consistent_v1_2b88b20cd9b6_seed_44,2b88b20cd9b6ab9268889294ab249f6a1e5fb71b3e5ee88d2e8fde10ebe63a10,-146.29582,-415.0807,-365.045,2076.4302,-825.81506,481.2257,1971.8069,-672.8717,355.81387,2738.7798,3
1559,mvdec_dekm_consistent_v1,airpollution_mvdec_dekm_consistent_v1_2b88b20cd9b6_seed_44,2b88b20cd9b6ab9268889294ab249f6a1e5fb71b3e5ee88d2e8fde10ebe63a10,-166.10815,-471.29126,-414.48035,2357.5967,-937.6427,546.38995,2238.815,-763.98486,403.98874,3109.6426,3
1560,mvdec_dekm_consistent_v1,airpollution_mvdec_dekm_consistent_v1_2b88b20cd9b6_seed_44,2b88b20cd9b6ab9268889294ab249f6a1e5fb71b3e5ee88d2e8fde10ebe63a10,-187.46466,-531.8806,-467.7699,2660.6816,-1058.1862,616.63367,2526.633,-862.20026,455.92157,3509.4138,0
1561,mvdec_dekm_consistent_v1,airpollution_mvdec_dekm_consistent_v1_2b88b20cd9b6_seed_44,2b88b20cd9b6ab9268889294ab249f6a1e5fb71b3e5ee88d2e8fde10ebe63a10,-199.26395,-565.35565,-497.21014,2828.1204,-1124.7815,655.4406,2685.6409,-916.45996,484.60995,3730.269,0
1562,mvdec_dekm_consistent_v1,airpollution_mvdec_dekm_consistent_v1_2b88b20cd9b6_seed_44,2b88b20cd9b6ab9268889294ab249f6a1e5fb71b3e5ee88d2e8fde10ebe63a10,-182.25829,-517.1063,-454.77737,2586.7805,-1028.7927,599.50635,2456.4514,-838.2521,443.2594,3411.9363,0
1563,mvdec_dekm_consistent_v1,airpollution_mvdec_dekm_consistent_v1_2b88b20cd9b6_seed_44,2b88b20cd9b6ab9268889294ab249f6a1e5fb71b3e5ee88d2e8fde10ebe63a10,-169.03043,-479.57727,-421.77036,2399.0515,-954.128,555.99756,2278.1772,-777.41785,411.0928,3164.3196,3
1564,mvdec_dekm_consistent_v1,airpollution_mvdec_dekm_consistent_v1_2b88b20cd9b6_seed_44,2b88b20cd9b6ab9268889294ab249f6a1e5fb71b3e5ee88d2e8fde10ebe63a10,-159.84363,-453.50867,-398.8446,2268.6797,-902.2644,525.77783,2154.3503,-735.1651,388.75806,2992.342,3
1565,mvdec_dekm_consistent_v1,airpollution_mvdec_dekm_consistent_v1_2b88b20cd9b6_seed_44,2b88b20cd9b6ab9268889294ab249f6a1e5fb71b3e5ee88d2e8fde10ebe63a10,-157.16483,-445.90973,-392.1606,2230.6633,-887.1456,516.9674,2118.2515,-722.8464,382.24335,2942.1997,3
1566,mvdec_dekm_consistent_v1,airpollution_mvdec_dekm_consistent_v1_2b88b20cd9b6_seed_44,2b88b20cd9b6ab9268889294ab249f6a1e5fb71b3e5ee88d2e8fde10ebe63a10,-129.14493,-366.41473,-322.24536,1833.0153,-728.99207,424.8075,1740.6318,-593.9875,314.10864,2417.6992,3
1567,mvdec_dekm_consistent_v1,airpollution_mvdec_dekm_consistent_v1_2b88b20cd9b6_seed_44,2b88b20cd9b6ab9268889294ab249f6a1e5fb71b3e5ee88d2e8fde10ebe63a10,-99.77045,-283.07617,-248.95033,1416.1448,-563.19244,328.1922,1344.757,-458.89914,242.68088,1867.8424,3
1568,mvdec_dekm_consistent_v1,airpollution_mvdec_dekm_consistent_v1_2b88b20cd9b6_seed_44,2b88b20cd9b6ab9268889294ab249f6a1e5fb71b3e5ee88d2e8fde10ebe63a10,-71.69394,-203.42,-178.89398,1017.69476,-404.71918,235.8461,966.3742,-329.7801,174.40924,1342.2825,3
1569,mvdec_dekm_consistent_v1,airpollution_mvdec_dekm_consistent_v1_2b88b20cd9b6_seed_44,2b88b20cd9b6ab9268889294ab249f6a1e5fb71b3e5ee88d2e8fde10ebe63a10,-42.353416,-120.17838,-105.68377,601.3068,-239.11111,139.34259,570.9575,-194.84807,103.063995,793.06244,3
1570,mvdec_dekm_consistent_v1,airpollution_mvdec_dekm_consistent_v1_2b88b20cd9b6_seed_44,2b88b20cd9b6ab9268889294ab249f6a1e5fb71b3e5ee88d2e8fde10ebe63a10,-10.0121975,-28.421661,-24.985283,142.33517,-56.56626,32.969727,135.10031,-46.11634,24.422897,187.67297,3
1571,mvdec_dekm_consistent_v1,airpollution_mvdec_dekm_consistent_v1_2b88b20cd9b6_seed_44,2b88b20cd9b6ab9268889294ab249f6a1e5fb71b3e5ee88d2e8fde10ebe63a10,-22.915352,-65.03041,-57.18218,325.44937,-129.39746,75.40946,308.99533,-105.45616,55.7975,429.20483,3
1572,mvdec_dekm_consistent_v1,airpollution_mvdec_dekm_consistent_v1_2b88b20cd9b6_seed_44,2b88b20cd9b6ab9268889294ab249f6a1e5fb71b3e5ee88d2e8fde10ebe63a10,-51.831284,-147.06938,-129.33395,735.8204,-292.61282,170.51904,698.7006,-238.43848,126.1115,970.4897,3
1573,mvdec_dekm_consistent_v1,airpollution_mvdec_dekm_consistent_v1_2b88b20cd9b6_seed_44,2b88b20cd9b6ab9268889294ab249f6a1e5fb71b3e5ee88d2e8fde10ebe63a10,-18.992449,-53.90098,-47.394245,269.7784,-107.256935,62.507324,256.13013,-87.41632,46.25876,355.77582,3
1574,mvdec_dekm_consistent_v1,airpollution_mvdec_dekm_consistent_v1_2b88b20cd9b6_seed_44,2b88b20cd9b6ab9268889294ab249f6a1e5fb71b3e5ee88d2e8fde10ebe63a10,-3.649923,-10.37157,-9.111139,52.040516,-20.657228,12.043268,49.35854,-16.85787,8.951062,68.57772,3
1575,mvdec_dekm_consistent_v1,airpollution_mvdec_dekm_consistent_v1_2b88b20cd9b6_seed_44,2b88b20cd9b6ab9268889294ab249f6a1e5fb71b3e5ee88d2e8fde10ebe63a10,-18.211624,-51.68725,-45.446365,258.6989,-102.85151,59.939896,245.61156,-83.826454,44.3598,341.16385,3
1576,mvdec_dekm_consistent_v1,airpollution_mvdec_dekm_consistent_v1_2b88b20cd9b6_seed_44,2b88b20cd9b6ab9268889294ab249f6a1e5fb71b3e5ee88d2e8fde10ebe63a10,-48.833458,-138.56639,-121.85394,693.2706,-275.69434,160.65878,658.3018,-224.65204,118.81901,914.372,3
1577,mvdec_dekm_consistent_v1,airpollution_mvdec_dekm_consistent_v1_2b88b20cd9b6_seed_44,2b88b20cd9b6ab9268889294ab249f6a1e5fb71b3e5ee88d2e8fde10ebe63a10,-73.944084,-209.80952,-184.51031,1049.6324,-417.42902,243.25064,996.71826,-340.1327,179.87857,1384.4186,3
1578,mvdec_dekm_consistent_v1,airpollution_mvdec_dekm_consistent_v1_2b88b20cd9b6_seed_44,2b88b20cd9b6ab9268889294ab249f6a1e5fb71b3e5ee88d2e8fde10ebe63a10,-102.993515,-292.2268,-256.99472,1461.8914,-581.3957,338.79755,1388.2162,-473.72705,250.51591,1928.1942,3
1579,mvdec_dekm_consistent_v1,airpollution_mvdec_dekm_consistent_v1_2b88b20cd9b6_seed_44,2b88b20cd9b6ab9268889294ab249f6a1e5fb71b3e5ee88d2e8fde10ebe63a10,-133.93852,-380.0214,-334.20837,1901.0483,-756.06104,440.57864,1805.2585,-616.0381,325.76166,2507.449,3
1580,mvdec_dekm_consistent_v1,airpollution_mvdec_dekm_consistent_v1_2b88b20cd9b6_seed_44,2b88b20cd9b6ab9268889294ab249f6a1e5fb71b3e5ee88d2e8fde10ebe63a10,-165.77061,-470.3332,-413.636,2352.7979,-935.7335,545.2777,2234.2573,-762.4294,403.1655,3103.3125,3
1581,mvdec_dekm_consistent_v1,airpollution_mvdec_dekm_consistent_v1_2b88b20cd9b6_seed_44,2b88b20cd9b6ab9268889294ab249f6a1e5fb71b3e5ee88d2e8fde10ebe63a10,-195.39247,-554.3736,-487.54822,2773.1777,-1102.9293,642.70654,2633.4663,-898.6552,475.19437,3657.7988,0
1582,mvdec_dekm_consistent_v1,airpollution_mvdec_dekm_consistent_v1_2b88b20cd9b6_seed_44,2b88b20cd9b6ab9268889294ab249f6a1e5fb71b3e5ee88d2e8fde10ebe63a10,-219.41496,-622.5281,-547.489,3114.094,-1238.5206,721.71875,2957.2136,-1009.13025,533.6079,4107.471,0
1583,mvdec_dekm_consistent_v1,airpollution_mvdec_dekm_consistent_v1_2b88b20cd9b6_seed_44,2b88b20cd9b6ab9268889294ab249f6a1e5fb71b3e5ee88d2e8fde10ebe63a10,-245.53758,-696.64105,-612.67035,3484.816,-1385.9656,807.63837,3309.2642,-1129.2642,597.1289,4596.4585,0
1584,mvdec_dekm_consistent_v1,airpollution_mvdec_dekm_consistent_v1_2b88b20cd9b6_seed_44,2b88b20cd9b6ab9268889294ab249f6a1e5fb71b3e5ee88d2e8fde10ebe63a10,-273.19208,-775.0999,-681.67346,3877.2756,-1542.057,898.59644,3681.959,-1256.4423,664.37384,5114.118,0
1585,mvdec_dekm_consistent_v1,airpollution_mvdec_dekm_consistent_v1_2b88b20cd9b6_seed_44,2b88b20cd9b6ab9268889294ab249f6a1e5fb71b3e5ee88d2e8fde10ebe63a10,-301.96902,-856.7449,-753.478,4285.671,-1704.4877,993.248,4069.7886,-1388.7848,734.3489,5652.797,0
1586,mvdec_dekm_consistent_v1,airpollution_mvdec_dekm_consistent_v1_2b88b20cd9b6_seed_44,2b88b20cd9b6ab9268889294ab249f6a1e5fb71b3e5ee88d2e8fde10ebe63a10,-331.5565,-940.68884,-827.305,4705.567,-1871.492,1090.5647,4468.5396,-1524.8538,806.2946,6206.647,0
1587,mvdec_dekm_consistent_v1,airpollution_mvdec_dekm_consistent_v1_2b88b20cd9b6_seed_44,2b88b20cd9b6ab9268889294ab249f6a1e5fb71b3e5ee88d2e8fde10ebe63a10,-361.7785,-1026.433,-902.7151,5134.4663,-2042.0776,1189.9686,4875.842,-1663.8411,879.78314,6772.3726,0
1588,mvdec_dekm_consistent_v1,airpollution_mvdec_dekm_consistent_v1_2b88b20cd9b6_seed_44,2b88b20cd9b6ab9268889294ab249f6a1e5fb71b3e5ee88d2e8fde10ebe63a10,-392.48798,-1113.5609,-979.34204,5570.2876,-2215.4155,1290.9762,5289.715,-1805.0708,954.45776,7347.2266,0
1589,mvdec_dekm_consistent_v1,airpollution_mvdec_dekm_consistent_v1_2b88b20cd9b6_seed_44,2b88b20cd9b6ab9268889294ab249f6a1e5fb71b3e5ee88d2e8fde10ebe63a10,-423.57855,-1201.7699,-1056.92,6011.5186,-2390.905,1393.2374,5708.7266,-1948.0536,1030.0592,7929.2153,0
1590,mvdec_dekm_consistent_v1,airpollution_mvdec_dekm_consistent_v1_2b88b20cd9b6_seed_44,2b88b20cd9b6ab9268889294ab249f6a1e5fb71b3e5ee88d2e8fde10ebe63a10,-454.9723,-1290.8381,-1135.2539,6457.0454,-2568.1033,1496.4946,6131.8184,-2092.429,1106.3967,8516.874,2
1591,mvdec_dekm_consistent_v1,airpollution_mvdec_dekm_consistent_v1_2b88b20cd9b6_seed_44,2b88b20cd9b6ab9268889294ab249f6a1e5fb71b3e5ee88d2e8fde10ebe63a10,-483.7072,-1372.364,-1206.9545,6864.847,-2730.2966,1591.0082,6519.082,-2224.5784,1176.2703,9054.769,2
1592,mvdec_dekm_consistent_v1,airpollution_mvdec_dekm_consistent_v1_2b88b20cd9b6_seed_44,2b88b20cd9b6ab9268889294ab249f6a1e5fb71b3e5ee88d2e8fde10ebe63a10,-509.0235,-1444.1886,-1270.1233,7224.1226,-2873.1897,1674.2753,6860.2637,-2341.003,1237.8293,9528.655,2
1593,mvdec_dekm_consistent_v1,airpollution_mvdec_dekm_consistent_v1_2b88b20cd9b6_seed_44,2b88b20cd9b6ab9268889294ab249f6a1e5fb71b3e5ee88d2e8fde10ebe63a10,-535.1985,-1518.45,-1335.4354,7595.587,-3020.9312,1760.3673,7213.0205,-2461.3777,1301.477,10018.624,2
1594,mvdec_dekm_consistent_v1,airpollution_mvdec_dekm_consistent_v1_2b88b20cd9b6_seed_44,2b88b20cd9b6ab9268889294ab249f6a1e5fb71b3e5ee88d2e8fde10ebe63a10,-561.1758,-1592.1504,-1400.2542,7964.2427,-3167.555,1845.8086,7563.111,-2580.8425,1364.6433,10504.886,2
1595,mvdec_dekm_consistent_v1,airpollution_mvdec_dekm_consistent_v1_2b88b20cd9b6_seed_44,2b88b20cd9b6ab9268889294ab249f6a1e5fb71b3e5ee88d2e8fde10ebe63a10,-585.7716,-1661.9321,-1461.6254,8313.299,-3306.3835,1926.707,7894.5884,-2693.9553,1424.4513,10965.295,2
1596,mvdec_dekm_consistent_v1,airpollution_mvdec_dekm_consistent_v1_2b88b20cd9b6_seed_44,2b88b20cd9b6ab9268889294ab249f6a1e5fb71b3e5ee88d2e8fde10ebe63a10,-611.10486,-1733.8201,-1524.8497,8672.925,-3449.403,2010.0502,8236.093,-2810.4873,1486.0767,11439.635,2
1597,mvdec_dekm_consistent_v1,airpollution_mvdec_dekm_consistent_v1_2b88b20cd9b6_seed_44,2b88b20cd9b6ab9268889294ab249f6a1e5fb71b3e5ee88d2e8fde10ebe63a10,-637.20984,-1807.8691,-1589.9745,9043.292,-3596.7207,2095.893,8587.817,-2930.5125,1549.53,11928.165,2
1598,mvdec_dekm_consistent_v1,airpollution_mvdec_dekm_consistent_v1_2b88b20cd9b6_seed_44,2b88b20cd9b6ab9268889294ab249f6a1e5fb71b3e5ee88d2e8fde10ebe63a10,-663.62915,-1882.8247,-1655.8964,9418.227,-3745.843,2182.7896,8943.873,-3052.0122,1613.7721,12422.711,2
1599,mvdec_dekm_consistent_v1,airpollution_mvdec_dekm_consistent_v1_2b88b20cd9b6_seed_44,2b88b20cd9b6ab9268889294ab249f6a1e5fb71b3e5ee88d2e8fde10ebe63a10,-690.33606,-1958.5969,-1722.5366,9797.247,-3896.5896,2270.6328,9303.806,-3174.8354,1678.7146,12922.645,2
1600,mvdec_dekm_consistent_v1,airpollution_mvdec_dekm_consistent_v1_2b88b20cd9b6_seed_44,2b88b20cd9b6ab9268889294ab249f6a1e5fb71b3e5ee88d2e8fde10ebe63a10,-717.5905,-2035.9224,-1790.5428,10184.033,-4050.4263,2360.2769,9671.117,-3300.176,1744.9869,13432.822,2
1601,mvdec_dekm_consistent_v1,airpollution_mvdec_dekm_consistent_v1_2b88b20cd9b6_seed_44,2b88b20cd9b6ab9268889294ab249f6a1e5fb71b3e5ee88d2e8fde10ebe63a10,-745.3313,-2114.626,-1859.7612,10577.716,-4207.0063,2451.5183,10044.975,-3427.7505,1812.4409,13952.096,2
1602,mvdec_dekm_consistent_v1,airpollution_mvdec_dekm_consistent_v1_2b88b20cd9b6_seed_44,2b88b20cd9b6ab9268889294ab249f6a1e5fb71b3e5ee88d2e8fde10ebe63a10,-773.5052,-2194.56,-1930.0615,10977.551,-4366.032,2544.1858,10424.675,-3557.3193,1880.9491,14479.485,2
1603,mvdec_dekm_consistent_v1,airpollution_mvdec_dekm_consistent_v1_2b88b20cd9b6_seed_44,2b88b20cd9b6ab9268889294ab249f6a1e5fb71b3e5ee88d2e8fde10ebe63a10,-802.0664,-2275.5935,-2001.3285,11382.886,-4527.245,2638.1287,10809.602,-3688.671,1950.4,15014.131,1
1604,mvdec_dekm_consistent_v1,airpollution_mvdec_dekm_consistent_v1_2b88b20cd9b6_seed_44,2b88b20cd9b6ab9268889294ab249f6a1e5fb71b3e5ee88d2e8fde10ebe63a10,-820.37726,-2327.5425,-2047.0168,11642.74,-4630.5977,2698.354,11056.37,-3772.878,1994.9241,15356.884,1
1605,mvdec_dekm_consistent_v1,airpollution_mvdec_dekm_consistent_v1_2b88b20cd9b6_seed_44,2b88b20cd9b6ab9268889294ab249f6a1e5fb71b3e5ee88d2e8fde10ebe63a10,-834.4254,-2367.3984,-2082.0696,11842.101,-4709.887,2744.5586,11245.69,-3837.4812,2029.0825,15619.843,1
1606,mvdec_dekm_consistent_v1,airpollution_mvdec_dekm_consistent_v1_2b88b20cd9b6_seed_44,2b88b20cd9b6ab9268889294ab249f6a1e5fb71b3e5ee88d2e8fde10ebe63a10,-849.5419,-2410.283,-2119.7866,12056.617,-4795.2065,2794.2756,11449.403,-3906.9966,2065.8384,15902.789,1
1607,mvdec_dekm_consistent_v1,airpollution_mvdec_dekm_consistent_v1_2b88b20cd9b6_seed_44,2b88b20cd9b6ab9268889294ab249f6a1e5fb71b3e5ee88d2e8fde10ebe63a10,-865.64435,-2455.9678,-2159.9653,12285.135,-4886.0938,2847.2383,11666.409,-3981.0486,2104.9932,16204.207,1
1608,mvdec_dekm_consistent_v1,airpollution_mvdec_dekm_consistent_v1_2b88b20cd9b6_seed_44,2b88b20cd9b6ab9268889294ab249f6a1e5fb71b3e5ee88d2e8fde10ebe63a10,-882.6898,-2504.3252,-2202.495,12527.027,-4982.3003,2903.3003,11896.12,-4059.4343,2146.4397,16523.27,1
1609,mvdec_dekm_consistent_v1,airpollution_mvdec_dekm_consistent_v1_2b88b20cd9b6_seed_44,2b88b20cd9b6ab9268889294ab249f6a1e5fb71b3e5ee88d2e8fde10ebe63a10,-890.15857,-2525.516,-2221.1318,12633.023,-5024.457,2927.866,11996.778,-4093.782,2164.6013,16663.076,1
1610,mvdec_dekm_consistent_v1,airpollution_mvdec_dekm_consistent_v1_2b88b20cd9b6_seed_44,2b88b20cd9b6ab9268889294ab249f6a1e5fb71b3e5ee88d2e8fde10ebe63a10,-278.6544,-790.5966,-695.30304,3954.7869,-1572.8876,916.5619,3755.571,-1281.5614,677.6538,5216.3594,0
1611,mvdec_dekm_consistent_v1,airpollution_mvdec_dekm_consistent_v1_2b88b20cd9b6_seed_44,2b88b20cd9b6ab9268889294ab249f6a1e5fb71b3e5ee88d2e8fde10ebe63a10,-248.76942,-705.8082,-620.7334,3530.6692,-1404.2036,818.26636,3352.81,-1144.1237,604.98505,4656.9414,0
1612,mvdec_dekm_consistent_v1,airpollution_mvdec_dekm_consistent_v1_2b88b20cd9b6_seed_44,2b88b20cd9b6ab9268889294ab249f6a1e5fb71b3e5ee88d2e8fde10ebe63a10,-219.84904,-623.7571,-548.57117,3120.2437,-1240.9653,723.144,2963.051,-1011.123,534.6618,4115.5815,0
1613,mvdec_dekm_consistent_v1,airpollution_mvdec_dekm_consistent_v1_2b88b20cd9b6_seed_44,2b88b20cd9b6ab9268889294ab249f6a1e5fb71b3e5ee88d2e8fde10ebe63a10,-192.32971,-545.6822,-479.90518,2729.7058,-1085.6377,632.63104,2592.1802,-884.56726,467.7463,3600.456,0
1614,mvdec_dekm_consistent_v1,airpollution_mvdec_dekm_consistent_v1_2b88b20cd9b6_seed_44,2b88b20cd9b6ab9268889294ab249f6a1e5fb71b3e5ee88d2e8fde10ebe63a10,-166.90398,-473.54663,-416.46268,2368.8772,-942.12616,549.00366,2249.5225,-767.639,405.9213,3124.5178,3
1615,mvdec_dekm_consistent_v1,airpollution_mvdec_dekm_consistent_v1_2b88b20cd9b6_seed_44,2b88b20cd9b6ab9268889294ab249f6a1e5fb71b3e5ee88d2e8fde10ebe63a10,-144.68188,-410.5006,-361.01453,2053.5122,-816.698,475.9137,1950.0409,-665.4439,351.88574,2708.5488,3
1616,mvdec_dekm_consistent_v1,airpollution_mvdec_dekm_consistent_v1_2b88b20cd9b6_seed_44,2b88b20cd9b6ab9268889294ab249f6a1e5fb71b3e5ee88d2e8fde10ebe63a10,-127.34667,-361.31836,-317.76016,1807.4994,-718.85266,418.8969,1716.4178,-585.7226,309.73355,2384.0547,3
1617,mvdec_dekm_consistent_v1,airpollution_mvdec_dekm_consistent_v1_2b88b20cd9b6_seed_44,2b88b20cd9b6ab9268889294ab249f6a1e5fb71b3e5ee88d2e8fde10ebe63a10,-117.0915,-332.22397,-292.172,1661.9644,-660.97046,385.16733,1578.2137,-538.5617,284.79697,2192.093,3
1618,mvdec_dekm_consistent_v1,airpollution_mvdec_dekm_consistent_v1_2b88b20cd9b6_seed_44,2b88b20cd9b6ab9268889294ab249f6a1e5fb71b3e5ee88d2e8fde10ebe63a10,-115.81088,-328.59158,-288.9771,1643.7927,-653.7439,380.95605,1560.9587,-532.6736,281.68304,2168.1257,3
1619,mvdec_dekm_consistent_v1,airpollution_mvdec_dekm_consistent_v1_2b88b20cd9b6_seed_44,2b88b20cd9b6ab9268889294ab249f6a1e5fb71b3e5ee88d2e8fde10ebe63a10,-104.122696,-295.43195,-259.81287,1477.9196,-587.77295,342.51297,1403.4414,-478.9221,253.26137,1949.3385,3
1620,mvdec_dekm_consistent_v1,airpollution_mvdec_dekm_consistent_v1_2b88b20cd9b6_seed_44,2b88b20cd9b6ab9268889294ab249f6a1e5fb71b3e5ee88d2e8fde10ebe63a10,-70.98485,-201.4157,-177.12784,1007.6437,-400.73145,233.51976,956.8481,-326.5271,172.6836,1329.0375,3
1621,mvdec_dekm_consistent_v1,airpollution_mvdec_dekm_consistent_v1_2b88b20cd9b6_seed_44,2b88b20cd9b6ab9268889294ab249f6a1e5fb71b3e5ee88d2e8fde10ebe63a10,-37.90761,-107.57026,-94.59408,538.22705,-214.0307,124.72544,511.06842,-174.41023,92.25379,709.86896,3
1622,mvdec_dekm_consistent_v1,airpollution_mvdec_dekm_consistent_v1_2b88b20cd9b6_seed_44,2b88b20cd9b6ab9268889294ab249f6a1e5fb71b3e5ee88d2e8fde10ebe63a10,-5.560294,-15.795268,-13.880403,79.168884,-31.44918,18.331686,75.12561,-25.649769,13.598856,104.363556,3
1623,mvdec_dekm_consistent_v1,airpollution_mvdec_dekm_consistent_v1_2b88b20cd9b6_seed_44,2b88b20cd9b6ab9268889294ab249f6a1e5fb71b3e5ee88d2e8fde10ebe63a10,-6.6016006,-18.74844,-16.479471,93.94893,-37.325565,21.756668,89.15765,-30.438627,16.132849,123.85659,3
1624,mvdec_dekm_consistent_v1,airpollution_mvdec_dekm_consistent_v1_2b88b20cd9b6_seed_44,2b88b20cd9b6ab9268889294ab249f6a1e5fb71b3e5ee88d2e8fde10ebe63a10,-19.305077,-54.790073,-48.177155,274.22815,-109.02787,63.539394,260.35907,-88.85908,47.02146,361.64755,3
1625,mvdec_dekm_consistent_v1,airpollution_mvdec_dekm_consistent_v1_2b88b20cd9b6_seed_44,2b88b20cd9b6ab9268889294ab249f6a1e5fb71b3e5ee88d2e8fde10ebe63a10,-48.359993,-137.22243,-120.67441,686.5536,-273.02213,159.10193,651.92194,-222.47563,117.66919,905.51227,3
1626,mvdec_dekm_consistent_v1,airpollution_mvdec_dekm_consistent_v1_2b88b20cd9b6_seed_44,2b88b20cd9b6ab9268889294ab249f6a1e5fb71b3e5ee88d2e8fde10ebe63a10,-77.2251,-219.11525,-192.69786,1096.1903,-435.94592,254.04126,1040.9294,-355.22028,187.85696,1445.8286,3
1627,mvdec_dekm_consistent_v1,airpollution_mvdec_dekm_consistent_v1_2b88b20cd9b6_seed_44,2b88b20cd9b6ab9268889294ab249f6a1e5fb71b3e5ee88d2e8fde10ebe63a10,-101.01152,-286.60004,-252.05014,1433.7642,-570.20544,332.2783,1361.4995,-464.61145,245.69872,1891.0908,3
1628,mvdec_dekm_consistent_v1,airpollution_mvdec_dekm_consistent_v1_2b88b20cd9b6_seed_44,2b88b20cd9b6ab9268889294ab249f6a1e5fb71b3e5ee88d2e8fde10ebe63a10,-119.24379,-338.32617,-297.54327,1692.5089,-673.1138,392.24564,1607.2113,-548.4584,290.0334,2232.377,3
1629,mvdec_dekm_consistent_v1,airpollution_mvdec_dekm_consistent_v1_2b88b20cd9b6_seed_44,2b88b20cd9b6ab9268889294ab249f6a1e5fb71b3e5ee88d2e8fde10ebe63a10,-140.50203,-398.63812,-350.58624,1994.1945,-793.1018,462.16528,1893.7032,-646.22064,341.72455,2630.3035,3
1630,mvdec_dekm_consistent_v1,airpollution_mvdec_dekm_consistent_v1_2b88b20cd9b6_seed_44,2b88b20cd9b6ab9268889294ab249f6a1e5fb71b3e5ee88d2e8fde10ebe63a10,-163.24274,-463.155,-407.32855,2316.9153,-921.4569,536.9602,2200.1714,-750.8,397.02075,3055.9768,3
1631,mvdec_dekm_consistent_v1,airpollution_mvdec_dekm_consistent_v1_2b88b20cd9b6_seed_44,2b88b20cd9b6ab9268889294ab249f6a1e5fb71b3e5ee88d2e8fde10ebe63a10,-182.72247,-518.4223,-455.93384,2593.363,-1031.4077,601.0308,2462.6978,-840.384,444.38715,3420.6155,0
1632,mvdec_dekm_consistent_v1,airpollution_mvdec_dekm_consistent_v1_2b88b20cd9b6_seed_44,2b88b20cd9b6ab9268889294ab249f6a1e5fb71b3e5ee88d2e8fde10ebe63a10,-205.69162,-583.5857,-513.2451,2919.3376,-1161.049,676.577,2772.2424,-946.0139,500.24313,3850.57,0
1633,mvdec_dekm_consistent_v1,airpollution_mvdec_dekm_consistent_v1_2b88b20cd9b6_seed_44,2b88b20cd9b6ab9268889294ab249f6a1e5fb71b3e5ee88d2e8fde10ebe63a10,-200.33089,-568.3792,-499.86826,2843.2573,-1130.7927,658.94543,2699.9995,-921.36084,487.20486,3750.2224,0
1634,mvdec_dekm_consistent_v1,airpollution_mvdec_dekm_consistent_v1_2b88b20cd9b6_seed_44,2b88b20cd9b6ab9268889294ab249f6a1e5fb71b3e5ee88d2e8fde10ebe63a10,-185.21054,-525.4799,-462.14093,2628.678,-1045.4484,609.2135,2496.2256,-851.8255,450.4398,3467.1897,0
1635,mvdec_dekm_consistent_v1,airpollution_mvdec_dekm_consistent_v1_2b88b20cd9b6_seed_44,2b88b20cd9b6ab9268889294ab249f6a1e5fb71b3e5ee88d2e8fde10ebe63a10,-152.2215,-431.8865,-379.827,2160.5117,-859.2472,500.7097,2051.6375,-700.1146,370.22278,2849.6729,3
1636,mvdec_dekm_consistent_v1,airpollution_mvdec_dekm_consistent_v1_2b88b20cd9b6_seed_44,2b88b20cd9b6ab9268889294ab249f6a1e5fb71b3e5ee88d2e8fde10ebe63a10,-119.36185,-338.65845,-297.8363,1694.1836,-673.77545,392.63147,1608.7919,-548.9989,290.32227,2234.5786,3
1637,mvdec_dekm_consistent_v1,airpollution_mvdec_dekm_consistent_v1_2b88b20cd9b6_seed_44,2b88b20cd9b6ab9268889294ab249f6a1e5fb71b3e5ee88d2e8fde10ebe63a10,-86.7833,-246.23088,-216.54576,1231.8391,-489.89108,285.47748,1169.7361,-399.175,211.10121,1624.7429,3
1638,mvdec_dekm_consistent_v1,airpollution_mvdec_dekm_consistent_v1_2b88b20cd9b6_seed_44,2b88b20cd9b6ab9268889294ab249f6a1e5fb71b3e5ee88d2e8fde10ebe63a10,-54.98273,-156.00912,-137.19714,780.53864,-310.39777,180.88252,741.1646,-252.92949,133.77412,1029.4727,3
1639,mvdec_dekm_consistent_v1,airpollution_mvdec_dekm_consistent_v1_2b88b20cd9b6_seed_44,2b88b20cd9b6ab9268889294ab249f6a1e5fb71b3e5ee88d2e8fde10ebe63a10,-26.70112,-75.772316,-66.628876,379.17755,-150.76671,87.861786,360.01895,-122.86712,65.00309,500.07367,3
1640,mvdec_dekm_consistent_v1,airpollution_mvdec_dekm_consistent_v1_2b88b20cd9b6_seed_44,2b88b20cd9b6ab9268889294ab249f6a1e5fb71b3e5ee88d2e8fde10ebe63a10,-4.883664,-13.872022,-12.189708,69.55633,-27.621176,16.102299,65.98897,-22.532764,11.952978,91.67864,3
1641,mvdec_dekm_consistent_v1,airpollution_mvdec_dekm_consistent_v1_2b88b20cd9b6_seed_44,2b88b20cd9b6ab9268889294ab249f6a1e5fb71b3e5ee88d2e8fde10ebe63a10,-31.875366,-90.452576,-79.540955,452.61807,-179.97589,104.882996,429.761,-146.66573,77.58745,596.9426,3
1642,mvdec_dekm_consistent_v1,airpollution_mvdec_dekm_consistent_v1_2b88b20cd9b6_seed_44,2b88b20cd9b6ab9268889294ab249f6a1e5fb71b3e5ee88d2e8fde10ebe63a10,-61.298122,-173.92917,-152.9567,870.17334,-346.0506,201.6579,826.291,-281.97702,149.13162,1147.7058,3
1643,mvdec_dekm_consistent_v1,airpollution_mvdec_dekm_consistent_v1_2b88b20cd9b6_seed_44,2b88b20cd9b6ab9268889294ab249f6a1e5fb71b3e5ee88d2e8fde10ebe63a10,-33.465015,-94.963066,-83.507805,475.17322,-188.9491,110.110954,451.18378,-153.97598,81.451614,626.6962,3
1644,mvdec_dekm_consistent_v1,airpollution_mvdec_dekm_consistent_v1_2b88b20cd9b6_seed_44,2b88b20cd9b6ab9268889294ab249f6a1e5fb71b3e5ee88d2e8fde10ebe63a10,-9.342519,-26.524893,-23.316208,132.83165,-52.792213,30.76876,126.08561,-43.039276,22.793167,175.14546,3
1645,mvdec_dekm_consistent_v1,airpollution_mvdec_dekm_consistent_v1_2b88b20cd9b6_seed_44,2b88b20cd9b6ab9268889294ab249f6a1e5fb71b3e5ee88d2e8fde10ebe63a10,-2.4433215,-6.9513354,-6.1011925,34.919292,-13.850478,8.07617,33.105915,-11.310823,6.0160103,45.998768,3
1646,mvdec_dekm_consistent_v1,airpollution_mvdec_dekm_consistent_v1_2b88b20cd9b6_seed_44,2b88b20cd9b6ab9268889294ab249f6a1e5fb71b3e5ee88d2e8fde10ebe63a10,-28.846085,-81.86117,-71.98165,409.61823,-162.88023,94.91904,388.93808,-132.73409,70.216354,540.2333,3
1647,mvdec_dekm_consistent_v1,airpollution_mvdec_dekm_consistent_v1_2b88b20cd9b6_seed_44,2b88b20cd9b6ab9268889294ab249f6a1e5fb71b3e5ee88d2e8fde10ebe63a10,-61.16153,-173.54457,-152.61566,868.229,-345.28116,201.20822,824.45233,-281.34854,148.7962,1145.1465,3
1648,mvdec_dekm_consistent_v1,airpollution_mvdec_dekm_consistent_v1_2b88b20cd9b6_seed_44,2b88b20cd9b6ab9268889294ab249f6a1e5fb71b3e5ee88d2e8fde10ebe63a10,-94.08896,-266.96378,-234.77625,1335.5225,-531.13574,309.5099,1268.2122,-432.77686,228.86342,1761.5123,3
1649,mvdec_dekm_consistent_v1,airpollution_mvdec_dekm_consistent_v1_2b88b20cd9b6_seed_44,2b88b20cd9b6ab9268889294ab249f6a1e5fb71b3e5ee88d2e8fde10ebe63a10,-127.17539,-360.83398,-317.3336,1805.0723,-717.88776,418.33444,1714.1146,-584.93634,309.31735,2380.855,3
1650,mvdec_dekm_consistent_v1,airpollution_mvdec_dekm_consistent_v1_2b88b20cd9b6_seed_44,2b88b20cd9b6ab9268889294ab249f6a1e5fb71b3e5ee88d2e8fde10ebe63a10,-148.42612,-421.1247,-370.35846,2106.6548,-837.8343,488.2301,2000.5078,-682.6651,360.99142,2778.6448,3
1651,mvdec_dekm_consistent_v1,airpollution_mvdec_dekm_consistent_v1_2b88b20cd9b6_seed_44,2b88b20cd9b6ab9268889294ab249f6a1e5fb71b3e5ee88d2e8fde10ebe63a10,-172.58665,-489.67035,-430.64313,2449.528,-974.204,567.6958,2326.1135,-793.77454,419.73978,3230.8987,3
1652,mvdec_dekm_consistent_v1,airpollution_mvdec_dekm_consistent_v1_2b88b20cd9b6_seed_44,2b88b20cd9b6ab9268889294ab249f6a1e5fb71b3e5ee88d2e8fde10ebe63a10,-199.2853,-565.4176,-497.26166,2828.4248,-1124.9003,655.51013,2685.9275,-916.5573,484.6615,3730.6677,0
1653,mvdec_dekm_consistent_v1,airpollution_mvdec_dekm_consistent_v1_2b88b20cd9b6_seed_44,2b88b20cd9b6ab9268889294ab249f6a1e5fb71b3e5ee88d2e8fde10ebe63a10,-227.70628,-646.0526,-568.1784,3231.7705,-1285.3212,748.9906,3068.96,-1047.2627,553.772,4262.686,0
1654,mvdec_dekm_consistent_v1,airpollution_mvdec_dekm_consistent_v1_2b88b20cd9b6_seed_44,2b88b20cd9b6ab9268889294ab249f6a1e5fb71b3e5ee88d2e8fde10ebe63a10,-257.24863,-729.8686,-641.89233,3651.0242,-1452.0708,846.159,3467.1028,-1183.1244,625.60754,4815.6895,0
1655,mvdec_dekm_consistent_v1,airpollution_mvdec_dekm_consistent_v1_2b88b20cd9b6_seed_44,2b88b20cd9b6ab9268889294ab249f6a1e5fb71b3e5ee88d2e8fde10ebe63a10,-287.59918,-815.9774,-717.6231,4081.748,-1623.3823,945.98553,3876.1365,-1322.7025,699.408,5383.821,0
1656,mvdec_dekm_consistent_v1,airpollution_mvdec_dekm_consistent_v1_2b88b20cd9b6_seed_44,2b88b20cd9b6ab9268889294ab249f6a1e5fb71b3e5ee88d2e8fde10ebe63a10,-318.52472,-903.7189,-794.7897,4520.6377,-1797.9414,1047.7047,4292.926,-1464.927,774.6082,5962.7236,0
1657,mvdec_dekm_consistent_v1,airpollution_mvdec_dekm_consistent_v1_2b88b20cd9b6_seed_44,2b88b20cd9b6ab9268889294ab249f6a1e5fb71b3e5ee88d2e8fde10ebe63a10,-349.87415,-992.66223,-873.0132,4965.541,-1974.8918,1150.8171,4715.424,-1609.1,850.8388,6549.5566,0
1658,mvdec_dekm_consistent_v1,airpollution_mvdec_dekm_consistent_v1_2b88b20cd9b6_seed_44,2b88b20cd9b6ab9268889294ab249f6a1e5fb71b3e5ee88d2e8fde10ebe63a10,-381.54242,-1082.5099,-952.0327,5414.9673,-2153.641,1254.9783,5142.2188,-1754.739,927.8447,7142.359,0
1659,mvdec_dekm_consistent_v1,airpollution_mvdec_dekm_consistent_v1_2b88b20cd9b6_seed_44,2b88b20cd9b6ab9268889294ab249f6a1e5fb71b3e5ee88d2e8fde10ebe63a10,-410.47675,-1164.5999,-1024.2292,5825.589,-2316.9558,1350.1454,5532.1606,-1887.8024,998.2015,7683.9727,0
1660,mvdec_dekm_consistent_v1,airpollution_mvdec_dekm_consistent_v1_2b88b20cd9b6_seed_44,2b88b20cd9b6ab9268889294ab249f6a1e5fb71b3e5ee88d2e8fde10ebe63a10,-436.79865,-1239.2778,-1089.908,6199.1367,-2465.5261,1436.7206,5886.897,-2008.8524,1062.2059,8176.6875,0
1661,mvdec_dekm_consistent_v1,airpollution_mvdec_dekm_consistent_v1_2b88b20cd9b6_seed_44,2b88b20cd9b6ab9268889294ab249f6a1e5fb71b3e5ee88d2e8fde10ebe63a10,-462.28943,-1311.5977,-1153.5121,6560.8877,-2609.4038,1520.5615,6230.43,-2126.0793,1124.1893,8653.842,2
1662,mvdec_dekm_consistent_v1,airpollution_mvdec_dekm_consistent_v1_2b88b20cd9b6_seed_44,2b88b20cd9b6ab9268889294ab249f6a1e5fb71b3e5ee88d2e8fde10ebe63a10,-488.70697,-1386.547,-1219.4292,6935.793,-2758.5132,1607.4512,6586.454,-2247.5693,1188.4268,9148.348,2
1663,mvdec_dekm_consistent_v1,airpollution_mvdec_dekm_consistent_v1_2b88b20cd9b6_seed_44,2b88b20cd9b6ab9268889294ab249f6a1e5fb71b3e5ee88d2e8fde10ebe63a10,-514.1924,-1458.8523,-1283.0208,7297.4727,-2902.3616,1691.2748,6929.918,-2364.7725,1250.398,9625.405,2
1664,mvdec_dekm_consistent_v1,airpollution_mvdec_dekm_consistent_v1_2b88b20cd9b6_seed_44,2b88b20cd9b6ab9268889294ab249f6a1e5fb71b3e5ee88d2e8fde10ebe63a10,-538.8768,-1528.8862,-1344.614,7647.7896,-3041.6929,1772.4658,7262.5947,-2478.2944,1310.4216,10087.479,2
1665,mvdec_dekm_consistent_v1,airpollution_mvdec_dekm_consistent_v1_2b88b20cd9b6_seed_44,2b88b20cd9b6ab9268889294ab249f6a1e5fb71b3e5ee88d2e8fde10ebe63a10,-564.3839,-1601.2527,-1408.2587,8009.7734,-3185.6636,1856.361,7606.3486,-2595.5967,1372.4446,10564.94,2
1666,mvdec_dekm_consistent_v1,airpollution_mvdec_dekm_consistent_v1_2b88b20cd9b6_seed_44,2b88b20cd9b6ab9268889294ab249f6a1e5fb71b3e5ee88d2e8fde10ebe63a10,-590.65955,-1675.801,-1473.8225,8382.672,-3333.9758,1942.7849,7960.468,-2716.436,1436.3376,11056.799,2
1667,mvdec_dekm_consistent_v1,airpollution_mvdec_dekm_consistent_v1_2b88b20cd9b6_seed_44,2b88b20cd9b6ab9268889294ab249f6a1e5fb71b3e5ee88d2e8fde10ebe63a10,-617.0765,-1750.7498,-1539.7389,8757.573,-3483.0842,2029.6741,8316.491,-2837.9246,1500.5745,11551.301,2
1668,mvdec_dekm_consistent_v1,airpollution_mvdec_dekm_consistent_v1_2b88b20cd9b6_seed_44,2b88b20cd9b6ab9268889294ab249f6a1e5fb71b3e5ee88d2e8fde10ebe63a10,-643.99994,-1827.1348,-1606.9181,9139.658,-3635.0505,2118.2278,8679.335,-2961.7415,1566.0416,12055.279,2
1669,mvdec_dekm_consistent_v1,airpollution_mvdec_dekm_consistent_v1_2b88b20cd9b6_seed_44,2b88b20cd9b6ab9268889294ab249f6a1e5fb71b3e5ee88d2e8fde10ebe63a10,-671.4888,-1905.126,-1675.5098,9529.774,-3790.2102,2208.643,9049.807,-3088.1606,1632.8848,12569.848,2
1670,mvdec_dekm_consistent_v1,airpollution_mvdec_dekm_consistent_v1_2b88b20cd9b6_seed_44,2b88b20cd9b6ab9268889294ab249f6a1e5fb71b3e5ee88d2e8fde10ebe63a10,-699.4799,-1984.5406,-1745.3531,9927.013,-3948.2036,2300.7087,9427.042,-3216.888,1700.9476,13093.811,2
1671,mvdec_dekm_consistent_v1,airpollution_mvdec_dekm_consistent_v1_2b88b20cd9b6_seed_44,2b88b20cd9b6ab9268889294ab249f6a1e5fb71b3e5ee88d2e8fde10ebe63a10,-727.91064,-2065.2026,-1816.294,10330.49,-4108.6787,2394.2207,9810.203,-3347.6375,1770.0807,13626.004,2
1672,mvdec_dekm_consistent_v1,airpollution_mvdec_dekm_consistent_v1_2b88b20cd9b6_seed_44,2b88b20cd9b6ab9268889294ab249f6a1e5fb71b3e5ee88d2e8fde10ebe63a10,-756.73206,-2146.9727,-1888.2094,10739.511,-4271.3574,2489.0176,10198.626,-3480.1824,1840.1622,14165.51,2
1673,mvdec_dekm_consistent_v1,airpollution_mvdec_dekm_consistent_v1_2b88b20cd9b6_seed_44,2b88b20cd9b6ab9268889294ab249f6a1e5fb71b3e5ee88d2e8fde10ebe63a10,-776.5575,-2203.2195,-1937.6777,11020.863,-4383.26,2554.2253,10465.809,-3571.356,1888.3701,14536.618,2
1674,mvdec_dekm_consistent_v1,airpollution_mvdec_dekm_consistent_v1_2b88b20cd9b6_seed_44,2b88b20cd9b6ab9268889294ab249f6a1e5fb71b3e5ee88d2e8fde10ebe63a10,-790.11975,-2241.6958,-1971.5172,11213.325,-4459.807,2598.831,10648.579,-3633.7236,1921.3477,14790.477,1
1675,mvdec_dekm_consistent_v1,airpollution_mvdec_dekm_consistent_v1_2b88b20cd9b6_seed_44,2b88b20cd9b6ab9268889294ab249f6a1e5fb71b3e5ee88d2e8fde10ebe63a10,-804.69653,-2283.0505,-2007.8878,11420.184,-4542.0806,2646.7737,10845.019,-3700.757,1956.791,15063.325,1
1676,mvdec_dekm_consistent_v1,airpollution_mvdec_dekm_consistent_v1_2b88b20cd9b6_seed_44,2b88b20cd9b6ab9268889294ab249f6a1e5fb71b3e5ee88d2e8fde10ebe63a10,-820.3528,-2327.4678,-2046.9526,11642.365,-4630.447,2698.2676,11056.013,-3772.756,1994.8599,15356.385,1
1677,mvdec_dekm_consistent_v1,airpollution_mvdec_dekm_consistent_v1_2b88b20cd9b6_seed_44,2b88b20cd9b6ab9268889294ab249f6a1e5fb71b3e5ee88d2e8fde10ebe63a10,-837.00055,-2374.6987,-2088.492,11878.622,-4724.4116,2753.0237,11280.37,-3849.3157,2035.3407,15668.011,1
1678,mvdec_dekm_consistent_v1,airpollution_mvdec_dekm_consistent_v1_2b88b20cd9b6_seed_44,2b88b20cd9b6ab9268889294ab249f6a1e5fb71b3e5ee88d2e8fde10ebe63a10,-851.1672,-2414.8909,-2123.84,12079.669,-4804.372,2799.6187,11471.29,-3914.4653,2069.789,15933.192,1
1679,mvdec_dekm_consistent_v1,airpollution_mvdec_dekm_consistent_v1_2b88b20cd9b6_seed_44,2b88b20cd9b6ab9268889294ab249f6a1e5fb71b3e5ee88d2e8fde10ebe63a10,-857.66266,-2433.3176,-2140.0464,12171.844,-4841.032,2820.9807,11558.819,-3944.3345,2085.5828,16054.771,1
1680,mvdec_dekm_consistent_v1,airpollution_mvdec_dekm_consistent_v1_2b88b20cd9b6_seed_44,2b88b20cd9b6ab9268889294ab249f6a1e5fb71b3e5ee88d2e8fde10ebe63a10,-266.63437,-756.4927,-665.3098,3784.2002,-1505.039,877.0254,3593.5713,-1226.281,648.42554,4991.35,0
1681,mvdec_dekm_consistent_v1,airpollution_mvdec_dekm_consistent_v1_2b88b20cd9b6_seed_44,2b88b20cd9b6ab9268889294ab249f6a1e5fb71b3e5ee88d2e8fde10ebe63a10,-235.22934,-667.39355,-586.94824,3338.518,-1327.779,773.73206,3170.3333,-1081.8558,572.0616,4403.4893,0
1682,mvdec_dekm_consistent_v1,airpollution_mvdec_dekm_consistent_v1_2b88b20cd9b6_seed_44,2b88b20cd9b6ab9268889294ab249f6a1e5fb71b3e5ee88d2e8fde10ebe63a10,-204.40414,-579.93945,-510.03345,2901.0647,-1153.7917,672.34576,2754.91,-940.0968,497.10748,3826.4817,0
1683,mvdec_dekm_consistent_v1,airpollution_mvdec_dekm_consistent_v1_2b88b20cd9b6_seed_44,2b88b20cd9b6ab9268889294ab249f6a1e5fb71b3e5ee88d2e8fde10ebe63a10,-174.46826,-495.00842,-435.3377,2476.2295,-984.8239,573.8842,2351.4705,-802.4271,424.31522,3266.1187,3
1684,mvdec_dekm_consistent_v1,airpollution_mvdec_dekm_consistent_v1_2b88b20cd9b6_seed_44,2b88b20cd9b6ab9268889294ab249f6a1e5fb71b3e5ee88d2e8fde10ebe63a10,-145.9672,-414.14792,-364.22226,2071.7554,-823.9546,480.142,1967.3668,-671.356,355.0114,2732.6123,3
1685,mvdec_dekm_consistent_v1,airpollution_mvdec_dekm_consistent_v1_2b88b20cd9b6_seed_44,2b88b20cd9b6ab9268889294ab249f6a1e5fb71b3e5ee88d2e8fde10ebe63a10,-119.926575,-340.26804,-299.24603,1702.1991,-676.97284,394.4923,1616.4226,-551.60004,291.69046,2245.1638,3
1686,mvdec_dekm_consistent_v1,airpollution_mvdec_dekm_consistent_v1_2b88b20cd9b6_seed_44,2b88b20cd9b6ab9268889294ab249f6a1e5fb71b3e5ee88d2e8fde10ebe63a10,-98.31925,-278.96545,-245.33205,1395.5594,-555.0144,323.4243,1325.2256,-452.2322,239.1505,1840.702,3
1687,mvdec_dekm_consistent_v1,airpollution_mvdec_dekm_consistent_v1_2b88b20cd9b6_seed_44,2b88b20cd9b6ab9268889294ab249f6a1e5fb71b3e5ee88d2e8fde10ebe63a10,-84.6156,-240.08716,-211.13905,1201.0847,-477.66714,278.35214,1140.5457,-389.21213,205.8286,1584.1877,3
1688,mvdec_dekm_consistent_v1,airpollution_mvdec_dekm_consistent_v1_2b88b20cd9b6_seed_44,2b88b20cd9b6ab9268889294ab249f6a1e5fb71b3e5ee88d2e8fde10ebe63a10,-82.82964,-235.01967,-206.68365,1175.7429,-467.58752,272.4786,1116.4784,-380.99994,201.48737,1550.761,3
1689,mvdec_dekm_consistent_v1,airpollution_mvdec_dekm_consistent_v1_2b88b20cd9b6_seed_44,2b88b20cd9b6ab9268889294ab249f6a1e5fb71b3e5ee88d2e8fde10ebe63a10,-93.65074,-265.72058,-233.68466,1329.3123,-528.66595,308.0704,1262.3142,-430.76474,227.80026,1753.321,3
1690,mvdec_dekm_consistent_v1,airpollution_mvdec_dekm_consistent_v1_2b88b20cd9b6_seed_44,2b88b20cd9b6ab9268889294ab249f6a1e5fb71b3e5ee88d2e8fde10ebe63a10,-79.87637,-226.64044,-199.31543,1133.8334,-450.91818,262.76517,1076.6779,-367.41885,194.30714,1495.481,3
1691,mvdec_dekm_consistent_v1,airpollution_mvdec_dekm_consistent_v1_2b88b20cd9b6_seed_44,2b88b20cd9b6ab9268889294ab249f6a1e5fb71b3e5ee88d2e8fde10ebe63a10,-52.04049,-147.66579,-129.85907,738.79504,-293.80063,171.20947,701.53326,-239.40495,126.62047,974.4198,3
1692,mvdec_dekm_consistent_v1,airpollution_mvdec_dekm_consistent_v1_2b88b20cd9b6_seed_44,2b88b20cd9b6ab9268889294ab249f6a1e5fb71b3e5ee88d2e8fde10ebe63a10,-33.624714,-95.417,-83.90762,477.44162,-189.85307,110.63719,453.34097,-154.71219,81.83961,629.6907,3
1693,mvdec_dekm_consistent_v1,airpollution_mvdec_dekm_consistent_v1_2b88b20cd9b6_seed_44,2b88b20cd9b6ab9268889294ab249f6a1e5fb71b3e5ee88d2e8fde10ebe63a10,-23.180244,-65.78394,-57.846397,329.2156,-130.89845,76.28347,312.5779,-106.67852,56.442772,434.1776,3
1694,mvdec_dekm_consistent_v1,airpollution_mvdec_dekm_consistent_v1_2b88b20cd9b6_seed_44,2b88b20cd9b6ab9268889294ab249f6a1e5fb71b3e5ee88d2e8fde10ebe63a10,-5.04495,-14.329746,-12.59318,71.83624,-28.532257,16.632055,68.16051,-23.273928,12.342443,94.691605,3
1695,mvdec_dekm_consistent_v1,airpollution_mvdec_dekm_consistent_v1_2b88b20cd9b6_seed_44,2b88b20cd9b6ab9268889294ab249f6a1e5fb71b3e5ee88d2e8fde10ebe63a10,-30.663904,-87.01456,-76.518135,435.41177,-173.1355,100.89614,413.42554,-141.09177,74.63807,574.2514,3
1696,mvdec_dekm_consistent_v1,airpollution_mvdec_dekm_consistent_v1_2b88b20cd9b6_seed_44,2b88b20cd9b6ab9268889294ab249f6a1e5fb71b3e5ee88d2e8fde10ebe63a10,-56.66855,-160.79189,-141.40486,804.45856,-319.914,186.42757,763.8846,-260.68246,137.87212,1061.0275,3
1697,mvdec_dekm_consistent_v1,airpollution_mvdec_dekm_consistent_v1_2b88b20cd9b6_seed_44,2b88b20cd9b6ab9268889294ab249f6a1e5fb71b3e5ee88d2e8fde10ebe63a10,-72.54872,-205.8464,-181.02902,1029.8298,-409.54895,238.66043,977.9048,-333.71426,176.48788,1358.2937,3
1698,mvdec_dekm_consistent_v1,airpollution_mvdec_dekm_consistent_v1_2b88b20cd9b6_seed_44,2b88b20cd9b6ab9268889294ab249f6a1e5fb71b3e5ee88d2e8fde10ebe63a10,-93.59047,-265.54382,-233.53223,1328.4412,-528.3148,307.86743,1261.4774,-430.48068,227.65283,1752.1661,3
1699,mvdec_dekm_consistent_v1,airpollution_mvdec_dekm_consistent_v1_2b88b20cd9b6_seed_44,2b88b20cd9b6ab9268889294ab249f6a1e5fb71b3e5ee88d2e8fde10ebe63a10,-117.83325,-334.32312,-294.02252,1672.4972,-665.14954,387.60544,1588.1981,-541.9708,286.60623,2205.9736,3
1700,mvdec_dekm_consistent_v1,airpollution_mvdec_dekm_consistent_v1_2b88b20cd9b6_seed_44,2b88b20cd9b6ab9268889294ab249f6a1e5fb71b3e5ee88d2e8fde10ebe63a10,-135.93546,-385.68088,-339.1914,1929.3916,-767.3254,447.1447,1832.1576,-625.21967,330.62283,2544.823,3
1701,mvdec_dekm_consistent_v1,airpollution_mvdec_dekm_consistent_v1_2b88b20cd9b6_seed_44,2b88b20cd9b6ab9268889294ab249f6a1e5fb71b3e5ee88d2e8fde10ebe63a10,-158.74911,-450.40787,-396.1161,2253.1533,-896.09625,522.1817,2139.619,-730.1369,386.09558,2971.872,3
1702,mvdec_dekm_consistent_v1,airpollution_mvdec_dekm_consistent_v1_2b88b20cd9b6_seed_44,2b88b20cd9b6ab9268889294ab249f6a1e5fb71b3e5ee88d2e8fde10ebe63a10,-184.66559,-523.9367,-460.7831,2620.9492,-1042.3796,607.42395,2488.895,-849.3233,449.1142,3457.0015,0
1703,mvdec_dekm_consistent_v1,airpollution_mvdec_dekm_consistent_v1_2b88b20cd9b6_seed_44,2b88b20cd9b6ab9268889294ab249f6a1e5fb71b3e5ee88d2e8fde10ebe63a10,-201.96042,-573.0066,-503.93686,2866.3887,-1139.9999,664.30884,2721.9795,-928.85986,491.16644,3780.743,0
1704,mvdec_dekm_consistent_v1,airpollution_mvdec_dekm_consistent_v1_2b88b20cd9b6_seed_44,2b88b20cd9b6ab9268889294ab249f6a1e5fb71b3e5ee88d2e8fde10ebe63a10,-184.56615,-523.65656,-460.53546,2619.5396,-1041.8214,607.09814,2487.5613,-848.86743,448.87158,3455.145,0
1705,mvdec_dekm_consistent_v1,airpollution_mvdec_dekm_consistent_v1_2b88b20cd9b6_seed_44,2b88b20cd9b6ab9268889294ab249f6a1e5fb71b3e5ee88d2e8fde10ebe63a10,-151.43298,-429.65393,-377.8616,2149.3267,-854.806,498.11993,2041.0295,-696.4932,368.30386,2834.9292,3
1706,mvdec_dekm_consistent_v1,airpollution_mvdec_dekm_consistent_v1_2b88b20cd9b6_seed_44,2b88b20cd9b6ab9268889294ab249f6a1e5fb71b3e5ee88d2e8fde10ebe63a10,-118.352554,-335.8,-295.3198,1679.8645,-668.0884,389.31552,1595.2089,-544.36194,287.86597,2215.702,3
1707,mvdec_dekm_consistent_v1,airpollution_mvdec_dekm_consistent_v1_2b88b20cd9b6_seed_44,2b88b20cd9b6ab9268889294ab249f6a1e5fb71b3e5ee88d2e8fde10ebe63a10,-85.38757,-242.27498,-213.06541,1212.0376,-482.0223,280.8905,1150.9438,-392.76105,207.70671,1598.6334,3
1708,mvdec_dekm_consistent_v1,airpollution_mvdec_dekm_consistent_v1_2b88b20cd9b6_seed_44,2b88b20cd9b6ab9268889294ab249f6a1e5fb71b3e5ee88d2e8fde10ebe63a10,-52.74048,-149.65126,-131.60434,748.7229,-297.75027,173.511,710.96277,-242.6222,128.3211,987.5156,3
1709,mvdec_dekm_consistent_v1,airpollution_mvdec_dekm_consistent_v1_2b88b20cd9b6_seed_44,2b88b20cd9b6ab9268889294ab249f6a1e5fb71b3e5ee88d2e8fde10ebe63a10,-21.115961,-59.9299,-52.693928,299.917,-119.24973,69.4944,284.76224,-97.18522,51.420116,395.53644,3
1710,mvdec_dekm_consistent_v1,airpollution_mvdec_dekm_consistent_v1_2b88b20cd9b6_seed_44,2b88b20cd9b6ab9268889294ab249f6a1e5fb71b3e5ee88d2e8fde10ebe63a10,-10.370718,-29.442589,-25.882305,147.4252,-58.598366,34.151634,139.94695,-47.769135,25.29325,194.39635,3
1711,mvdec_dekm_consistent_v1,airpollution_mvdec_dekm_consistent_v1_2b88b20cd9b6_seed_44,2b88b20cd9b6ab9268889294ab249f6a1e5fb71b3e5ee88d2e8fde10ebe63a10,-42.274914,-119.959946,-105.49016,600.199,-238.67847,139.08846,569.9193,-194.49236,102.87186,791.6107,3
1712,mvdec_dekm_consistent_v1,airpollution_mvdec_dekm_consistent_v1_2b88b20cd9b6_seed_44,2b88b20cd9b6ab9268889294ab249f6a1e5fb71b3e5ee88d2e8fde10ebe63a10,-74.828094,-212.31664,-186.71704,1062.1816,-422.4202,246.15901,1008.63416,-344.1994,182.02983,1400.9708,3
1713,mvdec_dekm_consistent_v1,airpollution_mvdec_dekm_consistent_v1_2b88b20cd9b6_seed_44,2b88b20cd9b6ab9268889294ab249f6a1e5fb71b3e5ee88d2e8fde10ebe63a10,-45.846497,-130.09193,-114.401566,650.88434,-258.8357,150.83493,618.04895,-210.91649,111.55699,858.4632,3
1714,mvdec_dekm_consistent_v1,airpollution_mvdec_dekm_consistent_v1_2b88b20cd9b6_seed_44,2b88b20cd9b6ab9268889294ab249f6a1e5fb71b3e5ee88d2e8fde10ebe63a10,-17.040592,-48.36592,-42.523857,242.07784,-96.24261,56.088245,229.83072,-78.440994,41.51047,319.2424,3
1715,mvdec_dekm_consistent_v1,airpollution_mvdec_dekm_consistent_v1_2b88b20cd9b6_seed_44,2b88b20cd9b6ab9268889294ab249f6a1e5fb71b3e5ee88d2e8fde10ebe63a10,-2.5356436,-7.211257,-6.330978,36.228436,-14.368873,8.378727,34.344193,-11.73413,6.2412305,47.72211,3
1716,mvdec_dekm_consistent_v1,airpollution_mvdec_dekm_consistent_v1_2b88b20cd9b6_seed_44,2b88b20cd9b6ab9268889294ab249f6a1e5fb71b3e5ee88d2e8fde10ebe63a10,-30.614256,-86.87588,-76.39322,434.71347,-172.8576,100.73383,412.76257,-140.86475,74.51777,573.3292,3
1717,mvdec_dekm_consistent_v1,airpollution_mvdec_dekm_consistent_v1_2b88b20cd9b6_seed_44,2b88b20cd9b6ab9268889294ab249f6a1e5fb71b3e5ee88d2e8fde10ebe63a10,-61.996387,-175.91223,-154.6987,880.0831,-349.9923,203.95409,835.7028,-285.18835,150.82884,1160.7775,3
1718,mvdec_dekm_consistent_v1,airpollution_mvdec_dekm_consistent_v1_2b88b20cd9b6_seed_44,2b88b20cd9b6ab9268889294ab249f6a1e5fb71b3e5ee88d2e8fde10ebe63a10,-83.291214,-236.3301,-207.83395,1182.2957,-470.19098,273.99612,1122.6979,-383.12186,202.61002,1559.4008,3
1719,mvdec_dekm_consistent_v1,airpollution_mvdec_dekm_consistent_v1_2b88b20cd9b6_seed_44,2b88b20cd9b6ab9268889294ab249f6a1e5fb71b3e5ee88d2e8fde10ebe63a10,-101.49492,-287.97733,-253.25647,1440.6392,-572.9418,333.8709,1368.0323,-466.83948,246.87505,1900.1603,3
1720,mvdec_dekm_consistent_v1,airpollution_mvdec_dekm_consistent_v1_2b88b20cd9b6_seed_44,2b88b20cd9b6ab9268889294ab249f6a1e5fb71b3e5ee88d2e8fde10ebe63a10,-125.86583,-357.12164,-314.06723,1786.5038,-710.50287,414.0304,1696.4816,-578.91895,306.1355,2356.3618,3
1721,mvdec_dekm_consistent_v1,airpollution_mvdec_dekm_consistent_v1_2b88b20cd9b6_seed_44,2b88b20cd9b6ab9268889294ab249f6a1e5fb71b3e5ee88d2e8fde10ebe63a10,-153.49509,-435.50998,-383.00827,2178.6096,-866.4537,504.90622,2068.8416,-705.9826,373.32004,2873.5554,3
1722,mvdec_dekm_consistent_v1,airpollution_mvdec_dekm_consistent_v1_2b88b20cd9b6_seed_44,2b88b20cd9b6ab9268889294ab249f6a1e5fb71b3e5ee88d2e8fde10ebe63a10,-182.95474,-519.0902,-456.516,2596.6865,-1032.7341,601.8016,2465.864,-841.46234,444.95422,3425.0044,0
1723,mvdec_dekm_consistent_v1,airpollution_mvdec_dekm_consistent_v1_2b88b20cd9b6_seed_44,2b88b20cd9b6ab9268889294ab249f6a1e5fb71b3e5ee88d2e8fde10ebe63a10,-213.51642,-605.7968,-532.7733,3030.4023,-1205.2341,702.3215,2877.738,-982.00977,519.2682,3997.0818,0
1724,mvdec_dekm_consistent_v1,airpollution_mvdec_dekm_consistent_v1_2b88b20cd9b6_seed_44,2b88b20cd9b6ab9268889294ab249f6a1e5fb71b3e5ee88d2e8fde10ebe63a10,-244.77704,-694.4862,-610.77435,3474.035,-1381.6794,805.13983,3299.0303,-1125.7711,595.281,4582.24,0
1725,mvdec_dekm_consistent_v1,airpollution_mvdec_dekm_consistent_v1_2b88b20cd9b6_seed_44,2b88b20cd9b6ab9268889294ab249f6a1e5fb71b3e5ee88d2e8fde10ebe63a10,-276.4969,-784.47894,-689.92145,3924.188,-1560.7172,909.4692,3726.5127,-1271.6451,672.41144,5175.9985,0
1726,mvdec_dekm_consistent_v1,airpollution_mvdec_dekm_consistent_v1_2b88b20cd9b6_seed_44,2b88b20cd9b6ab9268889294ab249f6a1e5fb71b3e5ee88d2e8fde10ebe63a10,-308.51837,-875.3276,-769.82166,4378.6235,-1741.4581,1014.79114,4158.063,-1418.907,750.2754,5775.405,0
1727,mvdec_dekm_consistent_v1,airpollution_mvdec_dekm_consistent_v1_2b88b20cd9b6_seed_44,2b88b20cd9b6ab9268889294ab249f6a1e5fb71b3e5ee88d2e8fde10ebe63a10,-337.38953,-957.2397,-841.86145,4788.3555,-1904.4197,1109.752,4547.161,-1551.6824,820.4796,6315.8477,0
1728,mvdec_dekm_consistent_v1,airpollution_mvdec_dekm_consistent_v1_2b88b20cd9b6_seed_44,2b88b20cd9b6ab9268889294ab249f6a1e5fb71b3e5ee88d2e8fde10ebe63a10,-364.11896,-1033.0754,-908.5571,5167.693,-2055.2925,1197.6692,4907.395,-1674.6085,885.4762,6816.199,0
1729,mvdec_dekm_consistent_v1,airpollution_mvdec_dekm_consistent_v1_2b88b20cd9b6_seed_44,2b88b20cd9b6ab9268889294ab249f6a1e5fb71b3e5ee88d2e8fde10ebe63a10,-389.91138,-1106.2529,-972.9153,5533.734,-2200.877,1282.5039,5255.0034,-1793.226,948.1946,7299.0127,0
1730,mvdec_dekm_consistent_v1,airpollution_mvdec_dekm_consistent_v1_2b88b20cd9b6_seed_44,2b88b20cd9b6ab9268889294ab249f6a1e5fb71b3e5ee88d2e8fde10ebe63a10,-415.61597,-1179.1807,-1037.0542,5898.527,-2345.965,1367.0498,5601.426,-1911.4384,1010.699,7780.179,0
1731,mvdec_dekm_consistent_v1,airpollution_mvdec_dekm_consistent_v1_2b88b20cd9b6_seed_44,2b88b20cd9b6ab9268889294ab249f6a1e5fb71b3e5ee88d2e8fde10ebe63a10,-442.3236,-1254.9534,-1103.6952,6277.55,-2496.7126,1454.8937,5961.3613,-2034.2628,1075.6415,8280.115,0
1732,mvdec_dekm_consistent_v1,airpollution_mvdec_dekm_consistent_v1_2b88b20cd9b6_seed_44,2b88b20cd9b6ab9268889294ab249f6a1e5fb71b3e5ee88d2e8fde10ebe63a10,-467.22086,-1325.5898,-1165.8187,6630.879,-2637.2417,1536.7832,6296.8975,-2148.7607,1136.1816,8746.163,2
1733,mvdec_dekm_consistent_v1,airpollution_mvdec_dekm_consistent_v1_2b88b20cd9b6_seed_44,2b88b20cd9b6ab9268889294ab249f6a1e5fb71b3e5ee88d2e8fde10ebe63a10,-492.00604,-1395.9095,-1227.6632,6982.6226,-2777.1396,1618.3046,6630.9277,-2262.745,1196.4501,9210.117,2
1734,mvdec_dekm_consistent_v1,airpollution_mvdec_dekm_consistent_v1_2b88b20cd9b6_seed_44,2b88b20cd9b6ab9268889294ab249f6a1e5fb71b3e5ee88d2e8fde10ebe63a10,-517.6913,-1468.782,-1291.753,7347.1353,-2922.1177,1702.7859,6977.086,-2380.8674,1258.9059,9690.917,2
1735,mvdec_dekm_consistent_v1,airpollution_mvdec_dekm_consistent_v1_2b88b20cd9b6_seed_44,2b88b20cd9b6ab9268889294ab249f6a1e5fb71b3e5ee88d2e8fde10ebe63a10,-544.10944,-1543.7328,-1357.6715,7722.0464,-3071.2307,1789.6776,7333.1187,-2502.3599,1323.1439,10185.431,2
1736,mvdec_dekm_consistent_v1,airpollution_mvdec_dekm_consistent_v1_2b88b20cd9b6_seed_44,2b88b20cd9b6ab9268889294ab249f6a1e5fb71b3e5ee88d2e8fde10ebe63a10,-570.6037,-1618.9003,-1423.7795,8098.0405,-3220.7732,1876.8198,7690.177,-2624.202,1387.5671,10681.372,2
1737,mvdec_dekm_consistent_v1,airpollution_mvdec_dekm_consistent_v1_2b88b20cd9b6_seed_44,2b88b20cd9b6ab9268889294ab249f6a1e5fb71b3e5ee88d2e8fde10ebe63a10,-597.77167,-1695.9778,-1491.5686,8483.59,-3374.1172,1966.1761,8056.3105,-2749.1409,1453.6285,11189.919,2
1738,mvdec_dekm_consistent_v1,airpollution_mvdec_dekm_consistent_v1_2b88b20cd9b6_seed_44,2b88b20cd9b6ab9268889294ab249f6a1e5fb71b3e5ee88d2e8fde10ebe63a10,-625.5254,-1774.7174,-1560.8184,8877.453,-3530.7668,2057.4602,8430.338,-2876.7744,1521.1134,11709.429,2
1739,mvdec_dekm_consistent_v1,airpollution_mvdec_dekm_consistent_v1_2b88b20cd9b6_seed_44,2b88b20cd9b6ab9268889294ab249f6a1e5fb71b3e5ee88d2e8fde10ebe63a10,-653.78876,-1854.9034,-1631.3416,9278.556,-3690.2947,2150.4207,8811.239,-3006.7524,1589.8397,12238.485,2
1740,mvdec_dekm_consistent_v1,airpollution_mvdec_dekm_consistent_v1_2b88b20cd9b6_seed_44,2b88b20cd9b6ab9268889294ab249f6a1e5fb71b3e5ee88d2e8fde10ebe63a10,-682.503,-1936.3677,-1702.9879,9686.045,-3852.3652,2244.8628,9198.209,-3138.802,1659.6602,12775.973,2
1741,mvdec_dekm_consistent_v1,airpollution_mvdec_dekm_consistent_v1_2b88b20cd9b6_seed_44,2b88b20cd9b6ab9268889294ab249f6a1e5fb71b3e5ee88d2e8fde10ebe63a10,-711.6077,-2018.9419,-1775.6101,10099.091,-4016.6436,2340.5916,9590.453,-3272.6504,1730.4323,13320.782,2
1742,mvdec_dekm_consistent_v1,airpollution_mvdec_dekm_consistent_v1_2b88b20cd9b6_seed_44,2b88b20cd9b6ab9268889294ab249f6a1e5fb71b3e5ee88d2e8fde10ebe63a10,-730.2223,-2071.7532,-1822.0569,10363.26,-4121.71,2401.8164,9841.316,-3358.2556,1775.6958,13669.225,2
1743,mvdec_dekm_consistent_v1,airpollution_mvdec_dekm_consistent_v1_2b88b20cd9b6_seed_44,2b88b20cd9b6ab9268889294ab249f6a1e5fb71b3e5ee88d2e8fde10ebe63a10,-746.13544,-2116.9006,-1861.7632,10589.096,-4211.529,2454.1562,10055.774,-3431.437,1814.3914,13967.102,2
1744,mvdec_dekm_consistent_v1,airpollution_mvdec_dekm_consistent_v1_2b88b20cd9b6_seed_44,2b88b20cd9b6ab9268889294ab249f6a1e5fb71b3e5ee88d2e8fde10ebe63a10,-760.1024,-2156.5266,-1896.6133,10787.311,-4290.3643,2500.0952,10244.009,-3495.67,1848.354,14228.552,2
1745,mvdec_dekm_consistent_v1,airpollution_mvdec_dekm_consistent_v1_2b88b20cd9b6_seed_44,2b88b20cd9b6ab9268889294ab249f6a1e5fb71b3e5ee88d2e8fde10ebe63a10,-775.24146,-2199.4805,-1934.3905,11002.169,-4375.82,2549.8916,10448.048,-3565.2957,1885.1686,14511.952,2
1746,mvdec_dekm_consistent_v1,airpollution_mvdec_dekm_consistent_v1_2b88b20cd9b6_seed_44,2b88b20cd9b6ab9268889294ab249f6a1e5fb71b3e5ee88d2e8fde10ebe63a10,-791.458,-2245.4897,-1974.8544,11232.313,-4467.354,2603.2302,10666.604,-3639.8748,1924.6018,14815.517,1
1747,mvdec_dekm_consistent_v1,airpollution_mvdec_dekm_consistent_v1_2b88b20cd9b6_seed_44,2b88b20cd9b6ab9268889294ab249f6a1e5fb71b3e5ee88d2e8fde10ebe63a10,-808.70404,-2294.4192,-2017.8867,11477.061,-4564.6978,2659.9543,10899.027,-3719.187,1966.5371,15138.344,1
1748,mvdec_dekm_consistent_v1,airpollution_mvdec_dekm_consistent_v1_2b88b20cd9b6_seed_44,2b88b20cd9b6ab9268889294ab249f6a1e5fb71b3e5ee88d2e8fde10ebe63a10,-818.4745,-2322.1401,-2042.2664,11615.724,-4619.8477,2692.0916,11030.707,-3764.1213,1990.2954,15321.242,1
1749,mvdec_dekm_consistent_v1,airpollution_mvdec_dekm_consistent_v1_2b88b20cd9b6_seed_44,2b88b20cd9b6ab9268889294ab249f6a1e5fb71b3e5ee88d2e8fde10ebe63a10,-825.2305,-2341.3098,-2059.1252,11711.608,-4657.985,2714.3147,11121.765,-3795.193,2006.7249,15447.716,1
1750,mvdec_dekm_consistent_v1,airpollution_mvdec_dekm_consistent_v1_2b88b20cd9b6_seed_44,2b88b20cd9b6ab9268889294ab249f6a1e5fb71b3e5ee88d2e8fde10ebe63a10,-258.36667,-733.04205,-644.6834,3666.892,-1458.385,849.83777,3482.1765,-1188.2681,628.3252,4836.6226,0
1751,mvdec_dekm_consistent_v1,airpollution_mvdec_dekm_consistent_v1_2b88b20cd9b6_seed_44,2b88b20cd9b6ab9268889294ab249f6a1e5fb71b3e5ee88d2e8fde10ebe63a10,-225.81598,-640.69165,-563.4631,3204.9468,-1274.6571,742.77545,3043.495,-1038.5728,549.1743,4227.311,0
1752,mvdec_dekm_consistent_v1,airpollution_mvdec_dekm_consistent_v1_2b88b20cd9b6_seed_44,2b88b20cd9b6ab9268889294ab249f6a1e5fb71b3e5ee88d2e8fde10ebe63a10,-193.49715,-548.9994,-482.8216,2746.2922,-1092.2378,636.47577,2607.9382,-889.94366,470.58743,3622.3389,0
1753,mvdec_dekm_consistent_v1,airpollution_mvdec_dekm_consistent_v1_2b88b20cd9b6_seed_44,2b88b20cd9b6ab9268889294ab249f6a1e5fb71b3e5ee88d2e8fde10ebe63a10,-161.55008,-458.3611,-403.10718,2292.9114,-911.9159,531.3983,2177.3894,-743.0237,392.9041,3024.323,3
1754,mvdec_dekm_consistent_v1,airpollution_mvdec_dekm_consistent_v1_2b88b20cd9b6_seed_44,2b88b20cd9b6ab9268889294ab249f6a1e5fb71b3e5ee88d2e8fde10ebe63a10,-130.24901,-369.55557,-325.0047,1848.6974,-735.2401,428.44547,1755.5452,-599.07434,316.79166,2438.3987,3
1755,mvdec_dekm_consistent_v1,airpollution_mvdec_dekm_consistent_v1_2b88b20cd9b6_seed_44,2b88b20cd9b6ab9268889294ab249f6a1e5fb71b3e5ee88d2e8fde10ebe63a10,-100.20113,-284.3051,-250.02892,1422.2664,-565.6368,329.61414,1350.5887,-460.88748,243.726,1875.93,3
1756,mvdec_dekm_consistent_v1,airpollution_mvdec_dekm_consistent_v1_2b88b20cd9b6_seed_44,2b88b20cd9b6ab9268889294ab249f6a1e5fb71b3e5ee88d2e8fde10ebe63a10,-72.96809,-207.04013,-182.07669,1035.7833,-411.9213,240.04106,983.5668,-335.64554,177.50577,1366.1523,3
1757,mvdec_dekm_consistent_v1,airpollution_mvdec_dekm_consistent_v1_2b88b20cd9b6_seed_44,2b88b20cd9b6ab9268889294ab249f6a1e5fb71b3e5ee88d2e8fde10ebe63a10,-53.078033,-150.60803,-132.44662,753.5089,-299.65207,174.61969,715.50525,-244.17287,129.14093,993.82715,3
1758,mvdec_dekm_consistent_v1,airpollution_mvdec_dekm_consistent_v1_2b88b20cd9b6_seed_44,2b88b20cd9b6ab9268889294ab249f6a1e5fb71b3e5ee88d2e8fde10ebe63a10,-50.183315,-142.39406,-125.22342,712.4266,-283.3114,165.09799,676.48944,-230.85951,122.10252,939.6373,3
1759,mvdec_dekm_consistent_v1,airpollution_mvdec_dekm_consistent_v1_2b88b20cd9b6_seed_44,2b88b20cd9b6ab9268889294ab249f6a1e5fb71b3e5ee88d2e8fde10ebe63a10,-66.53733,-188.79195,-166.03004,944.51776,-375.61945,218.88809,896.89087,-306.06927,161.87016,1245.7677,3
1760,mvdec_dekm_consistent_v1,airpollution_mvdec_dekm_consistent_v1_2b88b20cd9b6_seed_44,2b88b20cd9b6ab9268889294ab249f6a1e5fb71b3e5ee88d2e8fde10ebe63a10,-85.82624,-243.51665,-214.15996,1218.2605,-484.4934,282.33145,1156.8461,-394.7764,208.77457,1606.8369,3
1761,mvdec_dekm_consistent_v1,airpollution_mvdec_dekm_consistent_v1_2b88b20cd9b6_seed_44,2b88b20cd9b6ab9268889294ab249f6a1e5fb71b3e5ee88d2e8fde10ebe63a10,-77.747406,-220.5941,-193.99957,1103.6063,-438.88837,255.75726,1047.9587,-357.62018,189.13028,1455.6007,3
1762,mvdec_dekm_consistent_v1,airpollution_mvdec_dekm_consistent_v1_2b88b20cd9b6_seed_44,2b88b20cd9b6ab9268889294ab249f6a1e5fb71b3e5ee88d2e8fde10ebe63a10,-66.19958,-187.83205,-165.18573,939.7247,-373.70932,217.77579,892.3321,-304.51416,161.0501,1239.4402,3
1763,mvdec_dekm_consistent_v1,airpollution_mvdec_dekm_consistent_v1_2b88b20cd9b6_seed_44,2b88b20cd9b6ab9268889294ab249f6a1e5fb71b3e5ee88d2e8fde10ebe63a10,-40.829346,-115.8544,-101.88255,579.68353,-230.51147,134.3312,550.42346,-187.84135,99.359955,764.54156,3
1764,mvdec_dekm_consistent_v1,airpollution_mvdec_dekm_consistent_v1_2b88b20cd9b6_seed_44,2b88b20cd9b6ab9268889294ab249f6a1e5fb71b3e5ee88d2e8fde10ebe63a10,-10.351934,-29.38597,-25.834183,147.15472,-58.48547,34.087143,139.68037,-47.67941,25.248613,194.03305,3
1765,mvdec_dekm_consistent_v1,airpollution_mvdec_dekm_consistent_v1_2b88b20cd9b6_seed_44,2b88b20cd9b6ab9268889294ab249f6a1e5fb71b3e5ee88d2e8fde10ebe63a10,-19.779789,-56.134296,-49.35988,280.95587,-111.701965,65.09766,266.7433,-91.03837,48.174843,370.51837,3
1766,mvdec_dekm_consistent_v1,airpollution_mvdec_dekm_consistent_v1_2b88b20cd9b6_seed_44,2b88b20cd9b6ab9268889294ab249f6a1e5fb71b3e5ee88d2e8fde10ebe63a10,-26.701813,-75.77437,-66.63203,379.19113,-150.77428,87.86566,360.03458,-122.87253,65.0057,500.0939,3
1767,mvdec_dekm_consistent_v1,airpollution_mvdec_dekm_consistent_v1_2b88b20cd9b6_seed_44,2b88b20cd9b6ab9268889294ab249f6a1e5fb71b3e5ee88d2e8fde10ebe63a10,-46.859135,-132.9645,-116.92896,665.26196,-264.55273,154.16711,631.7006,-215.57507,114.02135,877.4261,3
1768,mvdec_dekm_consistent_v1,airpollution_mvdec_dekm_consistent_v1_2b88b20cd9b6_seed_44,2b88b20cd9b6ab9268889294ab249f6a1e5fb71b3e5ee88d2e8fde10ebe63a10,-71.48735,-202.83908,-178.3814,1014.77563,-403.56525,235.17238,963.61597,-328.8371,173.90698,1338.4414,3
1769,mvdec_dekm_consistent_v1,airpollution_mvdec_dekm_consistent_v1_2b88b20cd9b6_seed_44,2b88b20cd9b6ab9268889294ab249f6a1e5fb71b3e5ee88d2e8fde10ebe63a10,-89.40989,-253.68842,-223.10236,1269.1279,-504.72818,294.12216,1205.1599,-411.26117,217.48837,1673.9364,3
1770,mvdec_dekm_consistent_v1,airpollution_mvdec_dekm_consistent_v1_2b88b20cd9b6_seed_44,2b88b20cd9b6ab9268889294ab249f6a1e5fb71b3e5ee88d2e8fde10ebe63a10,-111.83944,-317.3232,-279.06866,1587.4329,-631.3286,367.89413,1507.4371,-514.4102,272.0273,2093.7869,3
1771,mvdec_dekm_consistent_v1,airpollution_mvdec_dekm_consistent_v1_2b88b20cd9b6_seed_44,2b88b20cd9b6ab9268889294ab249f6a1e5fb71b3e5ee88d2e8fde10ebe63a10,-138.53668,-393.06683,-345.6841,1966.3119,-782.01904,455.7047,1867.2361,-637.1877,336.9455,2593.5337,3
1772,mvdec_dekm_consistent_v1,airpollution_mvdec_dekm_consistent_v1_2b88b20cd9b6_seed_44,2b88b20cd9b6ab9268889294ab249f6a1e5fb71b3e5ee88d2e8fde10ebe63a10,-163.22496,-463.11057,-407.28653,2316.6797,-921.36926,536.90717,2199.9585,-750.7257,396.97845,3055.6729,3
1773,mvdec_dekm_consistent_v1,airpollution_mvdec_dekm_consistent_v1_2b88b20cd9b6_seed_44,2b88b20cd9b6ab9268889294ab249f6a1e5fb71b3e5ee88d2e8fde10ebe63a10,-169.98953,-482.30365,-424.1647,2412.6768,-959.5503,559.156,2291.123,-781.83417,413.42566,3182.2952,3
1774,mvdec_dekm_consistent_v1,airpollution_mvdec_dekm_consistent_v1_2b88b20cd9b6_seed_44,2b88b20cd9b6ab9268889294ab249f6a1e5fb71b3e5ee88d2e8fde10ebe63a10,-181.67857,-515.46594,-453.33136,2578.5637,-1025.5265,597.6021,2448.6533,-835.58997,441.84988,3401.1006,0
1775,mvdec_dekm_consistent_v1,airpollution_mvdec_dekm_consistent_v1_2b88b20cd9b6_seed_44,2b88b20cd9b6ab9268889294ab249f6a1e5fb71b3e5ee88d2e8fde10ebe63a10,-157.71637,-447.48038,-393.54068,2238.5015,-890.2733,518.7874,2125.713,-725.39075,383.58405,2952.5515,3
1776,mvdec_dekm_consistent_v1,airpollution_mvdec_dekm_consistent_v1_2b88b20cd9b6_seed_44,2b88b20cd9b6ab9268889294ab249f6a1e5fb71b3e5ee88d2e8fde10ebe63a10,-126.08055,-357.7248,-314.60303,1789.5393,-711.70795,414.73392,1699.3583,-579.9022,306.65854,2360.363,3
1777,mvdec_dekm_consistent_v1,airpollution_mvdec_dekm_consistent_v1_2b88b20cd9b6_seed_44,2b88b20cd9b6ab9268889294ab249f6a1e5fb71b3e5ee88d2e8fde10ebe63a10,-94.54248,-268.24664,-235.90868,1341.9623,-533.6938,311.00128,1274.3195,-434.86246,229.96994,1770.0016,3
1778,mvdec_dekm_consistent_v1,airpollution_mvdec_dekm_consistent_v1_2b88b20cd9b6_seed_44,2b88b20cd9b6ab9268889294ab249f6a1e5fb71b3e5ee88d2e8fde10ebe63a10,-62.038166,-176.02873,-154.80309,880.6767,-350.22754,204.092,836.2645,-285.38037,150.93143,1161.5588,3
1779,mvdec_dekm_consistent_v1,airpollution_mvdec_dekm_consistent_v1_2b88b20cd9b6_seed_44,2b88b20cd9b6ab9268889294ab249f6a1e5fb71b3e5ee88d2e8fde10ebe63a10,-29.50072,-83.716415,-73.61571,418.92194,-166.57503,97.07355,397.76315,-135.74652,71.81344,552.49744,3
1780,mvdec_dekm_consistent_v1,airpollution_mvdec_dekm_consistent_v1_2b88b20cd9b6_seed_44,2b88b20cd9b6ab9268889294ab249f6a1e5fb71b3e5ee88d2e8fde10ebe63a10,-3.782696,-10.75025,-9.443988,53.9442,-21.412941,12.483909,51.164383,-17.473867,9.278222,71.0865,3
1781,mvdec_dekm_consistent_v1,airpollution_mvdec_dekm_consistent_v1_2b88b20cd9b6_seed_44,2b88b20cd9b6ab9268889294ab249f6a1e5fb71b3e5ee88d2e8fde10ebe63a10,-34.788815,-98.72203,-86.8113,493.9712,-196.42635,114.46729,469.03683,-160.06755,84.67142,651.4913,3
1782,mvdec_dekm_consistent_v1,airpollution_mvdec_dekm_consistent_v1_2b88b20cd9b6_seed_44,2b88b20cd9b6ab9268889294ab249f6a1e5fb71b3e5ee88d2e8fde10ebe63a10,-66.63051,-189.06165,-166.26318,945.8571,-376.15442,219.19852,898.16766,-306.50357,162.09833,1247.5364,3
1783,mvdec_dekm_consistent_v1,airpollution_mvdec_dekm_consistent_v1_2b88b20cd9b6_seed_44,2b88b20cd9b6ab9268889294ab249f6a1e5fb71b3e5ee88d2e8fde10ebe63a10,-45.53882,-129.22191,-113.63524,646.5315,-257.105,149.82578,613.9168,-209.50601,110.81104,852.7222,3
1784,mvdec_dekm_consistent_v1,airpollution_mvdec_dekm_consistent_v1_2b88b20cd9b6_seed_44,2b88b20cd9b6ab9268889294ab249f6a1e5fb71b3e5ee88d2e8fde10ebe63a10,-15.757354,-44.727127,-39.323914,223.88081,-89.00553,51.870495,212.55057,-72.54432,38.39328,295.24048,3
1785,mvdec_dekm_consistent_v1,airpollution_mvdec_dekm_consistent_v1_2b88b20cd9b6_seed_44,2b88b20cd9b6ab9268889294ab249f6a1e5fb71b3e5ee88d2e8fde10ebe63a10,-0.8156399,-2.3334239,-2.040951,11.829309,-4.6655135,2.7235954,11.17644,-3.8284643,2.0604765,15.541369,3
1786,mvdec_dekm_consistent_v1,airpollution_mvdec_dekm_consistent_v1_2b88b20cd9b6_seed_44,2b88b20cd9b6ab9268889294ab249f6a1e5fb71b3e5ee88d2e8fde10ebe63a10,-20.461893,-58.07448,-51.06211,290.63904,-115.55763,67.34316,275.94836,-94.17796,49.830734,383.2965,3
1787,mvdec_dekm_consistent_v1,airpollution_mvdec_dekm_consistent_v1_2b88b20cd9b6_seed_44,2b88b20cd9b6ab9268889294ab249f6a1e5fb71b3e5ee88d2e8fde10ebe63a10,-39.962234,-113.39897,-99.71979,567.381,-225.6248,131.4819,538.7525,-183.85724,97.2488,748.32227,3
1788,mvdec_dekm_consistent_v1,airpollution_mvdec_dekm_consistent_v1_2b88b20cd9b6_seed_44,2b88b20cd9b6ab9268889294ab249f6a1e5fb71b3e5ee88d2e8fde10ebe63a10,-54.691475,-155.18814,-136.47205,776.41205,-308.76227,179.92784,737.2574,-251.59473,133.06418,1024.0375,3
1789,mvdec_dekm_consistent_v1,airpollution_mvdec_dekm_consistent_v1_2b88b20cd9b6_seed_44,2b88b20cd9b6ab9268889294ab249f6a1e5fb71b3e5ee88d2e8fde10ebe63a10,-79.4613,-225.46428,-198.2782,1127.94,-448.57455,261.39938,1071.083,-365.50894,193.29573,1487.708,3
1790,mvdec_dekm_consistent_v1,airpollution_mvdec_dekm_consistent_v1_2b88b20cd9b6_seed_44,2b88b20cd9b6ab9268889294ab249f6a1e5fb71b3e5ee88d2e8fde10ebe63a10,-108.681244,-308.36566,-271.18802,1542.621,-613.50433,357.50735,1464.8811,-499.88806,264.34805,2034.6779,3
1791,mvdec_dekm_consistent_v1,airpollution_mvdec_dekm_consistent_v1_2b88b20cd9b6_seed_44,2b88b20cd9b6ab9268889294ab249f6a1e5fb71b3e5ee88d2e8fde10ebe63a10,-139.67902,-396.31104,-348.53406,1982.5325,-788.469,459.4629,1882.639,-642.44324,339.72357,2614.9272,3
1792,mvdec_dekm_consistent_v1,airpollution_mvdec_dekm_consistent_v1_2b88b20cd9b6_seed_44,2b88b20cd9b6ab9268889294ab249f6a1e5fb71b3e5ee88d2e8fde10ebe63a10,-171.50479,-486.60535,-427.94632,2434.1946,-968.1071,564.1418,2311.5554,-788.80634,417.1124,3210.6755,3
1793,mvdec_dekm_consistent_v1,airpollution_mvdec_dekm_consistent_v1_2b88b20cd9b6_seed_44,2b88b20cd9b6ab9268889294ab249f6a1e5fb71b3e5ee88d2e8fde10ebe63a10,-203.76126,-578.1214,-508.4333,2891.9673,-1150.1755,670.23706,2746.275,-937.14966,495.54803,3814.4841,0
1794,mvdec_dekm_consistent_v1,airpollution_mvdec_dekm_consistent_v1_2b88b20cd9b6_seed_44,2b88b20cd9b6ab9268889294ab249f6a1e5fb71b3e5ee88d2e8fde10ebe63a10,-236.28955,-670.4075,-589.59753,3353.5906,-1333.776,777.2251,3184.6516,-1086.741,574.64374,4423.373,0
1795,mvdec_dekm_consistent_v1,airpollution_mvdec_dekm_consistent_v1_2b88b20cd9b6_seed_44,2b88b20cd9b6ab9268889294ab249f6a1e5fb71b3e5ee88d2e8fde10ebe63a10,-264.96417,-751.76044,-661.1462,3760.5256,-1495.625,871.5381,3571.0938,-1218.6101,644.3688,4960.126,0
1796,mvdec_dekm_consistent_v1,airpollution_mvdec_dekm_consistent_v1_2b88b20cd9b6_seed_44,2b88b20cd9b6ab9268889294ab249f6a1e5fb71b3e5ee88d2e8fde10ebe63a10,-290.79468,-825.04504,-725.59875,4127.102,-1641.4229,956.4977,3919.2104,-1337.4011,707.1787,5443.647,0
1797,mvdec_dekm_consistent_v1,airpollution_mvdec_dekm_consistent_v1_2b88b20cd9b6_seed_44,2b88b20cd9b6ab9268889294ab249f6a1e5fb71b3e5ee88d2e8fde10ebe63a10,-317.9559,-902.1048,-793.3712,4512.56,-1794.7305,1045.8334,4285.258,-1462.3109,773.22363,5952.0723,0
1798,mvdec_dekm_consistent_v1,airpollution_mvdec_dekm_consistent_v1_2b88b20cd9b6_seed_44,2b88b20cd9b6ab9268889294ab249f6a1e5fb71b3e5ee88d2e8fde10ebe63a10,-343.05457,-973.3127,-855.9977,4868.7495,-1936.3967,1128.3855,4623.5103,-1577.7356,834.25385,6421.8906,0
1799,mvdec_dekm_consistent_v1,airpollution_mvdec_dekm_consistent_v1_2b88b20cd9b6_seed_44,2b88b20cd9b6ab9268889294ab249f6a1e5fb71b3e5ee88d2e8fde10ebe63a10,-369.03006,-1047.0073,-920.8108,5237.3774,-2083.0095,1213.8203,4973.5737,-1697.1909,897.4153,6908.1157,0
1800,mvdec_dekm_consistent_v1,airpollution_mvdec_dekm_consistent_v1_2b88b20cd9b6_seed_44,2b88b20cd9b6ab9268889294ab249f6a1e5fb71b3e5ee88d2e8fde10ebe63a10,-396.0709,-1123.7249,-988.2826,5621.1235,-2235.6367,1302.7592,5337.995,-1821.5457,963.16736,7414.284,0
1801,mvdec_dekm_consistent_v1,airpollution_mvdec_dekm_consistent_v1_2b88b20cd9b6_seed_44,2b88b20cd9b6ab9268889294ab249f6a1e5fb71b3e5ee88d2e8fde10ebe63a10,-420.25204,-1192.3287,-1048.6189,5964.2886,-2372.1218,1382.2926,5663.8774,-1932.7495,1021.966,7866.922,0
1802,mvdec_dekm_consistent_v1,airpollution_mvdec_dekm_consistent_v1_2b88b20cd9b6_seed_44,2b88b20cd9b6ab9268889294ab249f6a1e5fb71b3e5ee88d2e8fde10ebe63a10,-445.15802,-1262.9894,-1110.7638,6317.7407,-2512.6987,1464.2101,5999.5293,-2047.2874,1082.5276,8333.129,0
1803,mvdec_dekm_consistent_v1,airpollution_mvdec_dekm_consistent_v1_2b88b20cd9b6_seed_44,2b88b20cd9b6ab9268889294ab249f6a1e5fb71b3e5ee88d2e8fde10ebe63a10,-471.0462,-1336.4365,-1175.3597,6685.135,-2658.8196,1549.3583,6348.418,-2166.342,1145.4779,8817.726,2
1804,mvdec_dekm_consistent_v1,airpollution_mvdec_dekm_consistent_v1_2b88b20cd9b6_seed_44,2b88b20cd9b6ab9268889294ab249f6a1e5fb71b3e5ee88d2e8fde10ebe63a10,-497.4629,-1411.3843,-1241.2749,7060.0312,-2807.9253,1636.2458,6704.434,-2287.8289,1209.714,9312.219,2
1805,mvdec_dekm_consistent_v1,airpollution_mvdec_dekm_consistent_v1_2b88b20cd9b6_seed_44,2b88b20cd9b6ab9268889294ab249f6a1e5fb71b3e5ee88d2e8fde10ebe63a10,-524.20483,-1487.2537,-1308.0011,7439.5415,-2958.8662,1724.2023,7064.83,-2410.81,1274.7405,9812.796,2
1806,mvdec_dekm_consistent_v1,airpollution_mvdec_dekm_consistent_v1_2b88b20cd9b6_seed_44,2b88b20cd9b6ab9268889294ab249f6a1e5fb71b3e5ee88d2e8fde10ebe63a10,-551.65576,-1565.1365,-1376.4967,7829.118,-3113.8115,1814.492,7434.788,-2537.054,1341.4907,10326.652,2
1807,mvdec_dekm_consistent_v1,airpollution_mvdec_dekm_consistent_v1_2b88b20cd9b6_seed_44,2b88b20cd9b6ab9268889294ab249f6a1e5fb71b3e5ee88d2e8fde10ebe63a10,-579.71,-1644.7308,-1446.4982,8227.259,-3272.1619,1906.7661,7812.8774,-2666.0728,1409.7095,10851.806,2
1808,mvdec_dekm_consistent_v1,airpollution_mvdec_dekm_consistent_v1_2b88b20cd9b6_seed_44,2b88b20cd9b6ab9268889294ab249f6a1e5fb71b3e5ee88d2e8fde10ebe63a10,-608.2887,-1725.8134,-1517.8087,8632.841,-3433.473,2000.7659,8198.037,-2797.504,1479.2029,11386.773,2
1809,mvdec_dekm_consistent_v1,airpollution_mvdec_dekm_consistent_v1_2b88b20cd9b6_seed_44,2b88b20cd9b6ab9268889294ab249f6a1e5fb71b3e5ee88d2e8fde10ebe63a10,-637.3196,-1808.1792,-1590.2477,9044.844,-3597.3376,2096.2524,8589.29,-2931.0151,1549.7961,11930.21,2
1810,mvdec_dekm_consistent_v1,airpollution_mvdec_dekm_consistent_v1_2b88b20cd9b6_seed_44,2b88b20cd9b6ab9268889294ab249f6a1e5fb71b3e5ee88d2e8fde10ebe63a10,-665.77203,-1888.903,-1661.2427,9448.628,-3757.9358,2189.8362,8972.745,-3061.8647,1618.981,12462.8125,2
1811,mvdec_dekm_consistent_v1,airpollution_mvdec_dekm_consistent_v1_2b88b20cd9b6_seed_44,2b88b20cd9b6ab9268889294ab249f6a1e5fb71b3e5ee88d2e8fde10ebe63a10,-683.9778,-1940.5557,-1706.6699,9706.998,-3860.6968,2249.7175,9218.1045,-3145.5906,1663.2506,12803.606,2
1812,mvdec_dekm_consistent_v1,airpollution_mvdec_dekm_consistent_v1_2b88b20cd9b6_seed_44,2b88b20cd9b6ab9268889294ab249f6a1e5fb71b3e5ee88d2e8fde10ebe63a10,-702.5551,-1993.2621,-1753.024,9970.64,-3965.5547,2310.8206,9468.471,-3231.0254,1708.4233,13151.3545,2
1813,mvdec_dekm_consistent_v1,airpollution_mvdec_dekm_consistent_v1_2b88b20cd9b6_seed_44,2b88b20cd9b6ab9268889294ab249f6a1e5fb71b3e5ee88d2e8fde10ebe63a10,-715.833,-2030.9333,-1786.1553,10159.073,-4040.501,2354.493,9647.416,-3292.0884,1740.7098,13399.901,2
1814,mvdec_dekm_consistent_v1,airpollution_mvdec_dekm_consistent_v1_2b88b20cd9b6_seed_44,2b88b20cd9b6ab9268889294ab249f6a1e5fb71b3e5ee88d2e8fde10ebe63a10,-730.3806,-2072.2078,-1822.4556,10365.534,-4122.6147,2402.3423,9843.477,-3358.9922,1776.0848,13672.224,2
1815,mvdec_dekm_consistent_v1,airpollution_mvdec_dekm_consistent_v1_2b88b20cd9b6_seed_44,2b88b20cd9b6ab9268889294ab249f6a1e5fb71b3e5ee88d2e8fde10ebe63a10,-746.11206,-2116.8396,-1861.7089,10588.786,-4211.409,2454.0845,10055.487,-3431.3389,1814.3379,13966.699,2
1816,mvdec_dekm_consistent_v1,airpollution_mvdec_dekm_consistent_v1_2b88b20cd9b6_seed_44,2b88b20cd9b6ab9268889294ab249f6a1e5fb71b3e5ee88d2e8fde10ebe63a10,-762.9332,-2164.5645,-1903.6821,10827.511,-4306.3564,2509.4126,10282.189,-3508.6985,1855.2412,14281.581,2
1817,mvdec_dekm_consistent_v1,airpollution_mvdec_dekm_consistent_v1_2b88b20cd9b6_seed_44,2b88b20cd9b6ab9268889294ab249f6a1e5fb71b3e5ee88d2e8fde10ebe63a10,-780.153,-2213.4182,-1946.6486,11071.884,-4403.55,2566.0493,10514.256,-3587.8884,1897.1125,14603.911,2
1818,mvdec_dekm_consistent_v1,airpollution_mvdec_dekm_consistent_v1_2b88b20cd9b6_seed_44,2b88b20cd9b6ab9268889294ab249f6a1e5fb71b3e5ee88d2e8fde10ebe63a10,-785.8313,-2229.5278,-1960.8169,11152.464,-4435.5986,2584.7246,10590.778,-3614.0012,1910.9194,14710.197,2
1819,mvdec_dekm_consistent_v1,airpollution_mvdec_dekm_consistent_v1_2b88b20cd9b6_seed_44,2b88b20cd9b6ab9268889294ab249f6a1e5fb71b3e5ee88d2e8fde10ebe63a10,-792.86395,-2249.479,-1978.3638,11252.265,-4475.2905,2607.8547,10685.552,-3646.3413,1928.02,14841.834,1
1820,mvdec_dekm_consistent_v1,airpollution_mvdec_dekm_consistent_v1_2b88b20cd9b6_seed_44,2b88b20cd9b6ab9268889294ab249f6a1e5fb71b3e5ee88d2e8fde10ebe63a10,-254.20073,-721.22015,-634.288,3607.7615,-1434.866,836.1333,3426.0217,-1169.1064,618.194,4758.6284,0
1821,mvdec_dekm_consistent_v1,airpollution_mvdec_dekm_consistent_v1_2b88b20cd9b6_seed_44,2b88b20cd9b6ab9268889294ab249f6a1e5fb71b3e5ee88d2e8fde10ebe63a10,-221.03616,-627.1281,-551.5357,3137.1035,-1247.6724,727.05176,2979.0652,-1016.5874,537.5504,4137.8237,0
1822,mvdec_dekm_consistent_v1,airpollution_mvdec_dekm_consistent_v1_2b88b20cd9b6_seed_44,2b88b20cd9b6ab9268889294ab249f6a1e5fb71b3e5ee88d2e8fde10ebe63a10,-187.89653,-533.10626,-468.84506,2666.7976,-1060.6188,618.05145,2532.443,-864.18243,456.9673,3517.4817,0
1823,mvdec_dekm_consistent_v1,airpollution_mvdec_dekm_consistent_v1_2b88b20cd9b6_seed_44,2b88b20cd9b6ab9268889294ab249f6a1e5fb71b3e5ee88d2e8fde10ebe63a10,-154.7898,-439.17615,-386.2356,2196.959,-873.7471,509.15817,2086.2576,-711.9271,376.46524,2897.7522,3
1824,mvdec_dekm_consistent_v1,airpollution_mvdec_dekm_consistent_v1_2b88b20cd9b6_seed_44,2b88b20cd9b6ab9268889294ab249f6a1e5fb71b3e5ee88d2e8fde10ebe63a10,-121.76959,-345.49417,-303.84384,1728.3501,-687.3699,400.55185,1641.2494,-560.07294,296.1725,2279.6526,3
1825,mvdec_dekm_consistent_v1,airpollution_mvdec_dekm_consistent_v1_2b88b20cd9b6_seed_44,2b88b20cd9b6ab9268889294ab249f6a1e5fb71b3e5ee88d2e8fde10ebe63a10,-88.90773,-252.26147,-221.84712,1261.9883,-501.88644,292.46634,1198.3752,-408.94678,216.26471,1664.516,3
1826,mvdec_dekm_consistent_v1,airpollution_mvdec_dekm_consistent_v1_2b88b20cd9b6_seed_44,2b88b20cd9b6ab9268889294ab249f6a1e5fb71b3e5ee88d2e8fde10ebe63a10,-56.481113,-160.2636,-140.9364,801.80316,-318.85947,185.81227,761.3668,-259.82217,137.41524,1057.5267,3
1827,mvdec_dekm_consistent_v1,airpollution_mvdec_dekm_consistent_v1_2b88b20cd9b6_seed_44,2b88b20cd9b6ab9268889294ab249f6a1e5fb71b3e5ee88d2e8fde10ebe63a10,-26.1567,-74.22895,-65.271614,371.4537,-147.69798,86.072754,352.6893,-120.36564,63.67891,489.88974,3
1828,mvdec_dekm_consistent_v1,airpollution_mvdec_dekm_consistent_v1_2b88b20cd9b6_seed_44,2b88b20cd9b6ab9268889294ab249f6a1e5fb71b3e5ee88d2e8fde10ebe63a10,-19.64164,-55.744305,-49.01577,278.99652,-110.92536,64.644455,264.8878,-90.404594,47.83791,367.93756,3
1829,mvdec_dekm_consistent_v1,airpollution_mvdec_dekm_consistent_v1_2b88b20cd9b6_seed_44,2b88b20cd9b6ab9268889294ab249f6a1e5fb71b3e5ee88d2e8fde10ebe63a10,-39.47072,-112.001915,-98.49433,560.4067,-222.84985,129.86533,532.1261,-181.59688,96.05592,739.1215,3
1830,mvdec_dekm_consistent_v1,airpollution_mvdec_dekm_consistent_v1_2b88b20cd9b6_seed_44,2b88b20cd9b6ab9268889294ab249f6a1e5fb71b3e5ee88d2e8fde10ebe63a10,-60.492302,-171.64395,-150.94748,858.73645,-341.50513,199.00795,815.43506,-278.27252,147.1716,1132.6244,3
1831,mvdec_dekm_consistent_v1,airpollution_mvdec_dekm_consistent_v1_2b88b20cd9b6_seed_44,2b88b20cd9b6ab9268889294ab249f6a1e5fb71b3e5ee88d2e8fde10ebe63a10,-82.49355,-234.06508,-205.84541,1170.9712,-465.69016,271.37302,1111.9474,-379.4539,200.67032,1544.4677,3
1832,mvdec_dekm_consistent_v1,airpollution_mvdec_dekm_consistent_v1_2b88b20cd9b6_seed_44,2b88b20cd9b6ab9268889294ab249f6a1e5fb71b3e5ee88d2e8fde10ebe63a10,-83.56038,-237.09315,-208.507,1186.1099,-471.7126,274.8821,1126.3267,-384.36008,203.26303,1564.4376,3
1833,mvdec_dekm_consistent_v1,airpollution_mvdec_dekm_consistent_v1_2b88b20cd9b6_seed_44,2b88b20cd9b6ab9268889294ab249f6a1e5fb71b3e5ee88d2e8fde10ebe63a10,-53.647816,-152.22699,-133.86893,761.6022,-302.87393,176.49628,723.19617,-246.79636,130.5271,1004.50525,3
1834,mvdec_dekm_consistent_v1,airpollution_mvdec_dekm_consistent_v1_2b88b20cd9b6_seed_44,2b88b20cd9b6ab9268889294ab249f6a1e5fb71b3e5ee88d2e8fde10ebe63a10,-27.07402,-76.833626,-67.561424,384.47552,-152.88014,89.09171,365.06094,-124.58664,65.90916,507.06955,3
1835,mvdec_dekm_consistent_v1,airpollution_mvdec_dekm_consistent_v1_2b88b20cd9b6_seed_44,2b88b20cd9b6ab9268889294ab249f6a1e5fb71b3e5ee88d2e8fde10ebe63a10,-12.471224,-35.402004,-31.123844,177.23552,-70.45441,41.060516,168.25555,-57.42929,30.401083,233.71632,3
1836,mvdec_dekm_consistent_v1,airpollution_mvdec_dekm_consistent_v1_2b88b20cd9b6_seed_44,2b88b20cd9b6ab9268889294ab249f6a1e5fb71b3e5ee88d2e8fde10ebe63a10,-2.8222759,-8.040274,-7.059162,40.403183,-16.019476,9.341734,38.304905,-13.082062,6.9619846,53.22216,3
1837,mvdec_dekm_consistent_v1,airpollution_mvdec_dekm_consistent_v1_2b88b20cd9b6_seed_44,2b88b20cd9b6ab9268889294ab249f6a1e5fb71b3e5ee88d2e8fde10ebe63a10,-25.617317,-72.69933,-63.926132,363.80124,-144.65578,84.29963,345.4244,-117.88626,62.36765,479.7975,3
1838,mvdec_dekm_consistent_v1,airpollution_mvdec_dekm_consistent_v1_2b88b20cd9b6_seed_44,2b88b20cd9b6ab9268889294ab249f6a1e5fb71b3e5ee88d2e8fde10ebe63a10,-43.747704,-124.13759,-109.16461,621.099,-246.98969,143.93192,589.76447,-201.26456,106.45337,819.1765,3
1839,mvdec_dekm_consistent_v1,airpollution_mvdec_dekm_consistent_v1_2b88b20cd9b6_seed_44,2b88b20cd9b6ab9268889294ab249f6a1e5fb71b3e5ee88d2e8fde10ebe63a10,-64.997826,-184.42545,-162.18817,922.6737,-366.93225,213.8255,876.14813,-298.99045,158.1271,1216.9553,3
1840,mvdec_dekm_consistent_v1,airpollution_mvdec_dekm_consistent_v1_2b88b20cd9b6_seed_44,2b88b20cd9b6ab9268889294ab249f6a1e5fb71b3e5ee88d2e8fde10ebe63a10,-93.203156,-264.44666,-232.56662,1322.9564,-526.1337,306.596,1256.2693,-428.70312,226.71373,1744.9316,3
1841,mvdec_dekm_consistent_v1,airpollution_mvdec_dekm_consistent_v1_2b88b20cd9b6_seed_44,2b88b20cd9b6ab9268889294ab249f6a1e5fb71b3e5ee88d2e8fde10ebe63a10,-123.828186,-351.33453,-308.98322,1757.5815,-698.9956,407.32623,1669.0063,-569.5452,301.1838,2318.2078,3
1842,mvdec_dekm_consistent_v1,airpollution_mvdec_dekm_consistent_v1_2b88b20cd9b6_seed_44,2b88b20cd9b6ab9268889294ab249f6a1e5fb71b3e5ee88d2e8fde10ebe63a10,-130.2147,-369.45517,-324.91922,1848.2189,-735.04535,428.33286,1755.0809,-598.91693,316.71313,2437.7607,3
1843,mvdec_dekm_consistent_v1,airpollution_mvdec_dekm_consistent_v1_2b88b20cd9b6_seed_44,2b88b20cd9b6ab9268889294ab249f6a1e5fb71b3e5ee88d2e8fde10ebe63a10,-138.57324,-393.17136,-345.7751,1966.8372,-782.2253,455.82516,1867.7307,-637.3566,337.03577,2594.223,3
1844,mvdec_dekm_consistent_v1,airpollution_mvdec_dekm_consistent_v1_2b88b20cd9b6_seed_44,2b88b20cd9b6ab9268889294ab249f6a1e5fb71b3e5ee88d2e8fde10ebe63a10,-148.70726,-421.92288,-371.06155,2110.6536,-839.4255,489.15692,2004.3057,-683.96136,361.67737,2783.92,3
1845,mvdec_dekm_consistent_v1,airpollution_mvdec_dekm_consistent_v1_2b88b20cd9b6_seed_44,2b88b20cd9b6ab9268889294ab249f6a1e5fb71b3e5ee88d2e8fde10ebe63a10,-156.77933,-444.82428,-391.203,2225.208,-884.98706,515.7066,2113.0916,-721.08325,381.3053,2935.0188,3
1846,mvdec_dekm_consistent_v1,airpollution_mvdec_dekm_consistent_v1_2b88b20cd9b6_seed_44,2b88b20cd9b6ab9268889294ab249f6a1e5fb71b3e5ee88d2e8fde10ebe63a10,-131.08102,-371.91418,-327.08084,1860.5077,-739.9358,431.18216,1766.7568,-602.90063,318.81726,2453.974,3
1847,mvdec_dekm_consistent_v1,airpollution_mvdec_dekm_consistent_v1_2b88b20cd9b6_seed_44,2b88b20cd9b6ab9268889294ab249f6a1e5fb71b3e5ee88d2e8fde10ebe63a10,-97.89165,-277.75168,-244.26657,1389.4971,-552.60223,322.01886,1319.4663,-450.2676,238.11317,1832.7045,3
1848,mvdec_dekm_consistent_v1,airpollution_mvdec_dekm_consistent_v1_2b88b20cd9b6_seed_44,2b88b20cd9b6ab9268889294ab249f6a1e5fb71b3e5ee88d2e8fde10ebe63a10,-64.72919,-183.66632,-161.51929,918.8724,-365.42184,212.94516,872.5425,-297.7593,157.47476,1211.9436,3
1849,mvdec_dekm_consistent_v1,airpollution_mvdec_dekm_consistent_v1_2b88b20cd9b6_seed_44,2b88b20cd9b6ab9268889294ab249f6a1e5fb71b3e5ee88d2e8fde10ebe63a10,-31.668499,-89.86837,-79.025734,449.6807,-178.81241,104.20327,426.97952,-145.7161,77.08207,593.0741,3
1850,mvdec_dekm_consistent_v1,airpollution_mvdec_dekm_consistent_v1_2b88b20cd9b6_seed_44,2b88b20cd9b6ab9268889294ab249f6a1e5fb71b3e5ee88d2e8fde10ebe63a10,-3.463615,-9.847225,-8.648211,49.412567,-19.613972,11.434906,46.868008,-16.007013,8.499629,65.11423,3
1851,mvdec_dekm_consistent_v1,airpollution_mvdec_dekm_consistent_v1_2b88b20cd9b6_seed_44,2b88b20cd9b6ab9268889294ab249f6a1e5fb71b3e5ee88d2e8fde10ebe63a10,-34.20458,-97.06508,-85.3543,485.67935,-193.13008,112.54618,461.16562,-157.38148,83.2502,640.5567,3
1852,mvdec_dekm_consistent_v1,airpollution_mvdec_dekm_consistent_v1_2b88b20cd9b6_seed_44,2b88b20cd9b6ab9268889294ab249f6a1e5fb71b3e5ee88d2e8fde10ebe63a10,-66.66191,-189.15219,-166.34212,946.30505,-376.3338,219.30267,898.59576,-306.6493,162.17433,1248.129,3
1853,mvdec_dekm_consistent_v1,airpollution_mvdec_dekm_consistent_v1_2b88b20cd9b6_seed_44,2b88b20cd9b6ab9268889294ab249f6a1e5fb71b3e5ee88d2e8fde10ebe63a10,-61.631546,-174.88063,-153.79036,874.91833,-347.94095,202.75755,830.80334,-283.51593,149.94289,1153.9681,3
1854,mvdec_dekm_consistent_v1,airpollution_mvdec_dekm_consistent_v1_2b88b20cd9b6_seed_44,2b88b20cd9b6ab9268889294ab249f6a1e5fb71b3e5ee88d2e8fde10ebe63a10,-38.777065,-110.03949,-96.763504,550.57324,-218.94055,127.586205,522.79297,-178.4107,94.368385,726.1532,3
1855,mvdec_dekm_consistent_v1,airpollution_mvdec_dekm_consistent_v1_2b88b20cd9b6_seed_44,2b88b20cd9b6ab9268889294ab249f6a1e5fb71b3e5ee88d2e8fde10ebe63a10,-23.577759,-66.91475,-58.838566,334.8692,-133.14787,77.593445,317.94824,-108.51046,57.410694,441.63474,3
1856,mvdec_dekm_consistent_v1,airpollution_mvdec_dekm_consistent_v1_2b88b20cd9b6_seed_44,2b88b20cd9b6ab9268889294ab249f6a1e5fb71b3e5ee88d2e8fde10ebe63a10,-1.7608948,-5.015393,-4.400191,25.245216,-10.001418,5.8331804,23.916147,-8.175805,4.359323,33.236786,3
1857,mvdec_dekm_consistent_v1,airpollution_mvdec_dekm_consistent_v1_2b88b20cd9b6_seed_44,2b88b20cd9b6ab9268889294ab249f6a1e5fb71b3e5ee88d2e8fde10ebe63a10,-9.306611,-26.423122,-23.227848,132.32773,-52.591484,30.651628,125.606,-42.87614,22.707191,174.48032,3
1858,mvdec_dekm_consistent_v1,airpollution_mvdec_dekm_consistent_v1_2b88b20cd9b6_seed_44,2b88b20cd9b6ab9268889294ab249f6a1e5fb71b3e5ee88d2e8fde10ebe63a10,-34.581688,-98.13358,-86.294525,491.02167,-195.25484,113.784676,466.23898,-159.1129,84.16516,647.6038,3
1859,mvdec_dekm_consistent_v1,airpollution_mvdec_dekm_consistent_v1_2b88b20cd9b6_seed_44,2b88b20cd9b6ab9268889294ab249f6a1e5fb71b3e5ee88d2e8fde10ebe63a10,-66.83463,-189.63945,-166.77165,948.7393,-377.3021,219.86752,900.9075,-307.43854,162.59091,1251.3405,3
1860,mvdec_dekm_consistent_v1,airpollution_mvdec_dekm_consistent_v1_2b88b20cd9b6_seed_44,2b88b20cd9b6ab9268889294ab249f6a1e5fb71b3e5ee88d2e8fde10ebe63a10,-99.72099,-282.9417,-248.82951,1415.446,-562.924,328.0336,1344.1112,-458.677,242.55748,1866.9335,3
1861,mvdec_dekm_consistent_v1,airpollution_mvdec_dekm_consistent_v1_2b88b20cd9b6_seed_44,2b88b20cd9b6ab9268889294ab249f6a1e5fb71b3e5ee88d2e8fde10ebe63a10,-132.78078,-376.7357,-331.31976,1884.613,-749.52423,436.76978,1789.6509,-610.7125,322.9456,2485.7715,3
1862,mvdec_dekm_consistent_v1,airpollution_mvdec_dekm_consistent_v1_2b88b20cd9b6_seed_44,2b88b20cd9b6ab9268889294ab249f6a1e5fb71b3e5ee88d2e8fde10ebe63a10,-165.90727,-470.71887,-413.9765,2354.7266,-936.5009,545.72534,2236.0896,-763.0549,403.496,3105.8574,3
1863,mvdec_dekm_consistent_v1,airpollution_mvdec_dekm_consistent_v1_2b88b20cd9b6_seed_44,2b88b20cd9b6ab9268889294ab249f6a1e5fb71b3e5ee88d2e8fde10ebe63a10,-193.90286,-550.1454,-483.83093,2752.0273,-1094.5173,637.8053,2613.381,-891.80164,471.5704,3629.902,0
1864,mvdec_dekm_consistent_v1,airpollution_mvdec_dekm_consistent_v1_2b88b20cd9b6_seed_44,2b88b20cd9b6ab9268889294ab249f6a1e5fb71b3e5ee88d2e8fde10ebe63a10,-218.08582,-618.75464,-544.1717,3095.219,-1231.0133,717.3446,2939.2886,-1003.014,530.3739,4082.5757,0
1865,mvdec_dekm_consistent_v1,airpollution_mvdec_dekm_consistent_v1_2b88b20cd9b6_seed_44,2b88b20cd9b6ab9268889294ab249f6a1e5fb71b3e5ee88d2e8fde10ebe63a10,-244.32747,-693.2047,-609.6493,3467.6282,-1379.1294,803.6554,3292.942,-1123.6945,594.1835,4573.7876,0
1866,mvdec_dekm_consistent_v1,airpollution_mvdec_dekm_consistent_v1_2b88b20cd9b6_seed_44,2b88b20cd9b6ab9268889294ab249f6a1e5fb71b3e5ee88d2e8fde10ebe63a10,-271.3935,-769.9944,-677.1845,3851.739,-1531.9,892.67834,3657.7073,-1248.167,659.9983,5080.4346,0
1867,mvdec_dekm_consistent_v1,airpollution_mvdec_dekm_consistent_v1_2b88b20cd9b6_seed_44,2b88b20cd9b6ab9268889294ab249f6a1e5fb71b3e5ee88d2e8fde10ebe63a10,-296.2267,-840.4502,-739.1487,4204.1665,-1672.07,974.3581,3992.3857,-1362.3726,720.3841,5545.291,0
1868,mvdec_dekm_consistent_v1,airpollution_mvdec_dekm_consistent_v1_2b88b20cd9b6_seed_44,2b88b20cd9b6ab9268889294ab249f6a1e5fb71b3e5ee88d2e8fde10ebe63a10,-322.54785,-915.12756,-804.82574,4577.7104,-1820.6383,1060.9319,4347.119,-1483.421,784.3879,6038.0,0
1869,mvdec_dekm_consistent_v1,airpollution_mvdec_dekm_consistent_v1_2b88b20cd9b6_seed_44,2b88b20cd9b6ab9268889294ab249f6a1e5fb71b3e5ee88d2e8fde10ebe63a10,-349.53125,-991.6841,-872.1554,4960.654,-1972.9456,1149.6841,4710.778,-1607.5156,850.0022,6543.1074,0
1870,mvdec_dekm_consistent_v1,airpollution_mvdec_dekm_consistent_v1_2b88b20cd9b6_seed_44,2b88b20cd9b6ab9268889294ab249f6a1e5fb71b3e5ee88d2e8fde10ebe63a10,-373.27945,-1059.0618,-931.4127,5297.6826,-2106.9915,1227.7957,5030.8354,-1716.7317,907.74963,6987.656,0
1871,mvdec_dekm_consistent_v1,airpollution_mvdec_dekm_consistent_v1_2b88b20cd9b6_seed_44,2b88b20cd9b6ab9268889294ab249f6a1e5fb71b3e5ee88d2e8fde10ebe63a10,-398.33917,-1130.1603,-993.9425,5653.323,-2248.4397,1310.2205,5368.5674,-1831.9788,968.6855,7456.7505,0
1872,mvdec_dekm_consistent_v1,airpollution_mvdec_dekm_consistent_v1_2b88b20cd9b6_seed_44,2b88b20cd9b6ab9268889294ab249f6a1e5fb71b3e5ee88d2e8fde10ebe63a10,-424.4853,-1204.3406,-1059.1826,6024.38,-2396.0193,1396.2183,5720.9395,-1952.2217,1032.2633,7946.1807,0
1873,mvdec_dekm_consistent_v1,airpollution_mvdec_dekm_consistent_v1_2b88b20cd9b6_seed_44,2b88b20cd9b6ab9268889294ab249f6a1e5fb71b3e5ee88d2e8fde10ebe63a10,-450.90283,-1279.2915,-1125.1003,6399.2905,-2545.1318,1483.109,6076.969,-2073.713,1096.501,8440.694,2
1874,mvdec_dekm_consistent_v1,airpollution_mvdec_dekm_consistent_v1_2b88b20cd9b6_seed_44,2b88b20cd9b6ab9268889294ab249f6a1e5fb71b3e5ee88d2e8fde10ebe63a10,-477.94214,-1356.0061,-1192.5701,6783.025,-2697.7537,1572.045,6441.3794,-2198.0642,1162.2506,8946.844,2
1875,mvdec_dekm_consistent_v1,airpollution_mvdec_dekm_consistent_v1_2b88b20cd9b6_seed_44,2b88b20cd9b6ab9268889294ab249f6a1e5fb71b3e5ee88d2e8fde10ebe63a10,-505.7204,-1434.8163,-1261.8818,7177.24,-2854.5442,1663.41,6815.743,-2325.8115,1229.7965,9466.821,2
1876,mvdec_dekm_consistent_v1,airpollution_mvdec_dekm_consistent_v1_2b88b20cd9b6_seed_44,2b88b20cd9b6ab9268889294ab249f6a1e5fb71b3e5ee88d2e8fde10ebe63a10,-534.12164,-1515.3948,-1332.7495,7580.3037,-3014.8528,1756.8256,7198.509,-2456.4255,1298.858,9998.466,2
1877,mvdec_dekm_consistent_v1,airpollution_mvdec_dekm_consistent_v1_2b88b20cd9b6_seed_44,2b88b20cd9b6ab9268889294ab249f6a1e5fb71b3e5ee88d2e8fde10ebe63a10,-563.05316,-1597.4767,-1404.9395,7990.883,-3178.1523,1851.9836,7588.413,-2589.4768,1369.2078,10540.028,2
1878,mvdec_dekm_consistent_v1,airpollution_mvdec_dekm_consistent_v1_2b88b20cd9b6_seed_44,2b88b20cd9b6ab9268889294ab249f6a1e5fb71b3e5ee88d2e8fde10ebe63a10,-592.4363,-1680.8401,-1478.2559,8407.874,-3344.0005,1948.6267,7984.404,-2724.6042,1440.6554,11090.043,2
1879,mvdec_dekm_consistent_v1,airpollution_mvdec_dekm_consistent_v1_2b88b20cd9b6_seed_44,2b88b20cd9b6ab9268889294ab249f6a1e5fb71b3e5ee88d2e8fde10ebe63a10,-620.0653,-1759.2266,-1547.1953,8799.971,-3499.9485,2039.5012,8356.755,-2851.6653,1507.8381,11607.226,2
1880,mvdec_dekm_consistent_v1,airpollution_mvdec_dekm_consistent_v1_2b88b20cd9b6_seed_44,2b88b20cd9b6ab9268889294ab249f6a1e5fb71b3e5ee88d2e8fde10ebe63a10,-637.84247,-1809.6628,-1591.5537,9052.26,-3600.2905,2097.9731,8596.34,-2933.4204,1551.0658,11939.999,2
1881,mvdec_dekm_consistent_v1,airpollution_mvdec_dekm_consistent_v1_2b88b20cd9b6_seed_44,2b88b20cd9b6ab9268889294ab249f6a1e5fb71b3e5ee88d2e8fde10ebe63a10,-656.8005,-1863.4493,-1638.8572,9321.303,-3707.2966,2160.3276,8851.834,-3020.6052,1597.1647,12294.87,2
1882,mvdec_dekm_consistent_v1,airpollution_mvdec_dekm_consistent_v1_2b88b20cd9b6_seed_44,2b88b20cd9b6ab9268889294ab249f6a1e5fb71b3e5ee88d2e8fde10ebe63a10,-671.9283,-1906.3682,-1676.6038,9535.989,-3792.6826,2210.0842,9055.71,-3090.1748,1633.949,12578.044,2
1883,mvdec_dekm_consistent_v1,airpollution_mvdec_dekm_consistent_v1_2b88b20cd9b6_seed_44,2b88b20cd9b6ab9268889294ab249f6a1e5fb71b3e5ee88d2e8fde10ebe63a10,-685.79565,-1945.7122,-1711.2057,9732.79,-3870.9556,2255.6958,9242.598,-3153.9487,1667.6696,12837.628,2
1884,mvdec_dekm_consistent_v1,airpollution_mvdec_dekm_consistent_v1_2b88b20cd9b6_seed_44,2b88b20cd9b6ab9268889294ab249f6a1e5fb71b3e5ee88d2e8fde10ebe63a10,-700.9531,-1988.7136,-1749.0255,9947.899,-3956.5059,2305.5483,9446.866,-3223.6536,1704.5284,13121.354,2
1885,mvdec_dekm_consistent_v1,airpollution_mvdec_dekm_consistent_v1_2b88b20cd9b6_seed_44,2b88b20cd9b6ab9268889294ab249f6a1e5fb71b3e5ee88d2e8fde10ebe63a10,-717.3073,-2035.1128,-1789.8322,10179.988,-4048.8147,2359.339,9667.27,-3298.864,1744.2948,13427.482,2
1886,mvdec_dekm_consistent_v1,airpollution_mvdec_dekm_consistent_v1_2b88b20cd9b6_seed_44,2b88b20cd9b6ab9268889294ab249f6a1e5fb71b3e5ee88d2e8fde10ebe63a10,-734.79016,-2084.7153,-1833.4567,10428.1045,-4147.498,2416.8435,9902.893,-3379.2678,1786.8074,13754.755,2
1887,mvdec_dekm_consistent_v1,airpollution_mvdec_dekm_consistent_v1_2b88b20cd9b6_seed_44,2b88b20cd9b6ab9268889294ab249f6a1e5fb71b3e5ee88d2e8fde10ebe63a10,-747.3064,-2120.226,-1864.6869,10605.7295,-4218.1445,2458.011,10071.572,-3436.8281,1817.2417,13989.044,2
1888,mvdec_dekm_consistent_v1,airpollution_mvdec_dekm_consistent_v1_2b88b20cd9b6_seed_44,2b88b20cd9b6ab9268889294ab249f6a1e5fb71b3e5ee88d2e8fde10ebe63a10,-753.23615,-2137.0493,-1879.4828,10689.88,-4251.6147,2477.5142,10151.487,-3464.0974,1831.6593,14100.039,2
1889,mvdec_dekm_consistent_v1,airpollution_mvdec_dekm_consistent_v1_2b88b20cd9b6_seed_44,2b88b20cd9b6ab9268889294ab249f6a1e5fb71b3e5ee88d2e8fde10ebe63a10,-760.56866,-2157.854,-1897.7798,10793.944,-4293.0054,2501.6328,10250.313,-3497.8206,1849.4899,14237.305,2
1890,mvdec_dekm_consistent_v1,airpollution_mvdec_dekm_consistent_v1_2b88b20cd9b6_seed_44,2b88b20cd9b6ab9268889294ab249f6a1e5fb71b3e5ee88d2e8fde10ebe63a10,-254.35037,-721.64636,-634.6616,3609.8896,-1435.7141,836.62683,3428.045,-1169.7963,618.55804,4761.4355,0
1891,mvdec_dekm_consistent_v1,airpollution_mvdec_dekm_consistent_v1_2b88b20cd9b6_seed_44,2b88b20cd9b6ab9268889294ab249f6a1e5fb71b3e5ee88d2e8fde10ebe63a10,-221.21031,-627.6244,-551.97076,3139.58,-1248.6602,727.6262,2981.4214,-1017.3908,537.9738,4141.092,0
1892,mvdec_dekm_consistent_v1,airpollution_mvdec_dekm_consistent_v1_2b88b20cd9b6_seed_44,2b88b20cd9b6ab9268889294ab249f6a1e5fb71b3e5ee88d2e8fde10ebe63a10,-188.10269,-533.6943,-469.36075,2669.73,-1061.789,618.7322,2535.2346,-865.1341,457.46848,3521.3547,0
1893,mvdec_dekm_consistent_v1,airpollution_mvdec_dekm_consistent_v1_2b88b20cd9b6_seed_44,2b88b20cd9b6ab9268889294ab249f6a1e5fb71b3e5ee88d2e8fde10ebe63a10,-155.04799,-439.914,-386.88275,2200.6313,-875.2159,510.01205,2089.7605,-713.1208,377.09195,2902.6072,3
1894,mvdec_dekm_consistent_v1,airpollution_mvdec_dekm_consistent_v1_2b88b20cd9b6_seed_44,2b88b20cd9b6ab9268889294ab249f6a1e5fb71b3e5ee88d2e8fde10ebe63a10,-122.089645,-346.40674,-304.64474,1732.899,-689.1857,401.60834,1645.5817,-561.54987,296.9498,2285.6611,3
1895,mvdec_dekm_consistent_v1,airpollution_mvdec_dekm_consistent_v1_2b88b20cd9b6_seed_44,2b88b20cd9b6ab9268889294ab249f6a1e5fb71b3e5ee88d2e8fde10ebe63a10,-89.33773,-253.48483,-222.9217,1268.0945,-504.32062,293.88342,1204.1844,-410.92792,217.30917,1672.5776,3
1896,mvdec_dekm_consistent_v1,airpollution_mvdec_dekm_consistent_v1_2b88b20cd9b6_seed_44,2b88b20cd9b6ab9268889294ab249f6a1e5fb71b3e5ee88d2e8fde10ebe63a10,-57.14615,-162.15343,-142.59706,811.2446,-322.61945,188.00212,770.34186,-262.88373,139.03145,1069.9863,3
1897,mvdec_dekm_consistent_v1,airpollution_mvdec_dekm_consistent_v1_2b88b20cd9b6_seed_44,2b88b20cd9b6ab9268889294ab249f6a1e5fb71b3e5ee88d2e8fde10ebe63a10,-27.547726,-78.17757,-68.74315,391.19693,-155.55379,90.64964,371.4444,-126.764786,67.06067,515.9355,3
1898,mvdec_dekm_consistent_v1,airpollution_mvdec_dekm_consistent_v1_2b88b20cd9b6_seed_44,2b88b20cd9b6ab9268889294ab249f6a1e5fb71b3e5ee88d2e8fde10ebe63a10,-7.0574555,-20.042511,-17.614628,100.40328,-39.896435,23.253555,95.29317,-32.531464,17.236147,132.37398,3
1899,mvdec_dekm_consistent_v1,airpollution_mvdec_dekm_consistent_v1_2b88b20cd9b6_seed_44,2b88b20cd9b6ab9268889294ab249f6a1e5fb71b3e5ee88d2e8fde10ebe63a10,-13.587077,-38.565754,-33.908302,193.07368,-76.75112,44.73036,183.29062,-62.56062,33.11671,254.60345,3
1900,mvdec_dekm_consistent_v1,airpollution_mvdec_dekm_consistent_v1_2b88b20cd9b6_seed_44,2b88b20cd9b6ab9268889294ab249f6a1e5fb71b3e5ee88d2e8fde10ebe63a10,-35.697144,-101.29587,-89.077156,506.85025,-201.54848,117.45266,481.26614,-164.24117,86.87892,668.4789,3
1901,mvdec_dekm_consistent_v1,airpollution_mvdec_dekm_consistent_v1_2b88b20cd9b6_seed_44,2b88b20cd9b6ab9268889294ab249f6a1e5fb71b3e5ee88d2e8fde10ebe63a10,-61.36052,-174.10452,-153.11258,871.05585,-346.40085,201.86177,827.1263,-282.26282,149.28403,1148.8683,3
1902,mvdec_dekm_consistent_v1,airpollution_mvdec_dekm_consistent_v1_2b88b20cd9b6_seed_44,2b88b20cd9b6ab9268889294ab249f6a1e5fb71b3e5ee88d2e8fde10ebe63a10,-91.914375,-260.79227,-229.35065,1304.6664,-518.86084,302.35742,1238.9039,-422.77673,223.57834,1720.8087,3
1903,mvdec_dekm_consistent_v1,airpollution_mvdec_dekm_consistent_v1_2b88b20cd9b6_seed_44,2b88b20cd9b6ab9268889294ab249f6a1e5fb71b3e5ee88d2e8fde10ebe63a10,-74.05766,-210.13184,-184.79504,1051.2543,-418.0722,243.62561,998.2547,-340.65756,180.15784,1386.5554,3
1904,mvdec_dekm_consistent_v1,airpollution_mvdec_dekm_consistent_v1_2b88b20cd9b6_seed_44,2b88b20cd9b6ab9268889294ab249f6a1e5fb71b3e5ee88d2e8fde10ebe63a10,-54.11709,-153.5582,-135.03928,768.2644,-305.52124,178.03929,729.5188,-248.95416,131.66904,1013.2897,3
1905,mvdec_dekm_consistent_v1,airpollution_mvdec_dekm_consistent_v1_2b88b20cd9b6_seed_44,2b88b20cd9b6ab9268889294ab249f6a1e5fb71b3e5ee88d2e8fde10ebe63a10,-42.83178,-121.540825,-106.88039,608.1085,-241.82378,140.92116,577.4298,-197.05528,104.22732,802.0428,3
1906,mvdec_dekm_consistent_v1,airpollution_mvdec_dekm_consistent_v1_2b88b20cd9b6_seed_44,2b88b20cd9b6ab9268889294ab249f6a1e5fb71b3e5ee88d2e8fde10ebe63a10,-19.496185,-55.334713,-48.653316,276.93774,-110.10889,64.16785,262.93765,-89.73826,47.483707,365.22495,3
1907,mvdec_dekm_consistent_v1,airpollution_mvdec_dekm_consistent_v1_2b88b20cd9b6_seed_44,2b88b20cd9b6ab9268889294ab249f6a1e5fb71b3e5ee88d2e8fde10ebe63a10,-2.81544,-8.008098,-7.030957,40.206924,-15.954626,9.301805,38.12867,-13.024876,6.9219446,52.97435,3
1908,mvdec_dekm_consistent_v1,airpollution_mvdec_dekm_consistent_v1_2b88b20cd9b6_seed_44,2b88b20cd9b6ab9268889294ab249f6a1e5fb71b3e5ee88d2e8fde10ebe63a10,-18.908339,-53.6665,-47.186962,268.5954,-106.79102,62.234474,255.01546,-87.035065,46.054653,354.2216,3
1909,mvdec_dekm_consistent_v1,airpollution_mvdec_dekm_consistent_v1_2b88b20cd9b6_seed_44,2b88b20cd9b6ab9268889294ab249f6a1e5fb71b3e5ee88d2e8fde10ebe63a10,-50.704903,-143.87738,-126.52673,719.84344,-286.2631,166.81718,683.53656,-233.2635,123.37332,949.4225,3
1910,mvdec_dekm_consistent_v1,airpollution_mvdec_dekm_consistent_v1_2b88b20cd9b6_seed_44,2b88b20cd9b6ab9268889294ab249f6a1e5fb71b3e5ee88d2e8fde10ebe63a10,-83.37522,-236.56612,-208.04555,1183.4856,-470.66595,274.2728,1123.8289,-383.50876,202.81505,1560.9724,3
1911,mvdec_dekm_consistent_v1,airpollution_mvdec_dekm_consistent_v1_2b88b20cd9b6_seed_44,2b88b20cd9b6ab9268889294ab249f6a1e5fb71b3e5ee88d2e8fde10ebe63a10,-94.68274,-268.64722,-236.26022,1343.959,-534.49023,311.4647,1276.2206,-435.51077,230.31113,1772.6389,3
1912,mvdec_dekm_consistent_v1,airpollution_mvdec_dekm_consistent_v1_2b88b20cd9b6_seed_44,2b88b20cd9b6ab9268889294ab249f6a1e5fb71b3e5ee88d2e8fde10ebe63a10,-97.38112,-276.30377,-242.99353,1382.2583,-549.72284,320.34082,1312.5911,-447.92166,236.87338,1823.1556,3
1913,mvdec_dekm_consistent_v1,airpollution_mvdec_dekm_consistent_v1_2b88b20cd9b6_seed_44,2b88b20cd9b6ab9268889294ab249f6a1e5fb71b3e5ee88d2e8fde10ebe63a10,-108.261375,-307.1745,-270.14194,1536.6703,-611.1375,356.12805,1459.2289,-497.95972,263.32968,2026.8282,3
1914,mvdec_dekm_consistent_v1,airpollution_mvdec_dekm_consistent_v1_2b88b20cd9b6_seed_44,2b88b20cd9b6ab9268889294ab249f6a1e5fb71b3e5ee88d2e8fde10ebe63a10,-115.87982,-328.78918,-289.15146,1644.7904,-654.1392,381.1861,1561.9037,-532.9962,281.85535,2169.4395,3
1915,mvdec_dekm_consistent_v1,airpollution_mvdec_dekm_consistent_v1_2b88b20cd9b6_seed_44,2b88b20cd9b6ab9268889294ab249f6a1e5fb71b3e5ee88d2e8fde10ebe63a10,-126.0152,-357.54376,-314.4408,1788.6243,-711.3456,414.52167,1698.4932,-579.6061,306.50024,2359.1582,3
1916,mvdec_dekm_consistent_v1,airpollution_mvdec_dekm_consistent_v1_2b88b20cd9b6_seed_44,2b88b20cd9b6ab9268889294ab249f6a1e5fb71b3e5ee88d2e8fde10ebe63a10,-132.8855,-377.03418,-331.58356,1886.1201,-750.1218,437.11777,1791.0782,-611.2001,323.20587,2487.756,3
1917,mvdec_dekm_consistent_v1,airpollution_mvdec_dekm_consistent_v1_2b88b20cd9b6_seed_44,2b88b20cd9b6ab9268889294ab249f6a1e5fb71b3e5ee88d2e8fde10ebe63a10,-100.117386,-284.06586,-249.82007,1421.0836,-565.16425,329.33917,1349.4606,-460.503,243.52553,1874.3666,3
1918,mvdec_dekm_consistent_v1,airpollution_mvdec_dekm_consistent_v1_2b88b20cd9b6_seed_44,2b88b20cd9b6ab9268889294ab249f6a1e5fb71b3e5ee88d2e8fde10ebe63a10,-67.716545,-192.14012,-168.97305,961.2647,-382.281,222.76985,912.7969,-311.49615,164.73909,1267.8578,3
1919,mvdec_dekm_consistent_v1,airpollution_mvdec_dekm_consistent_v1_2b88b20cd9b6_seed_44,2b88b20cd9b6ab9268889294ab249f6a1e5fb71b3e5ee88d2e8fde10ebe63a10,-35.412903,-100.48956,-88.36845,502.8198,-199.94492,116.51884,477.4386,-162.93504,86.188225,663.1626,3
1920,mvdec_dekm_consistent_v1,airpollution_mvdec_dekm_consistent_v1_2b88b20cd9b6_seed_44,2b88b20cd9b6ab9268889294ab249f6a1e5fb71b3e5ee88d2e8fde10ebe63a10,-4.479572,-12.725827,-11.182305,63.81979,-25.34255,14.773888,60.545967,-20.6753,10.969351,84.11572,3
1921,mvdec_dekm_consistent_v1,airpollution_mvdec_dekm_consistent_v1_2b88b20cd9b6_seed_44,2b88b20cd9b6ab9268889294ab249f6a1e5fb71b3e5ee88d2e8fde10ebe63a10,-29.028082,-82.374016,-72.43614,412.19754,-163.90317,95.51608,391.38132,-133.5691,70.6603,543.6319,3
1922,mvdec_dekm_consistent_v1,airpollution_mvdec_dekm_consistent_v1_2b88b20cd9b6_seed_44,2b88b20cd9b6ab9268889294ab249f6a1e5fb71b3e5ee88d2e8fde10ebe63a10,-61.47171,-174.42117,-153.38878,872.6198,-347.02628,202.22586,828.6189,-282.77127,149.54907,1150.9365,3
1923,mvdec_dekm_consistent_v1,airpollution_mvdec_dekm_consistent_v1_2b88b20cd9b6_seed_44,2b88b20cd9b6ab9268889294ab249f6a1e5fb71b3e5ee88d2e8fde10ebe63a10,-85.0764,-241.38951,-212.28699,1207.6063,-480.2586,279.8635,1146.7339,-391.32483,206.94707,1592.7874,3
1924,mvdec_dekm_consistent_v1,airpollution_mvdec_dekm_consistent_v1_2b88b20cd9b6_seed_44,2b88b20cd9b6ab9268889294ab249f6a1e5fb71b3e5ee88d2e8fde10ebe63a10,-68.820404,-195.26901,-171.72443,976.9048,-388.50226,226.39519,927.6502,-316.56485,167.41782,1288.4888,3
1925,mvdec_dekm_consistent_v1,airpollution_mvdec_dekm_consistent_v1_2b88b20cd9b6_seed_44,2b88b20cd9b6ab9268889294ab249f6a1e5fb71b3e5ee88d2e8fde10ebe63a10,-44.64378,-126.675674,-111.3987,633.79944,-252.03874,146.87524,601.82086,-205.37949,108.63011,835.926,3
1926,mvdec_dekm_consistent_v1,airpollution_mvdec_dekm_consistent_v1_2b88b20cd9b6_seed_44,2b88b20cd9b6ab9268889294ab249f6a1e5fb71b3e5ee88d2e8fde10ebe63a10,-26.233864,-74.44424,-65.46185,372.53705,-148.12616,86.32387,353.7136,-120.71546,63.865017,491.31537,3
1927,mvdec_dekm_consistent_v1,airpollution_mvdec_dekm_consistent_v1_2b88b20cd9b6_seed_44,2b88b20cd9b6ab9268889294ab249f6a1e5fb71b3e5ee88d2e8fde10ebe63a10,-6.5382595,-18.56335,-16.316002,93.01951,-36.953545,21.541065,88.27053,-30.136253,15.972548,122.62725,3
1928,mvdec_dekm_consistent_v1,airpollution_mvdec_dekm_consistent_v1_2b88b20cd9b6_seed_44,2b88b20cd9b6ab9268889294ab249f6a1e5fb71b3e5ee88d2e8fde10ebe63a10,-37.230904,-105.64429,-92.901474,528.6052,-210.19763,122.4944,501.92035,-171.28946,90.60642,697.1699,3
1929,mvdec_dekm_consistent_v1,airpollution_mvdec_dekm_consistent_v1_2b88b20cd9b6_seed_44,2b88b20cd9b6ab9268889294ab249f6a1e5fb71b3e5ee88d2e8fde10ebe63a10,-68.77336,-195.13568,-171.60634,976.24066,-388.23605,226.24028,927.0159,-316.34848,167.3043,1287.6096,3
1930,mvdec_dekm_consistent_v1,airpollution_mvdec_dekm_consistent_v1_2b88b20cd9b6_seed_44,2b88b20cd9b6ab9268889294ab249f6a1e5fb71b3e5ee88d2e8fde10ebe63a10,-101.0722,-286.77283,-252.19931,1434.619,-570.5456,332.47574,1362.3112,-464.8881,245.84377,1892.2173,3
1931,mvdec_dekm_consistent_v1,airpollution_mvdec_dekm_consistent_v1_2b88b20cd9b6_seed_44,2b88b20cd9b6ab9268889294ab249f6a1e5fb71b3e5ee88d2e8fde10ebe63a10,-126.23706,-358.16986,-314.9915,1791.7534,-712.5878,415.2467,1701.4613,-580.6193,307.03595,2363.2827,3
1932,mvdec_dekm_consistent_v1,airpollution_mvdec_dekm_consistent_v1_2b88b20cd9b6_seed_44,2b88b20cd9b6ab9268889294ab249f6a1e5fb71b3e5ee88d2e8fde10ebe63a10,-146.90834,-416.81772,-366.5711,2085.1147,-829.2662,483.23743,1980.0502,-675.6847,357.301,2750.232,3
1933,mvdec_dekm_consistent_v1,airpollution_mvdec_dekm_consistent_v1_2b88b20cd9b6_seed_44,2b88b20cd9b6ab9268889294ab249f6a1e5fb71b3e5ee88d2e8fde10ebe63a10,-171.27618,-485.95294,-427.37415,2430.9353,-966.80853,563.3861,2308.4558,-787.7495,416.55444,3206.374,3
1934,mvdec_dekm_consistent_v1,airpollution_mvdec_dekm_consistent_v1_2b88b20cd9b6_seed_44,2b88b20cd9b6ab9268889294ab249f6a1e5fb71b3e5ee88d2e8fde10ebe63a10,-198.12059,-562.11444,-494.3568,2811.9026,-1118.33,651.6808,2670.239,-911.2038,481.83014,3708.876,0
1935,mvdec_dekm_consistent_v1,airpollution_mvdec_dekm_consistent_v1_2b88b20cd9b6_seed_44,2b88b20cd9b6ab9268889294ab249f6a1e5fb71b3e5ee88d2e8fde10ebe63a10,-224.40555,-636.6886,-559.9435,3184.929,-1266.6927,738.13513,3024.4802,-1032.085,545.74524,4200.904,0
1936,mvdec_dekm_consistent_v1,airpollution_mvdec_dekm_consistent_v1_2b88b20cd9b6_seed_44,2b88b20cd9b6ab9268889294ab249f6a1e5fb71b3e5ee88d2e8fde10ebe63a10,-249.48177,-707.83307,-622.51373,3540.8003,-1408.2328,820.6134,3362.4304,-1147.4066,606.721,4670.3037,0
1937,mvdec_dekm_consistent_v1,airpollution_mvdec_dekm_consistent_v1_2b88b20cd9b6_seed_44,2b88b20cd9b6ab9268889294ab249f6a1e5fb71b3e5ee88d2e8fde10ebe63a10,-276.24268,-783.7572,-689.2879,3920.5793,-1559.2812,908.63275,3723.085,-1270.4762,671.79297,5171.2383,0
1938,mvdec_dekm_consistent_v1,airpollution_mvdec_dekm_consistent_v1_2b88b20cd9b6_seed_44,2b88b20cd9b6ab9268889294ab249f6a1e5fb71b3e5ee88d2e8fde10ebe63a10,-302.54907,-858.3914,-754.9275,4293.906,-1707.7642,995.1569,4077.612,-1391.4545,735.75964,5663.6626,0
1939,mvdec_dekm_consistent_v1,airpollution_mvdec_dekm_consistent_v1_2b88b20cd9b6_seed_44,2b88b20cd9b6ab9268889294ab249f6a1e5fb71b3e5ee88d2e8fde10ebe63a10,-326.3329,-925.8696,-814.27325,4631.4375,-1842.0099,1073.3848,4398.147,-1500.8334,793.5927,6108.872,0
1940,mvdec_dekm_consistent_v1,airpollution_mvdec_dekm_consistent_v1_2b88b20cd9b6_seed_44,2b88b20cd9b6ab9268889294ab249f6a1e5fb71b3e5ee88d2e8fde10ebe63a10,-351.58264,-997.5066,-877.2764,4989.771,-1984.5298,1156.4341,4738.4365,-1616.9529,854.9903,6581.5205,0
1941,mvdec_dekm_consistent_v1,airpollution_mvdec_dekm_consistent_v1_2b88b20cd9b6_seed_44,2b88b20cd9b6ab9268889294ab249f6a1e5fb71b3e5ee88d2e8fde10ebe63a10,-377.9956,-1072.4436,-943.1818,5364.612,-2133.6143,1243.3087,5094.4004,-1738.4219,919.2161,7075.94,0
1942,mvdec_dekm_consistent_v1,airpollution_mvdec_dekm_consistent_v1_2b88b20cd9b6_seed_44,2b88b20cd9b6ab9268889294ab249f6a1e5fb71b3e5ee88d2e8fde10ebe63a10,-404.44714,-1147.4897,-1009.1833,5739.999,-2282.9163,1330.3102,5450.884,-1860.0682,983.5359,7571.0825,0
1943,mvdec_dekm_consistent_v1,airpollution_mvdec_dekm_consistent_v1_2b88b20cd9b6_seed_44,2b88b20cd9b6ab9268889294ab249f6a1e5fb71b3e5ee88d2e8fde10ebe63a10,-431.83667,-1225.1973,-1077.5258,6128.701,-2437.5134,1420.3973,5820.011,-1986.0282,1050.137,8083.7856,0
1944,mvdec_dekm_consistent_v1,airpollution_mvdec_dekm_consistent_v1_2b88b20cd9b6_seed_44,2b88b20cd9b6ab9268889294ab249f6a1e5fb71b3e5ee88d2e8fde10ebe63a10,-459.99658,-1305.0906,-1147.7903,6528.3354,-2596.4585,1513.0181,6199.519,-2115.5317,1118.6111,8610.907,2
1945,mvdec_dekm_consistent_v1,airpollution_mvdec_dekm_consistent_v1_2b88b20cd9b6_seed_44,2b88b20cd9b6ab9268889294ab249f6a1e5fb71b3e5ee88d2e8fde10ebe63a10,-488.79382,-1386.7916,-1219.6448,6937.013,-2758.9995,1607.7347,6587.615,-2247.965,1188.635,9149.957,2
1946,mvdec_dekm_consistent_v1,airpollution_mvdec_dekm_consistent_v1_2b88b20cd9b6_seed_44,2b88b20cd9b6ab9268889294ab249f6a1e5fb71b3e5ee88d2e8fde10ebe63a10,-518.1149,-1469.9775,-1292.8064,7353.1284,-2924.4958,1704.1738,6982.767,-2382.8074,1259.9344,9698.815,2
1947,mvdec_dekm_consistent_v1,airpollution_mvdec_dekm_consistent_v1_2b88b20cd9b6_seed_44,2b88b20cd9b6ab9268889294ab249f6a1e5fb71b3e5ee88d2e8fde10ebe63a10,-547.8931,-1554.4636,-1367.11,7775.7324,-3092.5786,1802.1189,7384.092,-2519.755,1332.3441,10256.237,2
1948,mvdec_dekm_consistent_v1,airpollution_mvdec_dekm_consistent_v1_2b88b20cd9b6_seed_44,2b88b20cd9b6ab9268889294ab249f6a1e5fb71b3e5ee88d2e8fde10ebe63a10,-574.5567,-1630.1119,-1433.6414,8154.1323,-3243.079,1889.8185,7743.4375,-2642.3772,1397.1796,10755.353,2
1949,mvdec_dekm_consistent_v1,airpollution_mvdec_dekm_consistent_v1_2b88b20cd9b6_seed_44,2b88b20cd9b6ab9268889294ab249f6a1e5fb71b3e5ee88d2e8fde10ebe63a10,-591.8368,-1679.1388,-1476.7593,8399.367,-3340.6162,1946.6553,7976.3237,-2721.847,1439.1982,11078.821,2
1950,mvdec_dekm_consistent_v1,airpollution_mvdec_dekm_consistent_v1_2b88b20cd9b6_seed_44,2b88b20cd9b6ab9268889294ab249f6a1e5fb71b3e5ee88d2e8fde10ebe63a10,-610.43066,-1731.8923,-1523.1549,8663.244,-3445.568,2007.8127,8226.913,-2807.358,1484.4114,11426.882,2
1951,mvdec_dekm_consistent_v1,airpollution_mvdec_dekm_consistent_v1_2b88b20cd9b6_seed_44,2b88b20cd9b6ab9268889294ab249f6a1e5fb71b3e5ee88d2e8fde10ebe63a10,-628.4617,-1783.0491,-1568.1461,8919.132,-3547.3423,2067.119,8469.916,-2890.2798,1528.2555,11764.401,2
1952,mvdec_dekm_consistent_v1,airpollution_mvdec_dekm_consistent_v1_2b88b20cd9b6_seed_44,2b88b20cd9b6ab9268889294ab249f6a1e5fb71b3e5ee88d2e8fde10ebe63a10,-641.5614,-1820.2163,-1600.8335,9105.042,-3621.2856,2110.2065,8646.466,-2950.5254,1560.1093,12009.622,2
1953,mvdec_dekm_consistent_v1,airpollution_mvdec_dekm_consistent_v1_2b88b20cd9b6_seed_44,2b88b20cd9b6ab9268889294ab249f6a1e5fb71b3e5ee88d2e8fde10ebe63a10,-656.07367,-1861.3892,-1637.0443,9310.993,-3703.1978,2157.9385,8842.046,-3017.2646,1595.397,12281.273,2
1954,mvdec_dekm_consistent_v1,airpollution_mvdec_dekm_consistent_v1_2b88b20cd9b6_seed_44,2b88b20cd9b6ab9268889294ab249f6a1e5fb71b3e5ee88d2e8fde10ebe63a10,-671.896,-1906.2794,-1676.5249,9535.54,-3792.506,2209.9807,9055.286,-3090.03,1633.8716,12577.455,2
1955,mvdec_dekm_consistent_v1,airpollution_mvdec_dekm_consistent_v1_2b88b20cd9b6_seed_44,2b88b20cd9b6ab9268889294ab249f6a1e5fb71b3e5ee88d2e8fde10ebe63a10,-688.9271,-1954.5985,-1719.0203,9777.235,-3888.6353,2265.997,9284.809,-3168.3528,1675.2839,12896.255,2
1956,mvdec_dekm_consistent_v1,airpollution_mvdec_dekm_consistent_v1_2b88b20cd9b6_seed_44,2b88b20cd9b6ab9268889294ab249f6a1e5fb71b3e5ee88d2e8fde10ebe63a10,-707.10345,-2006.1683,-1764.3744,10035.19,-3991.2314,2325.7817,9529.775,-3251.944,1719.4822,13236.501,2
1957,mvdec_dekm_consistent_v1,airpollution_mvdec_dekm_consistent_v1_2b88b20cd9b6_seed_44,2b88b20cd9b6ab9268889294ab249f6a1e5fb71b3e5ee88d2e8fde10ebe63a10,-714.51416,-2027.1937,-1782.8655,10140.36,-4033.0608,2350.157,9629.652,-3286.0256,1737.5023,13375.223,2
1958,mvdec_dekm_consistent_v1,airpollution_mvdec_dekm_consistent_v1_2b88b20cd9b6_seed_44,2b88b20cd9b6ab9268889294ab249f6a1e5fb71b3e5ee88d2e8fde10ebe63a10,-720.7096,-2044.7709,-1798.3241,10228.283,-4068.0305,2370.534,9713.1455,-3314.517,1752.5673,13491.192,2
1959,mvdec_dekm_consistent_v1,airpollution_mvdec_dekm_consistent_v1_2b88b20cd9b6_seed_44,2b88b20cd9b6ab9268889294ab249f6a1e5fb71b3e5ee88d2e8fde10ebe63a10,-728.3601,-2066.4744,-1817.4126,10336.851,-4111.209,2395.6958,9816.243,-3349.6978,1771.1697,13634.3955,2
1960,mvdec_dekm_consistent_v1,airpollution_mvdec_dekm_consistent_v1_2b88b20cd9b6_seed_44,2b88b20cd9b6ab9268889294ab249f6a1e5fb71b3e5ee88d2e8fde10ebe63a10,-258.7992,-734.26843,-645.762,3673.0261,-1460.8253,851.2597,3488.0024,-1190.256,629.376,4844.7144,0
1961,mvdec_dekm_consistent_v1,airpollution_mvdec_dekm_consistent_v1_2b88b20cd9b6_seed_44,2b88b20cd9b6ab9268889294ab249f6a1e5fb71b3e5ee88d2e8fde10ebe63a10,-226.30725,-642.08386,-564.6875,3211.9119,-1277.4265,744.3895,3050.1072,-1040.8291,550.3679,4236.4966,0
1962,mvdec_dekm_consistent_v1,airpollution_mvdec_dekm_consistent_v1_2b88b20cd9b6_seed_44,2b88b20cd9b6ab9268889294ab249f6a1e5fb71b3e5ee88d2e8fde10ebe63a10,-194.06633,-550.6111,-484.23987,2754.3618,-1095.4448,638.34546,2615.5962,-892.55743,471.9712,3632.979,0
1963,mvdec_dekm_consistent_v1,airpollution_mvdec_dekm_consistent_v1_2b88b20cd9b6_seed_44,2b88b20cd9b6ab9268889294ab249f6a1e5fb71b3e5ee88d2e8fde10ebe63a10,-162.23293,-460.29608,-404.80933,2302.597,-915.7659,533.64233,2186.5823,-746.161,394.5647,3037.095,3
1964,mvdec_dekm_consistent_v1,airpollution_mvdec_dekm_consistent_v1_2b88b20cd9b6_seed_44,2b88b20cd9b6ab9268889294ab249f6a1e5fb71b3e5ee88d2e8fde10ebe63a10,-131.09662,-371.95868,-327.11862,1860.7264,-740.0224,431.23267,1766.9641,-602.9711,318.85406,2454.2622,3
1965,mvdec_dekm_consistent_v1,airpollution_mvdec_dekm_consistent_v1_2b88b20cd9b6_seed_44,2b88b20cd9b6ab9268889294ab249f6a1e5fb71b3e5ee88d2e8fde10ebe63a10,-101.30446,-287.43524,-252.78152,1437.9292,-571.86554,333.24384,1365.4608,-465.96228,246.4107,1896.5878,3
1966,mvdec_dekm_consistent_v1,airpollution_mvdec_dekm_consistent_v1_2b88b20cd9b6_seed_44,2b88b20cd9b6ab9268889294ab249f6a1e5fb71b3e5ee88d2e8fde10ebe63a10,-74.481735,-211.33633,-185.85371,1057.2728,-420.46924,245.02159,1003.9756,-342.60922,181.18788,1394.4977,3
1967,mvdec_dekm_consistent_v1,airpollution_mvdec_dekm_consistent_v1_2b88b20cd9b6_seed_44,2b88b20cd9b6ab9268889294ab249f6a1e5fb71b3e5ee88d2e8fde10ebe63a10,-53.704437,-152.38805,-134.01096,762.41223,-303.1952,176.68349,723.96356,-247.05847,130.66664,1005.5725,3
1968,mvdec_dekm_consistent_v1,airpollution_mvdec_dekm_consistent_v1_2b88b20cd9b6_seed_44,2b88b20cd9b6ab9268889294ab249f6a1e5fb71b3e5ee88d2e8fde10ebe63a10,-32.44418,-92.07052,-80.96173,460.69067,-183.19362,106.75576,437.4392,-149.28479,78.967834,607.5993,3
1969,mvdec_dekm_consistent_v1,airpollution_mvdec_dekm_consistent_v1_2b88b20cd9b6_seed_44,2b88b20cd9b6ab9268889294ab249f6a1e5fb71b3e5ee88d2e8fde10ebe63a10,-8.40451,-23.86434,-20.978283,119.53098,-47.503727,27.686396,113.456276,-38.730034,20.515121,157.60327,3
1970,mvdec_dekm_consistent_v1,airpollution_mvdec_dekm_consistent_v1_2b88b20cd9b6_seed_44,2b88b20cd9b6ab9268889294ab249f6a1e5fb71b3e5ee88d2e8fde10ebe63a10,-20.20065,-57.33275,-50.412098,286.936,-114.08584,66.48532,272.43262,-92.97862,49.19741,378.41333,3
1971,mvdec_dekm_consistent_v1,airpollution_mvdec_dekm_consistent_v1_2b88b20cd9b6_seed_44,2b88b20cd9b6ab9268889294ab249f6a1e5fb71b3e5ee88d2e8fde10ebe63a10,-50.462856,-143.18927,-125.923,716.4068,-284.8964,166.0208,680.2722,-232.14998,122.78505,944.8894,3
1972,mvdec_dekm_consistent_v1,airpollution_mvdec_dekm_consistent_v1_2b88b20cd9b6_seed_44,2b88b20cd9b6ab9268889294ab249f6a1e5fb71b3e5ee88d2e8fde10ebe63a10,-77.1333,-218.85722,-192.47043,1094.9005,-435.43378,253.74211,1039.706,-354.8026,187.63625,1444.1283,3
1973,mvdec_dekm_consistent_v1,airpollution_mvdec_dekm_consistent_v1_2b88b20cd9b6_seed_44,2b88b20cd9b6ab9268889294ab249f6a1e5fb71b3e5ee88d2e8fde10ebe63a10,-58.84545,-166.97383,-146.83896,835.3725,-332.2119,193.5925,793.2477,-270.70108,143.16806,1101.8068,3
1974,mvdec_dekm_consistent_v1,airpollution_mvdec_dekm_consistent_v1_2b88b20cd9b6_seed_44,2b88b20cd9b6ab9268889294ab249f6a1e5fb71b3e5ee88d2e8fde10ebe63a10,-41.40891,-117.50749,-103.332275,587.9366,-233.8014,136.24557,558.27344,-190.51794,100.771126,775.43555,3
1975,mvdec_dekm_consistent_v1,airpollution_mvdec_dekm_consistent_v1_2b88b20cd9b6_seed_44,2b88b20cd9b6ab9268889294ab249f6a1e5fb71b3e5ee88d2e8fde10ebe63a10,-43.22876,-122.67125,-107.87288,613.764,-244.07365,142.23137,582.8004,-198.88731,105.19612,809.5021,3
1976,mvdec_dekm_consistent_v1,airpollution_mvdec_dekm_consistent_v1_2b88b20cd9b6_seed_44,2b88b20cd9b6ab9268889294ab249f6a1e5fb71b3e5ee88d2e8fde10ebe63a10,-19.19869,-54.492836,-47.91266,272.73672,-108.43662,63.19303,258.94406,-88.37536,46.764973,359.68045,3
1977,mvdec_dekm_consistent_v1,airpollution_mvdec_dekm_consistent_v1_2b88b20cd9b6_seed_44,2b88b20cd9b6ab9268889294ab249f6a1e5fb71b3e5ee88d2e8fde10ebe63a10,-3.2461689,-9.228423,-8.105593,46.322136,-18.384125,10.718088,43.930473,-15.005363,7.971305,61.03667,3
1978,mvdec_dekm_consistent_v1,airpollution_mvdec_dekm_consistent_v1_2b88b20cd9b6_seed_44,2b88b20cd9b6ab9268889294ab249f6a1e5fb71b3e5ee88d2e8fde10ebe63a10,-25.540459,-72.4802,-63.735065,362.7142,-144.22166,84.04702,344.38846,-117.53341,62.182705,478.36133,3
1979,mvdec_dekm_consistent_v1,airpollution_mvdec_dekm_consistent_v1_2b88b20cd9b6_seed_44,2b88b20cd9b6ab9268889294ab249f6a1e5fb71b3e5ee88d2e8fde10ebe63a10,-45.308872,-128.56462,-113.061485,643.2582,-255.80019,149.06677,610.8021,-208.44452,110.25264,848.4017,3
1980,mvdec_dekm_consistent_v1,airpollution_mvdec_dekm_consistent_v1_2b88b20cd9b6_seed_44,2b88b20cd9b6ab9268889294ab249f6a1e5fb71b3e5ee88d2e8fde10ebe63a10,-51.17918,-145.21823,-127.70831,726.5607,-288.93246,168.37369,689.9099,-235.43933,124.52552,958.2793,3
1981,mvdec_dekm_consistent_v1,airpollution_mvdec_dekm_consistent_v1_2b88b20cd9b6_seed_44,2b88b20cd9b6ab9268889294ab249f6a1e5fb71b3e5ee88d2e8fde10ebe63a10,-64.5544,-183.16518,-161.0816,916.3723,-364.42587,212.36539,870.16345,-296.94876,157.04782,1208.6439,3
1982,mvdec_dekm_consistent_v1,airpollution_mvdec_dekm_consistent_v1_2b88b20cd9b6_seed_44,2b88b20cd9b6ab9268889294ab249f6a1e5fb71b3e5ee88d2e8fde10ebe63a10,-64.942696,-184.26682,-162.04997,921.8793,-366.6166,213.64198,875.394,-298.73343,157.99086,1215.9083,3
1983,mvdec_dekm_consistent_v1,airpollution_mvdec_dekm_consistent_v1_2b88b20cd9b6_seed_44,2b88b20cd9b6ab9268889294ab249f6a1e5fb71b3e5ee88d2e8fde10ebe63a10,-80.25676,-227.71466,-200.26102,1139.2062,-453.05383,264.0108,1081.7775,-369.1593,195.22765,1502.5662,3
1984,mvdec_dekm_consistent_v1,airpollution_mvdec_dekm_consistent_v1_2b88b20cd9b6_seed_44,2b88b20cd9b6ab9268889294ab249f6a1e5fb71b3e5ee88d2e8fde10ebe63a10,-83.37538,-236.56274,-208.04204,1183.4618,-470.65582,274.26788,1123.8052,-383.50064,202.81001,1560.9404,3
1985,mvdec_dekm_consistent_v1,airpollution_mvdec_dekm_consistent_v1_2b88b20cd9b6_seed_44,2b88b20cd9b6ab9268889294ab249f6a1e5fb71b3e5ee88d2e8fde10ebe63a10,-96.8366,-274.75317,-241.63057,1374.499,-546.63544,318.5431,1305.2197,-445.40662,235.54337,1812.9196,3
1986,mvdec_dekm_consistent_v1,airpollution_mvdec_dekm_consistent_v1_2b88b20cd9b6_seed_44,2b88b20cd9b6ab9268889294ab249f6a1e5fb71b3e5ee88d2e8fde10ebe63a10,-118.13421,-335.17615,-294.77286,1676.7491,-666.84686,388.59326,1592.2454,-543.35156,287.33286,2211.5896,3
1987,mvdec_dekm_consistent_v1,airpollution_mvdec_dekm_consistent_v1_2b88b20cd9b6_seed_44,2b88b20cd9b6ab9268889294ab249f6a1e5fb71b3e5ee88d2e8fde10ebe63a10,-102.98181,-292.18698,-256.96405,1461.7113,-581.3201,338.755,1388.0361,-473.66736,250.4875,1927.9513,3
1988,mvdec_dekm_consistent_v1,airpollution_mvdec_dekm_consistent_v1_2b88b20cd9b6_seed_44,2b88b20cd9b6ab9268889294ab249f6a1e5fb71b3e5ee88d2e8fde10ebe63a10,-70.16365,-199.07668,-175.07605,995.97,-396.08096,230.81238,945.74677,-322.74124,170.68715,1313.6301,3
1989,mvdec_dekm_consistent_v1,airpollution_mvdec_dekm_consistent_v1_2b88b20cd9b6_seed_44,2b88b20cd9b6ab9268889294ab249f6a1e5fb71b3e5ee88d2e8fde10ebe63a10,-37.42275,-106.18658,-93.38036,531.323,-211.27786,123.12372,504.4986,-172.17012,91.073326,700.7537,3
1990,mvdec_dekm_consistent_v1,airpollution_mvdec_dekm_consistent_v1_2b88b20cd9b6_seed_44,2b88b20cd9b6ab9268889294ab249f6a1e5fb71b3e5ee88d2e8fde10ebe63a10,-4.665312,-13.249259,-11.643208,66.44146,-26.382132,15.380187,63.028996,-21.523489,11.419375,87.5694,3
1991,mvdec_dekm_consistent_v1,airpollution_mvdec_dekm_consistent_v1_2b88b20cd9b6_seed_44,2b88b20cd9b6ab9268889294ab249f6a1e5fb71b3e5ee88d2e8fde10ebe63a10,-28.057133,-79.61736,-70.01213,398.4174,-158.41853,92.320915,378.288,-129.10178,68.30039,525.4505,3
1992,mvdec_dekm_consistent_v1,airpollution_mvdec_dekm_consistent_v1_2b88b20cd9b6_seed_44,2b88b20cd9b6ab9268889294ab249f6a1e5fb71b3e5ee88d2e8fde10ebe63a10,-60.945034,-172.92667,-152.07379,865.14813,-344.05194,200.49297,821.51904,-280.3488,148.2694,1141.0776,3
1993,mvdec_dekm_consistent_v1,airpollution_mvdec_dekm_consistent_v1_2b88b20cd9b6_seed_44,2b88b20cd9b6ab9268889294ab249f6a1e5fb71b3e5ee88d2e8fde10ebe63a10,-93.827484,-266.21872,-234.12305,1331.807,-529.6548,308.64777,1264.6769,-431.57172,228.2281,1756.6073,3
1994,mvdec_dekm_consistent_v1,airpollution_mvdec_dekm_consistent_v1_2b88b20cd9b6_seed_44,2b88b20cd9b6ab9268889294ab249f6a1e5fb71b3e5ee88d2e8fde10ebe63a10,-87.437416,-248.0901,-218.17859,1241.1222,-493.58765,287.6304,1178.5605,-402.18515,212.68936,1636.9938,3
1995,mvdec_dekm_consistent_v1,airpollution_mvdec_dekm_consistent_v1_2b88b20cd9b6_seed_44,2b88b20cd9b6ab9268889294ab249f6a1e5fb71b3e5ee88d2e8fde10ebe63a10,-54.20423,-153.80273,-135.25589,769.4938,-306.00763,178.32355,730.68134,-249.35167,131.88043,1014.9082,3
1996,mvdec_dekm_consistent_v1,airpollution_mvdec_dekm_consistent_v1_2b88b20cd9b6_seed_44,2b88b20cd9b6ab9268889294ab249f6a1e5fb71b3e5ee88d2e8fde10ebe63a10,-20.982716,-59.548756,-52.362198,298.0358,-118.49454,69.05623,282.96347,-96.57301,51.10088,393.04678,3
1997,mvdec_dekm_consistent_v1,airpollution_mvdec_dekm_consistent_v1_2b88b20cd9b6_seed_44,2b88b20cd9b6ab9268889294ab249f6a1e5fb71b3e5ee88d2e8fde10ebe63a10,-12.146512,-34.47834,-30.31381,172.62923,-68.61776,39.99124,163.87274,-55.935024,29.613695,227.63512,3
1998,mvdec_dekm_consistent_v1,airpollution_mvdec_dekm_consistent_v1_2b88b20cd9b6_seed_44,2b88b20cd9b6ab9268889294ab249f6a1e5fb71b3e5ee88d2e8fde10ebe63a10,-45.309834,-128.56883,-113.06352,643.2756,-255.80693,149.07095,610.8198,-208.45006,110.25415,848.4246,3
1999,mvdec_dekm_consistent_v1,airpollution_mvdec_dekm_consistent_v1_2b88b20cd9b6_seed_44,2b88b20cd9b6ab9268889294ab249f6a1e5fb71b3e5ee88d2e8fde10ebe63a10,-68.63134,-194.73586,-171.25511,974.23785,-387.4422,225.77669,925.1194,-315.70105,166.96071,1284.9719,3
2000,mvdec_dekm_consistent_v1,airpollution_mvdec_dekm_consistent_v1_2b88b20cd9b6_seed_44,2b88b20cd9b6ab9268889294ab249f6a1e5fb71b3e5ee88d2e8fde10ebe63a10,-80.87984,-229.4873,-201.81746,1148.0629,-456.57825,266.0635,1090.193,-372.03024,196.7435,1514.2511,3
2001,mvdec_dekm_consistent_v1,airpollution_mvdec_dekm_consistent_v1_2b88b20cd9b6_seed_44,2b88b20cd9b6ab9268889294ab249f6a1e5fb71b3e5ee88d2e8fde10ebe63a10,-99.93934,-283.56186,-249.37473,1418.5472,-564.15784,328.75235,1347.0571,-459.6821,243.08873,1871.0247,3
2002,mvdec_dekm_consistent_v1,airpollution_mvdec_dekm_consistent_v1_2b88b20cd9b6_seed_44,2b88b20cd9b6ab9268889294ab249f6a1e5fb71b3e5ee88d2e8fde10ebe63a10,-124.623146,-353.59302,-310.96573,1768.8491,-703.48285,409.94,1679.7189,-573.1992,303.11002,2333.0784,3
2003,mvdec_dekm_consistent_v1,airpollution_mvdec_dekm_consistent_v1_2b88b20cd9b6_seed_44,2b88b20cd9b6ab9268889294ab249f6a1e5fb71b3e5ee88d2e8fde10ebe63a10,-152.38098,-432.34555,-380.227,2162.7764,-860.1587,501.23834,2053.8086,-700.85297,370.60632,2852.6743,3
2004,mvdec_dekm_consistent_v1,airpollution_mvdec_dekm_consistent_v1_2b88b20cd9b6_seed_44,2b88b20cd9b6ab9268889294ab249f6a1e5fb71b3e5ee88d2e8fde10ebe63a10,-177.42757,-503.4059,-442.723,2518.2268,-1001.5307,583.61896,2391.3586,-816.03815,431.50992,3321.5173,3
2005,mvdec_dekm_consistent_v1,airpollution_mvdec_dekm_consistent_v1_2b88b20cd9b6_seed_44,2b88b20cd9b6ab9268889294ab249f6a1e5fb71b3e5ee88d2e8fde10ebe63a10,-202.85513,-575.54694,-506.16983,2879.0845,-1145.0531,667.25287,2734.0432,-932.9756,493.3402,3797.4941,0
2006,mvdec_dekm_consistent_v1,airpollution_mvdec_dekm_consistent_v1_2b88b20cd9b6_seed_44,2b88b20cd9b6ab9268889294ab249f6a1e5fb71b3e5ee88d2e8fde10ebe63a10,-230.18112,-653.07153,-574.3527,3266.8823,-1299.2858,757.12866,3102.3025,-1058.6412,559.7881,4308.9995,0
2007,mvdec_dekm_consistent_v1,airpollution_mvdec_dekm_consistent_v1_2b88b20cd9b6_seed_44,2b88b20cd9b6ab9268889294ab249f6a1e5fb71b3e5ee88d2e8fde10ebe63a10,-255.55759,-725.06885,-637.6729,3627.0188,-1442.5225,840.59546,3444.3042,-1175.3453,621.49445,4784.025,0
2008,mvdec_dekm_consistent_v1,airpollution_mvdec_dekm_consistent_v1_2b88b20cd9b6_seed_44,2b88b20cd9b6ab9268889294ab249f6a1e5fb71b3e5ee88d2e8fde10ebe63a10,-279.3899,-792.6848,-697.1395,3965.2383,-1577.0422,918.9828,3765.4927,-1284.9473,679.44543,5230.142,0
2009,mvdec_dekm_consistent_v1,airpollution_mvdec_dekm_consistent_v1_2b88b20cd9b6_seed_44,2b88b20cd9b6ab9268889294ab249f6a1e5fb71b3e5ee88d2e8fde10ebe63a10,-304.8883,-865.028,-760.7639,4327.1045,-1720.9673,1002.8507,4109.1367,-1402.212,741.44794,5707.449,0
2010,mvdec_dekm_consistent_v1,airpollution_mvdec_dekm_consistent_v1_2b88b20cd9b6_seed_44,2b88b20cd9b6ab9268889294ab249f6a1e5fb71b3e5ee88d2e8fde10ebe63a10,-331.30884,-939.9871,-826.6891,4702.055,-1870.0967,1089.7512,4465.208,-1523.717,805.6925,6202.0176,0
2011,mvdec_dekm_consistent_v1,airpollution_mvdec_dekm_consistent_v1_2b88b20cd9b6_seed_44,2b88b20cd9b6ab9268889294ab249f6a1e5fb71b3e5ee88d2e8fde10ebe63a10,-358.12616,-1016.07184,-893.6038,5082.636,-2021.4645,1177.9563,4826.624,-1647.0463,870.9019,6704.01,0
2012,mvdec_dekm_consistent_v1,airpollution_mvdec_dekm_consistent_v1_2b88b20cd9b6_seed_44,2b88b20cd9b6ab9268889294ab249f6a1e5fb71b3e5ee88d2e8fde10ebe63a10,-385.94324,-1094.993,-963.01337,5477.4062,-2178.476,1269.4503,5201.5146,-1774.9734,938.5425,7224.7183,0
2013,mvdec_dekm_consistent_v1,airpollution_mvdec_dekm_consistent_v1_2b88b20cd9b6_seed_44,2b88b20cd9b6ab9268889294ab249f6a1e5fb71b3e5ee88d2e8fde10ebe63a10,-414.5587,-1176.1793,-1034.4154,5883.508,-2339.994,1363.5701,5587.1665,-1906.573,1008.1247,7760.372,0
2014,mvdec_dekm_consistent_v1,airpollution_mvdec_dekm_consistent_v1_2b88b20cd9b6_seed_44,2b88b20cd9b6ab9268889294ab249f6a1e5fb71b3e5ee88d2e8fde10ebe63a10,-443.81866,-1259.1938,-1107.4252,6298.7534,-2505.1487,1459.8094,5981.5024,-2041.1354,1079.2737,8308.088,0
2015,mvdec_dekm_consistent_v1,airpollution_mvdec_dekm_consistent_v1_2b88b20cd9b6_seed_44,2b88b20cd9b6ab9268889294ab249f6a1e5fb71b3e5ee88d2e8fde10ebe63a10,-473.6033,-1343.6975,-1181.7441,6721.4463,-2673.2659,1557.7749,6382.9097,-2178.111,1151.6982,8865.626,2
2016,mvdec_dekm_consistent_v1,airpollution_mvdec_dekm_consistent_v1_2b88b20cd9b6_seed_44,2b88b20cd9b6ab9268889294ab249f6a1e5fb71b3e5ee88d2e8fde10ebe63a10,-503.8197,-1429.4254,-1257.14,7150.2646,-2843.8188,1657.1599,6790.134,-2317.0715,1225.173,9431.244,2
2017,mvdec_dekm_consistent_v1,airpollution_mvdec_dekm_consistent_v1_2b88b20cd9b6_seed_44,2b88b20cd9b6ab9268889294ab249f6a1e5fb71b3e5ee88d2e8fde10ebe63a10,-529.328,-1501.796,-1320.788,7512.2695,-2987.7983,1741.0596,7133.9077,-2434.3804,1287.1995,9908.732,2
2018,mvdec_dekm_consistent_v1,airpollution_mvdec_dekm_consistent_v1_2b88b20cd9b6_seed_44,2b88b20cd9b6ab9268889294ab249f6a1e5fb71b3e5ee88d2e8fde10ebe63a10,-546.0134,-1549.1345,-1362.4214,7749.061,-3081.9768,1795.9392,7358.7754,-2511.114,1327.7722,10221.066,2
2019,mvdec_dekm_consistent_v1,airpollution_mvdec_dekm_consistent_v1_2b88b20cd9b6_seed_44,2b88b20cd9b6ab9268889294ab249f6a1e5fb71b3e5ee88d2e8fde10ebe63a10,-564.1643,-1600.6296,-1407.7107,8006.648,-3184.4248,1855.6383,7603.3887,-2594.5857,1371.9081,10560.823,2
2020,mvdec_dekm_consistent_v1,airpollution_mvdec_dekm_consistent_v1_2b88b20cd9b6_seed_44,2b88b20cd9b6ab9268889294ab249f6a1e5fb71b3e5ee88d2e8fde10ebe63a10,-583.6017,-1655.7762,-1456.2109,8282.499,-3294.1367,1919.5703,7865.344,-2683.9756,1419.1732,10924.674,2
2021,mvdec_dekm_consistent_v1,airpollution_mvdec_dekm_consistent_v1_2b88b20cd9b6_seed_44,2b88b20cd9b6ab9268889294ab249f6a1e5fb71b3e5ee88d2e8fde10ebe63a10,-597.74084,-1695.8899,-1491.4901,8483.153,-3373.9417,1966.0747,8055.8916,-2748.998,1453.5541,11189.338,2
2022,mvdec_dekm_consistent_v1,airpollution_mvdec_dekm_consistent_v1_2b88b20cd9b6_seed_44,2b88b20cd9b6ab9268889294ab249f6a1e5fb71b3e5ee88d2e8fde10ebe63a10,-611.48364,-1734.8787,-1525.7806,8678.181,-3451.5083,2011.2745,8241.096,-2812.1975,1486.9707,11446.582,2
2023,mvdec_dekm_consistent_v1,airpollution_mvdec_dekm_consistent_v1_2b88b20cd9b6_seed_44,2b88b20cd9b6ab9268889294ab249f6a1e5fb71b3e5ee88d2e8fde10ebe63a10,-626.68713,-1778.0139,-1563.7173,8893.949,-3537.3254,2061.2815,8445.998,-2882.1182,1523.9406,11731.181,2
2024,mvdec_dekm_consistent_v1,airpollution_mvdec_dekm_consistent_v1_2b88b20cd9b6_seed_44,2b88b20cd9b6ab9268889294ab249f6a1e5fb71b3e5ee88d2e8fde10ebe63a10,-643.20636,-1824.8828,-1604.9374,9128.389,-3630.5688,2115.6167,8668.634,-2958.0898,1564.1104,12040.411,2
2025,mvdec_dekm_consistent_v1,airpollution_mvdec_dekm_consistent_v1_2b88b20cd9b6_seed_44,2b88b20cd9b6ab9268889294ab249f6a1e5fb71b3e5ee88d2e8fde10ebe63a10,-660.97864,-1875.3055,-1649.2826,9380.606,-3730.883,2174.0718,8908.151,-3039.8218,1607.3253,12373.091,2
2026,mvdec_dekm_consistent_v1,airpollution_mvdec_dekm_consistent_v1_2b88b20cd9b6_seed_44,2b88b20cd9b6ab9268889294ab249f6a1e5fb71b3e5ee88d2e8fde10ebe63a10,-676.8182,-1920.2441,-1688.8048,9605.389,-3820.2874,2226.1692,9121.617,-3112.665,1645.8397,12669.588,2
2027,mvdec_dekm_consistent_v1,airpollution_mvdec_dekm_consistent_v1_2b88b20cd9b6_seed_44,2b88b20cd9b6ab9268889294ab249f6a1e5fb71b3e5ee88d2e8fde10ebe63a10,-681.74915,-1934.2358,-1701.1104,9675.375,-3848.124,2242.3896,9188.081,-3135.3447,1657.831,12761.901,2
2028,mvdec_dekm_consistent_v1,airpollution_mvdec_dekm_consistent_v1_2b88b20cd9b6_seed_44,2b88b20cd9b6ab9268889294ab249f6a1e5fb71b3e5ee88d2e8fde10ebe63a10,-688.24255,-1952.6566,-1717.3125,9767.521,-3884.7725,2263.7458,9275.587,-3165.2053,1673.6194,12883.442,2
2029,mvdec_dekm_consistent_v1,airpollution_mvdec_dekm_consistent_v1_2b88b20cd9b6_seed_44,2b88b20cd9b6ab9268889294ab249f6a1e5fb71b3e5ee88d2e8fde10ebe63a10,-696.2473,-1975.3691,-1737.287,9881.126,-3929.9573,2290.0762,9383.473,-3202.0198,1693.0848,13033.291,2
2030,mvdec_dekm_consistent_v1,airpollution_mvdec_dekm_consistent_v1_2b88b20cd9b6_seed_44,2b88b20cd9b6ab9268889294ab249f6a1e5fb71b3e5ee88d2e8fde10ebe63a10,-267.34354,-758.5116,-667.08344,3794.2864,-1509.0564,879.3643,3603.1616,-1229.5522,650.1524,5004.662,0
2031,mvdec_dekm_consistent_v1,airpollution_mvdec_dekm_consistent_v1_2b88b20cd9b6_seed_44,2b88b20cd9b6ab9268889294ab249f6a1e5fb71b3e5ee88d2e8fde10ebe63a10,-236.03082,-669.6731,-588.9518,3349.9092,-1332.3148,776.3734,3181.1611,-1085.5496,574.0119,4418.521,0
2032,mvdec_dekm_consistent_v1,airpollution_mvdec_dekm_consistent_v1_2b88b20cd9b6_seed_44,2b88b20cd9b6ab9268889294ab249f6a1e5fb71b3e5ee88d2e8fde10ebe63a10,-205.32027,-582.5422,-512.32306,2914.0803,-1158.972,675.3633,2767.2766,-944.3165,499.3372,3843.6543,0
2033,mvdec_dekm_consistent_v1,airpollution_mvdec_dekm_consistent_v1_2b88b20cd9b6_seed_44,2b88b20cd9b6ab9268889294ab249f6a1e5fb71b3e5ee88d2e8fde10ebe63a10,-175.53738,-498.04422,-438.0082,2491.4124,-990.8652,577.40375,2365.8936,-807.34875,426.91605,3286.1482,3
2034,mvdec_dekm_consistent_v1,airpollution_mvdec_dekm_consistent_v1_2b88b20cd9b6_seed_44,2b88b20cd9b6ab9268889294ab249f6a1e5fb71b3e5ee88d2e8fde10ebe63a10,-147.23593,-417.74872,-367.39078,2089.7737,-831.12146,484.31775,1984.478,-677.1954,358.0996,2756.3796,3
2035,mvdec_dekm_consistent_v1,airpollution_mvdec_dekm_consistent_v1_2b88b20cd9b6_seed_44,2b88b20cd9b6ab9268889294ab249f6a1e5fb71b3e5ee88d2e8fde10ebe63a10,-121.46729,-344.64072,-303.09222,1724.0745,-685.67346,399.56198,1637.1965,-558.68896,295.43893,2274.0176,3
2036,mvdec_dekm_consistent_v1,airpollution_mvdec_dekm_consistent_v1_2b88b20cd9b6_seed_44,2b88b20cd9b6ab9268889294ab249f6a1e5fb71b3e5ee88d2e8fde10ebe63a10,-100.18975,-284.2726,-250.0002,1422.1111,-565.5737,329.5775,1350.4382,-460.83612,243.70064,1875.723,3
2037,mvdec_dekm_consistent_v1,airpollution_mvdec_dekm_consistent_v1_2b88b20cd9b6_seed_44,2b88b20cd9b6ab9268889294ab249f6a1e5fb71b3e5ee88d2e8fde10ebe63a10,-78.85203,-223.73227,-196.75829,1119.2926,-445.13312,259.3946,1062.8656,-362.7058,191.81657,1476.2986,3
2038,mvdec_dekm_consistent_v1,airpollution_mvdec_dekm_consistent_v1_2b88b20cd9b6_seed_44,2b88b20cd9b6ab9268889294ab249f6a1e5fb71b3e5ee88d2e8fde10ebe63a10,-49.747868,-141.1599,-124.13636,706.25037,-280.85596,163.66675,670.626,-228.85799,121.04396,931.49133,3
2039,mvdec_dekm_consistent_v1,airpollution_mvdec_dekm_consistent_v1_2b88b20cd9b6_seed_44,2b88b20cd9b6ab9268889294ab249f6a1e5fb71b3e5ee88d2e8fde10ebe63a10,-19.28186,-54.72166,-48.11728,273.8848,-108.89156,63.45972,260.03174,-88.74778,46.962616,361.19412,3
2040,mvdec_dekm_consistent_v1,airpollution_mvdec_dekm_consistent_v1_2b88b20cd9b6_seed_44,2b88b20cd9b6ab9268889294ab249f6a1e5fb71b3e5ee88d2e8fde10ebe63a10,-3.632136,-10.319653,-9.066732,51.780777,-20.554869,11.983738,49.1132,-16.774343,8.906578,68.23663,3
2041,mvdec_dekm_consistent_v1,airpollution_mvdec_dekm_consistent_v1_2b88b20cd9b6_seed_44,2b88b20cd9b6ab9268889294ab249f6a1e5fb71b3e5ee88d2e8fde10ebe63a10,-34.25904,-97.21293,-85.48803,486.4297,-193.42633,112.72031,461.87268,-157.62392,83.3804,641.54364,3
2042,mvdec_dekm_consistent_v1,airpollution_mvdec_dekm_consistent_v1_2b88b20cd9b6_seed_44,2b88b20cd9b6ab9268889294ab249f6a1e5fb71b3e5ee88d2e8fde10ebe63a10,-61.44546,-174.3444,-153.32365,872.24896,-346.87704,202.13936,828.26227,-282.6503,149.4875,1150.4446,3
2043,mvdec_dekm_consistent_v1,airpollution_mvdec_dekm_consistent_v1_2b88b20cd9b6_seed_44,2b88b20cd9b6ab9268889294ab249f6a1e5fb71b3e5ee88d2e8fde10ebe63a10,-41.56388,-117.93891,-103.714264,590.0928,-234.65678,136.7461,560.3182,-191.21666,101.14103,778.27844,3
2044,mvdec_dekm_consistent_v1,airpollution_mvdec_dekm_consistent_v1_2b88b20cd9b6_seed_44,2b88b20cd9b6ab9268889294ab249f6a1e5fb71b3e5ee88d2e8fde10ebe63a10,-11.853194,-33.646687,-29.58081,168.46263,-66.96295,39.02671,159.91891,-54.584652,28.89894,222.14124,3
2045,mvdec_dekm_consistent_v1,airpollution_mvdec_dekm_consistent_v1_2b88b20cd9b6_seed_44,2b88b20cd9b6ab9268889294ab249f6a1e5fb71b3e5ee88d2e8fde10ebe63a10,-18.673191,-52.993656,-46.596874,265.23578,-105.45113,61.455402,251.81815,-85.9448,45.480217,349.78595,3
2046,mvdec_dekm_consistent_v1,airpollution_mvdec_dekm_consistent_v1_2b88b20cd9b6_seed_44,2b88b20cd9b6ab9268889294ab249f6a1e5fb71b3e5ee88d2e8fde10ebe63a10,-0.6573695,-1.8814386,-1.6443793,9.57504,-3.7678328,2.200824,9.031471,-3.0968432,1.674937,12.565809,3
2047,mvdec_dekm_consistent_v1,airpollution_mvdec_dekm_consistent_v1_2b88b20cd9b6_seed_44,2b88b20cd9b6ab9268889294ab249f6a1e5fb71b3e5ee88d2e8fde10ebe63a10,-5.348881,-15.188762,-13.3493185,76.14153,-30.240993,17.628906,72.24227,-24.667198,13.08167,100.36545,3
2048,mvdec_dekm_consistent_v1,airpollution_mvdec_dekm_consistent_v1_2b88b20cd9b6_seed_44,2b88b20cd9b6ab9268889294ab249f6a1e5fb71b3e5ee88d2e8fde10ebe63a10,-3.7900524,-10.7652025,-9.4599,54.02051,-21.441347,12.501396,51.232475,-17.498304,9.292146,71.18555,3
2049,mvdec_dekm_consistent_v1,airpollution_mvdec_dekm_consistent_v1_2b88b20cd9b6_seed_44,2b88b20cd9b6ab9268889294ab249f6a1e5fb71b3e5ee88d2e8fde10ebe63a10,-17.758774,-50.396477,-44.315166,252.2632,-100.28672,58.44696,239.48921,-81.73893,43.260147,332.66833,3
2050,mvdec_dekm_consistent_v1,airpollution_mvdec_dekm_consistent_v1_2b88b20cd9b6_seed_44,2b88b20cd9b6ab9268889294ab249f6a1e5fb71b3e5ee88d2e8fde10ebe63a10,-20.636032,-58.56035,-51.493977,293.09326,-116.52712,67.91033,278.26532,-94.97054,50.254726,386.52493,3
2051,mvdec_dekm_consistent_v1,airpollution_mvdec_dekm_consistent_v1_2b88b20cd9b6_seed_44,2b88b20cd9b6ab9268889294ab249f6a1e5fb71b3e5ee88d2e8fde10ebe63a10,-33.27036,-94.405914,-83.02004,472.39792,-187.8416,109.46683,448.54044,-153.07515,80.9774,623.03046,3
2052,mvdec_dekm_consistent_v1,airpollution_mvdec_dekm_consistent_v1_2b88b20cd9b6_seed_44,2b88b20cd9b6ab9268889294ab249f6a1e5fb71b3e5ee88d2e8fde10ebe63a10,-33.97506,-96.407196,-84.778076,482.39713,-191.82053,111.78491,458.0405,-156.31624,82.68899,636.22235,3
2053,mvdec_dekm_consistent_v1,airpollution_mvdec_dekm_consistent_v1_2b88b20cd9b6_seed_44,2b88b20cd9b6ab9268889294ab249f6a1e5fb71b3e5ee88d2e8fde10ebe63a10,-49.027668,-139.11346,-122.33803,696.0208,-276.7843,161.29512,660.9058,-225.54195,119.292114,917.9946,3
2054,mvdec_dekm_consistent_v1,airpollution_mvdec_dekm_consistent_v1_2b88b20cd9b6_seed_44,2b88b20cd9b6ab9268889294ab249f6a1e5fb71b3e5ee88d2e8fde10ebe63a10,-51.76767,-146.88821,-129.17508,734.90686,-292.2512,170.30775,697.83545,-238.1435,125.95434,969.28723,3
2055,mvdec_dekm_consistent_v1,airpollution_mvdec_dekm_consistent_v1_2b88b20cd9b6_seed_44,2b88b20cd9b6ab9268889294ab249f6a1e5fb71b3e5ee88d2e8fde10ebe63a10,-71.14851,-201.87466,-177.53465,1009.95435,-401.64514,234.05388,959.03217,-327.274,173.08154,1332.0791,3
2056,mvdec_dekm_consistent_v1,airpollution_mvdec_dekm_consistent_v1_2b88b20cd9b6_seed_44,2b88b20cd9b6ab9268889294ab249f6a1e5fb71b3e5ee88d2e8fde10ebe63a10,-95.256714,-270.27216,-237.69032,1352.0924,-537.7217,313.34882,1283.9382,-438.14505,231.70526,1783.3625,3
2057,mvdec_dekm_consistent_v1,airpollution_mvdec_dekm_consistent_v1_2b88b20cd9b6_seed_44,2b88b20cd9b6ab9268889294ab249f6a1e5fb71b3e5ee88d2e8fde10ebe63a10,-96.882324,-274.88477,-241.74747,1375.1683,-546.8995,318.6968,1305.8516,-445.6229,235.65964,1813.8,3
2058,mvdec_dekm_consistent_v1,airpollution_mvdec_dekm_consistent_v1_2b88b20cd9b6_seed_44,2b88b20cd9b6ab9268889294ab249f6a1e5fb71b3e5ee88d2e8fde10ebe63a10,-65.872246,-186.90526,-164.37149,935.08716,-371.86774,216.70189,887.93317,-303.01285,160.25539,1233.3274,3
2059,mvdec_dekm_consistent_v1,airpollution_mvdec_dekm_consistent_v1_2b88b20cd9b6_seed_44,2b88b20cd9b6ab9268889294ab249f6a1e5fb71b3e5ee88d2e8fde10ebe63a10,-34.947514,-99.16865,-87.20784,496.21454,-197.31757,114.987404,471.16452,-160.79471,85.05717,654.44965,3
2060,mvdec_dekm_consistent_v1,airpollution_mvdec_dekm_consistent_v1_2b88b20cd9b6_seed_44,2b88b20cd9b6ab9268889294ab249f6a1e5fb71b3e5ee88d2e8fde10ebe63a10,-2.2516398,-6.4058104,-5.624188,32.202946,-12.768493,7.4459825,30.522429,-10.430366,5.5519867,42.413742,3
2061,mvdec_dekm_consistent_v1,airpollution_mvdec_dekm_consistent_v1_2b88b20cd9b6_seed_44,2b88b20cd9b6ab9268889294ab249f6a1e5fb71b3e5ee88d2e8fde10ebe63a10,-30.914894,-87.72884,-77.14569,438.99017,-174.55878,101.72554,416.8244,-142.25099,75.25168,578.971,3
2062,mvdec_dekm_consistent_v1,airpollution_mvdec_dekm_consistent_v1_2b88b20cd9b6_seed_44,2b88b20cd9b6ab9268889294ab249f6a1e5fb71b3e5ee88d2e8fde10ebe63a10,-64.14051,-181.99532,-160.04974,910.5119,-362.09732,211.00797,864.60394,-295.05023,156.04199,1200.917,3
2063,mvdec_dekm_consistent_v1,airpollution_mvdec_dekm_consistent_v1_2b88b20cd9b6_seed_44,2b88b20cd9b6ab9268889294ab249f6a1e5fb71b3e5ee88d2e8fde10ebe63a10,-97.373474,-276.2821,-242.97238,1382.1392,-549.67706,320.31458,1312.4822,-447.88345,236.85104,1823.0011,3
2064,mvdec_dekm_consistent_v1,airpollution_mvdec_dekm_consistent_v1_2b88b20cd9b6_seed_44,2b88b20cd9b6ab9268889294ab249f6a1e5fb71b3e5ee88d2e8fde10ebe63a10,-90.7451,-257.47607,-226.43259,1288.0631,-512.2618,298.51135,1223.1454,-417.39835,220.73134,1698.915,3
2065,mvdec_dekm_consistent_v1,airpollution_mvdec_dekm_consistent_v1_2b88b20cd9b6_seed_44,2b88b20cd9b6ab9268889294ab249f6a1e5fb71b3e5ee88d2e8fde10ebe63a10,-58.862263,-167.01613,-146.87799,835.5932,-332.29596,193.64282,793.44946,-270.77106,143.20685,1102.0928,3
2066,mvdec_dekm_consistent_v1,airpollution_mvdec_dekm_consistent_v1_2b88b20cd9b6_seed_44,2b88b20cd9b6ab9268889294ab249f6a1e5fb71b3e5ee88d2e8fde10ebe63a10,-27.33738,-77.57727,-68.217545,388.21246,-154.36055,89.95633,368.59958,-125.79524,66.55135,511.9914,3
2067,mvdec_dekm_consistent_v1,airpollution_mvdec_dekm_consistent_v1_2b88b20cd9b6_seed_44,2b88b20cd9b6ab9268889294ab249f6a1e5fb71b3e5ee88d2e8fde10ebe63a10,-3.766393,-10.701709,-9.403327,53.702915,-21.316496,12.428212,50.934402,-17.396101,9.236955,70.768585,3
2068,mvdec_dekm_consistent_v1,airpollution_mvdec_dekm_consistent_v1_2b88b20cd9b6_seed_44,2b88b20cd9b6ab9268889294ab249f6a1e5fb71b3e5ee88d2e8fde10ebe63a10,-21.707853,-61.607586,-54.17146,308.32486,-122.58877,71.4416,292.73846,-99.90805,52.862434,406.62082,3
2069,mvdec_dekm_consistent_v1,airpollution_mvdec_dekm_consistent_v1_2b88b20cd9b6_seed_44,2b88b20cd9b6ab9268889294ab249f6a1e5fb71b3e5ee88d2e8fde10ebe63a10,-39.42299,-111.86782,-98.374756,559.7269,-222.5796,129.70775,531.48193,-181.37682,95.93798,738.22565,3
2070,mvdec_dekm_consistent_v1,airpollution_mvdec_dekm_consistent_v1_2b88b20cd9b6_seed_44,2b88b20cd9b6ab9268889294ab249f6a1e5fb71b3e5ee88d2e8fde10ebe63a10,-52.985153,-150.34685,-132.21498,752.19464,-299.13083,174.31541,714.2606,-243.74753,128.91461,992.0955,3
2071,mvdec_dekm_consistent_v1,airpollution_mvdec_dekm_consistent_v1_2b88b20cd9b6_seed_44,2b88b20cd9b6ab9268889294ab249f6a1e5fb71b3e5ee88d2e8fde10ebe63a10,-78.30552,-222.18439,-195.39476,1111.5315,-442.04947,257.59714,1055.5027,-360.1925,190.48396,1466.0669,3
2072,mvdec_dekm_consistent_v1,airpollution_mvdec_dekm_consistent_v1_2b88b20cd9b6_seed_44,2b88b20cd9b6ab9268889294ab249f6a1e5fb71b3e5ee88d2e8fde10ebe63a10,-107.235344,-304.2626,-267.58087,1522.0929,-605.34174,352.75085,1445.39,-493.23712,260.8302,2007.604,3
2073,mvdec_dekm_consistent_v1,airpollution_mvdec_dekm_consistent_v1_2b88b20cd9b6_seed_44,2b88b20cd9b6ab9268889294ab249f6a1e5fb71b3e5ee88d2e8fde10ebe63a10,-130.45644,-370.14417,-325.52203,1851.637,-736.41077,429.12744,1758.3397,-600.0275,317.29483,2442.2783,3
2074,mvdec_dekm_consistent_v1,airpollution_mvdec_dekm_consistent_v1_2b88b20cd9b6_seed_44,2b88b20cd9b6ab9268889294ab249f6a1e5fb71b3e5ee88d2e8fde10ebe63a10,-156.43823,-443.85782,-390.35153,2220.3594,-883.0621,514.58417,2108.4937,-719.5136,380.4723,2928.6287,3
2075,mvdec_dekm_consistent_v1,airpollution_mvdec_dekm_consistent_v1_2b88b20cd9b6_seed_44,2b88b20cd9b6ab9268889294ab249f6a1e5fb71b3e5ee88d2e8fde10ebe63a10,-184.5404,-523.5875,-460.47217,2619.1753,-1041.6819,607.01544,2487.2258,-848.7516,448.80634,3454.6716,0
2076,mvdec_dekm_consistent_v1,airpollution_mvdec_dekm_consistent_v1_2b88b20cd9b6_seed_44,2b88b20cd9b6ab9268889294ab249f6a1e5fb71b3e5ee88d2e8fde10ebe63a10,-208.59119,-591.82245,-520.48334,2960.4944,-1177.4333,686.1207,2811.3552,-959.35724,507.2888,3904.8762,0
2077,mvdec_dekm_consistent_v1,airpollution_mvdec_dekm_consistent_v1_2b88b20cd9b6_seed_44,2b88b20cd9b6ab9268889294ab249f6a1e5fb71b3e5ee88d2e8fde10ebe63a10,-232.4874,-659.6187,-580.10895,3299.619,-1312.3118,764.7175,3133.4011,-1069.252,565.39526,4352.1855,0
2078,mvdec_dekm_consistent_v1,airpollution_mvdec_dekm_consistent_v1_2b88b20cd9b6_seed_44,2b88b20cd9b6ab9268889294ab249f6a1e5fb71b3e5ee88d2e8fde10ebe63a10,-258.31708,-732.9003,-644.55896,3666.1814,-1458.103,849.6736,3481.5024,-1188.0378,628.2032,4835.6865,0
2079,mvdec_dekm_consistent_v1,airpollution_mvdec_dekm_consistent_v1_2b88b20cd9b6_seed_44,2b88b20cd9b6ab9268889294ab249f6a1e5fb71b3e5ee88d2e8fde10ebe63a10,-284.7315,-807.8404,-710.4676,4041.0405,-1607.1937,936.5523,3837.4822,-1309.5123,692.43256,5330.13,0
2080,mvdec_dekm_consistent_v1,airpollution_mvdec_dekm_consistent_v1_2b88b20cd9b6_seed_44,2b88b20cd9b6ab9268889294ab249f6a1e5fb71b3e5ee88d2e8fde10ebe63a10,-312.0079,-885.22644,-778.52747,4428.1357,-1761.151,1026.2668,4205.0815,-1434.9517,758.75867,5840.713,0
2081,mvdec_dekm_consistent_v1,airpollution_mvdec_dekm_consistent_v1_2b88b20cd9b6_seed_44,2b88b20cd9b6ab9268889294ab249f6a1e5fb71b3e5ee88d2e8fde10ebe63a10,-340.3475,-965.63007,-849.2408,4830.3223,-1921.1118,1119.479,4587.015,-1565.2825,827.67004,6371.2026,0
2082,mvdec_dekm_consistent_v1,airpollution_mvdec_dekm_consistent_v1_2b88b20cd9b6_seed_44,2b88b20cd9b6ab9268889294ab249f6a1e5fb71b3e5ee88d2e8fde10ebe63a10,-369.50412,-1048.3525,-921.99335,5244.1084,-2085.686,1215.3798,4979.964,-1699.3717,898.569,6916.993,0
2083,mvdec_dekm_consistent_v1,airpollution_mvdec_dekm_consistent_v1_2b88b20cd9b6_seed_44,2b88b20cd9b6ab9268889294ab249f6a1e5fb71b3e5ee88d2e8fde10ebe63a10,-399.30023,-1132.8888,-996.3411,5666.9644,-2253.8682,1313.3829,5381.527,-1836.4004,971.0217,7474.7476,0
2084,mvdec_dekm_consistent_v1,airpollution_mvdec_dekm_consistent_v1_2b88b20cd9b6_seed_44,2b88b20cd9b6ab9268889294ab249f6a1e5fb71b3e5ee88d2e8fde10ebe63a10,-429.60138,-1218.8577,-1071.9491,6096.987,-2424.9011,1413.0472,5789.896,-1975.7516,1044.7025,8041.955,0
2085,mvdec_dekm_consistent_v1,airpollution_mvdec_dekm_consistent_v1_2b88b20cd9b6_seed_44,2b88b20cd9b6ab9268889294ab249f6a1e5fb71b3e5ee88d2e8fde10ebe63a10,-460.3077,-1305.9758,-1148.5679,6532.759,-2598.2197,1514.0437,6203.7236,-2116.9653,1119.3684,8616.743,2
2086,mvdec_dekm_consistent_v1,airpollution_mvdec_dekm_consistent_v1_2b88b20cd9b6_seed_44,2b88b20cd9b6ab9268889294ab249f6a1e5fb71b3e5ee88d2e8fde10ebe63a10,-484.4222,-1374.392,-1208.7385,6874.9805,-2734.3315,1593.3589,6528.7124,-2227.8645,1178.0051,9068.141,2
2087,mvdec_dekm_consistent_v1,airpollution_mvdec_dekm_consistent_v1_2b88b20cd9b6_seed_44,2b88b20cd9b6ab9268889294ab249f6a1e5fb71b3e5ee88d2e8fde10ebe63a10,-500.4015,-1419.7275,-1248.6106,7101.753,-2824.5254,1645.9167,6744.0664,-2301.3513,1216.8602,9367.258,2
2088,mvdec_dekm_consistent_v1,airpollution_mvdec_dekm_consistent_v1_2b88b20cd9b6_seed_44,2b88b20cd9b6ab9268889294ab249f6a1e5fb71b3e5ee88d2e8fde10ebe63a10,-518.02045,-1469.7151,-1292.574,7351.796,-2923.9746,1703.8682,6981.5176,-2382.3794,1259.7037,9697.069,2
2089,mvdec_dekm_consistent_v1,airpollution_mvdec_dekm_consistent_v1_2b88b20cd9b6_seed_44,2b88b20cd9b6ab9268889294ab249f6a1e5fb71b3e5ee88d2e8fde10ebe63a10,-537.08966,-1523.817,-1340.1558,7622.422,-3031.609,1766.5887,7238.5137,-2470.0764,1306.0732,10054.026,2
2090,mvdec_dekm_consistent_v1,airpollution_mvdec_dekm_consistent_v1_2b88b20cd9b6_seed_44,2b88b20cd9b6ab9268889294ab249f6a1e5fb71b3e5ee88d2e8fde10ebe63a10,-554.42896,-1573.0105,-1383.4203,7868.493,-3129.4775,1823.6189,7472.192,-2549.8167,1348.236,10378.597,2
2091,mvdec_dekm_consistent_v1,airpollution_mvdec_dekm_consistent_v1_2b88b20cd9b6_seed_44,2b88b20cd9b6ab9268889294ab249f6a1e5fb71b3e5ee88d2e8fde10ebe63a10,-567.2982,-1609.5211,-1415.5308,8051.125,-3202.1143,1865.9462,7645.625,-2608.9993,1379.5288,10619.489,2
2092,mvdec_dekm_consistent_v1,airpollution_mvdec_dekm_consistent_v1_2b88b20cd9b6_seed_44,2b88b20cd9b6ab9268889294ab249f6a1e5fb71b3e5ee88d2e8fde10ebe63a10,-581.7604,-1650.5521,-1451.6171,8256.367,-3283.744,1913.514,7840.529,-2675.508,1414.6958,10890.206,2
2093,mvdec_dekm_consistent_v1,airpollution_mvdec_dekm_consistent_v1_2b88b20cd9b6_seed_44,2b88b20cd9b6ab9268889294ab249f6a1e5fb71b3e5ee88d2e8fde10ebe63a10,-597.69434,-1695.7587,-1491.3757,8482.496,-3373.681,1965.9225,8055.2705,-2748.7861,1453.4414,11188.474,2
2094,mvdec_dekm_consistent_v1,airpollution_mvdec_dekm_consistent_v1_2b88b20cd9b6_seed_44,2b88b20cd9b6ab9268889294ab249f6a1e5fb71b3e5ee88d2e8fde10ebe63a10,-614.9817,-1744.805,-1534.5105,8727.832,-3471.257,2022.7822,8288.249,-2828.2874,1495.478,11512.073,2
2095,mvdec_dekm_consistent_v1,airpollution_mvdec_dekm_consistent_v1_2b88b20cd9b6_seed_44,2b88b20cd9b6ab9268889294ab249f6a1e5fb71b3e5ee88d2e8fde10ebe63a10,-633.5183,-1797.3947,-1580.7622,8990.892,-3575.8826,2083.75,8538.061,-2913.533,1540.551,11859.051,2
2096,mvdec_dekm_consistent_v1,airpollution_mvdec_dekm_consistent_v1_2b88b20cd9b6_seed_44,2b88b20cd9b6ab9268889294ab249f6a1e5fb71b3e5ee88d2e8fde10ebe63a10,-643.8522,-1826.7122,-1606.547,9137.542,-3634.209,2117.738,8677.325,-2961.0557,1565.6782,12052.485,2
2097,mvdec_dekm_consistent_v1,airpollution_mvdec_dekm_consistent_v1_2b88b20cd9b6_seed_44,2b88b20cd9b6ab9268889294ab249f6a1e5fb71b3e5ee88d2e8fde10ebe63a10,-649.0267,-1841.3928,-1619.4583,9210.974,-3663.4148,2134.7578,8747.061,-2984.852,1578.2605,12149.346,2
2098,mvdec_dekm_consistent_v1,airpollution_mvdec_dekm_consistent_v1_2b88b20cd9b6_seed_44,2b88b20cd9b6ab9268889294ab249f6a1e5fb71b3e5ee88d2e8fde10ebe63a10,-655.84357,-1860.7325,-1636.4673,9307.713,-3701.8906,2157.1785,8838.927,-3016.2004,1594.8356,12276.943,2
2099,mvdec_dekm_consistent_v1,airpollution_mvdec_dekm_consistent_v1_2b88b20cd9b6_seed_44,2b88b20cd9b6ab9268889294ab249f6a1e5fb71b3e5ee88d2e8fde10ebe63a10,-664.23254,-1884.5333,-1657.3997,9426.767,-3749.2424,2184.7708,8951.987,-3054.7805,1615.2344,12433.979,2
2100,mvdec_dekm_consistent_v1,airpollution_mvdec_dekm_consistent_v1_2b88b20cd9b6_seed_44,2b88b20cd9b6ab9268889294ab249f6a1e5fb71b3e5ee88d2e8fde10ebe63a10,-279.5882,-793.24664,-697.6329,3968.0405,-1578.1598,919.6338,3768.158,-1285.8562,679.9246,5233.842,0
2101,mvdec_dekm_consistent_v1,airpollution_mvdec_dekm_consistent_v1_2b88b20cd9b6_seed_44,2b88b20cd9b6ab9268889294ab249f6a1e5fb71b3e5ee88d2e8fde10ebe63a10,-249.81708,-708.78186,-623.3478,3545.5396,-1410.1196,821.7134,3366.934,-1148.9429,607.5324,4676.5566,0
2102,mvdec_dekm_consistent_v1,airpollution_mvdec_dekm_consistent_v1_2b88b20cd9b6_seed_44,2b88b20cd9b6ab9268889294ab249f6a1e5fb71b3e5ee88d2e8fde10ebe63a10,-221.03232,-627.1144,-551.5242,3137.0376,-1247.6465,727.0368,2979.0022,-1016.5656,537.5397,4137.736,0
2103,mvdec_dekm_consistent_v1,airpollution_mvdec_dekm_consistent_v1_2b88b20cd9b6_seed_44,2b88b20cd9b6ab9268889294ab249f6a1e5fb71b3e5ee88d2e8fde10ebe63a10,-193.68182,-549.5177,-483.27887,2748.8892,-1093.2693,637.07794,2610.4006,-890.7846,471.0332,3625.7627,0
2104,mvdec_dekm_consistent_v1,airpollution_mvdec_dekm_consistent_v1_2b88b20cd9b6_seed_44,2b88b20cd9b6ab9268889294ab249f6a1e5fb71b3e5ee88d2e8fde10ebe63a10,-168.45285,-477.93906,-420.3283,2390.86,-950.86847,554.0989,2270.3962,-774.76227,409.6894,3153.5127,3
2105,mvdec_dekm_consistent_v1,airpollution_mvdec_dekm_consistent_v1_2b88b20cd9b6_seed_44,2b88b20cd9b6ab9268889294ab249f6a1e5fb71b3e5ee88d2e8fde10ebe63a10,-146.46428,-415.55478,-365.46204,2078.8071,-826.7561,481.77603,1974.0574,-673.63983,356.22128,2741.9092,3
2106,mvdec_dekm_consistent_v1,airpollution_mvdec_dekm_consistent_v1_2b88b20cd9b6_seed_44,2b88b20cd9b6ab9268889294ab249f6a1e5fb71b3e5ee88d2e8fde10ebe63a10,-123.527306,-350.47818,-308.22986,1753.296,-697.29004,406.3337,1664.9355,-568.1559,300.4488,2312.554,3
2107,mvdec_dekm_consistent_v1,airpollution_mvdec_dekm_consistent_v1_2b88b20cd9b6_seed_44,2b88b20cd9b6ab9268889294ab249f6a1e5fb71b3e5ee88d2e8fde10ebe63a10,-93.44683,-265.13477,-233.17255,1326.3995,-527.50146,307.39392,1259.5358,-429.81824,227.30376,1749.471,3
2108,mvdec_dekm_consistent_v1,airpollution_mvdec_dekm_consistent_v1_2b88b20cd9b6_seed_44,2b88b20cd9b6ab9268889294ab249f6a1e5fb71b3e5ee88d2e8fde10ebe63a10,-65.80454,-186.70975,-164.19882,934.1075,-371.47632,216.47473,886.99945,-302.6942,160.08723,1232.0321,3
2109,mvdec_dekm_consistent_v1,airpollution_mvdec_dekm_consistent_v1_2b88b20cd9b6_seed_44,2b88b20cd9b6ab9268889294ab249f6a1e5fb71b3e5ee88d2e8fde10ebe63a10,-35.900433,-101.86713,-89.581726,509.7162,-202.68442,118.11621,483.98016,-165.16843,87.37106,672.2543,3
2110,mvdec_dekm_consistent_v1,airpollution_mvdec_dekm_consistent_v1_2b88b20cd9b6_seed_44,2b88b20cd9b6ab9268889294ab249f6a1e5fb71b3e5ee88d2e8fde10ebe63a10,-6.0500264,-17.17721,-15.098013,86.086754,-34.19644,19.933962,81.68622,-27.889986,14.785227,113.48306,3
2111,mvdec_dekm_consistent_v1,airpollution_mvdec_dekm_consistent_v1_2b88b20cd9b6_seed_44,2b88b20cd9b6ab9268889294ab249f6a1e5fb71b3e5ee88d2e8fde10ebe63a10,-14.451914,-41.016144,-36.06299,205.32585,-81.622,47.569824,194.92253,-66.53022,35.215126,270.76205,3
2112,mvdec_dekm_consistent_v1,airpollution_mvdec_dekm_consistent_v1_2b88b20cd9b6_seed_44,2b88b20cd9b6ab9268889294ab249f6a1e5fb71b3e5ee88d2e8fde10ebe63a10,-41.72528,-118.39437,-104.116974,592.3848,-235.56516,137.27611,562.4879,-191.95822,101.53536,781.2972,3
2113,mvdec_dekm_consistent_v1,airpollution_mvdec_dekm_consistent_v1_2b88b20cd9b6_seed_44,2b88b20cd9b6ab9268889294ab249f6a1e5fb71b3e5ee88d2e8fde10ebe63a10,-27.804878,-78.90183,-69.38266,394.83215,-156.99425,91.490776,374.8865,-127.94086,67.685196,520.724,3
2114,mvdec_dekm_consistent_v1,airpollution_mvdec_dekm_consistent_v1_2b88b20cd9b6_seed_44,2b88b20cd9b6ab9268889294ab249f6a1e5fb71b3e5ee88d2e8fde10ebe63a10,-1.7181488,-4.8911963,-4.293211,24.639524,-9.757465,5.6917605,23.333155,-7.9776387,4.2573113,32.432835,3
2115,mvdec_dekm_consistent_v1,airpollution_mvdec_dekm_consistent_v1_2b88b20cd9b6_seed_44,2b88b20cd9b6ab9268889294ab249f6a1e5fb71b3e5ee88d2e8fde10ebe63a10,-8.411924,-23.884832,-20.995483,119.63872,-47.543076,27.709957,113.55132,-38.76265,20.533789,157.74005,3
2116,mvdec_dekm_consistent_v1,airpollution_mvdec_dekm_consistent_v1_2b88b20cd9b6_seed_44,2b88b20cd9b6ab9268889294ab249f6a1e5fb71b3e5ee88d2e8fde10ebe63a10,-15.371838,-43.63186,-38.36292,218.41673,-86.829895,50.6032,207.35509,-70.772156,37.4588,288.0294,3
2117,mvdec_dekm_consistent_v1,airpollution_mvdec_dekm_consistent_v1_2b88b20cd9b6_seed_44,2b88b20cd9b6ab9268889294ab249f6a1e5fb71b3e5ee88d2e8fde10ebe63a10,-8.954178,-25.421707,-22.347897,127.3232,-50.599937,29.491493,120.85104,-41.25388,21.850414,167.87769,3
2118,mvdec_dekm_consistent_v1,airpollution_mvdec_dekm_consistent_v1_2b88b20cd9b6_seed_44,2b88b20cd9b6ab9268889294ab249f6a1e5fb71b3e5ee88d2e8fde10ebe63a10,-20.324999,-57.68335,-50.721046,288.6957,-114.783035,66.89236,274.09866,-93.54767,49.499763,380.73096,3
2119,mvdec_dekm_consistent_v1,airpollution_mvdec_dekm_consistent_v1_2b88b20cd9b6_seed_44,2b88b20cd9b6ab9268889294ab249f6a1e5fb71b3e5ee88d2e8fde10ebe63a10,-6.336405,-17.994053,-15.816782,90.175644,-35.825596,20.882133,85.57389,-29.216185,15.486543,118.879715,3
2120,mvdec_dekm_consistent_v1,airpollution_mvdec_dekm_consistent_v1_2b88b20cd9b6_seed_44,2b88b20cd9b6ab9268889294ab249f6a1e5fb71b3e5ee88d2e8fde10ebe63a10,-5.7912655,-16.448586,-14.456199,82.442764,-32.750477,19.0904,78.23241,-26.710264,14.160752,108.680504,3
2121,mvdec_dekm_consistent_v1,airpollution_mvdec_dekm_consistent_v1_2b88b20cd9b6_seed_44,2b88b20cd9b6ab9268889294ab249f6a1e5fb71b3e5ee88d2e8fde10ebe63a10,-8.686913,-24.664236,-21.68135,123.5361,-49.095074,28.61472,117.2574,-40.026855,21.201529,162.88377,3
2122,mvdec_dekm_consistent_v1,airpollution_mvdec_dekm_consistent_v1_2b88b20cd9b6_seed_44,2b88b20cd9b6ab9268889294ab249f6a1e5fb71b3e5ee88d2e8fde10ebe63a10,-6.4574995,-18.340057,-16.117302,91.89082,-36.510616,21.281147,87.209526,-29.772655,15.777737,121.14557,3
2123,mvdec_dekm_consistent_v1,airpollution_mvdec_dekm_consistent_v1_2b88b20cd9b6_seed_44,2b88b20cd9b6ab9268889294ab249f6a1e5fb71b3e5ee88d2e8fde10ebe63a10,-18.485527,-52.46084,-46.12903,262.5765,-104.3918,60.838238,249.28947,-85.08256,45.025005,346.27606,3
2124,mvdec_dekm_consistent_v1,airpollution_mvdec_dekm_consistent_v1_2b88b20cd9b6_seed_44,2b88b20cd9b6ab9268889294ab249f6a1e5fb71b3e5ee88d2e8fde10ebe63a10,-24.187878,-68.641235,-60.357872,343.5035,-136.58032,79.59482,326.14468,-111.307945,58.889816,453.022,3
2125,mvdec_dekm_consistent_v1,airpollution_mvdec_dekm_consistent_v1_2b88b20cd9b6_seed_44,2b88b20cd9b6ab9268889294ab249f6a1e5fb71b3e5ee88d2e8fde10ebe63a10,-48.533188,-137.71194,-121.105415,689.0075,-273.99625,159.67006,654.2485,-223.27002,118.09008,908.74634,3
2126,mvdec_dekm_consistent_v1,airpollution_mvdec_dekm_consistent_v1_2b88b20cd9b6_seed_44,2b88b20cd9b6ab9268889294ab249f6a1e5fb71b3e5ee88d2e8fde10ebe63a10,-72.94238,-206.96382,-182.01239,1035.4182,-411.77274,239.95546,983.21295,-335.52588,177.44574,1365.6663,3
2127,mvdec_dekm_consistent_v1,airpollution_mvdec_dekm_consistent_v1_2b88b20cd9b6_seed_44,2b88b20cd9b6ab9268889294ab249f6a1e5fb71b3e5ee88d2e8fde10ebe63a10,-88.305016,-250.54988,-220.34598,1253.4427,-498.48685,290.48557,1190.2576,-406.1777,214.80295,1653.2435,3
2128,mvdec_dekm_consistent_v1,airpollution_mvdec_dekm_consistent_v1_2b88b20cd9b6_seed_44,2b88b20cd9b6ab9268889294ab249f6a1e5fb71b3e5ee88d2e8fde10ebe63a10,-55.474228,-157.4048,-138.42723,787.5249,-313.17862,182.50232,747.8024,-255.19496,134.97202,1038.691,3
2129,mvdec_dekm_consistent_v1,airpollution_mvdec_dekm_consistent_v1_2b88b20cd9b6_seed_44,2b88b20cd9b6ab9268889294ab249f6a1e5fb71b3e5ee88d2e8fde10ebe63a10,-23.148058,-65.69211,-57.76697,328.7697,-130.71942,76.17974,312.15106,-106.53322,56.367596,433.58676,3
2130,mvdec_dekm_consistent_v1,airpollution_mvdec_dekm_consistent_v1_2b88b20cd9b6_seed_44,2b88b20cd9b6ab9268889294ab249f6a1e5fb71b3e5ee88d2e8fde10ebe63a10,-8.613621,-24.456549,-21.499533,122.498245,-48.681335,28.373755,116.27065,-39.69065,21.02369,161.51451,3
2131,mvdec_dekm_consistent_v1,airpollution_mvdec_dekm_consistent_v1_2b88b20cd9b6_seed_44,2b88b20cd9b6ab9268889294ab249f6a1e5fb71b3e5ee88d2e8fde10ebe63a10,-39.422256,-111.86741,-98.37366,559.72894,-222.58057,129.70903,531.4857,-181.37723,95.9381,738.2285,3
2132,mvdec_dekm_consistent_v1,airpollution_mvdec_dekm_consistent_v1_2b88b20cd9b6_seed_44,2b88b20cd9b6ab9268889294ab249f6a1e5fb71b3e5ee88d2e8fde10ebe63a10,-70.08758,-198.86885,-174.88911,994.9057,-395.6647,230.56761,944.75073,-322.39944,170.50125,1312.2362,3
2133,mvdec_dekm_consistent_v1,airpollution_mvdec_dekm_consistent_v1_2b88b20cd9b6_seed_44,2b88b20cd9b6ab9268889294ab249f6a1e5fb71b3e5ee88d2e8fde10ebe63a10,-101.907745,-289.14743,-254.28679,1446.4905,-575.27136,335.22888,1373.5935,-468.73694,247.87668,1907.8817,3
2134,mvdec_dekm_consistent_v1,airpollution_mvdec_dekm_consistent_v1_2b88b20cd9b6_seed_44,2b88b20cd9b6ab9268889294ab249f6a1e5fb71b3e5ee88d2e8fde10ebe63a10,-101.07524,-286.78387,-252.20921,1434.6682,-570.5697,332.48877,1362.3661,-464.90613,245.85153,1892.2882,3
2135,mvdec_dekm_consistent_v1,airpollution_mvdec_dekm_consistent_v1_2b88b20cd9b6_seed_44,2b88b20cd9b6ab9268889294ab249f6a1e5fb71b3e5ee88d2e8fde10ebe63a10,-70.23256,-199.27786,-175.25002,996.95795,-396.47998,231.04314,946.69696,-323.06387,170.85387,1314.9412,3
2136,mvdec_dekm_consistent_v1,airpollution_mvdec_dekm_consistent_v1_2b88b20cd9b6_seed_44,2b88b20cd9b6ab9268889294ab249f6a1e5fb71b3e5ee88d2e8fde10ebe63a10,-42.048264,-119.31464,-104.92395,596.975,-237.39537,138.3413,566.8557,-193.44737,102.32006,787.3572,3
2137,mvdec_dekm_consistent_v1,airpollution_mvdec_dekm_consistent_v1_2b88b20cd9b6_seed_44,2b88b20cd9b6ab9268889294ab249f6a1e5fb71b3e5ee88d2e8fde10ebe63a10,-21.030376,-59.68537,-52.481186,298.71204,-118.76738,69.21388,283.60986,-96.79275,51.215965,393.94193,3
2138,mvdec_dekm_consistent_v1,airpollution_mvdec_dekm_consistent_v1_2b88b20cd9b6_seed_44,2b88b20cd9b6ab9268889294ab249f6a1e5fb71b3e5ee88d2e8fde10ebe63a10,-11.520076,-32.70368,-28.749512,163.73996,-65.085724,37.93218,155.43622,-53.054516,28.088556,215.91284,3
2139,mvdec_dekm_consistent_v1,airpollution_mvdec_dekm_consistent_v1_2b88b20cd9b6_seed_44,2b88b20cd9b6ab9268889294ab249f6a1e5fb71b3e5ee88d2e8fde10ebe63a10,-6.6014495,-18.749094,-16.477211,93.94189,-37.324738,21.75509,89.15226,-30.436045,16.129848,123.84784,3
2140,mvdec_dekm_consistent_v1,airpollution_mvdec_dekm_consistent_v1_2b88b20cd9b6_seed_44,2b88b20cd9b6ab9268889294ab249f6a1e5fb71b3e5ee88d2e8fde10ebe63a10,-33.479534,-95.0065,-83.543274,475.37708,-189.03252,110.158844,451.38226,-154.0429,81.4842,626.96796,3
2141,mvdec_dekm_consistent_v1,airpollution_mvdec_dekm_consistent_v1_2b88b20cd9b6_seed_44,2b88b20cd9b6ab9268889294ab249f6a1e5fb71b3e5ee88d2e8fde10ebe63a10,-62.117584,-176.25708,-155.00146,881.79846,-350.67816,204.35304,837.33826,-285.74597,151.1211,1163.0447,3
2142,mvdec_dekm_consistent_v1,airpollution_mvdec_dekm_consistent_v1_2b88b20cd9b6_seed_44,2b88b20cd9b6ab9268889294ab249f6a1e5fb71b3e5ee88d2e8fde10ebe63a10,-83.51206,-236.9563,-208.38525,1185.4199,-471.4375,274.722,1125.6711,-384.13635,203.14398,1563.527,3
2143,mvdec_dekm_consistent_v1,airpollution_mvdec_dekm_consistent_v1_2b88b20cd9b6_seed_44,2b88b20cd9b6ab9268889294ab249f6a1e5fb71b3e5ee88d2e8fde10ebe63a10,-110.40055,-313.24292,-275.47784,1567.011,-623.20734,363.16132,1488.047,-507.7929,268.52625,2066.8523,3
2144,mvdec_dekm_consistent_v1,airpollution_mvdec_dekm_consistent_v1_2b88b20cd9b6_seed_44,2b88b20cd9b6ab9268889294ab249f6a1e5fb71b3e5ee88d2e8fde10ebe63a10,-139.63318,-396.1804,-348.41953,1981.8704,-788.20917,459.31128,1882.0165,-642.2304,339.60892,2614.0586,3
2145,mvdec_dekm_consistent_v1,airpollution_mvdec_dekm_consistent_v1_2b88b20cd9b6_seed_44,2b88b20cd9b6ab9268889294ab249f6a1e5fb71b3e5ee88d2e8fde10ebe63a10,-161.6297,-458.5882,-403.306,2294.0393,-912.3679,531.66095,2178.466,-743.3905,393.09634,3025.8147,3
2146,mvdec_dekm_consistent_v1,airpollution_mvdec_dekm_consistent_v1_2b88b20cd9b6_seed_44,2b88b20cd9b6ab9268889294ab249f6a1e5fb71b3e5ee88d2e8fde10ebe63a10,-185.60376,-526.60565,-463.1263,2634.2695,-1047.6865,610.5142,2501.5625,-853.64355,451.39233,3474.5835,0
2147,mvdec_dekm_consistent_v1,airpollution_mvdec_dekm_consistent_v1_2b88b20cd9b6_seed_44,2b88b20cd9b6ab9268889294ab249f6a1e5fb71b3e5ee88d2e8fde10ebe63a10,-211.93457,-601.3103,-528.82715,3007.95,-1196.309,697.1195,2856.4243,-974.73615,515.4195,3967.4731,0
2148,mvdec_dekm_consistent_v1,airpollution_mvdec_dekm_consistent_v1_2b88b20cd9b6_seed_44,2b88b20cd9b6ab9268889294ab249f6a1e5fb71b3e5ee88d2e8fde10ebe63a10,-238.32516,-676.1827,-594.6766,3382.471,-1345.2656,783.91986,3212.0833,-1096.1012,579.59094,4461.4707,0
2149,mvdec_dekm_consistent_v1,airpollution_mvdec_dekm_consistent_v1_2b88b20cd9b6_seed_44,2b88b20cd9b6ab9268889294ab249f6a1e5fb71b3e5ee88d2e8fde10ebe63a10,-266.20923,-755.29285,-664.2527,3778.189,-1502.6523,875.633,3587.8716,-1224.3351,647.3943,4983.4263,0
2150,mvdec_dekm_consistent_v1,airpollution_mvdec_dekm_consistent_v1_2b88b20cd9b6_seed_44,2b88b20cd9b6ab9268889294ab249f6a1e5fb71b3e5ee88d2e8fde10ebe63a10,-295.2027,-837.55005,-736.59656,4189.6494,-1666.3004,970.99457,3978.6099,-1357.6704,717.8953,5526.1494,0
2151,mvdec_dekm_consistent_v1,airpollution_mvdec_dekm_consistent_v1_2b88b20cd9b6_seed_44,2b88b20cd9b6ab9268889294ab249f6a1e5fb71b3e5ee88d2e8fde10ebe63a10,-325.0085,-922.11237,-810.968,4612.641,-1834.5348,1069.0288,4380.298,-1494.7423,790.372,6084.0806,0
2152,mvdec_dekm_consistent_v1,airpollution_mvdec_dekm_consistent_v1_2b88b20cd9b6_seed_44,2b88b20cd9b6ab9268889294ab249f6a1e5fb71b3e5ee88d2e8fde10ebe63a10,-355.42358,-1008.4035,-886.85944,5044.2793,-2006.2083,1169.0667,4790.1973,-1634.6158,864.3299,6653.4146,0
2153,mvdec_dekm_consistent_v1,airpollution_mvdec_dekm_consistent_v1_2b88b20cd9b6_seed_44,2b88b20cd9b6ab9268889294ab249f6a1e5fb71b3e5ee88d2e8fde10ebe63a10,-386.30103,-1096.0061,-963.9046,5482.477,-2180.4912,1270.6252,5206.328,-1776.616,939.41205,7231.405,0
2154,mvdec_dekm_consistent_v1,airpollution_mvdec_dekm_consistent_v1_2b88b20cd9b6_seed_44,2b88b20cd9b6ab9268889294ab249f6a1e5fb71b3e5ee88d2e8fde10ebe63a10,-417.52545,-1184.593,-1041.815,5925.596,-2356.7314,1373.3243,5627.1313,-1920.2106,1015.3367,7815.8843,0
2155,mvdec_dekm_consistent_v1,airpollution_mvdec_dekm_consistent_v1_2b88b20cd9b6_seed_44,2b88b20cd9b6ab9268889294ab249f6a1e5fb71b3e5ee88d2e8fde10ebe63a10,-439.91937,-1248.1276,-1097.6923,6243.403,-2483.1326,1446.9808,5928.9336,-2023.1971,1069.7903,8235.074,0
2156,mvdec_dekm_consistent_v1,airpollution_mvdec_dekm_consistent_v1_2b88b20cd9b6_seed_44,2b88b20cd9b6ab9268889294ab249f6a1e5fb71b3e5ee88d2e8fde10ebe63a10,-455.06015,-1291.0837,-1135.4716,6458.271,-2568.5918,1496.7802,6132.9834,-2092.8267,1106.6062,8518.492,2
2157,mvdec_dekm_consistent_v1,airpollution_mvdec_dekm_consistent_v1_2b88b20cd9b6_seed_44,2b88b20cd9b6ab9268889294ab249f6a1e5fb71b3e5ee88d2e8fde10ebe63a10,-472.03342,-1339.2394,-1177.8234,6699.149,-2664.3962,1552.6069,6361.731,-2170.8843,1147.8785,8836.213,2
2158,mvdec_dekm_consistent_v1,airpollution_mvdec_dekm_consistent_v1_2b88b20cd9b6_seed_44,2b88b20cd9b6ab9268889294ab249f6a1e5fb71b3e5ee88d2e8fde10ebe63a10,-490.65704,-1392.0771,-1224.2933,6963.449,-2769.5159,1613.8623,6612.7227,-2256.5322,1193.1643,9184.829,2
2159,mvdec_dekm_consistent_v1,airpollution_mvdec_dekm_consistent_v1_2b88b20cd9b6_seed_44,2b88b20cd9b6ab9268889294ab249f6a1e5fb71b3e5ee88d2e8fde10ebe63a10,-510.72412,-1449.0101,-1274.3644,7248.2354,-2882.7822,1679.8654,6883.1655,-2348.8184,1241.9602,9560.466,2
2160,mvdec_dekm_consistent_v1,airpollution_mvdec_dekm_consistent_v1_2b88b20cd9b6_seed_44,2b88b20cd9b6ab9268889294ab249f6a1e5fb71b3e5ee88d2e8fde10ebe63a10,-523.592,-1485.5181,-1306.4729,7430.851,-2955.413,1722.1891,7056.5835,-2407.9954,1273.2499,9801.338,2
2161,mvdec_dekm_consistent_v1,airpollution_mvdec_dekm_consistent_v1_2b88b20cd9b6_seed_44,2b88b20cd9b6ab9268889294ab249f6a1e5fb71b3e5ee88d2e8fde10ebe63a10,-537.1765,-1524.0593,-1340.3694,7623.64,-3032.0903,1766.8702,7239.663,-2470.4692,1306.283,10055.627,2
2162,mvdec_dekm_consistent_v1,airpollution_mvdec_dekm_consistent_v1_2b88b20cd9b6_seed_44,2b88b20cd9b6ab9268889294ab249f6a1e5fb71b3e5ee88d2e8fde10ebe63a10,-552.4226,-1567.314,-1378.4109,7840.0054,-3118.144,1817.0156,7445.132,-2540.583,1343.3557,10341.017,2
2163,mvdec_dekm_consistent_v1,airpollution_mvdec_dekm_consistent_v1_2b88b20cd9b6_seed_44,2b88b20cd9b6ab9268889294ab249f6a1e5fb71b3e5ee88d2e8fde10ebe63a10,-569.1491,-1614.7681,-1420.146,8077.375,-3212.5518,1872.0294,7670.5464,-2617.5037,1384.0275,10654.109,2
2164,mvdec_dekm_consistent_v1,airpollution_mvdec_dekm_consistent_v1_2b88b20cd9b6_seed_44,2b88b20cd9b6ab9268889294ab249f6a1e5fb71b3e5ee88d2e8fde10ebe63a10,-587.2666,-1666.1693,-1465.3528,8334.494,-3314.8135,1931.6201,7914.716,-2700.824,1428.0828,10993.252,2
2165,mvdec_dekm_consistent_v1,airpollution_mvdec_dekm_consistent_v1_2b88b20cd9b6_seed_44,2b88b20cd9b6ab9268889294ab249f6a1e5fb71b3e5ee88d2e8fde10ebe63a10,-606.6245,-1721.0902,-1513.655,8609.216,-3424.0767,1995.2904,8175.6006,-2789.848,1475.1545,11355.611,2
2166,mvdec_dekm_consistent_v1,airpollution_mvdec_dekm_consistent_v1_2b88b20cd9b6_seed_44,2b88b20cd9b6ab9268889294ab249f6a1e5fb71b3e5ee88d2e8fde10ebe63a10,-610.91364,-1733.2579,-1524.3566,8670.08,-3448.284,2009.3967,8233.399,-2809.5713,1485.5834,11435.894,2
2167,mvdec_dekm_consistent_v1,airpollution_mvdec_dekm_consistent_v1_2b88b20cd9b6_seed_44,2b88b20cd9b6ab9268889294ab249f6a1e5fb71b3e5ee88d2e8fde10ebe63a10,-616.3599,-1748.7087,-1537.9453,8747.366,-3479.0227,2027.3091,8306.792,-2834.616,1498.8254,11537.834,2
2168,mvdec_dekm_consistent_v1,airpollution_mvdec_dekm_consistent_v1_2b88b20cd9b6_seed_44,2b88b20cd9b6ab9268889294ab249f6a1e5fb71b3e5ee88d2e8fde10ebe63a10,-623.5302,-1769.0514,-1555.8369,8849.123,-3519.4944,2050.8928,8403.425,-2867.5908,1516.2606,11672.053,2
2169,mvdec_dekm_consistent_v1,airpollution_mvdec_dekm_consistent_v1_2b88b20cd9b6_seed_44,2b88b20cd9b6ab9268889294ab249f6a1e5fb71b3e5ee88d2e8fde10ebe63a10,-632.345,-1794.0616,-1577.8326,8974.226,-3569.2512,2079.887,8522.229,-2908.1313,1537.696,11837.065,2
2170,mvdec_dekm_consistent_v1,airpollution_mvdec_dekm_consistent_v1_2b88b20cd9b6_seed_44,2b88b20cd9b6ab9268889294ab249f6a1e5fb71b3e5ee88d2e8fde10ebe63a10,-295.08655,-837.21533,-736.30396,4187.983,-1665.634,970.6077,3977.02,-1357.1287,717.611,5523.9463,0
2171,mvdec_dekm_consistent_v1,airpollution_mvdec_dekm_consistent_v1_2b88b20cd9b6_seed_44,2b88b20cd9b6ab9268889294ab249f6a1e5fb71b3e5ee88d2e8fde10ebe63a10,-267.0495,-757.67163,-666.34656,3790.0977,-1507.3845,878.3921,3599.1716,-1228.1923,649.4363,4999.129,0
2172,mvdec_dekm_consistent_v1,airpollution_mvdec_dekm_consistent_v1_2b88b20cd9b6_seed_44,2b88b20cd9b6ab9268889294ab249f6a1e5fb71b3e5ee88d2e8fde10ebe63a10,-240.33957,-681.8918,-599.7001,3411.0435,-1356.624,790.54065,3239.2058,-1105.358,584.48883,4499.1504,0
2173,mvdec_dekm_consistent_v1,airpollution_mvdec_dekm_consistent_v1_2b88b20cd9b6_seed_44,2b88b20cd9b6ab9268889294ab249f6a1e5fb71b3e5ee88d2e8fde10ebe63a10,-215.45454,-611.2909,-537.6076,3057.8904,-1216.1654,708.6922,2903.8376,-990.91705,523.9787,4033.337,0
2174,mvdec_dekm_consistent_v1,airpollution_mvdec_dekm_consistent_v1_2b88b20cd9b6_seed_44,2b88b20cd9b6ab9268889294ab249f6a1e5fb71b3e5ee88d2e8fde10ebe63a10,-193.09421,-547.8526,-481.8153,2740.5752,-1089.9595,635.14966,2602.5002,-888.0889,469.61017,3614.7917,0
2175,mvdec_dekm_consistent_v1,airpollution_mvdec_dekm_consistent_v1_2b88b20cd9b6_seed_44,2b88b20cd9b6ab9268889294ab249f6a1e5fb71b3e5ee88d2e8fde10ebe63a10,-167.73691,-475.91125,-418.5435,2380.7083,-946.83264,551.7457,2260.7593,-771.47345,407.94897,3140.1245,3
2176,mvdec_dekm_consistent_v1,airpollution_mvdec_dekm_consistent_v1_2b88b20cd9b6_seed_44,2b88b20cd9b6ab9268889294ab249f6a1e5fb71b3e5ee88d2e8fde10ebe63a10,-139.08777,-394.62885,-347.0591,1974.14,-785.1278,457.51776,1874.662,-639.7224,338.28845,2603.8533,3
2177,mvdec_dekm_consistent_v1,airpollution_mvdec_dekm_consistent_v1_2b88b20cd9b6_seed_44,2b88b20cd9b6ab9268889294ab249f6a1e5fb71b3e5ee88d2e8fde10ebe63a10,-109.60599,-310.9853,-273.4955,1555.7386,-618.72034,360.54758,1477.3341,-504.13846,266.5979,2051.9783,3
2178,mvdec_dekm_consistent_v1,airpollution_mvdec_dekm_consistent_v1_2b88b20cd9b6_seed_44,2b88b20cd9b6ab9268889294ab249f6a1e5fb71b3e5ee88d2e8fde10ebe63a10,-79.86223,-226.59932,-199.27863,1133.6262,-450.83612,262.7175,1076.4817,-367.35147,194.2715,1495.2076,3
2179,mvdec_dekm_consistent_v1,airpollution_mvdec_dekm_consistent_v1_2b88b20cd9b6_seed_44,2b88b20cd9b6ab9268889294ab249f6a1e5fb71b3e5ee88d2e8fde10ebe63a10,-52.80182,-149.82683,-131.75685,749.594,-298.0977,173.71309,711.79224,-242.90465,128.4693,988.6656,3
2180,mvdec_dekm_consistent_v1,airpollution_mvdec_dekm_consistent_v1_2b88b20cd9b6_seed_44,2b88b20cd9b6ab9268889294ab249f6a1e5fb71b3e5ee88d2e8fde10ebe63a10,-32.01558,-90.8535,-79.89078,454.60287,-180.77203,105.34485,431.65714,-147.31151,77.92478,599.5685,3
2181,mvdec_dekm_consistent_v1,airpollution_mvdec_dekm_consistent_v1_2b88b20cd9b6_seed_44,2b88b20cd9b6ab9268889294ab249f6a1e5fb71b3e5ee88d2e8fde10ebe63a10,-5.1339087,-14.578995,-12.8126,73.08639,-29.026789,16.92113,69.34273,-23.677769,12.557026,96.33694,3
2182,mvdec_dekm_consistent_v1,airpollution_mvdec_dekm_consistent_v1_2b88b20cd9b6_seed_44,2b88b20cd9b6ab9268889294ab249f6a1e5fb71b3e5ee88d2e8fde10ebe63a10,-12.498667,-35.47427,-31.190447,177.61034,-70.5987,41.146244,168.60217,-57.54906,30.467134,234.20503,3
2183,mvdec_dekm_consistent_v1,airpollution_mvdec_dekm_consistent_v1_2b88b20cd9b6_seed_44,2b88b20cd9b6ab9268889294ab249f6a1e5fb71b3e5ee88d2e8fde10ebe63a10,-0.4002189,-1.1508231,-1.0021704,5.915077,-2.3117883,1.3523371,5.556861,-1.9119924,1.0476861,7.7399936,3
2184,mvdec_dekm_consistent_v1,airpollution_mvdec_dekm_consistent_v1_2b88b20cd9b6_seed_44,2b88b20cd9b6ab9268889294ab249f6a1e5fb71b3e5ee88d2e8fde10ebe63a10,-18.5386,-52.61161,-46.26277,263.33368,-104.69376,61.01399,250.00957,-85.328415,45.155224,347.2759,3
2185,mvdec_dekm_consistent_v1,airpollution_mvdec_dekm_consistent_v1_2b88b20cd9b6_seed_44,2b88b20cd9b6ab9268889294ab249f6a1e5fb71b3e5ee88d2e8fde10ebe63a10,-37.767525,-107.16859,-94.24316,536.22516,-213.23131,124.26085,509.16132,-173.76059,91.91174,707.22516,3
2186,mvdec_dekm_consistent_v1,airpollution_mvdec_dekm_consistent_v1_2b88b20cd9b6_seed_44,2b88b20cd9b6ab9268889294ab249f6a1e5fb71b3e5ee88d2e8fde10ebe63a10,-7.333559,-20.822855,-18.304207,104.320076,-41.450768,24.160286,99.006004,-33.799828,17.909119,137.53654,3
2187,mvdec_dekm_consistent_v1,airpollution_mvdec_dekm_consistent_v1_2b88b20cd9b6_seed_44,2b88b20cd9b6ab9268889294ab249f6a1e5fb71b3e5ee88d2e8fde10ebe63a10,-20.937025,-59.420345,-52.248325,297.37982,-118.23707,68.90508,282.3464,-96.3621,50.986942,392.1862,3
2188,mvdec_dekm_consistent_v1,airpollution_mvdec_dekm_consistent_v1_2b88b20cd9b6_seed_44,2b88b20cd9b6ab9268889294ab249f6a1e5fb71b3e5ee88d2e8fde10ebe63a10,-47.62299,-135.13202,-118.83578,676.09863,-268.86392,156.67865,641.99335,-219.0877,115.877686,891.7217,3
2189,mvdec_dekm_consistent_v1,airpollution_mvdec_dekm_consistent_v1_2b88b20cd9b6_seed_44,2b88b20cd9b6ab9268889294ab249f6a1e5fb71b3e5ee88d2e8fde10ebe63a10,-35.577736,-100.9583,-88.78037,505.1571,-200.87633,117.06067,479.66107,-163.69348,86.58805,666.24786,3
2190,mvdec_dekm_consistent_v1,airpollution_mvdec_dekm_consistent_v1_2b88b20cd9b6_seed_44,2b88b20cd9b6ab9268889294ab249f6a1e5fb71b3e5ee88d2e8fde10ebe63a10,-24.181623,-68.62604,-60.34478,343.43295,-136.55351,79.57897,326.08044,-111.285515,58.878185,452.9304,3
2191,mvdec_dekm_consistent_v1,airpollution_mvdec_dekm_consistent_v1_2b88b20cd9b6_seed_44,2b88b20cd9b6ab9268889294ab249f6a1e5fb71b3e5ee88d2e8fde10ebe63a10,-21.106464,-59.899857,-52.671257,299.7836,-119.19361,69.46252,284.629,-97.14112,51.399727,395.3569,3
2192,mvdec_dekm_consistent_v1,airpollution_mvdec_dekm_consistent_v1_2b88b20cd9b6_seed_44,2b88b20cd9b6ab9268889294ab249f6a1e5fb71b3e5ee88d2e8fde10ebe63a10,-8.855005,-25.140093,-22.100254,125.91509,-50.04083,29.166153,119.51602,-40.797825,21.608904,166.0216,3
2193,mvdec_dekm_consistent_v1,airpollution_mvdec_dekm_consistent_v1_2b88b20cd9b6_seed_44,2b88b20cd9b6ab9268889294ab249f6a1e5fb71b3e5ee88d2e8fde10ebe63a10,-0.730774,-2.0884805,-1.8277903,10.607382,-4.179886,2.4410892,10.015593,-3.4328766,1.8517298,13.930241,3
2194,mvdec_dekm_consistent_v1,airpollution_mvdec_dekm_consistent_v1_2b88b20cd9b6_seed_44,2b88b20cd9b6ab9268889294ab249f6a1e5fb71b3e5ee88d2e8fde10ebe63a10,-2.6536546,-7.544588,-6.625088,37.893074,-15.032922,8.765662,35.928047,-12.274543,6.5261407,49.92049,3
2195,mvdec_dekm_consistent_v1,airpollution_mvdec_dekm_consistent_v1_2b88b20cd9b6_seed_44,2b88b20cd9b6ab9268889294ab249f6a1e5fb71b3e5ee88d2e8fde10ebe63a10,-28.144808,-79.86734,-70.2312,399.6577,-158.91597,92.61004,379.47327,-129.50542,68.511604,527.0917,3
2196,mvdec_dekm_consistent_v1,airpollution_mvdec_dekm_consistent_v1_2b88b20cd9b6_seed_44,2b88b20cd9b6ab9268889294ab249f6a1e5fb71b3e5ee88d2e8fde10ebe63a10,-60.762424,-172.40735,-151.61856,862.5544,-343.02155,199.89252,819.05695,-279.5087,147.82565,1137.6576,3
2197,mvdec_dekm_consistent_v1,airpollution_mvdec_dekm_consistent_v1_2b88b20cd9b6_seed_44,2b88b20cd9b6ab9268889294ab249f6a1e5fb71b3e5ee88d2e8fde10ebe63a10,-82.33865,-233.62251,-205.45668,1168.7627,-464.80832,270.8603,1109.8439,-378.7367,200.29257,1541.55,3
2198,mvdec_dekm_consistent_v1,airpollution_mvdec_dekm_consistent_v1_2b88b20cd9b6_seed_44,2b88b20cd9b6ab9268889294ab249f6a1e5fb71b3e5ee88d2e8fde10ebe63a10,-49.1732,-139.52895,-122.70282,698.09686,-277.61212,161.77669,662.8811,-226.2155,119.647644,920.73566,3
2199,mvdec_dekm_consistent_v1,airpollution_mvdec_dekm_consistent_v1_2b88b20cd9b6_seed_44,2b88b20cd9b6ab9268889294ab249f6a1e5fb71b3e5ee88d2e8fde10ebe63a10,-16.124514,-45.766647,-40.239407,229.08743,-91.074715,53.077415,217.49243,-74.230896,39.28595,302.10632,3
2200,mvdec_dekm_consistent_v1,airpollution_mvdec_dekm_consistent_v1_2b88b20cd9b6_seed_44,2b88b20cd9b6ab9268889294ab249f6a1e5fb71b3e5ee88d2e8fde10ebe63a10,-15.774261,-44.773434,-39.365517,224.11118,-89.097565,51.924423,212.76988,-72.61933,38.432587,295.54526,3
2201,mvdec_dekm_consistent_v1,airpollution_mvdec_dekm_consistent_v1_2b88b20cd9b6_seed_44,2b88b20cd9b6ab9268889294ab249f6a1e5fb71b3e5ee88d2e8fde10ebe63a10,-47.641838,-135.1877,-118.882706,676.3781,-268.9755,156.74422,642.2611,-219.17781,115.92493,892.0906,3
2202,mvdec_dekm_consistent_v1,airpollution_mvdec_dekm_consistent_v1_2b88b20cd9b6_seed_44,2b88b20cd9b6ab9268889294ab249f6a1e5fb71b3e5ee88d2e8fde10ebe63a10,-78.09481,-221.58745,-194.86925,1108.55,-440.86392,256.9065,1052.6721,-359.22604,189.97345,1462.1339,3
2203,mvdec_dekm_consistent_v1,airpollution_mvdec_dekm_consistent_v1_2b88b20cd9b6_seed_44,2b88b20cd9b6ab9268889294ab249f6a1e5fb71b3e5ee88d2e8fde10ebe63a10,-109.500114,-310.6892,-273.23184,1554.2417,-618.12836,360.20212,1475.921,-503.6548,266.33865,2050.0088,3
2204,mvdec_dekm_consistent_v1,airpollution_mvdec_dekm_consistent_v1_2b88b20cd9b6_seed_44,2b88b20cd9b6ab9268889294ab249f6a1e5fb71b3e5ee88d2e8fde10ebe63a10,-115.3822,-327.37625,-287.9091,1637.712,-651.3273,379.54736,1555.1873,-530.7042,280.64117,2160.1082,3
2205,mvdec_dekm_consistent_v1,airpollution_mvdec_dekm_consistent_v1_2b88b20cd9b6_seed_44,2b88b20cd9b6ab9268889294ab249f6a1e5fb71b3e5ee88d2e8fde10ebe63a10,-89.02211,-252.58919,-222.13512,1263.619,-502.5405,292.8462,1199.934,-409.47766,216.54309,1666.674,3
2206,mvdec_dekm_consistent_v1,airpollution_mvdec_dekm_consistent_v1_2b88b20cd9b6_seed_44,2b88b20cd9b6ab9268889294ab249f6a1e5fb71b3e5ee88d2e8fde10ebe63a10,-58.60783,-166.29852,-146.24559,831.9925,-330.86975,192.81017,790.0407,-269.60666,142.5884,1097.3508,3
2207,mvdec_dekm_consistent_v1,airpollution_mvdec_dekm_consistent_v1_2b88b20cd9b6_seed_44,2b88b20cd9b6ab9268889294ab249f6a1e5fb71b3e5ee88d2e8fde10ebe63a10,-27.038797,-76.73785,-67.47667,384.0056,-152.69392,88.98221,364.6127,-124.43303,65.82927,506.44818,3
2208,mvdec_dekm_consistent_v1,airpollution_mvdec_dekm_consistent_v1_2b88b20cd9b6_seed_44,2b88b20cd9b6ab9268889294ab249f6a1e5fb71b3e5ee88d2e8fde10ebe63a10,-6.224625,-17.681208,-15.538455,88.599365,-35.201427,20.517319,84.081566,-28.705631,15.214354,116.803185,3
2209,mvdec_dekm_consistent_v1,airpollution_mvdec_dekm_consistent_v1_2b88b20cd9b6_seed_44,2b88b20cd9b6ab9268889294ab249f6a1e5fb71b3e5ee88d2e8fde10ebe63a10,-12.096768,-34.34366,-30.19207,171.95052,-68.352264,39.83471,163.23347,-55.71493,29.496082,226.74278,3
2210,mvdec_dekm_consistent_v1,airpollution_mvdec_dekm_consistent_v1_2b88b20cd9b6_seed_44,2b88b20cd9b6ab9268889294ab249f6a1e5fb71b3e5ee88d2e8fde10ebe63a10,-19.306063,-54.792633,-48.17759,274.22916,-109.0302,63.53997,260.3627,-88.86003,47.020004,361.65067,3
2211,mvdec_dekm_consistent_v1,airpollution_mvdec_dekm_consistent_v1_2b88b20cd9b6_seed_44,2b88b20cd9b6ab9268889294ab249f6a1e5fb71b3e5ee88d2e8fde10ebe63a10,-36.67895,-104.08191,-91.52616,520.7767,-207.08855,120.68086,494.49408,-168.75473,89.263596,686.8499,3
2212,mvdec_dekm_consistent_v1,airpollution_mvdec_dekm_consistent_v1_2b88b20cd9b6_seed_44,2b88b20cd9b6ab9268889294ab249f6a1e5fb71b3e5ee88d2e8fde10ebe63a10,-65.310234,-185.3128,-162.96648,927.098,-368.69403,214.85182,880.3545,-300.42505,158.88306,1222.7941,3
2213,mvdec_dekm_consistent_v1,airpollution_mvdec_dekm_consistent_v1_2b88b20cd9b6_seed_44,2b88b20cd9b6ab9268889294ab249f6a1e5fb71b3e5ee88d2e8fde10ebe63a10,-95.56478,-271.14935,-238.45789,1356.459,-539.4632,314.36264,1288.0944,-439.5617,232.45047,1789.1283,3
2214,mvdec_dekm_consistent_v1,airpollution_mvdec_dekm_consistent_v1_2b88b20cd9b6_seed_44,2b88b20cd9b6ab9268889294ab249f6a1e5fb71b3e5ee88d2e8fde10ebe63a10,-114.68586,-325.3987,-286.16904,1627.8182,-647.39087,377.2542,1545.7896,-527.49713,278.9455,2147.056,3
2215,mvdec_dekm_consistent_v1,airpollution_mvdec_dekm_consistent_v1_2b88b20cd9b6_seed_44,2b88b20cd9b6ab9268889294ab249f6a1e5fb71b3e5ee88d2e8fde10ebe63a10,-138.77979,-393.75653,-346.28833,1969.7493,-783.38666,456.50177,1870.5023,-638.3017,337.53256,2598.0686,3
2216,mvdec_dekm_consistent_v1,airpollution_mvdec_dekm_consistent_v1_2b88b20cd9b6_seed_44,2b88b20cd9b6ab9268889294ab249f6a1e5fb71b3e5ee88d2e8fde10ebe63a10,-165.1897,-468.68533,-412.18677,2344.5508,-932.4552,543.3672,2226.429,-759.7577,401.75192,3092.437,3
2217,mvdec_dekm_consistent_v1,airpollution_mvdec_dekm_consistent_v1_2b88b20cd9b6_seed_44,2b88b20cd9b6ab9268889294ab249f6a1e5fb71b3e5ee88d2e8fde10ebe63a10,-192.19455,-545.30133,-479.5691,2727.792,-1084.8806,632.1887,2590.3706,-883.9488,467.4173,3597.9375,0
2218,mvdec_dekm_consistent_v1,airpollution_mvdec_dekm_consistent_v1_2b88b20cd9b6_seed_44,2b88b20cd9b6ab9268889294ab249f6a1e5fb71b3e5ee88d2e8fde10ebe63a10,-220.90451,-626.7546,-551.20593,3135.2292,-1246.9292,726.6183,2977.2893,-1015.98065,537.2285,4135.3535,0
2219,mvdec_dekm_consistent_v1,airpollution_mvdec_dekm_consistent_v1_2b88b20cd9b6_seed_44,2b88b20cd9b6ab9268889294ab249f6a1e5fb71b3e5ee88d2e8fde10ebe63a10,-250.73361,-711.3832,-625.6354,3558.5513,-1415.295,824.7288,3379.2915,-1153.1595,609.7617,4693.72,0
2220,mvdec_dekm_consistent_v1,airpollution_mvdec_dekm_consistent_v1_2b88b20cd9b6_seed_44,2b88b20cd9b6ab9268889294ab249f6a1e5fb71b3e5ee88d2e8fde10ebe63a10,-281.32635,-798.17847,-701.97046,3992.7114,-1587.9719,925.3514,3791.587,-1293.851,684.1518,5266.3833,0
2221,mvdec_dekm_consistent_v1,airpollution_mvdec_dekm_consistent_v1_2b88b20cd9b6_seed_44,2b88b20cd9b6ab9268889294ab249f6a1e5fb71b3e5ee88d2e8fde10ebe63a10,-312.4405,-886.45325,-779.6066,4434.2725,-1763.5919,1027.6891,4210.909,-1436.9407,759.8103,5848.8076,0
2222,mvdec_dekm_consistent_v1,airpollution_mvdec_dekm_consistent_v1_2b88b20cd9b6_seed_44,2b88b20cd9b6ab9268889294ab249f6a1e5fb71b3e5ee88d2e8fde10ebe63a10,-343.94525,-975.83606,-858.2173,4881.377,-1941.4161,1131.3114,4635.496,-1581.826,836.41833,6438.5425,0
2223,mvdec_dekm_consistent_v1,airpollution_mvdec_dekm_consistent_v1_2b88b20cd9b6_seed_44,2b88b20cd9b6ab9268889294ab249f6a1e5fb71b3e5ee88d2e8fde10ebe63a10,-375.7486,-1066.0654,-937.57263,5332.714,-2120.9243,1235.9152,5064.102,-1728.0837,913.7517,7033.8623,0
2224,mvdec_dekm_consistent_v1,airpollution_mvdec_dekm_consistent_v1_2b88b20cd9b6_seed_44,2b88b20cd9b6ab9268889294ab249f6a1e5fb71b3e5ee88d2e8fde10ebe63a10,-395.9884,-1123.4872,-988.07446,5619.9434,-2235.163,1302.4846,5336.8667,-1821.1616,962.9663,7412.721,0
2225,mvdec_dekm_consistent_v1,airpollution_mvdec_dekm_consistent_v1_2b88b20cd9b6_seed_44,2b88b20cd9b6ab9268889294ab249f6a1e5fb71b3e5ee88d2e8fde10ebe63a10,-410.09482,-1163.5074,-1023.2716,5820.129,-2314.7817,1348.8806,5526.97,-1886.0325,997.26636,7676.769,0
2226,mvdec_dekm_consistent_v1,airpollution_mvdec_dekm_consistent_v1_2b88b20cd9b6_seed_44,2b88b20cd9b6ab9268889294ab249f6a1e5fb71b3e5ee88d2e8fde10ebe63a10,-426.26697,-1209.3905,-1063.6246,6049.639,-2406.0652,1402.073,5744.9233,-1960.4062,1036.5911,7979.4966,0
2227,mvdec_dekm_consistent_v1,airpollution_mvdec_dekm_consistent_v1_2b88b20cd9b6_seed_44,2b88b20cd9b6ab9268889294ab249f6a1e5fb71b3e5ee88d2e8fde10ebe63a10,-444.34085,-1260.669,-1108.7231,6306.1396,-2508.0823,1461.5206,5988.508,-2043.5265,1080.5405,8317.824,0
2228,mvdec_dekm_consistent_v1,airpollution_mvdec_dekm_consistent_v1_2b88b20cd9b6_seed_44,2b88b20cd9b6ab9268889294ab249f6a1e5fb71b3e5ee88d2e8fde10ebe63a10,-464.03473,-1316.5441,-1157.8643,6585.6323,-2619.2444,1526.2971,6253.9253,-2134.0974,1128.429,8686.4795,2
2229,mvdec_dekm_consistent_v1,airpollution_mvdec_dekm_consistent_v1_2b88b20cd9b6_seed_44,2b88b20cd9b6ab9268889294ab249f6a1e5fb71b3e5ee88d2e8fde10ebe63a10,-480.4672,-1363.166,-1198.8671,6818.8384,-2711.997,1580.346,6475.3877,-2209.6692,1168.3871,8994.082,2
2230,mvdec_dekm_consistent_v1,airpollution_mvdec_dekm_consistent_v1_2b88b20cd9b6_seed_44,2b88b20cd9b6ab9268889294ab249f6a1e5fb71b3e5ee88d2e8fde10ebe63a10,-493.04083,-1398.8394,-1230.2412,6997.2812,-2782.9688,1621.7024,6644.8457,-2267.4949,1198.962,9229.45,2
2231,mvdec_dekm_consistent_v1,airpollution_mvdec_dekm_consistent_v1_2b88b20cd9b6_seed_44,2b88b20cd9b6ab9268889294ab249f6a1e5fb71b3e5ee88d2e8fde10ebe63a10,-507.44473,-1439.7058,-1266.1825,7201.698,-2864.2708,1669.0787,6838.9683,-2333.7368,1233.9872,9499.079,2
2232,mvdec_dekm_consistent_v1,airpollution_mvdec_dekm_consistent_v1_2b88b20cd9b6_seed_44,2b88b20cd9b6ab9268889294ab249f6a1e5fb71b3e5ee88d2e8fde10ebe63a10,-523.5253,-1485.3297,-1306.3077,7429.915,-2955.0388,1721.9712,7055.6914,-2407.6914,1273.0906,9800.101,2
2233,mvdec_dekm_consistent_v1,airpollution_mvdec_dekm_consistent_v1_2b88b20cd9b6_seed_44,2b88b20cd9b6ab9268889294ab249f6a1e5fb71b3e5ee88d2e8fde10ebe63a10,-541.14417,-1535.3168,-1350.2695,7679.954,-3054.486,1779.921,7293.1396,-2488.7173,1315.9324,10129.906,2
2234,mvdec_dekm_consistent_v1,airpollution_mvdec_dekm_consistent_v1_2b88b20cd9b6_seed_44,2b88b20cd9b6ab9268889294ab249f6a1e5fb71b3e5ee88d2e8fde10ebe63a10,-560.1355,-1589.1984,-1397.6573,7949.473,-3161.6824,1842.3864,7549.088,-2576.057,1362.1122,10485.404,2
2235,mvdec_dekm_consistent_v1,airpollution_mvdec_dekm_consistent_v1_2b88b20cd9b6_seed_44,2b88b20cd9b6ab9268889294ab249f6a1e5fb71b3e5ee88d2e8fde10ebe63a10,-574.08124,-1628.7642,-1432.4546,8147.385,-3240.3977,1888.2554,7737.034,-2640.191,1396.0226,10746.454,2
2236,mvdec_dekm_consistent_v1,airpollution_mvdec_dekm_consistent_v1_2b88b20cd9b6_seed_44,2b88b20cd9b6ab9268889294ab249f6a1e5fb71b3e5ee88d2e8fde10ebe63a10,-578.0218,-1639.9447,-1442.2869,8203.306,-3262.64,1901.2161,7790.1396,-2658.313,1405.604,10820.218,2
2237,mvdec_dekm_consistent_v1,airpollution_mvdec_dekm_consistent_v1_2b88b20cd9b6_seed_44,2b88b20cd9b6ab9268889294ab249f6a1e5fb71b3e5ee88d2e8fde10ebe63a10,-583.7765,-1656.2725,-1456.6465,8284.9795,-3295.1238,1920.1453,7867.7007,-2684.78,1419.5979,10927.945,2
2238,mvdec_dekm_consistent_v1,airpollution_mvdec_dekm_consistent_v1_2b88b20cd9b6_seed_44,2b88b20cd9b6ab9268889294ab249f6a1e5fb71b3e5ee88d2e8fde10ebe63a10,-591.3346,-1677.7151,-1475.5049,8392.237,-3337.784,1945.0037,7969.5576,-2719.5369,1437.9757,11069.421,2
2239,mvdec_dekm_consistent_v1,airpollution_mvdec_dekm_consistent_v1_2b88b20cd9b6_seed_44,2b88b20cd9b6ab9268889294ab249f6a1e5fb71b3e5ee88d2e8fde10ebe63a10,-600.60913,-1704.0237,-1498.6459,8523.843,-3390.1235,1975.505,8094.5303,-2762.1838,1460.5262,11243.008,2
2240,mvdec_dekm_consistent_v1,airpollution_mvdec_dekm_consistent_v1_2b88b20cd9b6_seed_44,2b88b20cd9b6ab9268889294ab249f6a1e5fb71b3e5ee88d2e8fde10ebe63a10,-309.7449,-878.8045,-772.88104,4396.014,-1748.3749,1018.8222,4174.577,-1424.543,753.25507,5798.3438,0
2241,mvdec_dekm_consistent_v1,airpollution_mvdec_dekm_consistent_v1_2b88b20cd9b6_seed_44,2b88b20cd9b6ab9268889294ab249f6a1e5fb71b3e5ee88d2e8fde10ebe63a10,-278.11218,-789.0595,-693.95154,3947.1008,-1569.8301,914.78,3748.271,-1279.0704,676.3372,5206.221,0
2242,mvdec_dekm_consistent_v1,airpollution_mvdec_dekm_consistent_v1_2b88b20cd9b6_seed_44,2b88b20cd9b6ab9268889294ab249f6a1e5fb71b3e5ee88d2e8fde10ebe63a10,-246.87933,-700.4485,-616.01965,3503.8594,-1393.541,812.0525,3327.3513,-1135.4362,600.3911,4621.58,0
2243,mvdec_dekm_consistent_v1,airpollution_mvdec_dekm_consistent_v1_2b88b20cd9b6_seed_44,2b88b20cd9b6ab9268889294ab249f6a1e5fb71b3e5ee88d2e8fde10ebe63a10,-216.24391,-613.5325,-539.57837,3069.097,-1220.6248,711.2901,2914.484,-994.54974,525.898,4048.1213,0
2244,mvdec_dekm_consistent_v1,airpollution_mvdec_dekm_consistent_v1_2b88b20cd9b6_seed_44,2b88b20cd9b6ab9268889294ab249f6a1e5fb71b3e5ee88d2e8fde10ebe63a10,-186.4974,-529.1374,-465.3551,2646.953,-1052.7253,613.45215,2513.5967,-857.75116,453.56757,3491.3052,0
2245,mvdec_dekm_consistent_v1,airpollution_mvdec_dekm_consistent_v1_2b88b20cd9b6_seed_44,2b88b20cd9b6ab9268889294ab249f6a1e5fb71b3e5ee88d2e8fde10ebe63a10,-158.14978,-448.71088,-394.62195,2244.653,-892.71985,520.2136,2131.5566,-727.3842,384.63712,2960.6665,3
2246,mvdec_dekm_consistent_v1,airpollution_mvdec_dekm_consistent_v1_2b88b20cd9b6_seed_44,2b88b20cd9b6ab9268889294ab249f6a1e5fb71b3e5ee88d2e8fde10ebe63a10,-132.01904,-374.5727,-329.4208,1873.8159,-745.22675,434.26666,1779.3912,-607.2123,321.09842,2471.5254,3
2247,mvdec_dekm_consistent_v1,airpollution_mvdec_dekm_consistent_v1_2b88b20cd9b6_seed_44,2b88b20cd9b6ab9268889294ab249f6a1e5fb71b3e5ee88d2e8fde10ebe63a10,-102.24622,-290.10226,-255.13098,1451.2826,-577.1748,336.33865,1378.1372,-470.28906,248.70064,1914.1987,3
2248,mvdec_dekm_consistent_v1,airpollution_mvdec_dekm_consistent_v1_2b88b20cd9b6_seed_44,2b88b20cd9b6ab9268889294ab249f6a1e5fb71b3e5ee88d2e8fde10ebe63a10,-71.590225,-203.12653,-178.6375,1016.22125,-404.13925,235.50716,964.98505,-329.30545,174.15628,1340.347,3
2249,mvdec_dekm_consistent_v1,airpollution_mvdec_dekm_consistent_v1_2b88b20cd9b6_seed_44,2b88b20cd9b6ab9268889294ab249f6a1e5fb71b3e5ee88d2e8fde10ebe63a10,-43.60621,-123.73309,-108.810486,619.0779,-246.1856,143.46399,587.844,-200.60966,106.107414,816.5106,3
2250,mvdec_dekm_consistent_v1,airpollution_mvdec_dekm_consistent_v1_2b88b20cd9b6_seed_44,2b88b20cd9b6ab9268889294ab249f6a1e5fb71b3e5ee88d2e8fde10ebe63a10,-23.84019,-67.65398,-59.49001,338.5664,-134.61778,78.45113,321.4574,-109.7083,58.04423,446.51074,3
2251,mvdec_dekm_consistent_v1,airpollution_mvdec_dekm_consistent_v1_2b88b20cd9b6_seed_44,2b88b20cd9b6ab9268889294ab249f6a1e5fb71b3e5ee88d2e8fde10ebe63a10,-4.000299,-11.364519,-9.98369,56.99937,-22.630754,13.193372,54.0701,-18.465311,9.799553,75.12032,3
2252,mvdec_dekm_consistent_v1,airpollution_mvdec_dekm_consistent_v1_2b88b20cd9b6_seed_44,2b88b20cd9b6ab9268889294ab249f6a1e5fb71b3e5ee88d2e8fde10ebe63a10,-13.530804,-38.40483,-33.765884,192.26273,-76.42802,44.54252,182.52003,-62.297607,32.976795,253.53339,3
2253,mvdec_dekm_consistent_v1,airpollution_mvdec_dekm_consistent_v1_2b88b20cd9b6_seed_44,2b88b20cd9b6ab9268889294ab249f6a1e5fb71b3e5ee88d2e8fde10ebe63a10,-11.468756,-32.55528,-28.621145,163.00229,-64.79072,37.76096,154.73389,-52.81581,27.963203,214.93904,3
2254,mvdec_dekm_consistent_v1,airpollution_mvdec_dekm_consistent_v1_2b88b20cd9b6_seed_44,2b88b20cd9b6ab9268889294ab249f6a1e5fb71b3e5ee88d2e8fde10ebe63a10,-0.78299797,-2.2367363,-1.9588071,11.35541,-4.4756527,2.6135006,10.722573,-3.674576,1.9809126,14.914514,3
2255,mvdec_dekm_consistent_v1,airpollution_mvdec_dekm_consistent_v1_2b88b20cd9b6_seed_44,2b88b20cd9b6ab9268889294ab249f6a1e5fb71b3e5ee88d2e8fde10ebe63a10,-23.519781,-66.74685,-58.692837,334.03378,-132.81529,77.400276,317.15335,-108.23971,57.26833,440.5324,3
2256,mvdec_dekm_consistent_v1,airpollution_mvdec_dekm_consistent_v1_2b88b20cd9b6_seed_44,2b88b20cd9b6ab9268889294ab249f6a1e5fb71b3e5ee88d2e8fde10ebe63a10,-12.985443,-36.859653,-32.407433,184.53505,-73.35615,42.75178,175.1843,-59.794235,31.652988,243.34259,3
2257,mvdec_dekm_consistent_v1,airpollution_mvdec_dekm_consistent_v1_2b88b20cd9b6_seed_44,2b88b20cd9b6ab9268889294ab249f6a1e5fb71b3e5ee88d2e8fde10ebe63a10,-18.622715,-52.855827,-46.473595,264.53784,-105.17723,61.294178,251.16241,-85.72017,45.359047,348.86972,3
2258,mvdec_dekm_consistent_v1,airpollution_mvdec_dekm_consistent_v1_2b88b20cd9b6_seed_44,2b88b20cd9b6ab9268889294ab249f6a1e5fb71b3e5ee88d2e8fde10ebe63a10,-45.054253,-127.84534,-112.42616,639.64417,-254.36731,148.23059,607.3787,-207.27516,109.63074,843.6403,3
2259,mvdec_dekm_consistent_v1,airpollution_mvdec_dekm_consistent_v1_2b88b20cd9b6_seed_44,2b88b20cd9b6ab9268889294ab249f6a1e5fb71b3e5ee88d2e8fde10ebe63a10,-67.79049,-192.3511,-169.15771,962.30676,-382.6996,223.01253,913.7934,-311.83566,164.91628,1269.2375,3
2260,mvdec_dekm_consistent_v1,airpollution_mvdec_dekm_consistent_v1_2b88b20cd9b6_seed_44,2b88b20cd9b6ab9268889294ab249f6a1e5fb71b3e5ee88d2e8fde10ebe63a10,-54.498066,-154.63925,-135.99028,773.66956,-307.6734,179.29358,734.65656,-250.70673,132.59451,1020.42236,3
2261,mvdec_dekm_consistent_v1,airpollution_mvdec_dekm_consistent_v1_2b88b20cd9b6_seed_44,2b88b20cd9b6ab9268889294ab249f6a1e5fb71b3e5ee88d2e8fde10ebe63a10,-52.29141,-148.37852,-130.48413,742.35364,-295.21777,172.03552,704.91675,-240.55846,127.2289,979.1157,3
2262,mvdec_dekm_consistent_v1,airpollution_mvdec_dekm_consistent_v1_2b88b20cd9b6_seed_44,2b88b20cd9b6ab9268889294ab249f6a1e5fb71b3e5ee88d2e8fde10ebe63a10,-36.243073,-102.84736,-90.44036,514.6036,-204.63487,119.25095,488.63525,-166.75485,88.20589,678.7095,3
2263,mvdec_dekm_consistent_v1,airpollution_mvdec_dekm_consistent_v1_2b88b20cd9b6_seed_44,2b88b20cd9b6ab9268889294ab249f6a1e5fb71b3e5ee88d2e8fde10ebe63a10,-30.63883,-86.94675,-76.45659,435.06607,-173.00078,100.8166,413.10242,-140.98056,74.578,573.79846,3
2264,mvdec_dekm_consistent_v1,airpollution_mvdec_dekm_consistent_v1_2b88b20cd9b6_seed_44,2b88b20cd9b6ab9268889294ab249f6a1e5fb71b3e5ee88d2e8fde10ebe63a10,-26.048876,-73.92422,-65.00309,369.92334,-147.0918,85.71899,351.24054,-119.8708,63.415886,487.8744,3
2265,mvdec_dekm_consistent_v1,airpollution_mvdec_dekm_consistent_v1_2b88b20cd9b6_seed_44,2b88b20cd9b6ab9268889294ab249f6a1e5fb71b3e5ee88d2e8fde10ebe63a10,-37.026627,-105.06832,-92.394684,525.7141,-209.05296,121.82541,499.1835,-170.35507,90.11012,693.3632,3
2266,mvdec_dekm_consistent_v1,airpollution_mvdec_dekm_consistent_v1_2b88b20cd9b6_seed_44,2b88b20cd9b6ab9268889294ab249f6a1e5fb71b3e5ee88d2e8fde10ebe63a10,-65.35714,-185.44553,-163.08453,927.76733,-368.95996,215.00687,880.9892,-300.642,158.99855,1223.6768,3
2267,mvdec_dekm_consistent_v1,airpollution_mvdec_dekm_consistent_v1_2b88b20cd9b6_seed_44,2b88b20cd9b6ab9268889294ab249f6a1e5fb71b3e5ee88d2e8fde10ebe63a10,-65.16621,-184.90309,-162.60855,925.06177,-367.88257,214.37923,878.4168,-299.76465,158.53618,1220.106,3
2268,mvdec_dekm_consistent_v1,airpollution_mvdec_dekm_consistent_v1_2b88b20cd9b6_seed_44,2b88b20cd9b6ab9268889294ab249f6a1e5fb71b3e5ee88d2e8fde10ebe63a10,-49.763332,-141.2036,-124.175415,706.4708,-280.94376,163.71793,670.83545,-228.92958,121.082054,931.7824,3
2269,mvdec_dekm_consistent_v1,airpollution_mvdec_dekm_consistent_v1_2b88b20cd9b6_seed_44,2b88b20cd9b6ab9268889294ab249f6a1e5fb71b3e5ee88d2e8fde10ebe63a10,-25.261002,-71.688385,-63.03737,358.74985,-142.64578,83.129005,340.62634,-116.24888,61.5025,473.1335,3
2270,mvdec_dekm_consistent_v1,airpollution_mvdec_dekm_consistent_v1_2b88b20cd9b6_seed_44,2b88b20cd9b6ab9268889294ab249f6a1e5fb71b3e5ee88d2e8fde10ebe63a10,-4.6612883,-13.2433,-11.636091,66.403404,-26.372038,15.37323,63.00291,-21.513031,11.411485,87.525604,3
2271,mvdec_dekm_consistent_v1,airpollution_mvdec_dekm_consistent_v1_2b88b20cd9b6_seed_44,2b88b20cd9b6ab9268889294ab249f6a1e5fb71b3e5ee88d2e8fde10ebe63a10,-37.58696,-106.65987,-93.7932,533.6755,-212.21967,123.67088,506.74542,-172.93475,91.47388,703.8645,3
2272,mvdec_dekm_consistent_v1,airpollution_mvdec_dekm_consistent_v1_2b88b20cd9b6_seed_44,2b88b20cd9b6ab9268889294ab249f6a1e5fb71b3e5ee88d2e8fde10ebe63a10,-70.75218,-200.75333,-176.54651,1004.333,-399.4144,232.75275,953.70294,-325.45425,172.11679,1324.6704,3
2273,mvdec_dekm_consistent_v1,airpollution_mvdec_dekm_consistent_v1_2b88b20cd9b6_seed_44,2b88b20cd9b6ab9268889294ab249f6a1e5fb71b3e5ee88d2e8fde10ebe63a10,-103.94232,-294.9179,-259.36218,1475.3503,-586.75104,341.9179,1401.001,-478.0896,252.82143,1945.9496,3
2274,mvdec_dekm_consistent_v1,airpollution_mvdec_dekm_consistent_v1_2b88b20cd9b6_seed_44,2b88b20cd9b6ab9268889294ab249f6a1e5fb71b3e5ee88d2e8fde10ebe63a10,-131.91963,-374.29242,-329.17145,1872.3947,-744.665,433.93814,1778.048,-606.7531,320.85266,2469.6553,3
2275,mvdec_dekm_consistent_v1,airpollution_mvdec_dekm_consistent_v1_2b88b20cd9b6_seed_44,2b88b20cd9b6ab9268889294ab249f6a1e5fb71b3e5ee88d2e8fde10ebe63a10,-101.35765,-287.5831,-252.91309,1438.6718,-572.16034,333.41623,1366.1643,-466.2028,246.53842,1897.5667,3
2276,mvdec_dekm_consistent_v1,airpollution_mvdec_dekm_consistent_v1_2b88b20cd9b6_seed_44,2b88b20cd9b6ab9268889294ab249f6a1e5fb71b3e5ee88d2e8fde10ebe63a10,-73.01098,-207.15884,-182.18231,1036.3876,-412.15964,240.18065,984.1359,-335.8402,177.61098,1366.9463,3
2277,mvdec_dekm_consistent_v1,airpollution_mvdec_dekm_consistent_v1_2b88b20cd9b6_seed_44,2b88b20cd9b6ab9268889294ab249f6a1e5fb71b3e5ee88d2e8fde10ebe63a10,-50.22922,-142.52983,-125.33907,713.10516,-283.5829,165.2549,677.13416,-231.07785,122.21802,940.5315,3
2278,mvdec_dekm_consistent_v1,airpollution_mvdec_dekm_consistent_v1_2b88b20cd9b6_seed_44,2b88b20cd9b6ab9268889294ab249f6a1e5fb71b3e5ee88d2e8fde10ebe63a10,-39.43416,-111.898384,-98.401665,559.8884,-222.64244,129.74467,531.6306,-181.42741,95.966644,738.43506,3
2279,mvdec_dekm_consistent_v1,airpollution_mvdec_dekm_consistent_v1_2b88b20cd9b6_seed_44,2b88b20cd9b6ab9268889294ab249f6a1e5fb71b3e5ee88d2e8fde10ebe63a10,-26.804962,-76.06936,-66.88962,380.66794,-151.36234,88.2078,361.43536,-123.349594,65.25823,502.04037,3
2280,mvdec_dekm_consistent_v1,airpollution_mvdec_dekm_consistent_v1_2b88b20cd9b6_seed_44,2b88b20cd9b6ab9268889294ab249f6a1e5fb71b3e5ee88d2e8fde10ebe63a10,-8.94733,-25.397278,-22.326979,127.20042,-50.54966,29.463394,120.73132,-41.21333,21.829348,167.71382,3
2281,mvdec_dekm_consistent_v1,airpollution_mvdec_dekm_consistent_v1_2b88b20cd9b6_seed_44,2b88b20cd9b6ab9268889294ab249f6a1e5fb71b3e5ee88d2e8fde10ebe63a10,-23.054474,-65.42265,-57.527454,327.4052,-130.1774,75.86423,310.8559,-106.0908,56.131863,431.7873,3
2282,mvdec_dekm_consistent_v1,airpollution_mvdec_dekm_consistent_v1_2b88b20cd9b6_seed_44,2b88b20cd9b6ab9268889294ab249f6a1e5fb71b3e5ee88d2e8fde10ebe63a10,-51.777843,-146.91573,-129.19824,735.03735,-292.30463,170.33899,697.9619,-238.18611,125.97574,969.461,3
2283,mvdec_dekm_consistent_v1,airpollution_mvdec_dekm_consistent_v1_2b88b20cd9b6_seed_44,2b88b20cd9b6ab9268889294ab249f6a1e5fb71b3e5ee88d2e8fde10ebe63a10,-67.805824,-192.39055,-169.19159,962.50287,-382.77457,223.0575,913.9742,-311.89764,164.94963,1269.4921,3
2284,mvdec_dekm_consistent_v1,airpollution_mvdec_dekm_consistent_v1_2b88b20cd9b6_seed_44,2b88b20cd9b6ab9268889294ab249f6a1e5fb71b3e5ee88d2e8fde10ebe63a10,-92.14122,-261.43405,-229.91388,1307.8655,-520.1347,303.10004,1241.945,-423.81393,224.12485,1725.0305,3
2285,mvdec_dekm_consistent_v1,airpollution_mvdec_dekm_consistent_v1_2b88b20cd9b6_seed_44,2b88b20cd9b6ab9268889294ab249f6a1e5fb71b3e5ee88d2e8fde10ebe63a10,-118.554504,-336.37277,-295.82098,1682.7168,-669.22314,389.9769,1597.9188,-545.2862,288.35272,2219.4646,3
2286,mvdec_dekm_consistent_v1,airpollution_mvdec_dekm_consistent_v1_2b88b20cd9b6_seed_44,2b88b20cd9b6ab9268889294ab249f6a1e5fb71b3e5ee88d2e8fde10ebe63a10,-146.61716,-415.9909,-365.84354,2080.975,-827.62103,482.27878,1976.1211,-674.34357,356.59125,2744.773,3
2287,mvdec_dekm_consistent_v1,airpollution_mvdec_dekm_consistent_v1_2b88b20cd9b6_seed_44,2b88b20cd9b6ab9268889294ab249f6a1e5fb71b3e5ee88d2e8fde10ebe63a10,-176.48485,-500.72992,-440.36993,2504.849,-996.207,580.51715,2378.649,-811.7016,429.21875,3303.8682,3
2288,mvdec_dekm_consistent_v1,airpollution_mvdec_dekm_consistent_v1_2b88b20cd9b6_seed_44,2b88b20cd9b6ab9268889294ab249f6a1e5fb71b3e5ee88d2e8fde10ebe63a10,-207.36751,-588.3489,-517.4289,2943.1274,-1170.5221,682.09436,2794.8557,-953.7277,504.31445,3881.964,0
2289,mvdec_dekm_consistent_v1,airpollution_mvdec_dekm_consistent_v1_2b88b20cd9b6_seed_44,2b88b20cd9b6ab9268889294ab249f6a1e5fb71b3e5ee88d2e8fde10ebe63a10,-238.8627,-677.70483,-596.0156,3390.094,-1348.2935,785.68536,3219.3145,-1098.5693,580.8983,4471.5195,0
2290,mvdec_dekm_consistent_v1,airpollution_mvdec_dekm_consistent_v1_2b88b20cd9b6_seed_44,2b88b20cd9b6ab9268889294ab249f6a1e5fb71b3e5ee88d2e8fde10ebe63a10,-270.77408,-768.24243,-675.64124,3842.9695,-1528.4149,890.64594,3649.3845,-1245.3258,658.4949,5068.8696,0
2291,mvdec_dekm_consistent_v1,airpollution_mvdec_dekm_consistent_v1_2b88b20cd9b6_seed_44,2b88b20cd9b6ab9268889294ab249f6a1e5fb71b3e5ee88d2e8fde10ebe63a10,-302.97034,-859.5877,-755.9775,4299.8857,-1710.1437,996.5433,4083.293,-1393.3922,736.78375,5671.5503,0
2292,mvdec_dekm_consistent_v1,airpollution_mvdec_dekm_consistent_v1_2b88b20cd9b6_seed_44,2b88b20cd9b6ab9268889294ab249f6a1e5fb71b3e5ee88d2e8fde10ebe63a10,-335.3691,-951.50757,-836.8192,4759.678,-1893.0157,1103.1064,4519.931,-1542.3899,815.5655,6278.0234,0
2293,mvdec_dekm_consistent_v1,airpollution_mvdec_dekm_consistent_v1_2b88b20cd9b6_seed_44,2b88b20cd9b6ab9268889294ab249f6a1e5fb71b3e5ee88d2e8fde10ebe63a10,-352.8643,-1001.1445,-880.4733,5007.9653,-1991.7668,1160.6505,4755.715,-1622.8488,858.10736,6605.5176,0
2294,mvdec_dekm_consistent_v1,airpollution_mvdec_dekm_consistent_v1_2b88b20cd9b6_seed_44,2b88b20cd9b6ab9268889294ab249f6a1e5fb71b3e5ee88d2e8fde10ebe63a10,-365.62592,-1037.3463,-912.3153,5189.0547,-2063.789,1202.6208,4927.682,-1681.5314,889.13617,6844.3774,0
2295,mvdec_dekm_consistent_v1,airpollution_mvdec_dekm_consistent_v1_2b88b20cd9b6_seed_44,2b88b20cd9b6ab9268889294ab249f6a1e5fb71b3e5ee88d2e8fde10ebe63a10,-380.81738,-1080.4467,-950.2212,5404.6484,-2149.5361,1252.5875,5132.417,-1751.3951,926.07654,7128.7466,0
2296,mvdec_dekm_consistent_v1,airpollution_mvdec_dekm_consistent_v1_2b88b20cd9b6_seed_44,2b88b20cd9b6ab9268889294ab249f6a1e5fb71b3e5ee88d2e8fde10ebe63a10,-398.17914,-1129.705,-993.5431,5651.0435,-2247.5342,1309.6929,5366.405,-1831.2407,968.29486,7453.746,0
2297,mvdec_dekm_consistent_v1,airpollution_mvdec_dekm_consistent_v1_2b88b20cd9b6_seed_44,2b88b20cd9b6ab9268889294ab249f6a1e5fb71b3e5ee88d2e8fde10ebe63a10,-417.42477,-1184.3081,-1041.565,5924.1743,-2356.1648,1372.9944,5625.7803,-1919.7499,1015.0933,7814.008,0
2298,mvdec_dekm_consistent_v1,airpollution_mvdec_dekm_consistent_v1_2b88b20cd9b6_seed_44,2b88b20cd9b6ab9268889294ab249f6a1e5fb71b3e5ee88d2e8fde10ebe63a10,-438.14716,-1243.1001,-1093.2715,6218.256,-2473.13,1441.1523,5905.0527,-2015.0483,1065.4818,8201.905,0
2299,mvdec_dekm_consistent_v1,airpollution_mvdec_dekm_consistent_v1_2b88b20cd9b6_seed_44,2b88b20cd9b6ab9268889294ab249f6a1e5fb71b3e5ee88d2e8fde10ebe63a10,-449.48373,-1275.263,-1121.5581,6379.1377,-2537.1177,1478.4391,6057.8325,-2067.1829,1093.0476,8414.111,2
2300,mvdec_dekm_consistent_v1,airpollution_mvdec_dekm_consistent_v1_2b88b20cd9b6_seed_44,2b88b20cd9b6ab9268889294ab249f6a1e5fb71b3e5ee88d2e8fde10ebe63a10,-462.8694,-1313.2401,-1154.9581,6569.101,-2612.6711,1522.4662,6238.2314,-2128.7415,1125.5963,8664.677,2
2301,mvdec_dekm_consistent_v1,airpollution_mvdec_dekm_consistent_v1_2b88b20cd9b6_seed_44,2b88b20cd9b6ab9268889294ab249f6a1e5fb71b3e5ee88d2e8fde10ebe63a10,-478.1746,-1356.6621,-1193.1471,6786.303,-2699.0586,1572.8057,6444.495,-2199.1267,1162.812,8951.169,2
2302,mvdec_dekm_consistent_v1,airpollution_mvdec_dekm_consistent_v1_2b88b20cd9b6_seed_44,2b88b20cd9b6ab9268889294ab249f6a1e5fb71b3e5ee88d2e8fde10ebe63a10,-495.175,-1404.8942,-1235.5664,7027.5645,-2795.0144,1628.7217,6673.6064,-2277.3083,1204.1503,9269.3955,2
2303,mvdec_dekm_consistent_v1,airpollution_mvdec_dekm_consistent_v1_2b88b20cd9b6_seed_44,2b88b20cd9b6ab9268889294ab249f6a1e5fb71b3e5ee88d2e8fde10ebe63a10,-513.73285,-1457.5447,-1281.8715,7290.9287,-2899.761,1689.7596,6923.706,-2362.6523,1249.2755,9616.776,2
2304,mvdec_dekm_consistent_v1,airpollution_mvdec_dekm_consistent_v1_2b88b20cd9b6_seed_44,2b88b20cd9b6ab9268889294ab249f6a1e5fb71b3e5ee88d2e8fde10ebe63a10,-533.68933,-1514.164,-1331.6674,7574.144,-3012.403,1755.3989,7192.6587,-2454.4302,1297.8031,9990.343,2
2305,mvdec_dekm_consistent_v1,airpollution_mvdec_dekm_consistent_v1_2b88b20cd9b6_seed_44,2b88b20cd9b6ab9268889294ab249f6a1e5fb71b3e5ee88d2e8fde10ebe63a10,-540.9864,-1534.8657,-1349.8739,7677.6987,-3053.5886,1779.3987,7290.995,-2487.986,1315.5459,10126.93,2
2306,mvdec_dekm_consistent_v1,airpollution_mvdec_dekm_consistent_v1_2b88b20cd9b6_seed_44,2b88b20cd9b6ab9268889294ab249f6a1e5fb71b3e5ee88d2e8fde10ebe63a10,-545.15436,-1546.6926,-1360.2753,7736.8574,-3077.1182,1793.1097,7347.177,-2507.1575,1325.6823,10204.962,2
2307,mvdec_dekm_consistent_v1,airpollution_mvdec_dekm_consistent_v1_2b88b20cd9b6_seed_44,2b88b20cd9b6ab9268889294ab249f6a1e5fb71b3e5ee88d2e8fde10ebe63a10,-551.2533,-1563.996,-1375.4933,7823.409,-3111.543,1813.1697,7429.372,-2535.205,1340.5122,10319.126,2
2308,mvdec_dekm_consistent_v1,airpollution_mvdec_dekm_consistent_v1_2b88b20cd9b6_seed_44,2b88b20cd9b6ab9268889294ab249f6a1e5fb71b3e5ee88d2e8fde10ebe63a10,-559.2456,-1586.672,-1395.4364,7936.8345,-3156.6565,1839.4578,7537.0874,-2571.962,1359.9467,10468.738,2
2309,mvdec_dekm_consistent_v1,airpollution_mvdec_dekm_consistent_v1_2b88b20cd9b6_seed_44,2b88b20cd9b6ab9268889294ab249f6a1e5fb71b3e5ee88d2e8fde10ebe63a10,-569.0442,-1614.4723,-1419.8857,8075.8936,-3211.964,1871.6869,7669.1426,-2617.0247,1383.773,10652.156,2
2310,mvdec_dekm_consistent_v1,airpollution_mvdec_dekm_consistent_v1_2b88b20cd9b6_seed_44,2b88b20cd9b6ab9268889294ab249f6a1e5fb71b3e5ee88d2e8fde10ebe63a10,-301.7475,-856.1174,-752.9264,4282.525,-1703.2395,992.5199,4066.8076,-1387.7668,733.80884,5648.652,0
2311,mvdec_dekm_consistent_v1,airpollution_mvdec_dekm_consistent_v1_2b88b20cd9b6_seed_44,2b88b20cd9b6ab9268889294ab249f6a1e5fb71b3e5ee88d2e8fde10ebe63a10,-269.18475,-763.7333,-671.67615,3820.4104,-1519.4445,885.4185,3627.9653,-1238.0167,654.629,5039.1167,0
2312,mvdec_dekm_consistent_v1,airpollution_mvdec_dekm_consistent_v1_2b88b20cd9b6_seed_44,2b88b20cd9b6ab9268889294ab249f6a1e5fb71b3e5ee88d2e8fde10ebe63a10,-236.80911,-671.8803,-590.89276,3360.9517,-1336.7056,778.93243,3191.6455,-1089.1272,575.9042,4433.085,0
2313,mvdec_dekm_consistent_v1,airpollution_mvdec_dekm_consistent_v1_2b88b20cd9b6_seed_44,2b88b20cd9b6ab9268889294ab249f6a1e5fb71b3e5ee88d2e8fde10ebe63a10,-204.70964,-580.81036,-510.79822,2905.409,-1155.525,673.35425,2759.0454,-941.5069,497.85022,3832.2188,0
2314,mvdec_dekm_consistent_v1,airpollution_mvdec_dekm_consistent_v1_2b88b20cd9b6_seed_44,2b88b20cd9b6ab9268889294ab249f6a1e5fb71b3e5ee88d2e8fde10ebe63a10,-173.02524,-490.91766,-431.73965,2455.7585,-976.6871,569.1415,2332.0393,-795.7959,420.8064,3239.1233,3
2315,mvdec_dekm_consistent_v1,airpollution_mvdec_dekm_consistent_v1_2b88b20cd9b6_seed_44,2b88b20cd9b6ab9268889294ab249f6a1e5fb71b3e5ee88d2e8fde10ebe63a10,-142.00752,-402.91467,-354.345,2015.5695,-801.61053,467.12094,1914.0142,-653.1502,345.38486,2658.5059,3
2316,mvdec_dekm_consistent_v1,airpollution_mvdec_dekm_consistent_v1_2b88b20cd9b6_seed_44,2b88b20cd9b6ab9268889294ab249f6a1e5fb71b3e5ee88d2e8fde10ebe63a10,-112.27093,-318.5479,-280.14658,1593.5625,-633.7663,369.31458,1513.2578,-516.3967,273.078,2101.872,3
2317,mvdec_dekm_consistent_v1,airpollution_mvdec_dekm_consistent_v1_2b88b20cd9b6_seed_44,2b88b20cd9b6ab9268889294ab249f6a1e5fb71b3e5ee88d2e8fde10ebe63a10,-85.09961,-241.45868,-212.34818,1207.9547,-480.39938,279.94452,1147.0685,-391.4386,207.00716,1593.2495,3
2318,mvdec_dekm_consistent_v1,airpollution_mvdec_dekm_consistent_v1_2b88b20cd9b6_seed_44,2b88b20cd9b6ab9268889294ab249f6a1e5fb71b3e5ee88d2e8fde10ebe63a10,-60.037598,-170.35393,-149.8125,852.27924,-338.9377,197.51184,809.3047,-276.18042,146.06458,1124.1084,3
2319,mvdec_dekm_consistent_v1,airpollution_mvdec_dekm_consistent_v1_2b88b20cd9b6_seed_44,2b88b20cd9b6ab9268889294ab249f6a1e5fb71b3e5ee88d2e8fde10ebe63a10,-29.721275,-84.34275,-74.16621,422.0376,-167.81912,97.797356,400.73047,-136.75871,72.34525,556.614,3
2320,mvdec_dekm_consistent_v1,airpollution_mvdec_dekm_consistent_v1_2b88b20cd9b6_seed_44,2b88b20cd9b6ab9268889294ab249f6a1e5fb71b3e5ee88d2e8fde10ebe63a10,-2.6316087,-7.4827833,-6.571405,37.588535,-14.911062,8.694593,35.63752,-12.175703,6.474599,49.517998,3
2321,mvdec_dekm_consistent_v1,airpollution_mvdec_dekm_consistent_v1_2b88b20cd9b6_seed_44,2b88b20cd9b6ab9268889294ab249f6a1e5fb71b3e5ee88d2e8fde10ebe63a10,-17.485432,-49.627087,-43.63451,248.3904,-98.75353,57.551495,235.82529,-80.48689,42.592747,327.56915,3
2322,mvdec_dekm_consistent_v1,airpollution_mvdec_dekm_consistent_v1_2b88b20cd9b6_seed_44,2b88b20cd9b6ab9268889294ab249f6a1e5fb71b3e5ee88d2e8fde10ebe63a10,-36.159676,-102.608894,-90.231995,513.41626,-204.16092,118.97475,487.50336,-166.36949,88.00366,677.141,3
2323,mvdec_dekm_consistent_v1,airpollution_mvdec_dekm_consistent_v1_2b88b20cd9b6_seed_44,2b88b20cd9b6ab9268889294ab249f6a1e5fb71b3e5ee88d2e8fde10ebe63a10,-39.684265,-112.609886,-99.02673,563.4374,-224.05681,130.56813,535.0079,-182.57947,96.573654,743.12103,3
2324,mvdec_dekm_consistent_v1,airpollution_mvdec_dekm_consistent_v1_2b88b20cd9b6_seed_44,2b88b20cd9b6ab9268889294ab249f6a1e5fb71b3e5ee88d2e8fde10ebe63a10,-20.119307,-57.102028,-50.20831,285.78046,-113.62578,66.217316,271.33466,-92.60377,48.99921,376.88843,3
2325,mvdec_dekm_consistent_v1,airpollution_mvdec_dekm_consistent_v1_2b88b20cd9b6_seed_44,2b88b20cd9b6ab9268889294ab249f6a1e5fb71b3e5ee88d2e8fde10ebe63a10,-4.197737,-11.9289055,-10.480174,59.8242,-23.756886,13.848425,56.757133,-19.381845,10.283992,78.8495,3
2326,mvdec_dekm_consistent_v1,airpollution_mvdec_dekm_consistent_v1_2b88b20cd9b6_seed_44,2b88b20cd9b6ab9268889294ab249f6a1e5fb71b3e5ee88d2e8fde10ebe63a10,-12.561807,-35.65911,-31.35033,178.52289,-70.966866,41.359016,169.4786,-57.846645,30.621895,235.41484,3
2327,mvdec_dekm_consistent_v1,airpollution_mvdec_dekm_consistent_v1_2b88b20cd9b6_seed_44,2b88b20cd9b6ab9268889294ab249f6a1e5fb71b3e5ee88d2e8fde10ebe63a10,-1.7959225,-5.113478,-4.486774,25.732924,-10.197316,5.9472747,24.38213,-8.334524,4.4426146,33.882282,3
2328,mvdec_dekm_consistent_v1,airpollution_mvdec_dekm_consistent_v1_2b88b20cd9b6_seed_44,2b88b20cd9b6ab9268889294ab249f6a1e5fb71b3e5ee88d2e8fde10ebe63a10,-27.965918,-79.36274,-69.78611,397.127,-157.91154,92.02392,377.0743,-128.68622,68.076996,523.7565,3
2329,mvdec_dekm_consistent_v1,airpollution_mvdec_dekm_consistent_v1_2b88b20cd9b6_seed_44,2b88b20cd9b6ab9268889294ab249f6a1e5fb71b3e5ee88d2e8fde10ebe63a10,-60.57987,-171.89217,-151.1643,859.97064,-341.99597,199.29419,816.60767,-278.67236,147.38191,1134.2524,3
2330,mvdec_dekm_consistent_v1,airpollution_mvdec_dekm_consistent_v1_2b88b20cd9b6_seed_44,2b88b20cd9b6ab9268889294ab249f6a1e5fb71b3e5ee88d2e8fde10ebe63a10,-86.281395,-244.8106,-215.29436,1224.7147,-487.06406,283.8286,1162.9828,-396.8691,209.87779,1615.3546,3
2331,mvdec_dekm_consistent_v1,airpollution_mvdec_dekm_consistent_v1_2b88b20cd9b6_seed_44,2b88b20cd9b6ab9268889294ab249f6a1e5fb71b3e5ee88d2e8fde10ebe63a10,-74.430374,-211.18655,-185.72359,1056.53,-420.17096,244.84894,1003.26483,-342.3675,181.06152,1393.5148,3
2332,mvdec_dekm_consistent_v1,airpollution_mvdec_dekm_consistent_v1_2b88b20cd9b6_seed_44,2b88b20cd9b6ab9268889294ab249f6a1e5fb71b3e5ee88d2e8fde10ebe63a10,-50.829094,-144.2245,-126.833305,721.5866,-286.95355,167.22073,685.1857,-233.82703,123.672676,951.7176,3
2333,mvdec_dekm_consistent_v1,airpollution_mvdec_dekm_consistent_v1_2b88b20cd9b6_seed_44,2b88b20cd9b6ab9268889294ab249f6a1e5fb71b3e5ee88d2e8fde10ebe63a10,-41.420937,-117.53102,-103.35722,588.06323,-233.84746,136.27498,558.3858,-190.5581,100.79455,775.59814,3
2334,mvdec_dekm_consistent_v1,airpollution_mvdec_dekm_consistent_v1_2b88b20cd9b6_seed_44,2b88b20cd9b6ab9268889294ab249f6a1e5fb71b3e5ee88d2e8fde10ebe63a10,-47.127956,-133.7216,-117.59671,669.05,-266.058,155.04497,635.2939,-216.80215,114.670975,882.42065,3
2335,mvdec_dekm_consistent_v1,airpollution_mvdec_dekm_consistent_v1_2b88b20cd9b6_seed_44,2b88b20cd9b6ab9268889294ab249f6a1e5fb71b3e5ee88d2e8fde10ebe63a10,-48.594784,-137.88335,-121.25647,689.86584,-274.33755,159.86955,655.0624,-223.5477,118.237404,909.8775,3
2336,mvdec_dekm_consistent_v1,airpollution_mvdec_dekm_consistent_v1_2b88b20cd9b6_seed_44,2b88b20cd9b6ab9268889294ab249f6a1e5fb71b3e5ee88d2e8fde10ebe63a10,-41.154255,-116.7749,-102.690475,584.27783,-232.34238,135.39838,554.79285,-189.33115,100.145096,770.60547,3
2337,mvdec_dekm_consistent_v1,airpollution_mvdec_dekm_consistent_v1_2b88b20cd9b6_seed_44,2b88b20cd9b6ab9268889294ab249f6a1e5fb71b3e5ee88d2e8fde10ebe63a10,-44.61661,-126.59905,-111.33037,633.4192,-251.88737,146.78745,601.4599,-205.25568,108.56507,835.4238,3
2338,mvdec_dekm_consistent_v1,airpollution_mvdec_dekm_consistent_v1_2b88b20cd9b6_seed_44,2b88b20cd9b6ab9268889294ab249f6a1e5fb71b3e5ee88d2e8fde10ebe63a10,-18.64169,-52.905888,-46.517704,264.79605,-105.27647,61.3537,251.40161,-85.80189,45.404003,349.20538,3
2339,mvdec_dekm_consistent_v1,airpollution_mvdec_dekm_consistent_v1_2b88b20cd9b6_seed_44,2b88b20cd9b6ab9268889294ab249f6a1e5fb71b3e5ee88d2e8fde10ebe63a10,-18.348701,-52.075916,-45.78666,260.6353,-103.6232,60.389385,247.45297,-84.45436,44.690163,343.7194,3
2340,mvdec_dekm_consistent_v1,airpollution_mvdec_dekm_consistent_v1_2b88b20cd9b6_seed_44,2b88b20cd9b6ab9268889294ab249f6a1e5fb71b3e5ee88d2e8fde10ebe63a10,-14.216293,-40.35121,-35.4762,201.99518,-80.29933,46.798103,191.7635,-65.45137,34.643852,266.37085,3
2341,mvdec_dekm_consistent_v1,airpollution_mvdec_dekm_consistent_v1_2b88b20cd9b6_seed_44,2b88b20cd9b6ab9268889294ab249f6a1e5fb71b3e5ee88d2e8fde10ebe63a10,-42.44303,-120.43578,-105.90833,602.5826,-239.62396,139.63998,572.17847,-195.26353,103.28074,794.75134,3
2342,mvdec_dekm_consistent_v1,airpollution_mvdec_dekm_consistent_v1_2b88b20cd9b6_seed_44,2b88b20cd9b6ab9268889294ab249f6a1e5fb71b3e5ee88d2e8fde10ebe63a10,-71.45798,-202.75471,-178.30698,1014.35443,-403.39597,235.0736,963.21216,-328.69977,173.83525,1337.8832,3
2343,mvdec_dekm_consistent_v1,airpollution_mvdec_dekm_consistent_v1_2b88b20cd9b6_seed_44,2b88b20cd9b6ab9268889294ab249f6a1e5fb71b3e5ee88d2e8fde10ebe63a10,-98.65125,-279.90564,-246.16005,1400.2767,-556.88654,324.5166,1329.6984,-453.759,239.96048,1846.9188,3
2344,mvdec_dekm_consistent_v1,airpollution_mvdec_dekm_consistent_v1_2b88b20cd9b6_seed_44,2b88b20cd9b6ab9268889294ab249f6a1e5fb71b3e5ee88d2e8fde10ebe63a10,-124.93526,-354.4772,-311.74402,1773.2899,-705.2447,410.9678,1683.9279,-574.6359,303.87302,2338.9287,3
2345,mvdec_dekm_consistent_v1,airpollution_mvdec_dekm_consistent_v1_2b88b20cd9b6_seed_44,2b88b20cd9b6ab9268889294ab249f6a1e5fb71b3e5ee88d2e8fde10ebe63a10,-119.75999,-339.7955,-298.83078,1699.8455,-676.03485,393.94635,1614.1844,-550.8361,291.28824,2242.056,3
2346,mvdec_dekm_consistent_v1,airpollution_mvdec_dekm_consistent_v1_2b88b20cd9b6_seed_44,2b88b20cd9b6ab9268889294ab249f6a1e5fb71b3e5ee88d2e8fde10ebe63a10,-96.66765,-274.27963,-241.2107,1372.1241,-545.6926,317.9923,1302.9685,-444.63724,235.13565,1809.7887,3
2347,mvdec_dekm_consistent_v1,airpollution_mvdec_dekm_consistent_v1_2b88b20cd9b6_seed_44,2b88b20cd9b6ab9268889294ab249f6a1e5fb71b3e5ee88d2e8fde10ebe63a10,-79.34147,-225.12589,-197.97981,1126.2548,-447.90457,261.0084,1069.481,-364.96158,193.00787,1485.483,3
2348,mvdec_dekm_consistent_v1,airpollution_mvdec_dekm_consistent_v1_2b88b20cd9b6_seed_44,2b88b20cd9b6ab9268889294ab249f6a1e5fb71b3e5ee88d2e8fde10ebe63a10,-55.89311,-158.59935,-139.47147,793.48596,-315.55286,183.88428,753.4689,-257.12613,135.99107,1046.5555,3
2349,mvdec_dekm_consistent_v1,airpollution_mvdec_dekm_consistent_v1_2b88b20cd9b6_seed_44,2b88b20cd9b6ab9268889294ab249f6a1e5fb71b3e5ee88d2e8fde10ebe63a10,-27.292976,-77.45388,-68.1076,387.58676,-154.11543,89.81198,368.00992,-125.59323,66.4431,511.1696,3
2350,mvdec_dekm_consistent_v1,airpollution_mvdec_dekm_consistent_v1_2b88b20cd9b6_seed_44,2b88b20cd9b6ab9268889294ab249f6a1e5fb71b3e5ee88d2e8fde10ebe63a10,-3.051497,-8.672684,-7.6190677,43.547695,-17.279232,10.07503,41.292774,-14.106081,7.4966226,57.375763,3
2351,mvdec_dekm_consistent_v1,airpollution_mvdec_dekm_consistent_v1_2b88b20cd9b6_seed_44,2b88b20cd9b6ab9268889294ab249f6a1e5fb71b3e5ee88d2e8fde10ebe63a10,-11.14472,-31.636463,-27.81284,158.40413,-62.961998,36.695263,150.36784,-51.325947,27.174965,208.87448,3
2352,mvdec_dekm_consistent_v1,airpollution_mvdec_dekm_consistent_v1_2b88b20cd9b6_seed_44,2b88b20cd9b6ab9268889294ab249f6a1e5fb71b3e5ee88d2e8fde10ebe63a10,-21.306055,-60.465908,-53.167885,302.61142,-120.3169,70.11742,287.3126,-98.056854,51.883587,399.0853,3
2353,mvdec_dekm_consistent_v1,airpollution_mvdec_dekm_consistent_v1_2b88b20cd9b6_seed_44,2b88b20cd9b6ab9268889294ab249f6a1e5fb71b3e5ee88d2e8fde10ebe63a10,-46.095955,-130.79855,-115.02298,654.4148,-260.23965,151.65338,621.40173,-212.06071,112.161194,863.12024,3
2354,mvdec_dekm_consistent_v1,airpollution_mvdec_dekm_consistent_v1_2b88b20cd9b6_seed_44,2b88b20cd9b6ab9268889294ab249f6a1e5fb71b3e5ee88d2e8fde10ebe63a10,-72.41027,-205.45555,-180.68233,1027.8556,-408.76733,238.20372,976.03656,-333.07584,176.14728,1355.6942,3
2355,mvdec_dekm_consistent_v1,airpollution_mvdec_dekm_consistent_v1_2b88b20cd9b6_seed_44,2b88b20cd9b6ab9268889294ab249f6a1e5fb71b3e5ee88d2e8fde10ebe63a10,-102.35044,-290.39932,-255.38881,1452.7526,-577.76044,336.67975,1379.5361,-470.76566,248.95004,1916.1394,3
2356,mvdec_dekm_consistent_v1,airpollution_mvdec_dekm_consistent_v1_2b88b20cd9b6_seed_44,2b88b20cd9b6ab9268889294ab249f6a1e5fb71b3e5ee88d2e8fde10ebe63a10,-133.80067,-379.62735,-333.86328,1899.0802,-755.2768,440.12247,1803.3867,-615.4001,325.42484,2504.8516,3
2357,mvdec_dekm_consistent_v1,airpollution_mvdec_dekm_consistent_v1_2b88b20cd9b6_seed_44,2b88b20cd9b6ab9268889294ab249f6a1e5fb71b3e5ee88d2e8fde10ebe63a10,-165.9442,-470.82227,-414.0675,2355.2468,-936.70624,545.84534,2236.5806,-763.22266,403.58542,3106.541,3
2358,mvdec_dekm_consistent_v1,airpollution_mvdec_dekm_consistent_v1_2b88b20cd9b6_seed_44,2b88b20cd9b6ab9268889294ab249f6a1e5fb71b3e5ee88d2e8fde10ebe63a10,-198.44681,-563.0361,-495.16794,2816.5107,-1120.1628,652.7497,2674.6143,-912.6969,482.6195,3714.9539,0
2359,mvdec_dekm_consistent_v1,airpollution_mvdec_dekm_consistent_v1_2b88b20cd9b6_seed_44,2b88b20cd9b6ab9268889294ab249f6a1e5fb71b3e5ee88d2e8fde10ebe63a10,-231.15762,-655.84094,-576.7879,3280.731,-1304.7953,760.33905,3115.456,-1063.1293,562.1603,4327.2666,0
2360,mvdec_dekm_consistent_v1,airpollution_mvdec_dekm_consistent_v1_2b88b20cd9b6_seed_44,2b88b20cd9b6ab9268889294ab249f6a1e5fb71b3e5ee88d2e8fde10ebe63a10,-264.00156,-749.024,-658.7405,3746.8406,-1490.1805,868.3667,3558.094,-1214.1746,642.0244,4942.073,0
2361,mvdec_dekm_consistent_v1,airpollution_mvdec_dekm_consistent_v1_2b88b20cd9b6_seed_44,2b88b20cd9b6ab9268889294ab249f6a1e5fb71b3e5ee88d2e8fde10ebe63a10,-296.93295,-842.4554,-740.91156,4214.1914,-1676.059,976.6821,4001.9102,-1365.622,722.10095,5558.516,0
2362,mvdec_dekm_consistent_v1,airpollution_mvdec_dekm_consistent_v1_2b88b20cd9b6_seed_44,2b88b20cd9b6ab9268889294ab249f6a1e5fb71b3e5ee88d2e8fde10ebe63a10,-310.79617,-881.78735,-775.50336,4410.932,-1754.309,1022.27997,4188.7456,-1429.3772,755.811,5818.022,0
2363,mvdec_dekm_consistent_v1,airpollution_mvdec_dekm_consistent_v1_2b88b20cd9b6_seed_44,2b88b20cd9b6ab9268889294ab249f6a1e5fb71b3e5ee88d2e8fde10ebe63a10,-321.85953,-913.17596,-803.1088,4567.939,-1816.7559,1058.669,4337.8467,-1480.2563,782.7125,6025.1167,0
2364,mvdec_dekm_consistent_v1,airpollution_mvdec_dekm_consistent_v1_2b88b20cd9b6_seed_44,2b88b20cd9b6ab9268889294ab249f6a1e5fb71b3e5ee88d2e8fde10ebe63a10,-335.79315,-952.70795,-837.87646,4765.681,-1895.4037,1104.4987,4525.6323,-1544.3356,816.5938,6285.9424,0
2365,mvdec_dekm_consistent_v1,airpollution_mvdec_dekm_consistent_v1_2b88b20cd9b6_seed_44,2b88b20cd9b6ab9268889294ab249f6a1e5fb71b3e5ee88d2e8fde10ebe63a10,-352.24146,-999.3758,-878.9193,4999.116,-1988.2482,1158.6005,4747.3135,-1619.9818,856.59106,6593.8486,0
2366,mvdec_dekm_consistent_v1,airpollution_mvdec_dekm_consistent_v1_2b88b20cd9b6_seed_44,2b88b20cd9b6ab9268889294ab249f6a1e5fb71b3e5ee88d2e8fde10ebe63a10,-370.9181,-1052.3651,-925.5221,5264.1743,-2093.6692,1220.0311,4999.023,-1705.8749,902.0064,6943.4624,0
2367,mvdec_dekm_consistent_v1,airpollution_mvdec_dekm_consistent_v1_2b88b20cd9b6_seed_44,2b88b20cd9b6ab9268889294ab249f6a1e5fb71b3e5ee88d2e8fde10ebe63a10,-391.4817,-1110.7081,-976.8333,5556.01,-2209.7402,1287.6685,5276.163,-1800.4458,952.0101,7328.3994,0
2368,mvdec_dekm_consistent_v1,airpollution_mvdec_dekm_consistent_v1_2b88b20cd9b6_seed_44,2b88b20cd9b6ab9268889294ab249f6a1e5fb71b3e5ee88d2e8fde10ebe63a10,-406.66064,-1153.7728,-1014.70795,5771.423,-2295.417,1337.5936,5480.7295,-1870.252,988.9193,7612.5337,0
2369,mvdec_dekm_consistent_v1,airpollution_mvdec_dekm_consistent_v1_2b88b20cd9b6_seed_44,2b88b20cd9b6ab9268889294ab249f6a1e5fb71b3e5ee88d2e8fde10ebe63a10,-418.828,-1188.2933,-1045.068,5944.0967,-2364.094,1377.6133,5644.708,-1926.2076,1018.5054,7840.2925,0
2370,mvdec_dekm_consistent_v1,airpollution_mvdec_dekm_consistent_v1_2b88b20cd9b6_seed_44,2b88b20cd9b6ab9268889294ab249f6a1e5fb71b3e5ee88d2e8fde10ebe63a10,-433.15063,-1228.9287,-1080.8062,6147.361,-2444.9375,1424.7223,5837.7354,-1992.076,1053.333,8108.3994,0
2371,mvdec_dekm_consistent_v1,airpollution_mvdec_dekm_consistent_v1_2b88b20cd9b6_seed_44,2b88b20cd9b6ab9268889294ab249f6a1e5fb71b3e5ee88d2e8fde10ebe63a10,-449.42426,-1275.0981,-1121.4119,6378.304,-2536.79,1478.2472,6057.049,-2066.9143,1092.9034,8413.018,2
2372,mvdec_dekm_consistent_v1,airpollution_mvdec_dekm_consistent_v1_2b88b20cd9b6_seed_44,2b88b20cd9b6ab9268889294ab249f6a1e5fb71b3e5ee88d2e8fde10ebe63a10,-467.45798,-1326.2604,-1166.4084,6634.2227,-2638.5757,1537.5599,6300.0786,-2149.846,1136.753,8750.578,2
2373,mvdec_dekm_consistent_v1,airpollution_mvdec_dekm_consistent_v1_2b88b20cd9b6_seed_44,2b88b20cd9b6ab9268889294ab249f6a1e5fb71b3e5ee88d2e8fde10ebe63a10,-487.0426,-1381.8242,-1215.276,6912.1597,-2749.1174,1601.9753,6564.0166,-2239.912,1184.3757,9117.179,2
2374,mvdec_dekm_consistent_v1,airpollution_mvdec_dekm_consistent_v1_2b88b20cd9b6_seed_44,2b88b20cd9b6ab9268889294ab249f6a1e5fb71b3e5ee88d2e8fde10ebe63a10,-505.60114,-1434.4764,-1261.583,7175.5347,-2853.8677,1663.0161,6814.127,-2325.2598,1229.5037,9464.573,2
2375,mvdec_dekm_consistent_v1,airpollution_mvdec_dekm_consistent_v1_2b88b20cd9b6_seed_44,2b88b20cd9b6ab9268889294ab249f6a1e5fb71b3e5ee88d2e8fde10ebe63a10,-507.92172,-1441.0612,-1267.3735,7208.472,-2866.9675,1670.6497,6845.406,-2335.933,1235.1469,9508.017,2
2376,mvdec_dekm_consistent_v1,airpollution_mvdec_dekm_consistent_v1_2b88b20cd9b6_seed_44,2b88b20cd9b6ab9268889294ab249f6a1e5fb71b3e5ee88d2e8fde10ebe63a10,-512.34827,-1453.6205,-1278.4193,7271.2954,-2891.9543,1685.2101,6905.066,-2356.2908,1245.9115,9590.884,2
2377,mvdec_dekm_consistent_v1,airpollution_mvdec_dekm_consistent_v1_2b88b20cd9b6_seed_44,2b88b20cd9b6ab9268889294ab249f6a1e5fb71b3e5ee88d2e8fde10ebe63a10,-518.8314,-1472.0151,-1294.5964,7363.307,-2928.5496,1706.5342,6992.4434,-2386.1084,1261.6768,9712.247,2
2378,mvdec_dekm_consistent_v1,airpollution_mvdec_dekm_consistent_v1_2b88b20cd9b6_seed_44,2b88b20cd9b6ab9268889294ab249f6a1e5fb71b3e5ee88d2e8fde10ebe63a10,-527.30725,-1496.063,-1315.746,7483.594,-2976.392,1734.4133,7106.6763,-2425.088,1282.2869,9870.909,2
2379,mvdec_dekm_consistent_v1,airpollution_mvdec_dekm_consistent_v1_2b88b20cd9b6_seed_44,2b88b20cd9b6ab9268889294ab249f6a1e5fb71b3e5ee88d2e8fde10ebe63a10,-537.68036,-1525.4941,-1341.6294,7630.8096,-3034.9446,1768.5322,7246.478,-2472.7937,1307.5107,10065.089,2
2380,mvdec_dekm_consistent_v1,airpollution_mvdec_dekm_consistent_v1_2b88b20cd9b6_seed_44,2b88b20cd9b6ab9268889294ab249f6a1e5fb71b3e5ee88d2e8fde10ebe63a10,-297.26956,-843.41583,-741.7547,4218.9883,-1677.9708,977.7947,4006.4739,-1367.1781,722.9218,5564.8486,0
2381,mvdec_dekm_consistent_v1,airpollution_mvdec_dekm_consistent_v1_2b88b20cd9b6_seed_44,2b88b20cd9b6ab9268889294ab249f6a1e5fb71b3e5ee88d2e8fde10ebe63a10,-264.15347,-749.45996,-659.12274,3749.013,-1491.0485,868.87115,3560.1653,-1214.8802,642.3952,4944.9434,0
2382,mvdec_dekm_consistent_v1,airpollution_mvdec_dekm_consistent_v1_2b88b20cd9b6_seed_44,2b88b20cd9b6ab9268889294ab249f6a1e5fb71b3e5ee88d2e8fde10ebe63a10,-231.06955,-655.59576,-576.57153,3279.499,-1304.309,760.0542,3114.2925,-1062.7318,561.94824,4325.6465,0
2383,mvdec_dekm_consistent_v1,airpollution_mvdec_dekm_consistent_v1_2b88b20cd9b6_seed_44,2b88b20cd9b6ab9268889294ab249f6a1e5fb71b3e5ee88d2e8fde10ebe63a10,-198.0385,-561.8812,-494.1517,2810.7314,-1117.8665,651.4106,2669.1306,-910.8252,481.62912,3707.3342,0
2384,mvdec_dekm_consistent_v1,airpollution_mvdec_dekm_consistent_v1_2b88b20cd9b6_seed_44,2b88b20cd9b6ab9268889294ab249f6a1e5fb71b3e5ee88d2e8fde10ebe63a10,-165.08824,-468.3958,-411.93408,2343.1138,-931.88116,543.03314,2225.0593,-759.2911,401.50723,3090.5386,3
2385,mvdec_dekm_consistent_v1,airpollution_mvdec_dekm_consistent_v1_2b88b20cd9b6_seed_44,2b88b20cd9b6ab9268889294ab249f6a1e5fb71b3e5ee88d2e8fde10ebe63a10,-132.28226,-375.31973,-330.0763,1877.5436,-746.7098,435.13025,1782.9316,-608.4205,321.73624,2476.4424,3
2386,mvdec_dekm_consistent_v1,airpollution_mvdec_dekm_consistent_v1_2b88b20cd9b6_seed_44,2b88b20cd9b6ab9268889294ab249f6a1e5fb71b3e5ee88d2e8fde10ebe63a10,-99.764565,-283.06107,-248.93756,1416.0604,-563.16473,328.17493,1344.6866,-458.8745,242.6653,1867.7388,3
2387,mvdec_dekm_consistent_v1,airpollution_mvdec_dekm_consistent_v1_2b88b20cd9b6_seed_44,2b88b20cd9b6ab9268889294ab249f6a1e5fb71b3e5ee88d2e8fde10ebe63a10,-67.92026,-192.71231,-169.47911,964.13403,-383.4202,223.43443,915.51605,-312.42526,165.23232,1271.6396,3
2388,mvdec_dekm_consistent_v1,airpollution_mvdec_dekm_consistent_v1_2b88b20cd9b6_seed_44,2b88b20cd9b6ab9268889294ab249f6a1e5fb71b3e5ee88d2e8fde10ebe63a10,-38.34219,-108.79474,-95.67514,544.36945,-216.46858,126.14824,516.8906,-176.39867,93.30887,717.9643,3
2389,mvdec_dekm_consistent_v1,airpollution_mvdec_dekm_consistent_v1_2b88b20cd9b6_seed_44,2b88b20cd9b6ab9268889294ab249f6a1e5fb71b3e5ee88d2e8fde10ebe63a10,-16.917051,-48.009956,-42.213665,240.30692,-95.53662,55.678,228.14456,-77.866455,41.20859,316.90424,3
2390,mvdec_dekm_consistent_v1,airpollution_mvdec_dekm_consistent_v1_2b88b20cd9b6_seed_44,2b88b20cd9b6ab9268889294ab249f6a1e5fb71b3e5ee88d2e8fde10ebe63a10,-13.8054,-39.181473,-34.44942,196.14883,-77.973595,45.443596,186.20961,-63.55666,33.64294,258.65875,3
2391,mvdec_dekm_consistent_v1,airpollution_mvdec_dekm_consistent_v1_2b88b20cd9b6_seed_44,2b88b20cd9b6ab9268889294ab249f6a1e5fb71b3e5ee88d2e8fde10ebe63a10,-39.505787,-112.09825,-98.57792,560.8851,-223.03894,129.97633,532.578,-181.75087,96.137436,739.7504,3
2392,mvdec_dekm_consistent_v1,airpollution_mvdec_dekm_consistent_v1_2b88b20cd9b6_seed_44,2b88b20cd9b6ab9268889294ab249f6a1e5fb71b3e5ee88d2e8fde10ebe63a10,-61.003956,-173.09192,-152.2211,865.98505,-344.385,200.68726,822.31256,-280.61975,148.41447,1142.181,3
2393,mvdec_dekm_consistent_v1,airpollution_mvdec_dekm_consistent_v1_2b88b20cd9b6_seed_44,2b88b20cd9b6ab9268889294ab249f6a1e5fb71b3e5ee88d2e8fde10ebe63a10,-66.18883,-187.80344,-165.15869,939.57056,-373.65247,217.74168,892.1935,-304.4656,161.02228,1239.2418,3
2394,mvdec_dekm_consistent_v1,airpollution_mvdec_dekm_consistent_v1_2b88b20cd9b6_seed_44,2b88b20cd9b6ab9268889294ab249f6a1e5fb71b3e5ee88d2e8fde10ebe63a10,-41.937492,-119.00008,-104.64721,595.40985,-236.77025,137.97734,565.3644,-192.93875,102.05309,785.28876,3
2395,mvdec_dekm_consistent_v1,airpollution_mvdec_dekm_consistent_v1_2b88b20cd9b6_seed_44,2b88b20cd9b6ab9268889294ab249f6a1e5fb71b3e5ee88d2e8fde10ebe63a10,-21.781906,-61.816357,-54.355114,309.372,-123.00512,71.6838,293.73093,-100.24683,53.04288,408.0007,3
2396,mvdec_dekm_consistent_v1,airpollution_mvdec_dekm_consistent_v1_2b88b20cd9b6_seed_44,2b88b20cd9b6ab9268889294ab249f6a1e5fb71b3e5ee88d2e8fde10ebe63a10,-20.703,-58.756275,-51.662556,294.05862,-116.915436,68.134995,279.19083,-95.284805,50.41807,387.8034,3
2397,mvdec_dekm_consistent_v1,airpollution_mvdec_dekm_consistent_v1_2b88b20cd9b6_seed_44,2b88b20cd9b6ab9268889294ab249f6a1e5fb71b3e5ee88d2e8fde10ebe63a10,-3.5396438,-10.0593815,-8.836356,50.481983,-20.036991,11.681722,47.87762,-16.352448,8.684532,66.52109,3
2398,mvdec_dekm_consistent_v1,airpollution_mvdec_dekm_consistent_v1_2b88b20cd9b6_seed_44,2b88b20cd9b6ab9268889294ab249f6a1e5fb71b3e5ee88d2e8fde10ebe63a10,-27.359543,-77.64154,-68.272514,388.5289,-154.4879,90.029465,368.9018,-125.89798,66.60541,512.40967,3
2399,mvdec_dekm_consistent_v1,airpollution_mvdec_dekm_consistent_v1_2b88b20cd9b6_seed_44,2b88b20cd9b6ab9268889294ab249f6a1e5fb71b3e5ee88d2e8fde10ebe63a10,-59.627377,-169.19011,-148.78746,846.46265,-336.62106,196.16225,803.7753,-274.2936,145.0686,1116.4314,3
2400,mvdec_dekm_consistent_v1,airpollution_mvdec_dekm_consistent_v1_2b88b20cd9b6_seed_44,2b88b20cd9b6ab9268889294ab249f6a1e5fb71b3e5ee88d2e8fde10ebe63a10,-71.906204,-204.02737,-179.42587,1020.72107,-405.92883,236.54921,969.25903,-330.7629,174.92628,1346.281,3
2401,mvdec_dekm_consistent_v1,airpollution_mvdec_dekm_consistent_v1_2b88b20cd9b6_seed_44,2b88b20cd9b6ab9268889294ab249f6a1e5fb71b3e5ee88d2e8fde10ebe63a10,-56.542328,-160.43517,-141.08911,802.6661,-319.20334,186.01286,762.18634,-260.10205,137.56395,1058.6655,3
2402,mvdec_dekm_consistent_v1,airpollution_mvdec_dekm_consistent_v1_2b88b20cd9b6_seed_44,2b88b20cd9b6ab9268889294ab249f6a1e5fb71b3e5ee88d2e8fde10ebe63a10,-28.548014,-81.0121,-71.23789,405.38486,-161.19356,93.93711,384.91168,-131.36124,69.49298,534.6457,3
2403,mvdec_dekm_consistent_v1,airpollution_mvdec_dekm_consistent_v1_2b88b20cd9b6_seed_44,2b88b20cd9b6ab9268889294ab249f6a1e5fb71b3e5ee88d2e8fde10ebe63a10,-8.474099,-24.05922,-21.148933,120.50369,-47.888252,27.911367,114.37616,-39.04413,20.68137,158.8834,3
2404,mvdec_dekm_consistent_v1,airpollution_mvdec_dekm_consistent_v1_2b88b20cd9b6_seed_44,2b88b20cd9b6ab9268889294ab249f6a1e5fb71b3e5ee88d2e8fde10ebe63a10,-20.055593,-56.91787,-50.04816,284.86942,-113.26,66.00521,270.46274,-92.307205,48.844532,375.6824,3
2405,mvdec_dekm_consistent_v1,airpollution_mvdec_dekm_consistent_v1_2b88b20cd9b6_seed_44,2b88b20cd9b6ab9268889294ab249f6a1e5fb71b3e5ee88d2e8fde10ebe63a10,-23.496662,-66.6818,-58.634125,333.70392,-132.68314,77.32339,316.8392,-108.13233,57.211002,440.09625,3
2406,mvdec_dekm_consistent_v1,airpollution_mvdec_dekm_consistent_v1_2b88b20cd9b6_seed_44,2b88b20cd9b6ab9268889294ab249f6a1e5fb71b3e5ee88d2e8fde10ebe63a10,-8.049466,-22.854013,-20.089544,114.48399,-45.491776,26.515774,108.65616,-37.09238,19.650759,150.94054,3
2407,mvdec_dekm_consistent_v1,airpollution_mvdec_dekm_consistent_v1_2b88b20cd9b6_seed_44,2b88b20cd9b6ab9268889294ab249f6a1e5fb71b3e5ee88d2e8fde10ebe63a10,-23.71038,-67.286606,-59.166504,336.7291,-133.8862,78.02477,319.7116,-109.11263,57.729343,444.08636,3
2408,mvdec_dekm_consistent_v1,airpollution_mvdec_dekm_consistent_v1_2b88b20cd9b6_seed_44,2b88b20cd9b6ab9268889294ab249f6a1e5fb71b3e5ee88d2e8fde10ebe63a10,-6.9094534,-19.619076,-17.243986,98.29883,-39.054962,22.764975,93.28699,-31.847656,16.877045,129.59271,3
2409,mvdec_dekm_consistent_v1,airpollution_mvdec_dekm_consistent_v1_2b88b20cd9b6_seed_44,2b88b20cd9b6ab9268889294ab249f6a1e5fb71b3e5ee88d2e8fde10ebe63a10,-0.9843658,-2.8079073,-2.4591708,14.202945,-5.60801,3.2738922,13.427436,-4.59702,2.4670467,18.67029,3
2410,mvdec_dekm_consistent_v1,airpollution_mvdec_dekm_consistent_v1_2b88b20cd9b6_seed_44,2b88b20cd9b6ab9268889294ab249f6a1e5fb71b3e5ee88d2e8fde10ebe63a10,-2.2738922,-6.4664645,-5.6767726,32.503696,-12.886877,7.5156097,30.805845,-10.527023,5.603091,42.808586,3
2411,mvdec_dekm_consistent_v1,airpollution_mvdec_dekm_consistent_v1_2b88b20cd9b6_seed_44,2b88b20cd9b6ab9268889294ab249f6a1e5fb71b3e5ee88d2e8fde10ebe63a10,-29.760653,-84.45098,-74.262184,422.5878,-168.03392,97.92368,401.24524,-136.93512,72.440735,557.3342,3
2412,mvdec_dekm_consistent_v1,airpollution_mvdec_dekm_consistent_v1_2b88b20cd9b6_seed_44,2b88b20cd9b6ab9268889294ab249f6a1e5fb71b3e5ee88d2e8fde10ebe63a10,-51.723366,-146.76143,-129.06357,734.2733,-291.99954,170.16121,697.2339,-237.9381,125.84601,968.4515,3
2413,mvdec_dekm_consistent_v1,airpollution_mvdec_dekm_consistent_v1_2b88b20cd9b6_seed_44,2b88b20cd9b6ab9268889294ab249f6a1e5fb71b3e5ee88d2e8fde10ebe63a10,-79.07295,-224.35681,-197.30672,1122.4144,-446.37366,260.11877,1065.8295,-363.7168,192.35066,1480.415,3
2414,mvdec_dekm_consistent_v1,airpollution_mvdec_dekm_consistent_v1_2b88b20cd9b6_seed_44,2b88b20cd9b6ab9268889294ab249f6a1e5fb71b3e5ee88d2e8fde10ebe63a10,-104.50267,-296.50385,-260.75967,1483.3003,-589.90857,343.75906,1408.5417,-480.66397,254.18607,1956.4298,3
2415,mvdec_dekm_consistent_v1,airpollution_mvdec_dekm_consistent_v1_2b88b20cd9b6_seed_44,2b88b20cd9b6ab9268889294ab249f6a1e5fb71b3e5ee88d2e8fde10ebe63a10,-128.47504,-364.5171,-320.5763,1823.514,-725.2203,422.60858,1731.6223,-590.91144,312.47925,2405.176,3
2416,mvdec_dekm_consistent_v1,airpollution_mvdec_dekm_consistent_v1_2b88b20cd9b6_seed_44,2b88b20cd9b6ab9268889294ab249f6a1e5fb71b3e5ee88d2e8fde10ebe63a10,-105.64177,-299.73657,-263.6021,1499.4641,-596.33936,347.50598,1423.895,-485.9028,256.95465,1977.7526,3
2417,mvdec_dekm_consistent_v1,airpollution_mvdec_dekm_consistent_v1_2b88b20cd9b6_seed_44,2b88b20cd9b6ab9268889294ab249f6a1e5fb71b3e5ee88d2e8fde10ebe63a10,-72.53476,-205.80896,-180.99316,1029.6204,-409.47144,238.61363,977.7161,-333.64862,176.44928,1358.0245,3
2418,mvdec_dekm_consistent_v1,airpollution_mvdec_dekm_consistent_v1_2b88b20cd9b6_seed_44,2b88b20cd9b6ab9268889294ab249f6a1e5fb71b3e5ee88d2e8fde10ebe63a10,-39.63013,-112.455605,-98.89027,562.6573,-223.74786,130.38817,534.26965,-182.32727,96.43877,742.094,3
2419,mvdec_dekm_consistent_v1,airpollution_mvdec_dekm_consistent_v1_2b88b20cd9b6_seed_44,2b88b20cd9b6ab9268889294ab249f6a1e5fb71b3e5ee88d2e8fde10ebe63a10,-8.9031,-25.27889,-22.220385,126.59565,-50.314102,29.324173,120.16703,-41.019516,21.723888,166.92264,3
2420,mvdec_dekm_consistent_v1,airpollution_mvdec_dekm_consistent_v1_2b88b20cd9b6_seed_44,2b88b20cd9b6ab9268889294ab249f6a1e5fb71b3e5ee88d2e8fde10ebe63a10,-12.384508,-35.15623,-30.908459,176.00879,-69.966576,40.77614,167.09055,-57.031948,30.191263,232.09848,3
2421,mvdec_dekm_consistent_v1,airpollution_mvdec_dekm_consistent_v1_2b88b20cd9b6_seed_44,2b88b20cd9b6ab9268889294ab249f6a1e5fb71b3e5ee88d2e8fde10ebe63a10,-14.170324,-40.22415,-35.364277,201.35037,-80.04722,46.65003,191.15944,-65.24468,34.532047,265.5266,3
2422,mvdec_dekm_consistent_v1,airpollution_mvdec_dekm_consistent_v1_2b88b20cd9b6_seed_44,2b88b20cd9b6ab9268889294ab249f6a1e5fb71b3e5ee88d2e8fde10ebe63a10,-3.621266,-10.294606,-9.042077,51.640495,-20.503862,11.952449,48.989605,-16.73089,8.880472,68.05802,3
2423,mvdec_dekm_consistent_v1,airpollution_mvdec_dekm_consistent_v1_2b88b20cd9b6_seed_44,2b88b20cd9b6ab9268889294ab249f6a1e5fb71b3e5ee88d2e8fde10ebe63a10,-29.01138,-82.33234,-72.396255,411.9709,-163.81813,95.464905,391.17664,-133.49782,70.61882,543.33984,3
2424,mvdec_dekm_consistent_v1,airpollution_mvdec_dekm_consistent_v1_2b88b20cd9b6_seed_44,2b88b20cd9b6ab9268889294ab249f6a1e5fb71b3e5ee88d2e8fde10ebe63a10,-62.048138,-176.0611,-154.82915,880.8117,-350.28857,204.1255,836.4065,-285.4276,150.95108,1161.7472,3
2425,mvdec_dekm_consistent_v1,airpollution_mvdec_dekm_consistent_v1_2b88b20cd9b6_seed_44,2b88b20cd9b6ab9268889294ab249f6a1e5fb71b3e5ee88d2e8fde10ebe63a10,-95.21383,-270.1555,-237.5837,1351.4822,-537.48645,313.21,1283.3732,-437.95023,231.59695,1782.5676,3
2426,mvdec_dekm_consistent_v1,airpollution_mvdec_dekm_consistent_v1_2b88b20cd9b6_seed_44,2b88b20cd9b6ab9268889294ab249f6a1e5fb71b3e5ee88d2e8fde10ebe63a10,-128.41138,-364.34024,-320.41776,1822.6053,-724.8641,422.39932,1730.7695,-590.61945,312.32043,2403.9849,3
2427,mvdec_dekm_consistent_v1,airpollution_mvdec_dekm_consistent_v1_2b88b20cd9b6_seed_44,2b88b20cd9b6ab9268889294ab249f6a1e5fb71b3e5ee88d2e8fde10ebe63a10,-161.62381,-458.5673,-403.289,2293.94,-912.3258,531.6375,2178.3665,-743.35724,393.08008,3025.6804,3
2428,mvdec_dekm_consistent_v1,airpollution_mvdec_dekm_consistent_v1_2b88b20cd9b6_seed_44,2b88b20cd9b6ab9268889294ab249f6a1e5fb71b3e5ee88d2e8fde10ebe63a10,-194.84464,-552.82,-486.18192,2765.4011,-1099.8384,640.90515,2626.085,-896.13605,473.86115,3647.544,0
2429,mvdec_dekm_consistent_v1,airpollution_mvdec_dekm_consistent_v1_2b88b20cd9b6_seed_44,2b88b20cd9b6ab9268889294ab249f6a1e5fb71b3e5ee88d2e8fde10ebe63a10,-228.0703,-647.0869,-569.0877,3236.9336,-1287.3801,750.1894,3073.8726,-1048.9387,554.65454,4269.503,0
2430,mvdec_dekm_consistent_v1,airpollution_mvdec_dekm_consistent_v1_2b88b20cd9b6_seed_44,2b88b20cd9b6ab9268889294ab249f6a1e5fb71b3e5ee88d2e8fde10ebe63a10,-257.5645,-730.7672,-642.6826,3655.51,-1453.8595,847.2002,3471.3704,-1184.5802,626.37445,4821.6113,0
2431,mvdec_dekm_consistent_v1,airpollution_mvdec_dekm_consistent_v1_2b88b20cd9b6_seed_44,2b88b20cd9b6ab9268889294ab249f6a1e5fb71b3e5ee88d2e8fde10ebe63a10,-270.09586,-766.32135,-673.95154,3833.3555,-1524.5939,888.4184,3640.2605,-1242.212,656.84686,5056.1934,0
2432,mvdec_dekm_consistent_v1,airpollution_mvdec_dekm_consistent_v1_2b88b20cd9b6_seed_44,2b88b20cd9b6ab9268889294ab249f6a1e5fb71b3e5ee88d2e8fde10ebe63a10,-279.12622,-791.9415,-696.48395,3961.5093,-1575.5645,918.12,3761.9607,-1283.7408,678.80475,5225.23,0
2433,mvdec_dekm_consistent_v1,airpollution_mvdec_dekm_consistent_v1_2b88b20cd9b6_seed_44,2b88b20cd9b6ab9268889294ab249f6a1e5fb71b3e5ee88d2e8fde10ebe63a10,-291.35114,-826.62506,-726.98785,4135.0,-1644.566,958.329,3926.714,-1339.9612,708.5311,5454.0664,0
2434,mvdec_dekm_consistent_v1,airpollution_mvdec_dekm_consistent_v1_2b88b20cd9b6_seed_44,2b88b20cd9b6ab9268889294ab249f6a1e5fb71b3e5ee88d2e8fde10ebe63a10,-306.61945,-869.9422,-765.08466,4351.677,-1730.7441,1008.547,4132.4795,-1410.1763,745.65735,5739.8667,0
2435,mvdec_dekm_consistent_v1,airpollution_mvdec_dekm_consistent_v1_2b88b20cd9b6_seed_44,2b88b20cd9b6ab9268889294ab249f6a1e5fb71b3e5ee88d2e8fde10ebe63a10,-324.5436,-920.79443,-809.80853,4606.046,-1831.9128,1067.5005,4374.037,-1492.6056,789.2416,6075.382,0
2436,mvdec_dekm_consistent_v1,airpollution_mvdec_dekm_consistent_v1_2b88b20cd9b6_seed_44,2b88b20cd9b6ab9268889294ab249f6a1e5fb71b3e5ee88d2e8fde10ebe63a10,-344.66727,-977.88715,-860.0205,4891.631,-1945.4968,1133.6885,4645.2383,-1585.1501,838.17456,6452.0713,0
2437,mvdec_dekm_consistent_v1,airpollution_mvdec_dekm_consistent_v1_2b88b20cd9b6_seed_44,2b88b20cd9b6ab9268889294ab249f6a1e5fb71b3e5ee88d2e8fde10ebe63a10,-364.82483,-1035.0758,-910.3175,5177.6973,-2059.2722,1199.988,4916.897,-1677.851,887.1902,6829.3955,0
2438,mvdec_dekm_consistent_v1,airpollution_mvdec_dekm_consistent_v1_2b88b20cd9b6_seed_44,2b88b20cd9b6ab9268889294ab249f6a1e5fb71b3e5ee88d2e8fde10ebe63a10,-375.455,-1065.2341,-936.84143,5328.554,-2119.2715,1234.9512,5060.155,-1726.7363,913.0386,7028.3774,0
2439,mvdec_dekm_consistent_v1,airpollution_mvdec_dekm_consistent_v1_2b88b20cd9b6_seed_44,2b88b20cd9b6ab9268889294ab249f6a1e5fb71b3e5ee88d2e8fde10ebe63a10,-388.56253,-1102.4207,-969.54663,5514.5645,-2193.2527,1278.0621,5236.798,-1787.0139,944.9103,7273.728,0
2440,mvdec_dekm_consistent_v1,airpollution_mvdec_dekm_consistent_v1_2b88b20cd9b6_seed_44,2b88b20cd9b6ab9268889294ab249f6a1e5fb71b3e5ee88d2e8fde10ebe63a10,-403.93878,-1146.044,-1007.9131,5732.774,-2280.0398,1328.6351,5444.017,-1857.7253,982.2986,7561.548,0
2441,mvdec_dekm_consistent_v1,airpollution_mvdec_dekm_consistent_v1_2b88b20cd9b6_seed_44,2b88b20cd9b6ab9268889294ab249f6a1e5fb71b3e5ee88d2e8fde10ebe63a10,-421.31378,-1195.339,-1051.2665,5979.35,-2378.1104,1385.783,5678.177,-1937.6296,1024.5471,7886.7856,0
2442,mvdec_dekm_consistent_v1,airpollution_mvdec_dekm_consistent_v1_2b88b20cd9b6_seed_44,2b88b20cd9b6ab9268889294ab249f6a1e5fb71b3e5ee88d2e8fde10ebe63a10,-440.45404,-1249.6426,-1099.0254,6250.9814,-2486.1455,1448.7373,5936.129,-2025.653,1071.0891,8245.071,0
2443,mvdec_dekm_consistent_v1,airpollution_mvdec_dekm_consistent_v1_2b88b20cd9b6_seed_44,2b88b20cd9b6ab9268889294ab249f6a1e5fb71b3e5ee88d2e8fde10ebe63a10,-461.18903,-1308.4711,-1150.7632,6545.247,-2603.183,1516.9374,6215.576,-2121.0107,1121.5089,8633.212,2
2444,mvdec_dekm_consistent_v1,airpollution_mvdec_dekm_consistent_v1_2b88b20cd9b6_seed_44,2b88b20cd9b6ab9268889294ab249f6a1e5fb71b3e5ee88d2e8fde10ebe63a10,-472.38498,-1340.2357,-1178.699,6704.136,-2666.3777,1553.7623,6366.463,-2172.4993,1148.7338,8842.789,2
2445,mvdec_dekm_consistent_v1,airpollution_mvdec_dekm_consistent_v1_2b88b20cd9b6_seed_44,2b88b20cd9b6ab9268889294ab249f6a1e5fb71b3e5ee88d2e8fde10ebe63a10,-474.86847,-1347.2826,-1184.8964,6739.387,-2680.3977,1561.9318,6399.94,-2183.922,1154.7737,8889.284,2
2446,mvdec_dekm_consistent_v1,airpollution_mvdec_dekm_consistent_v1_2b88b20cd9b6_seed_44,2b88b20cd9b6ab9268889294ab249f6a1e5fb71b3e5ee88d2e8fde10ebe63a10,-479.58752,-1360.6726,-1196.6724,6806.364,-2707.0364,1577.4546,6463.5435,-2205.627,1166.2498,8977.629,2
2447,mvdec_dekm_consistent_v1,airpollution_mvdec_dekm_consistent_v1_2b88b20cd9b6_seed_44,2b88b20cd9b6ab9268889294ab249f6a1e5fb71b3e5ee88d2e8fde10ebe63a10,-486.50366,-1380.2947,-1213.9297,6904.516,-2746.0742,1600.2026,6556.753,-2237.4333,1183.0673,9107.093,2
2448,mvdec_dekm_consistent_v1,airpollution_mvdec_dekm_consistent_v1_2b88b20cd9b6_seed_44,2b88b20cd9b6ab9268889294ab249f6a1e5fb71b3e5ee88d2e8fde10ebe63a10,-495.5207,-1405.8783,-1236.4298,7032.487,-2796.9727,1629.8619,6678.281,-2278.903,1204.9939,9275.889,2
2449,mvdec_dekm_consistent_v1,airpollution_mvdec_dekm_consistent_v1_2b88b20cd9b6_seed_44,2b88b20cd9b6ab9268889294ab249f6a1e5fb71b3e5ee88d2e8fde10ebe63a10,-506.5411,-1437.1443,-1263.9275,7188.883,-2859.175,1666.1085,6826.7993,-2329.584,1231.7914,9482.176,2
2450,mvdec_dekm_consistent_v1,airpollution_mvdec_dekm_consistent_v1_2b88b20cd9b6_seed_44,2b88b20cd9b6ab9268889294ab249f6a1e5fb71b3e5ee88d2e8fde10ebe63a10,-296.42664,-841.02124,-739.6495,4207.0225,-1673.2073,975.02,3995.1013,-1363.2982,720.87366,5549.059,0
2451,mvdec_dekm_consistent_v1,airpollution_mvdec_dekm_consistent_v1_2b88b20cd9b6_seed_44,2b88b20cd9b6ab9268889294ab249f6a1e5fb71b3e5ee88d2e8fde10ebe63a10,-263.20612,-746.7696,-656.7574,3735.57,-1485.6971,865.75385,3547.3896,-1210.5216,640.0941,4927.2056,0
2452,mvdec_dekm_consistent_v1,airpollution_mvdec_dekm_consistent_v1_2b88b20cd9b6_seed_44,2b88b20cd9b6ab9268889294ab249f6a1e5fb71b3e5ee88d2e8fde10ebe63a10,-229.98926,-652.52856,-573.87476,3264.1716,-1298.2083,756.5002,3099.7285,-1057.7626,559.32446,4305.4224,0
2453,mvdec_dekm_consistent_v1,airpollution_mvdec_dekm_consistent_v1_2b88b20cd9b6_seed_44,2b88b20cd9b6ab9268889294ab249f6a1e5fb71b3e5ee88d2e8fde10ebe63a10,-196.78342,-558.3203,-491.01944,2792.9282,-1110.7828,647.2831,2652.2183,-905.0544,478.57996,3683.8474,0
2454,mvdec_dekm_consistent_v1,airpollution_mvdec_dekm_consistent_v1_2b88b20cd9b6_seed_44,2b88b20cd9b6ab9268889294ab249f6a1e5fb71b3e5ee88d2e8fde10ebe63a10,-163.59119,-464.14667,-408.19748,2321.8604,-923.428,538.10767,2204.8755,-752.4036,397.86584,3062.5042,3
2455,mvdec_dekm_consistent_v1,airpollution_mvdec_dekm_consistent_v1_2b88b20cd9b6_seed_44,2b88b20cd9b6ab9268889294ab249f6a1e5fb71b3e5ee88d2e8fde10ebe63a10,-130.41595,-370.02536,-325.4187,1851.0533,-736.17584,428.99155,1757.7789,-599.83673,317.19638,2441.5037,3
2456,mvdec_dekm_consistent_v1,airpollution_mvdec_dekm_consistent_v1_2b88b20cd9b6_seed_44,2b88b20cd9b6ab9268889294ab249f6a1e5fb71b3e5ee88d2e8fde10ebe63a10,-97.2773,-276.00674,-242.73154,1380.7668,-549.1295,319.99564,1311.1744,-447.43805,236.61707,1821.1884,3
2457,mvdec_dekm_consistent_v1,airpollution_mvdec_dekm_consistent_v1_2b88b20cd9b6_seed_44,2b88b20cd9b6ab9268889294ab249f6a1e5fb71b3e5ee88d2e8fde10ebe63a10,-64.241394,-182.27992,-160.30052,911.93713,-362.66287,211.33745,865.95404,-295.51157,156.2869,1202.7947,3
2458,mvdec_dekm_consistent_v1,airpollution_mvdec_dekm_consistent_v1_2b88b20cd9b6_seed_44,2b88b20cd9b6ab9268889294ab249f6a1e5fb71b3e5ee88d2e8fde10ebe63a10,-31.626387,-89.74699,-78.91962,449.07974,-178.57152,104.06346,426.40506,-145.52039,76.98004,592.2787,3
2459,mvdec_dekm_consistent_v1,airpollution_mvdec_dekm_consistent_v1_2b88b20cd9b6_seed_44,2b88b20cd9b6ab9268889294ab249f6a1e5fb71b3e5ee88d2e8fde10ebe63a10,-1.2483988,-3.5592241,-3.1197221,17.964558,-7.103966,4.14528,16.999111,-5.815756,3.112127,23.631239,3
2460,mvdec_dekm_consistent_v1,airpollution_mvdec_dekm_consistent_v1_2b88b20cd9b6_seed_44,2b88b20cd9b6ab9268889294ab249f6a1e5fb71b3e5ee88d2e8fde10ebe63a10,-28.292011,-80.28682,-70.59926,401.75787,-159.74985,93.095764,381.46564,-130.18532,68.871574,529.8599,3
2461,mvdec_dekm_consistent_v1,airpollution_mvdec_dekm_consistent_v1_2b88b20cd9b6_seed_44,2b88b20cd9b6ab9268889294ab249f6a1e5fb71b3e5ee88d2e8fde10ebe63a10,-52.25741,-148.27928,-130.39774,741.8691,-295.02,171.92142,704.4473,-240.39923,127.14745,978.46985,3
2462,mvdec_dekm_consistent_v1,airpollution_mvdec_dekm_consistent_v1_2b88b20cd9b6_seed_44,2b88b20cd9b6ab9268889294ab249f6a1e5fb71b3e5ee88d2e8fde10ebe63a10,-58.874622,-167.0521,-146.9093,835.77905,-332.36966,193.68611,793.6259,-270.83078,143.23917,1102.3372,3
2463,mvdec_dekm_consistent_v1,airpollution_mvdec_dekm_consistent_v1_2b88b20cd9b6_seed_44,2b88b20cd9b6ab9268889294ab249f6a1e5fb71b3e5ee88d2e8fde10ebe63a10,-46.445404,-131.78903,-115.89545,659.3862,-262.21393,152.8048,626.1173,-213.6701,113.01516,869.6733,3
2464,mvdec_dekm_consistent_v1,airpollution_mvdec_dekm_consistent_v1_2b88b20cd9b6_seed_44,2b88b20cd9b6ab9268889294ab249f6a1e5fb71b3e5ee88d2e8fde10ebe63a10,-53.682304,-152.32097,-133.95206,762.0797,-303.0594,176.60567,723.6414,-246.94904,130.60992,1005.1292,3
2465,mvdec_dekm_consistent_v1,airpollution_mvdec_dekm_consistent_v1_2b88b20cd9b6_seed_44,2b88b20cd9b6ab9268889294ab249f6a1e5fb71b3e5ee88d2e8fde10ebe63a10,-45.18727,-128.21916,-112.75442,641.51605,-255.10849,148.66368,609.1503,-207.88004,109.95173,846.10474,3
2466,mvdec_dekm_consistent_v1,airpollution_mvdec_dekm_consistent_v1_2b88b20cd9b6_seed_44,2b88b20cd9b6ab9268889294ab249f6a1e5fb71b3e5ee88d2e8fde10ebe63a10,-40.941456,-116.17299,-102.160034,581.2588,-231.143,134.69844,551.9283,-188.35358,99.62698,766.62524,3
2467,mvdec_dekm_consistent_v1,airpollution_mvdec_dekm_consistent_v1_2b88b20cd9b6_seed_44,2b88b20cd9b6ab9268889294ab249f6a1e5fb71b3e5ee88d2e8fde10ebe63a10,-8.269309,-23.476486,-20.63639,117.58809,-46.72858,27.235935,111.60691,-38.099094,20.18176,155.03734,3
2468,mvdec_dekm_consistent_v1,airpollution_mvdec_dekm_consistent_v1_2b88b20cd9b6_seed_44,2b88b20cd9b6ab9268889294ab249f6a1e5fb71b3e5ee88d2e8fde10ebe63a10,-16.936,-48.066635,-42.26214,240.58434,-95.64876,55.7426,228.41185,-77.95709,41.255234,317.2725,3
2469,mvdec_dekm_consistent_v1,airpollution_mvdec_dekm_consistent_v1_2b88b20cd9b6_seed_44,2b88b20cd9b6ab9268889294ab249f6a1e5fb71b3e5ee88d2e8fde10ebe63a10,-45.89,-130.21307,-114.50963,651.4943,-259.0783,150.97668,618.62744,-211.11418,111.662186,859.2677,3
2470,mvdec_dekm_consistent_v1,airpollution_mvdec_dekm_consistent_v1_2b88b20cd9b6_seed_44,2b88b20cd9b6ab9268889294ab249f6a1e5fb71b3e5ee88d2e8fde10ebe63a10,-39.368786,-111.71294,-98.23773,558.9472,-222.27112,129.52798,530.7439,-181.12444,95.803825,737.1986,3
2471,mvdec_dekm_consistent_v1,airpollution_mvdec_dekm_consistent_v1_2b88b20cd9b6_seed_44,2b88b20cd9b6ab9268889294ab249f6a1e5fb71b3e5ee88d2e8fde10ebe63a10,-28.760288,-81.6156,-71.767975,408.40268,-162.39467,94.63724,387.77994,-132.3394,70.00954,538.6274,3
2472,mvdec_dekm_consistent_v1,airpollution_mvdec_dekm_consistent_v1_2b88b20cd9b6_seed_44,2b88b20cd9b6ab9268889294ab249f6a1e5fb71b3e5ee88d2e8fde10ebe63a10,-13.077587,-37.12033,-32.63671,185.8413,-73.87501,43.05492,176.42424,-60.217148,31.876713,245.06483,3
2473,mvdec_dekm_consistent_v1,airpollution_mvdec_dekm_consistent_v1_2b88b20cd9b6_seed_44,2b88b20cd9b6ab9268889294ab249f6a1e5fb71b3e5ee88d2e8fde10ebe63a10,-16.862862,-47.861862,-42.082153,239.56416,-95.24313,55.50621,227.4444,-77.62672,41.080544,315.92743,3
2474,mvdec_dekm_consistent_v1,airpollution_mvdec_dekm_consistent_v1_2b88b20cd9b6_seed_44,2b88b20cd9b6ab9268889294ab249f6a1e5fb71b3e5ee88d2e8fde10ebe63a10,-5.5460515,-15.753283,-13.844423,78.95464,-31.365221,18.282377,74.92339,-25.581154,13.561993,104.08272,3
2475,mvdec_dekm_consistent_v1,airpollution_mvdec_dekm_consistent_v1_2b88b20cd9b6_seed_44,2b88b20cd9b6ab9268889294ab249f6a1e5fb71b3e5ee88d2e8fde10ebe63a10,-0.22078899,-0.6463491,-0.55622184,3.377845,-1.3082806,0.7656737,3.1569448,-1.0926055,0.61163163,4.4005456,3
2476,mvdec_dekm_consistent_v1,airpollution_mvdec_dekm_consistent_v1_2b88b20cd9b6_seed_44,2b88b20cd9b6ab9268889294ab249f6a1e5fb71b3e5ee88d2e8fde10ebe63a10,-15.835234,-44.94718,-39.518723,224.98009,-89.44472,52.126915,213.59859,-72.9017,38.58105,296.69376,3
2477,mvdec_dekm_consistent_v1,airpollution_mvdec_dekm_consistent_v1_2b88b20cd9b6_seed_44,2b88b20cd9b6ab9268889294ab249f6a1e5fb71b3e5ee88d2e8fde10ebe63a10,-0.5265942,-1.5141557,-1.3200452,7.724906,-3.0360029,1.7739836,7.284939,-2.5000257,1.3559649,10.132465,3
2478,mvdec_dekm_consistent_v1,airpollution_mvdec_dekm_consistent_v1_2b88b20cd9b6_seed_44,2b88b20cd9b6ab9268889294ab249f6a1e5fb71b3e5ee88d2e8fde10ebe63a10,-10.629589,-30.178926,-26.52898,151.10385,-60.062138,35.004826,143.44324,-48.961704,25.922348,199.25024,3
2479,mvdec_dekm_consistent_v1,airpollution_mvdec_dekm_consistent_v1_2b88b20cd9b6_seed_44,2b88b20cd9b6ab9268889294ab249f6a1e5fb71b3e5ee88d2e8fde10ebe63a10,-12.704375,-36.064007,-31.70542,180.53923,-71.769745,41.826817,171.3959,-58.500637,30.965967,238.0762,3
2480,mvdec_dekm_consistent_v1,airpollution_mvdec_dekm_consistent_v1_2b88b20cd9b6_seed_44,2b88b20cd9b6ab9268889294ab249f6a1e5fb71b3e5ee88d2e8fde10ebe63a10,-10.2362175,-29.060158,-25.545935,145.50566,-57.835728,33.707397,138.12599,-47.14774,24.963327,191.8662,3
2481,mvdec_dekm_consistent_v1,airpollution_mvdec_dekm_consistent_v1_2b88b20cd9b6_seed_44,2b88b20cd9b6ab9268889294ab249f6a1e5fb71b3e5ee88d2e8fde10ebe63a10,-5.142837,-14.608476,-12.836153,73.21856,-29.084784,16.953568,69.47841,-23.722662,12.577668,96.5181,3
2482,mvdec_dekm_consistent_v1,airpollution_mvdec_dekm_consistent_v1_2b88b20cd9b6_seed_44,2b88b20cd9b6ab9268889294ab249f6a1e5fb71b3e5ee88d2e8fde10ebe63a10,-33.54985,-95.20465,-83.71908,476.37,-189.42853,110.38966,452.32648,-154.36531,81.65468,628.2792,3
2483,mvdec_dekm_consistent_v1,airpollution_mvdec_dekm_consistent_v1_2b88b20cd9b6_seed_44,2b88b20cd9b6ab9268889294ab249f6a1e5fb71b3e5ee88d2e8fde10ebe63a10,-57.990417,-164.5468,-144.70477,823.23553,-327.38504,190.78036,781.7223,-266.768,141.08833,1085.7979,3
2484,mvdec_dekm_consistent_v1,airpollution_mvdec_dekm_consistent_v1_2b88b20cd9b6_seed_44,2b88b20cd9b6ab9268889294ab249f6a1e5fb71b3e5ee88d2e8fde10ebe63a10,-85.050186,-241.32014,-212.22514,1207.2637,-480.1236,279.78412,1146.4116,-391.21414,206.88846,1592.3369,3
2485,mvdec_dekm_consistent_v1,airpollution_mvdec_dekm_consistent_v1_2b88b20cd9b6_seed_44,2b88b20cd9b6ab9268889294ab249f6a1e5fb71b3e5ee88d2e8fde10ebe63a10,-98.79559,-280.31955,-246.52347,1402.3384,-557.7108,324.99554,1331.6644,-454.4293,240.3125,1849.6444,3
2486,mvdec_dekm_consistent_v1,airpollution_mvdec_dekm_consistent_v1_2b88b20cd9b6_seed_44,2b88b20cd9b6ab9268889294ab249f6a1e5fb71b3e5ee88d2e8fde10ebe63a10,-101.44241,-287.8295,-253.12744,1439.8944,-572.64954,333.69983,1367.3319,-466.60025,246.74637,1899.1832,3
2487,mvdec_dekm_consistent_v1,airpollution_mvdec_dekm_consistent_v1_2b88b20cd9b6_seed_44,2b88b20cd9b6ab9268889294ab249f6a1e5fb71b3e5ee88d2e8fde10ebe63a10,-68.22284,-193.58086,-170.23718,968.4507,-385.1438,224.43622,919.6302,-313.82693,165.96774,1277.3425,3
2488,mvdec_dekm_consistent_v1,airpollution_mvdec_dekm_consistent_v1_2b88b20cd9b6_seed_44,2b88b20cd9b6ab9268889294ab249f6a1e5fb71b3e5ee88d2e8fde10ebe63a10,-35.027126,-99.39881,-87.40678,497.34717,-197.77219,115.2511,472.24884,-161.16333,85.248505,655.9491,3
2489,mvdec_dekm_consistent_v1,airpollution_mvdec_dekm_consistent_v1_2b88b20cd9b6_seed_44,2b88b20cd9b6ab9268889294ab249f6a1e5fb71b3e5ee88d2e8fde10ebe63a10,-2.4042354,-6.8407006,-6.0050383,34.370033,-13.632073,7.948703,32.583954,-11.133213,5.9221187,45.274376,3
2490,mvdec_dekm_consistent_v1,airpollution_mvdec_dekm_consistent_v1_2b88b20cd9b6_seed_44,2b88b20cd9b6ab9268889294ab249f6a1e5fb71b3e5ee88d2e8fde10ebe63a10,-17.55813,-49.83431,-43.81693,249.42802,-99.16603,57.791706,236.81056,-80.823204,42.770638,328.93774,3
2491,mvdec_dekm_consistent_v1,airpollution_mvdec_dekm_consistent_v1_2b88b20cd9b6_seed_44,2b88b20cd9b6ab9268889294ab249f6a1e5fb71b3e5ee88d2e8fde10ebe63a10,-13.022066,-36.963837,-32.497833,185.05107,-73.56069,42.871117,175.67389,-59.961197,31.740528,244.02267,3
2492,mvdec_dekm_consistent_v1,airpollution_mvdec_dekm_consistent_v1_2b88b20cd9b6_seed_44,2b88b20cd9b6ab9268889294ab249f6a1e5fb71b3e5ee88d2e8fde10ebe63a10,-3.47592,-9.878966,-8.677179,49.5697,-19.67557,11.470998,47.01472,-16.05783,8.526658,65.32054,3
2493,mvdec_dekm_consistent_v1,airpollution_mvdec_dekm_consistent_v1_2b88b20cd9b6_seed_44,2b88b20cd9b6ab9268889294ab249f6a1e5fb71b3e5ee88d2e8fde10ebe63a10,-34.012177,-96.51496,-84.87115,482.92545,-192.03326,111.90817,458.54767,-156.48856,82.77793,636.92267,3
2494,mvdec_dekm_consistent_v1,airpollution_mvdec_dekm_consistent_v1_2b88b20cd9b6_seed_44,2b88b20cd9b6ab9268889294ab249f6a1e5fb71b3e5ee88d2e8fde10ebe63a10,-66.84594,-189.6673,-166.79721,948.8832,-377.35693,219.90054,901.03937,-307.48404,162.61624,1251.5271,3
2495,mvdec_dekm_consistent_v1,airpollution_mvdec_dekm_consistent_v1_2b88b20cd9b6_seed_44,2b88b20cd9b6ab9268889294ab249f6a1e5fb71b3e5ee88d2e8fde10ebe63a10,-99.04693,-281.02597,-247.14514,1405.8673,-559.11224,325.8132,1335.0107,-455.57175,240.91682,1854.296,3
2496,mvdec_dekm_consistent_v1,airpollution_mvdec_dekm_consistent_v1_2b88b20cd9b6_seed_44,2b88b20cd9b6ab9268889294ab249f6a1e5fb71b3e5ee88d2e8fde10ebe63a10,-131.28572,-372.49203,-327.58737,1863.3884,-741.08105,431.8503,1769.492,-603.83374,319.30936,2457.7732,3
2497,mvdec_dekm_consistent_v1,airpollution_mvdec_dekm_consistent_v1_2b88b20cd9b6_seed_44,2b88b20cd9b6ab9268889294ab249f6a1e5fb71b3e5ee88d2e8fde10ebe63a10,-163.92268,-465.088,-409.02335,2326.562,-925.2979,539.1973,2209.341,-753.92706,398.67053,3068.7058,3
2498,mvdec_dekm_consistent_v1,airpollution_mvdec_dekm_consistent_v1_2b88b20cd9b6_seed_44,2b88b20cd9b6ab9268889294ab249f6a1e5fb71b3e5ee88d2e8fde10ebe63a10,-194.0647,-550.6054,-484.23383,2754.3289,-1095.4323,638.3381,2615.5652,-892.5467,471.9648,3632.9358,0
2499,mvdec_dekm_consistent_v1,airpollution_mvdec_dekm_consistent_v1_2b88b20cd9b6_seed_44,2b88b20cd9b6ab9268889294ab249f6a1e5fb71b3e5ee88d2e8fde10ebe63a10,-216.30606,-613.7077,-539.7306,3069.9727,-1220.9722,711.4928,2915.3135,-994.83215,526.0479,4049.274,0
2500,mvdec_dekm_consistent_v1,airpollution_mvdec_dekm_consistent_v1_2b88b20cd9b6_seed_44,2b88b20cd9b6ab9268889294ab249f6a1e5fb71b3e5ee88d2e8fde10ebe63a10,-226.35025,-642.20483,-564.79297,3212.5176,-1277.6667,744.5298,3050.681,-1041.0248,550.4719,4237.294,0
2501,mvdec_dekm_consistent_v1,airpollution_mvdec_dekm_consistent_v1_2b88b20cd9b6_seed_44,2b88b20cd9b6ab9268889294ab249f6a1e5fb71b3e5ee88d2e8fde10ebe63a10,-237.92926,-675.0568,-593.6854,3376.8455,-1343.0248,782.6152,3206.7344,-1094.2759,578.6282,4454.045,0
2502,mvdec_dekm_consistent_v1,airpollution_mvdec_dekm_consistent_v1_2b88b20cd9b6_seed_44,2b88b20cd9b6ab9268889294ab249f6a1e5fb71b3e5ee88d2e8fde10ebe63a10,-247.82764,-703.1403,-618.38416,3517.3208,-1398.8959,815.17224,3340.1357,-1139.7979,602.6974,4639.3345,0
2503,mvdec_dekm_consistent_v1,airpollution_mvdec_dekm_consistent_v1_2b88b20cd9b6_seed_44,2b88b20cd9b6ab9268889294ab249f6a1e5fb71b3e5ee88d2e8fde10ebe63a10,-261.479,-741.87103,-652.447,3711.057,-1475.9497,860.07336,3524.1152,-1202.5787,635.89246,4894.874,0
2504,mvdec_dekm_consistent_v1,airpollution_mvdec_dekm_consistent_v1_2b88b20cd9b6_seed_44,2b88b20cd9b6ab9268889294ab249f6a1e5fb71b3e5ee88d2e8fde10ebe63a10,-278.34875,-789.73254,-694.5406,3950.466,-1571.169,915.55963,3751.4673,-1280.16,676.91345,5210.6587,0
2505,mvdec_dekm_consistent_v1,airpollution_mvdec_dekm_consistent_v1_2b88b20cd9b6_seed_44,2b88b20cd9b6ab9268889294ab249f6a1e5fb71b3e5ee88d2e8fde10ebe63a10,-297.9112,-845.23346,-743.35297,4228.088,-1681.5865,979.90247,4015.108,-1370.1248,724.4821,5576.8457,0
2506,mvdec_dekm_consistent_v1,airpollution_mvdec_dekm_consistent_v1_2b88b20cd9b6_seed_44,2b88b20cd9b6ab9268889294ab249f6a1e5fb71b3e5ee88d2e8fde10ebe63a10,-319.65088,-906.9107,-797.5977,4536.6006,-1804.2911,1051.4053,4308.0854,-1470.1002,777.343,5983.779,0
2507,mvdec_dekm_consistent_v1,airpollution_mvdec_dekm_consistent_v1_2b88b20cd9b6_seed_44,2b88b20cd9b6ab9268889294ab249f6a1e5fb71b3e5ee88d2e8fde10ebe63a10,-333.0559,-944.94324,-831.0465,4726.843,-1879.9557,1095.4965,4488.7476,-1531.7494,809.93945,6234.712,0
2508,mvdec_dekm_consistent_v1,airpollution_mvdec_dekm_consistent_v1_2b88b20cd9b6_seed_44,2b88b20cd9b6ab9268889294ab249f6a1e5fb71b3e5ee88d2e8fde10ebe63a10,-344.63367,-977.791,-859.93555,4891.1523,-1945.3058,1133.5775,4644.7827,-1584.9943,838.0926,6451.438,0
2509,mvdec_dekm_consistent_v1,airpollution_mvdec_dekm_consistent_v1_2b88b20cd9b6_seed_44,2b88b20cd9b6ab9268889294ab249f6a1e5fb71b3e5ee88d2e8fde10ebe63a10,-358.83804,-1018.09174,-895.37885,5092.7397,-2025.4825,1180.2977,4836.2173,-1650.3196,872.6333,6717.3345,0
2510,mvdec_dekm_consistent_v1,airpollution_mvdec_dekm_consistent_v1_2b88b20cd9b6_seed_44,2b88b20cd9b6ab9268889294ab249f6a1e5fb71b3e5ee88d2e8fde10ebe63a10,-375.38046,-1065.0243,-936.6554,5327.503,-2118.8538,1234.7074,5059.157,-1726.3954,912.8584,7026.9897,0
2511,mvdec_dekm_consistent_v1,airpollution_mvdec_dekm_consistent_v1_2b88b20cd9b6_seed_44,2b88b20cd9b6ab9268889294ab249f6a1e5fb71b3e5ee88d2e8fde10ebe63a10,-393.9724,-1117.772,-983.0464,5591.354,-2223.7932,1295.8583,5309.7197,-1811.8972,958.0674,7375.0127,0
2512,mvdec_dekm_consistent_v1,airpollution_mvdec_dekm_consistent_v1_2b88b20cd9b6_seed_44,2b88b20cd9b6ab9268889294ab249f6a1e5fb71b3e5ee88d2e8fde10ebe63a10,-414.36627,-1175.6318,-1033.9331,5880.776,-2338.9038,1362.9358,5584.566,-1905.6855,1007.6577,7756.7637,0
2513,mvdec_dekm_consistent_v1,airpollution_mvdec_dekm_consistent_v1_2b88b20cd9b6_seed_44,2b88b20cd9b6ab9268889294ab249f6a1e5fb71b3e5ee88d2e8fde10ebe63a10,-436.29236,-1237.8389,-1088.6432,6191.942,-2462.6628,1435.0531,5880.0615,-2006.5204,1060.9735,8167.196,0
2514,mvdec_dekm_consistent_v1,airpollution_mvdec_dekm_consistent_v1_2b88b20cd9b6_seed_44,2b88b20cd9b6ab9268889294ab249f6a1e5fb71b3e5ee88d2e8fde10ebe63a10,-439.17667,-1246.0206,-1095.8389,6232.8677,-2478.9407,1444.5382,5918.9272,-2019.7825,1067.9856,8221.179,0
2515,mvdec_dekm_consistent_v1,airpollution_mvdec_dekm_consistent_v1_2b88b20cd9b6_seed_44,2b88b20cd9b6ab9268889294ab249f6a1e5fb71b3e5ee88d2e8fde10ebe63a10,-441.84717,-1253.5979,-1102.5029,6270.769,-2494.0151,1453.3225,5954.919,-2032.0646,1074.4799,8271.169,0
2516,mvdec_dekm_consistent_v1,airpollution_mvdec_dekm_consistent_v1_2b88b20cd9b6_seed_44,2b88b20cd9b6ab9268889294ab249f6a1e5fb71b3e5ee88d2e8fde10ebe63a10,-446.90277,-1267.94,-1115.117,6342.5083,-2522.548,1469.9493,6023.047,-2055.3123,1086.7719,8365.797,2
2517,mvdec_dekm_consistent_v1,airpollution_mvdec_dekm_consistent_v1_2b88b20cd9b6_seed_44,2b88b20cd9b6ab9268889294ab249f6a1e5fb71b3e5ee88d2e8fde10ebe63a10,-454.30756,-1288.9482,-1133.593,6447.5933,-2564.3428,1494.3043,6122.8384,-2089.3652,1104.7771,8504.403,2
2518,mvdec_dekm_consistent_v1,airpollution_mvdec_dekm_consistent_v1_2b88b20cd9b6_seed_44,2b88b20cd9b6ab9268889294ab249f6a1e5fb71b3e5ee88d2e8fde10ebe63a10,-463.94327,-1316.2855,-1157.6361,6584.336,-2618.7302,1525.9968,6252.6963,-2133.6777,1128.2068,8684.7705,2
2519,mvdec_dekm_consistent_v1,airpollution_mvdec_dekm_consistent_v1_2b88b20cd9b6_seed_44,2b88b20cd9b6ab9268889294ab249f6a1e5fb71b3e5ee88d2e8fde10ebe63a10,-475.69464,-1349.6266,-1186.9584,6751.1084,-2685.0605,1564.649,6411.0723,-2187.7217,1156.7815,8904.746,2
2520,mvdec_dekm_consistent_v1,airpollution_mvdec_dekm_consistent_v1_2b88b20cd9b6_seed_44,2b88b20cd9b6ab9268889294ab249f6a1e5fb71b3e5ee88d2e8fde10ebe63a10,-299.24976,-849.0276,-746.6931,4247.0723,-1689.1372,984.30286,4033.1355,-1376.2773,727.7359,5601.8867,0
2521,mvdec_dekm_consistent_v1,airpollution_mvdec_dekm_consistent_v1_2b88b20cd9b6_seed_44,2b88b20cd9b6ab9268889294ab249f6a1e5fb71b3e5ee88d2e8fde10ebe63a10,-266.38373,-755.7839,-664.6865,3780.6565,-1503.6315,876.2046,3590.209,-1225.1333,647.819,4986.678,0
2522,mvdec_dekm_consistent_v1,airpollution_mvdec_dekm_consistent_v1_2b88b20cd9b6_seed_44,2b88b20cd9b6ab9268889294ab249f6a1e5fb71b3e5ee88d2e8fde10ebe63a10,-233.61935,-662.8274,-582.93365,3315.6826,-1318.6985,768.44,3148.6504,-1074.4564,568.14984,4373.371,0
2523,mvdec_dekm_consistent_v1,airpollution_mvdec_dekm_consistent_v1_2b88b20cd9b6_seed_44,2b88b20cd9b6ab9268889294ab249f6a1e5fb71b3e5ee88d2e8fde10ebe63a10,-201.01215,-570.3165,-501.57214,2852.9338,-1134.6512,661.1915,2709.2063,-924.50104,488.8613,3762.999,0
2524,mvdec_dekm_consistent_v1,airpollution_mvdec_dekm_consistent_v1_2b88b20cd9b6_seed_44,2b88b20cd9b6ab9268889294ab249f6a1e5fb71b3e5ee88d2e8fde10ebe63a10,-168.65222,-478.5084,-420.82745,2393.6934,-951.99994,554.7564,2273.095,-775.68256,410.1731,3157.256,3
2525,mvdec_dekm_consistent_v1,airpollution_mvdec_dekm_consistent_v1_2b88b20cd9b6_seed_44,2b88b20cd9b6ab9268889294ab249f6a1e5fb71b3e5ee88d2e8fde10ebe63a10,-136.23001,-386.52252,-339.92786,1933.572,-768.9969,448.11664,1836.1443,-626.5781,331.33493,2550.349,3
2526,mvdec_dekm_consistent_v1,airpollution_mvdec_dekm_consistent_v1_2b88b20cd9b6_seed_44,2b88b20cd9b6ab9268889294ab249f6a1e5fb71b3e5ee88d2e8fde10ebe63a10,-103.92622,-294.873,-259.32358,1475.1299,-586.66296,341.86646,1400.7909,-478.0183,252.78426,1945.6584,3
2527,mvdec_dekm_consistent_v1,airpollution_mvdec_dekm_consistent_v1_2b88b20cd9b6_seed_44,2b88b20cd9b6ab9268889294ab249f6a1e5fb71b3e5ee88d2e8fde10ebe63a10,-72.46488,-205.61252,-180.82184,1028.645,-409.0838,238.38724,976.79004,-333.33292,176.28325,1356.7385,3
2528,mvdec_dekm_consistent_v1,airpollution_mvdec_dekm_consistent_v1_2b88b20cd9b6_seed_44,2b88b20cd9b6ab9268889294ab249f6a1e5fb71b3e5ee88d2e8fde10ebe63a10,-41.343876,-117.31895,-103.16847,586.98694,-233.42549,136.02708,557.3757,-190.21205,100.607895,774.1866,3
2529,mvdec_dekm_consistent_v1,airpollution_mvdec_dekm_consistent_v1_2b88b20cd9b6_seed_44,2b88b20cd9b6ab9268889294ab249f6a1e5fb71b3e5ee88d2e8fde10ebe63a10,-11.125666,-31.584682,-27.767445,158.14105,-62.861153,36.635513,150.12453,-51.242363,27.129442,208.53221,3
2530,mvdec_dekm_consistent_v1,airpollution_mvdec_dekm_consistent_v1_2b88b20cd9b6_seed_44,2b88b20cd9b6ab9268889294ab249f6a1e5fb71b3e5ee88d2e8fde10ebe63a10,-8.951883,-25.417484,-22.342974,127.29072,-50.59086,29.485342,120.82754,-41.245033,21.843264,167.84,3
2531,mvdec_dekm_consistent_v1,airpollution_mvdec_dekm_consistent_v1_2b88b20cd9b6_seed_44,2b88b20cd9b6ab9268889294ab249f6a1e5fb71b3e5ee88d2e8fde10ebe63a10,-26.053556,-73.93691,-65.015976,369.99893,-147.12025,85.73631,351.30957,-119.89464,63.43019,487.97214,3
2532,mvdec_dekm_consistent_v1,airpollution_mvdec_dekm_consistent_v1_2b88b20cd9b6_seed_44,2b88b20cd9b6ab9268889294ab249f6a1e5fb71b3e5ee88d2e8fde10ebe63a10,-33.726334,-95.704956,-84.16036,478.87854,-190.42578,110.97087,454.70746,-155.17815,82.0854,631.5873,3
2533,mvdec_dekm_consistent_v1,airpollution_mvdec_dekm_consistent_v1_2b88b20cd9b6_seed_44,2b88b20cd9b6ab9268889294ab249f6a1e5fb71b3e5ee88d2e8fde10ebe63a10,-13.653479,-38.75567,-34.073383,194.01344,-77.12665,44.949375,184.18788,-62.86584,33.27575,255.8458,3
2534,mvdec_dekm_consistent_v1,airpollution_mvdec_dekm_consistent_v1_2b88b20cd9b6_seed_44,2b88b20cd9b6ab9268889294ab249f6a1e5fb71b3e5ee88d2e8fde10ebe63a10,-26.489185,-75.17267,-66.101395,376.16864,-149.57553,87.16648,357.1709,-121.894554,64.486015,496.1119,3
2535,mvdec_dekm_consistent_v1,airpollution_mvdec_dekm_consistent_v1_2b88b20cd9b6_seed_44,2b88b20cd9b6ab9268889294ab249f6a1e5fb71b3e5ee88d2e8fde10ebe63a10,-19.4332,-55.15485,-48.49586,276.03772,-109.75103,63.959545,262.0831,-89.44684,47.329426,364.03827,3
2536,mvdec_dekm_consistent_v1,airpollution_mvdec_dekm_consistent_v1_2b88b20cd9b6_seed_44,2b88b20cd9b6ab9268889294ab249f6a1e5fb71b3e5ee88d2e8fde10ebe63a10,-13.153526,-37.33943,-32.82729,186.92377,-74.30823,43.30589,177.4574,-60.5692,32.060574,246.49628,3
2537,mvdec_dekm_consistent_v1,airpollution_mvdec_dekm_consistent_v1_2b88b20cd9b6_seed_44,2b88b20cd9b6ab9268889294ab249f6a1e5fb71b3e5ee88d2e8fde10ebe63a10,-12.254939,-34.789963,-30.586243,174.17787,-69.23812,40.351418,165.35168,-56.43862,29.877674,229.68326,3
2538,mvdec_dekm_consistent_v1,airpollution_mvdec_dekm_consistent_v1_2b88b20cd9b6_seed_44,2b88b20cd9b6ab9268889294ab249f6a1e5fb71b3e5ee88d2e8fde10ebe63a10,-6.344783,-18.022955,-15.838748,90.30088,-35.879173,20.91205,85.70138,-29.258446,15.505043,119.05034,3
2539,mvdec_dekm_consistent_v1,airpollution_mvdec_dekm_consistent_v1_2b88b20cd9b6_seed_44,2b88b20cd9b6ab9268889294ab249f6a1e5fb71b3e5ee88d2e8fde10ebe63a10,-23.183247,-65.79549,-57.855225,329.26978,-130.92224,76.29632,312.63318,-106.69686,56.45122,434.25125,3
2540,mvdec_dekm_consistent_v1,airpollution_mvdec_dekm_consistent_v1_2b88b20cd9b6_seed_44,2b88b20cd9b6ab9268889294ab249f6a1e5fb71b3e5ee88d2e8fde10ebe63a10,-8.848211,-25.124454,-22.08471,125.82562,-50.007133,29.14513,119.43487,-40.76986,21.592232,165.9063,3
2541,mvdec_dekm_consistent_v1,airpollution_mvdec_dekm_consistent_v1_2b88b20cd9b6_seed_44,2b88b20cd9b6ab9268889294ab249f6a1e5fb71b3e5ee88d2e8fde10ebe63a10,-0.8523108,-2.437613,-2.1330185,12.353291,-4.873281,2.8453264,11.673968,-3.9981775,2.1501014,16.232264,3
2542,mvdec_dekm_consistent_v1,airpollution_mvdec_dekm_consistent_v1_2b88b20cd9b6_seed_44,2b88b20cd9b6ab9268889294ab249f6a1e5fb71b3e5ee88d2e8fde10ebe63a10,-4.777442,-13.572455,-11.926314,68.04931,-27.025755,15.753876,64.563866,-22.046421,11.69373,89.69584,3
2543,mvdec_dekm_consistent_v1,airpollution_mvdec_dekm_consistent_v1_2b88b20cd9b6_seed_44,2b88b20cd9b6ab9268889294ab249f6a1e5fb71b3e5ee88d2e8fde10ebe63a10,-18.370237,-52.13826,-45.8431,260.9584,-103.74993,60.4637,247.75749,-84.55869,44.74662,344.14392,3
2544,mvdec_dekm_consistent_v1,airpollution_mvdec_dekm_consistent_v1_2b88b20cd9b6_seed_44,2b88b20cd9b6ab9268889294ab249f6a1e5fb71b3e5ee88d2e8fde10ebe63a10,-35.260674,-100.056366,-87.988205,500.65424,-199.08261,116.01619,475.3794,-162.23302,85.81774,660.3046,3
2545,mvdec_dekm_consistent_v1,airpollution_mvdec_dekm_consistent_v1_2b88b20cd9b6_seed_44,2b88b20cd9b6ab9268889294ab249f6a1e5fb71b3e5ee88d2e8fde10ebe63a10,-28.386444,-80.55301,-70.83435,403.09,-160.27928,93.4047,382.72983,-130.61708,69.09993,531.6169,3
2546,mvdec_dekm_consistent_v1,airpollution_mvdec_dekm_consistent_v1_2b88b20cd9b6_seed_44,2b88b20cd9b6ab9268889294ab249f6a1e5fb71b3e5ee88d2e8fde10ebe63a10,-41.148354,-116.75918,-102.67723,584.1973,-232.31026,135.37897,554.71606,-189.30553,100.1313,770.4997,3
2547,mvdec_dekm_consistent_v1,airpollution_mvdec_dekm_consistent_v1_2b88b20cd9b6_seed_44,2b88b20cd9b6ab9268889294ab249f6a1e5fb71b3e5ee88d2e8fde10ebe63a10,-30.89397,-87.66702,-77.09004,438.67078,-174.43134,101.6514,416.52,-142.14723,75.19581,578.54913,3
2548,mvdec_dekm_consistent_v1,airpollution_mvdec_dekm_consistent_v1_2b88b20cd9b6_seed_44,2b88b20cd9b6ab9268889294ab249f6a1e5fb71b3e5ee88d2e8fde10ebe63a10,-30.919294,-87.7393,-77.15314,439.0315,-174.57509,101.73504,416.86307,-142.26408,75.257515,579.02496,3
2549,mvdec_dekm_consistent_v1,airpollution_mvdec_dekm_consistent_v1_2b88b20cd9b6_seed_44,2b88b20cd9b6ab9268889294ab249f6a1e5fb71b3e5ee88d2e8fde10ebe63a10,-10.346422,-29.371105,-25.8189,147.06873,-58.45384,34.068314,139.6036,-47.652237,25.232267,193.92255,3
2550,mvdec_dekm_consistent_v1,airpollution_mvdec_dekm_consistent_v1_2b88b20cd9b6_seed_44,2b88b20cd9b6ab9268889294ab249f6a1e5fb71b3e5ee88d2e8fde10ebe63a10,-2.5205266,-7.16813,-6.291718,36.008358,-14.281873,8.328013,34.136116,-11.662638,6.2029643,47.432,3
2551,mvdec_dekm_consistent_v1,airpollution_mvdec_dekm_consistent_v1_2b88b20cd9b6_seed_44,2b88b20cd9b6ab9268889294ab249f6a1e5fb71b3e5ee88d2e8fde10ebe63a10,-13.391312,-38.011627,-33.416386,190.2844,-75.64281,44.08435,180.64491,-61.65652,32.636185,250.92526,3
2552,mvdec_dekm_consistent_v1,airpollution_mvdec_dekm_consistent_v1_2b88b20cd9b6_seed_44,2b88b20cd9b6ab9268889294ab249f6a1e5fb71b3e5ee88d2e8fde10ebe63a10,-13.024211,-36.969906,-32.50041,185.0757,-73.5712,42.87715,175.69827,-59.96852,31.744078,244.0547,3
2553,mvdec_dekm_consistent_v1,airpollution_mvdec_dekm_consistent_v1_2b88b20cd9b6_seed_44,2b88b20cd9b6ab9268889294ab249f6a1e5fb71b3e5ee88d2e8fde10ebe63a10,-39.007042,-110.68741,-97.3339,553.8188,-220.2305,128.33878,525.87195,-179.4614,94.92535,730.4318,3
2554,mvdec_dekm_consistent_v1,airpollution_mvdec_dekm_consistent_v1_2b88b20cd9b6_seed_44,2b88b20cd9b6ab9268889294ab249f6a1e5fb71b3e5ee88d2e8fde10ebe63a10,-54.40279,-154.36781,-135.7497,772.31134,-307.13138,178.9776,733.3624,-250.26506,132.36224,1018.6272,3
2555,mvdec_dekm_consistent_v1,airpollution_mvdec_dekm_consistent_v1_2b88b20cd9b6_seed_44,2b88b20cd9b6ab9268889294ab249f6a1e5fb71b3e5ee88d2e8fde10ebe63a10,-71.60142,-203.16212,-178.66417,1016.38965,-404.20724,235.5459,965.1474,-329.3595,174.18369,1340.5688,3
2556,mvdec_dekm_consistent_v1,airpollution_mvdec_dekm_consistent_v1_2b88b20cd9b6_seed_44,2b88b20cd9b6ab9268889294ab249f6a1e5fb71b3e5ee88d2e8fde10ebe63a10,-94.87135,-269.1829,-236.72699,1346.6262,-535.5515,312.083,1278.7549,-436.37424,230.76631,1776.1565,3
2557,mvdec_dekm_consistent_v1,airpollution_mvdec_dekm_consistent_v1_2b88b20cd9b6_seed_44,2b88b20cd9b6ab9268889294ab249f6a1e5fb71b3e5ee88d2e8fde10ebe63a10,-63.739235,-180.8564,-159.04596,904.8055,-359.82797,209.68518,859.18494,-293.20078,155.0633,1193.3899,3
2558,mvdec_dekm_consistent_v1,airpollution_mvdec_dekm_consistent_v1_2b88b20cd9b6_seed_44,2b88b20cd9b6ab9268889294ab249f6a1e5fb71b3e5ee88d2e8fde10ebe63a10,-36.01675,-102.20439,-89.8734,511.38336,-203.35312,118.50384,485.57474,-165.71053,87.65396,674.46,3
2559,mvdec_dekm_consistent_v1,airpollution_mvdec_dekm_consistent_v1_2b88b20cd9b6_seed_44,2b88b20cd9b6ab9268889294ab249f6a1e5fb71b3e5ee88d2e8fde10ebe63a10,-6.28039,-17.837975,-15.674582,89.37635,-35.509487,20.697308,84.81946,-28.957264,15.34681,117.82728,3
2560,mvdec_dekm_consistent_v1,airpollution_mvdec_dekm_consistent_v1_2b88b20cd9b6_seed_44,2b88b20cd9b6ab9268889294ab249f6a1e5fb71b3e5ee88d2e8fde10ebe63a10,-3.7367876,-10.620857,-9.328197,53.280796,-21.152346,12.331053,50.539955,-17.260147,9.162722,70.21553,3
2561,mvdec_dekm_consistent_v1,airpollution_mvdec_dekm_consistent_v1_2b88b20cd9b6_seed_44,2b88b20cd9b6ab9268889294ab249f6a1e5fb71b3e5ee88d2e8fde10ebe63a10,-6.9483767,-19.73337,-17.34169,98.85949,-39.280342,22.894745,93.82364,-32.030014,16.971947,130.33467,3
2562,mvdec_dekm_consistent_v1,airpollution_mvdec_dekm_consistent_v1_2b88b20cd9b6_seed_44,2b88b20cd9b6ab9268889294ab249f6a1e5fb71b3e5ee88d2e8fde10ebe63a10,-0.93087006,-2.6605678,-2.326508,13.459154,-5.313248,3.1012495,12.723867,-4.355952,2.3387299,17.69015,3
2563,mvdec_dekm_consistent_v1,airpollution_mvdec_dekm_consistent_v1_2b88b20cd9b6_seed_44,2b88b20cd9b6ab9268889294ab249f6a1e5fb71b3e5ee88d2e8fde10ebe63a10,-31.363943,-89.00423,-78.26396,445.35727,-177.09102,103.20049,422.87097,-144.31386,76.34111,587.36865,3
2564,mvdec_dekm_consistent_v1,airpollution_mvdec_dekm_consistent_v1_2b88b20cd9b6_seed_44,2b88b20cd9b6ab9268889294ab249f6a1e5fb71b3e5ee88d2e8fde10ebe63a10,-64.25379,-182.31715,-160.33081,912.11743,-362.73428,211.37878,866.12573,-295.56958,156.3168,1203.032,3
2565,mvdec_dekm_consistent_v1,airpollution_mvdec_dekm_consistent_v1_2b88b20cd9b6_seed_44,2b88b20cd9b6ab9268889294ab249f6a1e5fb71b3e5ee88d2e8fde10ebe63a10,-97.074425,-275.4333,-242.22462,1377.8923,-547.9859,319.32898,1308.4451,-446.50613,236.12354,1817.3961,3
2566,mvdec_dekm_consistent_v1,airpollution_mvdec_dekm_consistent_v1_2b88b20cd9b6_seed_44,2b88b20cd9b6ab9268889294ab249f6a1e5fb71b3e5ee88d2e8fde10ebe63a10,-126.280205,-358.29333,-315.09866,1792.3662,-712.83356,415.3893,1702.0463,-580.81824,307.14023,2364.093,3
2567,mvdec_dekm_consistent_v1,airpollution_mvdec_dekm_consistent_v1_2b88b20cd9b6_seed_44,2b88b20cd9b6ab9268889294ab249f6a1e5fb71b3e5ee88d2e8fde10ebe63a10,-147.15979,-417.53088,-367.197,2088.6775,-830.6846,484.06378,1983.4355,-676.8391,357.9108,2754.9314,3
2568,mvdec_dekm_consistent_v1,airpollution_mvdec_dekm_consistent_v1_2b88b20cd9b6_seed_44,2b88b20cd9b6ab9268889294ab249f6a1e5fb71b3e5ee88d2e8fde10ebe63a10,-170.6189,-484.08633,-425.73172,2421.5933,-963.09454,561.22217,2299.5872,-784.7224,414.9533,3194.0537,3
2569,mvdec_dekm_consistent_v1,airpollution_mvdec_dekm_consistent_v1_2b88b20cd9b6_seed_44,2b88b20cd9b6ab9268889294ab249f6a1e5fb71b3e5ee88d2e8fde10ebe63a10,-184.17087,-522.5349,-459.54675,2613.9155,-1039.5869,605.7959,2482.2246,-847.0455,447.90613,3447.73,0
2570,mvdec_dekm_consistent_v1,airpollution_mvdec_dekm_consistent_v1_2b88b20cd9b6_seed_44,2b88b20cd9b6ab9268889294ab249f6a1e5fb71b3e5ee88d2e8fde10ebe63a10,-195.79587,-555.51715,-488.55396,2778.8938,-1105.2041,644.0322,2638.8965,-900.508,476.17343,3665.3396,0
2571,mvdec_dekm_consistent_v1,airpollution_mvdec_dekm_consistent_v1_2b88b20cd9b6_seed_44,2b88b20cd9b6ab9268889294ab249f6a1e5fb71b3e5ee88d2e8fde10ebe63a10,-205.77686,-583.835,-513.4588,2920.5408,-1161.5416,676.8611,2773.4116,-946.4096,500.44327,3852.1755,0
2572,mvdec_dekm_consistent_v1,airpollution_mvdec_dekm_consistent_v1_2b88b20cd9b6_seed_44,2b88b20cd9b6ab9268889294ab249f6a1e5fb71b3e5ee88d2e8fde10ebe63a10,-217.09094,-615.9358,-541.6907,3081.1125,-1225.4056,714.0758,2925.8977,-998.4437,527.9558,4063.972,0
2573,mvdec_dekm_consistent_v1,airpollution_mvdec_dekm_consistent_v1_2b88b20cd9b6_seed_44,2b88b20cd9b6ab9268889294ab249f6a1e5fb71b3e5ee88d2e8fde10ebe63a10,-232.48679,-659.61676,-580.10693,3299.6072,-1312.3075,764.715,3133.3906,-1069.248,565.3932,4352.1704,0
2574,mvdec_dekm_consistent_v1,airpollution_mvdec_dekm_consistent_v1_2b88b20cd9b6_seed_44,2b88b20cd9b6ab9268889294ab249f6a1e5fb71b3e5ee88d2e8fde10ebe63a10,-251.26314,-712.8876,-626.9578,3566.0723,-1418.2885,826.4724,3386.4375,-1155.5978,611.0497,4703.643,0
2575,mvdec_dekm_consistent_v1,airpollution_mvdec_dekm_consistent_v1_2b88b20cd9b6_seed_44,2b88b20cd9b6ab9268889294ab249f6a1e5fb71b3e5ee88d2e8fde10ebe63a10,-272.68857,-773.6747,-680.4192,3870.1367,-1539.2228,896.9435,3675.1895,-1254.1309,663.1488,5104.7075,0
2576,mvdec_dekm_consistent_v1,airpollution_mvdec_dekm_consistent_v1_2b88b20cd9b6_seed_44,2b88b20cd9b6ab9268889294ab249f6a1e5fb71b3e5ee88d2e8fde10ebe63a10,-291.9792,-828.4046,-728.55334,4143.902,-1648.1061,960.3922,3935.1672,-1342.8457,710.0565,5465.808,0
2577,mvdec_dekm_consistent_v1,airpollution_mvdec_dekm_consistent_v1_2b88b20cd9b6_seed_44,2b88b20cd9b6ab9268889294ab249f6a1e5fb71b3e5ee88d2e8fde10ebe63a10,-301.5791,-855.6414,-752.5075,4280.1416,-1702.293,991.96796,4064.5469,-1386.9954,733.3999,5645.511,0
2578,mvdec_dekm_consistent_v1,airpollution_mvdec_dekm_consistent_v1_2b88b20cd9b6_seed_44,2b88b20cd9b6ab9268889294ab249f6a1e5fb71b3e5ee88d2e8fde10ebe63a10,-314.27585,-891.6645,-784.18915,4460.331,-1773.9601,1033.7297,4235.664,-1445.387,764.2738,5883.184,0
2579,mvdec_dekm_consistent_v1,airpollution_mvdec_dekm_consistent_v1_2b88b20cd9b6_seed_44,2b88b20cd9b6ab9268889294ab249f6a1e5fb71b3e5ee88d2e8fde10ebe63a10,-329.75946,-935.5938,-822.8239,4680.0674,-1861.356,1084.6571,4444.336,-1516.594,801.92365,6173.021,0
2580,mvdec_dekm_consistent_v1,airpollution_mvdec_dekm_consistent_v1_2b88b20cd9b6_seed_44,2b88b20cd9b6ab9268889294ab249f6a1e5fb71b3e5ee88d2e8fde10ebe63a10,-347.64478,-986.3368,-867.45154,4933.8906,-1962.308,1143.4839,4685.376,-1598.8463,845.41437,6507.8164,0
2581,mvdec_dekm_consistent_v1,airpollution_mvdec_dekm_consistent_v1_2b88b20cd9b6_seed_44,2b88b20cd9b6ab9268889294ab249f6a1e5fb71b3e5ee88d2e8fde10ebe63a10,-367.60416,-1042.9639,-917.254,5217.1455,-2074.9656,1209.1321,4954.365,-1690.6359,893.9484,6881.4336,0
2582,mvdec_dekm_consistent_v1,airpollution_mvdec_dekm_consistent_v1_2b88b20cd9b6_seed_44,2b88b20cd9b6ab9268889294ab249f6a1e5fb71b3e5ee88d2e8fde10ebe63a10,-389.33643,-1104.6207,-971.4802,5525.562,-2197.6301,1280.6116,5247.2485,-1790.579,946.79333,7288.237,0
2583,mvdec_dekm_consistent_v1,airpollution_mvdec_dekm_consistent_v1_2b88b20cd9b6_seed_44,2b88b20cd9b6ab9268889294ab249f6a1e5fb71b3e5ee88d2e8fde10ebe63a10,-405.78265,-1151.2802,-1012.516,5758.957,-2290.4573,1334.7039,5468.8887,-1866.2118,986.78357,7596.088,0
2584,mvdec_dekm_consistent_v1,airpollution_mvdec_dekm_consistent_v1_2b88b20cd9b6_seed_44,2b88b20cd9b6ab9268889294ab249f6a1e5fb71b3e5ee88d2e8fde10ebe63a10,-405.9833,-1151.8492,-1013.01654,5761.8037,-2291.5896,1335.3638,5471.592,-1867.1339,987.27136,7599.8438,0
2585,mvdec_dekm_consistent_v1,airpollution_mvdec_dekm_consistent_v1_2b88b20cd9b6_seed_44,2b88b20cd9b6ab9268889294ab249f6a1e5fb71b3e5ee88d2e8fde10ebe63a10,-408.86908,-1160.0358,-1020.217,5802.755,-2307.8767,1344.8547,5510.4805,-1880.4044,994.288,7653.8574,0
2586,mvdec_dekm_consistent_v1,airpollution_mvdec_dekm_consistent_v1_2b88b20cd9b6_seed_44,2b88b20cd9b6ab9268889294ab249f6a1e5fb71b3e5ee88d2e8fde10ebe63a10,-414.3144,-1175.4847,-1033.8041,5880.0317,-2338.612,1362.7649,5583.866,-1905.4464,1007.529,7755.788,0
2587,mvdec_dekm_consistent_v1,airpollution_mvdec_dekm_consistent_v1_2b88b20cd9b6_seed_44,2b88b20cd9b6ab9268889294ab249f6a1e5fb71b3e5ee88d2e8fde10ebe63a10,-422.28235,-1198.0919,-1053.6868,5993.1147,-2383.5881,1388.9735,5691.2544,-1942.0917,1026.9048,7904.9463,0
2588,mvdec_dekm_consistent_v1,airpollution_mvdec_dekm_consistent_v1_2b88b20cd9b6_seed_44,2b88b20cd9b6ab9268889294ab249f6a1e5fb71b3e5ee88d2e8fde10ebe63a10,-432.622,-1227.428,-1079.487,6139.856,-2441.9512,1422.9828,5830.607,-1989.6438,1052.0479,8098.5,0
2589,mvdec_dekm_consistent_v1,airpollution_mvdec_dekm_consistent_v1_2b88b20cd9b6_seed_44,2b88b20cd9b6ab9268889294ab249f6a1e5fb71b3e5ee88d2e8fde10ebe63a10,-445.17914,-1263.054,-1110.8195,6318.062,-2512.8284,1464.2842,5999.838,-2047.3921,1082.5818,8333.554,0
2590,mvdec_dekm_consistent_v1,airpollution_mvdec_dekm_consistent_v1_2b88b20cd9b6_seed_44,2b88b20cd9b6ab9268889294ab249f6a1e5fb71b3e5ee88d2e8fde10ebe63a10,-302.4572,-858.1311,-754.70056,4292.6133,-1707.2509,994.8575,4076.3845,-1391.0359,735.53986,5661.958,0
2591,mvdec_dekm_consistent_v1,airpollution_mvdec_dekm_consistent_v1_2b88b20cd9b6_seed_44,2b88b20cd9b6ab9268889294ab249f6a1e5fb71b3e5ee88d2e8fde10ebe63a10,-273.20734,-775.14514,-681.7157,3877.5083,-1542.1515,898.65076,3682.1833,-1256.5192,664.4144,5114.427,0
2592,mvdec_dekm_consistent_v1,airpollution_mvdec_dekm_consistent_v1_2b88b20cd9b6_seed_44,2b88b20cd9b6ab9268889294ab249f6a1e5fb71b3e5ee88d2e8fde10ebe63a10,-240.92885,-683.5662,-601.17365,3419.4236,-1359.9583,792.48285,3247.1658,-1108.0743,585.92535,4510.206,0
2593,mvdec_dekm_consistent_v1,airpollution_mvdec_dekm_consistent_v1_2b88b20cd9b6_seed_44,2b88b20cd9b6ab9268889294ab249f6a1e5fb71b3e5ee88d2e8fde10ebe63a10,-208.9522,-592.8442,-521.385,2965.6213,-1179.4684,687.30756,2816.2163,-961.01746,508.1697,3911.6335,0
2594,mvdec_dekm_consistent_v1,airpollution_mvdec_dekm_consistent_v1_2b88b20cd9b6_seed_44,2b88b20cd9b6ab9268889294ab249f6a1e5fb71b3e5ee88d2e8fde10ebe63a10,-177.43883,-503.43646,-442.752,2518.3943,-1001.59357,583.6563,2391.5105,-816.09125,431.54056,3321.7344,3
2595,mvdec_dekm_consistent_v1,airpollution_mvdec_dekm_consistent_v1_2b88b20cd9b6_seed_44,2b88b20cd9b6ab9268889294ab249f6a1e5fb71b3e5ee88d2e8fde10ebe63a10,-146.34978,-415.23193,-365.17798,2077.1877,-826.1132,481.40027,1972.5216,-673.11597,355.94348,2739.776,3
2596,mvdec_dekm_consistent_v1,airpollution_mvdec_dekm_consistent_v1_2b88b20cd9b6_seed_44,2b88b20cd9b6ab9268889294ab249f6a1e5fb71b3e5ee88d2e8fde10ebe63a10,-114.976685,-326.22183,-286.89474,1631.9471,-649.02924,378.20975,1549.7035,-528.83374,279.65454,2152.4976,3
2597,mvdec_dekm_consistent_v1,airpollution_mvdec_dekm_consistent_v1_2b88b20cd9b6_seed_44,2b88b20cd9b6ab9268889294ab249f6a1e5fb71b3e5ee88d2e8fde10ebe63a10,-84.923805,-240.95596,-211.90654,1205.4459,-479.39694,279.36176,1144.6777,-390.62366,206.57803,1589.9346,3
2598,mvdec_dekm_consistent_v1,airpollution_mvdec_dekm_consistent_v1_2b88b20cd9b6_seed_44,2b88b20cd9b6ab9268889294ab249f6a1e5fb71b3e5ee88d2e8fde10ebe63a10,-58.103527,-164.8634,-144.98413,824.82275,-328.01306,191.14703,783.22284,-267.281,141.36113,1087.8872,3
2599,mvdec_dekm_consistent_v1,airpollution_mvdec_dekm_consistent_v1_2b88b20cd9b6_seed_44,2b88b20cd9b6ab9268889294ab249f6a1e5fb71b3e5ee88d2e8fde10ebe63a10,-35.299324,-100.16396,-88.083626,501.1991,-199.29807,116.14219,475.89365,-162.40875,85.912155,661.0211,3
2600,mvdec_dekm_consistent_v1,airpollution_mvdec_dekm_consistent_v1_2b88b20cd9b6_seed_44,2b88b20cd9b6ab9268889294ab249f6a1e5fb71b3e5ee88d2e8fde10ebe63a10,-12.54772,-35.615494,-31.312653,178.31503,-70.87952,41.309376,169.27235,-57.77705,30.587715,235.13423,3
2601,mvdec_dekm_consistent_v1,airpollution_mvdec_dekm_consistent_v1_2b88b20cd9b6_seed_44,2b88b20cd9b6ab9268889294ab249f6a1e5fb71b3e5ee88d2e8fde10ebe63a10,-0.9008296,-2.571721,-2.2508497,13.030016,-5.140203,3.0016212,12.311475,-4.215742,2.267089,17.120722,3
2602,mvdec_dekm_consistent_v1,airpollution_mvdec_dekm_consistent_v1_2b88b20cd9b6_seed_44,2b88b20cd9b6ab9268889294ab249f6a1e5fb71b3e5ee88d2e8fde10ebe63a10,-20.8028,-59.037876,-51.910797,295.4749,-117.47756,68.46348,280.53375,-95.74295,50.661526,389.6696,3
2603,mvdec_dekm_consistent_v1,airpollution_mvdec_dekm_consistent_v1_2b88b20cd9b6_seed_44,2b88b20cd9b6ab9268889294ab249f6a1e5fb71b3e5ee88d2e8fde10ebe63a10,-10.272247,-29.161406,-25.633898,146.02592,-58.03866,33.82674,138.6128,-47.313595,25.054167,192.54579,3
2604,mvdec_dekm_consistent_v1,airpollution_mvdec_dekm_consistent_v1_2b88b20cd9b6_seed_44,2b88b20cd9b6ab9268889294ab249f6a1e5fb71b3e5ee88d2e8fde10ebe63a10,-1.2204363,-3.4792912,-3.047475,17.558794,-6.944392,4.0521007,16.616385,-5.684138,3.042037,23.097115,3
2605,mvdec_dekm_consistent_v1,airpollution_mvdec_dekm_consistent_v1_2b88b20cd9b6_seed_44,2b88b20cd9b6ab9268889294ab249f6a1e5fb71b3e5ee88d2e8fde10ebe63a10,-13.7340145,-38.983906,-34.271717,195.15013,-77.57883,45.212322,185.26643,-63.233387,33.47036,257.34366,3
2606,mvdec_dekm_consistent_v1,airpollution_mvdec_dekm_consistent_v1_2b88b20cd9b6_seed_44,2b88b20cd9b6ab9268889294ab249f6a1e5fb71b3e5ee88d2e8fde10ebe63a10,-2.565937,-7.2987466,-6.404822,36.65659,-14.541641,8.478785,34.75507,-11.873006,6.313471,48.28878,3
2607,mvdec_dekm_consistent_v1,airpollution_mvdec_dekm_consistent_v1_2b88b20cd9b6_seed_44,2b88b20cd9b6ab9268889294ab249f6a1e5fb71b3e5ee88d2e8fde10ebe63a10,-2.2383676,-6.3699374,-5.5898247,32.020058,-12.695898,7.4033237,30.349035,-10.370285,5.520312,42.171467,3
2608,mvdec_dekm_consistent_v1,airpollution_mvdec_dekm_consistent_v1_2b88b20cd9b6_seed_44,2b88b20cd9b6ab9268889294ab249f6a1e5fb71b3e5ee88d2e8fde10ebe63a10,-7.0904636,-20.136837,-17.696524,100.87997,-40.083923,23.362894,95.74208,-32.684597,17.318518,132.9993,3
2609,mvdec_dekm_consistent_v1,airpollution_mvdec_dekm_consistent_v1_2b88b20cd9b6_seed_44,2b88b20cd9b6ab9268889294ab249f6a1e5fb71b3e5ee88d2e8fde10ebe63a10,-6.6264825,-18.819637,-16.53899,94.29625,-37.464302,21.83663,89.48766,-30.550741,16.191183,124.31392,3
2610,mvdec_dekm_consistent_v1,airpollution_mvdec_dekm_consistent_v1_2b88b20cd9b6_seed_44,2b88b20cd9b6ab9268889294ab249f6a1e5fb71b3e5ee88d2e8fde10ebe63a10,-13.576011,-38.537,-33.87905,192.91772,-76.689255,44.69394,183.14412,-62.509666,33.088104,254.39764,3
2611,mvdec_dekm_consistent_v1,airpollution_mvdec_dekm_consistent_v1_2b88b20cd9b6_seed_44,2b88b20cd9b6ab9268889294ab249f6a1e5fb71b3e5ee88d2e8fde10ebe63a10,-21.845972,-62.000633,-54.514553,310.2873,-123.36944,71.896255,294.60248,-100.54328,53.198223,409.2084,3
2612,mvdec_dekm_consistent_v1,airpollution_mvdec_dekm_consistent_v1_2b88b20cd9b6_seed_44,2b88b20cd9b6ab9268889294ab249f6a1e5fb71b3e5ee88d2e8fde10ebe63a10,-37.35573,-106.003624,-93.21489,530.39764,-210.91289,122.90981,503.62726,-171.87086,90.91288,699.5365,3
2613,mvdec_dekm_consistent_v1,airpollution_mvdec_dekm_consistent_v1_2b88b20cd9b6_seed_44,2b88b20cd9b6ab9268889294ab249f6a1e5fb71b3e5ee88d2e8fde10ebe63a10,-42.754776,-121.32148,-106.68653,607.0188,-241.38725,140.66788,576.39,-196.70029,104.0413,800.60095,3
2614,mvdec_dekm_consistent_v1,airpollution_mvdec_dekm_consistent_v1_2b88b20cd9b6_seed_44,2b88b20cd9b6ab9268889294ab249f6a1e5fb71b3e5ee88d2e8fde10ebe63a10,-64.102585,-181.88698,-159.95328,909.97,-361.88007,210.88116,864.0854,-294.8735,155.94957,1200.199,3
2615,mvdec_dekm_consistent_v1,airpollution_mvdec_dekm_consistent_v1_2b88b20cd9b6_seed_44,2b88b20cd9b6ab9268889294ab249f6a1e5fb71b3e5ee88d2e8fde10ebe63a10,-61.445152,-174.34785,-153.32178,872.2507,-346.87946,202.13986,828.2686,-282.65103,149.48547,1150.4487,3
2616,mvdec_dekm_consistent_v1,airpollution_mvdec_dekm_consistent_v1_2b88b20cd9b6_seed_44,2b88b20cd9b6ab9268889294ab249f6a1e5fb71b3e5ee88d2e8fde10ebe63a10,-71.369606,-202.50325,-178.08571,1013.0927,-402.8955,234.78197,962.0161,-328.2913,173.61858,1336.2205,3
2617,mvdec_dekm_consistent_v1,airpollution_mvdec_dekm_consistent_v1_2b88b20cd9b6_seed_44,2b88b20cd9b6ab9268889294ab249f6a1e5fb71b3e5ee88d2e8fde10ebe63a10,-63.289055,-179.57684,-157.9227,898.4119,-357.2841,208.20328,853.1107,-291.1287,153.96881,1184.9553,3
2618,mvdec_dekm_consistent_v1,airpollution_mvdec_dekm_consistent_v1_2b88b20cd9b6_seed_44,2b88b20cd9b6ab9268889294ab249f6a1e5fb71b3e5ee88d2e8fde10ebe63a10,-51.727654,-146.77605,-129.07483,734.3371,-292.02792,170.17696,697.3002,-237.95995,125.85563,968.5394,3
2619,mvdec_dekm_consistent_v1,airpollution_mvdec_dekm_consistent_v1_2b88b20cd9b6_seed_44,2b88b20cd9b6ab9268889294ab249f6a1e5fb71b3e5ee88d2e8fde10ebe63a10,-24.358236,-69.12669,-60.782726,345.92215,-137.54607,80.156654,328.4482,-112.09281,59.303017,456.2163,3
2620,mvdec_dekm_consistent_v1,airpollution_mvdec_dekm_consistent_v1_2b88b20cd9b6_seed_44,2b88b20cd9b6ab9268889294ab249f6a1e5fb71b3e5ee88d2e8fde10ebe63a10,-8.427145,-23.9284,-21.031418,119.83687,-47.626186,27.757877,113.74911,-38.829063,20.565357,158.00761,3
2621,mvdec_dekm_consistent_v1,airpollution_mvdec_dekm_consistent_v1_2b88b20cd9b6_seed_44,2b88b20cd9b6ab9268889294ab249f6a1e5fb71b3e5ee88d2e8fde10ebe63a10,-28.87929,-81.95552,-72.064926,410.09103,-163.06891,95.02883,389.38797,-132.88756,70.29753,540.85754,3
2622,mvdec_dekm_consistent_v1,airpollution_mvdec_dekm_consistent_v1_2b88b20cd9b6_seed_44,2b88b20cd9b6ab9268889294ab249f6a1e5fb71b3e5ee88d2e8fde10ebe63a10,-4.5641704,-12.969234,-11.393016,65.01576,-25.82372,15.052564,61.691418,-21.064816,11.17177,85.69982,3
2623,mvdec_dekm_consistent_v1,airpollution_mvdec_dekm_consistent_v1_2b88b20cd9b6_seed_44,2b88b20cd9b6ab9268889294ab249f6a1e5fb71b3e5ee88d2e8fde10ebe63a10,-13.67295,-38.812904,-34.12214,194.28786,-77.238495,45.01335,184.45314,-62.95591,33.321472,256.2111,3
2624,mvdec_dekm_consistent_v1,airpollution_mvdec_dekm_consistent_v1_2b88b20cd9b6_seed_44,2b88b20cd9b6ab9268889294ab249f6a1e5fb71b3e5ee88d2e8fde10ebe63a10,-24.862907,-70.560715,-62.044113,353.09406,-140.39948,81.81887,335.26114,-114.41766,60.531616,465.67786,3
2625,mvdec_dekm_consistent_v1,airpollution_mvdec_dekm_consistent_v1_2b88b20cd9b6_seed_44,2b88b20cd9b6ab9268889294ab249f6a1e5fb71b3e5ee88d2e8fde10ebe63a10,-50.235928,-142.5472,-125.35515,713.1766,-283.61447,165.27336,677.21106,-231.1043,122.22883,940.63275,3
2626,mvdec_dekm_consistent_v1,airpollution_mvdec_dekm_consistent_v1_2b88b20cd9b6_seed_44,2b88b20cd9b6ab9268889294ab249f6a1e5fb71b3e5ee88d2e8fde10ebe63a10,-80.476364,-228.3445,-200.81136,1142.3378,-454.30484,264.73795,1084.7627,-370.17645,195.7614,1506.7039,3
2627,mvdec_dekm_consistent_v1,airpollution_mvdec_dekm_consistent_v1_2b88b20cd9b6_seed_44,2b88b20cd9b6ab9268889294ab249f6a1e5fb71b3e5ee88d2e8fde10ebe63a10,-53.668274,-152.28734,-133.92018,761.8914,-302.99152,176.56415,723.47626,-246.89127,130.57478,1004.8905,3
2628,mvdec_dekm_consistent_v1,airpollution_mvdec_dekm_consistent_v1_2b88b20cd9b6_seed_44,2b88b20cd9b6ab9268889294ab249f6a1e5fb71b3e5ee88d2e8fde10ebe63a10,-21.634274,-61.401817,-53.988712,307.27676,-122.17838,71.20057,291.7543,-99.57112,52.680714,405.24652,3
2629,mvdec_dekm_consistent_v1,airpollution_mvdec_dekm_consistent_v1_2b88b20cd9b6_seed_44,2b88b20cd9b6ab9268889294ab249f6a1e5fb71b3e5ee88d2e8fde10ebe63a10,-9.509355,-27.00026,-23.733479,135.19975,-53.737915,31.318892,128.34137,-43.808475,23.197203,178.27396,3
2630,mvdec_dekm_consistent_v1,airpollution_mvdec_dekm_consistent_v1_2b88b20cd9b6_seed_44,2b88b20cd9b6ab9268889294ab249f6a1e5fb71b3e5ee88d2e8fde10ebe63a10,-34.62804,-98.26632,-86.41041,491.67935,-195.51895,113.938034,466.8681,-159.32697,84.27701,648.47424,3
2631,mvdec_dekm_consistent_v1,airpollution_mvdec_dekm_consistent_v1_2b88b20cd9b6_seed_44,2b88b20cd9b6ab9268889294ab249f6a1e5fb71b3e5ee88d2e8fde10ebe63a10,-37.341938,-105.966644,-93.18184,530.1938,-210.83765,122.86441,503.44406,-171.80788,90.875656,699.276,3
2632,mvdec_dekm_consistent_v1,airpollution_mvdec_dekm_consistent_v1_2b88b20cd9b6_seed_44,2b88b20cd9b6ab9268889294ab249f6a1e5fb71b3e5ee88d2e8fde10ebe63a10,-4.557071,-12.949736,-11.37561,64.91596,-25.78417,15.029424,61.597298,-21.032675,11.154281,85.56868,3
2633,mvdec_dekm_consistent_v1,airpollution_mvdec_dekm_consistent_v1_2b88b20cd9b6_seed_44,2b88b20cd9b6ab9268889294ab249f6a1e5fb71b3e5ee88d2e8fde10ebe63a10,-26.210085,-74.38278,-65.404915,372.20813,-148.00241,86.24922,353.41415,-120.611916,63.806053,490.8906,3
2634,mvdec_dekm_consistent_v1,airpollution_mvdec_dekm_consistent_v1_2b88b20cd9b6_seed_44,2b88b20cd9b6ab9268889294ab249f6a1e5fb71b3e5ee88d2e8fde10ebe63a10,-52.514454,-149.01164,-131.03972,745.50995,-296.47424,172.76703,707.9161,-241.58188,127.76848,983.2805,3
2635,mvdec_dekm_consistent_v1,airpollution_mvdec_dekm_consistent_v1_2b88b20cd9b6_seed_44,2b88b20cd9b6ab9268889294ab249f6a1e5fb71b3e5ee88d2e8fde10ebe63a10,-79.70418,-226.15315,-198.88422,1131.38,-449.94513,262.1977,1074.3539,-366.6248,193.88434,1492.2487,3
2636,mvdec_dekm_consistent_v1,airpollution_mvdec_dekm_consistent_v1_2b88b20cd9b6_seed_44,2b88b20cd9b6ab9268889294ab249f6a1e5fb71b3e5ee88d2e8fde10ebe63a10,-100.355286,-284.74307,-250.41307,1424.4523,-566.50793,330.12143,1352.6677,-461.5963,244.1,1878.8152,3
2637,mvdec_dekm_consistent_v1,airpollution_mvdec_dekm_consistent_v1_2b88b20cd9b6_seed_44,2b88b20cd9b6ab9268889294ab249f6a1e5fb71b3e5ee88d2e8fde10ebe63a10,-123.76582,-351.16156,-308.8272,1756.6847,-698.6456,407.12103,1668.1687,-569.2576,301.0254,2317.0344,3
2638,mvdec_dekm_consistent_v1,airpollution_mvdec_dekm_consistent_v1_2b88b20cd9b6_seed_44,2b88b20cd9b6ab9268889294ab249f6a1e5fb71b3e5ee88d2e8fde10ebe63a10,-144.83153,-410.92728,-361.39032,2055.64,-817.54785,476.40796,1952.0682,-666.1353,352.2492,2711.3599,3
2639,mvdec_dekm_consistent_v1,airpollution_mvdec_dekm_consistent_v1_2b88b20cd9b6_seed_44,2b88b20cd9b6ab9268889294ab249f6a1e5fb71b3e5ee88d2e8fde10ebe63a10,-152.4693,-432.59656,-380.448,2164.0325,-860.65796,501.52927,2055.0012,-701.2602,370.82166,2854.3308,3
2640,mvdec_dekm_consistent_v1,airpollution_mvdec_dekm_consistent_v1_2b88b20cd9b6_seed_44,2b88b20cd9b6ab9268889294ab249f6a1e5fb71b3e5ee88d2e8fde10ebe63a10,-166.21413,-471.5923,-414.74393,2359.0942,-938.2386,546.7373,2240.239,-764.4705,404.2441,3111.6194,3
2641,mvdec_dekm_consistent_v1,airpollution_mvdec_dekm_consistent_v1_2b88b20cd9b6_seed_44,2b88b20cd9b6ab9268889294ab249f6a1e5fb71b3e5ee88d2e8fde10ebe63a10,-174.02298,-493.7469,-434.22855,2469.916,-982.3147,572.4215,2345.478,-800.3824,423.23273,3257.7937,3
2642,mvdec_dekm_consistent_v1,airpollution_mvdec_dekm_consistent_v1_2b88b20cd9b6_seed_44,2b88b20cd9b6ab9268889294ab249f6a1e5fb71b3e5ee88d2e8fde10ebe63a10,-187.1746,-531.05945,-467.0443,2656.559,-1056.5469,615.67834,2522.7205,-860.86456,455.2129,3503.9775,0
2643,mvdec_dekm_consistent_v1,airpollution_mvdec_dekm_consistent_v1_2b88b20cd9b6_seed_44,2b88b20cd9b6ab9268889294ab249f6a1e5fb71b3e5ee88d2e8fde10ebe63a10,-204.75314,-580.93164,-510.9063,2906.0273,-1155.7664,673.4958,2759.6243,-941.7054,497.9576,3833.0283,0
2644,mvdec_dekm_consistent_v1,airpollution_mvdec_dekm_consistent_v1_2b88b20cd9b6_seed_44,2b88b20cd9b6ab9268889294ab249f6a1e5fb71b3e5ee88d2e8fde10ebe63a10,-225.72047,-640.4179,-563.2233,3203.5837,-1274.1118,742.4586,3042.1948,-1038.1298,548.9418,4225.5093,0
2645,mvdec_dekm_consistent_v1,airpollution_mvdec_dekm_consistent_v1_2b88b20cd9b6_seed_44,2b88b20cd9b6ab9268889294ab249f6a1e5fb71b3e5ee88d2e8fde10ebe63a10,-249.15912,-706.9153,-621.7067,3536.211,-1406.4062,819.54974,3358.0703,-1145.9188,605.93494,4664.248,0
2646,mvdec_dekm_consistent_v1,airpollution_mvdec_dekm_consistent_v1_2b88b20cd9b6_seed_44,2b88b20cd9b6ab9268889294ab249f6a1e5fb71b3e5ee88d2e8fde10ebe63a10,-259.82242,-737.16815,-648.31366,3687.5388,-1466.5933,854.62225,3501.7773,-1194.9572,631.8639,4863.852,0
2647,mvdec_dekm_consistent_v1,airpollution_mvdec_dekm_consistent_v1_2b88b20cd9b6_seed_44,2b88b20cd9b6ab9268889294ab249f6a1e5fb71b3e5ee88d2e8fde10ebe63a10,-270.5033,-767.4713,-674.96423,3839.118,-1526.8806,889.75275,3645.7234,-1244.077,657.8356,5063.7866,0
2648,mvdec_dekm_consistent_v1,airpollution_mvdec_dekm_consistent_v1_2b88b20cd9b6_seed_44,2b88b20cd9b6ab9268889294ab249f6a1e5fb71b3e5ee88d2e8fde10ebe63a10,-284.53766,-807.28894,-709.98254,4038.2886,-1606.0968,935.9134,3834.8643,-1308.6191,691.96185,5326.4956,0
2649,mvdec_dekm_consistent_v1,airpollution_mvdec_dekm_consistent_v1_2b88b20cd9b6_seed_44,2b88b20cd9b6ab9268889294ab249f6a1e5fb71b3e5ee88d2e8fde10ebe63a10,-301.48398,-855.36804,-752.26685,4278.782,-1701.7483,991.65173,4063.248,-1386.5524,733.1685,5643.7124,0
2650,mvdec_dekm_consistent_v1,airpollution_mvdec_dekm_consistent_v1_2b88b20cd9b6_seed_44,2b88b20cd9b6ab9268889294ab249f6a1e5fb71b3e5ee88d2e8fde10ebe63a10,-320.88623,-910.4152,-800.67926,4554.132,-1811.2627,1055.468,4324.732,-1475.781,780.3472,6006.903,0
2651,mvdec_dekm_consistent_v1,airpollution_mvdec_dekm_consistent_v1_2b88b20cd9b6_seed_44,2b88b20cd9b6ab9268889294ab249f6a1e5fb71b3e5ee88d2e8fde10ebe63a10,-342.3734,-971.3771,-854.2938,4859.068,-1932.5446,1126.1416,4614.312,-1574.5967,832.59546,6409.1177,0
2652,mvdec_dekm_consistent_v1,airpollution_mvdec_dekm_consistent_v1_2b88b20cd9b6_seed_44,2b88b20cd9b6ab9268889294ab249f6a1e5fb71b3e5ee88d2e8fde10ebe63a10,-365.5464,-1037.1218,-912.11475,5187.9287,-2063.342,1202.3599,4926.6123,-1681.1656,888.9428,6842.8896,0
2653,mvdec_dekm_consistent_v1,airpollution_mvdec_dekm_consistent_v1_2b88b20cd9b6_seed_44,2b88b20cd9b6ab9268889294ab249f6a1e5fb71b3e5ee88d2e8fde10ebe63a10,-372.56262,-1057.0281,-929.62164,5287.4995,-2102.9446,1225.4371,5021.1704,-1713.4324,906.0038,6974.2266,0
2654,mvdec_dekm_consistent_v1,airpollution_mvdec_dekm_consistent_v1_2b88b20cd9b6_seed_44,2b88b20cd9b6ab9268889294ab249f6a1e5fb71b3e5ee88d2e8fde10ebe63a10,-372.7796,-1057.646,-930.1654,5290.5967,-2104.1746,1226.1534,5024.11,-1714.4354,906.53467,6978.309,0
2655,mvdec_dekm_consistent_v1,airpollution_mvdec_dekm_consistent_v1_2b88b20cd9b6_seed_44,2b88b20cd9b6ab9268889294ab249f6a1e5fb71b3e5ee88d2e8fde10ebe63a10,-375.9136,-1066.5369,-937.9853,5335.0703,-2121.8628,1236.4608,5066.3438,-1728.8473,914.155,7036.971,0
2656,mvdec_dekm_consistent_v1,airpollution_mvdec_dekm_consistent_v1_2b88b20cd9b6_seed_44,2b88b20cd9b6ab9268889294ab249f6a1e5fb71b3e5ee88d2e8fde10ebe63a10,-381.82065,-1083.2964,-952.7246,5418.902,-2155.205,1255.8901,5145.9526,-1756.0132,928.5188,7147.5454,0
2657,mvdec_dekm_consistent_v1,airpollution_mvdec_dekm_consistent_v1_2b88b20cd9b6_seed_44,2b88b20cd9b6ab9268889294ab249f6a1e5fb71b3e5ee88d2e8fde10ebe63a10,-390.43726,-1107.7424,-974.2242,5541.1826,-2203.8394,1284.2307,5262.0757,-1795.6392,949.4706,7308.8374,0
2658,mvdec_dekm_consistent_v1,airpollution_mvdec_dekm_consistent_v1_2b88b20cd9b6_seed_44,2b88b20cd9b6ab9268889294ab249f6a1e5fb71b3e5ee88d2e8fde10ebe63a10,-401.59094,-1139.3877,-1002.05585,5699.4756,-2266.797,1320.9171,5412.398,-1846.9346,976.59296,7517.6265,0
2659,mvdec_dekm_consistent_v1,airpollution_mvdec_dekm_consistent_v1_2b88b20cd9b6_seed_44,2b88b20cd9b6ab9268889294ab249f6a1e5fb71b3e5ee88d2e8fde10ebe63a10,-415.05322,-1177.582,-1035.6469,5890.5273,-2342.7834,1365.1959,5593.828,-1908.8456,1009.32806,7769.6265,0
2660,mvdec_dekm_consistent_v1,airpollution_mvdec_dekm_consistent_v1_2b88b20cd9b6_seed_44,2b88b20cd9b6ab9268889294ab249f6a1e5fb71b3e5ee88d2e8fde10ebe63a10,-270.16263,-766.50586,-674.11566,3834.2944,-1524.9631,888.6348,3641.143,-1242.514,657.0102,5057.4253,0
2661,mvdec_dekm_consistent_v1,airpollution_mvdec_dekm_consistent_v1_2b88b20cd9b6_seed_44,2b88b20cd9b6ab9268889294ab249f6a1e5fb71b3e5ee88d2e8fde10ebe63a10,-263.7732,-748.3781,-658.1723,3743.6125,-1488.8971,867.6185,3555.0303,-1213.1287,641.4719,4937.816,0
2662,mvdec_dekm_consistent_v1,airpollution_mvdec_dekm_consistent_v1_2b88b20cd9b6_seed_44,2b88b20cd9b6ab9268889294ab249f6a1e5fb71b3e5ee88d2e8fde10ebe63a10,-251.4267,-713.3478,-627.3656,3568.394,-1419.2073,827.009,3388.632,-1156.3479,611.45044,4706.6978,0
2663,mvdec_dekm_consistent_v1,airpollution_mvdec_dekm_consistent_v1_2b88b20cd9b6_seed_44,2b88b20cd9b6ab9268889294ab249f6a1e5fb71b3e5ee88d2e8fde10ebe63a10,-219.98624,-624.1481,-548.9148,3122.1997,-1241.7452,723.5977,2964.9114,-1011.75757,534.99725,4118.1646,0
2664,mvdec_dekm_consistent_v1,airpollution_mvdec_dekm_consistent_v1_2b88b20cd9b6_seed_44,2b88b20cd9b6ab9268889294ab249f6a1e5fb71b3e5ee88d2e8fde10ebe63a10,-189.13579,-536.6223,-471.93713,2684.3862,-1067.6155,622.12836,2549.147,-869.8822,459.9811,3540.6824,0
2665,mvdec_dekm_consistent_v1,airpollution_mvdec_dekm_consistent_v1_2b88b20cd9b6_seed_44,2b88b20cd9b6ab9268889294ab249f6a1e5fb71b3e5ee88d2e8fde10ebe63a10,-159.19615,-451.68164,-397.23175,2259.4963,-898.62683,523.6545,2145.6582,-732.1955,387.1785,2980.2488,3
2666,mvdec_dekm_consistent_v1,airpollution_mvdec_dekm_consistent_v1_2b88b20cd9b6_seed_44,2b88b20cd9b6ab9268889294ab249f6a1e5fb71b3e5ee88d2e8fde10ebe63a10,-130.79765,-371.1118,-326.37268,1856.486,-738.3378,430.25113,1762.9418,-601.5976,318.12653,2448.6714,3
2667,mvdec_dekm_consistent_v1,airpollution_mvdec_dekm_consistent_v1_2b88b20cd9b6_seed_44,2b88b20cd9b6ab9268889294ab249f6a1e5fb71b3e5ee88d2e8fde10ebe63a10,-105.11252,-298.23944,-262.28384,1491.9764,-593.3623,345.77075,1416.7877,-483.47656,255.67155,1967.8776,3
2668,mvdec_dekm_consistent_v1,airpollution_mvdec_dekm_consistent_v1_2b88b20cd9b6_seed_44,2b88b20cd9b6ab9268889294ab249f6a1e5fb71b3e5ee88d2e8fde10ebe63a10,-82.01578,-232.71045,-204.65282,1164.1951,-462.99454,269.80273,1105.5126,-377.2576,199.50882,1535.529,3
2669,mvdec_dekm_consistent_v1,airpollution_mvdec_dekm_consistent_v1_2b88b20cd9b6_seed_44,2b88b20cd9b6ab9268889294ab249f6a1e5fb71b3e5ee88d2e8fde10ebe63a10,-59.32608,-168.33539,-148.03818,842.18976,-334.9238,195.17282,799.7209,-272.91043,144.33691,1110.7986,3
2670,mvdec_dekm_consistent_v1,airpollution_mvdec_dekm_consistent_v1_2b88b20cd9b6_seed_44,2b88b20cd9b6ab9268889294ab249f6a1e5fb71b3e5ee88d2e8fde10ebe63a10,-39.578392,-112.30891,-98.7634,561.93475,-223.45987,130.22028,533.5816,-182.09303,96.316696,741.14,3
2671,mvdec_dekm_consistent_v1,airpollution_mvdec_dekm_consistent_v1_2b88b20cd9b6_seed_44,2b88b20cd9b6ab9268889294ab249f6a1e5fb71b3e5ee88d2e8fde10ebe63a10,-8.806564,-25.003864,-21.980516,125.22694,-49.769714,29.007063,118.86647,-40.576157,21.490475,165.11726,3
2672,mvdec_dekm_consistent_v1,airpollution_mvdec_dekm_consistent_v1_2b88b20cd9b6_seed_44,2b88b20cd9b6ab9268889294ab249f6a1e5fb71b3e5ee88d2e8fde10ebe63a10,-4.6796007,-13.295742,-11.682792,66.65902,-26.476212,15.433047,63.24941,-21.597298,11.454797,87.86631,3
2673,mvdec_dekm_consistent_v1,airpollution_mvdec_dekm_consistent_v1_2b88b20cd9b6_seed_44,2b88b20cd9b6ab9268889294ab249f6a1e5fb71b3e5ee88d2e8fde10ebe63a10,-18.6307,-52.87807,-46.49384,264.64783,-105.22242,61.32039,251.26913,-85.75655,45.377777,349.0167,3
2674,mvdec_dekm_consistent_v1,airpollution_mvdec_dekm_consistent_v1_2b88b20cd9b6_seed_44,2b88b20cd9b6ab9268889294ab249f6a1e5fb71b3e5ee88d2e8fde10ebe63a10,-32.239037,-91.486275,-80.44977,457.7741,-182.03294,106.07985,434.66766,-148.33955,78.469025,603.7515,3
2675,mvdec_dekm_consistent_v1,airpollution_mvdec_dekm_consistent_v1_2b88b20cd9b6_seed_44,2b88b20cd9b6ab9268889294ab249f6a1e5fb71b3e5ee88d2e8fde10ebe63a10,-14.0498085,-39.881012,-35.064083,199.64433,-79.36718,46.254047,189.53583,-64.69115,34.24131,263.274,3
2676,mvdec_dekm_consistent_v1,airpollution_mvdec_dekm_consistent_v1_2b88b20cd9b6_seed_44,2b88b20cd9b6ab9268889294ab249f6a1e5fb71b3e5ee88d2e8fde10ebe63a10,-27.148092,-77.04491,-67.7474,385.5328,-153.3015,89.33688,366.06647,-124.92966,66.09043,508.46512,3
2677,mvdec_dekm_consistent_v1,airpollution_mvdec_dekm_consistent_v1_2b88b20cd9b6_seed_44,2b88b20cd9b6ab9268889294ab249f6a1e5fb71b3e5ee88d2e8fde10ebe63a10,-35.223316,-99.9548,-87.89599,500.12674,-198.87914,115.896065,474.8906,-162.0646,85.72464,659.61707,3
2678,mvdec_dekm_consistent_v1,airpollution_mvdec_dekm_consistent_v1_2b88b20cd9b6_seed_44,2b88b20cd9b6ab9268889294ab249f6a1e5fb71b3e5ee88d2e8fde10ebe63a10,-8.522684,-24.199139,-21.271385,121.194695,-48.166885,28.072886,115.03938,-39.269756,20.798557,159.79991,3
2679,mvdec_dekm_consistent_v1,airpollution_mvdec_dekm_consistent_v1_2b88b20cd9b6_seed_44,2b88b20cd9b6ab9268889294ab249f6a1e5fb71b3e5ee88d2e8fde10ebe63a10,-12.934306,-36.716637,-32.27942,183.80577,-73.06901,42.583824,174.4978,-59.559063,31.525997,242.38458,3
2680,mvdec_dekm_consistent_v1,airpollution_mvdec_dekm_consistent_v1_2b88b20cd9b6_seed_44,2b88b20cd9b6ab9268889294ab249f6a1e5fb71b3e5ee88d2e8fde10ebe63a10,-43.988453,-124.822655,-109.76695,624.5266,-248.3542,144.727,593.0225,-202.37584,107.04036,823.69934,3
2681,mvdec_dekm_consistent_v1,airpollution_mvdec_dekm_consistent_v1_2b88b20cd9b6_seed_44,2b88b20cd9b6ab9268889294ab249f6a1e5fb71b3e5ee88d2e8fde10ebe63a10,-53.687855,-152.34181,-133.96843,762.1726,-303.10092,176.6289,723.7394,-246.98112,130.6238,1005.2581,3
2682,mvdec_dekm_consistent_v1,airpollution_mvdec_dekm_consistent_v1_2b88b20cd9b6_seed_44,2b88b20cd9b6ab9268889294ab249f6a1e5fb71b3e5ee88d2e8fde10ebe63a10,-67.9964,-192.93651,-169.671,965.2316,-383.86273,223.69073,916.5723,-312.7833,165.41641,1273.0956,3
2683,mvdec_dekm_consistent_v1,airpollution_mvdec_dekm_consistent_v1_2b88b20cd9b6_seed_44,2b88b20cd9b6ab9268889294ab249f6a1e5fb71b3e5ee88d2e8fde10ebe63a10,-73.51158,-208.58275,-183.43234,1043.4946,-414.9902,241.82901,990.8931,-338.14496,178.8264,1376.3257,3
2684,mvdec_dekm_consistent_v1,airpollution_mvdec_dekm_consistent_v1_2b88b20cd9b6_seed_44,2b88b20cd9b6ab9268889294ab249f6a1e5fb71b3e5ee88d2e8fde10ebe63a10,-88.40938,-250.84909,-220.606,1254.9229,-499.0796,290.82993,1191.6711,-406.65872,215.05418,1655.2007,3
2685,mvdec_dekm_consistent_v1,airpollution_mvdec_dekm_consistent_v1_2b88b20cd9b6_seed_44,2b88b20cd9b6ab9268889294ab249f6a1e5fb71b3e5ee88d2e8fde10ebe63a10,-94.625206,-268.48367,-236.11581,1343.1373,-534.1638,311.27448,1275.441,-435.24457,230.16977,1771.5557,3
2686,mvdec_dekm_consistent_v1,airpollution_mvdec_dekm_consistent_v1_2b88b20cd9b6_seed_44,2b88b20cd9b6ab9268889294ab249f6a1e5fb71b3e5ee88d2e8fde10ebe63a10,-101.55538,-288.14484,-253.40831,1441.4901,-573.28015,334.06863,1368.8385,-467.11572,247.02249,1901.2826,3
2687,mvdec_dekm_consistent_v1,airpollution_mvdec_dekm_consistent_v1_2b88b20cd9b6_seed_44,2b88b20cd9b6ab9268889294ab249f6a1e5fb71b3e5ee88d2e8fde10ebe63a10,-90.64568,-257.1933,-226.1859,1286.6685,-511.70224,298.18646,1221.8126,-416.94446,220.49477,1697.0693,3
2688,mvdec_dekm_consistent_v1,airpollution_mvdec_dekm_consistent_v1_2b88b20cd9b6_seed_44,2b88b20cd9b6ab9268889294ab249f6a1e5fb71b3e5ee88d2e8fde10ebe63a10,-58.06952,-164.77046,-144.90123,824.35944,-327.8289,191.03958,782.7843,-267.13077,141.28145,1087.2764,3
2689,mvdec_dekm_consistent_v1,airpollution_mvdec_dekm_consistent_v1_2b88b20cd9b6_seed_44,2b88b20cd9b6ab9268889294ab249f6a1e5fb71b3e5ee88d2e8fde10ebe63a10,-26.68885,-75.73915,-66.59939,379.0144,-150.70277,87.82445,359.8661,-122.814545,64.97482,499.8594,3
2690,mvdec_dekm_consistent_v1,airpollution_mvdec_dekm_consistent_v1_2b88b20cd9b6_seed_44,2b88b20cd9b6ab9268889294ab249f6a1e5fb71b3e5ee88d2e8fde10ebe63a10,-2.5556178,-7.2681017,-6.3802667,36.509926,-14.480151,8.443698,34.610855,-11.825113,6.2889414,48.092796,3
2691,mvdec_dekm_consistent_v1,airpollution_mvdec_dekm_consistent_v1_2b88b20cd9b6_seed_44,2b88b20cd9b6ab9268889294ab249f6a1e5fb71b3e5ee88d2e8fde10ebe63a10,-20.276863,-57.545666,-50.598198,288.00165,-114.50513,66.731,273.43698,-93.32177,49.379913,379.81314,3
2692,mvdec_dekm_consistent_v1,airpollution_mvdec_dekm_consistent_v1_2b88b20cd9b6_seed_44,2b88b20cd9b6ab9268889294ab249f6a1e5fb71b3e5ee88d2e8fde10ebe63a10,-4.714877,-13.392675,-11.767021,67.14835,-26.66576,15.544709,63.70532,-21.753342,11.539051,88.50483,3
2693,mvdec_dekm_consistent_v1,airpollution_mvdec_dekm_consistent_v1_2b88b20cd9b6_seed_44,2b88b20cd9b6ab9268889294ab249f6a1e5fb71b3e5ee88d2e8fde10ebe63a10,-17.48264,-49.6178,-43.625603,248.34618,-98.73374,57.540524,235.7793,-80.471275,42.58547,327.50748,3
2694,mvdec_dekm_consistent_v1,airpollution_mvdec_dekm_consistent_v1_2b88b20cd9b6_seed_44,2b88b20cd9b6ab9268889294ab249f6a1e5fb71b3e5ee88d2e8fde10ebe63a10,-8.085997,-22.957386,-20.178541,114.991,-45.694862,26.633484,109.139496,-37.256866,19.736673,151.61037,3
2695,mvdec_dekm_consistent_v1,airpollution_mvdec_dekm_consistent_v1_2b88b20cd9b6_seed_44,2b88b20cd9b6ab9268889294ab249f6a1e5fb71b3e5ee88d2e8fde10ebe63a10,-41.188866,-116.87613,-102.77722,584.7753,-232.54176,135.51323,555.2679,-189.49277,100.22942,771.26306,3
2696,mvdec_dekm_consistent_v1,airpollution_mvdec_dekm_consistent_v1_2b88b20cd9b6_seed_44,2b88b20cd9b6ab9268889294ab249f6a1e5fb71b3e5ee88d2e8fde10ebe63a10,-71.62904,-203.23886,-178.73135,1016.76904,-404.3578,235.63414,965.50757,-329.4824,174.24805,1341.0693,3
2697,mvdec_dekm_consistent_v1,airpollution_mvdec_dekm_consistent_v1_2b88b20cd9b6_seed_44,2b88b20cd9b6ab9268889294ab249f6a1e5fb71b3e5ee88d2e8fde10ebe63a10,-39.04406,-110.791466,-97.42457,554.3335,-220.43544,128.45842,526.36145,-179.62823,95.012726,731.11115,3
2698,mvdec_dekm_consistent_v1,airpollution_mvdec_dekm_consistent_v1_2b88b20cd9b6_seed_44,2b88b20cd9b6ab9268889294ab249f6a1e5fb71b3e5ee88d2e8fde10ebe63a10,-8.849703,-25.125158,-22.082493,125.82379,-50.00543,29.144978,119.43074,-40.767628,21.591314,165.90097,3
2699,mvdec_dekm_consistent_v1,airpollution_mvdec_dekm_consistent_v1_2b88b20cd9b6_seed_44,2b88b20cd9b6ab9268889294ab249f6a1e5fb71b3e5ee88d2e8fde10ebe63a10,-20.516691,-58.230072,-51.197235,291.41852,-115.866745,67.523315,276.6867,-94.42943,49.964546,384.32236,3
2700,mvdec_dekm_consistent_v1,airpollution_mvdec_dekm_consistent_v1_2b88b20cd9b6_seed_44,2b88b20cd9b6ab9268889294ab249f6a1e5fb71b3e5ee88d2e8fde10ebe63a10,-50.137047,-142.2658,-125.10609,711.77673,-283.05402,164.94731,675.87463,-230.6482,121.99008,938.77997,3
2701,mvdec_dekm_consistent_v1,airpollution_mvdec_dekm_consistent_v1_2b88b20cd9b6_seed_44,2b88b20cd9b6ab9268889294ab249f6a1e5fb71b3e5ee88d2e8fde10ebe63a10,-45.88809,-130.21072,-114.50395,651.47565,-259.07074,150.97176,618.6105,-211.10745,111.65792,859.24225,3
2702,mvdec_dekm_consistent_v1,airpollution_mvdec_dekm_consistent_v1_2b88b20cd9b6_seed_44,2b88b20cd9b6ab9268889294ab249f6a1e5fb71b3e5ee88d2e8fde10ebe63a10,-18.887638,-53.606537,-47.132378,268.29694,-106.67014,62.164536,254.72784,-86.936615,46.003765,353.8239,3
2703,mvdec_dekm_consistent_v1,airpollution_mvdec_dekm_consistent_v1_2b88b20cd9b6_seed_44,2b88b20cd9b6ab9268889294ab249f6a1e5fb71b3e5ee88d2e8fde10ebe63a10,-7.6256742,-21.654984,-19.030886,108.46944,-43.103092,25.122261,102.95055,-35.14409,18.618294,143.01056,3
2704,mvdec_dekm_consistent_v1,airpollution_mvdec_dekm_consistent_v1_2b88b20cd9b6_seed_44,2b88b20cd9b6ab9268889294ab249f6a1e5fb71b3e5ee88d2e8fde10ebe63a10,-32.800743,-93.08154,-81.8491,465.75,-185.20352,107.92736,442.23956,-150.92262,79.83504,614.2686,3
2705,mvdec_dekm_consistent_v1,airpollution_mvdec_dekm_consistent_v1_2b88b20cd9b6_seed_44,2b88b20cd9b6ab9268889294ab249f6a1e5fb71b3e5ee88d2e8fde10ebe63a10,-53.424465,-151.5943,-133.30956,758.4338,-301.61215,175.76106,720.1849,-245.7683,129.98369,1000.3234,3
2706,mvdec_dekm_consistent_v1,airpollution_mvdec_dekm_consistent_v1_2b88b20cd9b6_seed_44,2b88b20cd9b6ab9268889294ab249f6a1e5fb71b3e5ee88d2e8fde10ebe63a10,-77.041176,-218.59746,-192.23804,1093.5906,-434.91287,253.4384,1038.4631,-354.37738,187.4102,1442.3999,3
2707,mvdec_dekm_consistent_v1,airpollution_mvdec_dekm_consistent_v1_2b88b20cd9b6_seed_44,2b88b20cd9b6ab9268889294ab249f6a1e5fb71b3e5ee88d2e8fde10ebe63a10,-103.96941,-294.99564,-259.4293,1475.7413,-586.90466,342.00748,1401.369,-478.2152,252.8887,1946.4624,3
2708,mvdec_dekm_consistent_v1,airpollution_mvdec_dekm_consistent_v1_2b88b20cd9b6_seed_44,2b88b20cd9b6ab9268889294ab249f6a1e5fb71b3e5ee88d2e8fde10ebe63a10,-111.92912,-317.57776,-279.29034,1588.6993,-631.831,368.1873,1508.6388,-514.8199,272.24316,2095.456,3
2709,mvdec_dekm_consistent_v1,airpollution_mvdec_dekm_consistent_v1_2b88b20cd9b6_seed_44,2b88b20cd9b6ab9268889294ab249f6a1e5fb71b3e5ee88d2e8fde10ebe63a10,-121.525314,-344.80362,-303.23502,1724.8845,-685.9961,399.75037,1637.9668,-558.95166,295.57718,2275.0867,3
2710,mvdec_dekm_consistent_v1,airpollution_mvdec_dekm_consistent_v1_2b88b20cd9b6_seed_44,2b88b20cd9b6ab9268889294ab249f6a1e5fb71b3e5ee88d2e8fde10ebe63a10,-133.49242,-378.75604,-333.09558,1894.7174,-753.5437,439.11163,1799.2477,-613.987,324.67667,2499.0994,3
2711,mvdec_dekm_consistent_v1,airpollution_mvdec_dekm_consistent_v1_2b88b20cd9b6_seed_44,2b88b20cd9b6ab9268889294ab249f6a1e5fb71b3e5ee88d2e8fde10ebe63a10,-142.89243,-405.42606,-356.5509,2028.1224,-806.6028,470.0301,1925.935,-657.2175,347.53442,2675.0627,3
2712,mvdec_dekm_consistent_v1,airpollution_mvdec_dekm_consistent_v1_2b88b20cd9b6_seed_44,2b88b20cd9b6ab9268889294ab249f6a1e5fb71b3e5ee88d2e8fde10ebe63a10,-158.52596,-449.78122,-395.56036,2249.9902,-894.8464,521.4513,2136.6313,-729.1149,385.54953,2967.71,3
2713,mvdec_dekm_consistent_v1,airpollution_mvdec_dekm_consistent_v1_2b88b20cd9b6_seed_44,2b88b20cd9b6ab9268889294ab249f6a1e5fb71b3e5ee88d2e8fde10ebe63a10,-178.79721,-507.2941,-446.14157,2537.6746,-1009.2666,588.1263,2409.8293,-822.34064,434.84177,3347.1707,3
2714,mvdec_dekm_consistent_v1,airpollution_mvdec_dekm_consistent_v1_2b88b20cd9b6_seed_44,2b88b20cd9b6ab9268889294ab249f6a1e5fb71b3e5ee88d2e8fde10ebe63a10,-202.21445,-573.73193,-504.5725,2870.0024,-1141.4424,665.1479,2725.4211,-930.0329,491.78363,3785.5159,0
2715,mvdec_dekm_consistent_v1,airpollution_mvdec_dekm_consistent_v1_2b88b20cd9b6_seed_44,2b88b20cd9b6ab9268889294ab249f6a1e5fb71b3e5ee88d2e8fde10ebe63a10,-220.07597,-624.40765,-549.1411,3123.488,-1242.2606,723.89685,2966.142,-1012.17645,535.2163,4119.8677,0
2716,mvdec_dekm_consistent_v1,airpollution_mvdec_dekm_consistent_v1_2b88b20cd9b6_seed_44,2b88b20cd9b6ab9268889294ab249f6a1e5fb71b3e5ee88d2e8fde10ebe63a10,-227.97345,-646.8137,-568.847,3235.564,-1286.8368,749.8723,3072.5745,-1048.4952,554.4197,4267.6987,0
2717,mvdec_dekm_consistent_v1,airpollution_mvdec_dekm_consistent_v1_2b88b20cd9b6_seed_44,2b88b20cd9b6ab9268889294ab249f6a1e5fb71b3e5ee88d2e8fde10ebe63a10,-239.98734,-680.8981,-598.82385,3406.0574,-1354.6466,789.3867,3234.4817,-1103.7444,583.6323,4492.581,0
2718,mvdec_dekm_consistent_v1,airpollution_mvdec_dekm_consistent_v1_2b88b20cd9b6_seed_44,2b88b20cd9b6ab9268889294ab249f6a1e5fb71b3e5ee88d2e8fde10ebe63a10,-255.6325,-725.2845,-637.8613,3628.0837,-1442.952,840.8444,3445.3262,-1175.6931,621.67487,4785.437,0
2719,mvdec_dekm_consistent_v1,airpollution_mvdec_dekm_consistent_v1_2b88b20cd9b6_seed_44,2b88b20cd9b6ab9268889294ab249f6a1e5fb71b3e5ee88d2e8fde10ebe63a10,-274.2897,-778.2181,-684.415,3892.8608,-1548.2617,902.2103,3696.7708,-1261.4955,667.0423,5134.682,0
2720,mvdec_dekm_consistent_v1,airpollution_mvdec_dekm_consistent_v1_2b88b20cd9b6_seed_44,2b88b20cd9b6ab9268889294ab249f6a1e5fb71b3e5ee88d2e8fde10ebe63a10,-295.44147,-838.22894,-737.19336,4193.0415,-1667.6515,971.7813,3981.8342,-1358.7705,718.4759,5530.625,0
2721,mvdec_dekm_consistent_v1,airpollution_mvdec_dekm_consistent_v1_2b88b20cd9b6_seed_44,2b88b20cd9b6ab9268889294ab249f6a1e5fb71b3e5ee88d2e8fde10ebe63a10,-318.56128,-903.8225,-794.8816,4521.148,-1798.1481,1047.8246,4293.417,-1465.0946,774.6946,5963.403,0
2722,mvdec_dekm_consistent_v1,airpollution_mvdec_dekm_consistent_v1_2b88b20cd9b6_seed_44,2b88b20cd9b6ab9268889294ab249f6a1e5fb71b3e5ee88d2e8fde10ebe63a10,-342.2768,-971.10736,-854.0573,4857.714,-1932.0095,1125.8285,4613.0337,-1574.1602,832.3621,6407.3374,0
2723,mvdec_dekm_consistent_v1,airpollution_mvdec_dekm_consistent_v1_2b88b20cd9b6_seed_44,2b88b20cd9b6ab9268889294ab249f6a1e5fb71b3e5ee88d2e8fde10ebe63a10,-339.36038,-962.83246,-846.7801,4816.32,-1915.5465,1116.2352,4573.7256,-1560.7466,825.2699,6352.7397,0
2724,mvdec_dekm_consistent_v1,airpollution_mvdec_dekm_consistent_v1_2b88b20cd9b6_seed_44,2b88b20cd9b6ab9268889294ab249f6a1e5fb71b3e5ee88d2e8fde10ebe63a10,-339.6015,-963.51605,-847.38135,4819.7397,-1916.9064,1117.0277,4576.972,-1561.8546,825.85565,6357.2485,0
2725,mvdec_dekm_consistent_v1,airpollution_mvdec_dekm_consistent_v1_2b88b20cd9b6_seed_44,2b88b20cd9b6ab9268889294ab249f6a1e5fb71b3e5ee88d2e8fde10ebe63a10,-343.0229,-973.224,-855.9189,4868.3,-1936.2198,1128.282,4623.088,-1577.5908,834.1762,6421.301,0
2726,mvdec_dekm_consistent_v1,airpollution_mvdec_dekm_consistent_v1_2b88b20cd9b6_seed_44,2b88b20cd9b6ab9268889294ab249f6a1e5fb71b3e5ee88d2e8fde10ebe63a10,-349.4828,-991.5518,-872.03754,4959.978,-1972.6831,1149.5298,4710.1484,-1607.2992,849.8846,6542.2246,0
2727,mvdec_dekm_consistent_v1,airpollution_mvdec_dekm_consistent_v1_2b88b20cd9b6_seed_44,2b88b20cd9b6ab9268889294ab249f6a1e5fb71b3e5ee88d2e8fde10ebe63a10,-358.8575,-1018.1483,-895.4286,5093.015,-2025.5956,1180.3632,4836.486,-1650.4106,872.6794,6717.703,0
2728,mvdec_dekm_consistent_v1,airpollution_mvdec_dekm_consistent_v1_2b88b20cd9b6_seed_44,2b88b20cd9b6ab9268889294ab249f6a1e5fb71b3e5ee88d2e8fde10ebe63a10,-370.94717,-1052.4478,-925.59485,5264.585,-2093.833,1220.127,4999.415,-1706.0084,902.07654,6944.0054,0
2729,mvdec_dekm_consistent_v1,airpollution_mvdec_dekm_consistent_v1_2b88b20cd9b6_seed_44,2b88b20cd9b6ab9268889294ab249f6a1e5fb71b3e5ee88d2e8fde10ebe63a10,-382.1792,-1084.314,-953.62067,5423.985,-2157.23,1257.07,5150.787,-1757.6625,929.3885,7154.2554,0
2730,mvdec_dekm_consistent_v1,airpollution_mvdec_dekm_consistent_v1_2b88b20cd9b6_seed_44,2b88b20cd9b6ab9268889294ab249f6a1e5fb71b3e5ee88d2e8fde10ebe63a10,-238.10587,-675.55786,-594.12933,3379.3582,-1344.0251,783.198,3209.1218,-1095.0914,579.0595,4457.361,0
2731,mvdec_dekm_consistent_v1,airpollution_mvdec_dekm_consistent_v1_2b88b20cd9b6_seed_44,2b88b20cd9b6ab9268889294ab249f6a1e5fb71b3e5ee88d2e8fde10ebe63a10,-230.87485,-655.04346,-576.0861,3276.74,-1303.2109,759.4145,3111.6711,-1061.8375,561.47626,4322.007,0
2732,mvdec_dekm_consistent_v1,airpollution_mvdec_dekm_consistent_v1_2b88b20cd9b6_seed_44,2b88b20cd9b6ab9268889294ab249f6a1e5fb71b3e5ee88d2e8fde10ebe63a10,-227.64827,-645.88855,-568.0348,3230.9485,-1284.9977,748.80145,3068.1846,-1046.9982,553.63074,4261.606,0
2733,mvdec_dekm_consistent_v1,airpollution_mvdec_dekm_consistent_v1_2b88b20cd9b6_seed_44,2b88b20cd9b6ab9268889294ab249f6a1e5fb71b3e5ee88d2e8fde10ebe63a10,-211.79433,-600.9093,-528.4761,3005.9568,-1195.512,696.6562,2854.5232,-974.0884,515.0799,3964.8374,0
2734,mvdec_dekm_consistent_v1,airpollution_mvdec_dekm_consistent_v1_2b88b20cd9b6_seed_44,2b88b20cd9b6ab9268889294ab249f6a1e5fb71b3e5ee88d2e8fde10ebe63a10,-187.91347,-533.15356,-468.8883,2667.0479,-1060.7164,618.1086,2532.6763,-864.2627,457.0123,3517.8096,0
2735,mvdec_dekm_consistent_v1,airpollution_mvdec_dekm_consistent_v1_2b88b20cd9b6_seed_44,2b88b20cd9b6ab9268889294ab249f6a1e5fb71b3e5ee88d2e8fde10ebe63a10,-163.58662,-464.13495,-408.18726,2321.808,-923.40485,538.09436,2204.8223,-752.3859,397.8578,3062.4326,3
2736,mvdec_dekm_consistent_v1,airpollution_mvdec_dekm_consistent_v1_2b88b20cd9b6_seed_44,2b88b20cd9b6ab9268889294ab249f6a1e5fb71b3e5ee88d2e8fde10ebe63a10,-134.44388,-381.45282,-335.46973,1908.228,-758.91156,442.24127,1812.068,-618.36273,326.9943,2516.913,3
2737,mvdec_dekm_consistent_v1,airpollution_mvdec_dekm_consistent_v1_2b88b20cd9b6_seed_44,2b88b20cd9b6ab9268889294ab249f6a1e5fb71b3e5ee88d2e8fde10ebe63a10,-106.82515,-303.09412,-266.55472,1516.2661,-603.01807,351.3984,1439.8448,-491.34592,259.83444,1999.9102,3
2738,mvdec_dekm_consistent_v1,airpollution_mvdec_dekm_consistent_v1_2b88b20cd9b6_seed_44,2b88b20cd9b6ab9268889294ab249f6a1e5fb71b3e5ee88d2e8fde10ebe63a10,-79.89103,-226.67796,-199.3482,1134.0303,-450.99164,262.80994,1076.8566,-367.48007,194.34166,1495.7339,3
2739,mvdec_dekm_consistent_v1,airpollution_mvdec_dekm_consistent_v1_2b88b20cd9b6_seed_44,2b88b20cd9b6ab9268889294ab249f6a1e5fb71b3e5ee88d2e8fde10ebe63a10,-52.056274,-147.70543,-129.8953,739.0075,-293.8803,171.25743,701.7251,-239.47125,126.65901,974.69293,3
2740,mvdec_dekm_consistent_v1,airpollution_mvdec_dekm_consistent_v1_2b88b20cd9b6_seed_44,2b88b20cd9b6ab9268889294ab249f6a1e5fb71b3e5ee88d2e8fde10ebe63a10,-26.73798,-75.87465,-66.72042,379.69806,-150.97418,87.98273,360.5121,-123.03568,65.09345,500.75958,3
2741,mvdec_dekm_consistent_v1,airpollution_mvdec_dekm_consistent_v1_2b88b20cd9b6_seed_44,2b88b20cd9b6ab9268889294ab249f6a1e5fb71b3e5ee88d2e8fde10ebe63a10,-1.1560265,-3.2928333,-2.8875363,16.644966,-6.5770383,3.8388886,15.740477,-5.3869176,2.8881505,21.887024,3
2742,mvdec_dekm_consistent_v1,airpollution_mvdec_dekm_consistent_v1_2b88b20cd9b6_seed_44,2b88b20cd9b6ab9268889294ab249f6a1e5fb71b3e5ee88d2e8fde10ebe63a10,-25.879852,-73.44052,-64.57833,367.5167,-146.13054,85.159996,348.9465,-119.08849,63.005497,484.6935,3
2743,mvdec_dekm_consistent_v1,airpollution_mvdec_dekm_consistent_v1_2b88b20cd9b6_seed_44,2b88b20cd9b6ab9268889294ab249f6a1e5fb71b3e5ee88d2e8fde10ebe63a10,-35.60081,-101.01916,-88.8343,505.47406,-200.9991,117.13331,479.95438,-163.79381,86.6444,666.65985,3
2744,mvdec_dekm_consistent_v1,airpollution_mvdec_dekm_consistent_v1_2b88b20cd9b6_seed_44,2b88b20cd9b6ab9268889294ab249f6a1e5fb71b3e5ee88d2e8fde10ebe63a10,-57.871677,-164.2054,-144.40388,821.5312,-326.7043,190.38428,780.0969,-266.21368,140.7973,1083.5446,3
2745,mvdec_dekm_consistent_v1,airpollution_mvdec_dekm_consistent_v1_2b88b20cd9b6_seed_44,2b88b20cd9b6ab9268889294ab249f6a1e5fb71b3e5ee88d2e8fde10ebe63a10,-46.863567,-132.97446,-116.93603,665.3082,-264.5704,154.1774,631.7418,-215.58888,114.029335,877.4846,3
2746,mvdec_dekm_consistent_v1,airpollution_mvdec_dekm_consistent_v1_2b88b20cd9b6_seed_44,2b88b20cd9b6ab9268889294ab249f6a1e5fb71b3e5ee88d2e8fde10ebe63a10,-39.30945,-111.54599,-98.08858,558.1138,-221.93779,129.33368,529.94946,-180.85286,95.661224,736.0959,3
2747,mvdec_dekm_consistent_v1,airpollution_mvdec_dekm_consistent_v1_2b88b20cd9b6_seed_44,2b88b20cd9b6ab9268889294ab249f6a1e5fb71b3e5ee88d2e8fde10ebe63a10,-24.113758,-68.434715,-60.172066,342.4618,-136.16829,79.35365,325.15973,-110.97026,58.710236,451.6493,3
2748,mvdec_dekm_consistent_v1,airpollution_mvdec_dekm_consistent_v1_2b88b20cd9b6_seed_44,2b88b20cd9b6ab9268889294ab249f6a1e5fb71b3e5ee88d2e8fde10ebe63a10,-0.37175304,-1.0733085,-0.93011427,5.5218854,-2.1573143,1.2611591,5.186051,-1.784034,0.9801972,7.2215705,3
2749,mvdec_dekm_consistent_v1,airpollution_mvdec_dekm_consistent_v1_2b88b20cd9b6_seed_44,2b88b20cd9b6ab9268889294ab249f6a1e5fb71b3e5ee88d2e8fde10ebe63a10,-13.1808405,-37.415314,-32.89233,187.30583,-74.45839,43.39388,177.81638,-60.691307,32.126526,246.99644,3
2750,mvdec_dekm_consistent_v1,airpollution_mvdec_dekm_consistent_v1_2b88b20cd9b6_seed_44,2b88b20cd9b6ab9268889294ab249f6a1e5fb71b3e5ee88d2e8fde10ebe63a10,-20.380898,-57.8431,-50.859554,289.49884,-115.10173,67.0784,274.86044,-93.80669,49.637653,381.78815,3
2751,mvdec_dekm_consistent_v1,airpollution_mvdec_dekm_consistent_v1_2b88b20cd9b6_seed_44,2b88b20cd9b6ab9268889294ab249f6a1e5fb71b3e5ee88d2e8fde10ebe63a10,-29.258692,-83.03182,-73.011185,415.48218,-165.21085,96.27719,394.50314,-134.6332,71.22235,547.9647,3
2752,mvdec_dekm_consistent_v1,airpollution_mvdec_dekm_consistent_v1_2b88b20cd9b6_seed_44,2b88b20cd9b6ab9268889294ab249f6a1e5fb71b3e5ee88d2e8fde10ebe63a10,-46.033443,-130.62454,-114.86794,653.5492,-259.89557,151.45264,620.5806,-211.77945,112.013306,861.97766,3
2753,mvdec_dekm_consistent_v1,airpollution_mvdec_dekm_consistent_v1_2b88b20cd9b6_seed_44,2b88b20cd9b6ab9268889294ab249f6a1e5fb71b3e5ee88d2e8fde10ebe63a10,-71.20783,-202.0468,-177.6834,1010.80896,-401.98767,234.2524,959.8485,-327.55142,173.22722,1333.2089,3
2754,mvdec_dekm_consistent_v1,airpollution_mvdec_dekm_consistent_v1_2b88b20cd9b6_seed_44,2b88b20cd9b6ab9268889294ab249f6a1e5fb71b3e5ee88d2e8fde10ebe63a10,-97.218094,-275.84058,-242.5842,1379.9337,-548.79834,319.80228,1310.3839,-447.16794,236.4739,1820.0894,3
2755,mvdec_dekm_consistent_v1,airpollution_mvdec_dekm_consistent_v1_2b88b20cd9b6_seed_44,2b88b20cd9b6ab9268889294ab249f6a1e5fb71b3e5ee88d2e8fde10ebe63a10,-123.686554,-350.93423,-308.62912,1755.5651,-698.1966,406.86005,1667.0974,-568.89294,300.8363,2315.5522,3
2756,mvdec_dekm_consistent_v1,airpollution_mvdec_dekm_consistent_v1_2b88b20cd9b6_seed_44,2b88b20cd9b6ab9268889294ab249f6a1e5fb71b3e5ee88d2e8fde10ebe63a10,-131.5278,-373.1808,-328.19516,1866.8469,-742.45654,432.65125,1772.7755,-604.9545,319.904,2462.3347,3
2757,mvdec_dekm_consistent_v1,airpollution_mvdec_dekm_consistent_v1_2b88b20cd9b6_seed_44,2b88b20cd9b6ab9268889294ab249f6a1e5fb71b3e5ee88d2e8fde10ebe63a10,-101.00091,-286.57217,-252.0247,1433.6276,-570.1524,332.24652,1361.3716,-464.5673,245.67557,1890.9109,3
2758,mvdec_dekm_consistent_v1,airpollution_mvdec_dekm_consistent_v1_2b88b20cd9b6_seed_44,2b88b20cd9b6ab9268889294ab249f6a1e5fb71b3e5ee88d2e8fde10ebe63a10,-72.54971,-205.85307,-181.03297,1029.8531,-409.56216,238.66626,977.93353,-333.7232,176.49095,1358.3287,3
2759,mvdec_dekm_consistent_v1,airpollution_mvdec_dekm_consistent_v1_2b88b20cd9b6_seed_44,2b88b20cd9b6ab9268889294ab249f6a1e5fb71b3e5ee88d2e8fde10ebe63a10,-45.525482,-129.18407,-113.60193,646.34143,-257.03015,149.78264,613.7385,-209.44475,110.77793,852.4729,3
2760,mvdec_dekm_consistent_v1,airpollution_mvdec_dekm_consistent_v1_2b88b20cd9b6_seed_44,2b88b20cd9b6ab9268889294ab249f6a1e5fb71b3e5ee88d2e8fde10ebe63a10,-19.393637,-55.04538,-48.397205,275.4822,-109.5315,63.830967,261.5588,-89.26713,47.233078,363.30707,3
2761,mvdec_dekm_consistent_v1,airpollution_mvdec_dekm_consistent_v1_2b88b20cd9b6_seed_44,2b88b20cd9b6ab9268889294ab249f6a1e5fb71b3e5ee88d2e8fde10ebe63a10,-6.866383,-19.503103,-17.138659,97.69781,-38.821785,22.626717,92.72728,-31.65537,16.771454,128.80745,3
2762,mvdec_dekm_consistent_v1,airpollution_mvdec_dekm_consistent_v1_2b88b20cd9b6_seed_44,2b88b20cd9b6ab9268889294ab249f6a1e5fb71b3e5ee88d2e8fde10ebe63a10,-2.5452545,-7.243257,-6.357276,36.376095,-14.432196,8.414238,34.49333,-11.783945,6.2648554,47.923016,3
2763,mvdec_dekm_consistent_v1,airpollution_mvdec_dekm_consistent_v1_2b88b20cd9b6_seed_44,2b88b20cd9b6ab9268889294ab249f6a1e5fb71b3e5ee88d2e8fde10ebe63a10,-22.641773,-64.261406,-56.50279,321.57956,-127.866554,74.51507,305.33646,-104.20573,55.131138,424.11142,3
2764,mvdec_dekm_consistent_v1,airpollution_mvdec_dekm_consistent_v1_2b88b20cd9b6_seed_44,2b88b20cd9b6ab9268889294ab249f6a1e5fb71b3e5ee88d2e8fde10ebe63a10,-2.0285568,-5.776198,-5.0683174,29.040428,-11.514335,6.7141676,27.526487,-9.407017,5.0082817,38.247185,3
2765,mvdec_dekm_consistent_v1,airpollution_mvdec_dekm_consistent_v1_2b88b20cd9b6_seed_44,2b88b20cd9b6ab9268889294ab249f6a1e5fb71b3e5ee88d2e8fde10ebe63a10,-30.895435,-87.67718,-77.0971,438.70825,-174.4515,101.661385,416.56604,-142.1618,75.2003,578.60565,3
2766,mvdec_dekm_consistent_v1,airpollution_mvdec_dekm_consistent_v1_2b88b20cd9b6_seed_44,2b88b20cd9b6ab9268889294ab249f6a1e5fb71b3e5ee88d2e8fde10ebe63a10,-44.43707,-126.09672,-110.88676,630.88855,-250.88695,146.20187,599.06824,-204.43878,108.129234,832.0944,3
2767,mvdec_dekm_consistent_v1,airpollution_mvdec_dekm_consistent_v1_2b88b20cd9b6_seed_44,2b88b20cd9b6ab9268889294ab249f6a1e5fb71b3e5ee88d2e8fde10ebe63a10,-37.983303,-107.78751,-94.78326,539.30054,-214.46048,124.97516,512.09393,-174.75938,92.43579,711.2892,3
2768,mvdec_dekm_consistent_v1,airpollution_mvdec_dekm_consistent_v1_2b88b20cd9b6_seed_44,2b88b20cd9b6ab9268889294ab249f6a1e5fb71b3e5ee88d2e8fde10ebe63a10,-4.760928,-13.529379,-11.8853245,67.815926,-26.937521,15.7013235,64.35136,-21.972488,11.651241,89.39389,3
2769,mvdec_dekm_consistent_v1,airpollution_mvdec_dekm_consistent_v1_2b88b20cd9b6_seed_44,2b88b20cd9b6ab9268889294ab249f6a1e5fb71b3e5ee88d2e8fde10ebe63a10,-28.43907,-80.70834,-70.96816,403.84943,-160.58722,93.58232,383.4628,-130.86569,69.22751,532.6265,3
2770,mvdec_dekm_consistent_v1,airpollution_mvdec_dekm_consistent_v1_2b88b20cd9b6_seed_44,2b88b20cd9b6ab9268889294ab249f6a1e5fb71b3e5ee88d2e8fde10ebe63a10,-59.986046,-170.21045,-149.68445,851.5507,-338.6499,197.34346,808.61743,-275.94528,145.93808,1123.1505,3
2771,mvdec_dekm_consistent_v1,airpollution_mvdec_dekm_consistent_v1_2b88b20cd9b6_seed_44,2b88b20cd9b6ab9268889294ab249f6a1e5fb71b3e5ee88d2e8fde10ebe63a10,-65.09729,-184.71138,-162.43774,924.0862,-367.499,214.15451,877.4995,-299.4505,158.36653,1218.8257,3
2772,mvdec_dekm_consistent_v1,airpollution_mvdec_dekm_consistent_v1_2b88b20cd9b6_seed_44,2b88b20cd9b6ab9268889294ab249f6a1e5fb71b3e5ee88d2e8fde10ebe63a10,-35.74033,-101.421486,-89.18664,507.4685,-201.798,117.59706,481.8604,-164.44331,86.98334,669.2994,3
2773,mvdec_dekm_consistent_v1,airpollution_mvdec_dekm_consistent_v1_2b88b20cd9b6_seed_44,2b88b20cd9b6ab9268889294ab249f6a1e5fb71b3e5ee88d2e8fde10ebe63a10,-13.320871,-37.815063,-33.24431,189.29628,-75.25348,43.856388,179.71353,-61.3385,32.46616,249.62752,3
2774,mvdec_dekm_consistent_v1,airpollution_mvdec_dekm_consistent_v1_2b88b20cd9b6_seed_44,2b88b20cd9b6ab9268889294ab249f6a1e5fb71b3e5ee88d2e8fde10ebe63a10,-6.5019827,-18.467718,-16.228792,92.51949,-36.762653,21.42702,87.81001,-29.977482,15.884395,121.97766,3
2775,mvdec_dekm_consistent_v1,airpollution_mvdec_dekm_consistent_v1_2b88b20cd9b6_seed_44,2b88b20cd9b6ab9268889294ab249f6a1e5fb71b3e5ee88d2e8fde10ebe63a10,-30.89332,-87.66972,-77.090256,438.6705,-174.43626,101.6528,416.52942,-142.14922,75.19387,578.5552,3
2776,mvdec_dekm_consistent_v1,airpollution_mvdec_dekm_consistent_v1_2b88b20cd9b6_seed_44,2b88b20cd9b6ab9268889294ab249f6a1e5fb71b3e5ee88d2e8fde10ebe63a10,-58.369392,-165.6236,-145.64896,828.6038,-329.5233,192.0252,786.826,-268.50876,142.00592,1092.8827,3
2777,mvdec_dekm_consistent_v1,airpollution_mvdec_dekm_consistent_v1_2b88b20cd9b6_seed_44,2b88b20cd9b6ab9268889294ab249f6a1e5fb71b3e5ee88d2e8fde10ebe63a10,-78.307816,-222.19214,-195.39973,1111.5662,-442.0647,257.60547,1055.5381,-360.20377,190.4894,1466.1135,3
2778,mvdec_dekm_consistent_v1,airpollution_mvdec_dekm_consistent_v1_2b88b20cd9b6_seed_44,2b88b20cd9b6ab9268889294ab249f6a1e5fb71b3e5ee88d2e8fde10ebe63a10,-79.29227,-224.98502,-197.85614,1125.5382,-447.62106,260.84338,1068.8052,-364.73126,192.88364,1484.5417,3
2779,mvdec_dekm_consistent_v1,airpollution_mvdec_dekm_consistent_v1_2b88b20cd9b6_seed_44,2b88b20cd9b6ab9268889294ab249f6a1e5fb71b3e5ee88d2e8fde10ebe63a10,-92.074814,-261.2504,-229.75107,1306.943,-519.76965,302.88623,1241.0731,-423.51587,223.96626,1723.8167,3
2780,mvdec_dekm_consistent_v1,airpollution_mvdec_dekm_consistent_v1_2b88b20cd9b6_seed_44,2b88b20cd9b6ab9268889294ab249f6a1e5fb71b3e5ee88d2e8fde10ebe63a10,-100.90899,-286.31332,-251.79373,1432.3125,-569.6317,331.9421,1360.1271,-464.14206,245.44759,1889.1791,3
2781,mvdec_dekm_consistent_v1,airpollution_mvdec_dekm_consistent_v1_2b88b20cd9b6_seed_44,2b88b20cd9b6ab9268889294ab249f6a1e5fb71b3e5ee88d2e8fde10ebe63a10,-112.88515,-320.29034,-281.6762,1602.2704,-637.22784,371.33212,1521.525,-519.2174,274.56866,2113.3552,3
2782,mvdec_dekm_consistent_v1,airpollution_mvdec_dekm_consistent_v1_2b88b20cd9b6_seed_44,2b88b20cd9b6ab9268889294ab249f6a1e5fb71b3e5ee88d2e8fde10ebe63a10,-131.9021,-374.24283,-329.12674,1872.1476,-744.5646,433.87985,1777.8099,-606.67194,320.81027,2469.326,3
2783,mvdec_dekm_consistent_v1,airpollution_mvdec_dekm_consistent_v1_2b88b20cd9b6_seed_44,2b88b20cd9b6ab9268889294ab249f6a1e5fb71b3e5ee88d2e8fde10ebe63a10,-155.27419,-440.55185,-387.4446,2203.834,-876.4844,510.7526,2092.7913,-714.1561,377.64243,2906.8242,3
2784,mvdec_dekm_consistent_v1,airpollution_mvdec_dekm_consistent_v1_2b88b20cd9b6_seed_44,2b88b20cd9b6ab9268889294ab249f6a1e5fb71b3e5ee88d2e8fde10ebe63a10,-181.45663,-514.83405,-452.77466,2575.4023,-1024.2664,596.8688,2445.6462,-834.5642,441.30795,3396.9272,0
2785,mvdec_dekm_consistent_v1,airpollution_mvdec_dekm_consistent_v1_2b88b20cd9b6_seed_44,2b88b20cd9b6ab9268889294ab249f6a1e5fb71b3e5ee88d2e8fde10ebe63a10,-187.38043,-531.64,-467.55542,2659.4683,-1057.7013,616.352,2525.4778,-861.8058,455.71213,3507.8108,0
2786,mvdec_dekm_consistent_v1,airpollution_mvdec_dekm_consistent_v1_2b88b20cd9b6_seed_44,2b88b20cd9b6ab9268889294ab249f6a1e5fb71b3e5ee88d2e8fde10ebe63a10,-196.50449,-557.52637,-490.3214,2788.9534,-1109.2012,646.3621,2648.4426,-903.76605,477.89822,3678.6035,0
2787,mvdec_dekm_consistent_v1,airpollution_mvdec_dekm_consistent_v1_2b88b20cd9b6_seed_44,2b88b20cd9b6ab9268889294ab249f6a1e5fb71b3e5ee88d2e8fde10ebe63a10,-210.24945,-596.5224,-524.61755,2984.0144,-1186.7828,691.5705,2833.6816,-966.97656,511.32043,3935.8923,0
2788,mvdec_dekm_consistent_v1,airpollution_mvdec_dekm_consistent_v1_2b88b20cd9b6_seed_44,2b88b20cd9b6ab9268889294ab249f6a1e5fb71b3e5ee88d2e8fde10ebe63a10,-227.82977,-646.40063,-568.48413,3233.5098,-1286.0139,749.3946,3070.6128,-1047.8267,554.0693,4264.981,0
2789,mvdec_dekm_consistent_v1,airpollution_mvdec_dekm_consistent_v1_2b88b20cd9b6_seed_44,2b88b20cd9b6ab9268889294ab249f6a1e5fb71b3e5ee88d2e8fde10ebe63a10,-248.50862,-705.0689,-620.08154,3526.9731,-1402.7324,817.40894,3349.298,-1142.9248,604.3519,4652.064,0
2790,mvdec_dekm_consistent_v1,airpollution_mvdec_dekm_consistent_v1_2b88b20cd9b6_seed_44,2b88b20cd9b6ab9268889294ab249f6a1e5fb71b3e5ee88d2e8fde10ebe63a10,-271.55737,-770.4611,-677.59247,3854.0715,-1532.8286,893.2187,3659.9238,-1248.9222,660.3976,5083.51,0
2791,mvdec_dekm_consistent_v1,airpollution_mvdec_dekm_consistent_v1_2b88b20cd9b6_seed_44,2b88b20cd9b6ab9268889294ab249f6a1e5fb71b3e5ee88d2e8fde10ebe63a10,-296.45322,-841.0938,-739.7126,4207.3833,-1673.35,975.1037,3995.4421,-1363.4147,720.9349,5549.533,0
2792,mvdec_dekm_consistent_v1,airpollution_mvdec_dekm_consistent_v1_2b88b20cd9b6_seed_44,2b88b20cd9b6ab9268889294ab249f6a1e5fb71b3e5ee88d2e8fde10ebe63a10,-309.3675,-877.7335,-771.93616,4390.6587,-1746.2433,1017.5802,4169.488,-1422.8055,752.33777,5791.276,0
2793,mvdec_dekm_consistent_v1,airpollution_mvdec_dekm_consistent_v1_2b88b20cd9b6_seed_44,2b88b20cd9b6ab9268889294ab249f6a1e5fb71b3e5ee88d2e8fde10ebe63a10,-306.1413,-868.5831,-763.88794,4344.8843,-1728.0396,1006.9716,4126.023,-1407.973,744.4944,5730.903,0
2794,mvdec_dekm_consistent_v1,airpollution_mvdec_dekm_consistent_v1_2b88b20cd9b6_seed_44,2b88b20cd9b6ab9268889294ab249f6a1e5fb71b3e5ee88d2e8fde10ebe63a10,-306.4134,-869.35583,-764.56726,4348.7476,-1729.5765,1007.86725,4129.6924,-1409.2251,745.15594,5735.998,0
2795,mvdec_dekm_consistent_v1,airpollution_mvdec_dekm_consistent_v1_2b88b20cd9b6_seed_44,2b88b20cd9b6ab9268889294ab249f6a1e5fb71b3e5ee88d2e8fde10ebe63a10,-310.18488,-880.0562,-773.9778,4402.2695,-1750.8645,1020.272,4180.5205,-1426.5693,754.3263,5806.595,0
2796,mvdec_dekm_consistent_v1,airpollution_mvdec_dekm_consistent_v1_2b88b20cd9b6_seed_44,2b88b20cd9b6ab9268889294ab249f6a1e5fb71b3e5ee88d2e8fde10ebe63a10,-317.30124,-900.2462,-791.7349,4503.2617,-1791.0321,1043.6787,4276.4272,-1459.2968,771.63055,5939.805,0
2797,mvdec_dekm_consistent_v1,airpollution_mvdec_dekm_consistent_v1_2b88b20cd9b6_seed_44,2b88b20cd9b6ab9268889294ab249f6a1e5fb71b3e5ee88d2e8fde10ebe63a10,-327.58636,-929.4266,-817.3987,4649.225,-1849.0858,1077.5077,4415.04,-1506.5969,796.64014,6132.3335,0
2798,mvdec_dekm_consistent_v1,airpollution_mvdec_dekm_consistent_v1_2b88b20cd9b6_seed_44,2b88b20cd9b6ab9268889294ab249f6a1e5fb71b3e5ee88d2e8fde10ebe63a10,-340.74573,-966.7613,-850.23395,4835.977,-1923.3616,1120.7899,4592.387,-1567.1145,828.6386,6378.6626,0
2799,mvdec_dekm_consistent_v1,airpollution_mvdec_dekm_consistent_v1_2b88b20cd9b6_seed_44,2b88b20cd9b6ab9268889294ab249f6a1e5fb71b3e5ee88d2e8fde10ebe63a10,-349.08347,-990.41693,-871.0387,4954.3057,-1970.424,1148.2141,4704.756,-1605.4595,848.9135,6534.7393,0
2800,mvdec_dekm_consistent_v1,airpollution_mvdec_dekm_consistent_v1_2b88b20cd9b6_seed_44,2b88b20cd9b6ab9268889294ab249f6a1e5fb71b3e5ee88d2e8fde10ebe63a10,-205.30937,-582.51,-512.2937,2913.9216,-1158.9073,675.3258,2767.1226,-944.2638,499.31042,3843.442,0
2801,mvdec_dekm_consistent_v1,airpollution_mvdec_dekm_consistent_v1_2b88b20cd9b6_seed_44,2b88b20cd9b6ab9268889294ab249f6a1e5fb71b3e5ee88d2e8fde10ebe63a10,-198.07912,-561.9968,-494.25348,2811.3167,-1118.0977,651.5453,2669.683,-911.0139,481.73016,3708.1033,0
2802,mvdec_dekm_consistent_v1,airpollution_mvdec_dekm_consistent_v1_2b88b20cd9b6_seed_44,2b88b20cd9b6ab9268889294ab249f6a1e5fb71b3e5ee88d2e8fde10ebe63a10,-194.47604,-551.77545,-485.26367,2760.1865,-1097.7625,639.6953,2621.1292,-894.4452,472.96933,3640.663,0
2803,mvdec_dekm_consistent_v1,airpollution_mvdec_dekm_consistent_v1_2b88b20cd9b6_seed_44,2b88b20cd9b6ab9268889294ab249f6a1e5fb71b3e5ee88d2e8fde10ebe63a10,-190.32402,-539.99493,-474.9042,2701.2651,-1074.3275,626.03937,2565.174,-875.35156,462.87448,3562.9443,0
2804,mvdec_dekm_consistent_v1,airpollution_mvdec_dekm_consistent_v1_2b88b20cd9b6_seed_44,2b88b20cd9b6ab9268889294ab249f6a1e5fb71b3e5ee88d2e8fde10ebe63a10,-164.84467,-467.7069,-411.32828,2339.6729,-930.5128,542.23517,2221.7913,-758.17596,400.91827,3085.9993,3
2805,mvdec_dekm_consistent_v1,airpollution_mvdec_dekm_consistent_v1_2b88b20cd9b6_seed_44,2b88b20cd9b6ab9268889294ab249f6a1e5fb71b3e5ee88d2e8fde10ebe63a10,-140.92941,-399.85657,-351.65466,2000.2744,-795.5254,463.5752,1899.4866,-648.19293,342.76462,2638.3289,3
2806,mvdec_dekm_consistent_v1,airpollution_mvdec_dekm_consistent_v1_2b88b20cd9b6_seed_44,2b88b20cd9b6ab9268889294ab249f6a1e5fb71b3e5ee88d2e8fde10ebe63a10,-119.28033,-338.43524,-297.63614,1693.045,-673.331,392.37048,1607.7277,-548.63324,290.1236,2233.0884,3
2807,mvdec_dekm_consistent_v1,airpollution_mvdec_dekm_consistent_v1_2b88b20cd9b6_seed_44,2b88b20cd9b6ab9268889294ab249f6a1e5fb71b3e5ee88d2e8fde10ebe63a10,-89.27783,-253.31506,-222.7742,1267.2643,-503.987,293.68982,1203.3901,-410.65732,217.16927,1671.4777,3
2808,mvdec_dekm_consistent_v1,airpollution_mvdec_dekm_consistent_v1_2b88b20cd9b6_seed_44,2b88b20cd9b6ab9268889294ab249f6a1e5fb71b3e5ee88d2e8fde10ebe63a10,-60.485443,-171.62802,-150.9316,858.65643,-341.47305,198.98921,815.36017,-278.24628,147.1574,1132.5187,3
2809,mvdec_dekm_consistent_v1,airpollution_mvdec_dekm_consistent_v1_2b88b20cd9b6_seed_44,2b88b20cd9b6ab9268889294ab249f6a1e5fb71b3e5ee88d2e8fde10ebe63a10,-34.207302,-97.07207,-85.362465,485.72095,-193.14685,112.555984,461.20483,-157.39526,83.258354,640.61194,3
2810,mvdec_dekm_consistent_v1,airpollution_mvdec_dekm_consistent_v1_2b88b20cd9b6_seed_44,2b88b20cd9b6ab9268889294ab249f6a1e5fb71b3e5ee88d2e8fde10ebe63a10,-5.83779,-16.58267,-14.573933,83.1064,-33.016327,19.244253,78.86579,-26.926483,14.273864,109.558685,3
2811,mvdec_dekm_consistent_v1,airpollution_mvdec_dekm_consistent_v1_2b88b20cd9b6_seed_44,2b88b20cd9b6ab9268889294ab249f6a1e5fb71b3e5ee88d2e8fde10ebe63a10,-19.71528,-55.9554,-49.202217,280.0539,-111.347626,64.8898,265.89496,-90.748215,48.019333,369.33466,3
2812,mvdec_dekm_consistent_v1,airpollution_mvdec_dekm_consistent_v1_2b88b20cd9b6_seed_44,2b88b20cd9b6ab9268889294ab249f6a1e5fb71b3e5ee88d2e8fde10ebe63a10,-46.882122,-133.03339,-116.98864,665.5944,-264.68915,154.24484,632.0237,-215.6849,114.076965,877.8702,3
2813,mvdec_dekm_consistent_v1,airpollution_mvdec_dekm_consistent_v1_2b88b20cd9b6_seed_44,2b88b20cd9b6ab9268889294ab249f6a1e5fb71b3e5ee88d2e8fde10ebe63a10,-64.51067,-183.04727,-160.9757,915.7721,-364.19116,212.227,869.6017,-296.75592,156.94348,1207.8577,3
2814,mvdec_dekm_consistent_v1,airpollution_mvdec_dekm_consistent_v1_2b88b20cd9b6_seed_44,2b88b20cd9b6ab9268889294ab249f6a1e5fb71b3e5ee88d2e8fde10ebe63a10,-82.467125,-233.99348,-205.78041,1170.603,-465.54532,271.28793,1111.6018,-379.3354,200.60568,1543.9843,3
2815,mvdec_dekm_consistent_v1,airpollution_mvdec_dekm_consistent_v1_2b88b20cd9b6_seed_44,2b88b20cd9b6ab9268889294ab249f6a1e5fb71b3e5ee88d2e8fde10ebe63a10,-57.045097,-161.86664,-142.34697,809.8223,-322.05194,187.67154,768.9874,-262.4223,138.78946,1068.1079,3
2816,mvdec_dekm_consistent_v1,airpollution_mvdec_dekm_consistent_v1_2b88b20cd9b6_seed_44,2b88b20cd9b6ab9268889294ab249f6a1e5fb71b3e5ee88d2e8fde10ebe63a10,-28.560925,-81.05311,-71.27277,405.58203,-161.27493,93.983345,385.10507,-131.42664,69.52558,534.9099,3
2817,mvdec_dekm_consistent_v1,airpollution_mvdec_dekm_consistent_v1_2b88b20cd9b6_seed_44,2b88b20cd9b6ab9268889294ab249f6a1e5fb71b3e5ee88d2e8fde10ebe63a10,-0.936589,-2.677494,-2.3431056,13.539219,-5.34845,3.121204,12.80604,-4.384098,2.3517385,17.801193,3
2818,mvdec_dekm_consistent_v1,airpollution_mvdec_dekm_consistent_v1_2b88b20cd9b6_seed_44,2b88b20cd9b6ab9268889294ab249f6a1e5fb71b3e5ee88d2e8fde10ebe63a10,-16.114166,-45.738354,-40.21501,228.93832,-91.0184,53.043495,217.35558,-74.18428,39.25976,301.91385,3
2819,mvdec_dekm_consistent_v1,airpollution_mvdec_dekm_consistent_v1_2b88b20cd9b6_seed_44,2b88b20cd9b6ab9268889294ab249f6a1e5fb71b3e5ee88d2e8fde10ebe63a10,-15.590767,-44.25367,-38.90887,221.51147,-88.06465,51.322205,210.3029,-71.7775,37.98721,292.11768,3
2820,mvdec_dekm_consistent_v1,airpollution_mvdec_dekm_consistent_v1_2b88b20cd9b6_seed_44,2b88b20cd9b6ab9268889294ab249f6a1e5fb71b3e5ee88d2e8fde10ebe63a10,-10.895787,-30.93314,-27.193703,154.88712,-61.56524,35.880985,147.03224,-50.18688,26.572193,204.23785,3
2821,mvdec_dekm_consistent_v1,airpollution_mvdec_dekm_consistent_v1_2b88b20cd9b6_seed_44,2b88b20cd9b6ab9268889294ab249f6a1e5fb71b3e5ee88d2e8fde10ebe63a10,-0.8540828,-2.4425156,-2.136583,12.372658,-4.8829026,2.8506937,11.695527,-4.0049677,2.1528378,16.259905,3
2822,mvdec_dekm_consistent_v1,airpollution_mvdec_dekm_consistent_v1_2b88b20cd9b6_seed_44,2b88b20cd9b6ab9268889294ab249f6a1e5fb71b3e5ee88d2e8fde10ebe63a10,-24.48169,-69.478,-61.093063,347.6913,-138.24834,80.5663,330.1263,-112.66565,59.607445,458.54822,3
2823,mvdec_dekm_consistent_v1,airpollution_mvdec_dekm_consistent_v1_2b88b20cd9b6_seed_44,2b88b20cd9b6ab9268889294ab249f6a1e5fb71b3e5ee88d2e8fde10ebe63a10,-50.571438,-143.49782,-126.19275,717.94635,-285.5091,166.37773,681.7351,-232.64864,123.048294,946.92,3
2824,mvdec_dekm_consistent_v1,airpollution_mvdec_dekm_consistent_v1_2b88b20cd9b6_seed_44,2b88b20cd9b6ab9268889294ab249f6a1e5fb71b3e5ee88d2e8fde10ebe63a10,-77.77414,-220.67679,-194.06923,1104.0001,-439.0536,255.85112,1048.3485,-357.75116,189.19511,1456.1307,3
2825,mvdec_dekm_consistent_v1,airpollution_mvdec_dekm_consistent_v1_2b88b20cd9b6_seed_44,2b88b20cd9b6ab9268889294ab249f6a1e5fb71b3e5ee88d2e8fde10ebe63a10,-107.38177,-304.676,-267.94662,1524.1815,-606.16925,353.2335,1447.3661,-493.91214,261.1912,2010.3535,3
2826,mvdec_dekm_consistent_v1,airpollution_mvdec_dekm_consistent_v1_2b88b20cd9b6_seed_44,2b88b20cd9b6ab9268889294ab249f6a1e5fb71b3e5ee88d2e8fde10ebe63a10,-120.303986,-341.33777,-300.18964,1707.5654,-679.1058,395.73532,1621.5145,-553.33844,292.61234,2252.2395,3
2827,mvdec_dekm_consistent_v1,airpollution_mvdec_dekm_consistent_v1_2b88b20cd9b6_seed_44,2b88b20cd9b6ab9268889294ab249f6a1e5fb71b3e5ee88d2e8fde10ebe63a10,-119.190445,-338.1774,-297.4107,1691.7639,-672.81934,392.073,1606.5067,-548.2171,289.90546,2231.3953,3
2828,mvdec_dekm_consistent_v1,airpollution_mvdec_dekm_consistent_v1_2b88b20cd9b6_seed_44,2b88b20cd9b6ab9268889294ab249f6a1e5fb71b3e5ee88d2e8fde10ebe63a10,-87.37777,-247.9197,-218.03105,1240.2874,-493.25424,287.43683,1177.7645,-401.9138,212.54868,1635.89,3
2829,mvdec_dekm_consistent_v1,airpollution_mvdec_dekm_consistent_v1_2b88b20cd9b6_seed_44,2b88b20cd9b6ab9268889294ab249f6a1e5fb71b3e5ee88d2e8fde10ebe63a10,-55.431,-157.28275,-138.31644,786.9071,-312.93295,182.35971,747.21716,-254.99393,134.86465,1037.8755,3
2830,mvdec_dekm_consistent_v1,airpollution_mvdec_dekm_consistent_v1_2b88b20cd9b6_seed_44,2b88b20cd9b6ab9268889294ab249f6a1e5fb71b3e5ee88d2e8fde10ebe63a10,-26.381477,-74.86496,-65.83096,374.63736,-148.96295,86.81034,355.71005,-121.396576,64.22476,494.0871,3
2831,mvdec_dekm_consistent_v1,airpollution_mvdec_dekm_consistent_v1_2b88b20cd9b6_seed_44,2b88b20cd9b6ab9268889294ab249f6a1e5fb71b3e5ee88d2e8fde10ebe63a10,-16.454824,-46.70097,-41.060883,233.75778,-92.93086,54.159264,221.92429,-75.74369,40.0861,308.26456,3
2832,mvdec_dekm_consistent_v1,airpollution_mvdec_dekm_consistent_v1_2b88b20cd9b6_seed_44,2b88b20cd9b6ab9268889294ab249f6a1e5fb71b3e5ee88d2e8fde10ebe63a10,-1.9977715,-5.682131,-4.9871144,28.584343,-11.326207,6.6065764,27.080555,-9.256105,4.9320498,37.636402,3
2833,mvdec_dekm_consistent_v1,airpollution_mvdec_dekm_consistent_v1_2b88b20cd9b6_seed_44,2b88b20cd9b6ab9268889294ab249f6a1e5fb71b3e5ee88d2e8fde10ebe63a10,-31.127476,-88.32816,-77.6719,441.98416,-175.74725,102.41868,419.66266,-143.21992,75.764465,582.91656,3
2834,mvdec_dekm_consistent_v1,airpollution_mvdec_dekm_consistent_v1_2b88b20cd9b6_seed_44,2b88b20cd9b6ab9268889294ab249f6a1e5fb71b3e5ee88d2e8fde10ebe63a10,-3.5343919,-10.041094,-8.820714,50.390224,-19.999283,11.660534,47.78811,-16.322186,8.668703,66.39853,3
2835,mvdec_dekm_consistent_v1,airpollution_mvdec_dekm_consistent_v1_2b88b20cd9b6_seed_44,2b88b20cd9b6ab9268889294ab249f6a1e5fb71b3e5ee88d2e8fde10ebe63a10,-0.9177223,-2.6184597,-2.2910476,13.254695,-5.22988,3.0537584,12.525222,-4.2887006,2.3045468,17.417463,3
2836,mvdec_dekm_consistent_v1,airpollution_mvdec_dekm_consistent_v1_2b88b20cd9b6_seed_44,2b88b20cd9b6ab9268889294ab249f6a1e5fb71b3e5ee88d2e8fde10ebe63a10,-23.577814,-66.909615,-58.83311,334.8417,-133.13467,77.58713,317.9175,-108.49993,57.40581,441.59482,3
2837,mvdec_dekm_consistent_v1,airpollution_mvdec_dekm_consistent_v1_2b88b20cd9b6_seed_44,2b88b20cd9b6ab9268889294ab249f6a1e5fb71b3e5ee88d2e8fde10ebe63a10,-26.413328,-74.954926,-65.90793,375.0821,-149.13965,86.91346,356.13217,-121.54002,64.30024,494.67276,3
2838,mvdec_dekm_consistent_v1,airpollution_mvdec_dekm_consistent_v1_2b88b20cd9b6_seed_44,2b88b20cd9b6ab9268889294ab249f6a1e5fb71b3e5ee88d2e8fde10ebe63a10,-12.322527,-34.97672,-30.747696,175.10852,-69.604614,40.56651,166.22873,-56.73756,30.036644,230.90486,3
2839,mvdec_dekm_consistent_v1,airpollution_mvdec_dekm_consistent_v1_2b88b20cd9b6_seed_44,2b88b20cd9b6ab9268889294ab249f6a1e5fb71b3e5ee88d2e8fde10ebe63a10,-15.236105,-43.245712,-38.019287,216.46791,-86.05568,50.15228,205.50803,-70.140785,37.122803,285.46002,3
2840,mvdec_dekm_consistent_v1,airpollution_mvdec_dekm_consistent_v1_2b88b20cd9b6_seed_44,2b88b20cd9b6ab9268889294ab249f6a1e5fb71b3e5ee88d2e8fde10ebe63a10,-40.43925,-114.75093,-100.907234,574.14435,-228.31384,133.04918,545.173,-186.0477,98.40784,757.2407,3
2841,mvdec_dekm_consistent_v1,airpollution_mvdec_dekm_consistent_v1_2b88b20cd9b6_seed_44,2b88b20cd9b6ab9268889294ab249f6a1e5fb71b3e5ee88d2e8fde10ebe63a10,-35.59831,-101.01659,-88.8286,505.44492,-200.99072,117.127304,479.9339,-163.7856,86.636955,666.62573,3
2842,mvdec_dekm_consistent_v1,airpollution_mvdec_dekm_consistent_v1_2b88b20cd9b6_seed_44,2b88b20cd9b6ab9268889294ab249f6a1e5fb71b3e5ee88d2e8fde10ebe63a10,-30.646557,-86.96794,-76.47308,435.17047,-173.04143,100.84054,413.1998,-141.01321,74.59575,573.93396,3
2843,mvdec_dekm_consistent_v1,airpollution_mvdec_dekm_consistent_v1_2b88b20cd9b6_seed_44,2b88b20cd9b6ab9268889294ab249f6a1e5fb71b3e5ee88d2e8fde10ebe63a10,-32.678417,-92.73218,-81.54294,464.00308,-184.50916,107.5231,440.58075,-150.35672,79.5359,611.96497,3
2844,mvdec_dekm_consistent_v1,airpollution_mvdec_dekm_consistent_v1_2b88b20cd9b6_seed_44,2b88b20cd9b6ab9268889294ab249f6a1e5fb71b3e5ee88d2e8fde10ebe63a10,-15.881304,-45.076374,-39.630173,225.62157,-89.698814,52.27488,214.20496,-73.1084,38.690773,297.53735,3
2845,mvdec_dekm_consistent_v1,airpollution_mvdec_dekm_consistent_v1_2b88b20cd9b6_seed_44,2b88b20cd9b6ab9268889294ab249f6a1e5fb71b3e5ee88d2e8fde10ebe63a10,-14.292622,-40.56962,-35.66607,203.07594,-80.73199,47.0496,192.79533,-65.802505,34.82738,267.79977,3
2846,mvdec_dekm_consistent_v1,airpollution_mvdec_dekm_consistent_v1_2b88b20cd9b6_seed_44,2b88b20cd9b6ab9268889294ab249f6a1e5fb71b3e5ee88d2e8fde10ebe63a10,-41.507084,-117.7815,-103.57263,589.2973,-234.34244,136.56184,559.56665,-190.95926,101.00324,777.23083,3
2847,mvdec_dekm_consistent_v1,airpollution_mvdec_dekm_consistent_v1_2b88b20cd9b6_seed_44,2b88b20cd9b6ab9268889294ab249f6a1e5fb71b3e5ee88d2e8fde10ebe63a10,-45.80841,-129.98521,-114.30602,650.3489,-258.62274,150.71114,617.54156,-210.74258,111.46456,857.75684,3
2848,mvdec_dekm_consistent_v1,airpollution_mvdec_dekm_consistent_v1_2b88b20cd9b6_seed_44,2b88b20cd9b6ab9268889294ab249f6a1e5fb71b3e5ee88d2e8fde10ebe63a10,-47.38796,-134.46751,-118.24803,672.77,-267.54025,155.90741,638.83405,-218.00835,115.30627,887.33075,3
2849,mvdec_dekm_consistent_v1,airpollution_mvdec_dekm_consistent_v1_2b88b20cd9b6_seed_44,2b88b20cd9b6ab9268889294ab249f6a1e5fb71b3e5ee88d2e8fde10ebe63a10,-65.39532,-185.55814,-163.18094,928.3301,-369.1837,215.13695,881.52484,-300.82382,159.0944,1224.4185,3
2850,mvdec_dekm_consistent_v1,airpollution_mvdec_dekm_consistent_v1_2b88b20cd9b6_seed_44,2b88b20cd9b6ab9268889294ab249f6a1e5fb71b3e5ee88d2e8fde10ebe63a10,-68.929825,-195.58684,-172.00055,978.4875,-389.13446,226.76172,929.15906,-317.0785,167.68791,1290.5789,3
2851,mvdec_dekm_consistent_v1,airpollution_mvdec_dekm_consistent_v1_2b88b20cd9b6_seed_44,2b88b20cd9b6ab9268889294ab249f6a1e5fb71b3e5ee88d2e8fde10ebe63a10,-85.10956,-241.49123,-212.37267,1208.1053,-480.45993,279.979,1147.2141,-391.48734,207.03102,1593.4489,3
2852,mvdec_dekm_consistent_v1,airpollution_mvdec_dekm_consistent_v1_2b88b20cd9b6_seed_44,2b88b20cd9b6ab9268889294ab249f6a1e5fb71b3e5ee88d2e8fde10ebe63a10,-108.41537,-307.61237,-270.52542,1538.8502,-612.00574,356.63382,1461.3025,-498.6668,263.70163,2029.7058,3
2853,mvdec_dekm_consistent_v1,airpollution_mvdec_dekm_consistent_v1_2b88b20cd9b6_seed_44,2b88b20cd9b6ab9268889294ab249f6a1e5fb71b3e5ee88d2e8fde10ebe63a10,-135.40094,-384.1733,-337.8599,1921.8159,-764.3216,445.39163,1824.9824,-622.7686,329.3198,2534.8433,3
2854,mvdec_dekm_consistent_v1,airpollution_mvdec_dekm_consistent_v1_2b88b20cd9b6_seed_44,2b88b20cd9b6ab9268889294ab249f6a1e5fb71b3e5ee88d2e8fde10ebe63a10,-150.36682,-426.63446,-375.20337,2134.2095,-848.7968,494.617,2026.6813,-691.5959,365.7116,2814.9941,3
2855,mvdec_dekm_consistent_v1,airpollution_mvdec_dekm_consistent_v1_2b88b20cd9b6_seed_44,2b88b20cd9b6ab9268889294ab249f6a1e5fb71b3e5ee88d2e8fde10ebe63a10,-154.9479,-439.6324,-386.63446,2199.2253,-874.65576,509.6852,2088.4233,-712.66473,376.8515,2900.7512,3
2856,mvdec_dekm_consistent_v1,airpollution_mvdec_dekm_consistent_v1_2b88b20cd9b6_seed_44,2b88b20cd9b6ab9268889294ab249f6a1e5fb71b3e5ee88d2e8fde10ebe63a10,-165.72267,-470.20084,-413.51913,2352.1323,-935.4708,545.1237,2233.63,-762.2147,403.05087,3102.4375,3
2857,mvdec_dekm_consistent_v1,airpollution_mvdec_dekm_consistent_v1_2b88b20cd9b6_seed_44,2b88b20cd9b6ab9268889294ab249f6a1e5fb71b3e5ee88d2e8fde10ebe63a10,-181.66505,-515.43097,-453.2986,2578.378,-1025.4548,597.55945,2448.4817,-835.53076,441.81638,3400.8591,0
2858,mvdec_dekm_consistent_v1,airpollution_mvdec_dekm_consistent_v1_2b88b20cd9b6_seed_44,2b88b20cd9b6ab9268889294ab249f6a1e5fb71b3e5ee88d2e8fde10ebe63a10,-201.63829,-572.09875,-503.13657,2861.834,-1138.1936,663.2545,2717.6643,-927.3863,490.38412,3774.742,0
2859,mvdec_dekm_consistent_v1,airpollution_mvdec_dekm_consistent_v1_2b88b20cd9b6_seed_44,2b88b20cd9b6ab9268889294ab249f6a1e5fb71b3e5ee88d2e8fde10ebe63a10,-224.58449,-637.20044,-560.3919,3187.479,-1267.7114,738.72736,3026.9111,-1032.913,546.1807,4204.273,0
2860,mvdec_dekm_consistent_v1,airpollution_mvdec_dekm_consistent_v1_2b88b20cd9b6_seed_44,2b88b20cd9b6ab9268889294ab249f6a1e5fb71b3e5ee88d2e8fde10ebe63a10,-249.7023,-708.4623,-623.06586,3543.938,-1409.485,821.34186,3365.4187,-1148.4253,607.2573,4674.4478,0
2861,mvdec_dekm_consistent_v1,airpollution_mvdec_dekm_consistent_v1_2b88b20cd9b6_seed_44,2b88b20cd9b6ab9268889294ab249f6a1e5fb71b3e5ee88d2e8fde10ebe63a10,-275.75977,-782.3903,-688.0842,3913.7344,-1556.5625,907.04724,3716.591,-1268.259,670.61914,5162.213,0
2862,mvdec_dekm_consistent_v1,airpollution_mvdec_dekm_consistent_v1_2b88b20cd9b6_seed_44,2b88b20cd9b6ab9268889294ab249f6a1e5fb71b3e5ee88d2e8fde10ebe63a10,-276.51074,-784.52026,-689.95764,3924.389,-1560.7997,909.5166,3726.709,-1271.7117,672.44476,5176.267,0
2863,mvdec_dekm_consistent_v1,airpollution_mvdec_dekm_consistent_v1_2b88b20cd9b6_seed_44,2b88b20cd9b6ab9268889294ab249f6a1e5fb71b3e5ee88d2e8fde10ebe63a10,-272.95126,-774.42175,-681.07623,3873.874,-1540.7091,897.8093,3678.7385,-1255.3423,663.78937,5109.637,0
2864,mvdec_dekm_consistent_v1,airpollution_mvdec_dekm_consistent_v1_2b88b20cd9b6_seed_44,2b88b20cd9b6ab9268889294ab249f6a1e5fb71b3e5ee88d2e8fde10ebe63a10,-273.25705,-775.28864,-681.83875,3878.2095,-1542.434,898.8144,3682.8557,-1256.7473,664.53204,5115.356,0
2865,mvdec_dekm_consistent_v1,airpollution_mvdec_dekm_consistent_v1_2b88b20cd9b6_seed_44,2b88b20cd9b6ab9268889294ab249f6a1e5fb71b3e5ee88d2e8fde10ebe63a10,-277.4574,-787.2051,-692.3189,3937.8164,-1566.141,912.6293,3739.461,-1276.0632,674.74524,5193.979,0
2866,mvdec_dekm_consistent_v1,airpollution_mvdec_dekm_consistent_v1_2b88b20cd9b6_seed_44,2b88b20cd9b6ab9268889294ab249f6a1e5fb71b3e5ee88d2e8fde10ebe63a10,-285.3757,-809.67053,-712.0768,4050.1904,-1610.8354,938.67334,3846.176,-1312.4784,693.9995,5342.2017,0
2867,mvdec_dekm_consistent_v1,airpollution_mvdec_dekm_consistent_v1_2b88b20cd9b6_seed_44,2b88b20cd9b6ab9268889294ab249f6a1e5fb71b3e5ee88d2e8fde10ebe63a10,-296.7481,-841.9351,-740.45306,4211.583,-1675.0251,976.07825,3999.4402,-1364.7783,721.65314,5555.08,0
2868,mvdec_dekm_consistent_v1,airpollution_mvdec_dekm_consistent_v1_2b88b20cd9b6_seed_44,2b88b20cd9b6ab9268889294ab249f6a1e5fb71b3e5ee88d2e8fde10ebe63a10,-311.17343,-882.8613,-776.4468,4416.301,-1756.4462,1023.5243,4193.847,-1431.1176,756.7302,5825.106,0
2869,mvdec_dekm_consistent_v1,airpollution_mvdec_dekm_consistent_v1_2b88b20cd9b6_seed_44,2b88b20cd9b6ab9268889294ab249f6a1e5fb71b3e5ee88d2e8fde10ebe63a10,-315.97913,-896.49567,-788.4376,4484.5,-1783.5709,1039.3304,4258.612,-1453.218,768.4155,5915.061,0
2870,mvdec_dekm_consistent_v1,airpollution_mvdec_dekm_consistent_v1_2b88b20cd9b6_seed_44,2b88b20cd9b6ab9268889294ab249f6a1e5fb71b3e5ee88d2e8fde10ebe63a10,-172.0756,-488.2219,-429.37006,2442.2856,-971.32556,566.0177,2319.2388,-791.4284,418.49966,3221.3486,3
2871,mvdec_dekm_consistent_v1,airpollution_mvdec_dekm_consistent_v1_2b88b20cd9b6_seed_44,2b88b20cd9b6ab9268889294ab249f6a1e5fb71b3e5ee88d2e8fde10ebe63a10,-165.46666,-469.47162,-412.87933,2348.4954,-934.0224,544.28033,2230.1714,-761.0351,402.42938,3097.6372,3
2872,mvdec_dekm_consistent_v1,airpollution_mvdec_dekm_consistent_v1_2b88b20cd9b6_seed_44,2b88b20cd9b6ab9268889294ab249f6a1e5fb71b3e5ee88d2e8fde10ebe63a10,-161.32591,-457.72458,-402.54675,2289.7297,-910.6502,530.6608,2174.3662,-741.99194,392.35944,3020.1252,3
2873,mvdec_dekm_consistent_v1,airpollution_mvdec_dekm_consistent_v1_2b88b20cd9b6_seed_44,2b88b20cd9b6ab9268889294ab249f6a1e5fb71b3e5ee88d2e8fde10ebe63a10,-159.58762,-452.7913,-398.20886,2265.0557,-900.83624,524.94214,2150.9336,-733.9962,388.13242,2987.5793,3
2874,mvdec_dekm_consistent_v1,airpollution_mvdec_dekm_consistent_v1_2b88b20cd9b6_seed_44,2b88b20cd9b6ab9268889294ab249f6a1e5fb71b3e5ee88d2e8fde10ebe63a10,-143.70372,-407.72473,-358.5754,2039.6362,-811.1792,472.69772,1936.8625,-660.9473,349.5096,2690.2454,3
2875,mvdec_dekm_consistent_v1,airpollution_mvdec_dekm_consistent_v1_2b88b20cd9b6_seed_44,2b88b20cd9b6ab9268889294ab249f6a1e5fb71b3e5ee88d2e8fde10ebe63a10,-117.91175,-334.54794,-294.2188,1673.6038,-665.5972,387.86426,1589.2612,-542.33246,286.7935,2207.4424,3
2876,mvdec_dekm_consistent_v1,airpollution_mvdec_dekm_consistent_v1_2b88b20cd9b6_seed_44,2b88b20cd9b6ab9268889294ab249f6a1e5fb71b3e5ee88d2e8fde10ebe63a10,-93.944275,-266.54932,-234.41412,1333.4624,-530.314,309.03183,1266.2499,-432.10825,228.51215,1758.7913,3
2877,mvdec_dekm_consistent_v1,airpollution_mvdec_dekm_consistent_v1_2b88b20cd9b6_seed_44,2b88b20cd9b6ab9268889294ab249f6a1e5fb71b3e5ee88d2e8fde10ebe63a10,-72.90528,-206.85909,-181.91669,1034.8811,-411.56033,239.83148,982.7057,-335.35162,177.35184,1364.9589,3
2878,mvdec_dekm_consistent_v1,airpollution_mvdec_dekm_consistent_v1_2b88b20cd9b6_seed_44,2b88b20cd9b6ab9268889294ab249f6a1e5fb71b3e5ee88d2e8fde10ebe63a10,-45.612988,-129.42601,-113.816696,647.55884,-257.51035,150.06364,614.88556,-209.83759,110.987946,854.07324,3
2879,mvdec_dekm_consistent_v1,airpollution_mvdec_dekm_consistent_v1_2b88b20cd9b6_seed_44,2b88b20cd9b6ab9268889294ab249f6a1e5fb71b3e5ee88d2e8fde10ebe63a10,-14.9675865,-42.47943,-37.349094,212.6456,-84.53298,49.266087,201.87305,-68.901764,36.469387,280.416,3
2880,mvdec_dekm_consistent_v1,airpollution_mvdec_dekm_consistent_v1_2b88b20cd9b6_seed_44,2b88b20cd9b6ab9268889294ab249f6a1e5fb71b3e5ee88d2e8fde10ebe63a10,-12.42247,-35.256393,-30.998585,176.52551,-70.16564,40.894344,167.56848,-57.19634,30.28209,232.77118,3
2881,mvdec_dekm_consistent_v1,airpollution_mvdec_dekm_consistent_v1_2b88b20cd9b6_seed_44,2b88b20cd9b6ab9268889294ab249f6a1e5fb71b3e5ee88d2e8fde10ebe63a10,-39.80937,-112.9574,-99.33486,565.1915,-224.74892,130.9735,536.66223,-183.1453,96.87656,745.4269,3
2882,mvdec_dekm_consistent_v1,airpollution_mvdec_dekm_consistent_v1_2b88b20cd9b6_seed_44,2b88b20cd9b6ab9268889294ab249f6a1e5fb71b3e5ee88d2e8fde10ebe63a10,-66.48087,-188.62799,-165.88547,943.7027,-375.2932,218.69888,896.1122,-305.80353,161.73145,1244.6886,3
2883,mvdec_dekm_consistent_v1,airpollution_mvdec_dekm_consistent_v1_2b88b20cd9b6_seed_44,2b88b20cd9b6ab9268889294ab249f6a1e5fb71b3e5ee88d2e8fde10ebe63a10,-93.317795,-264.76892,-232.84845,1324.5602,-526.7715,306.96826,1257.7921,-429.22232,226.98737,1747.0463,3
2884,mvdec_dekm_consistent_v1,airpollution_mvdec_dekm_consistent_v1_2b88b20cd9b6_seed_44,2b88b20cd9b6ab9268889294ab249f6a1e5fb71b3e5ee88d2e8fde10ebe63a10,-74.88565,-212.47531,-186.85638,1062.9794,-422.73407,246.34326,1009.38513,-344.45596,182.16708,1402.018,3
2885,mvdec_dekm_consistent_v1,airpollution_mvdec_dekm_consistent_v1_2b88b20cd9b6_seed_44,2b88b20cd9b6ab9268889294ab249f6a1e5fb71b3e5ee88d2e8fde10ebe63a10,-42.20087,-119.74454,-105.30124,599.13135,-238.2489,138.83975,568.89575,-194.1438,102.690384,790.1954,3
2886,mvdec_dekm_consistent_v1,airpollution_mvdec_dekm_consistent_v1_2b88b20cd9b6_seed_44,2b88b20cd9b6ab9268889294ab249f6a1e5fb71b3e5ee88d2e8fde10ebe63a10,-11.339044,-32.187176,-28.295292,161.16179,-64.05697,37.333607,152.98291,-52.21788,27.648005,212.50807,3
2887,mvdec_dekm_consistent_v1,airpollution_mvdec_dekm_consistent_v1_2b88b20cd9b6_seed_44,2b88b20cd9b6ab9268889294ab249f6a1e5fb71b3e5ee88d2e8fde10ebe63a10,-17.313179,-49.137997,-43.202347,245.94504,-97.77905,56.983944,233.4996,-79.69287,42.173943,324.34012,3
2888,mvdec_dekm_consistent_v1,airpollution_mvdec_dekm_consistent_v1_2b88b20cd9b6_seed_44,2b88b20cd9b6ab9268889294ab249f6a1e5fb71b3e5ee88d2e8fde10ebe63a10,-44.199512,-125.417946,-110.29031,627.5088,-249.53737,145.41692,595.84784,-203.34044,107.552505,827.6279,3
2889,mvdec_dekm_consistent_v1,airpollution_mvdec_dekm_consistent_v1_2b88b20cd9b6_seed_44,2b88b20cd9b6ab9268889294ab249f6a1e5fb71b3e5ee88d2e8fde10ebe63a10,-48.259808,-136.9379,-120.42178,685.1305,-272.45593,158.7719,650.5693,-222.01338,117.42524,903.63306,3
2890,mvdec_dekm_consistent_v1,airpollution_mvdec_dekm_consistent_v1_2b88b20cd9b6_seed_44,2b88b20cd9b6ab9268889294ab249f6a1e5fb71b3e5ee88d2e8fde10ebe63a10,-43.187195,-122.54518,-107.7651,613.14197,-243.82399,142.08754,582.20514,-198.68523,105.09138,808.6789,3
2891,mvdec_dekm_consistent_v1,airpollution_mvdec_dekm_consistent_v1_2b88b20cd9b6_seed_44,2b88b20cd9b6ab9268889294ab249f6a1e5fb71b3e5ee88d2e8fde10ebe63a10,-22.162685,-62.895447,-55.304493,314.767,-125.152596,72.9352,298.85684,-101.995735,53.967014,415.11874,3
2892,mvdec_dekm_consistent_v1,airpollution_mvdec_dekm_consistent_v1_2b88b20cd9b6_seed_44,2b88b20cd9b6ab9268889294ab249f6a1e5fb71b3e5ee88d2e8fde10ebe63a10,-3.9198284,-11.137247,-9.783503,55.863735,-22.180367,12.930485,52.993393,-18.0975,9.605332,73.623344,3
2893,mvdec_dekm_consistent_v1,airpollution_mvdec_dekm_consistent_v1_2b88b20cd9b6_seed_44,2b88b20cd9b6ab9268889294ab249f6a1e5fb71b3e5ee88d2e8fde10ebe63a10,-33.23525,-94.309875,-82.93336,471.90634,-187.6507,109.35429,448.08203,-152.91743,80.89174,622.3873,3
2894,mvdec_dekm_consistent_v1,airpollution_mvdec_dekm_consistent_v1_2b88b20cd9b6_seed_44,2b88b20cd9b6ab9268889294ab249f6a1e5fb71b3e5ee88d2e8fde10ebe63a10,-60.906616,-172.81834,-151.97894,864.6079,-343.8393,200.36855,821.00903,-280.17435,148.17719,1140.3672,3
2895,mvdec_dekm_consistent_v1,airpollution_mvdec_dekm_consistent_v1_2b88b20cd9b6_seed_44,2b88b20cd9b6ab9268889294ab249f6a1e5fb71b3e5ee88d2e8fde10ebe63a10,-78.925385,-223.93993,-196.9402,1120.3275,-445.5451,259.6348,1063.8492,-363.04126,191.99345,1477.6642,3
2896,mvdec_dekm_consistent_v1,airpollution_mvdec_dekm_consistent_v1_2b88b20cd9b6_seed_44,2b88b20cd9b6ab9268889294ab249f6a1e5fb71b3e5ee88d2e8fde10ebe63a10,-87.36606,-247.88849,-218.00221,1240.1208,-493.19034,287.3984,1177.6104,-401.8608,212.51895,1635.6731,3
2897,mvdec_dekm_consistent_v1,airpollution_mvdec_dekm_consistent_v1_2b88b20cd9b6_seed_44,2b88b20cd9b6ab9268889294ab249f6a1e5fb71b3e5ee88d2e8fde10ebe63a10,-96.758736,-274.53845,-241.44016,1373.4268,-546.20917,318.29358,1304.203,-445.05914,235.3603,1811.5056,3
2898,mvdec_dekm_consistent_v1,airpollution_mvdec_dekm_consistent_v1_2b88b20cd9b6_seed_44,2b88b20cd9b6ab9268889294ab249f6a1e5fb71b3e5ee88d2e8fde10ebe63a10,-99.94966,-283.59274,-249.40302,1418.7173,-564.22253,328.7901,1347.2131,-459.73578,243.12042,1871.2446,3
2899,mvdec_dekm_consistent_v1,airpollution_mvdec_dekm_consistent_v1_2b88b20cd9b6_seed_44,2b88b20cd9b6ab9268889294ab249f6a1e5fb71b3e5ee88d2e8fde10ebe63a10,-73.36197,-208.16118,-183.06108,1041.394,-414.15213,241.34047,988.8945,-337.46307,178.46793,1373.5518,3
2900,mvdec_dekm_consistent_v1,airpollution_mvdec_dekm_consistent_v1_2b88b20cd9b6_seed_44,2b88b20cd9b6ab9268889294ab249f6a1e5fb71b3e5ee88d2e8fde10ebe63a10,-50.963024,-144.61183,-127.17089,723.51324,-287.72314,167.66743,687.0227,-234.45273,124.00113,954.2632,3
2901,mvdec_dekm_consistent_v1,airpollution_mvdec_dekm_consistent_v1_2b88b20cd9b6_seed_44,2b88b20cd9b6ab9268889294ab249f6a1e5fb71b3e5ee88d2e8fde10ebe63a10,-20.061108,-56.938942,-50.064976,284.96835,-113.30115,66.02809,270.56146,-92.34011,48.860786,375.81583,3
2902,mvdec_dekm_consistent_v1,airpollution_mvdec_dekm_consistent_v1_2b88b20cd9b6_seed_44,2b88b20cd9b6ab9268889294ab249f6a1e5fb71b3e5ee88d2e8fde10ebe63a10,-9.00984,-25.584614,-22.48952,128.13158,-50.923172,29.678846,121.62324,-41.516655,21.988247,168.94675,3
2903,mvdec_dekm_consistent_v1,airpollution_mvdec_dekm_consistent_v1_2b88b20cd9b6_seed_44,2b88b20cd9b6ab9268889294ab249f6a1e5fb71b3e5ee88d2e8fde10ebe63a10,-26.889458,-76.313095,-67.1031,381.87222,-151.84358,88.48741,362.588,-123.74279,65.463326,503.635,3
2904,mvdec_dekm_consistent_v1,airpollution_mvdec_dekm_consistent_v1_2b88b20cd9b6_seed_44,2b88b20cd9b6ab9268889294ab249f6a1e5fb71b3e5ee88d2e8fde10ebe63a10,-4.9675603,-14.115935,-12.4019375,70.75713,-28.10546,16.38208,67.14105,-22.92491,12.156207,93.27104,3
2905,mvdec_dekm_consistent_v1,airpollution_mvdec_dekm_consistent_v1_2b88b20cd9b6_seed_44,2b88b20cd9b6ab9268889294ab249f6a1e5fb71b3e5ee88d2e8fde10ebe63a10,-21.087835,-59.852108,-52.625645,299.5353,-119.09573,69.4051,284.39722,-97.06081,51.355206,395.03082,3
2906,mvdec_dekm_consistent_v1,airpollution_mvdec_dekm_consistent_v1_2b88b20cd9b6_seed_44,2b88b20cd9b6ab9268889294ab249f6a1e5fb71b3e5ee88d2e8fde10ebe63a10,-3.723055,-10.585438,-9.296779,53.106052,-21.083302,12.291211,50.37719,-17.20398,9.132159,69.98664,3
2907,mvdec_dekm_consistent_v1,airpollution_mvdec_dekm_consistent_v1_2b88b20cd9b6_seed_44,2b88b20cd9b6ab9268889294ab249f6a1e5fb71b3e5ee88d2e8fde10ebe63a10,-9.026144,-25.631878,-22.529392,128.36809,-51.01745,29.734587,121.84966,-41.592957,22.0276,169.25865,3
2908,mvdec_dekm_consistent_v1,airpollution_mvdec_dekm_consistent_v1_2b88b20cd9b6_seed_44,2b88b20cd9b6ab9268889294ab249f6a1e5fb71b3e5ee88d2e8fde10ebe63a10,-21.26062,-60.34295,-53.056976,301.98904,-120.07227,69.97395,286.7286,-97.85616,51.775448,398.26804,3
2909,mvdec_dekm_consistent_v1,airpollution_mvdec_dekm_consistent_v1_2b88b20cd9b6_seed_44,2b88b20cd9b6ab9268889294ab249f6a1e5fb71b3e5ee88d2e8fde10ebe63a10,-6.419103,-18.234081,-16.023062,91.35179,-36.297245,21.155678,86.69995,-29.59886,15.684321,120.43654,3
2910,mvdec_dekm_consistent_v1,airpollution_mvdec_dekm_consistent_v1_2b88b20cd9b6_seed_44,2b88b20cd9b6ab9268889294ab249f6a1e5fb71b3e5ee88d2e8fde10ebe63a10,-7.9112716,-22.46773,-19.746231,112.52745,-44.71985,26.06366,106.810036,-36.461044,19.312408,148.36795,3
2911,mvdec_dekm_consistent_v1,airpollution_mvdec_dekm_consistent_v1_2b88b20cd9b6_seed_44,2b88b20cd9b6ab9268889294ab249f6a1e5fb71b3e5ee88d2e8fde10ebe63a10,-3.0932417,-8.797619,-7.724374,44.150852,-17.524612,10.216274,41.87676,-14.30346,7.596954,58.178295,3
2912,mvdec_dekm_consistent_v1,airpollution_mvdec_dekm_consistent_v1_2b88b20cd9b6_seed_44,2b88b20cd9b6ab9268889294ab249f6a1e5fb71b3e5ee88d2e8fde10ebe63a10,-2.153175,-6.130081,-5.3785906,30.806719,-12.217415,7.1237593,29.204962,-9.979417,5.310406,40.577477,3
2913,mvdec_dekm_consistent_v1,airpollution_mvdec_dekm_consistent_v1_2b88b20cd9b6_seed_44,2b88b20cd9b6ab9268889294ab249f6a1e5fb71b3e5ee88d2e8fde10ebe63a10,-5.0169945,-14.254715,-12.52382,71.445724,-28.381273,16.542831,67.79805,-23.148712,12.27349,94.18158,3
2914,mvdec_dekm_consistent_v1,airpollution_mvdec_dekm_consistent_v1_2b88b20cd9b6_seed_44,2b88b20cd9b6ab9268889294ab249f6a1e5fb71b3e5ee88d2e8fde10ebe63a10,-27.112314,-76.94376,-67.65668,385.0164,-153.09752,89.21788,365.57916,-124.76279,66.00038,507.78595,3
2915,mvdec_dekm_consistent_v1,airpollution_mvdec_dekm_consistent_v1_2b88b20cd9b6_seed_44,2b88b20cd9b6ab9268889294ab249f6a1e5fb71b3e5ee88d2e8fde10ebe63a10,-4.859415,-13.807612,-12.129924,69.20719,-27.490814,16.023954,65.67221,-22.423141,11.889588,91.22865,3
2916,mvdec_dekm_consistent_v1,airpollution_mvdec_dekm_consistent_v1_2b88b20cd9b6_seed_44,2b88b20cd9b6ab9268889294ab249f6a1e5fb71b3e5ee88d2e8fde10ebe63a10,-24.690964,-70.07301,-61.61434,350.6522,-139.4282,81.25291,332.9423,-113.626144,60.11287,462.4567,3
2917,mvdec_dekm_consistent_v1,airpollution_mvdec_dekm_consistent_v1_2b88b20cd9b6_seed_44,2b88b20cd9b6ab9268889294ab249f6a1e5fb71b3e5ee88d2e8fde10ebe63a10,-15.374998,-43.64158,-38.368694,218.44795,-86.84517,50.6123,207.39296,-70.78386,37.461575,288.0754,3
2918,mvdec_dekm_consistent_v1,airpollution_mvdec_dekm_consistent_v1_2b88b20cd9b6_seed_44,2b88b20cd9b6ab9268889294ab249f6a1e5fb71b3e5ee88d2e8fde10ebe63a10,-18.911795,-53.675797,-47.193707,268.63675,-106.80738,62.244186,255.05481,-87.04812,46.06098,354.27573,3
2919,mvdec_dekm_consistent_v1,airpollution_mvdec_dekm_consistent_v1_2b88b20cd9b6_seed_44,2b88b20cd9b6ab9268889294ab249f6a1e5fb71b3e5ee88d2e8fde10ebe63a10,-32.574898,-92.440186,-81.28629,462.54636,-183.92903,107.18539,439.1973,-149.88458,79.286316,610.04315,3
2920,mvdec_dekm_consistent_v1,airpollution_mvdec_dekm_consistent_v1_2b88b20cd9b6_seed_44,2b88b20cd9b6ab9268889294ab249f6a1e5fb71b3e5ee88d2e8fde10ebe63a10,-38.699043,-109.81479,-96.56673,549.4503,-218.49393,127.32657,521.7257,-178.04665,94.17628,724.6717,3
2921,mvdec_dekm_consistent_v1,airpollution_mvdec_dekm_consistent_v1_2b88b20cd9b6_seed_44,2b88b20cd9b6ab9268889294ab249f6a1e5fb71b3e5ee88d2e8fde10ebe63a10,-61.712887,-175.10728,-153.99051,876.0497,-348.3913,203.02072,831.87756,-283.8826,150.13654,1155.4608,3
2922,mvdec_dekm_consistent_v1,airpollution_mvdec_dekm_consistent_v1_2b88b20cd9b6_seed_44,2b88b20cd9b6ab9268889294ab249f6a1e5fb71b3e5ee88d2e8fde10ebe63a10,-90.12366,-255.7115,-224.88072,1279.2406,-508.75082,296.46597,1214.7632,-414.53827,219.22025,1687.2751,3
2923,mvdec_dekm_consistent_v1,airpollution_mvdec_dekm_consistent_v1_2b88b20cd9b6_seed_44,2b88b20cd9b6ab9268889294ab249f6a1e5fb71b3e5ee88d2e8fde10ebe63a10,-119.77992,-339.84946,-298.87885,1700.1079,-676.1406,394.00787,1614.4354,-550.92206,291.33276,2242.4048,3
2924,mvdec_dekm_consistent_v1,airpollution_mvdec_dekm_consistent_v1_2b88b20cd9b6_seed_44,2b88b20cd9b6ab9268889294ab249f6a1e5fb71b3e5ee88d2e8fde10ebe63a10,-117.15967,-332.4151,-292.34012,1662.9193,-661.34937,385.38873,1579.1187,-538.8707,284.96036,2193.3513,3
2925,mvdec_dekm_consistent_v1,airpollution_mvdec_dekm_consistent_v1_2b88b20cd9b6_seed_44,2b88b20cd9b6ab9268889294ab249f6a1e5fb71b3e5ee88d2e8fde10ebe63a10,-122.880554,-348.64545,-306.61462,1744.1067,-693.6388,404.2049,1656.2161,-565.17944,298.87152,2300.4377,3
2926,mvdec_dekm_consistent_v1,airpollution_mvdec_dekm_consistent_v1_2b88b20cd9b6_seed_44,2b88b20cd9b6ab9268889294ab249f6a1e5fb71b3e5ee88d2e8fde10ebe63a10,-135.99236,-385.84473,-339.33096,1930.1837,-767.64575,447.33047,1832.9205,-625.4781,330.7547,2545.8745,3
2927,mvdec_dekm_consistent_v1,airpollution_mvdec_dekm_consistent_v1_2b88b20cd9b6_seed_44,2b88b20cd9b6ab9268889294ab249f6a1e5fb71b3e5ee88d2e8fde10ebe63a10,-154.79083,-439.1775,-386.23633,2196.9607,-873.7495,509.1597,2086.2615,-711.9281,376.46503,2897.7566,3
2928,mvdec_dekm_consistent_v1,airpollution_mvdec_dekm_consistent_v1_2b88b20cd9b6_seed_44,2b88b20cd9b6ab9268889294ab249f6a1e5fb71b3e5ee88d2e8fde10ebe63a10,-177.59131,-503.86426,-443.12753,2520.5305,-1002.44183,584.1517,2393.536,-816.7823,431.9062,3324.5496,3
2929,mvdec_dekm_consistent_v1,airpollution_mvdec_dekm_consistent_v1_2b88b20cd9b6_seed_44,2b88b20cd9b6ab9268889294ab249f6a1e5fb71b3e5ee88d2e8fde10ebe63a10,-203.01566,-575.99634,-506.5662,2881.3413,-1145.9463,667.77496,2736.177,-933.70465,493.72812,3800.4648,0
2930,mvdec_dekm_consistent_v1,airpollution_mvdec_dekm_consistent_v1_2b88b20cd9b6_seed_44,2b88b20cd9b6ab9268889294ab249f6a1e5fb71b3e5ee88d2e8fde10ebe63a10,-229.18712,-650.24835,-571.86914,3252.7559,-1293.6685,753.8556,3088.8887,-1054.0635,557.3671,4290.3667,0
2931,mvdec_dekm_consistent_v1,airpollution_mvdec_dekm_consistent_v1_2b88b20cd9b6_seed_44,2b88b20cd9b6ab9268889294ab249f6a1e5fb71b3e5ee88d2e8fde10ebe63a10,-251.58258,-713.7873,-627.7505,3570.584,-1420.0773,827.51685,3390.7114,-1157.057,611.8244,4709.5864,0
2932,mvdec_dekm_consistent_v1,airpollution_mvdec_dekm_consistent_v1_2b88b20cd9b6_seed_44,2b88b20cd9b6ab9268889294ab249f6a1e5fb71b3e5ee88d2e8fde10ebe63a10,-243.72836,-691.504,-608.15234,3459.1218,-1375.7456,801.6836,3284.8618,-1120.9371,592.72626,4562.5654,0
2933,mvdec_dekm_consistent_v1,airpollution_mvdec_dekm_consistent_v1_2b88b20cd9b6_seed_44,2b88b20cd9b6ab9268889294ab249f6a1e5fb71b3e5ee88d2e8fde10ebe63a10,-239.74712,-680.2122,-598.2201,3402.64,-1353.2809,788.59235,3231.2244,-1102.6334,583.0487,4488.0645,0
2934,mvdec_dekm_consistent_v1,airpollution_mvdec_dekm_consistent_v1_2b88b20cd9b6_seed_44,2b88b20cd9b6ab9268889294ab249f6a1e5fb71b3e5ee88d2e8fde10ebe63a10,-240.09863,-681.21014,-599.0977,3407.6294,-1355.2667,789.74915,3235.9646,-1104.2509,583.90326,4494.6465,0
2935,mvdec_dekm_consistent_v1,airpollution_mvdec_dekm_consistent_v1_2b88b20cd9b6_seed_44,2b88b20cd9b6ab9268889294ab249f6a1e5fb71b3e5ee88d2e8fde10ebe63a10,-244.84662,-694.681,-610.9451,3475.0093,-1382.0667,805.36597,3299.9536,-1126.0864,595.44824,4583.5244,0
2936,mvdec_dekm_consistent_v1,airpollution_mvdec_dekm_consistent_v1_2b88b20cd9b6_seed_44,2b88b20cd9b6ab9268889294ab249f6a1e5fb71b3e5ee88d2e8fde10ebe63a10,-253.75488,-719.9555,-633.1733,3601.4321,-1432.3488,834.6663,3420.0103,-1167.0543,617.1093,4750.278,0
2937,mvdec_dekm_consistent_v1,airpollution_mvdec_dekm_consistent_v1_2b88b20cd9b6_seed_44,2b88b20cd9b6ab9268889294ab249f6a1e5fb71b3e5ee88d2e8fde10ebe63a10,-266.4364,-755.9344,-664.8163,3781.4019,-1503.9281,876.37726,3590.9182,-1225.3746,647.9456,4987.661,0
2938,mvdec_dekm_consistent_v1,airpollution_mvdec_dekm_consistent_v1_2b88b20cd9b6_seed_44,2b88b20cd9b6ab9268889294ab249f6a1e5fb71b3e5ee88d2e8fde10ebe63a10,-280.4297,-795.6348,-699.7323,3979.9858,-1582.9109,922.40216,3779.5024,-1289.727,681.9712,5249.598,0
2939,mvdec_dekm_consistent_v1,airpollution_mvdec_dekm_consistent_v1_2b88b20cd9b6_seed_44,2b88b20cd9b6ab9268889294ab249f6a1e5fb71b3e5ee88d2e8fde10ebe63a10,-282.89877,-802.6396,-705.89307,4015.0247,-1596.8467,930.52295,3812.7769,-1301.0817,687.97485,5295.814,0
2940,mvdec_dekm_consistent_v1,airpollution_mvdec_dekm_consistent_v1_2b88b20cd9b6_seed_44,2b88b20cd9b6ab9268889294ab249f6a1e5fb71b3e5ee88d2e8fde10ebe63a10,-138.83823,-393.91965,-346.43405,1970.5795,-783.71405,456.69327,1871.2847,-638.5694,337.67685,2599.1597,3
2941,mvdec_dekm_consistent_v1,airpollution_mvdec_dekm_consistent_v1_2b88b20cd9b6_seed_44,2b88b20cd9b6ab9268889294ab249f6a1e5fb71b3e5ee88d2e8fde10ebe63a10,-133.13417,-377.73663,-332.2019,1889.6335,-751.5188,437.93253,1794.4136,-612.3384,323.80795,2492.3896,3
2942,mvdec_dekm_consistent_v1,airpollution_mvdec_dekm_consistent_v1_2b88b20cd9b6_seed_44,2b88b20cd9b6ab9268889294ab249f6a1e5fb71b3e5ee88d2e8fde10ebe63a10,-128.20743,-363.75998,-319.90894,1819.7181,-723.71204,421.7287,1728.0203,-589.6821,311.82806,2400.1711,3
2943,mvdec_dekm_consistent_v1,airpollution_mvdec_dekm_consistent_v1_2b88b20cd9b6_seed_44,2b88b20cd9b6ab9268889294ab249f6a1e5fb71b3e5ee88d2e8fde10ebe63a10,-126.36119,-358.52267,-315.3031,1793.524,-713.2936,415.65738,1703.1443,-581.19366,307.3403,2365.6199,3
2944,mvdec_dekm_consistent_v1,airpollution_mvdec_dekm_consistent_v1_2b88b20cd9b6_seed_44,2b88b20cd9b6ab9268889294ab249f6a1e5fb71b3e5ee88d2e8fde10ebe63a10,-124.93417,-354.4746,-311.74338,1773.2788,-705.24115,410.96503,1683.9182,-574.63306,303.87198,2338.9158,3
2945,mvdec_dekm_consistent_v1,airpollution_mvdec_dekm_consistent_v1_2b88b20cd9b6_seed_44,2b88b20cd9b6ab9268889294ab249f6a1e5fb71b3e5ee88d2e8fde10ebe63a10,-97.24737,-275.92508,-242.65965,1380.3628,-548.96844,319.90115,1310.7904,-447.3071,236.5484,1820.6549,3
2946,mvdec_dekm_consistent_v1,airpollution_mvdec_dekm_consistent_v1_2b88b20cd9b6_seed_44,2b88b20cd9b6ab9268889294ab249f6a1e5fb71b3e5ee88d2e8fde10ebe63a10,-71.04151,-201.57526,-177.2717,1008.4652,-401.05374,233.70811,957.619,-326.79175,172.82776,1330.1154,3
2947,mvdec_dekm_consistent_v1,airpollution_mvdec_dekm_consistent_v1_2b88b20cd9b6_seed_44,2b88b20cd9b6ab9268889294ab249f6a1e5fb71b3e5ee88d2e8fde10ebe63a10,-47.006454,-133.38602,-117.299484,667.3746,-265.39282,154.6559,633.7069,-216.25967,114.38385,880.2122,3
2948,mvdec_dekm_consistent_v1,airpollution_mvdec_dekm_consistent_v1_2b88b20cd9b6_seed_44,2b88b20cd9b6ab9268889294ab249f6a1e5fb71b3e5ee88d2e8fde10ebe63a10,-27.101608,-76.91482,-67.63316,384.89502,-153.04427,89.187584,365.45535,-124.721405,65.982445,507.61926,3
2949,mvdec_dekm_consistent_v1,airpollution_mvdec_dekm_consistent_v1_2b88b20cd9b6_seed_44,2b88b20cd9b6ab9268889294ab249f6a1e5fb71b3e5ee88d2e8fde10ebe63a10,-6.374034,-18.107784,-15.912879,90.7341,-36.049347,21.011614,86.109856,-29.397676,15.580092,119.6188,3
2950,mvdec_dekm_consistent_v1,airpollution_mvdec_dekm_consistent_v1_2b88b20cd9b6_seed_44,2b88b20cd9b6ab9268889294ab249f6a1e5fb71b3e5ee88d2e8fde10ebe63a10,-28.716085,-81.4945,-71.66189,407.79993,-162.15515,94.49617,387.2077,-132.1446,69.90701,537.83276,3
2951,mvdec_dekm_consistent_v1,airpollution_mvdec_dekm_consistent_v1_2b88b20cd9b6_seed_44,2b88b20cd9b6ab9268889294ab249f6a1e5fb71b3e5ee88d2e8fde10ebe63a10,-59.283234,-168.21738,-147.93205,841.59033,-334.68576,195.03355,799.1539,-272.71646,144.23273,1110.0093,3
2952,mvdec_dekm_consistent_v1,airpollution_mvdec_dekm_consistent_v1_2b88b20cd9b6_seed_44,2b88b20cd9b6ab9268889294ab249f6a1e5fb71b3e5ee88d2e8fde10ebe63a10,-85.56239,-242.77345,-213.50362,1214.5317,-483.0137,281.46783,1153.3123,-393.56943,208.13394,1601.9229,3
2953,mvdec_dekm_consistent_v1,airpollution_mvdec_dekm_consistent_v1_2b88b20cd9b6_seed_44,2b88b20cd9b6ab9268889294ab249f6a1e5fb71b3e5ee88d2e8fde10ebe63a10,-106.42744,-301.97205,-265.56528,1510.6372,-600.78467,350.09506,1434.5101,-489.52423,258.8676,1992.4924,3
2954,mvdec_dekm_consistent_v1,airpollution_mvdec_dekm_consistent_v1_2b88b20cd9b6_seed_44,2b88b20cd9b6ab9268889294ab249f6a1e5fb71b3e5ee88d2e8fde10ebe63a10,-73.7132,-209.15729,-183.93677,1046.3701,-416.13342,242.49472,993.6235,-339.07654,179.31937,1380.1179,3
2955,mvdec_dekm_consistent_v1,airpollution_mvdec_dekm_consistent_v1_2b88b20cd9b6_seed_44,2b88b20cd9b6ab9268889294ab249f6a1e5fb71b3e5ee88d2e8fde10ebe63a10,-41.669216,-118.244446,-103.98037,591.614,-235.26503,137.09871,561.7692,-191.71092,101.40029,780.2886,3
2956,mvdec_dekm_consistent_v1,airpollution_mvdec_dekm_consistent_v1_2b88b20cd9b6_seed_44,2b88b20cd9b6ab9268889294ab249f6a1e5fb71b3e5ee88d2e8fde10ebe63a10,-11.568432,-32.842842,-28.872126,164.43117,-65.36245,38.09282,156.09778,-53.280293,28.206635,216.8282,3
2957,mvdec_dekm_consistent_v1,airpollution_mvdec_dekm_consistent_v1_2b88b20cd9b6_seed_44,2b88b20cd9b6ab9268889294ab249f6a1e5fb71b3e5ee88d2e8fde10ebe63a10,-21.402775,-60.74408,-53.411354,303.99802,-120.87157,70.43948,288.63522,-98.50736,52.120552,400.91788,3
2958,mvdec_dekm_consistent_v1,airpollution_mvdec_dekm_consistent_v1_2b88b20cd9b6_seed_44,2b88b20cd9b6ab9268889294ab249f6a1e5fb71b3e5ee88d2e8fde10ebe63a10,-50.362892,-142.90784,-125.67319,714.9909,-284.33472,165.69296,678.9308,-231.69148,122.54123,943.0233,3
2959,mvdec_dekm_consistent_v1,airpollution_mvdec_dekm_consistent_v1_2b88b20cd9b6_seed_44,2b88b20cd9b6ab9268889294ab249f6a1e5fb71b3e5ee88d2e8fde10ebe63a10,-71.74662,-203.57649,-179.02911,1018.45404,-405.0313,236.0254,967.11426,-330.0305,174.53621,1343.2971,3
2960,mvdec_dekm_consistent_v1,airpollution_mvdec_dekm_consistent_v1_2b88b20cd9b6_seed_44,2b88b20cd9b6ab9268889294ab249f6a1e5fb71b3e5ee88d2e8fde10ebe63a10,-68.86081,-195.38866,-171.82808,977.49677,-388.74182,226.5332,928.2201,-316.75827,167.51834,1289.2742,3
2961,mvdec_dekm_consistent_v1,airpollution_mvdec_dekm_consistent_v1_2b88b20cd9b6_seed_44,2b88b20cd9b6ab9268889294ab249f6a1e5fb71b3e5ee88d2e8fde10ebe63a10,-40.38049,-114.58545,-100.76423,573.31683,-227.98798,132.8586,544.39276,-185.78171,98.266174,756.15436,3
2962,mvdec_dekm_consistent_v1,airpollution_mvdec_dekm_consistent_v1_2b88b20cd9b6_seed_44,2b88b20cd9b6ab9268889294ab249f6a1e5fb71b3e5ee88d2e8fde10ebe63a10,-10.344279,-29.367416,-25.816847,147.05147,-58.449783,34.065044,139.59192,-47.648132,25.229576,193.90352,3
2963,mvdec_dekm_consistent_v1,airpollution_mvdec_dekm_consistent_v1_2b88b20cd9b6_seed_44,2b88b20cd9b6ab9268889294ab249f6a1e5fb71b3e5ee88d2e8fde10ebe63a10,-14.308319,-40.611595,-35.708797,203.3117,-80.82312,47.103207,193.01266,-65.87841,34.87162,268.1075,3
2964,mvdec_dekm_consistent_v1,airpollution_mvdec_dekm_consistent_v1_2b88b20cd9b6_seed_44,2b88b20cd9b6ab9268889294ab249f6a1e5fb71b3e5ee88d2e8fde10ebe63a10,-36.092945,-102.41908,-90.065125,512.46576,-203.78262,118.754555,486.60062,-166.06133,87.84099,675.88715,3
2965,mvdec_dekm_consistent_v1,airpollution_mvdec_dekm_consistent_v1_2b88b20cd9b6_seed_44,2b88b20cd9b6ab9268889294ab249f6a1e5fb71b3e5ee88d2e8fde10ebe63a10,-48.323853,-137.12009,-120.58347,686.04663,-272.81952,158.98447,651.4393,-222.31038,117.582695,904.84174,3
2966,mvdec_dekm_consistent_v1,airpollution_mvdec_dekm_consistent_v1_2b88b20cd9b6_seed_44,2b88b20cd9b6ab9268889294ab249f6a1e5fb71b3e5ee88d2e8fde10ebe63a10,-54.558823,-154.8101,-136.14088,774.53723,-308.01358,179.49336,735.47253,-250.98547,132.74492,1021.5607,3
2967,mvdec_dekm_consistent_v1,airpollution_mvdec_dekm_consistent_v1_2b88b20cd9b6_seed_44,2b88b20cd9b6ab9268889294ab249f6a1e5fb71b3e5ee88d2e8fde10ebe63a10,-67.49341,-191.50708,-168.41515,958.1003,-381.0211,222.03653,909.7906,-310.46964,164.19719,1263.6821,3
2968,mvdec_dekm_consistent_v1,airpollution_mvdec_dekm_consistent_v1_2b88b20cd9b6_seed_44,2b88b20cd9b6ab9268889294ab249f6a1e5fb71b3e5ee88d2e8fde10ebe63a10,-69.00692,-195.79866,-172.19145,979.57086,-389.56036,227.01237,930.17804,-317.4274,167.87706,1292.0017,3
2969,mvdec_dekm_consistent_v1,airpollution_mvdec_dekm_consistent_v1_2b88b20cd9b6_seed_44,2b88b20cd9b6ab9268889294ab249f6a1e5fb71b3e5ee88d2e8fde10ebe63a10,-84.23632,-239.00609,-210.19096,1195.6896,-475.51804,277.10114,1135.4152,-387.4623,204.90633,1577.0671,3
2970,mvdec_dekm_consistent_v1,airpollution_mvdec_dekm_consistent_v1_2b88b20cd9b6_seed_44,2b88b20cd9b6ab9268889294ab249f6a1e5fb71b3e5ee88d2e8fde10ebe63a10,-64.59791,-183.28859,-161.18864,916.9858,-364.6696,212.50761,870.746,-297.14697,157.15279,1209.4526,3
2971,mvdec_dekm_consistent_v1,airpollution_mvdec_dekm_consistent_v1_2b88b20cd9b6_seed_44,2b88b20cd9b6ab9268889294ab249f6a1e5fb71b3e5ee88d2e8fde10ebe63a10,-35.226562,-99.95795,-87.90037,500.15555,-198.88531,115.90146,474.90738,-162.07138,85.73151,659.6477,3
2972,mvdec_dekm_consistent_v1,airpollution_mvdec_dekm_consistent_v1_2b88b20cd9b6_seed_44,2b88b20cd9b6ab9268889294ab249f6a1e5fb71b3e5ee88d2e8fde10ebe63a10,-2.4325054,-6.9149394,-6.0715823,34.75045,-13.779791,8.036235,32.93767,-11.254579,5.9886174,45.770767,3
2973,mvdec_dekm_consistent_v1,airpollution_mvdec_dekm_consistent_v1_2b88b20cd9b6_seed_44,2b88b20cd9b6ab9268889294ab249f6a1e5fb71b3e5ee88d2e8fde10ebe63a10,-4.40982,-12.524287,-11.005146,62.812183,-24.939129,14.539388,59.58363,-20.347422,10.797485,82.783035,3
2974,mvdec_dekm_consistent_v1,airpollution_mvdec_dekm_consistent_v1_2b88b20cd9b6_seed_44,2b88b20cd9b6ab9268889294ab249f6a1e5fb71b3e5ee88d2e8fde10ebe63a10,-14.320468,-40.643085,-35.733814,203.46219,-80.879875,47.138046,193.15176,-65.925415,34.89578,268.30228,3
2975,mvdec_dekm_consistent_v1,airpollution_mvdec_dekm_consistent_v1_2b88b20cd9b6_seed_44,2b88b20cd9b6ab9268889294ab249f6a1e5fb71b3e5ee88d2e8fde10ebe63a10,-30.63033,-86.91684,-76.43045,434.92935,-172.94,100.7843,412.96222,-140.93298,74.55552,573.60974,3
2976,mvdec_dekm_consistent_v1,airpollution_mvdec_dekm_consistent_v1_2b88b20cd9b6_seed_44,2b88b20cd9b6ab9268889294ab249f6a1e5fb71b3e5ee88d2e8fde10ebe63a10,-2.6009054,-7.3914385,-6.4901857,37.138184,-14.727437,8.590004,35.203297,-12.027257,6.3973613,48.91794,3
2977,mvdec_dekm_consistent_v1,airpollution_mvdec_dekm_consistent_v1_2b88b20cd9b6_seed_44,2b88b20cd9b6ab9268889294ab249f6a1e5fb71b3e5ee88d2e8fde10ebe63a10,-2.2301545,-6.3395133,-5.564693,31.868967,-12.633299,7.369035,30.201612,-10.320496,5.4939294,41.969723,3
2978,mvdec_dekm_consistent_v1,airpollution_mvdec_dekm_consistent_v1_2b88b20cd9b6_seed_44,2b88b20cd9b6ab9268889294ab249f6a1e5fb71b3e5ee88d2e8fde10ebe63a10,-1.5694308,-4.465039,-3.9159918,22.492413,-8.903946,5.195798,21.29751,-7.2821035,3.8871584,29.60205,3
2979,mvdec_dekm_consistent_v1,airpollution_mvdec_dekm_consistent_v1_2b88b20cd9b6_seed_44,2b88b20cd9b6ab9268889294ab249f6a1e5fb71b3e5ee88d2e8fde10ebe63a10,-13.350703,-37.890694,-33.312893,189.6867,-75.40268,43.94581,180.07214,-61.46215,32.534824,250.13431,3
2980,mvdec_dekm_consistent_v1,airpollution_mvdec_dekm_consistent_v1_2b88b20cd9b6_seed_44,2b88b20cd9b6ab9268889294ab249f6a1e5fb71b3e5ee88d2e8fde10ebe63a10,-24.210327,-68.705284,-60.412136,343.82544,-136.70726,79.668785,326.44815,-111.41098,58.94532,453.44388,3
2981,mvdec_dekm_consistent_v1,airpollution_mvdec_dekm_consistent_v1_2b88b20cd9b6_seed_44,2b88b20cd9b6ab9268889294ab249f6a1e5fb71b3e5ee88d2e8fde10ebe63a10,-30.058159,-85.29682,-75.00397,426.81583,-169.71567,98.90333,405.26086,-138.30476,73.16479,562.9106,3
2982,mvdec_dekm_consistent_v1,airpollution_mvdec_dekm_consistent_v1_2b88b20cd9b6_seed_44,2b88b20cd9b6ab9268889294ab249f6a1e5fb71b3e5ee88d2e8fde10ebe63a10,-34.992615,-99.297264,-87.31639,496.84216,-197.5683,115.13336,471.76324,-160.99765,85.16246,655.2781,3
2983,mvdec_dekm_consistent_v1,airpollution_mvdec_dekm_consistent_v1_2b88b20cd9b6_seed_44,2b88b20cd9b6ab9268889294ab249f6a1e5fb71b3e5ee88d2e8fde10ebe63a10,-5.856205,-16.632437,-14.614354,83.344986,-33.109978,19.299492,79.09059,-27.002464,14.313152,109.87098,3
2984,mvdec_dekm_consistent_v1,airpollution_mvdec_dekm_consistent_v1_2b88b20cd9b6_seed_44,2b88b20cd9b6ab9268889294ab249f6a1e5fb71b3e5ee88d2e8fde10ebe63a10,-22.66003,-64.308266,-56.544327,321.82083,-127.95887,74.57026,305.5582,-104.28187,55.173534,424.4243,3
2985,mvdec_dekm_consistent_v1,airpollution_mvdec_dekm_consistent_v1_2b88b20cd9b6_seed_44,2b88b20cd9b6ab9268889294ab249f6a1e5fb71b3e5ee88d2e8fde10ebe63a10,-1.9695294,-5.6053553,-4.9168816,28.185051,-11.171847,6.515513,26.709885,-9.128264,4.861593,37.115227,3
2986,mvdec_dekm_consistent_v1,airpollution_mvdec_dekm_consistent_v1_2b88b20cd9b6_seed_44,2b88b20cd9b6ab9268889294ab249f6a1e5fb71b3e5ee88d2e8fde10ebe63a10,-5.723538,-16.255886,-14.283736,81.45953,-32.360992,18.862959,77.30179,-26.392115,13.989793,107.385605,3
2987,mvdec_dekm_consistent_v1,airpollution_mvdec_dekm_consistent_v1_2b88b20cd9b6_seed_44,2b88b20cd9b6ab9268889294ab249f6a1e5fb71b3e5ee88d2e8fde10ebe63a10,-5.977027,-16.97508,-14.916751,85.06377,-33.793102,19.698187,80.72271,-27.559471,14.607893,112.13803,3
2988,mvdec_dekm_consistent_v1,airpollution_mvdec_dekm_consistent_v1_2b88b20cd9b6_seed_44,2b88b20cd9b6ab9268889294ab249f6a1e5fb71b3e5ee88d2e8fde10ebe63a10,-6.018603,-17.092304,-15.021339,85.65773,-34.02819,19.835398,81.284256,-27.751621,14.710775,112.92005,3
2989,mvdec_dekm_consistent_v1,airpollution_mvdec_dekm_consistent_v1_2b88b20cd9b6_seed_44,2b88b20cd9b6ab9268889294ab249f6a1e5fb71b3e5ee88d2e8fde10ebe63a10,-1.255712,-3.580737,-3.1376069,18.068771,-7.146277,4.170248,17.100657,-5.8496895,3.1290922,23.769955,3
2990,mvdec_dekm_consistent_v1,airpollution_mvdec_dekm_consistent_v1_2b88b20cd9b6_seed_44,2b88b20cd9b6ab9268889294ab249f6a1e5fb71b3e5ee88d2e8fde10ebe63a10,-15.806737,-44.865383,-39.44634,224.57379,-89.28043,52.03115,213.20717,-72.76871,38.51222,296.15387,3
2991,mvdec_dekm_consistent_v1,airpollution_mvdec_dekm_consistent_v1_2b88b20cd9b6_seed_44,2b88b20cd9b6ab9268889294ab249f6a1e5fb71b3e5ee88d2e8fde10ebe63a10,-47.309402,-134.24458,-118.05279,671.6533,-267.09656,155.64828,637.7735,-217.64702,115.1151,885.8585,3
2992,mvdec_dekm_consistent_v1,airpollution_mvdec_dekm_consistent_v1_2b88b20cd9b6_seed_44,2b88b20cd9b6ab9268889294ab249f6a1e5fb71b3e5ee88d2e8fde10ebe63a10,-79.90432,-226.7217,-199.38391,1134.2302,-451.07623,262.85703,1077.0565,-367.54727,194.37361,1496.0046,3
2993,mvdec_dekm_consistent_v1,airpollution_mvdec_dekm_consistent_v1_2b88b20cd9b6_seed_44,2b88b20cd9b6ab9268889294ab249f6a1e5fb71b3e5ee88d2e8fde10ebe63a10,-87.1788,-247.36116,-217.5363,1237.4744,-492.1389,286.78494,1175.1006,-401.00388,212.06412,1632.1844,3
2994,mvdec_dekm_consistent_v1,airpollution_mvdec_dekm_consistent_v1_2b88b20cd9b6_seed_44,2b88b20cd9b6ab9268889294ab249f6a1e5fb71b3e5ee88d2e8fde10ebe63a10,-83.9827,-238.29501,-209.5619,1192.1208,-474.10132,276.27368,1132.0328,-386.30722,204.29262,1572.3639,3
2995,mvdec_dekm_consistent_v1,airpollution_mvdec_dekm_consistent_v1_2b88b20cd9b6_seed_44,2b88b20cd9b6ab9268889294ab249f6a1e5fb71b3e5ee88d2e8fde10ebe63a10,-91.53939,-259.73465,-228.4177,1299.3632,-516.7548,301.12872,1233.8752,-421.05975,222.66762,1713.8185,3
2996,mvdec_dekm_consistent_v1,airpollution_mvdec_dekm_consistent_v1_2b88b20cd9b6_seed_44,2b88b20cd9b6ab9268889294ab249f6a1e5fb71b3e5ee88d2e8fde10ebe63a10,-108.10962,-306.74677,-269.76407,1534.5221,-610.2843,355.63022,1457.1923,-497.26416,262.96017,2023.9968,3
2997,mvdec_dekm_consistent_v1,airpollution_mvdec_dekm_consistent_v1_2b88b20cd9b6_seed_44,2b88b20cd9b6ab9268889294ab249f6a1e5fb71b3e5ee88d2e8fde10ebe63a10,-130.64104,-370.67078,-325.98444,1854.2765,-737.45905,429.73788,1760.8439,-600.88214,317.74762,2445.757,3
2998,mvdec_dekm_consistent_v1,airpollution_mvdec_dekm_consistent_v1_2b88b20cd9b6_seed_44,2b88b20cd9b6ab9268889294ab249f6a1e5fb71b3e5ee88d2e8fde10ebe63a10,-156.34943,-443.60776,-390.13162,2219.1147,-882.56494,514.29443,2107.3086,-719.10956,380.25977,2926.984,3
2999,mvdec_dekm_consistent_v1,airpollution_mvdec_dekm_consistent_v1_2b88b20cd9b6_seed_44,2b88b20cd9b6ab9268889294ab249f6a1e5fb71b3e5ee88d2e8fde10ebe63a10,-182.82912,-518.73303,-456.2032,2594.8984,-1032.0242,601.3879,2464.1682,-840.8839,444.64734,3422.648,0
3000,mvdec_dekm_consistent_v1,airpollution_mvdec_dekm_consistent_v1_2b88b20cd9b6_seed_44,2b88b20cd9b6ab9268889294ab249f6a1e5fb71b3e5ee88d2e8fde10ebe63a10,-209.06184,-593.1592,-521.6589,2967.1833,-1180.0924,687.67035,2817.706,-961.5246,508.43524,3913.6975,0
3001,mvdec_dekm_consistent_v1,airpollution_mvdec_dekm_consistent_v1_2b88b20cd9b6_seed_44,2b88b20cd9b6ab9268889294ab249f6a1e5fb71b3e5ee88d2e8fde10ebe63a10,-220.05269,-624.3417,-549.08307,3123.1604,-1242.1295,723.8204,2965.8286,-1012.0698,535.1606,4119.4346,0
3002,mvdec_dekm_consistent_v1,airpollution_mvdec_dekm_consistent_v1_2b88b20cd9b6_seed_44,2b88b20cd9b6ab9268889294ab249f6a1e5fb71b3e5ee88d2e8fde10ebe63a10,-211.11438,-598.9829,-526.78015,2996.3115,-1191.6787,694.4217,2845.3696,-970.9639,513.4258,3952.1196,0
3003,mvdec_dekm_consistent_v1,airpollution_mvdec_dekm_consistent_v1_2b88b20cd9b6_seed_44,2b88b20cd9b6ab9268889294ab249f6a1e5fb71b3e5ee88d2e8fde10ebe63a10,-206.58505,-586.13184,-515.4781,2932.0288,-1166.1119,679.52344,2784.324,-950.13293,502.41153,3867.3303,0
3004,mvdec_dekm_consistent_v1,airpollution_mvdec_dekm_consistent_v1_2b88b20cd9b6_seed_44,2b88b20cd9b6ab9268889294ab249f6a1e5fb71b3e5ee88d2e8fde10ebe63a10,-206.99283,-587.28796,-516.4951,2937.812,-1168.4117,680.8638,2789.8154,-952.007,503.4025,3874.9578,0
3005,mvdec_dekm_consistent_v1,airpollution_mvdec_dekm_consistent_v1_2b88b20cd9b6_seed_44,2b88b20cd9b6ab9268889294ab249f6a1e5fb71b3e5ee88d2e8fde10ebe63a10,-212.45108,-602.77423,-530.11487,3015.2756,-1199.2214,698.81714,2863.3782,-977.1094,516.67523,3977.1333,0
3006,mvdec_dekm_consistent_v1,airpollution_mvdec_dekm_consistent_v1_2b88b20cd9b6_seed_44,2b88b20cd9b6ab9268889294ab249f6a1e5fb71b3e5ee88d2e8fde10ebe63a10,-222.62354,-631.6344,-555.4971,3159.6375,-1256.6381,732.27496,3000.4702,-1023.8905,541.4104,4167.549,0
3007,mvdec_dekm_consistent_v1,airpollution_mvdec_dekm_consistent_v1_2b88b20cd9b6_seed_44,2b88b20cd9b6ab9268889294ab249f6a1e5fb71b3e5ee88d2e8fde10ebe63a10,-236.91594,-672.1836,-591.15936,3362.4675,-1337.3091,779.284,3193.0857,-1089.6187,576.16364,4435.0854,0
3008,mvdec_dekm_consistent_v1,airpollution_mvdec_dekm_consistent_v1_2b88b20cd9b6_seed_44,2b88b20cd9b6ab9268889294ab249f6a1e5fb71b3e5ee88d2e8fde10ebe63a10,-247.21188,-701.3947,-616.8498,3508.584,-1395.4236,813.1485,3331.8445,-1136.9683,601.1995,4627.815,0
3009,mvdec_dekm_consistent_v1,airpollution_mvdec_dekm_consistent_v1_2b88b20cd9b6_seed_44,2b88b20cd9b6ab9268889294ab249f6a1e5fb71b3e5ee88d2e8fde10ebe63a10,-249.86702,-708.92706,-623.47437,3546.2622,-1410.4089,821.88086,3367.6243,-1149.1779,607.65564,4677.5117,0
3010,mvdec_dekm_consistent_v1,airpollution_mvdec_dekm_consistent_v1_2b88b20cd9b6_seed_44,2b88b20cd9b6ab9268889294ab249f6a1e5fb71b3e5ee88d2e8fde10ebe63a10,-105.60983,-299.64908,-263.52325,1499.02,-596.1641,347.40317,1423.4766,-485.7594,256.87766,1977.1687,3
3011,mvdec_dekm_consistent_v1,airpollution_mvdec_dekm_consistent_v1_2b88b20cd9b6_seed_44,2b88b20cd9b6ab9268889294ab249f6a1e5fb71b3e5ee88d2e8fde10ebe63a10,-101.31988,-287.476,-252.81863,1438.1345,-571.94745,333.292,1365.6553,-466.02887,246.4461,1896.8586,3
3012,mvdec_dekm_consistent_v1,airpollution_mvdec_dekm_consistent_v1_2b88b20cd9b6_seed_44,2b88b20cd9b6ab9268889294ab249f6a1e5fb71b3e5ee88d2e8fde10ebe63a10,-95.184105,-270.06824,-237.5076,1351.053,-537.31323,313.1099,1282.9602,-437.80975,231.52443,1781.9973,3
3013,mvdec_dekm_consistent_v1,airpollution_mvdec_dekm_consistent_v1_2b88b20cd9b6_seed_44,2b88b20cd9b6ab9268889294ab249f6a1e5fb71b3e5ee88d2e8fde10ebe63a10,-93.15383,-264.30817,-232.44159,1322.2418,-525.85376,306.43225,1255.5994,-428.4731,226.58804,1743.9945,3
3014,mvdec_dekm_consistent_v1,airpollution_mvdec_dekm_consistent_v1_2b88b20cd9b6_seed_44,2b88b20cd9b6ab9268889294ab249f6a1e5fb71b3e5ee88d2e8fde10ebe63a10,-98.60743,-279.7798,-246.04984,1399.6405,-556.63574,324.36984,1329.0968,-453.55392,239.85098,1846.0824,3
3015,mvdec_dekm_consistent_v1,airpollution_mvdec_dekm_consistent_v1_2b88b20cd9b6_seed_44,2b88b20cd9b6ab9268889294ab249f6a1e5fb71b3e5ee88d2e8fde10ebe63a10,-79.438515,-225.39426,-198.21887,1127.5983,-448.43732,261.3204,1070.7545,-365.39734,193.2386,1487.2548,3
3016,mvdec_dekm_consistent_v1,airpollution_mvdec_dekm_consistent_v1_2b88b20cd9b6_seed_44,2b88b20cd9b6ab9268889294ab249f6a1e5fb71b3e5ee88d2e8fde10ebe63a10,-50.99065,-144.6825,-127.23517,723.87286,-287.86438,167.75137,687.35925,-234.56822,124.06391,954.73474,3
3017,mvdec_dekm_consistent_v1,airpollution_mvdec_dekm_consistent_v1_2b88b20cd9b6_seed_44,2b88b20cd9b6ab9268889294ab249f6a1e5fb71b3e5ee88d2e8fde10ebe63a10,-24.253752,-68.827,-60.52067,344.43634,-136.95155,79.81177,327.03082,-111.60964,59.049942,454.25168,3
3018,mvdec_dekm_consistent_v1,airpollution_mvdec_dekm_consistent_v1_2b88b20cd9b6_seed_44,2b88b20cd9b6ab9268889294ab249f6a1e5fb71b3e5ee88d2e8fde10ebe63a10,-1.5240741,-4.3381786,-3.804483,21.855833,-8.652315,5.0480757,20.694973,-7.0766115,3.7782884,28.76423,3
3019,mvdec_dekm_consistent_v1,airpollution_mvdec_dekm_consistent_v1_2b88b20cd9b6_seed_44,2b88b20cd9b6ab9268889294ab249f6a1e5fb71b3e5ee88d2e8fde10ebe63a10,-18.39849,-52.214638,-45.910152,261.34045,-103.90107,60.55261,248.11809,-84.68169,44.812233,344.6462,3
3020,mvdec_dekm_consistent_v1,airpollution_mvdec_dekm_consistent_v1_2b88b20cd9b6_seed_44,2b88b20cd9b6ab9268889294ab249f6a1e5fb71b3e5ee88d2e8fde10ebe63a10,-41.679943,-118.26665,-104.00235,591.73694,-235.30891,137.1265,561.8756,-191.74843,101.42316,780.444,3
3021,mvdec_dekm_consistent_v1,airpollution_mvdec_dekm_consistent_v1_2b88b20cd9b6_seed_44,2b88b20cd9b6ab9268889294ab249f6a1e5fb71b3e5ee88d2e8fde10ebe63a10,-71.24973,-202.15952,-177.78474,1011.37714,-402.21124,234.3842,960.3831,-327.73477,173.32516,1333.9553,3
3022,mvdec_dekm_consistent_v1,airpollution_mvdec_dekm_consistent_v1_2b88b20cd9b6_seed_44,2b88b20cd9b6ab9268889294ab249f6a1e5fb71b3e5ee88d2e8fde10ebe63a10,-102.80089,-291.6734,-256.51147,1459.1382,-580.2973,338.159,1385.5938,-472.83353,250.04611,1924.5581,3
3023,mvdec_dekm_consistent_v1,airpollution_mvdec_dekm_consistent_v1_2b88b20cd9b6_seed_44,2b88b20cd9b6ab9268889294ab249f6a1e5fb71b3e5ee88d2e8fde10ebe63a10,-106.43866,-301.99414,-265.5878,1510.7598,-600.8292,350.12338,1434.6171,-489.56192,258.89044,1992.6484,3
3024,mvdec_dekm_consistent_v1,airpollution_mvdec_dekm_consistent_v1_2b88b20cd9b6_seed_44,2b88b20cd9b6ab9268889294ab249f6a1e5fb71b3e5ee88d2e8fde10ebe63a10,-73.73569,-209.21165,-183.98691,1046.6542,-416.24142,242.56067,993.8835,-339.16614,179.36949,1380.4858,3
3025,mvdec_dekm_consistent_v1,airpollution_mvdec_dekm_consistent_v1_2b88b20cd9b6_seed_44,2b88b20cd9b6ab9268889294ab249f6a1e5fb71b3e5ee88d2e8fde10ebe63a10,-41.842632,-118.72584,-104.40713,594.0388,-236.22348,137.66055,564.0602,-192.4939,101.81788,783.47906,3
3026,mvdec_dekm_consistent_v1,airpollution_mvdec_dekm_consistent_v1_2b88b20cd9b6_seed_44,2b88b20cd9b6ab9268889294ab249f6a1e5fb71b3e5ee88d2e8fde10ebe63a10,-15.215295,-43.18357,-37.968372,216.18259,-85.9369,50.08467,205.22708,-70.046234,37.07718,285.07684,3
3027,mvdec_dekm_consistent_v1,airpollution_mvdec_dekm_consistent_v1_2b88b20cd9b6_seed_44,2b88b20cd9b6ab9268889294ab249f6a1e5fb71b3e5ee88d2e8fde10ebe63a10,-7.787332,-22.109318,-19.433266,110.75686,-44.008476,25.651154,105.11408,-35.883694,19.012325,146.0222,3
3028,mvdec_dekm_consistent_v1,airpollution_mvdec_dekm_consistent_v1_2b88b20cd9b6_seed_44,2b88b20cd9b6ab9268889294ab249f6a1e5fb71b3e5ee88d2e8fde10ebe63a10,-24.79017,-70.34953,-61.859726,352.05594,-139.98027,81.5762,334.26288,-114.078064,60.356415,464.29947,3
3029,mvdec_dekm_consistent_v1,airpollution_mvdec_dekm_consistent_v1_2b88b20cd9b6_seed_44,2b88b20cd9b6ab9268889294ab249f6a1e5fb71b3e5ee88d2e8fde10ebe63a10,-53.45935,-151.68848,-133.39519,758.91626,-301.80078,175.8723,720.63635,-245.92351,130.06804,1000.9558,3
3030,mvdec_dekm_consistent_v1,airpollution_mvdec_dekm_consistent_v1_2b88b20cd9b6_seed_44,2b88b20cd9b6ab9268889294ab249f6a1e5fb71b3e5ee88d2e8fde10ebe63a10,-84.507286,-239.77513,-210.86649,1199.5367,-477.0476,277.99243,1139.0675,-388.70862,205.56519,1582.1406,3
3031,mvdec_dekm_consistent_v1,airpollution_mvdec_dekm_consistent_v1_2b88b20cd9b6_seed_44,2b88b20cd9b6ab9268889294ab249f6a1e5fb71b3e5ee88d2e8fde10ebe63a10,-56.686085,-160.84193,-141.44762,804.71063,-320.01416,186.48578,764.12335,-260.76343,137.91571,1061.3588,3
3032,mvdec_dekm_consistent_v1,airpollution_mvdec_dekm_consistent_v1_2b88b20cd9b6_seed_44,2b88b20cd9b6ab9268889294ab249f6a1e5fb71b3e5ee88d2e8fde10ebe63a10,-33.369553,-94.68988,-83.26827,473.81082,-188.4067,109.79521,449.888,-153.53412,81.21853,624.8978,3
3033,mvdec_dekm_consistent_v1,airpollution_mvdec_dekm_consistent_v1_2b88b20cd9b6_seed_44,2b88b20cd9b6ab9268889294ab249f6a1e5fb71b3e5ee88d2e8fde10ebe63a10,-10.471466,-29.72365,-26.132616,148.84818,-59.159855,34.48018,141.28905,-48.228474,25.539555,196.26746,3
3034,mvdec_dekm_consistent_v1,airpollution_mvdec_dekm_consistent_v1_2b88b20cd9b6_seed_44,2b88b20cd9b6ab9268889294ab249f6a1e5fb71b3e5ee88d2e8fde10ebe63a10,-5.3865714,-15.2982235,-13.444355,76.68281,-30.45809,17.754782,72.76004,-24.843344,13.17355,101.08185,3
3035,mvdec_dekm_consistent_v1,airpollution_mvdec_dekm_consistent_v1_2b88b20cd9b6_seed_44,2b88b20cd9b6ab9268889294ab249f6a1e5fb71b3e5ee88d2e8fde10ebe63a10,-16.983564,-48.20215,-42.382214,241.27803,-95.921074,55.90265,229.06566,-78.18031,41.37544,318.18323,3
3036,mvdec_dekm_consistent_v1,airpollution_mvdec_dekm_consistent_v1_2b88b20cd9b6_seed_44,2b88b20cd9b6ab9268889294ab249f6a1e5fb71b3e5ee88d2e8fde10ebe63a10,-22.53777,-63.9621,-56.242085,320.11273,-127.2753,74.17382,303.93057,-103.72672,54.882904,422.16656,3
3037,mvdec_dekm_consistent_v1,airpollution_mvdec_dekm_consistent_v1_2b88b20cd9b6_seed_44,2b88b20cd9b6ab9268889294ab249f6a1e5fb71b3e5ee88d2e8fde10ebe63a10,-35.379593,-100.39736,-88.286156,502.36615,-199.76172,116.41326,477.00534,-162.78651,86.11097,662.56104,3
3038,mvdec_dekm_consistent_v1,airpollution_mvdec_dekm_consistent_v1_2b88b20cd9b6_seed_44,2b88b20cd9b6ab9268889294ab249f6a1e5fb71b3e5ee88d2e8fde10ebe63a10,-38.08459,-108.07203,-95.03593,540.7521,-215.0305,125.30976,513.4599,-175.22646,92.68771,713.1941,3
3039,mvdec_dekm_consistent_v1,airpollution_mvdec_dekm_consistent_v1_2b88b20cd9b6_seed_44,2b88b20cd9b6ab9268889294ab249f6a1e5fb71b3e5ee88d2e8fde10ebe63a10,-51.443787,-145.97595,-128.36984,730.3382,-290.43634,169.24922,693.5028,-236.66368,125.1703,963.26404,3
3040,mvdec_dekm_consistent_v1,airpollution_mvdec_dekm_consistent_v1_2b88b20cd9b6_seed_44,2b88b20cd9b6ab9268889294ab249f6a1e5fb71b3e5ee88d2e8fde10ebe63a10,-59.43437,-168.64682,-148.30966,843.7538,-335.54202,195.53406,801.2027,-273.4153,144.60504,1112.8577,3
3041,mvdec_dekm_consistent_v1,airpollution_mvdec_dekm_consistent_v1_2b88b20cd9b6_seed_44,2b88b20cd9b6ab9268889294ab249f6a1e5fb71b3e5ee88d2e8fde10ebe63a10,-37.302505,-105.856415,-93.08698,529.67883,-210.6252,122.74263,502.943,-171.63739,90.7913,698.5865,3
3042,mvdec_dekm_consistent_v1,airpollution_mvdec_dekm_consistent_v1_2b88b20cd9b6_seed_44,2b88b20cd9b6ab9268889294ab249f6a1e5fb71b3e5ee88d2e8fde10ebe63a10,-4.128361,-11.736732,-10.309719,58.87534,-23.375751,13.627013,55.851818,-19.072504,10.122186,77.593254,3
3043,mvdec_dekm_consistent_v1,airpollution_mvdec_dekm_consistent_v1_2b88b20cd9b6_seed_44,2b88b20cd9b6ab9268889294ab249f6a1e5fb71b3e5ee88d2e8fde10ebe63a10,-27.888815,-79.14893,-69.597664,396.06998,-157.48763,91.77701,376.06628,-128.34225,67.897385,522.3583,3
3044,mvdec_dekm_consistent_v1,airpollution_mvdec_dekm_consistent_v1_2b88b20cd9b6_seed_44,2b88b20cd9b6ab9268889294ab249f6a1e5fb71b3e5ee88d2e8fde10ebe63a10,-21.83426,-61.9709,-54.48893,310.13602,-123.31114,71.861404,294.46292,-100.4957,53.17184,409.0123,3
3045,mvdec_dekm_consistent_v1,airpollution_mvdec_dekm_consistent_v1_2b88b20cd9b6_seed_44,2b88b20cd9b6ab9268889294ab249f6a1e5fb71b3e5ee88d2e8fde10ebe63a10,-9.071278,-25.758354,-22.641714,129.0018,-51.268673,29.880827,122.44904,-41.79823,22.136719,170.09355,3
3046,mvdec_dekm_consistent_v1,airpollution_mvdec_dekm_consistent_v1_2b88b20cd9b6_seed_44,2b88b20cd9b6ab9268889294ab249f6a1e5fb71b3e5ee88d2e8fde10ebe63a10,-0.32889104,-0.9539067,-0.8269706,4.939481,-1.9229864,1.1262276,4.6312904,-1.5951136,0.8805409,6.4519305,3
3047,mvdec_dekm_consistent_v1,airpollution_mvdec_dekm_consistent_v1_2b88b20cd9b6_seed_44,2b88b20cd9b6ab9268889294ab249f6a1e5fb71b3e5ee88d2e8fde10ebe63a10,-14.141291,-40.14251,-35.292217,200.95605,-79.88639,46.55772,190.77946,-65.11485,34.46559,265.00128,3
3048,mvdec_dekm_consistent_v1,airpollution_mvdec_dekm_consistent_v1_2b88b20cd9b6_seed_44,2b88b20cd9b6ab9268889294ab249f6a1e5fb71b3e5ee88d2e8fde10ebe63a10,-33.402092,-94.78894,-83.3515,474.29095,-188.60124,109.90753,450.35297,-153.69113,81.29799,625.53613,3
3049,mvdec_dekm_consistent_v1,airpollution_mvdec_dekm_consistent_v1_2b88b20cd9b6_seed_44,2b88b20cd9b6ab9268889294ab249f6a1e5fb71b3e5ee88d2e8fde10ebe63a10,-43.120964,-122.36194,-107.6017,612.21,-243.45647,141.8723,581.3275,-198.38495,104.92926,807.45465,3
3050,mvdec_dekm_consistent_v1,airpollution_mvdec_dekm_consistent_v1_2b88b20cd9b6_seed_44,2b88b20cd9b6ab9268889294ab249f6a1e5fb71b3e5ee88d2e8fde10ebe63a10,-52.464188,-148.86981,-130.91435,744.80084,-296.19208,172.60245,707.24243,-241.35185,127.64708,982.3448,3
3051,mvdec_dekm_consistent_v1,airpollution_mvdec_dekm_consistent_v1_2b88b20cd9b6_seed_44,2b88b20cd9b6ab9268889294ab249f6a1e5fb71b3e5ee88d2e8fde10ebe63a10,-63.302345,-179.61772,-157.95752,898.6084,-357.36493,208.2495,853.3029,-291.1937,154.00131,1185.2183,3
3052,mvdec_dekm_consistent_v1,airpollution_mvdec_dekm_consistent_v1_2b88b20cd9b6_seed_44,2b88b20cd9b6ab9268889294ab249f6a1e5fb71b3e5ee88d2e8fde10ebe63a10,-47.95485,-136.07532,-119.66212,680.80133,-270.73773,157.76985,646.4658,-220.61255,116.68129,897.9286,3
3053,mvdec_dekm_consistent_v1,airpollution_mvdec_dekm_consistent_v1_2b88b20cd9b6_seed_44,2b88b20cd9b6ab9268889294ab249f6a1e5fb71b3e5ee88d2e8fde10ebe63a10,-16.835281,-47.784668,-42.01215,239.16414,-95.0864,55.413933,227.06856,-77.49794,41.010414,315.4026,3
3054,mvdec_dekm_consistent_v1,airpollution_mvdec_dekm_consistent_v1_2b88b20cd9b6_seed_44,2b88b20cd9b6ab9268889294ab249f6a1e5fb71b3e5ee88d2e8fde10ebe63a10,-3.44197,-9.785001,-8.592467,49.088245,-19.48778,11.360691,46.56433,-15.903031,8.442688,64.68989,3
3055,mvdec_dekm_consistent_v1,airpollution_mvdec_dekm_consistent_v1_2b88b20cd9b6_seed_44,2b88b20cd9b6ab9268889294ab249f6a1e5fb71b3e5ee88d2e8fde10ebe63a10,-24.187841,-68.64458,-60.35862,343.50964,-136.58711,79.597534,326.15848,-111.31139,58.889503,453.03503,3
3056,mvdec_dekm_consistent_v1,airpollution_mvdec_dekm_consistent_v1_2b88b20cd9b6_seed_44,2b88b20cd9b6ab9268889294ab249f6a1e5fb71b3e5ee88d2e8fde10ebe63a10,-35.79347,-101.57052,-89.3171,508.21268,-202.09315,117.76953,482.56546,-164.68384,87.11067,670.2797,3
3057,mvdec_dekm_consistent_v1,airpollution_mvdec_dekm_consistent_v1_2b88b20cd9b6_seed_44,2b88b20cd9b6ab9268889294ab249f6a1e5fb71b3e5ee88d2e8fde10ebe63a10,-36.771954,-104.345566,-91.75853,522.09814,-207.61484,120.98743,495.7497,-169.1831,89.49052,688.59357,3
3058,mvdec_dekm_consistent_v1,airpollution_mvdec_dekm_consistent_v1_2b88b20cd9b6_seed_44,2b88b20cd9b6ab9268889294ab249f6a1e5fb71b3e5ee88d2e8fde10ebe63a10,-20.288792,-57.578384,-50.62929,288.17117,-114.57475,66.77134,273.6005,-93.37765,49.41008,380.03918,3
3059,mvdec_dekm_consistent_v1,airpollution_mvdec_dekm_consistent_v1_2b88b20cd9b6_seed_44,2b88b20cd9b6ab9268889294ab249f6a1e5fb71b3e5ee88d2e8fde10ebe63a10,-19.849852,-56.333466,-49.533142,281.93738,-112.09615,65.3269,267.68243,-91.35779,48.340992,371.81775,3
3060,mvdec_dekm_consistent_v1,airpollution_mvdec_dekm_consistent_v1_2b88b20cd9b6_seed_44,2b88b20cd9b6ab9268889294ab249f6a1e5fb71b3e5ee88d2e8fde10ebe63a10,-13.129167,-37.266056,-32.763447,186.56209,-74.1624,43.221924,177.10938,-60.450745,31.99949,246.01596,3
3061,mvdec_dekm_consistent_v1,airpollution_mvdec_dekm_consistent_v1_2b88b20cd9b6_seed_44,2b88b20cd9b6ab9268889294ab249f6a1e5fb71b3e5ee88d2e8fde10ebe63a10,-44.25862,-125.58626,-110.437874,628.34186,-249.87057,145.61082,596.6429,-203.61148,107.6939,828.72986,3
3062,mvdec_dekm_consistent_v1,airpollution_mvdec_dekm_consistent_v1_2b88b20cd9b6_seed_44,2b88b20cd9b6ab9268889294ab249f6a1e5fb71b3e5ee88d2e8fde10ebe63a10,-59.019848,-167.46532,-147.26965,837.8247,-333.18756,194.16153,795.5762,-271.4953,143.58713,1105.0408,3
3063,mvdec_dekm_consistent_v1,airpollution_mvdec_dekm_consistent_v1_2b88b20cd9b6_seed_44,2b88b20cd9b6ab9268889294ab249f6a1e5fb71b3e5ee88d2e8fde10ebe63a10,-54.613785,-154.96422,-136.27538,775.2927,-308.31693,179.66899,736.1933,-251.2315,132.87271,1022.5603,3
3064,mvdec_dekm_consistent_v1,airpollution_mvdec_dekm_consistent_v1_2b88b20cd9b6_seed_44,2b88b20cd9b6ab9268889294ab249f6a1e5fb71b3e5ee88d2e8fde10ebe63a10,-50.839417,-144.2559,-126.85718,721.726,-287.0122,167.25426,685.3247,-233.8731,123.69405,951.9052,3
3065,mvdec_dekm_consistent_v1,airpollution_mvdec_dekm_consistent_v1_2b88b20cd9b6_seed_44,2b88b20cd9b6ab9268889294ab249f6a1e5fb71b3e5ee88d2e8fde10ebe63a10,-61.842274,-175.47212,-154.3115,877.874,-349.11588,203.44356,833.6082,-284.47333,150.44897,1157.866,3
3066,mvdec_dekm_consistent_v1,airpollution_mvdec_dekm_consistent_v1_2b88b20cd9b6_seed_44,2b88b20cd9b6ab9268889294ab249f6a1e5fb71b3e5ee88d2e8fde10ebe63a10,-83.71979,-237.54134,-208.9005,1188.3522,-472.60074,275.401,1128.4496,-385.08496,203.64717,1567.3904,3
3067,mvdec_dekm_consistent_v1,airpollution_mvdec_dekm_consistent_v1_2b88b20cd9b6_seed_44,2b88b20cd9b6ab9268889294ab249f6a1e5fb71b3e5ee88d2e8fde10ebe63a10,-109.62315,-311.032,-273.53445,1555.9598,-618.8082,360.5994,1477.5449,-504.2099,266.63388,2052.2703,3
3068,mvdec_dekm_consistent_v1,airpollution_mvdec_dekm_consistent_v1_2b88b20cd9b6_seed_44,2b88b20cd9b6ab9268889294ab249f6a1e5fb71b3e5ee88d2e8fde10ebe63a10,-136.82826,-388.21603,-341.4165,1942.0416,-772.3635,450.0794,1844.1837,-629.3215,332.7859,2561.5176,3
3069,mvdec_dekm_consistent_v1,airpollution_mvdec_dekm_consistent_v1_2b88b20cd9b6_seed_44,2b88b20cd9b6ab9268889294ab249f6a1e5fb71b3e5ee88d2e8fde10ebe63a10,-162.50745,-461.07077,-405.49118,2306.4683,-917.30566,534.54047,2190.258,-747.41547,395.22754,3042.2012,3
3070,mvdec_dekm_consistent_v1,airpollution_mvdec_dekm_consistent_v1_2b88b20cd9b6_seed_44,2b88b20cd9b6ab9268889294ab249f6a1e5fb71b3e5ee88d2e8fde10ebe63a10,-187.69574,-532.53296,-468.3408,2663.9297,-1059.4777,617.3872,2529.7173,-863.25244,456.47586,3513.6978,0
3071,mvdec_dekm_consistent_v1,airpollution_mvdec_dekm_consistent_v1_2b88b20cd9b6_seed_44,2b88b20cd9b6ab9268889294ab249f6a1e5fb71b3e5ee88d2e8fde10ebe63a10,-189.0856,-536.47626,-471.80893,2683.654,-1067.3225,621.9586,2548.4487,-869.64417,459.85547,3539.714,0
3072,mvdec_dekm_consistent_v1,airpollution_mvdec_dekm_consistent_v1_2b88b20cd9b6_seed_44,2b88b20cd9b6ab9268889294ab249f6a1e5fb71b3e5ee88d2e8fde10ebe63a10,-178.64517,-506.85916,-445.75885,2535.5156,-1008.4006,587.62305,2407.7654,-821.63727,434.4744,3344.3127,3
3073,mvdec_dekm_consistent_v1,airpollution_mvdec_dekm_consistent_v1_2b88b20cd9b6_seed_44,2b88b20cd9b6ab9268889294ab249f6a1e5fb71b3e5ee88d2e8fde10ebe63a10,-173.41545,-492.02167,-432.70972,2461.296,-978.88165,570.4218,2337.2834,-797.5862,421.75705,3246.416,3
3074,mvdec_dekm_consistent_v1,airpollution_mvdec_dekm_consistent_v1_2b88b20cd9b6_seed_44,2b88b20cd9b6ab9268889294ab249f6a1e5fb71b3e5ee88d2e8fde10ebe63a10,-173.90598,-493.4133,-433.93387,2468.2551,-981.6503,572.0351,2343.8933,-799.8418,422.94943,3255.5964,3
3075,mvdec_dekm_consistent_v1,airpollution_mvdec_dekm_consistent_v1_2b88b20cd9b6_seed_44,2b88b20cd9b6ab9268889294ab249f6a1e5fb71b3e5ee88d2e8fde10ebe63a10,-180.31528,-511.59735,-449.9265,2559.2126,-1017.827,593.116,2430.271,-829.317,438.53397,3375.571,0
3076,mvdec_dekm_consistent_v1,airpollution_mvdec_dekm_consistent_v1_2b88b20cd9b6_seed_44,2b88b20cd9b6ab9268889294ab249f6a1e5fb71b3e5ee88d2e8fde10ebe63a10,-192.12764,-545.1106,-479.40085,2726.8472,-1084.5004,631.96783,2589.4653,-883.6402,467.2567,3596.6848,0
3077,mvdec_dekm_consistent_v1,airpollution_mvdec_dekm_consistent_v1_2b88b20cd9b6_seed_44,2b88b20cd9b6ab9268889294ab249f6a1e5fb71b3e5ee88d2e8fde10ebe63a10,-208.23788,-590.8174,-519.5994,2955.476,-1175.4327,684.9562,2806.581,-957.72864,506.4303,3898.2502,0
3078,mvdec_dekm_consistent_v1,airpollution_mvdec_dekm_consistent_v1_2b88b20cd9b6_seed_44,2b88b20cd9b6ab9268889294ab249f6a1e5fb71b3e5ee88d2e8fde10ebe63a10,-213.98163,-607.1126,-533.93115,3036.986,-1207.8517,703.84753,2883.9868,-984.14264,520.39624,4005.7637,0
3079,mvdec_dekm_consistent_v1,airpollution_mvdec_dekm_consistent_v1_2b88b20cd9b6_seed_44,2b88b20cd9b6ab9268889294ab249f6a1e5fb71b3e5ee88d2e8fde10ebe63a10,-216.88315,-615.34424,-541.1709,3078.161,-1224.2284,713.3905,2923.0886,-997.4857,527.45123,4060.074,0
3080,mvdec_dekm_consistent_v1,airpollution_mvdec_dekm_consistent_v1_2b88b20cd9b6_seed_44,2b88b20cd9b6ab9268889294ab249f6a1e5fb71b3e5ee88d2e8fde10ebe63a10,-72.366844,-205.33083,-180.57417,1027.2438,-408.522,238.06119,975.4511,-332.8766,176.04427,1354.884,3
3081,mvdec_dekm_consistent_v1,airpollution_mvdec_dekm_consistent_v1_2b88b20cd9b6_seed_44,2b88b20cd9b6ab9268889294ab249f6a1e5fb71b3e5ee88d2e8fde10ebe63a10,-69.84148,-198.16617,-174.27304,991.4045,-394.2679,229.75497,941.417,-321.26288,169.90335,1307.6118,3
3082,mvdec_dekm_consistent_v1,airpollution_mvdec_dekm_consistent_v1_2b88b20cd9b6_seed_44,2b88b20cd9b6ab9268889294ab249f6a1e5fb71b3e5ee88d2e8fde10ebe63a10,-62.009926,-175.94707,-154.73196,880.2624,-350.0637,203.99622,835.8721,-285.24686,150.86003,1161.014,3
3083,mvdec_dekm_consistent_v1,airpollution_mvdec_dekm_consistent_v1_2b88b20cd9b6_seed_44,2b88b20cd9b6ab9268889294ab249f6a1e5fb71b3e5ee88d2e8fde10ebe63a10,-59.96017,-170.13252,-149.6176,851.1743,-338.49518,197.25471,808.2502,-275.821,145.87547,1122.6472,3
3084,mvdec_dekm_consistent_v1,airpollution_mvdec_dekm_consistent_v1_2b88b20cd9b6_seed_44,2b88b20cd9b6ab9268889294ab249f6a1e5fb71b3e5ee88d2e8fde10ebe63a10,-67.4536,-191.39336,-168.31589,957.5227,-380.79306,221.90245,909.24365,-310.28387,164.09738,1262.9227,3
3085,mvdec_dekm_consistent_v1,airpollution_mvdec_dekm_consistent_v1_2b88b20cd9b6_seed_44,2b88b20cd9b6ab9268889294ab249f6a1e5fb71b3e5ee88d2e8fde10ebe63a10,-60.10251,-170.53763,-149.97461,853.20667,-339.30313,197.72528,810.17944,-276.47955,146.2246,1125.3274,3
3086,mvdec_dekm_consistent_v1,airpollution_mvdec_dekm_consistent_v1_2b88b20cd9b6_seed_44,2b88b20cd9b6ab9268889294ab249f6a1e5fb71b3e5ee88d2e8fde10ebe63a10,-34.990475,-99.29227,-87.31598,496.83328,-197.5637,115.130455,471.75235,-160.99515,85.163216,655.2656,3
3087,mvdec_dekm_consistent_v1,airpollution_mvdec_dekm_consistent_v1_2b88b20cd9b6_seed_44,2b88b20cd9b6ab9268889294ab249f6a1e5fb71b3e5ee88d2e8fde10ebe63a10,-5.4378405,-15.447651,-13.576199,77.44238,-30.759563,17.93015,73.480545,-25.089222,13.30474,102.082535,3
3088,mvdec_dekm_consistent_v1,airpollution_mvdec_dekm_consistent_v1_2b88b20cd9b6_seed_44,2b88b20cd9b6ab9268889294ab249f6a1e5fb71b3e5ee88d2e8fde10ebe63a10,-22.391417,-63.550354,-55.87978,318.04782,-126.45604,73.69436,301.9722,-103.05878,54.529163,419.4454,3
3089,mvdec_dekm_consistent_v1,airpollution_mvdec_dekm_consistent_v1_2b88b20cd9b6_seed_44,2b88b20cd9b6ab9268889294ab249f6a1e5fb71b3e5ee88d2e8fde10ebe63a10,-46.81572,-132.84727,-116.82347,664.67126,-264.31842,154.02939,631.1421,-215.3839,113.91933,876.6479,3
3090,mvdec_dekm_consistent_v1,airpollution_mvdec_dekm_consistent_v1_2b88b20cd9b6_seed_44,2b88b20cd9b6ab9268889294ab249f6a1e5fb71b3e5ee88d2e8fde10ebe63a10,-64.61507,-183.34604,-161.23654,917.2686,-364.78387,212.57219,871.01917,-297.2396,157.20001,1209.8279,3
3091,mvdec_dekm_consistent_v1,airpollution_mvdec_dekm_consistent_v1_2b88b20cd9b6_seed_44,2b88b20cd9b6ab9268889294ab249f6a1e5fb71b3e5ee88d2e8fde10ebe63a10,-88.15634,-250.13506,-219.9765,1251.3533,-497.65842,290.00125,1188.2794,-405.50128,214.4427,1650.4906,3
3092,mvdec_dekm_consistent_v1,airpollution_mvdec_dekm_consistent_v1_2b88b20cd9b6_seed_44,2b88b20cd9b6ab9268889294ab249f6a1e5fb71b3e5ee88d2e8fde10ebe63a10,-115.758026,-328.444,-288.84753,1643.0585,-653.45074,380.7849,1560.26,-532.4354,281.5578,2167.156,3
3093,mvdec_dekm_consistent_v1,airpollution_mvdec_dekm_consistent_v1_2b88b20cd9b6_seed_44,2b88b20cd9b6ab9268889294ab249f6a1e5fb71b3e5ee88d2e8fde10ebe63a10,-116.06359,-329.30936,-289.60968,1647.3905,-655.1732,381.78894,1564.3724,-533.83905,282.30048,2172.8694,3
3094,mvdec_dekm_consistent_v1,airpollution_mvdec_dekm_consistent_v1_2b88b20cd9b6_seed_44,2b88b20cd9b6ab9268889294ab249f6a1e5fb71b3e5ee88d2e8fde10ebe63a10,-86.896736,-246.55898,-216.83221,1233.473,-490.5454,285.85803,1171.2981,-399.70627,211.37938,1626.9044,3
3095,mvdec_dekm_consistent_v1,airpollution_mvdec_dekm_consistent_v1_2b88b20cd9b6_seed_44,2b88b20cd9b6ab9268889294ab249f6a1e5fb71b3e5ee88d2e8fde10ebe63a10,-61.739838,-175.18564,-154.06012,876.4487,-348.54892,203.1129,832.2557,-284.0117,150.2054,1155.9863,3
3096,mvdec_dekm_consistent_v1,airpollution_mvdec_dekm_consistent_v1_2b88b20cd9b6_seed_44,2b88b20cd9b6ab9268889294ab249f6a1e5fb71b3e5ee88d2e8fde10ebe63a10,-37.22224,-105.625046,-92.88412,528.5113,-210.16316,122.47334,501.83725,-171.2602,90.590355,697.0497,3
3097,mvdec_dekm_consistent_v1,airpollution_mvdec_dekm_consistent_v1_2b88b20cd9b6_seed_44,2b88b20cd9b6ab9268889294ab249f6a1e5fb71b3e5ee88d2e8fde10ebe63a10,-20.498053,-58.175117,-51.15289,291.1526,-115.761375,67.462166,276.43396,-94.34417,49.92034,383.97287,3
3098,mvdec_dekm_consistent_v1,airpollution_mvdec_dekm_consistent_v1_2b88b20cd9b6_seed_44,2b88b20cd9b6ab9268889294ab249f6a1e5fb71b3e5ee88d2e8fde10ebe63a10,-11.910717,-33.810112,-29.72507,169.27997,-67.28908,39.21637,160.6978,-54.850704,29.03907,223.22108,3
3099,mvdec_dekm_consistent_v1,airpollution_mvdec_dekm_consistent_v1_2b88b20cd9b6_seed_44,2b88b20cd9b6ab9268889294ab249f6a1e5fb71b3e5ee88d2e8fde10ebe63a10,-45.145603,-128.1032,-112.652306,640.9312,-254.8791,148.5291,608.6006,-207.69194,109.850914,845.3376,3
3100,mvdec_dekm_consistent_v1,airpollution_mvdec_dekm_consistent_v1_2b88b20cd9b6_seed_44,2b88b20cd9b6ab9268889294ab249f6a1e5fb71b3e5ee88d2e8fde10ebe63a10,-78.37082,-222.36702,-195.55571,1112.4482,-442.41412,257.80994,1056.3721,-360.4891,190.64168,1467.275,3
3101,mvdec_dekm_consistent_v1,airpollution_mvdec_dekm_consistent_v1_2b88b20cd9b6_seed_44,2b88b20cd9b6ab9268889294ab249f6a1e5fb71b3e5ee88d2e8fde10ebe63a10,-80.15294,-227.423,-200.00307,1137.7434,-452.4738,263.67203,1080.3917,-368.6858,194.97646,1500.6385,3
3102,mvdec_dekm_consistent_v1,airpollution_mvdec_dekm_consistent_v1_2b88b20cd9b6_seed_44,2b88b20cd9b6ab9268889294ab249f6a1e5fb71b3e5ee88d2e8fde10ebe63a10,-57.478878,-163.09271,-143.42705,815.9637,-324.49228,189.09471,774.8143,-264.41132,139.84306,1076.2052,3
3103,mvdec_dekm_consistent_v1,airpollution_mvdec_dekm_consistent_v1_2b88b20cd9b6_seed_44,2b88b20cd9b6ab9268889294ab249f6a1e5fb71b3e5ee88d2e8fde10ebe63a10,-38.14472,-108.23883,-95.18405,541.5782,-215.36214,125.50219,514.24725,-175.49556,92.82911,714.28723,3
3104,mvdec_dekm_consistent_v1,airpollution_mvdec_dekm_consistent_v1_2b88b20cd9b6_seed_44,2b88b20cd9b6ab9268889294ab249f6a1e5fb71b3e5ee88d2e8fde10ebe63a10,-25.924969,-73.57083,-64.69302,368.15997,-146.38884,85.310005,349.563,-119.29854,63.114742,485.54648,3
3105,mvdec_dekm_consistent_v1,airpollution_mvdec_dekm_consistent_v1_2b88b20cd9b6_seed_44,2b88b20cd9b6ab9268889294ab249f6a1e5fb71b3e5ee88d2e8fde10ebe63a10,-15.890349,-45.101562,-39.653893,225.76111,-89.75162,52.307144,214.33401,-73.152626,38.715733,297.7186,3
3106,mvdec_dekm_consistent_v1,airpollution_mvdec_dekm_consistent_v1_2b88b20cd9b6_seed_44,2b88b20cd9b6ab9268889294ab249f6a1e5fb71b3e5ee88d2e8fde10ebe63a10,-3.078991,-8.752735,-7.686475,43.94923,-17.438517,10.1691,41.676014,-14.235111,7.564335,57.90443,3
3107,mvdec_dekm_consistent_v1,airpollution_mvdec_dekm_consistent_v1_2b88b20cd9b6_seed_44,2b88b20cd9b6ab9268889294ab249f6a1e5fb71b3e5ee88d2e8fde10ebe63a10,-5.460764,-15.51062,-13.629291,77.75169,-30.883106,18.003515,73.77668,-25.18888,13.356096,102.49074,3
3108,mvdec_dekm_consistent_v1,airpollution_mvdec_dekm_consistent_v1_2b88b20cd9b6_seed_44,2b88b20cd9b6ab9268889294ab249f6a1e5fb71b3e5ee88d2e8fde10ebe63a10,-15.252052,-43.29055,-38.061153,216.70572,-86.149506,50.208115,205.73338,-70.217766,37.16471,285.7733,3
3109,mvdec_dekm_consistent_v1,airpollution_mvdec_dekm_consistent_v1_2b88b20cd9b6_seed_44,2b88b20cd9b6ab9268889294ab249f6a1e5fb71b3e5ee88d2e8fde10ebe63a10,-18.541096,-52.623142,-46.26808,263.37988,-104.71363,61.025284,250.05827,-85.34308,45.161404,347.33823,3
3110,mvdec_dekm_consistent_v1,airpollution_mvdec_dekm_consistent_v1_2b88b20cd9b6_seed_44,2b88b20cd9b6ab9268889294ab249f6a1e5fb71b3e5ee88d2e8fde10ebe63a10,-26.885563,-76.30913,-67.09947,381.8872,-151.83627,88.486565,362.58966,-123.74074,65.47203,503.6423,3
3111,mvdec_dekm_consistent_v1,airpollution_mvdec_dekm_consistent_v1_2b88b20cd9b6_seed_44,2b88b20cd9b6ab9268889294ab249f6a1e5fb71b3e5ee88d2e8fde10ebe63a10,-29.864902,-84.75009,-74.52365,424.0876,-168.63023,98.27172,402.6714,-137.42055,72.69776,559.3124,3
3112,mvdec_dekm_consistent_v1,airpollution_mvdec_dekm_consistent_v1_2b88b20cd9b6_seed_44,2b88b20cd9b6ab9268889294ab249f6a1e5fb71b3e5ee88d2e8fde10ebe63a10,-4.2405195,-12.047428,-10.583952,60.42195,-23.991598,13.986616,57.319984,-19.573858,10.386609,79.63376,3
3113,mvdec_dekm_consistent_v1,airpollution_mvdec_dekm_consistent_v1_2b88b20cd9b6_seed_44,2b88b20cd9b6ab9268889294ab249f6a1e5fb71b3e5ee88d2e8fde10ebe63a10,-17.596422,-49.940346,-43.91082,249.96927,-99.37805,57.916767,237.31906,-80.99674,42.864925,329.64725,3
3114,mvdec_dekm_consistent_v1,airpollution_mvdec_dekm_consistent_v1_2b88b20cd9b6_seed_44,2b88b20cd9b6ab9268889294ab249f6a1e5fb71b3e5ee88d2e8fde10ebe63a10,-2.5536144,-7.2612276,-6.375386,36.483932,-14.468877,8.438008,34.584877,-11.816111,6.285685,48.05741,3
3115,mvdec_dekm_consistent_v1,airpollution_mvdec_dekm_consistent_v1_2b88b20cd9b6_seed_44,2b88b20cd9b6ab9268889294ab249f6a1e5fb71b3e5ee88d2e8fde10ebe63a10,-22.703756,-64.4301,-56.65464,322.44788,-128.20471,74.71493,306.1476,-104.48382,55.28345,425.2475,3
3116,mvdec_dekm_consistent_v1,airpollution_mvdec_dekm_consistent_v1_2b88b20cd9b6_seed_44,2b88b20cd9b6ab9268889294ab249f6a1e5fb71b3e5ee88d2e8fde10ebe63a10,-15.197363,-43.133,-37.923054,215.91019,-85.833725,50.024033,204.97835,-69.96054,37.02771,284.72522,3
3117,mvdec_dekm_consistent_v1,airpollution_mvdec_dekm_consistent_v1_2b88b20cd9b6_seed_44,2b88b20cd9b6ab9268889294ab249f6a1e5fb71b3e5ee88d2e8fde10ebe63a10,-17.83147,-50.605278,-44.495415,253.28387,-100.699066,58.686,240.47044,-82.07217,43.431335,334.02258,3
3118,mvdec_dekm_consistent_v1,airpollution_mvdec_dekm_consistent_v1_2b88b20cd9b6_seed_44,2b88b20cd9b6ab9268889294ab249f6a1e5fb71b3e5ee88d2e8fde10ebe63a10,-44.273388,-125.62979,-110.47438,628.5664,-249.95612,145.66083,596.8498,-203.68211,107.733215,829.0205,3
3119,mvdec_dekm_consistent_v1,airpollution_mvdec_dekm_consistent_v1_2b88b20cd9b6_seed_44,2b88b20cd9b6ab9268889294ab249f6a1e5fb71b3e5ee88d2e8fde10ebe63a10,-69.77688,-197.98586,-174.11115,990.5008,-393.90735,229.5444,940.5574,-320.96878,169.7482,1306.4172,3
3120,mvdec_dekm_consistent_v1,airpollution_mvdec_dekm_consistent_v1_2b88b20cd9b6_seed_44,2b88b20cd9b6ab9268889294ab249f6a1e5fb71b3e5ee88d2e8fde10ebe63a10,-83.344406,-236.47871,-207.96501,1183.0446,-470.4878,274.16946,1123.4058,-383.36377,202.73892,1560.3862,3
3121,mvdec_dekm_consistent_v1,airpollution_mvdec_dekm_consistent_v1_2b88b20cd9b6_seed_44,2b88b20cd9b6ab9268889294ab249f6a1e5fb71b3e5ee88d2e8fde10ebe63a10,-91.13814,-258.59064,-227.41211,1293.649,-514.47864,299.8038,1228.4412,-419.2059,221.68994,1706.2758,3
3122,mvdec_dekm_consistent_v1,airpollution_mvdec_dekm_consistent_v1_2b88b20cd9b6_seed_44,2b88b20cd9b6ab9268889294ab249f6a1e5fb71b3e5ee88d2e8fde10ebe63a10,-63.11452,-179.0842,-157.4873,895.9458,-356.30228,207.63086,850.76807,-290.32886,153.54593,1181.701,3
3123,mvdec_dekm_consistent_v1,airpollution_mvdec_dekm_consistent_v1_2b88b20cd9b6_seed_44,2b88b20cd9b6ab9268889294ab249f6a1e5fb71b3e5ee88d2e8fde10ebe63a10,-42.086487,-119.42464,-105.018105,597.5221,-237.61134,138.46712,567.3731,-193.62355,102.41328,788.07635,3
3124,mvdec_dekm_consistent_v1,airpollution_mvdec_dekm_consistent_v1_2b88b20cd9b6_seed_44,2b88b20cd9b6ab9268889294ab249f6a1e5fb71b3e5ee88d2e8fde10ebe63a10,-35.917183,-101.92111,-89.62448,509.9676,-202.78865,118.175255,484.22794,-165.25127,87.41144,672.59106,3
3125,mvdec_dekm_consistent_v1,airpollution_mvdec_dekm_consistent_v1_2b88b20cd9b6_seed_44,2b88b20cd9b6ab9268889294ab249f6a1e5fb71b3e5ee88d2e8fde10ebe63a10,-48.373215,-137.25961,-120.7051,686.73773,-273.09448,159.14418,652.0951,-222.53441,117.700134,905.753,3
3126,mvdec_dekm_consistent_v1,airpollution_mvdec_dekm_consistent_v1_2b88b20cd9b6_seed_44,2b88b20cd9b6ab9268889294ab249f6a1e5fb71b3e5ee88d2e8fde10ebe63a10,-65.28452,-185.23885,-162.9024,926.73505,-368.54773,214.76697,880.006,-300.3067,158.82184,1222.3127,3
3127,mvdec_dekm_consistent_v1,airpollution_mvdec_dekm_consistent_v1_2b88b20cd9b6_seed_44,2b88b20cd9b6ab9268889294ab249f6a1e5fb71b3e5ee88d2e8fde10ebe63a10,-65.29125,-185.2571,-162.91956,926.8304,-368.58493,214.78888,880.095,-300.3374,158.83876,1222.4379,3
3128,mvdec_dekm_consistent_v1,airpollution_mvdec_dekm_consistent_v1_2b88b20cd9b6_seed_44,2b88b20cd9b6ab9268889294ab249f6a1e5fb71b3e5ee88d2e8fde10ebe63a10,-52.65045,-149.39351,-131.37883,747.44037,-297.23648,173.21254,709.73834,-242.20528,128.10213,985.8196,3
3129,mvdec_dekm_consistent_v1,airpollution_mvdec_dekm_consistent_v1_2b88b20cd9b6_seed_44,2b88b20cd9b6ab9268889294ab249f6a1e5fb71b3e5ee88d2e8fde10ebe63a10,-29.980774,-85.07769,-74.814,425.72565,-169.28221,98.6506,404.22577,-137.95238,72.97873,561.4739,3
3130,mvdec_dekm_consistent_v1,airpollution_mvdec_dekm_consistent_v1_2b88b20cd9b6_seed_44,2b88b20cd9b6ab9268889294ab249f6a1e5fb71b3e5ee88d2e8fde10ebe63a10,-1.3907442,-3.9639528,-3.4761758,19.988987,-7.9094806,4.6145225,18.922367,-6.4722013,3.458961,26.302353,3
3131,mvdec_dekm_consistent_v1,airpollution_mvdec_dekm_consistent_v1_2b88b20cd9b6_seed_44,2b88b20cd9b6ab9268889294ab249f6a1e5fb71b3e5ee88d2e8fde10ebe63a10,-28.57661,-81.09725,-71.311325,405.80716,-161.36176,94.03436,385.31424,-131.49838,69.56465,535.20337,3
3132,mvdec_dekm_consistent_v1,airpollution_mvdec_dekm_consistent_v1_2b88b20cd9b6_seed_44,2b88b20cd9b6ab9268889294ab249f6a1e5fb71b3e5ee88d2e8fde10ebe63a10,-27.570724,-78.24504,-68.80191,391.53647,-155.68658,90.726974,371.76392,-126.87415,67.11891,516.381,3
3133,mvdec_dekm_consistent_v1,airpollution_mvdec_dekm_consistent_v1_2b88b20cd9b6_seed_44,2b88b20cd9b6ab9268889294ab249f6a1e5fb71b3e5ee88d2e8fde10ebe63a10,-22.038887,-62.551414,-54.99937,313.0355,-124.464775,72.533104,297.21655,-101.43564,53.66842,412.8373,3
3134,mvdec_dekm_consistent_v1,airpollution_mvdec_dekm_consistent_v1_2b88b20cd9b6_seed_44,2b88b20cd9b6ab9268889294ab249f6a1e5fb71b3e5ee88d2e8fde10ebe63a10,-17.922823,-50.874058,-44.72914,254.62518,-101.233315,58.995415,241.74762,-82.507416,43.660416,335.79318,3
3135,mvdec_dekm_consistent_v1,airpollution_mvdec_dekm_consistent_v1_2b88b20cd9b6_seed_44,2b88b20cd9b6ab9268889294ab249f6a1e5fb71b3e5ee88d2e8fde10ebe63a10,-36.88826,-104.68182,-92.05196,523.77625,-208.28197,121.37508,497.3445,-169.72699,89.77721,690.8071,3
3136,mvdec_dekm_consistent_v1,airpollution_mvdec_dekm_consistent_v1_2b88b20cd9b6_seed_44,2b88b20cd9b6ab9268889294ab249f6a1e5fb71b3e5ee88d2e8fde10ebe63a10,-63.040726,-178.87898,-157.30711,894.9171,-355.89487,207.39244,849.79504,-289.9969,153.36926,1180.3473,3
3137,mvdec_dekm_consistent_v1,airpollution_mvdec_dekm_consistent_v1_2b88b20cd9b6_seed_44,2b88b20cd9b6ab9268889294ab249f6a1e5fb71b3e5ee88d2e8fde10ebe63a10,-89.945755,-255.21114,-224.44002,1276.7379,-507.7552,295.88498,1212.3872,-413.72748,218.7913,1683.974,3
3138,mvdec_dekm_consistent_v1,airpollution_mvdec_dekm_consistent_v1_2b88b20cd9b6_seed_44,2b88b20cd9b6ab9268889294ab249f6a1e5fb71b3e5ee88d2e8fde10ebe63a10,-115.54095,-327.82697,-288.30463,1639.969,-652.22205,380.06918,1557.3259,-531.43427,281.02805,2163.0813,3
3139,mvdec_dekm_consistent_v1,airpollution_mvdec_dekm_consistent_v1_2b88b20cd9b6_seed_44,2b88b20cd9b6ab9268889294ab249f6a1e5fb71b3e5ee88d2e8fde10ebe63a10,-141.19846,-400.61963,-352.32483,2004.0853,-797.0409,464.45847,1903.1055,-649.4278,343.41644,2643.356,3
3140,mvdec_dekm_consistent_v1,airpollution_mvdec_dekm_consistent_v1_2b88b20cd9b6_seed_44,2b88b20cd9b6ab9268889294ab249f6a1e5fb71b3e5ee88d2e8fde10ebe63a10,-168.89305,-479.19296,-421.42834,2397.1152,-953.36005,555.54895,2276.3445,-776.79114,410.7589,3161.7683,3
3141,mvdec_dekm_consistent_v1,airpollution_mvdec_dekm_consistent_v1_2b88b20cd9b6_seed_44,2b88b20cd9b6ab9268889294ab249f6a1e5fb71b3e5ee88d2e8fde10ebe63a10,-158.96762,-451.0329,-396.6618,2256.2546,-897.3363,522.9027,2142.5776,-731.1446,386.62335,2975.9717,3
3142,mvdec_dekm_consistent_v1,airpollution_mvdec_dekm_consistent_v1_2b88b20cd9b6_seed_44,2b88b20cd9b6ab9268889294ab249f6a1e5fb71b3e5ee88d2e8fde10ebe63a10,-146.53893,-415.77087,-365.64944,2079.8691,-827.1835,482.02316,1975.0752,-673.98615,356.401,2743.3171,3
3143,mvdec_dekm_consistent_v1,airpollution_mvdec_dekm_consistent_v1_2b88b20cd9b6_seed_44,2b88b20cd9b6ab9268889294ab249f6a1e5fb71b3e5ee88d2e8fde10ebe63a10,-140.31496,-398.11197,-350.11877,1991.5369,-792.05145,461.55106,1891.1913,-645.3617,341.26587,2626.8057,3
3144,mvdec_dekm_consistent_v1,airpollution_mvdec_dekm_consistent_v1_2b88b20cd9b6_seed_44,2b88b20cd9b6ab9268889294ab249f6a1e5fb71b3e5ee88d2e8fde10ebe63a10,-140.9194,-399.8263,-351.6266,2000.1116,-795.462,463.5386,1899.3346,-648.1404,342.73505,2638.1165,3
3145,mvdec_dekm_consistent_v1,airpollution_mvdec_dekm_consistent_v1_2b88b20cd9b6_seed_44,2b88b20cd9b6ab9268889294ab249f6a1e5fb71b3e5ee88d2e8fde10ebe63a10,-148.67314,-421.82404,-370.97342,2110.147,-839.2259,489.04083,2003.8281,-683.7978,361.58884,2783.254,3
3146,mvdec_dekm_consistent_v1,airpollution_mvdec_dekm_consistent_v1_2b88b20cd9b6_seed_44,2b88b20cd9b6ab9268889294ab249f6a1e5fb71b3e5ee88d2e8fde10ebe63a10,-162.70316,-461.629,-405.98126,2309.2566,-918.4167,535.1871,2192.9104,-748.3201,395.7048,3045.882,3
3147,mvdec_dekm_consistent_v1,airpollution_mvdec_dekm_consistent_v1_2b88b20cd9b6_seed_44,2b88b20cd9b6ab9268889294ab249f6a1e5fb71b3e5ee88d2e8fde10ebe63a10,-180.51382,-512.1603,-450.42255,2562.0188,-1018.947,593.7682,2432.9438,-830.2287,439.01358,3379.279,0
3148,mvdec_dekm_consistent_v1,airpollution_mvdec_dekm_consistent_v1_2b88b20cd9b6_seed_44,2b88b20cd9b6ab9268889294ab249f6a1e5fb71b3e5ee88d2e8fde10ebe63a10,-180.7748,-512.90045,-451.07352,2565.7205,-1020.41956,594.62634,2436.459,-831.42834,439.64774,3384.1619,0
3149,mvdec_dekm_consistent_v1,airpollution_mvdec_dekm_consistent_v1_2b88b20cd9b6_seed_44,2b88b20cd9b6ab9268889294ab249f6a1e5fb71b3e5ee88d2e8fde10ebe63a10,-184.00742,-522.07184,-459.1395,2611.5974,-1038.6658,605.25885,2480.0251,-846.2948,447.50842,3444.6736,0
3150,mvdec_dekm_consistent_v1,airpollution_mvdec_dekm_consistent_v1_2b88b20cd9b6_seed_44,2b88b20cd9b6ab9268889294ab249f6a1e5fb71b3e5ee88d2e8fde10ebe63a10,-39.14028,-111.06338,-97.66719,555.704,-220.97969,128.77583,527.66095,-180.07272,95.24903,732.9186,3
3151,mvdec_dekm_consistent_v1,airpollution_mvdec_dekm_consistent_v1_2b88b20cd9b6_seed_44,2b88b20cd9b6ab9268889294ab249f6a1e5fb71b3e5ee88d2e8fde10ebe63a10,-40.10178,-113.792656,-100.06631,569.3521,-226.4085,131.93903,540.6232,-184.49554,97.5869,750.9214,3
3152,mvdec_dekm_consistent_v1,airpollution_mvdec_dekm_consistent_v1_2b88b20cd9b6_seed_44,2b88b20cd9b6ab9268889294ab249f6a1e5fb71b3e5ee88d2e8fde10ebe63a10,-28.829773,-81.81251,-71.94059,409.387,-162.78587,94.86467,388.71313,-132.65799,70.17856,539.92456,3
3153,mvdec_dekm_consistent_v1,airpollution_mvdec_dekm_consistent_v1_2b88b20cd9b6_seed_44,2b88b20cd9b6ab9268889294ab249f6a1e5fb71b3e5ee88d2e8fde10ebe63a10,-26.891876,-76.31615,-67.10509,381.88635,-151.84932,88.491295,362.60025,-123.74673,65.46544,503.65244,3
3154,mvdec_dekm_consistent_v1,airpollution_mvdec_dekm_consistent_v1_2b88b20cd9b6_seed_44,2b88b20cd9b6ab9268889294ab249f6a1e5fb71b3e5ee88d2e8fde10ebe63a10,-36.729362,-104.22646,-91.651634,521.4952,-207.37604,120.84786,495.17932,-168.9878,89.38614,687.7991,3
3155,mvdec_dekm_consistent_v1,airpollution_mvdec_dekm_consistent_v1_2b88b20cd9b6_seed_44,2b88b20cd9b6ab9268889294ab249f6a1e5fb71b3e5ee88d2e8fde10ebe63a10,-26.874168,-76.2646,-67.06116,381.6333,-151.74849,88.43278,362.35898,-123.66476,65.42285,503.31842,3
3156,mvdec_dekm_consistent_v1,airpollution_mvdec_dekm_consistent_v1_2b88b20cd9b6_seed_44,2b88b20cd9b6ab9268889294ab249f6a1e5fb71b3e5ee88d2e8fde10ebe63a10,-26.270973,-74.55277,-65.555916,373.07114,-148.34286,86.44834,354.22754,-120.890076,63.95586,492.0245,3
3157,mvdec_dekm_consistent_v1,airpollution_mvdec_dekm_consistent_v1_2b88b20cd9b6_seed_44,2b88b20cd9b6ab9268889294ab249f6a1e5fb71b3e5ee88d2e8fde10ebe63a10,-6.3365498,-17.99518,-15.814254,90.16456,-35.82303,20.8804,85.5676,-29.212902,15.482171,118.867226,3
3158,mvdec_dekm_consistent_v1,airpollution_mvdec_dekm_consistent_v1_2b88b20cd9b6_seed_44,2b88b20cd9b6ab9268889294ab249f6a1e5fb71b3e5ee88d2e8fde10ebe63a10,-32.616783,-92.55642,-81.38968,463.12717,-184.15964,107.319786,439.74707,-150.07283,79.38619,610.80884,3
3159,mvdec_dekm_consistent_v1,airpollution_mvdec_dekm_consistent_v1_2b88b20cd9b6_seed_44,2b88b20cd9b6ab9268889294ab249f6a1e5fb71b3e5ee88d2e8fde10ebe63a10,-42.716885,-121.21134,-106.59184,606.4659,-241.16867,140.54028,575.8659,-196.52217,103.94672,799.8737,3
3160,mvdec_dekm_consistent_v1,airpollution_mvdec_dekm_consistent_v1_2b88b20cd9b6_seed_44,2b88b20cd9b6ab9268889294ab249f6a1e5fb71b3e5ee88d2e8fde10ebe63a10,-67.85308,-192.52583,-169.31123,963.1839,-383.04578,223.21516,914.6214,-312.11853,165.06696,1270.3909,3
3161,mvdec_dekm_consistent_v1,airpollution_mvdec_dekm_consistent_v1_2b88b20cd9b6_seed_44,2b88b20cd9b6ab9268889294ab249f6a1e5fb71b3e5ee88d2e8fde10ebe63a10,-97.34842,-276.20682,-242.90807,1381.7675,-549.5274,320.22787,1312.1243,-447.76224,236.78842,1822.5079,3
3162,mvdec_dekm_consistent_v1,airpollution_mvdec_dekm_consistent_v1_2b88b20cd9b6_seed_44,2b88b20cd9b6ab9268889294ab249f6a1e5fb71b3e5ee88d2e8fde10ebe63a10,-120.87592,-342.9575,-301.61353,1715.6571,-682.3249,397.61172,1629.2006,-555.96094,293.99728,2262.914,3
3163,mvdec_dekm_consistent_v1,airpollution_mvdec_dekm_consistent_v1_2b88b20cd9b6_seed_44,2b88b20cd9b6ab9268889294ab249f6a1e5fb71b3e5ee88d2e8fde10ebe63a10,-133.24876,-378.06464,-332.4868,1891.2714,-752.1686,438.31085,1795.9667,-612.8676,324.08807,2494.5474,3
3164,mvdec_dekm_consistent_v1,airpollution_mvdec_dekm_consistent_v1_2b88b20cd9b6_seed_44,2b88b20cd9b6ab9268889294ab249f6a1e5fb71b3e5ee88d2e8fde10ebe63a10,-108.55937,-308.01797,-270.8825,1540.9026,-612.8155,357.10794,1463.2401,-499.328,264.05588,2032.4032,3
3165,mvdec_dekm_consistent_v1,airpollution_mvdec_dekm_consistent_v1_2b88b20cd9b6_seed_44,2b88b20cd9b6ab9268889294ab249f6a1e5fb71b3e5ee88d2e8fde10ebe63a10,-84.14016,-238.73752,-209.95152,1194.348,-474.98297,276.78925,1134.1399,-387.0264,204.6759,1575.2952,3
3166,mvdec_dekm_consistent_v1,airpollution_mvdec_dekm_consistent_v1_2b88b20cd9b6_seed_44,2b88b20cd9b6ab9268889294ab249f6a1e5fb71b3e5ee88d2e8fde10ebe63a10,-56.02246,-158.96292,-139.79301,795.3198,-316.27692,184.30862,755.2034,-257.71878,136.3069,1048.9688,3
3167,mvdec_dekm_consistent_v1,airpollution_mvdec_dekm_consistent_v1_2b88b20cd9b6_seed_44,2b88b20cd9b6ab9268889294ab249f6a1e5fb71b3e5ee88d2e8fde10ebe63a10,-23.816078,-67.58865,-59.430958,338.24393,-134.488,78.37506,321.1489,-109.60275,57.989532,446.08273,3
3168,mvdec_dekm_consistent_v1,airpollution_mvdec_dekm_consistent_v1_2b88b20cd9b6_seed_44,2b88b20cd9b6ab9268889294ab249f6a1e5fb71b3e5ee88d2e8fde10ebe63a10,-8.001053,-22.717426,-19.968674,113.798645,-45.219612,26.356386,108.00521,-36.870255,19.5335,150.0364,3
3169,mvdec_dekm_consistent_v1,airpollution_mvdec_dekm_consistent_v1_2b88b20cd9b6_seed_44,2b88b20cd9b6ab9268889294ab249f6a1e5fb71b3e5ee88d2e8fde10ebe63a10,-32.79185,-93.05364,-81.82714,465.61896,-185.14894,107.89636,442.1104,-150.87961,79.81373,614.09314,3
3170,mvdec_dekm_consistent_v1,airpollution_mvdec_dekm_consistent_v1_2b88b20cd9b6_seed_44,2b88b20cd9b6ab9268889294ab249f6a1e5fb71b3e5ee88d2e8fde10ebe63a10,-60.57493,-171.8764,-151.15211,859.9057,-341.96634,199.2776,816.5386,-278.64975,147.37276,1134.1617,3
3171,mvdec_dekm_consistent_v1,airpollution_mvdec_dekm_consistent_v1_2b88b20cd9b6_seed_44,2b88b20cd9b6ab9268889294ab249f6a1e5fb71b3e5ee88d2e8fde10ebe63a10,-76.07022,-215.83833,-189.81622,1079.8081,-429.42734,250.24313,1025.3666,-349.91013,185.05139,1424.2162,3
3172,mvdec_dekm_consistent_v1,airpollution_mvdec_dekm_consistent_v1_2b88b20cd9b6_seed_44,2b88b20cd9b6ab9268889294ab249f6a1e5fb71b3e5ee88d2e8fde10ebe63a10,-62.784035,-178.14438,-156.66496,891.25836,-354.43634,206.54407,846.3128,-288.80997,152.74475,1175.5168,3
3173,mvdec_dekm_consistent_v1,airpollution_mvdec_dekm_consistent_v1_2b88b20cd9b6_seed_44,2b88b20cd9b6ab9268889294ab249f6a1e5fb71b3e5ee88d2e8fde10ebe63a10,-38.528934,-109.33328,-96.14536,547.05786,-217.53978,126.7706,519.4474,-177.26994,93.76818,721.5121,3
3174,mvdec_dekm_consistent_v1,airpollution_mvdec_dekm_consistent_v1_2b88b20cd9b6_seed_44,2b88b20cd9b6ab9268889294ab249f6a1e5fb71b3e5ee88d2e8fde10ebe63a10,-21.980587,-62.38503,-54.85384,312.21127,-124.13607,72.341774,296.4301,-101.16733,53.528027,411.74774,3
3175,mvdec_dekm_consistent_v1,airpollution_mvdec_dekm_consistent_v1_2b88b20cd9b6_seed_44,2b88b20cd9b6ab9268889294ab249f6a1e5fb71b3e5ee88d2e8fde10ebe63a10,-6.8475037,-19.45086,-17.093576,97.4546,-38.720924,22.568682,92.48824,-31.574154,16.731472,128.48062,3
3176,mvdec_dekm_consistent_v1,airpollution_mvdec_dekm_consistent_v1_2b88b20cd9b6_seed_44,2b88b20cd9b6ab9268889294ab249f6a1e5fb71b3e5ee88d2e8fde10ebe63a10,-24.102814,-68.405174,-60.149986,342.3367,-136.11484,79.32369,325.03595,-110.92909,58.691006,451.48108,3
3177,mvdec_dekm_consistent_v1,airpollution_mvdec_dekm_consistent_v1_2b88b20cd9b6_seed_44,2b88b20cd9b6ab9268889294ab249f6a1e5fb71b3e5ee88d2e8fde10ebe63a10,-26.213644,-74.40823,-65.42861,372.3932,-148.05733,86.2845,353.57104,-120.66341,63.846577,491.1169,3
3178,mvdec_dekm_consistent_v1,airpollution_mvdec_dekm_consistent_v1_2b88b20cd9b6_seed_44,2b88b20cd9b6ab9268889294ab249f6a1e5fb71b3e5ee88d2e8fde10ebe63a10,-14.912586,-42.332184,-37.21874,211.91237,-84.242744,49.095596,201.18135,-68.66517,36.34362,279.4514,3
3179,mvdec_dekm_consistent_v1,airpollution_mvdec_dekm_consistent_v1_2b88b20cd9b6_seed_44,2b88b20cd9b6ab9268889294ab249f6a1e5fb71b3e5ee88d2e8fde10ebe63a10,-13.578253,-38.54763,-33.889168,192.97612,-76.71072,44.70671,183.1993,-62.528564,33.098824,254.47461,3
3180,mvdec_dekm_consistent_v1,airpollution_mvdec_dekm_consistent_v1_2b88b20cd9b6_seed_44,2b88b20cd9b6ab9268889294ab249f6a1e5fb71b3e5ee88d2e8fde10ebe63a10,-5.885923,-16.72205,-14.694134,83.808,-33.29128,19.405735,79.52804,-27.151794,14.393917,110.47961,3
3181,mvdec_dekm_consistent_v1,airpollution_mvdec_dekm_consistent_v1_2b88b20cd9b6_seed_44,2b88b20cd9b6ab9268889294ab249f6a1e5fb71b3e5ee88d2e8fde10ebe63a10,-3.7723925,-10.724476,-9.420057,53.814358,-21.360573,12.45415,51.043053,-17.431644,9.255112,70.91575,3
3182,mvdec_dekm_consistent_v1,airpollution_mvdec_dekm_consistent_v1_2b88b20cd9b6_seed_44,2b88b20cd9b6ab9268889294ab249f6a1e5fb71b3e5ee88d2e8fde10ebe63a10,-14.4883175,-41.125935,-36.157726,205.88004,-81.84279,47.69824,195.45183,-66.70972,35.30989,271.49356,3
3183,mvdec_dekm_consistent_v1,airpollution_mvdec_dekm_consistent_v1_2b88b20cd9b6_seed_44,2b88b20cd9b6ab9268889294ab249f6a1e5fb71b3e5ee88d2e8fde10ebe63a10,-11.288084,-32.045,-28.172201,160.45557,-63.775208,37.16992,152.31302,-51.98953,27.527746,211.57777,3
3184,mvdec_dekm_consistent_v1,airpollution_mvdec_dekm_consistent_v1_2b88b20cd9b6_seed_44,2b88b20cd9b6ab9268889294ab249f6a1e5fb71b3e5ee88d2e8fde10ebe63a10,-29.167202,-82.77032,-72.78426,414.18222,-164.6912,95.975266,393.26437,-134.21164,71.00097,546.24835,3
3185,mvdec_dekm_consistent_v1,airpollution_mvdec_dekm_consistent_v1_2b88b20cd9b6_seed_44,2b88b20cd9b6ab9268889294ab249f6a1e5fb71b3e5ee88d2e8fde10ebe63a10,-49.275352,-139.81848,-122.95906,699.55286,-278.18903,162.1134,664.2605,-226.68658,119.89879,922.6542,3
3186,mvdec_dekm_consistent_v1,airpollution_mvdec_dekm_consistent_v1_2b88b20cd9b6_seed_44,2b88b20cd9b6ab9268889294ab249f6a1e5fb71b3e5ee88d2e8fde10ebe63a10,-24.609703,-69.83934,-61.411327,349.4974,-138.96577,80.98433,331.83905,-113.25068,59.917084,460.92932,3
3187,mvdec_dekm_consistent_v1,airpollution_mvdec_dekm_consistent_v1_2b88b20cd9b6_seed_44,2b88b20cd9b6ab9268889294ab249f6a1e5fb71b3e5ee88d2e8fde10ebe63a10,-1.9254689,-5.4793887,-4.80846,27.564919,-10.924108,6.3713646,26.118492,-8.927241,4.7567315,36.296146,3
3188,mvdec_dekm_consistent_v1,airpollution_mvdec_dekm_consistent_v1_2b88b20cd9b6_seed_44,2b88b20cd9b6ab9268889294ab249f6a1e5fb71b3e5ee88d2e8fde10ebe63a10,-23.021523,-65.33372,-57.446804,326.94894,-129.99908,75.75911,310.4293,-105.9442,56.052002,431.18954,3
3189,mvdec_dekm_consistent_v1,airpollution_mvdec_dekm_consistent_v1_2b88b20cd9b6_seed_44,2b88b20cd9b6ab9268889294ab249f6a1e5fb71b3e5ee88d2e8fde10ebe63a10,-48.3446,-137.17824,-120.632835,686.32263,-272.93158,159.04904,651.70483,-222.40074,117.62789,905.20825,3
3190,mvdec_dekm_consistent_v1,airpollution_mvdec_dekm_consistent_v1_2b88b20cd9b6_seed_44,2b88b20cd9b6ab9268889294ab249f6a1e5fb71b3e5ee88d2e8fde10ebe63a10,-78.55818,-222.89824,-196.02203,1115.1033,-443.46896,258.4249,1058.8918,-361.3489,191.09618,1470.7758,3
3191,mvdec_dekm_consistent_v1,airpollution_mvdec_dekm_consistent_v1_2b88b20cd9b6_seed_44,2b88b20cd9b6ab9268889294ab249f6a1e5fb71b3e5ee88d2e8fde10ebe63a10,-109.991066,-312.07727,-274.4534,1561.186,-620.8879,361.81085,1482.5098,-505.9039,267.52902,2059.1648,3
3192,mvdec_dekm_consistent_v1,airpollution_mvdec_dekm_consistent_v1_2b88b20cd9b6_seed_44,2b88b20cd9b6ab9268889294ab249f6a1e5fb71b3e5ee88d2e8fde10ebe63a10,-87.77405,-249.04456,-219.01727,1245.8894,-495.48605,288.73654,1183.0916,-403.7307,213.50534,1643.2843,3
3193,mvdec_dekm_consistent_v1,airpollution_mvdec_dekm_consistent_v1_2b88b20cd9b6_seed_44,2b88b20cd9b6ab9268889294ab249f6a1e5fb71b3e5ee88d2e8fde10ebe63a10,-72.60549,-206.00894,-181.16884,1030.6248,-409.86908,238.84569,978.6664,-333.97308,176.62195,1359.3466,3
3194,mvdec_dekm_consistent_v1,airpollution_mvdec_dekm_consistent_v1_2b88b20cd9b6_seed_44,2b88b20cd9b6ab9268889294ab249f6a1e5fb71b3e5ee88d2e8fde10ebe63a10,-68.8358,-195.31482,-171.76305,977.1312,-388.59332,226.44772,927.86725,-316.63818,167.45628,1288.7878,3
3195,mvdec_dekm_consistent_v1,airpollution_mvdec_dekm_consistent_v1_2b88b20cd9b6_seed_44,2b88b20cd9b6ab9268889294ab249f6a1e5fb71b3e5ee88d2e8fde10ebe63a10,-77.30701,-219.3493,-192.90121,1097.3575,-436.41037,254.31155,1042.0383,-355.59796,188.0566,1447.3678,3
3196,mvdec_dekm_consistent_v1,airpollution_mvdec_dekm_consistent_v1_2b88b20cd9b6_seed_44,2b88b20cd9b6ab9268889294ab249f6a1e5fb71b3e5ee88d2e8fde10ebe63a10,-95.081024,-269.7775,-237.2516,1349.6033,-536.73584,312.77313,1281.5823,-437.33948,231.27686,1780.0842,3
3197,mvdec_dekm_consistent_v1,airpollution_mvdec_dekm_consistent_v1_2b88b20cd9b6_seed_44,2b88b20cd9b6ab9268889294ab249f6a1e5fb71b3e5ee88d2e8fde10ebe63a10,-94.374344,-267.7726,-235.48865,1339.5762,-532.74817,310.4493,1272.0603,-434.09036,229.559,1766.8585,3
3198,mvdec_dekm_consistent_v1,airpollution_mvdec_dekm_consistent_v1_2b88b20cd9b6_seed_44,2b88b20cd9b6ab9268889294ab249f6a1e5fb71b3e5ee88d2e8fde10ebe63a10,-72.86287,-206.7419,-181.81314,1034.2926,-411.32935,239.69583,982.15216,-335.1621,177.25076,1364.1862,3
3199,mvdec_dekm_consistent_v1,airpollution_mvdec_dekm_consistent_v1_2b88b20cd9b6_seed_44,2b88b20cd9b6ab9268889294ab249f6a1e5fb71b3e5ee88d2e8fde10ebe63a10,-40.08087,-113.73439,-100.015,569.059,-226.29361,131.8716,540.34766,-184.40126,97.536514,750.53674,3
3200,mvdec_dekm_consistent_v1,airpollution_mvdec_dekm_consistent_v1_2b88b20cd9b6_seed_44,2b88b20cd9b6ab9268889294ab249f6a1e5fb71b3e5ee88d2e8fde10ebe63a10,-8.99143,-25.528957,-22.439035,127.84225,-50.81033,29.61342,121.35158,-41.423264,21.936926,168.56697,3
3201,mvdec_dekm_consistent_v1,airpollution_mvdec_dekm_consistent_v1_2b88b20cd9b6_seed_44,2b88b20cd9b6ab9268889294ab249f6a1e5fb71b3e5ee88d2e8fde10ebe63a10,-23.092926,-65.53716,-57.625797,327.96786,-130.40488,75.99529,311.39764,-106.274536,56.22678,432.53397,3
3202,mvdec_dekm_consistent_v1,airpollution_mvdec_dekm_consistent_v1_2b88b20cd9b6_seed_44,2b88b20cd9b6ab9268889294ab249f6a1e5fb71b3e5ee88d2e8fde10ebe63a10,-0.9230062,-2.6372542,-2.3063612,13.337226,-5.266876,3.0741317,12.611719,-4.317459,2.3171315,17.532303,3
3203,mvdec_dekm_consistent_v1,airpollution_mvdec_dekm_consistent_v1_2b88b20cd9b6_seed_44,2b88b20cd9b6ab9268889294ab249f6a1e5fb71b3e5ee88d2e8fde10ebe63a10,-10.711479,-30.409079,-26.731388,152.25757,-60.51919,35.271217,144.53435,-49.334507,26.120848,200.76894,3
3204,mvdec_dekm_consistent_v1,airpollution_mvdec_dekm_consistent_v1_2b88b20cd9b6_seed_44,2b88b20cd9b6ab9268889294ab249f6a1e5fb71b3e5ee88d2e8fde10ebe63a10,-9.728858,-27.62056,-24.279188,138.30865,-54.9715,32.03856,131.2881,-44.81442,23.730766,182.37047,3
3205,mvdec_dekm_consistent_v1,airpollution_mvdec_dekm_consistent_v1_2b88b20cd9b6_seed_44,2b88b20cd9b6ab9268889294ab249f6a1e5fb71b3e5ee88d2e8fde10ebe63a10,-17.422567,-49.44842,-43.47688,247.49892,-98.39825,57.34518,234.97812,-80.197426,42.43991,326.39227,3
3206,mvdec_dekm_consistent_v1,airpollution_mvdec_dekm_consistent_v1_2b88b20cd9b6_seed_44,2b88b20cd9b6ab9268889294ab249f6a1e5fb71b3e5ee88d2e8fde10ebe63a10,-42.99963,-122.01463,-107.296844,610.478,-242.76543,141.47104,579.6792,-197.82262,104.63283,805.1674,3
3207,mvdec_dekm_consistent_v1,airpollution_mvdec_dekm_consistent_v1_2b88b20cd9b6_seed_44,2b88b20cd9b6ab9268889294ab249f6a1e5fb71b3e5ee88d2e8fde10ebe63a10,-68.54869,-194.50063,-171.04695,973.0606,-386.9741,225.50461,924.002,-315.31903,166.75862,1283.4187,3
3208,mvdec_dekm_consistent_v1,airpollution_mvdec_dekm_consistent_v1_2b88b20cd9b6_seed_44,2b88b20cd9b6ab9268889294ab249f6a1e5fb71b3e5ee88d2e8fde10ebe63a10,-95.1565,-269.99277,-237.43854,1350.6798,-537.1619,313.02148,1282.6013,-437.68698,231.46118,1781.5007,3
3209,mvdec_dekm_consistent_v1,airpollution_mvdec_dekm_consistent_v1_2b88b20cd9b6_seed_44,2b88b20cd9b6ab9268889294ab249f6a1e5fb71b3e5ee88d2e8fde10ebe63a10,-122.027985,-346.23083,-304.48865,1732.0297,-688.8356,401.40494,1644.7476,-561.2654,296.80225,2284.5068,3
3210,mvdec_dekm_consistent_v1,airpollution_mvdec_dekm_consistent_v1_2b88b20cd9b6_seed_44,2b88b20cd9b6ab9268889294ab249f6a1e5fb71b3e5ee88d2e8fde10ebe63a10,-146.0351,-414.34247,-364.3916,2072.7297,-824.34155,480.367,1968.2909,-671.67096,355.17847,2733.8958,3
3211,mvdec_dekm_consistent_v1,airpollution_mvdec_dekm_consistent_v1_2b88b20cd9b6_seed_44,2b88b20cd9b6ab9268889294ab249f6a1e5fb71b3e5ee88d2e8fde10ebe63a10,-130.29076,-369.67355,-325.10638,1849.2911,-735.4741,428.58215,1756.1049,-599.26483,316.89398,2439.1777,3
3212,mvdec_dekm_consistent_v1,airpollution_mvdec_dekm_consistent_v1_2b88b20cd9b6_seed_44,2b88b20cd9b6ab9268889294ab249f6a1e5fb71b3e5ee88d2e8fde10ebe63a10,-114.99472,-326.2763,-286.93973,1632.2145,-649.1368,378.2716,1549.9597,-528.9202,279.69965,2152.8503,3
3213,mvdec_dekm_consistent_v1,airpollution_mvdec_dekm_consistent_v1_2b88b20cd9b6_seed_44,2b88b20cd9b6ab9268889294ab249f6a1e5fb71b3e5ee88d2e8fde10ebe63a10,-107.269005,-304.35715,-267.66266,1522.5731,-605.5291,352.8606,1445.8395,-493.3905,260.91354,2008.2318,3
3214,mvdec_dekm_consistent_v1,airpollution_mvdec_dekm_consistent_v1_2b88b20cd9b6_seed_44,2b88b20cd9b6ab9268889294ab249f6a1e5fb71b3e5ee88d2e8fde10ebe63a10,-108.0196,-306.48627,-269.53564,1533.224,-609.765,355.32904,1455.9537,-496.84198,262.73853,2022.2806,3
3215,mvdec_dekm_consistent_v1,airpollution_mvdec_dekm_consistent_v1_2b88b20cd9b6_seed_44,2b88b20cd9b6ab9268889294ab249f6a1e5fb71b3e5ee88d2e8fde10ebe63a10,-117.84487,-334.3616,-294.05194,1672.6597,-665.2222,387.6452,1588.3671,-542.02673,286.6298,2206.1982,3
3216,mvdec_dekm_consistent_v1,airpollution_mvdec_dekm_consistent_v1_2b88b20cd9b6_seed_44,2b88b20cd9b6ab9268889294ab249f6a1e5fb71b3e5ee88d2e8fde10ebe63a10,-134.30003,-381.04688,-335.11115,1906.1842,-758.10126,441.76788,1810.1316,-617.70166,326.6425,2514.2205,3
3217,mvdec_dekm_consistent_v1,airpollution_mvdec_dekm_consistent_v1_2b88b20cd9b6_seed_44,2b88b20cd9b6ab9268889294ab249f6a1e5fb71b3e5ee88d2e8fde10ebe63a10,-149.70673,-424.75827,-373.55444,2124.8328,-845.06384,492.44275,2017.7697,-688.5558,364.10596,2802.621,3
3218,mvdec_dekm_consistent_v1,airpollution_mvdec_dekm_consistent_v1_2b88b20cd9b6_seed_44,2b88b20cd9b6ab9268889294ab249f6a1e5fb71b3e5ee88d2e8fde10ebe63a10,-147.56572,-418.6849,-368.21283,2094.4521,-832.9811,485.40167,1988.9198,-678.71106,358.9005,2762.5496,3
3219,mvdec_dekm_consistent_v1,airpollution_mvdec_dekm_consistent_v1_2b88b20cd9b6_seed_44,2b88b20cd9b6ab9268889294ab249f6a1e5fb71b3e5ee88d2e8fde10ebe63a10,-151.27716,-429.21555,-377.47418,2147.1274,-853.93164,497.60974,2038.9431,-695.78076,367.92593,2832.029,3
3220,mvdec_dekm_consistent_v1,airpollution_mvdec_dekm_consistent_v1_2b88b20cd9b6_seed_44,2b88b20cd9b6ab9268889294ab249f6a1e5fb71b3e5ee88d2e8fde10ebe63a10,-5.9552574,-16.915539,-14.867178,84.78001,-33.67841,19.630575,80.44894,-27.467405,14.561712,111.76175,3
3221,mvdec_dekm_consistent_v1,airpollution_mvdec_dekm_consistent_v1_2b88b20cd9b6_seed_44,2b88b20cd9b6ab9268889294ab249f6a1e5fb71b3e5ee88d2e8fde10ebe63a10,-11.294725,-32.066006,-28.19078,160.56387,-63.819386,37.19478,152.41704,-52.025204,27.546112,211.72125,3
3222,mvdec_dekm_consistent_v1,airpollution_mvdec_dekm_consistent_v1_2b88b20cd9b6_seed_44,2b88b20cd9b6ab9268889294ab249f6a1e5fb71b3e5ee88d2e8fde10ebe63a10,-3.6778948,-10.455888,-9.185824,52.476086,-20.828417,12.143421,49.770756,-16.998457,9.026676,69.150475,3
3223,mvdec_dekm_consistent_v1,airpollution_mvdec_dekm_consistent_v1_2b88b20cd9b6_seed_44,2b88b20cd9b6ab9268889294ab249f6a1e5fb71b3e5ee88d2e8fde10ebe63a10,-4.636773,-13.177678,-11.578105,66.08439,-26.241653,15.297561,62.695713,-21.408503,11.357436,87.10116,3
3224,mvdec_dekm_consistent_v1,airpollution_mvdec_dekm_consistent_v1_2b88b20cd9b6_seed_44,2b88b20cd9b6ab9268889294ab249f6a1e5fb71b3e5ee88d2e8fde10ebe63a10,-6.1564927,-17.489014,-15.369338,87.64252,-34.81735,20.294355,83.169876,-28.395033,15.050767,115.53829,3
3225,mvdec_dekm_consistent_v1,airpollution_mvdec_dekm_consistent_v1_2b88b20cd9b6_seed_44,2b88b20cd9b6ab9268889294ab249f6a1e5fb71b3e5ee88d2e8fde10ebe63a10,-6.3049493,-17.909391,-15.738844,89.73863,-35.652275,20.780369,85.16187,-29.074863,15.409405,118.30458,3
3226,mvdec_dekm_consistent_v1,airpollution_mvdec_dekm_consistent_v1_2b88b20cd9b6_seed_44,2b88b20cd9b6ab9268889294ab249f6a1e5fb71b3e5ee88d2e8fde10ebe63a10,-5.1298294,-14.572903,-12.806711,73.0597,-29.017103,16.914356,69.31933,-23.669506,12.5531025,96.30277,3
3227,mvdec_dekm_consistent_v1,airpollution_mvdec_dekm_consistent_v1_2b88b20cd9b6_seed_44,2b88b20cd9b6ab9268889294ab249f6a1e5fb71b3e5ee88d2e8fde10ebe63a10,-1.6810453,-4.787307,-4.200923,24.111488,-9.548467,5.569733,22.835682,-7.8077703,4.165996,31.738947,3
3228,mvdec_dekm_consistent_v1,airpollution_mvdec_dekm_consistent_v1_2b88b20cd9b6_seed_44,2b88b20cd9b6ab9268889294ab249f6a1e5fb71b3e5ee88d2e8fde10ebe63a10,-0.56764776,-1.6275252,-1.4215477,8.303056,-3.2615085,1.9056654,7.824655,-2.6856985,1.4571221,10.88925,3
3229,mvdec_dekm_consistent_v1,airpollution_mvdec_dekm_consistent_v1_2b88b20cd9b6_seed_44,2b88b20cd9b6ab9268889294ab249f6a1e5fb71b3e5ee88d2e8fde10ebe63a10,-25.047874,-71.082275,-62.504997,355.7184,-141.43864,82.425545,337.74435,-115.26619,60.983463,469.13336,3
3230,mvdec_dekm_consistent_v1,airpollution_mvdec_dekm_consistent_v1_2b88b20cd9b6_seed_44,2b88b20cd9b6ab9268889294ab249f6a1e5fb71b3e5ee88d2e8fde10ebe63a10,-50.878803,-144.36868,-126.95757,722.2965,-287.2378,167.3857,685.8645,-234.05782,123.7926,952.6567,3
3231,mvdec_dekm_consistent_v1,airpollution_mvdec_dekm_consistent_v1_2b88b20cd9b6_seed_44,2b88b20cd9b6ab9268889294ab249f6a1e5fb71b3e5ee88d2e8fde10ebe63a10,-74.2489,-210.67218,-185.2707,1053.9556,-419.14752,244.2524,1000.8209,-341.53333,180.62018,1390.1193,3
3232,mvdec_dekm_consistent_v1,airpollution_mvdec_dekm_consistent_v1_2b88b20cd9b6_seed_44,2b88b20cd9b6ab9268889294ab249f6a1e5fb71b3e5ee88d2e8fde10ebe63a10,-103.02145,-292.30423,-257.06366,1462.2828,-581.551,338.88828,1388.5864,-473.8538,250.58324,1928.7096,3
3233,mvdec_dekm_consistent_v1,airpollution_mvdec_dekm_consistent_v1_2b88b20cd9b6_seed_44,2b88b20cd9b6ab9268889294ab249f6a1e5fb71b3e5ee88d2e8fde10ebe63a10,-133.58495,-379.01642,-333.32596,1896.029,-754.06323,439.41504,1800.4885,-614.41095,324.90274,2500.8262,3
3234,mvdec_dekm_consistent_v1,airpollution_mvdec_dekm_consistent_v1_2b88b20cd9b6_seed_44,2b88b20cd9b6ab9268889294ab249f6a1e5fb71b3e5ee88d2e8fde10ebe63a10,-128.5996,-364.87167,-320.88666,1825.2847,-725.9247,423.01886,1733.3041,-591.48505,312.78223,2407.5115,3
3235,mvdec_dekm_consistent_v1,airpollution_mvdec_dekm_consistent_v1_2b88b20cd9b6_seed_44,2b88b20cd9b6ab9268889294ab249f6a1e5fb71b3e5ee88d2e8fde10ebe63a10,-96.87031,-274.85208,-241.71544,1374.9948,-546.8325,318.6578,1305.6917,-445.56677,235.62814,1813.5732,3
3236,mvdec_dekm_consistent_v1,airpollution_mvdec_dekm_consistent_v1_2b88b20cd9b6_seed_44,2b88b20cd9b6ab9268889294ab249f6a1e5fb71b3e5ee88d2e8fde10ebe63a10,-66.4076,-188.42519,-165.70474,942.67926,-374.88892,218.46263,895.147,-305.473,161.55429,1243.3428,3
3237,mvdec_dekm_consistent_v1,airpollution_mvdec_dekm_consistent_v1_2b88b20cd9b6_seed_44,2b88b20cd9b6ab9268889294ab249f6a1e5fb71b3e5ee88d2e8fde10ebe63a10,-38.339153,-108.79062,-95.6676,544.3335,-216.45697,126.14041,516.8627,-176.38782,93.300446,717.9203,3
3238,mvdec_dekm_consistent_v1,airpollution_mvdec_dekm_consistent_v1_2b88b20cd9b6_seed_44,2b88b20cd9b6ab9268889294ab249f6a1e5fb71b3e5ee88d2e8fde10ebe63a10,-13.174027,-37.39211,-32.875305,187.19931,-74.414,43.368965,177.7109,-60.65652,32.109627,246.85406,3
3239,mvdec_dekm_consistent_v1,airpollution_mvdec_dekm_consistent_v1_2b88b20cd9b6_seed_44,2b88b20cd9b6ab9268889294ab249f6a1e5fb71b3e5ee88d2e8fde10ebe63a10,-19.98798,-56.726692,-49.878017,283.90436,-112.87762,65.78216,269.54926,-91.994736,48.677937,374.41104,3
3240,mvdec_dekm_consistent_v1,airpollution_mvdec_dekm_consistent_v1_2b88b20cd9b6_seed_44,2b88b20cd9b6ab9268889294ab249f6a1e5fb71b3e5ee88d2e8fde10ebe63a10,-43.902885,-124.57738,-109.55172,623.3026,-247.86539,144.44234,591.8554,-201.9782,106.83152,822.08185,3
3241,mvdec_dekm_consistent_v1,airpollution_mvdec_dekm_consistent_v1_2b88b20cd9b6_seed_44,2b88b20cd9b6ab9268889294ab249f6a1e5fb71b3e5ee88d2e8fde10ebe63a10,-43.027412,-122.0954,-107.36723,610.87933,-242.92586,141.56348,580.0613,-197.95299,104.70167,805.69745,3
3242,mvdec_dekm_consistent_v1,airpollution_mvdec_dekm_consistent_v1_2b88b20cd9b6_seed_44,2b88b20cd9b6ab9268889294ab249f6a1e5fb71b3e5ee88d2e8fde10ebe63a10,-37.93865,-107.65798,-94.67017,538.66315,-214.20403,124.826546,511.48242,-174.55121,92.32821,710.4438,3
3243,mvdec_dekm_consistent_v1,airpollution_mvdec_dekm_consistent_v1_2b88b20cd9b6_seed_44,2b88b20cd9b6ab9268889294ab249f6a1e5fb71b3e5ee88d2e8fde10ebe63a10,-16.492054,-46.814186,-41.157547,234.31482,-93.15826,54.28955,222.46278,-75.92563,40.179977,309.0053,3
3244,mvdec_dekm_consistent_v1,airpollution_mvdec_dekm_consistent_v1_2b88b20cd9b6_seed_44,2b88b20cd9b6ab9268889294ab249f6a1e5fb71b3e5ee88d2e8fde10ebe63a10,-6.5603986,-18.63364,-16.373865,93.34809,-37.091152,21.618704,88.59564,-30.245356,16.026464,123.06942,3
3245,mvdec_dekm_consistent_v1,airpollution_mvdec_dekm_consistent_v1_2b88b20cd9b6_seed_44,2b88b20cd9b6ab9268889294ab249f6a1e5fb71b3e5ee88d2e8fde10ebe63a10,-24.889042,-70.63695,-62.10926,353.47513,-140.55165,81.90707,335.6227,-114.54019,60.596565,466.17972,3
3246,mvdec_dekm_consistent_v1,airpollution_mvdec_dekm_consistent_v1_2b88b20cd9b6_seed_44,2b88b20cd9b6ab9268889294ab249f6a1e5fb71b3e5ee88d2e8fde10ebe63a10,-50.38546,-142.97015,-125.72714,715.298,-284.4565,165.7644,679.22205,-231.79066,122.59317,943.4279,3
3247,mvdec_dekm_consistent_v1,airpollution_mvdec_dekm_consistent_v1_2b88b20cd9b6_seed_44,2b88b20cd9b6ab9268889294ab249f6a1e5fb71b3e5ee88d2e8fde10ebe63a10,-55.318916,-156.96811,-138.03748,785.3155,-312.3037,181.99158,745.713,-254.47981,134.59013,1035.7814,3
3248,mvdec_dekm_consistent_v1,airpollution_mvdec_dekm_consistent_v1_2b88b20cd9b6_seed_44,2b88b20cd9b6ab9268889294ab249f6a1e5fb71b3e5ee88d2e8fde10ebe63a10,-47.8317,-135.72539,-119.35547,679.061,-270.0433,157.36548,644.8086,-220.04759,116.384514,895.6298,3
3249,mvdec_dekm_consistent_v1,airpollution_mvdec_dekm_consistent_v1_2b88b20cd9b6_seed_44,2b88b20cd9b6ab9268889294ab249f6a1e5fb71b3e5ee88d2e8fde10ebe63a10,-44.8823,-127.358376,-111.99609,637.20374,-253.39471,147.66429,605.05927,-206.48329,109.21242,840.41956,3
3250,mvdec_dekm_consistent_v1,airpollution_mvdec_dekm_consistent_v1_2b88b20cd9b6_seed_44,2b88b20cd9b6ab9268889294ab249f6a1e5fb71b3e5ee88d2e8fde10ebe63a10,-26.492374,-75.18547,-66.11035,376.2316,-149.60034,87.180405,357.22986,-121.91381,64.496544,496.1937,3
3251,mvdec_dekm_consistent_v1,airpollution_mvdec_dekm_consistent_v1_2b88b20cd9b6_seed_44,2b88b20cd9b6ab9268889294ab249f6a1e5fb71b3e5ee88d2e8fde10ebe63a10,-5.7076015,-16.216562,-14.245769,81.26997,-32.284355,18.81727,77.11829,-26.32847,13.958044,107.13143,3
3252,mvdec_dekm_consistent_v1,airpollution_mvdec_dekm_consistent_v1_2b88b20cd9b6_seed_44,2b88b20cd9b6ab9268889294ab249f6a1e5fb71b3e5ee88d2e8fde10ebe63a10,-36.35153,-103.15759,-90.709755,516.15857,-205.25108,119.60921,490.10565,-167.25606,88.47281,680.7549,3
3253,mvdec_dekm_consistent_v1,airpollution_mvdec_dekm_consistent_v1_2b88b20cd9b6_seed_44,2b88b20cd9b6ab9268889294ab249f6a1e5fb71b3e5ee88d2e8fde10ebe63a10,-44.51759,-126.322784,-111.08538,632.0367,-251.33722,146.46547,600.14655,-204.80717,108.32881,833.5992,3
3254,mvdec_dekm_consistent_v1,airpollution_mvdec_dekm_consistent_v1_2b88b20cd9b6_seed_44,2b88b20cd9b6ab9268889294ab249f6a1e5fb71b3e5ee88d2e8fde10ebe63a10,-55.122158,-156.40906,-137.54622,782.5327,-311.19437,181.34532,743.0645,-253.57646,134.11508,1032.1062,3
3255,mvdec_dekm_consistent_v1,airpollution_mvdec_dekm_consistent_v1_2b88b20cd9b6_seed_44,2b88b20cd9b6ab9268889294ab249f6a1e5fb71b3e5ee88d2e8fde10ebe63a10,-71.03741,-201.5623,-177.259,1008.3989,-401.0254,233.69244,957.55334,-326.76883,172.81683,1330.0254,3
3256,mvdec_dekm_consistent_v1,airpollution_mvdec_dekm_consistent_v1_2b88b20cd9b6_seed_44,2b88b20cd9b6ab9268889294ab249f6a1e5fb71b3e5ee88d2e8fde10ebe63a10,-44.09078,-125.1111,-110.02049,625.97473,-248.92726,145.06105,594.39136,-202.84348,107.289665,825.60474,3
3257,mvdec_dekm_consistent_v1,airpollution_mvdec_dekm_consistent_v1_2b88b20cd9b6_seed_44,2b88b20cd9b6ab9268889294ab249f6a1e5fb71b3e5ee88d2e8fde10ebe63a10,-21.464188,-60.91649,-53.562565,304.87057,-121.214424,70.64067,289.45688,-98.78785,52.271072,402.06296,3
3258,mvdec_dekm_consistent_v1,airpollution_mvdec_dekm_consistent_v1_2b88b20cd9b6_seed_44,2b88b20cd9b6ab9268889294ab249f6a1e5fb71b3e5ee88d2e8fde10ebe63a10,-6.05861,-17.208614,-15.121438,86.23515,-34.25785,19.968788,81.83334,-27.93845,14.809048,113.68143,3
3259,mvdec_dekm_consistent_v1,airpollution_mvdec_dekm_consistent_v1_2b88b20cd9b6_seed_44,2b88b20cd9b6ab9268889294ab249f6a1e5fb71b3e5ee88d2e8fde10ebe63a10,-39.244747,-111.3633,-97.9289,557.20483,-221.57509,129.12291,529.0853,-180.55827,95.50563,734.89655,3
3260,mvdec_dekm_consistent_v1,airpollution_mvdec_dekm_consistent_v1_2b88b20cd9b6_seed_44,2b88b20cd9b6ab9268889294ab249f6a1e5fb71b3e5ee88d2e8fde10ebe63a10,-72.47818,-205.65073,-180.85306,1028.8347,-409.15594,238.42973,976.96533,-333.39264,176.31538,1356.9843,3
3261,mvdec_dekm_consistent_v1,airpollution_mvdec_dekm_consistent_v1_2b88b20cd9b6_seed_44,2b88b20cd9b6ab9268889294ab249f6a1e5fb71b3e5ee88d2e8fde10ebe63a10,-102.77904,-291.6191,-256.46082,1458.8633,-580.1888,338.09482,1385.3367,-472.7448,249.99788,1924.1968,3
3262,mvdec_dekm_consistent_v1,airpollution_mvdec_dekm_consistent_v1_2b88b20cd9b6_seed_44,2b88b20cd9b6ab9268889294ab249f6a1e5fb71b3e5ee88d2e8fde10ebe63a10,-116.3855,-330.22345,-290.41238,1651.9655,-656.99097,382.84888,1568.7151,-535.3206,283.08435,2178.9019,3
3263,mvdec_dekm_consistent_v1,airpollution_mvdec_dekm_consistent_v1_2b88b20cd9b6_seed_44,2b88b20cd9b6ab9268889294ab249f6a1e5fb71b3e5ee88d2e8fde10ebe63a10,-104.58003,-296.72977,-260.95648,1484.4335,-590.3585,344.0206,1409.6184,-481.03094,254.38,1957.9236,3
3264,mvdec_dekm_consistent_v1,airpollution_mvdec_dekm_consistent_v1_2b88b20cd9b6_seed_44,2b88b20cd9b6ab9268889294ab249f6a1e5fb71b3e5ee88d2e8fde10ebe63a10,-101.93652,-289.23093,-254.36044,1446.9137,-575.4377,335.32507,1373.9911,-468.87338,247.95029,1908.437,3
3265,mvdec_dekm_consistent_v1,airpollution_mvdec_dekm_consistent_v1_2b88b20cd9b6_seed_44,2b88b20cd9b6ab9268889294ab249f6a1e5fb71b3e5ee88d2e8fde10ebe63a10,-108.46202,-307.74457,-270.64365,1539.5247,-612.27106,356.7887,1461.9374,-498.8843,263.81897,2030.5917,3
3266,mvdec_dekm_consistent_v1,airpollution_mvdec_dekm_consistent_v1_2b88b20cd9b6_seed_44,2b88b20cd9b6ab9268889294ab249f6a1e5fb71b3e5ee88d2e8fde10ebe63a10,-122.20029,-346.72287,-304.9231,1734.4913,-689.8152,401.9752,1647.0876,-562.0645,297.2241,2287.757,3
3267,mvdec_dekm_consistent_v1,airpollution_mvdec_dekm_consistent_v1_2b88b20cd9b6_seed_44,2b88b20cd9b6ab9268889294ab249f6a1e5fb71b3e5ee88d2e8fde10ebe63a10,-104.89363,-297.62137,-261.73944,1488.8823,-592.12946,345.0516,1413.8461,-482.4736,255.14099,1963.7943,3
3268,mvdec_dekm_consistent_v1,airpollution_mvdec_dekm_consistent_v1_2b88b20cd9b6_seed_44,2b88b20cd9b6ab9268889294ab249f6a1e5fb71b3e5ee88d2e8fde10ebe63a10,-71.72989,-203.53046,-178.98856,1018.2298,-404.93826,235.9715,966.89545,-329.95657,174.4983,1342.997,3
3269,mvdec_dekm_consistent_v1,airpollution_mvdec_dekm_consistent_v1_2b88b20cd9b6_seed_44,2b88b20cd9b6ab9268889294ab249f6a1e5fb71b3e5ee88d2e8fde10ebe63a10,-38.645115,-109.66301,-96.434746,548.6989,-218.1926,127.15104,521.0083,-177.80275,94.0484,723.67834,3
3270,mvdec_dekm_consistent_v1,airpollution_mvdec_dekm_consistent_v1_2b88b20cd9b6_seed_44,2b88b20cd9b6ab9268889294ab249f6a1e5fb71b3e5ee88d2e8fde10ebe63a10,-6.1642303,-17.50896,-15.38693,87.73637,-34.85546,20.316345,83.25943,-28.42579,15.066458,115.66294,3
3271,mvdec_dekm_consistent_v1,airpollution_mvdec_dekm_consistent_v1_2b88b20cd9b6_seed_44,2b88b20cd9b6ab9268889294ab249f6a1e5fb71b3e5ee88d2e8fde10ebe63a10,-16.34774,-46.401108,-40.796875,232.25589,-92.33499,53.81111,220.50143,-75.25796,39.82839,306.286,3
3272,mvdec_dekm_consistent_v1,airpollution_mvdec_dekm_consistent_v1_2b88b20cd9b6_seed_44,2b88b20cd9b6ab9268889294ab249f6a1e5fb71b3e5ee88d2e8fde10ebe63a10,-8.133135,-23.094616,-20.298557,115.67139,-45.96674,26.791183,109.789085,-37.478382,19.8522,152.51038,3
3273,mvdec_dekm_consistent_v1,airpollution_mvdec_dekm_consistent_v1_2b88b20cd9b6_seed_44,2b88b20cd9b6ab9268889294ab249f6a1e5fb71b3e5ee88d2e8fde10ebe63a10,-39.789272,-112.90701,-99.287544,564.9233,-224.64594,130.9119,536.41595,-183.06021,96.82809,745.0786,3
3274,mvdec_dekm_consistent_v1,airpollution_mvdec_dekm_consistent_v1_2b88b20cd9b6_seed_44,2b88b20cd9b6ab9268889294ab249f6a1e5fb71b3e5ee88d2e8fde10ebe63a10,-27.141157,-77.02289,-67.72725,385.4232,-153.25455,89.310524,365.95673,-124.89257,66.07156,508.31628,3
3275,mvdec_dekm_consistent_v1,airpollution_mvdec_dekm_consistent_v1_2b88b20cd9b6_seed_44,2b88b20cd9b6ab9268889294ab249f6a1e5fb71b3e5ee88d2e8fde10ebe63a10,-4.1635456,-11.830601,-10.392688,59.336338,-23.559526,13.734632,56.289047,-19.222017,10.200377,78.20166,3
3276,mvdec_dekm_consistent_v1,airpollution_mvdec_dekm_consistent_v1_2b88b20cd9b6_seed_44,2b88b20cd9b6ab9268889294ab249f6a1e5fb71b3e5ee88d2e8fde10ebe63a10,-21.605356,-61.317272,-53.913773,306.86032,-122.00867,71.10268,291.35135,-99.43398,52.61024,404.69135,3
3277,mvdec_dekm_consistent_v1,airpollution_mvdec_dekm_consistent_v1_2b88b20cd9b6_seed_44,2b88b20cd9b6ab9268889294ab249f6a1e5fb71b3e5ee88d2e8fde10ebe63a10,-50.301174,-142.7314,-125.51595,714.10724,-283.98077,165.48795,678.0884,-231.40355,122.38919,941.8545,3
3278,mvdec_dekm_consistent_v1,airpollution_mvdec_dekm_consistent_v1_2b88b20cd9b6_seed_44,2b88b20cd9b6ab9268889294ab249f6a1e5fb71b3e5ee88d2e8fde10ebe63a10,-75.03694,-212.90976,-187.23624,1065.1406,-423.59732,246.8449,1011.4451,-345.158,182.53555,1404.8734,3
3279,mvdec_dekm_consistent_v1,airpollution_mvdec_dekm_consistent_v1_2b88b20cd9b6_seed_44,2b88b20cd9b6ab9268889294ab249f6a1e5fb71b3e5ee88d2e8fde10ebe63a10,-101.356865,-287.58292,-252.90984,1438.6632,-572.1571,333.41403,1366.1572,-466.19955,246.53583,1897.5552,3
3280,mvdec_dekm_consistent_v1,airpollution_mvdec_dekm_consistent_v1_2b88b20cd9b6_seed_44,2b88b20cd9b6ab9268889294ab249f6a1e5fb71b3e5ee88d2e8fde10ebe63a10,-115.543205,-327.83087,-288.30743,1639.9882,-652.2293,380.0739,1557.3431,-531.43976,281.0313,2163.1052,3
3281,mvdec_dekm_consistent_v1,airpollution_mvdec_dekm_consistent_v1_2b88b20cd9b6_seed_44,2b88b20cd9b6ab9268889294ab249f6a1e5fb71b3e5ee88d2e8fde10ebe63a10,-104.089226,-295.3341,-259.72745,1477.4364,-587.57794,342.40024,1402.977,-478.76413,253.17932,1948.6969,3
3282,mvdec_dekm_consistent_v1,airpollution_mvdec_dekm_consistent_v1_2b88b20cd9b6_seed_44,2b88b20cd9b6ab9268889294ab249f6a1e5fb71b3e5ee88d2e8fde10ebe63a10,-84.66174,-240.21529,-211.25186,1201.7268,-477.92075,278.50073,1141.152,-389.4193,205.93875,1585.0323,3
3283,mvdec_dekm_consistent_v1,airpollution_mvdec_dekm_consistent_v1_2b88b20cd9b6_seed_44,2b88b20cd9b6ab9268889294ab249f6a1e5fb71b3e5ee88d2e8fde10ebe63a10,-74.36808,-211.0116,-185.5675,1055.6461,-419.82095,244.64453,1002.4286,-342.08142,180.90884,1392.3503,3
3284,mvdec_dekm_consistent_v1,airpollution_mvdec_dekm_consistent_v1_2b88b20cd9b6_seed_44,2b88b20cd9b6ab9268889294ab249f6a1e5fb71b3e5ee88d2e8fde10ebe63a10,-75.41988,-213.9964,-188.1924,1070.5746,-425.75922,248.10464,1016.6069,-346.91943,183.46645,1412.0425,3
3285,mvdec_dekm_consistent_v1,airpollution_mvdec_dekm_consistent_v1_2b88b20cd9b6_seed_44,2b88b20cd9b6ab9268889294ab249f6a1e5fb71b3e5ee88d2e8fde10ebe63a10,-88.55341,-251.25873,-220.96362,1256.9633,-499.8916,291.30298,1193.6104,-407.31973,215.4025,1657.8922,3
3286,mvdec_dekm_consistent_v1,airpollution_mvdec_dekm_consistent_v1_2b88b20cd9b6_seed_44,2b88b20cd9b6ab9268889294ab249f6a1e5fb71b3e5ee88d2e8fde10ebe63a10,-107.609024,-305.32278,-268.51175,1527.396,-607.45044,353.9796,1450.425,-494.95493,261.73886,2014.5977,3
3287,mvdec_dekm_consistent_v1,airpollution_mvdec_dekm_consistent_v1_2b88b20cd9b6_seed_44,2b88b20cd9b6ab9268889294ab249f6a1e5fb71b3e5ee88d2e8fde10ebe63a10,-117.13651,-332.35373,-292.2849,1662.6066,-661.22784,385.31674,1578.8276,-538.7707,284.90598,2192.9429,3
3288,mvdec_dekm_consistent_v1,airpollution_mvdec_dekm_consistent_v1_2b88b20cd9b6_seed_44,2b88b20cd9b6ab9268889294ab249f6a1e5fb71b3e5ee88d2e8fde10ebe63a10,-114.386795,-324.55203,-285.42368,1623.5814,-645.7066,376.27225,1541.7677,-526.1244,278.21927,2141.4683,3
3289,mvdec_dekm_consistent_v1,airpollution_mvdec_dekm_consistent_v1_2b88b20cd9b6_seed_44,2b88b20cd9b6ab9268889294ab249f6a1e5fb71b3e5ee88d2e8fde10ebe63a10,-118.839325,-337.1842,-296.53345,1686.7684,-670.8377,390.91675,1601.7726,-546.6005,289.04593,2224.8127,3
3290,mvdec_dekm_consistent_v1,airpollution_mvdec_dekm_consistent_v1_2b88b20cd9b6_seed_44,2b88b20cd9b6ab9268889294ab249f6a1e5fb71b3e5ee88d2e8fde10ebe63a10,-3.5819638,-10.181705,-8.943018,51.08333,-20.279966,11.822457,48.45586,-16.549032,8.786133,67.31947,3
3291,mvdec_dekm_consistent_v1,airpollution_mvdec_dekm_consistent_v1_2b88b20cd9b6_seed_44,2b88b20cd9b6ab9268889294ab249f6a1e5fb71b3e5ee88d2e8fde10ebe63a10,-18.075905,-51.305042,-45.10916,256.78683,-102.0932,59.49756,243.80008,-83.20752,44.031464,338.64398,3
3292,mvdec_dekm_consistent_v1,airpollution_mvdec_dekm_consistent_v1_2b88b20cd9b6_seed_44,2b88b20cd9b6ab9268889294ab249f6a1e5fb71b3e5ee88d2e8fde10ebe63a10,-30.386814,-86.23256,-75.8281,431.50186,-171.58115,99.98995,409.71466,-139.82436,73.96806,569.09424,3
3293,mvdec_dekm_consistent_v1,airpollution_mvdec_dekm_consistent_v1_2b88b20cd9b6_seed_44,2b88b20cd9b6ab9268889294ab249f6a1e5fb71b3e5ee88d2e8fde10ebe63a10,-30.900608,-87.69014,-77.109726,438.79037,-174.48007,101.679276,416.63654,-142.18631,75.21651,578.7082,3
3294,mvdec_dekm_consistent_v1,airpollution_mvdec_dekm_consistent_v1_2b88b20cd9b6_seed_44,2b88b20cd9b6ab9268889294ab249f6a1e5fb71b3e5ee88d2e8fde10ebe63a10,-26.510906,-75.23581,-66.15642,376.49213,-149.70245,87.24086,357.47577,-121.99833,64.54212,496.536,3
3295,mvdec_dekm_consistent_v1,airpollution_mvdec_dekm_consistent_v1_2b88b20cd9b6_seed_44,2b88b20cd9b6ab9268889294ab249f6a1e5fb71b3e5ee88d2e8fde10ebe63a10,-37.342293,-105.96579,-93.18259,530.2003,-210.83759,122.86496,503.44492,-171.80882,90.87834,699.2808,3
3296,mvdec_dekm_consistent_v1,airpollution_mvdec_dekm_consistent_v1_2b88b20cd9b6_seed_44,2b88b20cd9b6ab9268889294ab249f6a1e5fb71b3e5ee88d2e8fde10ebe63a10,-37.110683,-105.308495,-92.6024,526.919,-209.52931,122.10295,500.32263,-170.74309,90.317154,694.94696,3
3297,mvdec_dekm_consistent_v1,airpollution_mvdec_dekm_consistent_v1_2b88b20cd9b6_seed_44,2b88b20cd9b6ab9268889294ab249f6a1e5fb71b3e5ee88d2e8fde10ebe63a10,-31.295513,-88.81023,-78.09255,444.3915,-176.70653,102.976326,421.95236,-144.00002,76.1765,586.093,3
3298,mvdec_dekm_consistent_v1,airpollution_mvdec_dekm_consistent_v1_2b88b20cd9b6_seed_44,2b88b20cd9b6ab9268889294ab249f6a1e5fb71b3e5ee88d2e8fde10ebe63a10,-18.245312,-51.78422,-45.529297,259.18387,-103.044624,60.05194,246.07188,-83.98288,44.44266,341.8021,3
3299,mvdec_dekm_consistent_v1,airpollution_mvdec_dekm_consistent_v1_2b88b20cd9b6_seed_44,2b88b20cd9b6ab9268889294ab249f6a1e5fb71b3e5ee88d2e8fde10ebe63a10,-8.997961,-25.547537,-22.455324,127.94851,-50.848892,29.636192,121.4453,-41.45562,21.957077,168.70132,3
3300,mvdec_dekm_consistent_v1,airpollution_mvdec_dekm_consistent_v1_2b88b20cd9b6_seed_44,2b88b20cd9b6ab9268889294ab249f6a1e5fb71b3e5ee88d2e8fde10ebe63a10,-28.734905,-81.54606,-71.70361,408.0491,-162.25395,94.5542,387.44366,-132.2241,69.94857,538.15967,3
3301,mvdec_dekm_consistent_v1,airpollution_mvdec_dekm_consistent_v1_2b88b20cd9b6_seed_44,2b88b20cd9b6ab9268889294ab249f6a1e5fb71b3e5ee88d2e8fde10ebe63a10,-59.880817,-169.91063,-149.41908,850.05774,-338.0527,196.99605,807.19293,-275.45905,145.68332,1121.1754,3
3302,mvdec_dekm_consistent_v1,airpollution_mvdec_dekm_consistent_v1_2b88b20cd9b6_seed_44,2b88b20cd9b6ab9268889294ab249f6a1e5fb71b3e5ee88d2e8fde10ebe63a10,-90.13795,-255.75406,-224.91663,1279.4525,-508.8347,296.51453,1214.9642,-414.60657,219.25629,1687.5538,3
3303,mvdec_dekm_consistent_v1,airpollution_mvdec_dekm_consistent_v1_2b88b20cd9b6_seed_44,2b88b20cd9b6ab9268889294ab249f6a1e5fb71b3e5ee88d2e8fde10ebe63a10,-121.3503,-344.30704,-302.7983,1722.4069,-685.00916,399.17526,1635.6106,-558.1478,295.15366,2271.8162,3
3304,mvdec_dekm_consistent_v1,airpollution_mvdec_dekm_consistent_v1_2b88b20cd9b6_seed_44,2b88b20cd9b6ab9268889294ab249f6a1e5fb71b3e5ee88d2e8fde10ebe63a10,-140.71599,-399.24963,-351.12015,1997.2389,-794.31665,462.87128,1896.6012,-647.20825,342.24454,2634.323,3
3305,mvdec_dekm_consistent_v1,airpollution_mvdec_dekm_consistent_v1_2b88b20cd9b6_seed_44,2b88b20cd9b6ab9268889294ab249f6a1e5fb71b3e5ee88d2e8fde10ebe63a10,-112.15079,-318.20618,-279.8448,1591.856,-633.0841,368.9177,1511.6313,-515.8419,272.7859,2099.6162,3
3306,mvdec_dekm_consistent_v1,airpollution_mvdec_dekm_consistent_v1_2b88b20cd9b6_seed_44,2b88b20cd9b6ab9268889294ab249f6a1e5fb71b3e5ee88d2e8fde10ebe63a10,-84.63846,-240.14995,-211.19623,1201.4121,-477.79382,278.4267,1140.8495,-389.31677,205.88654,1584.6151,3
3307,mvdec_dekm_consistent_v1,airpollution_mvdec_dekm_consistent_v1_2b88b20cd9b6_seed_44,2b88b20cd9b6ab9268889294ab249f6a1e5fb71b3e5ee88d2e8fde10ebe63a10,-53.54995,-151.9489,-133.62431,760.2185,-302.31967,176.1739,721.8754,-246.3463,130.29095,1002.6753,3
3308,mvdec_dekm_consistent_v1,airpollution_mvdec_dekm_consistent_v1_2b88b20cd9b6_seed_44,2b88b20cd9b6ab9268889294ab249f6a1e5fb71b3e5ee88d2e8fde10ebe63a10,-23.734404,-67.35946,-59.229183,337.09354,-134.03168,78.108536,320.0593,-109.23087,57.79174,444.5676,3
3309,mvdec_dekm_consistent_v1,airpollution_mvdec_dekm_consistent_v1_2b88b20cd9b6_seed_44,2b88b20cd9b6ab9268889294ab249f6a1e5fb71b3e5ee88d2e8fde10ebe63a10,-3.4433863,-9.791034,-8.598918,49.13303,-19.501959,11.369009,46.600494,-15.916223,8.452351,64.74438,3
3310,mvdec_dekm_consistent_v1,airpollution_mvdec_dekm_consistent_v1_2b88b20cd9b6_seed_44,2b88b20cd9b6ab9268889294ab249f6a1e5fb71b3e5ee88d2e8fde10ebe63a10,-12.603149,-35.779922,-31.455227,179.13068,-71.20587,41.497993,170.05208,-58.042507,30.726286,236.21318,3
3311,mvdec_dekm_consistent_v1,airpollution_mvdec_dekm_consistent_v1_2b88b20cd9b6_seed_44,2b88b20cd9b6ab9268889294ab249f6a1e5fb71b3e5ee88d2e8fde10ebe63a10,-10.589834,-30.068708,-26.431696,150.55995,-59.84287,34.876316,142.92114,-48.784218,25.830498,198.5287,3
3312,mvdec_dekm_consistent_v1,airpollution_mvdec_dekm_consistent_v1_2b88b20cd9b6_seed_44,2b88b20cd9b6ab9268889294ab249f6a1e5fb71b3e5ee88d2e8fde10ebe63a10,-10.181112,-28.909122,-25.41204,144.76071,-57.535973,33.532066,137.41331,-46.90485,24.83698,190.87901,3
3313,mvdec_dekm_consistent_v1,airpollution_mvdec_dekm_consistent_v1_2b88b20cd9b6_seed_44,2b88b20cd9b6ab9268889294ab249f6a1e5fb71b3e5ee88d2e8fde10ebe63a10,-8.637365,-24.531517,-21.56093,122.86346,-48.82769,28.457008,116.61903,-39.80847,21.084698,161.9963,3
3314,mvdec_dekm_consistent_v1,airpollution_mvdec_dekm_consistent_v1_2b88b20cd9b6_seed_44,2b88b20cd9b6ab9268889294ab249f6a1e5fb71b3e5ee88d2e8fde10ebe63a10,-30.813486,-87.448166,-76.89539,437.57794,-173.99725,101.396675,415.4837,-141.7928,75.0086,577.10803,3
3315,mvdec_dekm_consistent_v1,airpollution_mvdec_dekm_consistent_v1_2b88b20cd9b6_seed_44,2b88b20cd9b6ab9268889294ab249f6a1e5fb71b3e5ee88d2e8fde10ebe63a10,-51.057682,-144.88199,-127.40811,724.87024,-288.26138,167.98096,688.3075,-234.89116,124.23402,956.05035,3
3316,mvdec_dekm_consistent_v1,airpollution_mvdec_dekm_consistent_v1_2b88b20cd9b6_seed_44,2b88b20cd9b6ab9268889294ab249f6a1e5fb71b3e5ee88d2e8fde10ebe63a10,-71.77331,-203.65181,-179.09631,1018.84204,-405.1812,236.1134,967.47504,-330.15457,174.6041,1343.8035,3
3317,mvdec_dekm_consistent_v1,airpollution_mvdec_dekm_consistent_v1_2b88b20cd9b6_seed_44,2b88b20cd9b6ab9268889294ab249f6a1e5fb71b3e5ee88d2e8fde10ebe63a10,-85.743286,-243.28642,-213.95421,1217.0986,-484.03256,282.06198,1155.7468,-394.4002,208.57422,1605.3062,3
3318,mvdec_dekm_consistent_v1,airpollution_mvdec_dekm_consistent_v1_2b88b20cd9b6_seed_44,2b88b20cd9b6ab9268889294ab249f6a1e5fb71b3e5ee88d2e8fde10ebe63a10,-81.00386,-229.84001,-202.12767,1149.8346,-457.28036,266.4729,1091.8713,-372.60306,197.04845,1516.5848,3
3319,mvdec_dekm_consistent_v1,airpollution_mvdec_dekm_consistent_v1_2b88b20cd9b6_seed_44,2b88b20cd9b6ab9268889294ab249f6a1e5fb71b3e5ee88d2e8fde10ebe63a10,-56.44672,-160.16829,-140.8521,801.32715,-318.669,185.7013,760.9141,-259.66748,137.33435,1056.8982,3
3320,mvdec_dekm_consistent_v1,airpollution_mvdec_dekm_consistent_v1_2b88b20cd9b6_seed_44,2b88b20cd9b6ab9268889294ab249f6a1e5fb71b3e5ee88d2e8fde10ebe63a10,-23.949718,-67.971695,-59.76601,340.1525,-135.24875,78.81763,322.96423,-110.22135,58.315342,448.6022,3
3321,mvdec_dekm_consistent_v1,airpollution_mvdec_dekm_consistent_v1_2b88b20cd9b6_seed_44,2b88b20cd9b6ab9268889294ab249f6a1e5fb71b3e5ee88d2e8fde10ebe63a10,-7.1830254,-20.399172,-17.927235,102.18768,-40.60354,23.666048,96.9841,-33.108482,17.542135,134.72467,3
3322,mvdec_dekm_consistent_v1,airpollution_mvdec_dekm_consistent_v1_2b88b20cd9b6_seed_44,2b88b20cd9b6ab9268889294ab249f6a1e5fb71b3e5ee88d2e8fde10ebe63a10,-40.262413,-114.26624,-100.480125,571.7517,-227.35107,132.48924,542.89294,-185.26653,98.003586,754.0759,3
3323,mvdec_dekm_consistent_v1,airpollution_mvdec_dekm_consistent_v1_2b88b20cd9b6_seed_44,2b88b20cd9b6ab9268889294ab249f6a1e5fb71b3e5ee88d2e8fde10ebe63a10,-72.897896,-206.84183,-181.90001,1034.7927,-411.5258,239.81064,982.62354,-335.32303,177.33669,1364.8428,3
3324,mvdec_dekm_consistent_v1,airpollution_mvdec_dekm_consistent_v1_2b88b20cd9b6_seed_44,2b88b20cd9b6ab9268889294ab249f6a1e5fb71b3e5ee88d2e8fde10ebe63a10,-84.34322,-239.31259,-210.45842,1197.2206,-476.12756,277.4555,1136.8701,-387.9584,205.16809,1579.0865,3
3325,mvdec_dekm_consistent_v1,airpollution_mvdec_dekm_consistent_v1_2b88b20cd9b6_seed_44,2b88b20cd9b6ab9268889294ab249f6a1e5fb71b3e5ee88d2e8fde10ebe63a10,-90.52211,-256.84293,-225.87628,1284.9104,-511.00323,297.77866,1220.1431,-416.3743,220.19354,1694.7502,3
3326,mvdec_dekm_consistent_v1,airpollution_mvdec_dekm_consistent_v1_2b88b20cd9b6_seed_44,2b88b20cd9b6ab9268889294ab249f6a1e5fb71b3e5ee88d2e8fde10ebe63a10,-63.758545,-180.91026,-159.09572,905.0906,-359.9388,209.75008,859.4502,-293.29218,155.11446,1193.762,3
3327,mvdec_dekm_consistent_v1,airpollution_mvdec_dekm_consistent_v1_2b88b20cd9b6_seed_44,2b88b20cd9b6ab9268889294ab249f6a1e5fb71b3e5ee88d2e8fde10ebe63a10,-31.449362,-89.24487,-78.47772,446.57413,-177.57368,103.48263,424.02377,-144.70755,76.551186,588.9717,3
3328,mvdec_dekm_consistent_v1,airpollution_mvdec_dekm_consistent_v1_2b88b20cd9b6_seed_44,2b88b20cd9b6ab9268889294ab249f6a1e5fb71b3e5ee88d2e8fde10ebe63a10,-2.0256925,-5.763971,-5.0586,28.990622,-11.490258,6.7013574,27.470768,-9.388759,5.0013475,38.175343,3
3329,mvdec_dekm_consistent_v1,airpollution_mvdec_dekm_consistent_v1_2b88b20cd9b6_seed_44,2b88b20cd9b6ab9268889294ab249f6a1e5fb71b3e5ee88d2e8fde10ebe63a10,-33.6757,-95.56067,-84.03238,478.16138,-190.13782,110.80408,454.02243,-154.94415,81.9627,630.6375,3
3330,mvdec_dekm_consistent_v1,airpollution_mvdec_dekm_consistent_v1_2b88b20cd9b6_seed_44,2b88b20cd9b6ab9268889294ab249f6a1e5fb71b3e5ee88d2e8fde10ebe63a10,-56.06015,-159.0693,-139.88596,795.82635,-316.48425,184.4279,755.6941,-257.88605,136.39088,1049.6453,3
3331,mvdec_dekm_consistent_v1,airpollution_mvdec_dekm_consistent_v1_2b88b20cd9b6_seed_44,2b88b20cd9b6ab9268889294ab249f6a1e5fb71b3e5ee88d2e8fde10ebe63a10,-77.21483,-219.08911,-192.67163,1096.0527,-435.89227,254.00992,1040.8021,-355.1756,187.83206,1445.6482,3
3332,mvdec_dekm_consistent_v1,airpollution_mvdec_dekm_consistent_v1_2b88b20cd9b6_seed_44,2b88b20cd9b6ab9268889294ab249f6a1e5fb71b3e5ee88d2e8fde10ebe63a10,-98.20174,-278.63184,-245.03868,1393.888,-554.35046,323.03735,1323.6395,-451.691,238.86377,1838.4984,3
3333,mvdec_dekm_consistent_v1,airpollution_mvdec_dekm_consistent_v1_2b88b20cd9b6_seed_44,2b88b20cd9b6ab9268889294ab249f6a1e5fb71b3e5ee88d2e8fde10ebe63a10,-117.25665,-332.69266,-292.58563,1664.3186,-661.9061,385.71307,1580.4482,-539.32434,285.20142,2195.1978,3
3334,mvdec_dekm_consistent_v1,airpollution_mvdec_dekm_consistent_v1_2b88b20cd9b6_seed_44,2b88b20cd9b6ab9268889294ab249f6a1e5fb71b3e5ee88d2e8fde10ebe63a10,-135.10085,-383.31903,-337.11053,1917.5511,-762.62445,444.4032,1820.9294,-621.38617,328.59042,2529.216,3
3335,mvdec_dekm_consistent_v1,airpollution_mvdec_dekm_consistent_v1_2b88b20cd9b6_seed_44,2b88b20cd9b6ab9268889294ab249f6a1e5fb71b3e5ee88d2e8fde10ebe63a10,-140.46834,-398.548,-350.50378,1993.7268,-792.9219,462.05807,1893.2698,-646.0713,341.64246,2629.6934,3
3336,mvdec_dekm_consistent_v1,airpollution_mvdec_dekm_consistent_v1_2b88b20cd9b6_seed_44,2b88b20cd9b6ab9268889294ab249f6a1e5fb71b3e5ee88d2e8fde10ebe63a10,-143.12596,-406.08972,-357.1349,2031.4445,-807.9244,470.79987,1929.0905,-658.29425,348.10397,2679.4453,3
3337,mvdec_dekm_consistent_v1,airpollution_mvdec_dekm_consistent_v1_2b88b20cd9b6_seed_44,2b88b20cd9b6ab9268889294ab249f6a1e5fb71b3e5ee88d2e8fde10ebe63a10,-111.250305,-315.65533,-277.59854,1579.0792,-628.007,365.95795,1499.5073,-511.7034,270.59424,2082.7695,3
3338,mvdec_dekm_consistent_v1,airpollution_mvdec_dekm_consistent_v1_2b88b20cd9b6_seed_44,2b88b20cd9b6ab9268889294ab249f6a1e5fb71b3e5ee88d2e8fde10ebe63a10,-80.32614,-227.9186,-200.43672,1140.2166,-453.45837,264.24493,1082.7429,-369.48758,195.39925,1503.9019,3
3339,mvdec_dekm_consistent_v1,airpollution_mvdec_dekm_consistent_v1_2b88b20cd9b6_seed_44,2b88b20cd9b6ab9268889294ab249f6a1e5fb71b3e5ee88d2e8fde10ebe63a10,-51.37854,-145.78941,-128.20668,729.4029,-290.06567,169.0327,692.6156,-236.36128,125.01022,962.03186,3
3340,mvdec_dekm_consistent_v1,airpollution_mvdec_dekm_consistent_v1_2b88b20cd9b6_seed_44,2b88b20cd9b6ab9268889294ab249f6a1e5fb71b3e5ee88d2e8fde10ebe63a10,-28.365835,-80.49971,-70.7854,402.8164,-160.17381,93.3418,382.4766,-130.5296,69.05208,531.26,3
3341,mvdec_dekm_consistent_v1,airpollution_mvdec_dekm_consistent_v1_2b88b20cd9b6_seed_44,2b88b20cd9b6ab9268889294ab249f6a1e5fb71b3e5ee88d2e8fde10ebe63a10,-16.22165,-46.045166,-40.482536,230.46852,-91.62689,53.397778,218.8091,-74.67969,39.52125,303.9316,3
3342,mvdec_dekm_consistent_v1,airpollution_mvdec_dekm_consistent_v1_2b88b20cd9b6_seed_44,2b88b20cd9b6ab9268889294ab249f6a1e5fb71b3e5ee88d2e8fde10ebe63a10,-29.166529,-82.77208,-72.78284,414.18277,-164.69402,95.97633,393.27072,-134.21251,70.99913,546.25195,3
3343,mvdec_dekm_consistent_v1,airpollution_mvdec_dekm_consistent_v1_2b88b20cd9b6_seed_44,2b88b20cd9b6ab9268889294ab249f6a1e5fb71b3e5ee88d2e8fde10ebe63a10,-53.010105,-150.41794,-132.27452,752.56555,-299.27347,174.39941,714.6039,-243.86386,128.9801,992.5758,3
3344,mvdec_dekm_consistent_v1,airpollution_mvdec_dekm_consistent_v1_2b88b20cd9b6_seed_44,2b88b20cd9b6ab9268889294ab249f6a1e5fb71b3e5ee88d2e8fde10ebe63a10,-49.744297,-141.15147,-124.12537,706.2133,-280.83807,163.6569,670.5861,-228.84341,121.03793,931.4368,3
3345,mvdec_dekm_consistent_v1,airpollution_mvdec_dekm_consistent_v1_2b88b20cd9b6_seed_44,2b88b20cd9b6ab9268889294ab249f6a1e5fb71b3e5ee88d2e8fde10ebe63a10,-24.021305,-68.17175,-59.941288,341.16022,-135.64713,79.050995,323.91776,-110.54668,58.48878,449.92758,3
3346,mvdec_dekm_consistent_v1,airpollution_mvdec_dekm_consistent_v1_2b88b20cd9b6_seed_44,2b88b20cd9b6ab9268889294ab249f6a1e5fb71b3e5ee88d2e8fde10ebe63a10,-5.7656927,-16.377556,-14.388799,82.07773,-32.604057,19.005041,77.88446,-26.590378,14.096744,108.196236,3
3347,mvdec_dekm_consistent_v1,airpollution_mvdec_dekm_consistent_v1_2b88b20cd9b6_seed_44,2b88b20cd9b6ab9268889294ab249f6a1e5fb71b3e5ee88d2e8fde10ebe63a10,-28.056427,-79.620155,-70.00967,398.4205,-158.42259,92.32254,378.29736,-129.10287,68.29904,525.4569,3
3348,mvdec_dekm_consistent_v1,airpollution_mvdec_dekm_consistent_v1_2b88b20cd9b6_seed_44,2b88b20cd9b6ab9268889294ab249f6a1e5fb71b3e5ee88d2e8fde10ebe63a10,-56.339207,-159.86224,-140.58093,799.7919,-318.06058,185.34631,759.45856,-259.16998,137.07025,1054.8738,3
3349,mvdec_dekm_consistent_v1,airpollution_mvdec_dekm_consistent_v1_2b88b20cd9b6_seed_44,2b88b20cd9b6ab9268889294ab249f6a1e5fb71b3e5ee88d2e8fde10ebe63a10,-72.45361,-205.58115,-180.78987,1028.4813,-409.01697,238.3485,976.63214,-333.27808,176.25426,1356.5189,3
3350,mvdec_dekm_consistent_v1,airpollution_mvdec_dekm_consistent_v1_2b88b20cd9b6_seed_44,2b88b20cd9b6ab9268889294ab249f6a1e5fb71b3e5ee88d2e8fde10ebe63a10,-83.6622,-237.38112,-208.75777,1187.5479,-472.28217,275.21454,1127.6884,-384.82446,203.50903,1566.3304,3
3351,mvdec_dekm_consistent_v1,airpollution_mvdec_dekm_consistent_v1_2b88b20cd9b6_seed_44,2b88b20cd9b6ab9268889294ab249f6a1e5fb71b3e5ee88d2e8fde10ebe63a10,-78.80071,-223.58873,-196.62766,1118.5566,-444.84256,259.22488,1062.1719,-362.46768,191.68791,1475.3303,3
3352,mvdec_dekm_consistent_v1,airpollution_mvdec_dekm_consistent_v1_2b88b20cd9b6_seed_44,2b88b20cd9b6ab9268889294ab249f6a1e5fb71b3e5ee88d2e8fde10ebe63a10,-57.140884,-162.13739,-142.58238,811.1711,-322.58716,187.98384,770.26636,-262.8581,139.01976,1069.8846,3
3353,mvdec_dekm_consistent_v1,airpollution_mvdec_dekm_consistent_v1_2b88b20cd9b6_seed_44,2b88b20cd9b6ab9268889294ab249f6a1e5fb71b3e5ee88d2e8fde10ebe63a10,-41.642303,-118.166115,-103.91091,591.2292,-235.10904,137.00908,561.399,-191.5844,101.33495,779.7767,3
3354,mvdec_dekm_consistent_v1,airpollution_mvdec_dekm_consistent_v1_2b88b20cd9b6_seed_44,2b88b20cd9b6ab9268889294ab249f6a1e5fb71b3e5ee88d2e8fde10ebe63a10,-43.639603,-123.83274,-108.89488,619.5751,-246.38263,143.57849,588.3168,-200.76999,106.191895,817.16504,3
3355,mvdec_dekm_consistent_v1,airpollution_mvdec_dekm_consistent_v1_2b88b20cd9b6_seed_44,2b88b20cd9b6ab9268889294ab249f6a1e5fb71b3e5ee88d2e8fde10ebe63a10,-60.81907,-172.57294,-151.7614,863.3799,-343.34985,200.08353,819.84296,-279.77594,147.96611,1138.7466,3
3356,mvdec_dekm_consistent_v1,airpollution_mvdec_dekm_consistent_v1_2b88b20cd9b6_seed_44,2b88b20cd9b6ab9268889294ab249f6a1e5fb71b3e5ee88d2e8fde10ebe63a10,-82.71371,-234.69135,-206.39326,1174.0968,-466.93146,272.09647,1114.9136,-380.46576,201.20468,1548.588,3
3357,mvdec_dekm_consistent_v1,airpollution_mvdec_dekm_consistent_v1_2b88b20cd9b6_seed_44,2b88b20cd9b6ab9268889294ab249f6a1e5fb71b3e5ee88d2e8fde10ebe63a10,-85.06242,-241.35617,-212.25453,1207.4346,-480.19095,279.82285,1146.5732,-391.26913,206.91676,1592.5613,3
3358,mvdec_dekm_consistent_v1,airpollution_mvdec_dekm_consistent_v1_2b88b20cd9b6_seed_44,2b88b20cd9b6ab9268889294ab249f6a1e5fb71b3e5ee88d2e8fde10ebe63a10,-81.23486,-230.49811,-202.70477,1153.1212,-458.58945,267.2348,1094.9957,-373.6688,197.61049,1520.9215,3
3359,mvdec_dekm_consistent_v1,airpollution_mvdec_dekm_consistent_v1_2b88b20cd9b6_seed_44,2b88b20cd9b6ab9268889294ab249f6a1e5fb71b3e5ee88d2e8fde10ebe63a10,-86.941315,-246.68898,-216.94408,1234.1091,-490.80078,286.00485,1171.9058,-399.9134,211.48718,1627.7462,3
3360,mvdec_dekm_consistent_v1,airpollution_mvdec_dekm_consistent_v1_2b88b20cd9b6_seed_44,2b88b20cd9b6ab9268889294ab249f6a1e5fb71b3e5ee88d2e8fde10ebe63a10,-7.787901,-22.118374,-19.440538,110.79806,-44.027954,25.66069,105.159996,-35.89892,19.018665,146.08128,3
3361,mvdec_dekm_consistent_v1,airpollution_mvdec_dekm_consistent_v1_2b88b20cd9b6_seed_44,2b88b20cd9b6ab9268889294ab249f6a1e5fb71b3e5ee88d2e8fde10ebe63a10,-23.854723,-67.70358,-59.531746,338.82767,-134.7192,78.50995,321.7039,-109.791725,58.089813,446.8522,3
3362,mvdec_dekm_consistent_v1,airpollution_mvdec_dekm_consistent_v1_2b88b20cd9b6_seed_44,2b88b20cd9b6ab9268889294ab249f6a1e5fb71b3e5ee88d2e8fde10ebe63a10,-57.019356,-161.79535,-142.2843,809.49066,-321.9131,187.59271,768.6624,-262.3114,138.73477,1067.6615,3
3363,mvdec_dekm_consistent_v1,airpollution_mvdec_dekm_consistent_v1_2b88b20cd9b6_seed_44,2b88b20cd9b6ab9268889294ab249f6a1e5fb71b3e5ee88d2e8fde10ebe63a10,-61.501057,-174.50937,-153.46645,873.0874,-347.20715,202.33241,829.0564,-282.9203,149.63159,1151.5468,3
3364,mvdec_dekm_consistent_v1,airpollution_mvdec_dekm_consistent_v1_2b88b20cd9b6_seed_44,2b88b20cd9b6ab9268889294ab249f6a1e5fb71b3e5ee88d2e8fde10ebe63a10,-59.69483,-169.38458,-148.95825,847.4364,-337.008,196.38782,804.7013,-274.6094,145.23503,1117.7164,3
3365,mvdec_dekm_consistent_v1,airpollution_mvdec_dekm_consistent_v1_2b88b20cd9b6_seed_44,2b88b20cd9b6ab9268889294ab249f6a1e5fb71b3e5ee88d2e8fde10ebe63a10,-68.08759,-193.19489,-169.8999,966.5376,-384.3784,223.9911,917.8044,-313.20502,165.64252,1274.813,3
3366,mvdec_dekm_consistent_v1,airpollution_mvdec_dekm_consistent_v1_2b88b20cd9b6_seed_44,2b88b20cd9b6ab9268889294ab249f6a1e5fb71b3e5ee88d2e8fde10ebe63a10,-69.52302,-197.26704,-173.48112,986.9063,-392.47977,228.71199,937.14764,-319.80566,169.13242,1301.6797,3
3367,mvdec_dekm_consistent_v1,airpollution_mvdec_dekm_consistent_v1_2b88b20cd9b6_seed_44,2b88b20cd9b6ab9268889294ab249f6a1e5fb71b3e5ee88d2e8fde10ebe63a10,-57.983604,-164.52629,-144.68819,823.14343,-327.34558,190.7573,781.6286,-266.737,141.07445,1085.6724,3
3368,mvdec_dekm_consistent_v1,airpollution_mvdec_dekm_consistent_v1_2b88b20cd9b6_seed_44,2b88b20cd9b6ab9268889294ab249f6a1e5fb71b3e5ee88d2e8fde10ebe63a10,-31.30595,-88.83807,-78.12119,444.54004,-176.76514,103.01081,422.09213,-144.04895,76.20321,586.2895,3
3369,mvdec_dekm_consistent_v1,airpollution_mvdec_dekm_consistent_v1_2b88b20cd9b6_seed_44,2b88b20cd9b6ab9268889294ab249f6a1e5fb71b3e5ee88d2e8fde10ebe63a10,-12.695654,-36.037155,-31.683294,180.42282,-71.718735,41.797928,171.27594,-58.46062,30.948633,237.91579,3
3370,mvdec_dekm_consistent_v1,airpollution_mvdec_dekm_consistent_v1_2b88b20cd9b6_seed_44,2b88b20cd9b6ab9268889294ab249f6a1e5fb71b3e5ee88d2e8fde10ebe63a10,-16.252876,-46.131516,-40.558662,230.90428,-91.79827,53.498314,219.21906,-74.819855,39.596485,304.50354,3
3371,mvdec_dekm_consistent_v1,airpollution_mvdec_dekm_consistent_v1_2b88b20cd9b6_seed_44,2b88b20cd9b6ab9268889294ab249f6a1e5fb71b3e5ee88d2e8fde10ebe63a10,-47.55274,-134.9347,-118.65826,675.1016,-268.46838,156.44766,641.04865,-218.76414,115.7055,890.40674,3
3372,mvdec_dekm_consistent_v1,airpollution_mvdec_dekm_consistent_v1_2b88b20cd9b6_seed_44,2b88b20cd9b6ab9268889294ab249f6a1e5fb71b3e5ee88d2e8fde10ebe63a10,-79.851295,-226.5699,-199.24997,1133.4734,-450.7747,262.68152,1076.3359,-367.30124,194.24435,1495.0046,3
3373,mvdec_dekm_consistent_v1,airpollution_mvdec_dekm_consistent_v1_2b88b20cd9b6_seed_44,2b88b20cd9b6ab9268889294ab249f6a1e5fb71b3e5ee88d2e8fde10ebe63a10,-105.84069,-300.30496,-264.09897,1502.3074,-597.4692,348.1637,1426.594,-486.82312,257.4417,1981.5006,3
3374,mvdec_dekm_consistent_v1,airpollution_mvdec_dekm_consistent_v1_2b88b20cd9b6_seed_44,2b88b20cd9b6ab9268889294ab249f6a1e5fb71b3e5ee88d2e8fde10ebe63a10,-129.82448,-368.34882,-323.94388,1842.6759,-732.8423,427.04874,1749.8203,-597.121,315.7622,2430.451,3
3375,mvdec_dekm_consistent_v1,airpollution_mvdec_dekm_consistent_v1_2b88b20cd9b6_seed_44,2b88b20cd9b6ab9268889294ab249f6a1e5fb71b3e5ee88d2e8fde10ebe63a10,-99.33307,-281.8402,-247.8616,1409.9509,-560.7361,326.75882,1338.8871,-456.89465,241.6182,1859.6808,3
3376,mvdec_dekm_consistent_v1,airpollution_mvdec_dekm_consistent_v1_2b88b20cd9b6_seed_44,2b88b20cd9b6ab9268889294ab249f6a1e5fb71b3e5ee88d2e8fde10ebe63a10,-69.69194,-197.74419,-173.90056,989.29083,-393.42862,229.26518,939.41223,-320.5782,169.54082,1304.8252,3
3377,mvdec_dekm_consistent_v1,airpollution_mvdec_dekm_consistent_v1_2b88b20cd9b6_seed_44,2b88b20cd9b6ab9268889294ab249f6a1e5fb71b3e5ee88d2e8fde10ebe63a10,-43.815605,-124.32885,-109.333664,622.0601,-247.37094,144.15442,590.6749,-201.57558,106.618675,820.4427,3
3378,mvdec_dekm_consistent_v1,airpollution_mvdec_dekm_consistent_v1_2b88b20cd9b6_seed_44,2b88b20cd9b6ab9268889294ab249f6a1e5fb71b3e5ee88d2e8fde10ebe63a10,-22.380678,-63.51581,-55.848152,317.85632,-126.38256,73.65163,301.79437,-102.99773,54.494125,419.19617,3
3379,mvdec_dekm_consistent_v1,airpollution_mvdec_dekm_consistent_v1_2b88b20cd9b6_seed_44,2b88b20cd9b6ab9268889294ab249f6a1e5fb71b3e5ee88d2e8fde10ebe63a10,-1.8301005,-5.2095795,-4.570078,26.207241,-10.385573,6.0572877,24.832352,-8.487942,4.5228934,34.507504,3
3380,mvdec_dekm_consistent_v1,airpollution_mvdec_dekm_consistent_v1_2b88b20cd9b6_seed_44,2b88b20cd9b6ab9268889294ab249f6a1e5fb71b3e5ee88d2e8fde10ebe63a10,-20.574146,-58.390965,-51.340828,292.21808,-116.18699,67.710144,277.44992,-94.69022,50.100796,385.3811,3
3381,mvdec_dekm_consistent_v1,airpollution_mvdec_dekm_consistent_v1_2b88b20cd9b6_seed_44,2b88b20cd9b6ab9268889294ab249f6a1e5fb71b3e5ee88d2e8fde10ebe63a10,-23.260256,-66.01205,-58.04397,330.3421,-131.34981,76.54582,313.65356,-107.04446,56.633408,435.6668,3
3382,mvdec_dekm_consistent_v1,airpollution_mvdec_dekm_consistent_v1_2b88b20cd9b6_seed_44,2b88b20cd9b6ab9268889294ab249f6a1e5fb71b3e5ee88d2e8fde10ebe63a10,-21.10184,-59.88873,-52.658627,299.7134,-119.167854,69.447014,284.56726,-97.119095,51.385517,395.26724,3
3383,mvdec_dekm_consistent_v1,airpollution_mvdec_dekm_consistent_v1_2b88b20cd9b6_seed_44,2b88b20cd9b6ab9268889294ab249f6a1e5fb71b3e5ee88d2e8fde10ebe63a10,-35.763725,-101.48731,-89.24363,507.79382,-201.92693,117.67246,482.16888,-164.54845,87.03847,669.72797,3
3384,mvdec_dekm_consistent_v1,airpollution_mvdec_dekm_consistent_v1_2b88b20cd9b6_seed_44,2b88b20cd9b6ab9268889294ab249f6a1e5fb71b3e5ee88d2e8fde10ebe63a10,-54.229305,-153.87845,-135.31976,769.85706,-306.15628,178.409,731.03516,-249.47104,131.94086,1015.3932,3
3385,mvdec_dekm_consistent_v1,airpollution_mvdec_dekm_consistent_v1_2b88b20cd9b6_seed_44,2b88b20cd9b6ab9268889294ab249f6a1e5fb71b3e5ee88d2e8fde10ebe63a10,-77.6702,-220.38362,-193.81012,1102.5256,-438.46722,255.50937,1046.9501,-357.27362,188.94153,1454.1874,3
3386,mvdec_dekm_consistent_v1,airpollution_mvdec_dekm_consistent_v1_2b88b20cd9b6_seed_44,2b88b20cd9b6ab9268889294ab249f6a1e5fb71b3e5ee88d2e8fde10ebe63a10,-97.17082,-275.71017,-242.46799,1379.2717,-548.5369,319.64923,1309.7601,-446.95447,236.35934,1819.2196,3
3387,mvdec_dekm_consistent_v1,airpollution_mvdec_dekm_consistent_v1_2b88b20cd9b6_seed_44,2b88b20cd9b6ab9268889294ab249f6a1e5fb71b3e5ee88d2e8fde10ebe63a10,-117.67125,-333.87125,-293.62103,1670.2063,-664.2489,387.07727,1586.0415,-541.23303,286.20944,2202.965,3
3388,mvdec_dekm_consistent_v1,airpollution_mvdec_dekm_consistent_v1_2b88b20cd9b6_seed_44,2b88b20cd9b6ab9268889294ab249f6a1e5fb71b3e5ee88d2e8fde10ebe63a10,-87.809296,-249.15013,-219.11009,1246.4221,-495.69696,288.85867,1183.5974,-403.90326,213.59778,1643.9868,3
3389,mvdec_dekm_consistent_v1,airpollution_mvdec_dekm_consistent_v1_2b88b20cd9b6_seed_44,2b88b20cd9b6ab9268889294ab249f6a1e5fb71b3e5ee88d2e8fde10ebe63a10,-54.64834,-155.06908,-136.36728,775.81903,-308.5252,179.7896,736.694,-251.40213,132.9638,1023.25494,3
3390,mvdec_dekm_consistent_v1,airpollution_mvdec_dekm_consistent_v1_2b88b20cd9b6_seed_44,2b88b20cd9b6ab9268889294ab249f6a1e5fb71b3e5ee88d2e8fde10ebe63a10,-21.539476,-61.1378,-53.754936,305.97003,-121.65435,70.89555,290.50647,-99.14474,52.458508,403.51678,3
3391,mvdec_dekm_consistent_v1,airpollution_mvdec_dekm_consistent_v1_2b88b20cd9b6_seed_44,2b88b20cd9b6ab9268889294ab249f6a1e5fb71b3e5ee88d2e8fde10ebe63a10,-11.573751,-32.86189,-28.886847,164.53162,-65.40153,38.115486,156.1914,-53.31135,28.223736,216.95837,3
3392,mvdec_dekm_consistent_v1,airpollution_mvdec_dekm_consistent_v1_2b88b20cd9b6_seed_44,2b88b20cd9b6ab9268889294ab249f6a1e5fb71b3e5ee88d2e8fde10ebe63a10,-44.663345,-126.75256,-111.459854,634.22217,-252.193,146.96605,602.21014,-205.50749,108.70884,836.4684,3
3393,mvdec_dekm_consistent_v1,airpollution_mvdec_dekm_consistent_v1_2b88b20cd9b6_seed_44,2b88b20cd9b6ab9268889294ab249f6a1e5fb71b3e5ee88d2e8fde10ebe63a10,-77.71756,-220.51631,-193.92429,1103.1959,-438.72943,255.663,1047.5782,-357.48773,189.05737,1455.0638,3
3394,mvdec_dekm_consistent_v1,airpollution_mvdec_dekm_consistent_v1_2b88b20cd9b6_seed_44,2b88b20cd9b6ab9268889294ab249f6a1e5fb71b3e5ee88d2e8fde10ebe63a10,-109.838005,-311.64508,-274.0715,1559.0336,-620.02814,361.31,1480.4596,-505.20407,267.16196,2056.32,3
3395,mvdec_dekm_consistent_v1,airpollution_mvdec_dekm_consistent_v1_2b88b20cd9b6_seed_44,2b88b20cd9b6ab9268889294ab249f6a1e5fb71b3e5ee88d2e8fde10ebe63a10,-103.618385,-293.99832,-258.552,1470.7618,-584.9204,340.85205,1396.6337,-476.5995,252.0372,1939.8893,3
3396,mvdec_dekm_consistent_v1,airpollution_mvdec_dekm_consistent_v1_2b88b20cd9b6_seed_44,2b88b20cd9b6ab9268889294ab249f6a1e5fb71b3e5ee88d2e8fde10ebe63a10,-71.34118,-202.42291,-178.01375,1012.6941,-402.73544,234.68877,961.6348,-328.16098,173.55074,1335.6918,3
3397,mvdec_dekm_consistent_v1,airpollution_mvdec_dekm_consistent_v1_2b88b20cd9b6_seed_44,2b88b20cd9b6ab9268889294ab249f6a1e5fb71b3e5ee88d2e8fde10ebe63a10,-40.06492,-113.68851,-99.97323,568.83704,-226.20135,131.81903,540.1306,-184.32701,97.49909,750.2383,3
3398,mvdec_dekm_consistent_v1,airpollution_mvdec_dekm_consistent_v1_2b88b20cd9b6_seed_44,2b88b20cd9b6ab9268889294ab249f6a1e5fb71b3e5ee88d2e8fde10ebe63a10,-12.120102,-34.404285,-30.244999,172.25276,-68.46917,39.9049,163.51787,-55.81229,29.548088,227.1385,3
3399,mvdec_dekm_consistent_v1,airpollution_mvdec_dekm_consistent_v1_2b88b20cd9b6_seed_44,2b88b20cd9b6ab9268889294ab249f6a1e5fb71b3e5ee88d2e8fde10ebe63a10,-9.263648,-26.300749,-23.11745,131.71364,-52.346725,30.509726,125.02247,-42.675888,22.6014,173.66847,3
3400,mvdec_dekm_consistent_v1,airpollution_mvdec_dekm_consistent_v1_2b88b20cd9b6_seed_44,2b88b20cd9b6ab9268889294ab249f6a1e5fb71b3e5ee88d2e8fde10ebe63a10,-30.331173,-86.07316,-75.68598,430.69272,-171.26038,99.802734,408.94754,-139.56221,73.82817,568.0277,3
3401,mvdec_dekm_consistent_v1,airpollution_mvdec_dekm_consistent_v1_2b88b20cd9b6_seed_44,2b88b20cd9b6ab9268889294ab249f6a1e5fb71b3e5ee88d2e8fde10ebe63a10,-51.43159,-145.93932,-128.33649,730.15094,-290.3628,169.2066,693.326,-236.6028,125.13781,963.0173,3
3402,mvdec_dekm_consistent_v1,airpollution_mvdec_dekm_consistent_v1_2b88b20cd9b6_seed_44,2b88b20cd9b6ab9268889294ab249f6a1e5fb71b3e5ee88d2e8fde10ebe63a10,-70.47375,-199.96468,-175.85136,1000.3943,-397.84555,231.83914,949.9594,-324.1763,171.44234,1319.4717,3
3403,mvdec_dekm_consistent_v1,airpollution_mvdec_dekm_consistent_v1_2b88b20cd9b6_seed_44,2b88b20cd9b6ab9268889294ab249f6a1e5fb71b3e5ee88d2e8fde10ebe63a10,-94.01005,-266.73993,-234.57991,1334.4153,-530.694,309.25287,1267.1577,-432.41702,228.67488,1760.049,3
3404,mvdec_dekm_consistent_v1,airpollution_mvdec_dekm_consistent_v1_2b88b20cd9b6_seed_44,2b88b20cd9b6ab9268889294ab249f6a1e5fb71b3e5ee88d2e8fde10ebe63a10,-119.47304,-338.98038,-298.11554,1695.7714,-674.4148,393.00177,1610.3145,-549.51624,290.5912,2236.6824,3
3405,mvdec_dekm_consistent_v1,airpollution_mvdec_dekm_consistent_v1_2b88b20cd9b6_seed_44,2b88b20cd9b6ab9268889294ab249f6a1e5fb71b3e5ee88d2e8fde10ebe63a10,-147.97903,-419.85638,-369.24368,2100.3162,-835.3135,486.7609,1994.488,-680.6111,359.9059,2770.284,3
3406,mvdec_dekm_consistent_v1,airpollution_mvdec_dekm_consistent_v1_2b88b20cd9b6_seed_44,2b88b20cd9b6ab9268889294ab249f6a1e5fb71b3e5ee88d2e8fde10ebe63a10,-154.58888,-438.61032,-385.73685,2194.1223,-872.6231,508.50183,2083.571,-711.0095,375.97845,2894.016,3
3407,mvdec_dekm_consistent_v1,airpollution_mvdec_dekm_consistent_v1_2b88b20cd9b6_seed_44,2b88b20cd9b6ab9268889294ab249f6a1e5fb71b3e5ee88d2e8fde10ebe63a10,-125.23219,-355.32285,-312.48615,1777.5065,-706.92426,411.94528,1687.9374,-576.0036,304.59402,2344.4949,3
3408,mvdec_dekm_consistent_v1,airpollution_mvdec_dekm_consistent_v1_2b88b20cd9b6_seed_44,2b88b20cd9b6ab9268889294ab249f6a1e5fb71b3e5ee88d2e8fde10ebe63a10,-97.97626,-277.99442,-244.47809,1390.7085,-553.0837,322.29892,1320.6167,-450.65976,238.32018,1834.3018,3
3409,mvdec_dekm_consistent_v1,airpollution_mvdec_dekm_consistent_v1_2b88b20cd9b6_seed_44,2b88b20cd9b6ab9268889294ab249f6a1e5fb71b3e5ee88d2e8fde10ebe63a10,-74.78897,-212.21033,-186.6218,1061.6494,-422.20828,246.03471,1008.1294,-344.02682,181.93842,1400.2683,3
3410,mvdec_dekm_consistent_v1,airpollution_mvdec_dekm_consistent_v1_2b88b20cd9b6_seed_44,2b88b20cd9b6ab9268889294ab249f6a1e5fb71b3e5ee88d2e8fde10ebe63a10,-55.851463,-158.48267,-139.36925,792.899,-315.3188,183.74777,752.9129,-256.93698,135.8902,1045.7823,3
3411,mvdec_dekm_consistent_v1,airpollution_mvdec_dekm_consistent_v1_2b88b20cd9b6_seed_44,2b88b20cd9b6ab9268889294ab249f6a1e5fb71b3e5ee88d2e8fde10ebe63a10,-49.320694,-139.95383,-123.07323,700.21387,-278.45532,162.26671,664.8954,-226.90196,120.00897,923.5296,3
3412,mvdec_dekm_consistent_v1,airpollution_mvdec_dekm_consistent_v1_2b88b20cd9b6_seed_44,2b88b20cd9b6ab9268889294ab249f6a1e5fb71b3e5ee88d2e8fde10ebe63a10,-57.910233,-164.32335,-144.50575,822.11676,-326.93814,190.51947,780.65796,-266.40448,140.8962,1084.3197,3
3413,mvdec_dekm_consistent_v1,airpollution_mvdec_dekm_consistent_v1_2b88b20cd9b6_seed_44,2b88b20cd9b6ab9268889294ab249f6a1e5fb71b3e5ee88d2e8fde10ebe63a10,-75.76631,-214.98216,-189.05943,1075.511,-427.72083,249.24738,1021.2923,-348.51862,184.31285,1418.5518,3
3414,mvdec_dekm_consistent_v1,airpollution_mvdec_dekm_consistent_v1_2b88b20cd9b6_seed_44,2b88b20cd9b6ab9268889294ab249f6a1e5fb71b3e5ee88d2e8fde10ebe63a10,-68.843506,-195.34105,-171.78549,977.2693,-388.64673,226.47864,927.9974,-316.68243,167.48024,1288.9685,3
3415,mvdec_dekm_consistent_v1,airpollution_mvdec_dekm_consistent_v1_2b88b20cd9b6_seed_44,2b88b20cd9b6ab9268889294ab249f6a1e5fb71b3e5ee88d2e8fde10ebe63a10,-43.663967,-123.903534,-108.957,619.924,-246.52264,143.6591,588.65015,-200.88394,106.25126,817.6271,3
3416,mvdec_dekm_consistent_v1,airpollution_mvdec_dekm_consistent_v1_2b88b20cd9b6_seed_44,2b88b20cd9b6ab9268889294ab249f6a1e5fb71b3e5ee88d2e8fde10ebe63a10,-18.167936,-51.567505,-45.33864,258.09143,-102.61239,59.799362,245.03963,-83.63054,44.254105,340.3653,3
3417,mvdec_dekm_consistent_v1,airpollution_mvdec_dekm_consistent_v1_2b88b20cd9b6_seed_44,2b88b20cd9b6ab9268889294ab249f6a1e5fb71b3e5ee88d2e8fde10ebe63a10,-15.27585,-43.361588,-38.121685,217.04446,-86.286995,50.286255,206.05983,-70.32906,37.22105,286.22394,3
3418,mvdec_dekm_consistent_v1,airpollution_mvdec_dekm_consistent_v1_2b88b20cd9b6_seed_44,2b88b20cd9b6ab9268889294ab249f6a1e5fb71b3e5ee88d2e8fde10ebe63a10,-30.064459,-85.318436,-75.02208,426.91583,-169.7584,98.927155,405.36194,-138.33873,73.18068,563.04675,3
3419,mvdec_dekm_consistent_v1,airpollution_mvdec_dekm_consistent_v1_2b88b20cd9b6_seed_44,2b88b20cd9b6ab9268889294ab249f6a1e5fb71b3e5ee88d2e8fde10ebe63a10,-41.227512,-116.98862,-102.87586,585.3397,-232.76639,135.64417,555.8056,-189.67595,100.325905,772.0083,3
3420,mvdec_dekm_consistent_v1,airpollution_mvdec_dekm_consistent_v1_2b88b20cd9b6_seed_44,2b88b20cd9b6ab9268889294ab249f6a1e5fb71b3e5ee88d2e8fde10ebe63a10,-50.646896,-143.71207,-126.379105,719.0163,-285.9328,166.62547,682.7492,-232.99419,123.2308,948.3289,3
3421,mvdec_dekm_consistent_v1,airpollution_mvdec_dekm_consistent_v1_2b88b20cd9b6_seed_44,2b88b20cd9b6ab9268889294ab249f6a1e5fb71b3e5ee88d2e8fde10ebe63a10,-45.65436,-129.54816,-113.92169,648.166,-257.75406,150.20496,615.46747,-210.0348,111.09107,854.8765,3
3422,mvdec_dekm_consistent_v1,airpollution_mvdec_dekm_consistent_v1_2b88b20cd9b6_seed_44,2b88b20cd9b6ab9268889294ab249f6a1e5fb71b3e5ee88d2e8fde10ebe63a10,-32.386135,-91.90493,-80.81445,459.86423,-182.8627,106.563354,436.65033,-149.01537,78.82651,606.50525,3
3423,mvdec_dekm_consistent_v1,airpollution_mvdec_dekm_consistent_v1_2b88b20cd9b6_seed_44,2b88b20cd9b6ab9268889294ab249f6a1e5fb71b3e5ee88d2e8fde10ebe63a10,-10.461527,-29.702465,-26.107698,148.72508,-59.113678,34.45229,141.1797,-48.188873,25.5155,196.10803,3
3424,mvdec_dekm_consistent_v1,airpollution_mvdec_dekm_consistent_v1_2b88b20cd9b6_seed_44,2b88b20cd9b6ab9268889294ab249f6a1e5fb71b3e5ee88d2e8fde10ebe63a10,-14.472228,-41.080517,-36.115406,205.63673,-81.74947,47.642315,195.22537,-66.631836,35.266888,271.17593,3
3425,mvdec_dekm_consistent_v1,airpollution_mvdec_dekm_consistent_v1_2b88b20cd9b6_seed_44,2b88b20cd9b6ab9268889294ab249f6a1e5fb71b3e5ee88d2e8fde10ebe63a10,-35.70896,-101.33177,-89.10622,507.03046,-201.61966,117.494865,481.4384,-164.29872,86.90899,668.7156,3
3426,mvdec_dekm_consistent_v1,airpollution_mvdec_dekm_consistent_v1_2b88b20cd9b6_seed_44,2b88b20cd9b6ab9268889294ab249f6a1e5fb71b3e5ee88d2e8fde10ebe63a10,-54.231445,-153.88159,-135.32314,769.88354,-306.16467,178.41507,731.056,-249.4783,131.94632,1015.42444,3
3427,mvdec_dekm_consistent_v1,airpollution_mvdec_dekm_consistent_v1_2b88b20cd9b6_seed_44,2b88b20cd9b6ab9268889294ab249f6a1e5fb71b3e5ee88d2e8fde10ebe63a10,-54.113453,-153.54704,-135.02855,768.20636,-305.49826,178.02663,729.4646,-248.9351,131.6584,1013.21326,3
3428,mvdec_dekm_consistent_v1,airpollution_mvdec_dekm_consistent_v1_2b88b20cd9b6_seed_44,2b88b20cd9b6ab9268889294ab249f6a1e5fb71b3e5ee88d2e8fde10ebe63a10,-48.213146,-136.80663,-120.305855,684.4631,-272.1925,158.61809,649.94006,-221.79852,117.30915,902.7565,3
3429,mvdec_dekm_consistent_v1,airpollution_mvdec_dekm_consistent_v1_2b88b20cd9b6_seed_44,2b88b20cd9b6ab9268889294ab249f6a1e5fb71b3e5ee88d2e8fde10ebe63a10,-56.238693,-159.57545,-140.33107,798.3542,-317.49042,185.01424,758.0962,-258.70563,136.82336,1052.9807,3
3430,mvdec_dekm_consistent_v1,airpollution_mvdec_dekm_consistent_v1_2b88b20cd9b6_seed_44,2b88b20cd9b6ab9268889294ab249f6a1e5fb71b3e5ee88d2e8fde10ebe63a10,-14.571928,-41.359924,-36.363884,207.03311,-82.305916,47.967144,196.55295,-67.0855,35.505966,273.02032,3
3431,mvdec_dekm_consistent_v1,airpollution_mvdec_dekm_consistent_v1_2b88b20cd9b6_seed_44,2b88b20cd9b6ab9268889294ab249f6a1e5fb71b3e5ee88d2e8fde10ebe63a10,-36.175934,-102.65542,-90.27113,513.6384,-204.25099,119.02764,487.7188,-166.44211,88.039734,677.43677,3
3432,mvdec_dekm_consistent_v1,airpollution_mvdec_dekm_consistent_v1_2b88b20cd9b6_seed_44,2b88b20cd9b6ab9268889294ab249f6a1e5fb71b3e5ee88d2e8fde10ebe63a10,-63.84236,-181.14917,-159.30518,906.26953,-360.41174,210.02513,860.57806,-293.67645,155.31407,1195.3236,3
3433,mvdec_dekm_consistent_v1,airpollution_mvdec_dekm_consistent_v1_2b88b20cd9b6_seed_44,2b88b20cd9b6ab9268889294ab249f6a1e5fb71b3e5ee88d2e8fde10ebe63a10,-93.86953,-266.34015,-234.23044,1332.4167,-529.89984,308.79022,1265.261,-431.77036,228.3326,1757.4149,3
3434,mvdec_dekm_consistent_v1,airpollution_mvdec_dekm_consistent_v1_2b88b20cd9b6_seed_44,2b88b20cd9b6ab9268889294ab249f6a1e5fb71b3e5ee88d2e8fde10ebe63a10,-92.85343,-263.45883,-231.6955,1318.0012,-524.1667,305.4492,1251.5724,-427.09906,225.86218,1738.4011,3
3435,mvdec_dekm_consistent_v1,airpollution_mvdec_dekm_consistent_v1_2b88b20cd9b6_seed_44,2b88b20cd9b6ab9268889294ab249f6a1e5fb71b3e5ee88d2e8fde10ebe63a10,-98.917305,-280.66214,-246.82709,1404.0646,-558.3949,325.3948,1333.2981,-454.98764,240.61005,1851.9175,3
3436,mvdec_dekm_consistent_v1,airpollution_mvdec_dekm_consistent_v1_2b88b20cd9b6_seed_44,2b88b20cd9b6ab9268889294ab249f6a1e5fb71b3e5ee88d2e8fde10ebe63a10,-102.19794,-289.97137,-255.01228,1450.6213,-576.9126,336.18524,1377.5132,-470.07486,248.58582,1913.3279,3
3437,mvdec_dekm_consistent_v1,airpollution_mvdec_dekm_consistent_v1_2b88b20cd9b6_seed_44,2b88b20cd9b6ab9268889294ab249f6a1e5fb71b3e5ee88d2e8fde10ebe63a10,-78.21277,-221.92133,-195.16478,1110.2297,-441.52972,257.29422,1054.262,-359.76965,190.263,1464.3463,3
3438,mvdec_dekm_consistent_v1,airpollution_mvdec_dekm_consistent_v1_2b88b20cd9b6_seed_44,2b88b20cd9b6ab9268889294ab249f6a1e5fb71b3e5ee88d2e8fde10ebe63a10,-48.981556,-138.98964,-122.22711,695.394,-276.53888,161.15025,660.3185,-225.34048,119.183655,917.17303,3
3439,mvdec_dekm_consistent_v1,airpollution_mvdec_dekm_consistent_v1_2b88b20cd9b6_seed_44,2b88b20cd9b6ab9268889294ab249f6a1e5fb71b3e5ee88d2e8fde10ebe63a10,-15.76478,-44.750072,-39.344147,223.9948,-89.05156,51.896885,212.66045,-72.58178,38.412663,295.39218,3
3440,mvdec_dekm_consistent_v1,airpollution_mvdec_dekm_consistent_v1_2b88b20cd9b6_seed_44,2b88b20cd9b6ab9268889294ab249f6a1e5fb71b3e5ee88d2e8fde10ebe63a10,-14.645134,-41.57409,-36.550083,208.10464,-82.73217,48.214256,197.57173,-67.43267,35.689472,274.4335,3
3441,mvdec_dekm_consistent_v1,airpollution_mvdec_dekm_consistent_v1_2b88b20cd9b6_seed_44,2b88b20cd9b6ab9268889294ab249f6a1e5fb71b3e5ee88d2e8fde10ebe63a10,-37.707455,-107.000145,-94.08998,535.37445,-212.89282,124.06326,508.35358,-173.4835,91.76494,706.101,3
3442,mvdec_dekm_consistent_v1,airpollution_mvdec_dekm_consistent_v1_2b88b20cd9b6_seed_44,2b88b20cd9b6ab9268889294ab249f6a1e5fb71b3e5ee88d2e8fde10ebe63a10,-59.033592,-167.50427,-147.30322,838.0245,-333.26495,194.20685,795.76215,-271.55872,143.62201,1105.3009,3
3443,mvdec_dekm_consistent_v1,airpollution_mvdec_dekm_consistent_v1_2b88b20cd9b6_seed_44,2b88b20cd9b6ab9268889294ab249f6a1e5fb71b3e5ee88d2e8fde10ebe63a10,-85.01955,-241.23021,-212.14378,1206.8068,-479.94037,279.67764,1145.974,-391.0646,206.80972,1591.731,3
3444,mvdec_dekm_consistent_v1,airpollution_mvdec_dekm_consistent_v1_2b88b20cd9b6_seed_44,2b88b20cd9b6ab9268889294ab249f6a1e5fb71b3e5ee88d2e8fde10ebe63a10,-112.51374,-319.23444,-280.74817,1596.9962,-635.12933,370.10962,1516.5135,-517.5074,273.66635,2106.3965,3
3445,mvdec_dekm_consistent_v1,airpollution_mvdec_dekm_consistent_v1_2b88b20cd9b6_seed_44,2b88b20cd9b6ab9268889294ab249f6a1e5fb71b3e5ee88d2e8fde10ebe63a10,-83.49192,-236.89532,-208.33363,1185.1328,-471.32007,274.65442,1125.3909,-384.0413,203.0975,1563.1426,3
3446,mvdec_dekm_consistent_v1,airpollution_mvdec_dekm_consistent_v1_2b88b20cd9b6_seed_44,2b88b20cd9b6ab9268889294ab249f6a1e5fb71b3e5ee88d2e8fde10ebe63a10,-57.541397,-163.27171,-143.58168,816.85205,-324.84644,189.30066,775.6598,-264.69888,139.99432,1077.3772,3
3447,mvdec_dekm_consistent_v1,airpollution_mvdec_dekm_consistent_v1_2b88b20cd9b6_seed_44,2b88b20cd9b6ab9268889294ab249f6a1e5fb71b3e5ee88d2e8fde10ebe63a10,-25.47108,-72.28402,-63.560364,361.72586,-143.83015,83.81856,343.45264,-117.21321,62.012463,477.0589,3
3448,mvdec_dekm_consistent_v1,airpollution_mvdec_dekm_consistent_v1_2b88b20cd9b6_seed_44,2b88b20cd9b6ab9268889294ab249f6a1e5fb71b3e5ee88d2e8fde10ebe63a10,-3.8760884,-11.017294,-9.675487,55.25579,-21.940159,12.789643,52.419785,-17.900911,9.500042,72.82334,3
3449,mvdec_dekm_consistent_v1,airpollution_mvdec_dekm_consistent_v1_2b88b20cd9b6_seed_44,2b88b20cd9b6ab9268889294ab249f6a1e5fb71b3e5ee88d2e8fde10ebe63a10,-26.65978,-75.65877,-66.52663,378.59772,-150.54161,87.72903,359.47787,-122.68115,64.9019,499.31503,3
3450,mvdec_dekm_consistent_v1,airpollution_mvdec_dekm_consistent_v1_2b88b20cd9b6_seed_44,2b88b20cd9b6ab9268889294ab249f6a1e5fb71b3e5ee88d2e8fde10ebe63a10,-45.13537,-128.07664,-112.62696,640.79535,-254.82457,148.49696,608.47156,-207.64749,109.8271,845.15753,3
3451,mvdec_dekm_consistent_v1,airpollution_mvdec_dekm_consistent_v1_2b88b20cd9b6_seed_44,2b88b20cd9b6ab9268889294ab249f6a1e5fb71b3e5ee88d2e8fde10ebe63a10,-56.34542,-159.88077,-140.5995,799.8943,-318.09964,185.36977,759.5542,-259.20312,137.08899,1055.008,3
3452,mvdec_dekm_consistent_v1,airpollution_mvdec_dekm_consistent_v1_2b88b20cd9b6_seed_44,2b88b20cd9b6ab9268889294ab249f6a1e5fb71b3e5ee88d2e8fde10ebe63a10,-54.036953,-153.33266,-134.83977,767.13654,-305.07162,177.77776,728.4476,-248.58809,131.47565,1011.8012,3
3453,mvdec_dekm_consistent_v1,airpollution_mvdec_dekm_consistent_v1_2b88b20cd9b6_seed_44,2b88b20cd9b6ab9268889294ab249f6a1e5fb71b3e5ee88d2e8fde10ebe63a10,-64.01318,-181.6365,-159.73315,908.71893,-361.38226,210.59125,862.89886,-294.46838,155.73524,1198.5497,3
3454,mvdec_dekm_consistent_v1,airpollution_mvdec_dekm_consistent_v1_2b88b20cd9b6_seed_44,2b88b20cd9b6ab9268889294ab249f6a1e5fb71b3e5ee88d2e8fde10ebe63a10,-81.832565,-232.19337,-204.19588,1161.5995,-461.9622,269.20016,1103.0482,-376.41653,199.06299,1532.1055,3
3455,mvdec_dekm_consistent_v1,airpollution_mvdec_dekm_consistent_v1_2b88b20cd9b6_seed_44,2b88b20cd9b6ab9268889294ab249f6a1e5fb71b3e5ee88d2e8fde10ebe63a10,-100.93948,-286.40256,-251.8731,1432.7668,-569.8111,332.04636,1360.5571,-464.28897,245.52687,1889.7775,3
3456,mvdec_dekm_consistent_v1,airpollution_mvdec_dekm_consistent_v1_2b88b20cd9b6_seed_44,2b88b20cd9b6ab9268889294ab249f6a1e5fb71b3e5ee88d2e8fde10ebe63a10,-124.55023,-353.38977,-310.78705,1767.8436,-703.08,409.70496,1678.7592,-572.8721,302.93964,2331.7483,3
3457,mvdec_dekm_consistent_v1,airpollution_mvdec_dekm_consistent_v1_2b88b20cd9b6_seed_44,2b88b20cd9b6ab9268889294ab249f6a1e5fb71b3e5ee88d2e8fde10ebe63a10,-105.7465,-300.0396,-263.86826,1500.9889,-596.9434,347.8573,1425.3405,-486.39615,257.21738,1979.7616,3
3458,mvdec_dekm_consistent_v1,airpollution_mvdec_dekm_consistent_v1_2b88b20cd9b6_seed_44,2b88b20cd9b6ab9268889294ab249f6a1e5fb71b3e5ee88d2e8fde10ebe63a10,-88.95453,-252.39943,-221.96783,1262.6788,-502.16187,292.62585,1199.0337,-409.171,216.38339,1665.4285,3
3459,mvdec_dekm_consistent_v1,airpollution_mvdec_dekm_consistent_v1_2b88b20cd9b6_seed_44,2b88b20cd9b6ab9268889294ab249f6a1e5fb71b3e5ee88d2e8fde10ebe63a10,-58.131195,-164.94798,-145.05766,825.24634,-328.18124,191.24414,783.6264,-267.4184,141.43428,1088.4465,3
3460,mvdec_dekm_consistent_v1,airpollution_mvdec_dekm_consistent_v1_2b88b20cd9b6_seed_44,2b88b20cd9b6ab9268889294ab249f6a1e5fb71b3e5ee88d2e8fde10ebe63a10,-25.624683,-72.7236,-63.946205,363.92667,-144.70392,84.32783,345.54205,-117.926125,62.38913,479.96094,3
3461,mvdec_dekm_consistent_v1,airpollution_mvdec_dekm_consistent_v1_2b88b20cd9b6_seed_44,2b88b20cd9b6ab9268889294ab249f6a1e5fb71b3e5ee88d2e8fde10ebe63a10,-6.4656143,-18.3684,-16.140528,92.033745,-36.566975,21.312489,87.34316,-29.81812,15.802275,121.3324,3
3462,mvdec_dekm_consistent_v1,airpollution_mvdec_dekm_consistent_v1_2b88b20cd9b6_seed_44,2b88b20cd9b6ab9268889294ab249f6a1e5fb71b3e5ee88d2e8fde10ebe63a10,-39.614456,-112.41759,-98.85426,562.47675,-223.67465,130.34491,534.0956,-182.26688,96.40837,741.85236,3
3463,mvdec_dekm_consistent_v1,airpollution_mvdec_dekm_consistent_v1_2b88b20cd9b6_seed_44,2b88b20cd9b6ab9268889294ab249f6a1e5fb71b3e5ee88d2e8fde10ebe63a10,-72.71544,-206.32874,-181.44719,1032.223,-410.50662,239.21545,980.18713,-334.4908,176.89523,1361.4557,3
3464,mvdec_dekm_consistent_v1,airpollution_mvdec_dekm_consistent_v1_2b88b20cd9b6_seed_44,2b88b20cd9b6ab9268889294ab249f6a1e5fb71b3e5ee88d2e8fde10ebe63a10,-105.831726,-300.28064,-264.0773,1502.1776,-597.41876,348.13422,1426.4745,-486.78204,257.41864,1981.3325,3
3465,mvdec_dekm_consistent_v1,airpollution_mvdec_dekm_consistent_v1_2b88b20cd9b6_seed_44,2b88b20cd9b6ab9268889294ab249f6a1e5fb71b3e5ee88d2e8fde10ebe63a10,-114.36689,-324.49536,-285.374,1623.3031,-645.5926,376.2066,1541.4988,-526.03284,278.17297,2141.0977,3
3466,mvdec_dekm_consistent_v1,airpollution_mvdec_dekm_consistent_v1_2b88b20cd9b6_seed_44,2b88b20cd9b6ab9268889294ab249f6a1e5fb71b3e5ee88d2e8fde10ebe63a10,-85.20819,-241.76634,-212.61586,1209.4865,-481.00742,280.29913,1148.5215,-391.93387,207.26852,1595.2677,3
3467,mvdec_dekm_consistent_v1,airpollution_mvdec_dekm_consistent_v1_2b88b20cd9b6_seed_44,2b88b20cd9b6ab9268889294ab249f6a1e5fb71b3e5ee88d2e8fde10ebe63a10,-59.12372,-167.76112,-147.52992,839.30786,-333.77722,194.5049,796.98413,-271.9757,143.8417,1106.9963,3
3468,mvdec_dekm_consistent_v1,airpollution_mvdec_dekm_consistent_v1_2b88b20cd9b6_seed_44,2b88b20cd9b6ab9268889294ab249f6a1e5fb71b3e5ee88d2e8fde10ebe63a10,-37.959633,-107.71591,-94.72143,538.95856,-214.31984,124.894485,511.75946,-174.64597,92.3797,710.8309,3
3469,mvdec_dekm_consistent_v1,airpollution_mvdec_dekm_consistent_v1_2b88b20cd9b6_seed_44,2b88b20cd9b6ab9268889294ab249f6a1e5fb71b3e5ee88d2e8fde10ebe63a10,-16.404383,-46.56137,-40.936348,233.05492,-92.654175,53.99695,221.26192,-75.51667,39.965157,307.34033,3
3470,mvdec_dekm_consistent_v1,airpollution_mvdec_dekm_consistent_v1_2b88b20cd9b6_seed_44,2b88b20cd9b6ab9268889294ab249f6a1e5fb71b3e5ee88d2e8fde10ebe63a10,-6.033145,-17.136702,-15.057533,85.8681,-34.114292,19.884237,81.48812,-27.820366,14.745658,113.19989,3
3471,mvdec_dekm_consistent_v1,airpollution_mvdec_dekm_consistent_v1_2b88b20cd9b6_seed_44,2b88b20cd9b6ab9268889294ab249f6a1e5fb71b3e5ee88d2e8fde10ebe63a10,-24.474785,-69.458694,-61.073994,347.5849,-138.2066,80.541374,330.026,-112.63112,59.588192,458.40808,3
3472,mvdec_dekm_consistent_v1,airpollution_mvdec_dekm_consistent_v1_2b88b20cd9b6_seed_44,2b88b20cd9b6ab9268889294ab249f6a1e5fb71b3e5ee88d2e8fde10ebe63a10,-47.01985,-133.42131,-117.328835,667.5344,-265.45926,154.69434,633.8629,-216.31236,114.40941,880.4264,3
3473,mvdec_dekm_consistent_v1,airpollution_mvdec_dekm_consistent_v1_2b88b20cd9b6_seed_44,2b88b20cd9b6ab9268889294ab249f6a1e5fb71b3e5ee88d2e8fde10ebe63a10,-73.68419,-209.07063,-183.86209,1045.9431,-415.96225,242.39589,993.21436,-338.93735,179.24724,1379.5524,3
3474,mvdec_dekm_consistent_v1,airpollution_mvdec_dekm_consistent_v1_2b88b20cd9b6_seed_44,2b88b20cd9b6ab9268889294ab249f6a1e5fb71b3e5ee88d2e8fde10ebe63a10,-104.01486,-295.12274,-259.54312,1476.3812,-587.1595,342.15625,1401.9768,-478.4231,252.99896,1947.3073,3
3475,mvdec_dekm_consistent_v1,airpollution_mvdec_dekm_consistent_v1_2b88b20cd9b6_seed_44,2b88b20cd9b6ab9268889294ab249f6a1e5fb71b3e5ee88d2e8fde10ebe63a10,-135.6673,-384.92444,-338.52246,1925.5784,-765.81714,446.2641,1828.5526,-623.98755,329.9655,2539.8052,3
3476,mvdec_dekm_consistent_v1,airpollution_mvdec_dekm_consistent_v1_2b88b20cd9b6_seed_44,2b88b20cd9b6ab9268889294ab249f6a1e5fb71b3e5ee88d2e8fde10ebe63a10,-167.93488,-476.47208,-419.03656,2383.505,-947.94775,552.3953,2263.4202,-772.3809,408.4268,3143.8176,3
3477,mvdec_dekm_consistent_v1,airpollution_mvdec_dekm_consistent_v1_2b88b20cd9b6_seed_44,2b88b20cd9b6ab9268889294ab249f6a1e5fb71b3e5ee88d2e8fde10ebe63a10,-144.83269,-410.9296,-361.39218,2055.6501,-817.55206,476.41058,1952.0779,-666.1387,352.2509,2711.3738,3
3478,mvdec_dekm_consistent_v1,airpollution_mvdec_dekm_consistent_v1_2b88b20cd9b6_seed_44,2b88b20cd9b6ab9268889294ab249f6a1e5fb71b3e5ee88d2e8fde10ebe63a10,-121.51845,-344.78424,-303.21967,1724.7911,-685.9599,399.72894,1637.8789,-558.92206,295.56177,2274.965,3
3479,mvdec_dekm_consistent_v1,airpollution_mvdec_dekm_consistent_v1_2b88b20cd9b6_seed_44,2b88b20cd9b6ab9268889294ab249f6a1e5fb71b3e5ee88d2e8fde10ebe63a10,-101.25499,-287.29514,-252.65881,1437.2251,-571.5871,333.0813,1364.7947,-465.73505,246.28957,1895.6615,3
3480,mvdec_dekm_consistent_v1,airpollution_mvdec_dekm_consistent_v1_2b88b20cd9b6_seed_44,2b88b20cd9b6ab9268889294ab249f6a1e5fb71b3e5ee88d2e8fde10ebe63a10,-86.86531,-246.46991,-216.75435,1233.0173,-490.36755,285.75293,1170.8695,-399.56036,211.30078,1626.3079,3
3481,mvdec_dekm_consistent_v1,airpollution_mvdec_dekm_consistent_v1_2b88b20cd9b6_seed_44,2b88b20cd9b6ab9268889294ab249f6a1e5fb71b3e5ee88d2e8fde10ebe63a10,-82.51441,-234.12634,-205.89775,1171.2716,-465.80945,271.44232,1112.2334,-379.5513,200.7208,1544.864,3
3482,mvdec_dekm_consistent_v1,airpollution_mvdec_dekm_consistent_v1_2b88b20cd9b6_seed_44,2b88b20cd9b6ab9268889294ab249f6a1e5fb71b3e5ee88d2e8fde10ebe63a10,-88.63297,-251.48535,-221.165,1258.1112,-500.34592,291.56827,1194.697,-407.69113,215.60085,1659.4043,3
3483,mvdec_dekm_consistent_v1,airpollution_mvdec_dekm_consistent_v1_2b88b20cd9b6_seed_44,2b88b20cd9b6ab9268889294ab249f6a1e5fb71b3e5ee88d2e8fde10ebe63a10,-103.109314,-292.55685,-257.28674,1463.556,-582.0565,339.1828,1389.795,-474.26627,250.80235,1930.3885,3
3484,mvdec_dekm_consistent_v1,airpollution_mvdec_dekm_consistent_v1_2b88b20cd9b6_seed_44,2b88b20cd9b6ab9268889294ab249f6a1e5fb71b3e5ee88d2e8fde10ebe63a10,-90.16525,-255.83395,-224.98874,1279.86,-508.99664,296.6089,1215.352,-414.73917,219.32675,1688.092,3
3485,mvdec_dekm_consistent_v1,airpollution_mvdec_dekm_consistent_v1_2b88b20cd9b6_seed_44,2b88b20cd9b6ab9268889294ab249f6a1e5fb71b3e5ee88d2e8fde10ebe63a10,-60.06284,-170.43039,-149.87677,852.65265,-339.08676,197.59781,809.6618,-276.3016,146.12701,1124.6019,3
3486,mvdec_dekm_consistent_v1,airpollution_mvdec_dekm_consistent_v1_2b88b20cd9b6_seed_44,2b88b20cd9b6ab9268889294ab249f6a1e5fb71b3e5ee88d2e8fde10ebe63a10,-31.063913,-88.15098,-77.512794,441.08942,-175.39291,102.2114,418.81628,-142.93002,75.61,581.7376,3
3487,mvdec_dekm_consistent_v1,airpollution_mvdec_dekm_consistent_v1_2b88b20cd9b6_seed_44,2b88b20cd9b6ab9268889294ab249f6a1e5fb71b3e5ee88d2e8fde10ebe63a10,-12.377697,-35.13496,-30.886631,175.90384,-69.920876,40.751003,166.98474,-56.995174,30.173056,231.95389,3
3488,mvdec_dekm_consistent_v1,airpollution_mvdec_dekm_consistent_v1_2b88b20cd9b6_seed_44,2b88b20cd9b6ab9268889294ab249f6a1e5fb71b3e5ee88d2e8fde10ebe63a10,-1.3617713,-3.8812792,-3.400107,19.575243,-7.7440915,4.519345,18.52911,-6.336303,3.3874288,25.754076,3
3489,mvdec_dekm_consistent_v1,airpollution_mvdec_dekm_consistent_v1_2b88b20cd9b6_seed_44,2b88b20cd9b6ab9268889294ab249f6a1e5fb71b3e5ee88d2e8fde10ebe63a10,-17.355112,-49.258415,-43.30787,246.5573,-98.02154,57.1267,234.08136,-79.89046,42.279068,325.1465,3
3490,mvdec_dekm_consistent_v1,airpollution_mvdec_dekm_consistent_v1_2b88b20cd9b6_seed_44,2b88b20cd9b6ab9268889294ab249f6a1e5fb71b3e5ee88d2e8fde10ebe63a10,-18.457144,-52.385178,-46.05779,262.18622,-104.240555,60.749226,248.92708,-84.95661,44.95618,345.76495,3
3491,mvdec_dekm_consistent_v1,airpollution_mvdec_dekm_consistent_v1_2b88b20cd9b6_seed_44,2b88b20cd9b6ab9268889294ab249f6a1e5fb71b3e5ee88d2e8fde10ebe63a10,-12.99807,-36.89785,-32.436142,184.71223,-73.42841,42.793888,175.35738,-59.851402,31.680962,243.57774,3
3492,mvdec_dekm_consistent_v1,airpollution_mvdec_dekm_consistent_v1_2b88b20cd9b6_seed_44,2b88b20cd9b6ab9268889294ab249f6a1e5fb71b3e5ee88d2e8fde10ebe63a10,-9.845157,-27.95154,-24.568956,139.96094,-55.629833,32.421814,132.85919,-45.349934,24.013481,184.5507,3
3493,mvdec_dekm_consistent_v1,airpollution_mvdec_dekm_consistent_v1_2b88b20cd9b6_seed_44,2b88b20cd9b6ab9268889294ab249f6a1e5fb71b3e5ee88d2e8fde10ebe63a10,-9.738349,-27.649603,-24.303047,138.4541,-55.029636,32.07252,131.42766,-44.861195,23.755325,182.56218,3
3494,mvdec_dekm_consistent_v1,airpollution_mvdec_dekm_consistent_v1_2b88b20cd9b6_seed_44,2b88b20cd9b6ab9268889294ab249f6a1e5fb71b3e5ee88d2e8fde10ebe63a10,-1.4199837,-4.0480084,-3.5479016,20.40605,-8.076837,4.7121468,19.32152,-6.607108,3.5297384,26.853374,3
3495,mvdec_dekm_consistent_v1,airpollution_mvdec_dekm_consistent_v1_2b88b20cd9b6_seed_44,2b88b20cd9b6ab9268889294ab249f6a1e5fb71b3e5ee88d2e8fde10ebe63a10,-14.024425,-39.8096,-34.999046,199.29099,-79.22373,46.17187,189.19713,-64.57479,34.18037,262.804,3
3496,mvdec_dekm_consistent_v1,airpollution_mvdec_dekm_consistent_v1_2b88b20cd9b6_seed_44,2b88b20cd9b6ab9268889294ab249f6a1e5fb71b3e5ee88d2e8fde10ebe63a10,-22.802444,-64.71449,-56.902626,323.85794,-128.76936,75.042015,307.49323,-104.94244,55.523296,427.11188,3
3497,mvdec_dekm_consistent_v1,airpollution_mvdec_dekm_consistent_v1_2b88b20cd9b6_seed_44,2b88b20cd9b6ab9268889294ab249f6a1e5fb71b3e5ee88d2e8fde10ebe63a10,-26.165398,-74.257324,-65.294716,371.59454,-147.75505,86.10568,352.8261,-120.41138,63.702473,490.0766,3
3498,mvdec_dekm_consistent_v1,airpollution_mvdec_dekm_consistent_v1_2b88b20cd9b6_seed_44,2b88b20cd9b6ab9268889294ab249f6a1e5fb71b3e5ee88d2e8fde10ebe63a10,-16.069092,-45.61284,-40.102207,228.30707,-90.766846,52.896553,216.75589,-73.97908,39.151047,301.08005,3
3499,mvdec_dekm_consistent_v1,airpollution_mvdec_dekm_consistent_v1_2b88b20cd9b6_seed_44,2b88b20cd9b6ab9268889294ab249f6a1e5fb71b3e5ee88d2e8fde10ebe63a10,-29.045837,-82.42984,-72.482704,412.47174,-164.01347,95.579155,391.64505,-133.65831,70.706474,543.99493,3
3500,mvdec_dekm_consistent_v1,airpollution_mvdec_dekm_consistent_v1_2b88b20cd9b6_seed_44,2b88b20cd9b6ab9268889294ab249f6a1e5fb71b3e5ee88d2e8fde10ebe63a10,-46.247215,-131.23268,-115.404045,656.58923,-261.10532,152.15668,623.46844,-212.76561,112.53421,865.9891,3
3501,mvdec_dekm_consistent_v1,airpollution_mvdec_dekm_consistent_v1_2b88b20cd9b6_seed_44,2b88b20cd9b6ab9268889294ab249f6a1e5fb71b3e5ee88d2e8fde10ebe63a10,-61.277424,-173.87584,-152.9078,869.89856,-345.9434,201.59421,826.0352,-281.889,149.08324,1147.3462,3
3502,mvdec_dekm_consistent_v1,airpollution_mvdec_dekm_consistent_v1_2b88b20cd9b6_seed_44,2b88b20cd9b6ab9268889294ab249f6a1e5fb71b3e5ee88d2e8fde10ebe63a10,-83.15687,-235.95049,-207.50153,1180.4031,-469.43912,273.5579,1120.9022,-382.5093,202.28583,1556.9056,3
3503,mvdec_dekm_consistent_v1,airpollution_mvdec_dekm_consistent_v1_2b88b20cd9b6_seed_44,2b88b20cd9b6ab9268889294ab249f6a1e5fb71b3e5ee88d2e8fde10ebe63a10,-109.19529,-309.82343,-272.47287,1549.9307,-616.40875,359.2007,1471.8175,-502.25583,265.60272,2044.3158,3
3504,mvdec_dekm_consistent_v1,airpollution_mvdec_dekm_consistent_v1_2b88b20cd9b6_seed_44,2b88b20cd9b6ab9268889294ab249f6a1e5fb71b3e5ee88d2e8fde10ebe63a10,-125.9484,-357.35483,-314.2752,1787.6844,-710.9702,414.30362,1697.5991,-579.30115,306.33957,2357.9175,3
3505,mvdec_dekm_consistent_v1,airpollution_mvdec_dekm_consistent_v1_2b88b20cd9b6_seed_44,2b88b20cd9b6ab9268889294ab249f6a1e5fb71b3e5ee88d2e8fde10ebe63a10,-130.74904,-370.9736,-326.2539,1855.8092,-738.0657,430.0923,1762.292,-601.37744,318.01306,2447.7747,3
3506,mvdec_dekm_consistent_v1,airpollution_mvdec_dekm_consistent_v1_2b88b20cd9b6_seed_44,2b88b20cd9b6ab9268889294ab249f6a1e5fb71b3e5ee88d2e8fde10ebe63a10,-117.724915,-334.0242,-293.7555,1670.9788,-664.5544,387.25586,1586.7725,-541.48236,286.3425,2203.982,3
3507,mvdec_dekm_consistent_v1,airpollution_mvdec_dekm_consistent_v1_2b88b20cd9b6_seed_44,2b88b20cd9b6ab9268889294ab249f6a1e5fb71b3e5ee88d2e8fde10ebe63a10,-85.20622,-241.76344,-212.61447,1209.4803,-481.00488,280.297,1148.5153,-391.93216,207.26877,1595.2598,3
3508,mvdec_dekm_consistent_v1,airpollution_mvdec_dekm_consistent_v1_2b88b20cd9b6_seed_44,2b88b20cd9b6ab9268889294ab249f6a1e5fb71b3e5ee88d2e8fde10ebe63a10,-53.509308,-151.83485,-133.52339,759.645,-302.09372,176.04164,721.3343,-246.16112,130.19237,1001.9209,3
3509,mvdec_dekm_consistent_v1,airpollution_mvdec_dekm_consistent_v1_2b88b20cd9b6_seed_44,2b88b20cd9b6ab9268889294ab249f6a1e5fb71b3e5ee88d2e8fde10ebe63a10,-25.62946,-72.7356,-63.956524,363.9791,-144.72705,84.34078,345.5947,-117.94389,62.397614,480.03253,3
3510,mvdec_dekm_consistent_v1,airpollution_mvdec_dekm_consistent_v1_2b88b20cd9b6_seed_44,2b88b20cd9b6ab9268889294ab249f6a1e5fb71b3e5ee88d2e8fde10ebe63a10,-8.680821,-24.648672,-21.664518,123.441765,-49.059135,28.592873,117.17106,-39.996777,21.183304,162.76128,3
3511,mvdec_dekm_consistent_v1,airpollution_mvdec_dekm_consistent_v1_2b88b20cd9b6_seed_44,2b88b20cd9b6ab9268889294ab249f6a1e5fb71b3e5ee88d2e8fde10ebe63a10,-12.631853,-35.857838,-31.522352,179.50772,-71.3582,41.587246,170.41393,-58.165184,30.78922,236.71309,3
3512,mvdec_dekm_consistent_v1,airpollution_mvdec_dekm_consistent_v1_2b88b20cd9b6_seed_44,2b88b20cd9b6ab9268889294ab249f6a1e5fb71b3e5ee88d2e8fde10ebe63a10,-40.504524,-114.935844,-101.07066,575.0663,-228.68188,133.26355,546.051,-186.34738,98.565384,758.45905,3
3513,mvdec_dekm_consistent_v1,airpollution_mvdec_dekm_consistent_v1_2b88b20cd9b6_seed_44,2b88b20cd9b6ab9268889294ab249f6a1e5fb71b3e5ee88d2e8fde10ebe63a10,-72.472,-205.63153,-180.83617,1028.7385,-409.11908,238.4083,976.8753,-333.36154,176.29913,1356.8582,3
3514,mvdec_dekm_consistent_v1,airpollution_mvdec_dekm_consistent_v1_2b88b20cd9b6_seed_44,2b88b20cd9b6ab9268889294ab249f6a1e5fb71b3e5ee88d2e8fde10ebe63a10,-89.728424,-254.59146,-223.89458,1273.6373,-506.52252,295.16718,1209.4429,-412.72235,218.26013,1679.8844,3
3515,mvdec_dekm_consistent_v1,airpollution_mvdec_dekm_consistent_v1_2b88b20cd9b6_seed_44,2b88b20cd9b6ab9268889294ab249f6a1e5fb71b3e5ee88d2e8fde10ebe63a10,-69.46039,-197.08823,-173.32283,986.00775,-392.12363,228.50446,936.296,-319.5144,168.978,1300.4954,3
3516,mvdec_dekm_consistent_v1,airpollution_mvdec_dekm_consistent_v1_2b88b20cd9b6_seed_44,2b88b20cd9b6ab9268889294ab249f6a1e5fb71b3e5ee88d2e8fde10ebe63a10,-38.240112,-108.51299,-95.421844,542.94037,-215.90492,125.81778,515.54364,-175.937,93.06114,716.08496,3
3517,mvdec_dekm_consistent_v1,airpollution_mvdec_dekm_consistent_v1_2b88b20cd9b6_seed_44,2b88b20cd9b6ab9268889294ab249f6a1e5fb71b3e5ee88d2e8fde10ebe63a10,-10.556334,-29.968796,-26.34469,150.05812,-59.64504,34.76168,142.44618,-48.62189,25.744522,197.86821,3
3518,mvdec_dekm_consistent_v1,airpollution_mvdec_dekm_consistent_v1_2b88b20cd9b6_seed_44,2b88b20cd9b6ab9268889294ab249f6a1e5fb71b3e5ee88d2e8fde10ebe63a10,-12.67643,-35.98414,-31.63424,180.13982,-71.61049,41.734158,171.01558,-58.370567,30.897612,237.54813,3
3519,mvdec_dekm_consistent_v1,airpollution_mvdec_dekm_consistent_v1_2b88b20cd9b6_seed_44,2b88b20cd9b6ab9268889294ab249f6a1e5fb71b3e5ee88d2e8fde10ebe63a10,-43.738544,-124.11205,-109.1409,620.9605,-246.93706,143.90094,589.6377,-201.22066,106.42805,818.9971,3
3520,mvdec_dekm_consistent_v1,airpollution_mvdec_dekm_consistent_v1_2b88b20cd9b6_seed_44,2b88b20cd9b6ab9268889294ab249f6a1e5fb71b3e5ee88d2e8fde10ebe63a10,-71.46629,-202.77907,-178.3275,1014.4621,-403.44275,235.10028,963.32196,-328.73654,173.85165,1338.031,3
3521,mvdec_dekm_consistent_v1,airpollution_mvdec_dekm_consistent_v1_2b88b20cd9b6_seed_44,2b88b20cd9b6ab9268889294ab249f6a1e5fb71b3e5ee88d2e8fde10ebe63a10,-89.51444,-253.9841,-223.36256,1270.6051,-505.31534,294.4646,1206.5625,-411.7399,217.74121,1675.8848,3
3522,mvdec_dekm_consistent_v1,airpollution_mvdec_dekm_consistent_v1_2b88b20cd9b6_seed_44,2b88b20cd9b6ab9268889294ab249f6a1e5fb71b3e5ee88d2e8fde10ebe63a10,-87.20891,-247.44377,-217.60985,1237.8816,-492.30292,286.88083,1175.4905,-401.13687,212.13318,1632.7246,3
3523,mvdec_dekm_consistent_v1,airpollution_mvdec_dekm_consistent_v1_2b88b20cd9b6_seed_44,2b88b20cd9b6ab9268889294ab249f6a1e5fb71b3e5ee88d2e8fde10ebe63a10,-94.36887,-267.7588,-235.47644,1339.5049,-532.72034,310.43338,1271.9954,-434.0679,229.54588,1766.7662,3
3524,mvdec_dekm_consistent_v1,airpollution_mvdec_dekm_consistent_v1_2b88b20cd9b6_seed_44,2b88b20cd9b6ab9268889294ab249f6a1e5fb71b3e5ee88d2e8fde10ebe63a10,-109.62639,-311.04785,-273.54736,1556.0312,-618.8408,360.6166,1477.6212,-504.23514,266.645,2052.3704,3
3525,mvdec_dekm_consistent_v1,airpollution_mvdec_dekm_consistent_v1_2b88b20cd9b6_seed_44,2b88b20cd9b6ab9268889294ab249f6a1e5fb71b3e5ee88d2e8fde10ebe63a10,-103.62175,-294.01163,-258.56552,1470.8218,-584.9497,340.86758,1396.7008,-476.62234,252.04602,1939.9763,3
3526,mvdec_dekm_consistent_v1,airpollution_mvdec_dekm_consistent_v1_2b88b20cd9b6_seed_44,2b88b20cd9b6ab9268889294ab249f6a1e5fb71b3e5ee88d2e8fde10ebe63a10,-105.64517,-299.7528,-263.61414,1499.5378,-596.3708,347.52283,1423.9706,-485.9278,256.966,1977.853,3
3527,mvdec_dekm_consistent_v1,airpollution_mvdec_dekm_consistent_v1_2b88b20cd9b6_seed_44,2b88b20cd9b6ab9268889294ab249f6a1e5fb71b3e5ee88d2e8fde10ebe63a10,-80.93771,-229.65274,-201.96472,1148.9033,-456.91074,266.25723,1090.9878,-372.30194,196.88982,1515.3574,3
3528,mvdec_dekm_consistent_v1,airpollution_mvdec_dekm_consistent_v1_2b88b20cd9b6_seed_44,2b88b20cd9b6ab9268889294ab249f6a1e5fb71b3e5ee88d2e8fde10ebe63a10,-59.776257,-169.61508,-149.16173,848.5824,-337.4658,196.654,805.79254,-274.982,145.43115,1119.2312,3
3529,mvdec_dekm_consistent_v1,airpollution_mvdec_dekm_consistent_v1_2b88b20cd9b6_seed_44,2b88b20cd9b6ab9268889294ab249f6a1e5fb71b3e5ee88d2e8fde10ebe63a10,-41.953926,-119.050316,-104.692535,595.6596,-236.87018,138.0351,565.60443,-193.02078,102.09613,785.62103,3
3530,mvdec_dekm_consistent_v1,airpollution_mvdec_dekm_consistent_v1_2b88b20cd9b6_seed_44,2b88b20cd9b6ab9268889294ab249f6a1e5fb71b3e5ee88d2e8fde10ebe63a10,-16.948748,-48.10812,-42.298813,240.79817,-95.73298,55.791416,228.61559,-78.02645,41.292503,317.55466,3
3531,mvdec_dekm_consistent_v1,airpollution_mvdec_dekm_consistent_v1_2b88b20cd9b6_seed_44,2b88b20cd9b6ab9268889294ab249f6a1e5fb71b3e5ee88d2e8fde10ebe63a10,-10.670684,-30.296127,-26.630756,151.71696,-60.298916,35.143482,144.0091,-49.154655,26.030956,200.04605,3
3532,mvdec_dekm_consistent_v1,airpollution_mvdec_dekm_consistent_v1_2b88b20cd9b6_seed_44,2b88b20cd9b6ab9268889294ab249f6a1e5fb71b3e5ee88d2e8fde10ebe63a10,-35.838142,-101.69757,-89.42725,508.86423,-202.34732,117.91867,483.17426,-164.89124,87.22384,671.13055,3
3533,mvdec_dekm_consistent_v1,airpollution_mvdec_dekm_consistent_v1_2b88b20cd9b6_seed_44,2b88b20cd9b6ab9268889294ab249f6a1e5fb71b3e5ee88d2e8fde10ebe63a10,-61.249268,-173.79578,-152.83475,869.49884,-345.78375,201.50084,825.65027,-281.75674,149.015,1146.815,3
3534,mvdec_dekm_consistent_v1,airpollution_mvdec_dekm_consistent_v1_2b88b20cd9b6_seed_44,2b88b20cd9b6ab9268889294ab249f6a1e5fb71b3e5ee88d2e8fde10ebe63a10,-91.80786,-260.49048,-229.08257,1303.1467,-518.2565,302.00552,1237.4623,-422.28375,223.31706,1718.8047,3
3535,mvdec_dekm_consistent_v1,airpollution_mvdec_dekm_consistent_v1_2b88b20cd9b6_seed_44,2b88b20cd9b6ab9268889294ab249f6a1e5fb71b3e5ee88d2e8fde10ebe63a10,-123.751785,-351.12018,-308.7895,1756.483,-698.5616,407.07306,1667.9708,-569.18994,300.99237,2316.7632,3
3536,mvdec_dekm_consistent_v1,airpollution_mvdec_dekm_consistent_v1_2b88b20cd9b6_seed_44,2b88b20cd9b6ab9268889294ab249f6a1e5fb71b3e5ee88d2e8fde10ebe63a10,-106.12903,-301.1223,-264.81674,1506.3843,-599.0931,349.10992,1430.4703,-488.14523,258.13876,1986.8817,3
3537,mvdec_dekm_consistent_v1,airpollution_mvdec_dekm_consistent_v1_2b88b20cd9b6_seed_44,2b88b20cd9b6ab9268889294ab249f6a1e5fb71b3e5ee88d2e8fde10ebe63a10,-84.35979,-239.3603,-210.49826,1197.4435,-476.2198,277.50885,1137.0891,-388.03198,205.20396,1579.3854,3
3538,mvdec_dekm_consistent_v1,airpollution_mvdec_dekm_consistent_v1_2b88b20cd9b6_seed_44,2b88b20cd9b6ab9268889294ab249f6a1e5fb71b3e5ee88d2e8fde10ebe63a10,-63.208233,-179.35162,-157.72156,897.27374,-356.83435,207.94016,852.03613,-290.76074,153.77216,1183.4575,3
3539,mvdec_dekm_consistent_v1,airpollution_mvdec_dekm_consistent_v1_2b88b20cd9b6_seed_44,2b88b20cd9b6ab9268889294ab249f6a1e5fb71b3e5ee88d2e8fde10ebe63a10,-42.412727,-120.352104,-105.83284,602.15326,-239.45667,139.54163,571.7773,-195.12566,103.20569,794.18933,3
3540,mvdec_dekm_consistent_v1,airpollution_mvdec_dekm_consistent_v1_2b88b20cd9b6_seed_44,2b88b20cd9b6ab9268889294ab249f6a1e5fb71b3e5ee88d2e8fde10ebe63a10,-20.976639,-59.534042,-52.34561,297.9397,-118.462,69.03562,282.88202,-96.54375,51.081722,392.9264,3
3541,mvdec_dekm_consistent_v1,airpollution_mvdec_dekm_consistent_v1_2b88b20cd9b6_seed_44,2b88b20cd9b6ab9268889294ab249f6a1e5fb71b3e5ee88d2e8fde10ebe63a10,-0.2186773,-0.6395333,-0.5496366,3.3475306,-1.2942564,0.75734353,3.1240423,-1.0815077,0.60748374,4.357338,3
3542,mvdec_dekm_consistent_v1,airpollution_mvdec_dekm_consistent_v1_2b88b20cd9b6_seed_44,2b88b20cd9b6ab9268889294ab249f6a1e5fb71b3e5ee88d2e8fde10ebe63a10,-31.15788,-88.42064,-77.75101,442.43375,-175.93115,102.52401,420.0997,-143.36784,75.83964,583.5164,3
3543,mvdec_dekm_consistent_v1,airpollution_mvdec_dekm_consistent_v1_2b88b20cd9b6_seed_44,2b88b20cd9b6ab9268889294ab249f6a1e5fb71b3e5ee88d2e8fde10ebe63a10,-64.26224,-182.34299,-160.3543,912.24554,-362.7879,211.40932,866.25195,-295.61243,156.33868,1203.2046,3
3544,mvdec_dekm_consistent_v1,airpollution_mvdec_dekm_consistent_v1_2b88b20cd9b6_seed_44,2b88b20cd9b6ab9268889294ab249f6a1e5fb71b3e5ee88d2e8fde10ebe63a10,-97.45747,-276.52353,-243.18358,1383.3429,-550.1565,320.5928,1313.6263,-448.27383,237.05705,1824.5896,3
3545,mvdec_dekm_consistent_v1,airpollution_mvdec_dekm_consistent_v1_2b88b20cd9b6_seed_44,2b88b20cd9b6ab9268889294ab249f6a1e5fb71b3e5ee88d2e8fde10ebe63a10,-127.55465,-361.91296,-318.28247,1810.4711,-720.0364,419.58557,1719.2438,-586.6865,310.24225,2387.9773,3
3546,mvdec_dekm_consistent_v1,airpollution_mvdec_dekm_consistent_v1_2b88b20cd9b6_seed_44,2b88b20cd9b6ab9268889294ab249f6a1e5fb71b3e5ee88d2e8fde10ebe63a10,-158.43115,-449.51364,-395.32544,2248.6558,-894.3143,521.1411,2135.3618,-728.6824,385.3214,2965.949,3
3547,mvdec_dekm_consistent_v1,airpollution_mvdec_dekm_consistent_v1_2b88b20cd9b6_seed_44,2b88b20cd9b6ab9268889294ab249f6a1e5fb71b3e5ee88d2e8fde10ebe63a10,-168.37253,-477.71835,-420.1317,2389.745,-950.4281,553.8405,2269.345,-774.40247,409.49655,3152.0466,3
3548,mvdec_dekm_consistent_v1,airpollution_mvdec_dekm_consistent_v1_2b88b20cd9b6_seed_44,2b88b20cd9b6ab9268889294ab249f6a1e5fb71b3e5ee88d2e8fde10ebe63a10,-147.56845,-418.69397,-368.2214,2094.5032,-833.0015,485.41382,1988.9692,-678.7277,358.90967,2762.6174,3
3549,mvdec_dekm_consistent_v1,airpollution_mvdec_dekm_consistent_v1_2b88b20cd9b6_seed_44,2b88b20cd9b6ab9268889294ab249f6a1e5fb71b3e5ee88d2e8fde10ebe63a10,-130.16577,-369.3198,-324.79807,1847.5299,-734.77325,428.17413,1754.4326,-598.69476,316.5928,2436.8555,3
3550,mvdec_dekm_consistent_v1,airpollution_mvdec_dekm_consistent_v1_2b88b20cd9b6_seed_44,2b88b20cd9b6ab9268889294ab249f6a1e5fb71b3e5ee88d2e8fde10ebe63a10,-118.966095,-337.5454,-296.85233,1688.5851,-671.55774,391.33633,1603.4937,-547.1885,289.35846,2227.2065,3
3551,mvdec_dekm_consistent_v1,airpollution_mvdec_dekm_consistent_v1_2b88b20cd9b6_seed_44,2b88b20cd9b6ab9268889294ab249f6a1e5fb71b3e5ee88d2e8fde10ebe63a10,-115.72766,-328.35803,-288.77167,1642.6276,-653.27966,380.68512,1559.8513,-532.29584,281.48392,2166.5884,3
3552,mvdec_dekm_consistent_v1,airpollution_mvdec_dekm_consistent_v1_2b88b20cd9b6_seed_44,2b88b20cd9b6ab9268889294ab249f6a1e5fb71b3e5ee88d2e8fde10ebe63a10,-120.536896,-342.0027,-300.77148,1710.878,-680.4253,396.50333,1624.6655,-554.41284,293.1778,2256.612,3
3553,mvdec_dekm_consistent_v1,airpollution_mvdec_dekm_consistent_v1_2b88b20cd9b6_seed_44,2b88b20cd9b6ab9268889294ab249f6a1e5fb71b3e5ee88d2e8fde10ebe63a10,-116.09859,-329.41077,-289.69678,1647.8904,-655.37396,381.9053,1564.851,-534.0015,282.38522,2173.531,3
3554,mvdec_dekm_consistent_v1,airpollution_mvdec_dekm_consistent_v1_2b88b20cd9b6_seed_44,2b88b20cd9b6ab9268889294ab249f6a1e5fb71b3e5ee88d2e8fde10ebe63a10,-88.30595,-250.55836,-220.34761,1253.4628,-498.49945,290.49127,1190.2861,-406.1854,214.80312,1653.275,3
3555,mvdec_dekm_consistent_v1,airpollution_mvdec_dekm_consistent_v1_2b88b20cd9b6_seed_44,2b88b20cd9b6ab9268889294ab249f6a1e5fb71b3e5ee88d2e8fde10ebe63a10,-64.06771,-181.79102,-159.86778,909.48047,-361.68872,210.76875,863.6272,-294.71643,155.86432,1199.5579,3
3556,mvdec_dekm_consistent_v1,airpollution_mvdec_dekm_consistent_v1_2b88b20cd9b6_seed_44,2b88b20cd9b6ab9268889294ab249f6a1e5fb71b3e5ee88d2e8fde10ebe63a10,-45.29768,-128.53664,-113.03191,643.09705,-255.74054,149.03073,610.6579,-208.39354,110.22166,848.1939,3
3557,mvdec_dekm_consistent_v1,airpollution_mvdec_dekm_consistent_v1_2b88b20cd9b6_seed_44,2b88b20cd9b6ab9268889294ab249f6a1e5fb71b3e5ee88d2e8fde10ebe63a10,-24.153435,-68.54674,-60.272243,343.0276,-136.39351,79.48549,325.69785,-111.15398,58.807556,452.39636,3
3558,mvdec_dekm_consistent_v1,airpollution_mvdec_dekm_consistent_v1_2b88b20cd9b6_seed_44,2b88b20cd9b6ab9268889294ab249f6a1e5fb71b3e5ee88d2e8fde10ebe63a10,-8.530436,-24.220823,-21.287989,121.30345,-48.208023,28.097778,115.13985,-39.30333,20.816792,159.93988,3
3559,mvdec_dekm_consistent_v1,airpollution_mvdec_dekm_consistent_v1_2b88b20cd9b6_seed_44,2b88b20cd9b6ab9268889294ab249f6a1e5fb71b3e5ee88d2e8fde10ebe63a10,-11.998789,-34.061455,-29.94256,170.53328,-67.78672,39.507393,161.88878,-55.25568,29.252365,224.87277,3
3560,mvdec_dekm_consistent_v1,airpollution_mvdec_dekm_consistent_v1_2b88b20cd9b6_seed_44,2b88b20cd9b6ab9268889294ab249f6a1e5fb71b3e5ee88d2e8fde10ebe63a10,-1.3737106,-3.9164946,-3.4313467,19.750412,-7.815326,4.560388,18.698214,-6.393866,3.4173484,25.987268,3
3561,mvdec_dekm_consistent_v1,airpollution_mvdec_dekm_consistent_v1_2b88b20cd9b6_seed_44,2b88b20cd9b6ab9268889294ab249f6a1e5fb71b3e5ee88d2e8fde10ebe63a10,-6.0587273,-17.21008,-15.121848,86.238846,-34.261566,19.97044,81.84052,-27.940237,14.80933,113.68857,3
3562,mvdec_dekm_consistent_v1,airpollution_mvdec_dekm_consistent_v1_2b88b20cd9b6_seed_44,2b88b20cd9b6ab9268889294ab249f6a1e5fb71b3e5ee88d2e8fde10ebe63a10,-6.3198633,-17.950611,-15.773664,89.93939,-35.734528,20.828144,85.35593,-29.140125,15.443302,118.571175,3
3563,mvdec_dekm_consistent_v1,airpollution_mvdec_dekm_consistent_v1_2b88b20cd9b6_seed_44,2b88b20cd9b6ab9268889294ab249f6a1e5fb71b3e5ee88d2e8fde10ebe63a10,-30.252735,-85.8516,-75.49172,429.5842,-170.82079,99.546196,407.89722,-139.20378,73.63823,566.5675,3
3564,mvdec_dekm_consistent_v1,airpollution_mvdec_dekm_consistent_v1_2b88b20cd9b6_seed_44,2b88b20cd9b6ab9268889294ab249f6a1e5fb71b3e5ee88d2e8fde10ebe63a10,-22.339548,-63.398495,-55.747177,317.28143,-126.15373,73.51822,301.24683,-102.811295,54.397533,418.43707,3
3565,mvdec_dekm_consistent_v1,airpollution_mvdec_dekm_consistent_v1_2b88b20cd9b6_seed_44,2b88b20cd9b6ab9268889294ab249f6a1e5fb71b3e5ee88d2e8fde10ebe63a10,-6.219645,-17.663206,-15.524015,88.5142,-35.16582,20.498022,83.99914,-28.677902,15.200473,116.68957,3
3566,mvdec_dekm_consistent_v1,airpollution_mvdec_dekm_consistent_v1_2b88b20cd9b6_seed_44,2b88b20cd9b6ab9268889294ab249f6a1e5fb71b3e5ee88d2e8fde10ebe63a10,-0.5425677,-1.55595,-1.3588027,7.94785,-3.1213615,1.8243796,7.489469,-2.5707347,1.3963714,10.421825,3
3567,mvdec_dekm_consistent_v1,airpollution_mvdec_dekm_consistent_v1_2b88b20cd9b6_seed_44,2b88b20cd9b6ab9268889294ab249f6a1e5fb71b3e5ee88d2e8fde10ebe63a10,-12.686216,-36.011337,-31.660032,180.28813,-71.66697,41.767982,171.15248,-58.41784,30.924303,237.74107,3
3568,mvdec_dekm_consistent_v1,airpollution_mvdec_dekm_consistent_v1_2b88b20cd9b6_seed_44,2b88b20cd9b6ab9268889294ab249f6a1e5fb71b3e5ee88d2e8fde10ebe63a10,-17.767208,-50.429184,-44.338387,252.3933,-100.34776,58.479805,239.63129,-81.78502,43.277214,332.85208,3
3569,mvdec_dekm_consistent_v1,airpollution_mvdec_dekm_consistent_v1_2b88b20cd9b6_seed_44,2b88b20cd9b6ab9268889294ab249f6a1e5fb71b3e5ee88d2e8fde10ebe63a10,-15.497675,-43.99049,-38.67644,220.19102,-87.539856,51.0162,209.05008,-71.34971,37.760334,290.37662,3
3570,mvdec_dekm_consistent_v1,airpollution_mvdec_dekm_consistent_v1_2b88b20cd9b6_seed_44,2b88b20cd9b6ab9268889294ab249f6a1e5fb71b3e5ee88d2e8fde10ebe63a10,-79.21917,-224.77914,-197.67531,1124.5067,-447.21185,260.6045,1067.8278,-364.39764,192.70662,1483.1831,3
3571,mvdec_dekm_consistent_v1,airpollution_mvdec_dekm_consistent_v1_2b88b20cd9b6_seed_44,2b88b20cd9b6ab9268889294ab249f6a1e5fb71b3e5ee88d2e8fde10ebe63a10,-88.83879,-252.07208,-221.6793,1261.0316,-501.5113,292.24582,1197.4773,-408.6392,216.09958,1663.2611,3
3572,mvdec_dekm_consistent_v1,airpollution_mvdec_dekm_consistent_v1_2b88b20cd9b6_seed_44,2b88b20cd9b6ab9268889294ab249f6a1e5fb71b3e5ee88d2e8fde10ebe63a10,-108.2468,-307.1347,-270.10617,1536.4625,-611.05664,356.0805,1459.0358,-497.8934,263.29272,2026.5573,3
3573,mvdec_dekm_consistent_v1,airpollution_mvdec_dekm_consistent_v1_2b88b20cd9b6_seed_44,2b88b20cd9b6ab9268889294ab249f6a1e5fb71b3e5ee88d2e8fde10ebe63a10,-130.15715,-369.295,-324.7766,1847.4025,-734.72437,428.1449,1754.3135,-598.6543,316.57108,2436.6895,3
3574,mvdec_dekm_consistent_v1,airpollution_mvdec_dekm_consistent_v1_2b88b20cd9b6_seed_44,2b88b20cd9b6ab9268889294ab249f6a1e5fb71b3e5ee88d2e8fde10ebe63a10,-155.49727,-441.1883,-388.00482,2207.0195,-877.7533,511.49164,2095.821,-715.1896,378.1881,2911.029,3
3575,mvdec_dekm_consistent_v1,airpollution_mvdec_dekm_consistent_v1_2b88b20cd9b6_seed_44,2b88b20cd9b6ab9268889294ab249f6a1e5fb71b3e5ee88d2e8fde10ebe63a10,-158.52863,-449.78696,-395.56897,2250.0383,-894.86206,521.4616,2136.6707,-729.12964,385.56006,2967.7705,3
3576,mvdec_dekm_consistent_v1,airpollution_mvdec_dekm_consistent_v1_2b88b20cd9b6_seed_44,2b88b20cd9b6ab9268889294ab249f6a1e5fb71b3e5ee88d2e8fde10ebe63a10,-127.73767,-362.43024,-318.73895,1813.0637,-721.06665,420.18698,1721.705,-587.52655,310.6868,2391.3962,3
3577,mvdec_dekm_consistent_v1,airpollution_mvdec_dekm_consistent_v1_2b88b20cd9b6_seed_44,2b88b20cd9b6ab9268889294ab249f6a1e5fb71b3e5ee88d2e8fde10ebe63a10,-98.4635,-279.37158,-245.68884,1397.5967,-555.8216,323.8956,1327.1538,-452.89047,239.50046,1843.3844,3
3578,mvdec_dekm_consistent_v1,airpollution_mvdec_dekm_consistent_v1_2b88b20cd9b6_seed_44,2b88b20cd9b6ab9268889294ab249f6a1e5fb71b3e5ee88d2e8fde10ebe63a10,-72.602936,-206.00293,-181.16159,1030.5934,-409.85593,238.83786,978.6357,-333.96213,176.61647,1359.3036,3
3579,mvdec_dekm_consistent_v1,airpollution_mvdec_dekm_consistent_v1_2b88b20cd9b6_seed_44,2b88b20cd9b6ab9268889294ab249f6a1e5fb71b3e5ee88d2e8fde10ebe63a10,-54.782,-155.44312,-136.695,777.6861,-309.26883,180.22336,738.4664,-252.00679,133.28249,1025.7167,3
3580,mvdec_dekm_consistent_v1,airpollution_mvdec_dekm_consistent_v1_2b88b20cd9b6_seed_44,2b88b20cd9b6ab9268889294ab249f6a1e5fb71b3e5ee88d2e8fde10ebe63a10,-31.618189,-89.72483,-78.89691,448.95496,-178.52429,104.03553,426.29138,-145.48038,76.95672,592.11664,3
3581,mvdec_dekm_consistent_v1,airpollution_mvdec_dekm_consistent_v1_2b88b20cd9b6_seed_44,2b88b20cd9b6ab9268889294ab249f6a1e5fb71b3e5ee88d2e8fde10ebe63a10,-2.7368412,-7.784019,-6.8316984,39.080124,-15.506408,9.040842,37.058475,-12.659016,6.728101,51.48713,3
3582,mvdec_dekm_consistent_v1,airpollution_mvdec_dekm_consistent_v1_2b88b20cd9b6_seed_44,2b88b20cd9b6ab9268889294ab249f6a1e5fb71b3e5ee88d2e8fde10ebe63a10,-32.890823,-93.33688,-82.07333,467.0202,-185.71063,108.22271,443.4494,-151.33511,80.05169,615.9467,3
3583,mvdec_dekm_consistent_v1,airpollution_mvdec_dekm_consistent_v1_2b88b20cd9b6_seed_44,2b88b20cd9b6ab9268889294ab249f6a1e5fb71b3e5ee88d2e8fde10ebe63a10,-43.831512,-124.37588,-109.37316,622.2865,-247.4636,144.20773,590.8949,-201.64972,106.65627,820.7444,3
3584,mvdec_dekm_consistent_v1,airpollution_mvdec_dekm_consistent_v1_2b88b20cd9b6_seed_44,2b88b20cd9b6ab9268889294ab249f6a1e5fb71b3e5ee88d2e8fde10ebe63a10,-64.44379,-182.85626,-160.80554,914.81085,-363.8087,212.0044,868.68835,-296.4437,156.77797,1206.5885,3
3585,mvdec_dekm_consistent_v1,airpollution_mvdec_dekm_consistent_v1_2b88b20cd9b6_seed_44,2b88b20cd9b6ab9268889294ab249f6a1e5fb71b3e5ee88d2e8fde10ebe63a10,-63.590965,-180.43623,-158.67815,902.70996,-358.99506,209.19957,857.1955,-292.52222,154.70525,1190.6266,3
3586,mvdec_dekm_consistent_v1,airpollution_mvdec_dekm_consistent_v1_2b88b20cd9b6_seed_44,2b88b20cd9b6ab9268889294ab249f6a1e5fb71b3e5ee88d2e8fde10ebe63a10,-30.379412,-86.21148,-75.80897,431.39224,-171.53822,99.964935,409.61203,-139.78911,73.94866,568.95056,3
3587,mvdec_dekm_consistent_v1,airpollution_mvdec_dekm_consistent_v1_2b88b20cd9b6_seed_44,2b88b20cd9b6ab9268889294ab249f6a1e5fb71b3e5ee88d2e8fde10ebe63a10,-2.7627904,-7.859856,-6.899678,39.468796,-15.660047,9.130589,37.426853,-12.784952,6.795526,51.999268,3
3588,mvdec_dekm_consistent_v1,airpollution_mvdec_dekm_consistent_v1_2b88b20cd9b6_seed_44,2b88b20cd9b6ab9268889294ab249f6a1e5fb71b3e5ee88d2e8fde10ebe63a10,-35.257874,-100.05476,-87.98296,500.6347,-199.07846,116.01269,475.36926,-162.22777,85.81231,660.2833,3
3589,mvdec_dekm_consistent_v1,airpollution_mvdec_dekm_consistent_v1_2b88b20cd9b6_seed_44,2b88b20cd9b6ab9268889294ab249f6a1e5fb71b3e5ee88d2e8fde10ebe63a10,-59.268333,-168.17584,-147.89368,841.3743,-334.60117,194.98402,798.95154,-272.64673,144.19452,1109.7256,3
3590,mvdec_dekm_consistent_v1,airpollution_mvdec_dekm_consistent_v1_2b88b20cd9b6_seed_44,2b88b20cd9b6ab9268889294ab249f6a1e5fb71b3e5ee88d2e8fde10ebe63a10,-86.90668,-246.58908,-216.85739,1233.6118,-490.60327,285.89062,1171.4344,-399.7525,211.40182,1627.0911,3
3591,mvdec_dekm_consistent_v1,airpollution_mvdec_dekm_consistent_v1_2b88b20cd9b6_seed_44,2b88b20cd9b6ab9268889294ab249f6a1e5fb71b3e5ee88d2e8fde10ebe63a10,-117.22325,-332.60098,-292.50412,1663.8593,-661.72205,385.6062,1580.0121,-539.1753,285.1223,2194.5913,3
3592,mvdec_dekm_consistent_v1,airpollution_mvdec_dekm_consistent_v1_2b88b20cd9b6_seed_44,2b88b20cd9b6ab9268889294ab249f6a1e5fb71b3e5ee88d2e8fde10ebe63a10,-118.809395,-337.10065,-296.46158,1686.367,-670.67456,390.82294,1601.3868,-546.4693,288.97852,2224.2798,3
3593,mvdec_dekm_consistent_v1,airpollution_mvdec_dekm_consistent_v1_2b88b20cd9b6_seed_44,2b88b20cd9b6ab9268889294ab249f6a1e5fb71b3e5ee88d2e8fde10ebe63a10,-101.60661,-288.29385,-253.53711,1442.2285,-573.5746,334.24008,1369.5432,-467.35535,247.14735,1902.2582,3
3594,mvdec_dekm_consistent_v1,airpollution_mvdec_dekm_consistent_v1_2b88b20cd9b6_seed_44,2b88b20cd9b6ab9268889294ab249f6a1e5fb71b3e5ee88d2e8fde10ebe63a10,-81.03987,-229.94312,-202.21887,1150.3501,-457.48712,266.59283,1092.3632,-372.77112,197.1365,1517.2668,3
3595,mvdec_dekm_consistent_v1,airpollution_mvdec_dekm_consistent_v1_2b88b20cd9b6_seed_44,2b88b20cd9b6ab9268889294ab249f6a1e5fb71b3e5ee88d2e8fde10ebe63a10,-70.51645,-200.08615,-175.96114,1001.00934,-398.0894,231.9806,950.54126,-324.3762,171.54921,1320.2827,3
3596,mvdec_dekm_consistent_v1,airpollution_mvdec_dekm_consistent_v1_2b88b20cd9b6_seed_44,2b88b20cd9b6ab9268889294ab249f6a1e5fb71b3e5ee88d2e8fde10ebe63a10,-73.358315,-208.14996,-183.05138,1041.3373,-414.13025,241.32765,988.8411,-337.44495,178.45781,1373.4774,3
3597,mvdec_dekm_consistent_v1,airpollution_mvdec_dekm_consistent_v1_2b88b20cd9b6_seed_44,2b88b20cd9b6ab9268889294ab249f6a1e5fb71b3e5ee88d2e8fde10ebe63a10,-63.22512,-179.4003,-157.76741,897.5378,-356.93518,207.99983,852.2802,-290.84506,153.82016,1183.8014,3
3598,mvdec_dekm_consistent_v1,airpollution_mvdec_dekm_consistent_v1_2b88b20cd9b6_seed_44,2b88b20cd9b6ab9268889294ab249f6a1e5fb71b3e5ee88d2e8fde10ebe63a10,-34.100338,-96.76918,-85.09394,484.20364,-192.54253,112.20442,459.76364,-156.90273,82.997604,638.6092,3
3599,mvdec_dekm_consistent_v1,airpollution_mvdec_dekm_consistent_v1_2b88b20cd9b6_seed_44,2b88b20cd9b6ab9268889294ab249f6a1e5fb71b3e5ee88d2e8fde10ebe63a10,-16.717072,-47.449944,-41.71862,237.5046,-94.42305,55.02823,225.48746,-76.958534,40.728123,313.20947,3
3600,mvdec_dekm_consistent_v1,airpollution_mvdec_dekm_consistent_v1_2b88b20cd9b6_seed_44,2b88b20cd9b6ab9268889294ab249f6a1e5fb71b3e5ee88d2e8fde10ebe63a10,-4.4464574,-12.634716,-11.099782,63.35357,-25.159386,14.665981,60.10715,-20.524712,10.888881,83.50322,3
3601,mvdec_dekm_consistent_v1,airpollution_mvdec_dekm_consistent_v1_2b88b20cd9b6_seed_44,2b88b20cd9b6ab9268889294ab249f6a1e5fb71b3e5ee88d2e8fde10ebe63a10,-1.7626595,-5.0380073,-4.4159994,25.384829,-10.048179,5.860861,24.042921,-8.214272,4.38805,33.412273,3
3602,mvdec_dekm_consistent_v1,airpollution_mvdec_dekm_consistent_v1_2b88b20cd9b6_seed_44,2b88b20cd9b6ab9268889294ab249f6a1e5fb71b3e5ee88d2e8fde10ebe63a10,-20.847353,-59.167984,-52.023533,296.11392,-117.73609,68.61238,281.1467,-95.95123,50.769386,390.51715,3
3603,mvdec_dekm_consistent_v1,airpollution_mvdec_dekm_consistent_v1_2b88b20cd9b6_seed_44,2b88b20cd9b6ab9268889294ab249f6a1e5fb71b3e5ee88d2e8fde10ebe63a10,-53.862144,-152.83836,-134.40361,764.6639,-304.09076,177.20493,726.0996,-247.78589,131.05188,1008.5399,3
3604,mvdec_dekm_consistent_v1,airpollution_mvdec_dekm_consistent_v1_2b88b20cd9b6_seed_44,2b88b20cd9b6ab9268889294ab249f6a1e5fb71b3e5ee88d2e8fde10ebe63a10,-87.05289,-247.0009,-217.21884,1235.6683,-491.42084,286.3672,1173.3854,-400.41812,211.75461,1629.8022,3
3605,mvdec_dekm_consistent_v1,airpollution_mvdec_dekm_consistent_v1_2b88b20cd9b6_seed_44,2b88b20cd9b6ab9268889294ab249f6a1e5fb71b3e5ee88d2e8fde10ebe63a10,-120.266624,-341.2341,-300.0944,1707.0289,-678.8942,395.61166,1621.0099,-553.16486,292.5181,2251.5344,3
3606,mvdec_dekm_consistent_v1,airpollution_mvdec_dekm_consistent_v1_2b88b20cd9b6_seed_44,2b88b20cd9b6ab9268889294ab249f6a1e5fb71b3e5ee88d2e8fde10ebe63a10,-131.1854,-372.21188,-327.33893,1861.982,-740.5241,431.5246,1768.1611,-603.37866,319.06772,2455.921,3
3607,mvdec_dekm_consistent_v1,airpollution_mvdec_dekm_consistent_v1_2b88b20cd9b6_seed_44,2b88b20cd9b6ab9268889294ab249f6a1e5fb71b3e5ee88d2e8fde10ebe63a10,-110.04703,-312.2393,-274.59442,1561.9923,-621.2105,361.99802,1483.2797,-506.16586,267.66666,2060.2305,3
3608,mvdec_dekm_consistent_v1,airpollution_mvdec_dekm_consistent_v1_2b88b20cd9b6_seed_44,2b88b20cd9b6ab9268889294ab249f6a1e5fb71b3e5ee88d2e8fde10ebe63a10,-88.8452,-252.0862,-221.69133,1261.1003,-501.5378,292.26215,1197.5403,-408.6606,216.11111,1663.3502,3
3609,mvdec_dekm_consistent_v1,airpollution_mvdec_dekm_consistent_v1_2b88b20cd9b6_seed_44,2b88b20cd9b6ab9268889294ab249f6a1e5fb71b3e5ee88d2e8fde10ebe63a10,-64.87256,-184.07182,-161.87503,920.88934,-366.22607,213.41335,874.4607,-298.41367,157.81918,1214.6064,3
3610,mvdec_dekm_consistent_v1,airpollution_mvdec_dekm_consistent_v1_2b88b20cd9b6_seed_44,2b88b20cd9b6ab9268889294ab249f6a1e5fb71b3e5ee88d2e8fde10ebe63a10,-34.19505,-97.035355,-85.32928,485.5295,-193.07072,112.51211,461.02332,-157.33319,83.22436,640.3595,3
3611,mvdec_dekm_consistent_v1,airpollution_mvdec_dekm_consistent_v1_2b88b20cd9b6_seed_44,2b88b20cd9b6ab9268889294ab249f6a1e5fb71b3e5ee88d2e8fde10ebe63a10,-6.432188,-18.268723,-16.055218,91.532616,-36.367756,21.197351,86.86838,-29.6569,15.716458,120.67312,3
3612,mvdec_dekm_consistent_v1,airpollution_mvdec_dekm_consistent_v1_2b88b20cd9b6_seed_44,2b88b20cd9b6ab9268889294ab249f6a1e5fb71b3e5ee88d2e8fde10ebe63a10,-24.485847,-69.49153,-61.104362,347.75156,-138.27344,80.579956,330.18552,-112.68596,59.61702,458.6295,3
3613,mvdec_dekm_consistent_v1,airpollution_mvdec_dekm_consistent_v1_2b88b20cd9b6_seed_44,2b88b20cd9b6ab9268889294ab249f6a1e5fb71b3e5ee88d2e8fde10ebe63a10,-53.38221,-151.47585,-133.20712,757.8413,-301.37802,175.6242,719.62524,-245.57765,129.88206,999.5448,3
3614,mvdec_dekm_consistent_v1,airpollution_mvdec_dekm_consistent_v1_2b88b20cd9b6_seed_44,2b88b20cd9b6ab9268889294ab249f6a1e5fb71b3e5ee88d2e8fde10ebe63a10,-85.1926,-241.72734,-212.5808,1209.2847,-480.9298,280.25266,1148.3354,-391.87012,207.23282,1595.0057,3
3615,mvdec_dekm_consistent_v1,airpollution_mvdec_dekm_consistent_v1_2b88b20cd9b6_seed_44,2b88b20cd9b6ab9268889294ab249f6a1e5fb71b3e5ee88d2e8fde10ebe63a10,-117.75082,-334.09882,-293.82,1671.3363,-664.7001,387.33966,1587.1183,-541.6,286.4018,2204.4583,3
3616,mvdec_dekm_consistent_v1,airpollution_mvdec_dekm_consistent_v1_2b88b20cd9b6_seed_44,2b88b20cd9b6ab9268889294ab249f6a1e5fb71b3e5ee88d2e8fde10ebe63a10,-150.58606,-427.25543,-375.7499,2137.3154,-850.0321,495.337,2029.6306,-692.60254,366.2437,2819.091,3
3617,mvdec_dekm_consistent_v1,airpollution_mvdec_dekm_consistent_v1_2b88b20cd9b6_seed_44,2b88b20cd9b6ab9268889294ab249f6a1e5fb71b3e5ee88d2e8fde10ebe63a10,-183.56232,-520.8126,-458.03226,2605.3042,-1036.1624,603.80005,2474.0493,-844.2556,446.43048,3436.373,0
3618,mvdec_dekm_consistent_v1,airpollution_mvdec_dekm_consistent_v1_2b88b20cd9b6_seed_44,2b88b20cd9b6ab9268889294ab249f6a1e5fb71b3e5ee88d2e8fde10ebe63a10,-175.23947,-497.19846,-437.26447,2487.1785,-989.18176,576.4228,2361.8735,-805.97705,426.19006,3280.5645,3
3619,mvdec_dekm_consistent_v1,airpollution_mvdec_dekm_consistent_v1_2b88b20cd9b6_seed_44,2b88b20cd9b6ab9268889294ab249f6a1e5fb71b3e5ee88d2e8fde10ebe63a10,-160.62668,-455.7402,-400.80273,2279.8054,-906.7027,528.3613,2164.9426,-738.7764,390.6588,3007.0356,3
3620,mvdec_dekm_consistent_v1,airpollution_mvdec_dekm_consistent_v1_2b88b20cd9b6_seed_44,2b88b20cd9b6ab9268889294ab249f6a1e5fb71b3e5ee88d2e8fde10ebe63a10,-151.52765,-429.92172,-378.09448,2150.6614,-855.3356,498.42896,2042.2953,-696.9245,368.53174,2836.6873,3
3621,mvdec_dekm_consistent_v1,airpollution_mvdec_dekm_consistent_v1_2b88b20cd9b6_seed_44,2b88b20cd9b6ab9268889294ab249f6a1e5fb71b3e5ee88d2e8fde10ebe63a10,-148.94527,-422.5954,-371.65158,2114.0154,-840.761,489.93588,2007.4951,-685.0493,362.25296,2788.351,3
3622,mvdec_dekm_consistent_v1,airpollution_mvdec_dekm_consistent_v1_2b88b20cd9b6_seed_44,2b88b20cd9b6ab9268889294ab249f6a1e5fb71b3e5ee88d2e8fde10ebe63a10,-134.9559,-382.9056,-336.7458,1915.4847,-761.80035,443.92374,1818.9628,-620.71497,328.2366,2526.4873,3
3623,mvdec_dekm_consistent_v1,airpollution_mvdec_dekm_consistent_v1_2b88b20cd9b6_seed_44,2b88b20cd9b6ab9268889294ab249f6a1e5fb71b3e5ee88d2e8fde10ebe63a10,-103.27101,-293.01212,-257.68588,1465.8268,-582.9601,339.7094,1391.9508,-475.00162,251.19104,1933.3829,3
3624,mvdec_dekm_consistent_v1,airpollution_mvdec_dekm_consistent_v1_2b88b20cd9b6_seed_44,2b88b20cd9b6ab9268889294ab249f6a1e5fb71b3e5ee88d2e8fde10ebe63a10,-71.731995,-203.53275,-178.98967,1018.2368,-404.9428,235.9745,966.9039,-329.95865,174.49916,1343.0072,3
3625,mvdec_dekm_consistent_v1,airpollution_mvdec_dekm_consistent_v1_2b88b20cd9b6_seed_44,2b88b20cd9b6ab9268889294ab249f6a1e5fb71b3e5ee88d2e8fde10ebe63a10,-41.955544,-119.05326,-104.69148,595.65985,-236.87334,138.03667,565.6091,-193.02113,102.09366,785.6232,3
3626,mvdec_dekm_consistent_v1,airpollution_mvdec_dekm_consistent_v1_2b88b20cd9b6_seed_44,2b88b20cd9b6ab9268889294ab249f6a1e5fb71b3e5ee88d2e8fde10ebe63a10,-17.23222,-48.91065,-43.001537,244.79448,-97.32621,56.71909,232.41599,-79.322296,41.974934,322.82913,3
3627,mvdec_dekm_consistent_v1,airpollution_mvdec_dekm_consistent_v1_2b88b20cd9b6_seed_44,2b88b20cd9b6ab9268889294ab249f6a1e5fb71b3e5ee88d2e8fde10ebe63a10,-1.7267537,-4.919283,-4.3130646,24.75673,-9.809376,5.721365,23.4569,-8.017603,4.274293,32.59449,3
3628,mvdec_dekm_consistent_v1,airpollution_mvdec_dekm_consistent_v1_2b88b20cd9b6_seed_44,2b88b20cd9b6ab9268889294ab249f6a1e5fb71b3e5ee88d2e8fde10ebe63a10,-18.316298,-51.98744,-45.70817,260.19836,-103.45009,60.28879,247.04091,-84.3128,44.615307,343.1439,3
3629,mvdec_dekm_consistent_v1,airpollution_mvdec_dekm_consistent_v1_2b88b20cd9b6_seed_44,2b88b20cd9b6ab9268889294ab249f6a1e5fb71b3e5ee88d2e8fde10ebe63a10,-38.045837,-107.96334,-94.93811,540.196,-214.81241,125.182076,512.9376,-175.04721,92.590706,712.4644,3
3630,mvdec_dekm_consistent_v1,airpollution_mvdec_dekm_consistent_v1_2b88b20cd9b6_seed_44,2b88b20cd9b6ab9268889294ab249f6a1e5fb71b3e5ee88d2e8fde10ebe63a10,-28.231556,-80.119774,-70.45033,400.91666,-159.41826,92.90188,380.67343,-129.91373,68.72628,528.7542,3
3631,mvdec_dekm_consistent_v1,airpollution_mvdec_dekm_consistent_v1_2b88b20cd9b6_seed_44,2b88b20cd9b6ab9268889294ab249f6a1e5fb71b3e5ee88d2e8fde10ebe63a10,-39.261383,-111.41329,-97.972244,557.4444,-221.6746,129.17928,529.31995,-180.6379,95.545685,735.21796,3
3632,mvdec_dekm_consistent_v1,airpollution_mvdec_dekm_consistent_v1_2b88b20cd9b6_seed_44,2b88b20cd9b6ab9268889294ab249f6a1e5fb71b3e5ee88d2e8fde10ebe63a10,-38.41122,-109.00006,-95.85106,545.3769,-216.87444,126.382385,517.8588,-176.7273,93.47856,719.3001,3
3633,mvdec_dekm_consistent_v1,airpollution_mvdec_dekm_consistent_v1_2b88b20cd9b6_seed_44,2b88b20cd9b6ab9268889294ab249f6a1e5fb71b3e5ee88d2e8fde10ebe63a10,-52.1438,-147.96133,-130.11652,740.262,-294.38602,171.54999,702.9306,-239.88098,126.870125,976.35724,3
3634,mvdec_dekm_consistent_v1,airpollution_mvdec_dekm_consistent_v1_2b88b20cd9b6_seed_44,2b88b20cd9b6ab9268889294ab249f6a1e5fb71b3e5ee88d2e8fde10ebe63a10,-50.196415,-142.43512,-125.25804,712.6268,-283.39346,165.14474,676.6844,-230.92532,122.136086,939.90436,3
3635,mvdec_dekm_consistent_v1,airpollution_mvdec_dekm_consistent_v1_2b88b20cd9b6_seed_44,2b88b20cd9b6ab9268889294ab249f6a1e5fb71b3e5ee88d2e8fde10ebe63a10,-38.62045,-109.592545,-96.37374,548.34546,-218.05421,127.070206,520.676,-177.68922,93.98784,723.2149,3
3636,mvdec_dekm_consistent_v1,airpollution_mvdec_dekm_consistent_v1_2b88b20cd9b6_seed_44,2b88b20cd9b6ab9268889294ab249f6a1e5fb71b3e5ee88d2e8fde10ebe63a10,-8.230941,-23.373726,-20.544895,117.06879,-46.524242,27.115456,111.11898,-37.932163,20.09187,154.35588,3
3637,mvdec_dekm_consistent_v1,airpollution_mvdec_dekm_consistent_v1_2b88b20cd9b6_seed_44,2b88b20cd9b6ab9268889294ab249f6a1e5fb71b3e5ee88d2e8fde10ebe63a10,-15.566744,-44.187195,-38.84961,221.17972,-87.931694,51.244534,209.98659,-71.66955,37.930378,291.6789,3
3638,mvdec_dekm_consistent_v1,airpollution_mvdec_dekm_consistent_v1_2b88b20cd9b6_seed_44,2b88b20cd9b6ab9268889294ab249f6a1e5fb71b3e5ee88d2e8fde10ebe63a10,-11.517472,-32.69915,-28.74529,163.71364,-65.07578,37.925797,155.41452,-53.047268,28.083775,215.8803,3
3639,mvdec_dekm_consistent_v1,airpollution_mvdec_dekm_consistent_v1_2b88b20cd9b6_seed_44,2b88b20cd9b6ab9268889294ab249f6a1e5fb71b3e5ee88d2e8fde10ebe63a10,-15.8534775,-45.00022,-39.564293,225.24648,-89.54864,52.18694,213.84758,-72.987015,38.62716,297.04208,3
3640,mvdec_dekm_consistent_v1,airpollution_mvdec_dekm_consistent_v1_2b88b20cd9b6_seed_44,2b88b20cd9b6ab9268889294ab249f6a1e5fb71b3e5ee88d2e8fde10ebe63a10,-112.33773,-318.73953,-280.3117,1594.5104,-634.1428,369.53375,1514.1587,-516.7034,273.23874,2103.1218,3
3641,mvdec_dekm_consistent_v1,airpollution_mvdec_dekm_consistent_v1_2b88b20cd9b6_seed_44,2b88b20cd9b6ab9268889294ab249f6a1e5fb71b3e5ee88d2e8fde10ebe63a10,-119.316185,-338.53735,-297.72415,1693.5438,-673.53094,392.48627,1608.204,-548.79553,290.20776,2233.7478,3
3642,mvdec_dekm_consistent_v1,airpollution_mvdec_dekm_consistent_v1_2b88b20cd9b6_seed_44,2b88b20cd9b6ab9268889294ab249f6a1e5fb71b3e5ee88d2e8fde10ebe63a10,-134.39679,-381.32352,-335.35272,1907.5592,-758.6517,442.08768,1811.4437,-618.1483,326.877,2516.038,3
3643,mvdec_dekm_consistent_v1,airpollution_mvdec_dekm_consistent_v1_2b88b20cd9b6_seed_44,2b88b20cd9b6ab9268889294ab249f6a1e5fb71b3e5ee88d2e8fde10ebe63a10,-155.21547,-440.38803,-387.29987,2203.0115,-876.16046,510.56284,2092.0156,-713.8907,377.50125,2905.743,3
3644,mvdec_dekm_consistent_v1,airpollution_mvdec_dekm_consistent_v1_2b88b20cd9b6_seed_44,2b88b20cd9b6ab9268889294ab249f6a1e5fb71b3e5ee88d2e8fde10ebe63a10,-177.15854,-502.6431,-442.0514,2514.4136,-1000.0138,582.7349,2387.7363,-814.80206,430.85706,3316.487,3
3645,mvdec_dekm_consistent_v1,airpollution_mvdec_dekm_consistent_v1_2b88b20cd9b6_seed_44,2b88b20cd9b6ab9268889294ab249f6a1e5fb71b3e5ee88d2e8fde10ebe63a10,-172.57056,-489.62524,-430.60266,2449.2974,-974.115,567.6434,2325.8987,-793.70056,419.7,3230.5977,3
3646,mvdec_dekm_consistent_v1,airpollution_mvdec_dekm_consistent_v1_2b88b20cd9b6_seed_44,2b88b20cd9b6ab9268889294ab249f6a1e5fb71b3e5ee88d2e8fde10ebe63a10,-144.70107,-410.5553,-361.0617,2053.78,-816.8069,475.97665,1950.2991,-665.5313,351.93094,2708.904,3
3647,mvdec_dekm_consistent_v1,airpollution_mvdec_dekm_consistent_v1_2b88b20cd9b6_seed_44,2b88b20cd9b6ab9268889294ab249f6a1e5fb71b3e5ee88d2e8fde10ebe63a10,-119.60535,-339.35757,-298.44565,1697.6433,-675.16174,393.43674,1612.0979,-550.1243,290.9097,2239.156,3
3648,mvdec_dekm_consistent_v1,airpollution_mvdec_dekm_consistent_v1_2b88b20cd9b6_seed_44,2b88b20cd9b6ab9268889294ab249f6a1e5fb71b3e5ee88d2e8fde10ebe63a10,-99.20323,-281.4752,-247.53894,1408.1101,-560.0068,326.33313,1337.1461,-456.29984,241.30038,1857.2579,3
3649,mvdec_dekm_consistent_v1,airpollution_mvdec_dekm_consistent_v1_2b88b20cd9b6_seed_44,2b88b20cd9b6ab9268889294ab249f6a1e5fb71b3e5ee88d2e8fde10ebe63a10,-68.55551,-194.52441,-171.06708,973.1731,-387.02087,225.53023,924.1126,-315.35672,166.77725,1283.57,3
3650,mvdec_dekm_consistent_v1,airpollution_mvdec_dekm_consistent_v1_2b88b20cd9b6_seed_44,2b88b20cd9b6ab9268889294ab249f6a1e5fb71b3e5ee88d2e8fde10ebe63a10,-36.975628,-104.927826,-92.26913,525.0049,-208.77211,121.66084,498.51328,-170.12578,89.98759,692.42957,3
3651,mvdec_dekm_consistent_v1,airpollution_mvdec_dekm_consistent_v1_2b88b20cd9b6_seed_44,2b88b20cd9b6ab9268889294ab249f6a1e5fb71b3e5ee88d2e8fde10ebe63a10,-11.020208,-31.287136,-27.504332,156.65092,-62.267483,36.289436,148.70839,-50.75896,26.873749,206.56546,3
3652,mvdec_dekm_consistent_v1,airpollution_mvdec_dekm_consistent_v1_2b88b20cd9b6_seed_44,2b88b20cd9b6ab9268889294ab249f6a1e5fb71b3e5ee88d2e8fde10ebe63a10,-2.1384273,-6.087047,-5.341964,30.598753,-12.132659,7.074819,29.003607,-9.91133,5.2757483,40.300655,3
3653,mvdec_dekm_consistent_v1,airpollution_mvdec_dekm_consistent_v1_2b88b20cd9b6_seed_44,2b88b20cd9b6ab9268889294ab249f6a1e5fb71b3e5ee88d2e8fde10ebe63a10,-17.746132,-50.36804,-44.286182,252.09465,-100.22786,58.410263,239.34512,-81.687874,43.227123,332.4567,3
3654,mvdec_dekm_consistent_v1,airpollution_mvdec_dekm_consistent_v1_2b88b20cd9b6_seed_44,2b88b20cd9b6ab9268889294ab249f6a1e5fb71b3e5ee88d2e8fde10ebe63a10,-39.514812,-112.130066,-98.60336,561.02594,-223.09955,130.01007,532.7219,-181.79898,96.15877,739.94324,3
3655,mvdec_dekm_consistent_v1,airpollution_mvdec_dekm_consistent_v1_2b88b20cd9b6_seed_44,2b88b20cd9b6ab9268889294ab249f6a1e5fb71b3e5ee88d2e8fde10ebe63a10,-61.170044,-173.56854,-152.63799,868.3504,-345.3305,201.23674,824.56885,-281.38867,148.8169,1145.308,3
3656,mvdec_dekm_consistent_v1,airpollution_mvdec_dekm_consistent_v1_2b88b20cd9b6_seed_44,2b88b20cd9b6ab9268889294ab249f6a1e5fb71b3e5ee88d2e8fde10ebe63a10,-28.251848,-80.17517,-70.50047,401.19415,-159.5284,92.96654,380.93643,-130.00394,68.77386,529.1205,3
3657,mvdec_dekm_consistent_v1,airpollution_mvdec_dekm_consistent_v1_2b88b20cd9b6_seed_44,2b88b20cd9b6ab9268889294ab249f6a1e5fb71b3e5ee88d2e8fde10ebe63a10,-4.902462,-13.926208,-12.234817,69.81175,-27.727058,16.16268,66.238014,-22.61685,11.994789,92.019844,3
3658,mvdec_dekm_consistent_v1,airpollution_mvdec_dekm_consistent_v1_2b88b20cd9b6_seed_44,2b88b20cd9b6ab9268889294ab249f6a1e5fb71b3e5ee88d2e8fde10ebe63a10,-37.537045,-106.51857,-93.66793,532.9661,-211.93755,123.506454,506.072,-172.70471,91.35196,702.9287,3
3659,mvdec_dekm_consistent_v1,airpollution_mvdec_dekm_consistent_v1_2b88b20cd9b6_seed_44,2b88b20cd9b6ab9268889294ab249f6a1e5fb71b3e5ee88d2e8fde10ebe63a10,-70.511604,-200.07271,-175.94666,1000.92725,-398.05963,231.96295,950.4689,-324.35028,171.533,1320.1776,3
3660,mvdec_dekm_consistent_v1,airpollution_mvdec_dekm_consistent_v1_2b88b20cd9b6_seed_44,2b88b20cd9b6ab9268889294ab249f6a1e5fb71b3e5ee88d2e8fde10ebe63a10,-102.98892,-292.2162,-256.98517,1461.8441,-581.3776,338.7868,1388.1733,-473.71194,250.50797,1928.1326,3
3661,mvdec_dekm_consistent_v1,airpollution_mvdec_dekm_consistent_v1_2b88b20cd9b6_seed_44,2b88b20cd9b6ab9268889294ab249f6a1e5fb71b3e5ee88d2e8fde10ebe63a10,-105.51596,-299.3857,-263.2906,1497.7002,-595.63995,347.0971,1422.2257,-485.33215,256.6511,1975.4292,3
3662,mvdec_dekm_consistent_v1,airpollution_mvdec_dekm_consistent_v1_2b88b20cd9b6_seed_44,2b88b20cd9b6ab9268889294ab249f6a1e5fb71b3e5ee88d2e8fde10ebe63a10,-88.429955,-250.91096,-220.65771,1255.227,-499.20142,290.90076,1191.9633,-406.7573,215.10507,1655.603,3
3663,mvdec_dekm_consistent_v1,airpollution_mvdec_dekm_consistent_v1_2b88b20cd9b6_seed_44,2b88b20cd9b6ab9268889294ab249f6a1e5fb71b3e5ee88d2e8fde10ebe63a10,-78.28909,-222.13849,-195.35442,1111.3055,-441.95996,257.54465,1055.2882,-360.11926,190.44589,1465.7686,3
3664,mvdec_dekm_consistent_v1,airpollution_mvdec_dekm_consistent_v1_2b88b20cd9b6_seed_44,2b88b20cd9b6ab9268889294ab249f6a1e5fb71b3e5ee88d2e8fde10ebe63a10,-54.59801,-154.93687,-136.25264,775.1954,-308.26614,179.6406,736.0933,-251.1948,132.863,1022.42316,3
3665,mvdec_dekm_consistent_v1,airpollution_mvdec_dekm_consistent_v1_2b88b20cd9b6_seed_44,2b88b20cd9b6ab9268889294ab249f6a1e5fb71b3e5ee88d2e8fde10ebe63a10,-37.667686,-106.88919,-93.996414,534.8249,-212.67673,123.93662,507.83606,-173.30771,91.67153,705.38086,3
3666,mvdec_dekm_consistent_v1,airpollution_mvdec_dekm_consistent_v1_2b88b20cd9b6_seed_44,2b88b20cd9b6ab9268889294ab249f6a1e5fb71b3e5ee88d2e8fde10ebe63a10,-42.345676,-120.164795,-105.67042,601.2309,-239.0891,139.32684,570.89844,-194.82631,103.049355,792.9713,3
3667,mvdec_dekm_consistent_v1,airpollution_mvdec_dekm_consistent_v1_2b88b20cd9b6_seed_44,2b88b20cd9b6ab9268889294ab249f6a1e5fb71b3e5ee88d2e8fde10ebe63a10,-36.823128,-104.49831,-91.89049,522.86523,-207.92055,121.1646,496.47974,-169.4311,89.6215,689.6054,3
3668,mvdec_dekm_consistent_v1,airpollution_mvdec_dekm_consistent_v1_2b88b20cd9b6_seed_44,2b88b20cd9b6ab9268889294ab249f6a1e5fb71b3e5ee88d2e8fde10ebe63a10,-18.472366,-52.43476,-46.10137,262.43475,-104.34012,60.805527,249.16382,-85.03749,44.998993,346.09402,3
3669,mvdec_dekm_consistent_v1,airpollution_mvdec_dekm_consistent_v1_2b88b20cd9b6_seed_44,2b88b20cd9b6ab9268889294ab249f6a1e5fb71b3e5ee88d2e8fde10ebe63a10,-6.7633486,-19.210693,-16.882427,96.24955,-38.242275,22.289932,91.34619,-31.18448,16.524912,126.89259,3
3670,mvdec_dekm_consistent_v1,airpollution_mvdec_dekm_consistent_v1_2b88b20cd9b6_seed_44,2b88b20cd9b6ab9268889294ab249f6a1e5fb71b3e5ee88d2e8fde10ebe63a10,-17.547596,-49.80602,-43.79106,249.28644,-99.10977,57.758595,236.67638,-80.77711,42.746384,328.75067,3
3671,mvdec_dekm_consistent_v1,airpollution_mvdec_dekm_consistent_v1_2b88b20cd9b6_seed_44,2b88b20cd9b6ab9268889294ab249f6a1e5fb71b3e5ee88d2e8fde10ebe63a10,-5.1937017,-14.758008,-12.96608,73.9763,-29.385054,17.127598,70.194664,-23.96656,12.708567,97.51429,3
3672,mvdec_dekm_consistent_v1,airpollution_mvdec_dekm_consistent_v1_2b88b20cd9b6_seed_44,2b88b20cd9b6ab9268889294ab249f6a1e5fb71b3e5ee88d2e8fde10ebe63a10,-36.10415,-102.45548,-90.09469,512.64795,-203.85648,118.796364,486.77466,-166.11984,87.87151,676.1273,3
3673,mvdec_dekm_consistent_v1,airpollution_mvdec_dekm_consistent_v1_2b88b20cd9b6_seed_44,2b88b20cd9b6ab9268889294ab249f6a1e5fb71b3e5ee88d2e8fde10ebe63a10,-65.25543,-185.16151,-162.83237,926.3479,-368.39673,214.67747,879.642,-300.18127,158.75517,1221.8041,3
3674,mvdec_dekm_consistent_v1,airpollution_mvdec_dekm_consistent_v1_2b88b20cd9b6_seed_44,2b88b20cd9b6ab9268889294ab249f6a1e5fb71b3e5ee88d2e8fde10ebe63a10,-94.52516,-268.20074,-235.86472,1341.7156,-533.59827,310.94495,1274.0916,-434.78336,229.92558,1769.68,3
3675,mvdec_dekm_consistent_v1,airpollution_mvdec_dekm_consistent_v1_2b88b20cd9b6_seed_44,2b88b20cd9b6ab9268889294ab249f6a1e5fb71b3e5ee88d2e8fde10ebe63a10,-125.78162,-356.87878,-313.85477,1785.2886,-710.0201,413.7497,1695.3276,-578.5253,305.92755,2354.7598,3
3676,mvdec_dekm_consistent_v1,airpollution_mvdec_dekm_consistent_v1_2b88b20cd9b6_seed_44,2b88b20cd9b6ab9268889294ab249f6a1e5fb71b3e5ee88d2e8fde10ebe63a10,-156.73639,-444.70444,-391.09604,2224.6003,-884.7464,515.5659,2112.517,-720.88684,381.1998,2934.2185,3
3677,mvdec_dekm_consistent_v1,airpollution_mvdec_dekm_consistent_v1_2b88b20cd9b6_seed_44,2b88b20cd9b6ab9268889294ab249f6a1e5fb71b3e5ee88d2e8fde10ebe63a10,-135.63101,-384.82553,-338.43362,1925.0786,-765.619,446.14783,1828.08,-623.8258,329.8789,2539.1465,3
3678,mvdec_dekm_consistent_v1,airpollution_mvdec_dekm_consistent_v1_2b88b20cd9b6_seed_44,2b88b20cd9b6ab9268889294ab249f6a1e5fb71b3e5ee88d2e8fde10ebe63a10,-108.421844,-307.62845,-270.54095,1538.9335,-612.03864,356.65335,1461.3805,-498.69373,263.71637,2029.8156,3
3679,mvdec_dekm_consistent_v1,airpollution_mvdec_dekm_consistent_v1_2b88b20cd9b6_seed_44,2b88b20cd9b6ab9268889294ab249f6a1e5fb71b3e5ee88d2e8fde10ebe63a10,-79.14978,-224.5786,-197.50105,1123.513,-446.8142,260.37378,1066.879,-364.07468,192.53778,1481.8693,3
3680,mvdec_dekm_consistent_v1,airpollution_mvdec_dekm_consistent_v1_2b88b20cd9b6_seed_44,2b88b20cd9b6ab9268889294ab249f6a1e5fb71b3e5ee88d2e8fde10ebe63a10,-49.389645,-140.14523,-123.24324,701.16736,-278.83664,162.48949,665.8035,-227.21194,120.17197,924.79016,3
3681,mvdec_dekm_consistent_v1,airpollution_mvdec_dekm_consistent_v1_2b88b20cd9b6_seed_44,2b88b20cd9b6ab9268889294ab249f6a1e5fb71b3e5ee88d2e8fde10ebe63a10,-18.00673,-51.10772,-44.93624,255.79207,-101.6994,59.267563,242.85802,-82.88633,43.860325,337.33466,3
3682,mvdec_dekm_consistent_v1,airpollution_mvdec_dekm_consistent_v1_2b88b20cd9b6_seed_44,2b88b20cd9b6ab9268889294ab249f6a1e5fb71b3e5ee88d2e8fde10ebe63a10,-17.451302,-49.532486,-43.550117,247.90865,-98.56464,57.440704,235.3731,-80.331924,42.50898,326.93723,3
3683,mvdec_dekm_consistent_v1,airpollution_mvdec_dekm_consistent_v1_2b88b20cd9b6_seed_44,2b88b20cd9b6ab9268889294ab249f6a1e5fb71b3e5ee88d2e8fde10ebe63a10,-49.922024,-141.65852,-124.57164,708.73016,-281.8456,164.24222,672.988,-229.6628,121.466774,934.76654,3
3684,mvdec_dekm_consistent_v1,airpollution_mvdec_dekm_consistent_v1_2b88b20cd9b6_seed_44,2b88b20cd9b6ab9268889294ab249f6a1e5fb71b3e5ee88d2e8fde10ebe63a10,-83.0011,-235.50812,-207.11076,1178.1738,-468.55643,273.0427,1118.7916,-381.7884,201.90216,1553.9702,3
3685,mvdec_dekm_consistent_v1,airpollution_mvdec_dekm_consistent_v1_2b88b20cd9b6_seed_44,2b88b20cd9b6ab9268889294ab249f6a1e5fb71b3e5ee88d2e8fde10ebe63a10,-116.16941,-329.61078,-289.87256,1648.8845,-655.771,382.13666,1565.7979,-534.32446,282.55463,2174.8447,3
3686,mvdec_dekm_consistent_v1,airpollution_mvdec_dekm_consistent_v1_2b88b20cd9b6_seed_44,2b88b20cd9b6ab9268889294ab249f6a1e5fb71b3e5ee88d2e8fde10ebe63a10,-137.96617,-391.45062,-344.2601,1958.2197,-778.8006,453.82947,1859.5535,-634.56525,335.55734,2582.8604,3
3687,mvdec_dekm_consistent_v1,airpollution_mvdec_dekm_consistent_v1_2b88b20cd9b6_seed_44,2b88b20cd9b6ab9268889294ab249f6a1e5fb71b3e5ee88d2e8fde10ebe63a10,-162.8511,-462.05225,-406.35403,2311.3867,-919.2628,535.68054,2194.9324,-749.00977,396.07068,3048.6904,3
3688,mvdec_dekm_consistent_v1,airpollution_mvdec_dekm_consistent_v1_2b88b20cd9b6_seed_44,2b88b20cd9b6ab9268889294ab249f6a1e5fb71b3e5ee88d2e8fde10ebe63a10,-190.13428,-539.45886,-474.43137,2698.5818,-1073.2607,625.41846,2562.6292,-874.48193,462.41357,3559.406,0
3689,mvdec_dekm_consistent_v1,airpollution_mvdec_dekm_consistent_v1_2b88b20cd9b6_seed_44,2b88b20cd9b6ab9268889294ab249f6a1e5fb71b3e5ee88d2e8fde10ebe63a10,-191.35182,-542.9131,-477.4693,2715.8555,-1080.1318,629.4217,2579.0332,-880.08014,465.37305,3582.1912,0
3690,mvdec_dekm_consistent_v1,airpollution_mvdec_dekm_consistent_v1_2b88b20cd9b6_seed_44,2b88b20cd9b6ab9268889294ab249f6a1e5fb71b3e5ee88d2e8fde10ebe63a10,-172.25485,-488.73395,-429.81818,2444.8367,-972.34174,566.6091,2321.6655,-792.2559,418.935,3224.7156,3
3691,mvdec_dekm_consistent_v1,airpollution_mvdec_dekm_consistent_v1_2b88b20cd9b6_seed_44,2b88b20cd9b6ab9268889294ab249f6a1e5fb71b3e5ee88d2e8fde10ebe63a10,-157.4137,-446.62772,-392.78644,2234.2185,-888.5729,517.79517,2121.6533,-724.00385,382.84747,2946.9062,3
3692,mvdec_dekm_consistent_v1,airpollution_mvdec_dekm_consistent_v1_2b88b20cd9b6_seed_44,2b88b20cd9b6ab9268889294ab249f6a1e5fb71b3e5ee88d2e8fde10ebe63a10,-127.01442,-360.3804,-316.93384,1802.8032,-716.9863,417.8083,1711.9615,-584.2015,308.9282,2377.8625,3
3693,mvdec_dekm_consistent_v1,airpollution_mvdec_dekm_consistent_v1_2b88b20cd9b6_seed_44,2b88b20cd9b6ab9268889294ab249f6a1e5fb71b3e5ee88d2e8fde10ebe63a10,-94.165924,-267.1841,-234.96948,1336.6259,-531.57495,309.76523,1269.2605,-433.13458,229.0524,1762.9679,3
3694,mvdec_dekm_consistent_v1,airpollution_mvdec_dekm_consistent_v1_2b88b20cd9b6_seed_44,2b88b20cd9b6ab9268889294ab249f6a1e5fb71b3e5ee88d2e8fde10ebe63a10,-61.66197,-174.96625,-153.86514,875.34155,-348.11026,202.85623,831.20703,-283.65347,150.01471,1154.5278,3
3695,mvdec_dekm_consistent_v1,airpollution_mvdec_dekm_consistent_v1_2b88b20cd9b6_seed_44,2b88b20cd9b6ab9268889294ab249f6a1e5fb71b3e5ee88d2e8fde10ebe63a10,-29.93921,-84.964165,-74.71037,425.14465,-169.05461,98.5167,403.681,-137.76494,72.87738,560.7112,3
3696,mvdec_dekm_consistent_v1,airpollution_mvdec_dekm_consistent_v1_2b88b20cd9b6_seed_44,2b88b20cd9b6ab9268889294ab249f6a1e5fb71b3e5ee88d2e8fde10ebe63a10,-1.5220065,-4.3385296,-3.8022325,21.850243,-8.652671,5.046881,20.69518,-7.0756955,3.776359,28.760036,3
3697,mvdec_dekm_consistent_v1,airpollution_mvdec_dekm_consistent_v1_2b88b20cd9b6_seed_44,2b88b20cd9b6ab9268889294ab249f6a1e5fb71b3e5ee88d2e8fde10ebe63a10,-28.726852,-81.52084,-71.68344,407.9263,-162.20467,94.526,387.32587,-132.18446,69.928,537.99756,3
3698,mvdec_dekm_consistent_v1,airpollution_mvdec_dekm_consistent_v1_2b88b20cd9b6_seed_44,2b88b20cd9b6ab9268889294ab249f6a1e5fb71b3e5ee88d2e8fde10ebe63a10,-48.62021,-137.96298,-121.32355,690.2537,-274.49432,159.95923,655.43695,-223.67464,118.30216,910.3929,3
3699,mvdec_dekm_consistent_v1,airpollution_mvdec_dekm_consistent_v1_2b88b20cd9b6_seed_44,2b88b20cd9b6ab9268889294ab249f6a1e5fb71b3e5ee88d2e8fde10ebe63a10,-64.3802,-182.67593,-160.64781,913.9109,-363.44928,211.79523,867.83185,-296.1519,156.6239,1205.4004,3
3700,mvdec_dekm_consistent_v1,airpollution_mvdec_dekm_consistent_v1_2b88b20cd9b6_seed_44,2b88b20cd9b6ab9268889294ab249f6a1e5fb71b3e5ee88d2e8fde10ebe63a10,-61.4655,-174.40608,-153.37468,872.5433,-346.99664,202.20792,828.5479,-282.7467,149.53572,1150.8364,3
3701,mvdec_dekm_consistent_v1,airpollution_mvdec_dekm_consistent_v1_2b88b20cd9b6_seed_44,2b88b20cd9b6ab9268889294ab249f6a1e5fb71b3e5ee88d2e8fde10ebe63a10,-69.83974,-198.16551,-174.26971,991.38513,-394.26437,229.75166,941.4074,-321.2584,169.89763,1307.592,3
3702,mvdec_dekm_consistent_v1,airpollution_mvdec_dekm_consistent_v1_2b88b20cd9b6_seed_44,2b88b20cd9b6ab9268889294ab249f6a1e5fb71b3e5ee88d2e8fde10ebe63a10,-71.35695,-202.46935,-178.05577,1012.9182,-402.82855,234.74222,961.85516,-328.23615,173.58797,1335.9938,3
3703,mvdec_dekm_consistent_v1,airpollution_mvdec_dekm_consistent_v1_2b88b20cd9b6_seed_44,2b88b20cd9b6ab9268889294ab249f6a1e5fb71b3e5ee88d2e8fde10ebe63a10,-80.60216,-228.69974,-201.1248,1144.1232,-455.01306,265.15112,1086.4541,-370.75403,196.06863,1509.0563,3
3704,mvdec_dekm_consistent_v1,airpollution_mvdec_dekm_consistent_v1_2b88b20cd9b6_seed_44,2b88b20cd9b6ab9268889294ab249f6a1e5fb71b3e5ee88d2e8fde10ebe63a10,-78.66204,-223.19461,-196.28423,1116.5918,-444.0626,258.7701,1060.3077,-361.83212,191.35223,1472.7408,3
3705,mvdec_dekm_consistent_v1,airpollution_mvdec_dekm_consistent_v1_2b88b20cd9b6_seed_44,2b88b20cd9b6ab9268889294ab249f6a1e5fb71b3e5ee88d2e8fde10ebe63a10,-47.05495,-133.52048,-117.41829,668.0375,-265.65955,154.811,634.34033,-216.47578,114.496605,881.0903,3
3706,mvdec_dekm_consistent_v1,airpollution_mvdec_dekm_consistent_v1_2b88b20cd9b6_seed_44,2b88b20cd9b6ab9268889294ab249f6a1e5fb71b3e5ee88d2e8fde10ebe63a10,-18.56958,-52.704147,-46.340942,263.78622,-104.87714,61.119522,250.44592,-85.47593,45.231354,347.8763,3
3707,mvdec_dekm_consistent_v1,airpollution_mvdec_dekm_consistent_v1_2b88b20cd9b6_seed_44,2b88b20cd9b6ab9268889294ab249f6a1e5fb71b3e5ee88d2e8fde10ebe63a10,-11.045536,-31.35783,-27.566095,157.00255,-62.40779,36.371357,149.04277,-50.87282,26.933796,207.02943,3
3708,mvdec_dekm_consistent_v1,airpollution_mvdec_dekm_consistent_v1_2b88b20cd9b6_seed_44,2b88b20cd9b6ab9268889294ab249f6a1e5fb71b3e5ee88d2e8fde10ebe63a10,-8.098476,-22.997292,-20.211992,115.17492,-45.773098,26.677685,109.32435,-37.318935,19.765884,151.86015,3
3709,mvdec_dekm_consistent_v1,airpollution_mvdec_dekm_consistent_v1_2b88b20cd9b6_seed_44,2b88b20cd9b6ab9268889294ab249f6a1e5fb71b3e5ee88d2e8fde10ebe63a10,-34.73727,-98.5756,-86.68193,493.22372,-196.13324,114.29611,468.33496,-159.82736,84.54122,650.5115,3
3710,mvdec_dekm_consistent_v1,airpollution_mvdec_dekm_consistent_v1_2b88b20cd9b6_seed_44,2b88b20cd9b6ab9268889294ab249f6a1e5fb71b3e5ee88d2e8fde10ebe63a10,-145.51706,-412.87366,-363.1009,2065.373,-821.4197,478.66394,1961.3126,-669.28937,353.91663,2724.1987,3
3711,mvdec_dekm_consistent_v1,airpollution_mvdec_dekm_consistent_v1_2b88b20cd9b6_seed_44,2b88b20cd9b6ab9268889294ab249f6a1e5fb71b3e5ee88d2e8fde10ebe63a10,-150.96951,-428.34323,-376.70648,2142.7573,-852.19714,496.59845,2034.799,-694.3659,367.17636,2826.269,3
3712,mvdec_dekm_consistent_v1,airpollution_mvdec_dekm_consistent_v1_2b88b20cd9b6_seed_44,2b88b20cd9b6ab9268889294ab249f6a1e5fb71b3e5ee88d2e8fde10ebe63a10,-163.14761,-462.894,-407.09335,2315.5854,-920.93494,536.6535,2198.9226,-750.37134,396.7893,3054.2314,3
3713,mvdec_dekm_consistent_v1,airpollution_mvdec_dekm_consistent_v1_2b88b20cd9b6_seed_44,2b88b20cd9b6ab9268889294ab249f6a1e5fb71b3e5ee88d2e8fde10ebe63a10,-180.69652,-512.68274,-450.88156,2564.6345,-1019.9878,594.37396,2435.4285,-831.07654,439.46207,3382.7295,0
3714,mvdec_dekm_consistent_v1,airpollution_mvdec_dekm_consistent_v1_2b88b20cd9b6_seed_44,2b88b20cd9b6ab9268889294ab249f6a1e5fb71b3e5ee88d2e8fde10ebe63a10,-201.8694,-572.75366,-503.71216,2865.114,-1139.4963,664.014,2720.7761,-928.44806,490.94647,3779.0654,0
3715,mvdec_dekm_consistent_v1,airpollution_mvdec_dekm_consistent_v1_2b88b20cd9b6_seed_44,2b88b20cd9b6ab9268889294ab249f6a1e5fb71b3e5ee88d2e8fde10ebe63a10,-191.30661,-542.7853,-477.35556,2715.2107,-1079.8751,629.2715,2578.4207,-879.871,465.26212,3581.34,0
3716,mvdec_dekm_consistent_v1,airpollution_mvdec_dekm_consistent_v1_2b88b20cd9b6_seed_44,2b88b20cd9b6ab9268889294ab249f6a1e5fb71b3e5ee88d2e8fde10ebe63a10,-166.59991,-472.68887,-415.70697,2364.582,-940.42017,548.0083,2245.4485,-766.24805,405.18472,3118.8557,3
3717,mvdec_dekm_consistent_v1,airpollution_mvdec_dekm_consistent_v1_2b88b20cd9b6_seed_44,2b88b20cd9b6ab9268889294ab249f6a1e5fb71b3e5ee88d2e8fde10ebe63a10,-141.92165,-402.67352,-354.1295,2014.3573,-801.12714,466.839,1912.8617,-652.7564,345.1763,2656.905,3
3718,mvdec_dekm_consistent_v1,airpollution_mvdec_dekm_consistent_v1_2b88b20cd9b6_seed_44,2b88b20cd9b6ab9268889294ab249f6a1e5fb71b3e5ee88d2e8fde10ebe63a10,-111.26993,-315.71072,-277.6469,1579.3595,-628.117,366.02228,1499.7706,-511.7933,270.64267,2083.1367,3
3719,mvdec_dekm_consistent_v1,airpollution_mvdec_dekm_consistent_v1_2b88b20cd9b6_seed_44,2b88b20cd9b6ab9268889294ab249f6a1e5fb71b3e5ee88d2e8fde10ebe63a10,-82.40491,-233.81534,-205.62234,1169.7146,-465.1894,271.08115,1110.7535,-379.04575,200.45386,1542.8085,3
3720,mvdec_dekm_consistent_v1,airpollution_mvdec_dekm_consistent_v1_2b88b20cd9b6_seed_44,2b88b20cd9b6ab9268889294ab249f6a1e5fb71b3e5ee88d2e8fde10ebe63a10,-57.630188,-163.52373,-143.80473,818.11444,-325.34732,189.59276,776.8572,-265.10822,140.21068,1079.0421,3
3721,mvdec_dekm_consistent_v1,airpollution_mvdec_dekm_consistent_v1_2b88b20cd9b6_seed_44,2b88b20cd9b6ab9268889294ab249f6a1e5fb71b3e5ee88d2e8fde10ebe63a10,-37.704735,-106.99294,-94.086624,535.33984,-212.88101,124.05602,508.32422,-173.47412,91.759186,706.0593,3
3722,mvdec_dekm_consistent_v1,airpollution_mvdec_dekm_consistent_v1_2b88b20cd9b6_seed_44,2b88b20cd9b6ab9268889294ab249f6a1e5fb71b3e5ee88d2e8fde10ebe63a10,-28.172638,-79.95001,-70.30183,400.063,-159.07901,92.70415,379.8623,-129.63747,68.57976,527.62866,3
3723,mvdec_dekm_consistent_v1,airpollution_mvdec_dekm_consistent_v1_2b88b20cd9b6_seed_44,2b88b20cd9b6ab9268889294ab249f6a1e5fb71b3e5ee88d2e8fde10ebe63a10,-7.6500087,-21.723568,-19.093082,108.81177,-43.2408,25.202412,103.27834,-35.256298,18.676825,143.46497,3
3724,mvdec_dekm_consistent_v1,airpollution_mvdec_dekm_consistent_v1_2b88b20cd9b6_seed_44,2b88b20cd9b6ab9268889294ab249f6a1e5fb71b3e5ee88d2e8fde10ebe63a10,-19.387314,-55.025093,-48.380783,275.38586,-109.49273,63.80881,261.46567,-89.23568,47.21741,363.1792,3
3725,mvdec_dekm_consistent_v1,airpollution_mvdec_dekm_consistent_v1_2b88b20cd9b6_seed_44,2b88b20cd9b6ab9268889294ab249f6a1e5fb71b3e5ee88d2e8fde10ebe63a10,-35.424553,-100.525696,-88.39734,502.9824,-200.01465,116.55775,477.60184,-162.98955,86.21398,663.3829,3
3726,mvdec_dekm_consistent_v1,airpollution_mvdec_dekm_consistent_v1_2b88b20cd9b6_seed_44,2b88b20cd9b6ab9268889294ab249f6a1e5fb71b3e5ee88d2e8fde10ebe63a10,-23.827454,-67.62269,-59.46028,338.40585,-134.55635,78.41462,321.31064,-109.656975,58.015755,446.30182,3
3727,mvdec_dekm_consistent_v1,airpollution_mvdec_dekm_consistent_v1_2b88b20cd9b6_seed_44,2b88b20cd9b6ab9268889294ab249f6a1e5fb71b3e5ee88d2e8fde10ebe63a10,-10.00938,-28.417686,-24.980034,142.30055,-56.55873,32.963806,135.07892,-46.107666,24.41499,187.63516,3
3728,mvdec_dekm_consistent_v1,airpollution_mvdec_dekm_consistent_v1_2b88b20cd9b6_seed_44,2b88b20cd9b6ab9268889294ab249f6a1e5fb71b3e5ee88d2e8fde10ebe63a10,-41.981205,-119.126526,-104.756905,596.03235,-237.02068,138.1231,565.9623,-193.14177,102.15786,786.1142,3
3729,mvdec_dekm_consistent_v1,airpollution_mvdec_dekm_consistent_v1_2b88b20cd9b6_seed_44,2b88b20cd9b6ab9268889294ab249f6a1e5fb71b3e5ee88d2e8fde10ebe63a10,-59.18886,-167.94658,-147.69316,840.2276,-334.14545,194.71913,797.86224,-272.2752,143.9982,1108.2135,3
3730,mvdec_dekm_consistent_v1,airpollution_mvdec_dekm_consistent_v1_2b88b20cd9b6_seed_44,2b88b20cd9b6ab9268889294ab249f6a1e5fb71b3e5ee88d2e8fde10ebe63a10,-69.80806,-198.07567,-174.19054,990.9383,-394.08682,229.64868,940.98364,-321.11337,169.82117,1307.0024,3
3731,mvdec_dekm_consistent_v1,airpollution_mvdec_dekm_consistent_v1_2b88b20cd9b6_seed_44,2b88b20cd9b6ab9268889294ab249f6a1e5fb71b3e5ee88d2e8fde10ebe63a10,-73.99706,-209.96123,-184.64415,1050.3954,-417.7333,243.42809,997.4448,-340.38022,180.00955,1385.4263,3
3732,mvdec_dekm_consistent_v1,airpollution_mvdec_dekm_consistent_v1_2b88b20cd9b6_seed_44,2b88b20cd9b6ab9268889294ab249f6a1e5fb71b3e5ee88d2e8fde10ebe63a10,-60.796867,-172.51169,-151.70686,863.0653,-343.2283,200.01186,819.55066,-279.6755,147.91113,1138.336,3
3733,mvdec_dekm_consistent_v1,airpollution_mvdec_dekm_consistent_v1_2b88b20cd9b6_seed_44,2b88b20cd9b6ab9268889294ab249f6a1e5fb71b3e5ee88d2e8fde10ebe63a10,-45.485924,-129.07176,-113.50361,645.7828,-256.80762,149.65297,613.20703,-209.26355,110.68267,851.7354,3
3734,mvdec_dekm_consistent_v1,airpollution_mvdec_dekm_consistent_v1_2b88b20cd9b6_seed_44,2b88b20cd9b6ab9268889294ab249f6a1e5fb71b3e5ee88d2e8fde10ebe63a10,-32.443645,-92.06814,-80.96053,460.69257,-183.19092,106.75524,437.43515,-149.28375,78.969696,607.5971,3
3735,mvdec_dekm_consistent_v1,airpollution_mvdec_dekm_consistent_v1_2b88b20cd9b6_seed_44,2b88b20cd9b6ab9268889294ab249f6a1e5fb71b3e5ee88d2e8fde10ebe63a10,-7.7203326,-21.923847,-19.270418,109.83007,-43.64251,25.43718,104.23985,-35.584812,18.853241,144.80374,3
3736,mvdec_dekm_consistent_v1,airpollution_mvdec_dekm_consistent_v1_2b88b20cd9b6_seed_44,2b88b20cd9b6ab9268889294ab249f6a1e5fb71b3e5ee88d2e8fde10ebe63a10,-13.668981,-38.804028,-34.11508,194.264,-77.22534,45.005478,184.42192,-62.945698,33.319984,256.17322,3
3737,mvdec_dekm_consistent_v1,airpollution_mvdec_dekm_consistent_v1_2b88b20cd9b6_seed_44,2b88b20cd9b6ab9268889294ab249f6a1e5fb71b3e5ee88d2e8fde10ebe63a10,-7.1392164,-20.276382,-17.82023,101.586525,-40.362633,23.526026,96.41043,-32.912876,17.440592,133.92934,3
3738,mvdec_dekm_consistent_v1,airpollution_mvdec_dekm_consistent_v1_2b88b20cd9b6_seed_44,2b88b20cd9b6ab9268889294ab249f6a1e5fb71b3e5ee88d2e8fde10ebe63a10,-9.279977,-26.352879,-23.162853,131.9805,-52.45229,30.570301,125.274635,-42.761692,22.64781,174.01952,3
3739,mvdec_dekm_consistent_v1,airpollution_mvdec_dekm_consistent_v1_2b88b20cd9b6_seed_44,2b88b20cd9b6ab9268889294ab249f6a1e5fb71b3e5ee88d2e8fde10ebe63a10,-22.26934,-63.20625,-55.573708,316.3185,-125.76998,73.29401,300.33194,-102.49768,54.23136,417.1648,3
3740,mvdec_dekm_consistent_v1,airpollution_mvdec_dekm_consistent_v1_2b88b20cd9b6_seed_44,2b88b20cd9b6ab9268889294ab249f6a1e5fb71b3e5ee88d2e8fde10ebe63a10,-17.7999,-50.52355,-44.42064,252.87181,-100.53785,58.590202,240.08336,-81.93882,43.35986,333.48114,3
3741,mvdec_dekm_consistent_v1,airpollution_mvdec_dekm_consistent_v1_2b88b20cd9b6_seed_44,2b88b20cd9b6ab9268889294ab249f6a1e5fb71b3e5ee88d2e8fde10ebe63a10,-10.81469,-30.705193,-26.99115,153.74095,-61.11103,35.615158,145.94475,-49.81511,26.375044,202.72656,3
3742,mvdec_dekm_consistent_v1,airpollution_mvdec_dekm_consistent_v1_2b88b20cd9b6_seed_44,2b88b20cd9b6ab9268889294ab249f6a1e5fb71b3e5ee88d2e8fde10ebe63a10,-41.5082,-117.78558,-103.577126,589.32,-234.3526,136.5674,559.59,-190.96724,101.00754,777.26227,3
3743,mvdec_dekm_consistent_v1,airpollution_mvdec_dekm_consistent_v1_2b88b20cd9b6_seed_44,2b88b20cd9b6ab9268889294ab249f6a1e5fb71b3e5ee88d2e8fde10ebe63a10,-73.10325,-207.42444,-182.41344,1037.7062,-412.6873,240.48701,985.3944,-336.26852,177.83559,1368.6891,3
3744,mvdec_dekm_consistent_v1,airpollution_mvdec_dekm_consistent_v1_2b88b20cd9b6_seed_44,2b88b20cd9b6ab9268889294ab249f6a1e5fb71b3e5ee88d2e8fde10ebe63a10,-105.41809,-299.1047,-263.04446,1496.2982,-595.0799,346.77185,1420.8898,-484.87674,256.41177,1973.5771,3
3745,mvdec_dekm_consistent_v1,airpollution_mvdec_dekm_consistent_v1_2b88b20cd9b6_seed_44,2b88b20cd9b6ab9268889294ab249f6a1e5fb71b3e5ee88d2e8fde10ebe63a10,-138.1471,-391.96085,-344.70975,1960.7721,-779.81494,454.42084,1861.9749,-635.392,335.9951,2586.2258,3
3746,mvdec_dekm_consistent_v1,airpollution_mvdec_dekm_consistent_v1_2b88b20cd9b6_seed_44,2b88b20cd9b6ab9268889294ab249f6a1e5fb71b3e5ee88d2e8fde10ebe63a10,-168.76962,-478.8411,-421.11874,2395.351,-952.6596,555.1409,2274.6704,-776.2197,410.4561,3159.4424,3
3747,mvdec_dekm_consistent_v1,airpollution_mvdec_dekm_consistent_v1_2b88b20cd9b6_seed_44,2b88b20cd9b6ab9268889294ab249f6a1e5fb71b3e5ee88d2e8fde10ebe63a10,-145.91013,-413.98593,-364.0803,2070.9417,-823.63336,479.95447,1966.5979,-671.0933,354.87143,2731.5422,3
3748,mvdec_dekm_consistent_v1,airpollution_mvdec_dekm_consistent_v1_2b88b20cd9b6_seed_44,2b88b20cd9b6ab9268889294ab249f6a1e5fb71b3e5ee88d2e8fde10ebe63a10,-112.67943,-319.70657,-281.16364,1599.3501,-636.06836,370.6562,1518.7546,-518.272,274.0685,2109.5059,3
3749,mvdec_dekm_consistent_v1,airpollution_mvdec_dekm_consistent_v1_2b88b20cd9b6_seed_44,2b88b20cd9b6ab9268889294ab249f6a1e5fb71b3e5ee88d2e8fde10ebe63a10,-79.454605,-225.44408,-198.26129,1127.8405,-448.53613,261.3769,1070.9897,-365.47702,193.27905,1487.5778,3
3750,mvdec_dekm_consistent_v1,airpollution_mvdec_dekm_consistent_v1_2b88b20cd9b6_seed_44,2b88b20cd9b6ab9268889294ab249f6a1e5fb71b3e5ee88d2e8fde10ebe63a10,-46.24444,-131.22278,-115.39538,656.5374,-261.08563,152.14543,623.42035,-212.74896,112.52511,865.9216,3
3751,mvdec_dekm_consistent_v1,airpollution_mvdec_dekm_consistent_v1_2b88b20cd9b6_seed_44,2b88b20cd9b6ab9268889294ab249f6a1e5fb71b3e5ee88d2e8fde10ebe63a10,-13.165987,-37.37452,-32.857506,187.10149,-74.37779,43.34659,177.62401,-60.625973,32.09136,246.7287,3
3752,mvdec_dekm_consistent_v1,airpollution_mvdec_dekm_consistent_v1_2b88b20cd9b6_seed_44,2b88b20cd9b6ab9268889294ab249f6a1e5fb71b3e5ee88d2e8fde10ebe63a10,-17.534964,-49.771656,-43.759415,249.10971,-99.040504,57.717846,236.51064,-80.72003,42.715405,328.5186,3
3753,mvdec_dekm_consistent_v1,airpollution_mvdec_dekm_consistent_v1_2b88b20cd9b6_seed_44,2b88b20cd9b6ab9268889294ab249f6a1e5fb71b3e5ee88d2e8fde10ebe63a10,-49.4219,-140.23984,-123.32429,701.6411,-279.02402,162.5982,666.2522,-227.3646,120.25313,925.4131,3
3754,mvdec_dekm_consistent_v1,airpollution_mvdec_dekm_consistent_v1_2b88b20cd9b6_seed_44,2b88b20cd9b6ab9268889294ab249f6a1e5fb71b3e5ee88d2e8fde10ebe63a10,-70.62242,-200.38805,-176.22371,1002.5105,-398.68698,232.3286,951.9683,-324.8623,171.80507,1322.263,3
3755,mvdec_dekm_consistent_v1,airpollution_mvdec_dekm_consistent_v1_2b88b20cd9b6_seed_44,2b88b20cd9b6ab9268889294ab249f6a1e5fb71b3e5ee88d2e8fde10ebe63a10,-90.96634,-258.1048,-226.98473,1291.2095,-513.5125,299.24008,1226.1323,-418.4174,221.27063,1703.0641,3
3756,mvdec_dekm_consistent_v1,airpollution_mvdec_dekm_consistent_v1_2b88b20cd9b6_seed_44,2b88b20cd9b6ab9268889294ab249f6a1e5fb71b3e5ee88d2e8fde10ebe63a10,-116.36015,-330.14792,-290.34686,1651.5842,-656.8412,382.7621,1568.3551,-535.1976,283.0187,2178.4011,3
3757,mvdec_dekm_consistent_v1,airpollution_mvdec_dekm_consistent_v1_2b88b20cd9b6_seed_44,2b88b20cd9b6ab9268889294ab249f6a1e5fb71b3e5ee88d2e8fde10ebe63a10,-144.6848,-410.50848,-361.02274,2053.5525,-816.71606,475.92386,1950.082,-665.45795,351.89276,2708.6042,3
3758,mvdec_dekm_consistent_v1,airpollution_mvdec_dekm_consistent_v1_2b88b20cd9b6_seed_44,2b88b20cd9b6ab9268889294ab249f6a1e5fb71b3e5ee88d2e8fde10ebe63a10,-174.63268,-495.47583,-435.74924,2478.5703,-985.7563,574.42755,2353.6963,-803.1863,424.7161,3269.2075,3
3759,mvdec_dekm_consistent_v1,airpollution_mvdec_dekm_consistent_v1_2b88b20cd9b6_seed_44,2b88b20cd9b6ab9268889294ab249f6a1e5fb71b3e5ee88d2e8fde10ebe63a10,-166.5699,-472.60086,-415.6314,2364.1453,-940.2468,547.9077,2245.0332,-766.1066,405.11044,3118.2798,3
3760,mvdec_dekm_consistent_v1,airpollution_mvdec_dekm_consistent_v1_2b88b20cd9b6_seed_44,2b88b20cd9b6ab9268889294ab249f6a1e5fb71b3e5ee88d2e8fde10ebe63a10,-144.68982,-410.52533,-361.0357,2053.6313,-816.7477,475.9419,1950.1581,-665.4834,351.9055,2708.7083,3
3761,mvdec_dekm_consistent_v1,airpollution_mvdec_dekm_consistent_v1_2b88b20cd9b6_seed_44,2b88b20cd9b6ab9268889294ab249f6a1e5fb71b3e5ee88d2e8fde10ebe63a10,-127.06428,-360.52133,-317.0572,1803.5104,-717.2663,417.9717,1712.6307,-584.4298,309.04965,2378.793,3
3762,mvdec_dekm_consistent_v1,airpollution_mvdec_dekm_consistent_v1_2b88b20cd9b6_seed_44,2b88b20cd9b6ab9268889294ab249f6a1e5fb71b3e5ee88d2e8fde10ebe63a10,-115.4383,-327.53482,-288.0467,1638.5048,-651.6405,379.73032,1555.9368,-530.9596,280.7768,2161.1504,3
3763,mvdec_dekm_consistent_v1,airpollution_mvdec_dekm_consistent_v1_2b88b20cd9b6_seed_44,2b88b20cd9b6ab9268889294ab249f6a1e5fb71b3e5ee88d2e8fde10ebe63a10,-91.45383,-259.48627,-228.20065,1298.1234,-516.2608,300.842,1232.695,-420.65735,222.45575,1712.1815,3
3764,mvdec_dekm_consistent_v1,airpollution_mvdec_dekm_consistent_v1_2b88b20cd9b6_seed_44,2b88b20cd9b6ab9268889294ab249f6a1e5fb71b3e5ee88d2e8fde10ebe63a10,-58.365765,-165.61176,-145.63945,828.554,-329.5004,192.01253,786.7728,-268.49124,141.99875,1092.8129,3
