job_index,strategy,n_bins,min_support,silhouette_score,n_selected_features,selected_features,init,cluster_sizes,status,error_message
0,uniform,3,1.0,0.4068583846092224,0,,,[],baseline_no_features,
1,uniform,3,0.95,0.4068583846092224,0,,,[],baseline_no_features,
2,uniform,3,0.9,0.4068583846092224,0,,,[],baseline_no_features,
3,uniform,3,0.85,0.4068583846092224,0,,,[],baseline_no_features,
4,uniform,3,0.8,0.4068583846092224,0,,,[],baseline_no_features,
5,uniform,3,0.75,0.4068583846092224,0,,,[],baseline_no_features,
6,uniform,3,0.7,0.4258215129375458,4,"fused_9_medium, fused_6_low, fused_10_low, fused_5_low",cao,"[382, 172, 793, 242, 210]",ok,
7,uniform,3,0.65,0.5086379647254944,5,"fused_9_medium, fused_10_low, fused_5_low+fused_6_low, fused_4_high, fused_11_high",cao,"[376, 162, 804, 229, 228]",ok,
8,uniform,3,0.6,0.40274474024772644,5,"fused_9_medium, fused_10_low+fused_4_high, fused_1_medium, fused_11_high+fused_5_low+fused_6_low, fused_8_medium",huang,"[229, 395, 171, 241, 763]",ok,
9,uniform,3,0.55,0.3954489529132843,11,"fused_10_low+fused_4_high, fused_11_high+fused_5_low+fused_6_low, fused_8_medium, fused_7_medium, fused_1_medium+fused_6_low, fused_10_low+fused_9_medium, fused_5_low+fused_6_low+fused_9_medium, fused_2_high, fused_1_medium+fused_5_low, fused_10_low+fused_6_low, fused_11_high+fused_6_low+fused_9_medium",huang,"[173, 347, 254, 267, 758]",ok,
10,uniform,3,0.5,0.39137110114097595,12,"fused_8_medium, fused_7_medium, fused_2_high, fused_11_high+fused_5_low+fused_6_low+fused_9_medium, fused_11_high+fused_1_medium+fused_5_low+fused_6_low, fused_3_low, fused_10_low+fused_5_low+fused_6_low, fused_10_low+fused_4_high+fused_9_medium, fused_10_low+fused_11_high+fused_6_low, fused_4_high+fused_6_low, fused_1_medium+fused_5_low+fused_9_medium, fused_1_medium+fused_6_low+fused_9_medium",cao,"[256, 722, 174, 356, 291]",ok,
11,uniform,3,0.45,0.37142691016197205,15,"fused_8_medium, fused_3_low, fused_10_low+fused_4_high+fused_9_medium, fused_10_low+fused_11_high+fused_5_low+fused_6_low, fused_7_medium+fused_9_medium, fused_11_high+fused_1_medium+fused_5_low+fused_6_low+fused_9_medium, fused_10_low+fused_1_medium+fused_6_low, fused_10_low+fused_7_medium, fused_2_high+fused_5_low, fused_1_medium+fused_7_medium, fused_10_low+fused_6_low+fused_9_medium, fused_10_low+fused_11_high+fused_4_high+fused_6_low, fused_10_low+fused_4_high+fused_5_low+fused_6_low, fused_10_low+fused_5_low+fused_9_medium, fused_11_high+fused_5_low+fused_6_low+fused_7_medium",huang,"[355, 173, 749, 288, 234]",ok,
12,uniform,3,0.4,0.3521610498428345,20,"fused_10_low+fused_4_high+fused_9_medium, fused_11_high+fused_1_medium+fused_5_low+fused_6_low+fused_9_medium, fused_2_high+fused_3_low, fused_10_low+fused_11_high+fused_4_high+fused_5_low+fused_6_low, fused_5_low+fused_8_medium, fused_10_low+fused_11_high+fused_5_low+fused_6_low+fused_9_medium, fused_10_low+fused_4_high+fused_7_medium, fused_6_low+fused_8_medium, fused_10_low+fused_11_high+fused_1_medium+fused_5_low+fused_6_low, fused_2_high+fused_5_low+fused_6_low, fused_3_low+fused_5_low, fused_10_low+fused_1_medium+fused_4_high+fused_6_low, fused_8_medium+fused_9_medium, fused_1_medium+fused_2_high, fused_11_high+fused_5_low+fused_6_low+fused_7_medium+fused_9_medium, fused_10_low+fused_6_low+fused_7_medium, fused_11_high+fused_2_high+fused_6_low, fused_2_high+fused_5_low+fused_9_medium, fused_11_high+fused_1_medium+fused_5_low+fused_6_low+fused_7_medium, fused_4_high+fused_5_low+fused_6_low+fused_9_medium",huang,"[174, 245, 675, 335, 370]",ok,
13,uniform,3,0.35,0.3282094895839691,23,"fused_2_high+fused_3_low, fused_8_medium+fused_9_medium, fused_3_low+fused_8_medium, fused_10_low+fused_11_high+fused_1_medium+fused_5_low+fused_6_low+fused_9_medium, fused_10_low+fused_11_high+fused_5_low+fused_6_low+fused_7_medium, fused_11_high+fused_1_medium+fused_5_low+fused_6_low+fused_7_medium+fused_9_medium, fused_10_low+fused_11_high+fused_4_high+fused_5_low+fused_6_low+fused_9_medium, fused_10_low+fused_8_medium, fused_11_high+fused_5_low+fused_6_low+fused_8_medium, fused_3_medium, fused_10_low+fused_11_high+fused_1_medium+fused_4_high+fused_5_low+fused_6_low, fused_10_low+fused_4_high+fused_7_medium+fused_9_medium, fused_11_high+fused_1_medium+fused_2_high+fused_5_low+fused_6_low+fused_9_medium, fused_4_high+fused_8_medium, fused_1_medium+fused_3_low, fused_1_medium+fused_8_medium, fused_11_high+fused_3_low+fused_5_low+fused_6_low, fused_10_low+fused_1_medium+fused_6_low+fused_7_medium, fused_11_high+fused_4_high+fused_5_low+fused_6_low+fused_7_medium, fused_10_low+fused_11_high+fused_4_high+fused_6_low+fused_7_medium, fused_1_medium+fused_4_high+fused_6_low+fused_9_medium, fused_2_high+fused_7_medium, fused_3_low+fused_5_low+fused_6_low+fused_9_medium",huang,"[411, 270, 183, 395, 540]",ok,
14,uniform,3,0.3,0.29487523436546326,24,"fused_11_high+fused_1_medium+fused_2_high+fused_5_low+fused_6_low+fused_9_medium, fused_10_low+fused_4_high+fused_8_medium, fused_10_low+fused_3_medium+fused_4_high, fused_10_low+fused_11_high+fused_1_medium+fused_4_high+fused_5_low+fused_6_low+fused_9_medium, fused_7_medium+fused_8_medium, fused_11_high+fused_5_low+fused_6_low+fused_8_medium+fused_9_medium, fused_3_medium+fused_6_low, fused_2_high+fused_3_low+fused_8_medium, fused_8_high, fused_3_low+fused_7_medium, fused_10_low+fused_11_high+fused_1_medium+fused_5_low+fused_6_low+fused_7_medium+fused_9_medium, fused_2_high+fused_3_low+fused_5_low+fused_6_low, fused_11_high+fused_1_medium+fused_3_low+fused_5_low+fused_6_low+fused_9_medium, fused_11_high+fused_1_medium+fused_6_low+fused_8_medium, fused_1_medium+fused_2_high+fused_5_low+fused_6_low+fused_7_medium+fused_9_medium, fused_2_medium+fused_4_high, fused_10_low+fused_11_high+fused_4_high+fused_5_low+fused_6_low+fused_7_medium+fused_9_medium, fused_1_medium+fused_5_low+fused_6_low+fused_8_medium, fused_10_low+fused_2_high+fused_5_low+fused_6_low+fused_9_medium, fused_11_high+fused_2_high+fused_5_low+fused_6_low+fused_7_medium, fused_10_low+fused_11_high+fused_1_medium+fused_4_high+fused_5_low+fused_6_low+fused_7_medium, fused_10_low+fused_1_medium+fused_2_high+fused_6_low, fused_10_low+fused_1_medium+fused_2_high+fused_5_low, fused_3_low+fused_5_low+fused_8_medium",huang,"[273, 201, 499, 464, 362]",ok,
15,uniform,3,0.25,0.2313859611749649,38,"fused_2_high+fused_3_low+fused_8_medium, fused_11_high+fused_1_medium+fused_2_high+fused_5_low+fused_6_low+fused_7_medium+fused_9_medium, fused_10_low+fused_2_medium+fused_4_high, fused_10_low+fused_11_high+fused_1_medium+fused_2_high+fused_5_low+fused_6_low+fused_9_medium, fused_10_low+fused_8_high, fused_10_low+fused_11_high+fused_1_medium+fused_4_high+fused_5_low+fused_6_low+fused_7_medium+fused_9_medium, fused_10_low+fused_4_high+fused_8_medium+fused_9_medium, fused_11_high+fused_1_medium+fused_5_low+fused_6_low+fused_8_medium+fused_9_medium, fused_2_medium+fused_6_low, fused_10_low+fused_11_high+fused_5_low+fused_6_low+fused_8_medium, fused_11_high+fused_3_medium+fused_5_low+fused_6_low, fused_3_medium+fused_9_medium, fused_5_low+fused_6_low+fused_8_high, fused_8_high+fused_9_medium, fused_5_low+fused_6_low+fused_7_medium+fused_8_medium, fused_7_high, fused_11_high+fused_1_medium+fused_2_high+fused_3_low+fused_5_low+fused_6_low+fused_9_medium, fused_11_medium, fused_3_low+fused_8_medium+fused_9_medium, fused_1_medium+fused_3_medium, fused_11_high+fused_3_medium+fused_4_high+fused_6_low, fused_1_medium+fused_8_high, fused_10_low+fused_3_medium+fused_4_high+fused_5_low+fused_6_low, fused_2_high+fused_3_low+fused_7_medium, fused_10_low+fused_11_high+fused_3_low+fused_6_low+fused_9_medium, fused_10_low+fused_11_high+fused_3_low+fused_5_low+fused_6_low, fused_10_low+fused_3_low+fused_5_low+fused_6_low+fused_9_medium, fused_11_high+fused_3_low+fused_5_low+fused_6_low+fused_7_medium+fused_9_medium, fused_1_medium+fused_3_low+fused_5_low+fused_7_medium+fused_9_medium, fused_10_low+fused_11_high+fused_4_high+fused_6_low+fused_8_medium, fused_11_high+fused_3_low+fused_5_low+fused_6_low+fused_8_medium, fused_11_high+fused_4_high+fused_5_low+fused_6_low+fused_8_medium, fused_11_high+fused_6_low+fused_7_medium+fused_8_medium, fused_2_high+fused_4_high, fused_4_medium, fused_10_low+fused_4_high+fused_5_low+fused_8_medium, fused_1_medium+fused_3_low+fused_5_low+fused_6_low+fused_7_medium, fused_7_medium+fused_8_medium+fused_9_medium",huang,"[198, 579, 386, 390, 246]",ok,
16,uniform,3,0.2,0.2671715319156647,67,"fused_11_medium, fused_10_low+fused_11_high+fused_4_high+fused_5_low+fused_6_low+fused_8_medium, fused_10_low+fused_11_high+fused_3_medium+fused_4_high+fused_5_low+fused_6_low, fused_2_high+fused_3_low+fused_5_low+fused_8_medium, fused_10_low+fused_3_medium+fused_4_high+fused_9_medium, fused_10_low+fused_11_high+fused_1_medium+fused_3_low+fused_5_low+fused_6_low+fused_9_medium, fused_10_low+fused_11_high+fused_5_low+fused_6_low+fused_8_medium+fused_9_medium, fused_10_low+fused_4_high+fused_7_medium+fused_8_medium, fused_10_low+fused_1_medium+fused_3_medium+fused_4_high+fused_6_low, fused_4_medium+fused_5_low, fused_10_low+fused_11_high+fused_1_medium+fused_5_low+fused_6_low+fused_8_medium, fused_7_high+fused_8_medium, fused_11_high+fused_2_medium+fused_5_low+fused_6_low, fused_11_high+fused_5_low+fused_6_low+fused_7_medium+fused_8_medium+fused_9_medium, fused_2_high+fused_3_low+fused_4_medium, fused_11_high+fused_1_medium+fused_3_low+fused_5_low+fused_6_low+fused_8_medium+fused_9_medium, fused_10_low+fused_1_low+fused_4_high, fused_11_high+fused_2_medium+fused_4_high+fused_6_low, fused_11_high+fused_4_high+fused_5_low+fused_6_low+fused_8_medium+fused_9_medium, fused_2_high+fused_5_low+fused_6_low+fused_8_medium, fused_11_high+fused_3_medium+fused_5_low+fused_6_low+fused_9_medium, fused_10_low+fused_11_high+fused_1_medium+fused_5_low+fused_6_low+fused_8_high, fused_10_low+fused_11_high+fused_5_low+fused_6_low+fused_8_high+fused_9_medium, fused_10_low+fused_6_low+fused_7_medium+fused_8_medium, fused_11_high+fused_1_medium+fused_3_medium+fused_5_low+fused_6_low, fused_3_low+fused_7_medium+fused_8_medium, fused_10_low+fused_2_medium+fused_4_high+fused_8_medium, fused_11_high+fused_1_medium+fused_5_low+fused_6_low+fused_7_medium+fused_8_medium, fused_10_low+fused_11_high+fused_1_medium+fused_2_high+fused_4_high+fused_5_low+fused_6_low+fused_7_medium+fused_9_medium, fused_11_high+fused_1_medium+fused_5_low+fused_6_low+fused_8_high+fused_9_medium, fused_2_high+fused_3_low+fused_6_low+fused_8_medium, fused_10_low+fused_4_high+fused_5_low+fused_6_low+fused_8_medium+fused_9_medium, fused_4_medium+fused_6_low, fused_11_high+fused_1_medium+fused_4_high+fused_5_low+fused_6_low+fused_8_medium, fused_3_low+fused_7_high, fused_11_high+fused_2_high+fused_6_low+fused_8_medium, fused_10_low+fused_11_high+fused_1_medium+fused_4_high+fused_6_low+fused_8_medium, fused_10_low+fused_4_high+fused_5_low+fused_6_low+fused_8_high, fused_1_medium+fused_2_high+fused_8_medium, fused_10_low+fused_11_high+fused_4_high+fused_6_low+fused_8_medium+fused_9_medium, fused_10_low+fused_2_medium+fused_3_medium+fused_4_high, fused_11_high+fused_3_low+fused_4_high+fused_6_low+fused_9_medium, fused_10_low+fused_1_medium+fused_4_high+fused_8_high, fused_10_low+fused_3_low+fused_5_low+fused_6_low+fused_7_medium, fused_11_high+fused_3_low+fused_4_high+fused_5_low+fused_6_low, fused_1_medium+fused_2_medium, fused_3_medium+fused_4_high+fused_5_low+fused_6_low+fused_9_medium, fused_4_high+fused_6_low+fused_7_medium+fused_8_medium, fused_10_low+fused_2_medium+fused_4_high+fused_5_low+fused_6_low, fused_10_low+fused_3_medium+fused_4_high+fused_6_low+fused_7_medium, fused_10_low+fused_4_high+fused_8_high+fused_9_medium, fused_11_high+fused_1_medium+fused_2_high+fused_3_low+fused_5_low+fused_6_low+fused_7_medium+fused_9_medium, fused_11_high+fused_2_high+fused_5_low+fused_6_low+fused_8_high, fused_11_high+fused_3_medium+fused_6_low+fused_7_medium, fused_10_low+fused_11_high+fused_3_low+fused_4_high+fused_6_low, fused_10_low+fused_1_medium+fused_5_low+fused_6_low+fused_8_high+fused_9_medium, fused_10_low+fused_3_medium+fused_6_low+fused_9_medium, fused_11_high+fused_5_low+fused_6_low+fused_7_medium+fused_8_high, fused_1_medium+fused_2_high+fused_5_low+fused_6_low+fused_8_high+fused_9_medium, fused_2_medium+fused_6_low+fused_8_medium, fused_10_low+fused_3_medium+fused_5_low+fused_9_medium, fused_11_high+fused_1_medium+fused_3_medium+fused_4_high+fused_6_low, fused_1_medium+fused_3_medium+fused_4_high+fused_5_low+fused_6_low, fused_1_medium+fused_5_low+fused_6_low+fused_7_medium+fused_8_high, fused_2_high+fused_8_medium+fused_9_medium, fused_2_medium+fused_4_high+fused_9_medium, fused_5_low+fused_7_medium+fused_8_high+fused_9_medium",cao,"[364, 218, 403, 351, 463]",ok,
17,uniform,3,0.15,0.192447692155838,82,"fused_10_low+fused_11_high+fused_1_medium+fused_2_high+fused_4_high+fused_5_low+fused_6_low+fused_7_medium+fused_9_medium, fused_10_low+fused_2_medium+fused_4_high+fused_9_medium, fused_10_low+fused_11_high+fused_2_medium+fused_4_high+fused_5_low+fused_6_low, fused_11_medium+fused_6_medium, fused_10_low+fused_11_high+fused_1_medium+fused_3_low+fused_4_high+fused_5_low+fused_6_low+fused_9_medium, fused_10_low+fused_11_high+fused_3_medium+fused_4_high+fused_5_low+fused_6_low+fused_7_medium, fused_10_low+fused_11_high+fused_4_high+fused_5_low+fused_6_low+fused_7_medium+fused_8_medium, fused_10_low+fused_2_medium+fused_3_medium+fused_4_high+fused_6_low, fused_10_low+fused_1_low+fused_4_high+fused_9_medium, fused_10_low+fused_4_high+fused_7_medium+fused_8_medium+fused_9_medium, fused_10_low+fused_11_high+fused_1_medium+fused_4_high+fused_5_low+fused_6_low+fused_8_medium+fused_9_medium, fused_2_medium+fused_8_medium+fused_9_medium, fused_11_medium+fused_8_medium, fused_10_medium+fused_4_medium, fused_2_high+fused_3_low+fused_4_medium+fused_5_low+fused_6_low, fused_10_low+fused_3_medium+fused_4_high+fused_7_medium+fused_9_medium, fused_11_high+fused_1_medium+fused_2_high+fused_3_low+fused_5_low+fused_6_low+fused_8_medium+fused_9_medium, fused_10_low+fused_11_high+fused_1_medium+fused_2_high+fused_5_low+fused_6_low+fused_7_medium+fused_8_high+fused_9_medium, fused_10_low+fused_11_high+fused_3_low+fused_5_low+fused_6_low+fused_8_medium+fused_9_medium, fused_2_medium+fused_3_medium+fused_5_low+fused_6_low, fused_10_low+fused_11_high+fused_3_low+fused_4_high+fused_5_low+fused_6_low+fused_7_medium+fused_9_medium, fused_2_high+fused_3_low+fused_7_high+fused_8_medium, fused_11_high+fused_2_medium+fused_5_low+fused_6_low+fused_9_medium, fused_11_high+fused_3_medium+fused_5_low+fused_6_low+fused_7_medium+fused_9_medium, fused_10_low+fused_11_high+fused_5_low+fused_6_low+fused_7_medium+fused_8_medium+fused_9_medium, fused_11_high+fused_4_medium+fused_5_low+fused_6_low+fused_9_medium, fused_10_medium+fused_5_low, fused_11_high+fused_1_medium+fused_2_medium+fused_6_low, fused_10_low+fused_1_medium+fused_2_medium+fused_4_high+fused_6_low, fused_11_high+fused_2_high+fused_4_medium+fused_5_low+fused_6_low, fused_11_high+fused_2_medium+fused_3_medium+fused_6_low, fused_4_medium+fused_5_low+fused_8_medium, fused_5_low+fused_7_high, fused_10_medium+fused_3_low, fused_11_medium+fused_5_medium, fused_10_low+fused_11_high+fused_1_medium+fused_4_high+fused_5_low+fused_6_low+fused_7_medium+fused_8_high+fused_9_medium, fused_11_high+fused_1_medium+fused_3_medium+fused_4_high+fused_5_low+fused_6_low+fused_7_medium, fused_11_high+fused_3_low+fused_4_medium+fused_5_low+fused_6_low, fused_11_high+fused_4_high+fused_5_low+fused_6_low+fused_7_medium+fused_8_medium+fused_9_medium, fused_1_medium+fused_4_medium+fused_5_low+fused_9_medium, fused_3_medium+fused_4_high+fused_8_medium, fused_11_high+fused_2_high+fused_3_low+fused_4_medium+fused_6_low, fused_2_high+fused_3_low+fused_7_medium+fused_8_medium, fused_10_low+fused_1_medium+fused_4_high+fused_6_low+fused_7_medium+fused_8_medium, fused_2_medium+fused_4_high+fused_5_low+fused_6_low+fused_9_medium, fused_10_low+fused_11_high+fused_1_medium+fused_3_medium+fused_4_high+fused_6_low+fused_7_medium, fused_10_low+fused_11_high+fused_1_medium+fused_5_low+fused_6_low+fused_7_medium+fused_8_medium, fused_10_low+fused_2_medium+fused_4_high+fused_5_low+fused_6_low+fused_8_medium, fused_11_high+fused_2_medium+fused_4_high+fused_5_low+fused_6_low+fused_8_medium, fused_11_high+fused_3_medium+fused_4_high+fused_6_low+fused_7_medium+fused_9_medium, fused_1_medium+fused_2_medium+fused_5_low+fused_6_low, fused_2_high+fused_4_medium+fused_5_low+fused_6_low+fused_9_medium, fused_2_medium+fused_3_medium+fused_8_medium, fused_10_low+fused_11_high+fused_1_medium+fused_3_low+fused_6_low+fused_8_medium+fused_9_medium, fused_10_low+fused_1_medium+fused_2_high+fused_4_high+fused_5_low+fused_6_low+fused_8_high+fused_9_medium, fused_10_low+fused_2_medium+fused_4_high+fused_6_low+fused_7_medium, fused_2_high+fused_3_low+fused_4_medium+fused_8_medium, fused_10_low+fused_11_high+fused_1_medium+fused_3_low+fused_5_low+fused_6_low+fused_8_medium, fused_10_low+fused_11_high+fused_1_medium+fused_3_medium+fused_4_high+fused_5_low+fused_6_low+fused_9_medium, fused_10_low+fused_11_high+fused_2_medium+fused_4_high+fused_6_low+fused_8_medium, fused_10_medium+fused_2_high, fused_11_high+fused_1_medium+fused_3_low+fused_4_high+fused_5_low+fused_6_low+fused_7_medium+fused_9_medium, fused_1_medium+fused_2_high+fused_4_medium, fused_1_medium+fused_3_low+fused_4_medium, fused_3_low+fused_4_medium+fused_5_low+fused_6_low+fused_9_medium, fused_10_low+fused_11_high+fused_1_medium+fused_3_low+fused_4_high+fused_5_low+fused_6_low+fused_7_medium, fused_11_high+fused_1_medium+fused_4_high+fused_6_low+fused_7_medium+fused_8_medium, fused_1_medium+fused_4_medium+fused_6_low, fused_2_medium+fused_3_medium+fused_4_high+fused_5_low, fused_3_medium+fused_4_high+fused_5_low+fused_6_low+fused_7_medium+fused_9_medium, fused_3_medium+fused_6_low+fused_8_medium, fused_10_low+fused_11_high+fused_1_medium+fused_2_high+fused_3_low+fused_5_low+fused_6_low+fused_7_medium+fused_9_medium, fused_10_low+fused_11_high+fused_1_medium+fused_3_medium+fused_5_low+fused_6_low+fused_7_medium, fused_10_low+fused_11_high+fused_2_high+fused_4_high+fused_5_low+fused_6_low+fused_8_high, fused_10_low+fused_3_medium+fused_4_high+fused_6_low+fused_8_high, fused_10_low+fused_3_medium+fused_5_low+fused_8_high, fused_10_low+fused_3_medium+fused_6_low+fused_7_medium+fused_9_medium, fused_11_high+fused_1_medium+fused_3_low+fused_5_low+fused_6_low+fused_7_medium+fused_8_medium+fused_9_medium, fused_11_high+fused_6_low+fused_7_high, fused_2_high+fused_3_low+fused_4_medium+fused_5_low+fused_9_medium, fused_3_medium+fused_5_low+fused_6_low+fused_8_high, fused_7_low",cao,"[247, 755, 228, 339, 230]",ok,
18,uniform,3,0.1,0.1942671835422516,127,"fused_10_low+fused_4_high+fused_7_low, fused_10_low+fused_11_high+fused_1_medium+fused_2_high+fused_4_high+fused_5_low+fused_6_low+fused_7_medium+fused_8_high+fused_9_medium, fused_11_medium+fused_5_medium+fused_6_medium, fused_10_low+fused_11_high+fused_2_medium+fused_3_medium+fused_4_high+fused_5_low+fused_6_low, fused_10_low+fused_11_high+fused_1_medium+fused_3_low+fused_4_high+fused_5_low+fused_6_low+fused_8_medium+fused_9_medium, fused_10_low+fused_11_high+fused_1_medium+fused_2_medium+fused_4_high+fused_5_low+fused_6_low, fused_10_low+fused_1_low+fused_2_medium+fused_4_high, fused_10_low+fused_11_high+fused_1_medium+fused_4_high+fused_5_low+fused_6_low+fused_7_medium+fused_8_medium+fused_9_medium, fused_10_low+fused_11_medium+fused_4_high, fused_10_low+fused_11_high+fused_1_medium+fused_2_high+fused_3_low+fused_4_high+fused_5_low+fused_6_low+fused_7_medium+fused_9_medium, fused_11_high+fused_1_medium+fused_2_high+fused_3_low+fused_4_medium+fused_5_low+fused_6_low+fused_9_medium, fused_11_high+fused_1_medium+fused_2_high+fused_3_low+fused_5_low+fused_6_low+fused_7_medium+fused_8_medium+fused_9_medium, fused_10_low+fused_2_medium+fused_3_medium+fused_4_high+fused_6_low+fused_8_medium, fused_10_low+fused_2_medium+fused_3_medium+fused_4_high+fused_9_medium, fused_10_medium+fused_2_high+fused_3_low+fused_4_medium+fused_8_medium, fused_2_high+fused_3_low+fused_4_medium+fused_5_low+fused_6_low+fused_8_medium, fused_11_high+fused_3_low+fused_6_low+fused_7_high, fused_11_high+fused_4_medium+fused_5_low+fused_6_low+fused_8_medium+fused_9_medium, fused_10_low+fused_1_low+fused_4_high+fused_7_medium, fused_10_low+fused_1_medium+fused_2_medium+fused_3_medium+fused_4_high+fused_6_low, fused_10_low+fused_3_medium+fused_4_high+fused_9_low, fused_10_low+fused_11_high+fused_1_medium+fused_2_high+fused_3_low+fused_5_low+fused_6_low+fused_8_medium+fused_9_medium, fused_10_low+fused_11_high+fused_1_medium+fused_3_low+fused_5_low+fused_6_low+fused_7_medium+fused_8_medium+fused_9_medium, fused_10_low+fused_11_high+fused_2_medium+fused_4_high+fused_5_low+fused_6_low+fused_7_medium+fused_8_medium, fused_10_low+fused_11_high+fused_3_low+fused_4_high+fused_5_low+fused_6_low+fused_7_medium+fused_8_medium+fused_9_medium, fused_1_high+fused_2_high+fused_3_low+fused_8_medium+fused_9_high, fused_2_medium+fused_3_medium+fused_5_low+fused_6_low+fused_9_medium, fused_10_low+fused_1_low+fused_3_medium+fused_4_high, fused_10_low+fused_3_medium+fused_4_high+fused_5_low+fused_6_low+fused_8_medium, fused_11_high+fused_2_medium+fused_3_medium+fused_5_low+fused_6_low+fused_8_medium, fused_10_low+fused_11_high+fused_2_medium+fused_4_high+fused_5_low+fused_6_low+fused_8_medium+fused_9_medium, fused_11_high+fused_1_medium+fused_2_medium+fused_4_high+fused_5_low+fused_6_low+fused_8_medium, fused_11_high+fused_1_medium+fused_6_low+fused_7_high, fused_11_medium+fused_5_medium+fused_8_medium, fused_10_low+fused_11_high+fused_3_medium+fused_4_high+fused_6_low+fused_8_medium, fused_10_low+fused_2_medium+fused_4_high+fused_9_low, fused_10_low+fused_3_high+fused_4_high, fused_11_high+fused_3_low+fused_4_medium+fused_5_low+fused_6_low+fused_8_medium, fused_11_high+fused_3_medium+fused_4_high+fused_5_low+fused_6_low+fused_8_medium, fused_3_medium+fused_8_medium+fused_9_medium, fused_10_low+fused_11_high+fused_1_medium+fused_2_medium+fused_4_high+fused_6_low+fused_8_medium, fused_10_low+fused_1_medium+fused_2_medium+fused_4_high+fused_6_low+fused_7_medium, fused_11_high+fused_2_high+fused_4_medium+fused_5_low+fused_6_low+fused_8_medium, fused_1_high+fused_2_high+fused_3_low+fused_7_high+fused_8_medium, fused_1_medium+fused_4_medium+fused_5_low+fused_6_low+fused_7_medium+fused_9_medium, fused_2_high+fused_3_low+fused_5_low+fused_7_high, fused_3_low+fused_5_low+fused_7_high+fused_8_medium, fused_11_high+fused_2_medium+fused_4_high+fused_5_low+fused_6_low+fused_7_medium+fused_9_medium, fused_10_low+fused_2_low+fused_4_high, fused_10_medium+fused_11_high+fused_5_low+fused_6_low+fused_8_medium, fused_10_medium+fused_2_high+fused_4_medium+fused_9_medium, fused_10_medium+fused_3_low+fused_4_medium+fused_9_medium, fused_10_medium+fused_3_low+fused_5_low+fused_9_medium, fused_11_high+fused_1_medium+fused_2_high+fused_3_medium+fused_5_low+fused_6_low+fused_9_medium, fused_11_high+fused_2_high+fused_3_low+fused_4_medium+fused_6_low+fused_8_medium, fused_1_medium+fused_2_high+fused_3_low+fused_4_medium+fused_5_low+fused_7_medium, fused_1_medium+fused_2_high+fused_4_medium+fused_5_low+fused_7_medium+fused_9_medium, fused_1_medium+fused_3_medium+fused_8_medium, fused_1_medium+fused_4_medium+fused_5_low+fused_8_medium+fused_9_medium, fused_3_low+fused_5_low+fused_6_low+fused_7_high, fused_10_low+fused_2_medium+fused_3_medium+fused_4_high+fused_6_low+fused_7_medium, fused_10_medium+fused_4_medium+fused_5_low+fused_6_low+fused_8_medium, fused_1_medium+fused_3_low+fused_4_medium+fused_8_medium, fused_2_medium+fused_3_medium+fused_4_high+fused_5_low+fused_6_low+fused_8_medium, fused_3_low+fused_4_medium+fused_5_low+fused_6_low+fused_7_medium, fused_10_medium+fused_1_medium+fused_4_medium+fused_5_low, fused_10_medium+fused_1_medium+fused_5_low+fused_6_low+fused_9_medium, fused_10_medium+fused_3_low+fused_5_low+fused_8_medium, fused_2_high+fused_4_medium+fused_5_low+fused_8_medium+fused_9_medium, fused_10_high+fused_3_low+fused_9_high, fused_10_low+fused_11_high+fused_1_medium+fused_3_medium+fused_4_high+fused_5_low+fused_6_low+fused_7_medium+fused_8_high+fused_9_medium, fused_10_low+fused_1_medium+fused_2_high+fused_3_medium+fused_4_high+fused_5_low+fused_6_low+fused_9_medium, fused_10_low+fused_2_medium+fused_4_high+fused_6_low+fused_7_medium+fused_9_medium, fused_10_medium+fused_2_high+fused_3_low+fused_4_medium+fused_5_low+fused_6_low, fused_11_high+fused_1_medium+fused_2_medium+fused_5_low+fused_6_low+fused_7_medium, fused_1_low+fused_7_low, fused_1_medium+fused_2_high+fused_3_low+fused_5_low+fused_8_high+fused_9_medium, fused_2_high+fused_3_low+fused_4_medium+fused_8_medium+fused_9_medium, fused_3_medium+fused_7_medium+fused_8_medium, fused_7_low+fused_9_medium, fused_10_low+fused_11_high+fused_1_medium+fused_2_high+fused_3_medium+fused_5_low+fused_6_low, fused_10_low+fused_1_low+fused_4_high+fused_8_medium+fused_9_medium, fused_10_low+fused_1_medium+fused_2_high+fused_3_medium+fused_5_low+fused_6_low+fused_8_high, fused_10_medium+fused_1_medium+fused_3_low, fused_10_medium+fused_2_high+fused_5_low+fused_9_medium, fused_11_high+fused_1_medium+fused_2_medium+fused_3_medium+fused_6_low, fused_11_high+fused_1_medium+fused_3_low+fused_4_high+fused_5_low+fused_6_low+fused_7_medium+fused_8_medium, fused_11_medium+fused_2_high+fused_3_low+fused_6_medium+fused_8_medium, fused_1_medium+fused_2_high+fused_3_medium+fused_5_low+fused_6_low+fused_8_high+fused_9_medium, fused_1_medium+fused_7_high+fused_8_medium, fused_2_high+fused_3_low+fused_4_medium+fused_7_medium+fused_9_medium, fused_2_high+fused_6_low+fused_7_high, fused_3_low+fused_4_medium+fused_7_high, fused_10_low+fused_1_medium+fused_2_high+fused_3_medium+fused_4_high+fused_8_high, fused_10_low+fused_2_high+fused_3_medium+fused_4_high+fused_8_high+fused_9_medium, fused_10_low+fused_2_high+fused_3_medium+fused_5_low+fused_6_low+fused_8_high+fused_9_medium, fused_10_low+fused_5_medium, fused_10_medium+fused_11_high+fused_2_high+fused_4_medium+fused_6_low, fused_10_medium+fused_5_low+fused_6_low+fused_8_medium+fused_9_medium, fused_11_high+fused_1_medium+fused_2_medium+fused_4_high+fused_5_low+fused_6_low+fused_9_medium, fused_11_high+fused_2_high+fused_3_low+fused_5_low+fused_6_low+fused_8_high+fused_9_medium, fused_11_medium+fused_2_high+fused_3_low+fused_6_medium+fused_9_high, fused_1_medium+fused_2_medium+fused_6_low+fused_8_medium+fused_9_medium, fused_1_medium+fused_4_medium+fused_5_low+fused_6_low+fused_8_medium, fused_4_high+fused_5_medium, fused_10_low+fused_11_high+fused_2_high+fused_3_medium+fused_4_high+fused_5_low+fused_6_low, fused_10_low+fused_11_high+fused_2_high+fused_3_medium+fused_5_low+fused_6_low+fused_9_medium, fused_10_low+fused_1_medium+fused_2_high+fused_3_medium+fused_5_low+fused_8_high+fused_9_medium, fused_10_low+fused_2_high+fused_3_medium+fused_4_high+fused_5_low+fused_6_low+fused_8_high, fused_10_low+fused_2_medium+fused_5_low+fused_6_low+fused_7_medium+fused_9_medium, fused_10_low+fused_2_medium+fused_7_low, fused_10_medium+fused_11_high+fused_3_low+fused_4_medium+fused_6_low, fused_10_medium+fused_11_high+fused_4_medium+fused_5_low+fused_6_low+fused_9_medium, fused_10_medium+fused_7_medium, fused_11_high+fused_2_medium+fused_3_medium+fused_4_high+fused_6_low+fused_8_medium, fused_11_high+fused_3_low+fused_5_low+fused_7_high, fused_11_high+fused_5_low+fused_6_low+fused_7_high+fused_8_medium+fused_9_medium, fused_11_medium+fused_2_high+fused_3_low+fused_8_medium+fused_9_high, fused_1_high+fused_2_high+fused_3_low+fused_7_high+fused_9_high, fused_1_medium+fused_2_medium+fused_7_medium+fused_8_medium, fused_1_medium+fused_3_low+fused_4_medium+fused_5_low+fused_7_medium+fused_9_medium, fused_2_high+fused_3_low+fused_7_high+fused_8_medium+fused_9_high, fused_2_high+fused_3_low+fused_7_medium+fused_8_high, fused_2_high+fused_4_medium+fused_5_low+fused_6_low+fused_7_medium+fused_9_medium, fused_2_medium+fused_4_high+fused_7_low, fused_3_low+fused_4_medium+fused_5_low+fused_6_low+fused_8_medium+fused_9_medium, fused_3_low+fused_5_medium",cao,"[243, 197, 135, 282, 942]",ok,
19,uniform,5,1.0,0.4068583846092224,0,,,[],baseline_no_features,
20,uniform,5,0.95,0.4068583846092224,0,,,[],baseline_no_features,
21,uniform,5,0.9,0.4068583846092224,0,,,[],baseline_no_features,
22,uniform,5,0.85,0.4068583846092224,0,,,[],baseline_no_features,
23,uniform,5,0.8,0.4068583846092224,0,,,[],baseline_no_features,
24,uniform,5,0.75,0.4068583846092224,0,,,[],baseline_no_features,
25,uniform,5,0.7,0.4068583846092224,0,,,[],baseline_no_features,
26,uniform,5,0.65,0.4068583846092224,0,,,[],baseline_no_features,
27,uniform,5,0.6,0.4068583846092224,0,,,[],baseline_no_features,
28,uniform,5,0.55,0.319415420293808,1,fused_3_low,huang,"[198, 403, 167, 263, 768]",ok,
29,uniform,5,0.5,0.3056470453739166,4,"fused_3_low, fused_2_high, fused_6_verylow, fused_8_high",huang,"[386, 274, 167, 776, 196]",ok,
30,uniform,5,0.45,0.327706515789032,7,"fused_3_low, fused_2_high, fused_6_verylow, fused_8_high, fused_10_verylow, fused_9_medium, fused_5_verylow",huang,"[782, 283, 373, 165, 196]",ok,
31,uniform,5,0.4,0.29506585001945496,7,"fused_8_high, fused_10_verylow, fused_9_medium, fused_1_medium, fused_2_high+fused_3_low, fused_5_verylow+fused_6_verylow, fused_4_high",huang,"[346, 196, 732, 172, 353]",ok,
32,uniform,5,0.35,0.3238086998462677,12,"fused_8_high, fused_10_verylow, fused_9_medium, fused_1_medium, fused_2_high+fused_3_low, fused_5_verylow+fused_6_verylow, fused_4_high, fused_3_low+fused_6_verylow, fused_11_high, fused_2_high+fused_5_verylow, fused_2_high+fused_6_verylow, fused_3_low+fused_5_verylow",cao,"[395, 178, 684, 196, 346]",ok,
33,uniform,5,0.3,0.231192946434021,26,"fused_11_high, fused_1_medium+fused_6_verylow, fused_10_verylow+fused_6_verylow, fused_7_medium, fused_11_veryhigh+fused_6_verylow, fused_1_medium+fused_2_high, fused_4_veryhigh, fused_3_low+fused_9_medium, fused_4_high+fused_9_medium, fused_7_high, fused_1_medium+fused_5_verylow, fused_6_verylow+fused_9_medium, fused_8_medium, fused_2_high+fused_5_verylow+fused_6_verylow, fused_5_low, fused_3_low+fused_8_high, fused_1_medium+fused_3_low, fused_2_high+fused_9_medium, fused_3_low+fused_5_verylow+fused_6_verylow, fused_4_high+fused_6_verylow, fused_1_medium+fused_9_medium, fused_2_high+fused_4_high, fused_2_high+fused_3_low+fused_6_verylow, fused_2_high+fused_8_high, fused_6_verylow+fused_8_high, fused_10_verylow+fused_5_verylow",huang,"[570, 355, 487, 194, 193]",ok,
34,uniform,5,0.25,0.1752031445503235,46,"fused_11_high, fused_7_high, fused_8_medium, fused_5_low, fused_11_veryhigh+fused_5_verylow+fused_6_verylow, fused_10_verylow+fused_5_verylow+fused_6_verylow, fused_11_veryhigh+fused_3_low+fused_6_verylow, fused_3_low+fused_6_verylow+fused_9_medium, fused_1_medium+fused_2_high+fused_3_low, fused_4_high+fused_6_verylow+fused_9_medium, fused_1_medium+fused_3_low+fused_6_verylow, fused_1_medium+fused_8_high, fused_2_high+fused_3_low+fused_9_medium, fused_6_low, fused_10_verylow+fused_1_medium, fused_10_low, fused_5_verylow+fused_7_medium, fused_3_low+fused_4_high+fused_9_medium, fused_1_medium+fused_6_verylow+fused_9_medium, fused_2_high+fused_4_high+fused_6_verylow, fused_5_verylow+fused_6_verylow+fused_9_medium, fused_1_medium+fused_2_high+fused_9_medium, fused_1_medium+fused_3_low+fused_5_verylow, fused_2_high+fused_6_verylow+fused_9_medium, fused_1_medium+fused_5_verylow+fused_9_medium, fused_10_verylow+fused_4_veryhigh, fused_1_medium+fused_3_low+fused_9_medium, fused_2_high+fused_3_low+fused_5_verylow+fused_6_verylow, fused_9_low, fused_2_high+fused_4_high+fused_9_medium, fused_6_verylow+fused_7_medium, fused_1_medium+fused_2_high+fused_5_verylow+fused_6_verylow, fused_4_high+fused_5_verylow+fused_6_verylow, fused_5_verylow+fused_6_verylow+fused_8_high, fused_10_verylow+fused_3_low+fused_6_verylow, fused_3_low+fused_4_high+fused_6_verylow, fused_4_high+fused_8_high, fused_2_high+fused_5_verylow+fused_8_high, fused_10_verylow+fused_2_high+fused_6_verylow, fused_1_medium+fused_4_high+fused_6_verylow, fused_8_high+fused_9_medium, fused_1_medium+fused_4_high+fused_9_medium, fused_11_veryhigh+fused_1_medium+fused_6_verylow, fused_2_high+fused_3_low+fused_8_high, fused_11_veryhigh+fused_2_high, fused_3_low+fused_5_verylow+fused_9_medium",huang,"[587, 194, 383, 435, 200]",ok,
35,uniform,5,0.2,0.0886673703789711,66,"fused_5_low, fused_10_verylow+fused_4_veryhigh, fused_1_low, fused_10_verylow+fused_2_high+fused_5_verylow+fused_6_verylow, fused_10_verylow+fused_4_high, fused_11_high+fused_3_low, fused_10_verylow+fused_9_low, fused_11_high+fused_2_high, fused_2_high+fused_5_verylow+fused_6_verylow+fused_8_high, fused_3_low+fused_7_high, fused_11_veryhigh+fused_1_medium+fused_5_verylow+fused_6_verylow, fused_10_verylow+fused_9_medium, fused_1_medium+fused_2_high+fused_3_low+fused_5_verylow+fused_6_verylow, fused_10_verylow+fused_7_medium, fused_2_high+fused_3_low+fused_4_high+fused_6_verylow+fused_9_medium, fused_10_verylow+fused_3_low+fused_5_verylow+fused_6_verylow, fused_11_high+fused_6_low, fused_10_low+fused_9_medium, fused_1_medium+fused_2_high+fused_5_verylow+fused_8_high, fused_2_high+fused_3_low+fused_5_verylow+fused_8_high, fused_3_low+fused_5_verylow+fused_7_medium, fused_4_high+fused_8_high+fused_9_medium, fused_1_medium+fused_2_high+fused_4_high+fused_6_verylow+fused_9_medium, fused_3_low+fused_8_high+fused_9_medium, fused_3_low+fused_8_medium, fused_1_medium+fused_2_high+fused_3_low+fused_6_verylow+fused_9_medium, fused_1_medium+fused_5_verylow+fused_7_medium, fused_10_verylow+fused_11_veryhigh+fused_5_verylow+fused_6_verylow, fused_11_veryhigh+fused_2_high+fused_3_low+fused_5_verylow+fused_6_verylow, fused_10_verylow+fused_11_veryhigh+fused_3_low+fused_6_verylow, fused_11_high+fused_8_high, fused_1_medium+fused_5_verylow+fused_6_verylow+fused_8_high, fused_2_high+fused_4_high+fused_5_verylow+fused_9_medium, fused_4_high+fused_6_verylow+fused_8_high, fused_2_high+fused_3_low+fused_6_verylow+fused_8_high, fused_1_medium+fused_3_low+fused_4_high+fused_6_verylow+fused_9_medium, fused_6_verylow+fused_8_high+fused_9_medium, fused_1_medium+fused_2_high+fused_5_verylow+fused_6_verylow+fused_9_medium, fused_1_medium+fused_4_high+fused_5_verylow+fused_6_verylow+fused_9_medium, fused_3_low+fused_4_high+fused_5_verylow+fused_9_medium, fused_3_low+fused_4_high+fused_5_verylow+fused_6_verylow, fused_11_veryhigh+fused_6_verylow+fused_8_high, fused_1_medium+fused_2_high+fused_6_verylow+fused_8_high, fused_10_verylow+fused_1_medium+fused_2_high+fused_6_verylow, fused_2_high+fused_8_high+fused_9_medium, fused_10_verylow+fused_2_high+fused_3_low+fused_6_verylow, fused_11_veryhigh+fused_4_high+fused_6_verylow, fused_1_medium+fused_2_high+fused_3_low+fused_4_high+fused_9_medium, fused_10_verylow+fused_6_verylow+fused_8_high, fused_11_veryhigh+fused_3_low+fused_6_verylow+fused_9_medium, fused_1_medium+fused_2_high+fused_4_high+fused_5_verylow+fused_6_verylow, fused_11_veryhigh+fused_5_verylow+fused_6_verylow+fused_9_medium, fused_1_medium+fused_2_high+fused_3_low+fused_8_high, fused_2_high+fused_5_verylow+fused_6_verylow+fused_7_medium, fused_5_verylow+fused_7_medium+fused_8_high, fused_10_verylow+fused_1_medium+fused_5_verylow+fused_6_verylow, fused_1_medium+fused_2_high+fused_3_low+fused_5_verylow+fused_9_medium, fused_2_high+fused_4_high+fused_8_high, fused_1_medium+fused_2_high+fused_3_low+fused_4_high+fused_6_verylow, fused_1_medium+fused_8_high+fused_9_medium, fused_1_medium+fused_3_low+fused_5_verylow+fused_6_verylow+fused_9_medium, fused_1_medium+fused_3_low+fused_5_verylow+fused_8_high, fused_5_verylow+fused_8_high+fused_9_medium, fused_1_medium+fused_2_high+fused_7_medium, fused_2_high+fused_3_low+fused_5_verylow+fused_6_verylow+fused_9_medium, fused_11_veryhigh+fused_1_medium+fused_2_high+fused_3_low+fused_6_verylow",huang,"[325, 638, 208, 411, 217]",ok,
36,uniform,5,0.15,0.07541736960411072,100,"fused_11_high+fused_6_low, fused_10_low+fused_9_medium, fused_11_high+fused_8_high, fused_11_high+fused_5_low, fused_2_medium, fused_3_low+fused_5_low, fused_11_veryhigh+fused_1_medium+fused_2_high+fused_3_low+fused_5_verylow+fused_6_verylow, fused_1_medium+fused_2_high+fused_5_verylow+fused_6_verylow+fused_7_medium, fused_7_high+fused_9_medium, fused_1_high, fused_5_low+fused_6_low, fused_7_low, fused_1_medium+fused_2_high+fused_3_low+fused_5_verylow+fused_6_verylow+fused_8_high, fused_2_high+fused_3_low+fused_5_verylow+fused_6_verylow+fused_7_medium, fused_10_verylow+fused_4_veryhigh+fused_9_low, fused_5_low+fused_7_high, fused_10_verylow+fused_2_high+fused_5_verylow+fused_6_verylow+fused_8_high, fused_1_medium+fused_2_high+fused_3_low+fused_4_high+fused_5_verylow+fused_6_verylow+fused_9_medium, fused_10_verylow+fused_11_high, fused_1_medium+fused_2_high+fused_3_low+fused_5_verylow+fused_7_medium, fused_11_high+fused_5_verylow, fused_1_medium+fused_2_high+fused_5_verylow+fused_7_medium+fused_8_high, fused_10_verylow+fused_3_low+fused_6_verylow+fused_9_medium, fused_11_veryhigh+fused_1_medium+fused_2_high+fused_3_low+fused_6_verylow+fused_9_medium, fused_2_high+fused_5_verylow+fused_6_verylow+fused_7_medium+fused_8_high, fused_9_high, fused_1_low+fused_4_veryhigh, fused_11_high+fused_6_verylow, fused_11_veryhigh+fused_1_medium+fused_3_low+fused_5_verylow+fused_6_verylow+fused_9_medium, fused_2_high+fused_3_low+fused_5_verylow+fused_7_medium+fused_8_high, fused_11_veryhigh+fused_2_high+fused_3_low+fused_4_high+fused_6_verylow+fused_9_medium, fused_10_verylow+fused_3_medium, fused_10_verylow+fused_11_veryhigh+fused_1_medium+fused_5_verylow+fused_6_verylow, fused_10_verylow+fused_11_veryhigh+fused_2_high+fused_3_low+fused_5_verylow+fused_6_verylow, fused_10_verylow+fused_4_veryhigh+fused_6_verylow, fused_11_veryhigh+fused_2_high+fused_3_low+fused_5_verylow+fused_6_verylow+fused_9_medium, fused_2_high+fused_3_low+fused_4_high+fused_6_verylow+fused_8_high+fused_9_medium, fused_1_medium+fused_5_verylow+fused_6_verylow+fused_7_medium+fused_8_high, fused_10_verylow+fused_4_high+fused_5_verylow+fused_6_verylow, fused_11_high+fused_1_medium, fused_11_veryhigh+fused_1_medium+fused_2_high+fused_5_verylow+fused_6_verylow+fused_9_medium, fused_1_medium+fused_2_high+fused_3_low+fused_5_verylow+fused_8_high+fused_9_medium, fused_4_high+fused_5_verylow+fused_6_verylow+fused_7_medium, fused_10_verylow+fused_5_verylow+fused_6_verylow+fused_9_medium, fused_11_veryhigh+fused_1_medium+fused_3_low+fused_4_high+fused_6_verylow+fused_9_medium, fused_2_high+fused_3_low+fused_7_high, fused_10_verylow+fused_1_low+fused_9_low, fused_5_verylow+fused_6_verylow+fused_7_medium+fused_9_medium, fused_1_medium+fused_2_high+fused_4_high+fused_5_verylow+fused_6_verylow+fused_8_high, fused_10_low+fused_4_high, fused_10_verylow+fused_1_medium+fused_6_verylow+fused_8_high, fused_10_verylow+fused_4_high+fused_8_high, fused_6_verylow+fused_8_medium, fused_10_verylow+fused_4_high+fused_6_verylow+fused_9_medium, fused_11_high+fused_2_high+fused_3_low, fused_11_veryhigh+fused_1_medium+fused_2_high+fused_3_low+fused_4_high+fused_6_verylow, fused_1_medium+fused_3_low+fused_4_high+fused_5_verylow+fused_8_high, fused_10_verylow+fused_1_medium+fused_2_high+fused_3_low+fused_5_verylow+fused_6_verylow, fused_10_verylow+fused_2_high+fused_4_high+fused_5_verylow, fused_10_verylow+fused_2_high+fused_5_verylow+fused_6_verylow+fused_7_medium, fused_11_veryhigh+fused_3_low+fused_5_verylow+fused_6_verylow+fused_7_medium, fused_2_high+fused_3_low+fused_8_medium, fused_11_veryhigh+fused_1_medium+fused_4_high+fused_5_verylow+fused_6_verylow+fused_9_medium, fused_1_medium+fused_2_high+fused_5_verylow+fused_6_verylow+fused_8_high+fused_9_medium, fused_2_high+fused_4_high+fused_5_verylow+fused_7_medium, fused_10_low+fused_3_low, fused_1_medium+fused_2_high+fused_3_low+fused_4_high+fused_6_verylow+fused_8_high, fused_1_medium+fused_2_high+fused_3_low+fused_6_verylow+fused_8_high+fused_9_medium, fused_1_medium+fused_3_low+fused_4_high+fused_6_verylow+fused_8_high+fused_9_medium, fused_10_verylow+fused_11_veryhigh+fused_1_medium+fused_2_high+fused_3_low+fused_6_verylow, fused_10_verylow+fused_11_veryhigh+fused_6_verylow+fused_8_high, fused_10_verylow+fused_3_low+fused_4_high, fused_11_medium, fused_11_veryhigh+fused_1_medium+fused_2_high+fused_4_high+fused_6_verylow+fused_9_medium, fused_11_veryhigh+fused_2_high+fused_4_high+fused_5_verylow+fused_6_verylow, fused_1_medium+fused_2_high+fused_4_high+fused_6_verylow+fused_8_high+fused_9_medium, fused_11_veryhigh+fused_2_high+fused_3_low+fused_5_verylow+fused_6_verylow+fused_8_high, fused_10_verylow+fused_1_medium+fused_2_high+fused_6_verylow+fused_9_medium, fused_10_verylow+fused_3_low+fused_6_verylow+fused_8_high, fused_11_veryhigh+fused_2_high+fused_5_verylow+fused_6_verylow+fused_7_medium, fused_11_veryhigh+fused_3_low+fused_4_high+fused_5_verylow+fused_6_verylow+fused_9_medium, fused_1_medium+fused_4_high+fused_5_verylow+fused_6_verylow+fused_8_high+fused_9_medium, fused_10_verylow+fused_1_medium+fused_2_high+fused_4_high+fused_6_verylow, fused_10_verylow+fused_3_low+fused_6_verylow+fused_7_medium, fused_11_veryhigh+fused_1_medium+fused_2_high+fused_5_verylow+fused_6_verylow+fused_8_high, fused_11_veryhigh+fused_1_medium+fused_3_low+fused_6_verylow+fused_8_high, fused_1_medium+fused_2_high+fused_3_low+fused_4_high+fused_8_high+fused_9_medium, fused_1_medium+fused_3_low+fused_5_verylow+fused_6_verylow+fused_7_medium, fused_1_medium+fused_3_low+fused_5_verylow+fused_7_medium+fused_8_high, fused_1_medium+fused_7_high, fused_10_verylow+fused_11_veryhigh+fused_6_verylow+fused_7_medium, fused_11_high+fused_9_medium, fused_2_high+fused_3_low+fused_4_high+fused_5_verylow+fused_6_verylow+fused_8_high, fused_2_high+fused_3_low+fused_5_verylow+fused_6_verylow+fused_8_high+fused_9_medium, fused_3_low+fused_6_verylow+fused_7_high, fused_10_verylow+fused_6_verylow+fused_9_low, fused_1_medium+fused_2_high+fused_5_verylow+fused_7_medium+fused_9_medium, fused_1_medium+fused_4_high+fused_5_verylow+fused_7_medium, fused_2_high+fused_3_low+fused_4_high+fused_5_verylow+fused_8_high+fused_9_medium, fused_2_high+fused_5_low",cao,"[429, 177, 232, 87, 874]",ok,
37,uniform,5,0.1,0.027831444516777992,152,"fused_11_high+fused_2_high+fused_3_low, fused_2_high+fused_3_low+fused_8_medium, fused_11_high+fused_5_low+fused_6_low, fused_11_high+fused_2_high+fused_5_verylow, fused_11_high+fused_3_low+fused_8_high, fused_11_high+fused_3_low+fused_6_low, fused_5_low+fused_8_medium, fused_8_medium+fused_9_medium, fused_11_high+fused_2_high+fused_8_high, fused_11_high+fused_3_low+fused_5_low, fused_4_veryhigh+fused_7_low, fused_3_low+fused_5_low+fused_7_high, fused_11_high+fused_1_medium+fused_2_high, fused_10_verylow+fused_1_low+fused_4_veryhigh+fused_9_low, fused_11_high+fused_2_high+fused_4_high, fused_11_high+fused_3_low+fused_9_medium, fused_11_high+fused_4_medium+fused_6_low, fused_10_low+fused_8_high+fused_9_medium, fused_10_verylow+fused_2_medium+fused_4_veryhigh, fused_10_verylow+fused_7_low, fused_10_verylow+fused_4_veryhigh+fused_7_medium, fused_1_medium+fused_8_medium, fused_2_high+fused_3_low+fused_5_low, fused_11_high+fused_2_high+fused_6_low, fused_6_low+fused_7_high, fused_10_low+fused_5_verylow+fused_9_medium, fused_10_verylow+fused_7_high, fused_11_high+fused_2_high+fused_9_medium, fused_11_high+fused_5_verylow+fused_6_verylow, fused_3_low+fused_4_high+fused_6_verylow+fused_7_high+fused_9_medium, fused_11_high+fused_2_high+fused_6_verylow, fused_11_high+fused_6_low+fused_8_high, fused_10_verylow+fused_11_veryhigh+fused_2_high+fused_3_low+fused_5_verylow+fused_6_verylow+fused_7_medium, fused_10_verylow+fused_11_veryhigh+fused_1_medium+fused_2_high+fused_3_low+fused_5_verylow+fused_6_verylow+fused_8_high, fused_10_low+fused_4_high+fused_6_verylow+fused_9_medium, fused_5_medium, fused_1_medium+fused_4_veryhigh, fused_10_verylow+fused_3_low+fused_4_veryhigh+fused_6_verylow, fused_11_high+fused_4_high+fused_9_medium, fused_11_veryhigh+fused_1_medium+fused_2_high+fused_3_low+fused_5_verylow+fused_6_verylow+fused_7_medium+fused_8_high, fused_2_veryhigh+fused_8_high, fused_3_medium+fused_6_verylow, fused_11_high+fused_1_medium+fused_9_medium, fused_11_high+fused_5_low+fused_7_high, fused_3_low+fused_7_high+fused_8_medium, fused_4_medium+fused_9_high, fused_10_medium, fused_10_verylow+fused_8_high+fused_9_low, fused_10_low+fused_3_low+fused_8_high, fused_11_high+fused_7_medium, fused_10_verylow+fused_11_high+fused_6_verylow, fused_10_verylow+fused_1_medium+fused_2_high+fused_5_verylow+fused_6_verylow+fused_7_medium+fused_8_high, fused_10_verylow+fused_2_high+fused_9_low, fused_10_verylow+fused_3_medium+fused_9_low, fused_10_verylow+fused_4_veryhigh+fused_8_medium, fused_1_medium+fused_2_high+fused_3_low+fused_4_high+fused_5_verylow+fused_6_verylow+fused_7_medium+fused_9_medium, fused_1_medium+fused_2_high+fused_7_high, fused_3_low+fused_9_high, fused_11_high+fused_6_low+fused_9_high, fused_3_low+fused_7_high+fused_8_high, fused_11_veryhigh+fused_1_medium+fused_2_high+fused_3_low+fused_4_high+fused_5_verylow+fused_6_verylow+fused_8_high+fused_9_medium, fused_4_medium+fused_5_low, fused_10_verylow+fused_1_low+fused_2_medium, fused_11_high+fused_5_verylow+fused_8_high, fused_10_low+fused_3_low+fused_6_verylow+fused_9_medium, fused_10_verylow+fused_11_veryhigh+fused_1_medium+fused_2_high+fused_3_low+fused_5_verylow+fused_6_verylow+fused_9_medium, fused_10_verylow+fused_1_medium+fused_2_high+fused_6_verylow+fused_8_high+fused_9_medium, fused_11_high+fused_1_high, fused_11_high+fused_4_high+fused_6_verylow, fused_1_low+fused_5_verylow, fused_1_medium+fused_3_low+fused_6_verylow+fused_7_high+fused_9_medium, fused_2_high+fused_3_low+fused_6_verylow+fused_7_high+fused_9_medium, fused_10_verylow+fused_2_high+fused_3_low+fused_4_high+fused_6_verylow+fused_8_high, fused_11_high+fused_8_medium, fused_11_veryhigh+fused_3_low+fused_6_verylow+fused_8_medium, fused_1_medium+fused_2_high+fused_3_low+fused_4_high+fused_5_verylow+fused_6_verylow+fused_7_medium+fused_8_high, fused_4_veryhigh+fused_8_high, fused_10_verylow+fused_11_veryhigh+fused_1_medium+fused_2_high+fused_5_verylow+fused_6_verylow+fused_7_medium, fused_10_verylow+fused_1_low+fused_6_verylow, fused_10_verylow+fused_1_medium+fused_2_high+fused_3_low+fused_5_verylow+fused_6_verylow+fused_7_medium, fused_10_verylow+fused_3_low+fused_4_high+fused_6_verylow+fused_8_high+fused_9_medium, fused_10_verylow+fused_7_medium+fused_9_low, fused_1_high+fused_5_low+fused_7_high, fused_5_verylow+fused_6_verylow+fused_7_high, fused_10_low+fused_11_high, fused_10_verylow+fused_11_veryhigh+fused_4_veryhigh+fused_5_verylow+fused_6_verylow, fused_10_verylow+fused_1_medium+fused_3_low+fused_4_high+fused_6_verylow+fused_8_high, fused_11_high+fused_1_medium+fused_5_verylow, fused_11_high+fused_3_low+fused_5_verylow, fused_1_high+fused_3_low+fused_5_low, fused_10_verylow+fused_11_high+fused_3_medium, fused_10_verylow+fused_11_veryhigh+fused_6_verylow+fused_8_high+fused_9_medium, fused_10_verylow+fused_1_medium+fused_5_verylow+fused_6_verylow+fused_8_high+fused_9_medium, fused_10_verylow+fused_2_high+fused_3_low+fused_5_verylow+fused_6_verylow+fused_7_medium+fused_8_high, fused_10_verylow+fused_2_high+fused_3_low+fused_6_verylow+fused_8_high+fused_9_medium, fused_10_verylow+fused_2_high+fused_5_verylow+fused_6_verylow+fused_8_high+fused_9_medium, fused_10_verylow+fused_3_medium+fused_4_veryhigh, fused_1_high+fused_5_low+fused_9_high, fused_1_medium+fused_2_high+fused_3_low+fused_5_verylow+fused_6_verylow+fused_7_medium+fused_8_high+fused_9_medium, fused_1_medium+fused_2_high+fused_4_high+fused_5_verylow+fused_6_verylow+fused_7_medium+fused_8_high+fused_9_medium, fused_2_high+fused_7_high+fused_8_medium, fused_3_verylow, fused_5_low+fused_6_low+fused_9_high, fused_10_verylow+fused_1_medium+fused_2_high+fused_4_high+fused_5_verylow+fused_6_verylow+fused_8_high, fused_10_verylow+fused_1_medium+fused_3_low+fused_6_verylow+fused_8_high+fused_9_medium, fused_10_verylow+fused_7_medium+fused_9_medium, fused_11_high+fused_1_low, fused_2_low, fused_3_low+fused_5_verylow+fused_7_high, fused_10_low+fused_1_medium+fused_3_low+fused_9_medium, fused_10_verylow+fused_11_veryhigh+fused_2_high+fused_4_high+fused_5_verylow+fused_6_verylow, fused_10_verylow+fused_11_veryhigh+fused_2_high+fused_5_verylow+fused_6_verylow+fused_7_medium+fused_8_high, fused_10_verylow+fused_4_high+fused_5_verylow+fused_6_verylow+fused_7_medium, fused_10_verylow+fused_4_veryhigh+fused_5_verylow+fused_6_verylow+fused_9_low, fused_11_veryhigh+fused_6_verylow+fused_9_low, fused_3_low+fused_5_verylow+fused_6_verylow+fused_8_medium, fused_7_high+fused_9_high, fused_10_low+fused_1_medium+fused_6_verylow, fused_10_verylow+fused_1_medium+fused_2_high+fused_3_low+fused_4_high+fused_5_verylow+fused_6_verylow+fused_9_medium, fused_11_high+fused_3_low+fused_7_high, fused_11_high+fused_5_low+fused_8_high, fused_3_medium+fused_5_verylow, fused_4_veryhigh+fused_9_medium, fused_10_low+fused_1_medium+fused_4_high+fused_9_medium, fused_10_verylow+fused_6_verylow+fused_8_medium, fused_11_high+fused_3_low+fused_4_medium, fused_11_high+fused_4_high+fused_5_verylow, fused_11_veryhigh+fused_1_medium+fused_4_high+fused_5_verylow+fused_6_verylow+fused_7_medium, fused_11_veryhigh+fused_3_low+fused_6_verylow+fused_7_high+fused_9_medium, fused_1_high+fused_8_high, fused_1_medium+fused_2_high+fused_3_low+fused_4_high+fused_5_verylow+fused_7_medium+fused_8_high+fused_9_medium, fused_2_high+fused_4_high+fused_7_high, fused_4_veryhigh+fused_6_verylow+fused_7_medium, fused_10_low+fused_1_medium+fused_2_high, fused_10_low+fused_2_high+fused_3_low+fused_4_high+fused_9_medium, fused_10_low+fused_3_low+fused_4_high+fused_6_verylow, fused_10_verylow+fused_2_high+fused_4_high+fused_6_verylow+fused_8_high+fused_9_medium, fused_10_verylow+fused_3_low+fused_4_high+fused_5_verylow+fused_6_verylow+fused_8_high, fused_10_verylow+fused_3_low+fused_5_verylow+fused_8_high+fused_9_medium, fused_11_high+fused_9_low, fused_11_veryhigh+fused_5_verylow+fused_6_verylow+fused_7_medium+fused_8_high+fused_9_medium, fused_2_high+fused_3_low+fused_4_high+fused_5_verylow+fused_6_verylow+fused_7_medium+fused_8_high+fused_9_medium, fused_10_low+fused_1_medium+fused_5_verylow, fused_10_verylow+fused_11_veryhigh+fused_1_medium+fused_2_high+fused_3_low+fused_4_high+fused_6_verylow+fused_9_medium, fused_10_verylow+fused_11_veryhigh+fused_1_medium+fused_3_low+fused_4_high+fused_5_verylow+fused_6_verylow, fused_10_verylow+fused_1_medium+fused_4_high+fused_6_verylow+fused_8_high+fused_9_medium, fused_10_verylow+fused_2_medium+fused_9_low, fused_10_verylow+fused_5_low, fused_11_medium+fused_6_medium, fused_11_veryhigh+fused_1_medium+fused_2_high+fused_5_verylow+fused_6_verylow+fused_7_medium+fused_9_medium, fused_11_veryhigh+fused_1_medium+fused_7_high, fused_11_veryhigh+fused_2_high+fused_4_high+fused_5_verylow+fused_6_verylow+fused_7_medium",cao,"[219, 752, 250, 421, 157]",ok,
38,uniform,7,1.0,0.4068583846092224,0,,,[],baseline_no_features,
39,uniform,7,0.95,0.4068583846092224,0,,,[],baseline_no_features,
40,uniform,7,0.9,0.4068583846092224,0,,,[],baseline_no_features,
41,uniform,7,0.85,0.4068583846092224,0,,,[],baseline_no_features,
42,uniform,7,0.8,0.4068583846092224,0,,,[],baseline_no_features,
43,uniform,7,0.75,0.4068583846092224,0,,,[],baseline_no_features,
44,uniform,7,0.7,0.4068583846092224,0,,,[],baseline_no_features,
45,uniform,7,0.65,0.4068583846092224,0,,,[],baseline_no_features,
46,uniform,7,0.6,0.4068583846092224,0,,,[],baseline_no_features,
47,uniform,7,0.55,0.4068583846092224,0,,,[],baseline_no_features,
48,uniform,7,0.5,0.4068583846092224,0,,,[],baseline_no_features,
49,uniform,7,0.45,0.2900921106338501,1,fused_8_high,huang,"[204, 416, 256, 756, 167]",ok,
50,uniform,7,0.4,0.31708091497421265,3,"fused_8_high, fused_11_veryhigh, fused_4_veryhigh",huang,"[165, 233, 446, 704, 251]",ok,
51,uniform,7,0.35,0.31682273745536804,7,"fused_8_high, fused_11_veryhigh, fused_4_veryhigh, fused_3_low, fused_2_veryhigh, fused_10_megalow, fused_6_megalow",cao,"[672, 169, 456, 242, 260]",ok,
52,uniform,7,0.3,0.2585050165653229,13,"fused_8_high, fused_11_veryhigh, fused_4_veryhigh, fused_3_low, fused_2_veryhigh, fused_10_megalow, fused_6_megalow, fused_1_medium, fused_9_medium, fused_5_verylow, fused_9_low, fused_5_megalow, fused_10_verylow",huang,"[169, 265, 471, 268, 626]",ok,
53,uniform,7,0.25,0.2292693853378296,16,"fused_8_high, fused_2_veryhigh, fused_1_medium, fused_9_medium, fused_5_verylow, fused_9_low, fused_5_megalow, fused_10_verylow, fused_3_verylow, fused_6_verylow, fused_2_high, fused_10_megalow+fused_4_veryhigh, fused_7_medium, fused_3_low+fused_6_megalow, fused_4_veryhigh+fused_6_megalow, fused_11_veryhigh+fused_3_low",cao,"[263, 303, 578, 482, 173]",ok,
54,uniform,7,0.2,0.1834016591310501,29,"fused_9_medium, fused_5_verylow, fused_10_verylow, fused_3_verylow, fused_2_high, fused_10_megalow+fused_4_veryhigh, fused_7_medium, fused_11_veryhigh+fused_3_low, fused_4_veryhigh+fused_9_low, fused_10_megalow+fused_9_low, fused_1_low, fused_7_high, fused_8_medium, fused_10_megalow+fused_3_low, fused_5_megalow+fused_6_megalow, fused_11_veryhigh+fused_8_high, fused_3_low+fused_5_megalow, fused_11_veryhigh+fused_2_veryhigh, fused_11_veryhigh+fused_6_megalow, fused_2_veryhigh+fused_8_high, fused_11_veryhigh+fused_6_verylow, fused_4_veryhigh+fused_5_megalow, fused_11_veryhigh+fused_1_medium, fused_11_veryhigh+fused_4_veryhigh, fused_11_veryhigh+fused_5_megalow, fused_1_medium+fused_6_megalow, fused_10_megalow+fused_11_veryhigh, fused_10_megalow+fused_6_megalow, fused_3_low+fused_4_veryhigh+fused_6_megalow",cao,"[182, 418, 353, 271, 575]",ok,
55,uniform,7,0.15,0.09461884200572968,61,"fused_7_high, fused_8_medium, fused_11_veryhigh+fused_8_high, fused_11_veryhigh+fused_2_veryhigh, fused_11_veryhigh+fused_6_verylow, fused_11_veryhigh+fused_1_medium, fused_1_medium+fused_9_medium, fused_11_veryhigh+fused_5_verylow, fused_11_veryhigh+fused_9_medium, fused_10_megalow+fused_4_veryhigh+fused_9_low, fused_10_verylow+fused_9_medium, fused_4_veryhigh+fused_8_high, fused_1_medium+fused_2_veryhigh, fused_4_veryhigh+fused_5_megalow+fused_6_megalow, fused_2_high+fused_3_low, fused_11_high, fused_6_megalow+fused_8_high, fused_2_high+fused_4_veryhigh, fused_3_low+fused_5_megalow+fused_6_megalow, fused_1_medium+fused_5_megalow, fused_5_low, fused_10_megalow+fused_11_veryhigh+fused_3_low, fused_5_verylow+fused_8_high, fused_6_megalow+fused_9_medium, fused_7_veryhigh, fused_2_high+fused_6_megalow, fused_3_low+fused_8_high, fused_11_veryhigh+fused_2_high, fused_6_megalow+fused_9_low, fused_7_low, fused_3_low+fused_4_veryhigh+fused_5_megalow, fused_10_megalow+fused_11_veryhigh+fused_4_veryhigh, fused_10_megalow+fused_1_low, fused_11_veryhigh+fused_3_low+fused_6_megalow, fused_2_veryhigh+fused_5_verylow, fused_1_medium+fused_8_high, fused_10_megalow+fused_3_low+fused_9_low, fused_1_medium+fused_4_veryhigh+fused_6_megalow, fused_11_veryhigh+fused_4_veryhigh+fused_6_megalow, fused_11_veryhigh+fused_3_low+fused_5_megalow, fused_11_veryhigh+fused_3_low+fused_4_veryhigh, fused_8_high+fused_9_medium, fused_2_high+fused_5_megalow, fused_3_low+fused_9_medium, fused_10_megalow+fused_2_high, fused_1_medium+fused_3_low+fused_6_megalow, fused_3_verylow+fused_5_verylow, fused_11_veryhigh+fused_7_medium, fused_10_megalow+fused_4_veryhigh+fused_5_megalow, fused_1_low+fused_4_veryhigh, fused_8_veryhigh, fused_10_megalow+fused_3_low+fused_4_veryhigh+fused_6_megalow, fused_10_megalow+fused_5_megalow+fused_9_low, fused_5_verylow+fused_6_verylow, fused_6_low, fused_4_megahigh, fused_11_veryhigh+fused_4_high, fused_2_veryhigh+fused_3_verylow+fused_8_high, fused_3_low+fused_7_medium, fused_9_high, fused_5_megalow+fused_6_megalow+fused_7_medium",cao,"[329, 266, 446, 205, 553]",ok,
56,uniform,7,0.1,-0.008792104199528694,150,"fused_5_low, fused_7_veryhigh, fused_7_low, fused_4_megahigh, fused_1_verylow, fused_10_verylow+fused_4_veryhigh, fused_5_verylow+fused_7_high, fused_1_medium+fused_3_low+fused_4_veryhigh+fused_6_megalow, fused_11_veryhigh+fused_1_medium+fused_6_megalow, fused_11_veryhigh+fused_1_medium+fused_3_low, fused_5_verylow+fused_9_medium, fused_1_medium+fused_6_megalow+fused_9_medium, fused_2_medium, fused_10_megalow+fused_4_veryhigh+fused_8_high, fused_11_megahigh+fused_6_megalow, fused_11_veryhigh+fused_1_low, fused_11_veryhigh+fused_1_medium+fused_5_megalow, fused_3_low+fused_5_verylow, fused_10_megalow+fused_1_low+fused_9_low, fused_10_verylow+fused_6_megalow, fused_4_veryhigh+fused_5_megalow+fused_6_megalow+fused_7_medium, fused_5_megalow+fused_6_megalow+fused_8_high, fused_10_low, fused_11_veryhigh+fused_5_verylow+fused_6_verylow, fused_2_high+fused_8_high, fused_11_veryhigh+fused_5_megalow+fused_7_medium, fused_11_veryhigh+fused_6_megalow+fused_8_high, fused_2_high+fused_3_low+fused_5_megalow, fused_10_megalow+fused_11_veryhigh+fused_4_veryhigh+fused_9_low, fused_11_veryhigh+fused_2_veryhigh+fused_3_low, fused_1_medium+fused_3_low+fused_9_medium, fused_1_medium+fused_5_verylow, fused_5_verylow+fused_6_megalow, fused_10_verylow+fused_8_high, fused_1_low+fused_6_megalow, fused_10_megalow+fused_11_veryhigh+fused_3_low+fused_9_low, fused_3_low+fused_6_megalow+fused_9_medium, fused_10_megalow+fused_1_low+fused_4_veryhigh, fused_11_veryhigh+fused_3_low+fused_5_megalow+fused_6_megalow, fused_11_veryhigh+fused_2_veryhigh+fused_6_megalow, fused_11_veryhigh+fused_4_veryhigh+fused_5_megalow+fused_6_megalow, fused_3_low+fused_5_megalow+fused_6_megalow+fused_7_medium, fused_10_megalow+fused_2_high+fused_3_low, fused_11_veryhigh+fused_2_veryhigh+fused_6_verylow, fused_11_veryhigh+fused_3_low+fused_8_high, fused_11_veryhigh+fused_4_high+fused_9_medium, fused_1_low+fused_5_megalow, fused_1_medium+fused_2_veryhigh+fused_5_megalow, fused_7_high+fused_8_high, fused_11_veryhigh+fused_6_megalow+fused_7_medium, fused_11_veryhigh+fused_8_high+fused_9_medium, fused_4_veryhigh+fused_8_veryhigh, fused_10_megalow+fused_3_low+fused_4_veryhigh+fused_5_megalow+fused_9_low, fused_1_low+fused_4_veryhigh+fused_9_low, fused_1_medium+fused_8_high+fused_9_medium, fused_11_veryhigh+fused_2_high+fused_3_low, fused_11_veryhigh+fused_6_megalow+fused_9_medium, fused_11_veryhigh+fused_3_low+fused_4_veryhigh+fused_5_megalow, fused_1_medium+fused_2_veryhigh+fused_6_megalow, fused_3_verylow+fused_9_high, fused_3_verylow+fused_9_medium, fused_10_megalow+fused_11_veryhigh+fused_4_veryhigh+fused_5_megalow, fused_11_high+fused_6_low, fused_11_veryhigh+fused_6_verylow+fused_8_high, fused_1_medium+fused_2_veryhigh+fused_3_low, fused_1_medium+fused_5_megalow+fused_9_medium, fused_3_low+fused_4_veryhigh+fused_6_megalow+fused_8_high, fused_5_megalow+fused_7_medium+fused_8_high, fused_11_veryhigh+fused_1_medium+fused_4_veryhigh, fused_2_veryhigh+fused_9_high, fused_3_low+fused_5_megalow+fused_8_high, fused_3_medium, fused_10_megalow+fused_3_low+fused_4_veryhigh+fused_5_megalow+fused_6_megalow, fused_11_medium, fused_3_verylow+fused_7_high, fused_4_veryhigh+fused_6_megalow+fused_9_medium, fused_7_medium+fused_9_low, fused_10_megalow+fused_4_veryhigh+fused_5_megalow+fused_6_megalow+fused_9_low, fused_2_high+fused_9_medium, fused_10_megalow+fused_1_medium+fused_3_low+fused_4_veryhigh, fused_11_veryhigh+fused_3_low+fused_7_medium, fused_11_veryhigh+fused_3_verylow+fused_6_verylow, fused_11_veryhigh+fused_3_verylow+fused_8_high, fused_4_veryhigh+fused_5_verylow, fused_10_megalow+fused_11_veryhigh+fused_5_megalow+fused_9_low, fused_10_megalow+fused_2_high+fused_4_veryhigh+fused_9_low, fused_10_megalow+fused_3_low+fused_4_veryhigh+fused_6_megalow+fused_9_low, fused_2_veryhigh+fused_4_veryhigh, fused_3_verylow+fused_4_high, fused_10_megalow+fused_1_low+fused_2_high, fused_10_megalow+fused_3_low+fused_5_megalow+fused_6_megalow+fused_9_low, fused_1_medium+fused_2_high, fused_1_medium+fused_4_veryhigh+fused_5_megalow+fused_6_megalow, fused_10_megalow+fused_11_veryhigh+fused_3_low+fused_4_veryhigh+fused_6_megalow, fused_11_veryhigh+fused_2_veryhigh+fused_4_high, fused_1_medium+fused_5_megalow+fused_7_medium, fused_1_medium+fused_6_megalow+fused_8_high, fused_10_megalow+fused_11_veryhigh+fused_3_low+fused_5_megalow, fused_10_megalow+fused_1_medium+fused_4_veryhigh+fused_6_megalow, fused_10_megalow+fused_2_high+fused_6_megalow, fused_11_veryhigh+fused_3_verylow+fused_5_verylow, fused_1_medium+fused_3_low+fused_5_megalow+fused_6_megalow, fused_1_medium+fused_6_verylow, fused_2_high+fused_8_medium, fused_6_megalow+fused_8_high+fused_9_medium, fused_11_veryhigh+fused_7_high, fused_7_high+fused_9_medium, fused_8_high+fused_9_high, fused_10_megalow+fused_5_verylow, fused_11_veryhigh+fused_2_veryhigh+fused_3_verylow, fused_1_medium+fused_4_high, fused_11_veryhigh+fused_1_medium+fused_2_veryhigh+fused_9_medium, fused_11_veryhigh+fused_1_medium+fused_8_high, fused_2_high+fused_7_medium, fused_4_veryhigh+fused_5_megalow+fused_8_high, fused_7_medium+fused_9_medium, fused_10_megalow+fused_1_low+fused_3_low, fused_10_megalow+fused_3_low+fused_7_medium, fused_1_high+fused_2_veryhigh, fused_3_low+fused_4_veryhigh+fused_6_megalow+fused_7_medium, fused_3_low+fused_8_medium, fused_11_veryhigh+fused_2_veryhigh+fused_5_verylow+fused_8_high, fused_11_veryhigh+fused_8_veryhigh, fused_1_low+fused_2_high+fused_4_veryhigh, fused_3_low+fused_6_verylow, fused_10_verylow+fused_1_medium+fused_9_medium, fused_11_veryhigh+fused_2_veryhigh+fused_5_megalow, fused_2_veryhigh+fused_7_high, fused_10_megalow+fused_11_veryhigh+fused_6_megalow+fused_9_low, fused_10_megalow+fused_6_megalow+fused_7_medium, fused_11_veryhigh+fused_4_high+fused_6_verylow, fused_1_medium+fused_2_veryhigh+fused_8_high, fused_10_megalow+fused_3_low+fused_8_high, fused_11_veryhigh+fused_1_medium+fused_7_medium, fused_11_veryhigh+fused_4_veryhigh+fused_5_megalow+fused_9_low, fused_2_high+fused_4_veryhigh+fused_5_megalow+fused_6_megalow, fused_11_veryhigh+fused_2_high+fused_4_veryhigh, fused_11_veryhigh+fused_3_low+fused_9_medium, fused_2_veryhigh+fused_8_high+fused_9_medium, fused_5_megalow+fused_8_veryhigh, fused_10_megalow+fused_1_medium+fused_3_low+fused_6_megalow, fused_2_high+fused_3_low+fused_4_veryhigh+fused_6_megalow, fused_2_veryhigh+fused_3_verylow+fused_5_verylow+fused_8_high, fused_3_low+fused_4_veryhigh+fused_5_megalow+fused_7_medium, fused_4_medium, fused_4_veryhigh+fused_8_high+fused_9_low, fused_10_verylow+fused_11_veryhigh+fused_9_medium, fused_11_veryhigh+fused_2_high+fused_5_megalow, fused_11_veryhigh+fused_4_high+fused_8_high, fused_1_low+fused_2_high+fused_9_low",cao,"[348, 106, 88, 998, 259]",ok,
57,quantile,3,1.0,0.4068583846092224,0,,,[],baseline_no_features,
58,quantile,3,0.95,0.4068583846092224,0,,,[],baseline_no_features,
59,quantile,3,0.9,0.4068583846092224,0,,,[],baseline_no_features,
60,quantile,3,0.85,0.4068583846092224,0,,,[],baseline_no_features,
61,quantile,3,0.8,0.4068583846092224,0,,,[],baseline_no_features,
62,quantile,3,0.75,0.4068583846092224,0,,,[],baseline_no_features,
63,quantile,3,0.7,0.4068583846092224,0,,,[],baseline_no_features,
64,quantile,3,0.65,0.4068583846092224,0,,,[],baseline_no_features,
65,quantile,3,0.6,0.4068583846092224,0,,,[],baseline_no_features,
66,quantile,3,0.55,0.4068583846092224,0,,,[],baseline_no_features,
67,quantile,3,0.5,0.4068583846092224,0,,,[],baseline_no_features,
68,quantile,3,0.45,0.4068583846092224,0,,,[],baseline_no_features,
69,quantile,3,0.4,0.4068583846092224,0,,,[],baseline_no_features,
70,quantile,3,0.35,0.4068583846092224,0,,,[],baseline_no_features,
71,quantile,3,0.3,0.27863937616348267,32,"fused_10_medium, fused_11_high, fused_11_medium, fused_1_high, fused_1_medium, fused_2_high, fused_2_medium, fused_3_high, fused_3_medium, fused_4_high, fused_4_medium, fused_5_high, fused_5_medium, fused_6_medium, fused_7_high, fused_7_medium, fused_8_high, fused_8_medium, fused_9_medium, fused_10_low, fused_1_low, fused_2_low, fused_3_low, fused_5_low, fused_6_low, fused_7_low, fused_8_low, fused_9_low, fused_11_low+fused_6_high, fused_10_high+fused_4_low, fused_4_low+fused_9_high, fused_10_high+fused_9_high",huang,"[373, 218, 194, 611, 403]",ok,
72,quantile,3,0.25,0.2581096589565277,27,"fused_10_medium, fused_1_medium, fused_2_high, fused_2_medium, fused_3_medium, fused_4_high, fused_4_medium, fused_5_medium, fused_7_medium, fused_8_high, fused_8_medium, fused_9_medium, fused_10_low, fused_1_low, fused_5_low, fused_7_low, fused_8_low, fused_9_low, fused_11_high+fused_6_low, fused_11_medium+fused_6_medium, fused_11_low+fused_5_high+fused_6_high, fused_3_low+fused_4_low, fused_10_high+fused_1_high+fused_4_low+fused_9_high, fused_1_high+fused_7_high, fused_3_low+fused_9_high, fused_10_high+fused_3_low, fused_2_low+fused_3_high",cao,"[365, 637, 405, 202, 190]",ok,
73,quantile,3,0.2,0.2506103515625,38,"fused_2_medium, fused_5_medium, fused_7_medium, fused_8_high, fused_8_medium, fused_11_medium+fused_6_medium, fused_11_low+fused_5_high+fused_6_high, fused_2_low+fused_3_high, fused_1_low+fused_2_low, fused_10_low+fused_9_low, fused_2_low+fused_4_high, fused_4_high+fused_9_low, fused_1_low+fused_4_high, fused_1_low+fused_3_high, fused_3_high+fused_7_low, fused_4_medium+fused_9_medium, fused_1_low+fused_7_low, fused_1_medium+fused_5_low, fused_10_medium+fused_9_medium, fused_3_high+fused_9_low, fused_10_high+fused_1_high+fused_3_low+fused_4_low+fused_9_high, fused_3_high+fused_4_high, fused_1_low+fused_9_low, fused_1_medium+fused_6_low, fused_3_low+fused_7_high, fused_11_high+fused_3_medium+fused_6_low, fused_2_low+fused_8_low, fused_7_low+fused_9_low, fused_10_high+fused_1_high+fused_4_low+fused_7_high+fused_9_high, fused_2_low+fused_5_high, fused_10_high+fused_2_high+fused_4_low+fused_9_high, fused_11_high+fused_5_low+fused_6_low, fused_2_low+fused_9_low, fused_1_high+fused_2_high+fused_3_low, fused_1_high+fused_2_high+fused_4_low+fused_9_high, fused_3_medium+fused_5_low, fused_2_high+fused_3_low+fused_4_low+fused_9_high, fused_11_high+fused_1_medium",huang,"[510, 254, 492, 183, 360]",ok,
74,quantile,3,0.15,0.28304940462112427,83,"fused_10_medium+fused_9_medium, fused_1_medium+fused_4_medium, fused_11_high+fused_6_low+fused_7_medium, fused_11_high+fused_1_medium+fused_6_low, fused_4_medium+fused_8_high, fused_2_medium+fused_5_low, fused_5_low+fused_8_high, fused_1_medium+fused_3_medium, fused_1_medium+fused_9_medium, fused_2_medium+fused_3_medium, fused_10_high+fused_1_high+fused_2_high+fused_3_low+fused_4_low+fused_9_high, fused_10_low+fused_3_medium, fused_1_medium+fused_7_medium, fused_1_high+fused_5_medium, fused_7_low+fused_8_high, fused_4_medium+fused_5_low, fused_10_low+fused_4_high+fused_9_low, fused_1_low+fused_3_high+fused_7_low, fused_1_medium+fused_8_high, fused_10_medium+fused_4_medium, fused_2_low+fused_4_high+fused_9_low, fused_10_low+fused_5_low, fused_3_low+fused_5_medium, fused_10_high+fused_1_high+fused_3_low+fused_4_low+fused_7_high+fused_9_high, fused_1_medium+fused_2_medium, fused_2_low+fused_4_high+fused_8_low, fused_5_medium+fused_7_high, fused_4_low+fused_6_medium, fused_11_high+fused_4_medium+fused_6_low, fused_2_high+fused_8_high, fused_1_high+fused_8_medium, fused_10_low+fused_1_low, fused_3_low+fused_8_medium, fused_10_medium+fused_2_low+fused_3_high, fused_1_low+fused_4_high+fused_9_low, fused_4_high+fused_7_low, fused_11_high+fused_6_low+fused_9_medium, fused_11_low+fused_6_high+fused_8_low, fused_3_medium+fused_7_medium, fused_2_low+fused_3_high+fused_9_low, fused_11_low+fused_2_low+fused_3_high+fused_5_high+fused_6_high, fused_3_high+fused_7_low+fused_9_low, fused_3_medium+fused_4_medium, fused_5_low+fused_9_medium, fused_11_medium+fused_4_low, fused_1_medium+fused_5_low+fused_6_low, fused_7_medium+fused_9_medium, fused_2_low+fused_3_high+fused_7_low, fused_6_medium+fused_9_high, fused_1_high+fused_2_high+fused_4_low+fused_7_high+fused_9_high, fused_11_high+fused_2_medium+fused_6_low, fused_1_low+fused_2_low+fused_7_low, fused_10_low+fused_1_medium, fused_11_low+fused_1_low+fused_5_high+fused_6_high, fused_10_high+fused_6_medium, fused_11_low+fused_1_low+fused_3_high+fused_6_high, fused_3_medium+fused_9_medium, fused_4_low+fused_8_medium+fused_9_high, fused_10_low+fused_7_low+fused_9_low, fused_4_low+fused_5_medium+fused_9_high, fused_10_high+fused_5_medium, fused_10_high+fused_8_medium+fused_9_high, fused_2_medium+fused_4_medium, fused_1_low+fused_2_low+fused_3_high+fused_4_high, fused_1_low+fused_2_low+fused_8_low, fused_11_high+fused_5_low+fused_7_medium, fused_11_low+fused_5_high+fused_8_low, fused_10_high+fused_4_low+fused_8_medium, fused_10_medium+fused_1_low, fused_11_low+fused_1_low+fused_2_low, fused_1_low+fused_4_high+fused_8_low, fused_5_high+fused_6_high+fused_8_low, fused_10_high+fused_4_low+fused_6_high+fused_9_high, fused_11_medium+fused_3_low, fused_1_low+fused_2_low+fused_3_high+fused_5_high, fused_4_medium+fused_6_low+fused_9_medium, fused_10_low+fused_11_high+fused_6_low, fused_11_high+fused_3_medium+fused_5_low+fused_6_low, fused_11_medium+fused_5_medium+fused_6_medium, fused_1_high+fused_2_high+fused_3_low+fused_4_low+fused_7_high, fused_1_low+fused_2_low+fused_5_high+fused_6_high, fused_2_low+fused_4_high+fused_5_high, fused_3_low+fused_6_medium",huang,"[749, 260, 315, 250, 225]",ok,
75,quantile,3,0.1,0.22755686938762665,210,"fused_2_high+fused_8_high, fused_2_medium+fused_4_medium, fused_7_high+fused_8_low, fused_10_high+fused_1_high+fused_2_high+fused_3_low+fused_4_low+fused_7_high+fused_9_high, fused_10_medium+fused_4_medium+fused_9_medium, fused_10_low+fused_11_high+fused_3_medium+fused_6_low, fused_5_medium+fused_8_medium, fused_2_low+fused_3_high+fused_4_high+fused_9_low, fused_2_medium+fused_8_medium, fused_2_medium+fused_9_medium, fused_1_low+fused_2_low+fused_4_high+fused_9_low, fused_11_high+fused_2_medium+fused_3_medium+fused_6_low, fused_4_high+fused_7_medium, fused_10_low+fused_5_low+fused_9_low, fused_11_medium+fused_2_high+fused_6_medium, fused_3_high+fused_7_low+fused_8_high, fused_10_medium+fused_7_medium, fused_10_medium+fused_8_high, fused_11_high+fused_3_medium+fused_4_medium+fused_6_low, fused_2_medium+fused_6_medium, fused_10_medium+fused_11_high+fused_6_low, fused_1_medium+fused_3_medium+fused_9_medium, fused_1_medium+fused_3_medium+fused_4_medium, fused_7_medium+fused_8_medium, fused_10_low+fused_11_medium, fused_11_high+fused_2_medium+fused_5_low+fused_6_low, fused_11_medium+fused_2_medium, fused_11_high+fused_1_medium+fused_2_medium+fused_6_low, fused_11_high+fused_4_high+fused_6_low, fused_11_high+fused_6_low+fused_8_high, fused_11_medium+fused_5_low, fused_1_low+fused_3_high+fused_7_low+fused_9_low, fused_2_medium+fused_5_medium, fused_10_low+fused_1_low+fused_4_high+fused_9_low, fused_11_high+fused_5_medium, fused_1_low+fused_2_low+fused_4_high+fused_7_low, fused_10_low+fused_6_low+fused_9_low, fused_11_high+fused_1_medium+fused_5_low+fused_6_low+fused_7_medium, fused_1_medium+fused_9_low, fused_2_low+fused_3_high+fused_5_high+fused_9_low, fused_4_high+fused_5_low, fused_4_medium+fused_7_low+fused_8_high, fused_10_high+fused_1_high+fused_2_high+fused_3_low+fused_4_low+fused_8_medium+fused_9_high, fused_10_low+fused_1_low+fused_7_low+fused_9_low, fused_1_low+fused_2_low+fused_3_high+fused_9_low, fused_3_medium+fused_5_medium, fused_11_high+fused_3_medium+fused_6_low+fused_9_medium, fused_11_high+fused_6_low+fused_9_low, fused_1_low+fused_9_medium, fused_11_high+fused_2_medium+fused_6_low+fused_7_medium, fused_11_high+fused_6_low+fused_8_medium, fused_11_medium+fused_6_medium+fused_8_high, fused_1_medium+fused_2_medium+fused_3_medium, fused_1_medium+fused_4_medium+fused_5_low+fused_8_high, fused_1_medium+fused_4_medium+fused_5_low+fused_9_medium, fused_7_low+fused_8_high+fused_9_low, fused_8_low+fused_9_medium, fused_11_high+fused_1_medium+fused_3_medium+fused_6_low+fused_7_medium, fused_1_medium+fused_2_medium+fused_7_medium, fused_1_medium+fused_4_medium+fused_5_low+fused_6_low, fused_2_low+fused_9_medium, fused_4_medium+fused_8_high+fused_9_medium, fused_10_high+fused_11_low+fused_1_high+fused_3_low+fused_4_low+fused_6_high+fused_9_high, fused_10_high+fused_11_medium+fused_3_low+fused_4_low+fused_9_high, fused_10_medium+fused_11_low+fused_1_low+fused_2_low+fused_3_high+fused_5_high+fused_6_high, fused_11_high+fused_1_medium+fused_3_medium+fused_5_low+fused_6_low, fused_11_high+fused_4_medium+fused_5_low+fused_6_low, fused_7_low+fused_9_medium, fused_7_medium+fused_8_high, fused_10_high+fused_1_high+fused_4_low+fused_7_high+fused_8_medium+fused_9_high, fused_10_low+fused_3_high+fused_7_low+fused_9_low, fused_11_low+fused_2_low+fused_3_high+fused_5_high+fused_6_high+fused_7_low, fused_1_low+fused_3_high+fused_4_high+fused_7_low, fused_2_low+fused_3_high+fused_4_high+fused_7_low, fused_11_medium+fused_8_medium, fused_3_high+fused_9_medium, fused_10_high+fused_1_high+fused_2_high+fused_3_low+fused_4_low+fused_6_high+fused_9_high, fused_10_low+fused_3_medium+fused_9_low, fused_11_high+fused_5_low+fused_6_low+fused_9_medium, fused_11_medium+fused_2_high+fused_4_low, fused_2_medium+fused_8_high, fused_3_medium+fused_8_low, fused_5_medium+fused_8_low, fused_6_medium+fused_8_medium, fused_10_low+fused_11_high+fused_5_low+fused_6_low, fused_10_low+fused_1_medium+fused_3_medium, fused_10_low+fused_2_medium+fused_9_low, fused_10_low+fused_5_low+fused_8_high, fused_10_medium+fused_3_high+fused_7_low, fused_11_high+fused_3_medium+fused_5_low+fused_6_low+fused_7_medium, fused_1_low+fused_2_low+fused_3_high+fused_4_high+fused_8_low, fused_4_high+fused_6_low+fused_9_low, fused_5_low+fused_6_low+fused_9_low, fused_10_medium+fused_5_low, fused_11_low+fused_1_low+fused_2_low+fused_3_high+fused_4_high+fused_5_high+fused_6_high, fused_1_high+fused_6_medium+fused_7_high, fused_5_low+fused_7_low+fused_8_high, fused_6_high+fused_8_medium, fused_10_high+fused_1_high+fused_4_low+fused_5_high+fused_7_high+fused_9_high, fused_1_low+fused_4_high+fused_7_low+fused_9_low, fused_1_medium+fused_7_low, fused_2_medium+fused_5_low+fused_7_medium, fused_10_high+fused_8_low, fused_11_medium+fused_6_medium+fused_7_high, fused_11_medium+fused_9_low, fused_3_medium+fused_8_medium, fused_11_high+fused_1_medium+fused_4_medium+fused_6_low+fused_9_medium, fused_11_low+fused_3_high+fused_9_low, fused_11_medium+fused_1_high+fused_3_low+fused_4_low+fused_9_high, fused_1_high+fused_2_high+fused_3_low+fused_5_medium, fused_1_low+fused_3_high+fused_4_high+fused_9_low, fused_3_medium+fused_4_medium+fused_5_low, fused_10_high+fused_1_high+fused_3_low+fused_4_low+fused_6_high+fused_7_high+fused_9_high, fused_10_low+fused_3_medium+fused_4_high, fused_10_low+fused_3_medium+fused_7_medium, fused_10_low+fused_4_medium+fused_8_high, fused_11_medium+fused_6_medium+fused_7_low, fused_2_high+fused_4_medium, fused_2_low+fused_3_high+fused_7_low+fused_9_low, fused_10_high+fused_11_low+fused_2_high+fused_3_low+fused_4_low+fused_6_high+fused_9_high, fused_10_high+fused_11_medium+fused_1_high+fused_4_low+fused_6_medium+fused_9_high, fused_10_high+fused_1_high+fused_3_low+fused_4_low+fused_5_medium+fused_9_high, fused_10_high+fused_3_low+fused_4_low+fused_6_medium+fused_9_high, fused_10_low+fused_2_low+fused_4_high+fused_9_low, fused_11_medium+fused_3_low+fused_4_low+fused_6_medium+fused_9_high, fused_1_high+fused_2_high+fused_7_high+fused_8_medium, fused_7_medium+fused_8_low, fused_10_high+fused_11_low+fused_1_high+fused_2_high+fused_4_low+fused_6_high+fused_9_high, fused_10_high+fused_11_low+fused_1_high+fused_4_low+fused_6_high+fused_7_high+fused_9_high, fused_10_high+fused_1_high+fused_3_low+fused_4_low+fused_5_high+fused_9_high, fused_10_low+fused_6_medium, fused_10_medium+fused_2_low+fused_8_low, fused_11_high+fused_1_medium+fused_6_low+fused_7_medium+fused_9_medium, fused_1_medium+fused_5_low+fused_6_low+fused_9_medium, fused_4_medium+fused_6_low+fused_8_high, fused_10_low+fused_11_high+fused_6_low+fused_7_medium, fused_10_low+fused_1_medium+fused_5_low, fused_10_low+fused_3_medium+fused_5_low+fused_6_low, fused_11_high+fused_4_high+fused_9_low, fused_11_medium+fused_1_high+fused_2_high, fused_11_medium+fused_1_high+fused_7_high, fused_1_high+fused_3_low+fused_6_medium+fused_9_high, fused_1_low+fused_2_low+fused_4_high+fused_5_high+fused_8_low, fused_1_medium+fused_8_high+fused_9_medium, fused_3_high+fused_8_high+fused_9_low, fused_6_medium+fused_7_high+fused_9_high, fused_10_low+fused_2_medium+fused_5_low, fused_10_low+fused_2_medium+fused_6_low, fused_11_medium+fused_1_high+fused_5_medium, fused_11_medium+fused_3_low+fused_5_medium+fused_6_medium, fused_1_low+fused_2_low+fused_3_high+fused_5_high+fused_7_low, fused_1_low+fused_2_low+fused_7_low+fused_9_low, fused_2_high+fused_3_low+fused_4_low+fused_5_medium+fused_9_high, fused_2_high+fused_4_low+fused_6_medium, fused_3_medium+fused_5_low+fused_8_high, fused_5_medium+fused_7_medium, fused_10_high+fused_11_medium+fused_3_low+fused_4_low+fused_6_medium, fused_10_high+fused_3_low+fused_4_low+fused_5_high+fused_6_high+fused_9_high, fused_10_medium+fused_2_low+fused_3_high+fused_4_high+fused_5_high, fused_11_high+fused_1_medium+fused_4_medium+fused_6_low+fused_7_medium, fused_11_medium+fused_2_high+fused_3_low, fused_1_high+fused_5_medium+fused_6_medium+fused_9_high, fused_2_low+fused_4_high+fused_8_low+fused_9_low, fused_10_high+fused_11_low+fused_4_low+fused_5_high+fused_6_high+fused_9_high, fused_10_high+fused_3_low+fused_4_low+fused_5_high+fused_7_high+fused_9_high, fused_10_low+fused_11_high+fused_1_medium+fused_6_low, fused_10_low+fused_8_high+fused_9_low, fused_10_low+fused_8_low, fused_11_high+fused_2_medium+fused_3_medium+fused_5_low, fused_11_low+fused_1_low+fused_3_high+fused_5_high+fused_6_high+fused_7_low, fused_1_high+fused_5_high+fused_6_high, fused_1_medium+fused_5_low+fused_6_low+fused_8_high, fused_3_low+fused_5_medium+fused_7_high, fused_8_low+fused_9_high, fused_10_high+fused_4_low+fused_5_medium+fused_6_medium+fused_9_high, fused_11_low+fused_5_high+fused_6_high+fused_7_high, fused_1_high+fused_3_low+fused_4_low+fused_6_medium, fused_1_high+fused_3_low+fused_4_low+fused_7_high+fused_8_medium+fused_9_high, fused_1_high+fused_4_low+fused_5_medium+fused_6_medium, fused_1_high+fused_4_low+fused_5_medium+fused_7_high+fused_9_high, fused_1_medium+fused_3_medium+fused_8_high, fused_3_low+fused_7_medium, fused_5_low+fused_8_high+fused_9_medium, fused_5_medium+fused_6_medium+fused_7_high, fused_10_medium+fused_1_low+fused_2_low+fused_3_high+fused_4_high, fused_10_medium+fused_1_medium+fused_9_medium, fused_11_high+fused_3_medium+fused_4_medium+fused_9_medium, fused_11_high+fused_4_medium+fused_6_low+fused_7_medium+fused_9_medium, fused_11_low+fused_1_low+fused_2_low+fused_3_high+fused_7_low, fused_11_low+fused_2_low+fused_3_high+fused_4_high+fused_5_high+fused_6_high+fused_8_low, fused_11_medium+fused_4_low+fused_5_medium+fused_9_high, fused_1_high+fused_2_high+fused_4_low+fused_5_medium+fused_9_high, fused_1_high+fused_3_low+fused_5_high+fused_7_high+fused_9_high, fused_2_high+fused_5_high+fused_9_high, fused_2_medium+fused_3_medium+fused_5_low+fused_6_low, fused_3_high+fused_4_medium+fused_7_low, fused_3_medium+fused_5_low+fused_9_medium, fused_6_medium+fused_9_low, fused_10_high+fused_5_medium+fused_7_high, fused_10_low+fused_1_low+fused_2_low, fused_10_low+fused_4_high+fused_6_low, fused_10_medium+fused_2_low+fused_7_low, fused_11_low+fused_1_low+fused_2_low+fused_5_high+fused_6_high+fused_8_low, fused_11_medium+fused_2_high+fused_9_high, fused_1_low+fused_2_low+fused_3_high+fused_5_high+fused_8_low, fused_1_low+fused_2_low+fused_3_high+fused_6_high+fused_7_low, fused_1_medium+fused_2_high, fused_1_medium+fused_2_medium+fused_5_low+fused_6_low, fused_2_medium+fused_3_medium+fused_7_medium, fused_3_medium+fused_4_medium+fused_6_low+fused_9_medium",cao,"[251, 143, 205, 194, 1006]",ok,
76,quantile,5,1.0,0.4068583846092224,0,,,[],baseline_no_features,
77,quantile,5,0.95,0.4068583846092224,0,,,[],baseline_no_features,
78,quantile,5,0.9,0.4068583846092224,0,,,[],baseline_no_features,
79,quantile,5,0.85,0.4068583846092224,0,,,[],baseline_no_features,
80,quantile,5,0.8,0.4068583846092224,0,,,[],baseline_no_features,
81,quantile,5,0.75,0.4068583846092224,0,,,[],baseline_no_features,
82,quantile,5,0.7,0.4068583846092224,0,,,[],baseline_no_features,
83,quantile,5,0.65,0.4068583846092224,0,,,[],baseline_no_features,
84,quantile,5,0.6,0.4068583846092224,0,,,[],baseline_no_features,
85,quantile,5,0.55,0.4068583846092224,0,,,[],baseline_no_features,
86,quantile,5,0.5,0.4068583846092224,0,,,[],baseline_no_features,
87,quantile,5,0.45,0.4068583846092224,0,,,[],baseline_no_features,
88,quantile,5,0.4,0.4068583846092224,0,,,[],baseline_no_features,
89,quantile,5,0.35,0.4068583846092224,0,,,[],baseline_no_features,
90,quantile,5,0.3,0.4068583846092224,0,,,[],baseline_no_features,
91,quantile,5,0.25,0.4068583846092224,0,,,[],baseline_no_features,
92,quantile,5,0.2,0.21893756091594696,42,"fused_9_medium, fused_10_high, fused_10_low, fused_10_veryhigh, fused_11_high, fused_11_low, fused_11_medium, fused_11_veryhigh, fused_1_high, fused_1_low, fused_1_medium, fused_1_veryhigh, fused_2_high, fused_2_low, fused_2_medium, fused_2_veryhigh, fused_3_high, fused_3_low, fused_3_medium, fused_3_veryhigh, fused_4_high, fused_4_low, fused_4_medium, fused_4_veryhigh, fused_5_high, fused_5_low, fused_5_medium, fused_5_veryhigh, fused_6_high, fused_6_low, fused_6_medium, fused_6_veryhigh, fused_7_high, fused_7_low, fused_7_medium, fused_7_veryhigh, fused_8_high, fused_8_low, fused_8_medium, fused_8_veryhigh, fused_9_high, fused_9_veryhigh",huang,"[399, 741, 167, 285, 207]",ok,
93,quantile,5,0.15,0.19947782158851624,49,"fused_9_medium, fused_10_high, fused_10_low, fused_11_high, fused_11_medium, fused_1_high, fused_1_low, fused_1_medium, fused_2_high, fused_2_low, fused_2_medium, fused_2_veryhigh, fused_3_high, fused_3_low, fused_3_medium, fused_4_high, fused_4_medium, fused_4_veryhigh, fused_5_high, fused_5_low, fused_5_medium, fused_6_low, fused_6_medium, fused_7_high, fused_7_low, fused_7_medium, fused_7_veryhigh, fused_8_high, fused_8_low, fused_8_medium, fused_8_veryhigh, fused_10_verylow, fused_1_verylow, fused_3_verylow, fused_5_verylow, fused_7_verylow, fused_8_verylow, fused_9_verylow, fused_10_medium, fused_9_low, fused_10_veryhigh+fused_4_verylow+fused_9_veryhigh, fused_11_veryhigh+fused_6_verylow, fused_11_low+fused_6_high, fused_2_verylow+fused_3_veryhigh, fused_10_veryhigh+fused_1_veryhigh, fused_3_veryhigh+fused_5_veryhigh, fused_11_verylow+fused_5_veryhigh+fused_6_veryhigh, fused_4_low+fused_9_high, fused_1_veryhigh+fused_4_verylow+fused_9_veryhigh",huang,"[366, 268, 728, 176, 261]",ok,
94,quantile,5,0.1,0.1785346120595932,53,"fused_9_medium, fused_10_low, fused_1_low, fused_1_medium, fused_2_high, fused_2_low, fused_2_medium, fused_3_low, fused_3_medium, fused_4_high, fused_4_medium, fused_5_low, fused_5_medium, fused_7_high, fused_7_medium, fused_8_high, fused_8_low, fused_8_medium, fused_10_medium, fused_9_low, fused_11_veryhigh+fused_6_verylow, fused_11_low+fused_6_high, fused_10_veryhigh+fused_1_veryhigh+fused_4_verylow+fused_9_veryhigh, fused_11_medium+fused_6_medium, fused_11_high+fused_6_low, fused_3_veryhigh+fused_7_verylow, fused_1_verylow+fused_7_verylow, fused_5_verylow+fused_7_low, fused_10_veryhigh+fused_3_verylow+fused_4_verylow+fused_9_veryhigh, fused_1_verylow+fused_4_veryhigh, fused_1_high+fused_9_high, fused_4_low+fused_6_medium, fused_2_verylow+fused_4_veryhigh+fused_8_verylow, fused_4_veryhigh+fused_9_verylow, fused_10_high+fused_4_low+fused_9_high, fused_10_veryhigh+fused_2_veryhigh+fused_4_verylow+fused_9_veryhigh, fused_2_veryhigh+fused_3_verylow+fused_4_verylow+fused_9_veryhigh, fused_2_verylow+fused_3_veryhigh+fused_4_veryhigh, fused_4_verylow+fused_6_high, fused_10_verylow+fused_3_high, fused_1_veryhigh+fused_2_veryhigh+fused_4_verylow+fused_9_veryhigh, fused_5_veryhigh+fused_8_verylow, fused_1_veryhigh+fused_7_veryhigh+fused_9_veryhigh, fused_4_verylow+fused_5_high+fused_9_veryhigh, fused_11_verylow+fused_1_verylow+fused_2_verylow+fused_3_veryhigh+fused_5_veryhigh+fused_6_veryhigh, fused_1_veryhigh+fused_3_verylow+fused_4_verylow+fused_9_veryhigh, fused_1_verylow+fused_8_verylow, fused_5_verylow+fused_6_verylow, fused_5_high+fused_6_high, fused_5_verylow+fused_8_veryhigh, fused_7_verylow+fused_9_verylow, fused_1_veryhigh+fused_5_high+fused_9_veryhigh, fused_3_high+fused_5_verylow",huang,"[221, 257, 164, 399, 758]",ok,
95,quantile,7,1.0,0.4068583846092224,0,,,[],baseline_no_features,
96,quantile,7,0.95,0.4068583846092224,0,,,[],baseline_no_features,
97,quantile,7,0.9,0.4068583846092224,0,,,[],baseline_no_features,
98,quantile,7,0.85,0.4068583846092224,0,,,[],baseline_no_features,
99,quantile,7,0.8,0.4068583846092224,0,,,[],baseline_no_features,
100,quantile,7,0.75,0.4068583846092224,0,,,[],baseline_no_features,
101,quantile,7,0.7,0.4068583846092224,0,,,[],baseline_no_features,
102,quantile,7,0.65,0.4068583846092224,0,,,[],baseline_no_features,
103,quantile,7,0.6,0.4068583846092224,0,,,[],baseline_no_features,
104,quantile,7,0.55,0.4068583846092224,0,,,[],baseline_no_features,
105,quantile,7,0.5,0.4068583846092224,0,,,[],baseline_no_features,
106,quantile,7,0.45,0.4068583846092224,0,,,[],baseline_no_features,
107,quantile,7,0.4,0.4068583846092224,0,,,[],baseline_no_features,
108,quantile,7,0.35,0.4068583846092224,0,,,[],baseline_no_features,
109,quantile,7,0.3,0.4068583846092224,0,,,[],baseline_no_features,
110,quantile,7,0.25,0.4068583846092224,0,,,[],baseline_no_features,
111,quantile,7,0.2,0.4068583846092224,0,,,[],baseline_no_features,
112,quantile,7,0.15,0.4068583846092224,0,,,[],baseline_no_features,
113,quantile,7,0.1,0.16397316753864288,70,"fused_10_high, fused_10_low, fused_10_megalow, fused_10_verylow, fused_11_high, fused_11_low, fused_11_medium, fused_11_veryhigh, fused_1_high, fused_1_low, fused_1_medium, fused_1_megalow, fused_1_veryhigh, fused_1_verylow, fused_2_high, fused_2_low, fused_2_medium, fused_2_megahigh, fused_2_veryhigh, fused_2_verylow, fused_3_high, fused_3_low, fused_3_medium, fused_3_megalow, fused_3_veryhigh, fused_3_verylow, fused_4_high, fused_4_low, fused_4_medium, fused_4_veryhigh, fused_5_high, fused_5_low, fused_5_medium, fused_5_megalow, fused_5_veryhigh, fused_5_verylow, fused_6_high, fused_6_low, fused_6_medium, fused_6_verylow, fused_7_high, fused_7_low, fused_7_medium, fused_7_megahigh, fused_7_megalow, fused_7_veryhigh, fused_7_verylow, fused_8_high, fused_8_low, fused_8_medium, fused_8_megahigh, fused_8_veryhigh, fused_8_verylow, fused_9_high, fused_9_low, fused_9_medium, fused_9_megalow, fused_9_verylow, fused_10_medium, fused_11_verylow+fused_6_veryhigh, fused_3_megahigh+fused_5_megahigh, fused_4_verylow+fused_9_veryhigh, fused_2_megalow+fused_5_megahigh, fused_11_megalow+fused_5_megahigh+fused_6_megahigh, fused_11_megahigh+fused_6_megalow, fused_10_veryhigh+fused_4_verylow, fused_2_megalow+fused_3_megahigh, fused_10_megahigh+fused_1_megahigh+fused_4_megalow+fused_9_megahigh, fused_4_megahigh+fused_8_megalow, fused_11_megalow+fused_3_megahigh",cao,"[204, 807, 176, 347, 265]",ok,
114,kmeans,3,1.0,0.4068583846092224,0,,,[],baseline_no_features,
115,kmeans,3,0.95,0.4068583846092224,0,,,[],baseline_no_features,
116,kmeans,3,0.9,0.4068583846092224,0,,,[],baseline_no_features,
117,kmeans,3,0.85,0.4068583846092224,0,,,[],baseline_no_features,
118,kmeans,3,0.8,0.4068583846092224,0,,,[],baseline_no_features,
119,kmeans,3,0.75,0.4068583846092224,0,,,[],baseline_no_features,
120,kmeans,3,0.7,0.4068583846092224,0,,,[],baseline_no_features,
121,kmeans,3,0.65,0.4133967459201813,1,fused_10_low,huang,"[199, 401, 256, 776, 167]",ok,
122,kmeans,3,0.6,0.4793320894241333,4,"fused_10_low, fused_11_high, fused_4_high, fused_6_low",huang,"[234, 413, 763, 230, 159]",ok,
123,kmeans,3,0.55,0.39093196392059326,4,"fused_10_low+fused_4_high, fused_11_high+fused_6_low, fused_5_low, fused_2_high",huang,"[427, 234, 722, 251, 165]",ok,
124,kmeans,3,0.5,0.27724689245224,8,"fused_10_low+fused_4_high, fused_2_high, fused_3_low, fused_9_medium, fused_11_high+fused_5_low+fused_6_low, fused_1_medium, fused_7_medium, fused_8_medium",huang,"[345, 766, 320, 173, 195]",ok,
125,kmeans,3,0.45,0.3131798207759857,8,"fused_10_low+fused_4_high, fused_9_medium, fused_11_high+fused_5_low+fused_6_low, fused_1_medium, fused_7_medium, fused_8_medium, fused_2_high+fused_3_low, fused_10_low+fused_6_low",cao,"[257, 259, 408, 171, 704]",ok,
126,kmeans,3,0.4,0.30718642473220825,12,"fused_10_low+fused_4_high, fused_8_medium, fused_2_high+fused_3_low, fused_1_medium+fused_5_low, fused_11_high+fused_1_medium+fused_6_low, fused_4_high+fused_6_low, fused_10_low+fused_9_medium, fused_11_high+fused_6_low+fused_9_medium, fused_10_low+fused_11_high+fused_5_low+fused_6_low, fused_5_low+fused_9_medium, fused_11_high+fused_4_high, fused_5_low+fused_7_medium",huang,"[302, 199, 725, 401, 172]",ok,
127,kmeans,3,0.35,0.3060801029205322,21,"fused_8_medium, fused_2_high+fused_3_low, fused_10_low+fused_9_medium, fused_10_low+fused_11_high+fused_5_low+fused_6_low, fused_11_high+fused_1_medium+fused_5_low+fused_6_low, fused_11_high+fused_5_low+fused_6_low+fused_9_medium, fused_10_low+fused_11_high+fused_4_high+fused_6_low, fused_11_high+fused_2_high+fused_6_low, fused_11_high+fused_5_low+fused_6_low+fused_7_medium, fused_11_high+fused_3_low, fused_1_medium+fused_9_medium, fused_10_low+fused_7_medium, fused_11_high+fused_4_high+fused_5_low+fused_6_low, fused_8_high, fused_1_medium+fused_7_medium, fused_4_high+fused_9_medium, fused_10_low+fused_1_medium+fused_6_low, fused_10_low+fused_4_high+fused_5_low+fused_6_low, fused_1_medium+fused_4_high, fused_11_high+fused_2_high+fused_5_low, fused_2_high+fused_5_low+fused_6_low",huang,"[387, 597, 180, 404, 231]",ok,
128,kmeans,3,0.3,0.2467144876718521,28,"fused_2_high+fused_3_low, fused_8_high, fused_10_low+fused_11_high+fused_4_high+fused_5_low+fused_6_low, fused_11_high+fused_2_high+fused_5_low+fused_6_low, fused_10_low+fused_4_high+fused_9_medium, fused_3_low+fused_8_medium, fused_11_high+fused_1_medium+fused_5_low+fused_6_low+fused_9_medium, fused_2_high+fused_7_medium, fused_10_low+fused_4_high+fused_7_medium, fused_10_low+fused_11_high+fused_1_medium+fused_5_low+fused_6_low, fused_11_high+fused_1_medium+fused_5_low+fused_6_low+fused_7_medium, fused_5_medium, fused_3_low+fused_9_medium, fused_2_high+fused_5_low+fused_9_medium, fused_10_low+fused_11_high+fused_6_low+fused_9_medium, fused_5_low+fused_7_medium+fused_9_medium, fused_10_low+fused_11_high+fused_6_low+fused_7_medium, fused_11_high+fused_2_high+fused_6_low+fused_9_medium, fused_3_low+fused_7_medium, fused_11_high+fused_1_medium+fused_4_high+fused_6_low, fused_11_high+fused_3_low+fused_5_low+fused_6_low, fused_11_high+fused_1_medium+fused_2_high+fused_6_low, fused_1_medium+fused_2_high+fused_5_low+fused_6_low, fused_3_medium, fused_10_low+fused_1_medium+fused_4_high+fused_6_low, fused_11_high+fused_8_medium, fused_11_high+fused_7_medium+fused_9_medium, fused_11_high+fused_1_medium+fused_2_high+fused_5_low",cao,"[369, 548, 190, 220, 472]",ok,
129,kmeans,3,0.25,0.21453681588172913,41,"fused_10_low+fused_4_high+fused_9_medium, fused_5_medium, fused_2_high+fused_3_low+fused_8_medium, fused_10_low+fused_8_high, fused_6_medium, fused_11_high+fused_6_low+fused_8_medium, fused_2_medium, fused_7_high, fused_11_high+fused_1_medium+fused_5_low+fused_6_low+fused_7_medium+fused_9_medium, fused_11_high+fused_2_high+fused_3_low+fused_6_low, fused_2_high+fused_8_high, fused_3_low+fused_5_low+fused_7_medium, fused_11_medium, fused_4_medium, fused_11_high+fused_1_medium+fused_2_high+fused_5_low+fused_6_low+fused_9_medium, fused_10_low+fused_11_high+fused_1_medium+fused_4_high+fused_5_low+fused_6_low, fused_11_high+fused_6_low+fused_8_high, fused_10_low+fused_11_high+fused_1_medium+fused_5_low+fused_6_low+fused_9_medium, fused_10_low+fused_7_medium+fused_9_medium, fused_10_low+fused_8_medium, fused_1_medium+fused_3_low+fused_5_low, fused_11_high+fused_3_low+fused_5_low+fused_6_low+fused_9_medium, fused_10_low+fused_3_medium+fused_4_high, fused_10_low+fused_11_high+fused_2_high+fused_5_low+fused_6_low, fused_4_high+fused_8_medium, fused_5_low+fused_6_low+fused_8_high, fused_11_high+fused_5_low+fused_8_medium, fused_10_low+fused_11_high+fused_4_high+fused_5_low+fused_6_low+fused_7_medium, fused_1_medium+fused_3_low+fused_9_medium, fused_2_high+fused_3_low+fused_7_medium, fused_11_high+fused_2_high+fused_3_low+fused_5_low, fused_11_high+fused_1_medium+fused_2_high+fused_5_low+fused_6_low+fused_7_medium, fused_11_high+fused_1_medium+fused_3_low+fused_6_low, fused_10_low+fused_11_high+fused_1_medium+fused_5_low+fused_6_low+fused_7_medium, fused_10_low+fused_1_medium+fused_2_high+fused_5_low+fused_6_low, fused_10_low+fused_11_high+fused_1_medium+fused_2_high+fused_6_low, fused_11_high+fused_5_low+fused_8_high, fused_2_high+fused_3_low+fused_9_medium, fused_5_low+fused_6_low+fused_8_medium, fused_10_low+fused_1_low, fused_11_high+fused_4_high+fused_5_low+fused_6_low+fused_9_medium",cao,"[551, 204, 437, 230, 377]",ok,
130,kmeans,3,0.2,0.18531115353107452,56,"fused_2_high+fused_3_low+fused_8_medium, fused_11_high+fused_5_low+fused_6_low+fused_8_medium, fused_11_medium+fused_6_medium, fused_10_low+fused_1_low+fused_4_high, fused_10_low+fused_4_high+fused_8_medium, fused_10_low+fused_4_high+fused_9_low, fused_8_medium+fused_9_medium, fused_10_low+fused_2_medium+fused_4_high, fused_10_low+fused_4_high+fused_8_high, fused_11_high+fused_1_medium+fused_2_high+fused_5_low+fused_6_low+fused_7_medium+fused_9_medium, fused_11_high+fused_1_medium+fused_3_low+fused_5_low+fused_6_low+fused_9_medium, fused_10_low+fused_4_high+fused_7_medium+fused_9_medium, fused_2_high+fused_3_low+fused_4_medium, fused_10_medium, fused_11_high+fused_2_high+fused_3_low+fused_5_low+fused_6_low+fused_9_medium, fused_1_medium+fused_8_medium, fused_10_low+fused_11_high+fused_1_medium+fused_2_high+fused_5_low+fused_6_low+fused_9_medium, fused_10_low+fused_11_high+fused_3_low+fused_5_low+fused_6_low, fused_10_low+fused_11_high+fused_5_low+fused_6_low+fused_8_high, fused_10_low+fused_11_high+fused_1_medium+fused_5_low+fused_6_low+fused_7_medium+fused_9_medium, fused_10_low+fused_11_high+fused_1_medium+fused_4_high+fused_5_low+fused_6_low+fused_9_medium, fused_11_high+fused_3_low+fused_8_medium, fused_5_medium+fused_6_medium, fused_10_low+fused_1_medium+fused_8_high, fused_10_low+fused_11_high+fused_1_medium+fused_4_high+fused_5_low+fused_6_low+fused_7_medium, fused_1_high+fused_2_high+fused_3_low, fused_10_low+fused_11_high+fused_3_low+fused_6_low+fused_9_medium, fused_11_high+fused_3_medium+fused_5_low+fused_6_low, fused_7_medium+fused_8_medium, fused_11_high+fused_2_high+fused_5_low+fused_6_low+fused_8_high, fused_1_medium+fused_2_high+fused_3_low+fused_5_low+fused_9_medium, fused_10_low+fused_7_low, fused_11_high+fused_1_medium+fused_5_low+fused_6_low+fused_8_high, fused_11_high+fused_4_medium, fused_1_medium+fused_2_high+fused_5_low+fused_8_high, fused_1_medium+fused_2_high+fused_3_low+fused_7_medium, fused_10_low+fused_3_medium+fused_4_high+fused_6_low, fused_10_low+fused_11_high+fused_1_medium+fused_2_high+fused_5_low+fused_6_low+fused_7_medium, fused_11_high+fused_3_low+fused_5_low+fused_6_low+fused_7_medium+fused_9_medium, fused_11_high+fused_1_medium+fused_2_high+fused_3_low+fused_5_low+fused_6_low, fused_11_high+fused_1_medium+fused_3_low+fused_5_low+fused_6_low+fused_7_medium, fused_2_high+fused_3_low+fused_9_high, fused_10_low+fused_11_high+fused_2_high+fused_4_high+fused_5_low+fused_6_low, fused_11_high+fused_4_high+fused_5_low+fused_6_low+fused_7_medium+fused_9_medium, fused_1_medium+fused_3_low+fused_7_medium+fused_9_medium, fused_11_high+fused_3_medium+fused_4_high+fused_6_low, fused_10_low+fused_1_medium+fused_2_high+fused_4_high+fused_5_low+fused_6_low, fused_11_high+fused_1_medium+fused_2_high+fused_3_low+fused_6_low+fused_9_medium, fused_5_low+fused_7_medium+fused_8_high, fused_10_low+fused_11_high+fused_1_medium+fused_2_high+fused_4_high+fused_6_low, fused_3_low+fused_5_low+fused_8_medium, fused_11_high+fused_2_high+fused_3_low+fused_5_low+fused_7_medium, fused_2_high+fused_3_low+fused_7_high, fused_10_low+fused_1_medium+fused_3_low+fused_6_low, fused_11_high+fused_8_high+fused_9_medium, fused_5_low+fused_6_low+fused_8_high+fused_9_medium",huang,"[411, 212, 598, 248, 330]",ok,
131,kmeans,3,0.15,0.18448591232299805,78,"fused_10_low+fused_1_low+fused_4_high, fused_10_low+fused_4_high+fused_7_low, fused_11_medium+fused_5_medium+fused_6_medium, fused_10_low+fused_11_high+fused_1_medium+fused_2_high+fused_5_low+fused_6_low+fused_7_medium+fused_9_medium, fused_1_high+fused_2_high+fused_3_low+fused_9_high, fused_5_medium+fused_8_medium, fused_10_low+fused_11_high+fused_1_medium+fused_4_high+fused_5_low+fused_6_low+fused_7_medium+fused_9_medium, fused_10_low+fused_11_high+fused_3_medium+fused_4_high+fused_5_low+fused_6_low, fused_11_high+fused_5_low+fused_6_low+fused_8_medium+fused_9_medium, fused_10_low+fused_11_high+fused_4_high+fused_5_low+fused_6_low+fused_8_high, fused_11_high+fused_3_low+fused_5_low+fused_6_low+fused_8_medium, fused_11_high+fused_1_medium+fused_2_high+fused_3_low+fused_5_low+fused_6_low+fused_7_medium+fused_9_medium, fused_4_medium+fused_9_medium, fused_10_low+fused_11_high+fused_1_medium+fused_2_high+fused_4_high+fused_5_low+fused_6_low+fused_9_medium, fused_1_high+fused_2_high+fused_3_low+fused_7_high, fused_10_low+fused_11_high+fused_1_medium+fused_2_high+fused_5_low+fused_6_low+fused_8_high, fused_10_low+fused_11_high+fused_1_medium+fused_2_high+fused_4_high+fused_5_low+fused_6_low+fused_7_medium, fused_11_high+fused_1_medium+fused_5_low+fused_6_low+fused_8_medium, fused_10_low+fused_11_high+fused_3_low+fused_4_high+fused_5_low+fused_6_low, fused_11_high+fused_2_high+fused_3_low+fused_8_medium, fused_2_high+fused_3_low+fused_8_high, fused_2_high+fused_3_low+fused_6_medium, fused_11_high+fused_5_low+fused_6_low+fused_7_medium+fused_8_medium, fused_1_medium+fused_3_low+fused_8_medium, fused_11_high+fused_2_medium+fused_5_low+fused_6_low, fused_3_low+fused_7_medium+fused_8_medium, fused_6_medium+fused_8_medium, fused_10_low+fused_11_high+fused_1_medium+fused_5_low+fused_6_low+fused_7_medium+fused_8_high, fused_10_low+fused_8_medium+fused_9_medium, fused_2_medium+fused_3_medium, fused_10_low+fused_11_high+fused_1_medium+fused_5_low+fused_6_low+fused_8_high+fused_9_medium, fused_2_high+fused_3_low+fused_7_high+fused_8_medium, fused_10_low+fused_11_high+fused_4_high+fused_5_low+fused_6_low+fused_8_medium, fused_10_low+fused_11_high+fused_2_high+fused_5_low+fused_6_low+fused_8_high+fused_9_medium, fused_10_medium+fused_11_high, fused_2_high+fused_3_low+fused_5_medium+fused_9_high, fused_10_low+fused_11_high+fused_1_medium+fused_3_low+fused_5_low+fused_6_low+fused_7_medium, fused_10_medium+fused_2_high+fused_3_low+fused_4_medium, fused_11_high+fused_2_high+fused_6_low+fused_8_medium, fused_10_low+fused_11_high+fused_2_medium+fused_4_high+fused_6_low, fused_11_high+fused_4_medium+fused_5_low+fused_6_low, fused_2_high+fused_3_low+fused_4_medium+fused_5_low, fused_2_high+fused_3_low+fused_8_medium+fused_9_high, fused_3_low+fused_5_medium+fused_7_high, fused_11_medium+fused_2_high, fused_2_high+fused_3_low+fused_5_low+fused_8_medium, fused_10_low+fused_11_high+fused_3_low+fused_5_low+fused_6_low+fused_7_medium+fused_9_medium, fused_10_low+fused_1_medium+fused_3_medium+fused_4_high, fused_11_high+fused_1_medium+fused_2_high+fused_5_low+fused_6_low+fused_7_medium+fused_8_high+fused_9_medium, fused_2_medium+fused_8_medium, fused_3_low+fused_7_high+fused_9_high, fused_4_high+fused_8_medium+fused_9_medium, fused_10_low+fused_1_medium+fused_8_medium, fused_1_high+fused_2_high+fused_3_low+fused_8_medium, fused_10_low+fused_11_high+fused_1_medium+fused_4_high+fused_6_low+fused_8_high, fused_10_low+fused_11_high+fused_3_low+fused_4_high+fused_6_low+fused_9_medium, fused_10_low+fused_3_medium+fused_4_high+fused_9_low, fused_1_medium+fused_7_medium+fused_8_medium, fused_10_low+fused_11_high+fused_1_medium+fused_2_high+fused_3_low+fused_5_low+fused_6_low+fused_9_medium, fused_10_low+fused_1_medium+fused_2_high+fused_5_low+fused_6_low+fused_8_high+fused_9_medium, fused_11_high+fused_1_medium+fused_3_medium+fused_6_low, fused_11_high+fused_3_low+fused_6_low+fused_8_medium+fused_9_medium, fused_1_high+fused_2_high+fused_3_low+fused_5_medium, fused_3_medium+fused_7_medium, fused_10_low+fused_11_high+fused_1_medium+fused_3_low+fused_4_high+fused_6_low, fused_10_low+fused_1_medium+fused_4_high+fused_5_low+fused_6_low+fused_8_high, fused_11_high+fused_2_high+fused_3_low+fused_4_medium+fused_6_low, fused_2_medium+fused_4_high+fused_5_low, fused_3_low+fused_6_medium+fused_9_high, fused_11_medium+fused_3_low, fused_11_high+fused_1_medium+fused_6_low+fused_8_medium+fused_9_medium, fused_11_high+fused_2_high+fused_4_high+fused_5_low+fused_6_low+fused_7_medium+fused_9_medium, fused_3_medium+fused_8_high, fused_10_low+fused_1_low+fused_7_low, fused_10_low+fused_4_high+fused_6_low+fused_9_low, fused_11_high+fused_7_high, fused_1_medium+fused_3_low+fused_4_high+fused_5_low+fused_6_low, fused_2_high+fused_7_high+fused_9_high",cao,"[623, 287, 276, 395, 218]",ok,
132,kmeans,3,0.1,0.1856973022222519,148,"fused_10_low+fused_1_low+fused_4_high+fused_7_low, fused_10_low+fused_11_high+fused_2_medium+fused_4_high+fused_5_low+fused_6_low, fused_10_low+fused_11_high+fused_1_medium+fused_2_high+fused_3_low+fused_5_low+fused_6_low+fused_7_medium+fused_9_medium, fused_10_low+fused_1_low+fused_4_high+fused_9_low, fused_10_low+fused_1_low+fused_2_medium+fused_4_high, fused_1_high+fused_2_high+fused_3_low+fused_5_medium+fused_7_high+fused_9_high, fused_10_low+fused_2_medium+fused_4_high+fused_8_medium, fused_10_low+fused_4_high+fused_5_medium, fused_2_medium+fused_9_medium, fused_10_low+fused_4_high+fused_7_low+fused_9_low, fused_10_low+fused_11_high+fused_1_medium+fused_3_medium+fused_4_high+fused_5_low+fused_6_low, fused_11_high+fused_1_medium+fused_3_low+fused_5_low+fused_6_low+fused_8_medium+fused_9_medium, fused_10_low+fused_11_high+fused_3_medium+fused_4_high+fused_5_low+fused_6_low+fused_8_high, fused_1_high+fused_2_high+fused_3_low+fused_7_high+fused_8_medium+fused_9_high, fused_10_medium+fused_11_high+fused_2_high+fused_3_low+fused_4_medium, fused_10_low+fused_11_high+fused_3_medium+fused_4_high+fused_5_low+fused_6_low+fused_7_medium, fused_10_low+fused_1_low+fused_4_high+fused_9_medium, fused_10_low+fused_1_medium+fused_4_high+fused_9_low, fused_2_high+fused_3_low+fused_4_medium+fused_5_low+fused_7_medium, fused_10_low+fused_11_high+fused_1_medium+fused_4_high+fused_5_low+fused_6_low+fused_8_medium, fused_10_medium+fused_11_high+fused_5_low+fused_6_low, fused_11_high+fused_4_medium+fused_8_medium, fused_10_low+fused_11_high+fused_4_high+fused_5_low+fused_6_low+fused_9_low, fused_10_low+fused_1_low+fused_3_high+fused_4_high, fused_11_medium+fused_5_medium+fused_6_medium+fused_8_medium, fused_10_low+fused_11_medium+fused_4_high, fused_11_medium+fused_1_high+fused_2_high+fused_3_low+fused_6_medium+fused_9_high, fused_11_low+fused_6_high, fused_1_high+fused_2_high+fused_3_low+fused_5_medium+fused_6_medium+fused_9_high, fused_10_low+fused_4_high+fused_8_low, fused_3_medium+fused_8_medium, fused_10_low+fused_11_high+fused_4_high+fused_5_low+fused_6_low+fused_7_medium+fused_8_medium, fused_11_high+fused_7_high+fused_8_medium, fused_1_high+fused_2_high+fused_3_low+fused_4_low+fused_9_high, fused_10_low+fused_1_low+fused_2_low+fused_4_high, fused_11_high+fused_2_medium+fused_5_low+fused_6_low+fused_8_medium, fused_10_medium+fused_1_high, fused_1_medium+fused_2_high+fused_4_medium+fused_5_low+fused_9_medium, fused_10_low+fused_11_high+fused_1_medium+fused_2_high+fused_3_low+fused_4_high+fused_5_low+fused_6_low+fused_9_medium, fused_10_low+fused_2_medium+fused_4_high+fused_7_low, fused_1_high+fused_2_high+fused_3_low+fused_5_medium+fused_8_medium+fused_9_high, fused_2_high+fused_4_medium+fused_8_high, fused_10_low+fused_11_high+fused_3_low+fused_6_low+fused_8_medium+fused_9_medium, fused_10_low+fused_3_medium+fused_4_high+fused_9_medium, fused_2_high+fused_3_low+fused_5_low+fused_7_medium+fused_8_medium, fused_11_high+fused_1_medium+fused_5_low+fused_6_low+fused_7_medium+fused_8_medium+fused_9_medium, fused_11_high+fused_2_high+fused_3_low+fused_4_medium+fused_5_low+fused_6_low+fused_9_medium, fused_1_medium+fused_2_high+fused_3_low+fused_4_medium+fused_5_low, fused_4_medium+fused_7_high, fused_10_low+fused_1_low+fused_3_medium+fused_4_high, fused_10_low+fused_2_low+fused_3_high+fused_4_high, fused_11_high+fused_2_high+fused_3_low+fused_5_low+fused_6_low+fused_8_medium+fused_9_medium, fused_10_low+fused_1_low+fused_4_high+fused_8_medium, fused_11_high+fused_1_medium+fused_3_medium+fused_5_low+fused_6_low+fused_9_medium, fused_1_medium+fused_4_medium+fused_5_low+fused_7_medium, fused_11_medium+fused_2_high+fused_3_low+fused_5_medium+fused_6_medium+fused_9_high, fused_2_high+fused_3_low+fused_4_low+fused_5_medium+fused_9_high, fused_2_medium+fused_4_high+fused_7_medium, fused_10_low+fused_11_high+fused_3_low+fused_4_high+fused_5_low+fused_6_low+fused_8_medium, fused_10_medium+fused_5_low+fused_9_medium, fused_11_high+fused_2_medium+fused_6_low+fused_7_medium, fused_10_high+fused_1_high+fused_2_high+fused_3_low+fused_9_high, fused_10_low+fused_11_high+fused_1_medium+fused_2_high+fused_4_high+fused_5_low+fused_6_low+fused_7_medium+fused_8_high+fused_9_medium, fused_10_low+fused_11_high+fused_1_medium+fused_3_low+fused_4_high+fused_5_low+fused_6_low+fused_7_medium+fused_9_medium, fused_10_low+fused_1_medium+fused_2_medium+fused_4_high, fused_10_medium+fused_11_high+fused_8_medium, fused_10_medium+fused_2_high+fused_4_medium+fused_5_low, fused_11_high+fused_1_medium+fused_4_medium+fused_5_low+fused_6_low+fused_9_medium, fused_11_high+fused_4_medium+fused_5_low+fused_6_low+fused_7_medium, fused_11_medium+fused_2_high+fused_3_low+fused_6_medium+fused_8_medium, fused_1_high+fused_2_high+fused_3_low+fused_5_medium+fused_7_high+fused_8_medium, fused_1_medium+fused_2_high+fused_3_low+fused_4_medium+fused_9_medium, fused_10_medium+fused_3_low+fused_4_medium+fused_5_low, fused_11_high+fused_2_medium+fused_3_medium+fused_4_high+fused_6_low, fused_11_medium+fused_6_medium+fused_7_high, fused_10_low+fused_2_medium+fused_3_medium+fused_4_high+fused_6_low, fused_10_low+fused_4_high+fused_8_medium+fused_9_low, fused_10_medium+fused_11_high+fused_2_high+fused_4_medium+fused_6_low, fused_10_medium+fused_11_high+fused_4_medium+fused_5_low, fused_11_high+fused_1_medium+fused_3_low+fused_5_low+fused_6_low+fused_7_medium+fused_8_medium, fused_4_medium+fused_5_low+fused_7_medium+fused_9_medium, fused_10_medium+fused_3_low+fused_7_medium, fused_11_high+fused_2_medium+fused_3_medium+fused_5_low+fused_6_low, fused_1_high+fused_2_high+fused_3_low+fused_6_medium+fused_7_high+fused_9_high, fused_1_medium+fused_2_high+fused_3_low+fused_4_medium+fused_7_medium, fused_1_medium+fused_2_high+fused_3_low+fused_5_low+fused_7_medium+fused_8_high+fused_9_medium, fused_2_high+fused_3_medium+fused_5_low+fused_6_low, fused_10_high+fused_2_high+fused_3_low+fused_4_low+fused_9_high, fused_10_low+fused_11_high+fused_1_medium+fused_3_low+fused_5_low+fused_6_low+fused_8_medium, fused_10_low+fused_11_high+fused_1_medium+fused_5_low+fused_6_low+fused_8_medium+fused_9_medium, fused_10_low+fused_11_high+fused_3_medium+fused_4_high+fused_6_low+fused_9_low, fused_10_medium+fused_11_high+fused_3_low+fused_4_medium+fused_6_low, fused_10_medium+fused_11_high+fused_9_medium, fused_11_high+fused_1_medium+fused_2_high+fused_3_low+fused_5_low+fused_6_low+fused_8_medium, fused_1_medium+fused_2_medium+fused_6_low, fused_1_medium+fused_3_low+fused_4_medium+fused_5_low+fused_9_medium, fused_10_low+fused_11_high+fused_4_high+fused_5_low+fused_6_low+fused_8_medium+fused_9_medium, fused_10_low+fused_2_medium+fused_3_medium+fused_4_high+fused_9_low, fused_10_medium+fused_2_high+fused_3_low+fused_5_low, fused_10_medium+fused_4_medium+fused_9_medium, fused_11_high+fused_1_medium+fused_2_high+fused_3_low+fused_5_low+fused_6_low+fused_8_high+fused_9_medium, fused_11_high+fused_2_high+fused_4_medium+fused_5_low+fused_7_medium, fused_11_high+fused_2_medium+fused_4_high+fused_6_low+fused_8_medium, fused_1_high+fused_2_high+fused_3_low+fused_4_medium, fused_1_medium+fused_2_high+fused_3_low+fused_7_medium+fused_8_medium, fused_1_medium+fused_4_medium+fused_7_medium+fused_9_medium, fused_2_high+fused_3_low+fused_5_medium+fused_7_high+fused_8_medium+fused_9_high, fused_3_low+fused_5_medium+fused_6_medium+fused_7_high, fused_10_low+fused_3_medium+fused_4_high+fused_7_low, fused_10_low+fused_4_high+fused_6_medium, fused_10_low+fused_7_low+fused_8_high, fused_11_high+fused_2_high+fused_3_low+fused_5_low+fused_6_low+fused_7_medium+fused_8_high+fused_9_medium, fused_11_high+fused_3_low+fused_4_medium+fused_5_low+fused_7_medium, fused_1_high+fused_2_high+fused_3_low+fused_6_medium+fused_8_medium+fused_9_high, fused_3_low+fused_4_medium+fused_7_medium+fused_9_medium, fused_10_low+fused_11_high+fused_2_high+fused_3_low+fused_4_high+fused_5_low+fused_6_low+fused_7_medium, fused_10_low+fused_1_medium+fused_3_medium+fused_4_high+fused_6_low+fused_7_medium, fused_10_low+fused_1_medium+fused_3_medium+fused_4_high+fused_6_low+fused_8_high, fused_10_low+fused_4_high+fused_5_high, fused_10_medium+fused_1_medium, fused_11_high+fused_1_medium+fused_2_high+fused_4_medium+fused_5_low, fused_11_high+fused_1_medium+fused_3_low+fused_4_high+fused_6_low+fused_8_medium, fused_11_high+fused_3_low+fused_5_low+fused_7_medium+fused_8_medium+fused_9_medium, fused_11_high+fused_3_low+fused_6_low+fused_7_high, fused_11_high+fused_3_medium+fused_4_high+fused_5_low+fused_6_low+fused_9_medium, fused_1_high+fused_3_low+fused_4_low+fused_5_medium+fused_9_high, fused_1_medium+fused_2_high+fused_3_low+fused_5_low+fused_6_low+fused_7_medium+fused_8_high, fused_2_high+fused_3_medium+fused_8_high, fused_10_high+fused_1_high+fused_4_low+fused_9_high, fused_10_low+fused_11_high+fused_1_medium+fused_3_medium+fused_5_low+fused_6_low+fused_8_high, fused_10_low+fused_1_medium+fused_3_medium+fused_4_high+fused_5_low+fused_8_high, fused_10_medium+fused_2_high+fused_3_low+fused_4_medium+fused_8_medium, fused_10_medium+fused_9_high, fused_11_high+fused_1_medium+fused_2_high+fused_3_low+fused_4_high+fused_5_low+fused_6_low+fused_7_medium, fused_11_high+fused_1_medium+fused_2_high+fused_3_low+fused_5_low+fused_7_medium+fused_8_high, fused_11_high+fused_1_medium+fused_2_high+fused_3_low+fused_6_low+fused_8_medium+fused_9_medium, fused_11_high+fused_1_medium+fused_2_high+fused_4_medium+fused_6_low, fused_11_high+fused_1_medium+fused_2_high+fused_4_medium+fused_9_medium, fused_11_high+fused_1_medium+fused_3_low+fused_4_medium, fused_11_high+fused_1_medium+fused_3_medium+fused_4_high+fused_5_low+fused_6_low+fused_7_medium, fused_11_high+fused_1_medium+fused_4_high+fused_5_low+fused_6_low+fused_8_medium+fused_9_medium, fused_11_high+fused_2_high+fused_3_low+fused_4_medium+fused_7_medium, fused_11_high+fused_2_high+fused_3_medium+fused_6_low, fused_11_medium+fused_3_low+fused_4_low, fused_11_medium+fused_4_low+fused_6_medium, fused_1_medium+fused_2_high+fused_3_low+fused_5_low+fused_8_medium+fused_9_medium, fused_1_medium+fused_3_medium+fused_4_high+fused_5_low+fused_6_low+fused_8_high, fused_3_low+fused_4_low+fused_6_medium+fused_9_high",huang,"[213, 940, 169, 197, 280]",ok,
133,kmeans,5,1.0,0.4068583846092224,0,,,[],baseline_no_features,
134,kmeans,5,0.95,0.4068583846092224,0,,,[],baseline_no_features,
135,kmeans,5,0.9,0.4068583846092224,0,,,[],baseline_no_features,
136,kmeans,5,0.85,0.4068583846092224,0,,,[],baseline_no_features,
137,kmeans,5,0.8,0.4068583846092224,0,,,[],baseline_no_features,
138,kmeans,5,0.75,0.4068583846092224,0,,,[],baseline_no_features,
139,kmeans,5,0.7,0.4068583846092224,0,,,[],baseline_no_features,
140,kmeans,5,0.65,0.4068583846092224,0,,,[],baseline_no_features,
141,kmeans,5,0.6,0.4068583846092224,0,,,[],baseline_no_features,
142,kmeans,5,0.55,0.4068583846092224,0,,,[],baseline_no_features,
143,kmeans,5,0.5,0.4068583846092224,0,,,[],baseline_no_features,
144,kmeans,5,0.45,0.4249785840511322,1,fused_6_verylow,huang,"[199, 387, 259, 787, 167]",ok,
145,kmeans,5,0.4,0.3325505554676056,4,"fused_6_verylow, fused_5_verylow, fused_8_high, fused_3_low",huang,"[377, 269, 167, 785, 201]",ok,
146,kmeans,5,0.35,0.29643791913986206,7,"fused_8_high, fused_3_low, fused_10_verylow, fused_5_verylow+fused_6_verylow, fused_11_veryhigh+fused_6_verylow, fused_9_medium, fused_2_high",huang,"[734, 298, 396, 169, 202]",ok,
147,kmeans,5,0.3,0.25242874026298523,12,"fused_8_high, fused_10_verylow, fused_9_medium, fused_2_high, fused_4_high, fused_1_medium, fused_5_low, fused_4_veryhigh, fused_7_medium, fused_3_low+fused_6_verylow, fused_11_veryhigh+fused_5_verylow+fused_6_verylow, fused_10_low",huang,"[181, 616, 198, 400, 404]",ok,
148,kmeans,5,0.25,0.25088411569595337,18,"fused_8_high, fused_5_low, fused_4_veryhigh, fused_7_medium, fused_11_veryhigh+fused_5_verylow+fused_6_verylow, fused_10_low, fused_11_high, fused_10_verylow+fused_6_verylow, fused_11_veryhigh+fused_3_low+fused_6_verylow, fused_7_high, fused_6_low, fused_4_high+fused_6_verylow, fused_3_low+fused_5_verylow, fused_8_medium, fused_1_medium+fused_6_verylow, fused_9_low, fused_6_verylow+fused_9_medium, fused_2_high+fused_6_verylow",huang,"[596, 409, 406, 203, 185]",ok,
149,kmeans,5,0.2,0.2298031747341156,31,"fused_5_low, fused_11_high, fused_7_high, fused_6_low, fused_8_medium, fused_2_veryhigh, fused_1_low, fused_2_high+fused_3_low, fused_6_verylow+fused_8_high, fused_4_high+fused_5_verylow+fused_6_verylow, fused_10_verylow+fused_5_verylow+fused_6_verylow, fused_5_verylow+fused_8_high, fused_2_high+fused_5_verylow+fused_6_verylow, fused_1_medium+fused_5_verylow+fused_6_verylow, fused_11_veryhigh+fused_6_verylow+fused_9_medium, fused_5_verylow+fused_6_verylow+fused_7_medium, fused_10_low+fused_9_medium, fused_11_veryhigh+fused_3_low+fused_5_verylow+fused_6_verylow, fused_10_verylow+fused_9_low, fused_5_verylow+fused_6_verylow+fused_9_medium, fused_4_high+fused_6_verylow+fused_9_medium, fused_3_low+fused_9_medium, fused_11_veryhigh+fused_1_medium+fused_6_verylow, fused_1_medium+fused_9_medium, fused_7_veryhigh, fused_3_verylow, fused_11_veryhigh+fused_4_high+fused_6_verylow, fused_1_medium+fused_4_high, fused_10_verylow+fused_4_veryhigh, fused_10_verylow+fused_11_veryhigh, fused_11_veryhigh+fused_2_high",cao,"[209, 405, 205, 422, 558]",ok,
150,kmeans,5,0.15,0.15537840127944946,62,"fused_7_high, fused_8_medium, fused_10_low+fused_9_medium, fused_11_veryhigh+fused_3_low+fused_5_verylow+fused_6_verylow, fused_10_verylow+fused_9_low, fused_7_veryhigh, fused_3_verylow, fused_10_verylow+fused_4_veryhigh, fused_9_high, fused_3_medium, fused_2_medium, fused_10_verylow+fused_4_high, fused_11_high+fused_6_low, fused_11_veryhigh+fused_1_medium+fused_5_verylow+fused_6_verylow, fused_2_high+fused_4_high+fused_6_verylow, fused_10_verylow+fused_1_low, fused_11_medium, fused_11_veryhigh+fused_5_verylow+fused_6_verylow+fused_7_medium, fused_11_veryhigh+fused_2_high+fused_5_verylow+fused_6_verylow, fused_4_veryhigh+fused_9_low, fused_1_high, fused_10_verylow+fused_11_veryhigh+fused_5_verylow+fused_6_verylow, fused_1_medium+fused_5_verylow+fused_6_verylow+fused_9_medium, fused_2_veryhigh+fused_8_high, fused_1_medium+fused_2_high+fused_6_verylow, fused_1_medium+fused_4_high+fused_5_verylow+fused_6_verylow, fused_1_medium+fused_4_high+fused_6_verylow+fused_9_medium, fused_11_veryhigh+fused_1_medium+fused_6_verylow+fused_9_medium, fused_3_low+fused_6_verylow+fused_8_high, fused_4_medium, fused_11_veryhigh+fused_1_medium+fused_3_low+fused_6_verylow, fused_11_veryhigh+fused_5_verylow+fused_6_verylow+fused_8_high, fused_11_veryhigh+fused_2_high+fused_3_low+fused_6_verylow, fused_1_medium+fused_7_medium, fused_7_low, fused_11_veryhigh+fused_1_medium+fused_4_high+fused_6_verylow, fused_1_medium+fused_8_high, fused_6_verylow+fused_9_low, fused_10_verylow+fused_7_medium, fused_1_medium+fused_2_high+fused_5_verylow, fused_2_high+fused_5_verylow+fused_7_medium, fused_5_low+fused_6_low, fused_8_veryhigh, fused_1_verylow, fused_10_verylow+fused_2_high, fused_1_low+fused_6_verylow, fused_10_low+fused_6_verylow, fused_11_veryhigh+fused_4_high+fused_5_verylow+fused_6_verylow+fused_9_medium, fused_2_high+fused_4_high+fused_5_verylow, fused_5_verylow+fused_9_low, fused_10_verylow+fused_1_medium, fused_2_high+fused_5_verylow+fused_8_high, fused_7_medium+fused_8_high, fused_3_low+fused_5_verylow+fused_6_verylow+fused_9_medium, fused_10_verylow+fused_11_veryhigh+fused_3_low+fused_6_verylow, fused_1_medium+fused_3_low+fused_6_verylow+fused_9_medium, fused_1_medium+fused_3_low+fused_5_verylow+fused_6_verylow, fused_2_high+fused_3_low+fused_5_verylow+fused_6_verylow, fused_2_high+fused_6_verylow+fused_9_medium, fused_8_high+fused_9_medium, fused_11_veryhigh+fused_3_low+fused_4_high+fused_6_verylow+fused_9_medium, fused_5_low+fused_8_high",huang,"[208, 395, 214, 278, 704]",ok,
151,kmeans,5,0.1,0.05925697833299637,126,"fused_10_verylow+fused_4_veryhigh+fused_9_low, fused_5_medium, fused_11_high+fused_8_high, fused_3_low+fused_5_low, fused_10_verylow+fused_5_verylow+fused_6_verylow+fused_9_low, fused_5_low+fused_9_high, fused_3_low+fused_8_medium, fused_3_medium+fused_5_verylow+fused_6_verylow, fused_11_high+fused_5_verylow, fused_10_verylow+fused_11_veryhigh+fused_3_low+fused_5_verylow+fused_6_verylow, fused_10_verylow+fused_1_low+fused_9_low, fused_4_high+fused_8_veryhigh, fused_6_low+fused_8_high, fused_1_medium+fused_5_verylow+fused_6_verylow+fused_7_medium, fused_8_high+fused_9_high, fused_4_medium+fused_9_high, fused_5_low+fused_7_veryhigh, fused_10_low+fused_4_high+fused_9_medium, fused_10_low+fused_8_high, fused_10_verylow+fused_4_high+fused_5_verylow+fused_6_verylow, fused_1_high+fused_5_low, fused_1_high+fused_9_high, fused_10_verylow+fused_2_medium, fused_11_veryhigh+fused_1_medium+fused_2_high+fused_5_verylow+fused_6_verylow, fused_2_low, fused_6_verylow+fused_8_medium, fused_1_verylow+fused_4_veryhigh, fused_10_medium+fused_9_high, fused_5_verylow+fused_6_verylow+fused_7_medium+fused_9_medium, fused_11_high+fused_2_high, fused_3_high, fused_11_high+fused_5_low+fused_6_low, fused_11_veryhigh+fused_3_low+fused_5_verylow+fused_6_verylow+fused_7_medium, fused_2_medium+fused_6_verylow, fused_3_verylow+fused_5_low, fused_7_high+fused_8_high, fused_11_veryhigh+fused_1_medium+fused_2_high+fused_3_low+fused_6_verylow, fused_10_verylow+fused_1_low+fused_4_veryhigh, fused_1_medium+fused_7_high, fused_7_high+fused_9_medium, fused_4_veryhigh+fused_6_verylow+fused_9_low, fused_5_verylow+fused_8_veryhigh, fused_11_veryhigh+fused_2_high+fused_5_verylow+fused_6_verylow+fused_7_medium, fused_1_medium+fused_2_high+fused_4_high+fused_5_verylow+fused_6_verylow, fused_9_veryhigh, fused_10_low+fused_4_veryhigh, fused_10_verylow+fused_1_medium+fused_5_verylow+fused_6_verylow, fused_10_verylow+fused_2_high+fused_4_high, fused_11_veryhigh+fused_1_low+fused_6_verylow, fused_2_veryhigh+fused_3_verylow+fused_8_high, fused_4_veryhigh+fused_7_low, fused_11_high+fused_4_medium, fused_10_verylow+fused_11_high, fused_10_verylow+fused_6_verylow+fused_9_medium, fused_11_veryhigh+fused_1_medium+fused_6_verylow+fused_8_high, fused_11_high+fused_6_low+fused_9_high, fused_10_verylow+fused_11_veryhigh+fused_5_verylow+fused_6_verylow+fused_7_medium, fused_11_high+fused_6_verylow, fused_1_medium+fused_2_high+fused_5_verylow+fused_6_verylow+fused_9_medium, fused_2_veryhigh+fused_5_low+fused_8_high, fused_5_low+fused_7_high, fused_10_verylow+fused_11_veryhigh+fused_1_medium+fused_6_verylow, fused_11_veryhigh+fused_1_medium+fused_3_low+fused_4_high+fused_5_verylow+fused_6_verylow+fused_9_medium, fused_1_medium+fused_2_high+fused_8_high, fused_3_low+fused_7_veryhigh, fused_4_medium+fused_8_high, fused_1_low+fused_6_verylow+fused_9_low, fused_1_medium+fused_2_high+fused_3_low+fused_5_verylow+fused_6_verylow, fused_4_high+fused_5_verylow+fused_6_verylow+fused_8_high, fused_1_low+fused_5_verylow+fused_9_low, fused_1_medium+fused_2_high+fused_3_low+fused_6_verylow+fused_9_medium, fused_1_medium+fused_5_verylow+fused_6_verylow+fused_8_high, fused_11_veryhigh+fused_2_high+fused_3_low+fused_4_high+fused_6_verylow+fused_9_medium, fused_2_medium+fused_5_verylow, fused_10_medium+fused_4_medium, fused_2_high+fused_3_low+fused_4_high+fused_5_verylow+fused_6_verylow, fused_2_high+fused_3_low+fused_5_verylow+fused_6_verylow+fused_9_medium, fused_2_high+fused_5_verylow+fused_7_medium+fused_8_high, fused_3_low+fused_4_high+fused_6_verylow+fused_8_high, fused_5_low+fused_8_medium, fused_10_verylow+fused_4_veryhigh+fused_5_verylow, fused_11_veryhigh+fused_3_low+fused_6_verylow+fused_8_high+fused_9_medium, fused_1_medium+fused_8_high+fused_9_medium, fused_8_low, fused_10_verylow+fused_3_medium+fused_9_low, fused_11_veryhigh+fused_8_medium, fused_1_low+fused_7_medium, fused_1_medium+fused_2_high+fused_3_low+fused_4_high+fused_6_verylow, fused_10_low+fused_3_low+fused_6_verylow, fused_11_veryhigh+fused_5_verylow+fused_6_verylow+fused_7_medium+fused_8_high, fused_11_veryhigh+fused_5_verylow+fused_6_verylow+fused_8_high+fused_9_medium, fused_1_medium+fused_2_high+fused_5_verylow+fused_7_medium, fused_1_medium+fused_3_low+fused_8_high, fused_10_verylow+fused_1_medium+fused_4_high+fused_6_verylow, fused_11_veryhigh+fused_5_verylow+fused_6_verylow+fused_7_high, fused_2_veryhigh+fused_7_veryhigh, fused_3_verylow+fused_9_high, fused_4_veryhigh+fused_7_medium, fused_10_verylow+fused_1_low+fused_5_verylow+fused_6_verylow, fused_11_veryhigh+fused_4_high+fused_5_verylow+fused_6_verylow+fused_7_medium, fused_11_veryhigh+fused_4_high+fused_6_verylow+fused_8_high+fused_9_medium, fused_11_veryhigh+fused_5_verylow+fused_6_verylow+fused_9_low, fused_4_high+fused_5_verylow+fused_7_medium+fused_9_medium, fused_10_verylow+fused_11_veryhigh+fused_6_verylow+fused_9_low, fused_11_veryhigh+fused_1_medium+fused_2_high+fused_4_high+fused_6_verylow+fused_9_medium, fused_11_veryhigh+fused_3_low+fused_6_verylow+fused_7_high, fused_1_high+fused_8_high, fused_1_low+fused_2_medium, fused_7_medium+fused_9_low, fused_10_low+fused_11_veryhigh+fused_6_verylow+fused_9_medium, fused_10_low+fused_1_medium+fused_9_medium, fused_10_low+fused_3_low+fused_9_medium, fused_11_veryhigh+fused_2_high+fused_3_low+fused_5_verylow+fused_6_verylow+fused_8_high, fused_11_veryhigh+fused_4_veryhigh+fused_5_verylow+fused_6_verylow, fused_4_veryhigh+fused_5_verylow+fused_9_low, fused_10_low+fused_4_high+fused_6_verylow, fused_11_high+fused_3_low, fused_11_veryhigh+fused_2_high+fused_4_high+fused_5_verylow+fused_6_verylow+fused_9_medium, fused_2_high+fused_3_low+fused_5_verylow+fused_7_medium, fused_10_low+fused_5_verylow+fused_6_verylow+fused_9_medium, fused_10_verylow+fused_11_veryhigh+fused_2_high+fused_5_verylow+fused_6_verylow, fused_10_verylow+fused_11_veryhigh+fused_4_veryhigh+fused_6_verylow, fused_10_verylow+fused_4_high+fused_9_medium, fused_10_verylow+fused_5_verylow+fused_6_verylow+fused_8_high, fused_11_medium+fused_6_medium, fused_1_low+fused_4_veryhigh+fused_6_verylow",huang,"[903, 334, 145, 240, 177]",ok,
152,kmeans,7,1.0,0.4068583846092224,0,,,[],baseline_no_features,
153,kmeans,7,0.95,0.4068583846092224,0,,,[],baseline_no_features,
154,kmeans,7,0.9,0.4068583846092224,0,,,[],baseline_no_features,
155,kmeans,7,0.85,0.4068583846092224,0,,,[],baseline_no_features,
156,kmeans,7,0.8,0.4068583846092224,0,,,[],baseline_no_features,
157,kmeans,7,0.75,0.4068583846092224,0,,,[],baseline_no_features,
158,kmeans,7,0.7,0.4068583846092224,0,,,[],baseline_no_features,
159,kmeans,7,0.65,0.4068583846092224,0,,,[],baseline_no_features,
160,kmeans,7,0.6,0.4068583846092224,0,,,[],baseline_no_features,
161,kmeans,7,0.55,0.4068583846092224,0,,,[],baseline_no_features,
162,kmeans,7,0.5,0.4068583846092224,0,,,[],baseline_no_features,
163,kmeans,7,0.45,0.4068583846092224,0,,,[],baseline_no_features,
164,kmeans,7,0.4,0.4068583846092224,0,,,[],baseline_no_features,
165,kmeans,7,0.35,0.33310750126838684,1,fused_10_megalow,cao,"[209, 253, 439, 167, 731]",ok,
166,kmeans,7,0.3,0.28218138217926025,6,"fused_10_megalow, fused_6_megalow, fused_11_veryhigh, fused_8_high, fused_4_veryhigh, fused_9_medium",cao,"[257, 262, 620, 167, 493]",ok,
167,kmeans,7,0.25,0.23916727304458618,12,"fused_10_megalow, fused_6_megalow, fused_11_veryhigh, fused_8_high, fused_4_veryhigh, fused_9_medium, fused_10_verylow, fused_3_low, fused_5_megalow, fused_2_veryhigh, fused_3_verylow, fused_9_low",cao,"[249, 645, 169, 459, 277]",ok,
168,kmeans,7,0.2,0.1538701355457306,21,"fused_11_veryhigh, fused_8_high, fused_9_medium, fused_10_verylow, fused_3_low, fused_2_veryhigh, fused_3_verylow, fused_6_verylow, fused_1_medium, fused_5_verylow, fused_8_veryhigh, fused_7_high, fused_7_medium, fused_2_high, fused_10_megalow+fused_4_veryhigh, fused_1_low, fused_5_megalow+fused_6_megalow, fused_8_medium, fused_4_high, fused_11_megahigh+fused_6_megalow, fused_10_megalow+fused_9_low",huang,"[431, 169, 641, 290, 268]",ok,
169,kmeans,7,0.15,0.14130666851997375,36,"fused_8_high, fused_2_veryhigh, fused_3_verylow, fused_1_medium, fused_5_verylow, fused_8_veryhigh, fused_7_high, fused_7_medium, fused_2_high, fused_10_megalow+fused_4_veryhigh, fused_1_low, fused_5_megalow+fused_6_megalow, fused_8_medium, fused_11_megahigh+fused_6_megalow, fused_10_megalow+fused_9_low, fused_10_megalow+fused_6_megalow, fused_5_low, fused_3_low+fused_6_megalow, fused_11_veryhigh+fused_6_verylow, fused_4_veryhigh+fused_6_megalow, fused_4_veryhigh+fused_9_low, fused_10_megalow+fused_3_low, fused_10_verylow+fused_9_medium, fused_7_low, fused_7_veryhigh, fused_9_high, fused_6_low, fused_11_high, fused_4_megahigh, fused_6_megalow+fused_9_medium, fused_10_megalow+fused_5_megalow, fused_2_medium, fused_3_low+fused_5_megalow, fused_3_medium, fused_1_high, fused_4_high+fused_9_medium",huang,"[366, 273, 371, 613, 176]",ok,
170,kmeans,7,0.1,0.08015700429677963,90,"fused_8_medium, fused_5_low, fused_11_veryhigh+fused_6_verylow, fused_10_verylow+fused_9_medium, fused_7_veryhigh, fused_4_megahigh, fused_2_medium, fused_4_high+fused_9_medium, fused_10_megalow+fused_4_veryhigh+fused_9_low, fused_10_megalow+fused_3_low+fused_6_megalow, fused_10_megalow+fused_11_veryhigh, fused_2_veryhigh+fused_3_verylow, fused_11_veryhigh+fused_5_megalow, fused_11_veryhigh+fused_2_veryhigh, fused_10_megalow+fused_1_low, fused_10_megalow+fused_4_veryhigh+fused_6_megalow, fused_1_verylow, fused_11_veryhigh+fused_6_megalow, fused_11_veryhigh+fused_3_verylow, fused_10_megalow+fused_5_megalow+fused_6_megalow, fused_5_megalow+fused_6_megalow+fused_7_medium, fused_4_veryhigh+fused_5_megalow+fused_6_megalow, fused_1_low+fused_4_veryhigh, fused_3_low+fused_5_megalow+fused_6_megalow, fused_11_medium, fused_11_veryhigh+fused_3_low, fused_1_medium+fused_5_megalow, fused_2_high+fused_6_megalow, fused_11_megahigh+fused_3_low+fused_6_megalow, fused_11_megahigh+fused_5_megalow+fused_6_megalow, fused_5_megalow+fused_9_medium, fused_10_megalow+fused_5_megalow+fused_9_low, fused_11_veryhigh+fused_8_veryhigh, fused_1_low+fused_6_megalow, fused_11_megahigh+fused_4_veryhigh+fused_6_megalow, fused_3_low+fused_9_medium, fused_1_low+fused_5_megalow, fused_3_verylow+fused_8_high, fused_10_low, fused_10_megalow+fused_6_megalow+fused_9_low, fused_11_high+fused_6_low, fused_2_high+fused_5_megalow, fused_1_medium+fused_2_veryhigh, fused_5_megalow+fused_8_veryhigh, fused_2_high+fused_3_low, fused_4_high+fused_6_megalow, fused_10_megalow+fused_3_medium, fused_4_medium+fused_9_high, fused_1_megalow, fused_3_low+fused_4_veryhigh+fused_6_megalow, fused_6_megalow+fused_8_veryhigh, fused_10_megalow+fused_4_veryhigh+fused_5_megalow, fused_5_verylow+fused_7_high, fused_5_medium, fused_6_megalow+fused_8_high, fused_3_low+fused_7_medium, fused_10_megalow+fused_11_megahigh+fused_6_megalow, fused_10_megalow+fused_3_low+fused_4_veryhigh, fused_10_verylow+fused_6_megalow, fused_4_veryhigh+fused_6_megalow+fused_9_low, fused_2_high+fused_4_veryhigh, fused_11_veryhigh+fused_5_verylow, fused_1_medium+fused_3_low, fused_3_megalow, fused_3_verylow+fused_5_verylow, fused_3_verylow+fused_6_verylow, fused_10_megalow+fused_2_high, fused_10_verylow+fused_4_high, fused_2_low, fused_10_megalow+fused_7_medium, fused_11_veryhigh+fused_9_medium, fused_5_megalow+fused_6_megalow+fused_9_low, fused_5_verylow+fused_6_megalow, fused_11_megahigh+fused_6_megalow+fused_9_medium, fused_1_medium+fused_4_high, fused_2_megahigh, fused_3_verylow+fused_9_high, fused_4_veryhigh+fused_5_megalow+fused_9_low, fused_6_medium, fused_11_veryhigh+fused_2_high, fused_3_high, fused_11_veryhigh+fused_4_high, fused_1_medium+fused_6_megalow+fused_9_medium, fused_6_verylow+fused_9_high, fused_2_veryhigh+fused_8_high, fused_10_megalow+fused_7_low, fused_1_low+fused_2_high, fused_2_veryhigh+fused_9_medium, fused_1_high+fused_9_high, fused_4_veryhigh+fused_8_high",cao,"[386, 166, 226, 162, 859]",ok,
