original_index,followers,revenue,yearsjoined,rating,goodreview,mediumreview,badreview,fused_1,fused_2,fused_3,fused_4,fused_5,artifact_cluster,reclustered_cluster_raw,reclustered_cluster_aligned
0,0.0601347699,0.008283297655,1.806134489,0.4535828601,0.6311588484,1.618766785,1.080556886,-0.38436407,-0.21605898,0.07028544,0.49951476,-0.34198833,2,3,2
1,-0.07120871268,-0.04744888398,-1.81474617,0.03789719818,-0.4976620954,1.196370851,0.308261747,-0.15209833,0.14664082,-0.20574288,0.14823061,-0.34463552,0,2,0
2,-0.00905224708,0.008283297655,0.5991742694,0.4245163204,0.6417903555,-0.1721470986,1.292087172,-0.32374108,-0.2685327,0.109139144,0.5156458,-0.31438583,2,3,2
3,-0.0464419976,0.008283297655,0.5991742694,-0.06667769952,-0.09694340079,0.9755582056,1.761924492,-0.5559869,-0.21346131,0.057247356,0.33582494,-0.3906693,2,3,2
4,-0.07280656527,-0.0536513861,-0.6077859505,0.1447300772,0.3445599119,-0.2699721941,0.5099503773,-0.14759089,-0.09044276,-0.0010500699,0.26034752,-0.12400998,0,2,0
5,0.1400273992,0.008283297655,-0.6077859505,0.6591251767,0.8185958887,-0.2350488309,-0.188657225,0.06989462,0.046563197,-0.03579914,0.38121885,-0.09944704,4,0,4
6,0.0601347699,-0.04170688495,0.5991742694,0.5286015441,0.665667666,1.916680834,0.5354996153,-0.2815461,-0.11106412,0.074843705,0.34712115,-0.2240338,2,3,2
7,0.1400273992,-0.05222809379,-1.21126606,0.5959988491,-1.174894379,-0.7247974588,-0.7072697442,0.3260374,0.24413754,-0.25039375,0.4913119,-0.43058982,3,1,3
8,0.1400273992,0.008283297655,0.5991742694,0.5331953967,0.6825133192,1.631421908,0.7495508346,-0.32558334,-0.13620068,0.054140344,0.37221557,-0.23121181,2,3,2
9,0.1320381363,-0.05140464182,-0.004305840521,0.6427589563,0.7757023195,-0.4639355972,-0.1611859102,0.093676895,0.038085703,0.005542109,0.38034943,-0.11541565,4,0,4
10,-0.07504355889,-0.05493183904,-0.6077859505,-0.7821451119,-0.6220677953,-0.7247974588,-0.7072697442,0.38824674,-0.04123901,0.009094514,0.24672554,-0.451617,3,1,3
11,-0.07240710212,-0.05406502511,-0.6077859505,-0.5282071901,0.2407975837,-0.7247974588,-0.7072697442,0.38940272,-0.06185832,0.0012449697,0.20541339,-0.26667887,4,0,4
12,-0.07536312941,-0.05493183904,-1.21126606,-1.297961156,-0.8580784041,-0.7247974588,-0.7072697442,0.47976118,-0.12351563,-0.021510452,0.2447916,-0.6749204,3,1,3
13,-0.04851920596,-0.04518220171,1.202654379,0.5891715766,0.7460772808,0.581152281,0.1003024303,-0.012514725,-0.041433863,0.06817669,0.37290683,-0.21037339,0,2,0
14,-0.04156854721,-0.05259326945,1.202654379,0.6609492138,0.7556589894,0.5561300313,0.04634249878,0.0023687035,-0.014308166,0.06933868,0.3798628,-0.20585932,0,2,0
15,0.1400273992,0.003376770353,-0.6077859505,0.6092386516,0.7239740814,0.7696454936,0.5972657522,-0.22795254,-0.03533837,0.05147347,0.38707292,-0.20708376,0,2,0
16,-0.01025063652,-0.05388264984,-0.6077859505,0.8445136008,0.9368610749,-0.6551532043,-0.5786266334,0.2515639,0.051821627,-0.020272397,0.44807208,-0.10713133,4,0,4
17,-0.0728864579,-0.05409860937,1.202654379,0.3585998355,0.3785104079,0.2452962336,0.4162901108,-0.10782236,-0.023002721,0.045572594,0.30528912,-0.18323135,0,2,0
18,0.002771862058,-0.002491542048,1.202654379,0.2832318406,0.4102214462,1.916680834,1.761924492,-0.6117372,-0.27744418,0.04196942,0.47354805,-0.38621444,2,3,2
19,0.02817771818,-0.02402839227,1.806134489,0.2359188696,0.3716529675,1.315440495,1.761924492,-0.54669255,-0.27655482,0.06896973,0.54775035,-0.40627086,2,3,2
20,0.1400273992,0.008283297655,1.806134489,0.711148954,0.8793480719,0.2772514379,-0.09681695288,0.0539131,0.009690144,0.10488412,0.44055787,-0.18552153,0,2,0
21,-0.06801300751,-0.05253766412,0.5991742694,0.5676042787,0.6866112243,0.5747348954,0.3800852965,-0.08569935,-0.06603323,0.052438118,0.3478098,-0.21334797,0,2,0
22,0.08410255869,-0.04758636688,-0.004305840521,0.4383850418,0.5277555563,1.916680834,1.534022292,-0.5543851,-0.21115805,0.10585282,0.42674124,-0.38199574,2,3,2
23,-0.01831979208,-0.04833572093,0.5991742694,0.2609973306,0.4014287997,1.916680834,1.613603137,-0.5636184,-0.2529943,0.07687847,0.41601238,-0.3904777,2,3,2
24,0.1400273992,-0.03186379072,1.806134489,0.6956902932,0.867893462,0.1367027166,-0.3348578325,0.14903243,0.039003775,0.11251265,0.42200816,-0.17661482,4,0,4
25,0.07611329576,-0.006517964564,1.202654379,0.5286015441,0.616476723,1.916680834,0.9164632274,-0.40475166,-0.1590049,0.058668405,0.4091925,-0.30824286,2,3,2
26,0.1400273992,0.008283297655,-0.6077859505,0.7691233833,0.8612540933,-0.2220832662,-0.1036157584,0.041887145,0.05847985,-0.027179942,0.424952,-0.11929251,0,2,0
27,0.04415624404,-0.04848060086,-0.6077859505,0.6591251767,0.7773178253,0.2273955833,-0.09763429518,0.037423,0.055734646,-0.033038728,0.37498736,-0.13393486,0,2,0
28,-0.04612242708,-0.05318656298,-0.004305840521,0.7517209386,0.9074432626,-0.5457080843,-0.5441821892,0.2775264,0.031072702,0.010534234,0.4106121,-0.12653305,4,0,4
29,-0.05251383742,-0.05463425701,0.5991742694,0.5440179149,0.5447982992,0.8732506384,-0.1033292425,0.008036137,0.02319999,0.041536897,0.26913747,-0.15895423,0,2,0
30,-0.028466156,-0.03242639079,0.5991742694,0.5251836318,0.5537934644,1.009617955,0.9017179342,-0.28479892,-0.1052632,0.066523045,0.38575047,-0.3020404,2,3,2
31,-0.0720875316,-0.05068492354,-0.6077859505,0.711177441,0.7931995228,-0.1170283116,-0.3386117523,0.14464533,0.054282643,-0.039921463,0.3562931,-0.12096755,4,0,4
32,-0.05554975734,0.008283297655,1.202654379,0.4958266265,0.5716306134,1.776901403,1.048160913,-0.42028555,-0.16786103,0.05156645,0.41351548,-0.34167087,2,3,2
33,0.05214550697,0.008283297655,0.5991742694,0.676805581,0.8204881393,0.3644262326,-0.2037035846,0.0878196,0.029860642,0.0383002,0.36619434,-0.13873002,4,0,4
34,-0.0668945107,0.008283297655,-0.6077859505,0.4599402793,0.5663909819,-0.04968664379,1.494973992,-0.4650157,-0.2533127,0.10132605,0.51040256,-0.32872614,2,3,2
35,-0.07568269992,-0.05493183904,-0.004305840521,0.4732515778,0.4382783543,-0.7247974588,-0.7072697442,0.29335493,0.072966166,0.0072580054,0.30434394,-0.113830715,4,0,4
36,-0.06953096747,-0.05286236862,-0.004305840521,0.5031246701,0.6026650361,-0.3118762851,0.4703295903,-0.07452115,-0.077279136,0.06993052,0.39397022,-0.21765871,0,2,0
37,-0.03589617053,-0.05168394381,-0.004305840521,0.6609492138,0.8279172661,-0.2367354493,-0.249693234,0.14686939,0.010262847,0.01530307,0.37094116,-0.13610394,4,0,4
38,-0.0140055901,0.008283297655,0.5991742694,0.6884912599,0.7909295042,0.3499963036,0.2830559654,-0.04532516,-0.029872444,0.053476334,0.38072246,-0.1910831,0,2,0
39,-0.01608279846,-0.05229866324,0.5991742694,0.7615599148,0.92075869,-0.3822353043,-0.6509802277,0.29953188,0.05353497,0.05207125,0.39390135,-0.13398533,4,0,4
40,-0.07408484734,-0.05458256701,0.5991742694,0.4411775287,0.3660474134,-0.7247974588,0.09778247702,0.05444193,-0.04351922,0.02804666,0.34716794,-0.1315862,0,2,0
41,-0.07568269992,-0.05493183904,-0.004305840521,0.1316180874,0.3660474134,-0.4637199132,-0.2765126032,0.13313407,0.011671804,-0.013995964,0.1774395,-0.05965222,4,0,4
42,-0.06641515492,-0.04350809027,-1.21126606,0.7966257511,0.9134433992,-0.631137814,-0.6913438186,0.28415197,0.0816432,-0.08082938,0.43749553,-0.11393672,4,0,4
43,-0.05211437428,0.008283297655,-0.6077859505,0.750423214,0.9018159346,-0.6105861805,-0.4284973872,0.20154896,0.0054502683,-0.018062763,0.4147668,-0.096459135,4,0,4
44,0.01219919232,-0.05269062128,1.202654379,0.731577515,0.8915850207,-0.432637506,-0.5820556942,0.28166437,0.032794096,0.08788665,0.3994437,-0.13050508,4,0,4
45,-0.02263399406,-0.01533156188,0.5991742694,0.3990535604,0.5316487596,0.3941237332,1.368008959,-0.37389207,-0.22776683,0.12036813,0.45801187,-0.359987,2,3,2
46,-0.07568269992,0.008283297655,0.5991742694,0.5207049878,0.6759790182,1.301562618,0.8072013504,-0.28489915,-0.15276895,0.06598146,0.37829596,-0.29288158,2,3,2
47,-0.03246078747,-0.05135830405,0.5991742694,0.3306909259,0.4896662817,1.916680834,0.9624039006,-0.39808074,-0.18885641,0.07781184,0.3459553,-0.30619866,2,3,2
48,-0.04252725876,-0.03234169469,-0.6077859505,0.6388574106,0.689785561,0.6916918471,-0.185971468,0.048281312,0.072849855,-0.02228374,0.3455649,-0.15432376,0,2,0
49,-0.004897830356,-0.05493183904,0.5991742694,0.6140855655,-0.8580784041,-0.7247974588,-0.7072697442,0.28898722,0.13602617,-0.052288562,0.34602976,-0.23690796,4,0,4
50,-0.07568269992,-0.03163031636,-0.004305840521,0.3289469019,0.3473241699,-0.103626169,-0.09430044648,0.056999076,0.045216773,0.016714066,0.19855659,-0.12474863,4,0,4
51,-0.07568269992,-0.05493183904,0.5991742694,-3.055399464,-2.303363299,-0.7247974588,-0.7072697442,0.7096848,-0.3603602,-0.12098032,0.17688233,-1.2531679,1,4,1
52,-0.07568269992,-0.05392562409,-1.21126606,0.3324901798,0.4723813295,-0.2875364474,-0.04853872391,0.025362074,0.01779333,-0.09767811,0.27101442,-0.11114082,0,2,0
53,-0.06897171906,-0.04512254332,-0.6077859505,-0.1758109361,0.01430667689,-0.3588538326,0.4254774297,-0.113240555,-0.08360179,-0.04682207,0.17790836,-0.056042697,0,2,0
54,0.004209929385,-0.03488149349,-0.6077859505,0.5920675331,0.8134953492,-0.4400262733,0.08528674003,0.00728349,-0.04746297,0.026809022,0.39552116,-0.1434055,0,2,0
55,-0.02638894764,-0.04720346724,1.202654379,0.4985629618,0.6568218337,0.8202936355,0.7110197578,-0.21362388,-0.12688652,0.06326477,0.4083066,-0.27628204,0,2,0
56,-0.07568269992,-0.05352045001,1.202654379,0.3261433675,0.1229493614,-0.3461806211,-0.0812688812,0.062263556,0.02797284,0.027004585,0.265329,-0.11744863,4,0,4
57,-0.03270046536,-0.05076143953,1.202654379,0.679865262,0.7600905511,0.4431604874,0.1383360933,-0.023494735,-0.012627694,0.06958197,0.38947523,-0.20819433,0,2,0
58,0.1080703475,0.008283297655,-0.6077859505,0.6857872478,0.786286664,0.3128947046,0.256790042,-0.09607691,0.028873093,0.020588562,0.40474537,-0.16914329,0,2,0
59,-0.05067630695,-0.0520993173,-0.6077859505,0.5361604875,0.7281476833,-0.1745305111,0.2456400751,-0.04515653,-0.060569372,0.039950177,0.36624688,-0.17628339,0,2,0
60,0.07611329576,-0.01656628922,1.806134489,0.5844955074,0.7268399723,0.7136753072,0.2171222285,-0.06784275,-0.055378288,0.09163958,0.4228224,-0.21050636,0,2,0
61,-0.01512408691,-0.05224254778,1.806134489,0.2740539349,0.4321779108,1.916680834,1.583275672,-0.56123155,-0.2799909,0.06990957,0.5047833,-0.38890955,2,3,2
62,0.003970251497,-0.04202630269,1.202654379,0.1962087156,0.3014395402,1.916680834,1.761924492,-0.6115712,-0.27337688,0.037834704,0.44255963,-0.37349644,2,3,2
63,0.1400273992,-0.03772504872,0.5991742694,0.7568111824,0.8389786764,0.08896989197,-0.3313309486,0.12946647,0.09421411,0.026009127,0.37805223,-0.12673487,4,0,4
64,-0.03062325699,-0.01796798557,-0.004305840521,0.6040996929,0.7375903936,0.1714237996,-0.2944598905,0.13510658,0.0404216,0.010792963,0.33642086,-0.13872138,4,0,4
65,-0.07568269992,-0.05426546786,0.5991742694,0.6153158498,0.5951303861,-0.7247974588,-0.5724826352,0.28023097,0.046242,0.03354772,0.37682188,-0.12836647,4,0,4
66,-0.0742446326,-0.05343712704,-0.6077859505,0.169922876,0.4431409195,-0.3588538326,-0.7072697442,0.28544882,0.065439604,-0.031320088,0.20656721,-0.12921897,4,0,4
67,-0.06154170454,-0.05493183904,0.5991742694,0.1292882174,0.006621235816,-0.7247974588,-0.7072697442,0.29545516,0.04253804,0.037744522,0.23075572,-0.14873575,4,0,4
68,0.1400273992,-0.0341073126,-0.6077859505,0.5193319517,0.6375197326,0.7400112498,1.221603455,-0.42457283,-0.14939491,0.13498083,0.43295318,-0.332343,2,3,2
69,-0.006655468201,0.008283297655,1.202654379,0.5262492061,0.6681355454,1.729857134,0.6838729913,-0.30141804,-0.14912976,0.071457654,0.3968664,-0.2872535,2,3,2
70,-0.0688119338,-0.04999735943,1.202654379,0.674265076,0.8429972114,-0.5457174153,-0.6768333988,0.32826805,0.027754847,0.088011146,0.39396933,-0.13393517,4,0,4
71,0.1400273992,0.008283297655,0.5991742694,0.7805569581,0.8591176938,-0.002665740425,-0.1172469862,0.06273292,0.072574824,0.026989095,0.395069,-0.12811725,4,0,4
72,-0.0516350185,-0.05200295174,1.202654379,0.4708677616,0.5557984503,1.806554961,0.5940910302,-0.29075027,-0.119486794,0.08003047,0.3496654,-0.28238732,2,3,2
73,-0.07232720949,-0.05493183904,-0.6077859505,0.2657320996,-0.1054228876,-0.7247974588,-0.2584116271,0.1268748,0.025339544,-0.07285161,0.30738392,-0.109615065,4,0,4
74,0.1400273992,0.008283297655,-0.004305840521,0.3722477915,0.5538428624,1.581802754,1.761924492,-0.5991318,-0.27897862,0.13761705,0.46560866,-0.39702266,2,3,2
75,-0.02559002135,-0.0365076007,0.5991742694,0.4972453767,0.5734126607,0.8551346202,0.969009516,-0.2868478,-0.1276018,0.07539755,0.40290374,-0.3036074,2,3,2
76,-0.02614926975,-0.0452696058,1.806134489,0.5248539262,0.7154884764,0.9927755132,0.3513606356,-0.12368801,-0.11016457,0.0996519,0.43697888,-0.25784305,0,2,0
77,-0.07464409574,-0.05131953336,-1.21126606,0.08948883816,0.006621235816,-0.7247974588,-0.7072697442,0.33289242,0.058980286,-0.10779157,0.3210328,-0.26493245,4,0,4
78,0.08410255869,-0.05041369368,-0.6077859505,0.7046567201,0.7866729327,-0.3229232408,-0.3696601393,0.13989413,0.078689456,-0.043402106,0.36680052,-0.09745036,4,0,4
79,-0.07568269992,0.008283297655,0.5991742694,0.5373293314,0.6156742871,1.916680834,1.207930506,-0.455697,-0.19316941,0.09805991,0.428424,-0.37729558,2,3,2
80,0.09209182162,0.008283297655,-0.6077859505,0.8236104356,0.5255618885,-0.7247974588,-0.5461831776,0.19279481,0.17248043,-0.045363784,0.4243185,-0.08406494,4,0,4
81,0.0601347699,0.008283297655,1.202654379,0.5676042787,0.677648333,0.5753111086,0.3493300528,-0.0988075,-0.0384275,0.056592315,0.3755622,-0.21176916,0,2,0
82,-0.06641515492,-0.04792969151,-0.6077859505,0.5478682358,0.6302635073,-0.6017848541,-0.3298207653,0.14846197,0.021251734,-0.014781199,0.33140117,-0.090916745,4,0,4
83,0.1240488733,-0.0222210117,-0.004305840521,0.4502437702,0.7159448351,0.3055005813,0.434803911,-0.109747216,-0.075551376,0.07333201,0.34988278,-0.17350087,0,2,0
84,0.1400273992,-0.03325256351,1.202654379,0.5190350088,0.7205522701,1.51069949,0.15949569,-0.1276466,-0.0804003,0.077038676,0.34167615,-0.16619295,0,2,0
85,-0.06977064535,-0.04642524434,0.5991742694,0.2306664764,0.289051945,1.916680834,1.039372966,-0.41392145,-0.16598651,0.07338162,0.3087939,-0.32044473,2,3,2
86,-0.07568269992,-0.05445060639,-0.6077859505,0.02966112482,0.1265056469,1.505228154,1.761924492,-0.6309061,-0.24911326,0.11036302,0.28913933,-0.40324515,2,3,2
87,0.1400273992,0.008283297655,1.202654379,0.3414053899,0.5428993775,1.847929178,0.9195336464,-0.39229834,-0.19951822,0.03640285,0.37019637,-0.26127958,2,3,2
88,-0.0549106163,-0.05091108078,-0.6077859505,0.4719074327,0.711323031,-0.7247974588,-0.3681438067,0.18707517,-0.023238957,-0.011796646,0.33035153,-0.07988833,4,0,4
89,-0.07568269992,-0.02262925087,0.5991742694,0.2670757419,0.4711151985,1.694130833,1.714892839,-0.5634585,-0.29021582,0.09234829,0.45232022,-0.42335093,2,3,2
90,-0.0674537591,-0.05241284972,1.806134489,0.390345281,0.2022476244,0.0527928233,0.06075481826,-0.007760614,0.03456418,0.0888471,0.320459,-0.17456569,0,2,0
91,-0.07512345152,-0.05416960394,-1.81474617,-0.2301343817,0.006621235816,-0.7247974588,-0.7072697442,0.39863807,0.0068900622,-0.16260819,0.32744473,-0.38174653,3,1,3
92,-0.07568269992,-0.05154252433,-2.41822628,-0.3550098396,-0.1983631951,0.5023767949,1.761924492,-0.60641414,-0.28094292,-0.15159309,0.2537175,-0.4719743,2,3,2
93,0.02018845525,-0.0211630889,1.806134489,0.5844955074,0.7119184795,0.205573026,0.1801312912,-0.030173793,-0.038955204,0.10126647,0.41759443,-0.20393257,0,2,0
94,-0.05323287109,-0.05477709638,-1.21126606,0.6965629203,0.7994677276,-0.6608160999,-0.5113583162,0.2141878,0.05437686,-0.08654502,0.4159496,-0.09576361,4,0,4
95,0.1000810846,-0.05430445111,-0.6077859505,0.5833659319,0.7838426719,0.01226994097,0.2037721404,-0.059286922,-0.011745223,0.024168044,0.38559413,-0.1623212,0,2,0
96,-0.05283340794,-0.05493183904,0.5991742694,0.4927281531,-1.622586598,-0.7247974588,-0.7072697442,0.32696354,0.1132303,-0.055198744,0.38766527,-0.45901433,3,1,3
97,-0.0153637648,-0.05037379049,0.5991742694,0.6806505148,0.8642896616,-0.6878465509,-0.5348246508,0.28606653,0.0022140099,0.047021255,0.41329265,-0.12744978,4,0,4
98,0.004209929385,-0.04876849021,-0.004305840521,0.6815169924,0.8050991882,0.7290922171,-0.1558434046,0.04200484,0.031125616,0.047637895,0.38026497,-0.14742956,0,2,0
99,-0.06425805393,-0.0443651265,1.202654379,0.6344231227,0.7547856195,0.1859818209,-0.3482564651,0.15848006,0.023760017,0.062306494,0.32944864,-0.14300989,4,0,4
100,-0.0734457063,-0.05455773592,-0.6077859505,0.4967575932,0.6641065979,-0.2212241252,-0.1254860906,0.07345974,-0.0072459243,-0.008677036,0.30097556,-0.12216273,4,0,4
101,-0.07280656527,-0.05315442412,-0.6077859505,0.5420017929,-2.303363299,-0.7247974588,-0.7072697442,0.34286657,0.22893639,-0.21952718,0.47868556,-0.6508076,3,1,3
102,0.1400273992,-0.03473005825,-0.6077859505,0.765942192,-0.07664281507,-0.7247974588,-0.7072697442,0.26267117,0.22230808,-0.14294499,0.40233284,-0.12463204,4,0,4
103,-0.06905161169,-0.03729636311,-1.21126606,0.5526655306,0.7081892218,0.3128777277,0.1271523487,-0.045771487,0.009829696,-0.056413352,0.34323013,-0.20970038,0,2,0
104,-0.07025000113,-0.0545670885,1.202654379,0.4575872228,0.5517828888,1.916680834,0.4507058631,-0.25630578,-0.10483067,0.08839905,0.32929063,-0.25556123,0,2,0
105,-0.07512345152,-0.05484766583,0.5991742694,-0.8283414179,-1.622586598,-0.7247974588,-0.7072697442,0.3996045,-0.03843136,-0.02044876,0.23316213,-0.52457213,3,1,3
106,-0.06114224139,-0.03680824357,0.5991742694,0.4989782419,0.6142823866,0.6824967594,0.03662738779,0.0047064275,-0.030261794,0.04167308,0.29252106,-0.17366444,0,2,0
107,-0.04724092389,-0.04568018397,1.202654379,0.5927052182,0.7553440812,0.1858675699,0.3983257857,-0.088162005,-0.07354708,0.075004935,0.4071719,-0.21553901,0,2,0
108,0.1400273992,-0.0537529636,-0.6077859505,0.5320465062,0.6442102249,-0.4033833596,-0.3906467762,0.14107132,0.07713952,-0.03378787,0.31601053,-0.0879738,4,0,4
109,-0.009691388114,-0.02267111641,0.5991742694,0.1908882334,0.5015108596,0.3614160185,1.761924492,-0.4938606,-0.3694051,0.11859366,0.4913612,-0.40569666,2,3,2
110,-0.07440441785,-0.05168479404,-2.41822628,0.1517068066,0.3205994174,-0.7247974588,-0.7072697442,0.3936583,0.05136587,-0.27328995,0.4025954,-0.34469146,3,1,3
111,-0.05507040156,-0.0494019148,1.202654379,0.3125690381,-0.4394444417,-0.7247974588,-0.7072697442,0.32095253,0.05899317,-0.012156129,0.31208885,-0.16592672,4,0,4
112,-0.03102272014,-0.05452627725,-1.21126606,0.7865090566,0.8979900871,-0.7247974588,-0.7072697442,0.2966168,0.077600285,-0.08292286,0.4516716,-0.11037071,4,0,4
113,0.06812403283,0.008283297655,-1.81474617,0.7436961861,0.8385083282,-0.2671435301,-0.3190877539,0.11486271,0.101863064,-0.17822257,0.43470708,-0.1384807,4,0,4
114,0.1240488733,-0.04737954737,1.202654379,0.6906418191,0.8188795456,0.5782517439,-0.09764966459,0.025642172,0.025240462,0.053822607,0.38190857,-0.1620333,0,2,0
115,-0.01376591221,-0.04900910653,0.5991742694,0.6789340423,0.7116279675,0.8109926995,0.4019045527,-0.12085217,-0.040430136,0.05147694,0.3720439,-0.22539996,0,2,0
116,-0.02127581936,-0.02609188979,-0.004305840521,0.6493253754,0.7439900022,0.5129952639,0.0005408459901,0.014970839,0.02292677,0.039232194,0.3620895,-0.16241384,0,2,0
117,-0.07384516945,-0.02989974936,-1.21126606,0.4224041154,0.6187390279,-0.2245559626,0.8122051616,-0.26274976,-0.13193534,-0.017326236,0.4165709,-0.20439146,0,2,0
118,-0.0636189129,-0.05396512258,0.5991742694,0.4581252691,0.6598411833,0.3316096754,-0.2404704118,0.12090966,-0.010686536,0.042503826,0.29240748,-0.1524907,4,0,4
119,-0.07568269992,-0.01327885809,1.202654379,0.5256563243,0.6121867182,1.916680834,0.6191948255,-0.30929828,-0.125143,0.084094584,0.3657986,-0.29122508,2,3,2
120,0.1400273992,-0.02359815243,0.5991742694,0.694345075,0.8304352145,0.7866023525,-0.1833173568,0.038306296,0.0400217,0.028628513,0.36964473,-0.13529819,0,2,0
121,0.01219919232,-0.05050891993,-0.6077859505,0.704990526,0.7716880892,-0.0782470041,-0.4302449529,0.16092293,0.096800074,-0.052965216,0.3618285,-0.1168233,4,0,4
122,-0.0636189129,-0.0515946692,0.5991742694,0.2679182414,0.006621235816,-0.7247974588,-0.7072697442,0.28929526,0.067823626,0.025293559,0.24944244,-0.13441958,4,0,4
123,-0.0641781613,-0.05433667499,-1.21126606,0.5565588922,0.7218831133,-0.7247974588,-0.6181902003,0.2771307,0.047250006,-0.09184916,0.38353014,-0.10855247,4,0,4
124,0.07611329576,-0.03490882003,0.5991742694,0.7337581228,0.8281901528,-0.295752808,-0.3074405002,0.15418631,0.066287145,0.024473622,0.3718611,-0.11168505,4,0,4
125,-0.06577601389,-0.0541836328,-0.004305840521,0.652258494,0.5602626669,-0.3336697776,0.818036799,-0.19573405,-0.07075898,0.08232099,0.48028868,-0.26053864,0,2,0
126,0.002851754687,0.008283297655,0.5991742694,0.5883451162,0.6914754664,0.5561983536,0.5202414936,-0.13375771,-0.06263191,0.055579916,0.3613242,-0.20634924,0,2,0
127,-0.07248699475,-0.05493183904,-0.6077859505,-2.227588243,-2.303363299,-0.7247974588,-0.7072697442,0.56455123,-0.17953247,-0.10071847,0.21793666,-1.0562978,1,4,1
128,-0.065536336,-0.05493183904,1.202654379,0.5871098561,0.7044511249,0.1988063709,-0.2190518356,0.10975036,0.013215095,0.060471356,0.32284373,-0.15697604,4,0,4
129,-0.01656215423,-0.04779983012,-0.004305840521,0.5865402131,0.6894670164,1.04074949,0.3224914135,-0.132229,-0.03211861,0.075442635,0.34982315,-0.196693,0,2,0
130,-0.05970417406,-0.04738430869,-0.6077859505,0.4405407973,0.563054688,-0.06697552622,1.03554273,-0.3121539,-0.1575597,0.0849769,0.43331552,-0.27410734,2,3,2
131,0.1400273992,-0.02462285572,0.5991742694,0.6055786074,0.7533551458,0.3398509046,0.3430983329,-0.07777344,-0.023138072,0.032371446,0.3611707,-0.16201013,0,2,0
132,-0.004178796692,-0.04388942038,1.202654379,0.5234014315,0.6828076773,1.420675951,0.4572527888,-0.19455916,-0.119340464,0.07779735,0.37757534,-0.2499763,0,2,0
133,0.1400273992,0.008283297655,-0.004305840521,0.657097577,0.8597217173,-0.4952133192,-0.437917083,0.20515987,0.052178945,-0.0061687264,0.38749903,-0.09568311,4,0,4
134,-0.07568269992,-0.02831464215,1.202654379,0.6950573112,0.8003455089,0.4754744198,0.1449076611,-0.018843949,-0.030305097,0.07559013,0.4022839,-0.21443461,0,2,0
135,-0.03030368648,-0.04940871668,0.5991742694,0.4143826212,0.6804634446,1.262361636,-0.01375096317,-0.02483043,-0.073169425,0.062335804,0.30671504,-0.15576106,0,2,0
136,-0.07568269992,-0.01615350044,1.202654379,0.3849739226,0.6471637477,-0.4409801376,-0.2804403613,0.17287546,-0.035147015,0.060313404,0.31486037,-0.12900284,4,0,4
137,-0.05043662906,-0.04143757407,0.5991742694,0.5981746464,0.7342149764,-0.1027393346,0.624803514,-0.11670908,-0.09423639,0.09103806,0.44629207,-0.24163252,0,2,0
138,-0.07568269992,-0.04286745144,1.202654379,0.73357891,0.8705410128,-0.4487658432,-0.4427607229,0.24402449,0.004272449,0.091104835,0.40715224,-0.14319092,4,0,4
139,-0.05746718044,0.006017808261,-1.21126606,0.3397098007,0.5167175072,0.2105076948,1.761924492,-0.5900621,-0.2963825,0.07000467,0.48589724,-0.39894867,2,3,2
140,-0.04468435975,-0.04846325608,-1.21126606,0.6289061626,0.6869046124,-0.6584877589,-0.02958846161,0.016288877,-0.0012627505,-0.067608744,0.42715263,-0.09554587,0,2,0
141,-0.074803881,-0.05141850064,0.5991742694,0.2183144113,0.5229643806,-0.7247974588,-0.3226492474,0.19478518,-0.057055213,0.021546572,0.28915858,-0.106436655,4,0,4
142,-0.07568269992,-0.05462915561,-2.41822628,-2.227588243,-1.622586598,-0.7247974588,-0.7072697442,0.636331,-0.24606112,-0.120883375,0.23586284,-1.1517907,1,4,1
143,-0.06929128958,-0.0522629534,-0.004305840521,0.2073808532,0.2497678173,1.038564242,1.761924492,-0.56182706,-0.2280344,0.11747354,0.38819337,-0.4258875,2,3,2
144,-0.02495088031,-0.03505792562,1.202654379,0.1699442352,0.4513500698,0.2997007041,1.485211605,-0.40063328,-0.29310325,0.09914927,0.4529081,-0.33749855,2,3,2
145,-0.07568269992,-0.0445309222,0.5991742694,0.5248539262,0.6154258499,1.503176449,1.213874984,-0.40639424,-0.17986333,0.0945694,0.436164,-0.3774497,2,3,2
146,0.1400273992,0.008283297655,-0.6077859505,0.6026801925,0.7340292807,0.400317324,0.661512668,-0.22941911,-0.04934628,0.07772538,0.41516402,-0.23395808,0,2,0
147,-0.02279377932,-0.05493183904,-0.6077859505,0.5104180253,0.6718359898,-0.3210189649,-0.2594603885,0.110881045,0.0151996035,-0.022599183,0.29559034,-0.096138224,4,0,4
148,-0.07048967902,-0.01505730179,0.5991742694,0.4912522195,0.6119304057,-0.7247974588,-0.2400654435,0.1826787,-0.04268567,0.02333711,0.3678502,-0.1361561,4,0,4
149,0.1400273992,0.008283297655,-0.6077859505,0.7839062533,0.8840928631,-0.09840079967,-0.1162245534,0.04419451,0.06710077,-0.037794583,0.43311006,-0.11784214,0,2,0
150,-0.07472398837,-0.0547626424,-0.004305840521,0.11192103,0.2454177561,-0.7247974588,-0.430433701,0.18180212,-0.0011615455,0.008636767,0.21252532,-0.063554734,4,0,4
151,0.01219919232,-0.05350965203,0.5991742694,0.6024159286,0.8390657615,0.3986745225,-0.4616452307,0.17820314,0.019902542,0.046715856,0.3533981,-0.13895151,4,0,4
152,-0.07568269992,-0.05366711544,1.202654379,0.7116242108,0.7791519958,0.1732085641,-0.3681394113,0.16618866,0.040890727,0.06606743,0.3458929,-0.14589088,4,0,4
153,-0.0325406801,-0.04322296418,1.806134489,0.3558106183,0.5334219686,1.622729835,1.659694839,-0.5456022,-0.28642446,0.07688001,0.5601441,-0.42484862,2,3,2
154,0.03616698111,0.008283297655,1.806134489,0.5331953967,0.6748455391,0.7454859178,1.146654865,-0.33465117,-0.17780428,0.09295204,0.5272485,-0.32931477,2,3,2
155,0.09209182162,-0.03131232871,1.202654379,0.5146963057,0.660518325,1.279168411,0.7611846458,-0.27247578,-0.1439704,0.051272005,0.41882613,-0.27905774,2,3,2
156,-0.07416473997,-0.05473628513,-1.81474617,0.1352881388,0.2407975837,-0.7247974588,-0.7072697442,0.36054167,0.048708845,-0.18634681,0.36257505,-0.2845141,4,0,4
157,-0.04780017229,-0.03762191785,0.5991742694,0.3258740904,0.2261799967,0.5326782251,1.761924492,-0.5208672,-0.20639883,0.10892585,0.4518072,-0.43340117,2,3,2
158,0.1400273992,-0.04557841092,-0.6077859505,0.6679271119,0.6910741285,-0.0880488353,0.04878619866,-0.023047827,0.06424315,-0.014277294,0.37628752,-0.13307248,0,2,0
159,-0.07360549156,-0.05147223545,0.5991742694,-0.2852460587,-0.4249631636,-0.0361300981,0.4378394405,-0.119869635,-0.018850923,-0.0094358325,0.10782687,-0.05523832,0,2,0
160,0.02018845525,-0.04963253237,1.202654379,0.4453639017,0.5928917856,0.9516709301,1.428972032,-0.42510787,-0.22225466,0.07450163,0.49283695,-0.3828642,2,3,2
161,-0.07568269992,-0.05493183904,0.5991742694,-1.738745436,-1.174894379,-0.7247974588,-0.7072697442,0.5369338,-0.16436033,-0.0357036,0.23193634,-0.7012715,3,1,3
162,-0.04795995755,-0.04897220636,-0.004305840521,0.5920675331,0.7614851372,0.49172864,0.1767625747,-0.019251287,-0.037504897,0.05113241,0.36656654,-0.18578504,0,2,0
163,-0.07568269992,-0.04997157182,-1.21126606,0.5498466123,0.6708754036,-0.5974875249,-0.4977132592,0.21585146,0.05132833,-0.09505807,0.35464174,-0.09742965,4,0,4
164,-0.07568269992,-0.05493183904,-0.6077859505,-0.4984696531,-1.065619048,-0.7247974588,0.4786518922,-0.045330502,-0.11439587,-0.10331625,0.25683463,-0.24883918,0,2,0
165,-0.05634868363,-0.04451599633,0.5991742694,0.1137061999,0.3206174878,1.916680834,1.761924492,-0.6012734,-0.30353868,0.07437591,0.40354216,-0.4057492,2,3,2
166,-0.07528323678,-0.05493183904,-0.6077859505,-0.03118095756,0.2829349161,-0.7247974588,-0.7072697442,0.31232014,0.014918175,-0.029744774,0.23256017,-0.13591641,4,0,4
167,-0.0668945107,-0.05416662812,-0.6077859505,0.5444028887,0.5546216653,-0.1741177674,-0.6138712583,0.21664873,0.11244047,-0.039679803,0.28321055,-0.115860075,4,0,4
168,-0.0701701085,-0.05365648751,1.202654379,0.4064630006,0.5206540662,0.1987932947,-0.2190587477,0.096639246,0.010022195,0.053369135,0.2591489,-0.14628026,4,0,4
169,-0.03501735161,-0.0517604649,1.806134489,0.5057298263,0.6768480305,1.575560212,0.3665634459,-0.17964149,-0.124616235,0.12070307,0.41739994,-0.2630601,0,2,0
170,-0.07264678001,-0.05493183904,0.5991742694,0.2316544105,-0.6986558168,-0.7247974588,0.1334416846,0.03167998,-0.0313074,-0.046585917,0.30694798,-0.1296041,0,2,0
171,-0.01480451639,-0.01620611294,0.5991742694,0.5964568838,0.7156226887,0.05689035457,-0.0147488767,0.047336705,-2.4944544e-05,0.044767708,0.3218462,-0.15014292,0,2,0
172,0.0601347699,0.008283297655,-0.6077859505,0.2526831837,0.4013634986,0.4935614468,1.68645834,-0.55096084,-0.28576007,0.12436178,0.41651618,-0.39728546,2,3,2
173,-0.07568269992,-0.05331214259,-0.004305840521,0.6536222795,0.7870123731,-0.4157960005,-0.5439312641,0.2645157,0.04401596,0.0067340164,0.35020605,-0.1272104,4,0,4
174,-0.07568269992,-0.04703061119,-1.21126606,0.5338812843,0.7704146247,-0.4482520168,-0.4007914733,0.1699601,0.017115459,-0.08496423,0.33831203,-0.0923769,4,0,4
175,-0.04268704402,-0.04830655789,0.5991742694,0.3524565281,0.3784939196,1.916680834,0.6799322564,-0.32862622,-0.1155204,0.0806199,0.29314703,-0.27527073,2,3,2
176,-0.07568269992,-0.05235137777,0.5991742694,0.2365279134,0.4494283137,1.916680834,-0.3103801042,0.016111016,-0.026811287,0.052574128,0.26655456,-0.13410056,0,2,0
177,-0.07560280729,-0.05479155037,-1.21126606,-0.568457245,-0.2939341537,-0.7247974588,-0.7072697442,0.39234462,-0.030341506,-0.049830273,0.26975173,-0.42336908,3,1,3
178,-0.07400495471,-0.05493183904,-0.6077859505,-1.498508037,-2.303363299,-0.7247974588,-0.7072697442,0.46402985,-0.07139957,-0.05768334,0.26071373,-0.8738493,3,1,3
179,-0.06481730234,-0.05030231298,0.5991742694,0.3744637738,0.4624289183,0.7065485643,-0.6221273614,0.1850942,0.04202931,0.030897379,0.23606329,-0.10680556,4,0,4
180,-0.07568269992,-0.02764599915,1.202654379,0.7759028359,0.8614841918,0.4605522606,-0.3278251063,0.13984635,0.024930988,0.064047754,0.38692543,-0.16662806,4,0,4
181,-0.03629563367,-0.03927608279,0.5991742694,0.3397098007,0.2383887036,1.528838317,1.761924492,-0.58206785,-0.18528868,0.09416272,0.4404431,-0.4514309,2,3,2
182,-0.02207474566,-0.05288107378,0.5991742694,0.4814765394,0.5779402735,-0.2645298448,0.4886944036,-0.08810868,-0.054653563,0.061174147,0.3740064,-0.18241897,0,2,0
183,-0.04652189023,-0.03410449833,-0.6077859505,0.3816006911,0.4280350585,0.3453253606,1.583584104,-0.50809413,-0.22216971,0.11603294,0.43997127,-0.39245665,2,3,2
184,0.0006946536957,-0.0524015416,-0.6077859505,0.6493253754,-2.303363299,-0.7247974588,-0.7072697442,0.3347069,0.2617913,-0.22789662,0.4985183,-0.6541652,3,1,3
185,-0.07312613579,0.008283297655,-1.21126606,0.4463707398,0.5343556113,-0.01281075632,0.1162064976,-0.046182804,0.02097902,-0.0821497,0.2988606,-0.14228682,0,2,0
186,0.1400273992,-0.02222404618,-1.21126606,0.645932635,0.6471658893,-0.4494570337,0.2779718783,-0.10720426,0.012759432,-0.06140974,0.44587934,-0.14061582,0,2,0
187,-0.07456420311,-0.05445400733,-1.81474617,-0.508043268,-0.2511663654,0.280528655,-0.7072697442,0.3566854,0.079516664,-0.20492789,0.12531558,-0.41812003,3,1,3
188,0.1400273992,0.008283297655,0.5991742694,0.674216386,0.6451065136,-0.7247974588,-0.4296804078,0.20913693,0.0681712,0.014986388,0.3969734,-0.0989428,4,0,4
189,-0.04060983566,-0.04913103014,-0.6077859505,0.6307774821,0.6438752366,-0.7247974588,-0.2817323589,0.13150446,0.024401728,-0.008269578,0.38309908,-0.102944806,4,0,4
190,-0.06274009398,-0.05117030788,1.202654379,0.1940334575,0.1387466782,1.916680834,1.569997669,-0.57036513,-0.18543467,0.038774878,0.38886267,-0.34172264,2,3,2
191,0.1400273992,-1.945335873e-05,1.806134489,0.4386518578,0.5959182765,1.673738901,0.9842319254,-0.37277302,-0.19846526,0.07610202,0.4741689,-0.3126676,2,3,2
192,-0.009371817597,-0.03121030059,-0.004305840521,0.4306906157,0.6159649831,-0.2440244577,0.8771289964,-0.22319534,-0.16140665,0.08589113,0.4299963,-0.22050634,0,2,0
193,0.1400273992,0.006991451579,-0.004305840521,0.6734768271,0.7068596187,-0.05113614371,0.3431523648,-0.068965636,0.01865143,0.058550965,0.40709335,-0.18476167,0,2,0
194,0.1320381363,-0.05022122613,-0.004305840521,0.5346606449,0.80765115,0.0969375375,-0.02236603905,0.03519856,0.007839249,0.0060207415,0.3516087,-0.12432867,0,2,0
195,-0.07568269992,-0.05307492721,-0.004305840521,0.5503132322,0.5318398635,-0.7247974588,0.0382632642,0.054833654,-0.03756841,0.0423848,0.3802189,-0.14840582,0,2,0
196,0.09209182162,-0.04346080024,1.202654379,0.3635096629,0.5742550789,1.148445844,1.408384276,-0.43556258,-0.24355203,0.049075976,0.47615665,-0.34584516,2,3,2
197,-0.05283340794,-0.04907433226,1.202654379,-0.2982095072,-0.8919500114,1.035776148,1.761924492,-0.58906305,-0.044349357,0.0026061833,0.29620895,-0.38096416,2,3,2
198,-0.0311825054,-0.04176156777,-0.6077859505,0.6012831259,0.6981997892,0.2162740556,-0.03122462184,0.015609689,0.038981896,-0.00908947,0.334839,-0.14865848,0,2,0
199,-0.07568269992,-0.0487038724,-0.004305840521,0.4814765394,0.6828197067,0.6975716143,0.2187101263,-0.050724626,-0.069711834,0.059511203,0.32589296,-0.18086728,0,2,0
200,-0.007454394494,0.008283297655,0.5991742694,0.5268035934,0.7173434059,0.5883247974,0.6826415408,-0.17907387,-0.12910691,0.0689835,0.38837296,-0.229749,0,2,0
201,-0.07568269992,-0.04744977673,-1.21126606,0.356633396,-0.07664281507,-0.7247974588,-0.7072697442,0.3060335,0.11868806,-0.13093123,0.37905157,-0.2638173,4,0,4
202,-0.03517713686,-0.0490626713,1.202654379,0.3497463473,0.6558422735,-0.2369566043,0.2140193809,-0.0073371157,-0.11404933,0.06993477,0.34471434,-0.15346277,0,2,0
203,0.1400273992,0.008283297655,-0.004305840521,0.6925038271,0.6433440682,0.4711967542,0.3047903464,-0.087271854,0.05306624,0.04669008,0.37333465,-0.17523845,0,2,0
204,-0.07568269992,-0.0531808324,-2.41822628,-1.297961156,-0.8580784041,-0.7247974588,-0.7072697442,0.53793246,-0.1066355,-0.17840973,0.30270317,-0.81222844,3,1,3
205,-0.07392506208,-0.05478389826,0.5991742694,0.4106680776,0.4954636624,0.5098487374,-0.2327080019,0.082586795,0.008652676,0.022092149,0.24568328,-0.14149612,4,0,4
206,-0.05634868363,-0.05082612536,-0.6077859505,0.4784059783,0.7712626018,-0.7247974588,-0.4432117762,0.2204807,-0.028351612,-0.011841647,0.33631063,-0.08241533,4,0,4
207,-0.07560280729,-0.05493183904,-0.004305840521,-3.055399464,-2.303363299,-0.7247974588,-0.7072697442,0.6923721,-0.31379384,-0.16102178,0.16049594,-1.2495025,1,4,1
208,-0.07568269992,-0.05454158147,-0.6077859505,0.3402956919,0.3935971064,-0.5140473739,-0.0585842057,0.02495882,0.011539422,-0.026738323,0.26199928,-0.0576049,0,2,0
209,-0.07568269992,-0.02690717951,0.5991742694,0.1271864865,-0.01737903221,0.03193062696,1.761924492,-0.52713144,-0.2143762,0.10166418,0.3968099,-0.3834583,2,3,2
210,-0.002900514623,-0.01142224555,-0.004305840521,0.7688800763,0.8738465698,-0.1111994556,-0.2478623812,0.13660559,0.04765217,0.011687921,0.40588704,-0.14591178,4,0,4
211,-0.07176796109,-0.0547379856,1.806134489,0.2052005986,0.4370968284,0.04400863983,0.5378114449,-0.11158323,-0.14789799,0.08674064,0.39867237,-0.19691929,0,2,0
212,-0.01312677117,-0.05136170499,-0.004305840521,0.5184160068,0.6392236468,1.299131099,0.7745442952,-0.27995992,-0.11857045,0.095250554,0.37619412,-0.27321354,2,3,2
213,-0.01704151001,-0.05477879685,0.5991742694,0.2488521994,0.1828316042,1.916680834,1.761924492,-0.61609185,-0.19857363,0.076226085,0.4057635,-0.425214,2,3,2
214,0.07611329576,0.008283297655,1.202654379,0.6956902932,0.7933992965,0.7403999212,0.1306511805,-0.04911664,-0.006057132,0.06305115,0.39676768,-0.19073443,0,2,0
215,-0.05714760992,-0.04548658561,-0.6077859505,0.6314785918,0.730677118,0.03784958989,0.1074309151,-0.015912205,-0.00291736,0.020099744,0.36268857,-0.17171311,0,2,0
216,-0.04931813225,-0.05279562522,-1.21126606,0.3474731353,0.2741358583,-0.2250241772,-0.7072697442,0.26036,0.15282115,-0.1273758,0.2563641,-0.17482351,4,0,4
217,-0.04204790298,-0.04744977673,-1.21126606,0.6503499515,0.726603947,-0.5292205564,-0.303431316,0.11928152,0.045217242,-0.084736794,0.38541257,-0.09332456,4,0,4
218,-0.05075619958,-0.05493183904,1.202654379,0.2499458423,0.5378260675,-0.7247974588,-0.7072697442,0.34652787,0.0006993413,0.07974337,0.32121545,-0.13879025,4,0,4
219,0.02817771818,-0.04441384493,1.202654379,0.5286015441,0.6244676059,1.916680834,0.8512460685,-0.38288236,-0.15586098,0.0705331,0.40156987,-0.31556094,2,3,2
220,-0.07568269992,-0.05234545164,0.5991742694,0.5985668649,0.6313276163,0.1472854394,0.03254790557,0.034196183,0.006863529,0.03906416,0.31336707,-0.16547701,0,2,0
221,-0.07320602841,-0.05448206506,1.806134489,0.2588342037,-0.02928409234,-0.2668899065,0.0509142711,0.05710261,-0.0042364523,0.057829082,0.35527357,-0.16516924,0,2,0
222,0.1080703475,-0.05233131224,1.202654379,0.4526495469,0.5921406353,1.579697829,1.143225709,-0.42180777,-0.1863706,0.03590426,0.43985748,-0.31590956,2,3,2
223,0.1400273992,-0.04061785803,0.5991742694,0.5286015441,0.7280328478,0.3590552035,0.7443874325,-0.18672799,-0.115872554,0.07012743,0.4085924,-0.22105283,0,2,0
224,-0.06393848341,-0.01327205622,0.5991742694,0.2286363877,0.2968055611,1.916680834,1.441313624,-0.5180638,-0.20799531,0.07132128,0.36556244,-0.36562628,2,3,2
225,-0.04396532609,-0.04933389606,-0.6077859505,0.645932635,0.7614565691,-0.04038926225,0.1520331591,-0.022779182,-0.01857318,0.028133139,0.38433546,-0.17800549,0,2,0
226,-0.02998411596,-0.05290522893,0.5991742694,0.2333420169,0.2613704805,1.916680834,1.761924492,-0.60977954,-0.23354375,0.077049784,0.41657472,-0.42384875,2,3,2
227,-0.06841247066,-0.05282835925,1.202654379,0.3619355197,-0.5594359521,-0.7247974588,0.02664446785,0.09190705,-0.0029120967,-0.046940535,0.38437462,-0.18131803,4,0,4
228,-0.07296635053,-0.05493183904,0.5991742694,0.6088416753,0.4580814486,0.551973567,-0.7072697442,0.19868822,0.12677571,0.027834386,0.26064688,-0.114580736,4,0,4
229,0.1400273992,0.008283297655,1.202654379,0.6205349861,0.7739476548,0.7218661719,0.4196697078,-0.12961465,-0.057087135,0.0591878,0.40992752,-0.21241519,0,2,0
230,0.1400273992,0.008283297655,-0.004305840521,0.2894094032,0.4901218491,1.916680834,1.761924492,-0.62540066,-0.28566808,0.10831464,0.42843598,-0.3789188,2,3,2
231,-0.0003439504853,-0.05364033305,-0.004305840521,0.6433389622,0.261961406,1.311830643,-0.5865593983,0.08621356,0.17984194,0.04853627,0.26370215,-0.11508998,4,0,4
232,-0.07568269992,-0.030718355,-0.6077859505,0.6079207708,0.5232555265,-0.5989529447,0.1045013237,-0.019830585,0.009681251,0.012405157,0.36756524,-0.10735048,0,2,0
233,-0.06313955712,-0.05360147734,-0.6077859505,0.4074110795,0.4494283137,0.606080225,0.1613129525,-0.057359368,0.019288402,0.0027335435,0.26050997,-0.17282002,0,2,0
234,-0.0622607382,-0.05120186093,-1.21126606,0.3066541489,0.1943702221,-0.3818147,-0.1405483877,0.06076485,0.08194526,-0.12628244,0.27739212,-0.14608653,4,0,4
235,0.03616698111,-0.0448608956,-0.6077859505,0.7330317092,0.9165483088,-0.6348575463,-0.6919760066,0.29213098,0.056427494,-0.016745456,0.40845326,-0.09533574,4,0,4
236,-0.07568269992,-0.05408160468,1.202654379,0.06190028927,0.07785417755,-0.7247974588,-0.7072697442,0.3472334,0.014963552,0.061052114,0.2907914,-0.17197797,4,0,4
237,0.01219919232,-0.04864775693,-0.004305840521,0.5401449003,0.6982467909,-0.3683966501,0.03961698287,0.036337413,-0.016609034,0.046353467,0.36131322,-0.16353142,0,2,0
238,-0.07456420311,-0.05473203396,-0.6077859505,0.2274663005,0.4458714653,-0.5912678842,0.4046848558,-0.09236558,-0.11928012,-0.011214435,0.32823387,-0.10560559,0,2,0
239,-0.07568269992,-0.05473203396,-0.6077859505,0.4128770964,0.5089060765,-0.2699721941,-0.2588816526,0.10154403,0.036051705,-0.024538197,0.24168776,-0.0938308,4,0,4
240,-0.05523018682,-0.04628909121,-1.21126606,0.375826794,0.498279101,-0.5536397905,-0.1811948344,0.08708701,0.012110062,-0.10097407,0.32245967,-0.09310141,4,0,4
241,-0.06353902027,-0.04116702099,0.5991742694,0.5577793076,0.5810756774,-0.0107447453,-0.5048020368,0.20509785,0.06857298,0.042859383,0.27519077,-0.13884613,4,0,4
242,-0.06305966449,-0.05012972391,0.5991742694,0.2514847947,0.435433977,1.323889064,1.761924492,-0.55332184,-0.28644073,0.12048046,0.4519359,-0.44037995,2,3,2
243,0.1400273992,-0.02620136596,-0.004305840521,0.6873505408,0.8294618068,-0.001796347894,-0.02687058179,0.036701694,0.050132852,0.006553877,0.3911262,-0.13088985,0,2,0
244,-0.07568269992,-0.05192711083,-0.6077859505,0.4519831453,0.5484885713,0.8981320043,0.9411950304,-0.32459378,-0.10696925,0.11133942,0.35430208,-0.31178945,2,3,2
245,-0.06082267087,-0.04633341903,0.5991742694,0.5280701391,0.6499058062,-0.634350449,-0.125262176,0.14549899,-0.046885144,0.032673135,0.3731159,-0.15063849,4,0,4
246,-0.01560344268,-0.05344957447,0.5991742694,0.4985629618,0.6680923655,1.054006211,0.4444494338,-0.15855883,-0.10690622,0.053273678,0.33168486,-0.21738483,0,2,0
247,-0.07568269992,-0.05493183904,-0.6077859505,-0.5745279452,-1.312462107,-0.7247974588,0.7851871023,-0.14367852,-0.14677782,-0.106311575,0.2719792,-0.3036889,0,2,0
248,0.02817771818,-0.05493183904,-0.6077859505,0.4119916182,0.009850444097,-0.7247974588,-0.3187658264,0.13665375,0.066252075,-0.08882822,0.33084214,-0.08327022,4,0,4
249,-0.07488377363,-0.05493183904,-0.004305840521,-1.297961156,-1.622586598,-0.7247974588,-0.7072697442,0.4404087,-0.074910164,-0.051115856,0.22909507,-0.65826535,3,1,3
250,-0.07336581367,-0.05493183904,-0.004305840521,-0.08783326003,-2.303363299,-0.7247974588,-0.7072697442,0.3692071,0.061595216,-0.0907967,0.35614008,-0.658377,3,1,3
251,0.09209182162,-0.03072371147,1.806134489,0.6924012995,0.8595477354,-0.1343333271,-0.2581876461,0.13947621,0.015820466,0.11718717,0.4346852,-0.16065298,4,0,4
252,-0.0734457063,-0.05211076145,-0.6077859505,0.4745757188,0.3919002847,-0.7247974588,0.06075481826,0.0024949647,-0.004244104,-0.014597774,0.35013446,-0.08747057,0,2,0
253,0.01219919232,-0.0225970865,0.5991742694,0.4466052149,0.5536276348,0.7995237951,1.761924492,-0.5253685,-0.28013676,0.14723343,0.51318455,-0.4401167,2,3,2
254,-0.05451115316,0.008283297655,0.5991742694,0.001004948237,0.1894638309,1.916680834,1.761924492,-0.6064991,-0.3085538,0.05772859,0.35900187,-0.37652147,2,3,2
255,0.1400273992,-0.01424754029,0.5991742694,0.6980520909,0.8232219089,0.3272170825,-0.009290120217,0.017336965,0.037586596,0.02813758,0.37552348,-0.13229494,0,2,0
256,-0.07312613579,-0.05404036832,-0.004305840521,0.5971033388,0.7435369189,-0.1645199435,-0.2702251352,0.15375863,0.016992308,0.011030782,0.329041,-0.13301015,4,0,4
257,-0.07272667264,-0.05465976404,0.5991742694,0.3715672001,0.139487936,-0.7247974588,-0.7072697442,0.2919647,0.08122036,0.021959886,0.27449015,-0.12081851,4,0,4
258,-0.009611495485,-0.0314976798,-0.004305840521,0.5973473515,0.6803871432,0.6011109968,0.6736467327,-0.1831639,-0.07079667,0.103993855,0.4168989,-0.2828765,0,2,0
259,-0.0720875316,-0.04307120585,-2.41822628,-0.08580281221,-0.1075092789,0.05059187697,1.761924492,-0.61228275,-0.19075017,-0.15664053,0.3776539,-0.40168,2,3,2
260,-0.05347254898,-0.05104881875,-0.004305840521,0.5020144842,0.5823199859,0.1485549722,-0.4049746129,0.1610177,0.05269254,0.0071736667,0.2780211,-0.13258843,4,0,4
261,-0.07280656527,-0.0516244274,-0.004305840521,0.3645688555,0.6960942229,-0.5391043372,-0.7072697442,0.31970313,0.024256136,0.0009125732,0.2601078,-0.09500708,4,0,4
262,-0.05147523324,-0.05131825801,0.5991742694,0.3145192422,0.4361869614,1.859409596,1.584014651,-0.5477878,-0.24145246,0.082745165,0.42991117,-0.40291578,2,3,2
263,-0.07568269992,-0.04977941886,1.202654379,0.4942931842,0.5984334946,1.886848585,0.6545608098,-0.3154143,-0.13744575,0.08277258,0.365019,-0.30026376,2,3,2
264,-0.06913150432,-0.01706920369,-0.6077859505,0.5532636513,0.6180444786,-0.5422056364,-0.6107515241,0.24217778,0.073437646,-0.020166025,0.304101,-0.09235947,4,0,4
265,-0.00553697139,-0.04390045812,1.806134489,0.5048784054,0.7516660354,-0.110500243,0.1576162985,-0.0012461096,-0.09729953,0.118258595,0.4242599,-0.1759352,0,2,0
266,-0.0238323835,-0.05213622597,0.5991742694,0.6385610433,0.7347480387,-0.4286528241,-0.01386894612,0.0825856,-0.009181578,0.039924264,0.38370973,-0.15033138,0,2,0
267,-0.07568269992,-0.0454194171,0.5991742694,0.652258494,0.7363305941,0.9871365216,-0.2842786498,0.070147455,0.018729933,0.058368653,0.34381193,-0.16233784,0,2,0
268,0.1320381363,-0.05393787937,-0.004305840521,0.7489971874,0.8576385191,-0.5549799434,-0.3932877422,0.18777682,0.06499043,-0.006686639,0.41999403,-0.10810681,4,0,4
269,-0.07568269992,-0.05437918671,-0.6077859505,0.1749685446,0.3481215528,-0.4964393101,-0.003941720756,0.016463624,-0.025290668,-0.03324277,0.23179007,-0.055997007,0,2,0
270,-0.05618889837,-0.0489861247,-1.21126606,0.5751004164,0.6180444786,-0.5422056364,-0.6107515241,0.24900995,0.09949553,-0.102540165,0.34966114,-0.12460302,4,0,4
271,-0.07568269992,-0.0508324341,0.5991742694,0.4841982526,0.5162950337,1.510579675,0.8512878285,-0.32818484,-0.121949255,0.06909466,0.35843253,-0.31497973,2,3,2
272,-0.0649770876,-0.03770448155,0.5991742694,0.392886298,0.5767590107,0.8367255183,0.7870452145,-0.23285703,-0.14814031,0.06152253,0.3540396,-0.2633955,0,2,0
273,-0.06793311488,-0.05210055864,-0.6077859505,0.3984592255,0.5180991277,0.828941013,-0.6399735857,0.1797792,0.07516539,-0.04578788,0.2575853,-0.09857723,4,0,4
274,-0.07544302204,-0.05493183904,0.5991742694,-3.055399464,-2.303363299,-0.7247974588,-0.7072697442,0.70968044,-0.36038116,-0.12096605,0.1768687,-1.2531629,1,4,1
275,-0.06154170454,-0.05493183904,1.806134489,-0.004628753836,-0.567458472,1.916680834,1.761924492,-0.63533705,-0.063621804,0.0504992,0.4303103,-0.42558572,2,3,2
276,-0.02295356458,-0.03745697238,0.5991742694,0.6084671947,0.8238010674,-0.3502355017,-0.5092759189,0.24574247,0.019895203,0.05279039,0.33477896,-0.12303819,4,0,4
277,-0.07568269992,-0.05379507571,1.202654379,0.5743925907,0.7857501094,-0.04576904252,-0.2630992783,0.14696643,-0.011178589,0.06697734,0.3371095,-0.13951337,4,0,4
278,-0.06977064535,-0.05144332749,1.202654379,0.3080248246,0.4091429127,1.916680834,0.8271148715,-0.374065,-0.16594209,0.057649285,0.32923383,-0.2946697,2,3,2
279,0.1080703475,-0.02589633589,-0.6077859505,0.5855510365,0.5930577829,0.9883980147,-0.3525967459,0.06687601,0.10763855,-0.030743726,0.33319378,-0.12998864,4,0,4
280,-0.06697440333,0.008283297655,-0.004305840521,0.535040203,0.7112142245,0.5159334404,-0.1521788384,0.06905845,-0.009027302,0.04057087,0.3210459,-0.13814789,0,2,0
281,-0.05914492566,-0.05456198709,1.202654379,0.6107655118,0.5378260675,-0.7247974588,-0.7072697442,0.3271289,0.06781744,0.07145375,0.3834651,-0.1389321,4,0,4
282,-0.07064946428,-0.05478049732,0.5991742694,0.3762793048,0.006621235816,-0.7247974588,-0.7072697442,0.28558666,0.08984181,0.014693916,0.26535422,-0.12139206,4,0,4
283,-0.01184848911,-0.03349232959,0.5991742694,0.427924329,0.6510665779,0.7899374311,0.893965921,-0.2589801,-0.17848761,0.07531104,0.38851565,-0.27303827,2,3,2
284,-0.07568269992,-0.05493183904,-0.6077859505,0.2228665149,0.4162241627,-0.323680128,0.3649464465,-0.10213045,-0.07112112,-0.0016447008,0.27134734,-0.11056739,0,2,0
285,-0.07568269992,-0.05493183904,-0.6077859505,0.1940566841,-1.424493338,-0.7247974588,1.761924492,-0.5489915,-0.042557597,-0.09024967,0.5391337,-0.36198977,2,3,2
286,-0.03046347173,-0.04927778059,0.5991742694,0.6000104855,0.7911132108,0.5936171068,0.02310774861,0.029315278,-0.04165232,0.049561277,0.36096185,-0.17818722,0,2,0
287,-0.07568269992,-0.05493183904,-0.004305840521,0.1310767886,-0.1125832916,0.5978121668,-0.008136972623,-0.021483697,0.054872323,-0.008817311,0.12037746,-0.092428,0,2,0
288,-0.0510757701,-0.05271527808,1.202654379,0.4985629618,0.7203112521,0.06676108276,0.08325481479,0.019466393,-0.0599163,0.065129295,0.34504193,-0.16903368,0,2,0
289,-0.07520334415,-0.05493183904,-0.004305840521,-2.227588243,-1.622586598,-0.7247974588,-0.7072697442,0.58755016,-0.1983065,-0.10587299,0.20708832,-0.91866887,1,4,1
290,-0.06042320773,-0.05158225578,1.202654379,0.3499951672,0.4012293743,1.512562407,0.1736401809,-0.1385504,-0.050070595,0.07767892,0.26394412,-0.19609709,0,2,0
291,-0.01009085126,-0.04388686967,-0.004305840521,0.8371746183,0.9277418449,-0.7001669511,-0.6667995033,0.321791,0.061155632,0.0088539515,0.4467479,-0.12051724,4,0,4
292,-0.07496366626,-0.05306729551,1.806134489,0.3422570997,0.5119992561,-0.04893296175,-0.1615016221,0.10521391,-0.03813368,0.100720644,0.3328439,-0.15596065,4,0,4
293,-0.05890524777,-0.05040944251,0.5991742694,0.6987796236,0.8404430835,-0.5193005275,-0.541558335,0.27556902,0.025400873,0.053063773,0.3798343,-0.13645713,4,0,4
294,-0.04052994303,-0.0532925872,0.5991742694,0.645932635,0.7677006875,0.1868954577,-0.009691068758,0.05380816,-0.008573063,0.04891043,0.35185686,-0.16503933,0,2,0
295,-0.03126239803,-0.03612839618,0.5991742694,0.5256563243,0.6715261595,1.141520734,0.6952035452,-0.24102515,-0.12879649,0.06007465,0.36647928,-0.26854163,0,2,0
296,-0.07568269992,-0.04990610378,0.5991742694,0.3276030209,0.5084207557,1.522516107,0.7103484164,-0.28981623,-0.16165608,0.05511692,0.31034186,-0.2633856,2,3,2
297,-0.04931813225,-0.05365478704,-0.6077859505,0.6374958932,0.7574619874,-0.07680471054,0.01892825965,0.024086975,-0.007979542,0.008795649,0.3680814,-0.16177168,0,2,0
298,-0.05970417406,-0.05257471733,1.806134489,0.3647156874,0.5027058795,0.3700745094,0.4687502614,-0.11709918,-0.101585396,0.08497161,0.4032051,-0.22069022,0,2,0
299,-0.04795995755,-0.009004729999,1.202654379,0.1610878889,0.2760668,1.916680834,1.761924492,-0.6086805,-0.28089917,0.037837267,0.4348886,-0.37361225,2,3,2
300,-0.06849236329,-0.05186745329,-0.6077859505,0.3367525579,0.506960443,-0.2291744616,0.3405878051,-0.099480435,-0.055018183,0.012286976,0.29007155,-0.12405141,0,2,0
301,-0.06617547704,-0.0489973733,-0.6077859505,0.2973798294,0.3748154306,1.71023497,0.2832022958,-0.15809968,-0.054873154,0.03065117,0.26634058,-0.20317385,0,2,0
302,-0.07336581367,-0.05039583876,1.202654379,0.3261097962,0.5146908262,0.374189174,0.1508542617,-0.018387958,-0.05927937,0.049013972,0.29338306,-0.18642479,0,2,0
303,-0.003859226175,-0.01183449698,0.5991742694,0.4220495014,0.5498807942,0.6124627397,1.761924492,-0.51044637,-0.30165997,0.146723,0.5193516,-0.44032001,2,3,2
304,-0.06537655074,-0.04673983105,-0.6077859505,0.5561542048,0.7595705769,-0.3710142469,-0.2988615941,0.14411539,-0.0049511082,-0.020803966,0.323358,-0.10578178,4,0,4
305,-0.06122213402,-0.009044418939,-1.21126606,0.750423214,0.8644318308,-0.3946391905,-0.3166097982,0.121075965,0.039085887,-0.07453084,0.3996328,-0.0994077,4,0,4
306,-0.03709455997,-0.01318448208,-0.004305840521,0.7644203673,0.8402473222,0.2099334459,-0.3261278324,0.14362961,0.069266975,0.0086407345,0.39502674,-0.1481719,4,0,4
307,-0.06106234876,-0.04533310981,-1.21126606,0.6031954103,0.703591884,-0.5949891811,0.1567522186,-0.048613485,-0.035601918,-0.05486715,0.43179744,-0.11682205,0,2,0
308,-0.06066288561,-0.05314209572,-0.004305840521,0.6874776533,0.7825943141,-0.534693186,-0.5201389412,0.25810465,0.043122955,0.0077918223,0.37066472,-0.12438282,4,0,4
309,-0.04396532609,-0.04799392672,-0.6077859505,0.7047683853,0.8145882319,-0.2060199582,-0.4849697924,0.1966109,0.06852264,-0.04643079,0.35521168,-0.11218996,4,0,4
310,-0.07496366626,-0.05493183904,1.806134489,-0.7773972246,-2.303363299,-0.7247974588,-0.7072697442,0.52318066,-0.06583311,-0.06674588,0.3531211,-0.6871149,3,1,3
311,-0.06130202665,-0.03615628387,1.202654379,0.1356017933,0.2959810534,1.367584512,1.65835938,-0.5258212,-0.27512336,0.046354502,0.4413163,-0.37990558,2,3,2
312,0.1400273992,0.008283297655,-0.004305840521,0.7757290021,0.9126784675,-0.2594116626,-0.404591784,0.17309171,0.093586944,-0.014752008,0.41478142,-0.11384757,4,0,4
313,0.01219919232,-0.05223277008,0.5991742694,0.5241561476,0.6026890873,1.018270979,0.4821193094,-0.17698221,-0.071216926,0.0460497,0.32564065,-0.22369412,0,2,0
314,-0.05203448165,-0.05403909296,1.202654379,0.5409589173,0.600740594,0.3220161202,0.376929816,-0.09349814,-0.02811196,0.059971437,0.36402702,-0.21699643,0,2,0
315,-0.07144839057,-0.03062783139,-0.6077859505,0.4941889381,0.6708543389,-0.2592766436,0.1716930922,-0.024460688,-0.048055615,0.025734529,0.3381309,-0.14833365,0,2,0
316,0.1400273992,-0.04371014846,-0.6077859505,0.7583814327,0.8567192133,-0.1439685185,-0.2810614306,0.10060071,0.086867034,-0.05838854,0.40981817,-0.102044836,4,0,4
317,-0.02910529704,-0.007383679984,-0.6077859505,0.5151247075,0.6011368382,0.7201258996,1.271655892,-0.4264274,-0.17262329,0.14015618,0.43202615,-0.37273735,2,3,2
318,-0.07568269992,-0.05367000623,0.5991742694,0.3112519122,0.5034047453,0.4697203381,0.3067808697,-0.06750485,-0.073322766,0.03135462,0.25668496,-0.17384921,0,2,0
319,0.04415624404,-0.04847771006,0.5991742694,0.5701201887,0.7088855102,0.1496866425,0.3506430648,-0.06045881,-0.03515933,0.050453514,0.3597943,-0.1800347,0,2,0
320,0.04415624404,-0.0545968467,0.5991742694,0.6009791459,0.6328507853,0.7523365561,0.2352946643,-0.07341921,-0.010063127,0.03757087,0.32387674,-0.18840544,0,2,0
321,0.1320381363,-0.05395066859,1.202654379,0.607611741,0.6877363147,-0.7247974588,-0.3381629966,0.19891638,0.009564009,0.056856677,0.41984975,-0.124022424,4,0,4
322,-0.07544302204,-0.05463085607,-2.41822628,-1.683203216,-2.303363299,-0.7247974588,-0.7072697442,0.58300364,-0.10012067,-0.1319404,0.40998894,-1.261759,1,4,1
323,-0.001382554666,-0.03791958489,0.5991742694,0.5253440244,0.7275526932,1.260588137,0.2522161524,-0.12534961,-0.088675775,0.057222962,0.32445565,-0.17922977,0,2,0
324,0.1400273992,-0.03952015106,-0.004305840521,0.769359355,0.8490102523,0.009755645079,-0.2198844548,0.09439988,0.098039195,-0.008525142,0.41115248,-0.13144289,4,0,4
325,-0.07568269992,0.008283297655,1.202654379,0.2769820015,0.4041722893,1.916680834,1.761924492,-0.6081636,-0.2804176,0.047225475,0.47667038,-0.40743124,2,3,2
326,-0.02894551178,-0.04523381094,-0.6077859505,0.4784059783,0.6386679398,-0.6312549676,-0.1052149417,0.06266359,-0.019379236,0.000819847,0.33394387,-0.08858941,0,2,0
327,-0.07376527682,-0.05493183904,1.202654379,-0.2316658358,-1.312462107,-0.7247974588,0.7851871023,-0.12596941,-0.12017475,-0.0395689,0.36390316,-0.28840747,0,2,0
328,0.1000810846,-0.05222979511,-0.6077859505,0.6136301659,0.8382629469,-0.6303566378,-0.3978874566,0.1763555,0.0104716495,-0.015400521,0.387139,-0.08332677,4,0,4
329,-0.05890524777,-0.05422104312,1.202654379,0.5762275887,0.7063329773,1.044834597,0.1449060787,-0.059067696,-0.06211955,0.07649252,0.36926073,-0.22289965,0,2,0
330,-0.07400495471,-0.04424014205,0.5991742694,0.325313325,0.6070627858,-0.4063960817,-0.2282438529,0.14840868,-0.035608392,0.03007073,0.25482315,-0.10886047,4,0,4
331,-0.07568269992,-0.05493183904,-1.21126606,-1.498508037,-1.622586598,-0.7247974588,-0.7072697442,0.48752367,-0.10540662,-0.022713557,0.2871747,-0.87275046,3,1,3
332,-0.02335302773,-0.03726949571,-0.004305840521,0.543685224,0.6580440777,0.7126589711,0.2639552423,-0.07545403,-0.02749553,0.062079184,0.33351856,-0.18613183,0,2,0
333,-0.0696108601,-0.04973087048,1.202654379,0.4293117953,0.6583086596,0.4552515463,-0.2611080534,0.116092935,-0.023330096,0.053349525,0.30334577,-0.15920025,4,0,4
334,0.1400273992,-0.01917863427,-0.6077859505,0.6690152201,0.8176724564,-0.3560853895,0.06024933008,-0.015699908,0.016373556,0.011823058,0.41005024,-0.12452032,0,2,0
335,-0.07560280729,-0.05369644852,-2.41822628,-0.4529680108,-0.07664281507,-0.7247974588,-0.7072697442,0.44847018,-0.024488628,-0.23713288,0.34545854,-0.51044405,3,1,3
336,-0.07568269992,-0.05493183904,-0.004305840521,0.5538102975,0.675675103,-0.4336831754,-0.4205444625,0.21600783,0.027612405,0.0055707986,0.3130401,-0.11892876,4,0,4
337,-0.05035673643,-0.001295111823,0.5991742694,0.3080248246,0.515897025,0.6133285836,1.063676611,-0.29814333,-0.19420953,0.08305898,0.36653966,-0.28363776,2,3,2
338,-0.06665483281,-0.04984063573,-1.21126606,0.1726533518,-0.1947061616,-0.0361300981,-0.3432394882,0.13471861,0.17105603,-0.14789507,0.2120314,-0.21329664,4,0,4
339,-0.07104892742,-0.05419284935,-1.21126606,0.5498466123,-0.07664281507,-0.7247974588,-0.7072697442,0.294091,0.1615756,-0.14936838,0.41694334,-0.24864231,4,0,4
340,-0.02151549725,-0.04608345013,-1.21126606,0.649067916,0.780344771,-0.7247974588,-0.6383689289,0.27617136,0.06151334,-0.09099686,0.41340566,-0.10888374,4,0,4
341,-0.07320602841,-0.05493183904,1.202654379,-0.2729786225,0.05888736971,-0.0361300981,-0.7072697442,0.30331367,0.012071222,0.07333404,0.17617944,-0.15379657,4,0,4
342,-0.07568269992,-0.05493183904,1.202654379,0.6642826404,0.8292407919,-0.7247974588,-0.4555536322,0.26984438,-0.022151861,0.07691787,0.4429416,-0.15115483,4,0,4
343,-0.065536336,-0.05283558624,1.202654379,0.4749060458,0.6465599731,0.6785487889,0.4518465437,-0.12546287,-0.09541999,0.0665627,0.37220213,-0.24899653,0,2,0
344,-0.07568269992,-0.0542873614,-0.004305840521,0.354458783,0.6005665207,0.7893888019,-0.09093515647,0.03793697,-0.047417425,0.043403134,0.2672407,-0.13981539,0,2,0
345,-0.0442848966,-0.05429416327,0.5991742694,0.3077219207,0.4148557037,-0.1741177674,-0.1640834526,0.09117356,0.021112695,0.015166469,0.19224444,-0.10474978,4,0,4
346,0.08410255869,-0.05013804771,0.5991742694,0.7706396462,0.7306246858,0.04588870652,-0.1784199777,0.08171575,0.094627365,0.02409824,0.36137366,-0.13413788,4,0,4
347,-0.04915834699,-0.04595443556,-0.004305840521,0.5073037583,0.8266633287,-0.6860113039,-0.3868627321,0.23453915,-0.05082192,0.02505231,0.3628628,-0.11131738,4,0,4
348,-0.04987738066,-0.04918170411,-0.6077859505,0.4926288616,0.7151928046,0.376550939,0.3305231656,-0.095495015,-0.066710606,0.040820733,0.33799416,-0.20260207,0,2,0
349,-0.06969075272,-0.05362247813,-0.6077859505,0.2561296337,0.3070516901,-0.7247974588,0.183694281,-0.029280778,-0.067595154,-0.021989077,0.31251365,-0.0847419,0,2,0
350,-0.05507040156,-0.04396088258,0.5991742694,0.3041078127,0.4316332217,-0.7247974588,0.4003109857,-0.036153637,-0.14424154,0.048660986,0.3638594,-0.14265649,0,2,0
351,-0.0742446326,-0.02032326226,1.202654379,0.07197224767,0.1094062936,-0.2468721656,-0.454637956,0.2110801,0.030800834,0.031359166,0.20345756,-0.10776233,4,0,4
352,-0.07568269992,-0.05326622994,-0.004305840521,0.5193319517,0.7316854049,0.3128777277,-0.03784916051,0.05198852,-0.027526319,0.029250927,0.3221294,-0.14920758,0,2,0
353,-0.06202106031,-0.05001748448,0.5991742694,0.2151728268,0.3256524104,1.916680834,-0.06659568252,-0.08050203,-0.03890688,0.057162732,0.24416563,-0.15815884,0,2,0
354,-0.07568269992,-0.05427120694,-0.004305840521,0.5954948319,0.009850444097,0.01016883391,-0.7072697442,0.19057155,0.21232246,-0.02955437,0.23181911,-0.12509874,4,0,4
355,0.06812403283,-0.05179702498,1.202654379,0.6548261195,0.5774049541,-0.3805846908,-0.1892608646,0.11431432,0.06796417,0.04657665,0.3650987,-0.13493066,4,0,4
356,-0.06242052346,-0.05485956912,-0.6077859505,0.4340987652,0.5283011631,-0.002583305486,-0.3255066201,0.11511042,0.060627572,-0.035081007,0.24890465,-0.1122361,4,0,4
357,-0.04660178285,-0.05429650992,-0.004305840521,0.6372356734,0.7429046468,0.2596306535,-0.2372172362,0.11258686,0.037900336,0.018390927,0.34923849,-0.14656416,4,0,4
358,-0.07568269992,-0.05335552155,1.806134489,0.1317059749,0.3463765762,-0.3922474874,-0.5314834966,0.27514493,-0.028679736,0.11656803,0.30686074,-0.1480599,4,0,4
359,-0.07448431048,-0.05394726765,-0.6077859505,-0.2389722531,-0.1391206938,1.311583956,-0.7072697442,0.24477851,0.06662587,-0.051006958,0.11285058,-0.17431922,4,0,4
360,-0.06082267087,-0.05210395958,-0.004305840521,0.4841982526,0.6571390525,1.485514782,0.3156352183,-0.1590693,-0.07570362,0.08216319,0.3395862,-0.2062383,0,2,0
361,-0.01568333531,0.008283297655,1.202654379,0.674216386,0.8346738397,-0.1928007472,-0.1225869882,0.098161615,-0.008657623,0.068553835,0.3803419,-0.13865876,4,0,4
362,-0.05842589199,-0.0524218622,1.202654379,0.3848716465,0.2370970091,-0.02652646203,1.283056275,-0.3535455,-0.1066447,0.098798215,0.44653088,-0.3211435,2,3,2
363,0.01219919232,-0.04623297574,-0.004305840521,0.5204442313,0.7127966366,0.5048956588,0.7463060383,-0.19883734,-0.11788571,0.114328474,0.4183343,-0.27855927,0,2,0
364,-0.07568269992,-0.05344903032,-0.004305840521,0.5039105819,0.49701207,-0.02652646203,-0.1433704625,0.09006787,0.052882425,0.013015745,0.27020735,-0.1476138,4,0,4
365,0.08410255869,-0.0521613504,-0.6077859505,0.6709744442,0.7762764682,0.07383643831,0.2399759841,-0.07575613,0.011564192,0.029114455,0.407605,-0.17352721,0,2,0
366,-0.06777332962,-0.05465891381,-1.21126606,0.688007551,0.8031667294,-0.7247974588,-0.7072697442,0.3016849,0.07487202,-0.0854412,0.41463548,-0.11313529,4,0,4
367,-0.07120871268,-0.05197514907,0.5991742694,0.5056300584,0.6583124321,0.6471142089,-0.1214110533,0.05739665,-0.023029208,0.043659583,0.3032079,-0.16577871,0,2,0
368,-0.03613584842,-0.05121036327,-1.21126606,0.5397678716,0.6764016814,0.7119896545,0.09621243689,-0.046827808,0.027571786,-0.06394543,0.34163904,-0.21604773,0,2,0
369,-0.05858567725,-0.05427375765,0.5991742694,0.7687978366,0.8664044404,-0.6488092763,-0.7072697442,0.3379423,0.053973217,0.049592197,0.41129088,-0.12981828,4,0,4
370,0.1400273992,-0.0447070746,0.5991742694,0.6043517708,0.7933364507,0.3042565981,0.1361316071,-0.02039072,-0.0027963752,0.032708943,0.35246956,-0.14049251,0,2,0
371,0.1400273992,-0.01058531566,-0.004305840521,0.7715585794,0.8566032591,0.2148250497,-0.2205525187,0.08666946,0.09922613,-0.006550554,0.41496265,-0.13162184,4,0,4
372,-0.06082267087,-0.0501786719,0.5991742694,0.2752448649,0.2370970091,-0.3502192373,1.546939896,-0.41711372,-0.24735528,0.084360704,0.47978535,-0.3347822,2,3,2
373,-0.06178138242,-0.05493183904,-0.6077859505,0.8059396328,0.8529335038,-0.5364510079,-0.5553959491,0.23493661,0.06612016,-0.026298024,0.40400106,-0.1114776,4,0,4
374,-0.06210095294,-0.05493183904,0.5991742694,0.5466156053,0.05888736971,-0.0361300981,-0.7072697442,0.20272502,0.17454989,-0.020088464,0.20716941,-0.1229727,4,0,4
375,-0.0742446326,0.008283297655,-2.41822628,0.1764709138,0.1933403709,-0.7247974588,-0.7072697442,0.39276943,0.07436332,-0.27637646,0.4213876,-0.37544745,3,1,3
376,-0.07568269992,-0.05417513046,0.5991742694,0.397402865,0.5683046712,-0.7247974588,-0.7072697442,0.33136827,0.028277755,0.03882122,0.31396174,-0.109537035,4,0,4
377,-0.05443126053,-0.04947078379,-0.6077859505,0.731892124,0.8905205353,-0.6670942302,-0.4814365077,0.22375527,0.0035245223,-0.013122521,0.41442078,-0.09783158,4,0,4
378,-0.07488377363,-0.05482555974,-0.004305840521,0.5949887318,0.7268080262,-0.4479202363,-0.5609121673,0.2651501,0.04444117,0.005633857,0.32361838,-0.12010591,4,0,4
379,-0.06289987923,-0.04082117117,-0.004305840521,0.2872776594,-0.3001506268,-0.7247974588,1.203535788,-0.35038838,-0.12573864,0.06828757,0.4348303,-0.17701805,2,3,2
380,-0.05650846889,0.008283297655,1.202654379,0.3145192422,0.7498779276,-0.1293683677,-0.05141814934,0.07857689,-0.1042795,0.0652473,0.3058563,-0.13067652,0,2,0
381,-0.07568269992,-0.04899073212,-1.21126606,0.7211215762,0.8211058573,-0.3693592737,-0.4652481355,0.17939518,0.07206021,-0.08382742,0.37991557,-0.11461826,4,0,4
382,-0.008333213416,-0.03875868118,-0.6077859505,0.5996670284,0.5912253019,0.70585577,1.437687321,-0.47652984,-0.1627414,0.15085462,0.4786298,-0.41585582,2,3,2
383,-0.02990422333,-0.001632056296,1.806134489,0.5196210144,0.7221446418,0.6719774244,0.5748331479,-0.15766644,-0.12989734,0.09305972,0.46824682,-0.26870933,0,2,0
384,-0.07120871268,-0.05030996509,-0.6077859505,0.6232023319,0.4829062255,-0.7247974588,-0.7072697442,0.274737,0.106875405,-0.03449463,0.3592428,-0.115608096,4,0,4
385,0.07611329576,-0.05114310123,0.5991742694,0.3678886146,0.5305924419,0.8975794009,1.568527904,-0.47628814,-0.2488356,0.11972885,0.4573452,-0.37393716,2,3,2
386,0.0601347699,-0.0531634366,-0.6077859505,0.4624802866,0.5663626542,0.3714369044,0.4084678956,-0.13966519,-0.0139352,0.03811413,0.31275934,-0.19527984,0,2,0
387,-0.04013047988,-0.05381037992,0.5991742694,0.5949838934,0.720847779,0.5133895347,-0.4803611324,0.16759513,0.038511556,0.045273855,0.32813564,-0.13695031,4,0,4
388,-0.03797337889,-0.02134928257,-0.6077859505,0.6420784785,0.8143050228,-0.04567760959,-0.4833739892,0.19025406,0.06202178,-0.051114358,0.34308106,-0.11150253,4,0,4
389,-0.05914492566,-0.04590745161,-0.004305840521,0.1785993603,0.6323944402,0.2857740675,-0.1730806241,0.10451119,-0.074571766,0.012300611,0.22097458,-0.11439708,4,0,4
390,-0.056268791,-0.04421905624,1.806134489,0.4114587356,0.6212835881,0.95141846,0.9626629549,-0.29257077,-0.18445052,0.091029376,0.48402265,-0.32460758,2,3,2
391,-0.03270046536,-0.05369984946,1.806134489,0.3703134648,0.5639113657,-0.4744476958,0.2783244713,-0.003644891,-0.14086092,0.11097661,0.43500167,-0.17844746,0,2,0
392,-0.074803881,-0.05493183904,-0.004305840521,-0.3484438034,-2.303363299,-0.7247974588,-0.7072697442,0.37767178,0.03507228,-0.08938319,0.31435212,-0.66763234,3,1,3
393,0.0601347699,-0.05355020821,1.202654379,0.5529095171,0.4594514876,-0.14596636,-0.4012990462,0.14998862,0.10474555,0.04377705,0.27852428,-0.11644964,4,0,4
394,0.1400273992,-0.02183631381,-0.004305840521,0.6956902932,0.8409081848,0.09405939535,0.0889293102,0.002542749,0.031694185,0.017889604,0.40288615,-0.14216457,0,2,0
395,0.02018845525,-0.0196224566,1.202654379,0.589953417,0.6474965461,0.1650881547,1.129895228,-0.29710114,-0.13293025,0.11548714,0.50299895,-0.31318513,2,3,2
396,-0.07568269992,-0.04741151618,-0.004305840521,0.5647635707,0.7176379884,-0.02575781738,0.003443481536,0.06077071,-0.017795896,0.0340245,0.35073596,-0.17234147,0,2,0
397,-0.07448431048,-0.05437068436,-1.21126606,0.1815950324,0.1697180072,-0.2852981447,-0.474949967,0.20972751,0.09434882,-0.12911372,0.2307806,-0.18495971,4,0,4
398,0.1080703475,-0.0223253516,-1.21126606,0.5743925907,0.7380950296,-0.2462156965,0.029510942,-0.020539552,0.017819036,-0.07487248,0.37780452,-0.11731298,0,2,0
399,-0.07568269992,-0.05457474061,0.5991742694,-0.9782954669,-0.9956014258,1.916680834,-0.1220300051,-0.030293614,-0.07481239,-0.06740847,-0.003589213,-0.26510006,0,2,0
400,-0.07568269992,-0.05362052259,1.202654379,0.5742203649,0.5996857902,-0.7247974588,-0.3905033661,0.22928345,0.0062078647,0.053842887,0.40294653,-0.15461643,4,0,4
401,0.03616698111,-0.0300929107,0.5991742694,0.6815169924,0.7768951029,-0.02805790449,0.02288385577,0.038670935,0.017584411,0.0386191,0.3652416,-0.15553902,0,2,0
402,-0.04076962092,-0.05493183904,-1.21126606,0.6553446979,0.7230230198,-0.7247974588,-0.4952387217,0.21336941,0.056602124,-0.09181686,0.41380876,-0.0951806,4,0,4
403,-0.06673472544,-0.04645398226,1.202654379,0.1131283486,0.1872941239,1.916680834,-0.1370560181,-0.07066032,-0.044987105,0.095446646,0.21807799,-0.18157592,0,2,0
404,0.1400273992,0.008283297655,-0.6077859505,0.6789340423,0.8150970326,0.2379752534,-0.01501707938,-0.0018730685,0.062400024,-0.034807034,0.39763215,-0.12441176,0,2,0
405,-0.07296635053,-0.05493183904,-0.6077859505,0.2323560383,0.3681749408,0.3937519154,-0.3905033661,0.1299586,0.050431777,-0.049307823,0.21322098,-0.11568312,4,0,4
406,-0.03437821057,0.008283297655,1.202654379,0.5933136447,0.7426227953,1.103180356,0.1051816626,-0.053981647,-0.06264009,0.07187778,0.3700897,-0.20481397,0,2,0
407,-0.07568269992,-0.05493183904,0.5991742694,-1.683203216,-1.174894379,-0.7247974588,-0.7072697442,0.52929866,-0.15417512,-0.03340906,0.23219219,-0.6864853,3,1,3
408,0.1000810846,-0.04732343191,1.806134489,0.7609940832,0.8908618629,-0.4615317887,-0.4963146655,0.2527877,0.02555339,0.12510338,0.46733078,-0.15211931,4,0,4
409,-0.07160817583,-0.05159296873,-0.6077859505,0.2340252368,0.5019276873,-0.3139778362,-0.08855812177,0.058990415,-0.027254056,-0.025298454,0.22374259,-0.080559164,0,2,0
410,-0.07528323678,-0.05446336161,-0.004305840521,0.227887557,0.006621235816,-0.7247974588,-0.7072697442,0.26876694,0.060921412,-0.024784135,0.23707446,-0.100999,4,0,4
411,-0.002421158847,-0.05491058318,-0.004305840521,0.6749157542,0.8423613199,-0.01282518302,-0.1545071611,0.10893648,0.019437712,0.013746036,0.38562456,-0.15173359,4,0,4
412,-0.07568269992,-0.05489357849,0.5991742694,0.3035808307,0.6021110505,0.7991269353,-0.5777972283,0.18897434,-0.0038193315,0.0416463,0.2629575,-0.12373394,4,0,4
413,-0.07568269992,-0.04308537076,-1.81474617,0.7226624883,0.7908762314,-0.6296263881,-0.656962221,0.2823417,0.10669065,-0.17510626,0.44760948,-0.1493797,4,0,4
414,-0.05610900574,-0.05493183904,1.202654379,-0.004179034129,-0.02693788844,1.688798282,1.761924492,-0.60016406,-0.2312205,0.03422755,0.38992098,-0.37585074,2,3,2
415,-0.05666825415,-0.05493183904,-0.004305840521,0.3658481354,-2.303363299,-0.7247974588,-0.7072697442,0.35072884,0.14060508,-0.122875035,0.42871648,-0.6415472,3,1,3
416,-0.07096903479,-0.04336321034,0.5991742694,0.4782404266,0.5357104284,-0.6320485333,0.4304303099,-0.04685377,-0.10878328,0.061321564,0.4105763,-0.17986876,0,2,0
417,-0.06833257803,0.008283297655,0.5991742694,0.3891635474,0.5849695034,1.025618303,0.8694053001,-0.2745743,-0.16908264,0.058096714,0.35554913,-0.27002963,2,3,2
418,-0.07304624316,-0.05380442828,-0.6077859505,0.5901507687,0.726603947,-0.3605836229,-0.4134338231,0.17423683,0.035171337,-0.026199661,0.3097437,-0.09915352,4,0,4
419,-0.07120871268,-0.05454583264,-0.6077859505,0.4203172227,0.4888849442,0.9938036818,0.955646735,-0.33607864,-0.09964448,0.10979672,0.3385477,-0.310749,2,3,2
420,-0.04292672191,-0.008109433226,-0.004305840521,0.6641065658,0.8420971427,-0.2792003113,-0.2564102877,0.1512891,0.003570159,0.0150411185,0.37557703,-0.13259193,4,0,4
421,-0.07408484734,-0.04669476863,1.806134489,-0.4067516426,-2.303363299,-0.7247974588,-0.7072697442,0.49093828,-0.014381118,-0.09121251,0.39543462,-0.65876234,3,1,3
422,-0.07568269992,-0.04897176339,-1.21126606,0.8529349142,0.8955537534,-0.6448681914,-0.3549792403,0.15159802,0.04543598,-0.06956141,0.46656132,-0.0983666,4,0,4
423,-0.01959807415,-0.01003134122,-0.6077859505,0.5080332047,0.6082120435,0.5800519517,1.304982684,-0.42726266,-0.18388066,0.13913232,0.44459432,-0.3683765,2,3,2
424,0.004209929385,-0.04379121831,-0.004305840521,0.4334095243,0.6203275198,0.6042325505,-0.00474315137,0.007381618,-0.022432994,0.039056778,0.2784976,-0.13582316,0,2,0
425,-0.04931813225,0.008283297655,0.5991742694,0.1785993603,0.467868351,1.916680834,1.395119954,-0.4980448,-0.282304,0.06788145,0.3709957,-0.3358394,2,3,2
426,-0.07240710212,-0.052678718,0.5991742694,0.1952768951,0.5292703442,0.7483250078,0.2779718783,-0.06625892,-0.12643482,0.025521874,0.26285756,-0.18639004,0,2,0
427,-0.02998411596,-0.04645372719,0.5991742694,0.679865262,0.761872117,0.3615466341,-0.1660595016,0.088401295,0.021947335,0.045013823,0.35716662,-0.15926386,4,0,4
428,-0.02766722971,-0.03523190908,-0.004305840521,0.4098209912,0.6002432698,1.387239798,0.3216329821,-0.15328011,-0.08298208,0.06634796,0.31098214,-0.18953586,0,2,0
429,0.02018845525,-0.04994461429,0.5991742694,0.5286015441,0.6607384535,1.324389439,0.6300750422,-0.2533458,-0.114731,0.05748959,0.35300967,-0.24659212,0,2,0
430,-0.05882535514,-0.05246874412,-1.21126606,0.5067404411,0.6284866586,0.02226517223,0.07484921548,-0.025148243,0.015584474,-0.079471186,0.3255409,-0.16180286,0,2,0
431,-0.07360549156,-0.05480430388,-0.6077859505,0.4809123421,0.6774035054,-0.6185251486,-0.3813790428,0.18048474,-0.005414933,-0.014694549,0.31357956,-0.08082384,4,0,4
432,-0.07528323678,-0.05493183904,1.202654379,-0.2460882372,-2.303363299,-0.7247974588,-0.7072697442,0.44041672,0.007544987,-0.10068369,0.36830288,-0.67450225,3,1,3
433,-0.04684146074,-0.05493183904,1.806134489,-0.2600129855,-2.303363299,-0.7247974588,-0.7072697442,0.47945857,0.004500188,-0.09945077,0.41599277,-0.6490044,3,1,3
434,-0.01096967018,-0.01841061757,1.806134489,0.422913853,0.6110114664,1.046851874,0.8966952699,-0.28327814,-0.17089766,0.08333543,0.47410995,-0.31030717,2,3,2
435,0.1400273992,-0.03280080849,0.5991742694,0.6737513353,0.6913995212,-0.4093528493,-0.540525408,0.22059712,0.11291928,0.010554656,0.34299454,-0.10107579,4,0,4
436,-0.07280656527,-0.05340229889,-0.6077859505,0.007075483494,0.3635028047,-0.6312549676,1.456520085,-0.42624998,-0.35276186,0.031031683,0.46732217,-0.178806,2,3,2
437,0.1400273992,-0.04940956691,0.5991742694,0.5676042787,0.5069369222,0.7355399768,-0.08195591164,-0.014289364,0.07234125,0.023879096,0.26792657,-0.1373631,0,2,0
438,-0.02910529704,-0.05039328806,0.5991742694,0.5833659319,0.7359603945,1.137199192,-0.03718266946,-0.017099798,-0.031624194,0.062075794,0.3267512,-0.16461721,0,2,0
439,-0.06625536966,-0.05493183904,-0.004305840521,0.5177827465,0.4088034652,-0.7247974588,-0.4999527781,0.21306807,0.056586362,0.0071576987,0.30996728,-0.100175396,4,0,4
440,-0.07568269992,-0.05418618351,0.5991742694,0.6667543117,0.6958038176,1.163075683,-0.0483639143,-0.022233099,0.010902263,0.06567845,0.33906138,-0.18385011,0,2,0
441,-0.03989080199,-0.0463699791,-1.21126606,0.6749157542,0.777033964,0.2034974929,0.2904529009,-0.10478201,-0.0054545794,-0.037850827,0.40522593,-0.21637845,0,2,0
442,-0.07160817583,-0.05493183904,1.202654379,0.1464563754,-2.303363299,-0.7247974588,-0.7072697442,0.40368515,0.04733361,-0.11380312,0.42821282,-0.6643648,3,1,3
443,0.05214550697,-0.02907278592,1.806134489,0.6838888879,0.8035494229,0.5772769106,-0.07864780287,0.028859273,-0.002054533,0.10515997,0.4173321,-0.19614115,0,2,0
444,-0.07568269992,-0.05493183904,-0.6077859505,-3.055399464,0.4088034652,-0.7247974588,-0.4999527781,0.81274265,-0.6286132,-0.15502977,0.27936697,-0.88571537,1,4,1
445,-0.07568269992,-0.05284872236,-0.6077859505,0.6551834567,0.8196579442,-0.7247974588,-0.6516348892,0.28943238,0.026969278,-0.010447882,0.38126814,-0.099335775,4,0,4
446,-0.002900514623,-0.0488696783,-0.004305840521,0.6039034203,0.848743638,-0.5253234471,-0.1543551394,0.12352614,-0.03740483,0.037490405,0.3973632,-0.13859782,4,0,4
447,-0.06897171906,-0.0527084762,-0.6077859505,0.07487634015,0.3712832812,-0.4206504347,1.117236834,-0.32568502,-0.24931376,0.019579962,0.38489687,-0.18111838,2,3,2
448,0.1400273992,-0.04997017744,-0.004305840521,0.7436961861,0.7708651478,0.3146818607,-0.2688045512,0.08730059,0.11796468,-0.0051262775,0.3936376,-0.13792056,4,0,4
449,0.1400273992,-0.0329158707,0.5991742694,0.5080332047,0.2407975837,-0.7247974588,-0.7072697442,0.26877233,0.1149231,0.022097819,0.30901682,-0.089555755,4,0,4
450,-0.07568269992,-0.05438257064,-2.41822628,-3.055399464,-2.303363299,-0.7247974588,-0.7072697442,0.73023367,-0.35421437,-0.1256576,0.18323284,-1.4468396,1,4,1
451,-0.07168806846,-0.0544285003,1.202654379,0.5328688348,0.5568252354,1.916680834,-0.2110534338,-0.053575456,0.007957801,0.09941837,0.31636012,-0.17500848,0,2,0
452,-0.0715282832,-0.04352807078,-0.6077859505,-2.227588243,-1.622586598,-0.7247974588,-0.7072697442,0.5907619,-0.1959875,-0.10160197,0.20098218,-0.9225782,1,4,1
453,-0.07400495471,-0.05222809379,-1.21126606,0.06375051789,-0.04214494595,-0.7247974588,0.2538843928,-0.042008076,-0.064118214,-0.11637367,0.33679718,-0.14099899,0,2,0
454,0.1080703475,0.008283297655,-1.21126606,0.7256562367,0.785808583,-0.4131259799,0.03952684631,-0.028259758,0.030883726,-0.061117142,0.44456446,-0.11677341,0,2,0
455,-0.07464409574,-0.05493183904,0.5991742694,-1.314956599,-2.303363299,-0.7247974588,-0.7072697442,0.45382768,-0.092727914,-0.010440722,0.22261381,-0.7787551,3,1,3
456,-0.07568269992,-0.05416662812,-1.21126606,0.1458201389,0.337873391,-0.4506253352,-0.2548023378,0.1404127,0.007888686,-0.10964364,0.2460395,-0.13301273,4,0,4
457,-0.0641781613,-0.05493183904,0.5991742694,0.6198899034,0.4962897065,0.4600691598,-0.4874515802,0.1424522,0.10099536,0.020723611,0.27071857,-0.13138823,4,0,4
458,-0.05371222686,-0.05335168699,0.5991742694,0.3397098007,0.5191157084,0.2238348912,0.8053011929,-0.19155829,-0.13461225,0.0715307,0.34978497,-0.24537896,0,2,0
459,-0.06545644337,-0.05249846832,0.5991742694,0.453088301,0.5872980619,0.8518918832,-0.1880715637,0.05243054,-0.016471969,0.04395406,0.2730846,-0.14853574,0,2,0
460,-0.05866556988,-0.05154365514,-0.6077859505,0.5210152859,0.6530446813,-0.2645298448,0.03617277481,0.01703659,-0.017704342,0.011610061,0.32650316,-0.13839494,0,2,0
461,-0.05171491113,-0.03845514751,0.5991742694,0.6316077342,0.8011505995,-0.3487599959,-0.1095976488,0.11796612,-0.026002727,0.047413863,0.37319857,-0.14873499,4,0,4
462,-0.06841247066,-0.05127413085,-0.6077859505,0.4701556532,0.6064695836,-0.574283055,0.6229335484,-0.15989593,-0.1355618,0.027814731,0.43851584,-0.16392252,0,2,0
463,-0.06993043061,-0.05493183904,-1.21126606,-0.2719145533,0.006621235816,-0.7247974588,-0.7072697442,0.36749607,-0.0050327145,-0.07100429,0.2764811,-0.3042077,4,0,4
464,-0.02407206139,-0.03221604281,1.806134489,0.1592072889,0.2501148562,1.916680834,1.761924492,-0.61417806,-0.2780382,0.060995013,0.49556935,-0.38975072,2,3,2
465,-0.05307308583,-0.04695155215,0.5991742694,0.6734768271,0.7909032425,0.6684570584,-0.1089956402,0.05894579,-0.0027313717,0.05084584,0.36458486,-0.1759916,0,2,0
466,-0.07496366626,-0.05472863302,-1.21126606,0.005660630631,0.139487936,-0.7247974588,-0.7072697442,0.3405319,0.032434236,-0.098225266,0.29948658,-0.23393902,4,0,4
467,-0.05970417406,-0.05410286054,1.202654379,0.6417746479,0.71715182,0.6952013457,-0.1695456347,0.058451667,0.0076714307,0.060556233,0.35991737,-0.18851548,0,2,0
468,0.1400273992,0.008283297655,0.5991742694,0.789695356,0.9107722711,-0.08282380819,-0.3449491399,0.14952445,0.08592354,0.025178835,0.39951915,-0.11943819,4,0,4
469,0.1400273992,-0.03829514191,-0.004305840521,0.5319795543,0.7441785358,0.6166871008,0.3603089161,-0.10893792,-0.046095222,0.04819731,0.34944385,-0.15166746,0,2,0
470,0.1400273992,-0.0416698836,1.202654379,0.6762074485,0.8708396004,0.03325524692,-0.406827802,0.16884935,0.058433145,0.059108242,0.3624285,-0.12530152,4,0,4
471,-0.06633526229,-0.01536288452,1.202654379,0.6609492138,0.7220513338,0.2975765665,0.003695948637,0.027961083,0.0053329095,0.064566046,0.3586916,-0.18338722,0,2,0
472,-0.05131544798,-0.05361397579,-0.6077859505,0.6286214891,0.6353084267,-0.5825831522,-0.4731190257,0.18948328,0.065447375,-0.02422192,0.34485093,-0.09719014,4,0,4
473,-0.05834599936,-0.03279343696,-0.004305840521,0.1216630503,0.2987514021,1.916680834,1.761924492,-0.62120146,-0.2847846,0.10604656,0.36285463,-0.40369266,2,3,2
474,-0.07568269992,-0.0544259496,-1.21126606,0.3513182235,0.49701207,-0.3502192373,0.06847139824,-0.02035187,-0.0052984804,-0.083466575,0.30127293,-0.11209559,0,2,0
475,-0.07568269992,-0.05136340546,-0.004305840521,-1.683203216,-1.174894379,-0.7247974588,-0.7072697442,0.5216125,-0.1254474,-0.053639896,0.24107188,-0.707376,3,1,3
476,-0.05467093842,-0.05493183904,0.5991742694,0.4233765028,0.1032741887,-0.07694123249,-0.7072697442,0.22306839,0.13539161,-0.006252557,0.197928,-0.13077134,4,0,4
477,0.09209182162,-0.04802159164,0.5991742694,0.2905399084,0.5932207798,0.7349301814,1.212749898,-0.3554087,-0.2437034,0.09242891,0.3907844,-0.27929747,2,3,2
478,-0.07568269992,-0.04757731188,-0.004305840521,0.448015894,0.5878215209,0.08107025319,-0.02958846161,0.057166383,-0.0027483036,0.021223877,0.27904117,-0.15089369,0,2,0
479,0.1320381363,-0.05399403054,0.5991742694,0.4486376562,0.4778396712,1.916680834,1.509497446,-0.5492869,-0.19451988,0.085863695,0.43440494,-0.37848562,2,3,2
480,-0.03453799583,-0.04239952071,1.202654379,0.4383850418,0.5213175499,1.882767077,1.602473185,-0.5696656,-0.22858743,0.057632983,0.49080884,-0.415274,2,3,2
481,-0.02127581936,-0.03945405384,-0.004305840521,0.6690152201,0.7339598783,-0.4112647458,0.4052233215,-0.04497431,-0.0673254,0.07827471,0.46216834,-0.2428143,0,2,0
482,-0.0298243307,-0.04323601528,0.5991742694,0.5615226492,0.7741451148,-0.3556932316,0.1611294916,0.022386175,-0.06307675,0.05486495,0.38430834,-0.16319042,0,2,0
483,-0.07184785372,-0.05095274226,1.202654379,0.6585283864,0.7018238846,0.5474011652,-0.5629819568,0.19675717,0.064781815,0.05665648,0.32065168,-0.14202845,4,0,4
484,-0.07512345152,-0.05409860937,-1.21126606,0.321907537,0.2454177561,-0.7247974588,-0.430433701,0.20487803,0.05344982,-0.119742125,0.34795898,-0.14065643,4,0,4
485,-0.06178138242,-0.04731969087,0.5991742694,0.4989782419,0.4263990881,-0.5861891726,0.4474829052,-0.06422181,-0.06653098,0.058804393,0.394458,-0.1793583,0,2,0
486,-0.07568269992,-0.05252057441,-0.6077859505,0.369014086,-2.303363299,-0.7247974588,-0.7072697442,0.35813263,0.18084437,-0.20347199,0.45063868,-0.65779626,3,1,3
487,-0.07472398837,-0.05340991954,0.5991742694,-0.02640977608,-0.8580784041,-0.7247974588,-0.7072697442,0.3091621,0.046161816,-0.0117351115,0.24200845,-0.2724081,4,0,4
488,0.02817771818,0.008283297655,1.202654379,0.4453639017,0.593501151,1.134358075,1.630574449,-0.496335,-0.25959,0.07420808,0.52441645,-0.41102883,2,3,2
489,-0.03349939165,-0.01069133988,0.5991742694,0.280228515,0.6202279584,1.911065201,0.4940927919,-0.23927033,-0.18214706,0.06308138,0.32549295,-0.22835183,0,2,0
490,-0.05658836152,-0.04999852425,-0.6077859505,0.6172170884,0.6065089847,-0.05945517714,0.3640432047,-0.101286165,-0.008257566,0.053247735,0.37187082,-0.2025003,0,2,0
491,0.06812403283,-0.04374108424,-0.6077859505,0.7559420808,0.7395688021,-0.696017305,0.2804464531,-0.07120507,-0.023843203,0.034186974,0.4837522,-0.1374567,0,2,0
492,0.06812403283,-0.01835258908,1.806134489,0.4841982526,0.5264704275,0.8928753569,1.399708324,-0.4264801,-0.17538506,0.085825235,0.5313854,-0.365731,2,3,2
493,-0.06753365173,-0.05071212594,-0.6077859505,0.4098209912,0.3757826493,-0.02825432651,1.108811134,-0.35261586,-0.10868799,0.07116711,0.39788878,-0.2665713,2,3,2
494,-0.0715282832,-0.0548170574,0.5991742694,-0.1196940051,-0.9942107113,-0.5825831522,1.761924492,-0.5332149,-0.18044157,0.07481141,0.43765977,-0.26329574,2,3,2
495,-0.06058299298,-0.04854232787,-0.6077859505,0.6887448272,0.8947582569,-0.6253815151,-0.6547183769,0.28791374,0.027795639,-0.011323474,0.38238847,-0.09987341,4,0,4
496,-0.04068972829,-0.05394724215,-0.6077859505,0.6021128573,0.7126223621,-0.1345775787,-0.006591386968,0.028463032,-0.0023764684,0.005647227,0.34790444,-0.14877696,0,2,0
497,-0.0720875316,-0.05493183904,-0.004305840521,0.3237448487,-2.303363299,-0.7247974588,-0.7072697442,0.35442847,0.12989894,-0.11931425,0.422313,-0.64064354,3,1,3
498,-0.07568269992,-0.03727247153,-0.004305840521,0.5658699254,0.72610434,-0.3188362904,-0.2384991871,0.14809594,0.00018851738,0.016362358,0.33244425,-0.13045178,4,0,4
499,-0.07568269992,-0.05493183904,1.202654379,-3.055399464,-2.303363299,-0.7247974588,-0.7072697442,0.7235027,-0.39968592,-0.04088539,0.21724571,-1.230297,1,4,1
500,-0.07568269992,-0.05493183904,1.202654379,0.3712010122,0.3544673731,-0.7247974588,-0.7072697442,0.33598256,0.04465031,0.05685702,0.3281767,-0.13036196,4,0,4
501,0.09209182162,-0.03994560833,0.5991742694,0.5174185126,0.758180947,0.1417857196,-0.2043279129,0.096266404,0.009214991,0.034990117,0.306583,-0.12058763,4,0,4
502,-0.03469778109,-0.05188848299,1.806134489,0.716717734,0.8500071753,-0.7247974588,-0.3686302486,0.240078,-0.033008743,0.11317119,0.5098875,-0.17258783,4,0,4
503,-0.04596264182,-0.05027510548,-0.6077859505,0.7028140968,0.6451113241,-0.04162563747,-0.6450456457,0.21475025,0.14689328,-0.04911524,0.33654523,-0.1260535,4,0,4
504,-0.04252725876,-0.04762917618,0.5991742694,0.5743925907,0.6896884456,0.2069798328,0.3855090805,-0.062140882,-0.04608344,0.06196585,0.3643417,-0.20523322,0,2,0
505,0.02018845525,0.008283297655,1.806134489,0.6956902932,0.9030905025,-0.3563770388,-0.3988655419,0.21730794,-0.004378546,0.12350124,0.44322705,-0.15197119,4,0,4
506,-0.05267362268,-0.04568713889,-1.21126606,0.490814098,0.6849192378,0.4166618023,0.6273301259,-0.20918235,-0.080247685,-0.017648786,0.35575712,-0.24511085,0,2,0
507,-0.002660836735,0.008283297655,-1.21126606,0.5647635707,0.7341279028,0.08588156397,0.2698975471,-0.10268684,-0.016176745,-0.04623881,0.36720428,-0.17407265,0,2,0
508,-0.07352559893,-0.05434045853,-0.6077859505,0.5444766609,0.6825789521,-0.7247974588,-0.7072697442,0.3038653,0.049161963,-0.016536817,0.34122193,-0.102280036,4,0,4
509,0.1400273992,-0.005893722502,-0.6077859505,0.3784946274,0.4237096626,-0.103626169,-0.3789179788,0.11477129,0.107398696,-0.045141153,0.24864468,-0.10548642,4,0,4
510,-0.03749402311,-0.04513033742,1.806134489,0.1116639793,0.1968949531,-0.3022834978,-0.4839284416,0.2463278,-0.005333461,0.10483423,0.29613346,-0.15406004,4,0,4
511,-0.07568269992,-0.05285726721,-1.21126606,0.498817597,0.6451065136,-0.1996578241,-0.7072697442,0.26398343,0.10158972,-0.09978522,0.29852626,-0.15015404,4,0,4
512,0.05214550697,-0.05270269461,1.202654379,0.5913981854,0.7744372639,-0.1028276254,-0.3231049214,0.15400282,0.02492182,0.060662463,0.33653146,-0.12908103,4,0,4
513,-0.06106234876,-0.05374491188,0.5991742694,0.7243829476,0.6548674752,-0.561317781,-0.6208542229,0.28311038,0.08684246,0.037786677,0.37679735,-0.14204773,4,0,4
514,-0.07568269992,-0.03828595088,0.5991742694,0.5382932758,0.6999082526,-0.04833268251,0.1548066003,0.015191793,-0.043291174,0.05305464,0.3423168,-0.16981667,0,2,0
515,-0.05283340794,-0.05398467797,1.806134489,0.6401497036,0.4108887532,0.556031401,0.4626263299,-0.1643616,0.03774538,0.08382121,0.40340298,-0.23482333,0,2,0
516,-0.0688119338,-0.05493183904,-0.6077859505,0.5356616332,0.7116522515,-0.5357511639,-0.2042501046,0.11558669,-0.016730625,-0.0025463998,0.34216198,-0.10889159,4,0,4
517,-0.06657494018,-0.05448886694,-0.6077859505,0.4039855104,0.5923857388,0.5028202974,0.9921128772,-0.31912768,-0.15749452,0.10967237,0.374858,-0.3066255,2,3,2
518,-0.02814658548,-0.03852988311,1.202654379,0.4784059783,0.6121653045,-0.5185324085,0.2407945295,0.011169229,-0.091217496,0.07083093,0.41361833,-0.17476933,0,2,0
519,-0.07568269992,-0.02870806089,-0.004305840521,0.6726931152,0.8101355496,0.3590224132,-0.1002176435,0.068586625,0.0075755306,0.029642161,0.37425387,-0.15602595,0,2,0
520,0.02018845525,-0.000765576515,-0.004305840521,0.1957455206,0.3417238122,1.01861535,1.761924492,-0.5606264,-0.27621904,0.1268824,0.40431184,-0.4057606,2,3,2
521,0.004209929385,-0.05424237975,0.5991742694,0.7539998841,0.8889486413,-0.3082075176,-0.5066782971,0.24295361,0.053148232,0.046752855,0.38314644,-0.13151884,4,0,4
522,-0.05339265635,-0.04775756157,1.202654379,0.5647635707,0.596408003,-0.303794541,-0.4847271806,0.22227415,0.052779935,0.064287886,0.31222117,-0.12955776,4,0,4
523,-0.07568269992,-0.05493183904,-0.6077859505,0.03422734821,-0.1391206938,-0.07694123249,-0.3648122947,0.13335821,0.107847884,-0.06273136,0.14594698,-0.13374878,4,0,4
524,-0.07328592104,-0.05350331779,-1.21126606,0.5168232574,0.7158228767,-0.3049208242,-0.485322535,0.193844,0.05006254,-0.09462473,0.31327587,-0.12014057,4,0,4
525,-0.07568269992,0.008283297655,-0.6077859505,0.461656505,0.6045489978,0.4138943112,0.9601615678,-0.306903,-0.14196837,0.11373356,0.3925935,-0.30650437,2,3,2
526,-0.07064946428,-0.05008040182,-0.6077859505,0.3310672157,0.5292599767,0.2666890995,0.4716859799,-0.14088628,-0.0795655,0.04762353,0.27545592,-0.19532424,0,2,0
527,-0.02798680023,-0.04688000918,-0.6077859505,0.7590939451,0.8305330169,-0.08439298438,-0.2942160871,0.12285838,0.061509505,-0.041412435,0.3845557,-0.12190461,4,0,4
528,-0.05171491113,0.008283297655,0.5991742694,0.3145192422,0.7078669009,1.339262222,0.3409482301,-0.14029896,-0.16397668,0.04895976,0.32524368,-0.19557622,0,2,0
529,-0.006176112425,0.008283297655,-0.004305840521,0.6140855655,0.7422165429,0.2304526122,-0.3182849626,0.13146387,0.052942287,0.009824139,0.3411222,-0.13361135,4,0,4
530,-0.07568269992,-0.0541487732,-0.6077859505,0.2873907177,0.4962897065,-0.3089485223,-0.08094806396,0.04945928,-0.0155759305,-0.02221147,0.23503526,-0.084105626,0,2,0
531,-0.0728864579,-0.0540646,0.5991742694,-0.04025556944,-0.3507398952,0.5482379279,1.229514076,-0.41103333,-0.00804767,0.0071657524,0.23254927,-0.23385422,2,3,2
532,-0.002421158847,-0.009541687002,-0.004305840521,0.6881285737,0.8522607941,0.0648929783,-0.1232629487,0.094876245,0.019433405,0.011642579,0.39137527,-0.15138446,4,0,4
533,0.1000810846,0.008283297655,-0.004305840521,0.4453639017,0.5960286889,1.778679156,0.9548898704,-0.38615772,-0.15827885,0.0697759,0.36440378,-0.26355195,2,3,2
534,-0.07568269992,-0.05460874998,-0.6077859505,-0.007436365756,0.4269174775,-0.7247974588,0.01118843507,0.062239297,-0.13632724,-0.037516825,0.2407533,-0.068844154,0,2,0
535,-0.009212032339,-0.04995056253,1.806134489,0.3656883388,0.5688256554,0.5603741808,0.8039134908,-0.22076103,-0.1638003,0.0821428,0.4559208,-0.2719115,2,3,2
536,-0.07336581367,-0.05493183904,-0.6077859505,0.5727969717,0.6648754206,-0.5180331276,-0.7072697442,0.28563368,0.08033923,-0.019374825,0.31783438,-0.11166394,4,0,4
537,-0.01640236898,-0.04830426226,0.5991742694,0.7603965696,0.8787135592,-0.1987383602,-0.3891047031,0.20019369,0.043582108,0.047653414,0.37955266,-0.13846405,4,0,4
538,-0.07568269992,-0.04294365369,-1.21126606,0.3990535604,0.6337835334,0.04437977508,0.5651927512,-0.18499586,-0.089347646,-0.026628047,0.33960906,-0.19608329,0,2,0
539,-0.06258030872,-0.04856725675,-0.004305840521,0.392886298,0.5127657465,0.5585362271,0.4910051019,-0.12966047,-0.06766525,0.076351285,0.29963914,-0.2273329,0,2,0
540,-0.07032989376,-0.05493183904,1.202654379,0.2548343436,-0.3597223444,-0.7247974588,1.319609953,-0.33927953,-0.18002008,0.07102408,0.5098292,-0.31279892,2,3,2
541,-0.06617547704,-0.05483916349,-0.6077859505,0.6927198129,0.7591145201,-0.7247974588,-0.6311043635,0.27076563,0.04989299,-0.014044993,0.38936493,-0.10492377,4,0,4
542,-0.07568269992,-0.05356126126,1.806134489,0.4028982939,-2.303363299,-0.7247974588,-0.7072697442,0.41106048,0.081279024,-0.12853143,0.5117859,-0.624947,3,1,3
543,-0.07392506208,-0.05492971345,-0.6077859505,0.02132854446,0.3750908806,-0.7247974588,0.8607821501,-0.21632946,-0.25978494,-0.007049799,0.3827201,-0.13200533,0,2,0
544,0.02817771818,-0.05001450866,0.5991742694,0.5701201887,0.6777022938,1.186443334,0.3030140512,-0.14182384,-0.056856237,0.05314128,0.32267123,-0.18994203,0,2,0
545,-0.07568269992,-0.05253270725,0.5991742694,0.3848716465,-0.6220677953,-0.7247974588,-0.7072697442,0.28774428,0.08776219,-0.033321217,0.27618176,-0.1763371,4,0,4
546,-0.06505698023,-0.05493183904,0.5991742694,0.6289768972,0.693920364,0.289129269,-0.6008232677,0.2200517,0.072635226,0.047505796,0.32037738,-0.14137273,4,0,4
547,-0.07560280729,-0.05470227576,-1.21126606,-0.4584482248,0.006621235816,-0.7247974588,-0.7072697442,0.38818297,-0.041400827,-0.05535376,0.25894198,-0.3361605,3,1,3
548,-0.02175517514,0.008283297655,1.202654379,0.3357347379,0.5315248745,1.140456804,1.541066961,-0.46888313,-0.26507777,0.061706275,0.4849044,-0.3836574,2,3,2
549,-0.07568269992,-0.05308683049,1.806134489,0.3267314518,0.4386878113,1.000138211,1.24606008,-0.38193136,-0.18602362,0.08206269,0.48935848,-0.35800815,2,3,2
550,0.1400273992,-0.05251929906,1.806134489,0.5833659319,0.7209429795,0.8569331838,-0.0902808479,0.004273057,-0.016987126,0.10321337,0.3923958,-0.17223127,0,2,0
551,-0.07472398837,-0.05298480237,-0.6077859505,-0.2719145533,-0.8580784041,-0.7247974588,-0.7072697442,0.33923444,0.034430373,-0.040627792,0.30786932,-0.4058109,3,1,3
552,-0.02758733708,-0.05125415034,-1.21126606,0.718362599,0.8500845009,-0.5103819655,-0.4599275523,0.1825343,0.05680651,-0.085911766,0.40176386,-0.09790687,4,0,4
553,-0.03965112411,-0.05486382029,1.202654379,0.2568494919,-0.148679252,0.526683931,1.761924492,-0.5485313,-0.06903274,0.05467969,0.46033645,-0.40588522,2,3,2
554,-0.03501735161,-0.04965090593,-1.21126606,0.5293321921,0.6396655006,-0.6087378572,0.664592693,-0.1998247,-0.10755307,-0.037718773,0.48667598,-0.17680684,0,2,0
555,-0.06969075272,-0.01126295244,1.806134489,-0.2603822838,-0.1402308836,0.4348093088,1.761924492,-0.49671596,-0.27274764,0.05944428,0.49463034,-0.36184588,2,3,2
556,-0.07568269992,-0.04508612523,-1.21126606,0.2956239839,-1.622586598,-0.7247974588,-0.7072697442,0.36569735,0.16821164,-0.22423443,0.46680164,-0.56822455,3,1,3
557,-0.06489719497,-0.04845730444,-0.6077859505,0.5194322749,-1.314599623,-0.7247974588,1.761924492,-0.55984807,0.017029077,-0.07513571,0.6094962,-0.35783488,2,3,2
558,-0.0636189129,-0.05471928045,-0.6077859505,0.6767450698,0.8447592499,-0.6866873122,-0.4629149579,0.21836606,-0.0016751308,-0.012312852,0.3940151,-0.0941218,4,0,4
559,-0.07568269992,-0.05124777358,0.5991742694,0.5073037583,0.5172349158,0.8245319357,1.456420905,-0.42848828,-0.18228987,0.12571132,0.4781251,-0.42103642,2,3,2
560,-0.05523018682,-0.05331375804,-0.004305840521,0.5615226492,0.6703330051,0.3343037424,0.6841378781,-0.16257654,-0.088011354,0.114024386,0.42049605,-0.28727466,0,2,0
561,-0.03134229066,-0.05493183904,0.5991742694,0.5344788418,0.4460561415,-0.26379961,-0.0125919015,0.045008432,0.058840435,0.007681228,0.2764245,-0.12630059,0,2,0
562,0.1400273992,-0.04966487188,-1.21126606,0.713510815,0.879002324,-0.6956334431,-0.5203891261,0.21759099,0.06194096,-0.094283596,0.45395297,-0.106133595,4,0,4
563,0.09209182162,-0.05379422547,-0.6077859505,0.5423299988,0.7700513825,-0.6669135544,-0.3356297489,0.15700367,0.0006728899,-0.011727154,0.3683053,-0.08308239,4,0,4
564,-0.07472398837,-0.05492503716,-1.21126606,0.08500033596,0.1094062936,-0.7247974588,0.08434643542,0.016351014,-0.058489427,-0.10829763,0.32899266,-0.131827,0,2,0
565,-0.0330999285,-0.05423379663,-0.004305840521,0.5461261957,0.570329017,1.385489775,-0.305318892,0.034819216,0.038073644,0.06827806,0.31414405,-0.14633557,0,2,0
566,-0.01200827436,-0.05030382215,0.5991742694,0.4266511351,0.5219242125,0.7712118227,1.563993081,-0.4620101,-0.23333056,0.13083299,0.47462702,-0.40760908,2,3,2
567,-0.04444468186,-0.03650321349,-0.004305840521,0.5954948319,0.7169002322,0.2341099299,0.5339759177,-0.11191699,-0.070127584,0.09878595,0.4155079,-0.25362873,0,2,0
568,-0.07352559893,-0.05205039481,1.202654379,0.3125690381,0.2686469667,-0.7247974588,-0.0812688812,0.11102704,-0.043611012,0.036837026,0.35342646,-0.13300061,4,0,4
569,0.1240488733,-0.02395206248,-0.6077859505,0.6700282725,0.6827840535,0.4765956494,0.3212244272,-0.12517603,0.047988925,0.015571773,0.3764455,-0.177075,0,2,0
570,-0.06793311488,-0.0528147555,-0.004305840521,0.5577793076,0.691681301,-0.3766376254,-0.2098094479,0.13674556,0.001375949,0.019544521,0.33245793,-0.13382785,4,0,4
571,-0.04676156811,-0.05086629894,-0.004305840521,0.4866320535,0.5939965818,1.125261141,0.7708915587,-0.2591084,-0.11277959,0.09937227,0.36746943,-0.27894372,2,3,2
572,-0.07568269992,-0.05493183904,-0.6077859505,-3.055399464,0.3070516901,-0.7247974588,0.183694281,0.52813065,-0.77930063,-0.24174467,0.2846927,-0.77457404,1,4,1
573,0.06812403283,-0.02144365858,1.202654379,0.52236539,0.4882029713,1.550145598,0.9614964341,-0.3826363,-0.1010621,0.037304193,0.4017318,-0.3034388,2,3,2
574,-0.03022379385,-0.05421339101,-0.004305840521,0.6230544884,0.494662478,-0.7247974588,-0.0828402526,0.083076805,0.010617144,0.03256921,0.38305613,-0.14505051,4,0,4
575,-0.07568269992,-0.05493183904,-0.6077859505,-0.6024661303,-2.303363299,-0.7247974588,-0.7072697442,0.40147418,0.025311925,-0.12267826,0.3282309,-0.70855874,3,1,3
576,-0.07568269992,-0.03737705035,0.5991742694,0.5821533138,0.7256831692,0.5962524624,0.3781787673,-0.082046196,-0.07752299,0.053553596,0.3589033,-0.21449395,0,2,0
577,-0.06473740971,-0.05224169754,-0.004305840521,0.4891413225,0.5787576522,-0.1476967532,-0.2413912412,0.12861814,0.035246834,0.008097435,0.2725736,-0.12825644,4,0,4
578,0.07611329576,-0.03304978261,-1.21126606,0.7249218255,0.7750714665,-0.468027217,0.01879264647,-0.016479475,0.02504345,-0.06290227,0.4448163,-0.11918299,0,2,0
579,-0.06545644337,-0.03445685245,-1.21126606,0.3492442396,0.5089390339,-0.34266067,1.535953265,-0.48446515,-0.26774442,0.020490378,0.5386929,-0.32091054,2,3,2
580,0.1400273992,-0.050396689,1.202654379,0.5163539519,0.6959507672,1.454075011,-0.5846507911,0.089493275,0.031055875,0.0816392,0.3043122,-0.09780651,4,0,4
581,-0.07456420311,-0.05183273482,-0.6077859505,-0.2389722531,-1.622586598,-0.7247974588,-0.7072697442,0.36016104,0.04791399,-0.09446673,0.34962264,-0.5403085,3,1,3
582,-0.03389885479,-0.0515402542,1.202654379,0.4866924566,0.5382521447,-0.2291744616,0.1681633465,-0.009753615,-0.015892614,0.056954116,0.34661922,-0.16063394,0,2,0
583,-0.07560280729,-0.05493183904,0.5991742694,-2.227588243,-2.303363299,-0.7247974588,-0.7072697442,0.57848656,-0.2336364,-0.05882755,0.2184647,-1.0574983,1,4,1
584,-0.07376527682,-0.05493183904,1.202654379,0.6210873517,-0.07664281507,-0.7247974588,-0.7072697442,0.29567602,0.1131279,0.0041210353,0.34614074,-0.106322855,4,0,4
585,-0.05371222686,-0.05434262663,1.202654379,0.645932635,0.8017569163,-0.1182852868,-0.3866668032,0.19212323,0.014584781,0.07370564,0.3509696,-0.13821538,4,0,4
586,-0.05467093842,-0.0280862335,-0.004305840521,0.6609492138,0.6630430371,0.3478490269,0.5783803475,-0.12935823,-0.037612684,0.10315719,0.4292081,-0.28280264,0,2,0
587,0.1400273992,-0.01510686195,-0.004305840521,0.6167739481,0.7579624085,0.7313906281,0.4505911261,-0.14610176,-0.03133445,0.062691614,0.38418195,-0.17998615,0,2,0
588,-0.06178138242,-0.04628861508,-1.21126606,0.638311414,0.7916631716,-0.2490380485,-0.3970228063,0.15149698,0.055426672,-0.0866981,0.35201493,-0.11829388,4,0,4
589,-0.07432452522,-0.0513338173,-1.21126606,0.7773159192,0.8563179986,-0.7247974588,-0.5470649342,0.23321949,0.05455387,-0.078710556,0.45282468,-0.102667496,4,0,4
590,0.1400273992,-0.03969882781,0.5991742694,0.6879409028,0.8197081687,0.4635011856,-0.2456134222,0.08230919,0.05389855,0.029646285,0.37161767,-0.13192646,4,0,4
591,-0.007054931347,0.007693702643,0.5991742694,0.6024159286,0.6665980323,1.691880829,0.65867297,-0.30127406,-0.10315558,0.07594823,0.3674221,-0.25897166,2,3,2
592,0.1400273992,-0.02577560261,-0.004305840521,0.675578416,0.7904022704,0.3447854968,-0.1224412422,0.04584177,0.0718365,0.0065492718,0.37968612,-0.12916195,0,2,0
593,-0.02678841079,-0.0499272491,0.5991742694,0.7414660541,0.7578622466,-0.04889284999,-0.5054358214,0.21601734,0.08581364,0.040126957,0.35065672,-0.14203927,4,0,4
594,-0.06753365173,-0.05485191701,1.202654379,0.4784059783,0.4998892352,1.470100607,0.3688763327,-0.1867285,-0.057769563,0.07921055,0.32351586,-0.2484108,0,2,0
595,-0.05403179738,-0.05122178617,-0.004305840521,0.3397098007,0.4719349928,1.386770268,1.121796324,-0.3804448,-0.17015022,0.097998634,0.3579528,-0.31750238,2,3,2
596,0.05214550697,-0.04623330393,0.5991742694,0.4342029215,0.6605125445,1.255975009,0.5964328221,-0.2327299,-0.13993925,0.040337503,0.33672112,-0.22146825,0,2,0
597,-0.07568269992,-0.0319185033,-0.6077859505,0.2063626501,-0.2996487937,1.916680834,0.6580084102,-0.35455194,0.013449628,0.051947013,0.1482065,-0.26254237,2,3,2
598,-0.07568269992,0.008283297655,-0.004305840521,0.6871440142,0.7961129594,-0.01521106904,0.3226245583,-0.02977316,-0.04987787,0.07708646,0.4440053,-0.23831291,0,2,0
599,-0.04915834699,-0.05452797772,-0.6077859505,0.6740089709,0.4431409195,-0.7247974588,-0.5138315772,0.20166026,0.10767997,-0.038976476,0.37208906,-0.105072856,4,0,4
600,-0.07568269992,-0.0548468156,-0.004305840521,0.01402381236,-0.472394579,0.4195616269,1.761924492,-0.63271725,-0.042463675,0.09115808,0.2600482,-0.31583548,2,3,2
601,-0.06409826867,-0.05007870645,0.5991742694,0.508001339,0.7333571427,-0.7247974588,-0.7072697442,0.34148163,0.015428906,0.04420217,0.3494903,-0.10824714,4,0,4
602,0.1400273992,-0.02263749814,0.5991742694,0.5361641046,0.717157593,1.581120915,0.5014237567,-0.24779657,-0.108510025,0.055226713,0.34101647,-0.1885719,0,2,0
603,-0.06393848341,-0.05481365646,1.202654379,0.3804452386,0.2179047715,-0.08324374049,1.607847519,-0.44756362,-0.17616333,0.10588015,0.5042455,-0.36855078,2,3,2
604,0.1400273992,-0.05125891165,-0.004305840521,0.6055786074,0.7805966453,0.9196948829,-0.08854555838,-0.009413928,0.019335922,0.04358983,0.3488079,-0.121200085,0,2,0
605,-0.02702808867,-0.04296868459,-0.004305840521,0.5723683011,0.7148128345,0.08501015243,0.4187447942,-0.07157415,-0.058648884,0.08460163,0.3971268,-0.22809239,0,2,0
606,-0.02095624885,-0.05051563678,1.202654379,0.6641065658,0.7067908225,0.4619045355,0.1874246743,-0.04421687,0.000109481625,0.065378755,0.37885875,-0.21214885,0,2,0
607,-0.02686830342,-0.01587207287,1.202654379,0.5855510365,0.7591612846,0.05357768647,0.1470811863,-0.006822735,-0.045149475,0.06440562,0.36826766,-0.16864018,0,2,0
608,-0.06905161169,-0.05477403554,-1.21126606,0.3715672001,0.5864135633,-0.7247974588,-0.3789179788,0.19369487,-0.0015655756,-0.09709312,0.33898634,-0.08462232,4,0,4
609,-0.07336581367,-0.0144224233,-1.21126606,-0.2287655438,-0.8672275661,-0.7247974588,1.761924492,-0.55174726,-0.22939225,-0.057486355,0.45698112,-0.34716454,2,3,2
610,-0.06098245613,-0.05086856906,1.806134489,0.2864234202,0.2987824147,1.916680834,1.369572109,-0.5159566,-0.19367816,0.06733051,0.4541819,-0.34917578,2,3,2
611,0.1400273992,-0.0425362554,0.5991742694,0.6921913445,0.7883695406,0.7987086994,0.01837518444,-0.021241114,0.026253682,0.033539563,0.36505097,-0.15117684,0,2,0
612,-0.07568269992,-0.0540943582,1.202654379,0.5382932758,0.4771084004,1.358259338,0.1628751248,-0.120462224,-0.0042684674,0.085559666,0.303103,-0.22425987,0,2,0
613,0.04415624404,-0.05493183904,1.202654379,0.589953417,-2.303363299,-0.7247974588,-0.7072697442,0.35192817,0.1418404,-0.10205296,0.50245726,-0.65436685,3,1,3
614,-0.07128860531,-0.05083745049,-0.6077859505,0.4426779269,0.6657476304,-0.2273048536,0.6087424856,-0.16148262,-0.12907182,0.05096844,0.39868954,-0.19372499,0,2,0
615,-0.05131544798,-0.05381123016,-0.004305840521,0.64472977,0.840704522,-0.3861929707,-0.4432483284,0.23375621,0.018488161,0.0075332434,0.36196014,-0.122293234,4,0,4
616,-0.06234063083,-0.03358243743,-0.004305840521,0.4577900426,0.4004957046,-0.006461150082,1.336712457,-0.38190702,-0.16151345,0.100108266,0.45362127,-0.3314147,2,3,2
617,-0.07568269992,-0.05271102691,-1.81474617,-3.055399464,-2.303363299,-0.7247974588,-0.7072697442,0.7147493,-0.32584888,-0.12543589,0.1632027,-1.3447384,1,4,1
618,-0.04356586294,-0.05399658125,-0.004305840521,0.6548261195,0.7406691091,-0.380432398,-0.4294633372,0.21147071,0.05385481,0.0023065754,0.34711826,-0.12523544,4,0,4
619,-0.07568269992,-0.05305885438,-0.6077859505,0.5626349854,0.1032741887,-0.7247974588,-0.3648122947,0.14786619,0.09762339,-0.09040387,0.34319693,-0.061277747,4,0,4
620,-0.03429831794,-0.04011480497,-0.004305840521,0.7320476919,0.9144555137,-0.6782499883,-0.7072697442,0.34095365,0.03744247,0.012077412,0.4096042,-0.11251667,4,0,4
621,0.02817771818,-0.0331168406,0.5991742694,0.6117925554,0.7735074808,0.9388142711,0.0631673576,-0.031594068,-0.029798381,0.04738477,0.3403857,-0.16696578,0,2,0
622,-0.04164843984,-0.05362613414,-0.6077859505,0.4446838089,0.585439373,-0.1348845332,0.1086451233,-0.021949634,-0.01645898,0.012114406,0.2930564,-0.13269156,0,2,0
623,-0.02287367195,-0.05474393724,0.5991742694,0.4964812513,0.6311621781,-0.3907399087,-0.3781680417,0.19087625,0.019733123,0.037264377,0.28378093,-0.11536405,4,0,4
624,-0.07328592104,-0.04538370725,-0.6077859505,-0.7360538959,-0.5164012852,-0.7247974588,1.761924492,-0.4927584,-0.399051,-0.047145292,0.37785286,-0.2580623,2,3,2
625,-0.074803881,-0.05493183904,0.5991742694,0.2990877056,-0.5651372872,-0.07694123249,1.319609953,-0.4361728,0.034242004,0.027152501,0.31850514,-0.24044916,2,3,2
626,0.1400273992,-0.01969132558,0.5991742694,0.6108779657,0.6247191518,0.8260397122,0.5346344936,-0.18105692,-0.026329711,0.030198082,0.34673345,-0.19657786,0,2,0
627,-0.03158196854,-0.03648488669,-0.6077859505,0.6179311695,0.7359064358,0.03001929247,-0.1893174617,0.077209234,0.041467316,-0.027485795,0.33793476,-0.12503898,4,0,4
628,-0.04708113863,-0.04640058754,-0.6077859505,0.5537230384,0.6808545549,-0.1099709141,-0.1904886303,0.083313346,0.025713164,-0.01813332,0.30621588,-0.11959596,4,0,4
629,-0.07568269992,-0.05493183904,-1.21126606,-3.055399464,-2.303363299,-0.7247974588,-0.7072697442,0.70901513,-0.30204993,-0.15327498,0.16076407,-1.2786298,1,4,1
630,-0.0688119338,-0.05378405667,0.5991742694,0.2223595369,0.3363688195,-0.5218709198,0.2480886198,-0.008213852,-0.0794486,0.032955274,0.27968287,-0.12444095,0,2,0
631,0.0008544389543,0.008283297655,-1.21126606,0.6749157542,0.809726393,-0.1032257339,0.1140252914,-0.041115128,0.007567019,-0.053590804,0.40814593,-0.15607229,0,2,0
632,0.0002951905491,-0.008208060411,1.202654379,0.5808470576,0.6714705662,0.7371384571,0.712068623,-0.21129604,-0.092531,0.06390922,0.4197001,-0.2700588,0,2,0
633,-0.07568269992,-0.04128217674,-0.6077859505,0.7780478221,0.8463781644,-0.3285833047,-0.4265013002,0.18843493,0.056030665,-0.039423034,0.37743914,-0.11660862,4,0,4
634,-0.07568269992,-0.05424633249,0.5991742694,0.6892750581,0.7894364544,-0.6290253116,-0.137996632,0.16296388,-0.040629726,0.04628887,0.4361807,-0.17297179,4,0,4
635,-0.0734457063,-0.05493183904,0.5991742694,0.01412403851,0.006621235816,-0.7247974588,-0.7072697442,0.30722088,0.025051903,0.046620235,0.22315331,-0.15788406,4,0,4
636,-0.07520334415,-0.05422554936,-2.41822628,-0.8447790832,-0.5594359521,-0.7247974588,0.02664446785,0.20041952,-0.14574108,-0.24139068,0.33190128,-0.54002726,3,1,3
637,-0.06234063083,-0.05221449004,0.5991742694,0.5909820535,0.7884962257,-0.4348909717,-0.3071223556,0.1944054,-0.021092024,0.050469033,0.3483202,-0.13548592,4,0,4
638,-0.0682526854,-0.05352640165,-0.6077859505,0.4814765394,0.4892641531,1.279128175,1.485163209,-0.5283028,-0.15874638,0.15359452,0.41703743,-0.41657412,2,3,2
639,-0.07568269992,-0.05481535693,-0.6077859505,0.0909503401,-2.303363299,-0.7247974588,-0.7072697442,0.37805372,0.11260766,-0.17542759,0.4087714,-0.68182564,3,1,3
640,0.1400273992,-0.009015527976,1.202654379,0.6962576595,0.8612113637,0.4274816995,-0.5179145383,0.18055326,0.07373968,0.061196774,0.36551902,-0.1336267,4,0,4
641,-0.07496366626,-0.05435793085,-0.004305840521,0.5628103192,0.8059588618,-0.7247974588,-0.7072697442,0.3420139,0.013054315,0.005212063,0.35686752,-0.10638556,4,0,4
642,-0.06449773182,-0.05493183904,1.202654379,0.4855652493,0.5019276873,0.4456725585,-0.4901100806,0.17298068,0.061613712,0.04984504,0.26673895,-0.14708856,4,0,4
643,-0.07120871268,-0.04908052622,-1.21126606,0.4320794665,0.5038813737,0.03539036008,-0.7072697442,0.24491756,0.12860233,-0.11613919,0.27771136,-0.16091587,4,0,4
644,-0.07568269992,-0.05316590228,-0.6077859505,0.5532636513,0.4829062255,-0.7247974588,-0.7072697442,0.2765001,0.094349734,-0.031980306,0.3387071,-0.106115624,4,0,4
645,-0.0358162779,-0.0378920288,0.5991742694,0.6749157542,0.8021931708,0.02413630971,-0.2782881239,0.14568529,0.023682103,0.050249755,0.3441027,-0.14609592,4,0,4
646,-0.05507040156,-0.04483257684,1.202654379,0.2995949219,0.3560586285,1.152308525,1.761924492,-0.53716946,-0.24334854,0.080079734,0.49772328,-0.44537503,2,3,2
647,-0.04580285656,-0.05413601968,-0.004305840521,0.0801181981,-1.312462107,-0.7247974588,0.7851871023,-0.16939807,-0.035235107,-0.09244689,0.37227693,-0.21266851,0,2,0
648,0.1400273992,-0.01313805928,1.202654379,0.6077607925,0.7250835462,1.500769086,0.2023893207,-0.14201644,-0.05263438,0.07864007,0.3598072,-0.18026894,0,2,0
649,-0.06194116768,-0.05493183904,1.202654379,0.4387357797,0.4905207992,1.40509567,-0.7072697442,0.14441362,0.046341415,0.09343058,0.27740955,-0.13273212,4,0,4
650,-0.07568269992,-0.04632831762,-0.6077859505,0.420426048,0.4725620641,-0.6185251486,0.5983518408,-0.16245508,-0.103367664,0.016469657,0.41137514,-0.14324315,0,2,0
651,-0.05531007945,-0.0488943249,1.806134489,0.5057298263,0.6176421977,1.709732244,0.7114801583,-0.29696628,-0.15917753,0.10932261,0.44761795,-0.32261488,2,3,2
652,-0.008892461821,-0.0319415523,-0.6077859505,0.6609492138,0.8119176657,0.04939569545,-0.1390976418,0.0637403,0.027781498,-0.022187069,0.36879277,-0.12682635,4,0,4
653,0.1320381363,-0.05389710383,-0.6077859505,0.8398064573,0.8644516116,-0.4216733437,-0.4504264803,0.16888705,0.11317931,-0.05241117,0.4246858,-0.09797208,4,0,4
654,-0.04452457449,-0.05253485835,-1.21126606,0.6262389933,0.6991349672,-0.3883454871,0.3104571382,-0.10128018,-0.028992817,-0.050653577,0.42897198,-0.15041572,0,2,0
655,-0.07560280729,-0.05257552506,-2.41822628,-0.2729786225,0.1032741887,-0.7247974588,-0.3648122947,0.29878244,-0.055659287,-0.25212246,0.3556371,-0.3822518,3,1,3
656,-0.07568269992,-0.04944530311,-0.004305840521,0.3897607307,0.2223384229,-0.7247974588,-0.0343419649,0.04499776,-0.005296819,-0.0046549626,0.28961515,-0.044881836,0,2,0
657,-0.07488377363,-0.05035579443,-0.6077859505,0.219279508,0.1872941239,-0.01872378163,1.572511085,-0.52254874,-0.19518904,0.07943514,0.39146364,-0.3236221,2,3,2
658,-0.07568269992,-0.0416049257,0.5991742694,0.5130215559,0.5878743466,0.7185363686,0.3357224339,-0.09191215,-0.054124128,0.0423005,0.30799457,-0.20968257,0,2,0
659,-0.07440441785,-0.05493183904,1.202654379,-0.4804624111,0.1094062936,-0.7247974588,0.08434643542,0.100797474,-0.22158945,0.08766334,0.27540758,-0.20294647,0,2,0
660,0.1400273992,-0.0513200435,-0.6077859505,0.7672424844,-2.303363299,-0.7247974588,-0.7072697442,0.32479218,0.30798256,-0.2344323,0.5282359,-0.65377444,3,1,3
661,-0.06993043061,-0.05441319608,-0.004305840521,0.4686237239,0.6753376135,-0.4064556582,-0.03584073107,0.07866201,-0.03984412,0.04430815,0.33867937,-0.15918589,0,2,0
662,-0.07456420311,-0.03822643447,0.5991742694,-0.2287329828,-0.1711838703,-0.3818147,1.540035943,-0.44999653,-0.26438874,0.10209793,0.3580034,-0.22653627,2,3,2
663,0.09209182162,-0.041199704,1.202654379,0.6493253754,0.6871250088,0.1466002066,0.272734607,-0.06525561,0.01484104,0.041376933,0.38978875,-0.1799934,0,2,0
664,-0.07440441785,-0.04607324731,-1.81474617,0.3097547607,0.4197579586,0.0693595022,0.5791490503,-0.19231123,-0.037990313,-0.13363972,0.3287151,-0.24882121,0,2,0
665,-0.06889182643,-0.03602092656,-0.6077859505,0.3941531603,0.6242648422,-0.08969205067,-0.5271437837,0.21050167,0.048726045,-0.042429134,0.25922394,-0.109301195,4,0,4
666,-0.03861251992,-0.02398330859,0.5991742694,0.4396513831,0.697450118,-0.3847504153,0.08936827261,0.039183818,-0.0670339,0.04038845,0.32871485,-0.13014735,0,2,0
667,-0.06258030872,-0.05249591761,0.5991742694,0.7079433125,0.8217722075,-0.5662275329,-0.3173064203,0.21458955,-0.010804846,0.04812312,0.41170734,-0.15172678,4,0,4
668,0.1400273992,-0.05309533283,-0.004305840521,0.5248539262,0.5271946345,1.660657581,1.553631879,-0.5421069,-0.1742234,0.12003242,0.4618842,-0.3951233,2,3,2
669,-0.07568269992,-0.05479580154,-0.6077859505,-0.7881664284,-0.4935945397,-0.7247974588,1.761924492,-0.4878571,-0.41036874,-0.057625696,0.37339744,-0.25854385,2,3,2
670,-0.07464409574,-0.05493183904,-0.6077859505,-3.055399464,-2.303363299,-0.7247974588,-0.7072697442,0.69936514,-0.298419,-0.16139904,0.15879178,-1.2614918,1,4,1
671,-0.06194116768,-0.05493183904,1.202654379,0.5248568096,0.6825789521,-0.7247974588,-0.7072697442,0.34539244,0.022325272,0.08315714,0.3790655,-0.13767084,4,0,4
672,-0.07104892742,-0.04961055381,-1.21126606,0.8338349151,0.880099256,-0.5713738679,-0.3901123534,0.15832685,0.057262022,-0.075506434,0.4465986,-0.10171148,4,0,4
673,0.06812403283,-0.04982958268,1.202654379,-0.07098123267,0.1021834565,1.916680834,1.761924492,-0.6110778,-0.3122336,0.028709829,0.37444824,-0.32793838,2,3,2
674,-0.04284682928,-0.04809170367,0.5991742694,0.605560693,0.6790419426,-0.3877790686,-0.1130283787,0.11071108,0.0069769807,0.033141755,0.34683442,-0.14428407,4,0,4
675,-0.07568269992,-0.05493183904,-0.6077859505,-0.2389722531,-0.6220677953,-0.7247974588,-0.7072697442,0.3285396,0.032191414,-0.037161782,0.28522345,-0.35164452,4,0,4
676,-0.05714760992,-0.04983893526,1.202654379,0.3558795697,-0.4394444417,-0.7247974588,-0.7072697442,0.318083,0.06397707,-0.015712172,0.31690928,-0.16312519,4,0,4
677,-0.07360549156,-0.05493183904,-0.6077859505,0.176070294,-2.303363299,-0.7247974588,-0.7072697442,0.3738191,0.12947671,-0.18355241,0.42123172,-0.6751762,3,1,3
678,0.1400273992,0.008283297655,-0.004305840521,0.6884912599,0.716921303,-0.1885639025,0.3498718216,-0.059169173,0.00942033,0.056958016,0.4253068,-0.19165125,0,2,0
679,-0.07552291466,-0.05422673969,-2.41822628,-1.274119611,-2.303363299,-0.7247974588,-0.7072697442,0.551476,-0.030645937,-0.16516694,0.44612524,-1.1808131,1,4,1
680,-0.06905161169,-0.04618377778,1.202654379,0.2992527629,0.2139046123,-0.7247974588,1.318936214,-0.3061969,-0.27644035,0.114068806,0.5299538,-0.31327045,2,3,2
681,-0.05546986471,-0.04565918318,0.5991742694,0.4080441112,0.5102950513,1.916680834,0.08215029193,-0.13200516,-0.04830091,0.072162166,0.29147446,-0.18172702,0,2,0
682,-0.07001032324,-0.05391325828,-1.21126606,0.5549260651,-2.303363299,-0.7247974588,-0.7072697442,0.36543724,0.26769513,-0.29263,0.5349769,-0.7042359,3,1,3
683,-0.06617547704,-0.05466401521,0.5991742694,0.5020144842,0.7333571427,-0.7247974588,-0.7072697442,0.3419699,0.014100928,0.044264756,0.34784025,-0.10812133,4,0,4
684,-0.01025063652,-0.04563953427,-0.6077859505,0.2502105687,0.3013386511,0.9801905141,1.761924492,-0.6022869,-0.23579091,0.14666724,0.3798064,-0.4299707,2,3,2
685,-0.07568269992,-0.04828640733,1.202654379,0.3958349912,0.3894134352,0.606080225,0.508510988,-0.15899634,-0.028516915,0.049859032,0.31813747,-0.21993704,0,2,0
686,-0.07400495471,-0.05493183904,0.5991742694,0.264379019,0.4316332217,0.2704237178,-0.4253215725,0.17183909,0.020395227,0.018892437,0.20894533,-0.121004425,4,0,4
687,-0.03086293488,-0.05050126782,-0.004305840521,0.6325577342,0.7280172502,-0.0005594753604,-0.1938620528,0.11604753,0.040214896,0.008246781,0.34687352,-0.14835174,4,0,4
688,0.07611329576,-0.05398127703,1.806134489,0.4394155092,0.6520804021,1.916680834,0.3119565704,-0.20326605,-0.13350444,0.1277037,0.38258532,-0.21540594,0,2,0
689,-0.06377869816,-0.04896319388,1.202654379,0.4154755128,0.53314398,-0.1369592241,-0.05463452941,0.055798136,-0.013525184,0.057846695,0.28565395,-0.13684508,0,2,0
690,0.1400273992,-0.03100850597,-0.004305840521,0.5255015607,0.6892742933,1.301585372,0.6445987203,-0.26390627,-0.102052584,0.070532925,0.35748446,-0.20843568,0,2,0
691,-0.06993043061,-0.05422019288,0.5991742694,0.3431491869,0.5357104284,0.0964392988,-0.1103551272,0.08211089,-0.018899608,0.024254963,0.22708936,-0.12582219,4,0,4
692,-0.02990422333,-0.01711642145,1.202654379,0.6315432373,0.4550509817,-0.2154078313,-0.204931584,0.09820278,0.0929542,0.05132,0.31598434,-0.15039004,4,0,4
693,-0.06833257803,-0.05471436014,0.5991742694,0.5863846529,0.6060020183,-0.7247974588,-0.3959947853,0.22917728,0.005596265,0.02743271,0.38173133,-0.1357801,4,0,4
694,-0.07568269992,-0.0452576175,1.202654379,0.3552680903,0.2223384229,0.5482379279,-0.7072697442,0.21010436,0.096711345,0.058486372,0.21426481,-0.14992827,4,0,4
695,-0.07568269992,-0.05325177595,-0.004305840521,0.2340468955,-1.120332444,-0.7247974588,1.761924492,-0.54813886,-0.097641155,0.018460125,0.5211648,-0.30350772,2,3,2
696,-0.07568269992,-0.05407650328,-2.41822628,-1.738745436,-2.303363299,-0.7247974588,-0.7072697442,0.5876585,-0.10849308,-0.12930417,0.40506032,-1.2722651,1,4,1
697,-0.07040978639,-0.05493183904,-0.6077859505,0.1438573572,-0.2054357694,-0.103626169,1.761924492,-0.62445223,-0.1419376,0.08804247,0.36309952,-0.28979957,2,3,2
698,-0.06993043061,-0.05333764962,0.5991742694,0.6499260635,0.8613534735,-0.7247974588,-0.6067804354,0.31635058,-0.0014493726,0.04825668,0.4076277,-0.123323604,4,0,4
699,-0.07456420311,-0.05371600391,0.5991742694,0.04421213161,0.1229493614,0.4594622422,-0.5071325049,0.16799557,0.039307624,0.014423877,0.13971774,-0.116900615,4,0,4
700,0.1400273992,0.008283297655,-0.004305840521,0.7644203673,0.8727941266,-0.1369094897,-0.3391920934,0.13980018,0.09940242,-0.014425131,0.4054376,-0.12188117,4,0,4
701,-0.07280656527,-0.05476179216,-0.6077859505,0.592926808,0.6654858841,-0.225256278,-0.4432117762,0.17357038,0.067996845,-0.03591001,0.30435112,-0.11060017,4,0,4
702,-0.07568269992,-0.05493183904,0.5991742694,0.1644487629,0.5918254915,0.7044967644,-0.3103097544,0.12734737,-0.058608666,0.027338713,0.25282,-0.13316259,4,0,4
703,-0.07568269992,-0.05493183904,-0.6077859505,-3.055399464,-2.303363299,-0.7247974588,-0.7072697442,0.6993672,-0.29837355,-0.16146582,0.15881473,-1.26147,1,4,1
704,0.05214550697,0.008283297655,-0.004305840521,0.529605103,0.6702987301,1.162225072,0.8796014129,-0.30553553,-0.13063769,0.09650986,0.39315224,-0.26827934,2,3,2
705,-0.07456420311,-0.0545152242,0.5991742694,-0.091423477,-1.314599623,-0.7247974588,1.761924492,-0.5156737,-0.17774259,0.04442389,0.4779822,-0.28855476,2,3,2
706,-0.06737386648,0.008283297655,0.5991742694,0.3580643232,0.7625660117,-0.5159966691,-0.5017130975,0.2653818,-0.04004346,0.043625534,0.2891569,-0.105935164,4,0,4
707,-0.06130202665,-0.03754624699,-0.6077859505,0.5498288678,0.5860908194,0.5553676052,0.7419976827,-0.24603735,-0.055482004,0.08705394,0.37241527,-0.27832806,0,2,0
708,-0.07440441785,-0.05493183904,1.202654379,0.3453056332,0.3484260347,-0.2852981447,-0.7072697442,0.29553518,0.06516781,0.057708055,0.24846628,-0.13791405,4,0,4
709,-0.07264678001,-0.05493183904,0.5991742694,-0.2460882372,-2.303363299,-0.7247974588,-0.7072697442,0.4012806,0.012214653,-0.067626506,0.3266236,-0.6818046,3,1,3
710,0.09209182162,0.008283297655,1.806134489,0.5954948319,0.6696461793,0.2501117554,0.6721976795,-0.18821499,-0.074759826,0.08350846,0.4837816,-0.2299182,0,2,0
711,-0.07568269992,-0.05051742228,-0.6077859505,0.6071428149,0.710232835,-0.7247974588,-0.7072697442,0.3018747,0.05584416,-0.015355878,0.35704517,-0.1045548,4,0,4
712,-0.05339265635,-0.04853042459,-1.21126606,0.5321133044,0.4363037143,0.1485549722,0.3037155184,-0.12628967,0.0630939,-0.06339306,0.31236804,-0.18492395,0,2,0
713,-0.07256688738,-0.05493183904,1.806134489,0.3077219207,0.039592815,-0.2010828937,-0.430433701,0.20103249,0.0441909,0.0725697,0.30945092,-0.15604797,4,0,4
714,0.004209929385,-0.02152633027,-0.6077859505,0.7299311865,0.7551067209,-0.7247974588,0.008717556849,0.03110219,-0.006397344,0.02249536,0.45062923,-0.124156274,0,2,0
715,0.03616698111,-0.05421594171,1.202654379,0.5117708153,0.6629614317,0.4357614056,0.6070629658,-0.1606827,-0.087201715,0.05992797,0.40018082,-0.23608576,0,2,0
716,-0.07568269992,-0.05477369545,0.5991742694,-2.448090889,-1.622586598,-0.7247974588,-0.7072697442,0.63747096,-0.27398068,-0.0906024,0.20168805,-0.95906526,1,4,1
717,-0.07568269992,0.008283297655,0.5991742694,-0.00537352847,-0.02693788844,1.916680834,1.552432086,-0.56427646,-0.20143284,0.05220461,0.2810125,-0.3296226,2,3,2
718,-0.07464409574,-0.05427715858,-2.41822628,-0.2460882372,-0.6220677953,-0.7247974588,-0.7072697442,0.43090215,0.06457739,-0.25915354,0.42446625,-0.619528,3,1,3
719,-0.07432452522,-0.05493183904,-0.004305840521,-0.5145671194,-0.6986558168,-0.7247974588,0.1334416846,0.0332515,-0.10880983,-0.028214877,0.1904214,-0.14240722,0,2,0
720,0.1400273992,-0.05309142176,1.202654379,0.7710215064,0.9182825615,-0.3185983358,-0.5072420716,0.23092118,0.06999838,0.070622,0.4087174,-0.11813192,4,0,4
721,0.05214550697,-0.03250690798,1.202654379,0.5170657592,0.6523467395,1.631307434,0.6340864891,-0.2790958,-0.13393682,0.06890148,0.39088723,-0.27035642,2,3,2
722,-0.04228758087,-0.0392819324,0.5991742694,0.08335417825,0.2165382642,1.483988697,1.618084784,-0.5324628,-0.25006333,0.06534108,0.36496145,-0.37152338,2,3,2
723,-0.02215463829,-0.05115637084,0.5991742694,0.5187298227,0.6418805763,1.916680834,0.3371491643,-0.21416605,-0.08617986,0.07834117,0.33883676,-0.21340993,0,2,0
724,0.04415624404,-0.05118230554,1.202654379,0.8598187726,0.9145529648,-0.2765977656,-0.4454172196,0.21234122,0.06874362,0.07636161,0.42090225,-0.13539203,4,0,4
725,-0.07568269992,-0.05493183904,-1.21126606,-3.055399464,-2.303363299,-0.7247974588,-0.7072697442,0.70901513,-0.30204993,-0.15327498,0.16076407,-1.2786298,1,4,1
726,-0.07568269992,-0.05316420182,0.5991742694,0.549665551,0.8126550764,-0.2941372855,-0.541558335,0.2591555,0.0050475756,0.059185408,0.3127213,-0.12715574,4,0,4
727,-0.07384516945,-0.05487912451,1.202654379,0.4845022389,0.4876911741,-0.7247974588,-0.5314834966,0.27088144,0.028754968,0.056858182,0.36545473,-0.14031656,4,0,4
728,-0.07096903479,-0.05474478748,0.5991742694,0.003417367725,-0.1391206938,-0.07694123249,-0.3648122947,0.13269503,0.06973961,-0.04525517,0.113461375,-0.06923632,4,0,4
729,-0.07568269992,-0.05493183904,-1.21126606,-1.297961156,-0.8580784041,-0.7247974588,-0.7072697442,0.47975868,-0.123492956,-0.021524906,0.24480097,-0.6749062,3,1,3
730,-0.07568269992,-0.05143482514,1.202654379,0.5475118545,0.693236552,-0.1599762036,0.1627078863,0.000681825,-0.04901834,0.06915818,0.37398723,-0.17020862,0,2,0
731,0.004209929385,-0.04585388685,-0.004305840521,0.4301790155,0.826139099,-0.0987145194,-0.2020691414,0.13165142,-0.033427596,0.005431172,0.3145072,-0.12584133,4,0,4
732,-0.07104892742,-0.05362332837,1.806134489,0.652258494,0.7476563117,0.7388241974,-0.2020581515,0.06244722,-0.0016760044,0.1048044,0.38924903,-0.1969237,0,2,0
733,-0.07568269992,-0.05493183904,-0.6077859505,0.3872650226,-1.174894379,-0.7247974588,-0.7072697442,0.32218903,0.12363611,-0.14180237,0.38518715,-0.38184616,3,1,3
734,0.00253218417,-0.05296937912,1.202654379,0.3333745717,-2.303363299,-0.7247974588,-0.7072697442,0.37967002,0.077899516,-0.09755394,0.45876923,-0.66638684,3,1,3
735,0.1400273992,-0.05210055864,-0.004305840521,0.6874776533,0.7260767636,-0.1084663395,-0.5926709425,0.21045706,0.14798597,-0.03656251,0.3444992,-0.10461281,4,0,4
736,0.1400273992,-0.0454912619,1.202654379,0.767538988,0.8464452932,0.2780161745,-0.2329186265,0.08795473,0.074720815,0.052188724,0.3822084,-0.13388881,4,0,4
737,-0.05834599936,-0.05352895235,1.202654379,0.4705427962,0.6825789521,-0.7247974588,-0.7072697442,0.34780136,0.011535391,0.08431533,0.36730236,-0.1353871,4,0,4
738,-0.07568269992,-0.04553068727,1.202654379,0.5615226492,0.7141684978,-0.5197773215,-0.2838669186,0.18532014,-0.021692567,0.06985569,0.37723172,-0.14708771,4,0,4
739,-0.07568269992,-0.05493183904,-1.21126606,-3.055399464,-2.303363299,-0.7247974588,-0.7072697442,0.70901513,-0.30204993,-0.15327498,0.16076407,-1.2786298,1,4,1
740,-0.07496366626,-0.05493183904,1.202654379,-0.8719759465,-0.9068899307,1.916680834,0.7089365229,-0.2678985,-0.16394295,-0.049078166,0.075023234,-0.24690507,0,2,0
741,-0.05786664359,-0.05294484135,0.5991742694,0.4972453767,0.6869364033,-0.0363711006,-0.3433668824,0.16789863,0.008842836,0.049086697,0.27331868,-0.1325338,4,0,4
742,-0.07336581367,-0.05347799186,-0.6077859505,0.4983229708,0.5026296801,-0.7247974588,-0.7072697442,0.28058425,0.08158897,-0.027856477,0.3236696,-0.09768085,4,0,4
743,-0.06545644337,-0.05314804736,1.806134489,0.5208858019,0.5685360023,1.122715031,0.1082852848,-0.080805585,-0.041515045,0.11017877,0.37177554,-0.2175731,0,2,0
744,0.1400273992,-0.02162305803,-0.6077859505,0.5214500777,0.6744935102,0.2341448943,0.8472128293,-0.2763644,-0.09469462,0.099962264,0.42033744,-0.26003653,2,3,2
745,-0.07416473997,-0.05157511381,1.202654379,0.06519715978,0.1563733157,1.490437912,0.9331926973,-0.36086065,-0.15148889,0.018711895,0.28906175,-0.23221757,2,3,2
746,-0.07544302204,-0.04847345889,-0.004305840521,-2.227588243,-1.622586598,-0.7247974588,-0.7072697442,0.58782995,-0.19831242,-0.10542719,0.20736934,-0.9188255,1,4,1
747,-0.07200763897,-0.03683526997,-1.81474617,0.5070266292,0.7468230108,-0.7247974588,-0.6268656546,0.3020584,0.042753886,-0.17667785,0.4068302,-0.14363137,4,0,4
748,-0.07544302204,-0.05478814943,-1.21126606,-2.227588243,-1.622586598,-0.7247974588,-0.7072697442,0.59311235,-0.22152834,-0.0667315,0.19146812,-0.9791919,1,4,1
749,-0.07392506208,-0.05493183904,-1.21126606,-2.227588243,-1.622586598,-0.7247974588,-0.7072697442,0.59308934,-0.22162674,-0.06656275,0.19138044,-0.9793118,1,4,1
750,-0.07568269992,-0.05480430388,-1.21126606,-0.4348860546,-0.2939341537,-0.7247974588,-0.7072697442,0.377294,-0.005928632,-0.062259912,0.28607112,-0.40349144,3,1,3
751,-0.0576269657,-0.05288680266,-0.004305840521,0.6121075058,0.6215408178,0.2613130151,-0.4589186239,0.16634308,0.08218579,0.012649021,0.3202203,-0.14049816,4,0,4
752,-0.07536312941,-0.04861459779,-1.81474617,-0.2465032202,-0.2939341537,-0.7247974588,-0.7072697442,0.3952285,0.03124156,-0.16206597,0.35685825,-0.46429908,3,1,3
753,-0.0742446326,-0.05493183904,-1.81474617,-3.055399464,-2.303363299,-0.7247974588,-0.7072697442,0.71469164,-0.32578003,-0.12568274,0.16301256,-1.34453,1,4,1
754,-0.004258689321,-0.02735023663,-0.004305840521,0.7672424844,0.8771395009,-0.2436753186,-0.2404883332,0.1385038,0.032840654,0.015220024,0.4128689,-0.14534763,4,0,4
755,-0.05538997208,-0.05349026669,1.202654379,0.6548261195,0.7435452398,-0.5705440188,-0.7072697442,0.32951283,0.051232964,0.0827564,0.38343033,-0.1344791,4,0,4
756,-0.07456420311,-0.05493183904,-0.6077859505,-2.520500295,-1.622586598,-0.7247974588,-0.7072697442,0.6474199,-0.22945014,-0.12982966,0.18934947,-1.0070786,1,4,1
757,-0.06833257803,-0.04732394205,-0.004305840521,0.2969071041,0.4044521688,0.265544477,1.035977846,-0.28982568,-0.15062645,0.09561836,0.34599072,-0.27972582,2,3,2
758,-0.04907845436,-0.03382170358,-0.6077859505,0.7414660541,0.8966952414,-0.7247974588,-0.5610643084,0.25468177,0.013209863,-0.009737246,0.4223324,-0.09432937,4,0,4
759,-0.07504355889,-0.05493183904,1.202654379,-1.059144593,-2.303363299,-0.7247974588,-0.7072697442,0.49411795,-0.092191845,-0.053682864,0.26362357,-0.7131399,3,1,3
760,-0.07568269992,-0.05348048899,1.202654379,0.657097577,0.752204234,0.2995820371,-0.128701047,0.07580429,0.0034871427,0.066129744,0.35259885,-0.17459132,0,2,0
761,-0.07544302204,-0.05493183904,-0.6077859505,-2.227588243,-2.303363299,-0.7247974588,-0.7072697442,0.56442475,-0.179443,-0.100723736,0.21781549,-1.0560889,1,4,1
762,-0.07312613579,-0.02479168931,-2.41822628,0.2028329674,0.6845069706,-0.7247974588,-0.3340384919,0.24144733,-0.067710236,-0.24236444,0.4090724,-0.24929011,4,0,4
763,-0.07568269992,-0.04835102514,-1.81474617,-3.055399464,-2.303363299,-0.7247974588,-0.7072697442,0.71487105,-0.32618293,-0.12460508,0.16345343,-1.3453026,1,4,1
764,-0.05379211949,-0.05395160385,1.202654379,0.4171611239,0.5519785902,1.338089633,-0.7072697442,0.16187075,0.032346275,0.08741087,0.28733927,-0.12938154,4,0,4
765,0.04415624404,-0.04818990573,-1.21126606,0.750423214,0.8537903807,-0.5080068828,-0.377202902,0.14228459,0.06587506,-0.08829421,0.42179614,-0.097374976,4,0,4
766,-0.01831979208,-0.04736579058,-1.21126606,0.3016536191,0.1406248584,0.709524486,-0.7072697442,0.17576143,0.18918456,-0.13264498,0.19591175,-0.14330031,4,0,4
767,-0.07320602841,-0.05197280243,-2.41822628,-0.2719145533,-0.339470171,-0.7247974588,-0.1220300051,0.19957802,-0.022712685,-0.28088567,0.39604822,-0.44265908,3,1,3
768,-0.07536312941,-0.05472353162,-1.21126606,-0.7722061841,-0.5594359521,-0.7247974588,0.02664446785,0.12947182,-0.16049136,-0.07088013,0.24497087,-0.36944845,0,2,0
769,-0.07264678001,-0.0543566555,-0.004305840521,0.5332740221,0.7682923117,-0.3939931182,-0.7072697442,0.30968344,0.04759881,0.0037093293,0.30212885,-0.11070837,4,0,4
770,-0.07360549156,-0.05416662812,-0.6077859505,0.1143189525,0.0003965106976,-0.1747323215,-0.4165047622,0.14479524,0.105213046,-0.05662156,0.15423635,-0.11225893,4,0,4
771,-0.07568269992,-0.05418788398,-0.6077859505,-0.04455032443,-0.6986558168,-0.7247974588,0.1334416846,0.044409238,-0.02697245,-0.1051496,0.29845095,-0.15883373,0,2,0
772,-0.07216742423,-0.05418788398,1.202654379,0.3222110312,0.5007258991,0.2485636086,0.4468924784,-0.10295148,-0.08730753,0.054778084,0.3206951,-0.20037243,0,2,0
773,-0.05339265635,-0.03491249304,1.202654379,0.07197224767,0.2208227874,1.916680834,1.761924492,-0.605726,-0.29684517,0.037476122,0.414535,-0.36753836,2,3,2
774,-0.07568269992,-0.05493183904,-0.6077859505,0.706290993,0.07785417755,-0.7247974588,-0.7072697442,0.25957957,0.16644524,-0.09431431,0.3781373,-0.14018266,4,0,4
775,-0.06769343699,0.008283297655,-0.004305840521,0.2775201835,0.5474444587,-0.7247974588,0.2824206456,-0.01723402,-0.12805673,0.024635486,0.3402263,-0.08386145,0,2,0
776,-0.06713418859,-0.0523786703,0.5991742694,0.2441674629,0.6184012755,-0.2159040248,0.1150530795,0.020409796,-0.095035076,0.0281201,0.2635946,-0.11620395,0,2,0
777,-0.07248699475,-0.05281050432,1.806134489,0.4095653059,0.5258256896,1.211770708,0.1194570878,-0.08566919,-0.07035525,0.11658093,0.35177878,-0.21199483,0,2,0
778,0.1400273992,-0.05312509104,1.202654379,0.5331953967,0.6801563235,1.916680834,0.2745367195,-0.21070477,-0.084575936,0.0875963,0.33739024,-0.17785954,0,2,0
779,-0.07528323678,-0.05493183904,0.5991742694,-1.683203216,-1.174894379,-0.7247974588,-0.7072697442,0.5292902,-0.15419929,-0.033390433,0.23216985,-0.6864796,3,1,3
780,-0.07568269992,-0.05493183904,0.5991742694,0.5615226492,0.7498013766,0.3319340213,-0.5873325496,0.22550008,0.037386764,0.04970026,0.32126302,-0.14144844,4,0,4
781,-0.06633526229,-0.05113011815,1.202654379,0.2304858192,0.5853654627,0.4411757175,0.1877220065,-0.020007506,-0.112410665,0.043206066,0.31014258,-0.19524857,0,2,0
782,-0.07240710212,-0.05025555009,-1.21126606,-0.5454105809,-0.8116516162,1.916680834,-0.7072697442,0.20989479,0.12405681,-0.11587764,-0.01494503,-0.3409672,4,0,4
783,-0.0363755263,0.008283297655,1.806134489,0.5883451162,0.7478469049,0.2153582559,0.3170237415,-0.06940408,-0.07612212,0.10713932,0.44285884,-0.2205768,0,2,0
784,-0.06545644337,-0.05109048023,1.202654379,0.4474720473,0.4486291291,-0.7247974588,-0.2548023378,0.1686581,-0.010029919,0.036411718,0.37171403,-0.13350505,4,0,4
785,-0.06289987923,-0.05014331916,-0.004305840521,0.1634313298,0.1788351531,-0.26379961,1.431309994,-0.42351106,-0.22196582,0.08562842,0.39078707,-0.2710703,2,3,2
786,-0.07488377363,-0.05286804138,-1.21126606,0.05295633797,0.3544673731,-0.7247974588,-0.7072697442,0.33451882,0.017543375,-0.09953752,0.29084516,-0.17583245,4,0,4
787,-0.05914492566,-0.05280115175,-1.21126606,0.5131790267,0.644757453,-0.5367974312,0.1562845581,-0.0488657,-0.037956163,-0.06304759,0.3958457,-0.11122334,0,2,0
788,-0.06841247066,-0.05493183904,-1.21126606,-0.4529680108,-0.8580784041,-0.7247974588,-0.7072697442,0.3837483,0.027704366,-0.07191172,0.34050557,-0.53429496,3,1,3
789,-0.06889182643,-0.04637423027,-0.6077859505,0.5546726102,0.7220730096,-0.3541749519,-0.4082578938,0.17335448,0.02652046,-0.026293963,0.301678,-0.09592411,4,0,4
790,0.0601347699,-0.03144989663,-0.004305840521,0.7430553937,0.8359705994,-0.7247974588,-0.7072697442,0.32406366,0.07225564,0.002142325,0.4151082,-0.10521403,4,0,4
791,-0.07568269992,-0.05493183904,-0.004305840521,-2.227588243,-2.303363299,-0.7247974588,-0.7072697442,0.55108196,-0.20070665,-0.08700001,0.1979191,-1.0348463,1,4,1
792,-0.0636189129,-0.04879484748,1.202654379,0.7140855019,0.7979505643,-0.3113991594,-0.3305732262,0.18633929,0.019496076,0.079403505,0.384258,-0.14565155,4,0,4
793,-0.07568269992,-0.05068075229,-0.6077859505,0.7107195286,0.805820048,-0.6107661143,-0.7072697442,0.29365036,0.06681566,-0.015389778,0.37360674,-0.10874094,4,0,4
794,-0.07312613579,-0.05421313594,-1.21126606,-0.1532806447,-0.2559830434,-0.7247974588,0.5158804507,-0.1075772,-0.1322539,-0.111551896,0.31556344,-0.17853203,0,2,0
795,-0.00329997777,-0.05126493982,1.202654379,0.421138006,0.5056868928,-0.5023215169,0.7801391142,-0.16364945,-0.16470575,0.10657396,0.46025425,-0.22976732,0,2,0
796,-0.07384516945,-0.05332540625,0.5991742694,0.1715327575,0.3070516901,-0.7247974588,0.183694281,0.026272066,-0.11031642,0.022372164,0.30077845,-0.123471566,0,2,0
797,-0.07568269992,-0.05493183904,1.806134489,0.5949838934,0.5135854332,-0.7247974588,-0.5415642809,0.28855008,0.024031475,0.08764732,0.44989282,-0.14869101,4,0,4
798,0.1240488733,-0.02731792772,1.806134489,0.3588863508,0.5054459245,1.874841725,1.613415419,-0.5656684,-0.27507338,0.060128808,0.531403,-0.3782629,2,3,2
799,-0.07216742423,-0.05391155781,0.5991742694,0.3302649903,0.5207265151,-0.2818343956,-0.2706057617,0.1476318,0.00170644,0.02708096,0.2224114,-0.107058436,4,0,4
800,-0.02774712234,-0.04259434341,-1.21126606,0.5935774346,0.6707290426,-0.1963644359,-0.2125432898,0.0756339,0.06363256,-0.094920486,0.3380766,-0.12288518,4,0,4
801,-0.07528323678,-0.05115424781,-1.81474617,0.03498268978,-2.303363299,-0.7247974588,-0.7072697442,0.42952836,0.1862104,-0.27272832,0.5331552,-0.83820826,3,1,3
802,-0.07168806846,-0.03033540944,1.806134489,0.2537057561,0.3911185215,1.916680834,1.066351081,-0.4171201,-0.21227334,0.07894963,0.42430872,-0.33241743,2,3,2
803,-0.07384516945,-0.05493183904,-0.6077859505,-0.1598853492,0.07785417755,-0.7247974588,-0.7072697442,0.32070148,0.008124281,-0.020308845,0.23891053,-0.21247333,4,0,4
804,-0.03461788846,-0.05175295308,0.5991742694,0.2778878148,0.384926989,0.616563089,0.5181233366,-0.14961289,-0.07147041,0.020843215,0.26123995,-0.19599292,0,2,0
805,-0.06377869816,-0.05325687906,0.5991742694,0.3145192422,0.4926888492,0.03392505803,1.511515778,-0.4073634,-0.2832326,0.10126983,0.48745537,-0.354415,2,3,2
806,0.09209182162,0.008283297655,-0.6077859505,0.7639977158,0.8542126972,-0.3387640238,-0.0885931799,0.042684477,0.036173925,-0.004723504,0.4239496,-0.11960097,0,2,0
807,0.1400273992,-0.04803133703,-0.004305840521,0.4509300494,0.4347259229,-0.03325436608,0.7475416403,-0.20402414,-0.041496456,0.08042742,0.36410576,-0.21443203,0,2,0
808,-0.06409826867,-0.0476223743,-0.6077859505,0.3975496537,0.5436167695,0.777429531,0.2759339729,-0.09240101,-0.02967979,0.011299327,0.281411,-0.17792046,0,2,0
809,-0.07568269992,-0.05493183904,-0.004305840521,0.3958842053,0.5581499084,-0.7247974588,-0.5586141042,0.2568857,0.014200987,0.004707328,0.28509718,-0.0871649,4,0,4
810,-0.07088914216,-0.05288872589,-2.41822628,-0.8447790832,-0.8646893938,1.136532976,-0.7072697442,0.38377196,0.12383953,-0.32933217,0.059290767,-0.58194846,3,1,3
811,-0.06889182643,-0.05476179216,-0.6077859505,-0.1793970386,-1.991792948,-0.7247974588,1.761924492,-0.51045245,-0.0713705,-0.12356021,0.47750482,-0.4522665,2,3,2
812,-0.07456420311,-0.05493183904,-1.21126606,0.321907537,-2.303363299,-0.7247974588,-0.7072697442,0.3883602,0.2038621,-0.2724241,0.5007154,-0.72383964,3,1,3
813,-0.07168806846,-0.0532033126,-1.81474617,0.3645688555,0.4480816561,-0.5011115238,-0.3384502242,0.1788693,0.055681974,-0.19741443,0.34093437,-0.19047666,4,0,4
814,-0.07392506208,-0.05466906135,-1.21126606,0.2318942074,-1.618927147,-0.7247974588,1.305882006,-0.35797194,0.045936525,-0.20607449,0.5334007,-0.40034822,2,3,2
815,-0.07536312941,-0.05493183904,-0.6077859505,-3.055399464,-2.303363299,-0.7247974588,-0.7072697442,0.6993667,-0.29838753,-0.16144516,0.15880764,-1.2614766,1,4,1
816,-0.05866556988,-0.05493183904,-0.6077859505,0.2276997649,0.2829349161,-0.7247974588,-0.7072697442,0.28459534,0.059643395,-0.046294488,0.26581925,-0.09515566,4,0,4
817,-0.07568269992,-0.05038624812,1.806134489,0.652258494,0.6690133079,0.4366863924,-0.5232321079,0.19582056,0.06160375,0.10190174,0.3579895,-0.17381112,4,0,4
818,-0.07392506208,-0.05493183904,-0.004305840521,0.227887557,-0.6220677953,-0.7247974588,-0.7072697442,0.28337756,0.07945312,-0.046000794,0.28197533,-0.19137788,4,0,4
819,-0.07320602841,-0.05461215092,1.202654379,0.3937640985,0.6267553656,-0.2618545243,-0.1936690571,0.12414707,-0.031435363,0.05497873,0.2975687,-0.12491013,4,0,4
820,-0.04548328604,-0.05337700697,0.5991742694,0.4784059783,0.2358223657,-0.7247974588,0.2901384224,-0.02147762,-0.036265038,0.027472265,0.35819015,-0.12786216,0,2,0
821,-0.07488377363,-0.05363523165,0.5991742694,-0.3009870526,-0.4239508897,0.2011788441,1.761924492,-0.58088887,-0.16128124,0.09846661,0.29654172,-0.2524143,2,3,2
822,-0.07568269992,-0.05186419349,0.5991742694,0.722631343,0.8835928894,-0.477970754,-0.6613093738,0.31376612,0.039990272,0.0531796,0.37977684,-0.13384718,4,0,4
823,-0.0701701085,-0.05130218858,1.202654379,0.473815022,0.6607502552,0.3874715733,-0.4382681658,0.17840356,0.014447263,0.053507894,0.29418677,-0.14278515,4,0,4
824,-0.06266020135,-0.04955665746,0.5991742694,0.5647635707,0.6213688427,1.182693547,0.2567097532,-0.12648773,-0.039695125,0.05622478,0.30841097,-0.20227364,0,2,0
825,0.1400273992,-0.05133602791,0.5991742694,0.7357286879,0.7204082067,-0.6335959454,-0.4277430263,0.20635638,0.08575858,0.011134744,0.4064435,-0.11057437,4,0,4
826,-0.07112882005,-0.04887646997,-0.6077859505,0.361727304,0.3551024305,-0.1423774751,0.9492124956,-0.30014512,-0.09587249,0.052533895,0.37027746,-0.22300847,2,3,2
827,-0.07488377363,-0.05373549468,-2.41822628,-1.207258152,-0.6220677953,-0.7247974588,-0.7072697442,0.5276847,-0.110962816,-0.18335694,0.29253745,-0.7446505,3,1,3
828,-0.05802642885,-0.05106157226,0.5991742694,0.5142648726,0.6692805558,0.5202238068,0.01029816109,0.032607287,-0.03299423,0.04230132,0.3135772,-0.17476107,0,2,0
829,-0.07552291466,-0.05493183904,-0.6077859505,-2.227588243,-2.303363299,-0.7247974588,-0.7072697442,0.56442136,-0.17944054,-0.10072397,0.21781224,-1.0560833,1,4,1
830,-0.07504355889,-0.05438003694,-0.6077859505,0.1133500836,0.5683046712,-0.7247974588,-0.7072697442,0.31241533,-0.0073706247,-0.021316871,0.24047387,-0.08896714,4,0,4
831,-0.07568269992,-0.053570681,0.5991742694,0.2043646828,0.2997132458,1.916680834,0.2041029175,-0.17370713,-0.07402737,0.065126255,0.23455462,-0.19695413,0,2,0
832,-0.06697440333,0.008283297655,0.5991742694,0.2095531863,0.1117799451,1.153688195,1.761924492,-0.56137,-0.1815418,0.10148415,0.4131011,-0.43879908,2,3,2
833,-0.07568269992,-0.05406204929,1.202654379,0.5762275887,0.6320977208,0.913891199,0.5048549617,-0.16227347,-0.07249701,0.069131985,0.38523564,-0.27033946,0,2,0
834,-0.07568269992,-0.05493183904,-1.21126606,-3.055399464,-2.303363299,-0.7247974588,-0.7072697442,0.70901513,-0.30204993,-0.15327498,0.16076407,-1.2786298,1,4,1
835,-0.07328592104,-0.04788254602,-2.41822628,-0.2511800008,0.2156472123,-0.7247974588,0.3208470302,0.011136562,-0.19480583,-0.23322383,0.3842833,-0.29373986,0,2,0
836,-0.01304687855,-0.03794840784,0.5991742694,0.6458592692,0.7380956441,0.7487204,-0.3811977557,0.10888754,0.041126948,0.0405616,0.3383135,-0.14134929,4,0,4
837,-0.07232720949,-0.05484766583,-0.004305840521,0.3279520896,-1.314599623,-0.7247974588,1.761924492,-0.5514328,-0.040589362,-0.00955151,0.54487145,-0.32420486,2,3,2
838,-0.06577601389,-0.05438428811,-0.004305840521,0.1749685446,-0.04214494595,-0.1455894925,-0.4010998336,0.112083666,0.08865006,-0.03636224,0.13593805,-0.06427129,4,0,4
839,-0.06305966449,-0.05493183904,-0.004305840521,0.2237036097,-0.7196724942,-0.7247974588,1.761924492,-0.548045,-0.15960586,0.07980267,0.51100165,-0.29090887,2,3,2
840,0.1400273992,-0.04565858802,-0.004305840521,0.7794836301,0.8777395456,0.2755077738,-0.3590316343,0.12472136,0.11459018,-0.010762397,0.42045543,-0.13166395,4,0,4
841,0.1400273992,-0.05476157961,0.5991742694,0.4771658581,-0.6220677953,-0.7247974588,-0.7072697442,0.2814278,0.11418875,-0.035566673,0.31135115,-0.18151039,4,0,4
842,0.05214550697,-0.02222894353,1.806134489,0.657097577,0.8059625966,-0.127650855,-0.2014540109,0.11707446,0.0048739538,0.115986705,0.42319155,-0.16557786,4,0,4
843,0.1160596104,-0.05265321097,1.202654379,0.6000104855,0.6936325961,1.268390079,0.002151974213,-0.060754716,-0.0072923824,0.07551542,0.34709895,-0.17744547,0,2,0
844,-0.04116908406,-0.05181725885,0.5991742694,0.5838459541,0.7381832812,-0.4530098883,-0.2283879428,0.16437793,-0.016674524,0.041699782,0.35059494,-0.13846362,4,0,4
845,-0.07400495471,-0.05140396164,0.5991742694,-0.5528276973,-0.5594359521,0.6636112107,-0.7072697442,0.24512635,0.080222316,-0.005405754,0.053250313,-0.1917553,4,0,4
846,-0.07496366626,-0.05467676873,0.5991742694,0.1917418867,0.3850852726,-0.7247974588,-0.7072697442,0.32322,0.023831554,0.038129985,0.26171577,-0.116453096,4,0,4
847,-0.0734457063,-0.05493183904,-0.004305840521,-0.08580140782,-0.2511663654,-0.7247974588,-0.1758533545,0.10564558,-0.03594915,-0.022201614,0.20176834,-0.059932813,4,0,4
848,-0.05139534061,-0.05441319608,0.5991742694,0.6315432373,0.735685574,0.4868783208,-0.1036292721,0.06773086,-0.0010054931,0.04743114,0.3464289,-0.17079857,0,2,0
849,-0.03054336436,-0.05375773341,0.5991742694,0.5821533138,0.7713936447,-0.3607139209,0.02965340914,0.06560234,-0.03759928,0.047735527,0.3706974,-0.15035088,0,2,0
850,-0.07280656527,-0.05264738686,1.202654379,0.1680109059,0.3037798025,0.7969994432,-0.1811948344,0.037922606,-0.027057022,0.064501524,0.22212231,-0.16380678,0,2,0
851,-0.07560280729,-0.05493183904,0.5991742694,-3.055399464,-2.303363299,-0.7247974588,-0.7072697442,0.70968336,-0.36036727,-0.120975465,0.17687765,-1.2531661,1,4,1
852,-0.03078304225,-0.05351050227,0.5991742694,0.6609492138,0.7591658801,0.4328842195,-0.02283425114,0.046034485,-0.0019532256,0.048319884,0.35808435,-0.17178398,0,2,0
853,-0.06266020135,-0.04973945784,-0.6077859505,0.684011748,0.5794970027,0.2400299926,-0.7072697442,0.20747349,0.16497825,-0.05781527,0.31997284,-0.12451893,4,0,4
854,-0.07336581367,-0.05493183904,-0.6077859505,0.01351669507,0.006621235816,-0.7247974588,-0.7072697442,0.29960695,0.03887303,-0.037655346,0.2602325,-0.19518954,4,0,4
855,-0.06385859079,-0.04691753003,1.202654379,0.4293117953,0.6577731888,-0.1925364435,0.3046988991,-0.039910823,-0.09684628,0.06834395,0.37258634,-0.1716437,0,2,0
856,-0.05826610673,-0.05313869479,-1.21126606,0.5549260651,-2.303363299,-0.7247974588,-0.7072697442,0.3659729,0.26800174,-0.2923609,0.53602815,-0.70538723,3,1,3
857,-0.07440441785,-0.05493183904,-0.6077859505,0.4974739151,0.6070621816,-0.7247974588,-0.7072697442,0.2953923,0.057844996,-0.018793523,0.3263942,-0.09849514,4,0,4
858,-0.07568269992,-0.05493183904,1.202654379,0.6081887821,-0.6220677953,-0.7247974588,-0.7072697442,0.29859418,0.10858686,-0.028339148,0.35773516,-0.18384297,4,0,4
859,-0.07472398837,-0.05493183904,0.5991742694,-0.2150699798,0.1481303884,-0.3588538326,-0.1023603864,0.09983735,-0.04228969,-0.006493941,0.15464753,-0.09031984,4,0,4
860,-0.07240710212,-0.05452372655,-0.6077859505,0.5549260651,0.6747978586,-0.7247974588,-0.7072697442,0.30196342,0.053083897,-0.017218001,0.3436303,-0.10327658,4,0,4
861,-0.05554975734,-0.05415982624,1.202654379,0.3172525507,0.2715552778,1.916680834,1.761924492,-0.6158938,-0.20920113,0.047070444,0.46975303,-0.41819373,2,3,2
862,-0.07568269992,-0.04943762465,1.202654379,0.5844955074,0.7473873218,0.8560588487,0.05275263848,-0.013709456,-0.05625631,0.070266485,0.37765455,-0.21576694,0,2,0
863,-0.06449773182,-0.04962637752,0.5991742694,0.5577793076,0.7602834065,0.1338787212,-0.2089179602,0.12347132,-0.013970926,0.05261255,0.31989413,-0.14913984,4,0,4
864,-0.04404521872,-0.052810228,0.5991742694,0.5207049878,0.6583334015,0.8163571363,0.665962224,-0.19674978,-0.116383836,0.0676352,0.36838132,-0.25520137,0,2,0
865,-0.07536312941,-0.05493183904,-1.21126606,-2.227588243,-1.622586598,-0.7247974588,-0.7072697442,0.5931074,-0.22152571,-0.06674791,0.19146122,-0.9791828,1,4,1
866,-0.01927850363,-0.04812401257,-0.6077859505,0.6227953274,0.6954030931,-0.3823328327,0.09505664162,-0.008786194,-0.009604655,0.022156999,0.37545276,-0.14681555,0,2,0
867,-0.07025000113,-0.05385646263,-0.004305840521,0.5227559641,0.6929007649,-0.2131209845,-0.5620954678,0.24688344,0.049329333,-0.0014821533,0.28030646,-0.117333144,4,0,4
868,-0.06569612126,-0.054376636,-0.6077859505,0.557041978,0.6000525166,-0.6205517737,-0.03583118475,0.035442475,-0.0030946694,0.008735225,0.35539266,-0.10684033,0,2,0
869,-0.05650846889,-0.05215752434,0.5991742694,0.4499169596,0.4365758117,1.337570269,1.107314168,-0.37232846,-0.12051787,0.07105959,0.3813016,-0.3420066,2,3,2
870,-0.06050310035,-0.05337322853,1.202654379,0.5672256001,0.2454177561,-0.7247974588,-0.430433701,0.21585095,0.060758617,0.029497027,0.3656091,-0.117830396,4,0,4
871,-0.07432452522,-0.05493183904,-0.004305840521,0.5612879198,0.5319581054,-0.7247974588,-0.330715431,0.17277065,0.015284445,0.030425461,0.34862456,-0.1219713,4,0,4
872,-0.04660178285,-0.05202403755,-1.21126606,0.4705427962,0.6000525166,-0.4003130794,-0.2190587477,0.08526539,0.032190766,-0.096625686,0.31448722,-0.09045683,4,0,4
873,-0.07496366626,-0.05488082497,-1.81474617,0.01412403851,-0.04214494595,-0.7247974588,0.2538843928,-0.01612207,-0.056579873,-0.19237077,0.38518226,-0.24760903,0,2,0
874,-0.05642857626,-0.05355871056,1.202654379,0.5676042787,0.7201455609,0.3359865228,0.2667018663,-0.052680567,-0.054595694,0.07011005,0.37884626,-0.21539165,0,2,0
875,-0.05283340794,-0.05332347792,-0.6077859505,0.7171567662,0.8160353539,-0.5232335366,-0.4196231834,0.18913026,0.029427474,-0.025401346,0.3819547,-0.10909855,4,0,4
876,-0.03733423786,-0.01040760053,-0.6077859505,0.5973473515,0.7327064373,-0.3566200212,0.4698356966,-0.12449079,-0.08550149,0.05494298,0.4333287,-0.18299948,0,2,0
877,-0.07384516945,-0.05399233008,-1.81474617,-0.3554159528,-0.8580784041,-0.7247974588,-0.7072697442,0.4075623,0.05784887,-0.15312947,0.38485312,-0.60799694,3,1,3
878,-0.07568269992,-0.05315654971,-0.004305840521,0.3817036173,0.3536466729,1.125929667,1.761924492,-0.5657519,-0.20043698,0.14237939,0.4476918,-0.44987214,2,3,2
879,-0.06585590652,-0.05370920204,-1.21126606,0.5550989169,0.7500156309,-0.5747773308,-0.7072697442,0.29600427,0.07583475,-0.090477586,0.3535231,-0.12158203,4,0,4
880,-0.06377869816,-0.05493183904,1.202654379,0.5241636293,-1.542907059,1.916680834,-0.7072697442,-0.030061036,0.3734131,0.046494663,0.1017929,-0.2418688,4,0,4
881,-0.07568269992,-0.05493183904,-0.6077859505,-3.055399464,-2.303363299,-0.7247974588,-0.7072697442,0.6993672,-0.29837355,-0.16146582,0.15881473,-1.26147,1,4,1
882,-0.07104892742,-0.05352725188,0.5991742694,0.577924333,0.635636592,0.6575261714,-0.2519581709,0.08153555,0.021586731,0.0358648,0.3039827,-0.15747489,4,0,4
883,0.1400273992,-0.04209159984,-0.6077859505,0.6654853707,0.7955471135,-0.3908218361,-0.07243929067,0.03219109,0.033962555,-0.0070187747,0.39930233,-0.11274837,0,2,0
884,-0.06697440333,-0.05280157686,-1.21126606,0.4523669259,0.4756913927,0.3197831362,-0.612337015,0.19351017,0.13087519,-0.11534093,0.28096986,-0.15700299,4,0,4
885,-0.07560280729,-0.04994011315,0.5991742694,-3.055399464,-1.622586598,-0.7247974588,-0.7072697442,0.72699654,-0.38123834,-0.11386046,0.16837335,-1.0925399,1,4,1
886,-0.05011705854,-0.04751014337,0.5991742694,0.3657712105,0.3484260347,-0.2852981447,-0.7072697442,0.27414143,0.08901349,0.010678306,0.22502428,-0.12906954,4,0,4
887,-0.07544302204,-0.05493183904,-1.21126606,-0.798498114,-0.2939341537,-0.7247974588,-0.7072697442,0.42332405,-0.070543446,-0.03784673,0.2546781,-0.46462357,3,1,3
888,-0.05994385195,-0.05365223633,1.806134489,0.3856732574,0.5239687868,0.6632297369,0.421633611,-0.12003213,-0.10067656,0.08483103,0.39700127,-0.23333009,0,2,0
889,-0.06138191928,-0.05476604334,-0.6077859505,0.6386053343,0.7531263755,-0.7247974588,-0.6290423852,0.27271116,0.039099135,-0.013694905,0.37269866,-0.09882237,4,0,4
890,-0.07528323678,-0.05493183904,-0.004305840521,-0.5528276973,-0.6220677953,-0.7247974588,-0.7072697442,0.35235664,-0.006011598,-0.007972382,0.2447173,-0.34160745,4,0,4
891,-0.05219426691,-0.05411975895,-0.6077859505,0.5762275887,0.3074230934,-0.5358958669,0.5166702341,-0.16647564,0.020517867,0.006516829,0.3964396,-0.13191074,0,2,0
892,-0.06465751708,-0.04302770786,0.5991742694,0.6493253754,0.6107009156,0.3937070758,0.4105832801,-0.0872083,-0.014342073,0.058393642,0.35457584,-0.21911658,0,2,0
893,-0.07568269992,-0.05493183904,0.5991742694,-0.03959405107,-0.6220677953,-0.7247974588,-0.7072697442,0.3070264,0.04803268,0.0042084754,0.23866835,-0.22399853,4,0,4
894,-0.07448431048,-0.05446846131,1.806134489,0.390664826,0.5028197029,1.748608508,0.01161204932,-0.100539595,-0.06893107,0.13709232,0.33606493,-0.20350517,0,2,0
895,-0.07440441785,-0.04983553432,-1.21126606,-0.1483087686,0.1229493614,-0.7247974588,0.4652547474,-0.090085655,-0.17830434,-0.08254559,0.32163465,-0.15380459,0,2,0
896,-0.07520334415,-0.05493183904,-0.6077859505,-2.520500295,-2.303363299,-0.7247974588,-0.7072697442,0.60732055,-0.22527878,-0.11699024,0.19416118,-1.12908,1,4,1
897,-0.05618889837,-0.05493183904,-1.21126606,0.9030437068,0.8832908453,-0.7247974588,-0.7072697442,0.28406173,0.113076426,-0.086585686,0.48408914,-0.11987087,4,0,4
898,-0.07568269992,-0.0548221588,-0.004305840521,0.166534348,-1.424493338,1.916680834,-0.05607265729,-0.17783102,0.26248297,0.030205384,0.06314209,-0.37941933,0,2,0
899,-0.07568269992,-0.05493183904,-2.41822628,-3.055399464,-2.303363299,-0.7247974588,-0.7072697442,0.730219,-0.35417134,-0.12574734,0.18320787,-1.4467713,1,4,1
900,-0.07528323678,-0.05493183904,-1.21126606,-1.297961156,-0.8580784041,-0.7247974588,-0.7072697442,0.4797617,-0.12352131,-0.021506757,0.24478915,-0.67492384,3,1,3
901,-0.07568269992,-0.05153855373,-1.21126606,0.7144888326,0.8022027081,0.001221250372,-0.467926731,0.16146222,0.0957866,-0.09273027,0.36581638,-0.13579288,4,0,4
902,-0.07544302204,-0.05469462365,-1.81474617,-2.528150338,-1.622586598,-0.7247974588,-0.7072697442,0.65826845,-0.29412347,-0.079365104,0.1678024,-1.1340152,1,4,1
903,-0.06353902027,-0.05376701797,0.5991742694,0.002321711404,0.03755709844,-0.7247974588,0.6033310115,-0.11614612,-0.18296267,0.051142223,0.31791806,-0.1404411,0,2,0
904,-0.07392506208,-0.05391920992,-1.21126606,0.4508014352,0.5951303861,-0.7247974588,-0.5724826352,0.25888932,0.046712272,-0.102162644,0.35342187,-0.10089269,4,0,4
905,-0.07552291466,-0.05493183904,-0.004305840521,-0.5282071901,-2.303363299,-0.7247974588,-0.7072697442,0.38450795,0.017677873,-0.0841084,0.2871599,-0.6733314,3,1,3
906,-0.05387201212,-0.05297970946,-0.6077859505,0.7138406578,0.8418776416,-0.4322494447,-0.4615698794,0.20297061,0.03711558,-0.032454304,0.36612135,-0.10611798,4,0,4
907,-0.07568269992,-0.04707057221,-1.81474617,0.1506776892,0.5026296801,-0.7247974588,-0.7072697442,0.35578752,0.021584531,-0.17538773,0.34349665,-0.21759987,4,0,4
908,0.1400273992,-0.04689032253,0.5991742694,0.6749157542,0.779027249,-0.1417582197,0.1472722216,-0.003971204,0.026417311,0.01959207,0.38412422,-0.13961945,0,2,0
909,-0.02750744445,-0.03922290913,1.202654379,0.4461477509,0.5552850821,1.262897296,-0.02428197443,-0.04711467,-0.035797298,0.075529486,0.29372787,-0.17620607,0,2,0
910,-0.07384516945,-0.05479665177,-1.81474617,-0.8283414179,-0.5594359521,-0.7247974588,0.02664446785,0.16280504,-0.1632431,-0.14472166,0.2904283,-0.4596488,3,1,3
911,-0.07568269992,-0.05449643402,0.5991742694,0.3909825742,0.547897541,0.4600691598,-0.6366858774,0.22055756,0.04338846,0.038594827,0.24516663,-0.12316923,4,0,4
912,-0.07160817583,-0.05493183904,-1.21126606,0.4523669259,0.7052195917,-0.7247974588,-0.612337015,0.28127092,0.027029369,-0.09503938,0.3549231,-0.101519346,4,0,4
913,-0.07200763897,-0.0530411729,1.202654379,0.417990413,0.4737134307,0.95283229,0.03374681554,-0.041095212,-0.024427397,0.069692194,0.2873598,-0.19616479,0,2,0
914,-0.07568269992,-0.04481481545,1.202654379,0.5039786342,0.8094830585,-0.7247974588,-0.6482243629,0.33859417,-0.018400032,0.08376774,0.38802058,-0.13326609,4,0,4
915,0.1400273992,-0.0530154108,0.5991742694,0.5762275887,0.6890630335,0.2262762038,-0.3910899276,0.13177545,0.07596363,0.023218557,0.3077109,-0.11925684,4,0,4
916,-0.07232720949,-0.05493183904,-0.6077859505,0.5628103192,0.2454177561,-0.2010828937,-0.7072697442,0.21640103,0.18615593,-0.0595382,0.26074573,-0.127483,4,0,4
917,-0.07568269992,-0.05493183904,-0.004305840521,-1.498508037,-2.303363299,-0.7247974588,-0.7072697442,0.4569729,-0.08678891,-0.035178855,0.23897168,-0.83974206,3,1,3
918,-0.01416537536,-0.05493183904,-0.004305840521,0.01153049161,-0.07664281507,-0.7247974588,-0.7072697442,0.27415234,0.048590824,0.007094281,0.23256084,-0.14306283,4,0,4
919,-0.07168806846,-0.05386054375,-1.21126606,0.7118009903,0.2686469667,-0.7247974588,-0.0812688812,0.03964721,0.10719491,-0.13198344,0.4468267,-0.121742696,4,0,4
920,-0.07456420311,-0.05434262663,1.202654379,0.3424835272,0.6863703983,-0.7247974588,-0.6056605342,0.3186437,-0.027708318,0.07788561,0.34773442,-0.13028806,4,0,4
921,-0.0641781613,-0.05077483073,-0.004305840521,0.2030157192,0.06147319708,1.107198821,1.733649115,-0.5713866,-0.15270582,0.10220645,0.3399814,-0.42373204,2,3,2
922,-0.07568269992,-0.05493183904,-1.21126606,-1.010976848,-2.303363299,-0.7247974588,-0.7072697442,0.45090705,-0.0011852905,-0.09152538,0.37492877,-0.8982779,3,1,3
923,-0.0641781613,-0.0454985246,1.202654379,0.3320776462,0.6244672336,-0.003108480079,0.885321562,-0.20644943,-0.19708717,0.10033731,0.4209174,-0.25498936,0,2,0
924,-0.06425805393,-0.05418618351,0.5991742694,0.649067916,0.751396178,-0.5292205564,-0.4134338231,0.2332269,0.012054318,0.04692948,0.36654398,-0.14068595,4,0,4
925,-0.07568269992,-0.05493183904,-0.004305840521,-2.520500295,-2.303363299,-0.7247974588,-0.7072697442,0.5987601,-0.24045338,-0.10908502,0.18665554,-1.1184467,1,4,1
926,-0.05690793204,-0.04885691458,1.806134489,0.2056989328,0.2979313066,1.916680834,1.761924492,-0.6126075,-0.27786168,0.06706989,0.5088304,-0.40866983,2,3,2
927,-0.07432452522,-0.05453222889,-1.21126606,-0.6119727252,-0.2939341537,-0.7247974588,-0.7072697442,0.39749098,-0.037576653,-0.046532243,0.2664193,-0.4318266,3,1,3
928,-0.07392506208,-0.05277734519,-0.004305840521,0.6005122275,0.7785458153,0.02232717138,-0.4246661312,0.19926243,0.027507383,0.009228395,0.33107847,-0.13946693,4,0,4
929,-0.07360549156,-0.05493183904,0.5991742694,0.360926895,0.3205994174,-0.7247974588,-0.7072697442,0.3066338,0.06013929,0.031564787,0.28846025,-0.11966555,4,0,4
930,-0.07568269992,-0.0544038435,0.5991742694,0.7175171739,0.8163179635,-0.2673268373,-0.5918898185,0.27244198,0.05296985,0.05563142,0.3590277,-0.14398712,4,0,4
931,-0.07568269992,-0.05493183904,-0.6077859505,0.624487219,0.3850852726,-0.7247974588,-0.7072697442,0.269113,0.11945743,-0.045603424,0.35885626,-0.12297051,4,0,4
932,-0.07496366626,-0.05472523209,0.5991742694,0.1507800413,0.2443068984,1.40509567,0.1652925342,-0.11465335,-0.06129345,0.0476152,0.20581478,-0.17676781,0,2,0
933,-0.06385859079,-0.05493183904,-1.21126606,-0.3518448427,-1.174894379,-0.7247974588,-0.7072697442,0.37984356,0.04929649,-0.09391703,0.3755607,-0.59210515,3,1,3
934,-0.07568269992,-0.05343602174,1.202654379,0.3397598852,0.3492943037,0.00333318589,1.192045758,-0.3167553,-0.14411218,0.10375581,0.43625802,-0.3070891,2,3,2
935,-0.07488377363,-0.05307620256,1.202654379,-0.798498114,-0.8580784041,-0.7247974588,-0.7072697442,0.45756632,-0.06713885,0.010489553,0.28057393,-0.3918267,3,1,3
936,-0.0603433151,-0.05493183904,1.202654379,0.1169795204,0.1338181417,1.33782718,0.3830357038,-0.19038221,-0.06826582,0.056351423,0.22777566,-0.19651856,0,2,0
937,-0.07568269992,-0.05493183904,-0.6077859505,0.03825066186,-0.2939341537,-0.7247974588,-0.7072697442,0.29850522,0.057452563,-0.053672537,0.28765643,-0.24375391,4,0,4
938,-0.07472398837,-0.05409342294,-1.21126606,-0.2729786225,-1.174894379,-0.7247974588,-0.7072697442,0.3743829,0.060537618,-0.10196859,0.38181245,-0.5766982,3,1,3
939,-0.07568269992,-0.05239388949,1.202654379,0.1705582312,0.7222886607,-0.7247974588,-0.7072697442,0.3673123,-0.058478303,0.094220966,0.3173613,-0.12825966,4,0,4
940,-0.06489719497,-0.05475499029,-1.21126606,0.7032989538,0.8382412535,-0.7247974588,-0.6578230898,0.28296366,0.058994062,-0.082546696,0.42504242,-0.10941386,4,0,4
941,-0.07552291466,-0.05493183904,1.202654379,-0.3979707529,-1.618927147,1.916680834,-0.7072697442,0.08460295,0.20461644,0.006329596,0.035092503,-0.3038572,4,0,4
942,-0.07568269992,-0.05323137033,1.202654379,0.6358391209,0.7361696071,-0.04912411345,-0.2800730052,0.14604497,0.022671295,0.066145375,0.34056208,-0.1447327,4,0,4
943,-0.07496366626,-0.05493183904,-1.21126606,-1.092851051,-1.312462107,-0.7247974588,0.7851871023,-0.11610587,-0.22337218,-0.12856063,0.24012351,-0.44271624,0,2,0
944,-0.07568269992,-0.05320073639,-0.6077859505,0.7630819749,0.6747978586,-0.7247974588,-0.7072697442,0.28767666,0.10140819,-0.023450471,0.4061613,-0.1283267,4,0,4
945,-0.0734457063,-0.05461045045,1.202654379,0.4483500215,0.1628679687,0.002822232297,0.3925502201,-0.11898083,0.06321148,0.042948276,0.29200208,-0.15704498,0,2,0
946,-0.04580285656,-0.05493183904,-0.6077859505,0.2880271044,0.2454177561,-0.2010828937,-0.7072697442,0.24597387,0.1271089,-0.052227266,0.20949288,-0.12905008,4,0,4
947,-0.06082267087,-0.05493183904,0.5991742694,0.4098209912,0.533435348,0.8518918832,0.1261698197,-0.048117116,-0.05215189,0.039684877,0.2614553,-0.17108507,0,2,0
948,-0.07464409574,-0.05430691679,-0.6077859505,0.1096319958,0.5026296801,-0.7247974588,-0.7072697442,0.30849725,0.0060766228,-0.025871731,0.23901288,-0.08929165,4,0,4
949,0.1400273992,-0.0400200421,1.806134489,0.7752691173,0.8954856917,-0.1145412776,-0.3795375641,0.1761517,0.05682996,0.11391249,0.44443792,-0.15245011,4,0,4
950,-0.07544302204,-0.05447526319,-0.6077859505,-0.3477506858,-0.07664281507,-0.7247974588,-0.7072697442,0.34079307,-0.009120479,-0.005549401,0.23586261,-0.28372213,4,0,4
951,-0.07568269992,-0.05448699642,-0.6077859505,0.7478045612,0.8340089811,-0.7247974588,-0.7072697442,0.30577332,0.055522226,-0.010870956,0.40791923,-0.11322495,4,0,4
952,-0.07568269992,-0.05493183904,1.202654379,-0.756353128,-2.303363299,-0.7247974588,-0.7072697442,0.47181815,-0.046040803,-0.061256498,0.30124483,-0.69284004,3,1,3
953,-0.07568269992,-0.05493183904,-1.21126606,-0.03269973302,-0.4394444417,-0.7247974588,-0.7072697442,0.34014642,0.06628625,-0.102329254,0.3442992,-0.3857695,3,1,3
954,-0.07328592104,-0.05110833515,-1.21126606,-0.05718983957,-0.4394444417,-0.7247974588,-0.7072697442,0.3419789,0.063370064,-0.099897265,0.34259576,-0.38997674,3,1,3
955,-0.04795995755,-0.05049191524,1.202654379,0.5123061469,0.692613225,0.1942562498,0.1725883232,-0.01823406,-0.051869296,0.0652373,0.3477353,-0.18761724,0,2,0
956,-0.07544302204,-0.05493183904,-0.004305840521,-0.08493989826,0.139487936,-0.7247974588,-0.7072697442,0.29856342,0.025045205,0.023716014,0.20666891,-0.14575042,4,0,4
957,-0.07200763897,-0.05086800791,0.5991742694,0.0594243057,0.06233487056,0.01874981934,0.8422894563,-0.22661841,-0.062692046,0.016343758,0.24586785,-0.17906782,0,2,0
958,-0.0549106163,-0.05493183904,0.5991742694,0.6718607217,0.7015086401,0.9488617976,-0.1402477715,0.02260454,0.024971586,0.055425525,0.33348835,-0.17343208,0,2,0
959,-0.07560280729,-0.05420658913,-1.21126606,-0.1679466747,-0.1054228876,-0.7247974588,-0.2584116271,0.17951134,-0.03136707,-0.09999509,0.29574946,-0.233488,4,0,4
960,-0.07072935691,-0.05187864747,0.5991742694,0.5004310487,0.2407975837,-0.7247974588,-0.7072697442,0.29137456,0.09587054,0.022197828,0.3065709,-0.11790335,4,0,4
961,-0.07368538419,-0.05465296217,0.5991742694,0.1487980835,0.4736343413,-0.7247974588,0.7099166151,-0.114685655,-0.25112253,0.061214574,0.40294048,-0.15464014,0,2,0
962,-0.06649504755,-0.05453596992,-0.004305840521,0.4506830604,0.07582166738,-0.2250241772,-0.4430890874,0.12986873,0.13710594,-0.026122026,0.20036678,-0.09413922,4,0,4
963,-0.07512345152,-0.05253842933,-1.81474617,0.1096319958,0.3007305936,-0.7247974588,-0.454637956,0.26494005,0.0002935715,-0.18472964,0.34751296,-0.23950534,4,0,4
964,0.03616698111,0.008283297655,-0.004305840521,0.6789340423,0.7877315721,0.3644956124,0.08374984422,-0.00039695203,0.021831982,0.03368747,0.38054973,-0.15881678,0,2,0
965,0.1400273992,0.008283297655,0.5991742694,0.7019241641,0.8341748391,0.1534453923,0.1099871366,-0.008036181,0.025332998,0.031634152,0.37678558,-0.13687336,0,2,0
966,-0.07544302204,-0.05493183904,0.5991742694,-0.9626402592,-2.303363299,-0.7247974588,-0.7072697442,0.43160295,-0.04896143,-0.023964405,0.25996014,-0.7131303,3,1,3
967,-0.07232720949,-0.05493183904,-0.004305840521,-0.07829269664,-2.303363299,-0.7247974588,-0.7072697442,0.36912447,0.062551536,-0.090996906,0.35771075,-0.65775913,3,1,3
968,-0.07416473997,-0.05493183904,0.5991742694,0.5549260651,0.7260119583,-0.7247974588,-0.4977132592,0.2716931,-0.011277303,0.039242394,0.37955603,-0.12275146,4,0,4
969,-0.0742446326,-0.05336485712,-0.6077859505,-0.1872454458,-0.08847556888,-0.113185727,-0.3839711708,0.1719571,0.06272,-0.054809526,0.13839181,-0.17246637,4,0,4
970,-0.07280656527,-0.05493183904,0.5991742694,0.2454712564,-2.303363299,-0.7247974588,-0.7072697442,0.37582982,0.07849641,-0.07735476,0.40173015,-0.65214795,3,1,3
971,-0.07520334415,-0.05470312599,0.5991742694,-0.1290830817,0.2454177561,-0.7247974588,-0.430433701,0.23402894,-0.057616606,0.039427713,0.21752828,-0.12714493,4,0,4
972,-0.04172833247,0.008283297655,1.806134489,0.4958266265,0.781910157,0.01430241223,-0.005020658498,0.051128544,-0.08129232,0.11247772,0.4025696,-0.17830646,0,2,0
973,-0.07440441785,-0.04568477524,-1.21126606,-0.1938857697,0.1784737266,-0.4964393101,0.776493673,-0.21967353,-0.21921419,-0.075549364,0.28616244,-0.15469249,0,2,0
974,-0.07496366626,-0.0547651931,-0.6077859505,0.423596468,0.1933403709,-0.7247974588,-0.7072697442,0.26729086,0.10073577,-0.06568934,0.3098024,-0.11194603,4,0,4
975,-0.07568269992,-0.05493183904,0.5991742694,-3.055399464,-2.303363299,-0.7247974588,-0.7072697442,0.7096848,-0.3603602,-0.12098032,0.17688233,-1.2531679,1,4,1
976,-0.07560280729,-0.05493183904,-1.81474617,-2.227588243,-1.622586598,-0.7247974588,-0.7072697442,0.6120296,-0.25264308,-0.06401877,0.20895103,-1.0828618,1,4,1
977,-0.07568269992,-0.05493183904,0.5991742694,-2.227588243,-2.303363299,-0.7247974588,-0.7072697442,0.5784892,-0.23363285,-0.058831662,0.21846946,-1.0574981,1,4,1
978,-0.07128860531,-0.05488507615,-0.004305840521,0.5560376989,0.4382783543,-0.7247974588,-0.7072697442,0.29149434,0.08637122,0.00846207,0.32886952,-0.12551594,4,0,4
979,-0.07464409574,-0.05493183904,-1.81474617,-2.227588243,-1.622586598,-0.7247974588,-0.7072697442,0.6120567,-0.2527016,-0.06396875,0.20891379,-1.0829418,1,4,1
980,-0.07088914216,-0.05493183904,0.5991742694,0.3201470253,-1.622586598,-0.7247974588,-0.7072697442,0.33691072,0.07481079,-0.050404713,0.35479754,-0.46179128,3,1,3
981,-0.07568269992,-0.05493183904,-0.6077859505,-3.055399464,-2.303363299,-0.7247974588,-0.7072697442,0.6993672,-0.29837355,-0.16146582,0.15881473,-1.26147,1,4,1
982,0.02817771818,-0.05493183904,-0.004305840521,0.3722477915,0.4045140336,1.304268003,1.142758312,-0.38971674,-0.12933375,0.09103936,0.3541937,-0.31304055,2,3,2
983,-0.04628221234,-0.05388605163,1.202654379,0.530948248,0.6464626428,0.8529013169,-0.06453248398,0.005826682,-0.023864534,0.06485018,0.33395094,-0.19391753,0,2,0
984,-0.07568269992,-0.05315484924,0.5991742694,0.4616263532,0.5878215209,-0.1384748039,0.1036591851,0.022037681,-0.022585496,0.035325587,0.2978892,-0.14791259,0,2,0
985,-0.07568269992,-0.05467761896,-1.21126606,-0.091423477,-0.8646893938,-0.7247974588,0.2766313862,0.0078381,-0.008485459,-0.16291581,0.357185,-0.29800433,0,2,0
986,-0.01240773751,0.008283297655,-1.21126606,0.6129141906,0.5478043771,-0.4361478406,-0.7072697442,0.26002336,0.15141904,-0.10825023,0.35015136,-0.14509921,4,0,4
987,-0.07464409574,-0.05160062084,-1.21126606,0.06190028927,0.3205994174,-0.7247974588,-0.7072697442,0.3322113,0.023845978,-0.10172005,0.2926856,-0.17802936,4,0,4
988,-0.07568269992,-0.0546538124,-1.21126606,-0.886007664,-0.4394444417,-0.7247974588,-0.7072697442,0.43239164,-0.07511963,-0.03583227,0.26113957,-0.51281613,3,1,3
989,-0.07224731686,-0.05493183904,-1.21126606,-2.227588243,-1.622586598,-0.7247974588,-0.7072697442,0.59306854,-0.22174455,-0.06634696,0.19128622,-0.97946227,1,4,1
990,-0.07568269992,-0.0515623603,-0.004305840521,0.645932635,0.7480450534,0.3188973905,-0.02677949183,0.0478777,0.008820109,0.03024549,0.36310267,-0.1680921,0,2,0
991,-0.06441783919,-0.04410495479,1.202654379,0.490814098,0.550214208,1.477327643,0.9865477797,-0.36934978,-0.14061198,0.054415733,0.41365182,-0.33283833,2,3,2
992,0.01219919232,-0.05191350708,-0.004305840521,0.4320794665,-0.1752671698,-0.7247974588,-0.7072697442,0.2639703,0.102043256,-0.043655664,0.28592324,-0.11916883,4,0,4
993,-0.07544302204,-0.05371600391,-2.41822628,-0.4984696531,-0.3001506268,-0.113185727,0.308261747,0.011052863,-0.075039916,-0.27806726,0.22010419,-0.4229021,0,2,0
994,0.1400273992,-0.04321135848,1.202654379,0.4888250045,0.6589138222,0.07315007,0.2408451202,-0.04753194,-0.03040333,0.04299204,0.35449818,-0.16029413,0,2,0
995,-0.07512345152,-0.05493183904,-1.21126606,-0.4529680108,-0.07664281507,-0.7247974588,-0.7072697442,0.38524735,-0.030582719,-0.056006968,0.2630373,-0.35322267,3,1,3
996,-0.0742446326,-0.05446421014,-0.6077859505,0.1506776892,0.5026296801,-0.7247974588,-0.7072697442,0.30571258,0.014317606,-0.026567854,0.24730922,-0.08778089,4,0,4
997,-0.06329934238,-0.05455246447,0.5991742694,0.5004723313,0.6090401759,-0.5818820199,0.6612238713,-0.11753769,-0.14826402,0.08689097,0.46225435,-0.21235123,0,2,0
998,-0.0004238431147,-0.05433582475,-0.6077859505,0.5891715766,-1.174894379,-0.7247974588,-0.7072697442,0.30741525,0.18035704,-0.1667469,0.41494924,-0.36730635,3,1,3
999,-0.02958465281,-0.05401953757,1.202654379,0.6726931152,0.6340931049,-0.6031535452,-0.3340384919,0.1957695,0.02955378,0.061927572,0.40586263,-0.15151615,4,0,4
1000,-0.07568269992,-0.05493183904,0.5991742694,-0.9138550593,-0.1752671698,-0.7247974588,-0.7072697442,0.44235957,-0.0849992,0.04668024,0.24823275,-0.3181237,4,0,4
1001,-0.07256688738,-0.05493183904,0.5991742694,-2.227588243,-1.622586598,-0.7247974588,-0.7072697442,0.60445124,-0.23796058,-0.0757404,0.2124065,-0.906547,1,4,1
1002,-0.07568269992,-0.05420982002,-1.21126606,-0.1066544913,0.4829062255,-0.7247974588,-0.7072697442,0.35857984,-0.03447728,-0.08537918,0.25628364,-0.1774207,4,0,4
1003,-0.06082267087,-0.05493183904,-0.6077859505,0.4535511713,-0.6220677953,-0.7247974588,-0.7072697442,0.3007123,0.12451136,-0.13049246,0.3624324,-0.25598228,4,0,4
1004,-0.04676156811,-0.05194496575,-0.6077859505,0.4872469174,0.6728769705,0.2889529358,-0.2593076165,0.10015259,0.042187937,-0.039309368,0.29252437,-0.12260857,4,0,4
1005,-0.07448431048,-0.05434645268,-1.81474617,-0.3477506858,-0.2939341537,-0.7247974588,-0.7072697442,0.4061129,0.015838629,-0.15463674,0.3412096,-0.47489658,3,1,3
1006,-0.07504355889,-0.05493183904,-1.81474617,-1.297961156,-1.174894379,-0.7247974588,-0.7072697442,0.5069457,-0.08941067,-0.08893947,0.30884007,-0.8180638,3,1,3
1007,-0.07184785372,-0.05390305547,0.5991742694,0.1079835837,0.4054907,-0.2759816621,0.2233712261,-0.01414841,-0.089940645,0.015335284,0.22557089,-0.107861914,0,2,0
1008,-0.05211437428,-0.0519560188,1.806134489,-0.4239054599,-1.424493338,1.916680834,-0.05607265729,-0.05468613,0.105997644,0.015996277,0.14549372,-0.30232048,0,2,0
1009,0.06812403283,-0.04769974563,1.202654379,0.7635556338,0.8141857867,0.2618878108,-0.2409165334,0.09924142,0.06543563,0.055946678,0.37304482,-0.14257745,4,0,4
1010,-0.07440441785,-0.05493183904,1.202654379,0.2043891543,0.4829062255,-0.7247974588,-0.7072697442,0.3462039,-0.0008642748,0.07858825,0.3131672,-0.14370415,4,0,4
1011,-0.07488377363,-0.05493183904,-0.6077859505,0.05774893095,0.2143119001,-0.7247974588,-0.4165047622,0.19691086,-0.011566214,-0.041627236,0.24341363,-0.08132003,4,0,4
1012,-0.02439163191,-0.04007795581,1.202654379,0.676805581,0.7801194684,0.08097646467,0.1502216598,-0.008155055,-0.021062687,0.06289461,0.39285293,-0.18134946,0,2,0
1013,-0.07568269992,-0.05447823901,0.5991742694,0.08670204665,-0.1737822644,0.1958597874,-0.7072697442,0.20178765,0.11393155,0.0010383427,0.117355265,-0.12148921,4,0,4
1014,-0.06329934238,-0.02372823829,-0.6077859505,0.4364929072,-1.174894379,-0.7247974588,-0.7072697442,0.3198704,0.13633946,-0.14703587,0.39426658,-0.37929863,3,1,3
1015,-0.07560280729,-0.05493183904,-0.6077859505,-3.055399464,-2.303363299,-0.7247974588,-0.7072697442,0.69936705,-0.2983769,-0.16146071,0.15881294,-1.2614716,1,4,1
1016,-0.05578943523,-0.04163311096,1.202654379,0.3813937989,0.4253937954,1.282013208,1.179848582,-0.3958531,-0.15488678,0.04925762,0.4260097,-0.33899525,2,3,2
1017,-0.07552291466,-0.05493183904,-0.004305840521,-1.010976848,-0.6220677953,-0.7247974588,-0.7072697442,0.4299155,-0.049284518,-0.017757937,0.23894158,-0.43815473,3,1,3
1018,-0.07568269992,-0.05493183904,-0.6077859505,-2.520500295,-1.622586598,-0.7247974588,-0.7072697442,0.6474143,-0.22938581,-0.12997487,0.18937343,-1.0070037,1,4,1
1019,-0.07512345152,-0.05493183904,0.5991742694,-1.938619837,-2.303363299,-0.7247974588,-0.7072697442,0.5336887,-0.19604988,-0.031128585,0.21284755,-0.9687731,1,4,1
1020,-0.06889182643,-0.05409010703,1.202654379,0.3766997203,0.474718901,-0.03819154817,1.640016941,-0.44255438,-0.2849732,0.14122486,0.5440841,-0.39394188,2,3,2
1021,-0.07568269992,-0.05334402638,-1.21126606,-0.2719145533,0.07785417755,-0.7247974588,-0.7072697442,0.3695666,-0.014214698,-0.07006383,0.2700717,-0.28578407,4,0,4
1022,-0.06649504755,-0.05413686992,0.5991742694,0.6328626337,0.5208835085,-0.7247974588,-0.7072697442,0.3085435,0.084131226,0.030456282,0.36891115,-0.12460968,4,0,4
1023,0.004209929385,-0.05094594039,0.5991742694,0.7456655359,0.8631691481,-0.294319746,-0.3538041615,0.18831234,0.04238458,0.044091433,0.38049138,-0.13173829,4,0,4
1024,-0.07216742423,-0.05042729743,0.5991742694,0.3749313224,0.6034125785,-0.7247974588,-0.5755546559,0.28995982,-0.0035013184,0.03460546,0.31485048,-0.10337055,4,0,4
1025,-0.07184785372,-0.0530698258,0.5991742694,0.3277519922,0.5647352546,-0.5140473739,-0.5958670384,0.27967012,0.021174949,0.0276988,0.25537723,-0.10313673,4,0,4
1026,-0.07568269992,-0.05493183904,-0.6077859505,0.1783215872,-0.04460444207,-0.7247974588,-0.2907639724,0.140179,0.009931941,-0.06403897,0.28429914,-0.10626542,4,0,4
1027,-0.02694819605,0.008283297655,-0.004305840521,0.4749060458,0.3638408077,1.352972823,1.569151603,-0.5242245,-0.14049008,0.12631693,0.43998858,-0.42037764,2,3,2
1028,-0.07240710212,-0.05349919415,-1.21126606,0.1373649961,0.4660403815,-0.2818343956,-0.03990539384,0.050417542,-0.042815313,-0.09509081,0.22838764,-0.11527735,0,2,0
1029,-0.06785322225,-0.0530944826,-0.6077859505,0.5299468918,0.8391813225,-0.3277485697,-0.6071125522,0.2690997,0.022507433,-0.029466197,0.3266015,-0.11743283,4,0,4
1030,-0.07568269992,-0.05493183904,-1.21126606,-3.055399464,-2.303363299,-0.7247974588,-0.7072697442,0.70901513,-0.30204993,-0.15327498,0.16076407,-1.2786298,1,4,1
1031,-0.07528323678,-0.05493183904,0.5991742694,-2.227588243,-1.174894379,-0.7247974588,-0.7072697442,0.60551864,-0.25376022,-0.04720667,0.2060074,-0.8158104,1,4,1
1032,-0.06865214854,-0.05467676873,-0.004305840521,0.504190696,0.6620104076,0.2327568647,-0.5777972283,0.21575028,0.04885439,0.011468062,0.2951154,-0.12820177,4,0,4
1033,-0.06993043061,-0.05424357433,-0.004305840521,0.4875219089,0.6337105235,0.6573498065,-0.1446254458,0.05359988,-0.007890105,0.046424337,0.2957517,-0.14365402,0,2,0
1034,-0.07568269992,-0.05357146407,1.806134489,0.7132981032,0.6302635073,-0.3417718739,-0.5048020368,0.23265466,0.0552288,0.10974261,0.4091821,-0.154846,4,0,4
1035,-0.06146181191,-0.0541836073,-0.004305840521,0.2333420169,0.297028454,1.916680834,1.05032174,-0.4073013,-0.16658902,0.08534992,0.29833904,-0.31541336,2,3,2
1036,-0.07408484734,-0.05493183904,0.5991742694,0.5096356212,0.5852807736,0.2255188659,-0.7072697442,0.2584975,0.07358612,0.04153675,0.27414772,-0.1332427,4,0,4
1037,-0.06993043061,-0.04798457414,-0.6077859505,0.4814160314,0.6912226874,-0.3773930517,0.1066806337,0.003073709,-0.051096704,0.0153787285,0.3432821,-0.13542283,0,2,0
1038,-0.07488377363,-0.05493183904,-1.21126606,0.0131062089,-0.6986558168,0.8656486957,-0.7072697442,0.20150028,0.27968812,-0.13306776,0.09758064,-0.26466835,4,0,4
1039,-0.07009021587,-0.05384013813,-0.6077859505,0.4368462627,0.6453726623,-0.1084663395,-0.2594603885,0.1130925,0.008914584,-0.024460271,0.2724697,-0.11431436,4,0,4
1040,-0.07560280729,-0.05493183904,-1.21126606,-3.055399464,-2.303363299,-0.7247974588,-0.7072697442,0.7090174,-0.30205148,-0.1532689,0.16076365,-1.2786326,1,4,1
1041,-0.074803881,-0.05420913984,-0.6077859505,-0.951735361,-1.312462107,1.916680834,-0.7072697442,0.19130473,0.08578403,-0.054503217,-0.11328399,-0.4924112,3,1,3
1042,-0.07568269992,-0.05493183904,-1.21126606,-3.055399464,-2.303363299,-0.7247974588,-0.7072697442,0.70901513,-0.30204993,-0.15327498,0.16076407,-1.2786298,1,4,1
1043,-0.07552291466,-0.05493183904,-1.81474617,-3.055399464,-2.303363299,-0.7247974588,-0.7072697442,0.7146875,-0.32568997,-0.12583935,0.16306788,-1.3444598,1,4,1
1044,-0.07568269992,-0.05493183904,-0.6077859505,-0.03118095756,-0.2939341537,-0.7247974588,-0.7072697442,0.30441806,0.048971374,-0.045744136,0.27888846,-0.25427333,4,0,4
1045,-0.07528323678,-0.05243569892,-1.81474617,-0.4529680108,-0.07664281507,-0.7247974588,-0.7072697442,0.42231375,-0.02706753,-0.14517005,0.30702674,-0.4296471,3,1,3
1046,-0.07536312941,-0.05493183904,-0.004305840521,-1.010976848,-0.6220677953,-0.7247974588,-0.7072697442,0.42991787,-0.04929231,-0.017754368,0.2389472,-0.4381702,3,1,3
1047,-0.07568269992,-0.0505922429,0.5991742694,0.6718607217,0.7346773272,0.4938013006,0.278037344,-0.04590097,-0.038483165,0.053545542,0.3742412,-0.2117159,0,2,0
1048,-0.07568269992,-0.05370750157,-1.81474617,0.4074713629,0.540614053,-0.7247974588,-0.3384502242,0.18777569,0.019547,-0.17928189,0.39896658,-0.17198506,4,0,4
1049,-0.07568269992,-0.05493183904,1.202654379,-0.5528276973,-1.174894379,-0.7247974588,-0.7072697442,0.4241939,-0.034090124,-0.030055672,0.27653944,-0.39669162,3,1,3
1050,-0.07568269992,-0.05493183904,-1.81474617,-3.055399464,-2.303363299,-0.7247974588,-0.7072697442,0.714687,-0.3256787,-0.1258591,0.16307473,-1.344451,1,4,1
1051,-0.07568269992,-0.05493183904,-1.21126606,-3.055399464,-2.303363299,-0.7247974588,-0.7072697442,0.70901513,-0.30204993,-0.15327498,0.16076407,-1.2786298,1,4,1
1052,-0.07448431048,-0.0544285003,-0.6077859505,0.2587655972,-1.622586598,-0.7247974588,-0.7072697442,0.34759235,0.11821939,-0.15229592,0.3998593,-0.49320376,3,1,3
1053,-0.07001032324,-0.05493183904,-0.6077859505,0.02256197318,-2.303363299,-0.7247974588,-0.7072697442,0.3799113,0.101448,-0.17035778,0.3992749,-0.68747157,3,1,3
1054,-0.07568269992,-0.05221959145,-0.6077859505,0.4225058455,0.4431409195,-0.7247974588,-0.5138315772,0.21346748,0.045116264,-0.034720235,0.30329007,-0.06857465,4,0,4
1055,-0.07568269992,-0.05457984201,-0.6077859505,0.3027704796,-1.065619048,-0.7247974588,0.4786518922,-0.062568985,0.05162772,-0.16946362,0.40821207,-0.18252636,0,2,0
1056,-0.07448431048,-0.05493183904,-0.6077859505,-3.055399464,-2.303363299,-0.7247974588,-0.7072697442,0.6993649,-0.29842606,-0.16138865,0.15878826,-1.2614952,1,4,1
1057,-0.06601569178,-0.05426644563,-0.004305840521,0.6081887821,0.7474765345,-0.296923496,-0.2048093275,0.13486376,0.004833791,0.02215673,0.35156906,-0.14250603,4,0,4
1058,-0.07544302204,-0.05493183904,-0.6077859505,-3.055399464,-2.303363299,-0.7247974588,-0.7072697442,0.69936675,-0.29838407,-0.16145045,0.1588094,-1.2614748,1,4,1
1059,-0.07520334415,-0.05386845093,-1.81474617,0.3066548202,0.4382783543,-0.7247974588,-0.7072697442,0.34521398,0.06331242,-0.18668763,0.38498208,-0.22725704,4,0,4
1060,-0.07568269992,-0.05493183904,-1.81474617,-1.207258152,-1.618927147,-0.7247974588,1.305882006,-0.29218143,-0.27792925,-0.18028587,0.2904575,-0.5679286,2,3,2
1061,-0.07496366626,-0.05422104312,-1.21126606,0.6516403681,0.6640952123,-0.230240578,-0.7072697442,0.2516362,0.13862412,-0.09863554,0.34137934,-0.14977945,4,0,4
1062,-0.07568269992,-0.05493183904,1.202654379,-3.055399464,-2.303363299,-0.7247974588,-0.7072697442,0.7235027,-0.39968592,-0.04088539,0.21724571,-1.230297,1,4,1
1063,-0.04548328604,-0.05493183904,-0.6077859505,0.7152782034,0.006621235816,-0.7247974588,-0.7072697442,0.2617978,0.17571902,-0.109065354,0.38049528,-0.13997926,4,0,4
1064,-0.06305966449,-0.05362629568,-1.21126606,0.3905382242,-0.339470171,-0.7247974588,-0.1220300051,0.100835755,0.10089635,-0.1519791,0.4118687,-0.23986925,4,0,4
1065,-0.06841247066,-0.0518718456,-0.6077859505,0.6687716023,-0.4394444417,-0.7247974588,-0.7072697442,0.2837499,0.17533825,-0.14715672,0.3782696,-0.19345751,4,0,4
1066,-0.07416473997,-0.05351789931,-1.81474617,-0.1962532587,-1.622586598,-0.7247974588,-0.7072697442,0.41539812,0.11128415,-0.1879984,0.4702897,-0.74751776,3,1,3
1067,-0.07304624316,-0.05069877726,-1.21126606,0.3136824927,0.5210552139,-0.2442512329,0.3085027618,-0.09707814,-0.055283263,-0.063708365,0.31305254,-0.14518924,0,2,0
1068,0.1320381363,-0.0034136059,1.202654379,0.5891715766,0.7447846668,0.7712560484,0.2133501564,-0.080699086,-0.03664201,0.056456745,0.37667587,-0.18360706,0,2,0
1069,0.04415624404,0.008283297655,1.202654379,0.4418216824,0.6143290455,1.287670132,1.298385312,-0.4219175,-0.22200422,0.051760584,0.4777505,-0.34371746,2,3,2
1070,-0.05666825415,-0.05175876443,-1.21126606,0.183732348,-0.7868821794,-0.7247974588,1.761924492,-0.57356864,-0.11573318,-0.068562865,0.53773224,-0.32136464,2,3,2
1071,-0.0609025635,-0.05493183904,0.5991742694,0.4428851584,0.5417078618,1.896460203,0.4417495885,-0.24312583,-0.09762031,0.07793987,0.3209359,-0.23677891,0,2,0
1072,-0.07560280729,-0.05217282856,-2.41822628,-0.798498114,-0.4394444417,-0.7247974588,-0.7072697442,0.48091707,-0.044655498,-0.2140682,0.33672318,-0.6393968,3,1,3
1073,-0.07568269992,-0.05473415955,-1.81474617,-3.055399464,-0.4394444417,-0.7247974588,-0.7072697442,0.8423877,-0.44834107,-0.2160714,0.18487006,-1.120123,1,4,1
1074,-0.04116908406,-0.05420743937,-1.21126606,0.7018512653,0.7435452398,-0.5705440188,-0.7072697442,0.28059945,0.11606221,-0.09686296,0.39362603,-0.12620573,4,0,4
1075,-0.07376527682,-0.0543145689,1.202654379,-0.2079316727,-0.5795161456,0.280528655,-0.1758533545,0.11360545,0.036950853,-0.03117916,0.17589787,-0.15515006,4,0,4
1076,-0.07568269992,-0.05471162834,0.5991742694,0.5248568096,0.6049659822,0.606080225,-0.5677361109,0.18248376,0.050212573,0.03730823,0.29552758,-0.131795,4,0,4
1077,-0.07568269992,-0.05493183904,-0.6077859505,-3.055399464,-0.8580784041,-0.7247974588,-0.7072697442,0.7716197,-0.35864806,-0.1263119,0.16624916,-1.0420101,1,4,1
1078,-0.07560280729,-0.05030486369,-2.41822628,-2.520500295,-1.622586598,-0.7247974588,-0.7072697442,0.68078494,-0.31182167,-0.11368883,0.19387928,-1.212034,1,4,1
1079,-0.07568269992,-0.05411816476,-1.21126606,0.2693465915,0.4615282199,-0.7247974588,-0.7072697442,0.3112122,0.053003367,-0.10635395,0.32394427,-0.1290521,4,0,4
1080,-0.07280656527,-0.05493183904,-0.004305840521,0.4899821589,-1.622586598,-0.7247974588,-0.7072697442,0.327522,0.13911016,-0.10501209,0.38970128,-0.45998308,3,1,3
1081,-0.07352559893,-0.05493183904,0.5991742694,-0.2500328408,-0.1160704617,1.916680834,0.7456484002,-0.338652,-0.1725407,0.009903818,0.12925377,-0.19378763,2,3,2
1082,-0.07456420311,-0.04909072903,-1.21126606,0.3681142976,0.6960942229,-0.7247974588,-0.6091121743,0.28478786,0.010596912,-0.09420857,0.33544722,-0.09819007,4,0,4
1083,-0.0344581032,-0.05388009914,1.202654379,0.3799054763,0.4467660251,1.483447498,1.391357036,-0.4711942,-0.19065961,0.050469607,0.45776486,-0.37195575,2,3,2
1084,-0.07568269992,-0.05481280623,-1.21126606,-0.5282071901,-0.07664281507,-0.7247974588,-0.7072697442,0.39518282,-0.044638567,-0.05015111,0.25865063,-0.368541,3,1,3
1085,-0.07144839057,-0.05425930366,-0.6077859505,0.6185311963,0.7291579035,-0.1258145443,-0.7072697442,0.26690856,0.10167591,-0.045673713,0.32211483,-0.11620031,4,0,4
1086,-0.07168806846,-0.05482130857,1.202654379,0.4949031909,-2.303363299,-0.7247974588,-0.7072697442,0.36348668,0.11410117,-0.10400781,0.4810267,-0.6559814,3,1,3
1087,-0.07112882005,-0.0547107781,-0.004305840521,0.4167705093,-0.04214494595,-0.1455894925,-0.4010998336,0.10332005,0.14039056,-0.032483123,0.1795583,-0.08736255,4,0,4
1088,-0.07568269992,-0.05493183904,-1.81474617,-3.055399464,-2.303363299,-0.7247974588,-0.7072697442,0.714687,-0.3256787,-0.1258591,0.16307473,-1.344451,1,4,1
1089,0.1400273992,-0.05174686115,0.5991742694,0.6857872478,0.7540802696,0.7290753907,0.1256812869,-0.044927865,0.016620468,0.032537855,0.36278775,-0.16047643,0,2,0
1090,-0.05011705854,-0.04429030588,-0.004305840521,0.579434585,0.7582210191,0.6155556193,-0.1582004713,0.06465474,-0.0055236667,0.0482629,0.3457668,-0.14658275,0,2,0
1091,-0.07256688738,-0.05404589484,-0.004305840521,-0.03822774043,-0.8580784041,-0.7247974588,-0.7072697442,0.29852885,0.043853752,-0.028407808,0.273215,-0.2765024,4,0,4
1092,-0.07568269992,-0.05463595748,-0.6077859505,0.1568929061,-0.8646893938,1.136532976,-0.7072697442,0.15628538,0.29582396,-0.035001077,0.10529259,-0.27332187,4,0,4
1093,-0.06721408122,-0.05474053631,-1.21126606,-2.227588243,-2.303363299,-0.7247974588,-0.7072697442,0.5824044,-0.17036185,-0.083558165,0.26692656,-1.1413659,1,4,1
1094,-0.07544302204,-0.05493183904,-0.004305840521,-3.055399464,-2.303363299,-0.7247974588,-0.7072697442,0.69237226,-0.3138058,-0.1610209,0.16049516,-1.2495053,1,4,1
1095,-0.0728864579,-0.05382993531,1.806134489,0.476916192,0.6449211013,0.06189796501,-0.2914217559,0.13557683,-0.010215003,0.10534611,0.34259188,-0.15250492,4,0,4
1096,-0.07552291466,-0.05493183904,-1.81474617,-1.297961156,-0.8580784041,-0.7247974588,-0.7072697442,0.5073807,-0.11445411,-0.09539254,0.2702222,-0.7370274,3,1,3
1097,-0.07568269992,-0.05493183904,0.5991742694,-3.055399464,-2.303363299,-0.7247974588,-0.7072697442,0.7096848,-0.3603602,-0.12098032,0.17688233,-1.2531679,1,4,1
1098,-0.07568269992,-0.05493183904,1.202654379,-1.986730999,-1.622586598,-0.7247974588,-0.7072697442,0.6050797,-0.23909572,-0.0040132403,0.2524228,-0.8189114,1,4,1
1099,-0.06274009398,-0.05395041352,-1.21126606,0.4648690094,0.2829349161,-0.7247974588,-0.7072697442,0.291045,0.11962123,-0.12591688,0.37281683,-0.16520038,4,0,4
1100,-0.07560280729,-0.05493183904,-0.004305840521,-3.055399464,-2.303363299,-0.7247974588,-0.7072697442,0.6923721,-0.31379384,-0.16102178,0.16049594,-1.2495025,1,4,1
1101,-0.07568269992,-0.05493183904,-1.81474617,-3.055399464,-2.303363299,-0.7247974588,-0.7072697442,0.714687,-0.3256787,-0.1258591,0.16307473,-1.344451,1,4,1
1102,-0.05091598484,-0.05364798516,0.5991742694,0.4016472713,0.6736673256,-0.5635670642,0.1420936442,0.044730537,-0.112644106,0.04228141,0.3571727,-0.13941109,0,2,0
1103,-0.05546986471,-0.03542986914,1.202654379,0.0571131503,0.231640976,1.916680834,1.720589713,-0.59286636,-0.30058122,0.03555435,0.4063052,-0.35831884,2,3,2
1104,-0.06873204117,-0.05470057529,0.5991742694,0.7256045319,0.8527819352,-0.2594379792,-0.6583012259,0.29479843,0.05596378,0.055700235,0.36537954,-0.14037009,4,0,4
1105,-0.07568269992,-0.05418533327,1.202654379,0.2882489802,0.6289539067,0.1301525784,0.225023262,-0.023758426,-0.11572234,0.058547422,0.31221402,-0.17504635,0,2,0
1106,0.1400273992,-0.03899419609,-0.6077859505,0.7759028359,0.89182857,-0.2814588851,-0.4049615021,0.15025635,0.090976655,-0.0564534,0.41050035,-0.09261553,4,0,4
1107,0.0601347699,-0.0480381389,1.202654379,0.6910311795,0.8104940489,0.8226919815,-0.1066540188,0.01975061,0.007314004,0.059388816,0.38963926,-0.1849186,0,2,0
1108,-0.07568269992,-0.05482981091,0.5991742694,0.4312958943,0.6628180241,0.4418106079,-0.1699778489,0.094334826,-0.029865846,0.038883135,0.29658288,-0.16072552,4,0,4
1109,-0.0622607382,-0.01138283548,-1.21126606,0.504190696,-0.0004173249574,-0.4020643169,0.8220900889,-0.29404366,0.05272389,-0.07384083,0.41626942,-0.16265184,0,2,0
1110,-0.07136849794,-0.05493183904,-0.004305840521,0.5096356212,0.5718385784,0.1122202143,-0.6311043635,0.22678646,0.08555626,-0.0033650473,0.27358958,-0.12462266,4,0,4
1111,-0.07432452522,-0.05493183904,0.5991742694,-1.902241784,-1.622586598,-0.7247974588,-0.7072697442,0.5550295,-0.18568562,-0.05077839,0.21789767,-0.82684755,3,1,3
1112,-0.07184785372,-0.05419723655,-0.6077859505,0.3569805973,0.3899747378,-0.3180048057,-0.7072697442,0.2594687,0.11215215,-0.038846508,0.23219128,-0.12538268,4,0,4
1113,-0.0668945107,-0.04919615809,0.5991742694,0.3961546708,0.7505335526,-0.0862316033,0.1785568937,0.011200145,-0.10594326,0.050986186,0.3287692,-0.1561693,0,2,0
1114,-0.07568269992,-0.05493183904,-1.21126606,-0.9626402592,-0.4394444417,-0.7247974588,-0.7072697442,0.4456426,-0.090303384,-0.03471291,0.25564638,-0.53134626,3,1,3
1115,0.03616698111,-0.03204353026,1.806134489,0.726716367,0.742737897,-0.7247974588,-0.4076859649,0.2360688,0.0065355375,0.10427368,0.49298325,-0.1470816,4,0,4
1116,-0.07568269992,-0.05493183904,-0.6077859505,0.5373959135,-2.303363299,-0.7247974588,-0.7072697442,0.34313324,0.22755383,-0.21922326,0.47783372,-0.6506596,3,1,3
1117,0.004209929385,-0.007994894755,-0.6077859505,0.7576222625,0.841460572,-0.2137817841,-0.2752473001,0.117336065,0.051605493,-0.034041412,0.3854875,-0.11465481,4,0,4
1118,-0.06665483281,-0.05493183904,-0.004305840521,0.4489697906,0.1784737266,1.916680834,-0.5865593983,0.06549856,0.12688075,0.064957395,0.25192016,-0.12408632,4,0,4
1119,-0.07568269992,-0.05448461577,1.202654379,0.4266511351,0.6648257913,0.8849880216,-0.2650166302,0.076973975,-0.03735734,0.06472489,0.30973518,-0.16879992,0,2,0
1120,-0.074803881,-0.05488082497,-2.41822628,-0.5439943511,-0.687811142,-0.7247974588,1.148416768,-0.2889747,-0.23383707,-0.25026318,0.3719662,-0.4312306,2,3,2
1121,-0.07496366626,-0.05366498985,1.806134489,0.07456892128,-0.02928409234,0.709524486,-0.4652193539,0.15572272,0.0409306,0.09051156,0.2460954,-0.15141118,4,0,4
1122,-0.06569612126,-0.05290573057,-0.004305840521,0.5615226492,0.6361929414,0.1288998055,0.3072846158,-0.038490027,-0.02977364,0.07411662,0.36522597,-0.2223758,0,2,0
1123,-0.07568269992,-0.05383546184,-0.6077859505,0.6971444311,0.8130051584,-0.6153330254,-0.7072697442,0.29651806,0.060995094,-0.014435574,0.37131774,-0.10819776,4,0,4
1124,-0.07568269992,-0.05228055325,0.5991742694,0.445575616,0.623613841,0.3494097114,-0.5620954678,0.21153924,0.034129567,0.041209996,0.2770246,-0.13159089,4,0,4
1125,-0.06761354436,-0.05243477046,1.202654379,0.3146369049,0.4846163571,-0.5879244648,0.1763209298,0.036891654,-0.1104426,0.06975159,0.3696336,-0.16904637,0,2,0
1126,-0.07352559893,-0.05493183904,-1.21126606,-0.3554159528,-2.303363299,-0.7247974588,-0.7072697442,0.42339224,0.082479775,-0.17367184,0.42084405,-0.78632534,3,1,3
1127,-0.07568269992,-0.05294654182,-1.21126606,-0.2877236117,-0.3785845741,-0.7247974588,1.761924492,-0.54269105,-0.32999593,-0.03872168,0.4341242,-0.26240426,2,3,2
1128,-0.06274009398,-0.0531514483,0.5991742694,0.3436650195,0.7087486391,-0.4610792828,0.2486702142,0.00022384524,-0.14461924,0.04371825,0.34928453,-0.13899809,0,2,0
1129,-0.07560280729,-0.05493183904,-2.41822628,-3.055399464,-2.303363299,-0.7247974588,-0.7072697442,0.7302219,-0.35417557,-0.12574278,0.1832065,-1.4467784,1,4,1
1130,-0.07568269992,-0.05493183904,-0.6077859505,0.06988387955,-1.174894379,-0.7247974588,-0.7072697442,0.3353089,0.08077878,-0.098707646,0.3611414,-0.41658548,3,1,3
1131,-0.07536312941,0.008283297655,-1.21126606,-0.4198308461,-0.7618639619,-0.7247974588,1.761924492,-0.5429144,-0.30733085,-0.047885686,0.4120846,-0.3320784,2,3,2
1132,-0.06977064535,-0.05414622249,1.806134489,0.3530482854,0.7401788657,-0.7247974588,-0.6245643183,0.3379449,-0.058997646,0.12959334,0.4168865,-0.1597642,4,0,4
1133,-0.05531007945,-0.0534558322,-0.004305840521,0.6591251767,0.8055619956,-0.1305748682,-0.3931630882,0.195716,0.038197666,0.005826471,0.34962976,-0.1331834,4,0,4
1134,-0.05331276372,-0.05392983785,0.5991742694,0.7154333836,0.8230239002,-0.220307255,-0.4405957176,0.21977705,0.041687682,0.05279343,0.3578303,-0.14217402,4,0,4
1135,0.1400273992,-0.05326112853,1.202654379,0.392886298,0.5805914567,0.7612002752,0.16247204,-0.07052645,-0.05707832,0.04530415,0.3208574,-0.16751863,0,2,0
1136,-0.07568269992,-0.05493183904,-0.004305840521,-3.055399464,-2.303363299,-0.7247974588,-0.7072697442,0.692372,-0.31378776,-0.16102216,0.1604963,-1.2495013,1,4,1
1137,-0.07416473997,-0.05483406208,0.5991742694,0.09739348061,-0.5594359521,-0.7247974588,0.02664446785,0.06271127,-0.050382093,-0.033574253,0.26367587,-0.11148499,0,2,0
1138,-0.0696108601,-0.05469547389,0.5991742694,0.6592420043,0.5378260675,-0.7247974588,-0.7072697442,0.31004804,0.08551213,0.03156197,0.37694168,-0.1266192,4,0,4
1139,-0.0734457063,-0.05430054003,-0.6077859505,0.5241636293,0.6184543289,-0.7247974588,-0.7072697442,0.295753,0.060328014,-0.019272245,0.3332775,-0.10118843,4,0,4
1140,-0.06393848341,-0.05360032953,0.5991742694,0.2077602127,0.3303367557,0.9183751715,0.6890183244,-0.22868007,-0.103882074,0.018419519,0.2609432,-0.21466321,0,2,0
1141,-0.07520334415,-0.05493183904,-0.004305840521,-0.798498114,-0.4394444417,-0.7247974588,-0.7072697442,0.39819324,-0.033334464,0.0024346486,0.22692089,-0.36780304,3,1,3
1142,-0.07376527682,-0.05089322586,-0.6077859505,0.3778435284,0.894812439,-0.6047785156,-0.5743784255,0.29604235,-0.048845854,-0.018779777,0.3180079,-0.1043583,4,0,4
1143,0.1400273992,0.008283297655,1.202654379,0.7839062533,0.8689924406,0.2722983702,-0.1631099737,0.061943606,0.06872067,0.05224949,0.38849688,-0.13004957,4,0,4
1144,-0.07552291466,-0.05471928045,0.5991742694,-1.938619837,-1.174894379,-0.7247974588,-0.7072697442,0.56342167,-0.20171349,-0.042845726,0.22240677,-0.7483002,3,1,3
1145,-0.07512345152,-0.05460024764,-0.6077859505,-0.798498114,-0.1752671698,-0.7247974588,-0.7072697442,0.4219412,-0.058619037,0.00020575523,0.23317114,-0.405314,3,1,3
1146,-0.07568269992,-0.05493183904,-0.6077859505,-0.756353128,-0.4394444417,-0.7247974588,-0.7072697442,0.39709082,-0.046220563,0.008554973,0.24822257,-0.42770058,3,1,3
1147,-0.07568269992,-0.05493183904,0.5991742694,-0.4495879265,-1.622586598,-0.7247974588,-0.7072697442,0.37183398,-0.0020089224,-0.030356884,0.2650008,-0.4801633,3,1,3
1148,-0.0742446326,-0.05493183904,-0.004305840521,0.03406497506,-1.618927147,-0.7247974588,1.305882006,-0.34945863,-0.053580686,-0.085124694,0.4364907,-0.29540244,2,3,2
1149,-0.07536312941,-0.05461725232,-2.41822628,0.3217956969,0.4829062255,-0.7247974588,-0.7072697442,0.3815103,0.066130474,-0.27705204,0.43004644,-0.29954416,3,1,3
1150,-0.06329934238,-0.05484298955,-0.004305840521,0.7044321883,0.8645694598,-0.694997501,-0.4612802576,0.2562828,-0.0074328547,0.015638659,0.4112048,-0.11599539,4,0,4
1151,-0.0715282832,-0.05183018412,-1.21126606,0.4143989619,0.6466642444,-0.5055963824,-0.7072697442,0.29297113,0.07151426,-0.10081808,0.30851743,-0.13276601,4,0,4
1152,-0.07536312941,-0.05445995897,-0.6077859505,-0.2460882372,0.139487936,-0.7247974588,-0.7072697442,0.3358026,-0.0088232905,-0.012875564,0.22653815,-0.21626559,4,0,4
1153,-0.07280656527,-0.05493183904,-1.21126606,-3.055399464,-2.303363299,-0.7247974588,-0.7072697442,0.70909613,-0.3021,-0.1530545,0.16075307,-1.2787293,1,4,1
1154,-0.07568269992,-0.05493183904,-1.21126606,-3.055399464,-2.303363299,-0.7247974588,-0.7072697442,0.70901513,-0.30204993,-0.15327498,0.16076407,-1.2786298,1,4,1
1155,-0.07528323678,-0.05493183904,-0.6077859505,-2.227588243,-2.303363299,-0.7247974588,-0.7072697442,0.56443167,-0.17944774,-0.100723475,0.21782202,-1.0561001,1,4,1
1156,-0.07520334415,-0.0543534246,-1.21126606,-0.02384387182,-0.8646893938,-0.7247974588,0.2766313862,0.004989721,0.00911995,-0.16930763,0.37206534,-0.29365724,0,2,0
1157,-0.07568269992,-0.05493183904,-0.004305840521,-3.055399464,-2.303363299,-0.7247974588,-0.7072697442,0.692372,-0.31378776,-0.16102216,0.1604963,-1.2495013,1,4,1
1158,-0.07360549156,-0.05493183904,1.202654379,-0.1730242818,-2.303363299,-0.7247974588,-0.7072697442,0.43426225,0.016001768,-0.10775179,0.38075894,-0.67173576,3,1,3
1159,-0.07568269992,-0.05477964709,-1.21126606,-0.07484673089,0.3850852726,-0.7247974588,-0.7072697442,0.35252684,-0.013366345,-0.08940415,0.26725593,-0.18867208,4,0,4
1160,-0.07512345152,-0.05376139792,-1.21126606,-0.2729786225,-0.1054228876,-0.7247974588,-0.2584116271,0.18718587,-0.053709425,-0.092227876,0.28037173,-0.2403952,4,0,4
1161,-0.07568269992,-0.05493183904,-0.004305840521,-3.055399464,-2.303363299,-0.7247974588,-0.7072697442,0.692372,-0.31378776,-0.16102216,0.1604963,-1.2495013,1,4,1
1162,0.08410255869,-0.04910263231,0.5991742694,0.5949838934,0.7503528426,0.8849441389,-0.05125402104,-0.00443691,-0.00441204,0.040574238,0.32814783,-0.14990428,0,2,0
1163,-0.07568269992,-0.04496349593,-0.004305840521,0.4337155411,0.6876701563,-0.03520879058,-0.1692277107,0.11755393,-0.016847897,0.013045769,0.28663576,-0.13418402,4,0,4
1164,-0.06385859079,-0.05391453363,-0.6077859505,0.4129590838,0.3919002847,0.0527928233,-0.5755546559,0.18455498,0.111285776,-0.05533924,0.23858859,-0.11371003,4,0,4
1165,-0.07064946428,-0.004802306422,-2.41822628,-0.3554159528,-0.4394444417,-0.7247974588,-0.7072697442,0.43987432,0.029089184,-0.24839872,0.39856845,-0.5892977,3,1,3
1166,-0.07520334415,-0.05493183904,-1.21126606,0.133744473,0.2462087025,-0.7247974588,-0.05865321828,0.069302306,-0.046470284,-0.10518949,0.32717794,-0.12137497,0,2,0
1167,-0.06977064535,-0.05484766583,0.5991742694,0.4132177239,0.6557206798,0.1695697067,-0.1417125801,0.097750634,-0.032355227,0.039591752,0.27125233,-0.14286561,4,0,4
1168,-0.06729397385,-0.04340521191,1.202654379,0.04648265231,0.1294317249,1.916680834,1.761924492,-0.60916257,-0.27236682,0.038987577,0.4011505,-0.369042,2,3,2
1169,-0.07568269992,-0.05298135892,-0.004305840521,0.2724333625,0.3899747378,-0.7247974588,-0.4922387407,0.20879084,0.01588852,0.010594966,0.24381128,-0.0662913,4,0,4
1170,-0.07464409574,-0.05458222267,1.202654379,0.176948504,0.2828088972,-0.22293378,0.6372372252,-0.1478416,-0.110823624,0.062433153,0.33269337,-0.18411344,0,2,0
1171,-0.05642857626,-0.04362447035,-0.004305840521,0.4972453767,0.65219671,0.5362309837,0.5854230695,-0.15029296,-0.09212477,0.09686197,0.37427637,-0.25616744,0,2,0
1172,-0.07448431048,-0.05493183904,1.202654379,-0.997556618,-0.07664281507,-0.7247974588,-0.7072697442,0.47202516,-0.15204448,0.10233924,0.26704267,-0.32790783,3,1,3
1173,-0.07568269992,-0.05493183904,0.5991742694,-2.227588243,-1.622586598,-0.7247974588,-0.7072697442,0.6045045,-0.23773594,-0.075935274,0.212597,-0.9066064,1,4,1
1174,-0.07568269992,-0.05493183904,-0.6077859505,-3.055399464,-2.303363299,-0.7247974588,-0.7072697442,0.6993672,-0.29837355,-0.16146582,0.15881473,-1.26147,1,4,1
1175,-0.07272667264,-0.04597036896,0.5991742694,0.4272956392,0.6841823254,-0.4725889303,-0.3281106532,0.19448829,-0.029939491,0.038885348,0.29754695,-0.11746229,4,0,4
1176,-0.07568269992,-0.05493183904,-0.004305840521,0.2732442719,-0.4411492427,-0.7247974588,-0.05607265729,0.076350056,-0.00862097,-0.07161581,0.28217673,-0.055074796,4,0,4
1177,-0.07568269992,-0.05383078555,-1.21126606,-1.738745436,-0.8580784041,-0.7247974588,-0.7072697442,0.54981476,-0.18498057,-0.039835684,0.19554076,-0.77313393,3,1,3
1178,-0.06130202665,-0.05384694,1.806134489,0.3961546708,-1.174894379,-0.7247974588,-0.7072697442,0.38445,0.07146115,-0.054152846,0.4285648,-0.32053596,4,0,4
1179,-0.07568269992,-0.05404759531,1.202654379,-0.007539801993,-0.7618639619,-0.7247974588,1.761924492,-0.5161972,-0.2417638,0.12795052,0.536771,-0.31385154,2,3,2
1180,-0.0715282832,-0.05493183904,0.5991742694,0.6473088463,0.1032741887,-0.07694123249,-0.7072697442,0.20069478,0.1951489,-0.023163378,0.23706266,-0.12246548,4,0,4
1181,-0.05690793204,-0.05441999795,-0.6077859505,0.5700490454,0.8059588618,-0.7247974588,-0.7072697442,0.31535256,0.024750326,-0.014071129,0.3568437,-0.09852688,4,0,4
1182,-0.07464409574,-0.05090308858,-1.21126606,0.4627185974,0.3792457217,-0.4698090861,-0.2866047194,0.11298729,0.09134717,-0.11803484,0.31304306,-0.11541057,4,0,4
1183,-0.07568269992,-0.05493183904,-1.21126606,-1.297961156,-0.8580784041,-0.7247974588,-0.7072697442,0.47975868,-0.123492956,-0.021524906,0.24480097,-0.6749062,3,1,3
1184,-0.06985053798,-0.0388953555,-1.21126606,0.01686124547,-0.4840993144,0.1958597874,-0.2206094026,0.0954697,0.1848189,-0.15950066,0.17174137,-0.25308114,4,0,4
1185,-0.05890524777,-0.04842499553,0.5991742694,0.4227427446,0.7101364966,-0.3205397844,-0.148851876,0.12122154,-0.046391405,0.040307224,0.28602457,-0.120049454,4,0,4
1186,-0.07568269992,-0.0530582201,0.5991742694,0.1997212694,0.2525985154,0.2549911866,0.3830357038,-0.09317538,-0.01673846,0.011276148,0.20233266,-0.15004003,0,2,0
1187,-0.07552291466,-0.05493183904,-1.81474617,-2.227588243,-1.622586598,-0.7247974588,-0.7072697442,0.6120317,-0.2526479,-0.064014584,0.20894793,-1.0828681,1,4,1
1188,-0.07568269992,-0.05381208039,0.5991742694,0.2196158484,0.3525168855,0.1122202143,0.2233712261,-0.039296873,-0.022059415,0.016768053,0.20274174,-0.12835482,0,2,0
1189,-0.07568269992,-0.05427970929,-0.6077859505,-0.2871985486,-0.2098626657,1.875318529,1.761924492,-0.65362966,-0.26444286,0.06430452,0.15204968,-0.3890959,2,3,2
1190,-0.07440441785,-0.05482130857,0.5991742694,0.2686021362,0.2223384229,-0.3180048057,-0.4922387407,0.19917987,0.072604544,-0.0046578944,0.18758398,-0.107733,4,0,4
1191,-0.07568269992,-0.05368200134,-0.6077859505,0.3717741844,0.6108489964,0.2458402844,0.1634477178,-0.034966737,-0.0515407,0.015357599,0.2733431,-0.17737973,0,2,0
1192,-0.07056957165,-0.05476349263,-1.21126606,0.3530482854,0.07577305885,0.2549911866,1.378323398,-0.50546134,-0.03913313,0.0092540085,0.35344934,-0.32575753,2,3,2
1193,-0.03701466734,-0.0134846148,1.806134489,0.5432811461,0.7006970123,0.3302335124,0.2028435258,-0.03482893,-0.06092502,0.09806028,0.40959314,-0.21340935,0,2,0
1194,-0.06993043061,-0.05290317987,0.5991742694,0.5169315879,0.7361170488,-0.1474249736,-0.256876042,0.14989546,-0.012319032,0.049201928,0.28841144,-0.12810992,4,0,4
1195,-0.07544302204,-0.05493183904,-0.6077859505,-1.266963091,-0.9544109768,-0.7247974588,1.63284981,-0.41123796,-0.41541559,-0.080829486,0.27085254,-0.34782386,2,3,2
1196,-0.07568269992,-0.05493183904,-1.21126606,-3.055399464,-2.303363299,-0.7247974588,-0.7072697442,0.70901513,-0.30204993,-0.15327498,0.16076407,-1.2786298,1,4,1
1197,-0.07464409574,-0.05493183904,0.5991742694,-0.007436365756,-2.303363299,-0.7247974588,-0.7072697442,0.3912151,0.04046896,-0.07530981,0.3594661,-0.6692947,3,1,3
1198,-0.07504355889,-0.04119375236,-1.21126606,0.05295633797,0.3544673731,-0.7247974588,-0.7072697442,0.33459905,0.017707776,-0.099021316,0.29145432,-0.17592753,4,0,4
1199,-0.07272667264,-0.05493183904,0.5991742694,0.4745757188,-1.174894379,-0.7247974588,-0.7072697442,0.30370244,0.10004565,-0.040890172,0.34166574,-0.3285005,4,0,4
1200,-0.06130202665,-0.05277394425,0.5991742694,0.5020144842,0.5696818711,1.916680834,0.174965274,-0.16633052,-0.047505874,0.08205724,0.32006526,-0.20410252,0,2,0
1201,-0.07568269992,-0.05493183904,-1.81474617,-3.055399464,-2.303363299,-0.7247974588,-0.7072697442,0.714687,-0.3256787,-0.1258591,0.16307473,-1.344451,1,4,1
1202,-0.07568269992,-0.05493183904,-2.41822628,-3.055399464,-2.303363299,-0.7247974588,-0.7072697442,0.730219,-0.35417134,-0.12574734,0.18320787,-1.4467713,1,4,1
1203,-0.07416473997,-0.05398382773,-1.81474617,-1.010746847,-1.618927147,-0.7247974588,1.305882006,-0.2995158,-0.24591202,-0.1869989,0.3239153,-0.5547928,2,3,2
1204,-0.07568269992,-0.05409010703,-0.004305840521,0.7517209386,0.8308282193,-0.2841084219,-0.2454480796,0.15536334,0.02054609,0.020807259,0.40462646,-0.15742765,4,0,4
1205,-0.06457762445,-0.05351704907,1.202654379,0.7474206198,0.8618447331,-0.150735552,-0.478204689,0.22881696,0.029105112,0.084106445,0.38014424,-0.14537151,4,0,4
1206,-0.001222769408,-0.05493183904,1.202654379,0.5857398645,0.3544673731,-0.7247974588,-0.7072697442,0.31562793,0.089625254,0.048177317,0.36885786,-0.116423294,4,0,4
1207,0.06812403283,-0.0517086006,-0.004305840521,0.6000104855,0.7569420452,0.7837977657,0.1428588234,-0.05390483,-0.0043682978,0.047736518,0.35081387,-0.14975822,0,2,0
1208,0.03616698111,-0.05410337068,-0.004305840521,0.7238873494,0.7609234906,0.04791942625,-0.3577126415,0.1487026,0.10255405,-0.008788293,0.37079224,-0.14250986,4,0,4
1209,-0.07568269992,-0.05424569991,1.202654379,0.5723683011,0.6845193172,1.124221794,-0.3218319211,0.06378314,0.0025538877,0.06906396,0.32433817,-0.1680733,0,2,0
1210,-0.07568269992,-0.05399658125,1.202654379,0.4190928887,0.415707057,-0.4864838088,-0.3142299089,0.17021456,0.02257377,0.04564309,0.31267902,-0.13809378,4,0,4
1211,-0.07392506208,-0.05493183904,-0.6077859505,-3.055399464,-2.303363299,-0.7247974588,-0.7072697442,0.69936377,-0.2984505,-0.16135277,0.15877584,-1.2615066,1,4,1
1212,-0.07568269992,-0.05024161475,-0.004305840521,0.0637906331,-0.9421229923,1.916680834,1.319609953,-0.57749546,0.05973208,0.013527885,0.089783505,-0.33795863,2,3,2
1213,-0.07568269992,-0.05386054375,0.5991742694,-0.8447790832,-0.1752671698,-0.7247974588,-0.7072697442,0.4306271,-0.069732934,0.04378192,0.24906221,-0.3031728,4,0,4
1214,-0.07128860531,-0.05493183904,-0.6077859505,0.1789075632,-0.2939341537,-0.7247974588,-0.7072697442,0.29024518,0.07594176,-0.06865704,0.30918816,-0.22901323,4,0,4
1215,-0.07568269992,-0.05219933037,0.5991742694,0.8017449765,0.7502007902,-0.7247974588,-0.5176319731,0.28151503,0.046355493,0.045098588,0.4447618,-0.15902008,4,0,4
1216,-0.07376527682,-0.05493183904,-1.21126606,-1.683203216,-1.174894379,-0.7247974588,-0.7072697442,0.52534944,-0.17470954,-0.019081622,0.225732,-0.81409496,3,1,3
1217,-0.07568269992,-0.05493183904,-1.21126606,-3.055399464,0.6189831577,-0.7247974588,-0.5812969103,0.8740382,-0.6573588,-0.2054591,0.2701093,-0.8954866,1,4,1
1218,-0.07408484734,-0.05383503672,1.202654379,0.07764030497,0.2926008038,1.722857629,-0.1172346265,-0.04729843,-0.06735376,0.08243686,0.23116173,-0.1780999,0,2,0
1219,-0.01656215423,-0.05493183904,-0.004305840521,0.6211024042,0.5189755294,-0.5325745725,-0.3905033661,0.17159472,0.08279297,-0.0047625587,0.32335952,-0.119050846,4,0,4
1220,-0.01776054367,-0.01904939864,1.202654379,0.2665643518,0.4492890712,1.795915422,1.761924492,-0.59575105,-0.3029857,0.045448273,0.48624903,-0.39937162,2,3,2
1221,-0.07296635053,-0.05482640998,1.202654379,0.6938857228,0.8487151556,-0.3179791836,-0.6521366897,0.30329856,0.035985246,0.09042181,0.3677347,-0.13221839,4,0,4
1222,-0.0701701085,-0.05493183904,-0.004305840521,0.09633614164,-1.622586598,-0.7247974588,-0.7072697442,0.33771467,0.06674969,-0.07471885,0.33493295,-0.46273226,3,1,3
1223,-0.07512345152,-0.05493183904,0.5991742694,-1.416002388,-0.8580784041,-0.7247974588,-0.7072697442,0.49472323,-0.124520645,-0.0011122823,0.24454144,-0.5634077,3,1,3
1224,-0.07248699475,-0.05298154597,1.202654379,0.5929924207,0.7309240422,-0.1200727094,-0.5948238916,0.2598126,0.04615177,0.07496673,0.31093735,-0.12557712,4,0,4
1225,-0.04436478923,-0.04833112966,1.806134489,0.4784059783,0.2740339256,1.490437912,0.2407272633,-0.1723293,0.005072277,0.1209985,0.33539832,-0.22888936,0,2,0
1226,-0.06761354436,-0.05457474061,-1.21126606,0.8285672675,0.07785417755,-0.7247974588,-0.7072697442,0.2719286,0.22189878,-0.15588357,0.46120477,-0.20616673,4,0,4
1227,-0.0742446326,-0.05493183904,0.5991742694,0.169922876,0.3698920725,-0.3022834978,-0.7072697442,0.2952486,0.05249044,0.026407495,0.19966365,-0.1322074,4,0,4
1228,-0.07560280729,-0.05493183904,-1.21126606,-0.4584482248,-0.4394444417,-0.7247974588,-0.7072697442,0.37863427,0.004067611,-0.06358379,0.2993191,-0.44632873,3,1,3
1229,-0.07552291466,-0.05493183904,-1.21126606,-3.055399464,-2.303363299,-0.7247974588,-0.7072697442,0.7090196,-0.30205292,-0.15326278,0.16076335,-1.2786355,1,4,1
1230,-0.07352559893,-0.05348218946,-0.6077859505,-0.007436365756,0.1933403709,-0.7247974588,-0.7072697442,0.30572462,0.02484981,-0.031792663,0.24228585,-0.14907447,4,0,4
1231,-0.07568269992,-0.05493183904,1.202654379,-0.8127916032,-1.991792948,-0.7247974588,1.761924492,-0.42973143,-0.2657404,0.009062335,0.43095636,-0.44866568,2,3,2
1232,-0.007054931347,-0.05408032933,-0.6077859505,0.5947235765,0.68382679,-0.2185780527,-0.2333778062,0.092592135,0.04310708,-0.024150245,0.3154448,-0.10738982,4,0,4
1233,-0.07568269992,-0.05493183904,0.5991742694,-3.055399464,-2.303363299,-0.7247974588,-0.7072697442,0.7096848,-0.3603602,-0.12098032,0.17688233,-1.2531679,1,4,1
1234,-0.07496366626,-0.05493183904,1.202654379,-0.3613481754,0.05888736971,-0.7247974588,-0.3432394882,0.25007132,-0.1228483,0.08190867,0.24569601,-0.1754828,4,0,4
1235,-0.06793311488,-0.05309507776,-1.21126606,0.5727969717,0.4831832136,-0.4698090861,-0.5724826352,0.22072364,0.13239025,-0.112102985,0.3340343,-0.13401023,4,0,4
1236,-0.07568269992,-0.05493183904,-1.21126606,-2.227588243,-2.303363299,-0.7247974588,-0.7072697442,0.58219695,-0.17035924,-0.08384733,0.26678884,-1.1411322,1,4,1
1237,-0.07328592104,-0.05424144874,-1.21126606,0.07463438496,-0.6986558168,0.8656486957,-0.7072697442,0.19417593,0.2950552,-0.13050854,0.10981533,-0.2595177,4,0,4
1238,-0.06777332962,-0.05493183904,-1.21126606,0.3393314207,-2.303363299,-0.7247974588,-0.7072697442,0.38719857,0.20824128,-0.27447554,0.5034598,-0.7235939,3,1,3
1239,-0.07512345152,-0.05493183904,-1.21126606,-1.010976848,-0.8580784041,-0.7247974588,-0.7072697442,0.43833846,-0.063524134,-0.028771013,0.27780786,-0.620234,3,1,3
1240,-0.07368538419,-0.05303879225,-0.004305840521,0.08465600268,0.01430667689,-0.7247974588,1.031029846,-0.2656533,-0.17789276,0.048265897,0.3852396,-0.12924093,0,2,0
1241,-0.07568269992,-0.05447781389,-1.21126606,-1.683203216,-1.174894379,-0.7247974588,-0.7072697442,0.5252919,-0.1745713,-0.019143492,0.22577009,-0.8139035,3,1,3
1242,-0.07496366626,-0.05389455312,-0.6077859505,0.2382356741,0.1094062936,-0.2468721656,-0.454637956,0.15229265,0.111717194,-0.056873113,0.18400611,-0.10099083,4,0,4
1243,-0.07560280729,-0.05493183904,-1.81474617,-2.227588243,-1.622586598,-0.7247974588,-0.7072697442,0.6120296,-0.25264308,-0.06401877,0.20895103,-1.0828618,1,4,1
1244,-0.0576269657,-0.05357231431,1.202654379,0.4220077348,0.4040439709,-0.7247974588,0.04348975417,0.07955877,-0.058973968,0.04381074,0.39531147,-0.15191734,0,2,0
1245,-0.07528323678,-0.05462167354,-1.21126606,-0.7570547584,-0.5594359521,-0.7247974588,0.02664446785,0.12766847,-0.15788588,-0.07093236,0.2465593,-0.3672722,0,2,0
1246,-0.07568269992,-0.05491360151,-1.81474617,-1.416002388,-2.303363299,-0.7247974588,-0.7072697442,0.52115834,-0.05648221,-0.09813157,0.39995825,-1.1094325,1,4,1
1247,-0.07568269992,-0.05493183904,-1.81474617,-3.055399464,-2.303363299,-0.7247974588,-0.7072697442,0.714687,-0.3256787,-0.1258591,0.16307473,-1.344451,1,4,1
1248,-0.07552291466,-0.05493183904,-1.21126606,-2.227588243,-2.303363299,-0.7247974588,-0.7072697442,0.58220136,-0.1703595,-0.08384257,0.26679173,-1.1411377,1,4,1
1249,-0.07568269992,-0.05493183904,-0.6077859505,-3.055399464,-2.303363299,-0.7247974588,-0.7072697442,0.6993672,-0.29837355,-0.16146582,0.15881473,-1.26147,1,4,1
1250,-0.07568269992,-0.05493183904,1.202654379,0.02754872978,0.2741358583,-0.2250241772,-0.7072697442,0.30824375,0.024883896,0.07325131,0.20688815,-0.14898254,4,0,4
1251,-0.07408484734,-0.05181062873,-1.21126606,0.5595864304,0.5053763816,0.2549911866,-0.6181902003,0.19118312,0.14990625,-0.11700593,0.30429953,-0.1587739,4,0,4
1252,-0.07472398837,-0.05493183904,-0.004305840521,0.3645688555,0.7774131413,-0.7247974588,-0.7072697442,0.3422817,-0.011734027,-0.0019462891,0.29442394,-0.08581331,4,0,4
1253,-0.07464409574,-0.05438343788,-0.6077859505,-0.08580140782,0.139487936,-0.7247974588,-0.7072697442,0.31337568,0.01674318,-0.025556669,0.24001637,-0.17963985,4,0,4
1254,-0.06833257803,-0.05489357849,-1.21126606,0.3749053422,0.337873391,-0.4506253352,-0.2548023378,0.10766253,0.073383644,-0.119757935,0.29173458,-0.122571014,4,0,4
1255,-0.07568269992,-0.05493183904,-1.21126606,-3.055399464,-2.303363299,-0.7247974588,-0.7072697442,0.70901513,-0.30204993,-0.15327498,0.16076407,-1.2786298,1,4,1
1256,-0.06449773182,-0.05493183904,-0.6077859505,0.2702351453,0.2454177561,-0.7247974588,-0.430433701,0.18320253,0.025908556,-0.053108864,0.28259373,-0.061272062,4,0,4
1257,-0.07408484734,-0.05377126914,-0.6077859505,0.04022675231,-0.2768999681,-0.7247974588,1.684891954,-0.51944333,-0.25907058,0.067839146,0.48457366,-0.23039296,2,3,2
1258,-0.07568269992,-0.05493183904,0.5991742694,-3.055399464,-2.303363299,-0.7247974588,-0.7072697442,0.7096848,-0.3603602,-0.12098032,0.17688233,-1.2531679,1,4,1
1259,-0.07128860531,-0.05493183904,0.5991742694,0.6045147147,0.6960942229,-0.7247974588,-0.6091121743,0.30289525,0.026891366,0.039542757,0.38027912,-0.12255094,4,0,4
1260,-0.07544302204,-0.05493183904,-2.41822628,-3.055399464,-2.303363299,-0.7247974588,-0.7072697442,0.730228,-0.35418403,-0.125733,0.18320403,-1.4467931,1,4,1
1261,-0.07568269992,-0.05459514623,-1.21126606,-3.055399464,-1.622586598,-0.7247974588,-0.7072697442,0.74982536,-0.3098057,-0.17799509,0.15348339,-1.1710565,1,4,1
1262,-0.07280656527,-0.05493183904,-0.004305840521,0.01412403851,0.06781731599,1.660928242,-0.7072697442,0.1860138,0.06727746,0.010441408,0.20125097,-0.13304591,4,0,4
1263,-0.07568269992,-0.05471247857,1.202654379,0.4137527901,0.4962897065,0.4600691598,-0.4874515802,0.17582554,0.040496863,0.051366746,0.25757024,-0.14639138,4,0,4
1264,-0.0715282832,-0.05289977893,-0.6077859505,0.2113080688,-1.542907059,1.518712551,0.4786518922,-0.33632585,0.27749428,-0.02795922,-0.02989994,-0.42290834,0,2,0
1265,-0.07568269992,-0.05493183904,-0.6077859505,-0.1329432402,-0.5594359521,-0.7247974588,0.02664446785,0.06950374,-0.043760836,-0.07654402,0.27325156,-0.16584942,0,2,0
1266,-0.07560280729,-0.05493183904,-0.004305840521,-3.055399464,-2.303363299,-0.7247974588,-0.7072697442,0.6923721,-0.31379384,-0.16102178,0.16049594,-1.2495025,1,4,1
1267,-0.07400495471,-0.0522234175,-0.004305840521,0.4731018202,0.6486217205,0.1890288484,-0.129399236,0.08466461,-0.00450656,0.018164134,0.28526837,-0.13713022,4,0,4
1268,-0.04684146074,-0.04384478307,-0.004305840521,0.5030257908,0.658639798,0.6414776509,0.6578170547,-0.1820479,-0.104061805,0.100184634,0.38121524,-0.26903278,0,2,0
1269,-0.02047689307,-0.05461725232,0.5991742694,0.5893032386,0.7585815825,-0.4277396772,-0.1573454243,0.13340913,-0.020245451,0.039720006,0.35970557,-0.13858388,4,0,4
1270,-0.06561622863,-0.05314124549,-1.21126606,0.09633614164,0.09622675333,-0.332598114,-0.05865321828,0.053241454,0.044795237,-0.12544446,0.23565483,-0.15739833,4,0,4
1271,-0.07512345152,-0.05493183904,-0.6077859505,-0.9626402592,-1.622586598,-0.7247974588,-0.7072697442,0.39967373,-0.028698929,-0.03192176,0.2888441,-0.65336543,3,1,3
1272,-0.07528323678,-0.05493183904,-0.6077859505,0.08480746795,-2.303363299,-0.7247974588,-0.7072697442,0.37824437,0.11159366,-0.17495778,0.40788433,-0.68233407,3,1,3
1273,-0.074803881,-0.05493183904,-0.6077859505,0.2043891543,-1.174894379,-0.7247974588,-0.7072697442,0.33032688,0.0955038,-0.11625454,0.37002936,-0.4005557,3,1,3
1274,-0.07184785372,-0.05493183904,-0.6077859505,-3.055399464,-2.303363299,-0.7247974588,-0.7072697442,0.69935954,-0.2985415,-0.16121908,0.15872979,-1.2615502,1,4,1
1275,-0.07296635053,-0.05440554397,-0.004305840521,0.4542104767,0.5202389807,0.8145287971,0.106419655,-0.04456626,-0.0078467205,0.055156305,0.28131455,-0.17164296,0,2,0
1276,-0.07560280729,-0.05493183904,-1.21126606,-2.520500295,-1.622586598,-0.7247974588,-0.7072697442,0.64142734,-0.2515995,-0.10747643,0.15905121,-1.0332147,1,4,1
1277,-0.07400495471,-0.05493183904,-0.6077859505,0.05774893095,0.3544673731,-0.7247974588,-0.7072697442,0.3049231,0.020884644,-0.03430167,0.23630542,-0.10431373,4,0,4
1278,-0.04404521872,-0.05155640865,-0.6077859505,0.4914766789,0.510415636,1.916680834,-0.1626030255,-0.028550178,0.031218454,0.030607997,0.3272858,-0.16254258,0,2,0
1279,-0.07568269992,-0.05404929578,0.5991742694,0.4463707398,0.4583198264,0.5098487374,-0.05463452941,0.028694943,0.011913282,0.025062457,0.24489208,-0.1596387,0,2,0
1280,-0.07440441785,-0.05493183904,0.5991742694,0.2657320996,0.2143119001,-0.1747323215,-0.7072697442,0.26421404,0.0912279,0.007405922,0.1940775,-0.13551635,4,0,4
1281,0.1400273992,-0.05493183904,1.202654379,0.5906944861,-2.303363299,-0.7247974588,-0.7072697442,0.35302678,0.14627372,-0.09951559,0.51028436,-0.65430295,3,1,3
1282,-0.06977064535,-0.05448971717,0.5991742694,0.5335165805,-0.6220677953,-0.7247974588,-0.7072697442,0.28672206,0.10904359,-0.04069093,0.30553907,-0.17815639,4,0,4
1283,-0.07568269992,-0.05429671397,0.5991742694,0.5762275887,0.7422789266,0.1583349459,-0.06941871988,0.08034322,-0.024347732,0.05373966,0.3277674,-0.16281052,0,2,0
1284,-0.06625536966,-0.05493183904,-0.6077859505,0.2910947479,0.3632728773,0.2836552357,-0.7072697442,0.21787989,0.096589334,-0.058269203,0.20651005,-0.10760756,4,0,4
1285,-0.07568269992,-0.0547924006,1.202654379,0.5647635707,-0.05401257901,1.281965645,-0.1405483877,-0.08892013,0.1391252,0.081645876,0.22496668,-0.19204314,0,2,0
1286,-0.06130202665,-0.05261367507,-0.6077859505,0.8117669525,0.9402359526,-0.7247974588,-0.6465934978,0.28909507,0.032269288,-0.010670774,0.44279486,-0.10713883,4,0,4
1287,-0.07336581367,-0.05479155037,1.202654379,-0.1155452292,0.2741358583,-0.7247974588,-0.4430890874,0.2738573,-0.08181804,0.06285408,0.27700603,-0.1611433,4,0,4
1288,-0.06178138242,-0.05159551943,-0.6077859505,0.3638159022,0.1406248584,0.709524486,-0.7072697442,0.17216007,0.1670167,-0.05871302,0.19788654,-0.10399237,4,0,4
1289,-0.07568269992,-0.05493183904,0.5991742694,-3.055399464,-2.303363299,-0.7247974588,-0.7072697442,0.7096848,-0.3603602,-0.12098032,0.17688233,-1.2531679,1,4,1
1290,-0.07432452522,-0.05493183904,0.5991742694,-0.2114077357,0.005260367441,-0.7247974588,0.6568821425,-0.13221204,-0.22031064,0.039119177,0.31114227,-0.12098542,0,2,0
1291,-0.05890524777,-0.03217194115,-1.21126606,0.4217191144,0.5748742968,-0.1925364435,0.8712569802,-0.28693175,-0.1206265,-0.014718324,0.416893,-0.21634649,2,3,2
1292,-0.07568269992,-0.05493183904,-1.21126606,-1.938619837,-1.622586598,-0.7247974588,-0.7072697442,0.5511004,-0.18155298,-0.037617765,0.23503172,-0.940607,1,4,1
1293,-0.07472398837,-0.05493183904,-0.004305840521,-0.1561460985,-1.681158286,1.916680834,1.362623079,-0.61387235,0.112372145,-0.020239338,-0.0059556365,-0.47034526,2,3,2
1294,-0.07568269992,-0.05329173697,-1.81474617,-0.4047205338,-0.3238597765,0.06314235083,-0.2907639724,0.22132835,0.05085975,-0.21292023,0.16670361,-0.3979483,3,1,3
1295,-0.06050310035,-0.05484681645,-0.004305840521,0.5647635707,0.4234098414,0.6884052318,0.698225568,-0.20016785,-0.006040031,0.08955778,0.35685402,-0.3014341,0,2,0
1296,-0.06905161169,-0.05378912407,-1.81474617,0.2789321706,0.2838669513,0.4899517123,0.4328553876,-0.15758798,0.025638603,-0.15327528,0.2698442,-0.26534703,0,2,0
1297,0.08410255869,-0.05235647918,-0.004305840521,0.467494947,0.5854158044,-0.3460426507,-0.3340384919,0.1479898,0.05881231,-0.007427774,0.27627707,-0.097166896,4,0,4
1298,-0.07568269992,0.008283297655,-0.004305840521,0.4784059783,0.5597842965,1.499293188,0.6658070175,-0.268571,-0.09676273,0.08552992,0.3431041,-0.26572028,2,3,2
1299,-0.07488377363,-0.05453392936,-1.81474617,-0.08493989826,0.139487936,-0.7247974588,-0.7072697442,0.38298747,0.018381849,-0.17164148,0.3335854,-0.33129978,3,1,3
1300,0.1400273992,-0.01337946037,0.5991742694,0.6654853707,0.8177911241,-0.1524611592,-0.08063076106,0.06441392,0.041185357,0.018654287,0.37077233,-0.12076919,4,0,4
1301,-0.06074277824,-0.0546512617,1.806134489,0.4261508136,0.5680252806,-0.4506253352,-0.7072697442,0.3398345,0.013614746,0.1217303,0.36279413,-0.15707406,4,0,4
1302,-0.07248699475,-0.05450842233,1.202654379,0.2756263991,0.03091868821,1.916680834,1.761924492,-0.62601554,-0.13714425,0.044629157,0.4361069,-0.40766686,2,3,2
1303,-0.07568269992,-0.05407140187,0.5991742694,0.1648807549,0.4594514876,-0.14596636,-0.4012990462,0.19030964,0.0041687638,0.020906836,0.17762655,-0.09899755,4,0,4
1304,-0.07568269992,-0.05486892169,0.5991742694,0.1090247782,-2.303363299,-0.7247974588,1.761924492,-0.47007608,-0.04576625,-0.09783557,0.5622309,-0.4624216,2,3,2
1305,-0.07560280729,-0.05493183904,-0.004305840521,-3.055399464,-2.303363299,-0.7247974588,-0.7072697442,0.6923721,-0.31379384,-0.16102178,0.16049594,-1.2495025,1,4,1
1306,-0.0622607382,-0.0546781291,0.5991742694,0.3632382458,0.4487540661,0.8977303017,-0.2236949145,0.046943218,0.0021797717,0.036344305,0.23201114,-0.13276906,0,2,0
1307,-0.07568269992,-0.05417683093,1.202654379,0.2954789005,-0.3001506268,1.196370851,-0.3839711708,0.0031168908,0.14099772,0.064166576,0.1867243,-0.15854755,0,2,0
1308,-0.0688119338,-0.05016712572,1.806134489,0.398109346,0.473731069,0.8490219512,0.8890503327,-0.27514747,-0.117872186,0.08332378,0.4529487,-0.2976328,2,3,2
1309,-0.074803881,-0.05493183904,-0.004305840521,0.304319255,0.1968949531,0.5978121668,-0.7072697442,0.19093667,0.11017711,-0.003908135,0.17759155,-0.09896484,4,0,4
1310,-0.07001032324,-0.05266936542,-1.21126606,0.5401849712,0.4688089408,0.2687201909,0.2931860575,-0.1259937,0.056876816,-0.052382976,0.3059584,-0.19381382,0,2,0
1311,-0.05099587747,-0.01936653606,0.5991742694,0.4080441112,0.7192538408,-0.7247974588,-0.3781680417,0.232873,-0.055557247,0.032296084,0.34833455,-0.11347581,4,0,4
1312,-0.06122213402,-0.05493183904,-0.6077859505,0.7034015043,0.5766420967,0.3786371049,-0.6415052006,0.17717367,0.16158698,-0.056377113,0.32755768,-0.12968573,4,0,4
1313,-0.07400495471,-0.05174941185,-0.004305840521,0.1606947902,0.3716894208,0.551973567,-0.5913998359,0.19604795,0.027049411,-0.002426125,0.19492249,-0.0908349,4,0,4
1314,0.1400273992,0.008283297655,1.202654379,0.5386093749,0.6327768008,0.3318802793,0.1516930178,-0.040602148,0.011531505,0.03986633,0.34114277,-0.1556052,0,2,0
1315,-0.07568269992,-0.05493183904,-0.6077859505,0.2643143651,-2.303363299,-0.7247974588,-0.7072697442,0.36765492,0.15322374,-0.1932883,0.4337036,-0.66499144,3,1,3
1316,-0.07025000113,-0.05467081709,-0.6077859505,0.5227559641,0.5692640896,0.2755159326,-0.5215547535,0.16330469,0.09265122,-0.054512165,0.28290895,-0.11446442,4,0,4
1317,-0.074803881,-0.05493183904,1.202654379,-1.07733148,-1.065619048,1.518712551,-0.7072697442,0.22526447,0.014124282,0.04070133,0.018579364,-0.3153645,4,0,4
1318,-0.07472398837,-0.03367598021,-2.41822628,-1.683203216,-1.622586598,-0.7247974588,-0.7072697442,0.57878476,-0.13216671,-0.14512694,0.33517185,-1.0685669,1,4,1
1319,-0.05930471091,-0.05453052842,1.202654379,0.6071048239,0.692446967,0.06668918871,0.03092355598,0.029112063,-0.001337558,0.06045012,0.3474574,-0.16824359,0,2,0
1320,0.1400273992,0.008283297655,0.5991742694,0.5762275887,0.7725794587,0.4148740794,-0.06198126222,0.028361663,0.0127566345,0.019624487,0.33402213,-0.12134938,0,2,0
1321,-0.02223453092,-0.04213867732,0.5991742694,0.4396585607,0.5476964974,1.202853041,0.9779076224,-0.3239438,-0.14518557,0.063029565,0.37344077,-0.30167675,2,3,2
1322,-0.05019695117,-0.05344897931,1.202654379,0.7255527129,0.8287616041,-0.7247974588,-0.6546729382,0.3273505,0.02432987,0.08483124,0.44140443,-0.14243314,4,0,4
1323,-0.05778675096,-0.05205699263,0.5991742694,0.5577793076,0.6658794603,0.5241395984,0.4624646741,-0.10908416,-0.06408448,0.0587086,0.35047585,-0.21706994,0,2,0
1324,-0.07568269992,-0.05493183904,-0.6077859505,0.06375051789,-0.1495777953,0.6514045954,0.02019203878,-0.034382813,0.07475205,-0.05797509,0.114718094,-0.117956854,0,2,0
1325,-0.0636189129,-0.04805174265,-0.6077859505,0.2913254481,0.2269855243,-0.0560856145,1.450148335,-0.47816756,-0.16635057,0.076304436,0.40289623,-0.31340396,2,3,2
1326,-0.07184785372,-0.05466826639,0.5991742694,0.5748088114,0.7722954528,0.0157680406,-0.6294321413,0.26768497,0.03989037,0.058606505,0.3212367,-0.1457942,4,0,4
1327,-0.07568269992,-0.04863925459,1.806134489,0.4418374329,0.5894291689,0.9728111646,0.313650289,-0.11679068,-0.0980788,0.0971286,0.39140534,-0.24009994,0,2,0
1328,-0.07568269992,-0.05407480281,1.806134489,0.6493253754,0.6017263993,0.1330739215,0.3984007491,-0.108438276,-0.017259307,0.10191667,0.44615683,-0.22711675,0,2,0
1329,-0.07352559893,-0.05477658624,-0.6077859505,-0.1794741453,-0.04214494595,-0.7247974588,0.2538843928,-0.024599873,-0.12126291,-0.043090113,0.24051237,-0.08682037,0,2,0
1330,-0.07456420311,-0.0537330086,-0.6077859505,0.3027704796,0.6291925342,-0.7247974588,-0.7072697442,0.30703914,0.014361016,-0.017130524,0.28248766,-0.08543208,4,0,4
1331,-0.07328592104,0.008283297655,-1.21126606,0.7754789008,0.760906338,-0.5818820199,-0.2384991871,0.09686262,0.053664997,-0.07036801,0.43439704,-0.095811665,4,0,4
1332,-0.07512345152,-0.05493183904,-0.6077859505,0.2880271044,0.4382783543,-0.7247974588,-0.7072697442,0.29013062,0.05129922,-0.03389605,0.27256864,-0.08142112,4,0,4
1333,-0.07568269992,-0.05474138654,-1.21126606,0.332341921,-0.8580784041,-0.7247974588,-0.7072697442,0.32944164,0.15035307,-0.1680617,0.4258356,-0.410404,3,1,3
1334,0.0006946536957,-0.05472948326,-0.004305840521,0.5883451162,0.7529157628,-0.1551498057,-0.3357647885,0.16630922,0.038422994,0.0012769578,0.3283764,-0.12681514,4,0,4
1335,-0.07528323678,-0.05493183904,-0.004305840521,-0.756353128,-0.2939341537,-0.7247974588,-0.7072697442,0.39392677,-0.036748946,0.020517088,0.21748431,-0.34011164,4,0,4
1336,-0.07512345152,-0.05346992738,-0.6077859505,-0.8245580258,-0.6220677953,-0.7247974588,-0.7072697442,0.3950142,-0.048382767,0.010381263,0.24447729,-0.46211302,3,1,3
1337,-0.05778675096,-0.03125600069,-0.6077859505,0.392886298,0.5353377149,0.8740835084,1.256223154,-0.43065125,-0.18284373,0.13051763,0.37929907,-0.34942716,2,3,2
1338,-0.07504355889,-0.05493183904,-0.6077859505,-2.227588243,-2.303363299,-0.7247974588,-0.7072697442,0.56444186,-0.17945503,-0.10072312,0.21783185,-1.056117,1,4,1
1339,-0.07568269992,-0.05065388489,-2.41822628,-0.3074576057,-0.07664281507,-0.7247974588,-0.7072697442,0.43583837,0.0026376843,-0.2505775,0.3645035,-0.49470484,3,1,3
1340,-0.07568269992,-0.04584478934,-1.21126606,0.6068287903,0.7335445508,-0.1414924446,-0.2522432596,0.09849932,0.048919164,-0.089170784,0.3448432,-0.13458838,4,0,4
1341,-0.07248699475,-0.05493183904,-0.004305840521,0.330818497,0.3899747378,-0.7247974588,-0.4922387407,0.2073113,0.023658752,0.0077016735,0.25723535,-0.06898397,4,0,4
1342,-0.01608279846,-0.04222296105,0.5991742694,0.5954948319,0.734045862,0.9340867797,0.2460038986,-0.080024466,-0.06093058,0.0529802,0.34479755,-0.19889247,0,2,0
1343,-0.07544302204,-0.05414537226,-0.6077859505,-1.071464752,-1.135929933,-0.7247974588,1.761924492,-0.4701748,-0.37451306,-0.0582155,0.3115046,-0.35823843,2,3,2
1344,-0.07448431048,-0.05377211938,-1.21126606,0.1096319958,0.4829062255,-0.7247974588,-0.7072697442,0.33103192,0.012662441,-0.09812085,0.29341054,-0.14594905,4,0,4
1345,-0.01600290583,-0.05448206506,0.5991742694,0.4926288616,0.5769337482,0.8965583222,0.6814182416,-0.2168449,-0.09641688,0.05224365,0.3486881,-0.256907,0,2,0
1346,-0.04748060178,-0.05313236054,1.202654379,0.5174185126,0.8181437404,-0.01635531642,-0.1530745776,0.10860951,-0.054032564,0.065488815,0.34476104,-0.14468718,4,0,4
1347,-0.07408484734,-0.05493183904,0.5991742694,0.1715327575,0.1876604708,1.765026353,-0.3728015612,0.033992678,0.011999246,0.0598,0.21547785,-0.14978063,0,2,0
1348,-0.07520334415,-0.05410456101,-1.21126606,-0.9087051495,-1.991792948,-0.7247974588,1.761924492,-0.455914,-0.2496546,-0.15988782,0.3694353,-0.55172753,2,3,2
1349,-0.003699440916,-0.04106434669,1.202654379,0.4381116769,0.6559295633,1.306571927,0.8692431,-0.29800138,-0.19086725,0.051954597,0.4245699,-0.30962855,2,3,2
1350,-0.07568269992,-0.05493183904,-0.004305840521,-1.297961156,-2.303363299,-0.7247974588,-0.7072697442,0.43343073,-0.06161098,-0.03387463,0.24256958,-0.7890418,3,1,3
1351,-0.05754707307,-0.05221057897,-1.21126606,0.5275611431,0.7205282079,-0.5246102416,-0.2938804754,0.1265731,0.008579772,-0.08429156,0.35044277,-0.082170606,4,0,4
1352,-0.07520334415,-0.0540181772,-2.41822628,-1.683203216,-1.174894379,-0.7247974588,-0.7072697442,0.5816768,-0.16137895,-0.15364614,0.27444577,-0.94622505,1,4,1
1353,-0.06194116768,-0.05240919371,0.5991742694,0.6331220907,0.5319581054,-0.4964393101,-0.5865593983,0.2531697,0.09211395,0.0277289,0.33077133,-0.13181962,4,0,4
1354,-0.03709455997,-0.05269545061,-0.004305840521,0.2538129401,0.2839771074,1.916680834,1.761924492,-0.62822926,-0.2285956,0.11706081,0.38510326,-0.43018556,2,3,2
1355,-0.07568269992,-0.04891558075,1.202654379,0.6357839004,0.7689173118,-0.02561099421,-0.07668863307,0.0798457,-0.013923341,0.067037,0.36483505,-0.16205668,0,2,0
1356,-0.07568269992,-0.05425590272,0.5991742694,0.4348738749,0.6297439126,-0.6287906464,-0.08924909813,0.1299626,-0.06497305,0.030154273,0.34884274,-0.14381629,4,0,4
1357,-0.0107299923,-0.04721341158,-0.004305840521,0.7414660541,0.5852807736,-0.561317781,-0.4380058774,0.19262725,0.10424278,-0.007202935,0.36834738,-0.1283108,4,0,4
1358,-0.07568269992,-0.04450456493,1.806134489,0.4841982526,0.6483327821,0.8602123853,0.2923232432,-0.095719606,-0.09393687,0.09653461,0.40605044,-0.24354368,0,2,0
1359,-0.06010363721,-0.05405439718,-1.21126606,0.7932541726,0.8812665268,-0.4029279601,-0.7072697442,0.27110785,0.11104587,-0.0872789,0.40925282,-0.1308119,4,0,4
1360,-0.07568269992,-0.0546342145,-2.41822628,-2.227588243,-1.174894379,-0.7247974588,-0.7072697442,0.6606394,-0.28095612,-0.12946606,0.20218892,-1.069184,1,4,1
1361,-0.06937118221,-0.05481025552,1.202654379,0.1232546583,0.6476518993,-0.7247974588,0.1349510576,0.065473005,-0.20070037,0.060470566,0.37416422,-0.13706556,0,2,0
1362,-0.07504355889,-0.05493183904,-0.004305840521,0.04025695226,-2.303363299,-0.7247974588,-0.7072697442,0.36894628,0.0752993,-0.096190915,0.37649286,-0.64783394,3,1,3
1363,-0.06609558441,-0.05413516945,1.202654379,0.1525175411,0.3253225635,-0.2046978331,1.366286153,-0.35854766,-0.26197433,0.10463541,0.45480037,-0.2871917,2,3,2
1364,-0.07568269992,-0.05493183904,-1.81474617,-3.055399464,-2.303363299,-0.7247974588,-0.7072697442,0.714687,-0.3256787,-0.1258591,0.16307473,-1.344451,1,4,1
1365,-0.06018352984,-0.05455773592,-0.6077859505,0.5935774346,0.4190000615,-0.2813477532,1.05726057,-0.33428192,-0.07077279,0.067251936,0.47837162,-0.25759625,2,3,2
1366,-0.07568269992,-0.04576461224,0.5991742694,0.6654853707,0.8314867489,0.2591392903,-0.4225580078,0.18456689,0.017603245,0.05717899,0.36053178,-0.15492952,4,0,4
1367,-0.06266020135,-0.03287165852,0.5991742694,0.7167914091,0.7912256309,-0.3827931447,-0.1577648433,0.13652912,0.0034004124,0.045235857,0.39534336,-0.15760703,4,0,4
1368,-0.03429831794,-0.04824389562,0.5991742694,0.6838888879,0.8202619309,0.2738510818,-0.2640378509,0.12904677,0.016100254,0.052537464,0.36834252,-0.15504616,4,0,4
1369,-0.07568269992,-0.04839183639,-1.21126606,0.1082082519,0.2635575343,-0.4456448922,1.761924492,-0.5710096,-0.32577103,0.012352377,0.4904114,-0.28159916,2,3,2
1370,-0.03206132432,-0.04323941622,0.5991742694,0.4237349691,0.5827501997,1.815567156,0.8870755189,-0.37008834,-0.17804559,0.07769866,0.3625916,-0.29919848,2,3,2
1371,0.1320381363,-0.05355871056,-0.004305840521,0.6935356296,0.8849595315,0.0678834848,-0.5020481571,0.19193727,0.09304553,-0.015459509,0.38743696,-0.12137157,4,0,4
1372,-0.05778675096,-0.04759856774,-0.6077859505,0.7521298466,0.8270014441,-0.7247974588,-0.5796378156,0.2523017,0.041266937,-0.011803351,0.41678238,-0.102546155,4,0,4
1373,-0.07568269992,-0.05324327361,0.5991742694,0.5061887446,0.6997328843,0.1934396468,-0.09341765718,0.08556859,-0.027290512,0.04766181,0.30484322,-0.15825467,0,2,0
1374,-0.07568269992,-0.04549423772,1.806134489,0.4861319368,0.6442169581,0.3828797802,-0.2178308733,0.09550402,-0.014698938,0.10099208,0.34166312,-0.17180076,0,2,0
1375,-0.07496366626,-0.05493183904,-1.21126606,-0.3477506858,-0.6220677953,-0.7247974588,-0.7072697442,0.3696258,0.032612763,-0.07559979,0.3311177,-0.47169614,3,1,3
1376,-0.07560280729,-0.05289952216,-0.6077859505,-3.055399464,-2.303363299,-0.7247974588,-0.7072697442,0.6994654,-0.2983614,-0.16130014,0.15897211,-1.2616036,1,4,1
1377,-0.07560280729,-0.05416662812,-1.21126606,-2.227588243,-1.622586598,-0.7247974588,-0.7072697442,0.5931307,-0.22155356,-0.06663597,0.19148509,-0.97924864,1,4,1
1378,-0.07264678001,-0.05207481354,-0.004305840521,-0.1930996068,-0.8580784041,-0.7247974588,-0.7072697442,0.30332065,0.027688026,-0.011598479,0.26968607,-0.29399127,4,0,4
1379,-0.03397874742,-0.05493183904,0.5991742694,0.2241611972,-2.303363299,-0.7247974588,-0.7072697442,0.376522,0.074573755,-0.07441233,0.40089422,-0.6563169,3,1,3
1380,-0.04060983566,-0.05232039013,1.202654379,0.5743925907,0.7030521603,0.2249114317,0.1207434873,-0.00419724,-0.024575595,0.062109098,0.35495043,-0.18949677,0,2,0
1381,0.1320381363,-0.007296609184,-0.6077859505,0.5286015441,0.6533680164,1.172117088,1.097149057,-0.4012922,-0.12941581,0.10091624,0.40618733,-0.29753268,2,3,2
1382,-0.06617547704,-0.05376361703,0.5991742694,0.692946066,0.7712626018,-0.225256278,-0.7072697442,0.29816106,0.074914366,0.046736218,0.34166992,-0.13673793,4,0,4
1383,-0.06329934238,-0.04920338508,-0.004305840521,0.7533535227,0.8005446579,-0.634350449,-0.6594593643,0.31188214,0.064925924,0.009131205,0.3981707,-0.12876713,4,0,4
1384,-0.0742446326,-0.05493183904,-1.21126606,-2.227588243,-2.303363299,-0.7247974588,-0.7072697442,0.58223677,-0.17036144,-0.08380478,0.2668137,-1.1411829,1,4,1
1385,-0.04340607768,-0.05348729087,0.5991742694,-0.4540966304,-0.6986558168,-0.7247974588,0.1334416846,0.049010694,-0.12105726,0.00043693185,0.20194927,-0.16603403,0,2,0
1386,-0.07416473997,-0.05493183904,-0.6077859505,-0.2389722531,-1.622586598,-0.7247974588,-0.7072697442,0.36013103,0.047893826,-0.09501436,0.3494374,-0.54021317,3,1,3
1387,-0.07280656527,-0.05493183904,-0.6077859505,0.02754872978,0.2897780354,-0.3588538326,-0.5138315772,0.21610913,0.037697896,-0.04067523,0.16625844,-0.11374879,4,0,4
1388,-0.07224731686,-0.05493183904,1.202654379,-0.1056084953,0.1582250332,0.2271298691,-0.2040800061,0.10854806,-0.03208022,0.037287176,0.1852854,-0.12847675,4,0,4
1389,-0.07088914216,-0.04572120863,-0.6077859505,0.3531010464,0.3318683992,0.3281397608,1.761924492,-0.5705154,-0.22785485,0.11626233,0.44581732,-0.42843166,2,3,2
1390,-0.06178138242,-0.05129368624,-0.6077859505,0.2052005986,0.2726110639,0.3197831362,0.1371764932,-0.051235974,0.020579325,-0.009244487,0.17789671,-0.1315365,0,2,0
1391,-0.07176796109,-0.04845305327,1.202654379,0.28656385,0.5471400902,-0.07365047007,0.5242274815,-0.10868886,-0.1266292,0.07155903,0.3454172,-0.18707772,0,2,0
1392,-0.07568269992,-0.0258201974,1.202654379,0.759764341,0.8714305651,0.02212165017,-0.4417147546,0.20716125,0.032401543,0.07915731,0.3745609,-0.14696966,4,0,4
1393,-0.07544302204,-0.05493183904,-1.81474617,-2.227588243,-1.622586598,-0.7247974588,-0.7072697442,0.612034,-0.25265288,-0.06401043,0.20894475,-1.0828749,1,4,1
1394,-0.07568269992,-0.05493183904,0.5991742694,0.6425906286,0.4696073109,0.6855914876,-0.6233635308,0.1609945,0.12130095,0.024115458,0.27817956,-0.11955871,4,0,4
1395,-0.07568269992,-0.05459370083,-0.6077859505,0.401742311,-0.08847556888,-0.7247974588,0.308261747,-0.07148042,0.01690714,-0.08142171,0.34977797,-0.038236506,0,2,0
1396,-0.07552291466,-0.05493183904,-2.41822628,-2.227588243,-1.622586598,-0.7247974588,-0.7072697442,0.6363332,-0.246072,-0.12092218,0.2358448,-1.1517979,1,4,1
1397,-0.07488377363,-0.05284876487,-0.004305840521,-1.683203216,-1.174894379,-0.7247974588,-0.7072697442,0.52157855,-0.12548521,-0.053797215,0.24101998,-0.7073002,3,1,3
1398,-0.0715282832,-0.05474053631,-0.004305840521,0.5344788418,0.7175862859,-0.6528119135,-0.2446451046,0.16970624,-0.040578093,0.035158806,0.36436334,-0.12972224,4,0,4
1399,-0.07472398837,-0.05230461489,0.5991742694,0.3474731353,0.5135854332,-0.7247974588,-0.5415642809,0.27074298,0.0045401417,0.029552564,0.3058544,-0.10721822,4,0,4
1400,-0.0418082251,-0.05091958312,0.5991742694,0.173282528,0.4373102013,1.916680834,1.443993939,-0.5124162,-0.28092945,0.071863264,0.3738474,-0.3488763,2,3,2
1401,-0.07440441785,-0.05429586374,1.202654379,-0.3074576057,-1.174894379,-0.7247974588,-0.7072697442,0.4022764,0.00041944534,-0.038665235,0.293649,-0.36235118,3,1,3
1402,-0.06010363721,-0.05363285269,-0.004305840521,0.5833659319,0.7746590222,-0.1911305884,-0.1195589826,0.10374564,-0.015222924,0.028113188,0.35438925,-0.15198681,4,0,4
1403,-0.07568269992,-0.05485888893,-0.004305840521,0.6570693943,0.776203532,-0.7247974588,-0.4493292757,0.24676463,-0.0067674797,0.018337723,0.3893426,-0.11718035,4,0,4
1404,-0.07336581367,-0.05386224422,1.806134489,0.1347590152,-0.02926914117,1.916680834,1.761924492,-0.6248529,-0.18562637,0.0566383,0.46889797,-0.40098324,2,3,2
1405,-0.07568269992,-0.05156406076,-1.81474617,0.06190028927,-0.4394444417,-0.7247974588,-0.7072697442,0.3655246,0.09671949,-0.18790817,0.40784836,-0.46933472,3,1,3
1406,-0.07512345152,-0.04060624042,-2.41822628,0.6416680001,0.4090520918,-0.4283201815,-0.5505515587,0.24663356,0.19043177,-0.29597592,0.45620668,-0.2786644,4,0,4
1407,-0.06441783919,-0.0538349517,0.5991742694,0.4708677616,-0.4394444417,-0.7247974588,-0.7072697442,0.28291142,0.0987707,-0.02654773,0.28487998,-0.14614487,4,0,4
1408,-0.07488377363,-0.05493183904,0.5991742694,0.05295633797,0.2829349161,-0.7247974588,-0.7072697442,0.32529825,0.013776265,0.043582886,0.24003458,-0.13710627,4,0,4
1409,0.01219919232,-0.04699011453,-0.004305840521,0.657097577,0.776685981,0.2689559387,-0.2947545307,0.12222062,0.056760635,0.0120175965,0.36525357,-0.14128834,4,0,4
1410,-0.03621574104,-0.03055097871,0.5991742694,0.392886298,0.5179863414,1.219488035,1.173649343,-0.3738312,-0.17730911,0.07120792,0.39718598,-0.3287655,2,3,2
1411,-0.01208816699,-0.04801727415,-0.6077859505,0.8294146437,0.9269415742,-0.7247974588,-0.6576242798,0.2838996,0.055138383,-0.013900794,0.4523272,-0.10921724,4,0,4
1412,-0.07568269992,-0.05493183904,0.5991742694,-1.320226862,-1.991792948,-0.7247974588,1.761924492,-0.44430655,-0.34505945,0.006656617,0.3170897,-0.4574678,2,3,2
1413,-0.07568269992,-0.05493183904,-1.21126606,-3.055399464,-2.303363299,-0.7247974588,-0.7072697442,0.70901513,-0.30204993,-0.15327498,0.16076407,-1.2786298,1,4,1
1414,-0.0728864579,-0.05376106633,-0.6077859505,0.1858734416,-2.303363299,-0.7247974588,-0.7072697442,0.3732234,0.13211988,-0.18453747,0.42259955,-0.67405105,3,1,3
1415,-0.06537655074,-0.05358931899,-0.004305840521,0.6008376179,0.7846196251,-0.3304678945,-0.4988267419,0.24508008,0.03240995,0.0053220736,0.32960206,-0.120357156,4,0,4
1416,-0.07400495471,-0.04857412664,-0.6077859505,-0.6509536488,-0.339470171,-0.7247974588,-0.1220300051,0.15267347,-0.12011323,-0.023263529,0.19173622,-0.23822016,4,0,4
1417,0.0601347699,-0.04003323774,-0.004305840521,0.6591251767,0.790596597,0.1699604033,-0.2054409068,0.0977529,0.058899518,0.004474449,0.37265763,-0.1400753,4,0,4
1418,-0.07544302204,-0.05493183904,-1.21126606,-0.2719145533,-0.07664281507,-0.7247974588,-0.7072697442,0.36578646,0.0037815757,-0.07165147,0.28393072,-0.32524818,4,0,4
1419,-0.07432452522,-0.05141284658,-1.21126606,0.3393314207,0.6747978586,-0.7247974588,-0.7072697442,0.3198646,0.027614411,-0.10004914,0.3297612,-0.108452365,4,0,4
1420,-0.0442848966,-0.05228812034,-0.004305840521,-0.006179209877,-0.4423642003,0.4789959885,1.761924492,-0.62933934,-0.06351636,0.09189004,0.25358987,-0.32329166,2,3,2
1421,-0.03110261277,-0.04871768871,0.5991742694,0.6012831259,0.5862568496,0.5984400954,1.5375556,-0.43545097,-0.19844869,0.14990413,0.52868915,-0.43674877,2,3,2
1422,-0.07568269992,-0.05473458467,-1.81474617,-0.3501410601,-0.2511663654,-0.7247974588,-0.1758533545,0.19532445,-0.054776385,-0.18217787,0.3245961,-0.34652042,4,0,4
1423,-0.06289987923,-0.03524041142,-0.6077859505,0.5686489146,0.5478676949,0.5831033022,-0.5306865889,0.14997858,0.11646488,-0.050605826,0.3017759,-0.12770528,4,0,4
1424,-0.07248699475,-0.05435367968,0.5991742694,0.257403184,0.2438431329,1.629335649,0.5371273724,-0.26371464,-0.08329409,0.064347446,0.23952137,-0.24106857,0,2,0
1425,-0.07096903479,-0.05493183904,-1.21126606,0.4523669259,0.2407975837,-0.7247974588,-0.7072697442,0.29295036,0.120998636,-0.12607233,0.37313348,-0.17652334,4,0,4
1426,-0.06250041609,-0.05458494342,-0.6077859505,0.4583909589,0.6143252446,0.9962343307,0.5658314821,-0.20367064,-0.07153894,0.05383295,0.33559725,-0.234905,0,2,0
1427,-0.07568269992,-0.05255968519,-0.6077859505,0.5577793076,0.4469477763,-0.1123843179,0.8875096711,-0.27729726,-0.046206806,0.07140708,0.41914028,-0.25331777,0,2,0
1428,-0.07568269992,-0.05476179216,0.5991742694,-0.6119727252,-0.2939341537,-0.7247974588,-0.7072697442,0.379862,-0.024277851,0.035722807,0.24444927,-0.27200735,4,0,4
1429,-0.07568269992,-0.05300775869,-0.004305840521,0.6548261195,0.7806634438,-0.09185152798,-0.3726938918,0.18706131,0.03927801,0.006590363,0.3443136,-0.13666049,4,0,4
1430,-0.07568269992,-0.0536267293,0.5991742694,0.3474383696,0.6089295818,0.2483116501,0.01202393762,0.047994196,-0.051798947,0.031074084,0.26273668,-0.15180792,0,2,0
1431,-0.07568269992,-0.05493183904,0.5991742694,0.6342606499,0.7324143143,-0.3687915217,-0.4200626028,0.2198453,0.027348356,0.050614797,0.3330558,-0.14000502,4,0,4
1432,-0.05642857626,-0.03674022482,-0.6077859505,0.5615226492,0.7251555337,-0.2120120937,0.4564515336,-0.115162715,-0.08985509,0.06187512,0.41167343,-0.2038162,0,2,0
1433,-0.05323287109,-0.04548658561,-0.6077859505,0.5658699254,0.5488047264,-0.4206504347,0.1040201083,-0.025308806,0.01394812,0.011572644,0.33992738,-0.12599403,0,2,0
1434,-0.07456420311,-0.05493183904,-0.6077859505,-3.055399464,-2.303363299,-0.7247974588,-0.7072697442,0.6993649,-0.29842246,-0.16139385,0.15879002,-1.2614934,1,4,1
1435,-0.004897830356,-0.05375894075,0.5991742694,0.3421935102,0.2735888091,1.763765947,1.761924492,-0.59882855,-0.1963683,0.084125906,0.4387634,-0.4385126,2,3,2
1436,-0.07528323678,-0.05493183904,-0.6077859505,-1.902241784,-1.618927147,-0.7247974588,1.305882006,-0.26358464,-0.41648054,-0.08322628,0.14942935,-0.5508455,2,3,2
1437,-0.06817279277,-0.05243555098,0.5991742694,0.584075932,0.6451065136,-0.5562780202,-0.6181902003,0.28394535,0.052160654,0.036745556,0.33114958,-0.11976214,4,0,4
1438,-0.04436478923,-0.05215514369,1.202654379,0.6055786074,0.6475409912,1.916680834,0.4478672506,-0.2604177,-0.077703305,0.09510276,0.361817,-0.2652798,0,2,0
1439,-0.07104892742,-0.05493183904,0.5991742694,0.5855074114,0.6537164263,-0.3310823592,-0.1445025961,0.11868708,0.009129638,0.03487169,0.32595813,-0.14702433,4,0,4
1440,-0.05842589199,-0.03207413869,-0.004305840521,0.392886298,0.4745078275,0.4234074168,0.7744392824,-0.2132718,-0.09461485,0.10717754,0.33868742,-0.27251512,0,2,0
1441,-0.07416473997,-0.05493183904,0.5991742694,0.6855342907,0.006621235816,-0.7247974588,-0.7072697442,0.28362462,0.14653084,-0.0075582415,0.3294797,-0.11500552,4,0,4
1442,-0.07568269992,-0.04859216011,1.202654379,0.7250811343,0.8481973079,-0.6692656469,-0.6159768356,0.3166773,0.015441672,0.08651599,0.4342297,-0.14394656,4,0,4
1443,-0.04907845436,-0.0266524663,0.5991742694,0.08618678667,0.2872540044,0.2485636086,1.761924492,-0.5030311,-0.3220509,0.105964966,0.43627858,-0.39348727,2,3,2
1444,-0.0410092988,-0.05493183904,-0.004305840521,0.4708677616,0.3258766583,0.6111552263,1.717668687,-0.5330357,-0.18518679,0.14126308,0.4568249,-0.44559053,2,3,2
1445,-0.07544302204,-0.05493183904,-0.004305840521,-0.6355046504,-0.1054228876,-0.7247974588,-0.2584116271,0.21973313,-0.10055837,-0.03376077,0.1885679,-0.20444107,4,0,4
1446,-0.07296635053,-0.05117108245,0.5991742694,0.2713682454,-0.08302369547,-0.7247974588,1.614746477,-0.45166904,-0.23932181,0.105649635,0.5064983,-0.30630276,2,3,2
1447,-0.07568269992,-0.05172135412,-0.6077859505,0.7008589226,0.5205108676,1.148963731,-0.2623102976,0.0341693,0.116955385,-0.0031893402,0.3504129,-0.17731687,0,2,0
1448,0.1160596104,-0.03890492148,-0.004305840521,0.2436106074,0.3781039326,0.374294617,-0.3959947853,0.12638356,0.038571063,-0.0066731237,0.21407247,-0.097284615,4,0,4
1449,0.1320381363,-0.04320243102,-0.6077859505,0.4942931842,0.6558343912,0.7976125449,0.5345997306,-0.20163587,-0.0477385,0.038929433,0.34044576,-0.19094896,0,2,0
1450,-0.06865214854,-0.05467931943,-1.21126606,0.5597390429,0.6070621816,-0.7247974588,-0.7072697442,0.29876113,0.0902746,-0.10233535,0.37941253,-0.12345918,4,0,4
1451,-0.07568269992,-0.05493183904,-0.6077859505,0.5420017929,0.5820616207,-0.7247974588,-0.7072697442,0.28919214,0.07192046,-0.022544436,0.33648777,-0.10330951,4,0,4
1452,-0.06817279277,-0.05434177639,-0.004305840521,0.5514631767,-0.1947061616,-0.7247974588,0.4378394405,-0.10778455,0.013656594,-0.034458965,0.3758844,-0.06641717,0,2,0
1453,-0.07400495471,-0.05481280623,-0.6077859505,0.3347441122,0.4722321591,0.7999888396,0.235030953,-0.07826018,-0.022387162,0.002215609,0.25722858,-0.16988932,0,2,0
1454,-0.07568269992,-0.05395491976,-0.004305840521,-0.1437040296,-0.2511663654,0.280528655,-0.7072697442,0.22668841,0.11238606,6.097555e-05,0.11062448,-0.16691077,4,0,4
1455,0.01219919232,0.008283297655,0.5991742694,0.6993117792,0.7242972213,-0.3971835757,-0.6516348892,0.2740916,0.093934186,0.037061803,0.34592265,-0.1252745,4,0,4
1456,-0.07528323678,-0.05468952224,-1.21126606,0.08500033596,0.2549788561,-0.4113181746,-0.1895711315,0.11649732,0.0074890256,-0.11225103,0.23412082,-0.14454758,4,0,4
1457,-0.06793311488,-0.05493183904,-1.21126606,-0.2481580096,-1.622586598,-0.7247974588,-0.7072697442,0.39247042,0.07789115,-0.13325888,0.40711844,-0.65350103,3,1,3
1458,-0.0557095426,-0.03126034539,0.5991742694,0.5356480984,0.6945703567,0.4034780213,0.07740101209,0.018957794,-0.035780855,0.043282136,0.3209878,-0.17207836,0,2,0
1459,-0.07568269992,-0.05493183904,-1.21126606,-3.055399464,-2.303363299,-0.7247974588,-0.7072697442,0.70901513,-0.30204993,-0.15327498,0.16076407,-1.2786298,1,4,1
1460,-0.07376527682,-0.05459769693,-0.004305840521,0.5939648185,0.2829349161,-0.7247974588,-0.7072697442,0.27764985,0.10760997,0.003562156,0.32995516,-0.12945594,4,0,4
1461,-0.07568269992,-0.05425590272,-1.21126606,-1.123544504,-1.174894379,-0.7247974588,-0.7072697442,0.4458686,-0.06643204,-0.024174005,0.29798502,-0.7141797,3,1,3
1462,-0.05874546251,-0.04458278649,0.5991742694,0.5100255596,0.1964379138,1.729200486,0.9794562878,-0.40199757,-0.02365458,0.0766111,0.33883142,-0.35169345,2,3,2
1463,0.02018845525,-0.05343100536,-0.6077859505,0.8180314181,0.8610828588,-0.5392837589,-0.4513929975,0.19169231,0.068159714,-0.03370867,0.4233881,-0.10899709,4,0,4
1464,-0.0734457063,-0.05355905235,-0.004305840521,0.6437492592,0.3254287663,-0.7247974588,-0.4652193539,0.19548674,0.09430757,0.006603505,0.33960417,-0.11574738,4,0,4
1465,0.1400273992,-0.05493183904,-1.21126606,0.5795424276,0.5959768274,-0.4286064467,-0.09466431642,0.015444516,0.0679362,-0.09639883,0.37562704,-0.10354459,0,2,0
1466,-0.07320602841,-0.05490803247,1.202654379,0.4342450218,0.5278004563,0.556031401,-0.1820953204,0.061613068,0.0055271024,0.05329469,0.2792954,-0.16367525,0,2,0
1467,-0.05083609221,-0.04504191304,0.5991742694,0.4449944049,0.3702458842,1.456048197,1.625608312,-0.52948886,-0.17226093,0.09806364,0.4564761,-0.44428504,2,3,2
1468,-0.06729397385,-0.05493183904,-1.21126606,-0.1598853492,0.006621235816,-0.7247974588,-0.7072697442,0.357634,0.015791576,-0.08126454,0.29010805,-0.2897142,4,0,4
1469,-0.01640236898,-0.03514821456,1.202654379,0.4453639017,0.3607468302,1.916680834,1.761924492,-0.62047946,-0.19092117,0.054244876,0.49774987,-0.4329054,2,3,2
1470,-0.06785322225,-0.05447271248,-0.6077859505,0.4648690094,0.7703656436,-0.7247974588,-0.5340927177,0.25524464,-0.018451784,-0.012976475,0.32842344,-0.08176072,4,0,4
1471,-0.07568269992,-0.05468782178,-0.004305840521,0.3383601751,-0.2266614349,0.7281406958,1.761924492,-0.60213447,-0.020228222,0.12559697,0.33125228,-0.4571963,2,3,2
1472,-0.05794653622,-0.04667155723,-0.6077859505,0.583603579,0.6714341317,-0.6164181625,-0.3748931331,0.16817644,0.022774272,-0.015861548,0.34672666,-0.09505986,4,0,4
1473,-0.01496430165,-0.05303392041,-0.004305840521,0.6626012875,0.818052457,-0.1699220894,-0.1958106698,0.1216743,0.016842308,0.01925105,0.37392765,-0.14389296,4,0,4
1474,-0.05786664359,-0.05419769568,0.5991742694,0.4888250045,-1.622586598,-0.7247974588,-0.7072697442,0.32735908,0.11205232,-0.055336937,0.38634738,-0.45884722,3,1,3
1475,-0.07560280729,-0.0545152242,-1.81474617,-2.520500295,-1.622586598,-0.7247974588,-0.7072697442,0.65712756,-0.2931543,-0.079018265,0.1686846,-1.132333,1,4,1
1476,-0.07536312941,-0.05433667499,-0.6077859505,0.05295633797,0.1933403709,-0.7247974588,-0.7072697442,0.29934072,0.033572208,-0.037057735,0.24872202,-0.13828428,4,0,4
1477,-0.0238323835,-0.05296779768,-1.21126606,0.4508014352,0.7617187431,-0.7247974588,-0.7072697442,0.3164711,0.03625077,-0.09663737,0.35854656,-0.10271911,4,0,4
1478,-0.07504355889,-0.0542601539,-2.41822628,-1.498508037,-0.8580784041,-0.7247974588,-0.7072697442,0.56194,-0.15069154,-0.16347921,0.26655057,-0.8441849,3,1,3
1479,-0.01025063652,-0.05493183904,1.202654379,0.3784946274,0.5374131407,-0.5879244648,-0.06515211679,0.09715685,-0.05697877,0.055068478,0.35238868,-0.13587788,0,2,0
1480,-0.03837284204,-0.05493183904,0.5991742694,0.7900655264,-2.303363299,-0.7247974588,-0.7072697442,0.32732576,0.22450933,-0.09879604,0.49986887,-0.6317242,3,1,3
1481,-0.06785322225,-0.05234542613,0.5991742694,0.5540044062,0.6839993955,0.5376628419,0.317115719,-0.062325373,-0.061855756,0.046824746,0.33863497,-0.20297381,0,2,0
1482,-0.07544302204,-0.05493183904,0.5991742694,-3.055399464,-2.303363299,-0.7247974588,-0.7072697442,0.70968044,-0.36038116,-0.12096605,0.1768687,-1.2531629,1,4,1
1483,-0.07568269992,-0.05475788109,-1.81474617,-1.384804035,-0.8580784041,-0.7247974588,-0.7072697442,0.51652485,-0.13204423,-0.09078641,0.25669336,-0.74891216,3,1,3
1484,-0.03733423786,-0.05384353906,1.202654379,0.4316598521,0.5008660207,1.916680834,1.168746016,-0.4748061,-0.17980061,0.05335492,0.4057223,-0.34229165,2,3,2
1485,-0.07472398837,-0.05212521544,-1.21126606,0.5228601898,-2.303363299,-0.7247974588,-0.7072697442,0.36852312,0.25792396,-0.2896378,0.5302389,-0.7078602,3,1,3
1486,-0.05698782466,-0.05443530217,-0.004305840521,0.4784059783,0.09717186846,1.916680834,-0.330715431,-0.02422455,0.11907959,0.07603232,0.24590936,-0.15728831,0,2,0
1487,-0.07472398837,-0.05493183904,0.5991742694,0.2103410422,0.4090520918,-0.4283201815,-0.5505515587,0.25068164,0.031967334,0.019566685,0.21053907,-0.106746405,4,0,4
1488,-0.07568269992,-0.05017996426,1.202654379,0.5106321609,0.6288518859,1.613840729,0.4393104447,-0.21290562,-0.10705376,0.085517675,0.356838,-0.26224104,0,2,0
1489,-0.04724092389,-0.05493183904,0.5991742694,0.4443045344,0.6856220457,0.05090671734,-0.0117228501,0.06071723,-0.04517737,0.043520004,0.28694558,-0.14819908,0,2,0
1490,0.04415624404,-0.03990819802,0.5991742694,0.7672424844,0.8439497794,-0.3766707832,-0.2413193952,0.1461808,0.04558631,0.029011555,0.40515715,-0.12723936,4,0,4
1491,-0.07568269992,-0.05179872545,-2.41822628,-1.683203216,-0.8580784041,-0.7247974588,-0.7072697442,0.5862168,-0.19433501,-0.1487129,0.23765518,-0.88371223,1,4,1
1492,-0.001302662037,-0.01833399445,1.202654379,0.4958266265,0.7325630495,0.475869883,-0.2089179602,0.09143238,-0.028691042,0.05541572,0.32876936,-0.15724845,0,2,0
1493,-0.07544302204,-0.05493183904,-0.004305840521,-3.055399464,-2.303363299,-0.7247974588,-0.7072697442,0.69237226,-0.3138058,-0.1610209,0.16049516,-1.2495053,1,4,1
1494,-0.0674537591,-0.05483831326,-0.6077859505,0.06879033289,-0.8580784041,-0.7247974588,-0.7072697442,0.3229897,0.07028888,-0.07928933,0.34045285,-0.35381588,4,0,4
1495,-0.07552291466,-0.05493183904,-1.81474617,-3.055399464,-2.303363299,-0.7247974588,-0.7072697442,0.7146875,-0.32568997,-0.12583935,0.16306788,-1.3444598,1,4,1
1496,-0.07384516945,-0.05493183904,-0.004305840521,0.358036507,0.4736343413,1.087699037,-0.5176319731,0.14099498,0.034038983,0.041513033,0.26401478,-0.1177074,4,0,4
1497,-0.07568269992,-0.05330575733,-1.81474617,0.6823665462,0.8145656896,-0.6731970787,-0.4662745781,0.21389972,0.0541322,-0.16980734,0.4470382,-0.12275623,4,0,4
1498,-0.07384516945,-0.05399501171,-1.21126606,0.3474731353,0.4486291291,-0.4506253352,-0.5623420853,0.23799905,0.07971342,-0.11284123,0.27920592,-0.13385814,4,0,4
1499,-0.07560280729,-0.05493183904,-1.21126606,-1.123544504,-2.303363299,-0.7247974588,-0.7072697442,0.45908457,-0.014504284,-0.08373476,0.36444256,-0.91953826,3,1,3
1500,-0.07528323678,-0.05493183904,-0.6077859505,-3.055399464,-2.303363299,-0.7247974588,-0.7072697442,0.6993665,-0.298391,-0.1614401,0.15880582,-1.2614784,1,4,1
1501,-0.07560280729,-0.05493183904,-1.21126606,-2.227588243,-2.303363299,-0.7247974588,-0.7072697442,0.5821991,-0.17035942,-0.0838449,0.26679027,-1.141135,1,4,1
1502,-0.07552291466,-0.05493183904,0.5991742694,-0.7073497488,-2.303363299,-0.7247974588,-0.7072697442,0.41906083,-0.018688887,-0.036039546,0.28599033,-0.68867934,3,1,3
1503,-0.03278035798,-0.05493183904,0.5991742694,0.3762755247,0.388012958,0.8668115764,1.064596046,-0.3190424,-0.10854774,0.06626057,0.3650059,-0.3134301,2,3,2
1504,-0.06154170454,-0.05493183904,0.5991742694,0.5420360364,0.3254287663,-0.2668899065,-0.7072697442,0.2532799,0.13104129,0.0014979243,0.25718123,-0.12784633,4,0,4
1505,-0.01887904048,-5.77139046e-05,0.5991742694,0.6609492138,0.8899519478,-0.6085325821,-0.5414687387,0.28136277,0.0015081046,0.049920715,0.39326316,-0.12006597,4,0,4
1506,-0.07544302204,-0.05461725232,-1.21126606,-0.6119727252,-0.6220677953,-0.7247974588,-0.7072697442,0.3959556,-0.007818535,-0.053317532,0.30542517,-0.50899184,3,1,3
1507,-0.06953096747,-0.0533821764,1.202654379,0.2274663005,0.3285494839,-0.3818147,-0.5259687147,0.24631914,0.02504566,0.054035783,0.24455449,-0.12823315,4,0,4
1508,-0.07400495471,-0.05236328106,-1.81474617,0.5727969717,0.6333560323,-0.4964393101,-0.7072697442,0.2957131,0.12241341,-0.19355287,0.38661125,-0.17675991,4,0,4
1509,-0.07504355889,-0.05493183904,0.5991742694,-1.58787247,-1.314599623,-0.7247974588,1.761924492,-0.46143007,-0.47806156,0.036759175,0.28929844,-0.43314797,2,3,2
1510,-0.05786664359,-0.05493183904,0.5991742694,0.2304858192,-0.43883261,0.6514045954,1.389121835,-0.47275585,0.05610154,0.02770602,0.29333076,-0.32558775,2,3,2
1511,-0.07568269992,-0.04885351365,0.5991742694,0.1974869467,0.3332862356,0.6572852968,1.359384276,-0.3928371,-0.20266151,0.086197905,0.37497616,-0.34812814,2,3,2
1512,-0.07280656527,-0.05319220854,0.5991742694,0.01479235953,-0.01001038317,1.275431459,1.314733852,-0.44046122,-0.15194258,0.027434304,0.2815948,-0.29876083,2,3,2
1513,-0.07528323678,-0.05493183904,0.5991742694,-2.227588243,-1.622586598,-0.7247974588,-0.7072697442,0.6044978,-0.23776467,-0.0759103,0.21257265,-0.9065988,1,4,1
1514,-0.04532350079,-0.05430861725,-0.004305840521,0.7288325705,0.8572587993,-0.6431332733,-0.7072697442,0.33358383,0.05267824,0.01027144,0.3953776,-0.116872385,4,0,4
1515,-0.03413853268,0.008283297655,1.202654379,0.5201768429,0.5600502912,1.916680834,0.2425327159,-0.19692504,-0.05374466,0.0867818,0.32181367,-0.21387297,0,2,0
1516,0.1080703475,0.008283297655,1.202654379,0.6641065658,0.6712307874,0.3496947778,-0.3224987089,0.108304724,0.09465386,0.051158458,0.3264253,-0.13811807,4,0,4
1517,-0.07408484734,-0.05254329947,-1.21126606,-0.467675982,-0.1752671698,-0.7247974588,-0.7072697442,0.38394397,-0.02264015,-0.056206703,0.26915494,-0.3777981,3,1,3
1518,-0.04380554083,-0.04615367948,-0.004305840521,0.7414660541,0.8378122451,-0.1002212185,-0.3514184993,0.17648458,0.055328704,0.006785435,0.3812423,-0.14181313,4,0,4
1519,-0.07568269992,-0.05438981464,-0.6077859505,0.8199176567,0.8900028523,-0.4987445402,-0.5877779452,0.25006014,0.06335441,-0.029911004,0.40475413,-0.11361502,4,0,4
1520,-0.0549106163,-0.05493183904,1.202654379,0.5554568837,0.3380579506,0.8977303017,0.3519553005,-0.15242359,0.033093117,0.05771759,0.3091479,-0.22782408,0,2,0
1521,-0.0437256482,-0.05372705696,1.202654379,0.7436961861,0.7684720896,-0.0104323008,-0.3296556068,0.15530641,0.055026833,0.067603976,0.35980663,-0.14905533,4,0,4
1522,-0.07096903479,-0.04812642724,0.5991742694,0.06921955978,-0.2938181503,-0.550917642,1.761924492,-0.5204478,-0.23035635,0.13218199,0.46057144,-0.31246412,2,3,2
1523,-0.07264678001,-0.05356296173,-0.004305840521,0.1219872708,0.5208835085,-0.7247974588,-0.7072697442,0.31518,0.012164388,0.009215016,0.21933337,-0.07983885,4,0,4
1524,-0.07568269992,-0.004872591045,-0.004305840521,0.6667543117,0.8175268066,-0.1699698696,-0.1603670584,0.11967396,-0.0027936152,0.024490237,0.37553006,-0.15044154,4,0,4
1525,-0.07568269992,-0.05493183904,0.5991742694,0.608989978,0.4088034652,-0.7247974588,-0.4999527781,0.23805508,0.06982309,0.019559242,0.36152345,-0.12899396,4,0,4
1526,-0.05235405217,-0.04326647067,0.5991742694,0.6773752439,0.8644293834,-0.3841612351,-0.5674700002,0.27367687,0.027012158,0.05744887,0.36280218,-0.13462918,4,0,4
1527,-0.05331276372,-0.0517332574,1.202654379,0.5920675331,0.7530641397,0.4945029382,-0.2024477128,0.09309968,-0.010041967,0.059259802,0.35036463,-0.1734694,4,0,4
1528,-0.07160817583,-0.05447186225,-1.21126606,0.423596468,0.6685225875,-0.7247974588,-0.4495980071,0.21870995,0.0042951293,-0.09497088,0.34421885,-0.074866176,4,0,4
1529,-0.07496366626,-0.05493183904,-0.004305840521,-2.227588243,-1.622586598,-0.7247974588,-0.7072697442,0.58755046,-0.19832666,-0.105869815,0.20709138,-0.9186776,1,4,1
1530,-0.07520334415,-0.05493183904,0.5991742694,-2.281797098,-2.303363299,-0.7247974588,-0.7072697442,0.58583534,-0.24052654,-0.06201774,0.21594179,-1.0700567,1,4,1
1531,-0.07536312941,-0.05340080078,-0.6077859505,-0.04831909504,0.1032741887,-0.7247974588,-0.3648122947,0.18578702,-0.01946494,-0.036325656,0.23811692,-0.10792363,4,0,4
1532,-0.07432452522,-0.05165588607,-1.21126606,-0.6780774874,-1.380194934,-0.7247974588,1.761924492,-0.49722737,-0.2603243,-0.121665224,0.3791777,-0.43424675,2,3,2
1533,0.04415624404,-0.02841983145,-0.6077859505,0.7474206198,0.8289683474,-0.3500330069,-0.2302274911,0.101165,0.04209278,-0.025974415,0.397259,-0.11661133,4,0,4
1534,-0.07352559893,-0.05450757209,0.5991742694,0.445189165,0.5513287338,0.3005770427,0.2773384045,-0.04977262,-0.031617638,0.04158564,0.2879458,-0.17916542,0,2,0
1535,-0.07552291466,-0.05493183904,-0.6077859505,-1.738745436,-1.622586598,-0.7247974588,-0.7072697442,0.5130992,-0.13070782,-0.06914853,0.24058275,-0.8088454,3,1,3
1536,-0.07568269992,-0.05493183904,0.5991742694,-3.055399464,-2.303363299,-0.7247974588,-0.7072697442,0.7096848,-0.3603602,-0.12098032,0.17688233,-1.2531679,1,4,1
1537,-0.07568269992,-0.05422189335,0.5991742694,0.3702527134,0.4079339815,1.168300046,-0.3381629966,0.056062713,0.022381194,0.039347067,0.23653054,-0.11919013,0,2,0
1538,-0.0734457063,-0.05493183904,0.5991742694,0.4212210041,0.6499058062,-0.634350449,-0.125262176,0.14184287,-0.067886844,0.02901537,0.3467287,-0.14013286,4,0,4
1539,-0.07568269992,-0.05493183904,-1.21126606,-0.5632727702,-2.303363299,-0.7247974588,-0.7072697442,0.42702505,0.05230801,-0.14028315,0.40516782,-0.8198325,3,1,3
1540,-0.06761354436,-0.05205379575,1.202654379,0.46953008,0.5981034595,1.545840084,0.1426538738,-0.118593216,-0.068701446,0.0845626,0.3121933,-0.20621493,0,2,0
1541,-0.06937118221,-0.03916433394,-1.81474617,0.05197820188,0.2640549371,1.211350398,0.3161799504,-0.10951021,-0.034816604,-0.17967021,0.23175961,-0.2834019,0,2,0
1542,-0.07568269992,-0.05493183904,-0.6077859505,-1.683203216,-1.622586598,-0.7247974588,-0.7072697442,0.504448,-0.12380995,-0.06314516,0.2454461,-0.80084807,3,1,3
1543,-0.07544302204,-0.04898019857,1.202654379,-3.055399464,-2.303363299,-0.7247974588,-0.7072697442,0.72360283,-0.39968288,-0.0408175,0.21738382,-1.2304204,1,4,1
1544,-0.07168806846,-0.04684866104,0.5991742694,0.6661576122,0.7763618909,-0.7247974588,-0.5389624577,0.28874514,0.007941422,0.044804707,0.4101107,-0.13281466,4,0,4
1545,-0.0742446326,-0.05493183904,1.202654379,-0.3274842153,-0.1752671698,-0.7247974588,-0.7072697442,0.3847305,-0.025427073,0.07751566,0.28473848,-0.245543,4,0,4
1546,-0.06913150432,-0.0519262606,0.5991742694,0.5060032996,0.5979040855,0.3188647345,-0.6450456457,0.23184769,0.06540698,0.038823113,0.27851793,-0.13039751,4,0,4
1547,-0.07536312941,-0.05493183904,-0.004305840521,-3.055399464,-2.303363299,-0.7247974588,-0.7072697442,0.6923724,-0.3138118,-0.16102043,0.16049471,-1.2495065,1,4,1
1548,-0.03501735161,-0.04983213339,-0.6077859505,0.5959853915,0.7789772957,0.3539082048,0.1979368235,-0.056827337,-0.025606541,0.025783867,0.3648703,-0.18243057,0,2,0
1549,-0.06857225591,-0.04488097388,-1.21126606,-0.06354039409,-0.7928182279,-0.332598114,1.761924492,-0.6136694,-0.105764434,-0.046746105,0.38081923,-0.3194958,2,3,2
1550,-0.07376527682,-0.05216075523,-0.6077859505,0.1061257814,-0.3238597765,-0.7247974588,0.6053436097,-0.14985806,-0.06570017,-0.06548449,0.33498865,-0.07804617,0,2,0
1551,-0.05866556988,-0.05197531912,1.202654379,0.362738616,0.3850852726,-0.7247974588,-0.7072697442,0.33631796,0.04227507,0.060214043,0.32923084,-0.13066317,4,0,4
1552,-0.07560280729,-0.05476774381,-1.81474617,-1.281654448,-0.8646893938,-0.7247974588,0.2766313862,0.11167077,-0.25593162,-0.13103667,0.24377476,-0.56557894,3,1,3
1553,-0.07568269992,-0.05493183904,0.5991742694,-1.622090212,-2.303363299,-0.7247974588,-0.7072697442,0.4904085,-0.14232986,-0.014002323,0.20710355,-0.85477513,3,1,3
1554,-0.07544302204,-0.0538988043,-1.21126606,0.3474731353,0.697051387,-0.7247974588,-0.7072697442,0.32099795,0.024444247,-0.09854628,0.33111566,-0.106720835,4,0,4
1555,-0.07568269992,-0.05459174529,-0.6077859505,0.5770943073,0.3484260347,-0.7247974588,-0.474949967,0.18691745,0.090736255,-0.04828541,0.34296373,-0.08476718,4,0,4
1556,-0.0696108601,-0.05472778279,0.5991742694,0.5114133093,0.6649129875,-0.4233495082,-0.4103491108,0.21341357,0.010608871,0.043679513,0.30027676,-0.12488581,4,0,4
1557,-0.06601569178,-0.05265576167,0.5991742694,0.5120262376,0.2741358583,-0.7247974588,-0.4430890874,0.21097082,0.058309186,0.0099312365,0.3212015,-0.107023336,4,0,4
1558,-0.07560280729,-0.05120016046,-1.81474617,-0.7889104039,-0.6220677953,-0.7247974588,-0.7072697442,0.44976237,-0.03470845,-0.124936655,0.31906146,-0.6120076,3,1,3
1559,-0.07568269992,-0.04883310802,0.5991742694,0.5187533147,0.7111380116,-0.03236007717,0.05566175214,0.042862702,-0.04532288,0.048717923,0.32018173,-0.15788183,0,2,0
1560,-0.07568269992,-0.05493183904,-0.6077859505,-3.055399464,-2.303363299,-0.7247974588,-0.7072697442,0.6993672,-0.29837355,-0.16146582,0.15881473,-1.26147,1,4,1
1561,-0.06921139695,-0.0475603072,-0.004305840521,-0.03703178974,-0.7868821794,-0.1455894925,1.761924492,-0.60229033,-0.060138956,0.0829932,0.33652726,-0.27677095,2,3,2
1562,-0.07568269992,-0.05132642026,1.202654379,0.6104998606,0.5627494665,-0.5959875741,-0.1032365645,0.121012345,-0.004730135,0.05560094,0.40690085,-0.16980574,4,0,4
1563,-0.06665483281,-0.05455773592,-0.004305840521,0.3812377123,0.5347795611,0.7021685888,0.1586378634,-0.045815602,-0.04550182,0.052236713,0.2675043,-0.1631788,0,2,0
1564,-0.07552291466,-0.05493183904,-2.41822628,-2.227588243,-1.622586598,-0.7247974588,-0.7072697442,0.6363332,-0.246072,-0.12092218,0.2358448,-1.1517979,1,4,1
1565,-0.06321944975,-0.05372705696,-0.6077859505,0.4701556532,0.6803057735,-0.6195482161,-0.384527989,0.18261406,-0.0073112436,-0.015098371,0.31224412,-0.08091538,4,0,4
1566,0.03616698111,-0.04930779386,1.806134489,0.5969105056,0.664848518,1.668589821,-0.208367032,-0.0349966,-0.012837507,0.13083407,0.37195268,-0.16537455,0,2,0
1567,-0.07568269992,-0.05493183904,-0.004305840521,-3.055399464,-2.303363299,-0.7247974588,-0.7072697442,0.692372,-0.31378776,-0.16102216,0.1604963,-1.2495013,1,4,1
1568,-0.06769343699,-0.05081840524,0.5991742694,0.5217831997,0.5881157153,-0.02672911878,0.4169846322,-0.06730759,-0.028707046,0.061763097,0.35482597,-0.20056874,0,2,0
1569,-0.07560280729,-0.05493183904,-0.004305840521,-1.498508037,-1.622586598,-0.7247974588,-0.7072697442,0.46989155,-0.10300036,-0.058762148,0.22351696,-0.7151149,3,1,3
1570,-0.07512345152,-0.05493183904,-0.6077859505,-0.6024661303,-1.174894379,-0.7247974588,-0.7072697442,0.36431172,0.0021418855,-0.022566766,0.3018659,-0.524996,3,1,3
1571,-0.07568269992,-0.05424314921,-0.004305840521,0.7025760777,0.8541740291,-0.4847362847,-0.5329677799,0.2721433,0.030909546,0.0105259465,0.3824969,-0.12914976,4,0,4
1572,-0.06401837604,-0.04420868338,0.5991742694,0.4129744984,0.5167345903,1.45532527,1.143649546,-0.38878638,-0.17052418,0.074920446,0.389554,-0.33928406,2,3,2
1573,-0.05970417406,-0.04545189605,1.806134489,0.4784059783,0.5910654983,0.01255740175,0.5184412673,-0.12455957,-0.096888565,0.10399088,0.43623456,-0.21315446,0,2,0
1574,-0.07568269992,-0.01399547812,-0.6077859505,0.6667543117,0.7179096945,-0.2710333535,0.2118165452,-0.03591621,-0.025781343,0.04068683,0.40290424,-0.18296513,0,2,0
1575,0.1400273992,-0.0365689026,-0.6077859505,0.7626069333,0.8814239589,-0.3156469235,-0.3626550129,0.1355727,0.07861075,-0.05212809,0.40747845,-0.09252307,4,0,4
1576,-0.04756049441,0.008283297655,-0.6077859505,0.7539998841,0.8581450841,-0.5411212267,-0.3274634703,0.1638687,0.012137018,-0.015929371,0.4129246,-0.11781539,4,0,4
1577,-0.07568269992,-0.05493183904,1.202654379,-0.4099360519,-2.303363299,-0.7247974588,-0.7072697442,0.45207185,-0.009289183,-0.08312124,0.34325317,-0.6780757,3,1,3
1578,-0.07472398837,-0.05493183904,-0.004305840521,-0.2005163861,-0.8580784041,-0.7247974588,-0.7072697442,0.30371302,0.027289543,-0.011762522,0.26901847,-0.29459825,4,0,4
1579,-0.07568269992,-0.05464998635,1.202654379,0.2984564006,0.5683424571,1.72721674,-0.03134540556,-0.07168326,-0.08219755,0.08606389,0.3026821,-0.18504798,0,2,0
1580,-0.05930471091,-0.05156151006,-0.6077859505,0.2807441855,-0.195334344,-0.1747323215,0.205036017,-0.07705622,0.12574428,-0.09095283,0.20509696,-0.03102117,0,2,0
1581,-0.07336581367,-0.05493183904,0.5991742694,-0.01945638538,0.1933403709,-0.7247974588,-0.7072697442,0.32594365,0.011354767,0.048136666,0.23253605,-0.15588963,4,0,4
1582,-0.07568269992,-0.05447696366,-1.21126606,0.3474731353,0.5378260675,-0.7247974588,-0.7072697442,0.30948594,0.058798023,-0.108098134,0.3330002,-0.11778244,4,0,4
1583,-0.07568269992,-0.05493183904,-0.004305840521,-3.055399464,-2.303363299,-0.7247974588,-0.7072697442,0.692372,-0.31378776,-0.16102216,0.1604963,-1.2495013,1,4,1
1584,-0.06809290014,-0.04846199773,-1.21126606,0.2670365652,0.1032741887,-0.7247974588,-0.3648122947,0.18142189,0.04742337,-0.12555373,0.34906447,-0.16867778,4,0,4
1585,-0.07280656527,-0.04645500254,-1.21126606,-0.1919052505,-2.303363299,-0.7247974588,-0.7072697442,0.4216927,0.10660605,-0.19641553,0.44034153,-0.7694746,3,1,3
1586,-0.07496366626,-0.05493183904,1.202654379,-0.405813848,-2.303363299,-0.7247974588,-0.7072697442,0.4517511,-0.008884117,-0.08351362,0.34382913,-0.67802405,3,1,3
1587,-0.07488377363,-0.05202488778,-1.21126606,-0.1037047103,0.4128995225,-0.7247974588,-0.7072697442,0.35667825,-0.023351442,-0.086218834,0.2617779,-0.18887351,4,0,4
1588,-0.05147523324,-0.03181991862,1.202654379,0.4220495014,0.5188627521,1.916680834,1.293385286,-0.5038382,-0.1993668,0.05412957,0.427415,-0.35464332,2,3,2
1589,-0.06809290014,-0.05493183904,-0.6077859505,0.6146464764,-0.2202682756,-0.7247974588,1.761924492,-0.5709652,-0.09433754,0.072446555,0.62374264,-0.2673446,2,3,2
1590,-0.07520334415,-0.05472778279,0.5991742694,0.6623194633,0.7873435912,-0.5989529447,-0.7072697442,0.32898012,0.04927854,0.04533585,0.36596957,-0.12232882,4,0,4
1591,-0.07112882005,-0.05493183904,-0.6077859505,0.3845256125,0.5931598436,-0.5291343964,-0.6038420536,0.25639957,0.04318444,-0.018211775,0.26745293,-0.09540303,4,0,4
1592,-0.07009021587,-0.05493183904,0.5991742694,-3.055399464,-2.303363299,-0.7247974588,-0.7072697442,0.709584,-0.36084858,-0.12065196,0.1765647,-1.2530519,1,4,1
1593,-0.07544302204,-0.05433667499,-1.21126606,-1.297961156,-1.174894379,-0.7247974588,-0.7072697442,0.46624488,-0.10329274,-0.015852123,0.27134365,-0.74227357,3,1,3
1594,-0.02622916238,-0.01199296366,0.5991742694,0.520959381,0.5911347717,0.304788159,1.761924492,-0.49004552,-0.2977423,0.1558666,0.57154447,-0.4523582,2,3,2
1595,-0.06953096747,-0.05269742316,0.5991742694,0.3715672001,0.6237887915,-0.5452050459,-0.612337015,0.2903983,0.016771847,0.030490786,0.27350932,-0.1014858,4,0,4
1596,-0.06673472544,-0.05344732986,-0.6077859505,0.5056300584,0.006621235816,-0.7247974588,-0.7072697442,0.26753214,0.12542652,-0.08714466,0.34126198,-0.14691214,4,0,4
1597,-0.0742446326,-0.05347632285,0.5991742694,0.5637352783,0.7003916817,0.1365546247,-0.3382701211,0.1599372,0.01595306,0.050500892,0.30359897,-0.14587219,4,0,4
1598,-0.07520334415,-0.04595336427,-1.21126606,-2.227588243,-1.622586598,-0.7247974588,-0.7072697442,0.5933341,-0.22212201,-0.06506601,0.19156136,-0.98023856,1,4,1
1599,-0.07552291466,-0.05493183904,0.5991742694,-2.528150338,-1.622586598,-0.7247974588,-0.7072697442,0.6497502,-0.2865958,-0.095457554,0.1987053,-0.9787471,1,4,1
1600,-0.07080924954,-0.05422614452,0.5991742694,0.392886298,0.4242615694,1.69526787,0.7484590039,-0.32348126,-0.1149113,0.073881015,0.3167824,-0.28654307,2,3,2
1601,-0.07224731686,-0.05493183904,-0.6077859505,-0.235939578,-0.2768999681,-0.7247974588,1.684891954,-0.5025412,-0.32150888,0.028625965,0.43708646,-0.2250914,2,3,2
1602,-0.07448431048,-0.05493183904,-0.004305840521,-0.1437040296,-1.622586598,-0.7247974588,-0.7072697442,0.34204686,0.03423932,-0.06296669,0.3029505,-0.47518495,3,1,3
1603,-0.07128860531,-0.05333186803,-0.6077859505,0.360926895,0.5535937511,-0.7247974588,-0.7072697442,0.2959146,0.04366536,-0.02010072,0.2897664,-0.08386195,4,0,4
1604,-0.07568269992,-0.05493183904,-0.6077859505,-0.4576696235,-2.303363299,-0.7247974588,-0.7072697442,0.39531747,0.03889459,-0.13378794,0.3428795,-0.7011062,3,1,3
1605,-0.06194116768,-0.05257243871,1.202654379,0.392886298,0.5103300094,1.916680834,0.9244718548,-0.40128022,-0.18115164,0.06130016,0.37351343,-0.32750756,2,3,2
1606,-0.07528323678,-0.05085071414,-1.81474617,-1.012733273,-0.4394444417,-0.7247974588,-0.7072697442,0.47439942,-0.09869885,-0.10732257,0.26953617,-0.5944711,3,1,3
1607,0.01219919232,-0.04182817343,-0.6077859505,0.5392324371,0.6544891906,-0.3822462084,0.5998279793,-0.16851628,-0.09301202,0.050592184,0.43414593,-0.17859827,0,2,0
1608,-0.07552291466,-0.05493183904,-0.004305840521,-3.055399464,-2.303363299,-0.7247974588,-0.7072697442,0.6923722,-0.3137999,-0.16102123,0.16049546,-1.249504,1,4,1
1609,-0.0734457063,-0.05493183904,-0.6077859505,-0.7889104039,-0.4394444417,-0.7247974588,-0.7072697442,0.4028036,-0.05087623,0.008766253,0.24624783,-0.4360935,3,1,3
1610,-0.07040978639,-0.03825024103,-0.004305840521,0.1749685446,0.1972585642,0.1766053058,-0.2307873408,0.07735923,0.036246285,-0.0015527178,0.1543406,-0.090121344,4,0,4
1611,-0.07568269992,-0.05493183904,1.202654379,-0.4678508331,-2.303363299,-0.7247974588,-0.7072697442,0.45612773,-0.014915787,-0.077388674,0.3358968,-0.6799996,3,1,3
1612,-0.05562964997,-0.05493183904,1.202654379,0.3930421251,0.6000525166,-0.6205517737,-0.03583118475,0.100104734,-0.083959565,0.06111908,0.37106216,-0.14749591,0,2,0
1613,-0.07568269992,-0.05435623038,-0.6077859505,0.4594961461,-0.4967017999,0.01016883391,0.5158804507,-0.18539444,0.1835863,-0.13950218,0.21918279,-0.07241771,0,2,0
1614,-0.0674537591,-0.05482555974,-0.6077859505,-0.06797305673,-0.04097080826,0.4789959885,1.436396774,-0.50074863,-0.1691171,0.06749876,0.22343592,-0.2970937,2,3,2
1615,-0.07512345152,-0.05493183904,-0.6077859505,-0.2079198994,-0.8580784041,-0.7247974588,-0.7072697442,0.33572087,0.04095916,-0.046878375,0.31411135,-0.39606532,3,1,3
1616,-0.05483072367,-0.05459174529,-0.6077859505,0.7044321883,0.816219142,-0.2240280881,-0.6394306717,0.24855638,0.08827783,-0.045101672,0.35147738,-0.11306308,4,0,4
1617,-0.07568269992,-0.05210013352,-1.81474617,-0.5528276973,-0.2939341537,-0.7247974588,-0.7072697442,0.42972216,-0.02165316,-0.1389034,0.3178781,-0.4980008,3,1,3
1618,-0.07392506208,-0.05493183904,-0.004305840521,-1.123544504,-2.303363299,-0.7247974588,-0.7072697442,0.42095283,-0.041095093,-0.045106396,0.24847892,-0.7521616,3,1,3
1619,-0.07568269992,-0.05493183904,-0.004305840521,-1.207258152,-1.174894379,-0.7247974588,-0.7072697442,0.4371088,-0.06742586,-0.037637264,0.23717943,-0.57297003,3,1,3
1620,-0.07568269992,-0.05421169054,0.5991742694,0.3778238399,0.5101001423,1.916680834,0.4386348266,-0.23894542,-0.11316982,0.07575147,0.30986786,-0.23648152,0,2,0
1621,-0.07528323678,-0.05467676873,0.5991742694,0.31812819,0.4859943213,-0.7247974588,-0.07094332337,0.11418789,-0.074803755,0.022775434,0.32392517,-0.12807052,4,0,4
1622,-0.03030368648,-0.04854232787,0.5991742694,0.2630756657,0.5406176808,1.527263585,1.408258309,-0.46228266,-0.26904246,0.07396927,0.4108523,-0.35105485,2,3,2
1623,-0.07496366626,-0.05493183904,0.5991742694,-0.2501665303,0.1933403709,-0.7247974588,-0.7072697442,0.34986222,-0.021293312,0.054578856,0.22947305,-0.17463398,4,0,4
1624,-0.07448431048,-0.05493183904,0.5991742694,0.1911085322,0.2462087025,0.5022462378,-0.7072697442,0.2307572,0.057082705,0.0372871,0.16971998,-0.12020421,4,0,4
1625,-0.03989080199,-0.05033266635,0.5991742694,0.7576222625,0.7149907884,0.6983014676,-0.3463597109,0.09803505,0.077859536,0.035320953,0.3522301,-0.15602997,4,0,4
1626,-0.05531007945,0.008283297655,-0.004305840521,0.422913853,0.6604870452,0.377955096,0.8087464569,-0.2118649,-0.16865803,0.12454797,0.39778686,-0.28228986,0,2,0
1627,-0.07264678001,-0.05423464687,1.202654379,0.3513377763,0.3812856864,1.376096039,1.021639838,-0.36786374,-0.1332946,0.043444604,0.3811794,-0.30516613,2,3,2
1628,-0.07568269992,-0.05493183904,1.202654379,0.2492905875,-1.622586598,-0.7247974588,-0.7072697442,0.369615,0.05564654,-0.09225759,0.3901364,-0.45037353,3,1,3
1629,-0.06769343699,-0.04682995589,0.5991742694,0.2990555532,0.3303505341,1.153688195,0.6261855804,-0.2402205,-0.082062416,0.026809052,0.2622926,-0.23354626,0,2,0
1630,-0.07568269992,-0.05493183904,-0.6077859505,0.2910947479,-0.1752671698,-0.7247974588,-0.7072697442,0.28023902,0.08930827,-0.07640001,0.3147497,-0.1977289,4,0,4
1631,-0.07568269992,-0.04990100237,1.202654379,0.6391017714,0.7796138002,0.3043577,-0.5384392023,0.22022341,0.034827515,0.07057068,0.33382618,-0.14470226,4,0,4
1632,-0.07456420311,-0.05216347598,-1.81474617,0.441609462,0.6825789521,-0.7247974588,-0.7072697442,0.33801714,0.05249243,-0.1821838,0.39676028,-0.16895108,4,0,4
1633,-0.07248699475,-0.05435538014,-0.6077859505,0.356633396,-0.6220677953,-0.7247974588,-0.7072697442,0.3040797,0.105179444,-0.1098911,0.35499626,-0.27094638,4,0,4
1634,0.02018845525,-0.04763682829,-0.004305840521,0.2886114352,0.4109009717,0.4547925568,0.2856280773,-0.07644124,-0.03124728,0.04246169,0.22719358,-0.15342382,0,2,0
1635,-0.07536312941,-0.05493183904,-1.81474617,-1.274119611,-0.2939341537,-0.7247974588,-0.7072697442,0.51908624,-0.16719595,-0.09180865,0.23060061,-0.6300353,3,1,3
1636,-0.06969075272,-0.05493183904,-0.004305840521,-0.06797068915,-0.6986558168,-0.7247974588,0.1334416846,0.024587581,-0.054623052,-0.04414623,0.25383404,-0.10529189,0,2,0
1637,0.07611329576,-0.04684611034,-0.004305840521,0.3891635474,0.5921535447,0.8024039751,0.5262473849,-0.17811552,-0.09883789,0.06869253,0.30567342,-0.18867965,0,2,0
1638,-0.07264678001,-0.05493183904,1.202654379,0.3962704029,0.3522696161,-0.7247974588,0.1176684991,0.058112215,-0.06915278,0.047284767,0.3981154,-0.16309243,0,2,0
1639,-0.07568269992,-0.05493183904,-1.21126606,-3.055399464,-2.303363299,-0.7247974588,-0.7072697442,0.70901513,-0.30204993,-0.15327498,0.16076407,-1.2786298,1,4,1
1640,-0.07568269992,-0.05030567141,-1.21126606,0.4682343227,0.6220757989,-0.2731607945,0.2402212179,-0.07526333,-0.036762774,-0.060067594,0.35629648,-0.14202692,0,2,0
1641,-0.04244736613,-0.0545152242,-0.004305840521,0.7052332688,-0.2939341537,-0.7247974588,-0.7072697442,0.27542385,0.16340512,-0.07031625,0.3388261,-0.14748773,4,0,4
1642,-0.07552291466,-0.05473464418,-1.81474617,-1.938619837,-0.8580784041,-0.7247974588,-0.7072697442,0.60879374,-0.23893535,-0.09312333,0.20710663,-0.89448,1,4,1
1643,0.1240488733,-0.05230036371,1.202654379,0.6009791459,0.594518077,1.916680834,0.6637389136,-0.33893812,-0.07736846,0.076737165,0.3820987,-0.26991066,2,3,2
1644,-0.0720875316,-0.04282025068,-0.004305840521,0.4064630006,0.6297439126,-0.4260010981,-0.2578380495,0.15997708,-0.016451262,0.015195896,0.2766565,-0.10888162,4,0,4
1645,0.1400273992,-0.05234542613,0.5991742694,0.6180513313,0.8379887368,0.3095147615,-0.1067201838,0.05370394,0.01371517,0.033348717,0.35777777,-0.12569717,0,2,0
1646,-0.07224731686,-0.05481110576,0.5991742694,0.05541295407,0.2263971986,-0.7247974588,1.282593726,-0.30835664,-0.3231448,0.08262203,0.46398234,-0.2363448,2,3,2
1647,-0.07472398837,-0.05224169754,-1.21126606,0.5688121492,0.5864881309,-0.7247974588,-0.5692638924,0.24907453,0.07256015,-0.10255019,0.38429728,-0.11335814,4,0,4
1648,-0.01041042178,0.008283297655,1.202654379,0.6074599126,0.705624546,0.9883259373,0.4607247292,-0.15513198,-0.07973822,0.068266734,0.40038872,-0.25121567,0,2,0
1649,0.004209929385,-0.05493183904,-1.21126606,0.5939648185,0.4615282199,-0.7247974588,-0.7072697442,0.278971,0.13388215,-0.12190358,0.39833015,-0.13905644,4,0,4
1650,-0.07400495471,-0.05493183904,1.202654379,0.2713682454,0.4040439709,0.03539036008,-0.5784897631,0.22621155,0.045173507,0.048264384,0.21431759,-0.12778461,4,0,4
1651,-0.07240710212,-0.05443615241,-1.21126606,-0.9138550593,-0.4394444417,-0.7247974588,-0.7072697442,0.43716955,-0.08079766,-0.035347044,0.2587854,-0.5195137,3,1,3
1652,-0.04955781014,-0.04925312379,-1.21126606,0.2272962739,0.4031858849,-0.3139778362,0.3911153609,-0.12272792,-0.061973453,-0.06987518,0.31139043,-0.14824441,0,2,0
1653,-0.02646884027,-0.05417172952,-1.21126606,0.7103554229,0.8387277557,-0.6226920696,-0.4360863568,0.17983444,0.04219073,-0.081343904,0.4177927,-0.08807401,4,0,4
1654,-0.06801300751,-0.0546784692,1.202654379,0.6134001984,0.6651707758,0.243823248,-0.2923507305,0.12742506,0.039987147,0.058258057,0.31236508,-0.15079723,4,0,4
1655,-0.06401837604,-0.05472353162,-0.6077859505,0.5444766609,0.4090520918,0.2011788441,-0.7072697442,0.20068419,0.16201055,-0.057554685,0.26052892,-0.11484715,4,0,4
1656,0.004209929385,-0.04888700438,-0.004305840521,0.5723683011,0.5512911091,0.2574144171,0.3473280672,-0.06469412,0.006905201,0.0706213,0.35112906,-0.22116312,0,2,0
1657,-0.07568269992,-0.05493183904,-0.004305840521,-3.055399464,-2.303363299,-0.7247974588,-0.7072697442,0.692372,-0.31378776,-0.16102216,0.1604963,-1.2495013,1,4,1
1658,-0.07096903479,-0.05273908464,-0.6077859505,0.4872469174,0.6776575898,-0.328613833,-0.2679026566,0.12477868,-0.00026857294,-0.019588478,0.290344,-0.10057299,4,0,4
1659,-0.07560280729,-0.0451041417,-0.004305840521,0.1584980364,0.3698920725,-0.7247974588,-0.4839284416,0.20958836,0.0041216835,0.01350067,0.21761629,-0.060573485,4,0,4
1660,-0.07544302204,-0.05493183904,-1.21126606,-1.010976848,-2.303363299,-0.7247974588,-0.7072697442,0.4509187,-0.001188308,-0.09151424,0.3749422,-0.8983085,3,1,3
1661,-0.0742446326,-0.05460874998,0.5991742694,0.3699051492,0.5478043771,-0.4361478406,-0.7072697442,0.30332416,0.04991506,0.02971159,0.24747688,-0.10936805,4,0,4
1662,-0.06369880553,-0.05493183904,-1.81474617,-3.055399464,-2.303363299,-0.7247974588,-0.7072697442,0.7147266,-0.3265221,-0.12439239,0.16255885,-1.3451095,1,4,1
1663,-0.06937118221,-0.0547898499,-0.004305840521,0.1297647966,-0.2511663654,0.280528655,-0.7072697442,0.19933781,0.14960085,-0.008830424,0.13699006,-0.1476853,4,0,4
1664,-0.03749402311,-0.05207080044,0.5991742694,0.6794094443,0.7295082411,1.583708103,-0.09026215077,-0.051775515,0.005104877,0.08764917,0.3539245,-0.18086764,0,2,0
1665,-0.04556317867,0.002004104401,-0.004305840521,0.3891635474,0.4838227322,1.454961405,1.224833262,-0.41878128,-0.17312694,0.09976636,0.3774002,-0.33396015,2,3,2
1666,-0.07224731686,-0.05493183904,-1.21126606,-0.467675982,-0.8580784041,-0.7247974588,-0.7072697442,0.3847489,0.02576169,-0.07071161,0.3386268,-0.53571916,3,1,3
1667,0.02018845525,-0.0511959518,0.5991742694,0.7529082864,0.9089848926,-0.5036091098,-0.6164817945,0.29067826,0.053269923,0.04542595,0.39603418,-0.1191995,4,0,4
1668,-0.05578943523,-0.0539039057,0.5991742694,0.1686973869,0.1319460342,-0.4506253352,0.588503187,-0.12634057,-0.08688464,0.023991898,0.27905312,-0.12510814,0,2,0
1669,-0.05946449617,-0.05057524246,1.202654379,0.674216386,0.8207696301,-0.02871394213,-0.4099047462,0.19543298,0.020546153,0.07350968,0.34952134,-0.13873303,4,0,4
1670,-0.07488377363,-0.05483066115,0.5991742694,-0.7386934027,-1.538502358,0.1243460664,1.761924492,-0.5687082,-0.10892284,-0.0028700382,0.21342209,-0.32761556,2,3,2
1671,-0.07568269992,-0.05493183904,0.5991742694,-3.055399464,-2.303363299,-0.7247974588,-0.7072697442,0.7096848,-0.3603602,-0.12098032,0.17688233,-1.2531679,1,4,1
1672,-0.05882535514,-0.0546563631,-0.004305840521,0.3563980611,0.5319835076,-0.2930935628,-0.2817323589,0.14939588,0.0119898515,0.0030182395,0.22806507,-0.09975219,4,0,4
1673,-0.07256688738,-0.05472013068,-1.21126606,0.6149786696,0.7767298294,-0.5503166052,-0.4451901439,0.1887287,0.033677734,-0.084618494,0.37287483,-0.09419118,4,0,4
1674,-0.07568269992,-0.05493183904,-1.21126606,-3.055399464,-2.303363299,-0.7247974588,-0.7072697442,0.70901513,-0.30204993,-0.15327498,0.16076407,-1.2786298,1,4,1
1675,-0.06082267087,-0.05399573101,-0.6077859505,0.6727051906,0.8376725712,-0.652334797,-0.6689659087,0.28976694,0.04002923,-0.012051083,0.37557998,-0.10209881,4,0,4
1676,-0.06321944975,-0.04528678054,1.202654379,0.5142648726,0.4390081638,0.5722509631,1.136627788,-0.3288377,-0.08361903,0.074069634,0.4342,-0.3469476,2,3,2
1677,-0.07568269992,-0.05473984081,0.5991742694,0.3591311856,0.5787576522,-0.6252955549,0.1189124433,0.057095107,-0.10310132,0.03332264,0.34263253,-0.13889344,0,2,0
1678,-0.0497175954,-0.04031801098,-0.004305840521,0.5823721508,0.7072138396,-0.4725399079,0.005846280986,0.06483899,-0.03121002,0.051568028,0.3837344,-0.17529437,0,2,0
1679,-0.06985053798,-0.05430266561,-0.004305840521,0.2193103238,0.3285494839,-0.3818147,-0.5259687147,0.20915945,0.055813186,-0.017741997,0.17899567,-0.08503476,4,0,4
1680,-0.06082267087,-0.05334904276,1.202654379,0.5482669192,0.6444270519,1.50333479,0.08117960971,-0.09568021,-0.0481144,0.086768925,0.32692137,-0.20546943,0,2,0
1681,-0.07272667264,-0.05191061629,1.202654379,0.4138347339,0.6043152905,1.103550496,-0.03462328301,-0.018618822,-0.06089603,0.07239151,0.31147385,-0.19006571,0,2,0
1682,-0.07568269992,-0.0533444515,0.5991742694,0.384592843,0.6516591565,-0.2340501095,-0.02897709988,0.06623498,-0.04993413,0.034203313,0.27329284,-0.11977588,0,2,0
1683,-0.07568269992,-0.05478126253,-1.21126606,-1.010976848,-0.6220677953,-0.7247974588,-0.7072697442,0.44614473,-0.08491344,-0.03054975,0.26138934,-0.5726565,3,1,3
1684,0.06812403283,-0.04944102558,1.202654379,0.7281970842,0.76301719,0.1057898363,-0.1481630159,0.076664105,0.06376994,0.05166602,0.3635071,-0.14345959,4,0,4
1685,-0.03190153906,-0.0354971822,-0.004305840521,0.6679271119,0.7907477359,1.120053463,-0.4097704111,0.09801653,0.034518957,0.06022396,0.3664732,-0.13938108,4,0,4
1686,-0.07352559893,-0.05457899178,1.202654379,0.5407220807,0.7000643929,-0.5844093148,-0.6330604308,0.3100792,0.024677044,0.07757996,0.36056006,-0.13378799,4,0,4
1687,-0.04196801035,-0.04656485282,0.5991742694,0.2514847947,-0.184080337,1.422474389,1.761924492,-0.6040667,-0.07354444,0.077283,0.37514043,-0.44702575,2,3,2
1688,-0.07552291466,-0.0508473132,-2.41822628,-0.1919052505,0.2407975837,-0.7247974588,-0.7072697442,0.42409298,-0.009615894,-0.24995542,0.34936392,-0.40315577,3,1,3
1689,-0.05315297846,0.008283297655,1.202654379,0.6008524458,0.7222886607,-0.7247974588,-0.7072697442,0.34337088,0.031508613,0.0822563,0.3953954,-0.13355857,4,0,4
1690,-0.07520334415,-0.04231861241,-0.004305840521,-2.227588243,-2.303363299,-0.7247974588,-0.7072697442,0.5513488,-0.20067737,-0.0861194,0.1975283,-1.0345769,1,4,1
1691,-0.065536336,-0.05489782966,-0.6077859505,0.1406267731,0.180508223,-0.7247974588,-0.4010998336,0.18054971,0.0012919754,-0.04976161,0.26168072,-0.079641566,4,0,4
1692,-0.07320602841,-0.04486846524,-1.21126606,0.5689173384,0.7761507883,-0.5665710782,-0.3807540878,0.16730005,0.008629415,-0.08013478,0.36485207,-0.08318584,4,0,4
1693,0.05214550697,-0.05174346021,-0.6077859505,0.48079575,0.2462087025,-0.7247974588,-0.05865321828,0.036226578,0.044196792,-0.065858886,0.34980816,-0.042365257,4,2,0
1694,-0.05051652169,-0.04727207775,0.5991742694,0.1686973869,0.1151787688,0.2836552357,-0.1742006408,0.052659083,0.04899431,-0.0140865,0.13330115,-0.10429488,4,0,4
1695,-0.07328592104,-0.04841904389,1.202654379,0.4727418033,0.5348048049,0.5046884619,0.07039399219,-0.013963461,-0.0056095393,0.056735367,0.3051816,-0.19349784,0,2,0
1696,-0.07568269992,-0.05493183904,-0.004305840521,-0.3514214567,-2.303363299,-0.7247974588,-0.7072697442,0.37777486,0.034780893,-0.089383624,0.31381714,-0.6675823,3,1,3
1697,-0.02039700044,-0.05467676873,-0.004305840521,0.674216386,0.8035212568,-0.01904886264,-0.2397993328,0.13491893,0.037973836,0.007126521,0.37120125,-0.14776286,4,0,4
1698,0.1400273992,-0.05384523953,-0.004305840521,0.513315938,0.6951854025,0.141286278,0.08516656136,-0.005392298,0.023827799,0.017354425,0.32316235,-0.12887631,0,2,0
1699,-0.05323287109,-0.05225700176,-0.004305840521,0.368634086,0.5248920739,-0.4033833596,0.1504000536,0.006733533,-0.038705256,0.043267384,0.30850288,-0.14920628,0,2,0
1700,-0.07312613579,-0.05461385139,-1.81474617,-0.4781438615,-0.8580784041,-0.7247974588,-0.7072697442,0.42043027,0.03817188,-0.14406975,0.37249932,-0.6252513,3,1,3
1701,-0.0132066638,-0.04850236686,1.202654379,0.3172525507,0.5143814739,1.41154598,0.9903735874,-0.35077932,-0.19715947,0.036846578,0.3945955,-0.29828396,2,3,2
1702,-0.07312613579,-0.05493183904,0.5991742694,-0.4348860546,-1.991792948,-0.7247974588,1.761924492,-0.46725744,-0.18593645,-0.01327572,0.4451,-0.4084342,2,3,2
1703,-0.07528323678,-0.05449396834,-0.6077859505,-3.055399464,-2.303363299,-0.7247974588,-0.7072697442,0.69938767,-0.2983877,-0.16140531,0.15884003,-1.2615068,1,4,1
1704,-0.07536312941,-0.05493183904,1.202654379,-0.6785604339,-2.303363299,-0.7247974588,-0.7072697442,0.46773642,-0.036463432,-0.06587276,0.31070855,-0.6885838,3,1,3
1705,-0.07568269992,-0.05462575467,-0.6077859505,-1.051796962,-0.4394444417,-0.7247974588,-0.7072697442,0.4489724,-0.081249245,-0.003929984,0.22886743,-0.49647003,3,1,3
1706,-0.07128860531,-0.05493183904,1.202654379,0.4883380833,0.7022932874,0.1116473895,-0.5941152868,0.24738234,0.034868065,0.06471342,0.2869298,-0.124618664,4,0,4
1707,-0.07448431048,-0.05493183904,-0.6077859505,-3.055399464,-2.303363299,-0.7247974588,-0.7072697442,0.6993649,-0.29842606,-0.16138865,0.15878826,-1.2614952,1,4,1
1708,-0.05906503303,-0.04292993091,1.202654379,0.4872469174,0.6391725932,-0.2782136898,-0.2118651261,0.13184348,-0.008723203,0.056640133,0.31710637,-0.13094056,4,0,4
1709,-0.07552291466,-0.05455773592,-1.81474617,-2.227588243,-2.303363299,-0.7247974588,-0.7072697442,0.6029956,-0.1793772,-0.07563594,0.2930933,-1.2474085,1,4,1
1710,-0.07568269992,-0.04714029143,-0.004305840521,0.6089812295,0.8076516748,-0.2640648384,-0.3669597771,0.20099512,0.010324825,0.010990804,0.3411702,-0.12426776,4,0,4
1711,-0.07376527682,-0.05428566093,0.5991742694,-0.03114572425,-0.07664281507,-0.7247974588,-0.7072697442,0.30675873,0.025548149,0.04991834,0.22430679,-0.16421995,4,0,4
1712,-0.07025000113,-0.0546666892,1.202654379,-0.07856581492,0.1697180072,-0.7247974588,0.02019203878,0.09656643,-0.12480365,0.063838765,0.3066915,-0.15279718,0,2,0
1713,-0.07568269992,-0.05493183904,0.5991742694,0.33982838,-2.303363299,-0.7247974588,-0.7072697442,0.36654887,0.10222429,-0.0803131,0.4180475,-0.64677405,3,1,3
1714,-0.0549106163,-0.05311148729,0.5991742694,0.4814765394,0.3899747378,-0.7247974588,-0.4922387407,0.2352964,0.044690944,0.0187736,0.32663536,-0.11308892,4,0,4
1715,-0.07568269992,-0.05493183904,-0.004305840521,0.5340621816,0.1660030871,1.373514792,1.383725521,-0.47763273,-0.024015035,0.11804544,0.3889916,-0.4240044,2,3,2
1716,0.03616698111,-0.05159581702,-0.004305840521,0.7306048633,0.7963764076,-0.6860113039,-0.2344090081,0.1439804,0.011810465,0.029736359,0.42938817,-0.12712228,4,0,4
1717,-0.07568269992,-0.05284026253,1.202654379,0.6667543117,0.776829087,-0.1278669486,-0.3917316792,0.19525638,0.022737272,0.07586953,0.35367844,-0.14341779,4,0,4
1718,-0.07384516945,-0.05493183904,0.5991742694,0.2172434073,-0.2165120784,1.916680834,0.4555862692,-0.31555182,0.007980797,0.061700493,0.14847012,-0.21547446,0,2,0
1719,-0.04556317867,-0.05493183904,-1.21126606,0.4705427962,0.5938272642,-0.6058015443,-0.1495465791,0.067582175,0.0049001053,-0.09247872,0.36075038,-0.08381301,4,0,4
1720,-0.07560280729,-0.05493183904,-0.6077859505,-3.055399464,-2.303363299,-0.7247974588,-0.7072697442,0.69936705,-0.2983769,-0.16146071,0.15881294,-1.2614716,1,4,1
1721,-0.05147523324,-0.05299372983,-1.21126606,0.3897607307,0.2143119001,-0.7247974588,-0.4165047622,0.1923874,0.07581091,-0.12805693,0.36811772,-0.14639372,4,0,4
1722,0.1400273992,-0.05493183904,-0.6077859505,0.5103546137,0.666616106,-0.7247974588,-0.7072697442,0.28944457,0.07204026,-0.03681311,0.34878504,-0.07718902,4,0,4
1723,-0.01528387217,0.008283297655,-0.004305840521,0.6591251767,0.7872982138,-0.01189977994,-0.1373935335,0.09744522,0.0257595,0.013142383,0.36778045,-0.14849551,4,0,4
1724,-0.07568269992,-0.05493183904,0.5991742694,0.5149718701,0.1436407013,-0.7247974588,-0.3839711708,0.18850926,0.064368375,0.001311332,0.30889782,-0.09950988,4,0,4
1725,-0.07432452522,-0.05493183904,-1.21126606,0.2382356741,0.2829349161,-0.7247974588,-0.7072697442,0.3133216,0.06660114,-0.11457695,0.32667524,-0.17141286,4,0,4
1726,-0.07568269992,-0.05493183904,-1.81474617,-3.055399464,-2.303363299,-0.7247974588,-0.7072697442,0.714687,-0.3256787,-0.1258591,0.16307473,-1.344451,1,4,1
1727,-0.07568269992,-0.05493183904,-0.6077859505,0.6767450698,0.7220730096,-0.3541749519,-0.4082578938,0.17032354,0.060990293,-0.030962326,0.3334021,-0.11141811,4,0,4
1728,0.1400273992,-0.05493183904,-0.004305840521,0.7456655359,0.4039821546,-0.08004498335,-0.3664529405,0.10402055,0.19746296,-0.021333188,0.3253941,-0.11913363,4,0,4
1729,-0.07568269992,-0.05493183904,-0.004305840521,-2.227588243,-2.303363299,-0.7247974588,-0.7072697442,0.55108196,-0.20070665,-0.08700001,0.1979191,-1.0348463,1,4,1
1730,-0.04588274919,-0.05425590272,-0.004305840521,0.212708013,0.4712937391,0.3601858985,0.4300133256,-0.10376522,-0.09498082,0.067717776,0.24032405,-0.17702803,0,2,0
1731,-0.07392506208,0.008283297655,-1.21126606,0.2348678084,0.6438752366,-0.5861891726,-0.4790706328,0.23344553,-0.0111153275,-0.0911535,0.28479266,-0.1045409,4,0,4
1732,-0.07528323678,-0.04885274844,-1.21126606,-1.012733273,-1.065619048,-0.7247974588,0.4786518922,-0.013621047,-0.1945667,-0.11302389,0.23029858,-0.39894596,0,2,0
1733,-0.05866556988,-0.0487212767,1.202654379,0.4129744984,0.8278241992,0.05596486852,-0.6029816197,0.26909736,-0.014705834,0.07578555,0.30256465,-0.1257984,4,0,4
1734,-0.07568269992,-0.05493183904,-0.004305840521,-0.03118095756,0.2407975837,-0.7247974588,-0.7072697442,0.2989864,0.020066094,0.02200849,0.1973066,-0.12192102,4,0,4
1735,-0.07408484734,-0.05493183904,0.5991742694,-3.055399464,-2.303363299,-0.7247974588,-0.7072697442,0.7096559,-0.3604998,-0.120886356,0.17679155,-1.2531347,1,4,1
1736,-0.07568269992,-0.05493183904,-1.21126606,-0.7889104039,-0.4394444417,-0.7247974588,-0.7072697442,0.4180617,-0.057194613,-0.039750874,0.26811633,-0.4926868,3,1,3
1737,0.02018845525,-0.04670752214,0.5991742694,0.5214500777,0.7563082363,0.5925251131,0.3526388519,-0.078814656,-0.09138622,0.044053875,0.34824178,-0.18893689,0,2,0
1738,-0.07216742423,-0.05467676873,0.5991742694,0.4701053812,0.7973240991,-0.7247974588,-0.7072697442,0.34876084,-0.007858042,0.04849544,0.34438354,-0.10484368,4,0,4
1739,-0.07496366626,-0.05315059807,0.5991742694,0.5070266292,0.652955389,-0.7247974588,-0.5936773404,0.29712775,0.012435485,0.035629198,0.35166532,-0.11306966,4,0,4
1740,-0.07376527682,-0.05475499029,1.202654379,0.07048761186,0.332765373,1.916680834,0.3067808697,-0.18835145,-0.14066118,0.08196032,0.25922805,-0.2081046,0,2,0
1741,-0.07520334415,-0.05311318775,1.202654379,-0.9335981574,-0.4976620954,-0.7247974588,1.761924492,-0.4847883,-0.49787635,0.121316254,0.44057706,-0.29750186,2,3,2
1742,-0.07568269992,-0.05493183904,-0.6077859505,0.1685004064,-1.174894379,-0.7247974588,-0.7072697442,0.33101216,0.091694,-0.11153507,0.3672956,-0.4039097,3,1,3
1743,-0.07336581367,-0.03509842229,0.5991742694,0.2251059431,0.1595924719,0.5023767949,0.2853390131,-0.09227664,0.025461055,-0.0013587177,0.18443389,-0.14083005,0,2,0
1744,-0.0009031988905,-0.04744127439,0.5991742694,0.6762605322,0.8599047163,-0.7247974588,-0.6056429477,0.30482543,0.013745524,0.043864354,0.41120768,-0.11587237,4,0,4
1745,-0.07568269992,-0.05422614452,0.5991742694,0.3462357785,0.4723813295,0.09061697709,-0.2762408574,0.13086393,0.017905977,0.02840688,0.20899326,-0.118729845,4,0,4
1746,0.02817771818,-0.01897726051,1.806134489,0.7748724375,0.8572399881,-0.1275980846,-0.10042163,0.08641639,0.013948221,0.11878112,0.4653227,-0.18673582,0,2,0
1747,-0.07560280729,-0.05493183904,-0.004305840521,-1.683203216,-1.622586598,-0.7247974588,-0.7072697442,0.4982013,-0.1266743,-0.06482546,0.22372687,-0.7697343,3,1,3
1748,-0.07504355889,-0.05493183904,-0.6077859505,-0.508043268,-0.2511663654,0.280528655,-0.7072697442,0.29350606,0.07312818,-0.055144124,0.087999105,-0.26611397,4,0,4
1749,-0.07264678001,-0.05475328982,-0.6077859505,-0.443357044,-1.174894379,-0.7247974588,-0.7072697442,0.35249665,0.02040442,-0.03577224,0.31660995,-0.49402857,3,1,3
1750,-0.07304624316,-0.05493183904,-1.21126606,0.4374818076,-1.065619048,-0.7247974588,0.4786518922,-0.07228588,0.13961872,-0.24192095,0.48313177,-0.2532314,0,2,0
1751,-0.07368538419,-0.05493183904,-0.004305840521,0.5949887318,0.6966560735,-0.4151046426,-0.5435658116,0.253343,0.05322323,0.004017465,0.31828403,-0.12209834,4,0,4
1752,-0.07568269992,0.008283297655,1.806134489,0.2787256685,0.5264899443,1.916680834,1.225823615,-0.45387417,-0.27747667,0.0759958,0.46981844,-0.35811377,2,3,2
1753,-0.07568269992,-0.0540646,1.202654379,0.2956239839,0.2838669513,0.9467670536,0.1763209298,-0.094582796,-0.020606544,0.057603836,0.25333855,-0.18996748,0,2,0
1754,-0.06729397385,-0.04625689793,-0.004305840521,0.1655039048,-0.1891110644,-0.2668899065,0.7149984567,-0.22327785,0.014247879,0.014335614,0.21910532,-0.07420075,0,2,0
1755,0.04415624404,-0.04443169985,-0.004305840521,0.7568111824,0.898655115,-0.4287298364,-0.5507681027,0.25625485,0.069724046,0.00061225845,0.40443414,-0.120028526,4,0,4
1756,-0.06425805393,-0.05284876487,-0.6077859505,0.6464071578,0.6449211013,0.5266696771,-0.5090328778,0.15260056,0.11071989,-0.05155228,0.3375208,-0.13679469,4,0,4
1757,-0.06841247066,-0.04863415318,0.5991742694,0.3081314209,0.6479683436,-0.4755252596,0.3768054963,-0.0330515,-0.16224046,0.05687628,0.35693946,-0.15189807,0,2,0
1758,-0.07568269992,-0.05291508315,-0.004305840521,0.4677500188,0.5026296801,-0.7247974588,-0.7072697442,0.30235904,0.061302237,0.011080264,0.3058305,-0.111488774,4,0,4
1759,-0.06769343699,-0.0505106204,-0.6077859505,0.6831977034,0.8320840753,-0.422140309,-0.547284872,0.22977163,0.04292425,-0.029621132,0.34929478,-0.10118975,4,0,4
1760,-0.07536312941,-0.04710543182,-2.41822628,-0.5567161553,-0.1752671698,-0.7247974588,-0.7072697442,0.4569012,-0.032404367,-0.2296136,0.3429029,-0.5464971,3,1,3
1761,-0.07568269992,-0.05311453112,1.806134489,0.5808470576,0.6816768989,0.5116056584,0.4579771355,-0.12330186,-0.07717769,0.099974245,0.44850993,-0.26021004,0,2,0
1762,-0.06377869816,-0.05493183904,-0.6077859505,-0.8283414179,-1.174894379,-0.7247974588,-0.7072697442,0.3816108,-0.027614497,-0.012949772,0.27576333,-0.55814165,3,1,3
1763,-0.07464409574,-0.05441999795,-1.21126606,0.3125690381,0.5255618885,-0.420056139,-0.7072697442,0.28781024,0.08122555,-0.109987006,0.2687917,-0.1463718,4,0,4
1764,-0.07400495471,-0.05488847708,1.202654379,0.2886114352,-1.622586598,-0.7247974588,-0.7072697442,0.36623782,0.05920215,-0.092173636,0.39637318,-0.44879174,3,1,3
1765,0.1400273992,0.008283297655,1.202654379,0.6984128393,0.8236047595,0.4359688538,0.06774351274,-0.020035982,0.020432595,0.05356683,0.3900842,-0.15592349,0,2,0
1766,-0.07232720949,-0.05408752997,-1.21126606,0.09059449769,-0.08847556888,-0.7247974588,0.308261747,-0.06157519,-0.056963325,-0.12069383,0.34703067,-0.142256,0,2,0
1767,-0.07536312941,-0.05444975616,-1.81474617,0.4225058455,0.666616106,-0.7247974588,-0.7072697442,0.33939826,0.05112323,-0.18243885,0.39337978,-0.1729792,4,0,4
1768,-0.07248699475,-0.05476442789,-0.004305840521,0.1881199761,-0.3196092796,1.916680834,-0.1220768071,-0.101022094,0.07139493,0.06250522,0.16262579,-0.19960272,0,2,0
1769,-0.07568269992,-0.05493183904,0.5991742694,0.5387891488,0.5208835085,-0.7247974588,-0.7072697442,0.31508383,0.065871105,0.03417042,0.3470289,-0.12080567,4,0,4
1770,-0.07472398837,-0.05224169754,-0.6077859505,-0.03118095756,0.2829349161,-0.7247974588,-0.7072697442,0.31218132,0.015044715,-0.02972921,0.23270005,-0.13607046,4,0,4
1771,-0.07448431048,-0.05032782001,-0.6077859505,0.08670204665,0.2829349161,-0.7247974588,-0.7072697442,0.2982584,0.031804837,-0.037618883,0.24517113,-0.11045193,4,0,4
1772,-0.07352559893,-0.05400046682,-1.21126606,0.1669658119,-0.1947061616,-0.7247974588,0.4378394405,-0.107901245,-0.03338527,-0.12878282,0.37716776,-0.14836532,0,2,0
1773,-0.0728864579,-0.04772695313,-0.6077859505,0.04421213161,0.2358223657,-0.7247974588,0.2901384224,-0.045255832,-0.12649098,-0.028960943,0.2861107,-0.08090371,0,2,0
1774,-0.07544302204,-0.05472013068,-1.81474617,-0.1657247838,-0.8580784041,-0.7247974588,-0.7072697442,0.39138934,0.083855145,-0.1677386,0.40577286,-0.5874103,3,1,3
1775,-0.07456420311,-0.05493183904,-0.6077859505,-0.5883460025,-0.1737822644,-0.7247974588,-0.2206094026,0.18633874,-0.10512486,-0.020044751,0.19524208,-0.22958077,4,0,4
1776,-0.07432452522,-0.04835187538,-1.21126606,0.3897607307,-0.6986558168,-0.7247974588,0.1334416846,0.0323827,0.112776816,-0.17919303,0.4477502,-0.27423936,0,2,0
1777,-0.01736108053,-0.05423464687,0.5991742694,0.7583814327,0.776829087,-0.1278669486,-0.3917316792,0.18504912,0.075674325,0.03987293,0.35510194,-0.14011943,4,0,4
1778,-0.07496366626,-0.05493183904,-1.21126606,-2.227588243,-1.622586598,-0.7247974588,-0.7072697442,0.59310234,-0.2215538,-0.06669654,0.19143876,-0.9792186,1,4,1
1779,-0.07320602841,-0.05163292975,1.202654379,0.3730807406,-2.303363299,-0.7247974588,-0.7072697442,0.37780482,0.08438599,-0.10236046,0.46193692,-0.6606219,3,1,3
1780,-0.0668945107,-0.04264924304,-0.004305840521,0.49096708,0.547897541,-0.3089485223,-0.2973981654,0.14934772,0.04365443,0.004101043,0.2705631,-0.11736198,4,0,4
1781,-0.07568269992,-0.05493183904,-1.21126606,-3.055399464,-2.303363299,-0.7247974588,-0.7072697442,0.70901513,-0.30204993,-0.15327498,0.16076407,-1.2786298,1,4,1
1782,-0.06865214854,-0.05409010703,-0.6077859505,0.1406267731,-2.303363299,-0.7247974588,-0.7072697442,0.37624758,0.12051363,-0.17917427,0.4166545,-0.6789616,3,1,3
1783,-0.07568269992,-0.05493183904,0.5991742694,-1.010976848,-0.6220677953,-0.7247974588,-0.7072697442,0.43624043,-0.07291016,0.014979497,0.24118973,-0.41633713,3,1,3
1784,-0.0742446326,-0.05493183904,-1.21126606,0.04025695226,-2.303363299,-0.7247974588,-0.7072697442,0.41357696,0.13940659,-0.23146161,0.46684492,-0.7465692,3,1,3
1785,-0.0715282832,-0.05327388205,0.5991742694,0.2607468484,0.3285494839,0.3473180986,-0.7072697442,0.2426885,0.0632154,0.0305624,0.18628816,-0.12440093,4,0,4
1786,-0.07512345152,-0.05493183904,1.202654379,-0.3110522,-0.5390401578,1.916680834,-0.454637956,0.026908875,0.042420216,0.07055801,0.1439054,-0.19363736,0,2,0
1787,-0.07520334415,-0.05425675296,-0.6077859505,-1.297961156,-0.8580784041,-0.7247974588,-0.7072697442,0.46809757,-0.105852135,-0.006024426,0.22630239,-0.6041235,3,1,3
1788,-0.07568269992,-0.05493183904,-1.21126606,-3.055399464,-2.303363299,-0.7247974588,-0.7072697442,0.70901513,-0.30204993,-0.15327498,0.16076407,-1.2786298,1,4,1
1789,-0.07568269992,-0.05493183904,0.5991742694,0.4985629618,0.596408003,0.06022518561,-0.6358131362,0.25564912,0.058897156,0.04726821,0.27645442,-0.14206354,4,0,4
1790,-0.07568269992,-0.05493183904,-0.004305840521,-0.2799544619,-0.04460444207,-0.7247974588,-0.2907639724,0.16513641,-0.048041172,-0.00068194605,0.188596,-0.12980698,4,0,4
1791,-0.0715282832,-0.05322796939,1.202654379,0.1060630755,0.0003965106976,-0.7247974588,0.205036017,0.021501623,-0.08918381,0.043354467,0.3533595,-0.17606357,0,2,0
1792,-0.07552291466,-0.05493183904,-0.6077859505,-2.520500295,-1.622586598,-0.7247974588,-0.7072697442,0.64741486,-0.22939475,-0.12995382,0.18936953,-1.0070138,1,4,1
1793,-0.07248699475,-0.05493183904,-1.81474617,-1.078072029,-0.6986558168,-0.7247974588,0.1334416846,0.14636165,-0.21726185,-0.12796369,0.26704213,-0.5222205,3,1,3
1794,-0.07200763897,-0.0545449824,-0.004305840521,0.1655039048,-0.8580784041,-0.7247974588,-0.7072697442,0.29495412,0.0695861,-0.048235238,0.29243758,-0.2557771,4,0,4
1795,-0.07568269992,-0.05493183904,-1.81474617,-2.227588243,-1.622586598,-0.7247974588,-0.7072697442,0.6120273,-0.25263816,-0.06402297,0.20895417,-1.082855,1,4,1
1796,-0.07568269992,-0.05493183904,-1.21126606,-3.055399464,-2.303363299,-0.7247974588,-0.7072697442,0.70901513,-0.30204993,-0.15327498,0.16076407,-1.2786298,1,4,1
1797,-0.07112882005,-0.05229951348,-1.81474617,-0.4781438615,-0.07664281507,-0.7247974588,-0.7072697442,0.42520025,-0.03196129,-0.14341189,0.30430317,-0.43326873,3,1,3
1798,-0.06977064535,-0.05480515412,-0.004305840521,-0.09238762986,0.006621235816,-0.7247974588,-0.7072697442,0.29304433,0.03161162,0.021309525,0.22041047,-0.16015929,4,0,4
