orig_index,protocol_id,run_id,config_hash,h_0,h_1,h_2,h_3,h_4,cluster
0,mvdec_dekm_consistent_v1,tiki_mvdec_dekm_consistent_v1_ccfbcd08db49_seed_42,ccfbcd08db49645649c885e212a7f2e0796a7bf3746d6b5f7b50f2673ebb95b4,0.055155165,0.046026252,-0.042204823,0.19492626,-0.07227881,0
1,mvdec_dekm_consistent_v1,tiki_mvdec_dekm_consistent_v1_ccfbcd08db49_seed_42,ccfbcd08db49645649c885e212a7f2e0796a7bf3746d6b5f7b50f2673ebb95b4,0.1489954,-0.13040659,0.41227788,-0.22292684,0.076869845,4
2,mvdec_dekm_consistent_v1,tiki_mvdec_dekm_consistent_v1_ccfbcd08db49_seed_42,ccfbcd08db49645649c885e212a7f2e0796a7bf3746d6b5f7b50f2673ebb95b4,0.12726602,-0.16630949,-0.059981704,0.13528529,-0.22270182,2
3,mvdec_dekm_consistent_v1,tiki_mvdec_dekm_consistent_v1_ccfbcd08db49_seed_42,ccfbcd08db49645649c885e212a7f2e0796a7bf3746d6b5f7b50f2673ebb95b4,0.12500119,-0.36681208,0.020791568,0.08319248,-0.16181634,2
4,mvdec_dekm_consistent_v1,tiki_mvdec_dekm_consistent_v1_ccfbcd08db49_seed_42,ccfbcd08db49645649c885e212a7f2e0796a7bf3746d6b5f7b50f2673ebb95b4,0.02551008,-0.15252015,0.04572441,-0.09045992,-0.08326484,2
5,mvdec_dekm_consistent_v1,tiki_mvdec_dekm_consistent_v1_ccfbcd08db49_seed_42,ccfbcd08db49645649c885e212a7f2e0796a7bf3746d6b5f7b50f2673ebb95b4,0.07950545,0.06390222,0.10247749,-0.087947406,-0.00057349354,0
6,mvdec_dekm_consistent_v1,tiki_mvdec_dekm_consistent_v1_ccfbcd08db49_seed_42,ccfbcd08db49645649c885e212a7f2e0796a7bf3746d6b5f7b50f2673ebb95b4,0.04207906,0.052047588,0.11175036,0.2812301,-0.024993315,0
7,mvdec_dekm_consistent_v1,tiki_mvdec_dekm_consistent_v1_ccfbcd08db49_seed_42,ccfbcd08db49645649c885e212a7f2e0796a7bf3746d6b5f7b50f2673ebb95b4,0.43173093,0.21806727,0.044764202,-0.31165802,0.40654024,1
8,mvdec_dekm_consistent_v1,tiki_mvdec_dekm_consistent_v1_ccfbcd08db49_seed_42,ccfbcd08db49645649c885e212a7f2e0796a7bf3746d6b5f7b50f2673ebb95b4,0.10140184,0.030845564,0.06308501,0.22486347,-0.09185141,0
9,mvdec_dekm_consistent_v1,tiki_mvdec_dekm_consistent_v1_ccfbcd08db49_seed_42,ccfbcd08db49645649c885e212a7f2e0796a7bf3746d6b5f7b50f2673ebb95b4,0.07566692,0.06938724,0.0021391734,0.053749412,-0.013989024,0
10,mvdec_dekm_consistent_v1,tiki_mvdec_dekm_consistent_v1_ccfbcd08db49_seed_42,ccfbcd08db49645649c885e212a7f2e0796a7bf3746d6b5f7b50f2673ebb95b4,-0.12399702,0.07096949,-0.050566435,-0.34861004,0.28140485,4
11,mvdec_dekm_consistent_v1,tiki_mvdec_dekm_consistent_v1_ccfbcd08db49_seed_42,ccfbcd08db49645649c885e212a7f2e0796a7bf3746d6b5f7b50f2673ebb95b4,-0.2162653,0.12817633,0.0018065721,-0.33941662,0.12030862,4
12,mvdec_dekm_consistent_v1,tiki_mvdec_dekm_consistent_v1_ccfbcd08db49_seed_42,ccfbcd08db49645649c885e212a7f2e0796a7bf3746d6b5f7b50f2673ebb95b4,-0.19309427,0.020602979,0.003424067,-0.49096417,0.3257234,4
13,mvdec_dekm_consistent_v1,tiki_mvdec_dekm_consistent_v1_ccfbcd08db49_seed_42,ccfbcd08db49645649c885e212a7f2e0796a7bf3746d6b5f7b50f2673ebb95b4,-0.03671377,0.128971,0.036345813,0.20667158,0.0003892146,0
14,mvdec_dekm_consistent_v1,tiki_mvdec_dekm_consistent_v1_ccfbcd08db49_seed_42,ccfbcd08db49645649c885e212a7f2e0796a7bf3746d6b5f7b50f2673ebb95b4,-0.015592627,0.15095285,0.0353009,0.2188488,0.0157216,0
15,mvdec_dekm_consistent_v1,tiki_mvdec_dekm_consistent_v1_ccfbcd08db49_seed_42,ccfbcd08db49645649c885e212a7f2e0796a7bf3746d6b5f7b50f2673ebb95b4,0.18550181,-0.051567286,0.1660155,0.14499769,-0.13875514,2
16,mvdec_dekm_consistent_v1,tiki_mvdec_dekm_consistent_v1_ccfbcd08db49_seed_42,ccfbcd08db49645649c885e212a7f2e0796a7bf3746d6b5f7b50f2673ebb95b4,0.028173842,0.19230098,0.063492306,-0.22413833,0.08220272,4
17,mvdec_dekm_consistent_v1,tiki_mvdec_dekm_consistent_v1_ccfbcd08db49_seed_42,ccfbcd08db49645649c885e212a7f2e0796a7bf3746d6b5f7b50f2673ebb95b4,0.00664887,-0.005856562,-0.012960695,0.09040797,-0.022130165,0
18,mvdec_dekm_consistent_v1,tiki_mvdec_dekm_consistent_v1_ccfbcd08db49_seed_42,ccfbcd08db49645649c885e212a7f2e0796a7bf3746d6b5f7b50f2673ebb95b4,0.12819697,-0.1877572,0.013236236,0.08740586,-0.21660635,2
19,mvdec_dekm_consistent_v1,tiki_mvdec_dekm_consistent_v1_ccfbcd08db49_seed_42,ccfbcd08db49645649c885e212a7f2e0796a7bf3746d6b5f7b50f2673ebb95b4,0.11252279,-0.15912478,-0.11100255,0.07889527,-0.18065473,2
20,mvdec_dekm_consistent_v1,tiki_mvdec_dekm_consistent_v1_ccfbcd08db49_seed_42,ccfbcd08db49645649c885e212a7f2e0796a7bf3746d6b5f7b50f2673ebb95b4,0.019944094,0.24293485,0.025670826,0.2408911,0.02710525,0
21,mvdec_dekm_consistent_v1,tiki_mvdec_dekm_consistent_v1_ccfbcd08db49_seed_42,ccfbcd08db49645649c885e212a7f2e0796a7bf3746d6b5f7b50f2673ebb95b4,0.009261659,0.030654736,0.014642067,0.17176247,-0.06487596,0
22,mvdec_dekm_consistent_v1,tiki_mvdec_dekm_consistent_v1_ccfbcd08db49_seed_42,ccfbcd08db49645649c885e212a7f2e0796a7bf3746d6b5f7b50f2673ebb95b4,0.21001959,-0.19842397,0.15923068,0.111761004,-0.24578759,2
23,mvdec_dekm_consistent_v1,tiki_mvdec_dekm_consistent_v1_ccfbcd08db49_seed_42,ccfbcd08db49645649c885e212a7f2e0796a7bf3746d6b5f7b50f2673ebb95b4,0.12758252,-0.21685652,0.08704598,0.076645225,-0.22735685,2
24,mvdec_dekm_consistent_v1,tiki_mvdec_dekm_consistent_v1_ccfbcd08db49_seed_42,ccfbcd08db49645649c885e212a7f2e0796a7bf3746d6b5f7b50f2673ebb95b4,0.00080281496,0.2648468,0.0636096,0.21747684,0.03477736,0
25,mvdec_dekm_consistent_v1,tiki_mvdec_dekm_consistent_v1_ccfbcd08db49_seed_42,ccfbcd08db49645649c885e212a7f2e0796a7bf3746d6b5f7b50f2673ebb95b4,0.07754144,0.04242874,0.030205764,0.23699695,-0.054477144,0
26,mvdec_dekm_consistent_v1,tiki_mvdec_dekm_consistent_v1_ccfbcd08db49_seed_42,ccfbcd08db49645649c885e212a7f2e0796a7bf3746d6b5f7b50f2673ebb95b4,0.12506501,0.06169088,0.10134478,-0.057269197,-0.024691246,0
27,mvdec_dekm_consistent_v1,tiki_mvdec_dekm_consistent_v1_ccfbcd08db49_seed_42,ccfbcd08db49645649c885e212a7f2e0796a7bf3746d6b5f7b50f2673ebb95b4,0.06844024,0.04783561,0.15716398,0.0137095265,-0.004374929,0
28,mvdec_dekm_consistent_v1,tiki_mvdec_dekm_consistent_v1_ccfbcd08db49_seed_42,ccfbcd08db49645649c885e212a7f2e0796a7bf3746d6b5f7b50f2673ebb95b4,-0.0421891,0.19031294,0.022044774,0.0128325,0.055377424,0
29,mvdec_dekm_consistent_v1,tiki_mvdec_dekm_consistent_v1_ccfbcd08db49_seed_42,ccfbcd08db49645649c885e212a7f2e0796a7bf3746d6b5f7b50f2673ebb95b4,-0.017621074,0.110038616,0.07782182,0.20430773,0.05917147,0
30,mvdec_dekm_consistent_v1,tiki_mvdec_dekm_consistent_v1_ccfbcd08db49_seed_42,ccfbcd08db49645649c885e212a7f2e0796a7bf3746d6b5f7b50f2673ebb95b4,0.10995475,-0.042893168,0.0011688173,0.11177072,-0.13399164,2
31,mvdec_dekm_consistent_v1,tiki_mvdec_dekm_consistent_v1_ccfbcd08db49_seed_42,ccfbcd08db49645649c885e212a7f2e0796a7bf3746d6b5f7b50f2673ebb95b4,-0.0042416155,0.09374223,0.13820136,-0.09718382,0.041889124,4
32,mvdec_dekm_consistent_v1,tiki_mvdec_dekm_consistent_v1_ccfbcd08db49_seed_42,ccfbcd08db49645649c885e212a7f2e0796a7bf3746d6b5f7b50f2673ebb95b4,0.060253784,-2.0101666e-05,0.013744246,0.17682457,-0.093949296,0
33,mvdec_dekm_consistent_v1,tiki_mvdec_dekm_consistent_v1_ccfbcd08db49_seed_42,ccfbcd08db49645649c885e212a7f2e0796a7bf3746d6b5f7b50f2673ebb95b4,0.005501027,0.13961866,0.06494941,0.25116926,0.024860386,0
34,mvdec_dekm_consistent_v1,tiki_mvdec_dekm_consistent_v1_ccfbcd08db49_seed_42,ccfbcd08db49645649c885e212a7f2e0796a7bf3746d6b5f7b50f2673ebb95b4,0.20297915,-0.23274212,0.04472997,0.06378566,-0.27176556,2
35,mvdec_dekm_consistent_v1,tiki_mvdec_dekm_consistent_v1_ccfbcd08db49_seed_42,ccfbcd08db49645649c885e212a7f2e0796a7bf3746d6b5f7b50f2673ebb95b4,-0.06475765,0.15677312,0.01079464,-0.13445085,0.16712931,4
36,mvdec_dekm_consistent_v1,tiki_mvdec_dekm_consistent_v1_ccfbcd08db49_seed_42,ccfbcd08db49645649c885e212a7f2e0796a7bf3746d6b5f7b50f2673ebb95b4,0.075053915,-0.09167494,-0.0056021586,0.033046287,-0.08457097,2
37,mvdec_dekm_consistent_v1,tiki_mvdec_dekm_consistent_v1_ccfbcd08db49_seed_42,ccfbcd08db49645649c885e212a7f2e0796a7bf3746d6b5f7b50f2673ebb95b4,-0.019903561,0.07930279,0.048373386,0.09344179,-0.0020045042,0
38,mvdec_dekm_consistent_v1,tiki_mvdec_dekm_consistent_v1_ccfbcd08db49_seed_42,ccfbcd08db49645649c885e212a7f2e0796a7bf3746d6b5f7b50f2673ebb95b4,0.041296147,0.07356591,0.014526385,0.20233366,-0.061767153,0
39,mvdec_dekm_consistent_v1,tiki_mvdec_dekm_consistent_v1_ccfbcd08db49_seed_42,ccfbcd08db49645649c885e212a7f2e0796a7bf3746d6b5f7b50f2673ebb95b4,-0.07454493,0.22598034,0.022158854,0.21270268,0.08448313,0
40,mvdec_dekm_consistent_v1,tiki_mvdec_dekm_consistent_v1_ccfbcd08db49_seed_42,ccfbcd08db49645649c885e212a7f2e0796a7bf3746d6b5f7b50f2673ebb95b4,0.043337878,-0.00065343827,-0.051275417,0.053949893,-0.02287843,0
41,mvdec_dekm_consistent_v1,tiki_mvdec_dekm_consistent_v1_ccfbcd08db49_seed_42,ccfbcd08db49645649c885e212a7f2e0796a7bf3746d6b5f7b50f2673ebb95b4,-0.0932346,-0.03326349,0.034695152,-0.060812462,0.047351867,0
42,mvdec_dekm_consistent_v1,tiki_mvdec_dekm_consistent_v1_ccfbcd08db49_seed_42,ccfbcd08db49645649c885e212a7f2e0796a7bf3746d6b5f7b50f2673ebb95b4,0.012965731,0.20746472,0.13891926,-0.39077166,0.13339113,4
43,mvdec_dekm_consistent_v1,tiki_mvdec_dekm_consistent_v1_ccfbcd08db49_seed_42,ccfbcd08db49645649c885e212a7f2e0796a7bf3746d6b5f7b50f2673ebb95b4,0.0022002868,0.1331159,0.06595752,-0.21645182,0.03453157,4
44,mvdec_dekm_consistent_v1,tiki_mvdec_dekm_consistent_v1_ccfbcd08db49_seed_42,ccfbcd08db49645649c885e212a7f2e0796a7bf3746d6b5f7b50f2673ebb95b4,-0.0522703,0.25285292,0.03720878,0.21692622,0.043540373,0
45,mvdec_dekm_consistent_v1,tiki_mvdec_dekm_consistent_v1_ccfbcd08db49_seed_42,ccfbcd08db49645649c885e212a7f2e0796a7bf3746d6b5f7b50f2673ebb95b4,0.13189983,-0.18713865,-0.024216782,0.10724731,-0.21935424,2
46,mvdec_dekm_consistent_v1,tiki_mvdec_dekm_consistent_v1_ccfbcd08db49_seed_42,ccfbcd08db49645649c885e212a7f2e0796a7bf3746d6b5f7b50f2673ebb95b4,0.044772886,-0.0037640408,0.03544856,0.14193368,-0.14220035,0
47,mvdec_dekm_consistent_v1,tiki_mvdec_dekm_consistent_v1_ccfbcd08db49_seed_42,ccfbcd08db49645649c885e212a7f2e0796a7bf3746d6b5f7b50f2673ebb95b4,0.04011631,-0.073414214,0.10258634,0.16231298,-0.10293582,2
48,mvdec_dekm_consistent_v1,tiki_mvdec_dekm_consistent_v1_ccfbcd08db49_seed_42,ccfbcd08db49645649c885e212a7f2e0796a7bf3746d6b5f7b50f2673ebb95b4,0.015618357,0.113822654,0.19677688,0.078361854,-0.0054071313,0
49,mvdec_dekm_consistent_v1,tiki_mvdec_dekm_consistent_v1_ccfbcd08db49_seed_42,ccfbcd08db49645649c885e212a7f2e0796a7bf3746d6b5f7b50f2673ebb95b4,0.21690695,0.19290303,-0.04759323,-0.11658975,0.37693173,1
50,mvdec_dekm_consistent_v1,tiki_mvdec_dekm_consistent_v1_ccfbcd08db49_seed_42,ccfbcd08db49645649c885e212a7f2e0796a7bf3746d6b5f7b50f2673ebb95b4,-0.026257647,-0.055079654,0.05690281,0.057677604,0.036625214,0
51,mvdec_dekm_consistent_v1,tiki_mvdec_dekm_consistent_v1_ccfbcd08db49_seed_42,ccfbcd08db49645649c885e212a7f2e0796a7bf3746d6b5f7b50f2673ebb95b4,-0.33074778,-0.29791826,0.10221252,-0.667402,0.6878966,3
52,mvdec_dekm_consistent_v1,tiki_mvdec_dekm_consistent_v1_ccfbcd08db49_seed_42,ccfbcd08db49645649c885e212a7f2e0796a7bf3746d6b5f7b50f2673ebb95b4,0.015219208,-0.028881975,0.15137097,-0.26335073,0.022939712,4
53,mvdec_dekm_consistent_v1,tiki_mvdec_dekm_consistent_v1_ccfbcd08db49_seed_42,ccfbcd08db49645649c885e212a7f2e0796a7bf3746d6b5f7b50f2673ebb95b4,-0.017989945,-0.15653089,0.02277763,-0.12596048,-0.04902325,2
54,mvdec_dekm_consistent_v1,tiki_mvdec_dekm_consistent_v1_ccfbcd08db49_seed_42,ccfbcd08db49645649c885e212a7f2e0796a7bf3746d6b5f7b50f2673ebb95b4,0.05500677,-0.019332953,0.05808834,-0.13259712,-0.0693057,2
55,mvdec_dekm_consistent_v1,tiki_mvdec_dekm_consistent_v1_ccfbcd08db49_seed_42,ccfbcd08db49645649c885e212a7f2e0796a7bf3746d6b5f7b50f2673ebb95b4,0.024066364,0.029641638,-0.025326576,0.14566824,-0.089502156,0
56,mvdec_dekm_consistent_v1,tiki_mvdec_dekm_consistent_v1_ccfbcd08db49_seed_42,ccfbcd08db49645649c885e212a7f2e0796a7bf3746d6b5f7b50f2673ebb95b4,0.014274415,0.04760809,0.0120471865,0.043138072,0.055292852,0
57,mvdec_dekm_consistent_v1,tiki_mvdec_dekm_consistent_v1_ccfbcd08db49_seed_42,ccfbcd08db49645649c885e212a7f2e0796a7bf3746d6b5f7b50f2673ebb95b4,0.005502091,0.13774006,0.02229108,0.20255978,-0.010156538,0
58,mvdec_dekm_consistent_v1,tiki_mvdec_dekm_consistent_v1_ccfbcd08db49_seed_42,ccfbcd08db49645649c885e212a7f2e0796a7bf3746d6b5f7b50f2673ebb95b4,0.16476223,-0.0014741011,0.13605279,0.077208795,-0.08746577,2
59,mvdec_dekm_consistent_v1,tiki_mvdec_dekm_consistent_v1_ccfbcd08db49_seed_42,ccfbcd08db49645649c885e212a7f2e0796a7bf3746d6b5f7b50f2673ebb95b4,0.054465033,-0.07172654,0.08424948,-0.06937838,-0.081363656,2
60,mvdec_dekm_consistent_v1,tiki_mvdec_dekm_consistent_v1_ccfbcd08db49_seed_42,ccfbcd08db49645649c885e212a7f2e0796a7bf3746d6b5f7b50f2673ebb95b4,0.008996166,0.17673735,0.010947585,0.24033356,0.026242562,0
61,mvdec_dekm_consistent_v1,tiki_mvdec_dekm_consistent_v1_ccfbcd08db49_seed_42,ccfbcd08db49645649c885e212a7f2e0796a7bf3746d6b5f7b50f2673ebb95b4,0.068011,-0.10193549,-0.05333472,0.13034046,-0.13511893,2
62,mvdec_dekm_consistent_v1,tiki_mvdec_dekm_consistent_v1_ccfbcd08db49_seed_42,ccfbcd08db49645649c885e212a7f2e0796a7bf3746d6b5f7b50f2673ebb95b4,0.11697963,-0.21336444,0.017041918,0.072790265,-0.19181886,2
63,mvdec_dekm_consistent_v1,tiki_mvdec_dekm_consistent_v1_ccfbcd08db49_seed_42,ccfbcd08db49645649c885e212a7f2e0796a7bf3746d6b5f7b50f2673ebb95b4,0.05285542,0.16967112,0.048387647,0.2604996,0.04643789,0
64,mvdec_dekm_consistent_v1,tiki_mvdec_dekm_consistent_v1_ccfbcd08db49_seed_42,ccfbcd08db49645649c885e212a7f2e0796a7bf3746d6b5f7b50f2673ebb95b4,-0.028152753,0.08241397,0.098312266,0.1484871,0.02933367,0
65,mvdec_dekm_consistent_v1,tiki_mvdec_dekm_consistent_v1_ccfbcd08db49_seed_42,ccfbcd08db49645649c885e212a7f2e0796a7bf3746d6b5f7b50f2673ebb95b4,-0.042800374,0.1778388,-0.0073409677,0.10110904,0.08690219,0
66,mvdec_dekm_consistent_v1,tiki_mvdec_dekm_consistent_v1_ccfbcd08db49_seed_42,ccfbcd08db49645649c885e212a7f2e0796a7bf3746d6b5f7b50f2673ebb95b4,-0.1152408,0.106537774,0.103631176,-0.23766504,0.16225299,4
67,mvdec_dekm_consistent_v1,tiki_mvdec_dekm_consistent_v1_ccfbcd08db49_seed_42,ccfbcd08db49645649c885e212a7f2e0796a7bf3746d6b5f7b50f2673ebb95b4,-0.10107573,0.12460913,-0.0020869374,-0.13101321,0.17698008,4
68,mvdec_dekm_consistent_v1,tiki_mvdec_dekm_consistent_v1_ccfbcd08db49_seed_42,ccfbcd08db49645649c885e212a7f2e0796a7bf3746d6b5f7b50f2673ebb95b4,0.23285481,-0.17151572,0.1362739,0.13499011,-0.21378513,2
69,mvdec_dekm_consistent_v1,tiki_mvdec_dekm_consistent_v1_ccfbcd08db49_seed_42,ccfbcd08db49645649c885e212a7f2e0796a7bf3746d6b5f7b50f2673ebb95b4,0.022666276,0.07865793,0.028566983,0.2429679,-0.034465957,0
70,mvdec_dekm_consistent_v1,tiki_mvdec_dekm_consistent_v1_ccfbcd08db49_seed_42,ccfbcd08db49645649c885e212a7f2e0796a7bf3746d6b5f7b50f2673ebb95b4,-0.10383871,0.25841394,0.05090174,0.18474843,0.04463253,0
71,mvdec_dekm_consistent_v1,tiki_mvdec_dekm_consistent_v1_ccfbcd08db49_seed_42,ccfbcd08db49645649c885e212a7f2e0796a7bf3746d6b5f7b50f2673ebb95b4,0.08746573,0.14211479,0.017291948,0.24621743,0.0027100071,0
72,mvdec_dekm_consistent_v1,tiki_mvdec_dekm_consistent_v1_ccfbcd08db49_seed_42,ccfbcd08db49645649c885e212a7f2e0796a7bf3746d6b5f7b50f2673ebb95b4,0.009651602,0.06546235,0.046471816,0.24481833,0.010616913,0
73,mvdec_dekm_consistent_v1,tiki_mvdec_dekm_consistent_v1_ccfbcd08db49_seed_42,ccfbcd08db49645649c885e212a7f2e0796a7bf3746d6b5f7b50f2673ebb95b4,0.08147726,0.025010072,-0.015008338,-0.24500841,0.118820354,4
74,mvdec_dekm_consistent_v1,tiki_mvdec_dekm_consistent_v1_ccfbcd08db49_seed_42,ccfbcd08db49645649c885e212a7f2e0796a7bf3746d6b5f7b50f2673ebb95b4,0.2161679,-0.26153392,0.11004377,0.12586954,-0.29620314,2
75,mvdec_dekm_consistent_v1,tiki_mvdec_dekm_consistent_v1_ccfbcd08db49_seed_42,ccfbcd08db49645649c885e212a7f2e0796a7bf3746d6b5f7b50f2673ebb95b4,0.10707187,-0.065025814,-0.012476142,0.10364987,-0.15506938,2
76,mvdec_dekm_consistent_v1,tiki_mvdec_dekm_consistent_v1_ccfbcd08db49_seed_42,ccfbcd08db49645649c885e212a7f2e0796a7bf3746d6b5f7b50f2673ebb95b4,-0.034087934,0.14834529,0.010802887,0.23308444,0.015315123,0
77,mvdec_dekm_consistent_v1,tiki_mvdec_dekm_consistent_v1_ccfbcd08db49_seed_42,ccfbcd08db49645649c885e212a7f2e0796a7bf3746d6b5f7b50f2673ebb95b4,0.010263743,0.1865729,0.055976283,-0.33346152,0.18694966,4
78,mvdec_dekm_consistent_v1,tiki_mvdec_dekm_consistent_v1_ccfbcd08db49_seed_42,ccfbcd08db49645649c885e212a7f2e0796a7bf3746d6b5f7b50f2673ebb95b4,0.05504228,0.10776843,0.10068252,-0.13551015,0.05270806,4
79,mvdec_dekm_consistent_v1,tiki_mvdec_dekm_consistent_v1_ccfbcd08db49_seed_42,ccfbcd08db49645649c885e212a7f2e0796a7bf3746d6b5f7b50f2673ebb95b4,0.11418144,-0.06787737,0.08490542,0.14607882,-0.18596467,2
80,mvdec_dekm_consistent_v1,tiki_mvdec_dekm_consistent_v1_ccfbcd08db49_seed_42,ccfbcd08db49645649c885e212a7f2e0796a7bf3746d6b5f7b50f2673ebb95b4,0.13113205,0.17555113,0.030254897,-0.24399033,0.14625968,4
81,mvdec_dekm_consistent_v1,tiki_mvdec_dekm_consistent_v1_ccfbcd08db49_seed_42,ccfbcd08db49645649c885e212a7f2e0796a7bf3746d6b5f7b50f2673ebb95b4,0.045729615,0.09808622,-0.00015248358,0.18160224,-0.028635113,0
82,mvdec_dekm_consistent_v1,tiki_mvdec_dekm_consistent_v1_ccfbcd08db49_seed_42,ccfbcd08db49645649c885e212a7f2e0796a7bf3746d6b5f7b50f2673ebb95b4,-6.559864e-05,0.06419735,0.04382605,-0.23962769,0.052439332,4
83,mvdec_dekm_consistent_v1,tiki_mvdec_dekm_consistent_v1_ccfbcd08db49_seed_42,ccfbcd08db49645649c885e212a7f2e0796a7bf3746d6b5f7b50f2673ebb95b4,0.07529564,-0.04598982,0.051460657,0.1539329,-0.10205546,2
84,mvdec_dekm_consistent_v1,tiki_mvdec_dekm_consistent_v1_ccfbcd08db49_seed_42,ccfbcd08db49645649c885e212a7f2e0796a7bf3746d6b5f7b50f2673ebb95b4,0.004577078,0.16069192,0.076288596,0.30930164,0.047572047,0
85,mvdec_dekm_consistent_v1,tiki_mvdec_dekm_consistent_v1_ccfbcd08db49_seed_42,ccfbcd08db49645649c885e212a7f2e0796a7bf3746d6b5f7b50f2673ebb95b4,0.048079126,-0.12498698,0.101851024,0.11702737,-0.08782966,2
86,mvdec_dekm_consistent_v1,tiki_mvdec_dekm_consistent_v1_ccfbcd08db49_seed_42,ccfbcd08db49645649c885e212a7f2e0796a7bf3746d6b5f7b50f2673ebb95b4,0.13032918,-0.38664442,0.23131415,0.080298215,-0.24973962,2
87,mvdec_dekm_consistent_v1,tiki_mvdec_dekm_consistent_v1_ccfbcd08db49_seed_42,ccfbcd08db49645649c885e212a7f2e0796a7bf3746d6b5f7b50f2673ebb95b4,0.045327246,0.0034895092,0.033162177,0.21800596,-0.051342025,0
88,mvdec_dekm_consistent_v1,tiki_mvdec_dekm_consistent_v1_ccfbcd08db49_seed_42,ccfbcd08db49645649c885e212a7f2e0796a7bf3746d6b5f7b50f2673ebb95b4,-0.03600386,0.07992591,0.02004543,-0.26958242,0.035707764,4
89,mvdec_dekm_consistent_v1,tiki_mvdec_dekm_consistent_v1_ccfbcd08db49_seed_42,ccfbcd08db49645649c885e212a7f2e0796a7bf3746d6b5f7b50f2673ebb95b4,0.11168883,-0.23528855,0.0587141,0.06344357,-0.27748033,2
90,mvdec_dekm_consistent_v1,tiki_mvdec_dekm_consistent_v1_ccfbcd08db49_seed_42,ccfbcd08db49645649c885e212a7f2e0796a7bf3746d6b5f7b50f2673ebb95b4,0.0104052,0.09819603,-0.012081549,0.096860886,0.0915366,0
91,mvdec_dekm_consistent_v1,tiki_mvdec_dekm_consistent_v1_ccfbcd08db49_seed_42,ccfbcd08db49645649c885e212a7f2e0796a7bf3746d6b5f7b50f2673ebb95b4,-0.057785876,0.19758426,0.12153606,-0.41957003,0.1449704,4
92,mvdec_dekm_consistent_v1,tiki_mvdec_dekm_consistent_v1_ccfbcd08db49_seed_42,ccfbcd08db49645649c885e212a7f2e0796a7bf3746d6b5f7b50f2673ebb95b4,0.17039084,-0.43648273,0.43658778,-0.11177987,-0.2843116,2
93,mvdec_dekm_consistent_v1,tiki_mvdec_dekm_consistent_v1_ccfbcd08db49_seed_42,ccfbcd08db49645649c885e212a7f2e0796a7bf3746d6b5f7b50f2673ebb95b4,-0.007736489,0.15790883,-0.0044964254,0.18203926,-0.0050954223,0
94,mvdec_dekm_consistent_v1,tiki_mvdec_dekm_consistent_v1_ccfbcd08db49_seed_42,ccfbcd08db49645649c885e212a7f2e0796a7bf3746d6b5f7b50f2673ebb95b4,0.030435245,0.14341456,0.11130952,-0.39113134,0.10120186,4
95,mvdec_dekm_consistent_v1,tiki_mvdec_dekm_consistent_v1_ccfbcd08db49_seed_42,ccfbcd08db49645649c885e212a7f2e0796a7bf3746d6b5f7b50f2673ebb95b4,0.1099019,-0.032117054,0.108870484,-0.0073176175,-0.07274014,2
96,mvdec_dekm_consistent_v1,tiki_mvdec_dekm_consistent_v1_ccfbcd08db49_seed_42,ccfbcd08db49645649c885e212a7f2e0796a7bf3746d6b5f7b50f2673ebb95b4,0.31101745,0.15037882,-0.06737113,-0.27922308,0.5161462,1
97,mvdec_dekm_consistent_v1,tiki_mvdec_dekm_consistent_v1_ccfbcd08db49_seed_42,ccfbcd08db49645649c885e212a7f2e0796a7bf3746d6b5f7b50f2673ebb95b4,-0.054135866,0.19746913,-0.006932676,0.14275712,0.04419754,0
98,mvdec_dekm_consistent_v1,tiki_mvdec_dekm_consistent_v1_ccfbcd08db49_seed_42,ccfbcd08db49645649c885e212a7f2e0796a7bf3746d6b5f7b50f2673ebb95b4,0.01066685,0.12626153,0.12358993,0.22717066,0.010117677,0
99,mvdec_dekm_consistent_v1,tiki_mvdec_dekm_consistent_v1_ccfbcd08db49_seed_42,ccfbcd08db49645649c885e212a7f2e0796a7bf3746d6b5f7b50f2673ebb95b4,-0.06771512,0.17505658,0.06960061,0.2137819,0.06056008,0
100,mvdec_dekm_consistent_v1,tiki_mvdec_dekm_consistent_v1_ccfbcd08db49_seed_42,ccfbcd08db49645649c885e212a7f2e0796a7bf3746d6b5f7b50f2673ebb95b4,-0.02402945,-0.007678814,0.10734398,-0.13336049,-0.00079958886,4
101,mvdec_dekm_consistent_v1,tiki_mvdec_dekm_consistent_v1_ccfbcd08db49_seed_42,ccfbcd08db49645649c885e212a7f2e0796a7bf3746d6b5f7b50f2673ebb95b4,0.52939415,0.17019063,-0.067264855,-0.31741303,0.68553793,1
102,mvdec_dekm_consistent_v1,tiki_mvdec_dekm_consistent_v1_ccfbcd08db49_seed_42,ccfbcd08db49645649c885e212a7f2e0796a7bf3746d6b5f7b50f2673ebb95b4,0.20388018,0.20554075,0.021741945,-0.26301968,0.29541403,4
103,mvdec_dekm_consistent_v1,tiki_mvdec_dekm_consistent_v1_ccfbcd08db49_seed_42,ccfbcd08db49645649c885e212a7f2e0796a7bf3746d6b5f7b50f2673ebb95b4,0.074220836,-0.013510391,0.24145517,-0.08399068,-0.05909378,2
104,mvdec_dekm_consistent_v1,tiki_mvdec_dekm_consistent_v1_ccfbcd08db49_seed_42,ccfbcd08db49645649c885e212a7f2e0796a7bf3746d6b5f7b50f2673ebb95b4,-0.025046092,0.081956714,0.06336935,0.27578443,0.037678353,0
105,mvdec_dekm_consistent_v1,tiki_mvdec_dekm_consistent_v1_ccfbcd08db49_seed_42,ccfbcd08db49645649c885e212a7f2e0796a7bf3746d6b5f7b50f2673ebb95b4,0.03287486,-0.031950627,0.0029398352,-0.36085582,0.5315655,1
106,mvdec_dekm_consistent_v1,tiki_mvdec_dekm_consistent_v1_ccfbcd08db49_seed_42,ccfbcd08db49645649c885e212a7f2e0796a7bf3746d6b5f7b50f2673ebb95b4,-0.037410293,0.07457642,0.059843604,0.18209857,0.010018412,0
107,mvdec_dekm_consistent_v1,tiki_mvdec_dekm_consistent_v1_ccfbcd08db49_seed_42,ccfbcd08db49645649c885e212a7f2e0796a7bf3746d6b5f7b50f2673ebb95b4,0.0024902234,0.07391661,-0.009926252,0.15714449,-0.081374586,0
108,mvdec_dekm_consistent_v1,tiki_mvdec_dekm_consistent_v1_ccfbcd08db49_seed_42,ccfbcd08db49645649c885e212a7f2e0796a7bf3746d6b5f7b50f2673ebb95b4,0.03758951,0.074679606,0.07962564,-0.19146393,0.0815497,4
109,mvdec_dekm_consistent_v1,tiki_mvdec_dekm_consistent_v1_ccfbcd08db49_seed_42,ccfbcd08db49645649c885e212a7f2e0796a7bf3746d6b5f7b50f2673ebb95b4,0.10762563,-0.27471316,-0.0111093,0.15442945,-0.26249686,2
110,mvdec_dekm_consistent_v1,tiki_mvdec_dekm_consistent_v1_ccfbcd08db49_seed_42,ccfbcd08db49645649c885e212a7f2e0796a7bf3746d6b5f7b50f2673ebb95b4,0.041418545,0.25213495,0.25760445,-0.48724,0.119272836,4
111,mvdec_dekm_consistent_v1,tiki_mvdec_dekm_consistent_v1_ccfbcd08db49_seed_42,ccfbcd08db49645649c885e212a7f2e0796a7bf3746d6b5f7b50f2673ebb95b4,0.056956667,0.19400345,-0.07688768,-0.10661933,0.24519579,4
112,mvdec_dekm_consistent_v1,tiki_mvdec_dekm_consistent_v1_ccfbcd08db49_seed_42,ccfbcd08db49645649c885e212a7f2e0796a7bf3746d6b5f7b50f2673ebb95b4,0.027280714,0.21273881,0.11640251,-0.41291285,0.13851327,4
113,mvdec_dekm_consistent_v1,tiki_mvdec_dekm_consistent_v1_ccfbcd08db49_seed_42,ccfbcd08db49645649c885e212a7f2e0796a7bf3746d6b5f7b50f2673ebb95b4,0.12750107,0.1148898,0.2709579,-0.35914466,0.06430559,4
114,mvdec_dekm_consistent_v1,tiki_mvdec_dekm_consistent_v1_ccfbcd08db49_seed_42,ccfbcd08db49645649c885e212a7f2e0796a7bf3746d6b5f7b50f2673ebb95b4,0.031970445,0.19671254,0.049730387,0.24974208,0.027932376,0
115,mvdec_dekm_consistent_v1,tiki_mvdec_dekm_consistent_v1_ccfbcd08db49_seed_42,ccfbcd08db49645649c885e212a7f2e0796a7bf3746d6b5f7b50f2673ebb95b4,0.072775826,0.07126059,0.014805339,0.19928572,-0.05368267,0
116,mvdec_dekm_consistent_v1,tiki_mvdec_dekm_consistent_v1_ccfbcd08db49_seed_42,ccfbcd08db49645649c885e212a7f2e0796a7bf3746d6b5f7b50f2673ebb95b4,0.034827627,0.062619075,0.10328801,0.2039713,-0.023950301,0
117,mvdec_dekm_consistent_v1,tiki_mvdec_dekm_consistent_v1_ccfbcd08db49_seed_42,ccfbcd08db49645649c885e212a7f2e0796a7bf3746d6b5f7b50f2673ebb95b4,0.15684661,-0.15016119,0.123025686,-0.10604269,-0.19378479,2
118,mvdec_dekm_consistent_v1,tiki_mvdec_dekm_consistent_v1_ccfbcd08db49_seed_42,ccfbcd08db49645649c885e212a7f2e0796a7bf3746d6b5f7b50f2673ebb95b4,-0.08409993,0.070664294,0.09544094,0.20033985,0.034846842,0
119,mvdec_dekm_consistent_v1,tiki_mvdec_dekm_consistent_v1_ccfbcd08db49_seed_42,ccfbcd08db49645649c885e212a7f2e0796a7bf3746d6b5f7b50f2673ebb95b4,0.009360361,0.07722632,0.049822256,0.26587188,-0.0011241361,0
120,mvdec_dekm_consistent_v1,tiki_mvdec_dekm_consistent_v1_ccfbcd08db49_seed_42,ccfbcd08db49645649c885e212a7f2e0796a7bf3746d6b5f7b50f2673ebb95b4,0.038760386,0.17249298,0.08236643,0.28404015,0.03764279,0
121,mvdec_dekm_consistent_v1,tiki_mvdec_dekm_consistent_v1_ccfbcd08db49_seed_42,ccfbcd08db49645649c885e212a7f2e0796a7bf3746d6b5f7b50f2673ebb95b4,0.019208152,0.12866166,0.13805822,-0.09343048,0.07791608,4
122,mvdec_dekm_consistent_v1,tiki_mvdec_dekm_consistent_v1_ccfbcd08db49_seed_42,ccfbcd08db49645649c885e212a7f2e0796a7bf3746d6b5f7b50f2673ebb95b4,-0.05610523,0.140039,0.0032477826,-0.091956116,0.18278974,4
123,mvdec_dekm_consistent_v1,tiki_mvdec_dekm_consistent_v1_ccfbcd08db49_seed_42,ccfbcd08db49645649c885e212a7f2e0796a7bf3746d6b5f7b50f2673ebb95b4,-0.0036839247,0.1665231,0.087820746,-0.41354614,0.122819684,4
124,mvdec_dekm_consistent_v1,tiki_mvdec_dekm_consistent_v1_ccfbcd08db49_seed_42,ccfbcd08db49645649c885e212a7f2e0796a7bf3746d6b5f7b50f2673ebb95b4,0.029845081,0.14569813,0.011087559,0.21945396,0.037800472,0
125,mvdec_dekm_consistent_v1,tiki_mvdec_dekm_consistent_v1_ccfbcd08db49_seed_42,ccfbcd08db49645649c885e212a7f2e0796a7bf3746d6b5f7b50f2673ebb95b4,0.18221903,-0.104026556,-0.030681279,0.06606062,-0.13365589,2
126,mvdec_dekm_consistent_v1,tiki_mvdec_dekm_consistent_v1_ccfbcd08db49_seed_42,ccfbcd08db49645649c885e212a7f2e0796a7bf3746d6b5f7b50f2673ebb95b4,0.0607346,0.017393406,-0.0020247735,0.17689884,-0.08625163,0
127,mvdec_dekm_consistent_v1,tiki_mvdec_dekm_consistent_v1_ccfbcd08db49_seed_42,ccfbcd08db49645649c885e212a7f2e0796a7bf3746d6b5f7b50f2673ebb95b4,-0.07838233,-0.18456522,0.014254231,-0.52693146,0.7220232,3
128,mvdec_dekm_consistent_v1,tiki_mvdec_dekm_consistent_v1_ccfbcd08db49_seed_42,ccfbcd08db49645649c885e212a7f2e0796a7bf3746d6b5f7b50f2673ebb95b4,-0.05859381,0.14728361,0.060346574,0.18700667,0.043664083,0
129,mvdec_dekm_consistent_v1,tiki_mvdec_dekm_consistent_v1_ccfbcd08db49_seed_42,ccfbcd08db49645649c885e212a7f2e0796a7bf3746d6b5f7b50f2673ebb95b4,0.056492973,0.03388878,0.108809225,0.17618862,-0.07456357,0
130,mvdec_dekm_consistent_v1,tiki_mvdec_dekm_consistent_v1_ccfbcd08db49_seed_42,ccfbcd08db49645649c885e212a7f2e0796a7bf3746d6b5f7b50f2673ebb95b4,0.14982675,-0.17652693,0.057680123,0.018767992,-0.19542009,2
131,mvdec_dekm_consistent_v1,tiki_mvdec_dekm_consistent_v1_ccfbcd08db49_seed_42,ccfbcd08db49645649c885e212a7f2e0796a7bf3746d6b5f7b50f2673ebb95b4,0.083529405,0.055996574,0.007075634,0.19853608,-0.054999616,0
132,mvdec_dekm_consistent_v1,tiki_mvdec_dekm_consistent_v1_ccfbcd08db49_seed_42,ccfbcd08db49645649c885e212a7f2e0796a7bf3746d6b5f7b50f2673ebb95b4,0.0014309399,0.10906118,0.03191014,0.23351538,-0.0065379813,0
133,mvdec_dekm_consistent_v1,tiki_mvdec_dekm_consistent_v1_ccfbcd08db49_seed_42,ccfbcd08db49645649c885e212a7f2e0796a7bf3746d6b5f7b50f2673ebb95b4,0.02571084,0.15599939,0.013192799,0.042453263,0.032641042,0
134,mvdec_dekm_consistent_v1,tiki_mvdec_dekm_consistent_v1_ccfbcd08db49_seed_42,ccfbcd08db49645649c885e212a7f2e0796a7bf3746d6b5f7b50f2673ebb95b4,-0.018308949,0.14191976,0.021675125,0.20665666,-0.020465858,0
135,mvdec_dekm_consistent_v1,tiki_mvdec_dekm_consistent_v1_ccfbcd08db49_seed_42,ccfbcd08db49645649c885e212a7f2e0796a7bf3746d6b5f7b50f2673ebb95b4,-0.086802304,0.104573905,0.09822035,0.24000521,0.02380383,0
136,mvdec_dekm_consistent_v1,tiki_mvdec_dekm_consistent_v1_ccfbcd08db49_seed_42,ccfbcd08db49645649c885e212a7f2e0796a7bf3746d6b5f7b50f2673ebb95b4,-0.10655305,0.12233459,0.024695918,0.120934755,0.0006629154,0
137,mvdec_dekm_consistent_v1,tiki_mvdec_dekm_consistent_v1_ccfbcd08db49_seed_42,ccfbcd08db49645649c885e212a7f2e0796a7bf3746d6b5f7b50f2673ebb95b4,0.07779361,-0.03435716,-0.05248892,0.1546037,-0.10664136,2
138,mvdec_dekm_consistent_v1,tiki_mvdec_dekm_consistent_v1_ccfbcd08db49_seed_42,ccfbcd08db49645649c885e212a7f2e0796a7bf3746d6b5f7b50f2673ebb95b4,-0.06010011,0.22130072,0.014781877,0.21761155,0.036073316,0
139,mvdec_dekm_consistent_v1,tiki_mvdec_dekm_consistent_v1_ccfbcd08db49_seed_42,ccfbcd08db49645649c885e212a7f2e0796a7bf3746d6b5f7b50f2673ebb95b4,0.24140021,-0.2962923,0.15471086,0.049843833,-0.3366488,2
140,mvdec_dekm_consistent_v1,tiki_mvdec_dekm_consistent_v1_ccfbcd08db49_seed_42,ccfbcd08db49645649c885e212a7f2e0796a7bf3746d6b5f7b50f2673ebb95b4,0.095462486,0.025288418,0.08468419,-0.32938537,-0.011502087,4
141,mvdec_dekm_consistent_v1,tiki_mvdec_dekm_consistent_v1_ccfbcd08db49_seed_42,ccfbcd08db49645649c885e212a7f2e0796a7bf3746d6b5f7b50f2673ebb95b4,-0.115278006,0.038422942,0.005377695,0.057077523,0.013808857,0
142,mvdec_dekm_consistent_v1,tiki_mvdec_dekm_consistent_v1_ccfbcd08db49_seed_42,ccfbcd08db49645649c885e212a7f2e0796a7bf3746d6b5f7b50f2673ebb95b4,-0.23973219,-0.11398773,0.12433891,-0.76801115,0.5041868,3
143,mvdec_dekm_consistent_v1,tiki_mvdec_dekm_consistent_v1_ccfbcd08db49_seed_42,ccfbcd08db49645649c885e212a7f2e0796a7bf3746d6b5f7b50f2673ebb95b4,0.15838501,-0.32403365,0.076401494,0.1339441,-0.2312368,2
144,mvdec_dekm_consistent_v1,tiki_mvdec_dekm_consistent_v1_ccfbcd08db49_seed_42,ccfbcd08db49645649c885e212a7f2e0796a7bf3746d6b5f7b50f2673ebb95b4,0.059255235,-0.1972463,-0.07538815,0.049295753,-0.235063,2
145,mvdec_dekm_consistent_v1,tiki_mvdec_dekm_consistent_v1_ccfbcd08db49_seed_42,ccfbcd08db49645649c885e212a7f2e0796a7bf3746d6b5f7b50f2673ebb95b4,0.11839801,-0.08245577,0.043289896,0.11333844,-0.20117062,2
146,mvdec_dekm_consistent_v1,tiki_mvdec_dekm_consistent_v1_ccfbcd08db49_seed_42,ccfbcd08db49645649c885e212a7f2e0796a7bf3746d6b5f7b50f2673ebb95b4,0.2005031,-0.07805954,0.12115276,0.09650042,-0.14498223,2
147,mvdec_dekm_consistent_v1,tiki_mvdec_dekm_consistent_v1_ccfbcd08db49_seed_42,ccfbcd08db49645649c885e212a7f2e0796a7bf3746d6b5f7b50f2673ebb95b4,-0.020573262,0.03006567,0.09875542,-0.16744947,0.031361915,4
148,mvdec_dekm_consistent_v1,tiki_mvdec_dekm_consistent_v1_ccfbcd08db49_seed_42,ccfbcd08db49645649c885e212a7f2e0796a7bf3746d6b5f7b50f2673ebb95b4,-0.032644995,0.075920075,0.0009951591,0.08706949,-0.001385563,0
149,mvdec_dekm_consistent_v1,tiki_mvdec_dekm_consistent_v1_ccfbcd08db49_seed_42,ccfbcd08db49645649c885e212a7f2e0796a7bf3746d6b5f7b50f2673ebb95b4,0.12577412,0.073790565,0.12029562,-0.026929429,-0.02247981,0
150,mvdec_dekm_consistent_v1,tiki_mvdec_dekm_consistent_v1_ccfbcd08db49_seed_42,ccfbcd08db49645649c885e212a7f2e0796a7bf3746d6b5f7b50f2673ebb95b4,-0.09369974,0.027528785,-0.02280283,-0.17271897,0.10299907,4
151,mvdec_dekm_consistent_v1,tiki_mvdec_dekm_consistent_v1_ccfbcd08db49_seed_42,ccfbcd08db49645649c885e212a7f2e0796a7bf3746d6b5f7b50f2673ebb95b4,-0.07904875,0.16209081,0.100221805,0.25746095,0.05089521,0
152,mvdec_dekm_consistent_v1,tiki_mvdec_dekm_consistent_v1_ccfbcd08db49_seed_42,ccfbcd08db49645649c885e212a7f2e0796a7bf3746d6b5f7b50f2673ebb95b4,-0.051977355,0.19370767,0.06463249,0.22811088,0.06696826,0
153,mvdec_dekm_consistent_v1,tiki_mvdec_dekm_consistent_v1_ccfbcd08db49_seed_42,ccfbcd08db49645649c885e212a7f2e0796a7bf3746d6b5f7b50f2673ebb95b4,0.07989893,-0.0969028,-0.08539705,0.11247015,-0.18853992,2
154,mvdec_dekm_consistent_v1,tiki_mvdec_dekm_consistent_v1_ccfbcd08db49_seed_42,ccfbcd08db49645649c885e212a7f2e0796a7bf3746d6b5f7b50f2673ebb95b4,0.083477646,0.012095317,-0.1053715,0.14641869,-0.13871104,2
155,mvdec_dekm_consistent_v1,tiki_mvdec_dekm_consistent_v1_ccfbcd08db49_seed_42,ccfbcd08db49645649c885e212a7f2e0796a7bf3746d6b5f7b50f2673ebb95b4,0.06372292,0.057978,-0.009082421,0.18426329,-0.06744164,0
156,mvdec_dekm_consistent_v1,tiki_mvdec_dekm_consistent_v1_ccfbcd08db49_seed_42,ccfbcd08db49645649c885e212a7f2e0796a7bf3746d6b5f7b50f2673ebb95b4,0.012906205,0.21387462,0.16111612,-0.4166739,0.14168288,4
157,mvdec_dekm_consistent_v1,tiki_mvdec_dekm_consistent_v1_ccfbcd08db49_seed_42,ccfbcd08db49645649c885e212a7f2e0796a7bf3746d6b5f7b50f2673ebb95b4,0.19581994,-0.27909338,-0.021260299,0.13052902,-0.21742702,2
158,mvdec_dekm_consistent_v1,tiki_mvdec_dekm_consistent_v1_ccfbcd08db49_seed_42,ccfbcd08db49645649c885e212a7f2e0796a7bf3746d6b5f7b50f2673ebb95b4,0.14373228,0.002448164,0.100408524,-0.02762199,-0.028512388,2
159,mvdec_dekm_consistent_v1,tiki_mvdec_dekm_consistent_v1_ccfbcd08db49_seed_42,ccfbcd08db49645649c885e212a7f2e0796a7bf3746d6b5f7b50f2673ebb95b4,0.00337392,-0.22214527,-0.014350958,0.024807304,0.061254196,2
160,mvdec_dekm_consistent_v1,tiki_mvdec_dekm_consistent_v1_ccfbcd08db49_seed_42,ccfbcd08db49645649c885e212a7f2e0796a7bf3746d6b5f7b50f2673ebb95b4,0.121487804,-0.10238705,-0.06529492,0.09096652,-0.21355921,2
161,mvdec_dekm_consistent_v1,tiki_mvdec_dekm_consistent_v1_ccfbcd08db49_seed_42,ccfbcd08db49645649c885e212a7f2e0796a7bf3746d6b5f7b50f2673ebb95b4,-0.2840575,-0.063608244,0.03231275,-0.5051111,0.42876485,3
162,mvdec_dekm_consistent_v1,tiki_mvdec_dekm_consistent_v1_ccfbcd08db49_seed_42,ccfbcd08db49645649c885e212a7f2e0796a7bf3746d6b5f7b50f2673ebb95b4,0.018336013,0.023493912,0.08067058,0.1864515,-0.067795634,0
163,mvdec_dekm_consistent_v1,tiki_mvdec_dekm_consistent_v1_ccfbcd08db49_seed_42,ccfbcd08db49645649c885e212a7f2e0796a7bf3746d6b5f7b50f2673ebb95b4,0.0069603883,0.11902476,0.11485223,-0.3779225,0.108780615,4
164,mvdec_dekm_consistent_v1,tiki_mvdec_dekm_consistent_v1_ccfbcd08db49_seed_42,ccfbcd08db49645649c885e212a7f2e0796a7bf3746d6b5f7b50f2673ebb95b4,0.14744164,-0.19310029,-0.07909251,-0.18401894,0.08119888,2
165,mvdec_dekm_consistent_v1,tiki_mvdec_dekm_consistent_v1_ccfbcd08db49_seed_42,ccfbcd08db49645649c885e212a7f2e0796a7bf3746d6b5f7b50f2673ebb95b4,0.09258501,-0.28101552,0.089300565,0.043637604,-0.25264797,2
166,mvdec_dekm_consistent_v1,tiki_mvdec_dekm_consistent_v1_ccfbcd08db49_seed_42,ccfbcd08db49645649c885e212a7f2e0796a7bf3746d6b5f7b50f2673ebb95b4,-0.11667199,0.1286748,0.0077775456,-0.31415606,0.15284133,4
167,mvdec_dekm_consistent_v1,tiki_mvdec_dekm_consistent_v1_ccfbcd08db49_seed_42,ccfbcd08db49645649c885e212a7f2e0796a7bf3746d6b5f7b50f2673ebb95b4,-0.029333664,0.14345537,0.1343393,-0.15891719,0.15370098,4
168,mvdec_dekm_consistent_v1,tiki_mvdec_dekm_consistent_v1_ccfbcd08db49_seed_42,ccfbcd08db49645649c885e212a7f2e0796a7bf3746d6b5f7b50f2673ebb95b4,-0.07548697,0.096242175,0.079046264,0.14527845,0.06358612,0
169,mvdec_dekm_consistent_v1,tiki_mvdec_dekm_consistent_v1_ccfbcd08db49_seed_42,ccfbcd08db49645649c885e212a7f2e0796a7bf3746d6b5f7b50f2673ebb95b4,-0.044309918,0.15293607,0.044092756,0.28910273,0.051903248,0
170,mvdec_dekm_consistent_v1,tiki_mvdec_dekm_consistent_v1_ccfbcd08db49_seed_42,ccfbcd08db49645649c885e212a7f2e0796a7bf3746d6b5f7b50f2673ebb95b4,0.1846819,-0.10448744,-0.11531528,0.018109517,0.1308538,2
171,mvdec_dekm_consistent_v1,tiki_mvdec_dekm_consistent_v1_ccfbcd08db49_seed_42,ccfbcd08db49645649c885e212a7f2e0796a7bf3746d6b5f7b50f2673ebb95b4,-0.0055362755,0.06700352,0.043377895,0.2015276,-0.0033972114,0
172,mvdec_dekm_consistent_v1,tiki_mvdec_dekm_consistent_v1_ccfbcd08db49_seed_42,ccfbcd08db49645649c885e212a7f2e0796a7bf3746d6b5f7b50f2673ebb95b4,0.19435062,-0.31211594,0.11134686,0.11027327,-0.25732434,2
173,mvdec_dekm_consistent_v1,tiki_mvdec_dekm_consistent_v1_ccfbcd08db49_seed_42,ccfbcd08db49645649c885e212a7f2e0796a7bf3746d6b5f7b50f2673ebb95b4,-0.06455096,0.15781325,0.04235606,0.019871831,0.07422922,0
174,mvdec_dekm_consistent_v1,tiki_mvdec_dekm_consistent_v1_ccfbcd08db49_seed_42,ccfbcd08db49645649c885e212a7f2e0796a7bf3746d6b5f7b50f2673ebb95b4,-0.022528423,0.084978305,0.14648752,-0.3418241,0.06939678,4
175,mvdec_dekm_consistent_v1,tiki_mvdec_dekm_consistent_v1_ccfbcd08db49_seed_42,ccfbcd08db49645649c885e212a7f2e0796a7bf3746d6b5f7b50f2673ebb95b4,0.029540066,-0.027870446,0.10273076,0.1872271,-0.017310567,0
176,mvdec_dekm_consistent_v1,tiki_mvdec_dekm_consistent_v1_ccfbcd08db49_seed_42,ccfbcd08db49645649c885e212a7f2e0796a7bf3746d6b5f7b50f2673ebb95b4,-0.16104905,0.1295344,0.16034473,0.10543877,0.10242559,0
177,mvdec_dekm_consistent_v1,tiki_mvdec_dekm_consistent_v1_ccfbcd08db49_seed_42,ccfbcd08db49645649c885e212a7f2e0796a7bf3746d6b5f7b50f2673ebb95b4,-0.1219243,0.13685519,0.0145861395,-0.37344652,0.20032865,4
178,mvdec_dekm_consistent_v1,tiki_mvdec_dekm_consistent_v1_ccfbcd08db49_seed_42,ccfbcd08db49645649c885e212a7f2e0796a7bf3746d6b5f7b50f2673ebb95b4,0.07271436,-0.12543084,-0.0045526503,-0.4238249,0.7245696,1
179,mvdec_dekm_consistent_v1,tiki_mvdec_dekm_consistent_v1_ccfbcd08db49_seed_42,ccfbcd08db49645649c885e212a7f2e0796a7bf3746d6b5f7b50f2673ebb95b4,-0.11220397,0.17706658,0.1053746,0.09761737,0.10835146,0
180,mvdec_dekm_consistent_v1,tiki_mvdec_dekm_consistent_v1_ccfbcd08db49_seed_42,ccfbcd08db49645649c885e212a7f2e0796a7bf3746d6b5f7b50f2673ebb95b4,-0.06327833,0.23065007,0.061787218,0.25952545,0.055776697,0
181,mvdec_dekm_consistent_v1,tiki_mvdec_dekm_consistent_v1_ccfbcd08db49_seed_42,ccfbcd08db49645649c885e212a7f2e0796a7bf3746d6b5f7b50f2673ebb95b4,0.21155128,-0.24958472,0.04087233,0.055566013,-0.22394124,2
182,mvdec_dekm_consistent_v1,tiki_mvdec_dekm_consistent_v1_ccfbcd08db49_seed_42,ccfbcd08db49645649c885e212a7f2e0796a7bf3746d6b5f7b50f2673ebb95b4,0.058658544,-0.045413304,-0.042301185,0.12002143,-0.07012077,2
183,mvdec_dekm_consistent_v1,tiki_mvdec_dekm_consistent_v1_ccfbcd08db49_seed_42,ccfbcd08db49645649c885e212a7f2e0796a7bf3746d6b5f7b50f2673ebb95b4,0.20295782,-0.27334306,0.09325653,0.09624636,-0.24720743,2
184,mvdec_dekm_consistent_v1,tiki_mvdec_dekm_consistent_v1_ccfbcd08db49_seed_42,ccfbcd08db49645649c885e212a7f2e0796a7bf3746d6b5f7b50f2673ebb95b4,0.5750545,0.18701549,-0.07159282,-0.30353263,0.678674,1
185,mvdec_dekm_consistent_v1,tiki_mvdec_dekm_consistent_v1_ccfbcd08db49_seed_42,ccfbcd08db49645649c885e212a7f2e0796a7bf3746d6b5f7b50f2673ebb95b4,0.06262456,-0.053244837,0.19629411,-0.17792727,-0.020496741,4
186,mvdec_dekm_consistent_v1,tiki_mvdec_dekm_consistent_v1_ccfbcd08db49_seed_42,ccfbcd08db49645649c885e212a7f2e0796a7bf3746d6b5f7b50f2673ebb95b4,0.19989409,-0.048495412,0.10665945,-0.2317393,-0.056841493,2
187,mvdec_dekm_consistent_v1,tiki_mvdec_dekm_consistent_v1_ccfbcd08db49_seed_42,ccfbcd08db49645649c885e212a7f2e0796a7bf3746d6b5f7b50f2673ebb95b4,-0.1608863,0.056292444,0.3457415,-0.37412807,0.27523166,4
188,mvdec_dekm_consistent_v1,tiki_mvdec_dekm_consistent_v1_ccfbcd08db49_seed_42,ccfbcd08db49645649c885e212a7f2e0796a7bf3746d6b5f7b50f2673ebb95b4,0.052663464,0.17675503,-0.039518647,0.1359157,0.058415834,0
189,mvdec_dekm_consistent_v1,tiki_mvdec_dekm_consistent_v1_ccfbcd08db49_seed_42,ccfbcd08db49645649c885e212a7f2e0796a7bf3746d6b5f7b50f2673ebb95b4,0.046665996,0.07664545,0.020623498,-0.24410827,0.03842455,4
190,mvdec_dekm_consistent_v1,tiki_mvdec_dekm_consistent_v1_ccfbcd08db49_seed_42,ccfbcd08db49645649c885e212a7f2e0796a7bf3746d6b5f7b50f2673ebb95b4,0.11244986,-0.19821191,0.0241119,0.073096335,-0.11451657,2
191,mvdec_dekm_consistent_v1,tiki_mvdec_dekm_consistent_v1_ccfbcd08db49_seed_42,ccfbcd08db49645649c885e212a7f2e0796a7bf3746d6b5f7b50f2673ebb95b4,0.070937276,0.064209916,-0.026882932,0.2181434,-0.035295114,0
192,mvdec_dekm_consistent_v1,tiki_mvdec_dekm_consistent_v1_ccfbcd08db49_seed_42,ccfbcd08db49645649c885e212a7f2e0796a7bf3746d6b5f7b50f2673ebb95b4,0.106405064,-0.13901584,-0.026487254,0.06995809,-0.15603587,2
193,mvdec_dekm_consistent_v1,tiki_mvdec_dekm_consistent_v1_ccfbcd08db49_seed_42,ccfbcd08db49645649c885e212a7f2e0796a7bf3746d6b5f7b50f2673ebb95b4,0.14702703,-0.011099465,0.016863003,0.12186321,-0.068201125,2
194,mvdec_dekm_consistent_v1,tiki_mvdec_dekm_consistent_v1_ccfbcd08db49_seed_42,ccfbcd08db49645649c885e212a7f2e0796a7bf3746d6b5f7b50f2673ebb95b4,0.03737461,0.027154937,0.07107158,0.14836045,-0.022216447,0
195,mvdec_dekm_consistent_v1,tiki_mvdec_dekm_consistent_v1_ccfbcd08db49_seed_42,ccfbcd08db49645649c885e212a7f2e0796a7bf3746d6b5f7b50f2673ebb95b4,0.065898955,-0.005550228,-0.035625197,-0.039845567,-0.034957908,2
196,mvdec_dekm_consistent_v1,tiki_mvdec_dekm_consistent_v1_ccfbcd08db49_seed_42,ccfbcd08db49645649c885e212a7f2e0796a7bf3746d6b5f7b50f2673ebb95b4,0.10690207,-0.09976619,-0.051825598,0.096720815,-0.19890215,2
197,mvdec_dekm_consistent_v1,tiki_mvdec_dekm_consistent_v1_ccfbcd08db49_seed_42,ccfbcd08db49645649c885e212a7f2e0796a7bf3746d6b5f7b50f2673ebb95b4,0.18672502,-0.4308687,-0.058186997,-0.015100926,0.01682996,2
198,mvdec_dekm_consistent_v1,tiki_mvdec_dekm_consistent_v1_ccfbcd08db49_seed_42,ccfbcd08db49645649c885e212a7f2e0796a7bf3746d6b5f7b50f2673ebb95b4,0.04565482,0.00854186,0.15650651,0.0018075723,-0.01498431,0
199,mvdec_dekm_consistent_v1,tiki_mvdec_dekm_consistent_v1_ccfbcd08db49_seed_42,ccfbcd08db49645649c885e212a7f2e0796a7bf3746d6b5f7b50f2673ebb95b4,-0.014618633,0.006299779,0.08669357,0.16410214,-0.0696002,0
200,mvdec_dekm_consistent_v1,tiki_mvdec_dekm_consistent_v1_ccfbcd08db49_seed_42,ccfbcd08db49645649c885e212a7f2e0796a7bf3746d6b5f7b50f2673ebb95b4,0.047982905,-0.018244995,-0.007022851,0.15746886,-0.1305001,0
201,mvdec_dekm_consistent_v1,tiki_mvdec_dekm_consistent_v1_ccfbcd08db49_seed_42,ccfbcd08db49645649c885e212a7f2e0796a7bf3746d6b5f7b50f2673ebb95b4,0.115491316,0.18871722,0.06160145,-0.34978428,0.23756173,4
202,mvdec_dekm_consistent_v1,tiki_mvdec_dekm_consistent_v1_ccfbcd08db49_seed_42,ccfbcd08db49645649c885e212a7f2e0796a7bf3746d6b5f7b50f2673ebb95b4,-0.060829185,0.033490214,0.011173964,0.0903544,-0.08676481,0
203,mvdec_dekm_consistent_v1,tiki_mvdec_dekm_consistent_v1_ccfbcd08db49_seed_42,ccfbcd08db49645649c885e212a7f2e0796a7bf3746d6b5f7b50f2673ebb95b4,0.15077184,0.034226414,0.061721735,0.18200406,-0.05237795,0
204,mvdec_dekm_consistent_v1,tiki_mvdec_dekm_consistent_v1_ccfbcd08db49_seed_42,ccfbcd08db49645649c885e212a7f2e0796a7bf3746d6b5f7b50f2673ebb95b4,-0.16592853,0.048548773,0.1511602,-0.6410506,0.3228785,3
205,mvdec_dekm_consistent_v1,tiki_mvdec_dekm_consistent_v1_ccfbcd08db49_seed_42,ccfbcd08db49645649c885e212a7f2e0796a7bf3746d6b5f7b50f2673ebb95b4,-0.067860365,0.06798242,0.08497298,0.16774441,0.05371514,0
206,mvdec_dekm_consistent_v1,tiki_mvdec_dekm_consistent_v1_ccfbcd08db49_seed_42,ccfbcd08db49645649c885e212a7f2e0796a7bf3746d6b5f7b50f2673ebb95b4,-0.05664877,0.09959553,0.026453042,-0.2764542,0.04404299,4
207,mvdec_dekm_consistent_v1,tiki_mvdec_dekm_consistent_v1_ccfbcd08db49_seed_42,ccfbcd08db49645649c885e212a7f2e0796a7bf3746d6b5f7b50f2673ebb95b4,-0.2967312,-0.29675648,0.10283099,-0.66383463,0.6727075,3
208,mvdec_dekm_consistent_v1,tiki_mvdec_dekm_consistent_v1_ccfbcd08db49_seed_42,ccfbcd08db49645649c885e212a7f2e0796a7bf3746d6b5f7b50f2673ebb95b4,0.00853169,-0.031726014,0.036070466,-0.20545478,0.02152954,4
209,mvdec_dekm_consistent_v1,tiki_mvdec_dekm_consistent_v1_ccfbcd08db49_seed_42,ccfbcd08db49645649c885e212a7f2e0796a7bf3746d6b5f7b50f2673ebb95b4,0.17231517,-0.30751088,-0.05303958,0.13275275,-0.20328729,2
210,mvdec_dekm_consistent_v1,tiki_mvdec_dekm_consistent_v1_ccfbcd08db49_seed_42,ccfbcd08db49645649c885e212a7f2e0796a7bf3746d6b5f7b50f2673ebb95b4,0.023103282,0.10988507,0.053535473,0.13346028,-0.0026186556,0
211,mvdec_dekm_consistent_v1,tiki_mvdec_dekm_consistent_v1_ccfbcd08db49_seed_42,ccfbcd08db49645649c885e212a7f2e0796a7bf3746d6b5f7b50f2673ebb95b4,-0.07229257,-0.0019878754,-0.059215695,0.07601553,-0.07598306,0
212,mvdec_dekm_consistent_v1,tiki_mvdec_dekm_consistent_v1_ccfbcd08db49_seed_42,ccfbcd08db49645649c885e212a7f2e0796a7bf3746d6b5f7b50f2673ebb95b4,0.10667426,-0.053277213,0.10988907,0.13844463,-0.15679781,2
213,mvdec_dekm_consistent_v1,tiki_mvdec_dekm_consistent_v1_ccfbcd08db49_seed_42,ccfbcd08db49645649c885e212a7f2e0796a7bf3746d6b5f7b50f2673ebb95b4,0.1892268,-0.26067817,0.087788016,0.05711928,-0.20164008,2
214,mvdec_dekm_consistent_v1,tiki_mvdec_dekm_consistent_v1_ccfbcd08db49_seed_42,ccfbcd08db49645649c885e212a7f2e0796a7bf3746d6b5f7b50f2673ebb95b4,0.047243793,0.16666271,0.018891808,0.24865606,0.008078117,0
215,mvdec_dekm_consistent_v1,tiki_mvdec_dekm_consistent_v1_ccfbcd08db49_seed_42,ccfbcd08db49645649c885e212a7f2e0796a7bf3746d6b5f7b50f2673ebb95b4,0.06844245,-0.024122756,0.12117168,-0.020257933,-0.05920744,2
216,mvdec_dekm_consistent_v1,tiki_mvdec_dekm_consistent_v1_ccfbcd08db49_seed_42,ccfbcd08db49645649c885e212a7f2e0796a7bf3746d6b5f7b50f2673ebb95b4,0.0063506044,0.16259573,0.20144056,-0.26132244,0.193636,4
217,mvdec_dekm_consistent_v1,tiki_mvdec_dekm_consistent_v1_ccfbcd08db49_seed_42,ccfbcd08db49645649c885e212a7f2e0796a7bf3746d6b5f7b50f2673ebb95b4,0.048729524,0.07329046,0.13044599,-0.34701222,0.06234686,4
218,mvdec_dekm_consistent_v1,tiki_mvdec_dekm_consistent_v1_ccfbcd08db49_seed_42,ccfbcd08db49645649c885e212a7f2e0796a7bf3746d6b5f7b50f2673ebb95b4,-0.16265917,0.19576977,0.030050084,0.04343185,0.06267124,0
219,mvdec_dekm_consistent_v1,tiki_mvdec_dekm_consistent_v1_ccfbcd08db49_seed_42,ccfbcd08db49645649c885e212a7f2e0796a7bf3746d6b5f7b50f2673ebb95b4,0.056204997,0.050621223,0.035340235,0.23757744,-0.045467477,0
220,mvdec_dekm_consistent_v1,tiki_mvdec_dekm_consistent_v1_ccfbcd08db49_seed_42,ccfbcd08db49645649c885e212a7f2e0796a7bf3746d6b5f7b50f2673ebb95b4,-0.008266488,0.061785255,0.04130486,0.17628288,0.0037647495,0
221,mvdec_dekm_consistent_v1,tiki_mvdec_dekm_consistent_v1_ccfbcd08db49_seed_42,ccfbcd08db49645649c885e212a7f2e0796a7bf3746d6b5f7b50f2673ebb95b4,0.014230161,0.0627086,-0.053303257,0.04412344,0.08870022,0
222,mvdec_dekm_consistent_v1,tiki_mvdec_dekm_consistent_v1_ccfbcd08db49_seed_42,ccfbcd08db49645649c885e212a7f2e0796a7bf3746d6b5f7b50f2673ebb95b4,0.10305373,-0.016178235,-0.012225017,0.158817,-0.1237786,2
223,mvdec_dekm_consistent_v1,tiki_mvdec_dekm_consistent_v1_ccfbcd08db49_seed_42,ccfbcd08db49645649c885e212a7f2e0796a7bf3746d6b5f7b50f2673ebb95b4,0.10366897,-0.026811885,-0.026765049,0.16523552,-0.13685058,2
224,mvdec_dekm_consistent_v1,tiki_mvdec_dekm_consistent_v1_ccfbcd08db49_seed_42,ccfbcd08db49645649c885e212a7f2e0796a7bf3746d6b5f7b50f2673ebb95b4,0.107191995,-0.20283046,0.089929834,0.06986207,-0.17756465,2
225,mvdec_dekm_consistent_v1,tiki_mvdec_dekm_consistent_v1_ccfbcd08db49_seed_42,ccfbcd08db49645649c885e212a7f2e0796a7bf3746d6b5f7b50f2673ebb95b4,0.08023535,-0.029649153,0.10706487,-0.029924966,-0.07064442,2
226,mvdec_dekm_consistent_v1,tiki_mvdec_dekm_consistent_v1_ccfbcd08db49_seed_42,ccfbcd08db49645649c885e212a7f2e0796a7bf3746d6b5f7b50f2673ebb95b4,0.16126594,-0.2596553,0.08762596,0.0587157,-0.22429991,2
227,mvdec_dekm_consistent_v1,tiki_mvdec_dekm_consistent_v1_ccfbcd08db49_seed_42,ccfbcd08db49645649c885e212a7f2e0796a7bf3746d6b5f7b50f2673ebb95b4,0.15902928,0.0023596324,-0.14803012,0.0069355965,0.11956998,0
228,mvdec_dekm_consistent_v1,tiki_mvdec_dekm_consistent_v1_ccfbcd08db49_seed_42,ccfbcd08db49645649c885e212a7f2e0796a7bf3746d6b5f7b50f2673ebb95b4,-0.05256279,0.22396877,0.08471391,0.15258741,0.16510366,0
229,mvdec_dekm_consistent_v1,tiki_mvdec_dekm_consistent_v1_ccfbcd08db49_seed_42,ccfbcd08db49645649c885e212a7f2e0796a7bf3746d6b5f7b50f2673ebb95b4,0.07627705,0.11689731,-0.0078119896,0.21247628,-0.04314453,0
230,mvdec_dekm_consistent_v1,tiki_mvdec_dekm_consistent_v1_ccfbcd08db49_seed_42,ccfbcd08db49645649c885e212a7f2e0796a7bf3746d6b5f7b50f2673ebb95b4,0.19274685,-0.27370852,0.15758196,0.101747006,-0.28412414,2
231,mvdec_dekm_consistent_v1,tiki_mvdec_dekm_consistent_v1_ccfbcd08db49_seed_42,ccfbcd08db49645649c885e212a7f2e0796a7bf3746d6b5f7b50f2673ebb95b4,0.019223172,0.23007482,0.15101194,0.046846077,0.20146766,0
232,mvdec_dekm_consistent_v1,tiki_mvdec_dekm_consistent_v1_ccfbcd08db49_seed_42,ccfbcd08db49645649c885e212a7f2e0796a7bf3746d6b5f7b50f2673ebb95b4,0.10454929,-0.024710469,0.02149885,-0.17070433,-0.031599253,2
233,mvdec_dekm_consistent_v1,tiki_mvdec_dekm_consistent_v1_ccfbcd08db49_seed_42,ccfbcd08db49645649c885e212a7f2e0796a7bf3746d6b5f7b50f2673ebb95b4,0.0387192,-0.033240013,0.16718183,0.03758877,-0.045822844,0
234,mvdec_dekm_consistent_v1,tiki_mvdec_dekm_consistent_v1_ccfbcd08db49_seed_42,ccfbcd08db49645649c885e212a7f2e0796a7bf3746d6b5f7b50f2673ebb95b4,0.07912208,-0.0029579364,0.12839054,-0.27190137,0.0790413,4
235,mvdec_dekm_consistent_v1,tiki_mvdec_dekm_consistent_v1_ccfbcd08db49_seed_42,ccfbcd08db49645649c885e212a7f2e0796a7bf3746d6b5f7b50f2673ebb95b4,-0.012288552,0.211589,0.07010272,-0.24396315,0.11314974,4
236,mvdec_dekm_consistent_v1,tiki_mvdec_dekm_consistent_v1_ccfbcd08db49_seed_42,ccfbcd08db49645649c885e212a7f2e0796a7bf3746d6b5f7b50f2673ebb95b4,-0.10218815,0.17239094,-0.023987442,-0.0902269,0.10492225,4
237,mvdec_dekm_consistent_v1,tiki_mvdec_dekm_consistent_v1_ccfbcd08db49_seed_42,ccfbcd08db49645649c885e212a7f2e0796a7bf3746d6b5f7b50f2673ebb95b4,0.04094905,-0.007902473,0.014170572,0.04530759,-0.034499347,0
238,mvdec_dekm_consistent_v1,tiki_mvdec_dekm_consistent_v1_ccfbcd08db49_seed_42,ccfbcd08db49645649c885e212a7f2e0796a7bf3746d6b5f7b50f2673ebb95b4,0.035583958,-0.112199366,-0.00755528,-0.14856401,-0.09605571,2
239,mvdec_dekm_consistent_v1,tiki_mvdec_dekm_consistent_v1_ccfbcd08db49_seed_42,ccfbcd08db49645649c885e212a7f2e0796a7bf3746d6b5f7b50f2673ebb95b4,-0.036528893,0.003039293,0.104164526,-0.17713103,0.06371075,4
240,mvdec_dekm_consistent_v1,tiki_mvdec_dekm_consistent_v1_ccfbcd08db49_seed_42,ccfbcd08db49645649c885e212a7f2e0796a7bf3746d6b5f7b50f2673ebb95b4,0.027105156,0.024926655,0.10065315,-0.32630497,0.043229915,4
241,mvdec_dekm_consistent_v1,tiki_mvdec_dekm_consistent_v1_ccfbcd08db49_seed_42,ccfbcd08db49645649c885e212a7f2e0796a7bf3746d6b5f7b50f2673ebb95b4,-0.06790312,0.11993716,0.08624536,0.20544474,0.10342091,0
242,mvdec_dekm_consistent_v1,tiki_mvdec_dekm_consistent_v1_ccfbcd08db49_seed_42,ccfbcd08db49645649c885e212a7f2e0796a7bf3746d6b5f7b50f2673ebb95b4,0.12556398,-0.25857338,0.025831904,0.061187476,-0.28302446,2
243,mvdec_dekm_consistent_v1,tiki_mvdec_dekm_consistent_v1_ccfbcd08db49_seed_42,ccfbcd08db49645649c885e212a7f2e0796a7bf3746d6b5f7b50f2673ebb95b4,0.09011219,0.057719216,0.05080109,0.15159616,-0.026982594,0
244,mvdec_dekm_consistent_v1,tiki_mvdec_dekm_consistent_v1_ccfbcd08db49_seed_42,ccfbcd08db49645649c885e212a7f2e0796a7bf3746d6b5f7b50f2673ebb95b4,0.12731571,-0.15162203,0.15548651,0.09673104,-0.18816935,2
245,mvdec_dekm_consistent_v1,tiki_mvdec_dekm_consistent_v1_ccfbcd08db49_seed_42,ccfbcd08db49645649c885e212a7f2e0796a7bf3746d6b5f7b50f2673ebb95b4,-0.013064948,0.06109278,-0.0063049197,0.10419697,-0.012833353,0
246,mvdec_dekm_consistent_v1,tiki_mvdec_dekm_consistent_v1_ccfbcd08db49_seed_42,ccfbcd08db49645649c885e212a7f2e0796a7bf3746d6b5f7b50f2673ebb95b4,0.018286288,0.04340694,0.03045534,0.181482,-0.06026928,0
247,mvdec_dekm_consistent_v1,tiki_mvdec_dekm_consistent_v1_ccfbcd08db49_seed_42,ccfbcd08db49645649c885e212a7f2e0796a7bf3746d6b5f7b50f2673ebb95b4,0.19567102,-0.26522052,-0.089402065,-0.15852082,0.07341728,2
248,mvdec_dekm_consistent_v1,tiki_mvdec_dekm_consistent_v1_ccfbcd08db49_seed_42,ccfbcd08db49645649c885e212a7f2e0796a7bf3746d6b5f7b50f2673ebb95b4,0.10372072,0.04355593,0.0025890842,-0.26304471,0.14117214,4
249,mvdec_dekm_consistent_v1,tiki_mvdec_dekm_consistent_v1_ccfbcd08db49_seed_42,ccfbcd08db49645649c885e212a7f2e0796a7bf3746d6b5f7b50f2673ebb95b4,-0.04228935,-0.05389418,-0.0069937333,-0.40539008,0.5469545,1
250,mvdec_dekm_consistent_v1,tiki_mvdec_dekm_consistent_v1_ccfbcd08db49_seed_42,ccfbcd08db49645649c885e212a7f2e0796a7bf3746d6b5f7b50f2673ebb95b4,0.31957424,0.05239916,-0.059806187,-0.3728162,0.6756401,1
251,mvdec_dekm_consistent_v1,tiki_mvdec_dekm_consistent_v1_ccfbcd08db49_seed_42,ccfbcd08db49645649c885e212a7f2e0796a7bf3746d6b5f7b50f2673ebb95b4,-0.0032732487,0.251089,0.03704901,0.18542936,0.012493208,0
252,mvdec_dekm_consistent_v1,tiki_mvdec_dekm_consistent_v1_ccfbcd08db49_seed_42,ccfbcd08db49645649c885e212a7f2e0796a7bf3746d6b5f7b50f2673ebb95b4,0.08664837,-0.021459177,-0.010143496,-0.21268006,-0.012384549,4
253,mvdec_dekm_consistent_v1,tiki_mvdec_dekm_consistent_v1_ccfbcd08db49_seed_42,ccfbcd08db49645649c885e212a7f2e0796a7bf3746d6b5f7b50f2673ebb95b4,0.19369406,-0.23231345,-0.022834666,0.11636576,-0.28680623,2
254,mvdec_dekm_consistent_v1,tiki_mvdec_dekm_consistent_v1_ccfbcd08db49_seed_42,ccfbcd08db49645649c885e212a7f2e0796a7bf3746d6b5f7b50f2673ebb95b4,0.07738817,-0.3150674,0.088828586,0.02239713,-0.23129722,2
255,mvdec_dekm_consistent_v1,tiki_mvdec_dekm_consistent_v1_ccfbcd08db49_seed_42,ccfbcd08db49645649c885e212a7f2e0796a7bf3746d6b5f7b50f2673ebb95b4,0.071262956,0.12050854,0.03618733,0.24416283,0.0010958072,0
256,mvdec_dekm_consistent_v1,tiki_mvdec_dekm_consistent_v1_ccfbcd08db49_seed_42,ccfbcd08db49645649c885e212a7f2e0796a7bf3746d6b5f7b50f2673ebb95b4,-0.04597148,0.0638855,0.060497157,0.09039417,0.015349176,0
257,mvdec_dekm_consistent_v1,tiki_mvdec_dekm_consistent_v1_ccfbcd08db49_seed_42,ccfbcd08db49645649c885e212a7f2e0796a7bf3746d6b5f7b50f2673ebb95b4,-0.05235417,0.15441775,0.008551031,-0.03965152,0.17152683,0
258,mvdec_dekm_consistent_v1,tiki_mvdec_dekm_consistent_v1_ccfbcd08db49_seed_42,ccfbcd08db49645649c885e212a7f2e0796a7bf3746d6b5f7b50f2673ebb95b4,0.11484641,-0.05441636,0.0464421,0.161308,-0.13542436,2
259,mvdec_dekm_consistent_v1,tiki_mvdec_dekm_consistent_v1_ccfbcd08db49_seed_42,ccfbcd08db49645649c885e212a7f2e0796a7bf3746d6b5f7b50f2673ebb95b4,0.25914693,-0.3455522,0.34472018,-0.1374355,-0.32069826,2
260,mvdec_dekm_consistent_v1,tiki_mvdec_dekm_consistent_v1_ccfbcd08db49_seed_42,ccfbcd08db49645649c885e212a7f2e0796a7bf3746d6b5f7b50f2673ebb95b4,-0.058249656,0.07738896,0.10259381,0.10651412,0.07632592,0
261,mvdec_dekm_consistent_v1,tiki_mvdec_dekm_consistent_v1_ccfbcd08db49_seed_42,ccfbcd08db49645649c885e212a7f2e0796a7bf3746d6b5f7b50f2673ebb95b4,-0.1662769,0.1349239,0.069077566,-0.09964025,0.12078126,4
262,mvdec_dekm_consistent_v1,tiki_mvdec_dekm_consistent_v1_ccfbcd08db49_seed_42,ccfbcd08db49645649c885e212a7f2e0796a7bf3746d6b5f7b50f2673ebb95b4,0.12971178,-0.19810848,0.079400845,0.080438584,-0.22935814,2
263,mvdec_dekm_consistent_v1,tiki_mvdec_dekm_consistent_v1_ccfbcd08db49_seed_42,ccfbcd08db49645649c885e212a7f2e0796a7bf3746d6b5f7b50f2673ebb95b4,0.005145547,0.06455372,0.04656709,0.24808022,-0.008575618,0
264,mvdec_dekm_consistent_v1,tiki_mvdec_dekm_consistent_v1_ccfbcd08db49_seed_42,ccfbcd08db49645649c885e212a7f2e0796a7bf3746d6b5f7b50f2673ebb95b4,-0.03336846,0.1435548,0.06994869,-0.2557381,0.13588889,4
265,mvdec_dekm_consistent_v1,tiki_mvdec_dekm_consistent_v1_ccfbcd08db49_seed_42,ccfbcd08db49645649c885e212a7f2e0796a7bf3746d6b5f7b50f2673ebb95b4,-0.053320985,0.13909183,-8.0525875e-05,0.13359168,-0.06506622,0
266,mvdec_dekm_consistent_v1,tiki_mvdec_dekm_consistent_v1_ccfbcd08db49_seed_42,ccfbcd08db49645649c885e212a7f2e0796a7bf3746d6b5f7b50f2673ebb95b4,0.019735977,0.06443053,-0.0058395714,0.15347801,-0.025339011,0
267,mvdec_dekm_consistent_v1,tiki_mvdec_dekm_consistent_v1_ccfbcd08db49_seed_42,ccfbcd08db49645649c885e212a7f2e0796a7bf3746d6b5f7b50f2673ebb95b4,-0.063437395,0.16809122,0.11014797,0.26771128,0.06463806,0
268,mvdec_dekm_consistent_v1,tiki_mvdec_dekm_consistent_v1_ccfbcd08db49_seed_42,ccfbcd08db49645649c885e212a7f2e0796a7bf3746d6b5f7b50f2673ebb95b4,0.06297393,0.15867913,-0.001783073,0.038604237,0.029067658,0
269,mvdec_dekm_consistent_v1,tiki_mvdec_dekm_consistent_v1_ccfbcd08db49_seed_42,ccfbcd08db49645649c885e212a7f2e0796a7bf3746d6b5f7b50f2673ebb95b4,-0.026319988,-0.06245426,0.026954614,-0.20268922,0.007627845,4
270,mvdec_dekm_consistent_v1,tiki_mvdec_dekm_consistent_v1_ccfbcd08db49_seed_42,ccfbcd08db49645649c885e212a7f2e0796a7bf3746d6b5f7b50f2673ebb95b4,0.016951121,0.15142563,0.13213637,-0.37396684,0.15532272,4
271,mvdec_dekm_consistent_v1,tiki_mvdec_dekm_consistent_v1_ccfbcd08db49_seed_42,ccfbcd08db49645649c885e212a7f2e0796a7bf3746d6b5f7b50f2673ebb95b4,0.07326884,-0.02453287,0.05610992,0.13521439,-0.10638992,2
272,mvdec_dekm_consistent_v1,tiki_mvdec_dekm_consistent_v1_ccfbcd08db49_seed_42,ccfbcd08db49645649c885e212a7f2e0796a7bf3746d6b5f7b50f2673ebb95b4,0.03138154,-0.04988712,0.0025103558,0.095866546,-0.13460682,2
273,mvdec_dekm_consistent_v1,tiki_mvdec_dekm_consistent_v1_ccfbcd08db49_seed_42,ccfbcd08db49645649c885e212a7f2e0796a7bf3746d6b5f7b50f2673ebb95b4,-0.11419736,0.1947225,0.17993699,-0.11651774,0.10165791,4
274,mvdec_dekm_consistent_v1,tiki_mvdec_dekm_consistent_v1_ccfbcd08db49_seed_42,ccfbcd08db49645649c885e212a7f2e0796a7bf3746d6b5f7b50f2673ebb95b4,-0.33073825,-0.29793382,0.102207795,-0.66740453,0.68790305,3
275,mvdec_dekm_consistent_v1,tiki_mvdec_dekm_consistent_v1_ccfbcd08db49_seed_42,ccfbcd08db49645649c885e212a7f2e0796a7bf3746d6b5f7b50f2673ebb95b4,0.18776785,-0.2969954,-0.046200734,0.039772272,0.058911398,2
276,mvdec_dekm_consistent_v1,tiki_mvdec_dekm_consistent_v1_ccfbcd08db49_seed_42,ccfbcd08db49645649c885e212a7f2e0796a7bf3746d6b5f7b50f2673ebb95b4,-0.088705175,0.15431665,0.037859567,0.19142248,0.060293034,0
277,mvdec_dekm_consistent_v1,tiki_mvdec_dekm_consistent_v1_ccfbcd08db49_seed_42,ccfbcd08db49645649c885e212a7f2e0796a7bf3746d6b5f7b50f2673ebb95b4,-0.08245876,0.14515069,0.06535427,0.19479342,0.017088488,0
278,mvdec_dekm_consistent_v1,tiki_mvdec_dekm_consistent_v1_ccfbcd08db49_seed_42,ccfbcd08db49645649c885e212a7f2e0796a7bf3746d6b5f7b50f2673ebb95b4,0.0007809475,-0.016157173,0.045596898,0.19784063,-0.0064717606,0
279,mvdec_dekm_consistent_v1,tiki_mvdec_dekm_consistent_v1_ccfbcd08db49_seed_42,ccfbcd08db49645649c885e212a7f2e0796a7bf3746d6b5f7b50f2673ebb95b4,0.028485052,0.17593661,0.21200794,0.05371937,0.055906937,0
280,mvdec_dekm_consistent_v1,tiki_mvdec_dekm_consistent_v1_ccfbcd08db49_seed_42,ccfbcd08db49645649c885e212a7f2e0796a7bf3746d6b5f7b50f2673ebb95b4,-0.045343217,0.066252604,0.12005928,0.18861075,0.003212398,0
281,mvdec_dekm_consistent_v1,tiki_mvdec_dekm_consistent_v1_ccfbcd08db49_seed_42,ccfbcd08db49645649c885e212a7f2e0796a7bf3746d6b5f7b50f2673ebb95b4,-0.041691206,0.24669123,0.011359572,0.10307068,0.08442621,0
282,mvdec_dekm_consistent_v1,tiki_mvdec_dekm_consistent_v1_ccfbcd08db49_seed_42,ccfbcd08db49645649c885e212a7f2e0796a7bf3746d6b5f7b50f2673ebb95b4,-0.018917028,0.15724643,0.0006800294,-0.056987643,0.18727084,4
283,mvdec_dekm_consistent_v1,tiki_mvdec_dekm_consistent_v1_ccfbcd08db49_seed_42,ccfbcd08db49645649c885e212a7f2e0796a7bf3746d6b5f7b50f2673ebb95b4,0.054399878,-0.060609896,-0.008004184,0.11323154,-0.1656578,2
284,mvdec_dekm_consistent_v1,tiki_mvdec_dekm_consistent_v1_ccfbcd08db49_seed_42,ccfbcd08db49645649c885e212a7f2e0796a7bf3746d6b5f7b50f2673ebb95b4,0.016633693,-0.13341886,0.04530216,-0.119336784,-0.060652383,2
285,mvdec_dekm_consistent_v1,tiki_mvdec_dekm_consistent_v1_ccfbcd08db49_seed_42,ccfbcd08db49645649c885e212a7f2e0796a7bf3746d6b5f7b50f2673ebb95b4,0.52962273,-0.3320048,-0.05917016,-0.0012419894,-0.06911601,2
286,mvdec_dekm_consistent_v1,tiki_mvdec_dekm_consistent_v1_ccfbcd08db49_seed_42,ccfbcd08db49645649c885e212a7f2e0796a7bf3746d6b5f7b50f2673ebb95b4,-0.038162448,0.10159874,0.058730874,0.2149953,-0.01425519,0
287,mvdec_dekm_consistent_v1,tiki_mvdec_dekm_consistent_v1_ccfbcd08db49_seed_42,ccfbcd08db49645649c885e212a7f2e0796a7bf3746d6b5f7b50f2673ebb95b4,0.0005667601,-0.03827583,0.05694502,-0.038816698,0.07182489,0
288,mvdec_dekm_consistent_v1,tiki_mvdec_dekm_consistent_v1_ccfbcd08db49_seed_42,ccfbcd08db49645649c885e212a7f2e0796a7bf3746d6b5f7b50f2673ebb95b4,-0.05788985,0.08455299,0.03518805,0.14517105,-0.039333276,0
289,mvdec_dekm_consistent_v1,tiki_mvdec_dekm_consistent_v1_ccfbcd08db49_seed_42,ccfbcd08db49645649c885e212a7f2e0796a7bf3746d6b5f7b50f2673ebb95b4,-0.25565416,-0.14145625,0.05301822,-0.57496524,0.502092,3
290,mvdec_dekm_consistent_v1,tiki_mvdec_dekm_consistent_v1_ccfbcd08db49_seed_42,ccfbcd08db49645649c885e212a7f2e0796a7bf3746d6b5f7b50f2673ebb95b4,-0.05021385,0.08632608,0.06882305,0.22819644,0.081162795,0
291,mvdec_dekm_consistent_v1,tiki_mvdec_dekm_consistent_v1_ccfbcd08db49_seed_42,ccfbcd08db49645649c885e212a7f2e0796a7bf3746d6b5f7b50f2673ebb95b4,-0.009070065,0.2536206,-0.007398121,-0.028454866,0.09340868,0
292,mvdec_dekm_consistent_v1,tiki_mvdec_dekm_consistent_v1_ccfbcd08db49_seed_42,ccfbcd08db49645649c885e212a7f2e0796a7bf3746d6b5f7b50f2673ebb95b4,-0.10651449,0.14387846,0.039710432,0.112627864,0.036672547,0
293,mvdec_dekm_consistent_v1,tiki_mvdec_dekm_consistent_v1_ccfbcd08db49_seed_42,ccfbcd08db49645649c885e212a7f2e0796a7bf3746d6b5f7b50f2673ebb95b4,-0.068644434,0.18573406,0.014136322,0.1730501,0.062468395,0
294,mvdec_dekm_consistent_v1,tiki_mvdec_dekm_consistent_v1_ccfbcd08db49_seed_42,ccfbcd08db49645649c885e212a7f2e0796a7bf3746d6b5f7b50f2673ebb95b4,-0.016927104,0.08669478,0.04451456,0.214211,-0.00473373,0
295,mvdec_dekm_consistent_v1,tiki_mvdec_dekm_consistent_v1_ccfbcd08db49_seed_42,ccfbcd08db49645649c885e212a7f2e0796a7bf3746d6b5f7b50f2673ebb95b4,0.04981681,0.010094479,0.023471192,0.15276775,-0.11542885,0
296,mvdec_dekm_consistent_v1,tiki_mvdec_dekm_consistent_v1_ccfbcd08db49_seed_42,ccfbcd08db49645649c885e212a7f2e0796a7bf3746d6b5f7b50f2673ebb95b4,-0.0023692222,-0.028815977,0.068737514,0.14670187,-0.07945289,0
297,mvdec_dekm_consistent_v1,tiki_mvdec_dekm_consistent_v1_ccfbcd08db49_seed_42,ccfbcd08db49645649c885e212a7f2e0796a7bf3746d6b5f7b50f2673ebb95b4,0.051646113,-0.0071443245,0.11976428,-0.050116323,-0.044225372,2
298,mvdec_dekm_consistent_v1,tiki_mvdec_dekm_consistent_v1_ccfbcd08db49_seed_42,ccfbcd08db49645649c885e212a7f2e0796a7bf3746d6b5f7b50f2673ebb95b4,-0.030659072,0.05329791,-0.040327996,0.13744587,-0.021151133,0
299,mvdec_dekm_consistent_v1,tiki_mvdec_dekm_consistent_v1_ccfbcd08db49_seed_42,ccfbcd08db49645649c885e212a7f2e0796a7bf3746d6b5f7b50f2673ebb95b4,0.09566659,-0.22815272,0.018843435,0.061184525,-0.19432831,2
300,mvdec_dekm_consistent_v1,tiki_mvdec_dekm_consistent_v1_ccfbcd08db49_seed_42,ccfbcd08db49645649c885e212a7f2e0796a7bf3746d6b5f7b50f2673ebb95b4,0.0361186,-0.12596324,0.066088974,-0.1027651,-0.06294547,2
301,mvdec_dekm_consistent_v1,tiki_mvdec_dekm_consistent_v1_ccfbcd08db49_seed_42,ccfbcd08db49645649c885e212a7f2e0796a7bf3746d6b5f7b50f2673ebb95b4,-0.009437477,-0.024651706,0.27432576,0.008651033,-0.056057226,0
302,mvdec_dekm_consistent_v1,tiki_mvdec_dekm_consistent_v1_ccfbcd08db49_seed_42,ccfbcd08db49645649c885e212a7f2e0796a7bf3746d6b5f7b50f2673ebb95b4,-0.07685685,0.043597195,0.03477978,0.13029446,0.0049862824,0
303,mvdec_dekm_consistent_v1,tiki_mvdec_dekm_consistent_v1_ccfbcd08db49_seed_42,ccfbcd08db49645649c885e212a7f2e0796a7bf3746d6b5f7b50f2673ebb95b4,0.18165842,-0.24070428,-0.024663117,0.12590753,-0.27996984,2
304,mvdec_dekm_consistent_v1,tiki_mvdec_dekm_consistent_v1_ccfbcd08db49_seed_42,ccfbcd08db49645649c885e212a7f2e0796a7bf3746d6b5f7b50f2673ebb95b4,-0.0392871,0.05248052,0.09904225,-0.17917305,0.025283039,4
305,mvdec_dekm_consistent_v1,tiki_mvdec_dekm_consistent_v1_ccfbcd08db49_seed_42,ccfbcd08db49645649c885e212a7f2e0796a7bf3746d6b5f7b50f2673ebb95b4,0.037399225,0.09341359,0.16521677,-0.30882955,0.03856714,4
306,mvdec_dekm_consistent_v1,tiki_mvdec_dekm_consistent_v1_ccfbcd08db49_seed_42,ccfbcd08db49645649c885e212a7f2e0796a7bf3746d6b5f7b50f2673ebb95b4,0.0008245278,0.1334471,0.098776095,0.17123939,0.026607513,0
307,mvdec_dekm_consistent_v1,tiki_mvdec_dekm_consistent_v1_ccfbcd08db49_seed_42,ccfbcd08db49645649c885e212a7f2e0796a7bf3746d6b5f7b50f2673ebb95b4,0.10080236,-0.018335026,0.089091405,-0.29038167,-0.06201464,4
308,mvdec_dekm_consistent_v1,tiki_mvdec_dekm_consistent_v1_ccfbcd08db49_seed_42,ccfbcd08db49645649c885e212a7f2e0796a7bf3746d6b5f7b50f2673ebb95b4,-0.03618426,0.1646629,0.018425975,-0.0054998156,0.073462956,0
309,mvdec_dekm_consistent_v1,tiki_mvdec_dekm_consistent_v1_ccfbcd08db49_seed_42,ccfbcd08db49645649c885e212a7f2e0796a7bf3746d6b5f7b50f2673ebb95b4,-0.017954938,0.13682193,0.1323009,-0.13853014,0.07972048,4
310,mvdec_dekm_consistent_v1,tiki_mvdec_dekm_consistent_v1_ccfbcd08db49_seed_42,ccfbcd08db49645649c885e212a7f2e0796a7bf3746d6b5f7b50f2673ebb95b4,0.1682211,-0.015016325,-0.06275812,-0.4396599,0.62702316,1
311,mvdec_dekm_consistent_v1,tiki_mvdec_dekm_consistent_v1_ccfbcd08db49_seed_42,ccfbcd08db49645649c885e212a7f2e0796a7bf3746d6b5f7b50f2673ebb95b4,0.07036728,-0.21517722,-0.033660367,0.04084918,-0.2004618,2
312,mvdec_dekm_consistent_v1,tiki_mvdec_dekm_consistent_v1_ccfbcd08db49_seed_42,ccfbcd08db49645649c885e212a7f2e0796a7bf3746d6b5f7b50f2673ebb95b4,0.05687768,0.16970402,0.03886099,0.10618818,0.023703888,0
313,mvdec_dekm_consistent_v1,tiki_mvdec_dekm_consistent_v1_ccfbcd08db49_seed_42,ccfbcd08db49645649c885e212a7f2e0796a7bf3746d6b5f7b50f2673ebb95b4,0.055940457,0.039762884,0.022333976,0.17014275,-0.048913628,0
314,mvdec_dekm_consistent_v1,tiki_mvdec_dekm_consistent_v1_ccfbcd08db49_seed_42,ccfbcd08db49645649c885e212a7f2e0796a7bf3746d6b5f7b50f2673ebb95b4,0.015150994,0.05956541,-0.005017258,0.13949233,-0.04130347,0
315,mvdec_dekm_consistent_v1,tiki_mvdec_dekm_consistent_v1_ccfbcd08db49_seed_42,ccfbcd08db49645649c885e212a7f2e0796a7bf3746d6b5f7b50f2673ebb95b4,0.032859918,-0.06919251,0.07682131,-0.10343249,-0.06539265,2
316,mvdec_dekm_consistent_v1,tiki_mvdec_dekm_consistent_v1_ccfbcd08db49_seed_42,ccfbcd08db49645649c885e212a7f2e0796a7bf3746d6b5f7b50f2673ebb95b4,0.092368856,0.10684684,0.11960661,-0.06422578,0.024846956,0
317,mvdec_dekm_consistent_v1,tiki_mvdec_dekm_consistent_v1_ccfbcd08db49_seed_42,ccfbcd08db49645649c885e212a7f2e0796a7bf3746d6b5f7b50f2673ebb95b4,0.19117197,-0.19041137,0.13608766,0.12008829,-0.2267529,2
318,mvdec_dekm_consistent_v1,tiki_mvdec_dekm_consistent_v1_ccfbcd08db49_seed_42,ccfbcd08db49645649c885e212a7f2e0796a7bf3746d6b5f7b50f2673ebb95b4,-0.0522826,-0.02311515,0.031102156,0.11303611,-0.042603254,0
319,mvdec_dekm_consistent_v1,tiki_mvdec_dekm_consistent_v1_ccfbcd08db49_seed_42,ccfbcd08db49645649c885e212a7f2e0796a7bf3746d6b5f7b50f2673ebb95b4,0.053190846,0.029212885,0.002492778,0.18319741,-0.057629425,0
320,mvdec_dekm_consistent_v1,tiki_mvdec_dekm_consistent_v1_ccfbcd08db49_seed_42,ccfbcd08db49645649c885e212a7f2e0796a7bf3746d6b5f7b50f2673ebb95b4,0.061217885,0.07938877,0.024307963,0.19483657,-0.005867582,0
321,mvdec_dekm_consistent_v1,tiki_mvdec_dekm_consistent_v1_ccfbcd08db49_seed_42,ccfbcd08db49645649c885e212a7f2e0796a7bf3746d6b5f7b50f2673ebb95b4,0.037156764,0.19593987,0.0011629164,0.118385,-0.008972086,0
322,mvdec_dekm_consistent_v1,tiki_mvdec_dekm_consistent_v1_ccfbcd08db49_seed_42,ccfbcd08db49645649c885e212a7f2e0796a7bf3746d6b5f7b50f2673ebb95b4,0.07188885,-0.09787072,0.13512525,-0.7223124,0.6754067,3
323,mvdec_dekm_consistent_v1,tiki_mvdec_dekm_consistent_v1_ccfbcd08db49_seed_42,ccfbcd08db49645649c885e212a7f2e0796a7bf3746d6b5f7b50f2673ebb95b4,-0.013034026,0.08682054,0.061769195,0.25277936,-0.018910278,0
324,mvdec_dekm_consistent_v1,tiki_mvdec_dekm_consistent_v1_ccfbcd08db49_seed_42,ccfbcd08db49645649c885e212a7f2e0796a7bf3746d6b5f7b50f2673ebb95b4,0.08510166,0.1196647,0.061914816,0.15934236,0.0017838813,0
325,mvdec_dekm_consistent_v1,tiki_mvdec_dekm_consistent_v1_ccfbcd08db49_seed_42,ccfbcd08db49645649c885e212a7f2e0796a7bf3746d6b5f7b50f2673ebb95b4,0.106864385,-0.19400333,0.014395706,0.07546127,-0.22284737,2
326,mvdec_dekm_consistent_v1,tiki_mvdec_dekm_consistent_v1_ccfbcd08db49_seed_42,ccfbcd08db49645649c885e212a7f2e0796a7bf3746d6b5f7b50f2673ebb95b4,0.019714367,0.014236443,0.025024459,-0.21903175,-0.005325854,4
327,mvdec_dekm_consistent_v1,tiki_mvdec_dekm_consistent_v1_ccfbcd08db49_seed_42,ccfbcd08db49645649c885e212a7f2e0796a7bf3746d6b5f7b50f2673ebb95b4,0.2011748,-0.26302516,-0.27034605,-0.030140325,0.12709503,2
328,mvdec_dekm_consistent_v1,tiki_mvdec_dekm_consistent_v1_ccfbcd08db49_seed_42,ccfbcd08db49645649c885e212a7f2e0796a7bf3746d6b5f7b50f2673ebb95b4,0.022366356,0.102454275,0.050382297,-0.2317959,0.045680158,4
329,mvdec_dekm_consistent_v1,tiki_mvdec_dekm_consistent_v1_ccfbcd08db49_seed_42,ccfbcd08db49645649c885e212a7f2e0796a7bf3746d6b5f7b50f2673ebb95b4,-0.032897245,0.14193805,0.050590504,0.236231,0.031530112,0
330,mvdec_dekm_consistent_v1,tiki_mvdec_dekm_consistent_v1_ccfbcd08db49_seed_42,ccfbcd08db49645649c885e212a7f2e0796a7bf3746d6b5f7b50f2673ebb95b4,-0.104840025,0.028053604,0.038092628,0.1250246,0.016013458,0
331,mvdec_dekm_consistent_v1,tiki_mvdec_dekm_consistent_v1_ccfbcd08db49_seed_42,ccfbcd08db49645649c885e212a7f2e0796a7bf3746d6b5f7b50f2673ebb95b4,-0.06216407,-0.061638795,0.0053309053,-0.5131556,0.5235619,3
332,mvdec_dekm_consistent_v1,tiki_mvdec_dekm_consistent_v1_ccfbcd08db49_seed_42,ccfbcd08db49645649c885e212a7f2e0796a7bf3746d6b5f7b50f2673ebb95b4,0.038420442,0.013531824,0.082317874,0.1695093,-0.06684912,0
333,mvdec_dekm_consistent_v1,tiki_mvdec_dekm_consistent_v1_ccfbcd08db49_seed_42,ccfbcd08db49645649c885e212a7f2e0796a7bf3746d6b5f7b50f2673ebb95b4,-0.11860561,0.12809809,0.08271195,0.19234979,0.062289976,0
334,mvdec_dekm_consistent_v1,tiki_mvdec_dekm_consistent_v1_ccfbcd08db49_seed_42,ccfbcd08db49645649c885e212a7f2e0796a7bf3746d6b5f7b50f2673ebb95b4,0.12457135,0.0047155395,0.07047131,-0.08870589,-0.0535328,2
335,mvdec_dekm_consistent_v1,tiki_mvdec_dekm_consistent_v1_ccfbcd08db49_seed_42,ccfbcd08db49645649c885e212a7f2e0796a7bf3746d6b5f7b50f2673ebb95b4,-0.08036742,0.18964876,0.19591565,-0.5321579,0.15887162,4
336,mvdec_dekm_consistent_v1,tiki_mvdec_dekm_consistent_v1_ccfbcd08db49_seed_42,ccfbcd08db49645649c885e212a7f2e0796a7bf3746d6b5f7b50f2673ebb95b4,-0.05741208,0.099488854,0.031579945,0.005694884,0.05783792,0
337,mvdec_dekm_consistent_v1,tiki_mvdec_dekm_consistent_v1_ccfbcd08db49_seed_42,ccfbcd08db49645649c885e212a7f2e0796a7bf3746d6b5f7b50f2673ebb95b4,0.05240212,-0.13848156,-0.008166843,0.071541905,-0.18124409,2
338,mvdec_dekm_consistent_v1,tiki_mvdec_dekm_consistent_v1_ccfbcd08db49_seed_42,ccfbcd08db49645649c885e212a7f2e0796a7bf3746d6b5f7b50f2673ebb95b4,0.08235078,0.03749351,0.20067601,-0.21165167,0.1618859,4
339,mvdec_dekm_consistent_v1,tiki_mvdec_dekm_consistent_v1_ccfbcd08db49_seed_42,ccfbcd08db49645649c885e212a7f2e0796a7bf3746d6b5f7b50f2673ebb95b4,0.17629579,0.19812867,0.066265054,-0.36320207,0.26355135,4
340,mvdec_dekm_consistent_v1,tiki_mvdec_dekm_consistent_v1_ccfbcd08db49_seed_42,ccfbcd08db49645649c885e212a7f2e0796a7bf3746d6b5f7b50f2673ebb95b4,0.020004217,0.18045016,0.095869094,-0.41344106,0.13023417,4
341,mvdec_dekm_consistent_v1,tiki_mvdec_dekm_consistent_v1_ccfbcd08db49_seed_42,ccfbcd08db49645649c885e212a7f2e0796a7bf3746d6b5f7b50f2673ebb95b4,-0.19134933,0.10228063,0.08715907,-0.040824994,0.1094373,0
342,mvdec_dekm_consistent_v1,tiki_mvdec_dekm_consistent_v1_ccfbcd08db49_seed_42,ccfbcd08db49645649c885e212a7f2e0796a7bf3746d6b5f7b50f2673ebb95b4,-0.06351811,0.222096,0.006476566,0.16328579,0.010260891,0
343,mvdec_dekm_consistent_v1,tiki_mvdec_dekm_consistent_v1_ccfbcd08db49_seed_42,ccfbcd08db49645649c885e212a7f2e0796a7bf3746d6b5f7b50f2673ebb95b4,-0.017121103,0.059643388,-0.0013814196,0.15098646,-0.04847656,0
344,mvdec_dekm_consistent_v1,tiki_mvdec_dekm_consistent_v1_ccfbcd08db49_seed_42,ccfbcd08db49645649c885e212a7f2e0796a7bf3746d6b5f7b50f2673ebb95b4,-0.09149295,0.04271909,0.11653091,0.14357069,-0.00040952116,0
345,mvdec_dekm_consistent_v1,tiki_mvdec_dekm_consistent_v1_ccfbcd08db49_seed_42,ccfbcd08db49645649c885e212a7f2e0796a7bf3746d6b5f7b50f2673ebb95b4,-0.058279373,-0.0033963546,0.051479027,0.12904163,0.041901253,0
346,mvdec_dekm_consistent_v1,tiki_mvdec_dekm_consistent_v1_ccfbcd08db49_seed_42,ccfbcd08db49645649c885e212a7f2e0796a7bf3746d6b5f7b50f2673ebb95b4,0.07831204,0.13256761,0.0321471,0.2343514,0.03567908,0
347,mvdec_dekm_consistent_v1,tiki_mvdec_dekm_consistent_v1_ccfbcd08db49_seed_42,ccfbcd08db49645649c885e212a7f2e0796a7bf3746d6b5f7b50f2673ebb95b4,-0.07732771,0.1043518,-0.0014142767,-0.046927918,0.0028119087,0
348,mvdec_dekm_consistent_v1,tiki_mvdec_dekm_consistent_v1_ccfbcd08db49_seed_42,ccfbcd08db49645649c885e212a7f2e0796a7bf3746d6b5f7b50f2673ebb95b4,0.058216397,-0.062100746,0.1388985,0.04917337,-0.10550117,2
349,mvdec_dekm_consistent_v1,tiki_mvdec_dekm_consistent_v1_ccfbcd08db49_seed_42,ccfbcd08db49645649c885e212a7f2e0796a7bf3746d6b5f7b50f2673ebb95b4,0.04847269,-0.06643424,-0.034174867,-0.20094407,-0.043177962,2
350,mvdec_dekm_consistent_v1,tiki_mvdec_dekm_consistent_v1_ccfbcd08db49_seed_42,ccfbcd08db49645649c885e212a7f2e0796a7bf3746d6b5f7b50f2673ebb95b4,0.027702358,-0.06161833,-0.10323583,0.04164384,-0.077650994,2
351,mvdec_dekm_consistent_v1,tiki_mvdec_dekm_consistent_v1_ccfbcd08db49_seed_42,ccfbcd08db49645649c885e212a7f2e0796a7bf3746d6b5f7b50f2673ebb95b4,-0.10276781,0.05661515,0.05712813,0.027350485,0.07972181,0
352,mvdec_dekm_consistent_v1,tiki_mvdec_dekm_consistent_v1_ccfbcd08db49_seed_42,ccfbcd08db49645649c885e212a7f2e0796a7bf3746d6b5f7b50f2673ebb95b4,-0.043961573,0.019542374,0.09509885,0.16580424,-0.024221618,0
353,mvdec_dekm_consistent_v1,tiki_mvdec_dekm_consistent_v1_ccfbcd08db49_seed_42,ccfbcd08db49645649c885e212a7f2e0796a7bf3746d6b5f7b50f2673ebb95b4,-0.11849514,0.06893675,0.14432302,0.12727419,0.095453836,0
354,mvdec_dekm_consistent_v1,tiki_mvdec_dekm_consistent_v1_ccfbcd08db49_seed_42,ccfbcd08db49645649c885e212a7f2e0796a7bf3746d6b5f7b50f2673ebb95b4,0.0430664,0.1809085,0.046296045,0.002410639,0.25848773,0
355,mvdec_dekm_consistent_v1,tiki_mvdec_dekm_consistent_v1_ccfbcd08db49_seed_42,ccfbcd08db49645649c885e212a7f2e0796a7bf3746d6b5f7b50f2673ebb95b4,0.07252204,0.14512198,0.02346921,0.13908601,0.02086465,0
356,mvdec_dekm_consistent_v1,tiki_mvdec_dekm_consistent_v1_ccfbcd08db49_seed_42,ccfbcd08db49645649c885e212a7f2e0796a7bf3746d6b5f7b50f2673ebb95b4,-0.043977346,0.042151824,0.13731644,-0.117390126,0.07927427,4
357,mvdec_dekm_consistent_v1,tiki_mvdec_dekm_consistent_v1_ccfbcd08db49_seed_42,ccfbcd08db49645649c885e212a7f2e0796a7bf3746d6b5f7b50f2673ebb95b4,-0.019179748,0.07988544,0.10135771,0.16807705,0.023408856,0
358,mvdec_dekm_consistent_v1,tiki_mvdec_dekm_consistent_v1_ccfbcd08db49_seed_42,ccfbcd08db49645649c885e212a7f2e0796a7bf3746d6b5f7b50f2673ebb95b4,-0.17098078,0.18010157,0.0021564066,0.050307274,0.064230114,0
359,mvdec_dekm_consistent_v1,tiki_mvdec_dekm_consistent_v1_ccfbcd08db49_seed_42,ccfbcd08db49645649c885e212a7f2e0796a7bf3746d6b5f7b50f2673ebb95b4,-0.18258058,0.054514535,0.21881981,-0.3505657,0.2252346,4
360,mvdec_dekm_consistent_v1,tiki_mvdec_dekm_consistent_v1_ccfbcd08db49_seed_42,ccfbcd08db49645649c885e212a7f2e0796a7bf3746d6b5f7b50f2673ebb95b4,-0.009359512,0.031358395,0.16273335,0.16373698,-0.06522757,0
361,mvdec_dekm_consistent_v1,tiki_mvdec_dekm_consistent_v1_ccfbcd08db49_seed_42,ccfbcd08db49645649c885e212a7f2e0796a7bf3746d6b5f7b50f2673ebb95b4,-0.0129799135,0.15096468,0.041968003,0.19369219,-0.013362924,0
362,mvdec_dekm_consistent_v1,tiki_mvdec_dekm_consistent_v1_ccfbcd08db49_seed_42,ccfbcd08db49645649c885e212a7f2e0796a7bf3746d6b5f7b50f2673ebb95b4,0.16249329,-0.16215424,-0.11464463,0.041481465,-0.1729154,2
363,mvdec_dekm_consistent_v1,tiki_mvdec_dekm_consistent_v1_ccfbcd08db49_seed_42,ccfbcd08db49645649c885e212a7f2e0796a7bf3746d6b5f7b50f2673ebb95b4,0.09407501,-0.07980617,0.03990867,0.15345678,-0.1549562,2
364,mvdec_dekm_consistent_v1,tiki_mvdec_dekm_consistent_v1_ccfbcd08db49_seed_42,ccfbcd08db49645649c885e212a7f2e0796a7bf3746d6b5f7b50f2673ebb95b4,-0.007255605,-0.0008446947,0.059769407,0.09645875,0.03534402,0
365,mvdec_dekm_consistent_v1,tiki_mvdec_dekm_consistent_v1_ccfbcd08db49_seed_42,ccfbcd08db49645649c885e212a7f2e0796a7bf3746d6b5f7b50f2673ebb95b4,0.14793676,-0.019702118,0.10930447,0.017891075,-0.07713295,2
366,mvdec_dekm_consistent_v1,tiki_mvdec_dekm_consistent_v1_ccfbcd08db49_seed_42,ccfbcd08db49645649c885e212a7f2e0796a7bf3746d6b5f7b50f2673ebb95b4,0.0072943605,0.20408066,0.10283223,-0.41717726,0.14378563,4
367,mvdec_dekm_consistent_v1,tiki_mvdec_dekm_consistent_v1_ccfbcd08db49_seed_42,ccfbcd08db49645649c885e212a7f2e0796a7bf3746d6b5f7b50f2673ebb95b4,-0.069854416,0.094599925,0.0771843,0.20034507,0.026733378,0
368,mvdec_dekm_consistent_v1,tiki_mvdec_dekm_consistent_v1_ccfbcd08db49_seed_42,ccfbcd08db49645649c885e212a7f2e0796a7bf3746d6b5f7b50f2673ebb95b4,0.0660052,0.027661044,0.28565866,-0.008128999,-0.07216903,0
369,mvdec_dekm_consistent_v1,tiki_mvdec_dekm_consistent_v1_ccfbcd08db49_seed_42,ccfbcd08db49645649c885e212a7f2e0796a7bf3746d6b5f7b50f2673ebb95b4,-0.076371506,0.24907103,7.852912e-06,0.1541357,0.096407935,0
370,mvdec_dekm_consistent_v1,tiki_mvdec_dekm_consistent_v1_ccfbcd08db49_seed_42,ccfbcd08db49645649c885e212a7f2e0796a7bf3746d6b5f7b50f2673ebb95b4,0.055333156,0.08073135,0.033096924,0.2228551,-0.022031434,0
371,mvdec_dekm_consistent_v1,tiki_mvdec_dekm_consistent_v1_ccfbcd08db49_seed_42,ccfbcd08db49645649c885e212a7f2e0796a7bf3746d6b5f7b50f2673ebb95b4,0.08201525,0.12823738,0.084995344,0.18712589,0.0037031062,0
372,mvdec_dekm_consistent_v1,tiki_mvdec_dekm_consistent_v1_ccfbcd08db49_seed_42,ccfbcd08db49645649c885e212a7f2e0796a7bf3746d6b5f7b50f2673ebb95b4,0.17636973,-0.22319166,-0.092101865,0.10835676,-0.2240653,2
373,mvdec_dekm_consistent_v1,tiki_mvdec_dekm_consistent_v1_ccfbcd08db49_seed_42,ccfbcd08db49645649c885e212a7f2e0796a7bf3746d6b5f7b50f2673ebb95b4,0.010763526,0.1695794,0.08757333,-0.20771511,0.09437478,4
374,mvdec_dekm_consistent_v1,tiki_mvdec_dekm_consistent_v1_ccfbcd08db49_seed_42,ccfbcd08db49645649c885e212a7f2e0796a7bf3746d6b5f7b50f2673ebb95b4,0.03789483,0.14118001,0.0859586,0.14096197,0.24076352,0
375,mvdec_dekm_consistent_v1,tiki_mvdec_dekm_consistent_v1_ccfbcd08db49_seed_42,ccfbcd08db49645649c885e212a7f2e0796a7bf3746d6b5f7b50f2673ebb95b4,0.08217831,0.26044568,0.2553578,-0.47649866,0.13974908,4
376,mvdec_dekm_consistent_v1,tiki_mvdec_dekm_consistent_v1_ccfbcd08db49_seed_42,ccfbcd08db49645649c885e212a7f2e0796a7bf3746d6b5f7b50f2673ebb95b4,-0.14685027,0.16934857,0.032336324,0.03578585,0.111204654,0
377,mvdec_dekm_consistent_v1,tiki_mvdec_dekm_consistent_v1_ccfbcd08db49_seed_42,ccfbcd08db49645649c885e212a7f2e0796a7bf3746d6b5f7b50f2673ebb95b4,-0.0051015206,0.14308625,0.05267183,-0.24006,0.052957393,4
378,mvdec_dekm_consistent_v1,tiki_mvdec_dekm_consistent_v1_ccfbcd08db49_seed_42,ccfbcd08db49645649c885e212a7f2e0796a7bf3746d6b5f7b50f2673ebb95b4,-0.07183957,0.14977336,0.037582025,-0.005864934,0.09011727,0
379,mvdec_dekm_consistent_v1,tiki_mvdec_dekm_consistent_v1_ccfbcd08db49_seed_42,ccfbcd08db49645649c885e212a7f2e0796a7bf3746d6b5f7b50f2673ebb95b4,0.2608208,-0.19299045,-0.103128105,0.024302118,-0.13354316,2
380,mvdec_dekm_consistent_v1,tiki_mvdec_dekm_consistent_v1_ccfbcd08db49_seed_42,ccfbcd08db49645649c885e212a7f2e0796a7bf3746d6b5f7b50f2673ebb95b4,-0.12915629,0.06913981,0.05792676,0.1293424,-0.050357156,0
381,mvdec_dekm_consistent_v1,tiki_mvdec_dekm_consistent_v1_ccfbcd08db49_seed_42,ccfbcd08db49645649c885e212a7f2e0796a7bf3746d6b5f7b50f2673ebb95b4,0.016900033,0.12626545,0.17530552,-0.31890428,0.08846996,4
382,mvdec_dekm_consistent_v1,tiki_mvdec_dekm_consistent_v1_ccfbcd08db49_seed_42,ccfbcd08db49645649c885e212a7f2e0796a7bf3746d6b5f7b50f2673ebb95b4,0.24913977,-0.20207472,0.13057698,0.13421515,-0.23616755,2
383,mvdec_dekm_consistent_v1,tiki_mvdec_dekm_consistent_v1_ccfbcd08db49_seed_42,ccfbcd08db49645649c885e212a7f2e0796a7bf3746d6b5f7b50f2673ebb95b4,-0.013859805,0.10191378,-0.0366892,0.18636432,-0.053941123,0
384,mvdec_dekm_consistent_v1,tiki_mvdec_dekm_consistent_v1_ccfbcd08db49_seed_42,ccfbcd08db49645649c885e212a7f2e0796a7bf3746d6b5f7b50f2673ebb95b4,0.020064488,0.19255605,0.02647543,-0.29225698,0.18779866,4
385,mvdec_dekm_consistent_v1,tiki_mvdec_dekm_consistent_v1_ccfbcd08db49_seed_42,ccfbcd08db49645649c885e212a7f2e0796a7bf3746d6b5f7b50f2673ebb95b4,0.16151129,-0.20648588,-0.010357253,0.101327166,-0.2545788,2
386,mvdec_dekm_consistent_v1,tiki_mvdec_dekm_consistent_v1_ccfbcd08db49_seed_42,ccfbcd08db49645649c885e212a7f2e0796a7bf3746d6b5f7b50f2673ebb95b4,0.11947547,-0.0805189,0.1310723,0.05471697,-0.07912942,2
387,mvdec_dekm_consistent_v1,tiki_mvdec_dekm_consistent_v1_ccfbcd08db49_seed_42,ccfbcd08db49645649c885e212a7f2e0796a7bf3746d6b5f7b50f2673ebb95b4,-0.0753157,0.15856689,0.10665986,0.2381736,0.07152917,0
388,mvdec_dekm_consistent_v1,tiki_mvdec_dekm_consistent_v1_ccfbcd08db49_seed_42,ccfbcd08db49645649c885e212a7f2e0796a7bf3746d6b5f7b50f2673ebb95b4,-0.038021654,0.13471691,0.14948529,-0.10387317,0.07045003,4
389,mvdec_dekm_consistent_v1,tiki_mvdec_dekm_consistent_v1_ccfbcd08db49_seed_42,ccfbcd08db49645649c885e212a7f2e0796a7bf3746d6b5f7b50f2673ebb95b4,-0.13712151,-0.031354126,0.11804788,0.11090014,0.016735777,0
390,mvdec_dekm_consistent_v1,tiki_mvdec_dekm_consistent_v1_ccfbcd08db49_seed_42,ccfbcd08db49645649c885e212a7f2e0796a7bf3746d6b5f7b50f2673ebb95b4,0.0013970379,0.024508744,-0.06884059,0.1385892,-0.10144499,0
391,mvdec_dekm_consistent_v1,tiki_mvdec_dekm_consistent_v1_ccfbcd08db49_seed_42,ccfbcd08db49645649c885e212a7f2e0796a7bf3746d6b5f7b50f2673ebb95b4,-0.03693875,0.092338696,-0.06534931,0.06457457,-0.080337234,0
392,mvdec_dekm_consistent_v1,tiki_mvdec_dekm_consistent_v1_ccfbcd08db49_seed_42,ccfbcd08db49645649c885e212a7f2e0796a7bf3746d6b5f7b50f2673ebb95b4,0.2574825,0.0089707635,-0.051343873,-0.36113095,0.69261885,1
393,mvdec_dekm_consistent_v1,tiki_mvdec_dekm_consistent_v1_ccfbcd08db49_seed_42,ccfbcd08db49645649c885e212a7f2e0796a7bf3746d6b5f7b50f2673ebb95b4,0.040933758,0.14079708,0.067905724,0.14537224,0.0820081,0
394,mvdec_dekm_consistent_v1,tiki_mvdec_dekm_consistent_v1_ccfbcd08db49_seed_42,ccfbcd08db49645649c885e212a7f2e0796a7bf3746d6b5f7b50f2673ebb95b4,0.105981626,0.04298521,0.054226443,0.1652459,-0.045396306,0
395,mvdec_dekm_consistent_v1,tiki_mvdec_dekm_consistent_v1_ccfbcd08db49_seed_42,ccfbcd08db49645649c885e212a7f2e0796a7bf3746d6b5f7b50f2673ebb95b4,0.14191388,-0.06051713,-0.09449986,0.12613443,-0.18300495,2
396,mvdec_dekm_consistent_v1,tiki_mvdec_dekm_consistent_v1_ccfbcd08db49_seed_42,ccfbcd08db49645649c885e212a7f2e0796a7bf3746d6b5f7b50f2673ebb95b4,-0.012564564,-0.0008627027,0.057010498,0.10878027,-0.02393233,0
397,mvdec_dekm_consistent_v1,tiki_mvdec_dekm_consistent_v1_ccfbcd08db49_seed_42,ccfbcd08db49645649c885e212a7f2e0796a7bf3746d6b5f7b50f2673ebb95b4,-0.00055257126,0.08223158,0.17361806,-0.26480573,0.13923393,4
398,mvdec_dekm_consistent_v1,tiki_mvdec_dekm_consistent_v1_ccfbcd08db49_seed_42,ccfbcd08db49645649c885e212a7f2e0796a7bf3746d6b5f7b50f2673ebb95b4,0.10393624,-0.016670898,0.16289704,-0.24013492,-0.013957784,4
399,mvdec_dekm_consistent_v1,tiki_mvdec_dekm_consistent_v1_ccfbcd08db49_seed_42,ccfbcd08db49645649c885e212a7f2e0796a7bf3746d6b5f7b50f2673ebb95b4,-0.1908784,-0.24069741,0.10204965,-0.31342408,0.3360175,3
400,mvdec_dekm_consistent_v1,tiki_mvdec_dekm_consistent_v1_ccfbcd08db49_seed_42,ccfbcd08db49645649c885e212a7f2e0796a7bf3746d6b5f7b50f2673ebb95b4,-0.027078364,0.17901486,-0.0010843128,0.11753078,0.02211462,0
401,mvdec_dekm_consistent_v1,tiki_mvdec_dekm_consistent_v1_ccfbcd08db49_seed_42,ccfbcd08db49645649c885e212a7f2e0796a7bf3746d6b5f7b50f2673ebb95b4,0.04088623,0.08173609,0.021534909,0.2180264,-0.00903267,0
402,mvdec_dekm_consistent_v1,tiki_mvdec_dekm_consistent_v1_ccfbcd08db49_seed_42,ccfbcd08db49645649c885e212a7f2e0796a7bf3746d6b5f7b50f2673ebb95b4,0.043950345,0.13999048,0.08935258,-0.4002446,0.10304738,4
403,mvdec_dekm_consistent_v1,tiki_mvdec_dekm_consistent_v1_ccfbcd08db49_seed_42,ccfbcd08db49645649c885e212a7f2e0796a7bf3746d6b5f7b50f2673ebb95b4,-0.14979926,0.078478724,0.10476253,0.17420661,0.1551366,0
404,mvdec_dekm_consistent_v1,tiki_mvdec_dekm_consistent_v1_ccfbcd08db49_seed_42,ccfbcd08db49645649c885e212a7f2e0796a7bf3746d6b5f7b50f2673ebb95b4,0.12012154,0.04385741,0.15375264,0.047543738,-0.028967872,0
405,mvdec_dekm_consistent_v1,tiki_mvdec_dekm_consistent_v1_ccfbcd08db49_seed_42,ccfbcd08db49645649c885e212a7f2e0796a7bf3746d6b5f7b50f2673ebb95b4,-0.10154125,0.07215678,0.15157169,-0.070946634,0.06385021,0
406,mvdec_dekm_consistent_v1,tiki_mvdec_dekm_consistent_v1_ccfbcd08db49_seed_42,ccfbcd08db49645649c885e212a7f2e0796a7bf3746d6b5f7b50f2673ebb95b4,-0.033180233,0.15660119,0.05854885,0.2616855,0.031957433,0
407,mvdec_dekm_consistent_v1,tiki_mvdec_dekm_consistent_v1_ccfbcd08db49_seed_42,ccfbcd08db49645649c885e212a7f2e0796a7bf3746d6b5f7b50f2673ebb95b4,-0.26940504,-0.057759494,0.030362576,-0.4964167,0.43028542,3
408,mvdec_dekm_consistent_v1,tiki_mvdec_dekm_consistent_v1_ccfbcd08db49_seed_42,ccfbcd08db49645649c885e212a7f2e0796a7bf3746d6b5f7b50f2673ebb95b4,-0.0016391166,0.3099925,0.0028022826,0.16729695,0.014715701,0
409,mvdec_dekm_consistent_v1,tiki_mvdec_dekm_consistent_v1_ccfbcd08db49_seed_42,ccfbcd08db49645649c885e212a7f2e0796a7bf3746d6b5f7b50f2673ebb95b4,-0.058483392,-0.053518847,0.07689346,-0.17940333,0.016698793,4
410,mvdec_dekm_consistent_v1,tiki_mvdec_dekm_consistent_v1_ccfbcd08db49_seed_42,ccfbcd08db49645649c885e212a7f2e0796a7bf3746d6b5f7b50f2673ebb95b4,-0.054649144,0.10198823,0.0062313154,-0.19523278,0.2258395,4
411,mvdec_dekm_consistent_v1,tiki_mvdec_dekm_consistent_v1_ccfbcd08db49_seed_42,ccfbcd08db49645649c885e212a7f2e0796a7bf3746d6b5f7b50f2673ebb95b4,0.0044731162,0.06628482,0.06277603,0.1396257,-0.012632586,0
412,mvdec_dekm_consistent_v1,tiki_mvdec_dekm_consistent_v1_ccfbcd08db49_seed_42,ccfbcd08db49645649c885e212a7f2e0796a7bf3746d6b5f7b50f2673ebb95b4,-0.1618937,0.16236529,0.12590887,0.114136115,0.06085345,0
413,mvdec_dekm_consistent_v1,tiki_mvdec_dekm_consistent_v1_ccfbcd08db49_seed_42,ccfbcd08db49645649c885e212a7f2e0796a7bf3746d6b5f7b50f2673ebb95b4,0.065818265,0.20881122,0.21174864,-0.47795197,0.1494218,4
414,mvdec_dekm_consistent_v1,tiki_mvdec_dekm_consistent_v1_ccfbcd08db49_seed_42,ccfbcd08db49645649c885e212a7f2e0796a7bf3746d6b5f7b50f2673ebb95b4,0.10335054,-0.2864681,-0.008615635,0.020999908,-0.13260019,2
415,mvdec_dekm_consistent_v1,tiki_mvdec_dekm_consistent_v1_ccfbcd08db49_seed_42,ccfbcd08db49645649c885e212a7f2e0796a7bf3746d6b5f7b50f2673ebb95b4,0.4366894,0.118659765,-0.0849931,-0.3692565,0.66640437,1
416,mvdec_dekm_consistent_v1,tiki_mvdec_dekm_consistent_v1_ccfbcd08db49_seed_42,ccfbcd08db49645649c885e212a7f2e0796a7bf3746d6b5f7b50f2673ebb95b4,0.060392156,-0.035206467,-0.089530684,0.07293829,-0.07669389,2
417,mvdec_dekm_consistent_v1,tiki_mvdec_dekm_consistent_v1_ccfbcd08db49_seed_42,ccfbcd08db49645649c885e212a7f2e0796a7bf3746d6b5f7b50f2673ebb95b4,0.035619136,-0.055897806,0.011479665,0.096702516,-0.1515663,2
418,mvdec_dekm_consistent_v1,tiki_mvdec_dekm_consistent_v1_ccfbcd08db49_seed_42,ccfbcd08db49645649c885e212a7f2e0796a7bf3746d6b5f7b50f2673ebb95b4,-0.037991934,0.08400355,0.106975034,-0.19040544,0.06849593,4
419,mvdec_dekm_consistent_v1,tiki_mvdec_dekm_consistent_v1_ccfbcd08db49_seed_42,ccfbcd08db49645649c885e212a7f2e0796a7bf3746d6b5f7b50f2673ebb95b4,0.12922135,-0.16223808,0.16336298,0.087081015,-0.18712354,2
420,mvdec_dekm_consistent_v1,tiki_mvdec_dekm_consistent_v1_ccfbcd08db49_seed_42,ccfbcd08db49645649c885e212a7f2e0796a7bf3746d6b5f7b50f2673ebb95b4,-0.02394353,0.08389653,0.046159174,0.08500497,-0.006684266,0
421,mvdec_dekm_consistent_v1,tiki_mvdec_dekm_consistent_v1_ccfbcd08db49_seed_42,ccfbcd08db49645649c885e212a7f2e0796a7bf3746d6b5f7b50f2673ebb95b4,0.23684889,0.026595466,-0.07900241,-0.43537045,0.621868,1
422,mvdec_dekm_consistent_v1,tiki_mvdec_dekm_consistent_v1_ccfbcd08db49_seed_42,ccfbcd08db49645649c885e212a7f2e0796a7bf3746d6b5f7b50f2673ebb95b4,0.07385499,0.122157626,0.11766723,-0.35855561,0.04616256,4
423,mvdec_dekm_consistent_v1,tiki_mvdec_dekm_consistent_v1_ccfbcd08db49_seed_42,ccfbcd08db49645649c885e212a7f2e0796a7bf3746d6b5f7b50f2673ebb95b4,0.19602633,-0.19864318,0.12862974,0.11361862,-0.22773013,2
424,mvdec_dekm_consistent_v1,tiki_mvdec_dekm_consistent_v1_ccfbcd08db49_seed_42,ccfbcd08db49645649c885e212a7f2e0796a7bf3746d6b5f7b50f2673ebb95b4,-0.0142047005,0.024495598,0.10900941,0.17682351,-0.0066707097,0
425,mvdec_dekm_consistent_v1,tiki_mvdec_dekm_consistent_v1_ccfbcd08db49_seed_42,ccfbcd08db49645649c885e212a7f2e0796a7bf3746d6b5f7b50f2673ebb95b4,0.041386683,-0.19037063,0.09436647,0.081221014,-0.21161473,2
426,mvdec_dekm_consistent_v1,tiki_mvdec_dekm_consistent_v1_ccfbcd08db49_seed_42,ccfbcd08db49645649c885e212a7f2e0796a7bf3746d6b5f7b50f2673ebb95b4,-0.09154605,-0.013023929,0.044654842,0.1216169,-0.03852459,0
427,mvdec_dekm_consistent_v1,tiki_mvdec_dekm_consistent_v1_ccfbcd08db49_seed_42,ccfbcd08db49645649c885e212a7f2e0796a7bf3746d6b5f7b50f2673ebb95b4,-0.01590968,0.12390201,0.060581025,0.23186292,0.029766843,0
428,mvdec_dekm_consistent_v1,tiki_mvdec_dekm_consistent_v1_ccfbcd08db49_seed_42,ccfbcd08db49645649c885e212a7f2e0796a7bf3746d6b5f7b50f2673ebb95b4,-0.010961739,0.011741346,0.15032443,0.14927855,-0.05980172,0
429,mvdec_dekm_consistent_v1,tiki_mvdec_dekm_consistent_v1_ccfbcd08db49_seed_42,ccfbcd08db49645649c885e212a7f2e0796a7bf3746d6b5f7b50f2673ebb95b4,0.05742504,0.03379298,0.04098012,0.18359157,-0.08552622,0
430,mvdec_dekm_consistent_v1,tiki_mvdec_dekm_consistent_v1_ccfbcd08db49_seed_42,ccfbcd08db49645649c885e212a7f2e0796a7bf3746d6b5f7b50f2673ebb95b4,0.06253114,-0.04132101,0.20597301,-0.17733766,-0.019487262,4
431,mvdec_dekm_consistent_v1,tiki_mvdec_dekm_consistent_v1_ccfbcd08db49_seed_42,ccfbcd08db49645649c885e212a7f2e0796a7bf3746d6b5f7b50f2673ebb95b4,-0.041570242,0.07064264,0.041912146,-0.25443268,0.050773382,4
432,mvdec_dekm_consistent_v1,tiki_mvdec_dekm_consistent_v1_ccfbcd08db49_seed_42,ccfbcd08db49645649c885e212a7f2e0796a7bf3746d6b5f7b50f2673ebb95b4,0.26777935,0.00789015,-0.051812023,-0.39987397,0.64796853,1
433,mvdec_dekm_consistent_v1,tiki_mvdec_dekm_consistent_v1_ccfbcd08db49_seed_42,ccfbcd08db49645649c885e212a7f2e0796a7bf3746d6b5f7b50f2673ebb95b4,0.26289797,0.04079345,-0.08748025,-0.44069487,0.61956346,1
434,mvdec_dekm_consistent_v1,tiki_mvdec_dekm_consistent_v1_ccfbcd08db49_seed_42,ccfbcd08db49645649c885e212a7f2e0796a7bf3746d6b5f7b50f2673ebb95b4,0.015553325,0.044490613,-0.055248655,0.15807104,-0.075475916,0
435,mvdec_dekm_consistent_v1,tiki_mvdec_dekm_consistent_v1_ccfbcd08db49_seed_42,ccfbcd08db49645649c885e212a7f2e0796a7bf3746d6b5f7b50f2673ebb95b4,0.03485263,0.18708548,0.0035773441,0.19403422,0.095043436,0
436,mvdec_dekm_consistent_v1,tiki_mvdec_dekm_consistent_v1_ccfbcd08db49_seed_42,ccfbcd08db49645649c885e212a7f2e0796a7bf3746d6b5f7b50f2673ebb95b4,0.1276505,-0.24832028,-0.0346117,-0.02826728,-0.29062453,2
437,mvdec_dekm_consistent_v1,tiki_mvdec_dekm_consistent_v1_ccfbcd08db49_seed_42,ccfbcd08db49645649c885e212a7f2e0796a7bf3746d6b5f7b50f2673ebb95b4,0.07420078,0.111396804,0.062146153,0.21264747,0.06820731,0
438,mvdec_dekm_consistent_v1,tiki_mvdec_dekm_consistent_v1_ccfbcd08db49_seed_42,ccfbcd08db49645649c885e212a7f2e0796a7bf3746d6b5f7b50f2673ebb95b4,-0.042095404,0.13945259,0.084763184,0.25933653,0.030971538,0
439,mvdec_dekm_consistent_v1,tiki_mvdec_dekm_consistent_v1_ccfbcd08db49_seed_42,ccfbcd08db49645649c885e212a7f2e0796a7bf3746d6b5f7b50f2673ebb95b4,-0.009977393,0.118089125,-0.018793486,-0.09688918,0.120076925,4
440,mvdec_dekm_consistent_v1,tiki_mvdec_dekm_consistent_v1_ccfbcd08db49_seed_42,ccfbcd08db49645649c885e212a7f2e0796a7bf3746d6b5f7b50f2673ebb95b4,-0.02088952,0.15330648,0.08095221,0.25976333,0.04801855,0
441,mvdec_dekm_consistent_v1,tiki_mvdec_dekm_consistent_v1_ccfbcd08db49_seed_42,ccfbcd08db49645649c885e212a7f2e0796a7bf3746d6b5f7b50f2673ebb95b4,0.15458322,-0.031032538,0.20917238,-0.07353921,-0.09794771,2
442,mvdec_dekm_consistent_v1,tiki_mvdec_dekm_consistent_v1_ccfbcd08db49_seed_42,ccfbcd08db49645649c885e212a7f2e0796a7bf3746d6b5f7b50f2673ebb95b4,0.3269036,0.059997533,-0.074904606,-0.39866304,0.6488256,1
443,mvdec_dekm_consistent_v1,tiki_mvdec_dekm_consistent_v1_ccfbcd08db49_seed_42,ccfbcd08db49645649c885e212a7f2e0796a7bf3746d6b5f7b50f2673ebb95b4,-0.009856883,0.23128119,0.03677334,0.26420408,0.058550544,0
444,mvdec_dekm_consistent_v1,tiki_mvdec_dekm_consistent_v1_ccfbcd08db49_seed_42,ccfbcd08db49645649c885e212a7f2e0796a7bf3746d6b5f7b50f2673ebb95b4,-0.70135474,-0.11778568,0.031133264,-0.58325785,0.14746477,3
445,mvdec_dekm_consistent_v1,tiki_mvdec_dekm_consistent_v1_ccfbcd08db49_seed_42,ccfbcd08db49645649c885e212a7f2e0796a7bf3746d6b5f7b50f2673ebb95b4,-0.04033306,0.18032447,0.040487688,-0.28351793,0.105343506,4
446,mvdec_dekm_consistent_v1,tiki_mvdec_dekm_consistent_v1_ccfbcd08db49_seed_42,ccfbcd08db49645649c885e212a7f2e0796a7bf3746d6b5f7b50f2673ebb95b4,0.0014901832,0.06032628,0.0074691065,0.024302477,-0.029790655,0
447,mvdec_dekm_consistent_v1,tiki_mvdec_dekm_consistent_v1_ccfbcd08db49_seed_42,ccfbcd08db49645649c885e212a7f2e0796a7bf3746d6b5f7b50f2673ebb95b4,0.08762658,-0.21710424,0.005616285,-0.04102554,-0.21331924,2
448,mvdec_dekm_consistent_v1,tiki_mvdec_dekm_consistent_v1_ccfbcd08db49_seed_42,ccfbcd08db49645649c885e212a7f2e0796a7bf3746d6b5f7b50f2673ebb95b4,0.0790439,0.12886643,0.09851759,0.1881275,0.036855765,0
449,mvdec_dekm_consistent_v1,tiki_mvdec_dekm_consistent_v1_ccfbcd08db49_seed_42,ccfbcd08db49645649c885e212a7f2e0796a7bf3746d6b5f7b50f2673ebb95b4,0.02677718,0.19853957,-0.00718154,0.014702495,0.16598982,0
450,mvdec_dekm_consistent_v1,tiki_mvdec_dekm_consistent_v1_ccfbcd08db49_seed_42,ccfbcd08db49645649c885e212a7f2e0796a7bf3746d6b5f7b50f2673ebb95b4,-0.2938754,-0.2488595,0.11203782,-0.86779094,0.6634506,3
451,mvdec_dekm_consistent_v1,tiki_mvdec_dekm_consistent_v1_ccfbcd08db49_seed_42,ccfbcd08db49645649c885e212a7f2e0796a7bf3746d6b5f7b50f2673ebb95b4,-0.091257475,0.20816267,0.12500042,0.3068416,0.13743785,0
452,mvdec_dekm_consistent_v1,tiki_mvdec_dekm_consistent_v1_ccfbcd08db49_seed_42,ccfbcd08db49645649c885e212a7f2e0796a7bf3746d6b5f7b50f2673ebb95b4,-0.24685177,-0.13745254,0.012835521,-0.5663007,0.5121457,3
453,mvdec_dekm_consistent_v1,tiki_mvdec_dekm_consistent_v1_ccfbcd08db49_seed_42,ccfbcd08db49645649c885e212a7f2e0796a7bf3746d6b5f7b50f2673ebb95b4,0.099932715,-0.0476167,0.023635106,-0.25437143,-0.050930627,4
454,mvdec_dekm_consistent_v1,tiki_mvdec_dekm_consistent_v1_ccfbcd08db49_seed_42,ccfbcd08db49645649c885e212a7f2e0796a7bf3746d6b5f7b50f2673ebb95b4,0.15893587,0.009803884,0.12690915,-0.2545147,-0.029011339,4
455,mvdec_dekm_consistent_v1,tiki_mvdec_dekm_consistent_v1_ccfbcd08db49_seed_42,ccfbcd08db49645649c885e212a7f2e0796a7bf3746d6b5f7b50f2673ebb95b4,0.047400948,-0.11972475,0.017665625,-0.40408266,0.7299754,1
456,mvdec_dekm_consistent_v1,tiki_mvdec_dekm_consistent_v1_ccfbcd08db49_seed_42,ccfbcd08db49645649c885e212a7f2e0796a7bf3746d6b5f7b50f2673ebb95b4,-0.022270873,0.024356537,0.11464095,-0.29022703,0.048665844,4
457,mvdec_dekm_consistent_v1,tiki_mvdec_dekm_consistent_v1_ccfbcd08db49_seed_42,ccfbcd08db49645649c885e212a7f2e0796a7bf3746d6b5f7b50f2673ebb95b4,-0.014012743,0.14962363,0.09011379,0.20878728,0.11771114,0
458,mvdec_dekm_consistent_v1,tiki_mvdec_dekm_consistent_v1_ccfbcd08db49_seed_42,ccfbcd08db49645649c885e212a7f2e0796a7bf3746d6b5f7b50f2673ebb95b4,0.03564906,-0.10926753,-0.012071434,0.08593677,-0.13131881,2
459,mvdec_dekm_consistent_v1,tiki_mvdec_dekm_consistent_v1_ccfbcd08db49_seed_42,ccfbcd08db49645649c885e212a7f2e0796a7bf3746d6b5f7b50f2673ebb95b4,-0.07675931,0.09782907,0.101297654,0.2036601,0.045893177,0
460,mvdec_dekm_consistent_v1,tiki_mvdec_dekm_consistent_v1_ccfbcd08db49_seed_42,ccfbcd08db49645649c885e212a7f2e0796a7bf3746d6b5f7b50f2673ebb95b4,0.024484001,-0.03897155,0.08583045,-0.11658707,-0.03390766,2
461,mvdec_dekm_consistent_v1,tiki_mvdec_dekm_consistent_v1_ccfbcd08db49_seed_42,ccfbcd08db49645649c885e212a7f2e0796a7bf3746d6b5f7b50f2673ebb95b4,-0.026517864,0.07930781,0.0056532845,0.17533843,-0.014908347,0
462,mvdec_dekm_consistent_v1,tiki_mvdec_dekm_consistent_v1_ccfbcd08db49_seed_42,ccfbcd08db49645649c885e212a7f2e0796a7bf3746d6b5f7b50f2673ebb95b4,0.12155157,-0.11217195,0.0034259222,-0.099250615,-0.14949436,2
463,mvdec_dekm_consistent_v1,tiki_mvdec_dekm_consistent_v1_ccfbcd08db49_seed_42,ccfbcd08db49645649c885e212a7f2e0796a7bf3746d6b5f7b50f2673ebb95b4,-0.09277985,0.16988862,0.039285146,-0.3408866,0.14943583,4
464,mvdec_dekm_consistent_v1,tiki_mvdec_dekm_consistent_v1_ccfbcd08db49_seed_42,ccfbcd08db49645649c885e212a7f2e0796a7bf3746d6b5f7b50f2673ebb95b4,0.087611824,-0.17550679,-0.058560707,0.092951655,-0.13277303,2
465,mvdec_dekm_consistent_v1,tiki_mvdec_dekm_consistent_v1_ccfbcd08db49_seed_42,ccfbcd08db49645649c885e212a7f2e0796a7bf3746d6b5f7b50f2673ebb95b4,-0.035008773,0.13595295,0.06622368,0.24084616,0.01713004,0
466,mvdec_dekm_consistent_v1,tiki_mvdec_dekm_consistent_v1_ccfbcd08db49_seed_42,ccfbcd08db49645649c885e212a7f2e0796a7bf3746d6b5f7b50f2673ebb95b4,-0.045486886,0.18410821,0.061143126,-0.33700255,0.15426037,4
467,mvdec_dekm_consistent_v1,tiki_mvdec_dekm_consistent_v1_ccfbcd08db49_seed_42,ccfbcd08db49645649c885e212a7f2e0796a7bf3746d6b5f7b50f2673ebb95b4,-0.05017855,0.18227407,0.06817983,0.23936468,0.065234706,0
468,mvdec_dekm_consistent_v1,tiki_mvdec_dekm_consistent_v1_ccfbcd08db49_seed_42,ccfbcd08db49645649c885e212a7f2e0796a7bf3746d6b5f7b50f2673ebb95b4,0.051940497,0.18159646,0.03183646,0.2517786,0.029058635,0
469,mvdec_dekm_consistent_v1,tiki_mvdec_dekm_consistent_v1_ccfbcd08db49_seed_42,ccfbcd08db49645649c885e212a7f2e0796a7bf3746d6b5f7b50f2673ebb95b4,0.08488697,0.0036636498,0.07614148,0.18966709,-0.08974696,0
470,mvdec_dekm_consistent_v1,tiki_mvdec_dekm_consistent_v1_ccfbcd08db49_seed_42,ccfbcd08db49645649c885e212a7f2e0796a7bf3746d6b5f7b50f2673ebb95b4,0.00404818,0.2085473,0.065941416,0.22419477,0.020882472,0
471,mvdec_dekm_consistent_v1,tiki_mvdec_dekm_consistent_v1_ccfbcd08db49_seed_42,ccfbcd08db49645649c885e212a7f2e0796a7bf3746d6b5f7b50f2673ebb95b4,-0.016721614,0.14219688,0.029727995,0.19439504,0.011433195,0
472,mvdec_dekm_consistent_v1,tiki_mvdec_dekm_consistent_v1_ccfbcd08db49_seed_42,ccfbcd08db49645649c885e212a7f2e0796a7bf3746d6b5f7b50f2673ebb95b4,0.0142739825,0.11184484,0.056238297,-0.2444667,0.10314187,4
473,mvdec_dekm_consistent_v1,tiki_mvdec_dekm_consistent_v1_ccfbcd08db49_seed_42,ccfbcd08db49645649c885e212a7f2e0796a7bf3746d6b5f7b50f2673ebb95b4,0.11808654,-0.3210889,0.16290286,0.059477895,-0.2670103,2
474,mvdec_dekm_consistent_v1,tiki_mvdec_dekm_consistent_v1_ccfbcd08db49_seed_42,ccfbcd08db49645649c885e212a7f2e0796a7bf3746d6b5f7b50f2673ebb95b4,0.03407928,-0.042274386,0.12998247,-0.25749338,-0.012974113,4
475,mvdec_dekm_consistent_v1,tiki_mvdec_dekm_consistent_v1_ccfbcd08db49_seed_42,ccfbcd08db49645649c885e212a7f2e0796a7bf3746d6b5f7b50f2673ebb95b4,-0.22290164,-0.045335248,0.020106502,-0.51121974,0.39695096,3
476,mvdec_dekm_consistent_v1,tiki_mvdec_dekm_consistent_v1_ccfbcd08db49_seed_42,ccfbcd08db49645649c885e212a7f2e0796a7bf3746d6b5f7b50f2673ebb95b4,-0.017782696,0.115646586,0.09156373,0.12541169,0.21648562,0
477,mvdec_dekm_consistent_v1,tiki_mvdec_dekm_consistent_v1_ccfbcd08db49_seed_42,ccfbcd08db49645649c885e212a7f2e0796a7bf3746d6b5f7b50f2673ebb95b4,0.08377385,-0.15005918,-0.010364712,0.08771367,-0.21395978,2
478,mvdec_dekm_consistent_v1,tiki_mvdec_dekm_consistent_v1_ccfbcd08db49_seed_42,ccfbcd08db49645649c885e212a7f2e0796a7bf3746d6b5f7b50f2673ebb95b4,-0.034796383,-0.021099254,0.07269285,0.111703984,-0.0010508299,0
479,mvdec_dekm_consistent_v1,tiki_mvdec_dekm_consistent_v1_ccfbcd08db49_seed_42,ccfbcd08db49645649c885e212a7f2e0796a7bf3746d6b5f7b50f2673ebb95b4,0.21618424,-0.14494197,0.08124399,0.123503625,-0.2006492,2
480,mvdec_dekm_consistent_v1,tiki_mvdec_dekm_consistent_v1_ccfbcd08db49_seed_42,ccfbcd08db49645649c885e212a7f2e0796a7bf3746d6b5f7b50f2673ebb95b4,0.13791984,-0.11578064,0.009078871,0.11323947,-0.20274973,2
481,mvdec_dekm_consistent_v1,tiki_mvdec_dekm_consistent_v1_ccfbcd08db49_seed_42,ccfbcd08db49645649c885e212a7f2e0796a7bf3746d6b5f7b50f2673ebb95b4,0.12094611,-0.039396115,-0.019648116,0.03999424,-0.08928987,2
482,mvdec_dekm_consistent_v1,tiki_mvdec_dekm_consistent_v1_ccfbcd08db49_seed_42,ccfbcd08db49645649c885e212a7f2e0796a7bf3746d6b5f7b50f2673ebb95b4,0.00582344,0.026467465,-0.01346872,0.15704954,-0.048969775,0
483,mvdec_dekm_consistent_v1,tiki_mvdec_dekm_consistent_v1_ccfbcd08db49_seed_42,ccfbcd08db49645649c885e212a7f2e0796a7bf3746d6b5f7b50f2673ebb95b4,-0.085774675,0.23078826,0.09690991,0.2502841,0.11438003,0
484,mvdec_dekm_consistent_v1,tiki_mvdec_dekm_consistent_v1_ccfbcd08db49_seed_42,ccfbcd08db49645649c885e212a7f2e0796a7bf3746d6b5f7b50f2673ebb95b4,0.05610998,0.10277192,0.058942396,-0.3517872,0.11510182,4
485,mvdec_dekm_consistent_v1,tiki_mvdec_dekm_consistent_v1_ccfbcd08db49_seed_42,ccfbcd08db49645649c885e212a7f2e0796a7bf3746d6b5f7b50f2673ebb95b4,0.093663275,-0.04129412,-0.086362384,0.078061596,-0.059714578,2
486,mvdec_dekm_consistent_v1,tiki_mvdec_dekm_consistent_v1_ccfbcd08db49_seed_42,ccfbcd08db49645649c885e212a7f2e0796a7bf3746d6b5f7b50f2673ebb95b4,0.47063306,0.1423496,-0.061958846,-0.33093786,0.69476414,1
487,mvdec_dekm_consistent_v1,tiki_mvdec_dekm_consistent_v1_ccfbcd08db49_seed_42,ccfbcd08db49645649c885e212a7f2e0796a7bf3746d6b5f7b50f2673ebb95b4,0.06369612,0.11659575,-0.019613788,-0.24503939,0.34096223,4
488,mvdec_dekm_consistent_v1,tiki_mvdec_dekm_consistent_v1_ccfbcd08db49_seed_42,ccfbcd08db49645649c885e212a7f2e0796a7bf3746d6b5f7b50f2673ebb95b4,0.14596811,-0.13672337,-0.058242712,0.09203899,-0.24854177,2
489,mvdec_dekm_consistent_v1,tiki_mvdec_dekm_consistent_v1_ccfbcd08db49_seed_42,ccfbcd08db49645649c885e212a7f2e0796a7bf3746d6b5f7b50f2673ebb95b4,-0.078589685,0.00042815506,0.11892553,0.24349171,-0.032939073,0
490,mvdec_dekm_consistent_v1,tiki_mvdec_dekm_consistent_v1_ccfbcd08db49_seed_42,ccfbcd08db49645649c885e212a7f2e0796a7bf3746d6b5f7b50f2673ebb95b4,0.12834048,-0.07756835,0.08067202,-0.031759273,-0.07459771,2
491,mvdec_dekm_consistent_v1,tiki_mvdec_dekm_consistent_v1_ccfbcd08db49_seed_42,ccfbcd08db49645649c885e212a7f2e0796a7bf3746d6b5f7b50f2673ebb95b4,0.17827603,-0.024543516,-0.0026490577,-0.1386569,-0.09667049,2
492,mvdec_dekm_consistent_v1,tiki_mvdec_dekm_consistent_v1_ccfbcd08db49_seed_42,ccfbcd08db49645649c885e212a7f2e0796a7bf3746d6b5f7b50f2673ebb95b4,0.13817824,-0.0508063,-0.1197766,0.12015432,-0.14531916,2
493,mvdec_dekm_consistent_v1,tiki_mvdec_dekm_consistent_v1_ccfbcd08db49_seed_42,ccfbcd08db49645649c885e212a7f2e0796a7bf3746d6b5f7b50f2673ebb95b4,0.17610995,-0.19656473,0.060125556,0.022133652,-0.17350215,2
494,mvdec_dekm_consistent_v1,tiki_mvdec_dekm_consistent_v1_ccfbcd08db49_seed_42,ccfbcd08db49645649c885e212a7f2e0796a7bf3746d6b5f7b50f2673ebb95b4,0.29907614,-0.3619962,-0.22315328,0.056761794,-0.1324176,2
495,mvdec_dekm_consistent_v1,tiki_mvdec_dekm_consistent_v1_ccfbcd08db49_seed_42,ccfbcd08db49645649c885e212a7f2e0796a7bf3746d6b5f7b50f2673ebb95b4,-0.04895386,0.18527699,0.07132974,-0.2539994,0.09912427,4
496,mvdec_dekm_consistent_v1,tiki_mvdec_dekm_consistent_v1_ccfbcd08db49_seed_42,ccfbcd08db49645649c885e212a7f2e0796a7bf3746d6b5f7b50f2673ebb95b4,0.045406,-0.012067519,0.11255127,-0.0702434,-0.031008974,2
497,mvdec_dekm_consistent_v1,tiki_mvdec_dekm_consistent_v1_ccfbcd08db49_seed_42,ccfbcd08db49645649c885e212a7f2e0796a7bf3746d6b5f7b50f2673ebb95b4,0.42349917,0.11127573,-0.08012824,-0.3757696,0.66483,1
498,mvdec_dekm_consistent_v1,tiki_mvdec_dekm_consistent_v1_ccfbcd08db49_seed_42,ccfbcd08db49645649c885e212a7f2e0796a7bf3746d6b5f7b50f2673ebb95b4,-0.04172792,0.05009947,0.043607913,0.055539414,0.003431864,0
499,mvdec_dekm_consistent_v1,tiki_mvdec_dekm_consistent_v1_ccfbcd08db49_seed_42,ccfbcd08db49645649c885e212a7f2e0796a7bf3746d6b5f7b50f2673ebb95b4,-0.3762409,-0.3041497,0.061157703,-0.62057483,0.7234957,3
500,mvdec_dekm_consistent_v1,tiki_mvdec_dekm_consistent_v1_ccfbcd08db49_seed_42,ccfbcd08db49645649c885e212a7f2e0796a7bf3746d6b5f7b50f2673ebb95b4,-0.08940761,0.20347708,0.007682249,0.026564792,0.09484744,0
501,mvdec_dekm_consistent_v1,tiki_mvdec_dekm_consistent_v1_ccfbcd08db49_seed_42,ccfbcd08db49645649c885e212a7f2e0796a7bf3746d6b5f7b50f2673ebb95b4,-0.018812478,0.083453506,0.07207842,0.22605726,0.018190298,0
502,mvdec_dekm_consistent_v1,tiki_mvdec_dekm_consistent_v1_ccfbcd08db49_seed_42,ccfbcd08db49645649c885e212a7f2e0796a7bf3746d6b5f7b50f2673ebb95b4,-0.038251255,0.29829565,-0.046061903,0.12947682,-0.010362662,0
503,mvdec_dekm_consistent_v1,tiki_mvdec_dekm_consistent_v1_ccfbcd08db49_seed_42,ccfbcd08db49645649c885e212a7f2e0796a7bf3746d6b5f7b50f2673ebb95b4,0.0093028955,0.19564477,0.15076786,-0.10232003,0.15800148,4
504,mvdec_dekm_consistent_v1,tiki_mvdec_dekm_consistent_v1_ccfbcd08db49_seed_42,ccfbcd08db49645649c885e212a7f2e0796a7bf3746d6b5f7b50f2673ebb95b4,0.029648226,0.019110799,0.0032435805,0.17023587,-0.06764229,0
505,mvdec_dekm_consistent_v1,tiki_mvdec_dekm_consistent_v1_ccfbcd08db49_seed_42,ccfbcd08db49645649c885e212a7f2e0796a7bf3746d6b5f7b50f2673ebb95b4,-0.04977171,0.28208935,0.014379382,0.18034577,0.009598285,0
506,mvdec_dekm_consistent_v1,tiki_mvdec_dekm_consistent_v1_ccfbcd08db49_seed_42,ccfbcd08db49645649c885e212a7f2e0796a7bf3746d6b5f7b50f2673ebb95b4,0.13819022,-0.10415858,0.2217035,-0.009862717,-0.16632757,2
507,mvdec_dekm_consistent_v1,tiki_mvdec_dekm_consistent_v1_ccfbcd08db49_seed_42,ccfbcd08db49645649c885e212a7f2e0796a7bf3746d6b5f7b50f2673ebb95b4,0.11849629,-0.053872973,0.19820186,-0.12192045,-0.08061251,2
508,mvdec_dekm_consistent_v1,tiki_mvdec_dekm_consistent_v1_ccfbcd08db49_seed_42,ccfbcd08db49645649c885e212a7f2e0796a7bf3746d6b5f7b50f2673ebb95b4,-0.052734815,0.17763779,0.036628388,-0.30005285,0.13540775,4
509,mvdec_dekm_consistent_v1,tiki_mvdec_dekm_consistent_v1_ccfbcd08db49_seed_42,ccfbcd08db49645649c885e212a7f2e0796a7bf3746d6b5f7b50f2673ebb95b4,0.021462752,0.053222157,0.1138157,-0.13625006,0.11633428,4
510,mvdec_dekm_consistent_v1,tiki_mvdec_dekm_consistent_v1_ccfbcd08db49_seed_42,ccfbcd08db49645649c885e212a7f2e0796a7bf3746d6b5f7b50f2673ebb95b4,-0.12233247,0.15472572,0.010599345,0.046981126,0.09163119,0
511,mvdec_dekm_consistent_v1,tiki_mvdec_dekm_consistent_v1_ccfbcd08db49_seed_42,ccfbcd08db49645649c885e212a7f2e0796a7bf3746d6b5f7b50f2673ebb95b4,-0.03433095,0.18477501,0.21361601,-0.26417455,0.15218097,4
512,mvdec_dekm_consistent_v1,tiki_mvdec_dekm_consistent_v1_ccfbcd08db49_seed_42,ccfbcd08db49645649c885e212a7f2e0796a7bf3746d6b5f7b50f2673ebb95b4,-0.021389253,0.16062734,0.06777367,0.19370377,0.022136025,0
513,mvdec_dekm_consistent_v1,tiki_mvdec_dekm_consistent_v1_ccfbcd08db49_seed_42,ccfbcd08db49645649c885e212a7f2e0796a7bf3746d6b5f7b50f2673ebb95b4,-0.025076814,0.2036807,-0.0015750229,0.15431333,0.117728576,0
514,mvdec_dekm_consistent_v1,tiki_mvdec_dekm_consistent_v1_ccfbcd08db49_seed_42,ccfbcd08db49645649c885e212a7f2e0796a7bf3746d6b5f7b50f2673ebb95b4,-0.0224323,0.023134515,0.015910305,0.16938303,-0.033881027,0
515,mvdec_dekm_consistent_v1,tiki_mvdec_dekm_consistent_v1_ccfbcd08db49_seed_42,ccfbcd08db49645649c885e212a7f2e0796a7bf3746d6b5f7b50f2673ebb95b4,0.09365021,0.10825367,-0.03640148,0.17007396,0.042309724,0
516,mvdec_dekm_consistent_v1,tiki_mvdec_dekm_consistent_v1_ccfbcd08db49_seed_42,ccfbcd08db49645649c885e212a7f2e0796a7bf3746d6b5f7b50f2673ebb95b4,-0.009728491,0.0322264,0.055383485,-0.20796144,0.008029193,4
517,mvdec_dekm_consistent_v1,tiki_mvdec_dekm_consistent_v1_ccfbcd08db49_seed_42,ccfbcd08db49645649c885e212a7f2e0796a7bf3746d6b5f7b50f2673ebb95b4,0.1214287,-0.17209692,0.12828445,0.08212898,-0.18733472,2
518,mvdec_dekm_consistent_v1,tiki_mvdec_dekm_consistent_v1_ccfbcd08db49_seed_42,ccfbcd08db49645649c885e212a7f2e0796a7bf3746d6b5f7b50f2673ebb95b4,0.014204538,0.05728758,-0.041294903,0.079664886,-0.0840987,0
519,mvdec_dekm_consistent_v1,tiki_mvdec_dekm_consistent_v1_ccfbcd08db49_seed_42,ccfbcd08db49645649c885e212a7f2e0796a7bf3746d6b5f7b50f2673ebb95b4,-0.010552827,0.072690405,0.100278035,0.19295736,-0.0227619,0
520,mvdec_dekm_consistent_v1,tiki_mvdec_dekm_consistent_v1_ccfbcd08db49_seed_42,ccfbcd08db49645649c885e212a7f2e0796a7bf3746d6b5f7b50f2673ebb95b4,0.15375352,-0.31847245,0.07249838,0.13817348,-0.24816257,2
521,mvdec_dekm_consistent_v1,tiki_mvdec_dekm_consistent_v1_ccfbcd08db49_seed_42,ccfbcd08db49645649c885e212a7f2e0796a7bf3746d6b5f7b50f2673ebb95b4,-0.03942285,0.18684825,0.023676947,0.22362828,0.060848933,0
522,mvdec_dekm_consistent_v1,tiki_mvdec_dekm_consistent_v1_ccfbcd08db49_seed_42,ccfbcd08db49645649c885e212a7f2e0796a7bf3746d6b5f7b50f2673ebb95b4,-0.044126958,0.16935953,0.048617005,0.15683535,0.06607279,0
523,mvdec_dekm_consistent_v1,tiki_mvdec_dekm_consistent_v1_ccfbcd08db49_seed_42,ccfbcd08db49645649c885e212a7f2e0796a7bf3746d6b5f7b50f2673ebb95b4,-0.019162117,0.0035160743,0.104050115,-0.13355628,0.15232866,4
524,mvdec_dekm_consistent_v1,tiki_mvdec_dekm_consistent_v1_ccfbcd08db49_seed_42,ccfbcd08db49645649c885e212a7f2e0796a7bf3746d6b5f7b50f2673ebb95b4,-0.027067807,0.109697975,0.18014106,-0.31005844,0.10569367,4
525,mvdec_dekm_consistent_v1,tiki_mvdec_dekm_consistent_v1_ccfbcd08db49_seed_42,ccfbcd08db49645649c885e212a7f2e0796a7bf3746d6b5f7b50f2673ebb95b4,0.13091815,-0.15982918,0.11696456,0.07209797,-0.18850783,2
526,mvdec_dekm_consistent_v1,tiki_mvdec_dekm_consistent_v1_ccfbcd08db49_seed_42,ccfbcd08db49645649c885e212a7f2e0796a7bf3746d6b5f7b50f2673ebb95b4,0.04830097,-0.12025724,0.1151067,0.009037687,-0.10024261,2
527,mvdec_dekm_consistent_v1,tiki_mvdec_dekm_consistent_v1_ccfbcd08db49_seed_42,ccfbcd08db49645649c885e212a7f2e0796a7bf3746d6b5f7b50f2673ebb95b4,0.03319781,0.09505345,0.13777323,-0.07060664,0.027001746,0
528,mvdec_dekm_consistent_v1,tiki_mvdec_dekm_consistent_v1_ccfbcd08db49_seed_42,ccfbcd08db49645649c885e212a7f2e0796a7bf3746d6b5f7b50f2673ebb95b4,-0.08498713,0.02943886,0.068109326,0.22355093,-0.046726562,0
529,mvdec_dekm_consistent_v1,tiki_mvdec_dekm_consistent_v1_ccfbcd08db49_seed_42,ccfbcd08db49645649c885e212a7f2e0796a7bf3746d6b5f7b50f2673ebb95b4,-0.019074474,0.09827936,0.10329388,0.15433718,0.03430801,0
530,mvdec_dekm_consistent_v1,tiki_mvdec_dekm_consistent_v1_ccfbcd08db49_seed_42,ccfbcd08db49645649c885e212a7f2e0796a7bf3746d6b5f7b50f2673ebb95b4,-0.04535736,-0.049601376,0.08041029,-0.17383629,0.017047293,4
531,mvdec_dekm_consistent_v1,tiki_mvdec_dekm_consistent_v1_ccfbcd08db49_seed_42,ccfbcd08db49645649c885e212a7f2e0796a7bf3746d6b5f7b50f2673ebb95b4,0.11969124,-0.30196705,-0.0003365092,0.06741054,-0.028799657,2
532,mvdec_dekm_consistent_v1,tiki_mvdec_dekm_consistent_v1_ccfbcd08db49_seed_42,ccfbcd08db49645649c885e212a7f2e0796a7bf3746d6b5f7b50f2673ebb95b4,0.011364848,0.06833066,0.06904602,0.15462103,-0.019454505,0
533,mvdec_dekm_consistent_v1,tiki_mvdec_dekm_consistent_v1_ccfbcd08db49_seed_42,ccfbcd08db49645649c885e212a7f2e0796a7bf3746d6b5f7b50f2673ebb95b4,0.13905473,-0.08682212,0.16689098,0.13734528,-0.1630584,2
534,mvdec_dekm_consistent_v1,tiki_mvdec_dekm_consistent_v1_ccfbcd08db49_seed_42,ccfbcd08db49645649c885e212a7f2e0796a7bf3746d6b5f7b50f2673ebb95b4,-0.058250617,-0.046806876,-0.03282172,-0.22210734,-0.03670471,4
535,mvdec_dekm_consistent_v1,tiki_mvdec_dekm_consistent_v1_ccfbcd08db49_seed_42,ccfbcd08db49645649c885e212a7f2e0796a7bf3746d6b5f7b50f2673ebb95b4,-9.6827745e-05,0.018933024,-0.067101985,0.12952161,-0.08755154,0
536,mvdec_dekm_consistent_v1,tiki_mvdec_dekm_consistent_v1_ccfbcd08db49_seed_42,ccfbcd08db49645649c885e212a7f2e0796a7bf3746d6b5f7b50f2673ebb95b4,-0.05242525,0.17476954,0.08623052,-0.2543832,0.16090283,4
537,mvdec_dekm_consistent_v1,tiki_mvdec_dekm_consistent_v1_ccfbcd08db49_seed_42,ccfbcd08db49645649c885e212a7f2e0796a7bf3746d6b5f7b50f2673ebb95b4,-0.030014712,0.15894142,0.03360181,0.23731995,0.04293451,0
538,mvdec_dekm_consistent_v1,tiki_mvdec_dekm_consistent_v1_ccfbcd08db49_seed_42,ccfbcd08db49645649c885e212a7f2e0796a7bf3746d6b5f7b50f2673ebb95b4,0.105919756,-0.12407747,0.16699882,-0.10730322,-0.14314176,2
539,mvdec_dekm_consistent_v1,tiki_mvdec_dekm_consistent_v1_ccfbcd08db49_seed_42,ccfbcd08db49645649c885e212a7f2e0796a7bf3746d6b5f7b50f2673ebb95b4,0.03475367,-0.07177584,0.052476417,0.11610593,-0.091448575,2
540,mvdec_dekm_consistent_v1,tiki_mvdec_dekm_consistent_v1_ccfbcd08db49_seed_42,ccfbcd08db49645649c885e212a7f2e0796a7bf3746d6b5f7b50f2673ebb95b4,0.25699815,-0.20536901,-0.25082883,-0.0054126233,-0.12251001,2
541,mvdec_dekm_consistent_v1,tiki_mvdec_dekm_consistent_v1_ccfbcd08db49_seed_42,ccfbcd08db49645649c885e212a7f2e0796a7bf3746d6b5f7b50f2673ebb95b4,-0.008815048,0.17871827,0.03854309,-0.27856955,0.116051376,4
542,mvdec_dekm_consistent_v1,tiki_mvdec_dekm_consistent_v1_ccfbcd08db49_seed_42,ccfbcd08db49645649c885e212a7f2e0796a7bf3746d6b5f7b50f2673ebb95b4,0.35353962,0.12412651,-0.16415846,-0.39315292,0.6552892,1
543,mvdec_dekm_consistent_v1,tiki_mvdec_dekm_consistent_v1_ccfbcd08db49_seed_42,ccfbcd08db49645649c885e212a7f2e0796a7bf3746d6b5f7b50f2673ebb95b4,0.06092471,-0.17097549,-0.03996652,-0.10669757,-0.19931248,2
544,mvdec_dekm_consistent_v1,tiki_mvdec_dekm_consistent_v1_ccfbcd08db49_seed_42,ccfbcd08db49645649c885e212a7f2e0796a7bf3746d6b5f7b50f2673ebb95b4,0.036912188,0.084484026,0.04581062,0.23866253,-0.012874703,0
545,mvdec_dekm_consistent_v1,tiki_mvdec_dekm_consistent_v1_ccfbcd08db49_seed_42,ccfbcd08db49645649c885e212a7f2e0796a7bf3746d6b5f7b50f2673ebb95b4,0.119002834,0.1626384,-0.011632666,-0.14646183,0.29656819,4
546,mvdec_dekm_consistent_v1,tiki_mvdec_dekm_consistent_v1_ccfbcd08db49_seed_42,ccfbcd08db49645649c885e212a7f2e0796a7bf3746d6b5f7b50f2673ebb95b4,-0.08333381,0.18003741,0.09182103,0.22772631,0.10269526,0
547,mvdec_dekm_consistent_v1,tiki_mvdec_dekm_consistent_v1_ccfbcd08db49_seed_42,ccfbcd08db49645649c885e212a7f2e0796a7bf3746d6b5f7b50f2673ebb95b4,-0.13735041,0.15366055,0.03489,-0.35997236,0.1462366,4
548,mvdec_dekm_consistent_v1,tiki_mvdec_dekm_consistent_v1_ccfbcd08db49_seed_42,ccfbcd08db49645649c885e212a7f2e0796a7bf3746d6b5f7b50f2673ebb95b4,0.093827955,-0.1434766,-0.050385512,0.07244897,-0.23038992,2
549,mvdec_dekm_consistent_v1,tiki_mvdec_dekm_consistent_v1_ccfbcd08db49_seed_42,ccfbcd08db49645649c885e212a7f2e0796a7bf3746d6b5f7b50f2673ebb95b4,0.04236949,-0.053517625,-0.10149924,0.089066446,-0.11602014,2
550,mvdec_dekm_consistent_v1,tiki_mvdec_dekm_consistent_v1_ccfbcd08db49_seed_42,ccfbcd08db49645649c885e212a7f2e0796a7bf3746d6b5f7b50f2673ebb95b4,-0.0012885667,0.22208597,0.06229961,0.2724437,0.068255976,0
551,mvdec_dekm_consistent_v1,tiki_mvdec_dekm_consistent_v1_ccfbcd08db49_seed_42,ccfbcd08db49645649c885e212a7f2e0796a7bf3746d6b5f7b50f2673ebb95b4,0.040548418,0.108259834,-0.05808127,-0.25944197,0.35528347,4
552,mvdec_dekm_consistent_v1,tiki_mvdec_dekm_consistent_v1_ccfbcd08db49_seed_42,ccfbcd08db49645649c885e212a7f2e0796a7bf3746d6b5f7b50f2673ebb95b4,0.028508425,0.12525532,0.14842057,-0.35385805,0.082297355,4
553,mvdec_dekm_consistent_v1,tiki_mvdec_dekm_consistent_v1_ccfbcd08db49_seed_42,ccfbcd08db49645649c885e212a7f2e0796a7bf3746d6b5f7b50f2673ebb95b4,0.23680848,-0.27830362,-0.098391205,0.038529485,-0.1543092,2
554,mvdec_dekm_consistent_v1,tiki_mvdec_dekm_consistent_v1_ccfbcd08db49_seed_42,ccfbcd08db49645649c885e212a7f2e0796a7bf3746d6b5f7b50f2673ebb95b4,0.18584743,-0.09955613,0.057185583,-0.18913428,-0.17505307,2
555,mvdec_dekm_consistent_v1,tiki_mvdec_dekm_consistent_v1_ccfbcd08db49_seed_42,ccfbcd08db49645649c885e212a7f2e0796a7bf3746d6b5f7b50f2673ebb95b4,0.057465293,-0.32289317,-0.18595248,-0.04365164,-0.15881498,2
556,mvdec_dekm_consistent_v1,tiki_mvdec_dekm_consistent_v1_ccfbcd08db49_seed_42,ccfbcd08db49645649c885e212a7f2e0796a7bf3746d6b5f7b50f2673ebb95b4,0.37369776,0.16936508,0.0041480362,-0.36373317,0.5091981,1
557,mvdec_dekm_consistent_v1,tiki_mvdec_dekm_consistent_v1_ccfbcd08db49_seed_42,ccfbcd08db49645649c885e212a7f2e0796a7bf3746d6b5f7b50f2673ebb95b4,0.6204883,-0.2926697,-0.045656145,0.015565518,-0.0739913,2
558,mvdec_dekm_consistent_v1,tiki_mvdec_dekm_consistent_v1_ccfbcd08db49_seed_42,ccfbcd08db49645649c885e212a7f2e0796a7bf3746d6b5f7b50f2673ebb95b4,-0.012933221,0.12776884,0.041717745,-0.25395733,0.052264914,4
559,mvdec_dekm_consistent_v1,tiki_mvdec_dekm_consistent_v1_ccfbcd08db49_seed_42,ccfbcd08db49645649c885e212a7f2e0796a7bf3746d6b5f7b50f2673ebb95b4,0.1710177,-0.16992046,-0.016309071,0.09558144,-0.23028089,2
560,mvdec_dekm_consistent_v1,tiki_mvdec_dekm_consistent_v1_ccfbcd08db49_seed_42,ccfbcd08db49645649c885e212a7f2e0796a7bf3746d6b5f7b50f2673ebb95b4,0.093457915,-0.07903805,0.03374644,0.1364111,-0.13662681,2
561,mvdec_dekm_consistent_v1,tiki_mvdec_dekm_consistent_v1_ccfbcd08db49_seed_42,ccfbcd08db49645649c885e212a7f2e0796a7bf3746d6b5f7b50f2673ebb95b4,0.041417588,0.021618478,0.024231888,0.14018473,0.029416095,0
562,mvdec_dekm_consistent_v1,tiki_mvdec_dekm_consistent_v1_ccfbcd08db49_seed_42,ccfbcd08db49645649c885e212a7f2e0796a7bf3746d6b5f7b50f2673ebb95b4,0.07302879,0.15193169,0.110622704,-0.39276546,0.10034646,4
563,mvdec_dekm_consistent_v1,tiki_mvdec_dekm_consistent_v1_ccfbcd08db49_seed_42,ccfbcd08db49645649c885e212a7f2e0796a7bf3746d6b5f7b50f2673ebb95b4,0.016752113,0.07688463,0.03334455,-0.24440533,0.03563457,4
564,mvdec_dekm_consistent_v1,tiki_mvdec_dekm_consistent_v1_ccfbcd08db49_seed_42,ccfbcd08db49645649c885e212a7f2e0796a7bf3746d6b5f7b50f2673ebb95b4,0.060466025,-0.013862959,0.029951248,-0.2716975,-0.03704533,4
565,mvdec_dekm_consistent_v1,tiki_mvdec_dekm_consistent_v1_ccfbcd08db49_seed_42,ccfbcd08db49645649c885e212a7f2e0796a7bf3746d6b5f7b50f2673ebb95b4,-0.04483195,0.16170171,0.17219189,0.15306039,0.08138118,0
566,mvdec_dekm_consistent_v1,tiki_mvdec_dekm_consistent_v1_ccfbcd08db49_seed_42,ccfbcd08db49645649c885e212a7f2e0796a7bf3746d6b5f7b50f2673ebb95b4,0.16770534,-0.20345466,-0.018238429,0.09951986,-0.2514617,2
567,mvdec_dekm_consistent_v1,tiki_mvdec_dekm_consistent_v1_ccfbcd08db49_seed_42,ccfbcd08db49645649c885e212a7f2e0796a7bf3746d6b5f7b50f2673ebb95b4,0.0836503,-0.050201938,0.03392191,0.13666177,-0.12081334,2
568,mvdec_dekm_consistent_v1,tiki_mvdec_dekm_consistent_v1_ccfbcd08db49_seed_42,ccfbcd08db49645649c885e212a7f2e0796a7bf3746d6b5f7b50f2673ebb95b4,-0.0041251825,0.06834904,-0.037754014,0.03019236,0.00024803728,0
569,mvdec_dekm_consistent_v1,tiki_mvdec_dekm_consistent_v1_ccfbcd08db49_seed_42,ccfbcd08db49645649c885e212a7f2e0796a7bf3746d6b5f7b50f2673ebb95b4,0.18523662,-0.012273477,0.14970586,0.105652034,-0.078942716,2
570,mvdec_dekm_consistent_v1,tiki_mvdec_dekm_consistent_v1_ccfbcd08db49_seed_42,ccfbcd08db49645649c885e212a7f2e0796a7bf3746d6b5f7b50f2673ebb95b4,-0.022940673,0.040759243,0.031703524,0.040256143,0.0028426647,0
571,mvdec_dekm_consistent_v1,tiki_mvdec_dekm_consistent_v1_ccfbcd08db49_seed_42,ccfbcd08db49645649c885e212a7f2e0796a7bf3746d6b5f7b50f2673ebb95b4,0.09556522,-0.070059955,0.0879614,0.1217908,-0.15548572,2
572,mvdec_dekm_consistent_v1,tiki_mvdec_dekm_consistent_v1_ccfbcd08db49_seed_42,ccfbcd08db49645649c885e212a7f2e0796a7bf3746d6b5f7b50f2673ebb95b4,-0.59716076,-0.30964857,-0.06667868,-0.42531055,-0.0011179894,3
573,mvdec_dekm_consistent_v1,tiki_mvdec_dekm_consistent_v1_ccfbcd08db49_seed_42,ccfbcd08db49645649c885e212a7f2e0796a7bf3746d6b5f7b50f2673ebb95b4,0.11715643,0.014475793,-0.00909229,0.1740472,-0.054509416,0
574,mvdec_dekm_consistent_v1,tiki_mvdec_dekm_consistent_v1_ccfbcd08db49_seed_42,ccfbcd08db49645649c885e212a7f2e0796a7bf3746d6b5f7b50f2673ebb95b4,0.08351585,0.032317005,-0.03667417,-0.030122094,-0.007834531,0
575,mvdec_dekm_consistent_v1,tiki_mvdec_dekm_consistent_v1_ccfbcd08db49_seed_42,ccfbcd08db49645649c885e212a7f2e0796a7bf3746d6b5f7b50f2673ebb95b4,0.22590917,-0.012768649,-0.044325102,-0.3594622,0.7033805,1
576,mvdec_dekm_consistent_v1,tiki_mvdec_dekm_consistent_v1_ccfbcd08db49_seed_42,ccfbcd08db49645649c885e212a7f2e0796a7bf3746d6b5f7b50f2673ebb95b4,0.0015985104,0.037274305,0.015749175,0.1782631,-0.07349582,0
577,mvdec_dekm_consistent_v1,tiki_mvdec_dekm_consistent_v1_ccfbcd08db49_seed_42,ccfbcd08db49645649c885e212a7f2e0796a7bf3746d6b5f7b50f2673ebb95b4,-0.03870981,0.0255021,0.05963755,0.07506795,0.034436204,0
578,mvdec_dekm_consistent_v1,tiki_mvdec_dekm_consistent_v1_ccfbcd08db49_seed_42,ccfbcd08db49645649c885e212a7f2e0796a7bf3746d6b5f7b50f2673ebb95b4,0.14431882,0.013725556,0.120117635,-0.27545467,-0.021468267,4
579,mvdec_dekm_consistent_v1,tiki_mvdec_dekm_consistent_v1_ccfbcd08db49_seed_42,ccfbcd08db49645649c885e212a7f2e0796a7bf3746d6b5f7b50f2673ebb95b4,0.23481154,-0.2462556,0.08464867,-0.030269422,-0.32255256,2
580,mvdec_dekm_consistent_v1,tiki_mvdec_dekm_consistent_v1_ccfbcd08db49_seed_42,ccfbcd08db49645649c885e212a7f2e0796a7bf3746d6b5f7b50f2673ebb95b4,-0.08912474,0.289188,0.12915616,0.2866728,0.1549343,0
581,mvdec_dekm_consistent_v1,tiki_mvdec_dekm_consistent_v1_ccfbcd08db49_seed_42,ccfbcd08db49645649c885e212a7f2e0796a7bf3746d6b5f7b50f2673ebb95b4,0.17411849,0.07119031,-0.052088406,-0.30788288,0.53652495,1
582,mvdec_dekm_consistent_v1,tiki_mvdec_dekm_consistent_v1_ccfbcd08db49_seed_42,ccfbcd08db49645649c885e212a7f2e0796a7bf3746d6b5f7b50f2673ebb95b4,0.01094088,0.05415238,0.013971388,0.09245418,-0.041570894,0
583,mvdec_dekm_consistent_v1,tiki_mvdec_dekm_consistent_v1_ccfbcd08db49_seed_42,ccfbcd08db49645649c885e212a7f2e0796a7bf3746d6b5f7b50f2673ebb95b4,-0.12459721,-0.19318521,0.070528746,-0.55573857,0.7215643,3
584,mvdec_dekm_consistent_v1,tiki_mvdec_dekm_consistent_v1_ccfbcd08db49_seed_42,ccfbcd08db49645649c885e212a7f2e0796a7bf3746d6b5f7b50f2673ebb95b4,0.07849344,0.24088642,-0.050287783,0.01250869,0.20405239,0
585,mvdec_dekm_consistent_v1,tiki_mvdec_dekm_consistent_v1_ccfbcd08db49_seed_42,ccfbcd08db49645649c885e212a7f2e0796a7bf3746d6b5f7b50f2673ebb95b4,-0.06183891,0.17421454,0.06460673,0.2205152,0.03947096,0
586,mvdec_dekm_consistent_v1,tiki_mvdec_dekm_consistent_v1_ccfbcd08db49_seed_42,ccfbcd08db49645649c885e212a7f2e0796a7bf3746d6b5f7b50f2673ebb95b4,0.12236731,-0.0470599,0.036922123,0.14914486,-0.11717166,2
587,mvdec_dekm_consistent_v1,tiki_mvdec_dekm_consistent_v1_ccfbcd08db49_seed_42,ccfbcd08db49645649c885e212a7f2e0796a7bf3746d6b5f7b50f2673ebb95b4,0.12245546,0.013117202,0.074785806,0.1940296,-0.106562056,0
588,mvdec_dekm_consistent_v1,tiki_mvdec_dekm_consistent_v1_ccfbcd08db49_seed_42,ccfbcd08db49645649c885e212a7f2e0796a7bf3746d6b5f7b50f2673ebb95b4,0.002389215,0.099888556,0.19055521,-0.2881199,0.07419099,4
589,mvdec_dekm_consistent_v1,tiki_mvdec_dekm_consistent_v1_ccfbcd08db49_seed_42,ccfbcd08db49645649c885e212a7f2e0796a7bf3746d6b5f7b50f2673ebb95b4,0.03879625,0.16867,0.10406037,-0.40105397,0.101358704,4
590,mvdec_dekm_consistent_v1,tiki_mvdec_dekm_consistent_v1_ccfbcd08db49_seed_42,ccfbcd08db49645649c885e212a7f2e0796a7bf3746d6b5f7b50f2673ebb95b4,0.040196292,0.15735905,0.07251723,0.26478532,0.03823095,0
591,mvdec_dekm_consistent_v1,tiki_mvdec_dekm_consistent_v1_ccfbcd08db49_seed_42,ccfbcd08db49645649c885e212a7f2e0796a7bf3746d6b5f7b50f2673ebb95b4,0.07110355,0.04557486,0.070413105,0.22962072,-0.074396096,0
592,mvdec_dekm_consistent_v1,tiki_mvdec_dekm_consistent_v1_ccfbcd08db49_seed_42,ccfbcd08db49645649c885e212a7f2e0796a7bf3746d6b5f7b50f2673ebb95b4,0.07466997,0.08975484,0.0965135,0.19510858,0.00075573847,0
593,mvdec_dekm_consistent_v1,tiki_mvdec_dekm_consistent_v1_ccfbcd08db49_seed_42,ccfbcd08db49645649c885e212a7f2e0796a7bf3746d6b5f7b50f2673ebb95b4,-0.030314375,0.17107777,0.06727458,0.24027748,0.0844675,0
594,mvdec_dekm_consistent_v1,tiki_mvdec_dekm_consistent_v1_ccfbcd08db49_seed_42,ccfbcd08db49645649c885e212a7f2e0796a7bf3746d6b5f7b50f2673ebb95b4,0.0021469481,0.09267611,0.046136722,0.22044182,0.049162656,0
595,mvdec_dekm_consistent_v1,tiki_mvdec_dekm_consistent_v1_ccfbcd08db49_seed_42,ccfbcd08db49645649c885e212a7f2e0796a7bf3746d6b5f7b50f2673ebb95b4,0.103546105,-0.16215377,0.110730164,0.08445726,-0.19154622,2
596,mvdec_dekm_consistent_v1,tiki_mvdec_dekm_consistent_v1_ccfbcd08db49_seed_42,ccfbcd08db49645649c885e212a7f2e0796a7bf3746d6b5f7b50f2673ebb95b4,0.030644298,0.023136167,0.03905076,0.18087944,-0.08312363,0
597,mvdec_dekm_consistent_v1,tiki_mvdec_dekm_consistent_v1_ccfbcd08db49_seed_42,ccfbcd08db49645649c885e212a7f2e0796a7bf3746d6b5f7b50f2673ebb95b4,0.1509539,-0.15820749,0.24981335,-0.048226893,0.008238286,2
598,mvdec_dekm_consistent_v1,tiki_mvdec_dekm_consistent_v1_ccfbcd08db49_seed_42,ccfbcd08db49645649c885e212a7f2e0796a7bf3746d6b5f7b50f2673ebb95b4,0.06669552,-0.015431341,0.02815054,0.11681187,-0.09622525,2
599,mvdec_dekm_consistent_v1,tiki_mvdec_dekm_consistent_v1_ccfbcd08db49_seed_42,ccfbcd08db49645649c885e212a7f2e0796a7bf3746d6b5f7b50f2673ebb95b4,0.07108815,0.13256216,0.024608798,-0.2693255,0.14254229,4
600,mvdec_dekm_consistent_v1,tiki_mvdec_dekm_consistent_v1_ccfbcd08db49_seed_42,ccfbcd08db49645649c885e212a7f2e0796a7bf3746d6b5f7b50f2673ebb95b4,0.21915363,-0.38405398,0.045933165,0.14960906,-0.12879525,2
601,mvdec_dekm_consistent_v1,tiki_mvdec_dekm_consistent_v1_ccfbcd08db49_seed_42,ccfbcd08db49645649c885e212a7f2e0796a7bf3746d6b5f7b50f2673ebb95b4,-0.1427917,0.19677368,0.02910763,0.07835687,0.089626685,0
602,mvdec_dekm_consistent_v1,tiki_mvdec_dekm_consistent_v1_ccfbcd08db49_seed_42,ccfbcd08db49645649c885e212a7f2e0796a7bf3746d6b5f7b50f2673ebb95b4,0.0645199,0.0668545,0.07286703,0.27331063,-0.039331708,0
603,mvdec_dekm_consistent_v1,tiki_mvdec_dekm_consistent_v1_ccfbcd08db49_seed_42,ccfbcd08db49645649c885e212a7f2e0796a7bf3746d6b5f7b50f2673ebb95b4,0.20501202,-0.21396154,-0.13194233,0.06886539,-0.21868396,2
604,mvdec_dekm_consistent_v1,tiki_mvdec_dekm_consistent_v1_ccfbcd08db49_seed_42,ccfbcd08db49645649c885e212a7f2e0796a7bf3746d6b5f7b50f2673ebb95b4,0.039659392,0.1240186,0.12833118,0.23404646,0.00820935,0
605,mvdec_dekm_consistent_v1,tiki_mvdec_dekm_consistent_v1_ccfbcd08db49_seed_42,ccfbcd08db49645649c885e212a7f2e0796a7bf3746d6b5f7b50f2673ebb95b4,0.07181209,-0.047201894,0.034651995,0.119745776,-0.095323026,2
606,mvdec_dekm_consistent_v1,tiki_mvdec_dekm_consistent_v1_ccfbcd08db49_seed_42,ccfbcd08db49645649c885e212a7f2e0796a7bf3746d6b5f7b50f2673ebb95b4,0.025733683,0.12543325,0.015450589,0.19139704,-0.007438205,0
607,mvdec_dekm_consistent_v1,tiki_mvdec_dekm_consistent_v1_ccfbcd08db49_seed_42,ccfbcd08db49645649c885e212a7f2e0796a7bf3746d6b5f7b50f2673ebb95b4,-0.021887034,0.09944739,0.01915744,0.15791363,-0.049771894,0
608,mvdec_dekm_consistent_v1,tiki_mvdec_dekm_consistent_v1_ccfbcd08db49_seed_42,ccfbcd08db49645649c885e212a7f2e0796a7bf3746d6b5f7b50f2673ebb95b4,-0.004956316,0.09191039,0.06979613,-0.38135496,0.06602244,4
609,mvdec_dekm_consistent_v1,tiki_mvdec_dekm_consistent_v1_ccfbcd08db49_seed_42,ccfbcd08db49645649c885e212a7f2e0796a7bf3746d6b5f7b50f2673ebb95b4,0.33961135,-0.33572432,-0.006799847,-0.10243982,-0.20603433,2
610,mvdec_dekm_consistent_v1,tiki_mvdec_dekm_consistent_v1_ccfbcd08db49_seed_42,ccfbcd08db49645649c885e212a7f2e0796a7bf3746d6b5f7b50f2673ebb95b4,0.069129996,-0.0734438,-0.037939698,0.13460636,-0.05765392,2
611,mvdec_dekm_consistent_v1,tiki_mvdec_dekm_consistent_v1_ccfbcd08db49_seed_42,ccfbcd08db49645649c885e212a7f2e0796a7bf3746d6b5f7b50f2673ebb95b4,0.06835444,0.14622924,0.052222326,0.2625202,0.019485302,0
612,mvdec_dekm_consistent_v1,tiki_mvdec_dekm_consistent_v1_ccfbcd08db49_seed_42,ccfbcd08db49645649c885e212a7f2e0796a7bf3746d6b5f7b50f2673ebb95b4,0.002129795,0.12807454,0.058322817,0.23321116,0.08143556,0
613,mvdec_dekm_consistent_v1,tiki_mvdec_dekm_consistent_v1_ccfbcd08db49_seed_42,ccfbcd08db49645649c885e212a7f2e0796a7bf3746d6b5f7b50f2673ebb95b4,0.4374644,0.13855642,-0.12459352,-0.34339255,0.67327654,1
614,mvdec_dekm_consistent_v1,tiki_mvdec_dekm_consistent_v1_ccfbcd08db49_seed_42,ccfbcd08db49645649c885e212a7f2e0796a7bf3746d6b5f7b50f2673ebb95b4,0.08542238,-0.13538483,0.056491207,-0.051661007,-0.13919258,2
615,mvdec_dekm_consistent_v1,tiki_mvdec_dekm_consistent_v1_ccfbcd08db49_seed_42,ccfbcd08db49645649c885e212a7f2e0796a7bf3746d6b5f7b50f2673ebb95b4,-0.062378034,0.1308904,0.043186672,0.045659937,0.035804614,0
616,mvdec_dekm_consistent_v1,tiki_mvdec_dekm_consistent_v1_ccfbcd08db49_seed_42,ccfbcd08db49645649c885e212a7f2e0796a7bf3746d6b5f7b50f2673ebb95b4,0.19046319,-0.20300767,-0.005165618,0.11137262,-0.18790233,2
617,mvdec_dekm_consistent_v1,tiki_mvdec_dekm_consistent_v1_ccfbcd08db49_seed_42,ccfbcd08db49645649c885e212a7f2e0796a7bf3746d6b5f7b50f2673ebb95b4,-0.30257794,-0.26727074,0.06430198,-0.7608739,0.67631006,3
618,mvdec_dekm_consistent_v1,tiki_mvdec_dekm_consistent_v1_ccfbcd08db49_seed_42,ccfbcd08db49645649c885e212a7f2e0796a7bf3746d6b5f7b50f2673ebb95b4,-0.026883297,0.12377477,0.037682448,0.04034965,0.056327127,0
619,mvdec_dekm_consistent_v1,tiki_mvdec_dekm_consistent_v1_ccfbcd08db49_seed_42,ccfbcd08db49645649c885e212a7f2e0796a7bf3746d6b5f7b50f2673ebb95b4,0.10920627,0.069022834,0.013818505,-0.26125127,0.15158866,4
620,mvdec_dekm_consistent_v1,tiki_mvdec_dekm_consistent_v1_ccfbcd08db49_seed_42,ccfbcd08db49645649c885e212a7f2e0796a7bf3746d6b5f7b50f2673ebb95b4,-0.063274324,0.23806983,0.012495194,-0.049027804,0.09924144,0
621,mvdec_dekm_consistent_v1,tiki_mvdec_dekm_consistent_v1_ccfbcd08db49_seed_42,ccfbcd08db49645649c885e212a7f2e0796a7bf3746d6b5f7b50f2673ebb95b4,0.00071527436,0.12695712,0.057716876,0.24990767,0.0041473657,0
622,mvdec_dekm_consistent_v1,tiki_mvdec_dekm_consistent_v1_ccfbcd08db49_seed_42,ccfbcd08db49645649c885e212a7f2e0796a7bf3746d6b5f7b50f2673ebb95b4,0.0258683,-0.07035022,0.09844929,-0.08737702,-0.03326641,2
623,mvdec_dekm_consistent_v1,tiki_mvdec_dekm_consistent_v1_ccfbcd08db49_seed_42,ccfbcd08db49645649c885e212a7f2e0796a7bf3746d6b5f7b50f2673ebb95b4,-0.060854428,0.09402169,0.032670222,0.15618733,0.05690573,0
624,mvdec_dekm_consistent_v1,tiki_mvdec_dekm_consistent_v1_ccfbcd08db49_seed_42,ccfbcd08db49645649c885e212a7f2e0796a7bf3746d6b5f7b50f2673ebb95b4,0.09192986,-0.38834578,-0.0960593,-0.063564464,-0.25864816,2
625,mvdec_dekm_consistent_v1,tiki_mvdec_dekm_consistent_v1_ccfbcd08db49_seed_42,ccfbcd08db49645649c885e212a7f2e0796a7bf3746d6b5f7b50f2673ebb95b4,0.28311077,-0.2620004,-0.08543072,0.094446555,-0.040001992,2
626,mvdec_dekm_consistent_v1,tiki_mvdec_dekm_consistent_v1_ccfbcd08db49_seed_42,ccfbcd08db49645649c885e212a7f2e0796a7bf3746d6b5f7b50f2673ebb95b4,0.12449024,0.04944908,-0.0023628175,0.18470718,-0.053453382,0
627,mvdec_dekm_consistent_v1,tiki_mvdec_dekm_consistent_v1_ccfbcd08db49_seed_42,ccfbcd08db49645649c885e212a7f2e0796a7bf3746d6b5f7b50f2673ebb95b4,0.010817686,0.044569984,0.14521064,-0.05704225,0.013857029,0
628,mvdec_dekm_consistent_v1,tiki_mvdec_dekm_consistent_v1_ccfbcd08db49_seed_42,ccfbcd08db49645649c885e212a7f2e0796a7bf3746d6b5f7b50f2673ebb95b4,-0.0073727043,0.022088468,0.12848476,-0.10074435,0.017545998,4
629,mvdec_dekm_consistent_v1,tiki_mvdec_dekm_consistent_v1_ccfbcd08db49_seed_42,ccfbcd08db49645649c885e212a7f2e0796a7bf3746d6b5f7b50f2673ebb95b4,-0.30207595,-0.28217745,0.04428352,-0.6938196,0.68733764,3
630,mvdec_dekm_consistent_v1,tiki_mvdec_dekm_consistent_v1_ccfbcd08db49_seed_42,ccfbcd08db49645649c885e212a7f2e0796a7bf3746d6b5f7b50f2673ebb95b4,-0.009134087,-0.06708054,-0.039638825,0.051742777,-0.03874519,2
631,mvdec_dekm_consistent_v1,tiki_mvdec_dekm_consistent_v1_ccfbcd08db49_seed_42,ccfbcd08db49645649c885e212a7f2e0796a7bf3746d6b5f7b50f2673ebb95b4,0.12197289,-0.015786618,0.18435422,-0.17881843,-0.05498694,4
632,mvdec_dekm_consistent_v1,tiki_mvdec_dekm_consistent_v1_ccfbcd08db49_seed_42,ccfbcd08db49645649c885e212a7f2e0796a7bf3746d6b5f7b50f2673ebb95b4,0.06691678,0.04249003,-0.03776547,0.15810332,-0.08591829,0
633,mvdec_dekm_consistent_v1,tiki_mvdec_dekm_consistent_v1_ccfbcd08db49_seed_42,ccfbcd08db49645649c885e212a7f2e0796a7bf3746d6b5f7b50f2673ebb95b4,0.00121684,0.1294101,0.11576088,-0.15116227,0.054552734,4
634,mvdec_dekm_consistent_v1,tiki_mvdec_dekm_consistent_v1_ccfbcd08db49_seed_42,ccfbcd08db49645649c885e212a7f2e0796a7bf3746d6b5f7b50f2673ebb95b4,0.0045443047,0.10011922,-0.018167526,0.13320082,-0.020098064,0
635,mvdec_dekm_consistent_v1,tiki_mvdec_dekm_consistent_v1_ccfbcd08db49_seed_42,ccfbcd08db49645649c885e212a7f2e0796a7bf3746d6b5f7b50f2673ebb95b4,-0.14012079,0.115153976,-0.00885722,-0.15969783,0.17539178,4
636,mvdec_dekm_consistent_v1,tiki_mvdec_dekm_consistent_v1_ccfbcd08db49_seed_42,ccfbcd08db49645649c885e212a7f2e0796a7bf3746d6b5f7b50f2673ebb95b4,-0.031184983,-0.06806363,0.13580026,-0.5069871,0.020407923,4
637,mvdec_dekm_consistent_v1,tiki_mvdec_dekm_consistent_v1_ccfbcd08db49_seed_42,ccfbcd08db49645649c885e212a7f2e0796a7bf3746d6b5f7b50f2673ebb95b4,-0.063310534,0.1072158,0.016312182,0.16553263,0.017869147,0
638,mvdec_dekm_consistent_v1,tiki_mvdec_dekm_consistent_v1_ccfbcd08db49_seed_42,ccfbcd08db49645649c885e212a7f2e0796a7bf3746d6b5f7b50f2673ebb95b4,0.20654562,-0.24167319,0.17954862,0.11510415,-0.263329,2
639,mvdec_dekm_consistent_v1,tiki_mvdec_dekm_consistent_v1_ccfbcd08db49_seed_42,ccfbcd08db49645649c885e212a7f2e0796a7bf3746d6b5f7b50f2673ebb95b4,0.3788545,0.09675964,-0.05939806,-0.3476829,0.70339274,1
640,mvdec_dekm_consistent_v1,tiki_mvdec_dekm_consistent_v1_ccfbcd08db49_seed_42,ccfbcd08db49645649c885e212a7f2e0796a7bf3746d6b5f7b50f2673ebb95b4,-0.013201356,0.25051108,0.09449279,0.26647055,0.05932457,0
641,mvdec_dekm_consistent_v1,tiki_mvdec_dekm_consistent_v1_ccfbcd08db49_seed_42,ccfbcd08db49645649c885e212a7f2e0796a7bf3746d6b5f7b50f2673ebb95b4,-0.11006957,0.19457597,0.020146288,-0.105733976,0.10155655,4
642,mvdec_dekm_consistent_v1,tiki_mvdec_dekm_consistent_v1_ccfbcd08db49_seed_42,ccfbcd08db49645649c885e212a7f2e0796a7bf3746d6b5f7b50f2673ebb95b4,-0.07953052,0.16418901,0.10393361,0.18524404,0.12058638,0
643,mvdec_dekm_consistent_v1,tiki_mvdec_dekm_consistent_v1_ccfbcd08db49_seed_42,ccfbcd08db49645649c885e212a7f2e0796a7bf3746d6b5f7b50f2673ebb95b4,-0.0494321,0.1969334,0.24352664,-0.19564258,0.14728531,4
644,mvdec_dekm_consistent_v1,tiki_mvdec_dekm_consistent_v1_ccfbcd08db49_seed_42,ccfbcd08db49645649c885e212a7f2e0796a7bf3746d6b5f7b50f2673ebb95b4,-0.0056650713,0.18148354,0.023686059,-0.2998143,0.17878838,4
645,mvdec_dekm_consistent_v1,tiki_mvdec_dekm_consistent_v1_ccfbcd08db49_seed_42,ccfbcd08db49645649c885e212a7f2e0796a7bf3746d6b5f7b50f2673ebb95b4,-0.039663766,0.12063366,0.05496607,0.23460387,0.029988127,0
646,mvdec_dekm_consistent_v1,tiki_mvdec_dekm_consistent_v1_ccfbcd08db49_seed_42,ccfbcd08db49645649c885e212a7f2e0796a7bf3746d6b5f7b50f2673ebb95b4,0.13849477,-0.20584486,-0.052289836,0.05049357,-0.23106045,2
647,mvdec_dekm_consistent_v1,tiki_mvdec_dekm_consistent_v1_ccfbcd08db49_seed_42,ccfbcd08db49645649c885e212a7f2e0796a7bf3746d6b5f7b50f2673ebb95b4,0.33798867,-0.22028795,-0.11374007,-0.03487541,0.07892536,2
648,mvdec_dekm_consistent_v1,tiki_mvdec_dekm_consistent_v1_ccfbcd08db49_seed_42,ccfbcd08db49645649c885e212a7f2e0796a7bf3746d6b5f7b50f2673ebb95b4,0.045168344,0.17200394,0.05852196,0.3164042,0.049718626,0
649,mvdec_dekm_consistent_v1,tiki_mvdec_dekm_consistent_v1_ccfbcd08db49_seed_42,ccfbcd08db49645649c885e212a7f2e0796a7bf3746d6b5f7b50f2673ebb95b4,-0.1425058,0.27325207,0.12180036,0.1825912,0.18968017,0
650,mvdec_dekm_consistent_v1,tiki_mvdec_dekm_consistent_v1_ccfbcd08db49_seed_42,ccfbcd08db49645649c885e212a7f2e0796a7bf3746d6b5f7b50f2673ebb95b4,0.12697417,-0.112710655,-0.012255743,-0.11018083,-0.13289744,2
651,mvdec_dekm_consistent_v1,tiki_mvdec_dekm_consistent_v1_ccfbcd08db49_seed_42,ccfbcd08db49645649c885e212a7f2e0796a7bf3746d6b5f7b50f2673ebb95b4,0.003547281,0.10861224,0.0051874267,0.24137443,0.009774968,0
652,mvdec_dekm_consistent_v1,tiki_mvdec_dekm_consistent_v1_ccfbcd08db49_seed_42,ccfbcd08db49645649c885e212a7f2e0796a7bf3746d6b5f7b50f2673ebb95b4,0.028969038,0.04795517,0.14552653,-0.036838494,-0.010418735,0
653,mvdec_dekm_consistent_v1,tiki_mvdec_dekm_consistent_v1_ccfbcd08db49_seed_42,ccfbcd08db49645649c885e212a7f2e0796a7bf3746d6b5f7b50f2673ebb95b4,0.09625596,0.16156779,0.086296685,-0.13698922,0.061385304,4
654,mvdec_dekm_consistent_v1,tiki_mvdec_dekm_consistent_v1_ccfbcd08db49_seed_42,ccfbcd08db49645649c885e212a7f2e0796a7bf3746d6b5f7b50f2673ebb95b4,0.13825773,-0.06338212,0.11801286,-0.22717738,-0.08226097,2
655,mvdec_dekm_consistent_v1,tiki_mvdec_dekm_consistent_v1_ccfbcd08db49_seed_42,ccfbcd08db49645649c885e212a7f2e0796a7bf3746d6b5f7b50f2673ebb95b4,-0.016107462,0.12927948,0.1987164,-0.4663741,0.020583779,4
656,mvdec_dekm_consistent_v1,tiki_mvdec_dekm_consistent_v1_ccfbcd08db49_seed_42,ccfbcd08db49645649c885e212a7f2e0796a7bf3746d6b5f7b50f2673ebb95b4,0.053532645,-0.02677828,-0.050817396,-0.07285377,0.011344016,2
657,mvdec_dekm_consistent_v1,tiki_mvdec_dekm_consistent_v1_ccfbcd08db49_seed_42,ccfbcd08db49645649c885e212a7f2e0796a7bf3746d6b5f7b50f2673ebb95b4,0.19063154,-0.2863112,0.04540269,0.062944874,-0.2301262,2
658,mvdec_dekm_consistent_v1,tiki_mvdec_dekm_consistent_v1_ccfbcd08db49_seed_42,ccfbcd08db49645649c885e212a7f2e0796a7bf3746d6b5f7b50f2673ebb95b4,0.00934763,0.033607855,0.015638622,0.15662752,-0.038368687,0
659,mvdec_dekm_consistent_v1,tiki_mvdec_dekm_consistent_v1_ccfbcd08db49_seed_42,ccfbcd08db49645649c885e212a7f2e0796a7bf3746d6b5f7b50f2673ebb95b4,-0.21056774,-0.110282764,-0.12109107,0.05538092,0.01162149,0
660,mvdec_dekm_consistent_v1,tiki_mvdec_dekm_consistent_v1_ccfbcd08db49_seed_42,ccfbcd08db49645649c885e212a7f2e0796a7bf3746d6b5f7b50f2673ebb95b4,0.6372819,0.19950727,-0.07433263,-0.27274525,0.67610586,1
661,mvdec_dekm_consistent_v1,tiki_mvdec_dekm_consistent_v1_ccfbcd08db49_seed_42,ccfbcd08db49645649c885e212a7f2e0796a7bf3746d6b5f7b50f2673ebb95b4,-0.01917988,-0.01422251,0.02408233,0.021256551,-0.027348086,0
662,mvdec_dekm_consistent_v1,tiki_mvdec_dekm_consistent_v1_ccfbcd08db49_seed_42,ccfbcd08db49645649c885e212a7f2e0796a7bf3746d6b5f7b50f2673ebb95b4,0.09177846,-0.30870873,-0.1348126,0.05750245,-0.1923616,2
663,mvdec_dekm_consistent_v1,tiki_mvdec_dekm_consistent_v1_ccfbcd08db49_seed_42,ccfbcd08db49645649c885e212a7f2e0796a7bf3746d6b5f7b50f2673ebb95b4,0.075021155,0.10651008,0.0024156272,0.16515839,-0.035426855,0
664,mvdec_dekm_consistent_v1,tiki_mvdec_dekm_consistent_v1_ccfbcd08db49_seed_42,ccfbcd08db49645649c885e212a7f2e0796a7bf3746d6b5f7b50f2673ebb95b4,0.15061033,-0.123542614,0.271544,-0.16708945,-0.124420315,2
665,mvdec_dekm_consistent_v1,tiki_mvdec_dekm_consistent_v1_ccfbcd08db49_seed_42,ccfbcd08db49645649c885e212a7f2e0796a7bf3746d6b5f7b50f2673ebb95b4,-0.080299884,0.09709551,0.1392681,-0.14744219,0.104022436,4
666,mvdec_dekm_consistent_v1,tiki_mvdec_dekm_consistent_v1_ccfbcd08db49_seed_42,ccfbcd08db49645649c885e212a7f2e0796a7bf3746d6b5f7b50f2673ebb95b4,-0.029144987,0.011145234,0.004110776,0.12873441,-0.04438438,0
667,mvdec_dekm_consistent_v1,tiki_mvdec_dekm_consistent_v1_ccfbcd08db49_seed_42,ccfbcd08db49645649c885e212a7f2e0796a7bf3746d6b5f7b50f2673ebb95b4,-0.022634543,0.13920765,-0.0017746389,0.15771323,0.01161612,0
668,mvdec_dekm_consistent_v1,tiki_mvdec_dekm_consistent_v1_ccfbcd08db49_seed_42,ccfbcd08db49645649c885e212a7f2e0796a7bf3746d6b5f7b50f2673ebb95b4,0.26691645,-0.18772724,0.12251698,0.12995708,-0.2462224,2
669,mvdec_dekm_consistent_v1,tiki_mvdec_dekm_consistent_v1_ccfbcd08db49_seed_42,ccfbcd08db49645649c885e212a7f2e0796a7bf3746d6b5f7b50f2673ebb95b4,0.075319365,-0.3931805,-0.097454794,-0.068831176,-0.26200604,2
670,mvdec_dekm_consistent_v1,tiki_mvdec_dekm_consistent_v1_ccfbcd08db49_seed_42,ccfbcd08db49645649c885e212a7f2e0796a7bf3746d6b5f7b50f2673ebb95b4,-0.29741037,-0.29304796,0.048098616,-0.65412587,0.68263566,3
671,mvdec_dekm_consistent_v1,tiki_mvdec_dekm_consistent_v1_ccfbcd08db49_seed_42,ccfbcd08db49645649c885e212a7f2e0796a7bf3746d6b5f7b50f2673ebb95b4,-0.10906945,0.24331693,0.028882623,0.11120325,0.051724397,0
672,mvdec_dekm_consistent_v1,tiki_mvdec_dekm_consistent_v1_ccfbcd08db49_seed_42,ccfbcd08db49645649c885e212a7f2e0796a7bf3746d6b5f7b50f2673ebb95b4,0.0625865,0.12471305,0.13656479,-0.34971252,0.059855953,4
673,mvdec_dekm_consistent_v1,tiki_mvdec_dekm_consistent_v1_ccfbcd08db49_seed_42,ccfbcd08db49645649c885e212a7f2e0796a7bf3746d6b5f7b50f2673ebb95b4,0.070542686,-0.28865167,0.023481637,0.0448938,-0.15914106,2
674,mvdec_dekm_consistent_v1,tiki_mvdec_dekm_consistent_v1_ccfbcd08db49_seed_42,ccfbcd08db49645649c885e212a7f2e0796a7bf3746d6b5f7b50f2673ebb95b4,-0.002825567,0.068480186,0.004562326,0.15825981,0.003115125,0
675,mvdec_dekm_consistent_v1,tiki_mvdec_dekm_consistent_v1_ccfbcd08db49_seed_42,ccfbcd08db49645649c885e212a7f2e0796a7bf3746d6b5f7b50f2673ebb95b4,0.005969289,0.12032988,-0.053024292,-0.25638768,0.29148072,4
676,mvdec_dekm_consistent_v1,tiki_mvdec_dekm_consistent_v1_ccfbcd08db49_seed_42,ccfbcd08db49645649c885e212a7f2e0796a7bf3746d6b5f7b50f2673ebb95b4,0.06940527,0.19859444,-0.07557991,-0.09867634,0.25062537,4
677,mvdec_dekm_consistent_v1,tiki_mvdec_dekm_consistent_v1_ccfbcd08db49_seed_42,ccfbcd08db49645649c885e212a7f2e0796a7bf3746d6b5f7b50f2673ebb95b4,0.40595394,0.1100212,-0.05988778,-0.34639487,0.70096743,1
678,mvdec_dekm_consistent_v1,tiki_mvdec_dekm_consistent_v1_ccfbcd08db49_seed_42,ccfbcd08db49645649c885e212a7f2e0796a7bf3746d6b5f7b50f2673ebb95b4,0.15260771,-0.011899844,0.005000375,0.10011049,-0.07196505,2
679,mvdec_dekm_consistent_v1,tiki_mvdec_dekm_consistent_v1_ccfbcd08db49_seed_42,ccfbcd08db49645649c885e212a7f2e0796a7bf3746d6b5f7b50f2673ebb95b4,0.17905384,-0.044327483,0.14839941,-0.69331753,0.6707285,1
680,mvdec_dekm_consistent_v1,tiki_mvdec_dekm_consistent_v1_ccfbcd08db49_seed_42,ccfbcd08db49645649c885e212a7f2e0796a7bf3746d6b5f7b50f2673ebb95b4,0.17000285,-0.15959978,-0.2250119,-0.00035850704,-0.22053097,2
681,mvdec_dekm_consistent_v1,tiki_mvdec_dekm_consistent_v1_ccfbcd08db49_seed_42,ccfbcd08db49645649c885e212a7f2e0796a7bf3746d6b5f7b50f2673ebb95b4,-0.064135045,0.091667525,0.14067927,0.23763645,0.07008558,0
682,mvdec_dekm_consistent_v1,tiki_mvdec_dekm_consistent_v1_ccfbcd08db49_seed_42,ccfbcd08db49645649c885e212a7f2e0796a7bf3746d6b5f7b50f2673ebb95b4,0.5868179,0.18525209,0.009190299,-0.40221798,0.6558495,1
683,mvdec_dekm_consistent_v1,tiki_mvdec_dekm_consistent_v1_ccfbcd08db49_seed_42,ccfbcd08db49645649c885e212a7f2e0796a7bf3746d6b5f7b50f2673ebb95b4,-0.14573357,0.19516213,0.02953659,0.07752877,0.08966667,0
684,mvdec_dekm_consistent_v1,tiki_mvdec_dekm_consistent_v1_ccfbcd08db49_seed_42,ccfbcd08db49645649c885e212a7f2e0796a7bf3746d6b5f7b50f2673ebb95b4,0.19380179,-0.33302766,0.17620647,0.13646014,-0.25100896,2
685,mvdec_dekm_consistent_v1,tiki_mvdec_dekm_consistent_v1_ccfbcd08db49_seed_42,ccfbcd08db49645649c885e212a7f2e0796a7bf3746d6b5f7b50f2673ebb95b4,0.025778353,0.0124689955,-0.012828961,0.10928291,-0.009463567,0
686,mvdec_dekm_consistent_v1,tiki_mvdec_dekm_consistent_v1_ccfbcd08db49_seed_42,ccfbcd08db49645649c885e212a7f2e0796a7bf3746d6b5f7b50f2673ebb95b4,-0.11220741,0.05112897,0.10185815,0.13884276,0.0724242,0
687,mvdec_dekm_consistent_v1,tiki_mvdec_dekm_consistent_v1_ccfbcd08db49_seed_42,ccfbcd08db49645649c885e212a7f2e0796a7bf3746d6b5f7b50f2673ebb95b4,-0.0013826964,0.057981327,0.06530753,0.12764065,0.012128804,0
688,mvdec_dekm_consistent_v1,tiki_mvdec_dekm_consistent_v1_ccfbcd08db49_seed_42,ccfbcd08db49645649c885e212a7f2e0796a7bf3746d6b5f7b50f2673ebb95b4,-0.043690167,0.16045544,0.076340884,0.3364433,0.07776609,0
689,mvdec_dekm_consistent_v1,tiki_mvdec_dekm_consistent_v1_ccfbcd08db49_seed_42,ccfbcd08db49645649c885e212a7f2e0796a7bf3746d6b5f7b50f2673ebb95b4,-0.049527217,0.07378177,0.055167615,0.10853478,-0.0052807853,0
690,mvdec_dekm_consistent_v1,tiki_mvdec_dekm_consistent_v1_ccfbcd08db49_seed_42,ccfbcd08db49645649c885e212a7f2e0796a7bf3746d6b5f7b50f2673ebb95b4,0.12949845,-0.014558706,0.11923566,0.17457026,-0.12685917,2
691,mvdec_dekm_consistent_v1,tiki_mvdec_dekm_consistent_v1_ccfbcd08db49_seed_42,ccfbcd08db49645649c885e212a7f2e0796a7bf3746d6b5f7b50f2673ebb95b4,-0.08150004,0.007737085,0.078650184,0.1516074,0.015498666,0
692,mvdec_dekm_consistent_v1,tiki_mvdec_dekm_consistent_v1_ccfbcd08db49_seed_42,ccfbcd08db49645649c885e212a7f2e0796a7bf3746d6b5f7b50f2673ebb95b4,0.05172822,0.12513572,0.041574672,0.14171377,0.063606724,0
693,mvdec_dekm_consistent_v1,tiki_mvdec_dekm_consistent_v1_ccfbcd08db49_seed_42,ccfbcd08db49645649c885e212a7f2e0796a7bf3746d6b5f7b50f2673ebb95b4,-0.022995861,0.13112158,-0.00599356,0.10331102,0.047426913,0
694,mvdec_dekm_consistent_v1,tiki_mvdec_dekm_consistent_v1_ccfbcd08db49_seed_42,ccfbcd08db49645649c885e212a7f2e0796a7bf3746d6b5f7b50f2673ebb95b4,-0.080904976,0.188672,0.09997921,0.1270396,0.19500695,0
695,mvdec_dekm_consistent_v1,tiki_mvdec_dekm_consistent_v1_ccfbcd08db49_seed_42,ccfbcd08db49645649c885e212a7f2e0796a7bf3746d6b5f7b50f2673ebb95b4,0.44998723,-0.31779274,-0.13820831,0.05137366,-0.116178535,2
696,mvdec_dekm_consistent_v1,tiki_mvdec_dekm_consistent_v1_ccfbcd08db49_seed_42,ccfbcd08db49645649c885e212a7f2e0796a7bf3746d6b5f7b50f2673ebb95b4,0.056766883,-0.10457958,0.13407633,-0.72717184,0.67585385,3
697,mvdec_dekm_consistent_v1,tiki_mvdec_dekm_consistent_v1_ccfbcd08db49_seed_42,ccfbcd08db49645649c885e212a7f2e0796a7bf3746d6b5f7b50f2673ebb95b4,0.26286876,-0.33410028,0.033733767,0.07640132,-0.21023043,2
698,mvdec_dekm_consistent_v1,tiki_mvdec_dekm_consistent_v1_ccfbcd08db49_seed_42,ccfbcd08db49645649c885e212a7f2e0796a7bf3746d6b5f7b50f2673ebb95b4,-0.10143429,0.20797075,0.0027709007,0.12530957,0.05323991,0
699,mvdec_dekm_consistent_v1,tiki_mvdec_dekm_consistent_v1_ccfbcd08db49_seed_42,ccfbcd08db49645649c885e212a7f2e0796a7bf3746d6b5f7b50f2673ebb95b4,-0.12597054,0.038522135,0.10343552,0.05463007,0.12763534,0
700,mvdec_dekm_consistent_v1,tiki_mvdec_dekm_consistent_v1_ccfbcd08db49_seed_42,ccfbcd08db49645649c885e212a7f2e0796a7bf3746d6b5f7b50f2673ebb95b4,0.069208145,0.14859436,0.050765667,0.12823087,0.013804566,0
701,mvdec_dekm_consistent_v1,tiki_mvdec_dekm_consistent_v1_ccfbcd08db49_seed_42,ccfbcd08db49645649c885e212a7f2e0796a7bf3746d6b5f7b50f2673ebb95b4,-0.03093433,0.094276756,0.124544725,-0.16480097,0.095147446,4
702,mvdec_dekm_consistent_v1,tiki_mvdec_dekm_consistent_v1_ccfbcd08db49_seed_42,ccfbcd08db49645649c885e212a7f2e0796a7bf3746d6b5f7b50f2673ebb95b4,-0.16607282,0.042811625,0.12950107,0.16208377,0.024465784,0
703,mvdec_dekm_consistent_v1,tiki_mvdec_dekm_consistent_v1_ccfbcd08db49_seed_42,ccfbcd08db49645649c885e212a7f2e0796a7bf3746d6b5f7b50f2673ebb95b4,-0.29746887,-0.29296684,0.04812753,-0.6541108,0.68264145,3
704,mvdec_dekm_consistent_v1,tiki_mvdec_dekm_consistent_v1_ccfbcd08db49_seed_42,ccfbcd08db49645649c885e212a7f2e0796a7bf3746d6b5f7b50f2673ebb95b4,0.13907629,-0.06800933,0.08679611,0.14903712,-0.17836149,2
705,mvdec_dekm_consistent_v1,tiki_mvdec_dekm_consistent_v1_ccfbcd08db49_seed_42,ccfbcd08db49645649c885e212a7f2e0796a7bf3746d6b5f7b50f2673ebb95b4,0.3697534,-0.36944234,-0.25483787,0.04292391,-0.084174536,2
706,mvdec_dekm_consistent_v1,tiki_mvdec_dekm_consistent_v1_ccfbcd08db49_seed_42,ccfbcd08db49645649c885e212a7f2e0796a7bf3746d6b5f7b50f2673ebb95b4,-0.15554354,0.11101407,0.060341746,0.12463772,0.025498284,0
707,mvdec_dekm_consistent_v1,tiki_mvdec_dekm_consistent_v1_ccfbcd08db49_seed_42,ccfbcd08db49645649c885e212a7f2e0796a7bf3746d6b5f7b50f2673ebb95b4,0.14548188,-0.1116819,0.13429697,0.08455505,-0.14787188,2
708,mvdec_dekm_consistent_v1,tiki_mvdec_dekm_consistent_v1_ccfbcd08db49_seed_42,ccfbcd08db49645649c885e212a7f2e0796a7bf3746d6b5f7b50f2673ebb95b4,-0.09655519,0.15752852,0.07480888,0.09328267,0.118372366,0
709,mvdec_dekm_consistent_v1,tiki_mvdec_dekm_consistent_v1_ccfbcd08db49_seed_42,ccfbcd08db49645649c885e212a7f2e0796a7bf3746d6b5f7b50f2673ebb95b4,0.27092627,-0.009120792,-0.03648454,-0.3775689,0.6680033,1
710,mvdec_dekm_consistent_v1,tiki_mvdec_dekm_consistent_v1_ccfbcd08db49_seed_42,ccfbcd08db49645649c885e212a7f2e0796a7bf3746d6b5f7b50f2673ebb95b4,0.078141555,0.08378163,-0.07785861,0.16306394,-0.07937432,0
711,mvdec_dekm_consistent_v1,tiki_mvdec_dekm_consistent_v1_ccfbcd08db49_seed_42,ccfbcd08db49645649c885e212a7f2e0796a7bf3746d6b5f7b50f2673ebb95b4,-0.038447034,0.1874949,0.03885758,-0.29421932,0.13534875,4
712,mvdec_dekm_consistent_v1,tiki_mvdec_dekm_consistent_v1_ccfbcd08db49_seed_42,ccfbcd08db49645649c885e212a7f2e0796a7bf3746d6b5f7b50f2673ebb95b4,0.1665285,-0.06052011,0.19759281,-0.09138931,-0.042949475,2
713,mvdec_dekm_consistent_v1,tiki_mvdec_dekm_consistent_v1_ccfbcd08db49_seed_42,ccfbcd08db49645649c885e212a7f2e0796a7bf3746d6b5f7b50f2673ebb95b4,-0.027472146,0.16447228,0.013523757,0.059225887,0.15280837,0
714,mvdec_dekm_consistent_v1,tiki_mvdec_dekm_consistent_v1_ccfbcd08db49_seed_42,ccfbcd08db49645649c885e212a7f2e0796a7bf3746d6b5f7b50f2673ebb95b4,0.11190084,0.028055198,0.011302043,-0.19006316,-0.043806434,4
715,mvdec_dekm_consistent_v1,tiki_mvdec_dekm_consistent_v1_ccfbcd08db49_seed_42,ccfbcd08db49645649c885e212a7f2e0796a7bf3746d6b5f7b50f2673ebb95b4,0.044760343,0.035329204,-0.028220318,0.14569968,-0.08317593,0
716,mvdec_dekm_consistent_v1,tiki_mvdec_dekm_consistent_v1_ccfbcd08db49_seed_42,ccfbcd08db49645649c885e212a7f2e0796a7bf3746d6b5f7b50f2673ebb95b4,-0.35291177,-0.1804329,0.06662336,-0.59969985,0.5222518,3
717,mvdec_dekm_consistent_v1,tiki_mvdec_dekm_consistent_v1_ccfbcd08db49_seed_42,ccfbcd08db49645649c885e212a7f2e0796a7bf3746d6b5f7b50f2673ebb95b4,0.09308259,-0.2963218,0.09067589,0.020684361,-0.13978322,2
718,mvdec_dekm_consistent_v1,tiki_mvdec_dekm_consistent_v1_ccfbcd08db49_seed_42,ccfbcd08db49645649c885e212a7f2e0796a7bf3746d6b5f7b50f2673ebb95b4,0.10717441,0.18972555,0.20316528,-0.5331068,0.2839308,4
719,mvdec_dekm_consistent_v1,tiki_mvdec_dekm_consistent_v1_ccfbcd08db49_seed_42,ccfbcd08db49645649c885e212a7f2e0796a7bf3746d6b5f7b50f2673ebb95b4,0.028852083,-0.15499234,-0.1226562,-0.14956024,0.12339577,2
720,mvdec_dekm_consistent_v1,tiki_mvdec_dekm_consistent_v1_ccfbcd08db49_seed_42,ccfbcd08db49645649c885e212a7f2e0796a7bf3746d6b5f7b50f2673ebb95b4,0.023214469,0.2502502,0.03720872,0.22734743,0.028014526,0
721,mvdec_dekm_consistent_v1,tiki_mvdec_dekm_consistent_v1_ccfbcd08db49_seed_42,ccfbcd08db49645649c885e212a7f2e0796a7bf3746d6b5f7b50f2673ebb95b4,0.037423067,0.08722431,0.026591122,0.24006444,-0.02046777,0
722,mvdec_dekm_consistent_v1,tiki_mvdec_dekm_consistent_v1_ccfbcd08db49_seed_42,ccfbcd08db49645649c885e212a7f2e0796a7bf3746d6b5f7b50f2673ebb95b4,0.094073415,-0.27505636,0.049018614,0.02544263,-0.2171638,2
723,mvdec_dekm_consistent_v1,tiki_mvdec_dekm_consistent_v1_ccfbcd08db49_seed_42,ccfbcd08db49645649c885e212a7f2e0796a7bf3746d6b5f7b50f2673ebb95b4,-0.007216512,0.07252095,0.12293824,0.28448322,0.011551216,0
724,mvdec_dekm_consistent_v1,tiki_mvdec_dekm_consistent_v1_ccfbcd08db49_seed_42,ccfbcd08db49645649c885e212a7f2e0796a7bf3746d6b5f7b50f2673ebb95b4,0.023691325,0.24231657,0.026980743,0.2541818,0.043864507,0
725,mvdec_dekm_consistent_v1,tiki_mvdec_dekm_consistent_v1_ccfbcd08db49_seed_42,ccfbcd08db49645649c885e212a7f2e0796a7bf3746d6b5f7b50f2673ebb95b4,-0.30207595,-0.28217745,0.04428352,-0.6938196,0.68733764,3
726,mvdec_dekm_consistent_v1,tiki_mvdec_dekm_consistent_v1_ccfbcd08db49_seed_42,ccfbcd08db49645649c885e212a7f2e0796a7bf3746d6b5f7b50f2673ebb95b4,-0.13716199,0.14190987,0.059904132,0.1877348,0.06375098,0
727,mvdec_dekm_consistent_v1,tiki_mvdec_dekm_consistent_v1_ccfbcd08db49_seed_42,ccfbcd08db49645649c885e212a7f2e0796a7bf3746d6b5f7b50f2673ebb95b4,-0.05109195,0.18326366,0.012246922,0.09102013,0.05095794,0
728,mvdec_dekm_consistent_v1,tiki_mvdec_dekm_consistent_v1_ccfbcd08db49_seed_42,ccfbcd08db49645649c885e212a7f2e0796a7bf3746d6b5f7b50f2673ebb95b4,-0.048537295,-0.053074762,0.102793224,0.030973375,0.10414741,0
729,mvdec_dekm_consistent_v1,tiki_mvdec_dekm_consistent_v1_ccfbcd08db49_seed_42,ccfbcd08db49645649c885e212a7f2e0796a7bf3746d6b5f7b50f2673ebb95b4,-0.19312859,0.02063379,0.0034380965,-0.49095994,0.3257267,4
730,mvdec_dekm_consistent_v1,tiki_mvdec_dekm_consistent_v1_ccfbcd08db49_seed_42,ccfbcd08db49645649c885e212a7f2e0796a7bf3746d6b5f7b50f2673ebb95b4,-0.021664727,0.07437812,0.014486015,0.12082735,-0.05992898,0
731,mvdec_dekm_consistent_v1,tiki_mvdec_dekm_consistent_v1_ccfbcd08db49_seed_42,ccfbcd08db49645649c885e212a7f2e0796a7bf3746d6b5f7b50f2673ebb95b4,-0.08115396,0.029181875,0.07023664,0.0910422,-0.015368737,0
732,mvdec_dekm_consistent_v1,tiki_mvdec_dekm_consistent_v1_ccfbcd08db49_seed_42,ccfbcd08db49645649c885e212a7f2e0796a7bf3746d6b5f7b50f2673ebb95b4,-0.07356712,0.23472561,0.06411919,0.26982522,0.09794564,0
733,mvdec_dekm_consistent_v1,tiki_mvdec_dekm_consistent_v1_ccfbcd08db49_seed_42,ccfbcd08db49645649c885e212a7f2e0796a7bf3746d6b5f7b50f2673ebb95b4,0.27570906,0.17012377,-0.03842284,-0.23338497,0.4450157,1
734,mvdec_dekm_consistent_v1,tiki_mvdec_dekm_consistent_v1_ccfbcd08db49_seed_42,ccfbcd08db49645649c885e212a7f2e0796a7bf3746d6b5f7b50f2673ebb95b4,0.36967093,0.09076099,-0.09699398,-0.37370908,0.6541104,1
735,mvdec_dekm_consistent_v1,tiki_mvdec_dekm_consistent_v1_ccfbcd08db49_seed_42,ccfbcd08db49645649c885e212a7f2e0796a7bf3746d6b5f7b50f2673ebb95b4,0.023046724,0.19518389,0.061504275,0.07983613,0.11169577,0
736,mvdec_dekm_consistent_v1,tiki_mvdec_dekm_consistent_v1_ccfbcd08db49_seed_42,ccfbcd08db49645649c885e212a7f2e0796a7bf3746d6b5f7b50f2673ebb95b4,0.05539336,0.21603668,0.049585067,0.23652604,0.028912567,0
737,mvdec_dekm_consistent_v1,tiki_mvdec_dekm_consistent_v1_ccfbcd08db49_seed_42,ccfbcd08db49645649c885e212a7f2e0796a7bf3746d6b5f7b50f2673ebb95b4,-0.12656382,0.23586993,0.030190274,0.10527784,0.051029973,0
738,mvdec_dekm_consistent_v1,tiki_mvdec_dekm_consistent_v1_ccfbcd08db49_seed_42,ccfbcd08db49645649c885e212a7f2e0796a7bf3746d6b5f7b50f2673ebb95b4,-0.051926713,0.16100554,0.0012536943,0.15274806,0.008682292,0
739,mvdec_dekm_consistent_v1,tiki_mvdec_dekm_consistent_v1_ccfbcd08db49_seed_42,ccfbcd08db49645649c885e212a7f2e0796a7bf3746d6b5f7b50f2673ebb95b4,-0.30207595,-0.28217745,0.04428352,-0.6938196,0.68733764,3
740,mvdec_dekm_consistent_v1,tiki_mvdec_dekm_consistent_v1_ccfbcd08db49_seed_42,ccfbcd08db49645649c885e212a7f2e0796a7bf3746d6b5f7b50f2673ebb95b4,-0.1188205,-0.37217093,0.018441796,0.00477919,0.22183797,2
741,mvdec_dekm_consistent_v1,tiki_mvdec_dekm_consistent_v1_ccfbcd08db49_seed_42,ccfbcd08db49645649c885e212a7f2e0796a7bf3746d6b5f7b50f2673ebb95b4,-0.094107,0.07900458,0.065984294,0.20858774,0.053466633,0
742,mvdec_dekm_consistent_v1,tiki_mvdec_dekm_consistent_v1_ccfbcd08db49_seed_42,ccfbcd08db49645649c885e212a7f2e0796a7bf3746d6b5f7b50f2673ebb95b4,-0.028150901,0.17319518,0.024389084,-0.30593804,0.16895176,4
743,mvdec_dekm_consistent_v1,tiki_mvdec_dekm_consistent_v1_ccfbcd08db49_seed_42,ccfbcd08db49645649c885e212a7f2e0796a7bf3746d6b5f7b50f2673ebb95b4,-0.043774858,0.16442148,0.048644327,0.2544754,0.09419638,0
744,mvdec_dekm_consistent_v1,tiki_mvdec_dekm_consistent_v1_ccfbcd08db49_seed_42,ccfbcd08db49645649c885e212a7f2e0796a7bf3746d6b5f7b50f2673ebb95b4,0.19561185,-0.12780957,0.09275046,0.060782462,-0.16807586,2
745,mvdec_dekm_consistent_v1,tiki_mvdec_dekm_consistent_v1_ccfbcd08db49_seed_42,ccfbcd08db49645649c885e212a7f2e0796a7bf3746d6b5f7b50f2673ebb95b4,-0.008135623,-0.10951276,0.012415059,0.08554575,-0.015989646,2
746,mvdec_dekm_consistent_v1,tiki_mvdec_dekm_consistent_v1_ccfbcd08db49_seed_42,ccfbcd08db49645649c885e212a7f2e0796a7bf3746d6b5f7b50f2673ebb95b4,-0.25537252,-0.14174755,0.053200074,-0.5746138,0.5020377,3
747,mvdec_dekm_consistent_v1,tiki_mvdec_dekm_consistent_v1_ccfbcd08db49_seed_42,ccfbcd08db49645649c885e212a7f2e0796a7bf3746d6b5f7b50f2673ebb95b4,0.016612459,0.19427034,0.17898026,-0.4801906,0.11391244,4
748,mvdec_dekm_consistent_v1,tiki_mvdec_dekm_consistent_v1_ccfbcd08db49_seed_42,ccfbcd08db49645649c885e212a7f2e0796a7bf3746d6b5f7b50f2673ebb95b4,-0.25794935,-0.1262863,0.013034884,-0.59946084,0.5209752,3
749,mvdec_dekm_consistent_v1,tiki_mvdec_dekm_consistent_v1_ccfbcd08db49_seed_42,ccfbcd08db49645649c885e212a7f2e0796a7bf3746d6b5f7b50f2673ebb95b4,-0.25790146,-0.12643267,0.0129623,-0.5994716,0.5210318,3
750,mvdec_dekm_consistent_v1,tiki_mvdec_dekm_consistent_v1_ccfbcd08db49_seed_42,ccfbcd08db49645649c885e212a7f2e0796a7bf3746d6b5f7b50f2673ebb95b4,-0.08929845,0.14933549,0.014975734,-0.35475948,0.20548385,4
751,mvdec_dekm_consistent_v1,tiki_mvdec_dekm_consistent_v1_ccfbcd08db49_seed_42,ccfbcd08db49645649c885e212a7f2e0796a7bf3746d6b5f7b50f2673ebb95b4,-0.04064514,0.12717688,0.104927704,0.122959636,0.090803444,0
752,mvdec_dekm_consistent_v1,tiki_mvdec_dekm_consistent_v1_ccfbcd08db49_seed_42,ccfbcd08db49645649c885e212a7f2e0796a7bf3746d6b5f7b50f2673ebb95b4,-0.002284151,0.18822828,0.11342734,-0.42698556,0.21271086,4
753,mvdec_dekm_consistent_v1,tiki_mvdec_dekm_consistent_v1_ccfbcd08db49_seed_42,ccfbcd08db49645649c885e212a7f2e0796a7bf3746d6b5f7b50f2673ebb95b4,-0.3025936,-0.26738358,0.0641122,-0.76089334,0.6764346,3
754,mvdec_dekm_consistent_v1,tiki_mvdec_dekm_consistent_v1_ccfbcd08db49_seed_42,ccfbcd08db49645649c885e212a7f2e0796a7bf3746d6b5f7b50f2673ebb95b4,0.025947161,0.103545174,0.04051442,0.11030662,-0.007157907,0
755,mvdec_dekm_consistent_v1,tiki_mvdec_dekm_consistent_v1_ccfbcd08db49_seed_42,ccfbcd08db49645649c885e212a7f2e0796a7bf3746d6b5f7b50f2673ebb95b4,-0.08251894,0.25634247,0.049658388,0.15827093,0.05758687,0
756,mvdec_dekm_consistent_v1,tiki_mvdec_dekm_consistent_v1_ccfbcd08db49_seed_42,ccfbcd08db49645649c885e212a7f2e0796a7bf3746d6b5f7b50f2673ebb95b4,-0.31239653,-0.17113252,0.024849374,-0.59972066,0.5146187,3
757,mvdec_dekm_consistent_v1,tiki_mvdec_dekm_consistent_v1_ccfbcd08db49_seed_42,ccfbcd08db49645649c885e212a7f2e0796a7bf3746d6b5f7b50f2673ebb95b4,0.086322874,-0.18393114,0.0266359,0.08325565,-0.14445987,2
758,mvdec_dekm_consistent_v1,tiki_mvdec_dekm_consistent_v1_ccfbcd08db49_seed_42,ccfbcd08db49645649c885e212a7f2e0796a7bf3746d6b5f7b50f2673ebb95b4,-0.008392509,0.17017752,0.04172678,-0.25939944,0.070619166,4
759,mvdec_dekm_consistent_v1,tiki_mvdec_dekm_consistent_v1_ccfbcd08db49_seed_42,ccfbcd08db49645649c885e212a7f2e0796a7bf3746d6b5f7b50f2673ebb95b4,0.10657368,-0.089621976,-0.013758644,-0.392803,0.693909,1
760,mvdec_dekm_consistent_v1,tiki_mvdec_dekm_consistent_v1_ccfbcd08db49_seed_42,ccfbcd08db49645649c885e212a7f2e0796a7bf3746d6b5f7b50f2673ebb95b4,-0.044780385,0.15941036,0.046725504,0.20309788,0.028984625,0
761,mvdec_dekm_consistent_v1,tiki_mvdec_dekm_consistent_v1_ccfbcd08db49_seed_42,ccfbcd08db49645649c885e212a7f2e0796a7bf3746d6b5f7b50f2673ebb95b4,-0.07839769,-0.18432426,0.014346115,-0.5268174,0.7221292,3
762,mvdec_dekm_consistent_v1,tiki_mvdec_dekm_consistent_v1_ccfbcd08db49_seed_42,ccfbcd08db49645649c885e212a7f2e0796a7bf3746d6b5f7b50f2673ebb95b4,0.013416702,0.14456272,0.2400577,-0.4836312,-0.024923578,4
763,mvdec_dekm_consistent_v1,tiki_mvdec_dekm_consistent_v1_ccfbcd08db49_seed_42,ccfbcd08db49645649c885e212a7f2e0796a7bf3746d6b5f7b50f2673ebb95b4,-0.30240846,-0.2673592,0.064619124,-0.76098573,0.67611694,3
764,mvdec_dekm_consistent_v1,tiki_mvdec_dekm_consistent_v1_ccfbcd08db49_seed_42,ccfbcd08db49645649c885e212a7f2e0796a7bf3746d6b5f7b50f2673ebb95b4,-0.15613425,0.27215862,0.12179993,0.19003022,0.1694275,0
765,mvdec_dekm_consistent_v1,tiki_mvdec_dekm_consistent_v1_ccfbcd08db49_seed_42,ccfbcd08db49645649c885e212a7f2e0796a7bf3746d6b5f7b50f2673ebb95b4,0.07297902,0.11111108,0.14281136,-0.33802694,0.06500693,4
766,mvdec_dekm_consistent_v1,tiki_mvdec_dekm_consistent_v1_ccfbcd08db49_seed_42,ccfbcd08db49645649c885e212a7f2e0796a7bf3746d6b5f7b50f2673ebb95b4,-0.05576434,0.1897937,0.24827915,-0.2552052,0.18656279,4
767,mvdec_dekm_consistent_v1,tiki_mvdec_dekm_consistent_v1_ccfbcd08db49_seed_42,ccfbcd08db49645649c885e212a7f2e0796a7bf3746d6b5f7b50f2673ebb95b4,0.11124368,0.053204093,0.18236892,-0.4561759,0.03798517,4
768,mvdec_dekm_consistent_v1,tiki_mvdec_dekm_consistent_v1_ccfbcd08db49_seed_42,ccfbcd08db49645649c885e212a7f2e0796a7bf3746d6b5f7b50f2673ebb95b4,-0.046663366,-0.08748311,-0.034642655,-0.32108492,0.03891506,4
769,mvdec_dekm_consistent_v1,tiki_mvdec_dekm_consistent_v1_ccfbcd08db49_seed_42,ccfbcd08db49645649c885e212a7f2e0796a7bf3746d6b5f7b50f2673ebb95b4,-0.12770239,0.17328136,0.06413491,-0.020545397,0.12034744,0
770,mvdec_dekm_consistent_v1,tiki_mvdec_dekm_consistent_v1_ccfbcd08db49_seed_42,ccfbcd08db49645649c885e212a7f2e0796a7bf3746d6b5f7b50f2673ebb95b4,-0.02065033,0.01971642,0.105079845,-0.14784636,0.1445348,4
771,mvdec_dekm_consistent_v1,tiki_mvdec_dekm_consistent_v1_ccfbcd08db49_seed_42,ccfbcd08db49645649c885e212a7f2e0796a7bf3746d6b5f7b50f2673ebb95b4,0.15948033,-0.08830644,-0.05185052,-0.17925669,0.088815175,4
772,mvdec_dekm_consistent_v1,tiki_mvdec_dekm_consistent_v1_ccfbcd08db49_seed_42,ccfbcd08db49645649c885e212a7f2e0796a7bf3746d6b5f7b50f2673ebb95b4,-0.037301727,-0.006201574,-0.008323781,0.09428543,-0.05880639,0
773,mvdec_dekm_consistent_v1,tiki_mvdec_dekm_consistent_v1_ccfbcd08db49_seed_42,ccfbcd08db49645649c885e212a7f2e0796a7bf3746d6b5f7b50f2673ebb95b4,0.07135905,-0.2509743,0.021338094,0.049556255,-0.18643254,2
774,mvdec_dekm_consistent_v1,tiki_mvdec_dekm_consistent_v1_ccfbcd08db49_seed_42,ccfbcd08db49645649c885e212a7f2e0796a7bf3746d6b5f7b50f2673ebb95b4,0.122208506,0.19902842,0.019227441,-0.27710748,0.27167034,4
775,mvdec_dekm_consistent_v1,tiki_mvdec_dekm_consistent_v1_ccfbcd08db49_seed_42,ccfbcd08db49645649c885e212a7f2e0796a7bf3746d6b5f7b50f2673ebb95b4,0.01718985,-0.07232139,-0.053882353,-0.052821282,-0.09311118,2
776,mvdec_dekm_consistent_v1,tiki_mvdec_dekm_consistent_v1_ccfbcd08db49_seed_42,ccfbcd08db49645649c885e212a7f2e0796a7bf3746d6b5f7b50f2673ebb95b4,-0.085424,-0.034614112,0.026241697,0.110381536,-0.03798561,0
777,mvdec_dekm_consistent_v1,tiki_mvdec_dekm_consistent_v1_ccfbcd08db49_seed_42,ccfbcd08db49645649c885e212a7f2e0796a7bf3746d6b5f7b50f2673ebb95b4,-0.075340785,0.13746034,0.06021597,0.24525905,0.08768618,0
778,mvdec_dekm_consistent_v1,tiki_mvdec_dekm_consistent_v1_ccfbcd08db49_seed_42,ccfbcd08db49645649c885e212a7f2e0796a7bf3746d6b5f7b50f2673ebb95b4,0.015745861,0.155049,0.07688777,0.34749776,0.068360895,0
779,mvdec_dekm_consistent_v1,tiki_mvdec_dekm_consistent_v1_ccfbcd08db49_seed_42,ccfbcd08db49645649c885e212a7f2e0796a7bf3746d6b5f7b50f2673ebb95b4,-0.2693756,-0.057782583,0.030356795,-0.49643365,0.43029433,3
780,mvdec_dekm_consistent_v1,tiki_mvdec_dekm_consistent_v1_ccfbcd08db49_seed_42,ccfbcd08db49645649c885e212a7f2e0796a7bf3746d6b5f7b50f2673ebb95b4,-0.12377205,0.16405459,0.1027904,0.22827101,0.086208515,0
781,mvdec_dekm_consistent_v1,tiki_mvdec_dekm_consistent_v1_ccfbcd08db49_seed_42,ccfbcd08db49645649c885e212a7f2e0796a7bf3746d6b5f7b50f2673ebb95b4,-0.12034375,0.027485576,0.04084923,0.13278541,-0.019781284,0
782,mvdec_dekm_consistent_v1,tiki_mvdec_dekm_consistent_v1_ccfbcd08db49_seed_42,ccfbcd08db49645649c885e212a7f2e0796a7bf3746d6b5f7b50f2673ebb95b4,-0.14046586,-0.028254136,0.3435392,-0.5635428,0.40902293,3
783,mvdec_dekm_consistent_v1,tiki_mvdec_dekm_consistent_v1_ccfbcd08db49_seed_42,ccfbcd08db49645649c885e212a7f2e0796a7bf3746d6b5f7b50f2673ebb95b4,-0.023127798,0.13329953,-0.028770715,0.18211675,-0.037860923,0
784,mvdec_dekm_consistent_v1,tiki_mvdec_dekm_consistent_v1_ccfbcd08db49_seed_42,ccfbcd08db49645649c885e212a7f2e0796a7bf3746d6b5f7b50f2673ebb95b4,-0.012385983,0.12593505,-0.014446914,0.06937435,0.009307444,0
785,mvdec_dekm_consistent_v1,tiki_mvdec_dekm_consistent_v1_ccfbcd08db49_seed_42,ccfbcd08db49645649c885e212a7f2e0796a7bf3746d6b5f7b50f2673ebb95b4,0.1495704,-0.25419995,-0.030357037,0.08091438,-0.19251853,2
786,mvdec_dekm_consistent_v1,tiki_mvdec_dekm_consistent_v1_ccfbcd08db49_seed_42,ccfbcd08db49645649c885e212a7f2e0796a7bf3746d6b5f7b50f2673ebb95b4,-0.07611792,0.17265557,0.07755061,-0.36018416,0.13309494,4
787,mvdec_dekm_consistent_v1,tiki_mvdec_dekm_consistent_v1_ccfbcd08db49_seed_42,ccfbcd08db49645649c885e212a7f2e0796a7bf3746d6b5f7b50f2673ebb95b4,0.08287714,-0.03043592,0.097259186,-0.28404388,-0.053097606,4
788,mvdec_dekm_consistent_v1,tiki_mvdec_dekm_consistent_v1_ccfbcd08db49_seed_42,ccfbcd08db49645649c885e212a7f2e0796a7bf3746d6b5f7b50f2673ebb95b4,0.032340713,0.11250524,0.007283181,-0.36209834,0.33630908,4
789,mvdec_dekm_consistent_v1,tiki_mvdec_dekm_consistent_v1_ccfbcd08db49_seed_42,ccfbcd08db49645649c885e212a7f2e0796a7bf3746d6b5f7b50f2673ebb95b4,-0.047062263,0.07718662,0.106233284,-0.19283646,0.066212185,4
790,mvdec_dekm_consistent_v1,tiki_mvdec_dekm_consistent_v1_ccfbcd08db49_seed_42,ccfbcd08db49645649c885e212a7f2e0796a7bf3746d6b5f7b50f2673ebb95b4,-0.0073204935,0.24524608,-0.0046086535,-0.05147501,0.11612938,0
791,mvdec_dekm_consistent_v1,tiki_mvdec_dekm_consistent_v1_ccfbcd08db49_seed_42,ccfbcd08db49645649c885e212a7f2e0796a7bf3746d6b5f7b50f2673ebb95b4,-0.08177702,-0.1840574,0.060078725,-0.54695314,0.71076363,3
792,mvdec_dekm_consistent_v1,tiki_mvdec_dekm_consistent_v1_ccfbcd08db49_seed_42,ccfbcd08db49645649c885e212a7f2e0796a7bf3746d6b5f7b50f2673ebb95b4,-0.0268712,0.18618524,0.023933753,0.2131857,0.034374066,0
793,mvdec_dekm_consistent_v1,tiki_mvdec_dekm_consistent_v1_ccfbcd08db49_seed_42,ccfbcd08db49645649c885e212a7f2e0796a7bf3746d6b5f7b50f2673ebb95b4,-0.03452722,0.20354114,0.07416632,-0.25665855,0.13605213,4
794,mvdec_dekm_consistent_v1,tiki_mvdec_dekm_consistent_v1_ccfbcd08db49_seed_42,ccfbcd08db49645649c885e212a7f2e0796a7bf3746d6b5f7b50f2673ebb95b4,0.09928826,-0.11104134,0.00861587,-0.22657144,-0.09130456,2
795,mvdec_dekm_consistent_v1,tiki_mvdec_dekm_consistent_v1_ccfbcd08db49_seed_42,ccfbcd08db49645649c885e212a7f2e0796a7bf3746d6b5f7b50f2673ebb95b4,0.081718765,-0.03523928,-0.13426317,0.039417118,-0.15711443,2
796,mvdec_dekm_consistent_v1,tiki_mvdec_dekm_consistent_v1_ccfbcd08db49_seed_42,ccfbcd08db49645649c885e212a7f2e0796a7bf3746d6b5f7b50f2673ebb95b4,-0.017529815,-0.06531939,-0.076888785,0.03678892,-0.033810664,2
797,mvdec_dekm_consistent_v1,tiki_mvdec_dekm_consistent_v1_ccfbcd08db49_seed_42,ccfbcd08db49645649c885e212a7f2e0796a7bf3746d6b5f7b50f2673ebb95b4,-0.035659462,0.2773034,-0.041751534,0.06827265,0.048143536,0
798,mvdec_dekm_consistent_v1,tiki_mvdec_dekm_consistent_v1_ccfbcd08db49_seed_42,ccfbcd08db49645649c885e212a7f2e0796a7bf3746d6b5f7b50f2673ebb95b4,0.12478942,-0.075695515,-0.06135737,0.15507483,-0.14635704,2
799,mvdec_dekm_consistent_v1,tiki_mvdec_dekm_consistent_v1_ccfbcd08db49_seed_42,ccfbcd08db49645649c885e212a7f2e0796a7bf3746d6b5f7b50f2673ebb95b4,-0.10238209,0.025700755,0.042186327,0.13572969,0.047748715,0
800,mvdec_dekm_consistent_v1,tiki_mvdec_dekm_consistent_v1_ccfbcd08db49_seed_42,ccfbcd08db49645649c885e212a7f2e0796a7bf3746d6b5f7b50f2673ebb95b4,0.046691693,0.03568452,0.1878049,-0.2638039,0.048106372,4
801,mvdec_dekm_consistent_v1,tiki_mvdec_dekm_consistent_v1_ccfbcd08db49_seed_42,ccfbcd08db49645649c885e212a7f2e0796a7bf3746d6b5f7b50f2673ebb95b4,0.45852423,0.09968573,0.07535232,-0.5237987,0.6550001,1
802,mvdec_dekm_consistent_v1,tiki_mvdec_dekm_consistent_v1_ccfbcd08db49_seed_42,ccfbcd08db49645649c885e212a7f2e0796a7bf3746d6b5f7b50f2673ebb95b4,-0.002964817,-0.015063718,-0.0044778613,0.1726582,-0.025766328,0
803,mvdec_dekm_consistent_v1,tiki_mvdec_dekm_consistent_v1_ccfbcd08db49_seed_42,ccfbcd08db49645649c885e212a7f2e0796a7bf3746d6b5f7b50f2673ebb95b4,-0.10887372,0.13669701,-0.008891463,-0.29522413,0.15592477,4
804,mvdec_dekm_consistent_v1,tiki_mvdec_dekm_consistent_v1_ccfbcd08db49_seed_42,ccfbcd08db49645649c885e212a7f2e0796a7bf3746d6b5f7b50f2673ebb95b4,0.0065701124,-0.04715641,0.006030105,0.083553135,-0.052607834,0
805,mvdec_dekm_consistent_v1,tiki_mvdec_dekm_consistent_v1_ccfbcd08db49_seed_42,ccfbcd08db49645649c885e212a7f2e0796a7bf3746d6b5f7b50f2673ebb95b4,0.12070258,-0.2140878,-0.03171359,0.13890451,-0.23390177,2
806,mvdec_dekm_consistent_v1,tiki_mvdec_dekm_consistent_v1_ccfbcd08db49_seed_42,ccfbcd08db49645649c885e212a7f2e0796a7bf3746d6b5f7b50f2673ebb95b4,0.11409616,0.051050954,0.081323236,-0.08640189,-0.033324353,2
807,mvdec_dekm_consistent_v1,tiki_mvdec_dekm_consistent_v1_ccfbcd08db49_seed_42,ccfbcd08db49645649c885e212a7f2e0796a7bf3746d6b5f7b50f2673ebb95b4,0.15375905,-0.11820707,-0.005394269,0.08287668,-0.10138594,2
808,mvdec_dekm_consistent_v1,tiki_mvdec_dekm_consistent_v1_ccfbcd08db49_seed_42,ccfbcd08db49645649c885e212a7f2e0796a7bf3746d6b5f7b50f2673ebb95b4,0.023031916,-0.04374723,0.17769378,0.05823991,-0.08922389,2
809,mvdec_dekm_consistent_v1,tiki_mvdec_dekm_consistent_v1_ccfbcd08db49_seed_42,ccfbcd08db49645649c885e212a7f2e0796a7bf3746d6b5f7b50f2673ebb95b4,-0.093823925,0.112852946,-0.000634782,-0.13236035,0.09941367,4
810,mvdec_dekm_consistent_v1,tiki_mvdec_dekm_consistent_v1_ccfbcd08db49_seed_42,ccfbcd08db49645649c885e212a7f2e0796a7bf3746d6b5f7b50f2673ebb95b4,-0.17038262,-0.03843741,0.55099714,-0.5206331,0.46738338,3
811,mvdec_dekm_consistent_v1,tiki_mvdec_dekm_consistent_v1_ccfbcd08db49_seed_42,ccfbcd08db49645649c885e212a7f2e0796a7bf3746d6b5f7b50f2673ebb95b4,0.51708835,-0.41495395,-0.07665041,-0.041056335,0.024096567,2
812,mvdec_dekm_consistent_v1,tiki_mvdec_dekm_consistent_v1_ccfbcd08db49_seed_42,ccfbcd08db49645649c885e212a7f2e0796a7bf3746d6b5f7b50f2673ebb95b4,0.5035041,0.14882329,0.0037005842,-0.41602457,0.6686293,1
813,mvdec_dekm_consistent_v1,tiki_mvdec_dekm_consistent_v1_ccfbcd08db49_seed_42,ccfbcd08db49645649c885e212a7f2e0796a7bf3746d6b5f7b50f2673ebb95b4,0.067471005,0.09812786,0.20651315,-0.38453174,0.07438944,4
814,mvdec_dekm_consistent_v1,tiki_mvdec_dekm_consistent_v1_ccfbcd08db49_seed_42,ccfbcd08db49645649c885e212a7f2e0796a7bf3746d6b5f7b50f2673ebb95b4,0.5941441,-0.2552129,0.034320947,-0.12973513,0.018357936,2
815,mvdec_dekm_consistent_v1,tiki_mvdec_dekm_consistent_v1_ccfbcd08db49_seed_42,ccfbcd08db49645649c885e212a7f2e0796a7bf3746d6b5f7b50f2673ebb95b4,-0.29745096,-0.2929918,0.048118565,-0.6541154,0.68263966,3
816,mvdec_dekm_consistent_v1,tiki_mvdec_dekm_consistent_v1_ccfbcd08db49_seed_42,ccfbcd08db49645649c885e212a7f2e0796a7bf3746d6b5f7b50f2673ebb95b4,-0.052665237,0.14297913,0.010487661,-0.31517708,0.18300101,4
817,mvdec_dekm_consistent_v1,tiki_mvdec_dekm_consistent_v1_ccfbcd08db49_seed_42,ccfbcd08db49645649c885e212a7f2e0796a7bf3746d6b5f7b50f2673ebb95b4,-0.08346291,0.2643813,0.09591873,0.2328906,0.1341682,0
818,mvdec_dekm_consistent_v1,tiki_mvdec_dekm_consistent_v1_ccfbcd08db49_seed_42,ccfbcd08db49645649c885e212a7f2e0796a7bf3746d6b5f7b50f2673ebb95b4,0.061378952,0.12981357,-0.01738771,-0.20664668,0.33698756,4
819,mvdec_dekm_consistent_v1,tiki_mvdec_dekm_consistent_v1_ccfbcd08db49_seed_42,ccfbcd08db49645649c885e212a7f2e0796a7bf3746d6b5f7b50f2673ebb95b4,-0.091745675,0.10220601,0.043587774,0.12509903,-0.00104855,0
820,mvdec_dekm_consistent_v1,tiki_mvdec_dekm_consistent_v1_ccfbcd08db49_seed_42,ccfbcd08db49645649c885e212a7f2e0796a7bf3746d6b5f7b50f2673ebb95b4,0.11087381,-0.02597487,-0.08681113,0.055576906,-0.02771959,2
821,mvdec_dekm_consistent_v1,tiki_mvdec_dekm_consistent_v1_ccfbcd08db49_seed_42,ccfbcd08db49645649c885e212a7f2e0796a7bf3746d6b5f7b50f2673ebb95b4,0.10872771,-0.41425717,-0.06000242,0.13323613,-0.13456154,2
822,mvdec_dekm_consistent_v1,tiki_mvdec_dekm_consistent_v1_ccfbcd08db49_seed_42,ccfbcd08db49645649c885e212a7f2e0796a7bf3746d6b5f7b50f2673ebb95b4,-0.10335699,0.2189854,0.024773695,0.18401298,0.0860149,0
823,mvdec_dekm_consistent_v1,tiki_mvdec_dekm_consistent_v1_ccfbcd08db49_seed_42,ccfbcd08db49645649c885e212a7f2e0796a7bf3746d6b5f7b50f2673ebb95b4,-0.11917421,0.15642822,0.102409266,0.20358175,0.08320785,0
824,mvdec_dekm_consistent_v1,tiki_mvdec_dekm_consistent_v1_ccfbcd08db49_seed_42,ccfbcd08db49645649c885e212a7f2e0796a7bf3746d6b5f7b50f2673ebb95b4,0.012366127,0.08117366,0.046909884,0.2251463,-0.0013528205,0
825,mvdec_dekm_consistent_v1,tiki_mvdec_dekm_consistent_v1_ccfbcd08db49_seed_42,ccfbcd08db49645649c885e212a7f2e0796a7bf3746d6b5f7b50f2673ebb95b4,0.060914926,0.18640545,-0.038572304,0.16709483,0.067272484,0
826,mvdec_dekm_consistent_v1,tiki_mvdec_dekm_consistent_v1_ccfbcd08db49_seed_42,ccfbcd08db49645649c885e212a7f2e0796a7bf3746d6b5f7b50f2673ebb95b4,0.14850473,-0.18123406,0.049231034,-0.008077029,-0.15110537,2
827,mvdec_dekm_consistent_v1,tiki_mvdec_dekm_consistent_v1_ccfbcd08db49_seed_42,ccfbcd08db49645649c885e212a7f2e0796a7bf3746d6b5f7b50f2673ebb95b4,-0.18891722,0.07601724,0.14928384,-0.62825936,0.26852533,4
828,mvdec_dekm_consistent_v1,tiki_mvdec_dekm_consistent_v1_ccfbcd08db49_seed_42,ccfbcd08db49645649c885e212a7f2e0796a7bf3746d6b5f7b50f2673ebb95b4,-0.04969375,0.073181875,0.061866842,0.1838651,0.0011391118,0
829,mvdec_dekm_consistent_v1,tiki_mvdec_dekm_consistent_v1_ccfbcd08db49_seed_42,ccfbcd08db49645649c885e212a7f2e0796a7bf3746d6b5f7b50f2673ebb95b4,-0.07839807,-0.1843178,0.014348559,-0.52681416,0.7221321,3
830,mvdec_dekm_consistent_v1,tiki_mvdec_dekm_consistent_v1_ccfbcd08db49_seed_42,ccfbcd08db49645649c885e212a7f2e0796a7bf3746d6b5f7b50f2673ebb95b4,-0.1366954,0.13357173,0.02711502,-0.3238769,0.12031691,4
831,mvdec_dekm_consistent_v1,tiki_mvdec_dekm_consistent_v1_ccfbcd08db49_seed_42,ccfbcd08db49645649c885e212a7f2e0796a7bf3746d6b5f7b50f2673ebb95b4,-0.08403405,0.013560705,0.12695183,0.15945378,0.069554225,0
832,mvdec_dekm_consistent_v1,tiki_mvdec_dekm_consistent_v1_ccfbcd08db49_seed_42,ccfbcd08db49645649c885e212a7f2e0796a7bf3746d6b5f7b50f2673ebb95b4,0.18343732,-0.29605758,0.017811645,0.052348047,-0.2161158,2
833,mvdec_dekm_consistent_v1,tiki_mvdec_dekm_consistent_v1_ccfbcd08db49_seed_42,ccfbcd08db49645649c885e212a7f2e0796a7bf3746d6b5f7b50f2673ebb95b4,0.027200257,0.07991162,-0.006408602,0.16710785,-0.027355058,0
834,mvdec_dekm_consistent_v1,tiki_mvdec_dekm_consistent_v1_ccfbcd08db49_seed_42,ccfbcd08db49645649c885e212a7f2e0796a7bf3746d6b5f7b50f2673ebb95b4,-0.30207595,-0.28217745,0.04428352,-0.6938196,0.68733764,3
835,mvdec_dekm_consistent_v1,tiki_mvdec_dekm_consistent_v1_ccfbcd08db49_seed_42,ccfbcd08db49645649c885e212a7f2e0796a7bf3746d6b5f7b50f2673ebb95b4,0.024545915,-0.0052836835,0.1729354,-0.3977135,-0.1694755,4
836,mvdec_dekm_consistent_v1,tiki_mvdec_dekm_consistent_v1_ccfbcd08db49_seed_42,ccfbcd08db49645649c885e212a7f2e0796a7bf3746d6b5f7b50f2673ebb95b4,-0.04584612,0.17036588,0.11083525,0.25390613,0.06941317,0
837,mvdec_dekm_consistent_v1,tiki_mvdec_dekm_consistent_v1_ccfbcd08db49_seed_42,ccfbcd08db49645649c885e212a7f2e0796a7bf3746d6b5f7b50f2673ebb95b4,0.5164397,-0.32083797,-0.14591756,0.050657276,-0.07789199,2
838,mvdec_dekm_consistent_v1,tiki_mvdec_dekm_consistent_v1_ccfbcd08db49_seed_42,ccfbcd08db49645649c885e212a7f2e0796a7bf3746d6b5f7b50f2673ebb95b4,-0.026149157,-0.022542186,0.06760546,-0.014937998,0.14071885,0
839,mvdec_dekm_consistent_v1,tiki_mvdec_dekm_consistent_v1_ccfbcd08db49_seed_42,ccfbcd08db49645649c885e212a7f2e0796a7bf3746d6b5f7b50f2673ebb95b4,0.38040388,-0.28828636,-0.12663159,0.06573486,-0.17166124,2
840,mvdec_dekm_consistent_v1,tiki_mvdec_dekm_consistent_v1_ccfbcd08db49_seed_42,ccfbcd08db49645649c885e212a7f2e0796a7bf3746d6b5f7b50f2673ebb95b4,0.061204385,0.16567183,0.09584235,0.18210411,0.040733166,0
841,mvdec_dekm_consistent_v1,tiki_mvdec_dekm_consistent_v1_ccfbcd08db49_seed_42,ccfbcd08db49645649c885e212a7f2e0796a7bf3746d6b5f7b50f2673ebb95b4,0.17707294,0.1869613,-0.019902736,-0.1094647,0.30302122,4
842,mvdec_dekm_consistent_v1,tiki_mvdec_dekm_consistent_v1_ccfbcd08db49_seed_42,ccfbcd08db49645649c885e212a7f2e0796a7bf3746d6b5f7b50f2673ebb95b4,-0.016233914,0.23378047,0.030356795,0.17122447,0.0111216605,0
843,mvdec_dekm_consistent_v1,tiki_mvdec_dekm_consistent_v1_ccfbcd08db49_seed_42,ccfbcd08db49645649c885e212a7f2e0796a7bf3746d6b5f7b50f2673ebb95b4,0.023491316,0.1852214,0.071265616,0.29467976,0.072058864,0
844,mvdec_dekm_consistent_v1,tiki_mvdec_dekm_consistent_v1_ccfbcd08db49_seed_42,ccfbcd08db49645649c885e212a7f2e0796a7bf3746d6b5f7b50f2673ebb95b4,-0.032502055,0.08980443,0.005607918,0.1568028,0.011949481,0
845,mvdec_dekm_consistent_v1,tiki_mvdec_dekm_consistent_v1_ccfbcd08db49_seed_42,ccfbcd08db49645649c885e212a7f2e0796a7bf3746d6b5f7b50f2673ebb95b4,-0.14954132,0.014373105,0.12461067,-0.35508835,0.21627486,4
846,mvdec_dekm_consistent_v1,tiki_mvdec_dekm_consistent_v1_ccfbcd08db49_seed_42,ccfbcd08db49645649c885e212a7f2e0796a7bf3746d6b5f7b50f2673ebb95b4,-0.17149693,0.13256164,0.024595559,-0.048712634,0.13085203,0
847,mvdec_dekm_consistent_v1,tiki_mvdec_dekm_consistent_v1_ccfbcd08db49_seed_42,ccfbcd08db49645649c885e212a7f2e0796a7bf3746d6b5f7b50f2673ebb95b4,-0.004936004,-0.0630914,-0.06849228,-0.15814362,0.10650756,4
848,mvdec_dekm_consistent_v1,tiki_mvdec_dekm_consistent_v1_ccfbcd08db49_seed_42,ccfbcd08db49645649c885e212a7f2e0796a7bf3746d6b5f7b50f2673ebb95b4,-0.03347163,0.11102229,0.06255297,0.21724474,0.021513958,0
849,mvdec_dekm_consistent_v1,tiki_mvdec_dekm_consistent_v1_ccfbcd08db49_seed_42,ccfbcd08db49645649c885e212a7f2e0796a7bf3746d6b5f7b50f2673ebb95b4,-0.0068664136,0.048811197,0.0017080382,0.15766482,-0.033386867,0
850,mvdec_dekm_consistent_v1,tiki_mvdec_dekm_consistent_v1_ccfbcd08db49_seed_42,ccfbcd08db49645649c885e212a7f2e0796a7bf3746d6b5f7b50f2673ebb95b4,-0.12521422,0.0485167,0.094168685,0.13892415,0.100417696,0
851,mvdec_dekm_consistent_v1,tiki_mvdec_dekm_consistent_v1_ccfbcd08db49_seed_42,ccfbcd08db49645649c885e212a7f2e0796a7bf3746d6b5f7b50f2673ebb95b4,-0.33074468,-0.29792345,0.102211,-0.6674029,0.68789864,3
852,mvdec_dekm_consistent_v1,tiki_mvdec_dekm_consistent_v1_ccfbcd08db49_seed_42,ccfbcd08db49645649c885e212a7f2e0796a7bf3746d6b5f7b50f2673ebb95b4,-0.011159459,0.10425236,0.050975267,0.21853039,0.0031284855,0
853,mvdec_dekm_consistent_v1,tiki_mvdec_dekm_consistent_v1_ccfbcd08db49_seed_42,ccfbcd08db49645649c885e212a7f2e0796a7bf3746d6b5f7b50f2673ebb95b4,-0.023001095,0.2386529,0.15844455,-0.052410178,0.15354332,4
854,mvdec_dekm_consistent_v1,tiki_mvdec_dekm_consistent_v1_ccfbcd08db49_seed_42,ccfbcd08db49645649c885e212a7f2e0796a7bf3746d6b5f7b50f2673ebb95b4,-0.052856166,0.14260133,-0.012644954,-0.28384826,0.18821026,4
855,mvdec_dekm_consistent_v1,tiki_mvdec_dekm_consistent_v1_ccfbcd08db49_seed_42,ccfbcd08db49645649c885e212a7f2e0796a7bf3746d6b5f7b50f2673ebb95b4,-0.034829073,0.029587708,-0.00036743283,0.09781474,-0.0903934,0
856,mvdec_dekm_consistent_v1,tiki_mvdec_dekm_consistent_v1_ccfbcd08db49_seed_42,ccfbcd08db49645649c885e212a7f2e0796a7bf3746d6b5f7b50f2673ebb95b4,0.58854795,0.18449347,0.009019293,-0.40160507,0.6559217,1
857,mvdec_dekm_consistent_v1,tiki_mvdec_dekm_consistent_v1_ccfbcd08db49_seed_42,ccfbcd08db49645649c885e212a7f2e0796a7bf3746d6b5f7b50f2673ebb95b4,-0.0513184,0.171442,0.03229304,-0.3050106,0.14709528,4
858,mvdec_dekm_consistent_v1,tiki_mvdec_dekm_consistent_v1_ccfbcd08db49_seed_42,ccfbcd08db49645649c885e212a7f2e0796a7bf3746d6b5f7b50f2673ebb95b4,0.1609701,0.23019445,-0.08695912,-0.08590968,0.32289532,4
859,mvdec_dekm_consistent_v1,tiki_mvdec_dekm_consistent_v1_ccfbcd08db49_seed_42,ccfbcd08db49645649c885e212a7f2e0796a7bf3746d6b5f7b50f2673ebb95b4,-0.14828068,-0.10446103,0.015465215,0.054266233,0.037839994,0
860,mvdec_dekm_consistent_v1,tiki_mvdec_dekm_consistent_v1_ccfbcd08db49_seed_42,ccfbcd08db49645649c885e212a7f2e0796a7bf3746d6b5f7b50f2673ebb95b4,-0.047360018,0.1795146,0.036377694,-0.29915917,0.1384109,4
861,mvdec_dekm_consistent_v1,tiki_mvdec_dekm_consistent_v1_ccfbcd08db49_seed_42,ccfbcd08db49645649c885e212a7f2e0796a7bf3746d6b5f7b50f2673ebb95b4,0.15844661,-0.19305824,0.013328049,0.0757795,-0.17793775,2
862,mvdec_dekm_consistent_v1,tiki_mvdec_dekm_consistent_v1_ccfbcd08db49_seed_42,ccfbcd08db49645649c885e212a7f2e0796a7bf3746d6b5f7b50f2673ebb95b4,-0.058341328,0.14826839,0.053180583,0.23088357,0.026107047,0
863,mvdec_dekm_consistent_v1,tiki_mvdec_dekm_consistent_v1_ccfbcd08db49_seed_42,ccfbcd08db49645649c885e212a7f2e0796a7bf3746d6b5f7b50f2673ebb95b4,-0.07562279,0.081940904,0.07073645,0.22341353,0.021923147,0
864,mvdec_dekm_consistent_v1,tiki_mvdec_dekm_consistent_v1_ccfbcd08db49_seed_42,ccfbcd08db49645649c885e212a7f2e0796a7bf3746d6b5f7b50f2673ebb95b4,0.045639478,-0.006781809,0.0042825863,0.14171776,-0.114154294,0
865,mvdec_dekm_consistent_v1,tiki_mvdec_dekm_consistent_v1_ccfbcd08db49_seed_42,ccfbcd08db49645649c885e212a7f2e0796a7bf3746d6b5f7b50f2673ebb95b4,-0.25794977,-0.12629077,0.013020933,-0.59945416,0.5209863,3
866,mvdec_dekm_consistent_v1,tiki_mvdec_dekm_consistent_v1_ccfbcd08db49_seed_42,ccfbcd08db49645649c885e212a7f2e0796a7bf3746d6b5f7b50f2673ebb95b4,0.085914716,-0.02738145,0.062147297,-0.117021754,-0.047997937,2
867,mvdec_dekm_consistent_v1,tiki_mvdec_dekm_consistent_v1_ccfbcd08db49_seed_42,ccfbcd08db49645649c885e212a7f2e0796a7bf3746d6b5f7b50f2673ebb95b4,-0.097549,0.12277353,0.072804034,0.03737009,0.09634512,0
868,mvdec_dekm_consistent_v1,tiki_mvdec_dekm_consistent_v1_ccfbcd08db49_seed_42,ccfbcd08db49645649c885e212a7f2e0796a7bf3746d6b5f7b50f2673ebb95b4,0.05189616,0.0026520193,0.027289458,-0.20228377,-0.012699798,4
869,mvdec_dekm_consistent_v1,tiki_mvdec_dekm_consistent_v1_ccfbcd08db49_seed_42,ccfbcd08db49645649c885e212a7f2e0796a7bf3746d6b5f7b50f2673ebb95b4,0.12525983,-0.094227195,0.034031864,0.09309971,-0.14390191,2
870,mvdec_dekm_consistent_v1,tiki_mvdec_dekm_consistent_v1_ccfbcd08db49_seed_42,ccfbcd08db49645649c885e212a7f2e0796a7bf3746d6b5f7b50f2673ebb95b4,0.04704987,0.16505435,-0.020147994,0.050730526,0.06547335,0
871,mvdec_dekm_consistent_v1,tiki_mvdec_dekm_consistent_v1_ccfbcd08db49_seed_42,ccfbcd08db49645649c885e212a7f2e0796a7bf3746d6b5f7b50f2673ebb95b4,0.009782955,0.086198404,-0.0300067,-0.060100477,0.04189522,0
872,mvdec_dekm_consistent_v1,tiki_mvdec_dekm_consistent_v1_ccfbcd08db49_seed_42,ccfbcd08db49645649c885e212a7f2e0796a7bf3746d6b5f7b50f2673ebb95b4,0.018850643,0.025581643,0.14263727,-0.31317347,0.053007066,4
873,mvdec_dekm_consistent_v1,tiki_mvdec_dekm_consistent_v1_ccfbcd08db49_seed_42,ccfbcd08db49645649c885e212a7f2e0796a7bf3746d6b5f7b50f2673ebb95b4,0.13004364,-0.0072053187,0.10507498,-0.318199,-0.07856868,4
874,mvdec_dekm_consistent_v1,tiki_mvdec_dekm_consistent_v1_ccfbcd08db49_seed_42,ccfbcd08db49645649c885e212a7f2e0796a7bf3746d6b5f7b50f2673ebb95b4,-0.021627247,0.091329284,0.012490056,0.16305265,-0.045378197,0
875,mvdec_dekm_consistent_v1,tiki_mvdec_dekm_consistent_v1_ccfbcd08db49_seed_42,ccfbcd08db49645649c885e212a7f2e0796a7bf3746d6b5f7b50f2673ebb95b4,0.0043476745,0.11400369,0.080877155,-0.20502207,0.05530925,4
876,mvdec_dekm_consistent_v1,tiki_mvdec_dekm_consistent_v1_ccfbcd08db49_seed_42,ccfbcd08db49645649c885e212a7f2e0796a7bf3746d6b5f7b50f2673ebb95b4,0.12239398,-0.08945522,0.042100824,-0.07729179,-0.12556095,2
877,mvdec_dekm_consistent_v1,tiki_mvdec_dekm_consistent_v1_ccfbcd08db49_seed_42,ccfbcd08db49645649c885e212a7f2e0796a7bf3746d6b5f7b50f2673ebb95b4,0.08569425,0.1452294,0.09293176,-0.4542424,0.3376881,4
878,mvdec_dekm_consistent_v1,tiki_mvdec_dekm_consistent_v1_ccfbcd08db49_seed_42,ccfbcd08db49645649c885e212a7f2e0796a7bf3746d6b5f7b50f2673ebb95b4,0.20368369,-0.28993613,0.07357773,0.12864408,-0.24921274,2
879,mvdec_dekm_consistent_v1,tiki_mvdec_dekm_consistent_v1_ccfbcd08db49_seed_42,ccfbcd08db49645649c885e212a7f2e0796a7bf3746d6b5f7b50f2673ebb95b4,-0.032270692,0.18584968,0.13399032,-0.38663378,0.15248159,4
880,mvdec_dekm_consistent_v1,tiki_mvdec_dekm_consistent_v1_ccfbcd08db49_seed_42,ccfbcd08db49645649c885e212a7f2e0796a7bf3746d6b5f7b50f2673ebb95b4,0.24517412,0.17106463,0.0670871,-0.12297994,0.71466696,1
881,mvdec_dekm_consistent_v1,tiki_mvdec_dekm_consistent_v1_ccfbcd08db49_seed_42,ccfbcd08db49645649c885e212a7f2e0796a7bf3746d6b5f7b50f2673ebb95b4,-0.29746887,-0.29296684,0.04812753,-0.6541108,0.68264145,3
882,mvdec_dekm_consistent_v1,tiki_mvdec_dekm_consistent_v1_ccfbcd08db49_seed_42,ccfbcd08db49645649c885e212a7f2e0796a7bf3746d6b5f7b50f2673ebb95b4,-0.052133705,0.12306691,0.08766658,0.21629348,0.05400115,0
883,mvdec_dekm_consistent_v1,tiki_mvdec_dekm_consistent_v1_ccfbcd08db49_seed_42,ccfbcd08db49645649c885e212a7f2e0796a7bf3746d6b5f7b50f2673ebb95b4,0.105516754,0.031245671,0.06849132,-0.11355917,-0.02476424,2
884,mvdec_dekm_consistent_v1,tiki_mvdec_dekm_consistent_v1_ccfbcd08db49_seed_42,ccfbcd08db49645649c885e212a7f2e0796a7bf3746d6b5f7b50f2673ebb95b4,-0.054400682,0.18892008,0.25765863,-0.15810189,0.10836679,4
885,mvdec_dekm_consistent_v1,tiki_mvdec_dekm_consistent_v1_ccfbcd08db49_seed_42,ccfbcd08db49645649c885e212a7f2e0796a7bf3746d6b5f7b50f2673ebb95b4,-0.5032747,-0.2540807,0.076226234,-0.6470822,0.52205086,3
886,mvdec_dekm_consistent_v1,tiki_mvdec_dekm_consistent_v1_ccfbcd08db49_seed_42,ccfbcd08db49645649c885e212a7f2e0796a7bf3746d6b5f7b50f2673ebb95b4,-0.09776814,0.12863456,0.09704292,0.093139976,0.13860244,0
887,mvdec_dekm_consistent_v1,tiki_mvdec_dekm_consistent_v1_ccfbcd08db49_seed_42,ccfbcd08db49645649c885e212a7f2e0796a7bf3746d6b5f7b50f2673ebb95b4,-0.16955973,0.10649818,0.017917905,-0.4120016,0.19702381,4
888,mvdec_dekm_consistent_v1,tiki_mvdec_dekm_consistent_v1_ccfbcd08db49_seed_42,ccfbcd08db49645649c885e212a7f2e0796a7bf3746d6b5f7b50f2673ebb95b4,-0.036154777,0.079815954,-0.006533757,0.16457802,0.007157132,0
889,mvdec_dekm_consistent_v1,tiki_mvdec_dekm_consistent_v1_ccfbcd08db49_seed_42,ccfbcd08db49645649c885e212a7f2e0796a7bf3746d6b5f7b50f2673ebb95b4,-0.024945628,0.16947821,0.036561932,-0.28422612,0.111402065,4
890,mvdec_dekm_consistent_v1,tiki_mvdec_dekm_consistent_v1_ccfbcd08db49_seed_42,ccfbcd08db49645649c885e212a7f2e0796a7bf3746d6b5f7b50f2673ebb95b4,-0.09988258,0.06834428,-0.030103818,-0.31903592,0.29822478,4
891,mvdec_dekm_consistent_v1,tiki_mvdec_dekm_consistent_v1_ccfbcd08db49_seed_42,ccfbcd08db49645649c885e212a7f2e0796a7bf3746d6b5f7b50f2673ebb95b4,0.20005429,-0.105876386,-0.0022977889,-0.107299276,-0.06574971,2
892,mvdec_dekm_consistent_v1,tiki_mvdec_dekm_consistent_v1_ccfbcd08db49_seed_42,ccfbcd08db49645649c885e212a7f2e0796a7bf3746d6b5f7b50f2673ebb95b4,0.06724188,0.024363767,0.0011139847,0.16411638,-0.051617064,0
893,mvdec_dekm_consistent_v1,tiki_mvdec_dekm_consistent_v1_ccfbcd08db49_seed_42,ccfbcd08db49645649c885e212a7f2e0796a7bf3746d6b5f7b50f2673ebb95b4,-0.0012875265,0.10619478,-0.006667152,-0.23878737,0.28880748,4
894,mvdec_dekm_consistent_v1,tiki_mvdec_dekm_consistent_v1_ccfbcd08db49_seed_42,ccfbcd08db49645649c885e212a7f2e0796a7bf3746d6b5f7b50f2673ebb95b4,-0.10676044,0.17545703,0.081509195,0.30874825,0.13689364,0
895,mvdec_dekm_consistent_v1,tiki_mvdec_dekm_consistent_v1_ccfbcd08db49_seed_42,ccfbcd08db49645649c885e212a7f2e0796a7bf3746d6b5f7b50f2673ebb95b4,0.013203084,-0.09873234,0.016391106,-0.23189014,-0.13882136,2
896,mvdec_dekm_consistent_v1,tiki_mvdec_dekm_consistent_v1_ccfbcd08db49_seed_42,ccfbcd08db49645649c885e212a7f2e0796a7bf3746d6b5f7b50f2673ebb95b4,-0.15758824,-0.22308426,0.027522814,-0.5750598,0.70448345,3
897,mvdec_dekm_consistent_v1,tiki_mvdec_dekm_consistent_v1_ccfbcd08db49_seed_42,ccfbcd08db49645649c885e212a7f2e0796a7bf3746d6b5f7b50f2673ebb95b4,0.061964814,0.2242379,0.12535036,-0.40669334,0.15075587,4
898,mvdec_dekm_consistent_v1,tiki_mvdec_dekm_consistent_v1_ccfbcd08db49_seed_42,ccfbcd08db49645649c885e212a7f2e0796a7bf3746d6b5f7b50f2673ebb95b4,0.25342453,-0.04198493,0.13842556,-0.18235794,0.45662433,1
899,mvdec_dekm_consistent_v1,tiki_mvdec_dekm_consistent_v1_ccfbcd08db49_seed_42,ccfbcd08db49645649c885e212a7f2e0796a7bf3746d6b5f7b50f2673ebb95b4,-0.2938845,-0.24885266,0.11200719,-0.86779606,0.6634695,3
900,mvdec_dekm_consistent_v1,tiki_mvdec_dekm_consistent_v1_ccfbcd08db49_seed_42,ccfbcd08db49645649c885e212a7f2e0796a7bf3746d6b5f7b50f2673ebb95b4,-0.19308573,0.020595271,0.0034205727,-0.49096516,0.32572243,4
901,mvdec_dekm_consistent_v1,tiki_mvdec_dekm_consistent_v1_ccfbcd08db49_seed_42,ccfbcd08db49645649c885e212a7f2e0796a7bf3746d6b5f7b50f2673ebb95b4,0.014330651,0.15458728,0.24190606,-0.20212324,0.08383294,4
902,mvdec_dekm_consistent_v1,tiki_mvdec_dekm_consistent_v1_ccfbcd08db49_seed_42,ccfbcd08db49645649c885e212a7f2e0796a7bf3746d6b5f7b50f2673ebb95b4,-0.32267866,-0.14834137,0.06024591,-0.712137,0.50326145,3
903,mvdec_dekm_consistent_v1,tiki_mvdec_dekm_consistent_v1_ccfbcd08db49_seed_42,ccfbcd08db49645649c885e212a7f2e0796a7bf3746d6b5f7b50f2673ebb95b4,0.037603583,-0.13948065,-0.13471025,0.008581911,-0.07952747,2
904,mvdec_dekm_consistent_v1,tiki_mvdec_dekm_consistent_v1_ccfbcd08db49_seed_42,ccfbcd08db49645649c885e212a7f2e0796a7bf3746d6b5f7b50f2673ebb95b4,-0.0039331876,0.14658794,0.07931525,-0.40540075,0.12068135,4
905,mvdec_dekm_consistent_v1,tiki_mvdec_dekm_consistent_v1_ccfbcd08db49_seed_42,ccfbcd08db49645649c885e212a7f2e0796a7bf3746d6b5f7b50f2673ebb95b4,0.22245505,-0.020900164,-0.047505595,-0.353697,0.7058734,1
906,mvdec_dekm_consistent_v1,tiki_mvdec_dekm_consistent_v1_ccfbcd08db49_seed_42,ccfbcd08db49645649c885e212a7f2e0796a7bf3746d6b5f7b50f2673ebb95b4,-0.016441885,0.12626293,0.10254802,-0.18947244,0.06296992,4
907,mvdec_dekm_consistent_v1,tiki_mvdec_dekm_consistent_v1_ccfbcd08db49_seed_42,ccfbcd08db49645649c885e212a7f2e0796a7bf3746d6b5f7b50f2673ebb95b4,-0.042064156,0.21279936,0.1706146,-0.42989388,0.103406824,4
908,mvdec_dekm_consistent_v1,tiki_mvdec_dekm_consistent_v1_ccfbcd08db49_seed_42,ccfbcd08db49645649c885e212a7f2e0796a7bf3746d6b5f7b50f2673ebb95b4,0.09514729,0.06293021,-0.002145134,0.20765783,-0.02867448,0
909,mvdec_dekm_consistent_v1,tiki_mvdec_dekm_consistent_v1_ccfbcd08db49_seed_42,ccfbcd08db49645649c885e212a7f2e0796a7bf3746d6b5f7b50f2673ebb95b4,-0.060496025,0.13793147,0.082704864,0.24898484,0.076279186,0
910,mvdec_dekm_consistent_v1,tiki_mvdec_dekm_consistent_v1_ccfbcd08db49_seed_42,ccfbcd08db49645649c885e212a7f2e0796a7bf3746d6b5f7b50f2673ebb95b4,-0.042452335,-0.0793718,0.045757968,-0.41793913,0.026142694,4
911,mvdec_dekm_consistent_v1,tiki_mvdec_dekm_consistent_v1_ccfbcd08db49_seed_42,ccfbcd08db49645649c885e212a7f2e0796a7bf3746d6b5f7b50f2673ebb95b4,-0.13248926,0.15485398,0.10422881,0.15553112,0.10228808,0
912,mvdec_dekm_consistent_v1,tiki_mvdec_dekm_consistent_v1_ccfbcd08db49_seed_42,ccfbcd08db49645649c885e212a7f2e0796a7bf3746d6b5f7b50f2673ebb95b4,-0.033174902,0.15825441,0.083421156,-0.41382092,0.11211264,4
913,mvdec_dekm_consistent_v1,tiki_mvdec_dekm_consistent_v1_ccfbcd08db49_seed_42,ccfbcd08db49645649c885e212a7f2e0796a7bf3746d6b5f7b50f2673ebb95b4,-0.048386272,0.098762155,0.06847234,0.19675437,0.07485911,0
914,mvdec_dekm_consistent_v1,tiki_mvdec_dekm_consistent_v1_ccfbcd08db49_seed_42,ccfbcd08db49645649c885e212a7f2e0796a7bf3746d6b5f7b50f2673ebb95b4,-0.14104407,0.23595153,0.035119265,0.13576183,0.022571407,0
915,mvdec_dekm_consistent_v1,tiki_mvdec_dekm_consistent_v1_ccfbcd08db49_seed_42,ccfbcd08db49645649c885e212a7f2e0796a7bf3746d6b5f7b50f2673ebb95b4,0.020479552,0.13242397,0.08114004,0.23406899,0.06004525,0
916,mvdec_dekm_consistent_v1,tiki_mvdec_dekm_consistent_v1_ccfbcd08db49_seed_42,ccfbcd08db49645649c885e212a7f2e0796a7bf3746d6b5f7b50f2673ebb95b4,0.043353885,0.17775628,0.11761758,-0.15246196,0.24219888,4
917,mvdec_dekm_consistent_v1,tiki_mvdec_dekm_consistent_v1_ccfbcd08db49_seed_42,ccfbcd08db49645649c885e212a7f2e0796a7bf3746d6b5f7b50f2673ebb95b4,0.049313568,-0.12236708,0.0047050864,-0.4278111,0.7282094,1
918,mvdec_dekm_consistent_v1,tiki_mvdec_dekm_consistent_v1_ccfbcd08db49_seed_42,ccfbcd08db49645649c885e212a7f2e0796a7bf3746d6b5f7b50f2673ebb95b4,-0.088159576,0.09296682,-0.007967725,-0.25238055,0.21543285,4
919,mvdec_dekm_consistent_v1,tiki_mvdec_dekm_consistent_v1_ccfbcd08db49_seed_42,ccfbcd08db49645649c885e212a7f2e0796a7bf3746d6b5f7b50f2673ebb95b4,0.2102193,0.038173437,0.0712614,-0.3353966,0.074856356,4
920,mvdec_dekm_consistent_v1,tiki_mvdec_dekm_consistent_v1_ccfbcd08db49_seed_42,ccfbcd08db49645649c885e212a7f2e0796a7bf3746d6b5f7b50f2673ebb95b4,-0.1578265,0.19307627,0.028847843,0.1072319,0.03449791,0
921,mvdec_dekm_consistent_v1,tiki_mvdec_dekm_consistent_v1_ccfbcd08db49_seed_42,ccfbcd08db49645649c885e212a7f2e0796a7bf3746d6b5f7b50f2673ebb95b4,0.1978653,-0.32949775,0.087477356,0.11723785,-0.18761873,2
922,mvdec_dekm_consistent_v1,tiki_mvdec_dekm_consistent_v1_ccfbcd08db49_seed_42,ccfbcd08db49645649c885e212a7f2e0796a7bf3746d6b5f7b50f2673ebb95b4,0.17480999,-0.059342384,0.0038976558,-0.47558033,0.6892645,1
923,mvdec_dekm_consistent_v1,tiki_mvdec_dekm_consistent_v1_ccfbcd08db49_seed_42,ccfbcd08db49645649c885e212a7f2e0796a7bf3746d6b5f7b50f2673ebb95b4,-0.0033988692,-0.066091724,-0.06959277,0.07431325,-0.16992822,2
924,mvdec_dekm_consistent_v1,tiki_mvdec_dekm_consistent_v1_ccfbcd08db49_seed_42,ccfbcd08db49645649c885e212a7f2e0796a7bf3746d6b5f7b50f2673ebb95b4,-0.04434365,0.14103918,0.014449455,0.15746617,0.042776063,0
925,mvdec_dekm_consistent_v1,tiki_mvdec_dekm_consistent_v1_ccfbcd08db49_seed_42,ccfbcd08db49645649c885e212a7f2e0796a7bf3746d6b5f7b50f2673ebb95b4,-0.15797913,-0.22581516,0.07800582,-0.5941541,0.6927848,3
926,mvdec_dekm_consistent_v1,tiki_mvdec_dekm_consistent_v1_ccfbcd08db49_seed_42,ccfbcd08db49645649c885e212a7f2e0796a7bf3746d6b5f7b50f2673ebb95b4,0.085388444,-0.16167283,-0.06011644,0.09598029,-0.14269398,2
927,mvdec_dekm_consistent_v1,tiki_mvdec_dekm_consistent_v1_ccfbcd08db49_seed_42,ccfbcd08db49645649c885e212a7f2e0796a7bf3746d6b5f7b50f2673ebb95b4,-0.1308984,0.1321505,0.015039001,-0.37993154,0.19924271,4
928,mvdec_dekm_consistent_v1,tiki_mvdec_dekm_consistent_v1_ccfbcd08db49_seed_42,ccfbcd08db49645649c885e212a7f2e0796a7bf3746d6b5f7b50f2673ebb95b4,-0.07466367,0.10638247,0.094156824,0.11323593,0.048326094,0
929,mvdec_dekm_consistent_v1,tiki_mvdec_dekm_consistent_v1_ccfbcd08db49_seed_42,ccfbcd08db49645649c885e212a7f2e0796a7bf3746d6b5f7b50f2673ebb95b4,-0.10109794,0.15392596,0.025415331,-0.014969837,0.14450423,0
930,mvdec_dekm_consistent_v1,tiki_mvdec_dekm_consistent_v1_ccfbcd08db49_seed_42,ccfbcd08db49645649c885e212a7f2e0796a7bf3746d6b5f7b50f2673ebb95b4,-0.082348295,0.1863999,0.044963386,0.21460272,0.088475674,0
931,mvdec_dekm_consistent_v1,tiki_mvdec_dekm_consistent_v1_ccfbcd08db49_seed_42,ccfbcd08db49645649c885e212a7f2e0796a7bf3746d6b5f7b50f2673ebb95b4,0.043043464,0.19008723,0.021986907,-0.29215157,0.20794769,4
932,mvdec_dekm_consistent_v1,tiki_mvdec_dekm_consistent_v1_ccfbcd08db49_seed_42,ccfbcd08db49645649c885e212a7f2e0796a7bf3746d6b5f7b50f2673ebb95b4,-0.08144836,-0.003482733,0.078133695,0.13437249,0.060202703,0
933,mvdec_dekm_consistent_v1,tiki_mvdec_dekm_consistent_v1_ccfbcd08db49_seed_42,ccfbcd08db49645649c885e212a7f2e0796a7bf3746d6b5f7b50f2673ebb95b4,0.11193332,0.10287058,0.0073795207,-0.36253262,0.41730922,1
934,mvdec_dekm_consistent_v1,tiki_mvdec_dekm_consistent_v1_ccfbcd08db49_seed_42,ccfbcd08db49645649c885e212a7f2e0796a7bf3746d6b5f7b50f2673ebb95b4,0.102973156,-0.14377004,-0.10244701,0.04105133,-0.17782068,2
935,mvdec_dekm_consistent_v1,tiki_mvdec_dekm_consistent_v1_ccfbcd08db49_seed_42,ccfbcd08db49645649c885e212a7f2e0796a7bf3746d6b5f7b50f2673ebb95b4,-0.13825756,0.049388595,-0.051782265,-0.30586985,0.309541,4
936,mvdec_dekm_consistent_v1,tiki_mvdec_dekm_consistent_v1_ccfbcd08db49_seed_42,ccfbcd08db49645649c885e212a7f2e0796a7bf3746d6b5f7b50f2673ebb95b4,-0.03577272,-0.01121502,0.04267612,0.13397536,0.07983333,0
937,mvdec_dekm_consistent_v1,tiki_mvdec_dekm_consistent_v1_ccfbcd08db49_seed_42,ccfbcd08db49645649c885e212a7f2e0796a7bf3746d6b5f7b50f2673ebb95b4,0.013206935,0.15233578,-0.033926,-0.25111714,0.23221403,4
938,mvdec_dekm_consistent_v1,tiki_mvdec_dekm_consistent_v1_ccfbcd08db49_seed_42,ccfbcd08db49645649c885e212a7f2e0796a7bf3746d6b5f7b50f2673ebb95b4,0.128936,0.114378326,0.009406973,-0.35552973,0.41793388,1
939,mvdec_dekm_consistent_v1,tiki_mvdec_dekm_consistent_v1_ccfbcd08db49_seed_42,ccfbcd08db49645649c885e212a7f2e0796a7bf3746d6b5f7b50f2673ebb95b4,-0.22804934,0.19534962,0.037464425,0.07311733,0.049182124,0
940,mvdec_dekm_consistent_v1,tiki_mvdec_dekm_consistent_v1_ccfbcd08db49_seed_42,ccfbcd08db49645649c885e212a7f2e0796a7bf3746d6b5f7b50f2673ebb95b4,0.010740738,0.1909242,0.10349135,-0.41357404,0.12657851,4
941,mvdec_dekm_consistent_v1,tiki_mvdec_dekm_consistent_v1_ccfbcd08db49_seed_42,ccfbcd08db49645649c885e212a7f2e0796a7bf3746d6b5f7b50f2673ebb95b4,0.008568623,-0.030784838,0.08615574,-0.3576437,0.64426017,1
942,mvdec_dekm_consistent_v1,tiki_mvdec_dekm_consistent_v1_ccfbcd08db49_seed_42,ccfbcd08db49645649c885e212a7f2e0796a7bf3746d6b5f7b50f2673ebb95b4,-0.045767844,0.15307555,0.0635516,0.1964337,0.034760624,0
943,mvdec_dekm_consistent_v1,tiki_mvdec_dekm_consistent_v1_ccfbcd08db49_seed_42,ccfbcd08db49645649c885e212a7f2e0796a7bf3746d6b5f7b50f2673ebb95b4,0.08794223,-0.31762782,-0.047520723,-0.30593362,0.026835062,2
944,mvdec_dekm_consistent_v1,tiki_mvdec_dekm_consistent_v1_ccfbcd08db49_seed_42,ccfbcd08db49645649c885e212a7f2e0796a7bf3746d6b5f7b50f2673ebb95b4,0.024629913,0.21277794,0.04145552,-0.2763053,0.16288853,4
945,mvdec_dekm_consistent_v1,tiki_mvdec_dekm_consistent_v1_ccfbcd08db49_seed_42,ccfbcd08db49645649c885e212a7f2e0796a7bf3746d6b5f7b50f2673ebb95b4,0.084955595,-0.00856101,-0.031183958,0.06971173,0.015161678,0
946,mvdec_dekm_consistent_v1,tiki_mvdec_dekm_consistent_v1_ccfbcd08db49_seed_42,ccfbcd08db49645649c885e212a7f2e0796a7bf3746d6b5f7b50f2673ebb95b4,-0.039748568,0.1388495,0.11608468,-0.16598755,0.21111181,4
947,mvdec_dekm_consistent_v1,tiki_mvdec_dekm_consistent_v1_ccfbcd08db49_seed_42,ccfbcd08db49645649c885e212a7f2e0796a7bf3746d6b5f7b50f2673ebb95b4,-0.03781948,0.054343984,0.05648598,0.17002058,0.014282085,0
948,mvdec_dekm_consistent_v1,tiki_mvdec_dekm_consistent_v1_ccfbcd08db49_seed_42,ccfbcd08db49645649c885e212a7f2e0796a7bf3746d6b5f7b50f2673ebb95b4,-0.12770171,0.13119097,0.023386106,-0.3260595,0.13191131,4
949,mvdec_dekm_consistent_v1,tiki_mvdec_dekm_consistent_v1_ccfbcd08db49_seed_42,ccfbcd08db49645649c885e212a7f2e0796a7bf3746d6b5f7b50f2673ebb95b4,0.026741216,0.28410983,0.0483433,0.20376295,0.023759514,0
950,mvdec_dekm_consistent_v1,tiki_mvdec_dekm_consistent_v1_ccfbcd08db49_seed_42,ccfbcd08db49645649c885e212a7f2e0796a7bf3746d6b5f7b50f2673ebb95b4,-0.12277818,0.1248846,-0.022702012,-0.3019026,0.16513838,4
951,mvdec_dekm_consistent_v1,tiki_mvdec_dekm_consistent_v1_ccfbcd08db49_seed_42,ccfbcd08db49645649c885e212a7f2e0796a7bf3746d6b5f7b50f2673ebb95b4,-0.019078374,0.21314174,0.0470944,-0.27686846,0.1266965,4
952,mvdec_dekm_consistent_v1,tiki_mvdec_dekm_consistent_v1_ccfbcd08db49_seed_42,ccfbcd08db49645649c885e212a7f2e0796a7bf3746d6b5f7b50f2673ebb95b4,0.17589162,-0.054491114,-0.03627433,-0.39596486,0.6662662,1
953,mvdec_dekm_consistent_v1,tiki_mvdec_dekm_consistent_v1_ccfbcd08db49_seed_42,ccfbcd08db49645649c885e212a7f2e0796a7bf3746d6b5f7b50f2673ebb95b4,0.067819476,0.1766989,0.032897457,-0.32037514,0.25040185,4
954,mvdec_dekm_consistent_v1,tiki_mvdec_dekm_consistent_v1_ccfbcd08db49_seed_42,ccfbcd08db49645649c885e212a7f2e0796a7bf3746d6b5f7b50f2673ebb95b4,0.06033553,0.17445953,0.03187352,-0.32181802,0.24962418,4
955,mvdec_dekm_consistent_v1,tiki_mvdec_dekm_consistent_v1_ccfbcd08db49_seed_42,ccfbcd08db49645649c885e212a7f2e0796a7bf3746d6b5f7b50f2673ebb95b4,-0.03999484,0.08281599,0.023236685,0.15162577,-0.038009904,0
956,mvdec_dekm_consistent_v1,tiki_mvdec_dekm_consistent_v1_ccfbcd08db49_seed_42,ccfbcd08db49645649c885e212a7f2e0796a7bf3746d6b5f7b50f2673ebb95b4,-0.16030908,0.1001431,0.0019970387,-0.27575004,0.16774026,4
957,mvdec_dekm_consistent_v1,tiki_mvdec_dekm_consistent_v1_ccfbcd08db49_seed_42,ccfbcd08db49645649c885e212a7f2e0796a7bf3746d6b5f7b50f2673ebb95b4,0.043480847,-0.19019079,-0.011053555,0.050943032,-0.068179265,2
958,mvdec_dekm_consistent_v1,tiki_mvdec_dekm_consistent_v1_ccfbcd08db49_seed_42,ccfbcd08db49645649c885e212a7f2e0796a7bf3746d6b5f7b50f2673ebb95b4,-0.01885194,0.15328254,0.08341637,0.2498723,0.05184611,0
959,mvdec_dekm_consistent_v1,tiki_mvdec_dekm_consistent_v1_ccfbcd08db49_seed_42,ccfbcd08db49645649c885e212a7f2e0796a7bf3746d6b5f7b50f2673ebb95b4,0.006072574,0.053650144,0.013739536,-0.2934326,0.046106797,4
960,mvdec_dekm_consistent_v1,tiki_mvdec_dekm_consistent_v1_ccfbcd08db49_seed_42,ccfbcd08db49645649c885e212a7f2e0796a7bf3746d6b5f7b50f2673ebb95b4,-0.026557315,0.18050759,0.0024100542,0.017784871,0.16471979,0
961,mvdec_dekm_consistent_v1,tiki_mvdec_dekm_consistent_v1_ccfbcd08db49_seed_42,ccfbcd08db49645649c885e212a7f2e0796a7bf3746d6b5f7b50f2673ebb95b4,0.013682071,-0.11240361,-0.14611515,0.046365116,-0.13574462,2
962,mvdec_dekm_consistent_v1,tiki_mvdec_dekm_consistent_v1_ccfbcd08db49_seed_42,ccfbcd08db49645649c885e212a7f2e0796a7bf3746d6b5f7b50f2673ebb95b4,0.028746683,0.046232536,0.058206636,0.022941962,0.17737214,0
963,mvdec_dekm_consistent_v1,tiki_mvdec_dekm_consistent_v1_ccfbcd08db49_seed_42,ccfbcd08db49645649c885e212a7f2e0796a7bf3746d6b5f7b50f2673ebb95b4,0.02263103,0.14496237,0.14058118,-0.39543274,0.057289317,4
964,mvdec_dekm_consistent_v1,tiki_mvdec_dekm_consistent_v1_ccfbcd08db49_seed_42,ccfbcd08db49645649c885e212a7f2e0796a7bf3746d6b5f7b50f2673ebb95b4,0.06747946,0.054618683,0.08094508,0.19326057,-0.048707668,0
965,mvdec_dekm_consistent_v1,tiki_mvdec_dekm_consistent_v1_ccfbcd08db49_seed_42,ccfbcd08db49645649c885e212a7f2e0796a7bf3746d6b5f7b50f2673ebb95b4,0.08154678,0.10001074,0.023342889,0.23624979,-0.022876933,0
966,mvdec_dekm_consistent_v1,tiki_mvdec_dekm_consistent_v1_ccfbcd08db49_seed_42,ccfbcd08db49645649c885e212a7f2e0796a7bf3746d6b5f7b50f2673ebb95b4,0.12227231,-0.089920536,-0.015866756,-0.3667946,0.7164561,1
967,mvdec_dekm_consistent_v1,tiki_mvdec_dekm_consistent_v1_ccfbcd08db49_seed_42,ccfbcd08db49645649c885e212a7f2e0796a7bf3746d6b5f7b50f2673ebb95b4,0.32199323,0.053874835,-0.059835356,-0.37356824,0.6749665,1
968,mvdec_dekm_consistent_v1,tiki_mvdec_dekm_consistent_v1_ccfbcd08db49_seed_42,ccfbcd08db49645649c885e212a7f2e0796a7bf3746d6b5f7b50f2673ebb95b4,-0.07994571,0.15639083,0.01163438,0.10869058,0.040077653,0
969,mvdec_dekm_consistent_v1,tiki_mvdec_dekm_consistent_v1_ccfbcd08db49_seed_42,ccfbcd08db49645649c885e212a7f2e0796a7bf3746d6b5f7b50f2673ebb95b4,-0.089913286,-0.0023210216,0.10276132,-0.15697607,0.13602108,4
970,mvdec_dekm_consistent_v1,tiki_mvdec_dekm_consistent_v1_ccfbcd08db49_seed_42,ccfbcd08db49645649c885e212a7f2e0796a7bf3746d6b5f7b50f2673ebb95b4,0.3616853,0.07435583,-0.07056867,-0.40461788,0.65222245,1
971,mvdec_dekm_consistent_v1,tiki_mvdec_dekm_consistent_v1_ccfbcd08db49_seed_42,ccfbcd08db49645649c885e212a7f2e0796a7bf3746d6b5f7b50f2673ebb95b4,-0.18234634,0.0154854655,-0.024948642,-0.059932925,0.08841292,0
972,mvdec_dekm_consistent_v1,tiki_mvdec_dekm_consistent_v1_ccfbcd08db49_seed_42,ccfbcd08db49645649c885e212a7f2e0796a7bf3746d6b5f7b50f2673ebb95b4,-0.09888465,0.16510014,0.022272632,0.15833229,-0.02704481,0
973,mvdec_dekm_consistent_v1,tiki_mvdec_dekm_consistent_v1_ccfbcd08db49_seed_42,ccfbcd08db49645649c885e212a7f2e0796a7bf3746d6b5f7b50f2673ebb95b4,0.018710965,-0.17633367,0.06141216,-0.17739984,-0.18361358,2
974,mvdec_dekm_consistent_v1,tiki_mvdec_dekm_consistent_v1_ccfbcd08db49_seed_42,ccfbcd08db49645649c885e212a7f2e0796a7bf3746d6b5f7b50f2673ebb95b4,0.021838695,0.16338694,0.0064079063,-0.3043964,0.22097081,4
975,mvdec_dekm_consistent_v1,tiki_mvdec_dekm_consistent_v1_ccfbcd08db49_seed_42,ccfbcd08db49645649c885e212a7f2e0796a7bf3746d6b5f7b50f2673ebb95b4,-0.33074778,-0.29791826,0.10221252,-0.667402,0.6878966,3
976,mvdec_dekm_consistent_v1,tiki_mvdec_dekm_consistent_v1_ccfbcd08db49_seed_42,ccfbcd08db49645649c885e212a7f2e0796a7bf3746d6b5f7b50f2673ebb95b4,-0.25105,-0.12152946,0.06530009,-0.67942184,0.5061283,3
977,mvdec_dekm_consistent_v1,tiki_mvdec_dekm_consistent_v1_ccfbcd08db49_seed_42,ccfbcd08db49645649c885e212a7f2e0796a7bf3746d6b5f7b50f2673ebb95b4,-0.12460071,-0.19317777,0.07053068,-0.5557402,0.721565,3
978,mvdec_dekm_consistent_v1,tiki_mvdec_dekm_consistent_v1_ccfbcd08db49_seed_42,ccfbcd08db49645649c885e212a7f2e0796a7bf3746d6b5f7b50f2673ebb95b4,-0.035783585,0.17403428,0.0073588192,-0.11888559,0.17505385,4
979,mvdec_dekm_consistent_v1,tiki_mvdec_dekm_consistent_v1_ccfbcd08db49_seed_42,ccfbcd08db49645649c885e212a7f2e0796a7bf3746d6b5f7b50f2673ebb95b4,-0.2509679,-0.121634126,0.065277204,-0.6794706,0.50614417,3
980,mvdec_dekm_consistent_v1,tiki_mvdec_dekm_consistent_v1_ccfbcd08db49_seed_42,ccfbcd08db49645649c885e212a7f2e0796a7bf3746d6b5f7b50f2673ebb95b4,0.26901594,0.118185475,-0.049643688,-0.3035103,0.5045695,1
981,mvdec_dekm_consistent_v1,tiki_mvdec_dekm_consistent_v1_ccfbcd08db49_seed_42,ccfbcd08db49645649c885e212a7f2e0796a7bf3746d6b5f7b50f2673ebb95b4,-0.29746887,-0.29296684,0.04812753,-0.6541108,0.68264145,3
982,mvdec_dekm_consistent_v1,tiki_mvdec_dekm_consistent_v1_ccfbcd08db49_seed_42,ccfbcd08db49645649c885e212a7f2e0796a7bf3746d6b5f7b50f2673ebb95b4,0.15453292,-0.16232802,0.09983278,0.09439796,-0.1713021,2
983,mvdec_dekm_consistent_v1,tiki_mvdec_dekm_consistent_v1_ccfbcd08db49_seed_42,ccfbcd08db49645649c885e212a7f2e0796a7bf3746d6b5f7b50f2673ebb95b4,-0.05427688,0.14435269,0.071429744,0.2274585,0.061446764,0
984,mvdec_dekm_consistent_v1,tiki_mvdec_dekm_consistent_v1_ccfbcd08db49_seed_42,ccfbcd08db49645649c885e212a7f2e0796a7bf3746d6b5f7b50f2673ebb95b4,-0.024100937,0.0036702305,0.027952932,0.13829225,-0.02090996,0
985,mvdec_dekm_consistent_v1,tiki_mvdec_dekm_consistent_v1_ccfbcd08db49_seed_42,ccfbcd08db49645649c885e212a7f2e0796a7bf3746d6b5f7b50f2673ebb95b4,0.24314438,-0.08916631,0.025013871,-0.2550739,0.07379846,4
986,mvdec_dekm_consistent_v1,tiki_mvdec_dekm_consistent_v1_ccfbcd08db49_seed_42,ccfbcd08db49645649c885e212a7f2e0796a7bf3746d6b5f7b50f2673ebb95b4,0.04476659,0.18885672,0.16612767,-0.33665708,0.19512287,4
987,mvdec_dekm_consistent_v1,tiki_mvdec_dekm_consistent_v1_ccfbcd08db49_seed_42,ccfbcd08db49645649c885e212a7f2e0796a7bf3746d6b5f7b50f2673ebb95b4,-0.06853713,0.17452168,0.07588411,-0.35884416,0.13852707,4
988,mvdec_dekm_consistent_v1,tiki_mvdec_dekm_consistent_v1_ccfbcd08db49_seed_42,ccfbcd08db49645649c885e212a7f2e0796a7bf3746d6b5f7b50f2673ebb95b4,-0.16895862,0.08922738,0.011301659,-0.42613637,0.2261551,4
989,mvdec_dekm_consistent_v1,tiki_mvdec_dekm_consistent_v1_ccfbcd08db49_seed_42,ccfbcd08db49645649c885e212a7f2e0796a7bf3746d6b5f7b50f2673ebb95b4,-0.2578451,-0.12659828,0.0128939375,-0.5994922,0.5210848,3
990,mvdec_dekm_consistent_v1,tiki_mvdec_dekm_consistent_v1_ccfbcd08db49_seed_42,ccfbcd08db49645649c885e212a7f2e0796a7bf3746d6b5f7b50f2673ebb95b4,0.0043517295,0.04702655,0.08666491,0.17942545,-0.026942033,0
991,mvdec_dekm_consistent_v1,tiki_mvdec_dekm_consistent_v1_ccfbcd08db49_seed_42,ccfbcd08db49645649c885e212a7f2e0796a7bf3746d6b5f7b50f2673ebb95b4,0.056902125,0.0015032515,-0.013905004,0.14688489,-0.0924057,0
992,mvdec_dekm_consistent_v1,tiki_mvdec_dekm_consistent_v1_ccfbcd08db49_seed_42,ccfbcd08db49645649c885e212a7f2e0796a7bf3746d6b5f7b50f2673ebb95b4,0.05099344,0.14215912,0.0041416213,-0.13870065,0.28693113,4
993,mvdec_dekm_consistent_v1,tiki_mvdec_dekm_consistent_v1_ccfbcd08db49_seed_42,ccfbcd08db49645649c885e212a7f2e0796a7bf3746d6b5f7b50f2673ebb95b4,0.022892535,-0.13288598,0.31811547,-0.3468787,-0.040271513,4
994,mvdec_dekm_consistent_v1,tiki_mvdec_dekm_consistent_v1_ccfbcd08db49_seed_42,ccfbcd08db49645649c885e212a7f2e0796a7bf3746d6b5f7b50f2673ebb95b4,0.034745365,0.0759629,0.01500982,0.14864457,-0.03675013,0
995,mvdec_dekm_consistent_v1,tiki_mvdec_dekm_consistent_v1_ccfbcd08db49_seed_42,ccfbcd08db49645649c885e212a7f2e0796a7bf3746d6b5f7b50f2673ebb95b4,-0.12451482,0.15230632,0.028703935,-0.35802743,0.16242701,4
996,mvdec_dekm_consistent_v1,tiki_mvdec_dekm_consistent_v1_ccfbcd08db49_seed_42,ccfbcd08db49645649c885e212a7f2e0796a7bf3746d6b5f7b50f2673ebb95b4,-0.119034566,0.13440281,0.024102129,-0.32476252,0.13494931,4
997,mvdec_dekm_consistent_v1,tiki_mvdec_dekm_consistent_v1_ccfbcd08db49_seed_42,ccfbcd08db49645649c885e212a7f2e0796a7bf3746d6b5f7b50f2673ebb95b4,0.084833145,-0.063117184,-0.10513737,0.099152215,-0.11790523,2
998,mvdec_dekm_consistent_v1,tiki_mvdec_dekm_consistent_v1_ccfbcd08db49_seed_42,ccfbcd08db49645649c885e212a7f2e0796a7bf3746d6b5f7b50f2673ebb95b4,0.35320565,0.19063267,-0.021992557,-0.21687949,0.4354136,1
999,mvdec_dekm_consistent_v1,tiki_mvdec_dekm_consistent_v1_ccfbcd08db49_seed_42,ccfbcd08db49645649c885e212a7f2e0796a7bf3746d6b5f7b50f2673ebb95b4,0.018110853,0.18705964,-0.004224807,0.14673302,0.030907638,0
1000,mvdec_dekm_consistent_v1,tiki_mvdec_dekm_consistent_v1_ccfbcd08db49_seed_42,ccfbcd08db49645649c885e212a7f2e0796a7bf3746d6b5f7b50f2673ebb95b4,-0.302288,0.07887107,-0.020550206,-0.34685117,0.210792,4
1001,mvdec_dekm_consistent_v1,tiki_mvdec_dekm_consistent_v1_ccfbcd08db49_seed_42,ccfbcd08db49645649c885e212a7f2e0796a7bf3746d6b5f7b50f2673ebb95b4,-0.29337472,-0.1495629,0.060593784,-0.5701001,0.53299505,3
1002,mvdec_dekm_consistent_v1,tiki_mvdec_dekm_consistent_v1_ccfbcd08db49_seed_42,ccfbcd08db49645649c885e212a7f2e0796a7bf3746d6b5f7b50f2673ebb95b4,-0.13350534,0.17151979,0.07771532,-0.35385677,0.09564841,4
1003,mvdec_dekm_consistent_v1,tiki_mvdec_dekm_consistent_v1_ccfbcd08db49_seed_42,ccfbcd08db49645649c885e212a7f2e0796a7bf3746d6b5f7b50f2673ebb95b4,0.18606326,0.19618154,-0.014375001,-0.23336329,0.32811123,4
1004,mvdec_dekm_consistent_v1,tiki_mvdec_dekm_consistent_v1_ccfbcd08db49_seed_42,ccfbcd08db49645649c885e212a7f2e0796a7bf3746d6b5f7b50f2673ebb95b4,-0.035351604,0.061885823,0.17126389,-0.03147485,0.035065547,0
1005,mvdec_dekm_consistent_v1,tiki_mvdec_dekm_consistent_v1_ccfbcd08db49_seed_42,ccfbcd08db49645649c885e212a7f2e0796a7bf3746d6b5f7b50f2673ebb95b4,-0.034165543,0.17795636,0.10310425,-0.4398729,0.20547932,4
1006,mvdec_dekm_consistent_v1,tiki_mvdec_dekm_consistent_v1_ccfbcd08db49_seed_42,ccfbcd08db49645649c885e212a7f2e0796a7bf3746d6b5f7b50f2673ebb95b4,-0.10497588,0.012094222,0.06645604,-0.55934227,0.4089253,3
1007,mvdec_dekm_consistent_v1,tiki_mvdec_dekm_consistent_v1_ccfbcd08db49_seed_42,ccfbcd08db49645649c885e212a7f2e0796a7bf3746d6b5f7b50f2673ebb95b4,-0.06968504,-0.07933156,0.011571474,0.0589545,-0.045402065,0
1008,mvdec_dekm_consistent_v1,tiki_mvdec_dekm_consistent_v1_ccfbcd08db49_seed_42,ccfbcd08db49645649c885e212a7f2e0796a7bf3746d6b5f7b50f2673ebb95b4,0.022934817,-0.14040409,-0.009187728,-0.096768916,0.51613474,1
1009,mvdec_dekm_consistent_v1,tiki_mvdec_dekm_consistent_v1_ccfbcd08db49_seed_42,ccfbcd08db49645649c885e212a7f2e0796a7bf3746d6b5f7b50f2673ebb95b4,0.029888196,0.20855664,0.047036536,0.23280352,0.03941402,0
1010,mvdec_dekm_consistent_v1,tiki_mvdec_dekm_consistent_v1_ccfbcd08db49_seed_42,ccfbcd08db49645649c885e212a7f2e0796a7bf3746d6b5f7b50f2673ebb95b4,-0.16825652,0.18682808,0.022477388,0.026728407,0.069341965,0
1011,mvdec_dekm_consistent_v1,tiki_mvdec_dekm_consistent_v1_ccfbcd08db49_seed_42,ccfbcd08db49645649c885e212a7f2e0796a7bf3746d6b5f7b50f2673ebb95b4,-0.047578853,0.06213018,-0.021800164,-0.2721412,0.08912893,4
1012,mvdec_dekm_consistent_v1,tiki_mvdec_dekm_consistent_v1_ccfbcd08db49_seed_42,ccfbcd08db49645649c885e212a7f2e0796a7bf3746d6b5f7b50f2673ebb95b4,0.010581791,0.12195115,0.016496897,0.16994554,-0.0426963,0
1013,mvdec_dekm_consistent_v1,tiki_mvdec_dekm_consistent_v1_ccfbcd08db49_seed_42,ccfbcd08db49645649c885e212a7f2e0796a7bf3746d6b5f7b50f2673ebb95b4,-0.06386591,0.094279476,0.09983215,-0.03329858,0.1945809,0
1014,mvdec_dekm_consistent_v1,tiki_mvdec_dekm_consistent_v1_ccfbcd08db49_seed_42,ccfbcd08db49645649c885e212a7f2e0796a7bf3746d6b5f7b50f2673ebb95b4,0.29388693,0.17751789,-0.03431473,-0.22722547,0.44587904,1
1015,mvdec_dekm_consistent_v1,tiki_mvdec_dekm_consistent_v1_ccfbcd08db49_seed_42,ccfbcd08db49645649c885e212a7f2e0796a7bf3746d6b5f7b50f2673ebb95b4,-0.29746437,-0.29297304,0.04812524,-0.65411186,0.6826411,3
1016,mvdec_dekm_consistent_v1,tiki_mvdec_dekm_consistent_v1_ccfbcd08db49_seed_42,ccfbcd08db49645649c885e212a7f2e0796a7bf3746d6b5f7b50f2673ebb95b4,0.08240347,-0.07013946,-0.038911194,0.09440082,-0.11646723,2
1017,mvdec_dekm_consistent_v1,tiki_mvdec_dekm_consistent_v1_ccfbcd08db49_seed_42,ccfbcd08db49645649c885e212a7f2e0796a7bf3746d6b5f7b50f2673ebb95b4,-0.1905856,0.04480929,-0.012962237,-0.40121916,0.27937368,4
1018,mvdec_dekm_consistent_v1,tiki_mvdec_dekm_consistent_v1_ccfbcd08db49_seed_42,ccfbcd08db49645649c885e212a7f2e0796a7bf3746d6b5f7b50f2673ebb95b4,-0.31247127,-0.17104776,0.024891786,-0.5996822,0.51459265,3
1019,mvdec_dekm_consistent_v1,tiki_mvdec_dekm_consistent_v1_ccfbcd08db49_seed_42,ccfbcd08db49645649c885e212a7f2e0796a7bf3746d6b5f7b50f2673ebb95b4,-0.064424545,-0.16726875,0.055380523,-0.5125554,0.7281322,3
1020,mvdec_dekm_consistent_v1,tiki_mvdec_dekm_consistent_v1_ccfbcd08db49_seed_42,ccfbcd08db49645649c885e212a7f2e0796a7bf3746d6b5f7b50f2673ebb95b4,0.15694241,-0.19564675,-0.12307579,0.09249684,-0.2601158,2
1021,mvdec_dekm_consistent_v1,tiki_mvdec_dekm_consistent_v1_ccfbcd08db49_seed_42,ccfbcd08db49645649c885e212a7f2e0796a7bf3746d6b5f7b50f2673ebb95b4,-0.1047794,0.17182036,0.044586714,-0.3408446,0.13440695,4
1022,mvdec_dekm_consistent_v1,tiki_mvdec_dekm_consistent_v1_ccfbcd08db49_seed_42,ccfbcd08db49645649c885e212a7f2e0796a7bf3746d6b5f7b50f2673ebb95b4,-0.042609565,0.21374036,-0.0016513467,0.08198456,0.1359389,0
1023,mvdec_dekm_consistent_v1,tiki_mvdec_dekm_consistent_v1_ccfbcd08db49_seed_42,ccfbcd08db49645649c885e212a7f2e0796a7bf3746d6b5f7b50f2673ebb95b4,-0.014106276,0.14964399,0.01741743,0.2206871,0.03808397,0
1024,mvdec_dekm_consistent_v1,tiki_mvdec_dekm_consistent_v1_ccfbcd08db49_seed_42,ccfbcd08db49645649c885e212a7f2e0796a7bf3746d6b5f7b50f2673ebb95b4,-0.13526475,0.13489963,0.022503048,0.059928983,0.07487844,0
1025,mvdec_dekm_consistent_v1,tiki_mvdec_dekm_consistent_v1_ccfbcd08db49_seed_42,ccfbcd08db49645649c885e212a7f2e0796a7bf3746d6b5f7b50f2673ebb95b4,-0.14692563,0.11060971,0.065388344,0.096249886,0.07948579,0
1026,mvdec_dekm_consistent_v1,tiki_mvdec_dekm_consistent_v1_ccfbcd08db49_seed_42,ccfbcd08db49645649c885e212a7f2e0796a7bf3746d6b5f7b50f2673ebb95b4,0.039754592,0.03194178,-0.020092987,-0.24796426,0.106338024,4
1027,mvdec_dekm_consistent_v1,tiki_mvdec_dekm_consistent_v1_ccfbcd08db49_seed_42,ccfbcd08db49645649c885e212a7f2e0796a7bf3746d6b5f7b50f2673ebb95b4,0.23394534,-0.23168218,0.08865857,0.10864882,-0.22846559,2
1028,mvdec_dekm_consistent_v1,tiki_mvdec_dekm_consistent_v1_ccfbcd08db49_seed_42,ccfbcd08db49645649c885e212a7f2e0796a7bf3746d6b5f7b50f2673ebb95b4,-0.035846256,-0.037736483,0.14596412,-0.2519208,0.002080351,4
1029,mvdec_dekm_consistent_v1,tiki_mvdec_dekm_consistent_v1_ccfbcd08db49_seed_42,ccfbcd08db49645649c885e212a7f2e0796a7bf3746d6b5f7b50f2673ebb95b4,-0.0931447,0.13893089,0.12466557,-0.2006622,0.098035626,4
1030,mvdec_dekm_consistent_v1,tiki_mvdec_dekm_consistent_v1_ccfbcd08db49_seed_42,ccfbcd08db49645649c885e212a7f2e0796a7bf3746d6b5f7b50f2673ebb95b4,-0.30207595,-0.28217745,0.04428352,-0.6938196,0.68733764,3
1031,mvdec_dekm_consistent_v1,tiki_mvdec_dekm_consistent_v1_ccfbcd08db49_seed_42,ccfbcd08db49645649c885e212a7f2e0796a7bf3746d6b5f7b50f2673ebb95b4,-0.41144893,-0.12352358,0.03738831,-0.55359423,0.41972902,3
1032,mvdec_dekm_consistent_v1,tiki_mvdec_dekm_consistent_v1_ccfbcd08db49_seed_42,ccfbcd08db49645649c885e212a7f2e0796a7bf3746d6b5f7b50f2673ebb95b4,-0.112847574,0.13798614,0.11056816,0.0883515,0.10597436,0
1033,mvdec_dekm_consistent_v1,tiki_mvdec_dekm_consistent_v1_ccfbcd08db49_seed_42,ccfbcd08db49645649c885e212a7f2e0796a7bf3746d6b5f7b50f2673ebb95b4,-0.05419423,0.0647333,0.11768787,0.17553675,0.018769054,0
1034,mvdec_dekm_consistent_v1,tiki_mvdec_dekm_consistent_v1_ccfbcd08db49_seed_42,ccfbcd08db49645649c885e212a7f2e0796a7bf3746d6b5f7b50f2673ebb95b4,-0.02662852,0.2753104,0.011903465,0.1460928,0.07992369,0
1035,mvdec_dekm_consistent_v1,tiki_mvdec_dekm_consistent_v1_ccfbcd08db49_seed_42,ccfbcd08db49645649c885e212a7f2e0796a7bf3746d6b5f7b50f2673ebb95b4,0.07823242,-0.16851987,0.17734176,0.052054405,-0.13835952,2
1036,mvdec_dekm_consistent_v1,tiki_mvdec_dekm_consistent_v1_ccfbcd08db49_seed_42,ccfbcd08db49645649c885e212a7f2e0796a7bf3746d6b5f7b50f2673ebb95b4,-0.114248,0.17845911,0.09303641,0.18276915,0.12893347,0
1037,mvdec_dekm_consistent_v1,tiki_mvdec_dekm_consistent_v1_ccfbcd08db49_seed_42,ccfbcd08db49645649c885e212a7f2e0796a7bf3746d6b5f7b50f2673ebb95b4,0.016404524,-0.05277358,0.06628984,-0.14172217,-0.054851204,2
1038,mvdec_dekm_consistent_v1,tiki_mvdec_dekm_consistent_v1_ccfbcd08db49_seed_42,ccfbcd08db49645649c885e212a7f2e0796a7bf3746d6b5f7b50f2673ebb95b4,0.04376476,0.097521305,0.23695207,-0.36902252,0.37850013,4
1039,mvdec_dekm_consistent_v1,tiki_mvdec_dekm_consistent_v1_ccfbcd08db49_seed_42,ccfbcd08db49645649c885e212a7f2e0796a7bf3746d6b5f7b50f2673ebb95b4,-0.06019327,0.016650282,0.12971163,-0.137409,0.04520157,4
1040,mvdec_dekm_consistent_v1,tiki_mvdec_dekm_consistent_v1_ccfbcd08db49_seed_42,ccfbcd08db49645649c885e212a7f2e0796a7bf3746d6b5f7b50f2673ebb95b4,-0.30207235,-0.28218484,0.04428291,-0.6938228,0.6873375,3
1041,mvdec_dekm_consistent_v1,tiki_mvdec_dekm_consistent_v1_ccfbcd08db49_seed_42,ccfbcd08db49645649c885e212a7f2e0796a7bf3746d6b5f7b50f2673ebb95b4,-0.1600294,-0.12877226,0.2421479,-0.61644477,0.4973449,3
1042,mvdec_dekm_consistent_v1,tiki_mvdec_dekm_consistent_v1_ccfbcd08db49_seed_42,ccfbcd08db49645649c885e212a7f2e0796a7bf3746d6b5f7b50f2673ebb95b4,-0.30207595,-0.28217745,0.04428352,-0.6938196,0.68733764,3
1043,mvdec_dekm_consistent_v1,tiki_mvdec_dekm_consistent_v1_ccfbcd08db49_seed_42,ccfbcd08db49645649c885e212a7f2e0796a7bf3746d6b5f7b50f2673ebb95b4,-0.30265638,-0.2672431,0.06413728,-0.7608254,0.6764112,3
1044,mvdec_dekm_consistent_v1,tiki_mvdec_dekm_consistent_v1_ccfbcd08db49_seed_42,ccfbcd08db49645649c885e212a7f2e0796a7bf3746d6b5f7b50f2673ebb95b4,-0.006952213,0.14614843,-0.036980864,-0.25572816,0.22615327,4
1045,mvdec_dekm_consistent_v1,tiki_mvdec_dekm_consistent_v1_ccfbcd08db49_seed_42,ccfbcd08db49645649c885e212a7f2e0796a7bf3746d6b5f7b50f2673ebb95b4,-0.10002689,0.17242652,0.10313759,-0.44472158,0.15792724,4
1046,mvdec_dekm_consistent_v1,tiki_mvdec_dekm_consistent_v1_ccfbcd08db49_seed_42,ccfbcd08db49645649c885e212a7f2e0796a7bf3746d6b5f7b50f2673ebb95b4,-0.19057848,0.04479222,-0.012967318,-0.4012152,0.27938247,4
1047,mvdec_dekm_consistent_v1,tiki_mvdec_dekm_consistent_v1_ccfbcd08db49_seed_42,ccfbcd08db49645649c885e212a7f2e0796a7bf3746d6b5f7b50f2673ebb95b4,0.020823188,0.06521649,0.022063721,0.19008754,-0.05038461,0
1048,mvdec_dekm_consistent_v1,tiki_mvdec_dekm_consistent_v1_ccfbcd08db49_seed_42,ccfbcd08db49645649c885e212a7f2e0796a7bf3746d6b5f7b50f2673ebb95b4,0.06972998,0.113216795,0.15496957,-0.43304375,0.054737866,4
1049,mvdec_dekm_consistent_v1,tiki_mvdec_dekm_consistent_v1_ccfbcd08db49_seed_42,ccfbcd08db49645649c885e212a7f2e0796a7bf3746d6b5f7b50f2673ebb95b4,0.0027102157,0.05425368,-0.032770395,-0.3194241,0.3714584,4
1050,mvdec_dekm_consistent_v1,tiki_mvdec_dekm_consistent_v1_ccfbcd08db49_seed_42,ccfbcd08db49645649c885e212a7f2e0796a7bf3746d6b5f7b50f2673ebb95b4,-0.30266425,-0.2672255,0.06414041,-0.76081693,0.67640835,3
1051,mvdec_dekm_consistent_v1,tiki_mvdec_dekm_consistent_v1_ccfbcd08db49_seed_42,ccfbcd08db49645649c885e212a7f2e0796a7bf3746d6b5f7b50f2673ebb95b4,-0.30207595,-0.28217745,0.04428352,-0.6938196,0.68733764,3
1052,mvdec_dekm_consistent_v1,tiki_mvdec_dekm_consistent_v1_ccfbcd08db49_seed_42,ccfbcd08db49645649c885e212a7f2e0796a7bf3746d6b5f7b50f2673ebb95b4,0.30935362,0.13780822,-0.049754106,-0.2832154,0.54275,1
1053,mvdec_dekm_consistent_v1,tiki_mvdec_dekm_consistent_v1_ccfbcd08db49_seed_42,ccfbcd08db49645649c885e212a7f2e0796a7bf3746d6b5f7b50f2673ebb95b4,0.35925287,0.086012244,-0.059419077,-0.34917468,0.70348793,1
1054,mvdec_dekm_consistent_v1,tiki_mvdec_dekm_consistent_v1_ccfbcd08db49_seed_42,ccfbcd08db49645649c885e212a7f2e0796a7bf3746d6b5f7b50f2673ebb95b4,-0.01784955,0.10741831,0.012729045,-0.28925717,0.11634991,4
1055,mvdec_dekm_consistent_v1,tiki_mvdec_dekm_consistent_v1_ccfbcd08db49_seed_42,ccfbcd08db49645649c885e212a7f2e0796a7bf3746d6b5f7b50f2673ebb95b4,0.35849205,-0.11978557,-0.021104742,-0.121644996,0.06934625,2
1056,mvdec_dekm_consistent_v1,tiki_mvdec_dekm_consistent_v1_ccfbcd08db49_seed_42,ccfbcd08db49645649c885e212a7f2e0796a7bf3746d6b5f7b50f2673ebb95b4,-0.29740134,-0.29306042,0.048094075,-0.6541282,0.68263483,3
1057,mvdec_dekm_consistent_v1,tiki_mvdec_dekm_consistent_v1_ccfbcd08db49_seed_42,ccfbcd08db49645649c885e212a7f2e0796a7bf3746d6b5f7b50f2673ebb95b4,-0.022114428,0.050820023,0.040071227,0.067989565,-0.001150243,0
1058,mvdec_dekm_consistent_v1,tiki_mvdec_dekm_consistent_v1_ccfbcd08db49_seed_42,ccfbcd08db49645649c885e212a7f2e0796a7bf3746d6b5f7b50f2673ebb95b4,-0.2974554,-0.29298556,0.048120774,-0.65411425,0.6826402,3
1059,mvdec_dekm_consistent_v1,tiki_mvdec_dekm_consistent_v1_ccfbcd08db49_seed_42,ccfbcd08db49645649c885e212a7f2e0796a7bf3746d6b5f7b50f2673ebb95b4,0.021650305,0.21367043,0.17631756,-0.4416518,0.14081629,4
1060,mvdec_dekm_consistent_v1,tiki_mvdec_dekm_consistent_v1_ccfbcd08db49_seed_42,ccfbcd08db49645649c885e212a7f2e0796a7bf3746d6b5f7b50f2673ebb95b4,0.17373538,-0.43595326,0.040396202,-0.3541128,-0.041176163,2
1061,mvdec_dekm_consistent_v1,tiki_mvdec_dekm_consistent_v1_ccfbcd08db49_seed_42,ccfbcd08db49645649c885e212a7f2e0796a7bf3746d6b5f7b50f2673ebb95b4,0.009334645,0.20285471,0.20745544,-0.26919404,0.16113812,4
1062,mvdec_dekm_consistent_v1,tiki_mvdec_dekm_consistent_v1_ccfbcd08db49_seed_42,ccfbcd08db49645649c885e212a7f2e0796a7bf3746d6b5f7b50f2673ebb95b4,-0.3762409,-0.3041497,0.061157703,-0.62057483,0.7234957,3
1063,mvdec_dekm_consistent_v1,tiki_mvdec_dekm_consistent_v1_ccfbcd08db49_seed_42,ccfbcd08db49645649c885e212a7f2e0796a7bf3746d6b5f7b50f2673ebb95b4,0.14160371,0.19755888,0.019413805,-0.27393314,0.28291258,4
1064,mvdec_dekm_consistent_v1,tiki_mvdec_dekm_consistent_v1_ccfbcd08db49_seed_42,ccfbcd08db49645649c885e212a7f2e0796a7bf3746d6b5f7b50f2673ebb95b4,0.24808185,0.041036915,0.051670674,-0.28692752,0.11385471,4
1065,mvdec_dekm_consistent_v1,tiki_mvdec_dekm_consistent_v1_ccfbcd08db49_seed_42,ccfbcd08db49645649c885e212a7f2e0796a7bf3746d6b5f7b50f2673ebb95b4,0.20714083,0.20584828,0.006085038,-0.2495116,0.3263665,4
1066,mvdec_dekm_consistent_v1,tiki_mvdec_dekm_consistent_v1_ccfbcd08db49_seed_42,ccfbcd08db49645649c885e212a7f2e0796a7bf3746d6b5f7b50f2673ebb95b4,0.2748531,0.11309444,0.08893167,-0.48487124,0.51045924,1
1067,mvdec_dekm_consistent_v1,tiki_mvdec_dekm_consistent_v1_ccfbcd08db49_seed_42,ccfbcd08db49645649c885e212a7f2e0796a7bf3746d6b5f7b50f2673ebb95b4,0.04879611,-0.08929655,0.14201894,-0.19939923,-0.07110599,2
1068,mvdec_dekm_consistent_v1,tiki_mvdec_dekm_consistent_v1_ccfbcd08db49_seed_42,ccfbcd08db49645649c885e212a7f2e0796a7bf3746d6b5f7b50f2673ebb95b4,0.049943566,0.1375115,0.019408897,0.22945178,0.0006852411,0
1069,mvdec_dekm_consistent_v1,tiki_mvdec_dekm_consistent_v1_ccfbcd08db49_seed_42,ccfbcd08db49645649c885e212a7f2e0796a7bf3746d6b5f7b50f2673ebb95b4,0.10112808,-0.060594343,-0.044531792,0.11658007,-0.17942186,2
1070,mvdec_dekm_consistent_v1,tiki_mvdec_dekm_consistent_v1_ccfbcd08db49_seed_42,ccfbcd08db49645649c885e212a7f2e0796a7bf3746d6b5f7b50f2673ebb95b4,0.47539598,-0.29346618,0.00920875,-0.06835058,-0.19268832,2
1071,mvdec_dekm_consistent_v1,tiki_mvdec_dekm_consistent_v1_ccfbcd08db49_seed_42,ccfbcd08db49645649c885e212a7f2e0796a7bf3746d6b5f7b50f2673ebb95b4,-0.012052763,0.034285918,0.10914933,0.23853111,-0.0029047206,0
1072,mvdec_dekm_consistent_v1,tiki_mvdec_dekm_consistent_v1_ccfbcd08db49_seed_42,ccfbcd08db49645649c885e212a7f2e0796a7bf3746d6b5f7b50f2673ebb95b4,-0.112056926,0.13556553,0.16149399,-0.58528614,0.22486058,4
1073,mvdec_dekm_consistent_v1,tiki_mvdec_dekm_consistent_v1_ccfbcd08db49_seed_42,ccfbcd08db49645649c885e212a7f2e0796a7bf3746d6b5f7b50f2673ebb95b4,-0.59910065,-0.11538525,0.12913229,-0.78806055,0.26719683,3
1074,mvdec_dekm_consistent_v1,tiki_mvdec_dekm_consistent_v1_ccfbcd08db49_seed_42,ccfbcd08db49645649c885e212a7f2e0796a7bf3746d6b5f7b50f2673ebb95b4,0.024803884,0.20100737,0.13751607,-0.3783997,0.16694398,4
1075,mvdec_dekm_consistent_v1,tiki_mvdec_dekm_consistent_v1_ccfbcd08db49_seed_42,ccfbcd08db49645649c885e212a7f2e0796a7bf3746d6b5f7b50f2673ebb95b4,-0.017143283,-0.07476314,0.02896867,-0.058517843,0.1991887,4
1076,mvdec_dekm_consistent_v1,tiki_mvdec_dekm_consistent_v1_ccfbcd08db49_seed_42,ccfbcd08db49645649c885e212a7f2e0796a7bf3746d6b5f7b50f2673ebb95b4,-0.09889732,0.16542256,0.10992709,0.20122391,0.10069921,0
1077,mvdec_dekm_consistent_v1,tiki_mvdec_dekm_consistent_v1_ccfbcd08db49_seed_42,ccfbcd08db49645649c885e212a7f2e0796a7bf3746d6b5f7b50f2673ebb95b4,-0.5273278,-0.17319651,0.05594996,-0.64840496,0.39288855,3
1078,mvdec_dekm_consistent_v1,tiki_mvdec_dekm_consistent_v1_ccfbcd08db49_seed_42,ccfbcd08db49645649c885e212a7f2e0796a7bf3746d6b5f7b50f2673ebb95b4,-0.31218946,-0.14313227,0.118500516,-0.8030187,0.5001425,3
1079,mvdec_dekm_consistent_v1,tiki_mvdec_dekm_consistent_v1_ccfbcd08db49_seed_42,ccfbcd08db49645649c885e212a7f2e0796a7bf3746d6b5f7b50f2673ebb95b4,-0.041542344,0.1760852,0.08424962,-0.39063174,0.14500725,4
1080,mvdec_dekm_consistent_v1,tiki_mvdec_dekm_consistent_v1_ccfbcd08db49_seed_42,ccfbcd08db49645649c885e212a7f2e0796a7bf3746d6b5f7b50f2673ebb95b4,0.33999175,0.15793167,-0.061164625,-0.2914188,0.5172192,1
1081,mvdec_dekm_consistent_v1,tiki_mvdec_dekm_consistent_v1_ccfbcd08db49_seed_42,ccfbcd08db49645649c885e212a7f2e0796a7bf3746d6b5f7b50f2673ebb95b4,-0.08590285,-0.19909382,0.09487161,0.07242069,0.031074591,2
1082,mvdec_dekm_consistent_v1,tiki_mvdec_dekm_consistent_v1_ccfbcd08db49_seed_42,ccfbcd08db49645649c885e212a7f2e0796a7bf3746d6b5f7b50f2673ebb95b4,-0.055613384,0.15321337,0.081336565,-0.41006336,0.10127183,4
1083,mvdec_dekm_consistent_v1,tiki_mvdec_dekm_consistent_v1_ccfbcd08db49_seed_42,ccfbcd08db49645649c885e212a7f2e0796a7bf3746d6b5f7b50f2673ebb95b4,0.10772089,-0.10168268,-0.024644628,0.09450716,-0.15626214,2
1084,mvdec_dekm_consistent_v1,tiki_mvdec_dekm_consistent_v1_ccfbcd08db49_seed_42,ccfbcd08db49645649c885e212a7f2e0796a7bf3746d6b5f7b50f2673ebb95b4,-0.1413202,0.14541653,0.027392097,-0.36834857,0.16043296,4
1085,mvdec_dekm_consistent_v1,tiki_mvdec_dekm_consistent_v1_ccfbcd08db49_seed_42,ccfbcd08db49645649c885e212a7f2e0796a7bf3746d6b5f7b50f2673ebb95b4,-0.053757615,0.19354644,0.15279435,-0.13982499,0.14792794,4
1086,mvdec_dekm_consistent_v1,tiki_mvdec_dekm_consistent_v1_ccfbcd08db49_seed_42,ccfbcd08db49645649c885e212a7f2e0796a7bf3746d6b5f7b50f2673ebb95b4,0.4007562,0.11928567,-0.10339108,-0.36413127,0.6631098,1
1087,mvdec_dekm_consistent_v1,tiki_mvdec_dekm_consistent_v1_ccfbcd08db49_seed_42,ccfbcd08db49645649c885e212a7f2e0796a7bf3746d6b5f7b50f2673ebb95b4,0.04395646,0.022249363,0.06804924,0.036556523,0.17652617,0
1088,mvdec_dekm_consistent_v1,tiki_mvdec_dekm_consistent_v1_ccfbcd08db49_seed_42,ccfbcd08db49645649c885e212a7f2e0796a7bf3746d6b5f7b50f2673ebb95b4,-0.30266425,-0.2672255,0.06414041,-0.76081693,0.67640835,3
1089,mvdec_dekm_consistent_v1,tiki_mvdec_dekm_consistent_v1_ccfbcd08db49_seed_42,ccfbcd08db49645649c885e212a7f2e0796a7bf3746d6b5f7b50f2673ebb95b4,0.085935034,0.11959144,0.035201866,0.24130061,0.0042797057,0
1090,mvdec_dekm_consistent_v1,tiki_mvdec_dekm_consistent_v1_ccfbcd08db49_seed_42,ccfbcd08db49645649c885e212a7f2e0796a7bf3746d6b5f7b50f2673ebb95b4,-0.03881325,0.089421555,0.123769075,0.20381275,0.005924943,0
1091,mvdec_dekm_consistent_v1,tiki_mvdec_dekm_consistent_v1_ccfbcd08db49_seed_42,ccfbcd08db49645649c885e212a7f2e0796a7bf3746d6b5f7b50f2673ebb95b4,0.054919563,0.100621805,-0.023862846,-0.2458424,0.36370203,4
1092,mvdec_dekm_consistent_v1,tiki_mvdec_dekm_consistent_v1_ccfbcd08db49_seed_42,ccfbcd08db49645649c885e212a7f2e0796a7bf3746d6b5f7b50f2673ebb95b4,0.09073937,0.09007513,0.15056726,-0.33044645,0.41527364,4
1093,mvdec_dekm_consistent_v1,tiki_mvdec_dekm_consistent_v1_ccfbcd08db49_seed_42,ccfbcd08db49645649c885e212a7f2e0796a7bf3746d6b5f7b50f2673ebb95b4,-0.07813797,-0.18759394,0.022678602,-0.6072676,0.69423354,3
1094,mvdec_dekm_consistent_v1,tiki_mvdec_dekm_consistent_v1_ccfbcd08db49_seed_42,ccfbcd08db49645649c885e212a7f2e0796a7bf3746d6b5f7b50f2673ebb95b4,-0.2967133,-0.29677117,0.10283298,-0.6638498,0.6727043,3
1095,mvdec_dekm_consistent_v1,tiki_mvdec_dekm_consistent_v1_ccfbcd08db49_seed_42,ccfbcd08db49645649c885e212a7f2e0796a7bf3746d6b5f7b50f2673ebb95b4,-0.102034055,0.1916642,0.0648303,0.16038659,0.05689168,0
1096,mvdec_dekm_consistent_v1,tiki_mvdec_dekm_consistent_v1_ccfbcd08db49_seed_42,ccfbcd08db49645649c885e212a7f2e0796a7bf3746d6b5f7b50f2673ebb95b4,-0.17821263,0.030669685,0.06687948,-0.55937684,0.32345974,4
1097,mvdec_dekm_consistent_v1,tiki_mvdec_dekm_consistent_v1_ccfbcd08db49_seed_42,ccfbcd08db49645649c885e212a7f2e0796a7bf3746d6b5f7b50f2673ebb95b4,-0.33074778,-0.29791826,0.10221252,-0.667402,0.6878966,3
1098,mvdec_dekm_consistent_v1,tiki_mvdec_dekm_consistent_v1_ccfbcd08db49_seed_42,ccfbcd08db49645649c885e212a7f2e0796a7bf3746d6b5f7b50f2673ebb95b4,-0.2577394,-0.14165407,0.008629471,-0.46743244,0.5567158,3
1099,mvdec_dekm_consistent_v1,tiki_mvdec_dekm_consistent_v1_ccfbcd08db49_seed_42,ccfbcd08db49645649c885e212a7f2e0796a7bf3746d6b5f7b50f2673ebb95b4,0.059067342,0.18566057,0.07880501,-0.39005795,0.20158532,4
1100,mvdec_dekm_consistent_v1,tiki_mvdec_dekm_consistent_v1_ccfbcd08db49_seed_42,ccfbcd08db49645649c885e212a7f2e0796a7bf3746d6b5f7b50f2673ebb95b4,-0.2967312,-0.29675648,0.10283099,-0.66383463,0.6727075,3
1101,mvdec_dekm_consistent_v1,tiki_mvdec_dekm_consistent_v1_ccfbcd08db49_seed_42,ccfbcd08db49645649c885e212a7f2e0796a7bf3746d6b5f7b50f2673ebb95b4,-0.30266425,-0.2672255,0.06414041,-0.76081693,0.67640835,3
1102,mvdec_dekm_consistent_v1,tiki_mvdec_dekm_consistent_v1_ccfbcd08db49_seed_42,ccfbcd08db49645649c885e212a7f2e0796a7bf3746d6b5f7b50f2673ebb95b4,-0.021983359,0.00010608137,-0.02572687,0.08175878,-0.06404051,0
1103,mvdec_dekm_consistent_v1,tiki_mvdec_dekm_consistent_v1_ccfbcd08db49_seed_42,ccfbcd08db49645649c885e212a7f2e0796a7bf3746d6b5f7b50f2673ebb95b4,0.057502784,-0.24641351,0.024445549,0.05116403,-0.18178004,2
1104,mvdec_dekm_consistent_v1,tiki_mvdec_dekm_consistent_v1_ccfbcd08db49_seed_42,ccfbcd08db49645649c885e212a7f2e0796a7bf3746d6b5f7b50f2673ebb95b4,-0.0978566,0.20715111,0.048696008,0.218204,0.0985122,0
1105,mvdec_dekm_consistent_v1,tiki_mvdec_dekm_consistent_v1_ccfbcd08db49_seed_42,ccfbcd08db49645649c885e212a7f2e0796a7bf3746d6b5f7b50f2673ebb95b4,-0.10463603,0.022571847,0.028399847,0.11213598,-0.05201697,0
1106,mvdec_dekm_consistent_v1,tiki_mvdec_dekm_consistent_v1_ccfbcd08db49_seed_42,ccfbcd08db49645649c885e212a7f2e0796a7bf3746d6b5f7b50f2673ebb95b4,0.07527673,0.1415768,0.10768415,-0.106203176,0.04572802,4
1107,mvdec_dekm_consistent_v1,tiki_mvdec_dekm_consistent_v1_ccfbcd08db49_seed_42,ccfbcd08db49645649c885e212a7f2e0796a7bf3746d6b5f7b50f2673ebb95b4,0.0005537532,0.2037143,0.06347296,0.27473295,0.049602754,0
1108,mvdec_dekm_consistent_v1,tiki_mvdec_dekm_consistent_v1_ccfbcd08db49_seed_42,ccfbcd08db49645649c885e212a7f2e0796a7bf3746d6b5f7b50f2673ebb95b4,-0.09489556,0.06820079,0.08905012,0.18554813,0.023572143,0
1109,mvdec_dekm_consistent_v1,tiki_mvdec_dekm_consistent_v1_ccfbcd08db49_seed_42,ccfbcd08db49645649c885e212a7f2e0796a7bf3746d6b5f7b50f2673ebb95b4,0.3078758,-0.13731395,0.09894422,-0.110120736,-0.10079142,2
1110,mvdec_dekm_consistent_v1,tiki_mvdec_dekm_consistent_v1_ccfbcd08db49_seed_42,ccfbcd08db49645649c885e212a7f2e0796a7bf3746d6b5f7b50f2673ebb95b4,-0.090668134,0.14460075,0.09363997,0.052528575,0.14156532,0
1111,mvdec_dekm_consistent_v1,tiki_mvdec_dekm_consistent_v1_ccfbcd08db49_seed_42,ccfbcd08db49645649c885e212a7f2e0796a7bf3746d6b5f7b50f2673ebb95b4,-0.208524,-0.10932307,0.046036407,-0.5241971,0.5449085,3
1112,mvdec_dekm_consistent_v1,tiki_mvdec_dekm_consistent_v1_ccfbcd08db49_seed_42,ccfbcd08db49645649c885e212a7f2e0796a7bf3746d6b5f7b50f2673ebb95b4,-0.058016304,0.13980809,0.10491463,-0.20682585,0.19619107,4
1113,mvdec_dekm_consistent_v1,tiki_mvdec_dekm_consistent_v1_ccfbcd08db49_seed_42,ccfbcd08db49645649c885e212a7f2e0796a7bf3746d6b5f7b50f2673ebb95b4,-0.06484388,-0.004350871,0.0187779,0.15730189,-0.047094967,0
1114,mvdec_dekm_consistent_v1,tiki_mvdec_dekm_consistent_v1_ccfbcd08db49_seed_42,ccfbcd08db49645649c885e212a7f2e0796a7bf3746d6b5f7b50f2673ebb95b4,-0.1857558,0.07910081,0.012342248,-0.4381854,0.22642168,4
1115,mvdec_dekm_consistent_v1,tiki_mvdec_dekm_consistent_v1_ccfbcd08db49_seed_42,ccfbcd08db49645649c885e212a7f2e0796a7bf3746d6b5f7b50f2673ebb95b4,0.007613141,0.3032385,-0.048203737,0.10313496,0.00036782026,0
1116,mvdec_dekm_consistent_v1,tiki_mvdec_dekm_consistent_v1_ccfbcd08db49_seed_42,ccfbcd08db49645649c885e212a7f2e0796a7bf3746d6b5f7b50f2673ebb95b4,0.5274626,0.16950226,-0.067035906,-0.31798488,0.685771,1
1117,mvdec_dekm_consistent_v1,tiki_mvdec_dekm_consistent_v1_ccfbcd08db49_seed_42,ccfbcd08db49645649c885e212a7f2e0796a7bf3746d6b5f7b50f2673ebb95b4,0.04726068,0.09117378,0.12014341,-0.091857396,0.016169548,4
1118,mvdec_dekm_consistent_v1,tiki_mvdec_dekm_consistent_v1_ccfbcd08db49_seed_42,ccfbcd08db49645649c885e212a7f2e0796a7bf3746d6b5f7b50f2673ebb95b4,-0.04772689,0.20132005,0.22526538,-0.05688685,0.20299341,4
1119,mvdec_dekm_consistent_v1,tiki_mvdec_dekm_consistent_v1_ccfbcd08db49_seed_42,ccfbcd08db49645649c885e212a7f2e0796a7bf3746d6b5f7b50f2673ebb95b4,-0.13268529,0.15074633,0.09865649,0.2310679,0.07321708,0
1120,mvdec_dekm_consistent_v1,tiki_mvdec_dekm_consistent_v1_ccfbcd08db49_seed_42,ccfbcd08db49645649c885e212a7f2e0796a7bf3746d6b5f7b50f2673ebb95b4,0.19614299,-0.23858558,0.17191352,-0.35783666,-0.18982656,2
1121,mvdec_dekm_consistent_v1,tiki_mvdec_dekm_consistent_v1_ccfbcd08db49_seed_42,ccfbcd08db49645649c885e212a7f2e0796a7bf3746d6b5f7b50f2673ebb95b4,-0.11581881,0.10994161,0.10364337,0.11066607,0.22090562,0
1122,mvdec_dekm_consistent_v1,tiki_mvdec_dekm_consistent_v1_ccfbcd08db49_seed_42,ccfbcd08db49645649c885e212a7f2e0796a7bf3746d6b5f7b50f2673ebb95b4,0.053051885,-0.039813176,0.04257827,0.11625691,-0.065820575,0
1123,mvdec_dekm_consistent_v1,tiki_mvdec_dekm_consistent_v1_ccfbcd08db49_seed_42,ccfbcd08db49645649c885e212a7f2e0796a7bf3746d6b5f7b50f2673ebb95b4,-0.0407226,0.20163622,0.07303116,-0.25932163,0.13333486,4
1124,mvdec_dekm_consistent_v1,tiki_mvdec_dekm_consistent_v1_ccfbcd08db49_seed_42,ccfbcd08db49645649c885e212a7f2e0796a7bf3746d6b5f7b50f2673ebb95b4,-0.1221445,0.13300459,0.10516369,0.19102335,0.08526831,0
1125,mvdec_dekm_consistent_v1,tiki_mvdec_dekm_consistent_v1_ccfbcd08db49_seed_42,ccfbcd08db49645649c885e212a7f2e0796a7bf3746d6b5f7b50f2673ebb95b4,-0.03328749,0.040785614,-0.04988669,0.044152245,-0.06781378,0
1126,mvdec_dekm_consistent_v1,tiki_mvdec_dekm_consistent_v1_ccfbcd08db49_seed_42,ccfbcd08db49645649c885e212a7f2e0796a7bf3746d6b5f7b50f2673ebb95b4,0.3037239,0.036801018,-0.0011703968,-0.44970873,0.6767242,1
1127,mvdec_dekm_consistent_v1,tiki_mvdec_dekm_consistent_v1_ccfbcd08db49_seed_42,ccfbcd08db49645649c885e212a7f2e0796a7bf3746d6b5f7b50f2673ebb95b4,0.23052457,-0.31541413,-0.0027829893,-0.0994612,-0.29764012,2
1128,mvdec_dekm_consistent_v1,tiki_mvdec_dekm_consistent_v1_ccfbcd08db49_seed_42,ccfbcd08db49645649c885e212a7f2e0796a7bf3746d6b5f7b50f2673ebb95b4,-0.036784828,-0.025065232,-0.033724345,0.089221925,-0.076637715,0
1129,mvdec_dekm_consistent_v1,tiki_mvdec_dekm_consistent_v1_ccfbcd08db49_seed_42,ccfbcd08db49645649c885e212a7f2e0796a7bf3746d6b5f7b50f2673ebb95b4,-0.29387754,-0.24886285,0.112003975,-0.8678004,0.66347086,3
1130,mvdec_dekm_consistent_v1,tiki_mvdec_dekm_consistent_v1_ccfbcd08db49_seed_42,ccfbcd08db49645649c885e212a7f2e0796a7bf3746d6b5f7b50f2673ebb95b4,0.1805549,0.12960422,-0.053169973,-0.25480604,0.4366805,1
1131,mvdec_dekm_consistent_v1,tiki_mvdec_dekm_consistent_v1_ccfbcd08db49_seed_42,ccfbcd08db49645649c885e212a7f2e0796a7bf3746d6b5f7b50f2673ebb95b4,0.2524231,-0.35570616,-0.010792509,-0.116079435,-0.2385812,2
1132,mvdec_dekm_consistent_v1,tiki_mvdec_dekm_consistent_v1_ccfbcd08db49_seed_42,ccfbcd08db49645649c885e212a7f2e0796a7bf3746d6b5f7b50f2673ebb95b4,-0.18532193,0.27438998,-0.008851737,0.080994636,0.010208204,0
1133,mvdec_dekm_consistent_v1,tiki_mvdec_dekm_consistent_v1_ccfbcd08db49_seed_42,ccfbcd08db49645649c885e212a7f2e0796a7bf3746d6b5f7b50f2673ebb95b4,-0.04720176,0.11228831,0.06978131,0.10151903,0.034088373,0
1134,mvdec_dekm_consistent_v1,tiki_mvdec_dekm_consistent_v1_ccfbcd08db49_seed_42,ccfbcd08db49645649c885e212a7f2e0796a7bf3746d6b5f7b50f2673ebb95b4,-0.05623498,0.15268391,0.037850343,0.22455049,0.06285552,0
1135,mvdec_dekm_consistent_v1,tiki_mvdec_dekm_consistent_v1_ccfbcd08db49_seed_42,ccfbcd08db49645649c885e212a7f2e0796a7bf3746d6b5f7b50f2673ebb95b4,0.011145977,0.09385977,0.0467365,0.191169,0.024186306,0
1136,mvdec_dekm_consistent_v1,tiki_mvdec_dekm_consistent_v1_ccfbcd08db49_seed_42,ccfbcd08db49645649c885e212a7f2e0796a7bf3746d6b5f7b50f2673ebb95b4,-0.29674008,-0.29674911,0.10282996,-0.66382694,0.67270905,3
1137,mvdec_dekm_consistent_v1,tiki_mvdec_dekm_consistent_v1_ccfbcd08db49_seed_42,ccfbcd08db49645649c885e212a7f2e0796a7bf3746d6b5f7b50f2673ebb95b4,0.10857757,-0.10108232,-0.10153862,0.017835036,0.11737251,2
1138,mvdec_dekm_consistent_v1,tiki_mvdec_dekm_consistent_v1_ccfbcd08db49_seed_42,ccfbcd08db49645649c885e212a7f2e0796a7bf3746d6b5f7b50f2673ebb95b4,-0.03671109,0.2195068,-0.004222393,0.08812755,0.13509685,0
1139,mvdec_dekm_consistent_v1,tiki_mvdec_dekm_consistent_v1_ccfbcd08db49_seed_42,ccfbcd08db49645649c885e212a7f2e0796a7bf3746d6b5f7b50f2673ebb95b4,-0.045002304,0.17582375,0.032922488,-0.30215627,0.1477104,4
1140,mvdec_dekm_consistent_v1,tiki_mvdec_dekm_consistent_v1_ccfbcd08db49_seed_42,ccfbcd08db49645649c885e212a7f2e0796a7bf3746d6b5f7b50f2673ebb95b4,0.009099137,-0.076773025,0.014951427,0.06437716,-0.06769781,2
1141,mvdec_dekm_consistent_v1,tiki_mvdec_dekm_consistent_v1_ccfbcd08db49_seed_42,ccfbcd08db49645649c885e212a7f2e0796a7bf3746d6b5f7b50f2673ebb95b4,-0.18172556,0.072946616,-0.012141295,-0.36855403,0.24635395,4
1142,mvdec_dekm_consistent_v1,tiki_mvdec_dekm_consistent_v1_ccfbcd08db49_seed_42,ccfbcd08db49645649c885e212a7f2e0796a7bf3746d6b5f7b50f2673ebb95b4,-0.12772182,0.12026918,0.06295632,-0.26449388,0.056330904,4
1143,mvdec_dekm_consistent_v1,tiki_mvdec_dekm_consistent_v1_ccfbcd08db49_seed_42,ccfbcd08db49645649c885e212a7f2e0796a7bf3746d6b5f7b50f2673ebb95b4,0.06433592,0.21531908,0.03868611,0.23463108,0.01651574,0
1144,mvdec_dekm_consistent_v1,tiki_mvdec_dekm_consistent_v1_ccfbcd08db49_seed_42,ccfbcd08db49645649c885e212a7f2e0796a7bf3746d6b5f7b50f2673ebb95b4,-0.338234,-0.08721278,0.036544845,-0.53107387,0.4227205,3
1145,mvdec_dekm_consistent_v1,tiki_mvdec_dekm_consistent_v1_ccfbcd08db49_seed_42,ccfbcd08db49645649c885e212a7f2e0796a7bf3746d6b5f7b50f2673ebb95b4,-0.21301782,0.095935225,-0.0210912,-0.3601351,0.18764548,4
1146,mvdec_dekm_consistent_v1,tiki_mvdec_dekm_consistent_v1_ccfbcd08db49_seed_42,ccfbcd08db49645649c885e212a7f2e0796a7bf3746d6b5f7b50f2673ebb95b4,-0.15263796,0.081521094,-0.04199088,-0.34663665,0.2381093,4
1147,mvdec_dekm_consistent_v1,tiki_mvdec_dekm_consistent_v1_ccfbcd08db49_seed_42,ccfbcd08db49645649c885e212a7f2e0796a7bf3746d6b5f7b50f2673ebb95b4,0.116903715,0.009604711,-0.0167121,-0.31716806,0.52913773,1
1148,mvdec_dekm_consistent_v1,tiki_mvdec_dekm_consistent_v1_ccfbcd08db49_seed_42,ccfbcd08db49645649c885e212a7f2e0796a7bf3746d6b5f7b50f2673ebb95b4,0.43198088,-0.31010255,-0.1444799,-0.006721396,0.0476235,2
1149,mvdec_dekm_consistent_v1,tiki_mvdec_dekm_consistent_v1_ccfbcd08db49_seed_42,ccfbcd08db49645649c885e212a7f2e0796a7bf3746d6b5f7b50f2673ebb95b4,0.066708654,0.25572264,0.27060133,-0.50361127,0.12128006,4
1150,mvdec_dekm_consistent_v1,tiki_mvdec_dekm_consistent_v1_ccfbcd08db49_seed_42,ccfbcd08db49645649c885e212a7f2e0796a7bf3746d6b5f7b50f2673ebb95b4,-0.02990114,0.16172719,-0.015096996,-0.034299202,0.029003903,0
1151,mvdec_dekm_consistent_v1,tiki_mvdec_dekm_consistent_v1_ccfbcd08db49_seed_42,ccfbcd08db49645649c885e212a7f2e0796a7bf3746d6b5f7b50f2673ebb95b4,-0.056996655,0.16561916,0.14797674,-0.36562306,0.15460712,4
1152,mvdec_dekm_consistent_v1,tiki_mvdec_dekm_consistent_v1_ccfbcd08db49_seed_42,ccfbcd08db49645649c885e212a7f2e0796a7bf3746d6b5f7b50f2673ebb95b4,-0.13596696,0.13320825,-0.0054929294,-0.30553493,0.1402539,4
1153,mvdec_dekm_consistent_v1,tiki_mvdec_dekm_consistent_v1_ccfbcd08db49_seed_42,ccfbcd08db49645649c885e212a7f2e0796a7bf3746d6b5f7b50f2673ebb95b4,-0.3019439,-0.28244317,0.044258505,-0.69392985,0.68733704,3
1154,mvdec_dekm_consistent_v1,tiki_mvdec_dekm_consistent_v1_ccfbcd08db49_seed_42,ccfbcd08db49645649c885e212a7f2e0796a7bf3746d6b5f7b50f2673ebb95b4,-0.30207595,-0.28217745,0.04428352,-0.6938196,0.68733764,3
1155,mvdec_dekm_consistent_v1,tiki_mvdec_dekm_consistent_v1_ccfbcd08db49_seed_42,ccfbcd08db49645649c885e212a7f2e0796a7bf3746d6b5f7b50f2673ebb95b4,-0.078396805,-0.18433727,0.014341161,-0.5268235,0.72212344,3
1156,mvdec_dekm_consistent_v1,tiki_mvdec_dekm_consistent_v1_ccfbcd08db49_seed_42,ccfbcd08db49645649c885e212a7f2e0796a7bf3746d6b5f7b50f2673ebb95b4,0.26345065,-0.08282237,0.030492432,-0.25064322,0.07613602,4
1157,mvdec_dekm_consistent_v1,tiki_mvdec_dekm_consistent_v1_ccfbcd08db49_seed_42,ccfbcd08db49645649c885e212a7f2e0796a7bf3746d6b5f7b50f2673ebb95b4,-0.29674008,-0.29674911,0.10282996,-0.66382694,0.67270905,3
1158,mvdec_dekm_consistent_v1,tiki_mvdec_dekm_consistent_v1_ccfbcd08db49_seed_42,ccfbcd08db49645649c885e212a7f2e0796a7bf3746d6b5f7b50f2673ebb95b4,0.27910286,0.017325085,-0.052889436,-0.40295324,0.64619064,1
1159,mvdec_dekm_consistent_v1,tiki_mvdec_dekm_consistent_v1_ccfbcd08db49_seed_42,ccfbcd08db49645649c885e212a7f2e0796a7bf3746d6b5f7b50f2673ebb95b4,-0.110748425,0.17143159,0.0746888,-0.35092327,0.11253608,4
1160,mvdec_dekm_consistent_v1,tiki_mvdec_dekm_consistent_v1_ccfbcd08db49_seed_42,ccfbcd08db49645649c885e212a7f2e0796a7bf3746d6b5f7b50f2673ebb95b4,-0.026538169,0.04956942,0.004148107,-0.2972154,0.038541686,4
1161,mvdec_dekm_consistent_v1,tiki_mvdec_dekm_consistent_v1_ccfbcd08db49_seed_42,ccfbcd08db49645649c885e212a7f2e0796a7bf3746d6b5f7b50f2673ebb95b4,-0.29674008,-0.29674911,0.10282996,-0.66382694,0.67270905,3
1162,mvdec_dekm_consistent_v1,tiki_mvdec_dekm_consistent_v1_ccfbcd08db49_seed_42,ccfbcd08db49645649c885e212a7f2e0796a7bf3746d6b5f7b50f2673ebb95b4,0.012078052,0.13668948,0.07457336,0.25452244,0.028052999,0
1163,mvdec_dekm_consistent_v1,tiki_mvdec_dekm_consistent_v1_ccfbcd08db49_seed_42,ccfbcd08db49645649c885e212a7f2e0796a7bf3746d6b5f7b50f2673ebb95b4,-0.07794024,0.0075981766,0.07326251,0.092657104,0.0013919696,0
1164,mvdec_dekm_consistent_v1,tiki_mvdec_dekm_consistent_v1_ccfbcd08db49_seed_42,ccfbcd08db49645649c885e212a7f2e0796a7bf3746d6b5f7b50f2673ebb95b4,-0.04248682,0.12593204,0.14850107,-0.10603631,0.14780778,4
1165,mvdec_dekm_consistent_v1,tiki_mvdec_dekm_consistent_v1_ccfbcd08db49_seed_42,ccfbcd08db49645649c885e212a7f2e0796a7bf3746d6b5f7b50f2673ebb95b4,0.027713012,0.18796058,0.20121267,-0.53577167,0.24246556,4
1166,mvdec_dekm_consistent_v1,tiki_mvdec_dekm_consistent_v1_ccfbcd08db49_seed_42,ccfbcd08db49645649c885e212a7f2e0796a7bf3746d6b5f7b50f2673ebb95b4,0.03373327,0.013630139,0.038053885,-0.29622,-0.010488033,4
1167,mvdec_dekm_consistent_v1,tiki_mvdec_dekm_consistent_v1_ccfbcd08db49_seed_42,ccfbcd08db49645649c885e212a7f2e0796a7bf3746d6b5f7b50f2673ebb95b4,-0.09265198,0.03629812,0.07936898,0.18767658,0.017185982,0
1168,mvdec_dekm_consistent_v1,tiki_mvdec_dekm_consistent_v1_ccfbcd08db49_seed_42,ccfbcd08db49645649c885e212a7f2e0796a7bf3746d6b5f7b50f2673ebb95b4,0.07971359,-0.26393783,0.020017881,0.04289311,-0.1637973,2
1169,mvdec_dekm_consistent_v1,tiki_mvdec_dekm_consistent_v1_ccfbcd08db49_seed_42,ccfbcd08db49645649c885e212a7f2e0796a7bf3746d6b5f7b50f2673ebb95b4,-0.08989365,0.06969318,-0.01043383,-0.14803632,0.10119007,4
1170,mvdec_dekm_consistent_v1,tiki_mvdec_dekm_consistent_v1_ccfbcd08db49_seed_42,ccfbcd08db49645649c885e212a7f2e0796a7bf3746d6b5f7b50f2673ebb95b4,-0.0076993983,-0.080862604,-0.07126166,0.0175713,-0.09730277,2
1171,mvdec_dekm_consistent_v1,tiki_mvdec_dekm_consistent_v1_ccfbcd08db49_seed_42,ccfbcd08db49645649c885e212a7f2e0796a7bf3746d6b5f7b50f2673ebb95b4,0.0561599,-0.06390795,0.04882204,0.14046535,-0.12488401,2
1172,mvdec_dekm_consistent_v1,tiki_mvdec_dekm_consistent_v1_ccfbcd08db49_seed_42,ccfbcd08db49645649c885e212a7f2e0796a7bf3746d6b5f7b50f2673ebb95b4,-0.35845044,0.09838018,-0.06987184,-0.2903216,0.1543408,4
1173,mvdec_dekm_consistent_v1,tiki_mvdec_dekm_consistent_v1_ccfbcd08db49_seed_42,ccfbcd08db49645649c885e212a7f2e0796a7bf3746d6b5f7b50f2673ebb95b4,-0.29357815,-0.14933741,0.060627162,-0.5700871,0.53288966,3
1174,mvdec_dekm_consistent_v1,tiki_mvdec_dekm_consistent_v1_ccfbcd08db49_seed_42,ccfbcd08db49645649c885e212a7f2e0796a7bf3746d6b5f7b50f2673ebb95b4,-0.29746887,-0.29296684,0.04812753,-0.6541108,0.68264145,3
1175,mvdec_dekm_consistent_v1,tiki_mvdec_dekm_consistent_v1_ccfbcd08db49_seed_42,ccfbcd08db49645649c885e212a7f2e0796a7bf3746d6b5f7b50f2673ebb95b4,-0.10274773,0.074201986,0.04340446,0.13697393,0.01910878,0
1176,mvdec_dekm_consistent_v1,tiki_mvdec_dekm_consistent_v1_ccfbcd08db49_seed_42,ccfbcd08db49645649c885e212a7f2e0796a7bf3746d6b5f7b50f2673ebb95b4,0.13660985,-0.0342749,-0.076869145,-0.0760647,0.11009674,2
1177,mvdec_dekm_consistent_v1,tiki_mvdec_dekm_consistent_v1_ccfbcd08db49_seed_42,ccfbcd08db49645649c885e212a7f2e0796a7bf3746d6b5f7b50f2673ebb95b4,-0.2894982,-0.015762419,0.009428278,-0.55237716,0.32838917,3
1178,mvdec_dekm_consistent_v1,tiki_mvdec_dekm_consistent_v1_ccfbcd08db49_seed_42,ccfbcd08db49645649c885e212a7f2e0796a7bf3746d6b5f7b50f2673ebb95b4,0.17963828,0.20048735,-0.15707803,-0.21207136,0.42149174,1
1179,mvdec_dekm_consistent_v1,tiki_mvdec_dekm_consistent_v1_ccfbcd08db49_seed_42,ccfbcd08db49645649c885e212a7f2e0796a7bf3746d6b5f7b50f2673ebb95b4,0.29074168,-0.32568115,-0.31672794,-0.0057841986,-0.14137469,2
1180,mvdec_dekm_consistent_v1,tiki_mvdec_dekm_consistent_v1_ccfbcd08db49_seed_42,ccfbcd08db49645649c885e212a7f2e0796a7bf3746d6b5f7b50f2673ebb95b4,0.06034322,0.16494218,0.07865983,0.1418274,0.23465256,0
1181,mvdec_dekm_consistent_v1,tiki_mvdec_dekm_consistent_v1_ccfbcd08db49_seed_42,ccfbcd08db49645649c885e212a7f2e0796a7bf3746d6b5f7b50f2673ebb95b4,-0.06771536,0.18476593,0.040540986,-0.2952417,0.11454354,4
1182,mvdec_dekm_consistent_v1,tiki_mvdec_dekm_consistent_v1_ccfbcd08db49_seed_42,ccfbcd08db49645649c885e212a7f2e0796a7bf3746d6b5f7b50f2673ebb95b4,0.06600635,0.046458438,0.12844974,-0.32236692,0.10500045,4
1183,mvdec_dekm_consistent_v1,tiki_mvdec_dekm_consistent_v1_ccfbcd08db49_seed_42,ccfbcd08db49645649c885e212a7f2e0796a7bf3746d6b5f7b50f2673ebb95b4,-0.19312859,0.02063379,0.0034380965,-0.49095994,0.3257267,4
1184,mvdec_dekm_consistent_v1,tiki_mvdec_dekm_consistent_v1_ccfbcd08db49_seed_42,ccfbcd08db49645649c885e212a7f2e0796a7bf3746d6b5f7b50f2673ebb95b4,0.095665365,-0.03149882,0.22069559,-0.20896421,0.18806101,4
1185,mvdec_dekm_consistent_v1,tiki_mvdec_dekm_consistent_v1_ccfbcd08db49_seed_42,ccfbcd08db49645649c885e212a7f2e0796a7bf3746d6b5f7b50f2673ebb95b4,-0.08259107,0.04084021,0.02558405,0.149071,-0.004936628,0
1186,mvdec_dekm_consistent_v1,tiki_mvdec_dekm_consistent_v1_ccfbcd08db49_seed_42,ccfbcd08db49645649c885e212a7f2e0796a7bf3746d6b5f7b50f2673ebb95b4,-0.018716732,-0.07626554,0.024928782,0.060910165,-0.022182286,0
1187,mvdec_dekm_consistent_v1,tiki_mvdec_dekm_consistent_v1_ccfbcd08db49_seed_42,ccfbcd08db49645649c885e212a7f2e0796a7bf3746d6b5f7b50f2673ebb95b4,-0.2510432,-0.12153818,0.06529814,-0.67942584,0.5061297,3
1188,mvdec_dekm_consistent_v1,tiki_mvdec_dekm_consistent_v1_ccfbcd08db49_seed_42,ccfbcd08db49645649c885e212a7f2e0796a7bf3746d6b5f7b50f2673ebb95b4,-0.048762042,-0.053369086,0.03989445,0.07768282,-0.018255338,0
1189,mvdec_dekm_consistent_v1,tiki_mvdec_dekm_consistent_v1_ccfbcd08db49_seed_42,ccfbcd08db49645649c885e212a7f2e0796a7bf3746d6b5f7b50f2673ebb95b4,0.078742296,-0.46956754,0.26959667,-0.02156286,-0.21521646,2
1190,mvdec_dekm_consistent_v1,tiki_mvdec_dekm_consistent_v1_ccfbcd08db49_seed_42,ccfbcd08db49645649c885e212a7f2e0796a7bf3746d6b5f7b50f2673ebb95b4,-0.07232424,0.040930144,0.08251504,0.08588733,0.103560254,0
1191,mvdec_dekm_consistent_v1,tiki_mvdec_dekm_consistent_v1_ccfbcd08db49_seed_42,ccfbcd08db49645649c885e212a7f2e0796a7bf3746d6b5f7b50f2673ebb95b4,0.0009678025,-0.074738994,0.14060725,-0.010739627,-0.051711045,2
1192,mvdec_dekm_consistent_v1,tiki_mvdec_dekm_consistent_v1_ccfbcd08db49_seed_42,ccfbcd08db49645649c885e212a7f2e0796a7bf3746d6b5f7b50f2673ebb95b4,0.2635392,-0.26614374,0.19027074,0.0142226145,-0.19003147,2
1193,mvdec_dekm_consistent_v1,tiki_mvdec_dekm_consistent_v1_ccfbcd08db49_seed_42,ccfbcd08db49645649c885e212a7f2e0796a7bf3746d6b5f7b50f2673ebb95b4,-0.042237483,0.14294873,-0.0034716278,0.19218308,0.0013234615,0
1194,mvdec_dekm_consistent_v1,tiki_mvdec_dekm_consistent_v1_ccfbcd08db49_seed_42,ccfbcd08db49645649c885e212a7f2e0796a7bf3746d6b5f7b50f2673ebb95b4,-0.08912273,0.069317214,0.043536197,0.19785333,0.027524086,0
1195,mvdec_dekm_consistent_v1,tiki_mvdec_dekm_consistent_v1_ccfbcd08db49_seed_42,ccfbcd08db49645649c885e212a7f2e0796a7bf3746d6b5f7b50f2673ebb95b4,0.0012011491,-0.47708166,-0.12634304,-0.12227842,-0.16074851,2
1196,mvdec_dekm_consistent_v1,tiki_mvdec_dekm_consistent_v1_ccfbcd08db49_seed_42,ccfbcd08db49645649c885e212a7f2e0796a7bf3746d6b5f7b50f2673ebb95b4,-0.30207595,-0.28217745,0.04428352,-0.6938196,0.68733764,3
1197,mvdec_dekm_consistent_v1,tiki_mvdec_dekm_consistent_v1_ccfbcd08db49_seed_42,ccfbcd08db49645649c885e212a7f2e0796a7bf3746d6b5f7b50f2673ebb95b4,0.31378582,0.02883289,-0.051683746,-0.38997072,0.65861183,1
1198,mvdec_dekm_consistent_v1,tiki_mvdec_dekm_consistent_v1_ccfbcd08db49_seed_42,ccfbcd08db49645649c885e212a7f2e0796a7bf3746d6b5f7b50f2673ebb95b4,-0.076022014,0.17385954,0.07769822,-0.35927293,0.13240865,4
1199,mvdec_dekm_consistent_v1,tiki_mvdec_dekm_consistent_v1_ccfbcd08db49_seed_42,ccfbcd08db49645649c885e212a7f2e0796a7bf3746d6b5f7b50f2673ebb95b4,0.22626625,0.17205983,-0.064551316,-0.20961036,0.42774016,1
1200,mvdec_dekm_consistent_v1,tiki_mvdec_dekm_consistent_v1_ccfbcd08db49_seed_42,ccfbcd08db49645649c885e212a7f2e0796a7bf3746d6b5f7b50f2673ebb95b4,-0.031984165,0.096260786,0.13204543,0.26909447,0.051713496,0
1201,mvdec_dekm_consistent_v1,tiki_mvdec_dekm_consistent_v1_ccfbcd08db49_seed_42,ccfbcd08db49645649c885e212a7f2e0796a7bf3746d6b5f7b50f2673ebb95b4,-0.30266425,-0.2672255,0.06414041,-0.76081693,0.67640835,3
1202,mvdec_dekm_consistent_v1,tiki_mvdec_dekm_consistent_v1_ccfbcd08db49_seed_42,ccfbcd08db49645649c885e212a7f2e0796a7bf3746d6b5f7b50f2673ebb95b4,-0.2938845,-0.24885266,0.11200719,-0.86779606,0.6634695,3
1203,mvdec_dekm_consistent_v1,tiki_mvdec_dekm_consistent_v1_ccfbcd08db49_seed_42,ccfbcd08db49645649c885e212a7f2e0796a7bf3746d6b5f7b50f2673ebb95b4,0.23752436,-0.4034804,0.048812225,-0.33824372,-0.037553795,2
1204,mvdec_dekm_consistent_v1,tiki_mvdec_dekm_consistent_v1_ccfbcd08db49_seed_42,ccfbcd08db49645649c885e212a7f2e0796a7bf3746d6b5f7b50f2673ebb95b4,0.0013139863,0.09127603,0.039195202,0.09135755,-0.00014464557,0
1205,mvdec_dekm_consistent_v1,tiki_mvdec_dekm_consistent_v1_ccfbcd08db49_seed_42,ccfbcd08db49645649c885e212a7f2e0796a7bf3746d6b5f7b50f2673ebb95b4,-0.060357742,0.21404186,0.056150608,0.2466435,0.057504192,0
1206,mvdec_dekm_consistent_v1,tiki_mvdec_dekm_consistent_v1_ccfbcd08db49_seed_42,ccfbcd08db49645649c885e212a7f2e0796a7bf3746d6b5f7b50f2673ebb95b4,0.004142124,0.23877913,-0.004794702,0.06932777,0.114905804,0
1207,mvdec_dekm_consistent_v1,tiki_mvdec_dekm_consistent_v1_ccfbcd08db49_seed_42,ccfbcd08db49645649c885e212a7f2e0796a7bf3746d6b5f7b50f2673ebb95b4,0.053533837,0.05879423,0.10372189,0.21251963,-0.04343668,0
1208,mvdec_dekm_consistent_v1,tiki_mvdec_dekm_consistent_v1_ccfbcd08db49_seed_42,ccfbcd08db49645649c885e212a7f2e0796a7bf3746d6b5f7b50f2673ebb95b4,0.028182264,0.12674901,0.07852386,0.13832378,0.04428651,0
1209,mvdec_dekm_consistent_v1,tiki_mvdec_dekm_consistent_v1_ccfbcd08db49_seed_42,ccfbcd08db49645649c885e212a7f2e0796a7bf3746d6b5f7b50f2673ebb95b4,-0.097375095,0.2074539,0.09730104,0.28093264,0.102249525,0
1210,mvdec_dekm_consistent_v1,tiki_mvdec_dekm_consistent_v1_ccfbcd08db49_seed_42,ccfbcd08db49645649c885e212a7f2e0796a7bf3746d6b5f7b50f2673ebb95b4,-0.0353164,0.11603004,0.019419014,0.082096845,0.037276126,0
1211,mvdec_dekm_consistent_v1,tiki_mvdec_dekm_consistent_v1_ccfbcd08db49_seed_42,ccfbcd08db49645649c885e212a7f2e0796a7bf3746d6b5f7b50f2673ebb95b4,-0.2973699,-0.2931041,0.048078496,-0.6541363,0.6826317,3
1212,mvdec_dekm_consistent_v1,tiki_mvdec_dekm_consistent_v1_ccfbcd08db49_seed_42,ccfbcd08db49645649c885e212a7f2e0796a7bf3746d6b5f7b50f2673ebb95b4,0.2951088,-0.32682693,0.13117895,-0.04156235,0.050774977,2
1213,mvdec_dekm_consistent_v1,tiki_mvdec_dekm_consistent_v1_ccfbcd08db49_seed_42,ccfbcd08db49645649c885e212a7f2e0796a7bf3746d6b5f7b50f2673ebb95b4,-0.28916663,0.0810313,-0.020031169,-0.33989015,0.20949556,4
1214,mvdec_dekm_consistent_v1,tiki_mvdec_dekm_consistent_v1_ccfbcd08db49_seed_42,ccfbcd08db49645649c885e212a7f2e0796a7bf3746d6b5f7b50f2673ebb95b4,0.055407844,0.16328834,-0.023707688,-0.24629344,0.25254613,4
1215,mvdec_dekm_consistent_v1,tiki_mvdec_dekm_consistent_v1_ccfbcd08db49_seed_42,ccfbcd08db49645649c885e212a7f2e0796a7bf3746d6b5f7b50f2673ebb95b4,0.0034850333,0.20929042,-0.043089442,0.14047524,0.07326788,0
1216,mvdec_dekm_consistent_v1,tiki_mvdec_dekm_consistent_v1_ccfbcd08db49_seed_42,ccfbcd08db49645649c885e212a7f2e0796a7bf3746d6b5f7b50f2673ebb95b4,-0.22405452,-0.034734532,0.0030516274,-0.54449934,0.40742382,3
1217,mvdec_dekm_consistent_v1,tiki_mvdec_dekm_consistent_v1_ccfbcd08db49_seed_42,ccfbcd08db49645649c885e212a7f2e0796a7bf3746d6b5f7b50f2673ebb95b4,-0.7111783,-0.069210276,0.110052556,-0.6882967,0.1063703,3
1218,mvdec_dekm_consistent_v1,tiki_mvdec_dekm_consistent_v1_ccfbcd08db49_seed_42,ccfbcd08db49645649c885e212a7f2e0796a7bf3746d6b5f7b50f2673ebb95b4,-0.1690861,0.0654988,0.10852816,0.19173443,0.11679725,0
1219,mvdec_dekm_consistent_v1,tiki_mvdec_dekm_consistent_v1_ccfbcd08db49_seed_42,ccfbcd08db49645649c885e212a7f2e0796a7bf3746d6b5f7b50f2673ebb95b4,0.032798648,0.10495479,0.0042466223,-0.012361746,0.087390415,0
1220,mvdec_dekm_consistent_v1,tiki_mvdec_dekm_consistent_v1_ccfbcd08db49_seed_42,ccfbcd08db49645649c885e212a7f2e0796a7bf3746d6b5f7b50f2673ebb95b4,0.1064585,-0.18857266,0.0015774518,0.07644272,-0.23619571,2
1221,mvdec_dekm_consistent_v1,tiki_mvdec_dekm_consistent_v1_ccfbcd08db49_seed_42,ccfbcd08db49645649c885e212a7f2e0796a7bf3746d6b5f7b50f2673ebb95b4,-0.10539496,0.24426249,0.060395434,0.22309384,0.065890856,0
1222,mvdec_dekm_consistent_v1,tiki_mvdec_dekm_consistent_v1_ccfbcd08db49_seed_42,ccfbcd08db49645649c885e212a7f2e0796a7bf3746d6b5f7b50f2673ebb95b4,0.23542766,0.09847516,-0.054066785,-0.29184955,0.53109616,1
1223,mvdec_dekm_consistent_v1,tiki_mvdec_dekm_consistent_v1_ccfbcd08db49_seed_42,ccfbcd08db49645649c885e212a7f2e0796a7bf3746d6b5f7b50f2673ebb95b4,-0.27884462,-0.008135956,0.011582747,-0.45569932,0.3523571,3
1224,mvdec_dekm_consistent_v1,tiki_mvdec_dekm_consistent_v1_ccfbcd08db49_seed_42,ccfbcd08db49645649c885e212a7f2e0796a7bf3746d6b5f7b50f2673ebb95b4,-0.09882684,0.1977115,0.08418645,0.2046709,0.071354,0
1225,mvdec_dekm_consistent_v1,tiki_mvdec_dekm_consistent_v1_ccfbcd08db49_seed_42,ccfbcd08db49645649c885e212a7f2e0796a7bf3746d6b5f7b50f2673ebb95b4,0.037772924,0.12708537,0.033798676,0.24638775,0.14682826,0
1226,mvdec_dekm_consistent_v1,tiki_mvdec_dekm_consistent_v1_ccfbcd08db49_seed_42,ccfbcd08db49645649c885e212a7f2e0796a7bf3746d6b5f7b50f2673ebb95b4,0.21519305,0.21539256,0.09150402,-0.38123032,0.2727471,4
1227,mvdec_dekm_consistent_v1,tiki_mvdec_dekm_consistent_v1_ccfbcd08db49_seed_42,ccfbcd08db49645649c885e212a7f2e0796a7bf3746d6b5f7b50f2673ebb95b4,-0.17504668,0.09625555,0.10912654,0.051436886,0.11923673,0
1228,mvdec_dekm_consistent_v1,tiki_mvdec_dekm_consistent_v1_ccfbcd08db49_seed_42,ccfbcd08db49645649c885e212a7f2e0796a7bf3746d6b5f7b50f2673ebb95b4,-0.06670414,0.13930006,0.009017795,-0.35712144,0.23500076,4
1229,mvdec_dekm_consistent_v1,tiki_mvdec_dekm_consistent_v1_ccfbcd08db49_seed_42,ccfbcd08db49645649c885e212a7f2e0796a7bf3746d6b5f7b50f2673ebb95b4,-0.30206865,-0.28219223,0.0442822,-0.69382584,0.6873376,3
1230,mvdec_dekm_consistent_v1,tiki_mvdec_dekm_consistent_v1_ccfbcd08db49_seed_42,ccfbcd08db49645649c885e212a7f2e0796a7bf3746d6b5f7b50f2673ebb95b4,-0.09605534,0.13292384,0.002937179,-0.30753067,0.16657591,4
1231,mvdec_dekm_consistent_v1,tiki_mvdec_dekm_consistent_v1_ccfbcd08db49_seed_42,ccfbcd08db49645649c885e212a7f2e0796a7bf3746d6b5f7b50f2673ebb95b4,0.25924557,-0.49715096,-0.41141748,-0.002696082,0.08461251,2
1232,mvdec_dekm_consistent_v1,tiki_mvdec_dekm_consistent_v1_ccfbcd08db49_seed_42,ccfbcd08db49645649c885e212a7f2e0796a7bf3746d6b5f7b50f2673ebb95b4,0.01970468,0.040931635,0.112891525,-0.121331215,0.030021675,4
1233,mvdec_dekm_consistent_v1,tiki_mvdec_dekm_consistent_v1_ccfbcd08db49_seed_42,ccfbcd08db49645649c885e212a7f2e0796a7bf3746d6b5f7b50f2673ebb95b4,-0.33074778,-0.29791826,0.10221252,-0.667402,0.6878966,3
1234,mvdec_dekm_consistent_v1,tiki_mvdec_dekm_consistent_v1_ccfbcd08db49_seed_42,ccfbcd08db49645649c885e212a7f2e0796a7bf3746d6b5f7b50f2673ebb95b4,-0.17919712,0.029107898,-0.07099378,-0.07682513,0.052369192,0
1235,mvdec_dekm_consistent_v1,tiki_mvdec_dekm_consistent_v1_ccfbcd08db49_seed_42,ccfbcd08db49645649c885e212a7f2e0796a7bf3746d6b5f7b50f2673ebb95b4,0.04768091,0.13289721,0.14872608,-0.34941125,0.17284834,4
1236,mvdec_dekm_consistent_v1,tiki_mvdec_dekm_consistent_v1_ccfbcd08db49_seed_42,ccfbcd08db49645649c885e212a7f2e0796a7bf3746d6b5f7b50f2673ebb95b4,-0.078334115,-0.18660937,0.022806559,-0.60655797,0.69462264,3
1237,mvdec_dekm_consistent_v1,tiki_mvdec_dekm_consistent_v1_ccfbcd08db49_seed_42,ccfbcd08db49645649c885e212a7f2e0796a7bf3746d6b5f7b50f2673ebb95b4,0.06578146,0.10910576,0.23420626,-0.36171877,0.37910557,4
1238,mvdec_dekm_consistent_v1,tiki_mvdec_dekm_consistent_v1_ccfbcd08db49_seed_42,ccfbcd08db49645649c885e212a7f2e0796a7bf3746d6b5f7b50f2673ebb95b4,0.5106713,0.15163104,0.004197158,-0.41502112,0.66697305,1
1239,mvdec_dekm_consistent_v1,tiki_mvdec_dekm_consistent_v1_ccfbcd08db49_seed_42,ccfbcd08db49645649c885e212a7f2e0796a7bf3746d6b5f7b50f2673ebb95b4,-0.120312355,0.04424645,0.0012112595,-0.44455624,0.32582933,4
1240,mvdec_dekm_consistent_v1,tiki_mvdec_dekm_consistent_v1_ccfbcd08db49_seed_42,ccfbcd08db49645649c885e212a7f2e0796a7bf3746d6b5f7b50f2673ebb95b4,0.12941878,-0.17667806,-0.10388979,-0.00053475425,-0.1461885,2
1241,mvdec_dekm_consistent_v1,tiki_mvdec_dekm_consistent_v1_ccfbcd08db49_seed_42,ccfbcd08db49645649c885e212a7f2e0796a7bf3746d6b5f7b50f2673ebb95b4,-0.22423369,-0.03457143,0.0031405054,-0.54447883,0.4073939,3
1242,mvdec_dekm_consistent_v1,tiki_mvdec_dekm_consistent_v1_ccfbcd08db49_seed_42,ccfbcd08db49645649c885e212a7f2e0796a7bf3746d6b5f7b50f2673ebb95b4,-0.011963777,0.034694888,0.10579988,-0.17047685,0.16039366,4
1243,mvdec_dekm_consistent_v1,tiki_mvdec_dekm_consistent_v1_ccfbcd08db49_seed_42,ccfbcd08db49645649c885e212a7f2e0796a7bf3746d6b5f7b50f2673ebb95b4,-0.25105,-0.12152946,0.06530009,-0.67942184,0.5061283,3
1244,mvdec_dekm_consistent_v1,tiki_mvdec_dekm_consistent_v1_ccfbcd08db49_seed_42,ccfbcd08db49645649c885e212a7f2e0796a7bf3746d6b5f7b50f2673ebb95b4,0.022086676,0.07637285,-0.056521535,0.045530975,-0.030818537,0
1245,mvdec_dekm_consistent_v1,tiki_mvdec_dekm_consistent_v1_ccfbcd08db49_seed_42,ccfbcd08db49645649c885e212a7f2e0796a7bf3746d6b5f7b50f2673ebb95b4,-0.04279731,-0.08595455,-0.033639245,-0.31993434,0.03901604,4
1246,mvdec_dekm_consistent_v1,tiki_mvdec_dekm_consistent_v1_ccfbcd08db49_seed_42,ccfbcd08db49645649c885e212a7f2e0796a7bf3746d6b5f7b50f2673ebb95b4,0.11777504,-0.09201939,0.064334564,-0.59847176,0.68415,1
1247,mvdec_dekm_consistent_v1,tiki_mvdec_dekm_consistent_v1_ccfbcd08db49_seed_42,ccfbcd08db49645649c885e212a7f2e0796a7bf3746d6b5f7b50f2673ebb95b4,-0.30266425,-0.2672255,0.06414041,-0.76081693,0.67640835,3
1248,mvdec_dekm_consistent_v1,tiki_mvdec_dekm_consistent_v1_ccfbcd08db49_seed_42,ccfbcd08db49645649c885e212a7f2e0796a7bf3746d6b5f7b50f2673ebb95b4,-0.07833078,-0.18662806,0.022803891,-0.6065712,0.69461536,3
1249,mvdec_dekm_consistent_v1,tiki_mvdec_dekm_consistent_v1_ccfbcd08db49_seed_42,ccfbcd08db49645649c885e212a7f2e0796a7bf3746d6b5f7b50f2673ebb95b4,-0.29746887,-0.29296684,0.04812753,-0.6541108,0.68264145,3
1250,mvdec_dekm_consistent_v1,tiki_mvdec_dekm_consistent_v1_ccfbcd08db49_seed_42,ccfbcd08db49645649c885e212a7f2e0796a7bf3746d6b5f7b50f2673ebb95b4,-0.17358968,0.12396152,0.07542667,0.041956127,0.10483533,0
1251,mvdec_dekm_consistent_v1,tiki_mvdec_dekm_consistent_v1_ccfbcd08db49_seed_42,ccfbcd08db49645649c885e212a7f2e0796a7bf3746d6b5f7b50f2673ebb95b4,-0.015905289,0.20597711,0.25756955,-0.14938234,0.11430611,4
1252,mvdec_dekm_consistent_v1,tiki_mvdec_dekm_consistent_v1_ccfbcd08db49_seed_42,ccfbcd08db49645649c885e212a7f2e0796a7bf3746d6b5f7b50f2673ebb95b4,-0.16714582,0.15104137,0.034532532,-0.14824753,0.093998246,4
1253,mvdec_dekm_consistent_v1,tiki_mvdec_dekm_consistent_v1_ccfbcd08db49_seed_42,ccfbcd08db49645649c885e212a7f2e0796a7bf3746d6b5f7b50f2673ebb95b4,-0.103022575,0.13746378,-0.0039667413,-0.29861563,0.15861964,4
1254,mvdec_dekm_consistent_v1,tiki_mvdec_dekm_consistent_v1_ccfbcd08db49_seed_42,ccfbcd08db49645649c885e212a7f2e0796a7bf3746d6b5f7b50f2673ebb95b4,0.05247833,0.030874252,0.125315,-0.31196293,0.0944685,4
1255,mvdec_dekm_consistent_v1,tiki_mvdec_dekm_consistent_v1_ccfbcd08db49_seed_42,ccfbcd08db49645649c885e212a7f2e0796a7bf3746d6b5f7b50f2673ebb95b4,-0.30207595,-0.28217745,0.04428352,-0.6938196,0.68733764,3
1256,mvdec_dekm_consistent_v1,tiki_mvdec_dekm_consistent_v1_ccfbcd08db49_seed_42,ccfbcd08db49645649c885e212a7f2e0796a7bf3746d6b5f7b50f2673ebb95b4,-0.006024495,0.07037216,-0.0084824525,-0.2854678,0.11747114,4
1257,mvdec_dekm_consistent_v1,tiki_mvdec_dekm_consistent_v1_ccfbcd08db49_seed_42,ccfbcd08db49645649c885e212a7f2e0796a7bf3746d6b5f7b50f2673ebb95b4,0.26618865,-0.27765983,-0.060759995,-0.014931843,-0.24831507,2
1258,mvdec_dekm_consistent_v1,tiki_mvdec_dekm_consistent_v1_ccfbcd08db49_seed_42,ccfbcd08db49645649c885e212a7f2e0796a7bf3746d6b5f7b50f2673ebb95b4,-0.33074778,-0.29791826,0.10221252,-0.667402,0.6878966,3
1259,mvdec_dekm_consistent_v1,tiki_mvdec_dekm_consistent_v1_ccfbcd08db49_seed_42,ccfbcd08db49645649c885e212a7f2e0796a7bf3746d6b5f7b50f2673ebb95b4,-0.07826212,0.19064867,0.0037532896,0.10707693,0.07670753,0
1260,mvdec_dekm_consistent_v1,tiki_mvdec_dekm_consistent_v1_ccfbcd08db49_seed_42,ccfbcd08db49645649c885e212a7f2e0796a7bf3746d6b5f7b50f2673ebb95b4,-0.2938635,-0.24888338,0.11199749,-0.86780906,0.66347325,3
1261,mvdec_dekm_consistent_v1,tiki_mvdec_dekm_consistent_v1_ccfbcd08db49_seed_42,ccfbcd08db49645649c885e212a7f2e0796a7bf3746d6b5f7b50f2673ebb95b4,-0.42798436,-0.22135657,0.033842508,-0.6896045,0.51931584,3
1262,mvdec_dekm_consistent_v1,tiki_mvdec_dekm_consistent_v1_ccfbcd08db49_seed_42,ccfbcd08db49645649c885e212a7f2e0796a7bf3746d6b5f7b50f2673ebb95b4,-0.17162484,0.13148092,0.20441507,-0.24748063,0.19231582,4
1263,mvdec_dekm_consistent_v1,tiki_mvdec_dekm_consistent_v1_ccfbcd08db49_seed_42,ccfbcd08db49645649c885e212a7f2e0796a7bf3746d6b5f7b50f2673ebb95b4,-0.1036597,0.14850104,0.11030501,0.17505792,0.11228027,0
1264,mvdec_dekm_consistent_v1,tiki_mvdec_dekm_consistent_v1_ccfbcd08db49_seed_42,ccfbcd08db49645649c885e212a7f2e0796a7bf3746d6b5f7b50f2673ebb95b4,0.37439555,-0.17089127,0.1561136,-0.18171209,0.2832104,1
1265,mvdec_dekm_consistent_v1,tiki_mvdec_dekm_consistent_v1_ccfbcd08db49_seed_42,ccfbcd08db49645649c885e212a7f2e0796a7bf3746d6b5f7b50f2673ebb95b4,0.10193431,-0.06823498,-0.057551928,-0.19584058,0.083616145,4
1266,mvdec_dekm_consistent_v1,tiki_mvdec_dekm_consistent_v1_ccfbcd08db49_seed_42,ccfbcd08db49645649c885e212a7f2e0796a7bf3746d6b5f7b50f2673ebb95b4,-0.2967312,-0.29675648,0.10283099,-0.66383463,0.6727075,3
1267,mvdec_dekm_consistent_v1,tiki_mvdec_dekm_consistent_v1_ccfbcd08db49_seed_42,ccfbcd08db49645649c885e212a7f2e0796a7bf3746d6b5f7b50f2673ebb95b4,-0.055865712,0.012192175,0.08915931,0.13332449,0.007936552,0
1268,mvdec_dekm_consistent_v1,tiki_mvdec_dekm_consistent_v1_ccfbcd08db49_seed_42,ccfbcd08db49645649c885e212a7f2e0796a7bf3746d6b5f7b50f2673ebb95b4,0.06764368,-0.066695936,0.0501411,0.14390343,-0.13856286,2
1269,mvdec_dekm_consistent_v1,tiki_mvdec_dekm_consistent_v1_ccfbcd08db49_seed_42,ccfbcd08db49645649c885e212a7f2e0796a7bf3746d6b5f7b50f2673ebb95b4,-0.020791644,0.08167254,0.0015401393,0.16050638,-0.004064735,0
1270,mvdec_dekm_consistent_v1,tiki_mvdec_dekm_consistent_v1_ccfbcd08db49_seed_42,ccfbcd08db49645649c885e212a7f2e0796a7bf3746d6b5f7b50f2673ebb95b4,0.043898042,-0.021600928,0.12515336,-0.22421008,0.03282184,4
1271,mvdec_dekm_consistent_v1,tiki_mvdec_dekm_consistent_v1_ccfbcd08db49_seed_42,ccfbcd08db49645649c885e212a7f2e0796a7bf3746d6b5f7b50f2673ebb95b4,0.04294783,-0.021190539,-0.03172069,-0.3679364,0.54693246,1
1272,mvdec_dekm_consistent_v1,tiki_mvdec_dekm_consistent_v1_ccfbcd08db49_seed_42,ccfbcd08db49645649c885e212a7f2e0796a7bf3746d6b5f7b50f2673ebb95b4,0.37703493,0.09575524,-0.059371326,-0.3477659,0.70347315,1
1273,mvdec_dekm_consistent_v1,tiki_mvdec_dekm_consistent_v1_ccfbcd08db49_seed_42,ccfbcd08db49645649c885e212a7f2e0796a7bf3746d6b5f7b50f2673ebb95b4,0.22073416,0.14554086,-0.048789147,-0.24646053,0.43967223,1
1274,mvdec_dekm_consistent_v1,tiki_mvdec_dekm_consistent_v1_ccfbcd08db49_seed_42,ccfbcd08db49645649c885e212a7f2e0796a7bf3746d6b5f7b50f2673ebb95b4,-0.2972527,-0.2932663,0.04802054,-0.6541667,0.6826199,3
1275,mvdec_dekm_consistent_v1,tiki_mvdec_dekm_consistent_v1_ccfbcd08db49_seed_42,ccfbcd08db49645649c885e212a7f2e0796a7bf3746d6b5f7b50f2673ebb95b4,-0.0027978201,0.027688643,0.09429161,0.12917323,-0.019890202,0
1276,mvdec_dekm_consistent_v1,tiki_mvdec_dekm_consistent_v1_ccfbcd08db49_seed_42,ccfbcd08db49645649c885e212a7f2e0796a7bf3746d6b5f7b50f2673ebb95b4,-0.3228963,-0.15850738,0.018570203,-0.634128,0.51628035,3
1277,mvdec_dekm_consistent_v1,tiki_mvdec_dekm_consistent_v1_ccfbcd08db49_seed_42,ccfbcd08db49645649c885e212a7f2e0796a7bf3746d6b5f7b50f2673ebb95b4,-0.11143141,0.1296442,0.013062473,-0.32088414,0.15230057,4
1278,mvdec_dekm_consistent_v1,tiki_mvdec_dekm_consistent_v1_ccfbcd08db49_seed_42,ccfbcd08db49645649c885e212a7f2e0796a7bf3746d6b5f7b50f2673ebb95b4,-0.03015486,0.11664014,0.3321076,0.024137825,0.031501755,0
1279,mvdec_dekm_consistent_v1,tiki_mvdec_dekm_consistent_v1_ccfbcd08db49_seed_42,ccfbcd08db49645649c885e212a7f2e0796a7bf3746d6b5f7b50f2673ebb95b4,-0.029423255,0.05476296,0.06188116,0.15177163,0.046491332,0
1280,mvdec_dekm_consistent_v1,tiki_mvdec_dekm_consistent_v1_ccfbcd08db49_seed_42,ccfbcd08db49645649c885e212a7f2e0796a7bf3746d6b5f7b50f2673ebb95b4,-0.10145511,0.09917928,0.11480224,0.0652247,0.14790896,0
1281,mvdec_dekm_consistent_v1,tiki_mvdec_dekm_consistent_v1_ccfbcd08db49_seed_42,ccfbcd08db49645649c885e212a7f2e0796a7bf3746d6b5f7b50f2673ebb95b4,0.44844726,0.13880679,-0.13655461,-0.31637394,0.6849018,1
1282,mvdec_dekm_consistent_v1,tiki_mvdec_dekm_consistent_v1_ccfbcd08db49_seed_42,ccfbcd08db49645649c885e212a7f2e0796a7bf3746d6b5f7b50f2673ebb95b4,0.15495576,0.18476155,-0.019214362,-0.107971504,0.31058124,4
1283,mvdec_dekm_consistent_v1,tiki_mvdec_dekm_consistent_v1_ccfbcd08db49_seed_42,ccfbcd08db49645649c885e212a7f2e0796a7bf3746d6b5f7b50f2673ebb95b4,-0.056590594,0.07022913,0.058577232,0.20712894,0.003155293,0
1284,mvdec_dekm_consistent_v1,tiki_mvdec_dekm_consistent_v1_ccfbcd08db49_seed_42,ccfbcd08db49645649c885e212a7f2e0796a7bf3746d6b5f7b50f2673ebb95b4,-0.11454934,0.17771295,0.13734163,-0.13195072,0.15520829,4
1285,mvdec_dekm_consistent_v1,tiki_mvdec_dekm_consistent_v1_ccfbcd08db49_seed_42,ccfbcd08db49645649c885e212a7f2e0796a7bf3746d6b5f7b50f2673ebb95b4,0.08489272,0.1308906,0.037291624,0.19355133,0.24377401,0
1286,mvdec_dekm_consistent_v1,tiki_mvdec_dekm_consistent_v1_ccfbcd08db49_seed_42,ccfbcd08db49645649c885e212a7f2e0796a7bf3746d6b5f7b50f2673ebb95b4,-0.009171374,0.20771648,0.050056517,-0.25636658,0.09298329,4
1287,mvdec_dekm_consistent_v1,tiki_mvdec_dekm_consistent_v1_ccfbcd08db49_seed_42,ccfbcd08db49645649c885e212a7f2e0796a7bf3746d6b5f7b50f2673ebb95b4,-0.16864732,0.07885701,-0.024741948,-0.01852975,0.042341627,0
1288,mvdec_dekm_consistent_v1,tiki_mvdec_dekm_consistent_v1_ccfbcd08db49_seed_42,ccfbcd08db49645649c885e212a7f2e0796a7bf3746d6b5f7b50f2673ebb95b4,-0.04610364,0.19231533,0.13897344,-0.20342898,0.18573876,4
1289,mvdec_dekm_consistent_v1,tiki_mvdec_dekm_consistent_v1_ccfbcd08db49_seed_42,ccfbcd08db49645649c885e212a7f2e0796a7bf3746d6b5f7b50f2673ebb95b4,-0.33074778,-0.29791826,0.10221252,-0.667402,0.6878966,3
1290,mvdec_dekm_consistent_v1,tiki_mvdec_dekm_consistent_v1_ccfbcd08db49_seed_42,ccfbcd08db49645649c885e212a7f2e0796a7bf3746d6b5f7b50f2673ebb95b4,-0.0108122155,-0.17710169,-0.15327686,0.0034972385,-0.090617806,2
1291,mvdec_dekm_consistent_v1,tiki_mvdec_dekm_consistent_v1_ccfbcd08db49_seed_42,ccfbcd08db49645649c885e212a7f2e0796a7bf3746d6b5f7b50f2673ebb95b4,0.17456327,-0.15776849,0.1258137,-0.09157636,-0.1971171,2
1292,mvdec_dekm_consistent_v1,tiki_mvdec_dekm_consistent_v1_ccfbcd08db49_seed_42,ccfbcd08db49645649c885e212a7f2e0796a7bf3746d6b5f7b50f2673ebb95b4,-0.17982808,-0.09718998,0.010606866,-0.5654113,0.52555025,3
1293,mvdec_dekm_consistent_v1,tiki_mvdec_dekm_consistent_v1_ccfbcd08db49_seed_42,ccfbcd08db49645649c885e212a7f2e0796a7bf3746d6b5f7b50f2673ebb95b4,0.3624558,-0.42486477,0.12220758,-0.069399625,0.19550607,2
1294,mvdec_dekm_consistent_v1,tiki_mvdec_dekm_consistent_v1_ccfbcd08db49_seed_42,ccfbcd08db49645649c885e212a7f2e0796a7bf3746d6b5f7b50f2673ebb95b4,-0.057901606,-0.022889331,0.2945452,-0.31517464,0.1625543,4
1295,mvdec_dekm_consistent_v1,tiki_mvdec_dekm_consistent_v1_ccfbcd08db49_seed_42,ccfbcd08db49645649c885e212a7f2e0796a7bf3746d6b5f7b50f2673ebb95b4,0.1465962,-0.07348409,0.04516975,0.11584376,-0.09637618,2
1296,mvdec_dekm_consistent_v1,tiki_mvdec_dekm_consistent_v1_ccfbcd08db49_seed_42,ccfbcd08db49645649c885e212a7f2e0796a7bf3746d6b5f7b50f2673ebb95b4,0.14291604,-0.12758432,0.35460898,-0.11818897,-0.059838258,2
1297,mvdec_dekm_consistent_v1,tiki_mvdec_dekm_consistent_v1_ccfbcd08db49_seed_42,ccfbcd08db49645649c885e212a7f2e0796a7bf3746d6b5f7b50f2673ebb95b4,0.0050245263,0.060831025,0.030628528,0.03472256,0.05208707,0
1298,mvdec_dekm_consistent_v1,tiki_mvdec_dekm_consistent_v1_ccfbcd08db49_seed_42,ccfbcd08db49645649c885e212a7f2e0796a7bf3746d6b5f7b50f2673ebb95b4,0.06988634,-0.04191908,0.14295352,0.11710119,-0.123080656,2
1299,mvdec_dekm_consistent_v1,tiki_mvdec_dekm_consistent_v1_ccfbcd08db49_seed_42,ccfbcd08db49645649c885e212a7f2e0796a7bf3746d6b5f7b50f2673ebb95b4,-0.041205388,0.20836622,0.13987043,-0.41117385,0.13103122,4
1300,mvdec_dekm_consistent_v1,tiki_mvdec_dekm_consistent_v1_ccfbcd08db49_seed_42,ccfbcd08db49645649c885e212a7f2e0796a7bf3746d6b5f7b50f2673ebb95b4,0.060705423,0.10083842,0.009622395,0.22341304,-0.0025055278,0
1301,mvdec_dekm_consistent_v1,tiki_mvdec_dekm_consistent_v1_ccfbcd08db49_seed_42,ccfbcd08db49645649c885e212a7f2e0796a7bf3746d6b5f7b50f2673ebb95b4,-0.12580092,0.27416253,0.025062025,0.08542588,0.06769429,0
1302,mvdec_dekm_consistent_v1,tiki_mvdec_dekm_consistent_v1_ccfbcd08db49_seed_42,ccfbcd08db49645649c885e212a7f2e0796a7bf3746d6b5f7b50f2673ebb95b4,0.18608537,-0.22626743,0.010933001,0.0570727,-0.12497432,2
1303,mvdec_dekm_consistent_v1,tiki_mvdec_dekm_consistent_v1_ccfbcd08db49_seed_42,ccfbcd08db49645649c885e212a7f2e0796a7bf3746d6b5f7b50f2673ebb95b4,-0.15310255,0.012565047,0.09127453,0.13129807,0.07476999,0
1304,mvdec_dekm_consistent_v1,tiki_mvdec_dekm_consistent_v1_ccfbcd08db49_seed_42,ccfbcd08db49645649c885e212a7f2e0796a7bf3746d6b5f7b50f2673ebb95b4,0.6161595,-0.40985113,-0.28133526,0.012201637,0.12797494,2
1305,mvdec_dekm_consistent_v1,tiki_mvdec_dekm_consistent_v1_ccfbcd08db49_seed_42,ccfbcd08db49645649c885e212a7f2e0796a7bf3746d6b5f7b50f2673ebb95b4,-0.2967312,-0.29675648,0.10283099,-0.66383463,0.6727075,3
1306,mvdec_dekm_consistent_v1,tiki_mvdec_dekm_consistent_v1_ccfbcd08db49_seed_42,ccfbcd08db49645649c885e212a7f2e0796a7bf3746d6b5f7b50f2673ebb95b4,-0.075181134,0.08152721,0.104260646,0.17477083,0.064063616,0
1307,mvdec_dekm_consistent_v1,tiki_mvdec_dekm_consistent_v1_ccfbcd08db49_seed_42,ccfbcd08db49645649c885e212a7f2e0796a7bf3746d6b5f7b50f2673ebb95b4,0.019158162,0.10754944,0.055324975,0.09684369,0.3107412,0
1308,mvdec_dekm_consistent_v1,tiki_mvdec_dekm_consistent_v1_ccfbcd08db49_seed_42,ccfbcd08db49645649c885e212a7f2e0796a7bf3746d6b5f7b50f2673ebb95b4,0.029322678,0.01777834,-0.07258118,0.12722054,-0.05687002,0
1309,mvdec_dekm_consistent_v1,tiki_mvdec_dekm_consistent_v1_ccfbcd08db49_seed_42,ccfbcd08db49645649c885e212a7f2e0796a7bf3746d6b5f7b50f2673ebb95b4,-0.09933605,0.17807178,0.07676457,-0.12326561,0.1692766,4
1310,mvdec_dekm_consistent_v1,tiki_mvdec_dekm_consistent_v1_ccfbcd08db49_seed_42,ccfbcd08db49645649c885e212a7f2e0796a7bf3746d6b5f7b50f2673ebb95b4,0.16081662,-0.049936965,0.21565107,-0.06381177,-0.05268023,2
1311,mvdec_dekm_consistent_v1,tiki_mvdec_dekm_consistent_v1_ccfbcd08db49_seed_42,ccfbcd08db49645649c885e212a7f2e0796a7bf3746d6b5f7b50f2673ebb95b4,-0.09994558,0.101655796,0.01856552,0.090949416,-0.00033305306,0
1312,mvdec_dekm_consistent_v1,tiki_mvdec_dekm_consistent_v1_ccfbcd08db49_seed_42,ccfbcd08db49645649c885e212a7f2e0796a7bf3746d6b5f7b50f2673ebb95b4,-0.017159972,0.24465428,0.15587741,-0.030247968,0.12837419,0
1313,mvdec_dekm_consistent_v1,tiki_mvdec_dekm_consistent_v1_ccfbcd08db49_seed_42,ccfbcd08db49645649c885e212a7f2e0796a7bf3746d6b5f7b50f2673ebb95b4,-0.15412997,0.12291273,0.09771088,-0.08025899,0.09502921,4
1314,mvdec_dekm_consistent_v1,tiki_mvdec_dekm_consistent_v1_ccfbcd08db49_seed_42,ccfbcd08db49645649c885e212a7f2e0796a7bf3746d6b5f7b50f2673ebb95b4,0.052092105,0.10910602,0.019471318,0.18112297,0.004700292,0
1315,mvdec_dekm_consistent_v1,tiki_mvdec_dekm_consistent_v1_ccfbcd08db49_seed_42,ccfbcd08db49645649c885e212a7f2e0796a7bf3746d6b5f7b50f2673ebb95b4,0.43490618,0.12501875,-0.060909335,-0.340803,0.6986514,1
1316,mvdec_dekm_consistent_v1,tiki_mvdec_dekm_consistent_v1_ccfbcd08db49_seed_42,ccfbcd08db49645649c885e212a7f2e0796a7bf3746d6b5f7b50f2673ebb95b4,-0.05867121,0.15228012,0.16337824,-0.047428116,0.097215295,0
1317,mvdec_dekm_consistent_v1,tiki_mvdec_dekm_consistent_v1_ccfbcd08db49_seed_42,ccfbcd08db49645649c885e212a7f2e0796a7bf3746d6b5f7b50f2673ebb95b4,-0.25198615,-0.09643234,0.12996337,-0.45590934,0.39676738,3
1318,mvdec_dekm_consistent_v1,tiki_mvdec_dekm_consistent_v1_ccfbcd08db49_seed_42,ccfbcd08db49645649c885e212a7f2e0796a7bf3746d6b5f7b50f2673ebb95b4,-0.08930986,-0.047333896,0.14039648,-0.70031893,0.51375854,3
1319,mvdec_dekm_consistent_v1,tiki_mvdec_dekm_consistent_v1_ccfbcd08db49_seed_42,ccfbcd08db49645649c885e212a7f2e0796a7bf3746d6b5f7b50f2673ebb95b4,-0.015817128,0.113398015,0.032163054,0.15414238,-0.011315655,0
1320,mvdec_dekm_consistent_v1,tiki_mvdec_dekm_consistent_v1_ccfbcd08db49_seed_42,ccfbcd08db49645649c885e212a7f2e0796a7bf3746d6b5f7b50f2673ebb95b4,0.03620959,0.1069918,0.05422503,0.23049693,0.0054972786,0
1321,mvdec_dekm_consistent_v1,tiki_mvdec_dekm_consistent_v1_ccfbcd08db49_seed_42,ccfbcd08db49645649c885e212a7f2e0796a7bf3746d6b5f7b50f2673ebb95b4,0.08952146,-0.0640345,0.023036279,0.1059449,-0.14921,2
1322,mvdec_dekm_consistent_v1,tiki_mvdec_dekm_consistent_v1_ccfbcd08db49_seed_42,ccfbcd08db49645649c885e212a7f2e0796a7bf3746d6b5f7b50f2673ebb95b4,-0.06245413,0.27389598,0.031857923,0.16064411,0.02914387,0
1323,mvdec_dekm_consistent_v1,tiki_mvdec_dekm_consistent_v1_ccfbcd08db49_seed_42,ccfbcd08db49645649c885e212a7f2e0796a7bf3746d6b5f7b50f2673ebb95b4,0.025229637,0.010902206,0.006689633,0.16486433,-0.07527204,0
1324,mvdec_dekm_consistent_v1,tiki_mvdec_dekm_consistent_v1_ccfbcd08db49_seed_42,ccfbcd08db49645649c885e212a7f2e0796a7bf3746d6b5f7b50f2673ebb95b4,0.0030679945,-0.062487923,0.13611105,-0.094214566,0.054760743,4
1325,mvdec_dekm_consistent_v1,tiki_mvdec_dekm_consistent_v1_ccfbcd08db49_seed_42,ccfbcd08db49645649c885e212a7f2e0796a7bf3746d6b5f7b50f2673ebb95b4,0.19914216,-0.256793,0.043562375,0.05030696,-0.2133402,2
1326,mvdec_dekm_consistent_v1,tiki_mvdec_dekm_consistent_v1_ccfbcd08db49_seed_42,ccfbcd08db49645649c885e212a7f2e0796a7bf3746d6b5f7b50f2673ebb95b4,-0.13419482,0.1619879,0.099373996,0.22181132,0.09801236,0
1327,mvdec_dekm_consistent_v1,tiki_mvdec_dekm_consistent_v1_ccfbcd08db49_seed_42,ccfbcd08db49645649c885e212a7f2e0796a7bf3746d6b5f7b50f2673ebb95b4,-0.05391934,0.12109843,0.019691914,0.21106368,0.040274955,0
1328,mvdec_dekm_consistent_v1,tiki_mvdec_dekm_consistent_v1_ccfbcd08db49_seed_42,ccfbcd08db49645649c885e212a7f2e0796a7bf3746d6b5f7b50f2673ebb95b4,0.038308255,0.11201048,-0.05487588,0.15951619,-0.020983621,0
1329,mvdec_dekm_consistent_v1,tiki_mvdec_dekm_consistent_v1_ccfbcd08db49_seed_42,ccfbcd08db49645649c885e212a7f2e0796a7bf3746d6b5f7b50f2673ebb95b4,-0.00084401574,-0.10440822,-0.04725606,-0.18208317,-0.046022438,2
1330,mvdec_dekm_consistent_v1,tiki_mvdec_dekm_consistent_v1_ccfbcd08db49_seed_42,ccfbcd08db49645649c885e212a7f2e0796a7bf3746d6b5f7b50f2673ebb95b4,-0.10750267,0.14897478,0.031842887,-0.317043,0.12524752,4
1331,mvdec_dekm_consistent_v1,tiki_mvdec_dekm_consistent_v1_ccfbcd08db49_seed_42,ccfbcd08db49645649c885e212a7f2e0796a7bf3746d6b5f7b50f2673ebb95b4,0.09324384,0.07880846,0.12056977,-0.33586022,0.038815007,4
1332,mvdec_dekm_consistent_v1,tiki_mvdec_dekm_consistent_v1_ccfbcd08db49_seed_42,ccfbcd08db49645649c885e212a7f2e0796a7bf3746d6b5f7b50f2673ebb95b4,-0.07229468,0.14782217,0.019315515,-0.31961256,0.15975875,4
1333,mvdec_dekm_consistent_v1,tiki_mvdec_dekm_consistent_v1_ccfbcd08db49_seed_42,ccfbcd08db49645649c885e212a7f2e0796a7bf3746d6b5f7b50f2673ebb95b4,0.25098625,0.20513901,0.034258008,-0.3081653,0.34995407,1
1334,mvdec_dekm_consistent_v1,tiki_mvdec_dekm_consistent_v1_ccfbcd08db49_seed_42,ccfbcd08db49645649c885e212a7f2e0796a7bf3746d6b5f7b50f2673ebb95b4,-0.027890246,0.08550061,0.05935368,0.09360078,0.027403336,0
1335,mvdec_dekm_consistent_v1,tiki_mvdec_dekm_consistent_v1_ccfbcd08db49_seed_42,ccfbcd08db49645649c885e212a7f2e0796a7bf3746d6b5f7b50f2673ebb95b4,-0.20147844,0.08385216,-0.000549227,-0.3692886,0.21752632,4
1336,mvdec_dekm_consistent_v1,tiki_mvdec_dekm_consistent_v1_ccfbcd08db49_seed_42,ccfbcd08db49645649c885e212a7f2e0796a7bf3746d6b5f7b50f2673ebb95b4,-0.13350958,0.067062385,-0.048875663,-0.3571186,0.28008366,4
1337,mvdec_dekm_consistent_v1,tiki_mvdec_dekm_consistent_v1_ccfbcd08db49_seed_42,ccfbcd08db49645649c885e212a7f2e0796a7bf3746d6b5f7b50f2673ebb95b4,0.14619583,-0.2145428,0.1504874,0.10820003,-0.22526349,2
1338,mvdec_dekm_consistent_v1,tiki_mvdec_dekm_consistent_v1_ccfbcd08db49_seed_42,ccfbcd08db49645649c885e212a7f2e0796a7bf3746d6b5f7b50f2673ebb95b4,-0.0783956,-0.18435678,0.0143337585,-0.5268327,0.7221149,3
1339,mvdec_dekm_consistent_v1,tiki_mvdec_dekm_consistent_v1_ccfbcd08db49_seed_42,ccfbcd08db49645649c885e212a7f2e0796a7bf3746d6b5f7b50f2673ebb95b4,-0.036412664,0.20414013,0.20996356,-0.51719916,0.16021118,4
1340,mvdec_dekm_consistent_v1,tiki_mvdec_dekm_consistent_v1_ccfbcd08db49_seed_42,ccfbcd08db49645649c885e212a7f2e0796a7bf3746d6b5f7b50f2673ebb95b4,0.014752813,0.053312525,0.20122129,-0.2530956,0.043405846,4
1341,mvdec_dekm_consistent_v1,tiki_mvdec_dekm_consistent_v1_ccfbcd08db49_seed_42,ccfbcd08db49645649c885e212a7f2e0796a7bf3746d6b5f7b50f2673ebb95b4,-0.072733164,0.0784442,-0.013101526,-0.13553858,0.105331615,4
1342,mvdec_dekm_consistent_v1,tiki_mvdec_dekm_consistent_v1_ccfbcd08db49_seed_42,ccfbcd08db49645649c885e212a7f2e0796a7bf3746d6b5f7b50f2673ebb95b4,0.013058547,0.08927897,0.03743453,0.21631868,-0.027952088,0
1343,mvdec_dekm_consistent_v1,tiki_mvdec_dekm_consistent_v1_ccfbcd08db49_seed_42,ccfbcd08db49645649c885e212a7f2e0796a7bf3746d6b5f7b50f2673ebb95b4,0.09331117,-0.48823965,-0.12758796,-0.09259418,-0.15782186,2
1344,mvdec_dekm_consistent_v1,tiki_mvdec_dekm_consistent_v1_ccfbcd08db49_seed_42,ccfbcd08db49645649c885e212a7f2e0796a7bf3746d6b5f7b50f2673ebb95b4,-0.08603191,0.16918708,0.08421796,-0.37468964,0.1225626,4
1345,mvdec_dekm_consistent_v1,tiki_mvdec_dekm_consistent_v1_ccfbcd08db49_seed_42,ccfbcd08db49645649c885e212a7f2e0796a7bf3746d6b5f7b50f2673ebb95b4,0.066159606,-0.011740152,0.0045495816,0.1307598,-0.098791525,0
1346,mvdec_dekm_consistent_v1,tiki_mvdec_dekm_consistent_v1_ccfbcd08db49_seed_42,ccfbcd08db49645649c885e212a7f2e0796a7bf3746d6b5f7b50f2673ebb95b4,-0.09100652,0.122800805,0.062345967,0.17605753,-0.014973883,0
1347,mvdec_dekm_consistent_v1,tiki_mvdec_dekm_consistent_v1_ccfbcd08db49_seed_42,ccfbcd08db49645649c885e212a7f2e0796a7bf3746d6b5f7b50f2673ebb95b4,-0.13559513,0.10345982,0.13887113,0.010449082,0.13915212,0
1348,mvdec_dekm_consistent_v1,tiki_mvdec_dekm_consistent_v1_ccfbcd08db49_seed_42,ccfbcd08db49645649c885e212a7f2e0796a7bf3746d6b5f7b50f2673ebb95b4,0.34286392,-0.5112715,-0.044576526,-0.16744843,-0.007801816,2
1349,mvdec_dekm_consistent_v1,tiki_mvdec_dekm_consistent_v1_ccfbcd08db49_seed_42,ccfbcd08db49645649c885e212a7f2e0796a7bf3746d6b5f7b50f2673ebb95b4,0.015610386,0.023704533,-0.0122868875,0.15914467,-0.10246299,0
1350,mvdec_dekm_consistent_v1,tiki_mvdec_dekm_consistent_v1_ccfbcd08db49_seed_42,ccfbcd08db49645649c885e212a7f2e0796a7bf3746d6b5f7b50f2673ebb95b4,0.080682196,-0.112802155,-0.0040065274,-0.4090716,0.7250883,1
1351,mvdec_dekm_consistent_v1,tiki_mvdec_dekm_consistent_v1_ccfbcd08db49_seed_42,ccfbcd08db49645649c885e212a7f2e0796a7bf3746d6b5f7b50f2673ebb95b4,0.007687483,0.060639262,0.12681888,-0.3457451,0.05109155,4
1352,mvdec_dekm_consistent_v1,tiki_mvdec_dekm_consistent_v1_ccfbcd08db49_seed_42,ccfbcd08db49645649c885e212a7f2e0796a7bf3746d6b5f7b50f2673ebb95b4,-0.19613674,-0.022455707,0.13639188,-0.69443965,0.3921194,3
1353,mvdec_dekm_consistent_v1,tiki_mvdec_dekm_consistent_v1_ccfbcd08db49_seed_42,ccfbcd08db49645649c885e212a7f2e0796a7bf3746d6b5f7b50f2673ebb95b4,-0.02691605,0.16613053,0.016183726,0.14528114,0.12306987,0
1354,mvdec_dekm_consistent_v1,tiki_mvdec_dekm_consistent_v1_ccfbcd08db49_seed_42,ccfbcd08db49645649c885e212a7f2e0796a7bf3746d6b5f7b50f2673ebb95b4,0.17659551,-0.29675275,0.15990317,0.070123464,-0.25324062,2
1355,mvdec_dekm_consistent_v1,tiki_mvdec_dekm_consistent_v1_ccfbcd08db49_seed_42,ccfbcd08db49645649c885e212a7f2e0796a7bf3746d6b5f7b50f2673ebb95b4,-0.036474258,0.133804,0.04330446,0.16491592,-0.0125475,0
1356,mvdec_dekm_consistent_v1,tiki_mvdec_dekm_consistent_v1_ccfbcd08db49_seed_42,ccfbcd08db49645649c885e212a7f2e0796a7bf3746d6b5f7b50f2673ebb95b4,-0.039505046,0.034388423,-0.0052117854,0.089093745,-0.02214348,0
1357,mvdec_dekm_consistent_v1,tiki_mvdec_dekm_consistent_v1_ccfbcd08db49_seed_42,ccfbcd08db49645649c885e212a7f2e0796a7bf3746d6b5f7b50f2673ebb95b4,0.05485051,0.14556983,-0.0009673387,-0.002445993,0.0936497,0
1358,mvdec_dekm_consistent_v1,tiki_mvdec_dekm_consistent_v1_ccfbcd08db49_seed_42,ccfbcd08db49645649c885e212a7f2e0796a7bf3746d6b5f7b50f2673ebb95b4,-0.053699676,0.13479711,0.014149509,0.21377102,0.026397206,0
1359,mvdec_dekm_consistent_v1,tiki_mvdec_dekm_consistent_v1_ccfbcd08db49_seed_42,ccfbcd08db49645649c885e212a7f2e0796a7bf3746d6b5f7b50f2673ebb95b4,0.007190658,0.21374838,0.18444881,-0.33428916,0.14683318,4
1360,mvdec_dekm_consistent_v1,tiki_mvdec_dekm_consistent_v1_ccfbcd08db49_seed_42,ccfbcd08db49645649c885e212a7f2e0796a7bf3746d6b5f7b50f2673ebb95b4,-0.32899055,-0.08503665,0.1221594,-0.7615912,0.38843787,3
1361,mvdec_dekm_consistent_v1,tiki_mvdec_dekm_consistent_v1_ccfbcd08db49_seed_42,ccfbcd08db49645649c885e212a7f2e0796a7bf3746d6b5f7b50f2673ebb95b4,-0.12835176,0.024812195,-0.07793106,0.058142364,-0.09103012,0
1362,mvdec_dekm_consistent_v1,tiki_mvdec_dekm_consistent_v1_ccfbcd08db49_seed_42,ccfbcd08db49645649c885e212a7f2e0796a7bf3746d6b5f7b50f2673ebb95b4,0.3505296,0.07129314,-0.060232442,-0.38044924,0.6687764,1
1363,mvdec_dekm_consistent_v1,tiki_mvdec_dekm_consistent_v1_ccfbcd08db49_seed_42,ccfbcd08db49645649c885e212a7f2e0796a7bf3746d6b5f7b50f2673ebb95b4,0.07282777,-0.19653723,-0.14123692,0.027248234,-0.21017225,2
1364,mvdec_dekm_consistent_v1,tiki_mvdec_dekm_consistent_v1_ccfbcd08db49_seed_42,ccfbcd08db49645649c885e212a7f2e0796a7bf3746d6b5f7b50f2673ebb95b4,-0.30266425,-0.2672255,0.06414041,-0.76081693,0.67640835,3
1365,mvdec_dekm_consistent_v1,tiki_mvdec_dekm_consistent_v1_ccfbcd08db49_seed_42,ccfbcd08db49645649c885e212a7f2e0796a7bf3746d6b5f7b50f2673ebb95b4,0.24824566,-0.16250622,0.03041472,0.0054473057,-0.17145544,2
1366,mvdec_dekm_consistent_v1,tiki_mvdec_dekm_consistent_v1_ccfbcd08db49_seed_42,ccfbcd08db49645649c885e212a7f2e0796a7bf3746d6b5f7b50f2673ebb95b4,-0.08717741,0.15226504,0.08579028,0.2546902,0.052407715,0
1367,mvdec_dekm_consistent_v1,tiki_mvdec_dekm_consistent_v1_ccfbcd08db49_seed_42,ccfbcd08db49645649c885e212a7f2e0796a7bf3746d6b5f7b50f2673ebb95b4,-0.004610863,0.10176282,0.00016313791,0.1831412,-0.0012924895,0
1368,mvdec_dekm_consistent_v1,tiki_mvdec_dekm_consistent_v1_ccfbcd08db49_seed_42,ccfbcd08db49645649c885e212a7f2e0796a7bf3746d6b5f7b50f2673ebb95b4,-0.039952487,0.13379169,0.073081546,0.2501365,0.035044365,0
1369,mvdec_dekm_consistent_v1,tiki_mvdec_dekm_consistent_v1_ccfbcd08db49_seed_42,ccfbcd08db49645649c885e212a7f2e0796a7bf3746d6b5f7b50f2673ebb95b4,0.21757111,-0.29246148,0.059852123,-0.037029684,-0.34604788,2
1370,mvdec_dekm_consistent_v1,tiki_mvdec_dekm_consistent_v1_ccfbcd08db49_seed_42,ccfbcd08db49645649c885e212a7f2e0796a7bf3746d6b5f7b50f2673ebb95b4,0.046758547,-0.03012877,0.089918315,0.1782096,-0.11082125,0
1371,mvdec_dekm_consistent_v1,tiki_mvdec_dekm_consistent_v1_ccfbcd08db49_seed_42,ccfbcd08db49645649c885e212a7f2e0796a7bf3746d6b5f7b50f2673ebb95b4,0.011407991,0.18212354,0.08259054,0.126715,0.061488897,0
1372,mvdec_dekm_consistent_v1,tiki_mvdec_dekm_consistent_v1_ccfbcd08db49_seed_42,ccfbcd08db49645649c885e212a7f2e0796a7bf3746d6b5f7b50f2673ebb95b4,0.007371623,0.1745067,0.039516144,-0.26393074,0.093070686,4
1373,mvdec_dekm_consistent_v1,tiki_mvdec_dekm_consistent_v1_ccfbcd08db49_seed_42,ccfbcd08db49645649c885e212a7f2e0796a7bf3746d6b5f7b50f2673ebb95b4,-0.07029613,0.056825608,0.066984445,0.19915877,0.009703604,0
1374,mvdec_dekm_consistent_v1,tiki_mvdec_dekm_consistent_v1_ccfbcd08db49_seed_42,ccfbcd08db49645649c885e212a7f2e0796a7bf3746d6b5f7b50f2673ebb95b4,-0.100268446,0.18570304,0.073809445,0.19407833,0.07767603,0
1375,mvdec_dekm_consistent_v1,tiki_mvdec_dekm_consistent_v1_ccfbcd08db49_seed_42,ccfbcd08db49645649c885e212a7f2e0796a7bf3746d6b5f7b50f2673ebb95b4,0.0074692145,0.1374284,0.012279797,-0.34560633,0.28086573,4
1376,mvdec_dekm_consistent_v1,tiki_mvdec_dekm_consistent_v1_ccfbcd08db49_seed_42,ccfbcd08db49645649c885e212a7f2e0796a7bf3746d6b5f7b50f2673ebb95b4,-0.29733476,-0.2930584,0.048309855,-0.6541343,0.68256426,3
1377,mvdec_dekm_consistent_v1,tiki_mvdec_dekm_consistent_v1_ccfbcd08db49_seed_42,ccfbcd08db49645649c885e212a7f2e0796a7bf3746d6b5f7b50f2673ebb95b4,-0.25794092,-0.12628521,0.013087828,-0.5994925,0.520933,3
1378,mvdec_dekm_consistent_v1,tiki_mvdec_dekm_consistent_v1_ccfbcd08db49_seed_42,ccfbcd08db49645649c885e212a7f2e0796a7bf3746d6b5f7b50f2673ebb95b4,0.018733658,0.0821477,-0.024140693,-0.26487747,0.3606669,4
1379,mvdec_dekm_consistent_v1,tiki_mvdec_dekm_consistent_v1_ccfbcd08db49_seed_42,ccfbcd08db49645649c885e212a7f2e0796a7bf3746d6b5f7b50f2673ebb95b4,0.3604712,0.068831965,-0.07009976,-0.40104467,0.6517736,1
1380,mvdec_dekm_consistent_v1,tiki_mvdec_dekm_consistent_v1_ccfbcd08db49_seed_42,ccfbcd08db49645649c885e212a7f2e0796a7bf3746d6b5f7b50f2673ebb95b4,-0.02102384,0.103463605,0.027629077,0.16564307,-0.023309572,0
1381,mvdec_dekm_consistent_v1,tiki_mvdec_dekm_consistent_v1_ccfbcd08db49_seed_42,ccfbcd08db49645649c885e212a7f2e0796a7bf3746d6b5f7b50f2673ebb95b4,0.2097952,-0.14153136,0.18265212,0.15036377,-0.21637997,2
1382,mvdec_dekm_consistent_v1,tiki_mvdec_dekm_consistent_v1_ccfbcd08db49_seed_42,ccfbcd08db49645649c885e212a7f2e0796a7bf3746d6b5f7b50f2673ebb95b4,-0.09678525,0.20868523,0.059698697,0.20857896,0.12282184,0
1383,mvdec_dekm_consistent_v1,tiki_mvdec_dekm_consistent_v1_ccfbcd08db49_seed_42,ccfbcd08db49645649c885e212a7f2e0796a7bf3746d6b5f7b50f2673ebb95b4,-0.03287469,0.22184676,0.0077945255,-0.040849023,0.116668254,0
1384,mvdec_dekm_consistent_v1,tiki_mvdec_dekm_consistent_v1_ccfbcd08db49_seed_42,ccfbcd08db49645649c885e212a7f2e0796a7bf3746d6b5f7b50f2673ebb95b4,-0.07830169,-0.18677644,0.022782281,-0.606678,0.694557,3
1385,mvdec_dekm_consistent_v1,tiki_mvdec_dekm_consistent_v1_ccfbcd08db49_seed_42,ccfbcd08db49645649c885e212a7f2e0796a7bf3746d6b5f7b50f2673ebb95b4,0.015417367,-0.18330768,-0.14094953,-0.02695623,0.14282802,2
1386,mvdec_dekm_consistent_v1,tiki_mvdec_dekm_consistent_v1_ccfbcd08db49_seed_42,ccfbcd08db49645649c885e212a7f2e0796a7bf3746d6b5f7b50f2673ebb95b4,0.17395975,0.071213454,-0.052234042,-0.30820316,0.53643936,1
1387,mvdec_dekm_consistent_v1,tiki_mvdec_dekm_consistent_v1_ccfbcd08db49_seed_42,ccfbcd08db49645649c885e212a7f2e0796a7bf3746d6b5f7b50f2673ebb95b4,-0.10118385,0.039045013,0.08775461,-0.21866548,0.11539845,4
1388,mvdec_dekm_consistent_v1,tiki_mvdec_dekm_consistent_v1_ccfbcd08db49_seed_42,ccfbcd08db49645649c885e212a7f2e0796a7bf3746d6b5f7b50f2673ebb95b4,-0.15945244,-0.024747625,0.10802345,0.049966663,0.07029493,0
1389,mvdec_dekm_consistent_v1,tiki_mvdec_dekm_consistent_v1_ccfbcd08db49_seed_42,ccfbcd08db49645649c885e212a7f2e0796a7bf3746d6b5f7b50f2673ebb95b4,0.22398618,-0.30552456,0.08815502,0.112402126,-0.263327,2
1390,mvdec_dekm_consistent_v1,tiki_mvdec_dekm_consistent_v1_ccfbcd08db49_seed_42,ccfbcd08db49645649c885e212a7f2e0796a7bf3746d6b5f7b50f2673ebb95b4,0.0036299443,-0.083374396,0.13645387,-0.012093853,-0.019560564,2
1391,mvdec_dekm_consistent_v1,tiki_mvdec_dekm_consistent_v1_ccfbcd08db49_seed_42,ccfbcd08db49645649c885e212a7f2e0796a7bf3746d6b5f7b50f2673ebb95b4,-0.045945257,-0.03309554,-0.026433796,0.064903766,-0.11010952,0
1392,mvdec_dekm_consistent_v1,tiki_mvdec_dekm_consistent_v1_ccfbcd08db49_seed_42,ccfbcd08db49645649c885e212a7f2e0796a7bf3746d6b5f7b50f2673ebb95b4,-0.0651457,0.21163659,0.06630629,0.24888667,0.052337017,0
1393,mvdec_dekm_consistent_v1,tiki_mvdec_dekm_consistent_v1_ccfbcd08db49_seed_42,ccfbcd08db49645649c885e212a7f2e0796a7bf3746d6b5f7b50f2673ebb95b4,-0.25103635,-0.12154691,0.06529629,-0.67942995,0.50613093,3
1394,mvdec_dekm_consistent_v1,tiki_mvdec_dekm_consistent_v1_ccfbcd08db49_seed_42,ccfbcd08db49645649c885e212a7f2e0796a7bf3746d6b5f7b50f2673ebb95b4,-0.034225956,0.21168447,0.094344035,0.1804844,0.15692884,0
1395,mvdec_dekm_consistent_v1,tiki_mvdec_dekm_consistent_v1_ccfbcd08db49_seed_42,ccfbcd08db49645649c885e212a7f2e0796a7bf3746d6b5f7b50f2673ebb95b4,0.18876684,-0.072718546,-0.033301514,-0.15084861,-0.012410067,2
1396,mvdec_dekm_consistent_v1,tiki_mvdec_dekm_consistent_v1_ccfbcd08db49_seed_42,ccfbcd08db49645649c885e212a7f2e0796a7bf3746d6b5f7b50f2673ebb95b4,-0.23971239,-0.114005074,0.12430634,-0.76802576,0.50418985,3
1397,mvdec_dekm_consistent_v1,tiki_mvdec_dekm_consistent_v1_ccfbcd08db49_seed_42,ccfbcd08db49645649c885e212a7f2e0796a7bf3746d6b5f7b50f2673ebb95b4,-0.2228983,-0.04526715,0.020080648,-0.51135504,0.3969974,3
1398,mvdec_dekm_consistent_v1,tiki_mvdec_dekm_consistent_v1_ccfbcd08db49_seed_42,ccfbcd08db49645649c885e212a7f2e0796a7bf3746d6b5f7b50f2673ebb95b4,-0.026042534,0.063100666,-0.009219199,-0.031947013,-0.0073897317,0
1399,mvdec_dekm_consistent_v1,tiki_mvdec_dekm_consistent_v1_ccfbcd08db49_seed_42,ccfbcd08db49645649c885e212a7f2e0796a7bf3746d6b5f7b50f2673ebb95b4,-0.11949885,0.11650801,0.014978439,0.05195369,0.0823903,0
1400,mvdec_dekm_consistent_v1,tiki_mvdec_dekm_consistent_v1_ccfbcd08db49_seed_42,ccfbcd08db49645649c885e212a7f2e0796a7bf3746d6b5f7b50f2673ebb95b4,0.054933332,-0.20132728,0.092845656,0.072813064,-0.21425053,2
1401,mvdec_dekm_consistent_v1,tiki_mvdec_dekm_consistent_v1_ccfbcd08db49_seed_42,ccfbcd08db49645649c885e212a7f2e0796a7bf3746d6b5f7b50f2673ebb95b4,0.053971447,0.08462228,-0.05497195,-0.29711434,0.38206413,4
1402,mvdec_dekm_consistent_v1,tiki_mvdec_dekm_consistent_v1_ccfbcd08db49_seed_42,ccfbcd08db49645649c885e212a7f2e0796a7bf3746d6b5f7b50f2673ebb95b4,-0.026310831,0.03082043,0.044902876,0.08724613,-0.016614772,0
1403,mvdec_dekm_consistent_v1,tiki_mvdec_dekm_consistent_v1_ccfbcd08db49_seed_42,ccfbcd08db49645649c885e212a7f2e0796a7bf3746d6b5f7b50f2673ebb95b4,-0.026397161,0.14682214,-0.021916837,-0.054668043,0.03692014,0
1404,mvdec_dekm_consistent_v1,tiki_mvdec_dekm_consistent_v1_ccfbcd08db49_seed_42,ccfbcd08db49645649c885e212a7f2e0796a7bf3746d6b5f7b50f2673ebb95b4,0.12786585,-0.21216394,-0.058776952,0.069785774,-0.062134743,2
1405,mvdec_dekm_consistent_v1,tiki_mvdec_dekm_consistent_v1_ccfbcd08db49_seed_42,ccfbcd08db49645649c885e212a7f2e0796a7bf3746d6b5f7b50f2673ebb95b4,0.13403109,0.2088902,0.12632422,-0.40363204,0.24971437,4
1406,mvdec_dekm_consistent_v1,tiki_mvdec_dekm_consistent_v1_ccfbcd08db49_seed_42,ccfbcd08db49645649c885e212a7f2e0796a7bf3746d6b5f7b50f2673ebb95b4,0.20588762,0.22315532,0.33350524,-0.43179315,0.15179381,4
1407,mvdec_dekm_consistent_v1,tiki_mvdec_dekm_consistent_v1_ccfbcd08db49_seed_42,ccfbcd08db49645649c885e212a7f2e0796a7bf3746d6b5f7b50f2673ebb95b4,0.107728906,0.18467017,-0.004848674,-0.11905016,0.2550815,4
1408,mvdec_dekm_consistent_v1,tiki_mvdec_dekm_consistent_v1_ccfbcd08db49_seed_42,ccfbcd08db49645649c885e212a7f2e0796a7bf3746d6b5f7b50f2673ebb95b4,-0.19356658,0.118206576,0.014231563,-0.10338698,0.1422206,4
1409,mvdec_dekm_consistent_v1,tiki_mvdec_dekm_consistent_v1_ccfbcd08db49_seed_42,ccfbcd08db49645649c885e212a7f2e0796a7bf3746d6b5f7b50f2673ebb95b4,-0.0016844729,0.10497042,0.104924366,0.17220101,0.031963207,0
1410,mvdec_dekm_consistent_v1,tiki_mvdec_dekm_consistent_v1_ccfbcd08db49_seed_42,ccfbcd08db49645649c885e212a7f2e0796a7bf3746d6b5f7b50f2673ebb95b4,0.10092488,-0.113037825,0.019224335,0.088368505,-0.18353908,2
1411,mvdec_dekm_consistent_v1,tiki_mvdec_dekm_consistent_v1_ccfbcd08db49_seed_42,ccfbcd08db49645649c885e212a7f2e0796a7bf3746d6b5f7b50f2673ebb95b4,0.018240001,0.21621795,0.0488356,-0.25031373,0.10390359,4
1412,mvdec_dekm_consistent_v1,tiki_mvdec_dekm_consistent_v1_ccfbcd08db49_seed_42,ccfbcd08db49645649c885e212a7f2e0796a7bf3746d6b5f7b50f2673ebb95b4,0.12495295,-0.60614127,-0.34111768,-0.024862073,0.060519297,2
1413,mvdec_dekm_consistent_v1,tiki_mvdec_dekm_consistent_v1_ccfbcd08db49_seed_42,ccfbcd08db49645649c885e212a7f2e0796a7bf3746d6b5f7b50f2673ebb95b4,-0.30207595,-0.28217745,0.04428352,-0.6938196,0.68733764,3
1414,mvdec_dekm_consistent_v1,tiki_mvdec_dekm_consistent_v1_ccfbcd08db49_seed_42,ccfbcd08db49645649c885e212a7f2e0796a7bf3746d6b5f7b50f2673ebb95b4,0.4092262,0.111511715,-0.059923902,-0.34595186,0.7008239,1
1415,mvdec_dekm_consistent_v1,tiki_mvdec_dekm_consistent_v1_ccfbcd08db49_seed_42,ccfbcd08db49645649c885e212a7f2e0796a7bf3746d6b5f7b50f2673ebb95b4,-0.07860771,0.13190028,0.05314972,0.041509308,0.05732071,0
1416,mvdec_dekm_consistent_v1,tiki_mvdec_dekm_consistent_v1_ccfbcd08db49_seed_42,ccfbcd08db49645649c885e212a7f2e0796a7bf3746d6b5f7b50f2673ebb95b4,-0.08412117,-0.05288867,-0.07921814,-0.23868562,0.0615896,4
1417,mvdec_dekm_consistent_v1,tiki_mvdec_dekm_consistent_v1_ccfbcd08db49_seed_42,ccfbcd08db49645649c885e212a7f2e0796a7bf3746d6b5f7b50f2673ebb95b4,0.030483972,0.08431536,0.08713045,0.16712719,0.008147687,0
1418,mvdec_dekm_consistent_v1,tiki_mvdec_dekm_consistent_v1_ccfbcd08db49_seed_42,ccfbcd08db49645649c885e212a7f2e0796a7bf3746d6b5f7b50f2673ebb95b4,-0.07964236,0.16952671,0.032995246,-0.3395003,0.16546571,4
1419,mvdec_dekm_consistent_v1,tiki_mvdec_dekm_consistent_v1_ccfbcd08db49_seed_42,ccfbcd08db49645649c885e212a7f2e0796a7bf3746d6b5f7b50f2673ebb95b4,-0.069874875,0.17963946,0.085989766,-0.41269654,0.12677664,4
1420,mvdec_dekm_consistent_v1,tiki_mvdec_dekm_consistent_v1_ccfbcd08db49_seed_42,ccfbcd08db49645649c885e212a7f2e0796a7bf3746d6b5f7b50f2673ebb95b4,0.21251103,-0.3882963,0.052804884,0.15293911,-0.12796059,2
1421,mvdec_dekm_consistent_v1,tiki_mvdec_dekm_consistent_v1_ccfbcd08db49_seed_42,ccfbcd08db49645649c885e212a7f2e0796a7bf3746d6b5f7b50f2673ebb95b4,0.2112627,-0.17805089,-0.03532817,0.12375474,-0.24463077,2
1422,mvdec_dekm_consistent_v1,tiki_mvdec_dekm_consistent_v1_ccfbcd08db49_seed_42,ccfbcd08db49645649c885e212a7f2e0796a7bf3746d6b5f7b50f2673ebb95b4,0.021192912,0.04071357,0.07591872,-0.37866,0.035411783,4
1423,mvdec_dekm_consistent_v1,tiki_mvdec_dekm_consistent_v1_ccfbcd08db49_seed_42,ccfbcd08db49645649c885e212a7f2e0796a7bf3746d6b5f7b50f2673ebb95b4,-0.051825672,0.20558254,0.1556842,-0.04231016,0.08411083,0
1424,mvdec_dekm_consistent_v1,tiki_mvdec_dekm_consistent_v1_ccfbcd08db49_seed_42,ccfbcd08db49645649c885e212a7f2e0796a7bf3746d6b5f7b50f2673ebb95b4,0.0048154932,-0.035783514,0.07163469,0.14319962,0.013308644,0
1425,mvdec_dekm_consistent_v1,tiki_mvdec_dekm_consistent_v1_ccfbcd08db49_seed_42,ccfbcd08db49645649c885e212a7f2e0796a7bf3746d6b5f7b50f2673ebb95b4,0.06469608,0.18622346,0.076900855,-0.3842476,0.20512018,4
1426,mvdec_dekm_consistent_v1,tiki_mvdec_dekm_consistent_v1_ccfbcd08db49_seed_42,ccfbcd08db49645649c885e212a7f2e0796a7bf3746d6b5f7b50f2673ebb95b4,0.07156703,-0.07883968,0.18961413,0.08885045,-0.14549883,2
1427,mvdec_dekm_consistent_v1,tiki_mvdec_dekm_consistent_v1_ccfbcd08db49_seed_42,ccfbcd08db49645649c885e212a7f2e0796a7bf3746d6b5f7b50f2673ebb95b4,0.19907492,-0.14577363,0.056160007,0.0052052885,-0.14698869,2
1428,mvdec_dekm_consistent_v1,tiki_mvdec_dekm_consistent_v1_ccfbcd08db49_seed_42,ccfbcd08db49645649c885e212a7f2e0796a7bf3746d6b5f7b50f2673ebb95b4,-0.22335258,0.081436604,-0.018006578,-0.3167467,0.23041347,4
1429,mvdec_dekm_consistent_v1,tiki_mvdec_dekm_consistent_v1_ccfbcd08db49_seed_42,ccfbcd08db49645649c885e212a7f2e0796a7bf3746d6b5f7b50f2673ebb95b4,-0.04817657,0.10280278,0.07443276,0.106987834,0.035028756,0
1430,mvdec_dekm_consistent_v1,tiki_mvdec_dekm_consistent_v1_ccfbcd08db49_seed_42,ccfbcd08db49645649c885e212a7f2e0796a7bf3746d6b5f7b50f2673ebb95b4,-0.09077323,0.016757797,0.066949956,0.1514281,-0.0064058965,0
1431,mvdec_dekm_consistent_v1,tiki_mvdec_dekm_consistent_v1_ccfbcd08db49_seed_42,ccfbcd08db49645649c885e212a7f2e0796a7bf3746d6b5f7b50f2673ebb95b4,-0.062014576,0.13089286,0.023911566,0.18241578,0.062436387,0
1432,mvdec_dekm_consistent_v1,tiki_mvdec_dekm_consistent_v1_ccfbcd08db49_seed_42,ccfbcd08db49645649c885e212a7f2e0796a7bf3746d6b5f7b50f2673ebb95b4,0.096469685,-0.096502915,0.063042864,-0.056244805,-0.11918602,2
1433,mvdec_dekm_consistent_v1,tiki_mvdec_dekm_consistent_v1_ccfbcd08db49_seed_42,ccfbcd08db49645649c885e212a7f2e0796a7bf3746d6b5f7b50f2673ebb95b4,0.08069922,-0.044732906,0.055556253,-0.1386191,-0.030213475,2
1434,mvdec_dekm_consistent_v1,tiki_mvdec_dekm_consistent_v1_ccfbcd08db49_seed_42,ccfbcd08db49645649c885e212a7f2e0796a7bf3746d6b5f7b50f2673ebb95b4,-0.2974059,-0.2930541,0.048096288,-0.654127,0.6826352,3
1435,mvdec_dekm_consistent_v1,tiki_mvdec_dekm_consistent_v1_ccfbcd08db49_seed_42,ccfbcd08db49645649c885e212a7f2e0796a7bf3746d6b5f7b50f2673ebb95b4,0.21032323,-0.23897763,0.06630006,0.07132888,-0.21912889,2
1436,mvdec_dekm_consistent_v1,tiki_mvdec_dekm_consistent_v1_ccfbcd08db49_seed_42,ccfbcd08db49645649c885e212a7f2e0796a7bf3746d6b5f7b50f2673ebb95b4,-0.066606,-0.5683745,-0.17516667,-0.22415134,0.01602228,2
1437,mvdec_dekm_consistent_v1,tiki_mvdec_dekm_consistent_v1_ccfbcd08db49_seed_42,ccfbcd08db49645649c885e212a7f2e0796a7bf3746d6b5f7b50f2673ebb95b4,-0.081360996,0.17200792,0.029104628,0.13592038,0.095815755,0
1438,mvdec_dekm_consistent_v1,tiki_mvdec_dekm_consistent_v1_ccfbcd08db49_seed_42,ccfbcd08db49645649c885e212a7f2e0796a7bf3746d6b5f7b50f2673ebb95b4,0.020230565,0.12265373,0.057631753,0.303462,0.031201929,0
1439,mvdec_dekm_consistent_v1,tiki_mvdec_dekm_consistent_v1_ccfbcd08db49_seed_42,ccfbcd08db49645649c885e212a7f2e0796a7bf3746d6b5f7b50f2673ebb95b4,-0.020077031,0.063089296,0.013029538,0.16367967,0.014722414,0
1440,mvdec_dekm_consistent_v1,tiki_mvdec_dekm_consistent_v1_ccfbcd08db49_seed_42,ccfbcd08db49645649c885e212a7f2e0796a7bf3746d6b5f7b50f2673ebb95b4,0.07418996,-0.12014858,0.031045286,0.09790713,-0.12423873,2
1441,mvdec_dekm_consistent_v1,tiki_mvdec_dekm_consistent_v1_ccfbcd08db49_seed_42,ccfbcd08db49645649c885e212a7f2e0796a7bf3746d6b5f7b50f2673ebb95b4,0.08043178,0.2103168,-0.009562314,0.042745583,0.2120319,0
1442,mvdec_dekm_consistent_v1,tiki_mvdec_dekm_consistent_v1_ccfbcd08db49_seed_42,ccfbcd08db49645649c885e212a7f2e0796a7bf3746d6b5f7b50f2673ebb95b4,-0.07207881,0.26126036,0.0324675,0.17558035,0.0277064,0
1443,mvdec_dekm_consistent_v1,tiki_mvdec_dekm_consistent_v1_ccfbcd08db49_seed_42,ccfbcd08db49645649c885e212a7f2e0796a7bf3746d6b5f7b50f2673ebb95b4,0.10509545,-0.30009332,-0.015245698,0.14670473,-0.23742169,2
1444,mvdec_dekm_consistent_v1,tiki_mvdec_dekm_consistent_v1_ccfbcd08db49_seed_42,ccfbcd08db49645649c885e212a7f2e0796a7bf3746d6b5f7b50f2673ebb95b4,0.24370103,-0.26779014,0.026749324,0.12802774,-0.2314983,2
1445,mvdec_dekm_consistent_v1,tiki_mvdec_dekm_consistent_v1_ccfbcd08db49_seed_42,ccfbcd08db49645649c885e212a7f2e0796a7bf3746d6b5f7b50f2673ebb95b4,-0.15462461,-0.064104915,-0.05971855,-0.24468875,0.0921789,4
1446,mvdec_dekm_consistent_v1,tiki_mvdec_dekm_consistent_v1_ccfbcd08db49_seed_42,ccfbcd08db49645649c885e212a7f2e0796a7bf3746d6b5f7b50f2673ebb95b4,0.24555078,-0.22985676,-0.1700887,0.07876407,-0.22516355,2
1447,mvdec_dekm_consistent_v1,tiki_mvdec_dekm_consistent_v1_ccfbcd08db49_seed_42,ccfbcd08db49645649c885e212a7f2e0796a7bf3746d6b5f7b50f2673ebb95b4,0.049181685,0.16108194,0.22822815,0.03504896,0.04353577,0
1448,mvdec_dekm_consistent_v1,tiki_mvdec_dekm_consistent_v1_ccfbcd08db49_seed_42,ccfbcd08db49645649c885e212a7f2e0796a7bf3746d6b5f7b50f2673ebb95b4,-0.05461276,0.061927337,0.083465874,0.06618854,0.10575342,0
1449,mvdec_dekm_consistent_v1,tiki_mvdec_dekm_consistent_v1_ccfbcd08db49_seed_42,ccfbcd08db49645649c885e212a7f2e0796a7bf3746d6b5f7b50f2673ebb95b4,0.14335091,-0.06466286,0.1729503,0.12900521,-0.12439126,2
1450,mvdec_dekm_consistent_v1,tiki_mvdec_dekm_consistent_v1_ccfbcd08db49_seed_42,ccfbcd08db49645649c885e212a7f2e0796a7bf3746d6b5f7b50f2673ebb95b4,0.013416633,0.19331379,0.08865876,-0.41503152,0.16616178,4
1451,mvdec_dekm_consistent_v1,tiki_mvdec_dekm_consistent_v1_ccfbcd08db49_seed_42,ccfbcd08db49645649c885e212a7f2e0796a7bf3746d6b5f7b50f2673ebb95b4,-0.032391742,0.17902881,0.030550143,-0.30076957,0.15712638,4
1452,mvdec_dekm_consistent_v1,tiki_mvdec_dekm_consistent_v1_ccfbcd08db49_seed_42,ccfbcd08db49645649c885e212a7f2e0796a7bf3746d6b5f7b50f2673ebb95b4,0.22978218,-0.079239905,-0.08059277,-0.030436117,-0.021139693,2
1453,mvdec_dekm_consistent_v1,tiki_mvdec_dekm_consistent_v1_ccfbcd08db49_seed_42,ccfbcd08db49645649c885e212a7f2e0796a7bf3746d6b5f7b50f2673ebb95b4,0.002162734,-0.046094142,0.17754301,0.03309287,-0.075564034,2
1454,mvdec_dekm_consistent_v1,tiki_mvdec_dekm_consistent_v1_ccfbcd08db49_seed_42,ccfbcd08db49645649c885e212a7f2e0796a7bf3746d6b5f7b50f2673ebb95b4,-0.12846006,0.06880783,0.08284436,-0.20679338,0.21919248,4
1455,mvdec_dekm_consistent_v1,tiki_mvdec_dekm_consistent_v1_ccfbcd08db49_seed_42,ccfbcd08db49645649c885e212a7f2e0796a7bf3746d6b5f7b50f2673ebb95b4,-0.03567453,0.21137235,0.023152411,0.18701486,0.11118318,0
1456,mvdec_dekm_consistent_v1,tiki_mvdec_dekm_consistent_v1_ccfbcd08db49_seed_42,ccfbcd08db49645649c885e212a7f2e0796a7bf3746d6b5f7b50f2673ebb95b4,-0.015591356,0.006150469,0.1154185,-0.2647078,0.036827236,4
1457,mvdec_dekm_consistent_v1,tiki_mvdec_dekm_consistent_v1_ccfbcd08db49_seed_42,ccfbcd08db49645649c885e212a7f2e0796a7bf3746d6b5f7b50f2673ebb95b4,0.21064295,0.09157259,-0.0050266013,-0.39082146,0.5176457,1
1458,mvdec_dekm_consistent_v1,tiki_mvdec_dekm_consistent_v1_ccfbcd08db49_seed_42,ccfbcd08db49645649c885e212a7f2e0796a7bf3746d6b5f7b50f2673ebb95b4,-0.039184168,0.06578795,0.04905523,0.1791443,-0.020495106,0
1459,mvdec_dekm_consistent_v1,tiki_mvdec_dekm_consistent_v1_ccfbcd08db49_seed_42,ccfbcd08db49645649c885e212a7f2e0796a7bf3746d6b5f7b50f2673ebb95b4,-0.30207595,-0.28217745,0.04428352,-0.6938196,0.68733764,3
1460,mvdec_dekm_consistent_v1,tiki_mvdec_dekm_consistent_v1_ccfbcd08db49_seed_42,ccfbcd08db49645649c885e212a7f2e0796a7bf3746d6b5f7b50f2673ebb95b4,0.008093819,0.17905629,0.003942929,-0.1081194,0.20521082,4
1461,mvdec_dekm_consistent_v1,tiki_mvdec_dekm_consistent_v1_ccfbcd08db49_seed_42,ccfbcd08db49645649c885e212a7f2e0796a7bf3746d6b5f7b50f2673ebb95b4,-0.07924973,0.011339556,0.003710635,-0.4675105,0.4041499,4
1462,mvdec_dekm_consistent_v1,tiki_mvdec_dekm_consistent_v1_ccfbcd08db49_seed_42,ccfbcd08db49645649c885e212a7f2e0796a7bf3746d6b5f7b50f2673ebb95b4,0.17290777,-0.07149088,0.07222099,0.12085226,-0.04506013,2
1463,mvdec_dekm_consistent_v1,tiki_mvdec_dekm_consistent_v1_ccfbcd08db49_seed_42,ccfbcd08db49645649c885e212a7f2e0796a7bf3746d6b5f7b50f2673ebb95b4,0.055882826,0.14794669,0.07740818,-0.18453245,0.0624618,4
1464,mvdec_dekm_consistent_v1,tiki_mvdec_dekm_consistent_v1_ccfbcd08db49_seed_42,ccfbcd08db49645649c885e212a7f2e0796a7bf3746d6b5f7b50f2673ebb95b4,0.05230513,0.13521273,-0.029579043,-0.07244178,0.13780859,4
1465,mvdec_dekm_consistent_v1,tiki_mvdec_dekm_consistent_v1_ccfbcd08db49_seed_42,ccfbcd08db49645649c885e212a7f2e0796a7bf3746d6b5f7b50f2673ebb95b4,0.12901258,0.008025721,0.13459079,-0.30022025,0.045798466,4
1466,mvdec_dekm_consistent_v1,tiki_mvdec_dekm_consistent_v1_ccfbcd08db49_seed_42,ccfbcd08db49645649c885e212a7f2e0796a7bf3746d6b5f7b50f2673ebb95b4,-0.07832943,0.114850804,0.07776368,0.18411326,0.082098834,0
1467,mvdec_dekm_consistent_v1,tiki_mvdec_dekm_consistent_v1_ccfbcd08db49_seed_42,ccfbcd08db49645649c885e212a7f2e0796a7bf3746d6b5f7b50f2673ebb95b4,0.20038447,-0.19503745,0.032053735,0.076735586,-0.22320744,2
1468,mvdec_dekm_consistent_v1,tiki_mvdec_dekm_consistent_v1_ccfbcd08db49_seed_42,ccfbcd08db49645649c885e212a7f2e0796a7bf3746d6b5f7b50f2673ebb95b4,-0.06459204,0.17704815,0.04403656,-0.33337706,0.15674087,4
1469,mvdec_dekm_consistent_v1,tiki_mvdec_dekm_consistent_v1_ccfbcd08db49_seed_42,ccfbcd08db49645649c885e212a7f2e0796a7bf3746d6b5f7b50f2673ebb95b4,0.20052126,-0.1571911,0.0077435635,0.096888244,-0.19156021,2
1470,mvdec_dekm_consistent_v1,tiki_mvdec_dekm_consistent_v1_ccfbcd08db49_seed_42,ccfbcd08db49645649c885e212a7f2e0796a7bf3746d6b5f7b50f2673ebb95b4,-0.07382994,0.12196848,0.02955417,-0.28651613,0.065900855,4
1471,mvdec_dekm_consistent_v1,tiki_mvdec_dekm_consistent_v1_ccfbcd08db49_seed_42,ccfbcd08db49645649c885e212a7f2e0796a7bf3746d6b5f7b50f2673ebb95b4,0.28155443,-0.3300765,0.056477558,0.14097308,-0.14435199,2
1472,mvdec_dekm_consistent_v1,tiki_mvdec_dekm_consistent_v1_ccfbcd08db49_seed_42,ccfbcd08db49645649c885e212a7f2e0796a7bf3746d6b5f7b50f2673ebb95b4,0.00089299306,0.081881724,0.04325133,-0.24501547,0.05880151,4
1473,mvdec_dekm_consistent_v1,tiki_mvdec_dekm_consistent_v1_ccfbcd08db49_seed_42,ccfbcd08db49645649c885e212a7f2e0796a7bf3746d6b5f7b50f2673ebb95b4,-0.0017577633,0.066226244,0.050021797,0.10976113,-0.0068143383,0
1474,mvdec_dekm_consistent_v1,tiki_mvdec_dekm_consistent_v1_ccfbcd08db49_seed_42,ccfbcd08db49645649c885e212a7f2e0796a7bf3746d6b5f7b50f2673ebb95b4,0.30962527,0.14977406,-0.066848315,-0.28028318,0.51575446,1
1475,mvdec_dekm_consistent_v1,tiki_mvdec_dekm_consistent_v1_ccfbcd08db49_seed_42,ccfbcd08db49645649c885e212a7f2e0796a7bf3746d6b5f7b50f2673ebb95b4,-0.3208971,-0.14765468,0.06041156,-0.71113193,0.5033952,3
1476,mvdec_dekm_consistent_v1,tiki_mvdec_dekm_consistent_v1_ccfbcd08db49_seed_42,ccfbcd08db49645649c885e212a7f2e0796a7bf3746d6b5f7b50f2673ebb95b4,-0.08124526,0.13546507,0.0025016703,-0.3075705,0.17440385,4
1477,mvdec_dekm_consistent_v1,tiki_mvdec_dekm_consistent_v1_ccfbcd08db49_seed_42,ccfbcd08db49645649c885e212a7f2e0796a7bf3746d6b5f7b50f2673ebb95b4,-0.04603776,0.18661267,0.08876632,-0.423983,0.13098264,4
1478,mvdec_dekm_consistent_v1,tiki_mvdec_dekm_consistent_v1_ccfbcd08db49_seed_42,ccfbcd08db49645649c885e212a7f2e0796a7bf3746d6b5f7b50f2673ebb95b4,-0.21847303,0.0237815,0.14222956,-0.6668719,0.31997508,3
1479,mvdec_dekm_consistent_v1,tiki_mvdec_dekm_consistent_v1_ccfbcd08db49_seed_42,ccfbcd08db49645649c885e212a7f2e0796a7bf3746d6b5f7b50f2673ebb95b4,-0.025584929,0.089033514,-0.0064199716,0.07109907,-0.030134037,0
1480,mvdec_dekm_consistent_v1,tiki_mvdec_dekm_consistent_v1_ccfbcd08db49_seed_42,ccfbcd08db49645649c885e212a7f2e0796a7bf3746d6b5f7b50f2673ebb95b4,0.51237917,0.17623203,-0.114227206,-0.29513675,0.68915856,1
1481,mvdec_dekm_consistent_v1,tiki_mvdec_dekm_consistent_v1_ccfbcd08db49_seed_42,ccfbcd08db49645649c885e212a7f2e0796a7bf3746d6b5f7b50f2673ebb95b4,-0.004160767,0.03704966,0.01940412,0.17150041,-0.055126484,0
1482,mvdec_dekm_consistent_v1,tiki_mvdec_dekm_consistent_v1_ccfbcd08db49_seed_42,ccfbcd08db49645649c885e212a7f2e0796a7bf3746d6b5f7b50f2673ebb95b4,-0.33073825,-0.29793382,0.102207795,-0.66740453,0.68790305,3
1483,mvdec_dekm_consistent_v1,tiki_mvdec_dekm_consistent_v1_ccfbcd08db49_seed_42,ccfbcd08db49645649c885e212a7f2e0796a7bf3746d6b5f7b50f2673ebb95b4,-0.20009923,0.020326018,0.06488138,-0.5721622,0.3241188,3
1484,mvdec_dekm_consistent_v1,tiki_mvdec_dekm_consistent_v1_ccfbcd08db49_seed_42,ccfbcd08db49645649c885e212a7f2e0796a7bf3746d6b5f7b50f2673ebb95b4,0.07520076,-0.03635162,0.030577458,0.16330394,-0.09992322,2
1485,mvdec_dekm_consistent_v1,tiki_mvdec_dekm_consistent_v1_ccfbcd08db49_seed_42,ccfbcd08db49645649c885e212a7f2e0796a7bf3746d6b5f7b50f2673ebb95b4,0.57456654,0.18076599,0.008685857,-0.40409672,0.6575799,1
1486,mvdec_dekm_consistent_v1,tiki_mvdec_dekm_consistent_v1_ccfbcd08db49_seed_42,ccfbcd08db49645649c885e212a7f2e0796a7bf3746d6b5f7b50f2673ebb95b4,0.005255801,0.150066,0.21335205,-0.0016899407,0.16661239,0
1487,mvdec_dekm_consistent_v1,tiki_mvdec_dekm_consistent_v1_ccfbcd08db49_seed_42,ccfbcd08db49645649c885e212a7f2e0796a7bf3746d6b5f7b50f2673ebb95b4,-0.14485493,0.064920485,0.07102999,0.082605354,0.08910097,0
1488,mvdec_dekm_consistent_v1,tiki_mvdec_dekm_consistent_v1_ccfbcd08db49_seed_42,ccfbcd08db49645649c885e212a7f2e0796a7bf3746d6b5f7b50f2673ebb95b4,-0.018501226,0.10220665,0.050328083,0.24693358,0.014933586,0
1489,mvdec_dekm_consistent_v1,tiki_mvdec_dekm_consistent_v1_ccfbcd08db49_seed_42,ccfbcd08db49645649c885e212a7f2e0796a7bf3746d6b5f7b50f2673ebb95b4,-0.06609604,0.026557438,0.056204956,0.17818995,-0.0079217125,0
1490,mvdec_dekm_consistent_v1,tiki_mvdec_dekm_consistent_v1_ccfbcd08db49_seed_42,ccfbcd08db49645649c885e212a7f2e0796a7bf3746d6b5f7b50f2673ebb95b4,0.035502095,0.13773085,-0.0024623424,0.20708252,0.019114373,0
1491,mvdec_dekm_consistent_v1,tiki_mvdec_dekm_consistent_v1_ccfbcd08db49_seed_42,ccfbcd08db49645649c885e212a7f2e0796a7bf3746d6b5f7b50f2673ebb95b4,-0.26100108,-0.0016211048,0.13363487,-0.6925951,0.31590533,3
1492,mvdec_dekm_consistent_v1,tiki_mvdec_dekm_consistent_v1_ccfbcd08db49_seed_42,ccfbcd08db49645649c885e212a7f2e0796a7bf3746d6b5f7b50f2673ebb95b4,-0.083982095,0.15015249,0.07232772,0.20986997,0.0405638,0
1493,mvdec_dekm_consistent_v1,tiki_mvdec_dekm_consistent_v1_ccfbcd08db49_seed_42,ccfbcd08db49645649c885e212a7f2e0796a7bf3746d6b5f7b50f2673ebb95b4,-0.2967133,-0.29677117,0.10283298,-0.6638498,0.6727043,3
1494,mvdec_dekm_consistent_v1,tiki_mvdec_dekm_consistent_v1_ccfbcd08db49_seed_42,ccfbcd08db49645649c885e212a7f2e0796a7bf3746d6b5f7b50f2673ebb95b4,0.12739834,0.14831838,-0.04840114,-0.23815778,0.35983258,4
1495,mvdec_dekm_consistent_v1,tiki_mvdec_dekm_consistent_v1_ccfbcd08db49_seed_42,ccfbcd08db49645649c885e212a7f2e0796a7bf3746d6b5f7b50f2673ebb95b4,-0.30265638,-0.2672431,0.06413728,-0.7608254,0.6764112,3
1496,mvdec_dekm_consistent_v1,tiki_mvdec_dekm_consistent_v1_ccfbcd08db49_seed_42,ccfbcd08db49645649c885e212a7f2e0796a7bf3746d6b5f7b50f2673ebb95b4,-0.118737325,0.15937367,0.14025903,0.0031455606,0.10010526,0
1497,mvdec_dekm_consistent_v1,tiki_mvdec_dekm_consistent_v1_ccfbcd08db49_seed_42,ccfbcd08db49645649c885e212a7f2e0796a7bf3746d6b5f7b50f2673ebb95b4,0.07019102,0.15478605,0.18636398,-0.47357467,0.08812991,4
1498,mvdec_dekm_consistent_v1,tiki_mvdec_dekm_consistent_v1_ccfbcd08db49_seed_42,ccfbcd08db49645649c885e212a7f2e0796a7bf3746d6b5f7b50f2673ebb95b4,-0.019273091,0.11268808,0.14684467,-0.33597866,0.14495383,4
1499,mvdec_dekm_consistent_v1,tiki_mvdec_dekm_consistent_v1_ccfbcd08db49_seed_42,ccfbcd08db49645649c885e212a7f2e0796a7bf3746d6b5f7b50f2673ebb95b4,0.1545706,-0.074969366,0.005163219,-0.47911614,0.6943152,1
1500,mvdec_dekm_consistent_v1,tiki_mvdec_dekm_consistent_v1_ccfbcd08db49_seed_42,ccfbcd08db49645649c885e212a7f2e0796a7bf3746d6b5f7b50f2673ebb95b4,-0.29744643,-0.29299808,0.048116382,-0.6541166,0.68263924,3
1501,mvdec_dekm_consistent_v1,tiki_mvdec_dekm_consistent_v1_ccfbcd08db49_seed_42,ccfbcd08db49645649c885e212a7f2e0796a7bf3746d6b5f7b50f2673ebb95b4,-0.07833257,-0.18661876,0.022805233,-0.6065646,0.69461894,3
1502,mvdec_dekm_consistent_v1,tiki_mvdec_dekm_consistent_v1_ccfbcd08db49_seed_42,ccfbcd08db49645649c885e212a7f2e0796a7bf3746d6b5f7b50f2673ebb95b4,0.18457207,-0.059821766,-0.023166567,-0.37975928,0.68490034,1
1503,mvdec_dekm_consistent_v1,tiki_mvdec_dekm_consistent_v1_ccfbcd08db49_seed_42,ccfbcd08db49645649c885e212a7f2e0796a7bf3746d6b5f7b50f2673ebb95b4,0.11321271,-0.115065485,-0.0067461124,0.0694941,-0.13925287,2
1504,mvdec_dekm_consistent_v1,tiki_mvdec_dekm_consistent_v1_ccfbcd08db49_seed_42,ccfbcd08db49645649c885e212a7f2e0796a7bf3746d6b5f7b50f2673ebb95b4,-0.030614663,0.15638177,0.07213394,0.13459845,0.17565174,0
1505,mvdec_dekm_consistent_v1,tiki_mvdec_dekm_consistent_v1_ccfbcd08db49_seed_42,ccfbcd08db49645649c885e212a7f2e0796a7bf3746d6b5f7b50f2673ebb95b4,-0.07566993,0.19373356,0.015060775,0.15642847,0.039079286,0
1506,mvdec_dekm_consistent_v1,tiki_mvdec_dekm_consistent_v1_ccfbcd08db49_seed_42,ccfbcd08db49645649c885e212a7f2e0796a7bf3746d6b5f7b50f2673ebb95b4,-0.06743104,0.112483725,0.0049622245,-0.3765059,0.27139634,4
1507,mvdec_dekm_consistent_v1,tiki_mvdec_dekm_consistent_v1_ccfbcd08db49_seed_42,ccfbcd08db49645649c885e212a7f2e0796a7bf3746d6b5f7b50f2673ebb95b4,-0.10537527,0.10810994,0.05445209,0.06326024,0.06279746,0
1508,mvdec_dekm_consistent_v1,tiki_mvdec_dekm_consistent_v1_ccfbcd08db49_seed_42,ccfbcd08db49645649c885e212a7f2e0796a7bf3746d6b5f7b50f2673ebb95b4,0.045469202,0.20470013,0.24399662,-0.43738085,0.17247155,4
1509,mvdec_dekm_consistent_v1,tiki_mvdec_dekm_consistent_v1_ccfbcd08db49_seed_42,ccfbcd08db49645649c885e212a7f2e0796a7bf3746d6b5f7b50f2673ebb95b4,-0.0475622,-0.60345036,-0.3459242,-0.02699307,-0.06707637,2
1510,mvdec_dekm_consistent_v1,tiki_mvdec_dekm_consistent_v1_ccfbcd08db49_seed_42,ccfbcd08db49645649c885e212a7f2e0796a7bf3746d6b5f7b50f2673ebb95b4,0.24720916,-0.28060985,-0.012766991,0.073815316,-0.021358866,2
1511,mvdec_dekm_consistent_v1,tiki_mvdec_dekm_consistent_v1_ccfbcd08db49_seed_42,ccfbcd08db49645649c885e212a7f2e0796a7bf3746d6b5f7b50f2673ebb95b4,0.085121855,-0.22377172,-0.0040970184,0.06653717,-0.19272253,2
1512,mvdec_dekm_consistent_v1,tiki_mvdec_dekm_consistent_v1_ccfbcd08db49_seed_42,ccfbcd08db49645649c885e212a7f2e0796a7bf3746d6b5f7b50f2673ebb95b4,0.07881599,-0.25021026,0.03781429,0.00511986,-0.11363028,2
1513,mvdec_dekm_consistent_v1,tiki_mvdec_dekm_consistent_v1_ccfbcd08db49_seed_42,ccfbcd08db49645649c885e212a7f2e0796a7bf3746d6b5f7b50f2673ebb95b4,-0.2935521,-0.14936629,0.06062287,-0.5700888,0.5329031,3
1514,mvdec_dekm_consistent_v1,tiki_mvdec_dekm_consistent_v1_ccfbcd08db49_seed_42,ccfbcd08db49645649c885e212a7f2e0796a7bf3746d6b5f7b50f2673ebb95b4,-0.055634033,0.23211013,0.01538004,-0.04548336,0.11382503,0
1515,mvdec_dekm_consistent_v1,tiki_mvdec_dekm_consistent_v1_ccfbcd08db49_seed_42,ccfbcd08db49645649c885e212a7f2e0796a7bf3746d6b5f7b50f2673ebb95b4,-0.027617138,0.1311896,0.07516098,0.31140375,0.082773976,0
1516,mvdec_dekm_consistent_v1,tiki_mvdec_dekm_consistent_v1_ccfbcd08db49_seed_42,ccfbcd08db49645649c885e212a7f2e0796a7bf3746d6b5f7b50f2673ebb95b4,0.029378308,0.1941417,0.061308973,0.22333167,0.0713416,0
1517,mvdec_dekm_consistent_v1,tiki_mvdec_dekm_consistent_v1_ccfbcd08db49_seed_42,ccfbcd08db49645649c885e212a7f2e0796a7bf3746d6b5f7b50f2673ebb95b4,-0.114078954,0.15065983,0.02211916,-0.3593579,0.18161796,4
1518,mvdec_dekm_consistent_v1,tiki_mvdec_dekm_consistent_v1_ccfbcd08db49_seed_42,ccfbcd08db49645649c885e212a7f2e0796a7bf3746d6b5f7b50f2673ebb95b4,-0.011895973,0.12441151,0.063711464,0.120237686,0.024914306,0
1519,mvdec_dekm_consistent_v1,tiki_mvdec_dekm_consistent_v1_ccfbcd08db49_seed_42,ccfbcd08db49645649c885e212a7f2e0796a7bf3746d6b5f7b50f2673ebb95b4,-0.004618099,0.18203713,0.09978771,-0.20039356,0.096088715,4
1520,mvdec_dekm_consistent_v1,tiki_mvdec_dekm_consistent_v1_ccfbcd08db49_seed_42,ccfbcd08db49645649c885e212a7f2e0796a7bf3746d6b5f7b50f2673ebb95b4,0.07559253,0.07607208,0.008457456,0.15405795,0.071063414,0
1521,mvdec_dekm_consistent_v1,tiki_mvdec_dekm_consistent_v1_ccfbcd08db49_seed_42,ccfbcd08db49645649c885e212a7f2e0796a7bf3746d6b5f7b50f2673ebb95b4,-0.0107449815,0.18468878,0.05397535,0.21730131,0.048235,0
1522,mvdec_dekm_consistent_v1,tiki_mvdec_dekm_consistent_v1_ccfbcd08db49_seed_42,ccfbcd08db49645649c885e212a7f2e0796a7bf3746d6b5f7b50f2673ebb95b4,0.22972704,-0.2957642,-0.16611055,0.08706334,-0.21426211,2
1523,mvdec_dekm_consistent_v1,tiki_mvdec_dekm_consistent_v1_ccfbcd08db49_seed_42,ccfbcd08db49645649c885e212a7f2e0796a7bf3746d6b5f7b50f2673ebb95b4,-0.18664761,0.107849814,0.028596766,-0.22075534,0.13288836,4
1524,mvdec_dekm_consistent_v1,tiki_mvdec_dekm_consistent_v1_ccfbcd08db49_seed_42,ccfbcd08db49645649c885e212a7f2e0796a7bf3746d6b5f7b50f2673ebb95b4,-0.018244326,0.056551933,0.04977084,0.104689166,-0.016594566,0
1525,mvdec_dekm_consistent_v1,tiki_mvdec_dekm_consistent_v1_ccfbcd08db49_seed_42,ccfbcd08db49645649c885e212a7f2e0796a7bf3746d6b5f7b50f2673ebb95b4,0.010504456,0.15078607,-0.024116442,0.09259958,0.10169706,0
1526,mvdec_dekm_consistent_v1,tiki_mvdec_dekm_consistent_v1_ccfbcd08db49_seed_42,ccfbcd08db49645649c885e212a7f2e0796a7bf3746d6b5f7b50f2673ebb95b4,-0.09283668,0.18358858,0.03238509,0.19577593,0.070491076,0
1527,mvdec_dekm_consistent_v1,tiki_mvdec_dekm_consistent_v1_ccfbcd08db49_seed_42,ccfbcd08db49645649c885e212a7f2e0796a7bf3746d6b5f7b50f2673ebb95b4,-0.0751492,0.16960534,0.068835035,0.21643917,0.042933755,0
1528,mvdec_dekm_consistent_v1,tiki_mvdec_dekm_consistent_v1_ccfbcd08db49_seed_42,ccfbcd08db49645649c885e212a7f2e0796a7bf3746d6b5f7b50f2673ebb95b4,-0.016705772,0.113965064,0.07756043,-0.3929933,0.07560291,4
1529,mvdec_dekm_consistent_v1,tiki_mvdec_dekm_consistent_v1_ccfbcd08db49_seed_42,ccfbcd08db49645649c885e212a7f2e0796a7bf3746d6b5f7b50f2673ebb95b4,-0.25564298,-0.14146577,0.053016677,-0.5749905,0.5020908,3
1530,mvdec_dekm_consistent_v1,tiki_mvdec_dekm_consistent_v1_ccfbcd08db49_seed_42,ccfbcd08db49645649c885e212a7f2e0796a7bf3746d6b5f7b50f2673ebb95b4,-0.13709754,-0.1990409,0.072568595,-0.56255245,0.7202005,3
1531,mvdec_dekm_consistent_v1,tiki_mvdec_dekm_consistent_v1_ccfbcd08db49_seed_42,ccfbcd08db49645649c885e212a7f2e0796a7bf3746d6b5f7b50f2673ebb95b4,-0.048228443,0.045541395,-0.031033166,-0.25354964,0.08033357,4
1532,mvdec_dekm_consistent_v1,tiki_mvdec_dekm_consistent_v1_ccfbcd08db49_seed_42,ccfbcd08db49645649c885e212a7f2e0796a7bf3746d6b5f7b50f2673ebb95b4,0.29732752,-0.42600355,-0.032304436,-0.13637744,-0.13212061,2
1533,mvdec_dekm_consistent_v1,tiki_mvdec_dekm_consistent_v1_ccfbcd08db49_seed_42,ccfbcd08db49645649c885e212a7f2e0796a7bf3746d6b5f7b50f2673ebb95b4,0.0699067,0.078663096,0.09182541,-0.11737374,0.005001202,4
1534,mvdec_dekm_consistent_v1,tiki_mvdec_dekm_consistent_v1_ccfbcd08db49_seed_42,ccfbcd08db49645649c885e212a7f2e0796a7bf3746d6b5f7b50f2673ebb95b4,-0.014713715,0.0016861185,0.025392815,0.1328418,-0.036491856,0
1535,mvdec_dekm_consistent_v1,tiki_mvdec_dekm_consistent_v1_ccfbcd08db49_seed_42,ccfbcd08db49645649c885e212a7f2e0796a7bf3746d6b5f7b50f2673ebb95b4,-0.12901048,-0.083417885,-0.014976263,-0.48437274,0.53058106,3
1536,mvdec_dekm_consistent_v1,tiki_mvdec_dekm_consistent_v1_ccfbcd08db49_seed_42,ccfbcd08db49645649c885e212a7f2e0796a7bf3746d6b5f7b50f2673ebb95b4,-0.33074778,-0.29791826,0.10221252,-0.667402,0.6878966,3
1537,mvdec_dekm_consistent_v1,tiki_mvdec_dekm_consistent_v1_ccfbcd08db49_seed_42,ccfbcd08db49645649c885e212a7f2e0796a7bf3746d6b5f7b50f2673ebb95b4,-0.08759895,0.124663666,0.11494215,0.15239184,0.10069177,0
1538,mvdec_dekm_consistent_v1,tiki_mvdec_dekm_consistent_v1_ccfbcd08db49_seed_42,ccfbcd08db49645649c885e212a7f2e0796a7bf3746d6b5f7b50f2673ebb95b4,-0.05287256,0.038796537,0.0019034743,0.090920515,-0.02143288,0
1539,mvdec_dekm_consistent_v1,tiki_mvdec_dekm_consistent_v1_ccfbcd08db49_seed_42,ccfbcd08db49645649c885e212a7f2e0796a7bf3746d6b5f7b50f2673ebb95b4,0.2608953,0.007995173,-0.0009598583,-0.4556871,0.67889583,1
1540,mvdec_dekm_consistent_v1,tiki_mvdec_dekm_consistent_v1_ccfbcd08db49_seed_42,ccfbcd08db49645649c885e212a7f2e0796a7bf3746d6b5f7b50f2673ebb95b4,-0.06180673,0.13511531,0.08160346,0.26749796,0.057122655,0
1541,mvdec_dekm_consistent_v1,tiki_mvdec_dekm_consistent_v1_ccfbcd08db49_seed_42,ccfbcd08db49645649c885e212a7f2e0796a7bf3746d6b5f7b50f2673ebb95b4,-0.016401757,-0.09465045,0.42363536,-0.15627338,-0.07461701,4
1542,mvdec_dekm_consistent_v1,tiki_mvdec_dekm_consistent_v1_ccfbcd08db49_seed_42,ccfbcd08db49645649c885e212a7f2e0796a7bf3746d6b5f7b50f2673ebb95b4,-0.11490984,-0.07884983,-0.016525079,-0.47398224,0.53243214,3
1543,mvdec_dekm_consistent_v1,tiki_mvdec_dekm_consistent_v1_ccfbcd08db49_seed_42,ccfbcd08db49645649c885e212a7f2e0796a7bf3746d6b5f7b50f2673ebb95b4,-0.3760973,-0.30446923,0.061467916,-0.6204621,0.7235812,3
1544,mvdec_dekm_consistent_v1,tiki_mvdec_dekm_consistent_v1_ccfbcd08db49_seed_42,ccfbcd08db49645649c885e212a7f2e0796a7bf3746d6b5f7b50f2673ebb95b4,-0.05809824,0.19020614,-0.0097846985,0.12427163,0.05411898,0
1545,mvdec_dekm_consistent_v1,tiki_mvdec_dekm_consistent_v1_ccfbcd08db49_seed_42,ccfbcd08db49645649c885e212a7f2e0796a7bf3746d6b5f7b50f2673ebb95b4,-0.14428088,0.1539551,-0.05742207,-0.22535929,0.110279545,4
1546,mvdec_dekm_consistent_v1,tiki_mvdec_dekm_consistent_v1_ccfbcd08db49_seed_42,ccfbcd08db49645649c885e212a7f2e0796a7bf3746d6b5f7b50f2673ebb95b4,-0.10636063,0.16950668,0.09576476,0.18404284,0.10685463,0
1547,mvdec_dekm_consistent_v1,tiki_mvdec_dekm_consistent_v1_ccfbcd08db49_seed_42,ccfbcd08db49645649c885e212a7f2e0796a7bf3746d6b5f7b50f2673ebb95b4,-0.2967044,-0.29677844,0.10283411,-0.6638575,0.6727026,3
1548,mvdec_dekm_consistent_v1,tiki_mvdec_dekm_consistent_v1_ccfbcd08db49_seed_42,ccfbcd08db49645649c885e212a7f2e0796a7bf3746d6b5f7b50f2673ebb95b4,0.06740427,-0.023176786,0.14946789,0.054447908,-0.08606138,2
1549,mvdec_dekm_consistent_v1,tiki_mvdec_dekm_consistent_v1_ccfbcd08db49_seed_42,ccfbcd08db49645649c885e212a7f2e0796a7bf3746d6b5f7b50f2673ebb95b4,0.35587496,-0.3494482,0.08389771,-0.031383127,-0.17288664,2
1550,mvdec_dekm_consistent_v1,tiki_mvdec_dekm_consistent_v1_ccfbcd08db49_seed_42,ccfbcd08db49645649c885e212a7f2e0796a7bf3746d6b5f7b50f2673ebb95b4,0.17367078,-0.127151,-0.046460837,-0.113755055,-0.057454675,2
1551,mvdec_dekm_consistent_v1,tiki_mvdec_dekm_consistent_v1_ccfbcd08db49_seed_42,ccfbcd08db49645649c885e212a7f2e0796a7bf3746d6b5f7b50f2673ebb95b4,-0.09401833,0.20480421,0.011611134,0.029012635,0.08907759,0
1552,mvdec_dekm_consistent_v1,tiki_mvdec_dekm_consistent_v1_ccfbcd08db49_seed_42,ccfbcd08db49645649c885e212a7f2e0796a7bf3746d6b5f7b50f2673ebb95b4,-0.07733251,-0.20322885,0.013834596,-0.4505095,0.02049081,4
1553,mvdec_dekm_consistent_v1,tiki_mvdec_dekm_consistent_v1_ccfbcd08db49_seed_42,ccfbcd08db49645649c885e212a7f2e0796a7bf3746d6b5f7b50f2673ebb95b4,-0.008636471,-0.14169566,0.03598635,-0.45777768,0.73148793,3
1554,mvdec_dekm_consistent_v1,tiki_mvdec_dekm_consistent_v1_ccfbcd08db49_seed_42,ccfbcd08db49645649c885e212a7f2e0796a7bf3746d6b5f7b50f2673ebb95b4,-0.072663724,0.18015754,0.087064214,-0.4144832,0.1248211,4
1555,mvdec_dekm_consistent_v1,tiki_mvdec_dekm_consistent_v1_ccfbcd08db49_seed_42,ccfbcd08db49645649c885e212a7f2e0796a7bf3746d6b5f7b50f2673ebb95b4,0.058418207,0.10797756,0.016747296,-0.27449697,0.13897137,4
1556,mvdec_dekm_consistent_v1,tiki_mvdec_dekm_consistent_v1_ccfbcd08db49_seed_42,ccfbcd08db49645649c885e212a7f2e0796a7bf3746d6b5f7b50f2673ebb95b4,-0.086215995,0.10138773,0.040558964,0.15280938,0.04985398,0
1557,mvdec_dekm_consistent_v1,tiki_mvdec_dekm_consistent_v1_ccfbcd08db49_seed_42,ccfbcd08db49645649c885e212a7f2e0796a7bf3746d6b5f7b50f2673ebb95b4,0.014385985,0.111646205,-0.02571696,0.075639024,0.09832296,0
1558,mvdec_dekm_consistent_v1,tiki_mvdec_dekm_consistent_v1_ccfbcd08db49_seed_42,ccfbcd08db49645649c885e212a7f2e0796a7bf3746d6b5f7b50f2673ebb95b4,-0.09606861,0.11168632,0.08076443,-0.49096522,0.26786894,4
1559,mvdec_dekm_consistent_v1,tiki_mvdec_dekm_consistent_v1_ccfbcd08db49_seed_42,ccfbcd08db49645649c885e212a7f2e0796a7bf3746d6b5f7b50f2673ebb95b4,-0.047423746,0.032234922,0.033674065,0.17494011,-0.020035185,0
1560,mvdec_dekm_consistent_v1,tiki_mvdec_dekm_consistent_v1_ccfbcd08db49_seed_42,ccfbcd08db49645649c885e212a7f2e0796a7bf3746d6b5f7b50f2673ebb95b4,-0.29746887,-0.29296684,0.04812753,-0.6541108,0.68264145,3
1561,mvdec_dekm_consistent_v1,tiki_mvdec_dekm_consistent_v1_ccfbcd08db49_seed_42,ccfbcd08db49645649c885e212a7f2e0796a7bf3746d6b5f7b50f2673ebb95b4,0.2803358,-0.38121784,-0.04511722,0.10092251,-0.1320372,2
1562,mvdec_dekm_consistent_v1,tiki_mvdec_dekm_consistent_v1_ccfbcd08db49_seed_42,ccfbcd08db49645649c885e212a7f2e0796a7bf3746d6b5f7b50f2673ebb95b4,0.02831651,0.12784196,-0.019197091,0.116415024,0.0002780594,0
1563,mvdec_dekm_consistent_v1,tiki_mvdec_dekm_consistent_v1_ccfbcd08db49_seed_42,ccfbcd08db49645649c885e212a7f2e0796a7bf3746d6b5f7b50f2673ebb95b4,-0.024146527,-0.00507693,0.087358244,0.12846208,-0.03825757,0
1564,mvdec_dekm_consistent_v1,tiki_mvdec_dekm_consistent_v1_ccfbcd08db49_seed_42,ccfbcd08db49645649c885e212a7f2e0796a7bf3746d6b5f7b50f2673ebb95b4,-0.23971239,-0.114005074,0.12430634,-0.76802576,0.50418985,3
1565,mvdec_dekm_consistent_v1,tiki_mvdec_dekm_consistent_v1_ccfbcd08db49_seed_42,ccfbcd08db49645649c885e212a7f2e0796a7bf3746d6b5f7b50f2673ebb95b4,-0.043322228,0.07038052,0.0412966,-0.25569153,0.05064085,4
1566,mvdec_dekm_consistent_v1,tiki_mvdec_dekm_consistent_v1_ccfbcd08db49_seed_42,ccfbcd08db49645649c885e212a7f2e0796a7bf3746d6b5f7b50f2673ebb95b4,-0.06280663,0.27058572,0.082867846,0.36320305,0.15396743,0
1567,mvdec_dekm_consistent_v1,tiki_mvdec_dekm_consistent_v1_ccfbcd08db49_seed_42,ccfbcd08db49645649c885e212a7f2e0796a7bf3746d6b5f7b50f2673ebb95b4,-0.29674008,-0.29674911,0.10282996,-0.66382694,0.67270905,3
1568,mvdec_dekm_consistent_v1,tiki_mvdec_dekm_consistent_v1_ccfbcd08db49_seed_42,ccfbcd08db49645649c885e212a7f2e0796a7bf3746d6b5f7b50f2673ebb95b4,0.03775902,-0.017241186,-0.01664295,0.14381991,-0.056275826,0
1569,mvdec_dekm_consistent_v1,tiki_mvdec_dekm_consistent_v1_ccfbcd08db49_seed_42,ccfbcd08db49645649c885e212a7f2e0796a7bf3746d6b5f7b50f2673ebb95b4,-0.07867667,-0.058908552,0.003970541,-0.44735426,0.54014426,3
1570,mvdec_dekm_consistent_v1,tiki_mvdec_dekm_consistent_v1_ccfbcd08db49_seed_42,ccfbcd08db49645649c885e212a7f2e0796a7bf3746d6b5f7b50f2673ebb95b4,0.027489595,0.050610103,-0.05541278,-0.3098858,0.43547034,1
1571,mvdec_dekm_consistent_v1,tiki_mvdec_dekm_consistent_v1_ccfbcd08db49_seed_42,ccfbcd08db49645649c885e212a7f2e0796a7bf3746d6b5f7b50f2673ebb95b4,-0.060325336,0.17073733,0.03264624,0.016123492,0.060114264,0
1572,mvdec_dekm_consistent_v1,tiki_mvdec_dekm_consistent_v1_ccfbcd08db49_seed_42,ccfbcd08db49645649c885e212a7f2e0796a7bf3746d6b5f7b50f2673ebb95b4,0.09545833,-0.098244846,0.043629702,0.09774378,-0.17227882,2
1573,mvdec_dekm_consistent_v1,tiki_mvdec_dekm_consistent_v1_ccfbcd08db49_seed_42,ccfbcd08db49645649c885e212a7f2e0796a7bf3746d6b5f7b50f2673ebb95b4,-0.00015350245,0.057551637,-0.060704857,0.12105742,-0.07353808,0
1574,mvdec_dekm_consistent_v1,tiki_mvdec_dekm_consistent_v1_ccfbcd08db49_seed_42,ccfbcd08db49645649c885e212a7f2e0796a7bf3746d6b5f7b50f2673ebb95b4,0.10003798,-0.043558873,0.070836276,-0.07287344,-0.0767935,2
1575,mvdec_dekm_consistent_v1,tiki_mvdec_dekm_consistent_v1_ccfbcd08db49_seed_42,ccfbcd08db49645649c885e212a7f2e0796a7bf3746d6b5f7b50f2673ebb95b4,0.07865557,0.12623324,0.100480705,-0.111399725,0.035926543,4
1576,mvdec_dekm_consistent_v1,tiki_mvdec_dekm_consistent_v1_ccfbcd08db49_seed_42,ccfbcd08db49645649c885e212a7f2e0796a7bf3746d6b5f7b50f2673ebb95b4,0.025775645,0.10345129,0.07440914,-0.18624002,0.017642424,4
1577,mvdec_dekm_consistent_v1,tiki_mvdec_dekm_consistent_v1_ccfbcd08db49_seed_42,ccfbcd08db49645649c885e212a7f2e0796a7bf3746d6b5f7b50f2673ebb95b4,0.23985387,-0.011070326,-0.04834044,-0.396851,0.650828,1
1578,mvdec_dekm_consistent_v1,tiki_mvdec_dekm_consistent_v1_ccfbcd08db49_seed_42,ccfbcd08db49645649c885e212a7f2e0796a7bf3746d6b5f7b50f2673ebb95b4,0.016670596,0.08134848,-0.024610259,-0.26571256,0.36057144,4
1579,mvdec_dekm_consistent_v1,tiki_mvdec_dekm_consistent_v1_ccfbcd08db49_seed_42,ccfbcd08db49645649c885e212a7f2e0796a7bf3746d6b5f7b50f2673ebb95b4,-0.14587614,0.12609525,0.10793339,0.27042615,0.07551853,0
1580,mvdec_dekm_consistent_v1,tiki_mvdec_dekm_consistent_v1_ccfbcd08db49_seed_42,ccfbcd08db49645649c885e212a7f2e0796a7bf3746d6b5f7b50f2673ebb95b4,0.13707554,-0.10272135,0.077424526,-0.08568972,0.057882592,2
1581,mvdec_dekm_consistent_v1,tiki_mvdec_dekm_consistent_v1_ccfbcd08db49_seed_42,ccfbcd08db49645649c885e212a7f2e0796a7bf3746d6b5f7b50f2673ebb95b4,-0.19340664,0.11419526,0.0063182414,-0.13618384,0.15256627,4
1582,mvdec_dekm_consistent_v1,tiki_mvdec_dekm_consistent_v1_ccfbcd08db49_seed_42,ccfbcd08db49645649c885e212a7f2e0796a7bf3746d6b5f7b50f2673ebb95b4,-0.036989845,0.18054184,0.082648665,-0.4029045,0.14521231,4
1583,mvdec_dekm_consistent_v1,tiki_mvdec_dekm_consistent_v1_ccfbcd08db49_seed_42,ccfbcd08db49645649c885e212a7f2e0796a7bf3746d6b5f7b50f2673ebb95b4,-0.29674008,-0.29674911,0.10282996,-0.66382694,0.67270905,3
1584,mvdec_dekm_consistent_v1,tiki_mvdec_dekm_consistent_v1_ccfbcd08db49_seed_42,ccfbcd08db49645649c885e212a7f2e0796a7bf3746d6b5f7b50f2673ebb95b4,0.08638642,0.08657861,0.05055258,-0.33057028,0.10844766,4
1585,mvdec_dekm_consistent_v1,tiki_mvdec_dekm_consistent_v1_ccfbcd08db49_seed_42,ccfbcd08db49645649c885e212a7f2e0796a7bf3746d6b5f7b50f2673ebb95b4,0.34377155,0.057557467,-0.00067218393,-0.44399357,0.6769491,1
1586,mvdec_dekm_consistent_v1,tiki_mvdec_dekm_consistent_v1_ccfbcd08db49_seed_42,ccfbcd08db49645649c885e212a7f2e0796a7bf3746d6b5f7b50f2673ebb95b4,0.24068153,-0.0105565,-0.048373744,-0.39683646,0.6507211,1
1587,mvdec_dekm_consistent_v1,tiki_mvdec_dekm_consistent_v1_ccfbcd08db49_seed_42,ccfbcd08db49645649c885e212a7f2e0796a7bf3746d6b5f7b50f2673ebb95b4,-0.120742,0.17200619,0.07476596,-0.35081047,0.105034485,4
1588,mvdec_dekm_consistent_v1,tiki_mvdec_dekm_consistent_v1_ccfbcd08db49_seed_42,ccfbcd08db49645649c885e212a7f2e0796a7bf3746d6b5f7b50f2673ebb95b4,0.08146634,-0.059037164,0.025725853,0.14477777,-0.13634302,2
1589,mvdec_dekm_consistent_v1,tiki_mvdec_dekm_consistent_v1_ccfbcd08db49_seed_42,ccfbcd08db49645649c885e212a7f2e0796a7bf3746d6b5f7b50f2673ebb95b4,0.45868352,-0.24384417,-0.04328241,0.031223875,-0.23128036,2
1590,mvdec_dekm_consistent_v1,tiki_mvdec_dekm_consistent_v1_ccfbcd08db49_seed_42,ccfbcd08db49645649c885e212a7f2e0796a7bf3746d6b5f7b50f2673ebb95b4,-0.1075341,0.21847692,0.025568917,0.14372075,0.099698916,0
1591,mvdec_dekm_consistent_v1,tiki_mvdec_dekm_consistent_v1_ccfbcd08db49_seed_42,ccfbcd08db49645649c885e212a7f2e0796a7bf3746d6b5f7b50f2673ebb95b4,-0.07933734,0.115194425,0.06625999,-0.2646327,0.12406316,4
1592,mvdec_dekm_consistent_v1,tiki_mvdec_dekm_consistent_v1_ccfbcd08db49_seed_42,ccfbcd08db49645649c885e212a7f2e0796a7bf3746d6b5f7b50f2673ebb95b4,-0.33052903,-0.29828095,0.10210143,-0.6674572,0.6880465,3
1593,mvdec_dekm_consistent_v1,tiki_mvdec_dekm_consistent_v1_ccfbcd08db49_seed_42,ccfbcd08db49645649c885e212a7f2e0796a7bf3746d6b5f7b50f2673ebb95b4,-0.1229887,-0.0016309321,0.0012220927,-0.49126098,0.40426758,3
1594,mvdec_dekm_consistent_v1,tiki_mvdec_dekm_consistent_v1_ccfbcd08db49_seed_42,ccfbcd08db49645649c885e212a7f2e0796a7bf3746d6b5f7b50f2673ebb95b4,0.20912383,-0.22352496,-0.036607277,0.15322174,-0.28408933,2
1595,mvdec_dekm_consistent_v1,tiki_mvdec_dekm_consistent_v1_ccfbcd08db49_seed_42,ccfbcd08db49645649c885e212a7f2e0796a7bf3746d6b5f7b50f2673ebb95b4,-0.14838418,0.12750262,0.06343687,0.1014736,0.07433002,0
1596,mvdec_dekm_consistent_v1,tiki_mvdec_dekm_consistent_v1_ccfbcd08db49_seed_42,ccfbcd08db49645649c885e212a7f2e0796a7bf3746d6b5f7b50f2673ebb95b4,0.084463544,0.17595413,0.007933123,-0.2843133,0.262897,4
1597,mvdec_dekm_consistent_v1,tiki_mvdec_dekm_consistent_v1_ccfbcd08db49_seed_42,ccfbcd08db49645649c885e212a7f2e0796a7bf3746d6b5f7b50f2673ebb95b4,-0.077583894,0.09893127,0.08017548,0.22231878,0.05427634,0
1598,mvdec_dekm_consistent_v1,tiki_mvdec_dekm_consistent_v1_ccfbcd08db49_seed_42,ccfbcd08db49645649c885e212a7f2e0796a7bf3746d6b5f7b50f2673ebb95b4,-0.25774035,-0.12651774,0.013703607,-0.59994674,0.5204443,3
1599,mvdec_dekm_consistent_v1,tiki_mvdec_dekm_consistent_v1_ccfbcd08db49_seed_42,ccfbcd08db49645649c885e212a7f2e0796a7bf3746d6b5f7b50f2673ebb95b4,-0.37385964,-0.19038324,0.06819852,-0.60737294,0.5209135,3
1600,mvdec_dekm_consistent_v1,tiki_mvdec_dekm_consistent_v1_ccfbcd08db49_seed_42,ccfbcd08db49645649c885e212a7f2e0796a7bf3746d6b5f7b50f2673ebb95b4,0.044192117,-0.030561008,0.081323095,0.1625683,-0.05224566,0
1601,mvdec_dekm_consistent_v1,tiki_mvdec_dekm_consistent_v1_ccfbcd08db49_seed_42,ccfbcd08db49645649c885e212a7f2e0796a7bf3746d6b5f7b50f2673ebb95b4,0.18814075,-0.30203795,-0.0700933,-0.033783503,-0.2614237,2
1602,mvdec_dekm_consistent_v1,tiki_mvdec_dekm_consistent_v1_ccfbcd08db49_seed_42,ccfbcd08db49645649c885e212a7f2e0796a7bf3746d6b5f7b50f2673ebb95b4,0.18155816,0.057098232,-0.05217055,-0.28113705,0.54273725,1
1603,mvdec_dekm_consistent_v1,tiki_mvdec_dekm_consistent_v1_ccfbcd08db49_seed_42,ccfbcd08db49645649c885e212a7f2e0796a7bf3746d6b5f7b50f2673ebb95b4,-0.07760258,0.15454648,0.026334178,-0.3168185,0.1451348,4
1604,mvdec_dekm_consistent_v1,tiki_mvdec_dekm_consistent_v1_ccfbcd08db49_seed_42,ccfbcd08db49645649c885e212a7f2e0796a7bf3746d6b5f7b50f2673ebb95b4,0.24964802,0.010431126,-0.04986673,-0.35776722,0.7017583,1
1605,mvdec_dekm_consistent_v1,tiki_mvdec_dekm_consistent_v1_ccfbcd08db49_seed_42,ccfbcd08db49645649c885e212a7f2e0796a7bf3746d6b5f7b50f2673ebb95b4,0.019088948,-0.0034620464,0.039517652,0.19519529,-0.047912396,0
1606,mvdec_dekm_consistent_v1,tiki_mvdec_dekm_consistent_v1_ccfbcd08db49_seed_42,ccfbcd08db49645649c885e212a7f2e0796a7bf3746d6b5f7b50f2673ebb95b4,-0.18237728,0.092501484,0.080650836,-0.5172093,0.22721055,4
1607,mvdec_dekm_consistent_v1,tiki_mvdec_dekm_consistent_v1_ccfbcd08db49_seed_42,ccfbcd08db49645649c885e212a7f2e0796a7bf3746d6b5f7b50f2673ebb95b4,0.14508486,-0.11906424,0.032152407,-0.075972244,-0.12675932,2
1608,mvdec_dekm_consistent_v1,tiki_mvdec_dekm_consistent_v1_ccfbcd08db49_seed_42,ccfbcd08db49645649c885e212a7f2e0796a7bf3746d6b5f7b50f2673ebb95b4,-0.2967222,-0.29676378,0.102832064,-0.6638422,0.6727059,3
1609,mvdec_dekm_consistent_v1,tiki_mvdec_dekm_consistent_v1_ccfbcd08db49_seed_42,ccfbcd08db49645649c885e212a7f2e0796a7bf3746d6b5f7b50f2673ebb95b4,-0.16007696,0.07882142,-0.04076853,-0.35271633,0.23793353,4
1610,mvdec_dekm_consistent_v1,tiki_mvdec_dekm_consistent_v1_ccfbcd08db49_seed_42,ccfbcd08db49645649c885e212a7f2e0796a7bf3746d6b5f7b50f2673ebb95b4,-0.057405192,-0.04652579,0.091869816,0.059234668,0.064678684,0
1611,mvdec_dekm_consistent_v1,tiki_mvdec_dekm_consistent_v1_ccfbcd08db49_seed_42,ccfbcd08db49645649c885e212a7f2e0796a7bf3746d6b5f7b50f2673ebb95b4,0.22979434,-0.018128917,-0.0472105,-0.3974076,0.6514552,1
1612,mvdec_dekm_consistent_v1,tiki_mvdec_dekm_consistent_v1_ccfbcd08db49_seed_42,ccfbcd08db49645649c885e212a7f2e0796a7bf3746d6b5f7b50f2673ebb95b4,-0.046350643,0.08833216,-0.020958781,0.07771692,-0.045943506,0
1613,mvdec_dekm_consistent_v1,tiki_mvdec_dekm_consistent_v1_ccfbcd08db49_seed_42,ccfbcd08db49645649c885e212a7f2e0796a7bf3746d6b5f7b50f2673ebb95b4,0.27838343,-0.14436233,0.100070074,-0.025235333,0.068664335,2
1614,mvdec_dekm_consistent_v1,tiki_mvdec_dekm_consistent_v1_ccfbcd08db49_seed_42,ccfbcd08db49645649c885e212a7f2e0796a7bf3746d6b5f7b50f2673ebb95b4,0.10257805,-0.35589135,0.14533746,0.07749833,-0.15301216,2
1615,mvdec_dekm_consistent_v1,tiki_mvdec_dekm_consistent_v1_ccfbcd08db49_seed_42,ccfbcd08db49645649c885e212a7f2e0796a7bf3746d6b5f7b50f2673ebb95b4,0.054584064,0.115519024,-0.055871956,-0.2544387,0.35501927,4
1616,mvdec_dekm_consistent_v1,tiki_mvdec_dekm_consistent_v1_ccfbcd08db49_seed_42,ccfbcd08db49645649c885e212a7f2e0796a7bf3746d6b5f7b50f2673ebb95b4,-0.035858944,0.18369114,0.14333342,-0.1555571,0.12567136,4
1617,mvdec_dekm_consistent_v1,tiki_mvdec_dekm_consistent_v1_ccfbcd08db49_seed_42,ccfbcd08db49645649c885e212a7f2e0796a7bf3746d6b5f7b50f2673ebb95b4,-0.091574594,0.15663898,0.09103793,-0.4610101,0.20010726,4
1618,mvdec_dekm_consistent_v1,tiki_mvdec_dekm_consistent_v1_ccfbcd08db49_seed_42,ccfbcd08db49645649c885e212a7f2e0796a7bf3746d6b5f7b50f2673ebb95b4,0.10589678,-0.10254265,-0.010140106,-0.38782153,0.7221791,1
1619,mvdec_dekm_consistent_v1,tiki_mvdec_dekm_consistent_v1_ccfbcd08db49_seed_42,ccfbcd08db49645649c885e212a7f2e0796a7bf3746d6b5f7b50f2673ebb95b4,-0.121581174,-0.010640815,-0.0094411,-0.4238423,0.41386855,4
1620,mvdec_dekm_consistent_v1,tiki_mvdec_dekm_consistent_v1_ccfbcd08db49_seed_42,ccfbcd08db49645649c885e212a7f2e0796a7bf3746d6b5f7b50f2673ebb95b4,-0.03526969,0.020970348,0.1120215,0.22421598,-0.0025328994,0
1621,mvdec_dekm_consistent_v1,tiki_mvdec_dekm_consistent_v1_ccfbcd08db49_seed_42,ccfbcd08db49645649c885e212a7f2e0796a7bf3746d6b5f7b50f2673ebb95b4,-0.04205729,0.0021314546,-0.01917535,0.055576902,-0.02118818,0
1622,mvdec_dekm_consistent_v1,tiki_mvdec_dekm_consistent_v1_ccfbcd08db49_seed_42,ccfbcd08db49645649c885e212a7f2e0796a7bf3746d6b5f7b50f2673ebb95b4,0.072982624,-0.17298558,0.04812413,0.07837394,-0.23478635,2
1623,mvdec_dekm_consistent_v1,tiki_mvdec_dekm_consistent_v1_ccfbcd08db49_seed_42,ccfbcd08db49645649c885e212a7f2e0796a7bf3746d6b5f7b50f2673ebb95b4,-0.23866604,0.107933566,-0.0080767125,-0.18694682,0.15106776,4
1624,mvdec_dekm_consistent_v1,tiki_mvdec_dekm_consistent_v1_ccfbcd08db49_seed_42,ccfbcd08db49645649c885e212a7f2e0796a7bf3746d6b5f7b50f2673ebb95b4,-0.13870668,0.1463533,0.10102343,0.049377397,0.15421742,0
1625,mvdec_dekm_consistent_v1,tiki_mvdec_dekm_consistent_v1_ccfbcd08db49_seed_42,ccfbcd08db49645649c885e212a7f2e0796a7bf3746d6b5f7b50f2673ebb95b4,-0.0035581682,0.18184109,0.09067245,0.25823605,0.07724375,0
1626,mvdec_dekm_consistent_v1,tiki_mvdec_dekm_consistent_v1_ccfbcd08db49_seed_42,ccfbcd08db49645649c885e212a7f2e0796a7bf3746d6b5f7b50f2673ebb95b4,0.05764008,-0.11336071,0.03138248,0.12018575,-0.16355735,2
1627,mvdec_dekm_consistent_v1,tiki_mvdec_dekm_consistent_v1_ccfbcd08db49_seed_42,ccfbcd08db49645649c885e212a7f2e0796a7bf3746d6b5f7b50f2673ebb95b4,0.055159666,-0.048567206,-0.023580393,0.11027938,-0.0725047,2
1628,mvdec_dekm_consistent_v1,tiki_mvdec_dekm_consistent_v1_ccfbcd08db49_seed_42,ccfbcd08db49645649c885e212a7f2e0796a7bf3746d6b5f7b50f2673ebb95b4,0.23632836,0.1173078,-0.083330646,-0.31676692,0.49349236,1
1629,mvdec_dekm_consistent_v1,tiki_mvdec_dekm_consistent_v1_ccfbcd08db49_seed_42,ccfbcd08db49645649c885e212a7f2e0796a7bf3746d6b5f7b50f2673ebb95b4,0.028680254,-0.043291487,0.034782797,0.098567426,-0.038808152,0
1630,mvdec_dekm_consistent_v1,tiki_mvdec_dekm_consistent_v1_ccfbcd08db49_seed_42,ccfbcd08db49645649c885e212a7f2e0796a7bf3746d6b5f7b50f2673ebb95b4,0.059841126,0.16253214,-0.009584338,-0.27078006,0.2584884,4
1631,mvdec_dekm_consistent_v1,tiki_mvdec_dekm_consistent_v1_ccfbcd08db49_seed_42,ccfbcd08db49645649c885e212a7f2e0796a7bf3746d6b5f7b50f2673ebb95b4,-0.102799475,0.20973341,0.097239345,0.24169968,0.08462674,0
1632,mvdec_dekm_consistent_v1,tiki_mvdec_dekm_consistent_v1_ccfbcd08db49_seed_42,ccfbcd08db49645649c885e212a7f2e0796a7bf3746d6b5f7b50f2673ebb95b4,0.0029940829,0.20976506,0.18108536,-0.47675106,0.1311954,4
1633,mvdec_dekm_consistent_v1,tiki_mvdec_dekm_consistent_v1_ccfbcd08db49_seed_42,ccfbcd08db49645649c885e212a7f2e0796a7bf3746d6b5f7b50f2673ebb95b4,0.16058896,0.18999088,-0.024111439,-0.22920306,0.3199196,4
1634,mvdec_dekm_consistent_v1,tiki_mvdec_dekm_consistent_v1_ccfbcd08db49_seed_42,ccfbcd08db49645649c885e212a7f2e0796a7bf3746d6b5f7b50f2673ebb95b4,0.022184763,-0.0633026,0.066593714,0.11498332,-0.036529236,0
1635,mvdec_dekm_consistent_v1,tiki_mvdec_dekm_consistent_v1_ccfbcd08db49_seed_42,ccfbcd08db49645649c885e212a7f2e0796a7bf3746d6b5f7b50f2673ebb95b4,-0.26486522,0.06507074,0.0821639,-0.5465914,0.19631663,4
1636,mvdec_dekm_consistent_v1,tiki_mvdec_dekm_consistent_v1_ccfbcd08db49_seed_42,ccfbcd08db49645649c885e212a7f2e0796a7bf3746d6b5f7b50f2673ebb95b4,0.12248745,-0.11550966,-0.100786075,-0.0928149,0.11444937,2
1637,mvdec_dekm_consistent_v1,tiki_mvdec_dekm_consistent_v1_ccfbcd08db49_seed_42,ccfbcd08db49645649c885e212a7f2e0796a7bf3746d6b5f7b50f2673ebb95b4,0.063342065,-0.045577623,0.067676604,0.14012921,-0.10777436,2
1638,mvdec_dekm_consistent_v1,tiki_mvdec_dekm_consistent_v1_ccfbcd08db49_seed_42,ccfbcd08db49645649c885e212a7f2e0796a7bf3746d6b5f7b50f2673ebb95b4,0.02758922,0.060145434,-0.07282376,0.03754115,-0.035202228,0
1639,mvdec_dekm_consistent_v1,tiki_mvdec_dekm_consistent_v1_ccfbcd08db49_seed_42,ccfbcd08db49645649c885e212a7f2e0796a7bf3746d6b5f7b50f2673ebb95b4,-0.30207595,-0.28217745,0.04428352,-0.6938196,0.68733764,3
1640,mvdec_dekm_consistent_v1,tiki_mvdec_dekm_consistent_v1_ccfbcd08db49_seed_42,ccfbcd08db49645649c885e212a7f2e0796a7bf3746d6b5f7b50f2673ebb95b4,0.07040185,-0.07404967,0.14436543,-0.22870576,-0.056013495,4
1641,mvdec_dekm_consistent_v1,tiki_mvdec_dekm_consistent_v1_ccfbcd08db49_seed_42,ccfbcd08db49645649c885e212a7f2e0796a7bf3746d6b5f7b50f2673ebb95b4,0.14366233,0.20064254,-0.005744446,-0.08633562,0.33073097,4
1642,mvdec_dekm_consistent_v1,tiki_mvdec_dekm_consistent_v1_ccfbcd08db49_seed_42,ccfbcd08db49645649c885e212a7f2e0796a7bf3746d6b5f7b50f2673ebb95b4,-0.32499456,-0.037727877,0.061004695,-0.6425329,0.31974238,3
1643,mvdec_dekm_consistent_v1,tiki_mvdec_dekm_consistent_v1_ccfbcd08db49_seed_42,ccfbcd08db49645649c885e212a7f2e0796a7bf3746d6b5f7b50f2673ebb95b4,0.100638136,0.09730159,0.03729932,0.29393584,0.02188386,0
1644,mvdec_dekm_consistent_v1,tiki_mvdec_dekm_consistent_v1_ccfbcd08db49_seed_42,ccfbcd08db49645649c885e212a7f2e0796a7bf3746d6b5f7b50f2673ebb95b4,-0.07178166,0.022776343,0.031129632,0.0049812635,0.01147148,0
1645,mvdec_dekm_consistent_v1,tiki_mvdec_dekm_consistent_v1_ccfbcd08db49_seed_42,ccfbcd08db49645649c885e212a7f2e0796a7bf3746d6b5f7b50f2673ebb95b4,0.030347126,0.112084985,0.064533636,0.24851891,0.006237625,0
1646,mvdec_dekm_consistent_v1,tiki_mvdec_dekm_consistent_v1_ccfbcd08db49_seed_42,ccfbcd08db49645649c885e212a7f2e0796a7bf3746d6b5f7b50f2673ebb95b4,0.096627116,-0.19659573,-0.16281459,0.065083794,-0.21374549,2
1647,mvdec_dekm_consistent_v1,tiki_mvdec_dekm_consistent_v1_ccfbcd08db49_seed_42,ccfbcd08db49645649c885e212a7f2e0796a7bf3746d6b5f7b50f2673ebb95b4,0.033808507,0.15085194,0.08484728,-0.40401226,0.13471206,4
1648,mvdec_dekm_consistent_v1,tiki_mvdec_dekm_consistent_v1_ccfbcd08db49_seed_42,ccfbcd08db49645649c885e212a7f2e0796a7bf3746d6b5f7b50f2673ebb95b4,0.036442783,0.10714021,-0.002487637,0.19881743,-0.02901858,0
1649,mvdec_dekm_consistent_v1,tiki_mvdec_dekm_consistent_v1_ccfbcd08db49_seed_42,ccfbcd08db49645649c885e212a7f2e0796a7bf3746d6b5f7b50f2673ebb95b4,0.07441829,0.19117881,0.08589832,-0.41179302,0.19675311,4
1650,mvdec_dekm_consistent_v1,tiki_mvdec_dekm_consistent_v1_ccfbcd08db49_seed_42,ccfbcd08db49645649c885e212a7f2e0796a7bf3746d6b5f7b50f2673ebb95b4,-0.12965076,0.105057985,0.12075353,0.127653,0.10483883,0
1651,mvdec_dekm_consistent_v1,tiki_mvdec_dekm_consistent_v1_ccfbcd08db49_seed_42,ccfbcd08db49645649c885e212a7f2e0796a7bf3746d6b5f7b50f2673ebb95b4,-0.17472212,0.085381195,0.011634104,-0.43070692,0.2261951,4
1652,mvdec_dekm_consistent_v1,tiki_mvdec_dekm_consistent_v1_ccfbcd08db49_seed_42,ccfbcd08db49645649c885e212a7f2e0796a7bf3746d6b5f7b50f2673ebb95b4,0.06702064,-0.09315917,0.12301201,-0.18137924,-0.087807566,2
1653,mvdec_dekm_consistent_v1,tiki_mvdec_dekm_consistent_v1_ccfbcd08db49_seed_42,ccfbcd08db49645649c885e212a7f2e0796a7bf3746d6b5f7b50f2673ebb95b4,0.03885743,0.12245613,0.120210044,-0.37593287,0.07753829,4
1654,mvdec_dekm_consistent_v1,tiki_mvdec_dekm_consistent_v1_ccfbcd08db49_seed_42,ccfbcd08db49645649c885e212a7f2e0796a7bf3746d6b5f7b50f2673ebb95b4,-0.049536582,0.16068166,0.06548922,0.19828923,0.07382813,0
1655,mvdec_dekm_consistent_v1,tiki_mvdec_dekm_consistent_v1_ccfbcd08db49_seed_42,ccfbcd08db49645649c885e212a7f2e0796a7bf3746d6b5f7b50f2673ebb95b4,-0.040397033,0.21448757,0.1390482,-0.085749865,0.16701326,4
1656,mvdec_dekm_consistent_v1,tiki_mvdec_dekm_consistent_v1_ccfbcd08db49_seed_42,ccfbcd08db49645649c885e212a7f2e0796a7bf3746d6b5f7b50f2673ebb95b4,0.0983869,-0.034380972,0.04484292,0.13098992,-0.05530813,2
1657,mvdec_dekm_consistent_v1,tiki_mvdec_dekm_consistent_v1_ccfbcd08db49_seed_42,ccfbcd08db49645649c885e212a7f2e0796a7bf3746d6b5f7b50f2673ebb95b4,-0.29674008,-0.29674911,0.10282996,-0.66382694,0.67270905,3
1658,mvdec_dekm_consistent_v1,tiki_mvdec_dekm_consistent_v1_ccfbcd08db49_seed_42,ccfbcd08db49645649c885e212a7f2e0796a7bf3746d6b5f7b50f2673ebb95b4,-0.04445873,0.027536243,0.09947304,-0.17775926,0.03227569,4
1659,mvdec_dekm_consistent_v1,tiki_mvdec_dekm_consistent_v1_ccfbcd08db49_seed_42,ccfbcd08db49645649c885e212a7f2e0796a7bf3746d6b5f7b50f2673ebb95b4,-0.11174087,0.050629623,-0.006373167,-0.1687923,0.09806287,4
1660,mvdec_dekm_consistent_v1,tiki_mvdec_dekm_consistent_v1_ccfbcd08db49_seed_42,ccfbcd08db49645649c885e212a7f2e0796a7bf3746d6b5f7b50f2673ebb95b4,0.17481826,-0.05934882,0.003906075,-0.47560957,0.6892476,1
1661,mvdec_dekm_consistent_v1,tiki_mvdec_dekm_consistent_v1_ccfbcd08db49_seed_42,ccfbcd08db49645649c885e212a7f2e0796a7bf3746d6b5f7b50f2673ebb95b4,-0.15290509,0.14213929,0.08571118,0.09690529,0.1080745,0
1662,mvdec_dekm_consistent_v1,tiki_mvdec_dekm_consistent_v1_ccfbcd08db49_seed_42,ccfbcd08db49645649c885e212a7f2e0796a7bf3746d6b5f7b50f2673ebb95b4,-0.302075,-0.2685418,0.06390576,-0.76145256,0.67662716,3
1663,mvdec_dekm_consistent_v1,tiki_mvdec_dekm_consistent_v1_ccfbcd08db49_seed_42,ccfbcd08db49645649c885e212a7f2e0796a7bf3746d6b5f7b50f2673ebb95b4,-0.05619259,0.108018406,0.047431864,-0.16119885,0.24134234,4
1664,mvdec_dekm_consistent_v1,tiki_mvdec_dekm_consistent_v1_ccfbcd08db49_seed_42,ccfbcd08db49645649c885e212a7f2e0796a7bf3746d6b5f7b50f2673ebb95b4,-0.02450844,0.18777537,0.115018375,0.30780736,0.07607107,0
1665,mvdec_dekm_consistent_v1,tiki_mvdec_dekm_consistent_v1_ccfbcd08db49_seed_42,ccfbcd08db49645649c885e212a7f2e0796a7bf3746d6b5f7b50f2673ebb95b4,0.13577983,-0.1705581,0.11311865,0.093554944,-0.20695233,2
1666,mvdec_dekm_consistent_v1,tiki_mvdec_dekm_consistent_v1_ccfbcd08db49_seed_42,ccfbcd08db49645649c885e212a7f2e0796a7bf3746d6b5f7b50f2673ebb95b4,0.0279651,0.11119795,0.0068605877,-0.36324346,0.3360319,4
1667,mvdec_dekm_consistent_v1,tiki_mvdec_dekm_consistent_v1_ccfbcd08db49_seed_42,ccfbcd08db49645649c885e212a7f2e0796a7bf3746d6b5f7b50f2673ebb95b4,-0.046589747,0.2234117,0.0020711347,0.19385351,0.07531404,0
1668,mvdec_dekm_consistent_v1,tiki_mvdec_dekm_consistent_v1_ccfbcd08db49_seed_42,ccfbcd08db49645649c885e212a7f2e0796a7bf3746d6b5f7b50f2673ebb95b4,0.05625726,-0.12086184,-0.07138257,0.034192465,-0.06359224,2
1669,mvdec_dekm_consistent_v1,tiki_mvdec_dekm_consistent_v1_ccfbcd08db49_seed_42,ccfbcd08db49645649c885e212a7f2e0796a7bf3746d6b5f7b50f2673ebb95b4,-0.065924406,0.18386826,0.070145324,0.2292889,0.04575886,0
1670,mvdec_dekm_consistent_v1,tiki_mvdec_dekm_consistent_v1_ccfbcd08db49_seed_42,ccfbcd08db49645649c885e212a7f2e0796a7bf3746d6b5f7b50f2673ebb95b4,0.1754291,-0.545691,-0.14424774,0.065766305,0.038281962,2
1671,mvdec_dekm_consistent_v1,tiki_mvdec_dekm_consistent_v1_ccfbcd08db49_seed_42,ccfbcd08db49645649c885e212a7f2e0796a7bf3746d6b5f7b50f2673ebb95b4,-0.33074778,-0.29791826,0.10221252,-0.667402,0.6878966,3
1672,mvdec_dekm_consistent_v1,tiki_mvdec_dekm_consistent_v1_ccfbcd08db49_seed_42,ccfbcd08db49645649c885e212a7f2e0796a7bf3746d6b5f7b50f2673ebb95b4,-0.07601352,0.0064247623,0.050268404,0.024706278,0.034993432,0
1673,mvdec_dekm_consistent_v1,tiki_mvdec_dekm_consistent_v1_ccfbcd08db49_seed_42,ccfbcd08db49645649c885e212a7f2e0796a7bf3746d6b5f7b50f2673ebb95b4,0.005197767,0.10816761,0.13067092,-0.36510855,0.08331065,4
1674,mvdec_dekm_consistent_v1,tiki_mvdec_dekm_consistent_v1_ccfbcd08db49_seed_42,ccfbcd08db49645649c885e212a7f2e0796a7bf3746d6b5f7b50f2673ebb95b4,-0.30207595,-0.28217745,0.04428352,-0.6938196,0.68733764,3
1675,mvdec_dekm_consistent_v1,tiki_mvdec_dekm_consistent_v1_ccfbcd08db49_seed_42,ccfbcd08db49645649c885e212a7f2e0796a7bf3746d6b5f7b50f2673ebb95b4,-0.042048488,0.1861715,0.061022416,-0.2668967,0.11275598,4
1676,mvdec_dekm_consistent_v1,tiki_mvdec_dekm_consistent_v1_ccfbcd08db49_seed_42,ccfbcd08db49645649c885e212a7f2e0796a7bf3746d6b5f7b50f2673ebb95b4,0.127189,-0.07439321,-0.07711989,0.08387357,-0.13319921,2
1677,mvdec_dekm_consistent_v1,tiki_mvdec_dekm_consistent_v1_ccfbcd08db49_seed_42,ccfbcd08db49645649c885e212a7f2e0796a7bf3746d6b5f7b50f2673ebb95b4,-0.02235456,-0.008701451,-0.034137502,0.06252023,-0.057087176,0
1678,mvdec_dekm_consistent_v1,tiki_mvdec_dekm_consistent_v1_ccfbcd08db49_seed_42,ccfbcd08db49645649c885e212a7f2e0796a7bf3746d6b5f7b50f2673ebb95b4,0.035138138,0.0035549775,0.0069654174,0.024260841,-0.03805884,0
1679,mvdec_dekm_consistent_v1,tiki_mvdec_dekm_consistent_v1_ccfbcd08db49_seed_42,ccfbcd08db49645649c885e212a7f2e0796a7bf3746d6b5f7b50f2673ebb95b4,-0.112839825,0.031779923,0.06074939,-0.067946956,0.13409984,4
1680,mvdec_dekm_consistent_v1,tiki_mvdec_dekm_consistent_v1_ccfbcd08db49_seed_42,ccfbcd08db49645649c885e212a7f2e0796a7bf3746d6b5f7b50f2673ebb95b4,-0.04786078,0.16016912,0.08290794,0.2833718,0.06497965,0
1681,mvdec_dekm_consistent_v1,tiki_mvdec_dekm_consistent_v1_ccfbcd08db49_seed_42,ccfbcd08db49645649c885e212a7f2e0796a7bf3746d6b5f7b50f2673ebb95b4,-0.09263083,0.120887116,0.08651143,0.23089722,0.06097225,0
1682,mvdec_dekm_consistent_v1,tiki_mvdec_dekm_consistent_v1_ccfbcd08db49_seed_42,ccfbcd08db49645649c885e212a7f2e0796a7bf3746d6b5f7b50f2673ebb95b4,-0.07513111,0.00961823,0.031183228,0.13889216,-0.014189806,0
1683,mvdec_dekm_consistent_v1,tiki_mvdec_dekm_consistent_v1_ccfbcd08db49_seed_42,ccfbcd08db49645649c885e212a7f2e0796a7bf3746d6b5f7b50f2673ebb95b4,-0.17004985,0.06243796,0.0054463595,-0.44550854,0.2668657,4
1684,mvdec_dekm_consistent_v1,tiki_mvdec_dekm_consistent_v1_ccfbcd08db49_seed_42,ccfbcd08db49645649c885e212a7f2e0796a7bf3746d6b5f7b50f2673ebb95b4,0.04638823,0.17808466,0.037081704,0.19811344,0.024799146,0
1685,mvdec_dekm_consistent_v1,tiki_mvdec_dekm_consistent_v1_ccfbcd08db49_seed_42,ccfbcd08db49645649c885e212a7f2e0796a7bf3746d6b5f7b50f2673ebb95b4,-0.060269754,0.20715714,0.16237712,0.211591,0.06553968,0
1686,mvdec_dekm_consistent_v1,tiki_mvdec_dekm_consistent_v1_ccfbcd08db49_seed_42,ccfbcd08db49645649c885e212a7f2e0796a7bf3746d6b5f7b50f2673ebb95b4,-0.107611105,0.21645853,0.045738667,0.14235741,0.046257637,0
1687,mvdec_dekm_consistent_v1,tiki_mvdec_dekm_consistent_v1_ccfbcd08db49_seed_42,ccfbcd08db49645649c885e212a7f2e0796a7bf3746d6b5f7b50f2673ebb95b4,0.25711092,-0.29502156,0.03211027,0.018051744,-0.14410627,2
1688,mvdec_dekm_consistent_v1,tiki_mvdec_dekm_consistent_v1_ccfbcd08db49_seed_42,ccfbcd08db49645649c885e212a7f2e0796a7bf3746d6b5f7b50f2673ebb95b4,-0.05880837,0.22117706,0.22742997,-0.49297774,0.10138732,4
1689,mvdec_dekm_consistent_v1,tiki_mvdec_dekm_consistent_v1_ccfbcd08db49_seed_42,ccfbcd08db49645649c885e212a7f2e0796a7bf3746d6b5f7b50f2673ebb95b4,-0.08863947,0.2649638,0.023857236,0.11685287,0.04367669,0
1690,mvdec_dekm_consistent_v1,tiki_mvdec_dekm_consistent_v1_ccfbcd08db49_seed_42,ccfbcd08db49645649c885e212a7f2e0796a7bf3746d6b5f7b50f2673ebb95b4,-0.081351094,-0.18452509,0.06062688,-0.54642344,0.71058756,3
1691,mvdec_dekm_consistent_v1,tiki_mvdec_dekm_consistent_v1_ccfbcd08db49_seed_42,ccfbcd08db49645649c885e212a7f2e0796a7bf3746d6b5f7b50f2673ebb95b4,-0.01987745,0.05692602,-0.019659262,-0.27473152,0.10273412,4
1692,mvdec_dekm_consistent_v1,tiki_mvdec_dekm_consistent_v1_ccfbcd08db49_seed_42,ccfbcd08db49645649c885e212a7f2e0796a7bf3746d6b5f7b50f2673ebb95b4,-0.0014069751,0.09090316,0.12390808,-0.36036384,0.062150374,4
1693,mvdec_dekm_consistent_v1,tiki_mvdec_dekm_consistent_v1_ccfbcd08db49_seed_42,ccfbcd08db49645649c885e212a7f2e0796a7bf3746d6b5f7b50f2673ebb95b4,0.11799021,-0.006021835,-0.001053758,-0.22728401,0.04264494,4
1694,mvdec_dekm_consistent_v1,tiki_mvdec_dekm_consistent_v1_ccfbcd08db49_seed_42,ccfbcd08db49645649c885e212a7f2e0796a7bf3746d6b5f7b50f2673ebb95b4,-0.03778241,-0.030234903,0.07902937,0.08370352,0.0951641,0
1695,mvdec_dekm_consistent_v1,tiki_mvdec_dekm_consistent_v1_ccfbcd08db49_seed_42,ccfbcd08db49645649c885e212a7f2e0796a7bf3746d6b5f7b50f2673ebb95b4,-0.036015816,0.08940345,0.039908092,0.16520962,0.039354436,0
1696,mvdec_dekm_consistent_v1,tiki_mvdec_dekm_consistent_v1_ccfbcd08db49_seed_42,ccfbcd08db49645649c885e212a7f2e0796a7bf3746d6b5f7b50f2673ebb95b4,0.25670767,0.008515421,-0.051233687,-0.36110762,0.6928105,1
1697,mvdec_dekm_consistent_v1,tiki_mvdec_dekm_consistent_v1_ccfbcd08db49_seed_42,ccfbcd08db49645649c885e212a7f2e0796a7bf3746d6b5f7b50f2673ebb95b4,-0.0054474575,0.08308463,0.06622565,0.13240698,0.007999774,0
1698,mvdec_dekm_consistent_v1,tiki_mvdec_dekm_consistent_v1_ccfbcd08db49_seed_42,ccfbcd08db49645649c885e212a7f2e0796a7bf3746d6b5f7b50f2673ebb95b4,0.07076632,-0.0011907741,0.064786166,0.14902544,-0.02273443,0
1699,mvdec_dekm_consistent_v1,tiki_mvdec_dekm_consistent_v1_ccfbcd08db49_seed_42,ccfbcd08db49645649c885e212a7f2e0796a7bf3746d6b5f7b50f2673ebb95b4,0.012284955,-0.07143728,0.005005434,-0.003852768,-0.030359402,2
1700,mvdec_dekm_consistent_v1,tiki_mvdec_dekm_consistent_v1_ccfbcd08db49_seed_42,ccfbcd08db49645649c885e212a7f2e0796a7bf3746d6b5f7b50f2673ebb95b4,0.050407846,0.13168162,0.08949663,-0.465064,0.33769655,4
1701,mvdec_dekm_consistent_v1,tiki_mvdec_dekm_consistent_v1_ccfbcd08db49_seed_42,ccfbcd08db49645649c885e212a7f2e0796a7bf3746d6b5f7b50f2673ebb95b4,0.018587284,-0.03145217,-0.0129992515,0.12901047,-0.09981016,0
1702,mvdec_dekm_consistent_v1,tiki_mvdec_dekm_consistent_v1_ccfbcd08db49_seed_42,ccfbcd08db49645649c885e212a7f2e0796a7bf3746d6b5f7b50f2673ebb95b4,0.39089894,-0.45303065,-0.2878846,0.022208724,0.05239808,2
1703,mvdec_dekm_consistent_v1,tiki_mvdec_dekm_consistent_v1_ccfbcd08db49_seed_42,ccfbcd08db49645649c885e212a7f2e0796a7bf3746d6b5f7b50f2673ebb95b4,-0.29741848,-0.29301643,0.048156094,-0.65412134,0.68262273,3
1704,mvdec_dekm_consistent_v1,tiki_mvdec_dekm_consistent_v1_ccfbcd08db49_seed_42,ccfbcd08db49645649c885e212a7f2e0796a7bf3746d6b5f7b50f2673ebb95b4,0.19264075,-0.04489426,-0.039599895,-0.3953171,0.661237,1
1705,mvdec_dekm_consistent_v1,tiki_mvdec_dekm_consistent_v1_ccfbcd08db49_seed_42,ccfbcd08db49645649c885e212a7f2e0796a7bf3746d6b5f7b50f2673ebb95b4,-0.21991964,0.058393985,-0.023882285,-0.40385017,0.23686856,4
1706,mvdec_dekm_consistent_v1,tiki_mvdec_dekm_consistent_v1_ccfbcd08db49_seed_42,ccfbcd08db49645649c885e212a7f2e0796a7bf3746d6b5f7b50f2673ebb95b4,-0.13383767,0.16921374,0.12490858,0.19840655,0.0726508,0
1707,mvdec_dekm_consistent_v1,tiki_mvdec_dekm_consistent_v1_ccfbcd08db49_seed_42,ccfbcd08db49645649c885e212a7f2e0796a7bf3746d6b5f7b50f2673ebb95b4,-0.29740134,-0.29306042,0.048094075,-0.6541282,0.68263483,3
1708,mvdec_dekm_consistent_v1,tiki_mvdec_dekm_consistent_v1_ccfbcd08db49_seed_42,ccfbcd08db49645649c885e212a7f2e0796a7bf3746d6b5f7b50f2673ebb95b4,-0.05315041,0.12234026,0.03742589,0.13947326,0.008723173,0
1709,mvdec_dekm_consistent_v1,tiki_mvdec_dekm_consistent_v1_ccfbcd08db49_seed_42,ccfbcd08db49645649c885e212a7f2e0796a7bf3746d6b5f7b50f2673ebb95b4,-0.075246505,-0.18442161,0.06493144,-0.6788651,0.68812877,3
1710,mvdec_dekm_consistent_v1,tiki_mvdec_dekm_consistent_v1_ccfbcd08db49_seed_42,ccfbcd08db49645649c885e212a7f2e0796a7bf3746d6b5f7b50f2673ebb95b4,-0.07213099,0.09535138,0.060161218,0.068756215,0.022559576,0
1711,mvdec_dekm_consistent_v1,tiki_mvdec_dekm_consistent_v1_ccfbcd08db49_seed_42,ccfbcd08db49645649c885e212a7f2e0796a7bf3746d6b5f7b50f2673ebb95b4,-0.13189112,0.10997824,-0.016880587,-0.18117288,0.19016418,4
1712,mvdec_dekm_consistent_v1,tiki_mvdec_dekm_consistent_v1_ccfbcd08db49_seed_42,ccfbcd08db49645649c885e212a7f2e0796a7bf3746d6b5f7b50f2673ebb95b4,-0.110608175,-0.029423336,-0.06701696,0.02268447,-0.0100559,0
1713,mvdec_dekm_consistent_v1,tiki_mvdec_dekm_consistent_v1_ccfbcd08db49_seed_42,ccfbcd08db49645649c885e212a7f2e0796a7bf3746d6b5f7b50f2673ebb95b4,0.38405553,0.09152126,-0.07464524,-0.3996824,0.6536062,1
1714,mvdec_dekm_consistent_v1,tiki_mvdec_dekm_consistent_v1_ccfbcd08db49_seed_42,ccfbcd08db49645649c885e212a7f2e0796a7bf3746d6b5f7b50f2673ebb95b4,-0.026821125,0.12412283,-0.009438902,0.07567845,0.090280525,0
1715,mvdec_dekm_consistent_v1,tiki_mvdec_dekm_consistent_v1_ccfbcd08db49_seed_42,ccfbcd08db49645649c885e212a7f2e0796a7bf3746d6b5f7b50f2673ebb95b4,0.26265156,-0.19454129,0.09084865,0.08532491,-0.1597795,2
1716,mvdec_dekm_consistent_v1,tiki_mvdec_dekm_consistent_v1_ccfbcd08db49_seed_42,ccfbcd08db49645649c885e212a7f2e0796a7bf3746d6b5f7b50f2673ebb95b4,0.06666033,0.10867936,-0.02378608,-0.0036702715,-0.007732928,0
1717,mvdec_dekm_consistent_v1,tiki_mvdec_dekm_consistent_v1_ccfbcd08db49_seed_42,ccfbcd08db49645649c885e212a7f2e0796a7bf3746d6b5f7b50f2673ebb95b4,-0.056128733,0.17590848,0.06353612,0.21938992,0.047128882,0
1718,mvdec_dekm_consistent_v1,tiki_mvdec_dekm_consistent_v1_ccfbcd08db49_seed_42,ccfbcd08db49645649c885e212a7f2e0796a7bf3746d6b5f7b50f2673ebb95b4,0.060041923,-0.05042886,0.09169012,0.09144923,0.14268866,0
1719,mvdec_dekm_consistent_v1,tiki_mvdec_dekm_consistent_v1_ccfbcd08db49_seed_42,ccfbcd08db49645649c885e212a7f2e0796a7bf3746d6b5f7b50f2673ebb95b4,0.046598498,0.028248698,0.09408724,-0.33886498,0.027588576,4
1720,mvdec_dekm_consistent_v1,tiki_mvdec_dekm_consistent_v1_ccfbcd08db49_seed_42,ccfbcd08db49645649c885e212a7f2e0796a7bf3746d6b5f7b50f2673ebb95b4,-0.29746437,-0.29297304,0.04812524,-0.65411186,0.6826411,3
1721,mvdec_dekm_consistent_v1,tiki_mvdec_dekm_consistent_v1_ccfbcd08db49_seed_42,ccfbcd08db49645649c885e212a7f2e0796a7bf3746d6b5f7b50f2673ebb95b4,0.09227605,0.09843095,0.061678655,-0.3596911,0.1333181,4
1722,mvdec_dekm_consistent_v1,tiki_mvdec_dekm_consistent_v1_ccfbcd08db49_seed_42,ccfbcd08db49645649c885e212a7f2e0796a7bf3746d6b5f7b50f2673ebb95b4,-0.010200681,0.17816925,0.035903282,-0.29773518,0.15444888,4
1723,mvdec_dekm_consistent_v1,tiki_mvdec_dekm_consistent_v1_ccfbcd08db49_seed_42,ccfbcd08db49645649c885e212a7f2e0796a7bf3746d6b5f7b50f2673ebb95b4,0.010620787,0.05716051,0.061228875,0.1356226,-0.011300396,0
1724,mvdec_dekm_consistent_v1,tiki_mvdec_dekm_consistent_v1_ccfbcd08db49_seed_42,ccfbcd08db49645649c885e212a7f2e0796a7bf3746d6b5f7b50f2673ebb95b4,0.047357254,0.09250855,-0.04101862,0.07328713,0.10506175,0
1725,mvdec_dekm_consistent_v1,tiki_mvdec_dekm_consistent_v1_ccfbcd08db49_seed_42,ccfbcd08db49645649c885e212a7f2e0796a7bf3746d6b5f7b50f2673ebb95b4,-0.012897075,0.17666632,0.07734233,-0.37372798,0.16764632,4
1726,mvdec_dekm_consistent_v1,tiki_mvdec_dekm_consistent_v1_ccfbcd08db49_seed_42,ccfbcd08db49645649c885e212a7f2e0796a7bf3746d6b5f7b50f2673ebb95b4,-0.30266425,-0.2672255,0.06414041,-0.76081693,0.67640835,3
1727,mvdec_dekm_consistent_v1,tiki_mvdec_dekm_consistent_v1_ccfbcd08db49_seed_42,ccfbcd08db49645649c885e212a7f2e0796a7bf3746d6b5f7b50f2673ebb95b4,-0.0046311654,0.097368196,0.108390644,-0.17601769,0.073981375,4
1728,mvdec_dekm_consistent_v1,tiki_mvdec_dekm_consistent_v1_ccfbcd08db49_seed_42,ccfbcd08db49645649c885e212a7f2e0796a7bf3746d6b5f7b50f2673ebb95b4,0.12717266,0.11984214,0.05032235,0.10268353,0.11204622,0
1729,mvdec_dekm_consistent_v1,tiki_mvdec_dekm_consistent_v1_ccfbcd08db49_seed_42,ccfbcd08db49645649c885e212a7f2e0796a7bf3746d6b5f7b50f2673ebb95b4,-0.08177702,-0.1840574,0.060078725,-0.54695314,0.71076363,3
1730,mvdec_dekm_consistent_v1,tiki_mvdec_dekm_consistent_v1_ccfbcd08db49_seed_42,ccfbcd08db49645649c885e212a7f2e0796a7bf3746d6b5f7b50f2673ebb95b4,-0.008936504,-0.10229206,0.05409522,0.08670135,-0.07620779,2
1731,mvdec_dekm_consistent_v1,tiki_mvdec_dekm_consistent_v1_ccfbcd08db49_seed_42,ccfbcd08db49645649c885e212a7f2e0796a7bf3746d6b5f7b50f2673ebb95b4,-0.06900791,0.10276204,0.10617044,-0.35409597,0.06405761,4
1732,mvdec_dekm_consistent_v1,tiki_mvdec_dekm_consistent_v1_ccfbcd08db49_seed_42,ccfbcd08db49645649c885e212a7f2e0796a7bf3746d6b5f7b50f2673ebb95b4,0.034544975,-0.23517996,-0.044720285,-0.32044238,0.033824496,4
1733,mvdec_dekm_consistent_v1,tiki_mvdec_dekm_consistent_v1_ccfbcd08db49_seed_42,ccfbcd08db49645649c885e212a7f2e0796a7bf3746d6b5f7b50f2673ebb95b4,-0.18071117,0.16854818,0.12311512,0.20272756,0.042618573,0
1734,mvdec_dekm_consistent_v1,tiki_mvdec_dekm_consistent_v1_ccfbcd08db49_seed_42,ccfbcd08db49645649c885e212a7f2e0796a7bf3746d6b5f7b50f2673ebb95b4,-0.16850604,0.09920171,0.0063699186,-0.2610415,0.16050571,4
1735,mvdec_dekm_consistent_v1,tiki_mvdec_dekm_consistent_v1_ccfbcd08db49_seed_42,ccfbcd08db49645649c885e212a7f2e0796a7bf3746d6b5f7b50f2673ebb95b4,-0.33068392,-0.29802138,0.102181464,-0.66741824,0.6879397,3
1736,mvdec_dekm_consistent_v1,tiki_mvdec_dekm_consistent_v1_ccfbcd08db49_seed_42,ccfbcd08db49645649c885e212a7f2e0796a7bf3746d6b5f7b50f2673ebb95b4,-0.14794345,0.10211136,0.0100029,-0.40937066,0.22575988,4
1737,mvdec_dekm_consistent_v1,tiki_mvdec_dekm_consistent_v1_ccfbcd08db49_seed_42,ccfbcd08db49645649c885e212a7f2e0796a7bf3746d6b5f7b50f2673ebb95b4,0.0020177872,0.03907406,0.019327458,0.18985118,-0.07046445,0
1738,mvdec_dekm_consistent_v1,tiki_mvdec_dekm_consistent_v1_ccfbcd08db49_seed_42,ccfbcd08db49645649c885e212a7f2e0796a7bf3746d6b5f7b50f2673ebb95b4,-0.16878647,0.19297916,0.037262946,0.07871794,0.07657188,0
1739,mvdec_dekm_consistent_v1,tiki_mvdec_dekm_consistent_v1_ccfbcd08db49_seed_42,ccfbcd08db49645649c885e212a7f2e0796a7bf3746d6b5f7b50f2673ebb95b4,-0.10365622,0.16702144,0.014683932,0.088790074,0.07678507,0
1740,mvdec_dekm_consistent_v1,tiki_mvdec_dekm_consistent_v1_ccfbcd08db49_seed_42,ccfbcd08db49645649c885e212a7f2e0796a7bf3746d6b5f7b50f2673ebb95b4,-0.14935854,0.0069398507,0.078342155,0.22426152,0.07378003,0
1741,mvdec_dekm_consistent_v1,tiki_mvdec_dekm_consistent_v1_ccfbcd08db49_seed_42,ccfbcd08db49645649c885e212a7f2e0796a7bf3746d6b5f7b50f2673ebb95b4,-0.026033286,-0.4380461,-0.36321557,0.06326006,-0.17684416,2
1742,mvdec_dekm_consistent_v1,tiki_mvdec_dekm_consistent_v1_ccfbcd08db49_seed_42,ccfbcd08db49645649c885e212a7f2e0796a7bf3746d6b5f7b50f2673ebb95b4,0.20960297,0.14106464,-0.050184023,-0.24899009,0.4386717,1
1743,mvdec_dekm_consistent_v1,tiki_mvdec_dekm_consistent_v1_ccfbcd08db49_seed_42,ccfbcd08db49645649c885e212a7f2e0796a7bf3746d6b5f7b50f2673ebb95b4,0.011176022,-0.0494129,0.027796127,0.06618042,0.0326327,0
1744,mvdec_dekm_consistent_v1,tiki_mvdec_dekm_consistent_v1_ccfbcd08db49_seed_42,ccfbcd08db49645649c885e212a7f2e0796a7bf3746d6b5f7b50f2673ebb95b4,-0.06496385,0.21718453,-0.0073593557,0.13424532,0.057981253,0
1745,mvdec_dekm_consistent_v1,tiki_mvdec_dekm_consistent_v1_ccfbcd08db49_seed_42,ccfbcd08db49645649c885e212a7f2e0796a7bf3746d6b5f7b50f2673ebb95b4,-0.081958085,0.026401863,0.088812344,0.15956797,0.05385431,0
1746,mvdec_dekm_consistent_v1,tiki_mvdec_dekm_consistent_v1_ccfbcd08db49_seed_42,ccfbcd08db49645649c885e212a7f2e0796a7bf3746d6b5f7b50f2673ebb95b4,0.012403758,0.23990904,0.008956388,0.18596432,-0.0028235912,0
1747,mvdec_dekm_consistent_v1,tiki_mvdec_dekm_consistent_v1_ccfbcd08db49_seed_42,ccfbcd08db49645649c885e212a7f2e0796a7bf3746d6b5f7b50f2673ebb95b4,-0.1191586,-0.06990928,0.015455328,-0.48865342,0.52985644,3
1748,mvdec_dekm_consistent_v1,tiki_mvdec_dekm_consistent_v1_ccfbcd08db49_seed_42,ccfbcd08db49645649c885e212a7f2e0796a7bf3746d6b5f7b50f2673ebb95b4,-0.18478772,0.031090898,0.16356212,-0.275222,0.2572588,4
1749,mvdec_dekm_consistent_v1,tiki_mvdec_dekm_consistent_v1_ccfbcd08db49_seed_42,ccfbcd08db49645649c885e212a7f2e0796a7bf3746d6b5f7b50f2673ebb95b4,0.057020213,0.07141815,-0.057982635,-0.2883919,0.43517855,1
1750,mvdec_dekm_consistent_v1,tiki_mvdec_dekm_consistent_v1_ccfbcd08db49_seed_42,ccfbcd08db49645649c885e212a7f2e0796a7bf3746d6b5f7b50f2673ebb95b4,0.45862162,-0.086296916,0.07013266,-0.20092008,0.079736106,2
1751,mvdec_dekm_consistent_v1,tiki_mvdec_dekm_consistent_v1_ccfbcd08db49_seed_42,ccfbcd08db49645649c885e212a7f2e0796a7bf3746d6b5f7b50f2673ebb95b4,-0.06256599,0.14249496,0.04027593,0.0022328477,0.09311759,0
1752,mvdec_dekm_consistent_v1,tiki_mvdec_dekm_consistent_v1_ccfbcd08db49_seed_42,ccfbcd08db49645649c885e212a7f2e0796a7bf3746d6b5f7b50f2673ebb95b4,-0.015737977,-0.027124569,-0.02181397,0.16654885,-0.09271009,0
1753,mvdec_dekm_consistent_v1,tiki_mvdec_dekm_consistent_v1_ccfbcd08db49_seed_42,ccfbcd08db49645649c885e212a7f2e0796a7bf3746d6b5f7b50f2673ebb95b4,-0.022762634,0.043670654,0.050581377,0.15251273,0.08109026,0
1754,mvdec_dekm_consistent_v1,tiki_mvdec_dekm_consistent_v1_ccfbcd08db49_seed_42,ccfbcd08db49645649c885e212a7f2e0796a7bf3746d6b5f7b50f2673ebb95b4,0.124018125,-0.16884674,-0.014013886,0.022805199,-0.030014452,2
1755,mvdec_dekm_consistent_v1,tiki_mvdec_dekm_consistent_v1_ccfbcd08db49_seed_42,ccfbcd08db49645649c885e212a7f2e0796a7bf3746d6b5f7b50f2673ebb95b4,-0.0046921894,0.19426844,0.031786148,0.052566387,0.060380403,0
1756,mvdec_dekm_consistent_v1,tiki_mvdec_dekm_consistent_v1_ccfbcd08db49_seed_42,ccfbcd08db49645649c885e212a7f2e0796a7bf3746d6b5f7b50f2673ebb95b4,-0.037432108,0.20914176,0.1675828,-0.0022921897,0.07484102,0
1757,mvdec_dekm_consistent_v1,tiki_mvdec_dekm_consistent_v1_ccfbcd08db49_seed_42,ccfbcd08db49645649c885e212a7f2e0796a7bf3746d6b5f7b50f2673ebb95b4,-0.024656486,-0.053324863,-0.062291317,0.08335829,-0.084418714,2
1758,mvdec_dekm_consistent_v1,tiki_mvdec_dekm_consistent_v1_ccfbcd08db49_seed_42,ccfbcd08db49645649c885e212a7f2e0796a7bf3746d6b5f7b50f2673ebb95b4,-0.081269234,0.15813357,0.013047501,-0.13579352,0.155633,4
1759,mvdec_dekm_consistent_v1,tiki_mvdec_dekm_consistent_v1_ccfbcd08db49_seed_42,ccfbcd08db49645649c885e212a7f2e0796a7bf3746d6b5f7b50f2673ebb95b4,-0.03948319,0.14373475,0.108961836,-0.20159975,0.0859773,4
1760,mvdec_dekm_consistent_v1,tiki_mvdec_dekm_consistent_v1_ccfbcd08db49_seed_42,ccfbcd08db49645649c885e212a7f2e0796a7bf3746d6b5f7b50f2673ebb95b4,-0.09134224,0.17533448,0.18393008,-0.54947054,0.17608412,4
1761,mvdec_dekm_consistent_v1,tiki_mvdec_dekm_consistent_v1_ccfbcd08db49_seed_42,ccfbcd08db49645649c885e212a7f2e0796a7bf3746d6b5f7b50f2673ebb95b4,-0.0034633726,0.116690844,-0.031033888,0.18495658,-0.025305532,0
1762,mvdec_dekm_consistent_v1,tiki_mvdec_dekm_consistent_v1_ccfbcd08db49_seed_42,ccfbcd08db49645649c885e212a7f2e0796a7bf3746d6b5f7b50f2673ebb95b4,-0.01771807,0.027789107,-0.05434999,-0.34258968,0.43084323,4
1763,mvdec_dekm_consistent_v1,tiki_mvdec_dekm_consistent_v1_ccfbcd08db49_seed_42,ccfbcd08db49645649c885e212a7f2e0796a7bf3746d6b5f7b50f2673ebb95b4,-0.06361776,0.15030935,0.16941135,-0.3353658,0.1653772,4
1764,mvdec_dekm_consistent_v1,tiki_mvdec_dekm_consistent_v1_ccfbcd08db49_seed_42,ccfbcd08db49645649c885e212a7f2e0796a7bf3746d6b5f7b50f2673ebb95b4,0.2410735,0.12251027,-0.08752631,-0.31346726,0.4955955,1
1765,mvdec_dekm_consistent_v1,tiki_mvdec_dekm_consistent_v1_ccfbcd08db49_seed_42,ccfbcd08db49645649c885e212a7f2e0796a7bf3746d6b5f7b50f2673ebb95b4,0.059269592,0.16980201,0.020965315,0.23203206,-0.0023035072,0
1766,mvdec_dekm_consistent_v1,tiki_mvdec_dekm_consistent_v1_ccfbcd08db49_seed_42,ccfbcd08db49645649c885e212a7f2e0796a7bf3746d6b5f7b50f2673ebb95b4,0.12498306,-0.056541428,0.024139207,-0.2483522,-0.05084949,4
1767,mvdec_dekm_consistent_v1,tiki_mvdec_dekm_consistent_v1_ccfbcd08db49_seed_42,ccfbcd08db49645649c885e212a7f2e0796a7bf3746d6b5f7b50f2673ebb95b4,0.0006807032,0.20899834,0.18036146,-0.47408125,0.12990776,4
1768,mvdec_dekm_consistent_v1,tiki_mvdec_dekm_consistent_v1_ccfbcd08db49_seed_42,ccfbcd08db49645649c885e212a7f2e0796a7bf3746d6b5f7b50f2673ebb95b4,0.02078969,0.02127269,0.1962786,-0.07140893,0.20667168,4
1769,mvdec_dekm_consistent_v1,tiki_mvdec_dekm_consistent_v1_ccfbcd08db49_seed_42,ccfbcd08db49645649c885e212a7f2e0796a7bf3746d6b5f7b50f2673ebb95b4,-0.085460186,0.19311385,0.012575299,0.061338753,0.13091616,0
1770,mvdec_dekm_consistent_v1,tiki_mvdec_dekm_consistent_v1_ccfbcd08db49_seed_42,ccfbcd08db49645649c885e212a7f2e0796a7bf3746d6b5f7b50f2673ebb95b4,-0.116477184,0.12882552,0.007840902,-0.31411868,0.15274651,4
1771,mvdec_dekm_consistent_v1,tiki_mvdec_dekm_consistent_v1_ccfbcd08db49_seed_42,ccfbcd08db49645649c885e212a7f2e0796a7bf3746d6b5f7b50f2673ebb95b4,-0.091603585,0.13455182,0.008543108,-0.31533077,0.16624561,4
1772,mvdec_dekm_consistent_v1,tiki_mvdec_dekm_consistent_v1_ccfbcd08db49_seed_42,ccfbcd08db49645649c885e212a7f2e0796a7bf3746d6b5f7b50f2673ebb95b4,0.19265369,-0.072877154,0.027471896,-0.22458208,-0.05427506,2
1773,mvdec_dekm_consistent_v1,tiki_mvdec_dekm_consistent_v1_ccfbcd08db49_seed_42,ccfbcd08db49645649c885e212a7f2e0796a7bf3746d6b5f7b50f2673ebb95b4,0.009467162,-0.103607625,-0.04293603,-0.18718132,-0.06931608,2
1774,mvdec_dekm_consistent_v1,tiki_mvdec_dekm_consistent_v1_ccfbcd08db49_seed_42,ccfbcd08db49645649c885e212a7f2e0796a7bf3746d6b5f7b50f2673ebb95b4,0.14224544,0.16741282,0.100645475,-0.43819624,0.34038466,4
1775,mvdec_dekm_consistent_v1,tiki_mvdec_dekm_consistent_v1_ccfbcd08db49_seed_42,ccfbcd08db49645649c885e212a7f2e0796a7bf3746d6b5f7b50f2673ebb95b4,-0.09978988,-0.0189211,-0.06736437,-0.24629246,0.050750244,4
1776,mvdec_dekm_consistent_v1,tiki_mvdec_dekm_consistent_v1_ccfbcd08db49_seed_42,ccfbcd08db49645649c885e212a7f2e0796a7bf3746d6b5f7b50f2673ebb95b4,0.33779615,-0.021813178,0.055782337,-0.25363132,0.10347366,4
1777,mvdec_dekm_consistent_v1,tiki_mvdec_dekm_consistent_v1_ccfbcd08db49_seed_42,ccfbcd08db49645649c885e212a7f2e0796a7bf3746d6b5f7b50f2673ebb95b4,-0.010253342,0.1524551,0.044418115,0.2357591,0.06419724,0
1778,mvdec_dekm_consistent_v1,tiki_mvdec_dekm_consistent_v1_ccfbcd08db49_seed_42,ccfbcd08db49645649c885e212a7f2e0796a7bf3746d6b5f7b50f2673ebb95b4,-0.2579364,-0.12633017,0.013004631,-0.5994588,0.52099895,3
1779,mvdec_dekm_consistent_v1,tiki_mvdec_dekm_consistent_v1_ccfbcd08db49_seed_42,ccfbcd08db49645649c885e212a7f2e0796a7bf3746d6b5f7b50f2673ebb95b4,0.37256962,0.098523095,-0.095207214,-0.37848517,0.6544044,1
1780,mvdec_dekm_consistent_v1,tiki_mvdec_dekm_consistent_v1_ccfbcd08db49_seed_42,ccfbcd08db49645649c885e212a7f2e0796a7bf3746d6b5f7b50f2673ebb95b4,-0.0324477,0.040820606,0.04435282,0.037171964,0.04739006,0
1781,mvdec_dekm_consistent_v1,tiki_mvdec_dekm_consistent_v1_ccfbcd08db49_seed_42,ccfbcd08db49645649c885e212a7f2e0796a7bf3746d6b5f7b50f2673ebb95b4,-0.30207595,-0.28217745,0.04428352,-0.6938196,0.68733764,3
1782,mvdec_dekm_consistent_v1,tiki_mvdec_dekm_consistent_v1_ccfbcd08db49_seed_42,ccfbcd08db49645649c885e212a7f2e0796a7bf3746d6b5f7b50f2673ebb95b4,0.39550456,0.104211904,-0.059745777,-0.34666148,0.7021409,1
1783,mvdec_dekm_consistent_v1,tiki_mvdec_dekm_consistent_v1_ccfbcd08db49_seed_42,ccfbcd08db49645649c885e212a7f2e0796a7bf3746d6b5f7b50f2673ebb95b4,-0.2338705,0.046937726,-0.0017541945,-0.40381002,0.2898902,4
1784,mvdec_dekm_consistent_v1,tiki_mvdec_dekm_consistent_v1_ccfbcd08db49_seed_42,ccfbcd08db49645649c885e212a7f2e0796a7bf3746d6b5f7b50f2673ebb95b4,0.41320482,0.093335554,-0.0019006655,-0.4278619,0.6790095,1
1785,mvdec_dekm_consistent_v1,tiki_mvdec_dekm_consistent_v1_ccfbcd08db49_seed_42,ccfbcd08db49645649c885e212a7f2e0796a7bf3746d6b5f7b50f2673ebb95b4,-0.13247456,0.13943489,0.09962386,0.09641643,0.14496168,0
1786,mvdec_dekm_consistent_v1,tiki_mvdec_dekm_consistent_v1_ccfbcd08db49_seed_42,ccfbcd08db49645649c885e212a7f2e0796a7bf3746d6b5f7b50f2673ebb95b4,-0.16033442,0.021290027,0.0971718,-0.14096463,0.32935727,4
1787,mvdec_dekm_consistent_v1,tiki_mvdec_dekm_consistent_v1_ccfbcd08db49_seed_42,ccfbcd08db49645649c885e212a7f2e0796a7bf3746d6b5f7b50f2673ebb95b4,-0.1962584,0.012685567,-0.03259251,-0.43964344,0.3310638,4
1788,mvdec_dekm_consistent_v1,tiki_mvdec_dekm_consistent_v1_ccfbcd08db49_seed_42,ccfbcd08db49645649c885e212a7f2e0796a7bf3746d6b5f7b50f2673ebb95b4,-0.30207595,-0.28217745,0.04428352,-0.6938196,0.68733764,3
1789,mvdec_dekm_consistent_v1,tiki_mvdec_dekm_consistent_v1_ccfbcd08db49_seed_42,ccfbcd08db49645649c885e212a7f2e0796a7bf3746d6b5f7b50f2673ebb95b4,-0.11131616,0.14156447,0.10175214,0.18729731,0.1132689,0
1790,mvdec_dekm_consistent_v1,tiki_mvdec_dekm_consistent_v1_ccfbcd08db49_seed_42,ccfbcd08db49645649c885e212a7f2e0796a7bf3746d6b5f7b50f2673ebb95b4,-0.09920986,-0.04732674,-0.052596346,-0.21218956,0.095903315,4
1791,mvdec_dekm_consistent_v1,tiki_mvdec_dekm_consistent_v1_ccfbcd08db49_seed_42,ccfbcd08db49645649c885e212a7f2e0796a7bf3746d6b5f7b50f2673ebb95b4,-0.0057269116,-0.019588552,-0.13349968,0.003385514,0.0003690496,0
1792,mvdec_dekm_consistent_v1,tiki_mvdec_dekm_consistent_v1_ccfbcd08db49_seed_42,ccfbcd08db49645649c885e212a7f2e0796a7bf3746d6b5f7b50f2673ebb95b4,-0.31246057,-0.17105988,0.024885762,-0.59968776,0.51459634,3
1793,mvdec_dekm_consistent_v1,tiki_mvdec_dekm_consistent_v1_ccfbcd08db49_seed_42,ccfbcd08db49645649c885e212a7f2e0796a7bf3746d6b5f7b50f2673ebb95b4,-0.06766976,-0.13863182,0.027104124,-0.43905985,0.028052956,4
1794,mvdec_dekm_consistent_v1,tiki_mvdec_dekm_consistent_v1_ccfbcd08db49_seed_42,ccfbcd08db49645649c885e212a7f2e0796a7bf3746d6b5f7b50f2673ebb95b4,0.105321854,0.13118546,-0.029311575,-0.2187224,0.36586162,4
1795,mvdec_dekm_consistent_v1,tiki_mvdec_dekm_consistent_v1_ccfbcd08db49_seed_42,ccfbcd08db49645649c885e212a7f2e0796a7bf3746d6b5f7b50f2673ebb95b4,-0.25105688,-0.1215208,0.06530202,-0.6794177,0.506127,3
1796,mvdec_dekm_consistent_v1,tiki_mvdec_dekm_consistent_v1_ccfbcd08db49_seed_42,ccfbcd08db49645649c885e212a7f2e0796a7bf3746d6b5f7b50f2673ebb95b4,-0.30207595,-0.28217745,0.04428352,-0.6938196,0.68733764,3
1797,mvdec_dekm_consistent_v1,tiki_mvdec_dekm_consistent_v1_ccfbcd08db49_seed_42,ccfbcd08db49645649c885e212a7f2e0796a7bf3746d6b5f7b50f2673ebb95b4,-0.10566256,0.16944781,0.10204261,-0.44763833,0.1577875,4
1798,mvdec_dekm_consistent_v1,tiki_mvdec_dekm_consistent_v1_ccfbcd08db49_seed_42,ccfbcd08db49645649c885e212a7f2e0796a7bf3746d6b5f7b50f2673ebb95b4,-0.13735646,0.09559239,-0.0064818263,-0.27578574,0.18827511,4
