phase, space, metric, loss, n_changed_assignment, cluster_sizes, greedy_eigen_direction, greedy_eigen_index, greedy_eigenvalue, greedy_target_mode, time:2026-07-14 04:48:37
phase:baseline_raw_input, space:x, silhouette = 0.31003278493881226, loss:0.0, n_changed_assignment:1799," cluster_sizes:[180, 359, 589, 188, 483]", time:39.037
phase:paper_step4_to_7_common_pre_refine, space:H_fused_latent, silhouette = 0.26724889874458313, loss:0.0, n_changed_assignment:1799," cluster_sizes:[272, 590, 175, 504, 258]", greedy_eigen_direction:smallest, greedy_eigen_index:0, greedy_eigenvalue:49.99075698852539, greedy_target_mode:selected_dimension_only, kmeans_n_init:100, kmeans_refresh_policy:one_epoch, batches_per_epoch:8, time:39.648
phase:paper_step8_greedy_target_Yprime_pre_refine, space:Y_greedy_target, silhouette = 0.29220905900001526, loss:0.0, n_changed_assignment:1799," cluster_sizes:[272, 590, 175, 504, 258]", greedy_eigen_direction:smallest, greedy_eigen_index:0, greedy_eigenvalue:49.99075698852539, greedy_target_mode:selected_dimension_only, kmeans_n_init:100, kmeans_refresh_policy:one_epoch, batches_per_epoch:8, time:39.694
phase:paper_step9_after_full_epoch_1, space:H_fused_latent_same_labels, silhouette = 0.34324684739112854," loss:total:0.49755, L1_reconstruction:0.28196, L2_kmeans:0.19854, L3_trace_logged:0.19854, L4_greedy:0.01705, L4_selected_direction:0.01705, L4_nonselected_snapshot_anchor:0.00000, L4_selected_fraction:1.00000, L4_anchor_fraction:0.00000", n_changed_assignment:1799," cluster_sizes:[272, 590, 175, 504, 258]", greedy_eigen_direction:smallest, greedy_eigen_index:0, greedy_eigenvalue:49.99075698852539, greedy_target_mode:selected_dimension_only, kmeans_n_init:100, kmeans_refresh_policy:one_epoch, batches_per_epoch:8, refinement_epoch:1, step9_metric_scope:full_dataset_after_epoch, step9_loss_scope:epoch_mean, step9_loss_batches:8, step9_loss_samples:1799, time:44.018
phase:paper_step4_to_7_common_refine_epoch_1, space:H_fused_latent, silhouette = 0.3501201868057251, loss:0.374, n_changed_assignment:68," cluster_sizes:[264, 229, 508, 169, 629]", greedy_eigen_direction:smallest, greedy_eigen_index:0, greedy_eigenvalue:10.853852272033691, greedy_target_mode:selected_dimension_only, kmeans_n_init:100, kmeans_refresh_policy:one_epoch, batches_per_epoch:8, time:44.446
phase:paper_step8_greedy_target_Yprime_refine_epoch_1, space:Y_greedy_target, silhouette = 0.3714759647846222, loss:0.374, n_changed_assignment:68," cluster_sizes:[264, 229, 508, 169, 629]", greedy_eigen_direction:smallest, greedy_eigen_index:0, greedy_eigenvalue:10.853852272033691, greedy_target_mode:selected_dimension_only, kmeans_n_init:100, kmeans_refresh_policy:one_epoch, batches_per_epoch:8, time:44.492
phase:paper_step9_after_full_epoch_2, space:H_fused_latent_same_labels, silhouette = 0.37587302923202515," loss:total:0.21382, L1_reconstruction:0.11963, L2_kmeans:0.08796, L3_trace_logged:0.08796, L4_greedy:0.00623, L4_selected_direction:0.00623, L4_nonselected_snapshot_anchor:0.00000, L4_selected_fraction:1.00000, L4_anchor_fraction:0.00000", n_changed_assignment:68," cluster_sizes:[264, 229, 508, 169, 629]", greedy_eigen_direction:smallest, greedy_eigen_index:0, greedy_eigenvalue:10.853852272033691, greedy_target_mode:selected_dimension_only, kmeans_n_init:100, kmeans_refresh_policy:one_epoch, batches_per_epoch:8, refinement_epoch:2, step9_metric_scope:full_dataset_after_epoch, step9_loss_scope:epoch_mean, step9_loss_batches:8, step9_loss_samples:1799, time:48.031
phase:paper_step4_to_7_common_refine_epoch_2, space:H_fused_latent, silhouette = 0.37364378571510315, loss:0.20473, n_changed_assignment:61," cluster_sizes:[650, 160, 259, 505, 225]", greedy_eigen_direction:smallest, greedy_eigen_index:0, greedy_eigenvalue:6.384160041809082, greedy_target_mode:selected_dimension_only, kmeans_n_init:100, kmeans_refresh_policy:one_epoch, batches_per_epoch:8, time:48.674
phase:paper_step8_greedy_target_Yprime_refine_epoch_2, space:Y_greedy_target, silhouette = 0.39397376775741577, loss:0.20473, n_changed_assignment:61," cluster_sizes:[650, 160, 259, 505, 225]", greedy_eigen_direction:smallest, greedy_eigen_index:0, greedy_eigenvalue:6.384160041809082, greedy_target_mode:selected_dimension_only, kmeans_n_init:100, kmeans_refresh_policy:one_epoch, batches_per_epoch:8, time:48.801
phase:paper_step9_after_full_epoch_3, space:H_fused_latent_same_labels, silhouette = 0.3785657584667206," loss:total:0.12846, L1_reconstruction:0.06782, L2_kmeans:0.05643, L3_trace_logged:0.05643, L4_greedy:0.00421, L4_selected_direction:0.00421, L4_nonselected_snapshot_anchor:0.00000, L4_selected_fraction:1.00000, L4_anchor_fraction:0.00000", n_changed_assignment:61," cluster_sizes:[650, 160, 259, 505, 225]", greedy_eigen_direction:smallest, greedy_eigen_index:0, greedy_eigenvalue:6.384160041809082, greedy_target_mode:selected_dimension_only, kmeans_n_init:100, kmeans_refresh_policy:one_epoch, batches_per_epoch:8, refinement_epoch:3, step9_metric_scope:full_dataset_after_epoch, step9_loss_scope:epoch_mean, step9_loss_batches:8, step9_loss_samples:1799, time:51.754
phase:paper_step4_to_7_common_refine_epoch_3, space:H_fused_latent, silhouette = 0.4785304069519043, loss:0.10701, n_changed_assignment:630," cluster_sizes:[105, 1082, 213, 94, 305]", greedy_eigen_direction:smallest, greedy_eigen_index:0, greedy_eigenvalue:4.392301559448242, greedy_target_mode:selected_dimension_only, kmeans_n_init:100, kmeans_refresh_policy:one_epoch, batches_per_epoch:8, time:52.176
phase:paper_step8_greedy_target_Yprime_refine_epoch_3, space:Y_greedy_target, silhouette = 0.49220290780067444, loss:0.10701, n_changed_assignment:630," cluster_sizes:[105, 1082, 213, 94, 305]", greedy_eigen_direction:smallest, greedy_eigen_index:0, greedy_eigenvalue:4.392301559448242, greedy_target_mode:selected_dimension_only, kmeans_n_init:100, kmeans_refresh_policy:one_epoch, batches_per_epoch:8, time:52.224
phase:paper_step9_after_full_epoch_4, space:H_fused_latent_same_labels, silhouette = 0.5272359251976013," loss:total:0.08566, L1_reconstruction:0.04710, L2_kmeans:0.03659, L3_trace_logged:0.03659, L4_greedy:0.00198, L4_selected_direction:0.00198, L4_nonselected_snapshot_anchor:0.00000, L4_selected_fraction:1.00000, L4_anchor_fraction:0.00000", n_changed_assignment:630," cluster_sizes:[105, 1082, 213, 94, 305]", greedy_eigen_direction:smallest, greedy_eigen_index:0, greedy_eigenvalue:4.392301559448242, greedy_target_mode:selected_dimension_only, kmeans_n_init:100, kmeans_refresh_policy:one_epoch, batches_per_epoch:8, refinement_epoch:4, step9_metric_scope:full_dataset_after_epoch, step9_loss_scope:epoch_mean, step9_loss_batches:8, step9_loss_samples:1799, time:55.167
phase:paper_step4_to_7_common_refine_epoch_4, space:H_fused_latent, silhouette = 0.5448963046073914, loss:0.07247, n_changed_assignment:46," cluster_sizes:[213, 105, 262, 94, 1125]", greedy_eigen_direction:smallest, greedy_eigen_index:0, greedy_eigenvalue:2.0012147426605225, greedy_target_mode:selected_dimension_only, kmeans_n_init:100, kmeans_refresh_policy:one_epoch, batches_per_epoch:8, time:55.610
phase:paper_step8_greedy_target_Yprime_refine_epoch_4, space:Y_greedy_target, silhouette = 0.556415319442749, loss:0.07247, n_changed_assignment:46," cluster_sizes:[213, 105, 262, 94, 1125]", greedy_eigen_direction:smallest, greedy_eigen_index:0, greedy_eigenvalue:2.0012147426605225, greedy_target_mode:selected_dimension_only, kmeans_n_init:100, kmeans_refresh_policy:one_epoch, batches_per_epoch:8, time:55.661
phase:paper_step9_after_full_epoch_5, space:H_fused_latent_same_labels, silhouette = 0.5581474304199219," loss:total:0.05635, L1_reconstruction:0.03091, L2_kmeans:0.02438, L3_trace_logged:0.02438, L4_greedy:0.00106, L4_selected_direction:0.00106, L4_nonselected_snapshot_anchor:0.00000, L4_selected_fraction:1.00000, L4_anchor_fraction:0.00000", n_changed_assignment:46," cluster_sizes:[213, 105, 262, 94, 1125]", greedy_eigen_direction:smallest, greedy_eigen_index:0, greedy_eigenvalue:2.0012147426605225, greedy_target_mode:selected_dimension_only, kmeans_n_init:100, kmeans_refresh_policy:one_epoch, batches_per_epoch:8, refinement_epoch:5, step9_metric_scope:full_dataset_after_epoch, step9_loss_scope:epoch_mean, step9_loss_batches:8, step9_loss_samples:1799, time:58.426
phase:paper_step4_to_7_common_refine_epoch_5, space:H_fused_latent, silhouette = 0.5688362717628479, loss:0.03821, n_changed_assignment:48," cluster_sizes:[256, 103, 1148, 197, 95]", greedy_eigen_direction:smallest, greedy_eigen_index:0, greedy_eigenvalue:1.377626657485962, greedy_target_mode:selected_dimension_only, kmeans_n_init:100, kmeans_refresh_policy:one_epoch, batches_per_epoch:8, time:58.850
phase:paper_step8_greedy_target_Yprime_refine_epoch_5, space:Y_greedy_target, silhouette = 0.581280529499054, loss:0.03821, n_changed_assignment:48," cluster_sizes:[256, 103, 1148, 197, 95]", greedy_eigen_direction:smallest, greedy_eigen_index:0, greedy_eigenvalue:1.377626657485962, greedy_target_mode:selected_dimension_only, kmeans_n_init:100, kmeans_refresh_policy:one_epoch, batches_per_epoch:8, time:58.901
phase:paper_step9_after_full_epoch_6, space:H_fused_latent_same_labels, silhouette = 0.5801416635513306," loss:total:0.04302, L1_reconstruction:0.02390, L2_kmeans:0.01832, L3_trace_logged:0.01832, L4_greedy:0.00079, L4_selected_direction:0.00079, L4_nonselected_snapshot_anchor:0.00000, L4_selected_fraction:1.00000, L4_anchor_fraction:0.00000", n_changed_assignment:48," cluster_sizes:[256, 103, 1148, 197, 95]", greedy_eigen_direction:smallest, greedy_eigen_index:0, greedy_eigenvalue:1.377626657485962, greedy_target_mode:selected_dimension_only, kmeans_n_init:100, kmeans_refresh_policy:one_epoch, batches_per_epoch:8, refinement_epoch:6, step9_metric_scope:full_dataset_after_epoch, step9_loss_scope:epoch_mean, step9_loss_batches:8, step9_loss_samples:1799, time:62.755
phase:paper_step4_to_7_common_refine_epoch_6, space:H_fused_latent, silhouette = 0.5829299092292786, loss:0.03346, n_changed_assignment:14," cluster_sizes:[248, 102, 1157, 199, 93]", greedy_eigen_direction:smallest, greedy_eigen_index:0, greedy_eigenvalue:0.7181048393249512, greedy_target_mode:selected_dimension_only, kmeans_n_init:100, kmeans_refresh_policy:one_epoch, batches_per_epoch:8, time:63.352
phase:paper_step8_greedy_target_Yprime_refine_epoch_6, space:Y_greedy_target, silhouette = 0.5918000936508179, loss:0.03346, n_changed_assignment:14," cluster_sizes:[248, 102, 1157, 199, 93]", greedy_eigen_direction:smallest, greedy_eigen_index:0, greedy_eigenvalue:0.7181048393249512, greedy_target_mode:selected_dimension_only, kmeans_n_init:100, kmeans_refresh_policy:one_epoch, batches_per_epoch:8, time:63.437
phase:training_stop, stop_reason:converged_assignment, refinement_epochs_completed:6, max_refinement_epochs:1400, time:63.607
phase:final_recomputed_artifact, space:H_fused_latent, silhouette = 0.5829299092292786, loss:0.04302, n_changed_assignment:0," cluster_sizes:[248, 102, 1157, 199, 93]", greedy_eigen_direction:smallest, greedy_eigen_index:0, greedy_target_mode:selected_dimension_only, kmeans_refresh_policy:one_epoch, batches_per_epoch:8, stop_reason:converged_assignment, refinement_epochs_completed:6, max_refinement_epochs:1400, loss_scope:last_completed_epoch_mean, time:63.990
run 1/5, seed:42, greedy_eigen_direction:smallest, greedy_target_mode:selected_dimension_only, silhouette:0.5829299092292786, time:64.016
phase, space, metric, loss, n_changed_assignment, cluster_sizes, greedy_eigen_direction, greedy_eigen_index, greedy_eigenvalue, greedy_target_mode, time:2026-07-14 04:49:33
phase:baseline_raw_input, space:x, silhouette = 0.30998238921165466, loss:0.0, n_changed_assignment:1799," cluster_sizes:[480, 597, 348, 179, 195]", time:30.905
phase:paper_step4_to_7_common_pre_refine, space:H_fused_latent, silhouette = 0.28626614809036255, loss:0.0, n_changed_assignment:1799," cluster_sizes:[324, 483, 178, 144, 670]", greedy_eigen_direction:smallest, greedy_eigen_index:0, greedy_eigenvalue:55.02542495727539, greedy_target_mode:selected_dimension_only, kmeans_n_init:100, kmeans_refresh_policy:one_epoch, batches_per_epoch:8, time:31.377
phase:paper_step8_greedy_target_Yprime_pre_refine, space:Y_greedy_target, silhouette = 0.3059600293636322, loss:0.0, n_changed_assignment:1799," cluster_sizes:[324, 483, 178, 144, 670]", greedy_eigen_direction:smallest, greedy_eigen_index:0, greedy_eigenvalue:55.02542495727539, greedy_target_mode:selected_dimension_only, kmeans_n_init:100, kmeans_refresh_policy:one_epoch, batches_per_epoch:8, time:31.424
phase:paper_step9_after_full_epoch_1, space:H_fused_latent_same_labels, silhouette = 0.38049736618995667," loss:total:0.45935, L1_reconstruction:0.21378, L2_kmeans:0.22670, L3_trace_logged:0.22670, L4_greedy:0.01887, L4_selected_direction:0.01887, L4_nonselected_snapshot_anchor:0.00000, L4_selected_fraction:1.00000, L4_anchor_fraction:0.00000", n_changed_assignment:1799," cluster_sizes:[324, 483, 178, 144, 670]", greedy_eigen_direction:smallest, greedy_eigen_index:0, greedy_eigenvalue:55.02542495727539, greedy_target_mode:selected_dimension_only, kmeans_n_init:100, kmeans_refresh_policy:one_epoch, batches_per_epoch:8, refinement_epoch:1, step9_metric_scope:full_dataset_after_epoch, step9_loss_scope:epoch_mean, step9_loss_batches:8, step9_loss_samples:1799, time:34.546
phase:paper_step4_to_7_common_refine_epoch_1, space:H_fused_latent, silhouette = 0.38447779417037964, loss:0.22855, n_changed_assignment:66," cluster_sizes:[310, 164, 173, 473, 679]", greedy_eigen_direction:smallest, greedy_eigen_index:0, greedy_eigenvalue:12.237895965576172, greedy_target_mode:selected_dimension_only, kmeans_n_init:100, kmeans_refresh_policy:one_epoch, batches_per_epoch:8, time:35.010
phase:paper_step8_greedy_target_Yprime_refine_epoch_1, space:Y_greedy_target, silhouette = 0.39888375997543335, loss:0.22855, n_changed_assignment:66," cluster_sizes:[310, 164, 173, 473, 679]", greedy_eigen_direction:smallest, greedy_eigen_index:0, greedy_eigenvalue:12.237895965576172, greedy_target_mode:selected_dimension_only, kmeans_n_init:100, kmeans_refresh_policy:one_epoch, batches_per_epoch:8, time:35.058
phase:paper_step9_after_full_epoch_2, space:H_fused_latent_same_labels, silhouette = 0.422307550907135," loss:total:0.19106, L1_reconstruction:0.09819, L2_kmeans:0.08704, L3_trace_logged:0.08704, L4_greedy:0.00583, L4_selected_direction:0.00583, L4_nonselected_snapshot_anchor:0.00000, L4_selected_fraction:1.00000, L4_anchor_fraction:0.00000", n_changed_assignment:66," cluster_sizes:[310, 164, 173, 473, 679]", greedy_eigen_direction:smallest, greedy_eigen_index:0, greedy_eigenvalue:12.237895965576172, greedy_target_mode:selected_dimension_only, kmeans_n_init:100, kmeans_refresh_policy:one_epoch, batches_per_epoch:8, refinement_epoch:2, step9_metric_scope:full_dataset_after_epoch, step9_loss_scope:epoch_mean, step9_loss_batches:8, step9_loss_samples:1799, time:38.509
phase:paper_step4_to_7_common_refine_epoch_2, space:H_fused_latent, silhouette = 0.43828925490379333, loss:0.10556, n_changed_assignment:95," cluster_sizes:[187, 709, 158, 447, 298]", greedy_eigen_direction:smallest, greedy_eigen_index:0, greedy_eigenvalue:3.8465938568115234, greedy_target_mode:selected_dimension_only, kmeans_n_init:100, kmeans_refresh_policy:one_epoch, batches_per_epoch:8, time:39.130
phase:paper_step8_greedy_target_Yprime_refine_epoch_2, space:Y_greedy_target, silhouette = 0.4495762884616852, loss:0.10556, n_changed_assignment:95," cluster_sizes:[187, 709, 158, 447, 298]", greedy_eigen_direction:smallest, greedy_eigen_index:0, greedy_eigenvalue:3.8465938568115234, greedy_target_mode:selected_dimension_only, kmeans_n_init:100, kmeans_refresh_policy:one_epoch, batches_per_epoch:8, time:39.210
phase:paper_step9_after_full_epoch_3, space:H_fused_latent_same_labels, silhouette = 0.4505481421947479," loss:total:0.10809, L1_reconstruction:0.06362, L2_kmeans:0.04235, L3_trace_logged:0.04235, L4_greedy:0.00211, L4_selected_direction:0.00211, L4_nonselected_snapshot_anchor:0.00000, L4_selected_fraction:1.00000, L4_anchor_fraction:0.00000", n_changed_assignment:95," cluster_sizes:[187, 709, 158, 447, 298]", greedy_eigen_direction:smallest, greedy_eigen_index:0, greedy_eigenvalue:3.8465938568115234, greedy_target_mode:selected_dimension_only, kmeans_n_init:100, kmeans_refresh_policy:one_epoch, batches_per_epoch:8, refinement_epoch:3, step9_metric_scope:full_dataset_after_epoch, step9_loss_scope:epoch_mean, step9_loss_batches:8, step9_loss_samples:1799, time:42.618
phase:paper_step4_to_7_common_refine_epoch_3, space:H_fused_latent, silhouette = 0.45903003215789795, loss:0.07215, n_changed_assignment:84," cluster_sizes:[426, 157, 717, 187, 312]", greedy_eigen_direction:smallest, greedy_eigen_index:0, greedy_eigenvalue:1.5360263586044312, greedy_target_mode:selected_dimension_only, kmeans_n_init:100, kmeans_refresh_policy:one_epoch, batches_per_epoch:8, time:43.025
phase:paper_step8_greedy_target_Yprime_refine_epoch_3, space:Y_greedy_target, silhouette = 0.4673101007938385, loss:0.07215, n_changed_assignment:84," cluster_sizes:[426, 157, 717, 187, 312]", greedy_eigen_direction:smallest, greedy_eigen_index:0, greedy_eigenvalue:1.5360263586044312, greedy_target_mode:selected_dimension_only, kmeans_n_init:100, kmeans_refresh_policy:one_epoch, batches_per_epoch:8, time:43.072
phase:paper_step9_after_full_epoch_4, space:H_fused_latent_same_labels, silhouette = 0.4535958468914032," loss:total:0.06353, L1_reconstruction:0.03690, L2_kmeans:0.02557, L3_trace_logged:0.02557, L4_greedy:0.00105, L4_selected_direction:0.00105, L4_nonselected_snapshot_anchor:0.00000, L4_selected_fraction:1.00000, L4_anchor_fraction:0.00000", n_changed_assignment:84," cluster_sizes:[426, 157, 717, 187, 312]", greedy_eigen_direction:smallest, greedy_eigen_index:0, greedy_eigenvalue:1.5360263586044312, greedy_target_mode:selected_dimension_only, kmeans_n_init:100, kmeans_refresh_policy:one_epoch, batches_per_epoch:8, refinement_epoch:4, step9_metric_scope:full_dataset_after_epoch, step9_loss_scope:epoch_mean, step9_loss_batches:8, step9_loss_samples:1799, time:46.126
phase:paper_step4_to_7_common_refine_epoch_4, space:H_fused_latent, silhouette = 0.4709112346172333, loss:0.02684, n_changed_assignment:93," cluster_sizes:[416, 733, 154, 188, 308]", greedy_eigen_direction:smallest, greedy_eigen_index:0, greedy_eigenvalue:1.5973641872406006, greedy_target_mode:selected_dimension_only, kmeans_n_init:100, kmeans_refresh_policy:one_epoch, batches_per_epoch:8, time:46.550
phase:paper_step8_greedy_target_Yprime_refine_epoch_4, space:Y_greedy_target, silhouette = 0.4859493672847748, loss:0.02684, n_changed_assignment:93," cluster_sizes:[416, 733, 154, 188, 308]", greedy_eigen_direction:smallest, greedy_eigen_index:0, greedy_eigenvalue:1.5973641872406006, greedy_target_mode:selected_dimension_only, kmeans_n_init:100, kmeans_refresh_policy:one_epoch, batches_per_epoch:8, time:46.598
phase:paper_step9_after_full_epoch_5, space:H_fused_latent_same_labels, silhouette = 0.4714646637439728," loss:total:0.04774, L1_reconstruction:0.03034, L2_kmeans:0.01661, L3_trace_logged:0.01661, L4_greedy:0.00079, L4_selected_direction:0.00079, L4_nonselected_snapshot_anchor:0.00000, L4_selected_fraction:1.00000, L4_anchor_fraction:0.00000", n_changed_assignment:93," cluster_sizes:[416, 733, 154, 188, 308]", greedy_eigen_direction:smallest, greedy_eigen_index:0, greedy_eigenvalue:1.5973641872406006, greedy_target_mode:selected_dimension_only, kmeans_n_init:100, kmeans_refresh_policy:one_epoch, batches_per_epoch:8, refinement_epoch:5, step9_metric_scope:full_dataset_after_epoch, step9_loss_scope:epoch_mean, step9_loss_batches:8, step9_loss_samples:1799, time:49.676
phase:paper_step4_to_7_common_refine_epoch_5, space:H_fused_latent, silhouette = 0.47771117091178894, loss:0.02321, n_changed_assignment:49," cluster_sizes:[424, 155, 294, 740, 186]", greedy_eigen_direction:smallest, greedy_eigen_index:0, greedy_eigenvalue:0.9419475793838501, greedy_target_mode:selected_dimension_only, kmeans_n_init:100, kmeans_refresh_policy:one_epoch, batches_per_epoch:8, time:50.081
phase:paper_step8_greedy_target_Yprime_refine_epoch_5, space:Y_greedy_target, silhouette = 0.4905286729335785, loss:0.02321, n_changed_assignment:49," cluster_sizes:[424, 155, 294, 740, 186]", greedy_eigen_direction:smallest, greedy_eigen_index:0, greedy_eigenvalue:0.9419475793838501, greedy_target_mode:selected_dimension_only, kmeans_n_init:100, kmeans_refresh_policy:one_epoch, batches_per_epoch:8, time:50.128
phase:paper_step9_after_full_epoch_6, space:H_fused_latent_same_labels, silhouette = 0.4810543358325958," loss:total:0.03099, L1_reconstruction:0.01889, L2_kmeans:0.01161, L3_trace_logged:0.01161, L4_greedy:0.00049, L4_selected_direction:0.00049, L4_nonselected_snapshot_anchor:0.00000, L4_selected_fraction:1.00000, L4_anchor_fraction:0.00000", n_changed_assignment:49," cluster_sizes:[424, 155, 294, 740, 186]", greedy_eigen_direction:smallest, greedy_eigen_index:0, greedy_eigenvalue:0.9419475793838501, greedy_target_mode:selected_dimension_only, kmeans_n_init:100, kmeans_refresh_policy:one_epoch, batches_per_epoch:8, refinement_epoch:6, step9_metric_scope:full_dataset_after_epoch, step9_loss_scope:epoch_mean, step9_loss_batches:8, step9_loss_samples:1799, time:53.712
phase:paper_step4_to_7_common_refine_epoch_6, space:H_fused_latent, silhouette = 0.48668408393859863, loss:0.01283, n_changed_assignment:58," cluster_sizes:[174, 755, 151, 271, 448]", greedy_eigen_direction:smallest, greedy_eigen_index:0, greedy_eigenvalue:0.6244867444038391, greedy_target_mode:selected_dimension_only, kmeans_n_init:100, kmeans_refresh_policy:one_epoch, batches_per_epoch:8, time:54.377
phase:paper_step8_greedy_target_Yprime_refine_epoch_6, space:Y_greedy_target, silhouette = 0.49886247515678406, loss:0.01283, n_changed_assignment:58," cluster_sizes:[174, 755, 151, 271, 448]", greedy_eigen_direction:smallest, greedy_eigen_index:0, greedy_eigenvalue:0.6244867444038391, greedy_target_mode:selected_dimension_only, kmeans_n_init:100, kmeans_refresh_policy:one_epoch, batches_per_epoch:8, time:54.501
phase:paper_step9_after_full_epoch_7, space:H_fused_latent_same_labels, silhouette = 0.4754795730113983," loss:total:0.02518, L1_reconstruction:0.01586, L2_kmeans:0.00896, L3_trace_logged:0.00896, L4_greedy:0.00037, L4_selected_direction:0.00037, L4_nonselected_snapshot_anchor:0.00000, L4_selected_fraction:1.00000, L4_anchor_fraction:0.00000", n_changed_assignment:58," cluster_sizes:[174, 755, 151, 271, 448]", greedy_eigen_direction:smallest, greedy_eigen_index:0, greedy_eigenvalue:0.6244867444038391, greedy_target_mode:selected_dimension_only, kmeans_n_init:100, kmeans_refresh_policy:one_epoch, batches_per_epoch:8, refinement_epoch:7, step9_metric_scope:full_dataset_after_epoch, step9_loss_scope:epoch_mean, step9_loss_batches:8, step9_loss_samples:1799, time:57.634
phase:paper_step4_to_7_common_refine_epoch_7, space:H_fused_latent, silhouette = 0.4772047996520996, loss:0.00928, n_changed_assignment:52," cluster_sizes:[459, 150, 277, 167, 746]", greedy_eigen_direction:smallest, greedy_eigen_index:0, greedy_eigenvalue:0.5130706429481506, greedy_target_mode:selected_dimension_only, kmeans_n_init:100, kmeans_refresh_policy:one_epoch, batches_per_epoch:8, time:58.058
phase:paper_step8_greedy_target_Yprime_refine_epoch_7, space:Y_greedy_target, silhouette = 0.49107128381729126, loss:0.00928, n_changed_assignment:52," cluster_sizes:[459, 150, 277, 167, 746]", greedy_eigen_direction:smallest, greedy_eigen_index:0, greedy_eigenvalue:0.5130706429481506, greedy_target_mode:selected_dimension_only, kmeans_n_init:100, kmeans_refresh_policy:one_epoch, batches_per_epoch:8, time:58.109
phase:paper_step9_after_full_epoch_8, space:H_fused_latent_same_labels, silhouette = 0.46818727254867554," loss:total:0.02025, L1_reconstruction:0.01281, L2_kmeans:0.00698, L3_trace_logged:0.00698, L4_greedy:0.00045, L4_selected_direction:0.00045, L4_nonselected_snapshot_anchor:0.00000, L4_selected_fraction:1.00000, L4_anchor_fraction:0.00000", n_changed_assignment:52," cluster_sizes:[459, 150, 277, 167, 746]", greedy_eigen_direction:smallest, greedy_eigen_index:0, greedy_eigenvalue:0.5130706429481506, greedy_target_mode:selected_dimension_only, kmeans_n_init:100, kmeans_refresh_policy:one_epoch, batches_per_epoch:8, refinement_epoch:8, step9_metric_scope:full_dataset_after_epoch, step9_loss_scope:epoch_mean, step9_loss_batches:8, step9_loss_samples:1799, time:60.943
phase:paper_step4_to_7_common_refine_epoch_8, space:H_fused_latent, silhouette = 0.46439892053604126, loss:0.00575, n_changed_assignment:72," cluster_sizes:[698, 149, 463, 164, 325]", greedy_eigen_direction:smallest, greedy_eigen_index:0, greedy_eigenvalue:0.38606512546539307, greedy_target_mode:selected_dimension_only, kmeans_n_init:100, kmeans_refresh_policy:one_epoch, batches_per_epoch:8, time:61.354
phase:paper_step8_greedy_target_Yprime_refine_epoch_8, space:Y_greedy_target, silhouette = 0.47852030396461487, loss:0.00575, n_changed_assignment:72," cluster_sizes:[698, 149, 463, 164, 325]", greedy_eigen_direction:smallest, greedy_eigen_index:0, greedy_eigenvalue:0.38606512546539307, greedy_target_mode:selected_dimension_only, kmeans_n_init:100, kmeans_refresh_policy:one_epoch, batches_per_epoch:8, time:61.402
phase:paper_step9_after_full_epoch_9, space:H_fused_latent_same_labels, silhouette = 0.4519893229007721," loss:total:0.01681, L1_reconstruction:0.01122, L2_kmeans:0.00534, L3_trace_logged:0.00534, L4_greedy:0.00024, L4_selected_direction:0.00024, L4_nonselected_snapshot_anchor:0.00000, L4_selected_fraction:1.00000, L4_anchor_fraction:0.00000", n_changed_assignment:72," cluster_sizes:[698, 149, 463, 164, 325]", greedy_eigen_direction:smallest, greedy_eigen_index:0, greedy_eigenvalue:0.38606512546539307, greedy_target_mode:selected_dimension_only, kmeans_n_init:100, kmeans_refresh_policy:one_epoch, batches_per_epoch:8, refinement_epoch:9, step9_metric_scope:full_dataset_after_epoch, step9_loss_scope:epoch_mean, step9_loss_batches:8, step9_loss_samples:1799, time:64.214
phase:paper_step4_to_7_common_refine_epoch_9, space:H_fused_latent, silhouette = 0.45427167415618896, loss:0.00571, n_changed_assignment:81," cluster_sizes:[461, 149, 685, 157, 347]", greedy_eigen_direction:smallest, greedy_eigen_index:0, greedy_eigenvalue:0.3559015095233917, greedy_target_mode:selected_dimension_only, kmeans_n_init:100, kmeans_refresh_policy:one_epoch, batches_per_epoch:8, time:64.620
phase:paper_step8_greedy_target_Yprime_refine_epoch_9, space:Y_greedy_target, silhouette = 0.4697686433792114, loss:0.00571, n_changed_assignment:81," cluster_sizes:[461, 149, 685, 157, 347]", greedy_eigen_direction:smallest, greedy_eigen_index:0, greedy_eigenvalue:0.3559015095233917, greedy_target_mode:selected_dimension_only, kmeans_n_init:100, kmeans_refresh_policy:one_epoch, batches_per_epoch:8, time:64.668
phase:paper_step9_after_full_epoch_10, space:H_fused_latent_same_labels, silhouette = 0.4577901363372803," loss:total:0.01532, L1_reconstruction:0.01001, L2_kmeans:0.00502, L3_trace_logged:0.00502, L4_greedy:0.00029, L4_selected_direction:0.00029, L4_nonselected_snapshot_anchor:0.00000, L4_selected_fraction:1.00000, L4_anchor_fraction:0.00000", n_changed_assignment:81," cluster_sizes:[461, 149, 685, 157, 347]", greedy_eigen_direction:smallest, greedy_eigen_index:0, greedy_eigenvalue:0.3559015095233917, greedy_target_mode:selected_dimension_only, kmeans_n_init:100, kmeans_refresh_policy:one_epoch, batches_per_epoch:8, refinement_epoch:10, step9_metric_scope:full_dataset_after_epoch, step9_loss_scope:epoch_mean, step9_loss_batches:8, step9_loss_samples:1799, time:68.395
phase:paper_step4_to_7_common_refine_epoch_10, space:H_fused_latent, silhouette = 0.5604630708694458, loss:0.00769, n_changed_assignment:450," cluster_sizes:[476, 97, 1016, 140, 70]", greedy_eigen_direction:smallest, greedy_eigen_index:0, greedy_eigenvalue:0.31254327297210693, greedy_target_mode:selected_dimension_only, kmeans_n_init:100, kmeans_refresh_policy:one_epoch, batches_per_epoch:8, time:69.008
phase:paper_step8_greedy_target_Yprime_refine_epoch_10, space:Y_greedy_target, silhouette = 0.5725671052932739, loss:0.00769, n_changed_assignment:450," cluster_sizes:[476, 97, 1016, 140, 70]", greedy_eigen_direction:smallest, greedy_eigen_index:0, greedy_eigenvalue:0.31254327297210693, greedy_target_mode:selected_dimension_only, kmeans_n_init:100, kmeans_refresh_policy:one_epoch, batches_per_epoch:8, time:69.118
phase:paper_step9_after_full_epoch_11, space:H_fused_latent_same_labels, silhouette = 0.6042355895042419," loss:total:0.01278, L1_reconstruction:0.00886, L2_kmeans:0.00374, L3_trace_logged:0.00374, L4_greedy:0.00018, L4_selected_direction:0.00018, L4_nonselected_snapshot_anchor:0.00000, L4_selected_fraction:1.00000, L4_anchor_fraction:0.00000", n_changed_assignment:450," cluster_sizes:[476, 97, 1016, 140, 70]", greedy_eigen_direction:smallest, greedy_eigen_index:0, greedy_eigenvalue:0.31254327297210693, greedy_target_mode:selected_dimension_only, kmeans_n_init:100, kmeans_refresh_policy:one_epoch, batches_per_epoch:8, refinement_epoch:11, step9_metric_scope:full_dataset_after_epoch, step9_loss_scope:epoch_mean, step9_loss_batches:8, step9_loss_samples:1799, time:72.003
phase:paper_step4_to_7_common_refine_epoch_11, space:H_fused_latent, silhouette = 0.6137938499450684, loss:0.00383, n_changed_assignment:32," cluster_sizes:[474, 97, 1018, 142, 68]", greedy_eigen_direction:smallest, greedy_eigen_index:0, greedy_eigenvalue:0.26139935851097107, greedy_target_mode:selected_dimension_only, kmeans_n_init:100, kmeans_refresh_policy:one_epoch, batches_per_epoch:8, time:72.384
phase:paper_step8_greedy_target_Yprime_refine_epoch_11, space:Y_greedy_target, silhouette = 0.6262216567993164, loss:0.00383, n_changed_assignment:32," cluster_sizes:[474, 97, 1018, 142, 68]", greedy_eigen_direction:smallest, greedy_eigen_index:0, greedy_eigenvalue:0.26139935851097107, greedy_target_mode:selected_dimension_only, kmeans_n_init:100, kmeans_refresh_policy:one_epoch, batches_per_epoch:8, time:72.434
phase:paper_step9_after_full_epoch_12, space:H_fused_latent_same_labels, silhouette = 0.6326009035110474," loss:total:0.01205, L1_reconstruction:0.00906, L2_kmeans:0.00286, L3_trace_logged:0.00286, L4_greedy:0.00014, L4_selected_direction:0.00014, L4_nonselected_snapshot_anchor:0.00000, L4_selected_fraction:1.00000, L4_anchor_fraction:0.00000", n_changed_assignment:32," cluster_sizes:[474, 97, 1018, 142, 68]", greedy_eigen_direction:smallest, greedy_eigen_index:0, greedy_eigenvalue:0.26139935851097107, greedy_target_mode:selected_dimension_only, kmeans_n_init:100, kmeans_refresh_policy:one_epoch, batches_per_epoch:8, refinement_epoch:12, step9_metric_scope:full_dataset_after_epoch, step9_loss_scope:epoch_mean, step9_loss_batches:8, step9_loss_samples:1799, time:75.308
phase:paper_step4_to_7_common_refine_epoch_12, space:H_fused_latent, silhouette = 0.6345974802970886, loss:0.00327, n_changed_assignment:20," cluster_sizes:[462, 101, 1030, 140, 66]", greedy_eigen_direction:smallest, greedy_eigen_index:0, greedy_eigenvalue:0.21327292919158936, greedy_target_mode:selected_dimension_only, kmeans_n_init:100, kmeans_refresh_policy:one_epoch, batches_per_epoch:8, time:75.702
phase:paper_step8_greedy_target_Yprime_refine_epoch_12, space:Y_greedy_target, silhouette = 0.6459440588951111, loss:0.00327, n_changed_assignment:20," cluster_sizes:[462, 101, 1030, 140, 66]", greedy_eigen_direction:smallest, greedy_eigen_index:0, greedy_eigenvalue:0.21327292919158936, greedy_target_mode:selected_dimension_only, kmeans_n_init:100, kmeans_refresh_policy:one_epoch, batches_per_epoch:8, time:75.751
phase:paper_step9_after_full_epoch_13, space:H_fused_latent_same_labels, silhouette = 0.627371609210968," loss:total:0.01222, L1_reconstruction:0.00947, L2_kmeans:0.00262, L3_trace_logged:0.00262, L4_greedy:0.00013, L4_selected_direction:0.00013, L4_nonselected_snapshot_anchor:0.00000, L4_selected_fraction:1.00000, L4_anchor_fraction:0.00000", n_changed_assignment:20," cluster_sizes:[462, 101, 1030, 140, 66]", greedy_eigen_direction:smallest, greedy_eigen_index:0, greedy_eigenvalue:0.21327292919158936, greedy_target_mode:selected_dimension_only, kmeans_n_init:100, kmeans_refresh_policy:one_epoch, batches_per_epoch:8, refinement_epoch:13, step9_metric_scope:full_dataset_after_epoch, step9_loss_scope:epoch_mean, step9_loss_batches:8, step9_loss_samples:1799, time:78.739
phase:paper_step4_to_7_common_refine_epoch_13, space:H_fused_latent, silhouette = 0.6365896463394165, loss:0.00338, n_changed_assignment:31," cluster_sizes:[454, 65, 1041, 139, 100]", greedy_eigen_direction:smallest, greedy_eigen_index:0, greedy_eigenvalue:0.2116059958934784, greedy_target_mode:selected_dimension_only, kmeans_n_init:100, kmeans_refresh_policy:one_epoch, batches_per_epoch:8, time:79.156
phase:paper_step8_greedy_target_Yprime_refine_epoch_13, space:Y_greedy_target, silhouette = 0.6493825912475586, loss:0.00338, n_changed_assignment:31," cluster_sizes:[454, 65, 1041, 139, 100]", greedy_eigen_direction:smallest, greedy_eigen_index:0, greedy_eigenvalue:0.2116059958934784, greedy_target_mode:selected_dimension_only, kmeans_n_init:100, kmeans_refresh_policy:one_epoch, batches_per_epoch:8, time:79.205
phase:paper_step9_after_full_epoch_14, space:H_fused_latent_same_labels, silhouette = 0.6373947858810425," loss:total:0.01027, L1_reconstruction:0.00762, L2_kmeans:0.00250, L3_trace_logged:0.00250, L4_greedy:0.00015, L4_selected_direction:0.00015, L4_nonselected_snapshot_anchor:0.00000, L4_selected_fraction:1.00000, L4_anchor_fraction:0.00000", n_changed_assignment:31," cluster_sizes:[454, 65, 1041, 139, 100]", greedy_eigen_direction:smallest, greedy_eigen_index:0, greedy_eigenvalue:0.2116059958934784, greedy_target_mode:selected_dimension_only, kmeans_n_init:100, kmeans_refresh_policy:one_epoch, batches_per_epoch:8, refinement_epoch:14, step9_metric_scope:full_dataset_after_epoch, step9_loss_scope:epoch_mean, step9_loss_batches:8, step9_loss_samples:1799, time:82.947
phase:paper_step4_to_7_common_refine_epoch_14, space:H_fused_latent, silhouette = 0.6390926837921143, loss:0.00332, n_changed_assignment:17," cluster_sizes:[1035, 101, 139, 460, 64]", greedy_eigen_direction:smallest, greedy_eigen_index:0, greedy_eigenvalue:0.19032683968544006, greedy_target_mode:selected_dimension_only, kmeans_n_init:100, kmeans_refresh_policy:one_epoch, batches_per_epoch:8, time:83.488
phase:paper_step8_greedy_target_Yprime_refine_epoch_14, space:Y_greedy_target, silhouette = 0.6520255208015442, loss:0.00332, n_changed_assignment:17," cluster_sizes:[1035, 101, 139, 460, 64]", greedy_eigen_direction:smallest, greedy_eigen_index:0, greedy_eigenvalue:0.19032683968544006, greedy_target_mode:selected_dimension_only, kmeans_n_init:100, kmeans_refresh_policy:one_epoch, batches_per_epoch:8, time:83.537
phase:training_stop, stop_reason:converged_assignment, refinement_epochs_completed:14, max_refinement_epochs:1400, time:83.659
phase:final_recomputed_artifact, space:H_fused_latent, silhouette = 0.6390926837921143, loss:0.01027, n_changed_assignment:0," cluster_sizes:[1035, 101, 139, 460, 64]", greedy_eigen_direction:smallest, greedy_eigen_index:0, greedy_target_mode:selected_dimension_only, kmeans_refresh_policy:one_epoch, batches_per_epoch:8, stop_reason:converged_assignment, refinement_epochs_completed:14, max_refinement_epochs:1400, loss_scope:last_completed_epoch_mean, time:84.013
run 2/5, seed:43, greedy_eigen_direction:smallest, greedy_target_mode:selected_dimension_only, silhouette:0.6390926837921143, time:84.039
phase, space, metric, loss, n_changed_assignment, cluster_sizes, greedy_eigen_direction, greedy_eigen_index, greedy_eigenvalue, greedy_target_mode, time:2026-07-14 04:50:57
phase:baseline_raw_input, space:x, silhouette = 0.3103761672973633, loss:0.0, n_changed_assignment:1799," cluster_sizes:[593, 188, 352, 180, 486]", time:30.988
phase:paper_step4_to_7_common_pre_refine, space:H_fused_latent, silhouette = 0.28444817662239075, loss:0.0, n_changed_assignment:1799," cluster_sizes:[619, 163, 376, 494, 147]", greedy_eigen_direction:smallest, greedy_eigen_index:0, greedy_eigenvalue:67.43466186523438, greedy_target_mode:selected_dimension_only, kmeans_n_init:100, kmeans_refresh_policy:one_epoch, batches_per_epoch:8, time:31.458
phase:paper_step8_greedy_target_Yprime_pre_refine, space:Y_greedy_target, silhouette = 0.31117257475852966, loss:0.0, n_changed_assignment:1799," cluster_sizes:[619, 163, 376, 494, 147]", greedy_eigen_direction:smallest, greedy_eigen_index:0, greedy_eigenvalue:67.43466186523438, greedy_target_mode:selected_dimension_only, kmeans_n_init:100, kmeans_refresh_policy:one_epoch, batches_per_epoch:8, time:31.518
phase:paper_step9_after_full_epoch_1, space:H_fused_latent_same_labels, silhouette = 0.3676075339317322," loss:total:0.45658, L1_reconstruction:0.20225, L2_kmeans:0.22998, L3_trace_logged:0.22998, L4_greedy:0.02435, L4_selected_direction:0.02435, L4_nonselected_snapshot_anchor:0.00000, L4_selected_fraction:1.00000, L4_anchor_fraction:0.00000", n_changed_assignment:1799," cluster_sizes:[619, 163, 376, 494, 147]", greedy_eigen_direction:smallest, greedy_eigen_index:0, greedy_eigenvalue:67.43466186523438, greedy_target_mode:selected_dimension_only, kmeans_n_init:100, kmeans_refresh_policy:one_epoch, batches_per_epoch:8, refinement_epoch:1, step9_metric_scope:full_dataset_after_epoch, step9_loss_scope:epoch_mean, step9_loss_batches:8, step9_loss_samples:1799, time:34.618
phase:paper_step4_to_7_common_refine_epoch_1, space:H_fused_latent, silhouette = 0.37092164158821106, loss:0.28218, n_changed_assignment:82," cluster_sizes:[172, 657, 131, 338, 501]", greedy_eigen_direction:smallest, greedy_eigen_index:0, greedy_eigenvalue:11.270203590393066, greedy_target_mode:selected_dimension_only, kmeans_n_init:100, kmeans_refresh_policy:one_epoch, batches_per_epoch:8, time:35.066
phase:paper_step8_greedy_target_Yprime_refine_epoch_1, space:Y_greedy_target, silhouette = 0.38624268770217896, loss:0.28218, n_changed_assignment:82," cluster_sizes:[172, 657, 131, 338, 501]", greedy_eigen_direction:smallest, greedy_eigen_index:0, greedy_eigenvalue:11.270203590393066, greedy_target_mode:selected_dimension_only, kmeans_n_init:100, kmeans_refresh_policy:one_epoch, batches_per_epoch:8, time:35.117
phase:paper_step9_after_full_epoch_2, space:H_fused_latent_same_labels, silhouette = 0.3998611569404602," loss:total:0.20194, L1_reconstruction:0.09568, L2_kmeans:0.10012, L3_trace_logged:0.10012, L4_greedy:0.00614, L4_selected_direction:0.00614, L4_nonselected_snapshot_anchor:0.00000, L4_selected_fraction:1.00000, L4_anchor_fraction:0.00000", n_changed_assignment:82," cluster_sizes:[172, 657, 131, 338, 501]", greedy_eigen_direction:smallest, greedy_eigen_index:0, greedy_eigenvalue:11.270203590393066, greedy_target_mode:selected_dimension_only, kmeans_n_init:100, kmeans_refresh_policy:one_epoch, batches_per_epoch:8, refinement_epoch:2, step9_metric_scope:full_dataset_after_epoch, step9_loss_scope:epoch_mean, step9_loss_batches:8, step9_loss_samples:1799, time:38.381
phase:paper_step4_to_7_common_refine_epoch_2, space:H_fused_latent, silhouette = 0.4037025570869446, loss:0.10466, n_changed_assignment:144," cluster_sizes:[681, 133, 199, 311, 475]", greedy_eigen_direction:smallest, greedy_eigen_index:0, greedy_eigenvalue:3.388345718383789, greedy_target_mode:selected_dimension_only, kmeans_n_init:100, kmeans_refresh_policy:one_epoch, batches_per_epoch:8, time:39.075
phase:paper_step8_greedy_target_Yprime_refine_epoch_2, space:Y_greedy_target, silhouette = 0.41323143243789673, loss:0.10466, n_changed_assignment:144," cluster_sizes:[681, 133, 199, 311, 475]", greedy_eigen_direction:smallest, greedy_eigen_index:0, greedy_eigenvalue:3.388345718383789, greedy_target_mode:selected_dimension_only, kmeans_n_init:100, kmeans_refresh_policy:one_epoch, batches_per_epoch:8, time:39.189
phase:paper_step9_after_full_epoch_3, space:H_fused_latent_same_labels, silhouette = 0.4100865423679352," loss:total:0.11642, L1_reconstruction:0.06225, L2_kmeans:0.05218, L3_trace_logged:0.05218, L4_greedy:0.00198, L4_selected_direction:0.00198, L4_nonselected_snapshot_anchor:0.00000, L4_selected_fraction:1.00000, L4_anchor_fraction:0.00000", n_changed_assignment:144," cluster_sizes:[681, 133, 199, 311, 475]", greedy_eigen_direction:smallest, greedy_eigen_index:0, greedy_eigenvalue:3.388345718383789, greedy_target_mode:selected_dimension_only, kmeans_n_init:100, kmeans_refresh_policy:one_epoch, batches_per_epoch:8, refinement_epoch:3, step9_metric_scope:full_dataset_after_epoch, step9_loss_scope:epoch_mean, step9_loss_batches:8, step9_loss_samples:1799, time:42.603
phase:paper_step4_to_7_common_refine_epoch_3, space:H_fused_latent, silhouette = 0.42786237597465515, loss:0.07158, n_changed_assignment:120," cluster_sizes:[685, 124, 198, 281, 511]", greedy_eigen_direction:smallest, greedy_eigen_index:0, greedy_eigenvalue:2.029477596282959, greedy_target_mode:selected_dimension_only, kmeans_n_init:100, kmeans_refresh_policy:one_epoch, batches_per_epoch:8, time:43.040
phase:paper_step8_greedy_target_Yprime_refine_epoch_3, space:Y_greedy_target, silhouette = 0.43974944949150085, loss:0.07158, n_changed_assignment:120," cluster_sizes:[685, 124, 198, 281, 511]", greedy_eigen_direction:smallest, greedy_eigen_index:0, greedy_eigenvalue:2.029477596282959, greedy_target_mode:selected_dimension_only, kmeans_n_init:100, kmeans_refresh_policy:one_epoch, batches_per_epoch:8, time:43.103
phase:paper_step9_after_full_epoch_4, space:H_fused_latent_same_labels, silhouette = 0.4268207848072052," loss:total:0.06584, L1_reconstruction:0.03881, L2_kmeans:0.02579, L3_trace_logged:0.02579, L4_greedy:0.00124, L4_selected_direction:0.00124, L4_nonselected_snapshot_anchor:0.00000, L4_selected_fraction:1.00000, L4_anchor_fraction:0.00000", n_changed_assignment:120," cluster_sizes:[685, 124, 198, 281, 511]", greedy_eigen_direction:smallest, greedy_eigen_index:0, greedy_eigenvalue:2.029477596282959, greedy_target_mode:selected_dimension_only, kmeans_n_init:100, kmeans_refresh_policy:one_epoch, batches_per_epoch:8, refinement_epoch:4, step9_metric_scope:full_dataset_after_epoch, step9_loss_scope:epoch_mean, step9_loss_batches:8, step9_loss_samples:1799, time:45.998
phase:paper_step4_to_7_common_refine_epoch_4, space:H_fused_latent, silhouette = 0.4379965364933014, loss:0.05439, n_changed_assignment:65," cluster_sizes:[720, 195, 508, 124, 252]", greedy_eigen_direction:smallest, greedy_eigen_index:0, greedy_eigenvalue:1.3021153211593628, greedy_target_mode:selected_dimension_only, kmeans_n_init:100, kmeans_refresh_policy:one_epoch, batches_per_epoch:8, time:46.426
phase:paper_step8_greedy_target_Yprime_refine_epoch_4, space:Y_greedy_target, silhouette = 0.44833746552467346, loss:0.05439, n_changed_assignment:65," cluster_sizes:[720, 195, 508, 124, 252]", greedy_eigen_direction:smallest, greedy_eigen_index:0, greedy_eigenvalue:1.3021153211593628, greedy_target_mode:selected_dimension_only, kmeans_n_init:100, kmeans_refresh_policy:one_epoch, batches_per_epoch:8, time:46.474
phase:paper_step9_after_full_epoch_5, space:H_fused_latent_same_labels, silhouette = 0.47174903750419617," loss:total:0.05364, L1_reconstruction:0.03474, L2_kmeans:0.01814, L3_trace_logged:0.01814, L4_greedy:0.00076, L4_selected_direction:0.00076, L4_nonselected_snapshot_anchor:0.00000, L4_selected_fraction:1.00000, L4_anchor_fraction:0.00000", n_changed_assignment:65," cluster_sizes:[720, 195, 508, 124, 252]", greedy_eigen_direction:smallest, greedy_eigen_index:0, greedy_eigenvalue:1.3021153211593628, greedy_target_mode:selected_dimension_only, kmeans_n_init:100, kmeans_refresh_policy:one_epoch, batches_per_epoch:8, refinement_epoch:5, step9_metric_scope:full_dataset_after_epoch, step9_loss_scope:epoch_mean, step9_loss_batches:8, step9_loss_samples:1799, time:49.307
phase:paper_step4_to_7_common_refine_epoch_5, space:H_fused_latent, silhouette = 0.4797177314758301, loss:0.04502, n_changed_assignment:56," cluster_sizes:[254, 124, 496, 748, 177]", greedy_eigen_direction:smallest, greedy_eigen_index:0, greedy_eigenvalue:0.8476917743682861, greedy_target_mode:selected_dimension_only, kmeans_n_init:100, kmeans_refresh_policy:one_epoch, batches_per_epoch:8, time:49.732
phase:paper_step8_greedy_target_Yprime_refine_epoch_5, space:Y_greedy_target, silhouette = 0.4883660078048706, loss:0.04502, n_changed_assignment:56," cluster_sizes:[254, 124, 496, 748, 177]", greedy_eigen_direction:smallest, greedy_eigen_index:0, greedy_eigenvalue:0.8476917743682861, greedy_target_mode:selected_dimension_only, kmeans_n_init:100, kmeans_refresh_policy:one_epoch, batches_per_epoch:8, time:49.779
phase:paper_step9_after_full_epoch_6, space:H_fused_latent_same_labels, silhouette = 0.47519007325172424," loss:total:0.04596, L1_reconstruction:0.03057, L2_kmeans:0.01472, L3_trace_logged:0.01472, L4_greedy:0.00066, L4_selected_direction:0.00066, L4_nonselected_snapshot_anchor:0.00000, L4_selected_fraction:1.00000, L4_anchor_fraction:0.00000", n_changed_assignment:56," cluster_sizes:[254, 124, 496, 748, 177]", greedy_eigen_direction:smallest, greedy_eigen_index:0, greedy_eigenvalue:0.8476917743682861, greedy_target_mode:selected_dimension_only, kmeans_n_init:100, kmeans_refresh_policy:one_epoch, batches_per_epoch:8, refinement_epoch:6, step9_metric_scope:full_dataset_after_epoch, step9_loss_scope:epoch_mean, step9_loss_batches:8, step9_loss_samples:1799, time:53.443
phase:paper_step4_to_7_common_refine_epoch_6, space:H_fused_latent, silhouette = 0.48219773173332214, loss:0.01927, n_changed_assignment:42," cluster_sizes:[230, 173, 497, 774, 125]", greedy_eigen_direction:smallest, greedy_eigen_index:0, greedy_eigenvalue:1.3150583505630493, greedy_target_mode:selected_dimension_only, kmeans_n_init:100, kmeans_refresh_policy:one_epoch, batches_per_epoch:8, time:54.092
phase:paper_step8_greedy_target_Yprime_refine_epoch_6, space:Y_greedy_target, silhouette = 0.5004518628120422, loss:0.01927, n_changed_assignment:42," cluster_sizes:[230, 173, 497, 774, 125]", greedy_eigen_direction:smallest, greedy_eigen_index:0, greedy_eigenvalue:1.3150583505630493, greedy_target_mode:selected_dimension_only, kmeans_n_init:100, kmeans_refresh_policy:one_epoch, batches_per_epoch:8, time:54.205
phase:paper_step9_after_full_epoch_7, space:H_fused_latent_same_labels, silhouette = 0.49576112627983093," loss:total:0.03615, L1_reconstruction:0.02356, L2_kmeans:0.01182, L3_trace_logged:0.01182, L4_greedy:0.00078, L4_selected_direction:0.00078, L4_nonselected_snapshot_anchor:0.00000, L4_selected_fraction:1.00000, L4_anchor_fraction:0.00000", n_changed_assignment:42," cluster_sizes:[230, 173, 497, 774, 125]", greedy_eigen_direction:smallest, greedy_eigen_index:0, greedy_eigenvalue:1.3150583505630493, greedy_target_mode:selected_dimension_only, kmeans_n_init:100, kmeans_refresh_policy:one_epoch, batches_per_epoch:8, refinement_epoch:7, step9_metric_scope:full_dataset_after_epoch, step9_loss_scope:epoch_mean, step9_loss_batches:8, step9_loss_samples:1799, time:57.570
phase:paper_step4_to_7_common_refine_epoch_7, space:H_fused_latent, silhouette = 0.4997953474521637, loss:0.02136, n_changed_assignment:37," cluster_sizes:[230, 171, 795, 125, 478]", greedy_eigen_direction:smallest, greedy_eigen_index:0, greedy_eigenvalue:0.6566770076751709, greedy_target_mode:selected_dimension_only, kmeans_n_init:100, kmeans_refresh_policy:one_epoch, batches_per_epoch:8, time:58.001
phase:paper_step8_greedy_target_Yprime_refine_epoch_7, space:Y_greedy_target, silhouette = 0.5108427405357361, loss:0.02136, n_changed_assignment:37," cluster_sizes:[230, 171, 795, 125, 478]", greedy_eigen_direction:smallest, greedy_eigen_index:0, greedy_eigenvalue:0.6566770076751709, greedy_target_mode:selected_dimension_only, kmeans_n_init:100, kmeans_refresh_policy:one_epoch, batches_per_epoch:8, time:58.052
phase:paper_step9_after_full_epoch_8, space:H_fused_latent_same_labels, silhouette = 0.49147355556488037," loss:total:0.02655, L1_reconstruction:0.01598, L2_kmeans:0.00972, L3_trace_logged:0.00972, L4_greedy:0.00086, L4_selected_direction:0.00086, L4_nonselected_snapshot_anchor:0.00000, L4_selected_fraction:1.00000, L4_anchor_fraction:0.00000", n_changed_assignment:37," cluster_sizes:[230, 171, 795, 125, 478]", greedy_eigen_direction:smallest, greedy_eigen_index:0, greedy_eigenvalue:0.6566770076751709, greedy_target_mode:selected_dimension_only, kmeans_n_init:100, kmeans_refresh_policy:one_epoch, batches_per_epoch:8, refinement_epoch:8, step9_metric_scope:full_dataset_after_epoch, step9_loss_scope:epoch_mean, step9_loss_batches:8, step9_loss_samples:1799, time:60.859
phase:paper_step4_to_7_common_refine_epoch_8, space:H_fused_latent, silhouette = 0.4944634735584259, loss:0.02312, n_changed_assignment:30," cluster_sizes:[169, 228, 125, 481, 796]", greedy_eigen_direction:smallest, greedy_eigen_index:0, greedy_eigenvalue:0.7210499048233032, greedy_target_mode:selected_dimension_only, kmeans_n_init:100, kmeans_refresh_policy:one_epoch, batches_per_epoch:8, time:61.304
phase:paper_step8_greedy_target_Yprime_refine_epoch_8, space:Y_greedy_target, silhouette = 0.5095459818840027, loss:0.02312, n_changed_assignment:30," cluster_sizes:[169, 228, 125, 481, 796]", greedy_eigen_direction:smallest, greedy_eigen_index:0, greedy_eigenvalue:0.7210499048233032, greedy_target_mode:selected_dimension_only, kmeans_n_init:100, kmeans_refresh_policy:one_epoch, batches_per_epoch:8, time:61.355
phase:paper_step9_after_full_epoch_9, space:H_fused_latent_same_labels, silhouette = 0.5139143466949463," loss:total:0.02448, L1_reconstruction:0.01613, L2_kmeans:0.00794, L3_trace_logged:0.00794, L4_greedy:0.00042, L4_selected_direction:0.00042, L4_nonselected_snapshot_anchor:0.00000, L4_selected_fraction:1.00000, L4_anchor_fraction:0.00000", n_changed_assignment:30," cluster_sizes:[169, 228, 125, 481, 796]", greedy_eigen_direction:smallest, greedy_eigen_index:0, greedy_eigenvalue:0.7210499048233032, greedy_target_mode:selected_dimension_only, kmeans_n_init:100, kmeans_refresh_policy:one_epoch, batches_per_epoch:8, refinement_epoch:9, step9_metric_scope:full_dataset_after_epoch, step9_loss_scope:epoch_mean, step9_loss_batches:8, step9_loss_samples:1799, time:64.154
phase:paper_step4_to_7_common_refine_epoch_9, space:H_fused_latent, silhouette = 0.5173816680908203, loss:0.01486, n_changed_assignment:22," cluster_sizes:[222, 167, 489, 125, 796]", greedy_eigen_direction:smallest, greedy_eigen_index:0, greedy_eigenvalue:0.6198856830596924, greedy_target_mode:selected_dimension_only, kmeans_n_init:100, kmeans_refresh_policy:one_epoch, batches_per_epoch:8, time:64.545
phase:paper_step8_greedy_target_Yprime_refine_epoch_9, space:Y_greedy_target, silhouette = 0.5318730473518372, loss:0.01486, n_changed_assignment:22," cluster_sizes:[222, 167, 489, 125, 796]", greedy_eigen_direction:smallest, greedy_eigen_index:0, greedy_eigenvalue:0.6198856830596924, greedy_target_mode:selected_dimension_only, kmeans_n_init:100, kmeans_refresh_policy:one_epoch, batches_per_epoch:8, time:64.593
phase:paper_step9_after_full_epoch_10, space:H_fused_latent_same_labels, silhouette = 0.5292617082595825," loss:total:0.02058, L1_reconstruction:0.01379, L2_kmeans:0.00640, L3_trace_logged:0.00640, L4_greedy:0.00039, L4_selected_direction:0.00039, L4_nonselected_snapshot_anchor:0.00000, L4_selected_fraction:1.00000, L4_anchor_fraction:0.00000", n_changed_assignment:22," cluster_sizes:[222, 167, 489, 125, 796]", greedy_eigen_direction:smallest, greedy_eigen_index:0, greedy_eigenvalue:0.6198856830596924, greedy_target_mode:selected_dimension_only, kmeans_n_init:100, kmeans_refresh_policy:one_epoch, batches_per_epoch:8, refinement_epoch:10, step9_metric_scope:full_dataset_after_epoch, step9_loss_scope:epoch_mean, step9_loss_batches:8, step9_loss_samples:1799, time:68.220
phase:paper_step4_to_7_common_refine_epoch_10, space:H_fused_latent, silhouette = 0.5309117436408997, loss:0.00992, n_changed_assignment:23," cluster_sizes:[232, 169, 125, 783, 490]", greedy_eigen_direction:smallest, greedy_eigen_index:0, greedy_eigenvalue:0.5511956810951233, greedy_target_mode:selected_dimension_only, kmeans_n_init:100, kmeans_refresh_policy:one_epoch, batches_per_epoch:8, time:68.831
phase:paper_step8_greedy_target_Yprime_refine_epoch_10, space:Y_greedy_target, silhouette = 0.5455486178398132, loss:0.00992, n_changed_assignment:23," cluster_sizes:[232, 169, 125, 783, 490]", greedy_eigen_direction:smallest, greedy_eigen_index:0, greedy_eigenvalue:0.5511956810951233, greedy_target_mode:selected_dimension_only, kmeans_n_init:100, kmeans_refresh_policy:one_epoch, batches_per_epoch:8, time:68.923
phase:paper_step9_after_full_epoch_11, space:H_fused_latent_same_labels, silhouette = 0.5428031086921692," loss:total:0.01907, L1_reconstruction:0.01320, L2_kmeans:0.00557, L3_trace_logged:0.00557, L4_greedy:0.00031, L4_selected_direction:0.00031, L4_nonselected_snapshot_anchor:0.00000, L4_selected_fraction:1.00000, L4_anchor_fraction:0.00000", n_changed_assignment:23," cluster_sizes:[232, 169, 125, 783, 490]", greedy_eigen_direction:smallest, greedy_eigen_index:0, greedy_eigenvalue:0.5511956810951233, greedy_target_mode:selected_dimension_only, kmeans_n_init:100, kmeans_refresh_policy:one_epoch, batches_per_epoch:8, refinement_epoch:11, step9_metric_scope:full_dataset_after_epoch, step9_loss_scope:epoch_mean, step9_loss_batches:8, step9_loss_samples:1799, time:72.004
phase:paper_step4_to_7_common_refine_epoch_11, space:H_fused_latent, silhouette = 0.5445582270622253, loss:0.00804, n_changed_assignment:18," cluster_sizes:[486, 126, 788, 168, 231]", greedy_eigen_direction:smallest, greedy_eigen_index:0, greedy_eigenvalue:0.45779862999916077, greedy_target_mode:selected_dimension_only, kmeans_n_init:100, kmeans_refresh_policy:one_epoch, batches_per_epoch:8, time:72.407
phase:paper_step8_greedy_target_Yprime_refine_epoch_11, space:Y_greedy_target, silhouette = 0.5603523254394531, loss:0.00804, n_changed_assignment:18," cluster_sizes:[486, 126, 788, 168, 231]", greedy_eigen_direction:smallest, greedy_eigen_index:0, greedy_eigenvalue:0.45779862999916077, greedy_target_mode:selected_dimension_only, kmeans_n_init:100, kmeans_refresh_policy:one_epoch, batches_per_epoch:8, time:72.466
phase:paper_step9_after_full_epoch_12, space:H_fused_latent_same_labels, silhouette = 0.5234989523887634," loss:total:0.01668, L1_reconstruction:0.01129, L2_kmeans:0.00505, L3_trace_logged:0.00505, L4_greedy:0.00035, L4_selected_direction:0.00035, L4_nonselected_snapshot_anchor:0.00000, L4_selected_fraction:1.00000, L4_anchor_fraction:0.00000", n_changed_assignment:18," cluster_sizes:[486, 126, 788, 168, 231]", greedy_eigen_direction:smallest, greedy_eigen_index:0, greedy_eigenvalue:0.45779862999916077, greedy_target_mode:selected_dimension_only, kmeans_n_init:100, kmeans_refresh_policy:one_epoch, batches_per_epoch:8, refinement_epoch:12, step9_metric_scope:full_dataset_after_epoch, step9_loss_scope:epoch_mean, step9_loss_batches:8, step9_loss_samples:1799, time:75.296
phase:paper_step4_to_7_common_refine_epoch_12, space:H_fused_latent, silhouette = 0.5288835763931274, loss:0.00842, n_changed_assignment:26," cluster_sizes:[791, 125, 490, 171, 222]", greedy_eigen_direction:smallest, greedy_eigen_index:0, greedy_eigenvalue:0.3321085274219513, greedy_target_mode:selected_dimension_only, kmeans_n_init:100, kmeans_refresh_policy:one_epoch, batches_per_epoch:8, time:75.713
phase:paper_step8_greedy_target_Yprime_refine_epoch_12, space:Y_greedy_target, silhouette = 0.5420146584510803, loss:0.00842, n_changed_assignment:26," cluster_sizes:[791, 125, 490, 171, 222]", greedy_eigen_direction:smallest, greedy_eigen_index:0, greedy_eigenvalue:0.3321085274219513, greedy_target_mode:selected_dimension_only, kmeans_n_init:100, kmeans_refresh_policy:one_epoch, batches_per_epoch:8, time:75.762
phase:paper_step9_after_full_epoch_13, space:H_fused_latent_same_labels, silhouette = 0.5424056053161621," loss:total:0.01529, L1_reconstruction:0.01096, L2_kmeans:0.00414, L3_trace_logged:0.00414, L4_greedy:0.00019, L4_selected_direction:0.00019, L4_nonselected_snapshot_anchor:0.00000, L4_selected_fraction:1.00000, L4_anchor_fraction:0.00000", n_changed_assignment:26," cluster_sizes:[791, 125, 490, 171, 222]", greedy_eigen_direction:smallest, greedy_eigen_index:0, greedy_eigenvalue:0.3321085274219513, greedy_target_mode:selected_dimension_only, kmeans_n_init:100, kmeans_refresh_policy:one_epoch, batches_per_epoch:8, refinement_epoch:13, step9_metric_scope:full_dataset_after_epoch, step9_loss_scope:epoch_mean, step9_loss_batches:8, step9_loss_samples:1799, time:78.597
phase:paper_step4_to_7_common_refine_epoch_13, space:H_fused_latent, silhouette = 0.5430144667625427, loss:0.00514, n_changed_assignment:13," cluster_sizes:[784, 125, 491, 228, 171]", greedy_eigen_direction:smallest, greedy_eigen_index:0, greedy_eigenvalue:0.31032252311706543, greedy_target_mode:selected_dimension_only, kmeans_n_init:100, kmeans_refresh_policy:one_epoch, batches_per_epoch:8, time:79.002
phase:paper_step8_greedy_target_Yprime_refine_epoch_13, space:Y_greedy_target, silhouette = 0.5567196011543274, loss:0.00514, n_changed_assignment:13," cluster_sizes:[784, 125, 491, 228, 171]", greedy_eigen_direction:smallest, greedy_eigen_index:0, greedy_eigenvalue:0.31032252311706543, greedy_target_mode:selected_dimension_only, kmeans_n_init:100, kmeans_refresh_policy:one_epoch, batches_per_epoch:8, time:79.050
phase:training_stop, stop_reason:converged_assignment, refinement_epochs_completed:13, max_refinement_epochs:1400, time:79.170
phase:final_recomputed_artifact, space:H_fused_latent, silhouette = 0.5430144667625427, loss:0.01529, n_changed_assignment:0," cluster_sizes:[784, 125, 491, 228, 171]", greedy_eigen_direction:smallest, greedy_eigen_index:0, greedy_target_mode:selected_dimension_only, kmeans_refresh_policy:one_epoch, batches_per_epoch:8, stop_reason:converged_assignment, refinement_epochs_completed:13, max_refinement_epochs:1400, loss_scope:last_completed_epoch_mean, time:79.743
run 3/5, seed:44, greedy_eigen_direction:smallest, greedy_target_mode:selected_dimension_only, silhouette:0.5430144667625427, time:79.789
phase, space, metric, loss, n_changed_assignment, cluster_sizes, greedy_eigen_direction, greedy_eigen_index, greedy_eigenvalue, greedy_target_mode, time:2026-07-14 04:52:18
phase:baseline_raw_input, space:x, silhouette = 0.30998238921165466, loss:0.0, n_changed_assignment:1799," cluster_sizes:[195, 179, 348, 597, 480]", time:31.981
phase:paper_step4_to_7_common_pre_refine, space:H_fused_latent, silhouette = 0.2624337077140808, loss:0.0, n_changed_assignment:1799," cluster_sizes:[508, 354, 618, 205, 114]", greedy_eigen_direction:smallest, greedy_eigen_index:0, greedy_eigenvalue:47.84902572631836, greedy_target_mode:selected_dimension_only, kmeans_n_init:100, kmeans_refresh_policy:one_epoch, batches_per_epoch:8, time:32.535
phase:paper_step8_greedy_target_Yprime_pre_refine, space:Y_greedy_target, silhouette = 0.28697866201400757, loss:0.0, n_changed_assignment:1799," cluster_sizes:[508, 354, 618, 205, 114]", greedy_eigen_direction:smallest, greedy_eigen_index:0, greedy_eigenvalue:47.84902572631836, greedy_target_mode:selected_dimension_only, kmeans_n_init:100, kmeans_refresh_policy:one_epoch, batches_per_epoch:8, time:32.582
phase:paper_step9_after_full_epoch_1, space:H_fused_latent_same_labels, silhouette = 0.3686347007751465," loss:total:0.43430, L1_reconstruction:0.23146, L2_kmeans:0.18609, L3_trace_logged:0.18609, L4_greedy:0.01675, L4_selected_direction:0.01675, L4_nonselected_snapshot_anchor:0.00000, L4_selected_fraction:1.00000, L4_anchor_fraction:0.00000", n_changed_assignment:1799," cluster_sizes:[508, 354, 618, 205, 114]", greedy_eigen_direction:smallest, greedy_eigen_index:0, greedy_eigenvalue:47.84902572631836, greedy_target_mode:selected_dimension_only, kmeans_n_init:100, kmeans_refresh_policy:one_epoch, batches_per_epoch:8, refinement_epoch:1, step9_metric_scope:full_dataset_after_epoch, step9_loss_scope:epoch_mean, step9_loss_batches:8, step9_loss_samples:1799, time:35.660
phase:paper_step4_to_7_common_refine_epoch_1, space:H_fused_latent, silhouette = 0.3753426969051361, loss:0.24118, n_changed_assignment:100," cluster_sizes:[488, 338, 199, 660, 114]", greedy_eigen_direction:smallest, greedy_eigen_index:0, greedy_eigenvalue:7.732760906219482, greedy_target_mode:selected_dimension_only, kmeans_n_init:100, kmeans_refresh_policy:one_epoch, batches_per_epoch:8, time:36.100
phase:paper_step8_greedy_target_Yprime_refine_epoch_1, space:Y_greedy_target, silhouette = 0.3844529390335083, loss:0.24118, n_changed_assignment:100," cluster_sizes:[488, 338, 199, 660, 114]", greedy_eigen_direction:smallest, greedy_eigen_index:0, greedy_eigenvalue:7.732760906219482, greedy_target_mode:selected_dimension_only, kmeans_n_init:100, kmeans_refresh_policy:one_epoch, batches_per_epoch:8, time:36.150
phase:paper_step9_after_full_epoch_2, space:H_fused_latent_same_labels, silhouette = 0.42369961738586426," loss:total:0.18175, L1_reconstruction:0.09950, L2_kmeans:0.07857, L3_trace_logged:0.07857, L4_greedy:0.00368, L4_selected_direction:0.00368, L4_nonselected_snapshot_anchor:0.00000, L4_selected_fraction:1.00000, L4_anchor_fraction:0.00000", n_changed_assignment:100," cluster_sizes:[488, 338, 199, 660, 114]", greedy_eigen_direction:smallest, greedy_eigen_index:0, greedy_eigenvalue:7.732760906219482, greedy_target_mode:selected_dimension_only, kmeans_n_init:100, kmeans_refresh_policy:one_epoch, batches_per_epoch:8, refinement_epoch:2, step9_metric_scope:full_dataset_after_epoch, step9_loss_scope:epoch_mean, step9_loss_batches:8, step9_loss_samples:1799, time:39.102
phase:paper_step4_to_7_common_refine_epoch_2, space:H_fused_latent, silhouette = 0.43655744194984436, loss:0.0891, n_changed_assignment:74," cluster_sizes:[108, 699, 184, 486, 322]", greedy_eigen_direction:smallest, greedy_eigen_index:0, greedy_eigenvalue:3.714855670928955, greedy_target_mode:selected_dimension_only, kmeans_n_init:100, kmeans_refresh_policy:one_epoch, batches_per_epoch:8, time:39.528
phase:paper_step8_greedy_target_Yprime_refine_epoch_2, space:Y_greedy_target, silhouette = 0.44855374097824097, loss:0.0891, n_changed_assignment:74," cluster_sizes:[108, 699, 184, 486, 322]", greedy_eigen_direction:smallest, greedy_eigen_index:0, greedy_eigenvalue:3.714855670928955, greedy_target_mode:selected_dimension_only, kmeans_n_init:100, kmeans_refresh_policy:one_epoch, batches_per_epoch:8, time:39.578
phase:paper_step9_after_full_epoch_3, space:H_fused_latent_same_labels, silhouette = 0.446770042181015," loss:total:0.09520, L1_reconstruction:0.05196, L2_kmeans:0.04118, L3_trace_logged:0.04118, L4_greedy:0.00206, L4_selected_direction:0.00206, L4_nonselected_snapshot_anchor:0.00000, L4_selected_fraction:1.00000, L4_anchor_fraction:0.00000", n_changed_assignment:74," cluster_sizes:[108, 699, 184, 486, 322]", greedy_eigen_direction:smallest, greedy_eigen_index:0, greedy_eigenvalue:3.714855670928955, greedy_target_mode:selected_dimension_only, kmeans_n_init:100, kmeans_refresh_policy:one_epoch, batches_per_epoch:8, refinement_epoch:3, step9_metric_scope:full_dataset_after_epoch, step9_loss_scope:epoch_mean, step9_loss_batches:8, step9_loss_samples:1799, time:42.858
phase:paper_step4_to_7_common_refine_epoch_3, space:H_fused_latent, silhouette = 0.4539865553379059, loss:0.06259, n_changed_assignment:62," cluster_sizes:[97, 697, 315, 174, 516]", greedy_eigen_direction:smallest, greedy_eigen_index:0, greedy_eigenvalue:1.6391600370407104, greedy_target_mode:selected_dimension_only, kmeans_n_init:100, kmeans_refresh_policy:one_epoch, batches_per_epoch:8, time:43.492
phase:paper_step8_greedy_target_Yprime_refine_epoch_3, space:Y_greedy_target, silhouette = 0.4645934998989105, loss:0.06259, n_changed_assignment:62," cluster_sizes:[97, 697, 315, 174, 516]", greedy_eigen_direction:smallest, greedy_eigen_index:0, greedy_eigenvalue:1.6391600370407104, greedy_target_mode:selected_dimension_only, kmeans_n_init:100, kmeans_refresh_policy:one_epoch, batches_per_epoch:8, time:43.567
phase:paper_step9_after_full_epoch_4, space:H_fused_latent_same_labels, silhouette = 0.47438564896583557," loss:total:0.06038, L1_reconstruction:0.03480, L2_kmeans:0.02466, L3_trace_logged:0.02466, L4_greedy:0.00092, L4_selected_direction:0.00092, L4_nonselected_snapshot_anchor:0.00000, L4_selected_fraction:1.00000, L4_anchor_fraction:0.00000", n_changed_assignment:62," cluster_sizes:[97, 697, 315, 174, 516]", greedy_eigen_direction:smallest, greedy_eigen_index:0, greedy_eigenvalue:1.6391600370407104, greedy_target_mode:selected_dimension_only, kmeans_n_init:100, kmeans_refresh_policy:one_epoch, batches_per_epoch:8, refinement_epoch:4, step9_metric_scope:full_dataset_after_epoch, step9_loss_scope:epoch_mean, step9_loss_batches:8, step9_loss_samples:1799, time:46.917
phase:paper_step4_to_7_common_refine_epoch_4, space:H_fused_latent, silhouette = 0.4751952886581421, loss:0.02981, n_changed_assignment:29," cluster_sizes:[523, 686, 173, 318, 99]", greedy_eigen_direction:smallest, greedy_eigen_index:0, greedy_eigenvalue:1.1604183912277222, greedy_target_mode:selected_dimension_only, kmeans_n_init:100, kmeans_refresh_policy:one_epoch, batches_per_epoch:8, time:47.355
phase:paper_step8_greedy_target_Yprime_refine_epoch_4, space:Y_greedy_target, silhouette = 0.48547160625457764, loss:0.02981, n_changed_assignment:29," cluster_sizes:[523, 686, 173, 318, 99]", greedy_eigen_direction:smallest, greedy_eigen_index:0, greedy_eigenvalue:1.1604183912277222, greedy_target_mode:selected_dimension_only, kmeans_n_init:100, kmeans_refresh_policy:one_epoch, batches_per_epoch:8, time:47.404
phase:paper_step9_after_full_epoch_5, space:H_fused_latent_same_labels, silhouette = 0.47562840580940247," loss:total:0.04049, L1_reconstruction:0.02197, L2_kmeans:0.01782, L3_trace_logged:0.01782, L4_greedy:0.00070, L4_selected_direction:0.00070, L4_nonselected_snapshot_anchor:0.00000, L4_selected_fraction:1.00000, L4_anchor_fraction:0.00000", n_changed_assignment:29," cluster_sizes:[523, 686, 173, 318, 99]", greedy_eigen_direction:smallest, greedy_eigen_index:0, greedy_eigenvalue:1.1604183912277222, greedy_target_mode:selected_dimension_only, kmeans_n_init:100, kmeans_refresh_policy:one_epoch, batches_per_epoch:8, refinement_epoch:5, step9_metric_scope:full_dataset_after_epoch, step9_loss_scope:epoch_mean, step9_loss_batches:8, step9_loss_samples:1799, time:50.359
phase:paper_step4_to_7_common_refine_epoch_5, space:H_fused_latent, silhouette = 0.4805271029472351, loss:0.01543, n_changed_assignment:67," cluster_sizes:[510, 328, 169, 116, 676]", greedy_eigen_direction:smallest, greedy_eigen_index:0, greedy_eigenvalue:0.7537202835083008, greedy_target_mode:selected_dimension_only, kmeans_n_init:100, kmeans_refresh_policy:one_epoch, batches_per_epoch:8, time:50.761
phase:paper_step8_greedy_target_Yprime_refine_epoch_5, space:Y_greedy_target, silhouette = 0.4897404611110687, loss:0.01543, n_changed_assignment:67," cluster_sizes:[510, 328, 169, 116, 676]", greedy_eigen_direction:smallest, greedy_eigen_index:0, greedy_eigenvalue:0.7537202835083008, greedy_target_mode:selected_dimension_only, kmeans_n_init:100, kmeans_refresh_policy:one_epoch, batches_per_epoch:8, time:50.809
phase:paper_step9_after_full_epoch_6, space:H_fused_latent_same_labels, silhouette = 0.4803377091884613," loss:total:0.02974, L1_reconstruction:0.01603, L2_kmeans:0.01329, L3_trace_logged:0.01329, L4_greedy:0.00042, L4_selected_direction:0.00042, L4_nonselected_snapshot_anchor:0.00000, L4_selected_fraction:1.00000, L4_anchor_fraction:0.00000", n_changed_assignment:67," cluster_sizes:[510, 328, 169, 116, 676]", greedy_eigen_direction:smallest, greedy_eigen_index:0, greedy_eigenvalue:0.7537202835083008, greedy_target_mode:selected_dimension_only, kmeans_n_init:100, kmeans_refresh_policy:one_epoch, batches_per_epoch:8, refinement_epoch:6, step9_metric_scope:full_dataset_after_epoch, step9_loss_scope:epoch_mean, step9_loss_batches:8, step9_loss_samples:1799, time:53.626
phase:paper_step4_to_7_common_refine_epoch_6, space:H_fused_latent, silhouette = 0.4852831959724426, loss:0.01225, n_changed_assignment:56," cluster_sizes:[505, 158, 330, 138, 668]", greedy_eigen_direction:smallest, greedy_eigen_index:0, greedy_eigenvalue:0.5246286988258362, greedy_target_mode:selected_dimension_only, kmeans_n_init:100, kmeans_refresh_policy:one_epoch, batches_per_epoch:8, time:54.058
phase:paper_step8_greedy_target_Yprime_refine_epoch_6, space:Y_greedy_target, silhouette = 0.4935474991798401, loss:0.01225, n_changed_assignment:56," cluster_sizes:[505, 158, 330, 138, 668]", greedy_eigen_direction:smallest, greedy_eigen_index:0, greedy_eigenvalue:0.5246286988258362, greedy_target_mode:selected_dimension_only, kmeans_n_init:100, kmeans_refresh_policy:one_epoch, batches_per_epoch:8, time:54.114
phase:paper_step9_after_full_epoch_7, space:H_fused_latent_same_labels, silhouette = 0.4929518699645996," loss:total:0.02248, L1_reconstruction:0.01265, L2_kmeans:0.00955, L3_trace_logged:0.00955, L4_greedy:0.00029, L4_selected_direction:0.00029, L4_nonselected_snapshot_anchor:0.00000, L4_selected_fraction:1.00000, L4_anchor_fraction:0.00000", n_changed_assignment:56," cluster_sizes:[505, 158, 330, 138, 668]", greedy_eigen_direction:smallest, greedy_eigen_index:0, greedy_eigenvalue:0.5246286988258362, greedy_target_mode:selected_dimension_only, kmeans_n_init:100, kmeans_refresh_policy:one_epoch, batches_per_epoch:8, refinement_epoch:7, step9_metric_scope:full_dataset_after_epoch, step9_loss_scope:epoch_mean, step9_loss_batches:8, step9_loss_samples:1799, time:57.537
phase:paper_step4_to_7_common_refine_epoch_7, space:H_fused_latent, silhouette = 0.49522560834884644, loss:0.00954, n_changed_assignment:37," cluster_sizes:[339, 139, 490, 157, 674]", greedy_eigen_direction:smallest, greedy_eigen_index:0, greedy_eigenvalue:0.38849779963493347, greedy_target_mode:selected_dimension_only, kmeans_n_init:100, kmeans_refresh_policy:one_epoch, batches_per_epoch:8, time:58.241
phase:paper_step8_greedy_target_Yprime_refine_epoch_7, space:Y_greedy_target, silhouette = 0.5038269758224487, loss:0.00954, n_changed_assignment:37," cluster_sizes:[339, 139, 490, 157, 674]", greedy_eigen_direction:smallest, greedy_eigen_index:0, greedy_eigenvalue:0.38849779963493347, greedy_target_mode:selected_dimension_only, kmeans_n_init:100, kmeans_refresh_policy:one_epoch, batches_per_epoch:8, time:58.347
phase:paper_step9_after_full_epoch_8, space:H_fused_latent_same_labels, silhouette = 0.5056400299072266," loss:total:0.01807, L1_reconstruction:0.01053, L2_kmeans:0.00731, L3_trace_logged:0.00731, L4_greedy:0.00024, L4_selected_direction:0.00024, L4_nonselected_snapshot_anchor:0.00000, L4_selected_fraction:1.00000, L4_anchor_fraction:0.00000", n_changed_assignment:37," cluster_sizes:[339, 139, 490, 157, 674]", greedy_eigen_direction:smallest, greedy_eigen_index:0, greedy_eigenvalue:0.38849779963493347, greedy_target_mode:selected_dimension_only, kmeans_n_init:100, kmeans_refresh_policy:one_epoch, batches_per_epoch:8, refinement_epoch:8, step9_metric_scope:full_dataset_after_epoch, step9_loss_scope:epoch_mean, step9_loss_batches:8, step9_loss_samples:1799, time:61.492
phase:paper_step4_to_7_common_refine_epoch_8, space:H_fused_latent, silhouette = 0.5068150162696838, loss:0.00669, n_changed_assignment:17," cluster_sizes:[487, 157, 339, 139, 677]", greedy_eigen_direction:smallest, greedy_eigen_index:0, greedy_eigenvalue:0.33506861329078674, greedy_target_mode:selected_dimension_only, kmeans_n_init:100, kmeans_refresh_policy:one_epoch, batches_per_epoch:8, time:61.910
phase:paper_step8_greedy_target_Yprime_refine_epoch_8, space:Y_greedy_target, silhouette = 0.5169391632080078, loss:0.00669, n_changed_assignment:17," cluster_sizes:[487, 157, 339, 139, 677]", greedy_eigen_direction:smallest, greedy_eigen_index:0, greedy_eigenvalue:0.33506861329078674, greedy_target_mode:selected_dimension_only, kmeans_n_init:100, kmeans_refresh_policy:one_epoch, batches_per_epoch:8, time:61.959
phase:training_stop, stop_reason:converged_assignment, refinement_epochs_completed:8, max_refinement_epochs:1400, time:62.084
phase:final_recomputed_artifact, space:H_fused_latent, silhouette = 0.5068150162696838, loss:0.01807, n_changed_assignment:0," cluster_sizes:[487, 157, 339, 139, 677]", greedy_eigen_direction:smallest, greedy_eigen_index:0, greedy_target_mode:selected_dimension_only, kmeans_refresh_policy:one_epoch, batches_per_epoch:8, stop_reason:converged_assignment, refinement_epochs_completed:8, max_refinement_epochs:1400, loss_scope:last_completed_epoch_mean, time:62.476
run 4/5, seed:45, greedy_eigen_direction:smallest, greedy_target_mode:selected_dimension_only, silhouette:0.5068150162696838, time:62.501
phase, space, metric, loss, n_changed_assignment, cluster_sizes, greedy_eigen_direction, greedy_eigen_index, greedy_eigenvalue, greedy_target_mode, time:2026-07-14 04:53:21
phase:baseline_raw_input, space:x, silhouette = 0.31003278493881226, loss:0.0, n_changed_assignment:1799," cluster_sizes:[359, 180, 188, 483, 589]", time:31.827
phase:paper_step4_to_7_common_pre_refine, space:H_fused_latent, silhouette = 0.25273168087005615, loss:0.0, n_changed_assignment:1799," cluster_sizes:[245, 326, 540, 211, 477]", greedy_eigen_direction:smallest, greedy_eigen_index:0, greedy_eigenvalue:51.00553512573242, greedy_target_mode:selected_dimension_only, kmeans_n_init:100, kmeans_refresh_policy:one_epoch, batches_per_epoch:8, time:32.319
phase:paper_step8_greedy_target_Yprime_pre_refine, space:Y_greedy_target, silhouette = 0.27355092763900757, loss:0.0, n_changed_assignment:1799," cluster_sizes:[245, 326, 540, 211, 477]", greedy_eigen_direction:smallest, greedy_eigen_index:0, greedy_eigenvalue:51.00553512573242, greedy_target_mode:selected_dimension_only, kmeans_n_init:100, kmeans_refresh_policy:one_epoch, batches_per_epoch:8, time:32.364
phase:paper_step9_after_full_epoch_1, space:H_fused_latent_same_labels, silhouette = 0.3165287971496582," loss:total:0.51133, L1_reconstruction:0.27742, L2_kmeans:0.20981, L3_trace_logged:0.20981, L4_greedy:0.02410, L4_selected_direction:0.02410, L4_nonselected_snapshot_anchor:0.00000, L4_selected_fraction:1.00000, L4_anchor_fraction:0.00000", n_changed_assignment:1799," cluster_sizes:[245, 326, 540, 211, 477]", greedy_eigen_direction:smallest, greedy_eigen_index:0, greedy_eigenvalue:51.00553512573242, greedy_target_mode:selected_dimension_only, kmeans_n_init:100, kmeans_refresh_policy:one_epoch, batches_per_epoch:8, refinement_epoch:1, step9_metric_scope:full_dataset_after_epoch, step9_loss_scope:epoch_mean, step9_loss_batches:8, step9_loss_samples:1799, time:35.855
phase:paper_step4_to_7_common_refine_epoch_1, space:H_fused_latent, silhouette = 0.31842145323753357, loss:0.20337, n_changed_assignment:87," cluster_sizes:[329, 208, 512, 231, 519]", greedy_eigen_direction:smallest, greedy_eigen_index:0, greedy_eigenvalue:14.145062446594238, greedy_target_mode:selected_dimension_only, kmeans_n_init:100, kmeans_refresh_policy:one_epoch, batches_per_epoch:8, time:36.629
phase:paper_step8_greedy_target_Yprime_refine_epoch_1, space:Y_greedy_target, silhouette = 0.33301296830177307, loss:0.20337, n_changed_assignment:87," cluster_sizes:[329, 208, 512, 231, 519]", greedy_eigen_direction:smallest, greedy_eigen_index:0, greedy_eigenvalue:14.145062446594238, greedy_target_mode:selected_dimension_only, kmeans_n_init:100, kmeans_refresh_policy:one_epoch, batches_per_epoch:8, time:36.742
phase:paper_step9_after_full_epoch_2, space:H_fused_latent_same_labels, silhouette = 0.33621519804000854," loss:total:0.19844, L1_reconstruction:0.10328, L2_kmeans:0.08852, L3_trace_logged:0.08852, L4_greedy:0.00663, L4_selected_direction:0.00663, L4_nonselected_snapshot_anchor:0.00000, L4_selected_fraction:1.00000, L4_anchor_fraction:0.00000", n_changed_assignment:87," cluster_sizes:[329, 208, 512, 231, 519]", greedy_eigen_direction:smallest, greedy_eigen_index:0, greedy_eigenvalue:14.145062446594238, greedy_target_mode:selected_dimension_only, kmeans_n_init:100, kmeans_refresh_policy:one_epoch, batches_per_epoch:8, refinement_epoch:2, step9_metric_scope:full_dataset_after_epoch, step9_loss_scope:epoch_mean, step9_loss_batches:8, step9_loss_samples:1799, time:40.039
phase:paper_step4_to_7_common_refine_epoch_2, space:H_fused_latent, silhouette = 0.3393169641494751, loss:0.13727, n_changed_assignment:90," cluster_sizes:[476, 326, 225, 549, 223]", greedy_eigen_direction:smallest, greedy_eigen_index:0, greedy_eigenvalue:5.533426761627197, greedy_target_mode:selected_dimension_only, kmeans_n_init:100, kmeans_refresh_policy:one_epoch, batches_per_epoch:8, time:40.511
phase:paper_step8_greedy_target_Yprime_refine_epoch_2, space:Y_greedy_target, silhouette = 0.3501223623752594, loss:0.13727, n_changed_assignment:90," cluster_sizes:[476, 326, 225, 549, 223]", greedy_eigen_direction:smallest, greedy_eigen_index:0, greedy_eigenvalue:5.533426761627197, greedy_target_mode:selected_dimension_only, kmeans_n_init:100, kmeans_refresh_policy:one_epoch, batches_per_epoch:8, time:40.559
phase:paper_step9_after_full_epoch_3, space:H_fused_latent_same_labels, silhouette = 0.3461097776889801," loss:total:0.11895, L1_reconstruction:0.06999, L2_kmeans:0.04638, L3_trace_logged:0.04638, L4_greedy:0.00258, L4_selected_direction:0.00258, L4_nonselected_snapshot_anchor:0.00000, L4_selected_fraction:1.00000, L4_anchor_fraction:0.00000", n_changed_assignment:90," cluster_sizes:[476, 326, 225, 549, 223]", greedy_eigen_direction:smallest, greedy_eigen_index:0, greedy_eigenvalue:5.533426761627197, greedy_target_mode:selected_dimension_only, kmeans_n_init:100, kmeans_refresh_policy:one_epoch, batches_per_epoch:8, refinement_epoch:3, step9_metric_scope:full_dataset_after_epoch, step9_loss_scope:epoch_mean, step9_loss_batches:8, step9_loss_samples:1799, time:43.530
phase:paper_step4_to_7_common_refine_epoch_3, space:H_fused_latent, silhouette = 0.3658819794654846, loss:0.1082, n_changed_assignment:222," cluster_sizes:[371, 708, 249, 184, 287]", greedy_eigen_direction:smallest, greedy_eigen_index:0, greedy_eigenvalue:2.526337146759033, greedy_target_mode:selected_dimension_only, kmeans_n_init:100, kmeans_refresh_policy:one_epoch, batches_per_epoch:8, time:43.983
phase:paper_step8_greedy_target_Yprime_refine_epoch_3, space:Y_greedy_target, silhouette = 0.3777916729450226, loss:0.1082, n_changed_assignment:222," cluster_sizes:[371, 708, 249, 184, 287]", greedy_eigen_direction:smallest, greedy_eigen_index:0, greedy_eigenvalue:2.526337146759033, greedy_target_mode:selected_dimension_only, kmeans_n_init:100, kmeans_refresh_policy:one_epoch, batches_per_epoch:8, time:44.032
phase:paper_step9_after_full_epoch_4, space:H_fused_latent_same_labels, silhouette = 0.37948721647262573," loss:total:0.07625, L1_reconstruction:0.04940, L2_kmeans:0.02554, L3_trace_logged:0.02554, L4_greedy:0.00131, L4_selected_direction:0.00131, L4_nonselected_snapshot_anchor:0.00000, L4_selected_fraction:1.00000, L4_anchor_fraction:0.00000", n_changed_assignment:222," cluster_sizes:[371, 708, 249, 184, 287]", greedy_eigen_direction:smallest, greedy_eigen_index:0, greedy_eigenvalue:2.526337146759033, greedy_target_mode:selected_dimension_only, kmeans_n_init:100, kmeans_refresh_policy:one_epoch, batches_per_epoch:8, refinement_epoch:4, step9_metric_scope:full_dataset_after_epoch, step9_loss_scope:epoch_mean, step9_loss_batches:8, step9_loss_samples:1799, time:46.972
phase:paper_step4_to_7_common_refine_epoch_4, space:H_fused_latent, silhouette = 0.3936311602592468, loss:0.07526, n_changed_assignment:100," cluster_sizes:[272, 318, 271, 205, 733]", greedy_eigen_direction:smallest, greedy_eigen_index:0, greedy_eigenvalue:1.7605851888656616, greedy_target_mode:selected_dimension_only, kmeans_n_init:100, kmeans_refresh_policy:one_epoch, batches_per_epoch:8, time:47.458
phase:paper_step8_greedy_target_Yprime_refine_epoch_4, space:Y_greedy_target, silhouette = 0.4087352752685547, loss:0.07526, n_changed_assignment:100," cluster_sizes:[272, 318, 271, 205, 733]", greedy_eigen_direction:smallest, greedy_eigen_index:0, greedy_eigenvalue:1.7605851888656616, greedy_target_mode:selected_dimension_only, kmeans_n_init:100, kmeans_refresh_policy:one_epoch, batches_per_epoch:8, time:47.506
phase:paper_step9_after_full_epoch_5, space:H_fused_latent_same_labels, silhouette = 0.4025072753429413," loss:total:0.05152, L1_reconstruction:0.03366, L2_kmeans:0.01678, L3_trace_logged:0.01678, L4_greedy:0.00109, L4_selected_direction:0.00109, L4_nonselected_snapshot_anchor:0.00000, L4_selected_fraction:1.00000, L4_anchor_fraction:0.00000", n_changed_assignment:100," cluster_sizes:[272, 318, 271, 205, 733]", greedy_eigen_direction:smallest, greedy_eigen_index:0, greedy_eigenvalue:1.7605851888656616, greedy_target_mode:selected_dimension_only, kmeans_n_init:100, kmeans_refresh_policy:one_epoch, batches_per_epoch:8, refinement_epoch:5, step9_metric_scope:full_dataset_after_epoch, step9_loss_scope:epoch_mean, step9_loss_batches:8, step9_loss_samples:1799, time:51.395
phase:paper_step4_to_7_common_refine_epoch_5, space:H_fused_latent, silhouette = 0.407063752412796, loss:0.04414, n_changed_assignment:57," cluster_sizes:[267, 325, 254, 755, 198]", greedy_eigen_direction:smallest, greedy_eigen_index:0, greedy_eigenvalue:1.3444198369979858, greedy_target_mode:selected_dimension_only, kmeans_n_init:100, kmeans_refresh_policy:one_epoch, batches_per_epoch:8, time:52.090
phase:paper_step8_greedy_target_Yprime_refine_epoch_5, space:Y_greedy_target, silhouette = 0.4275529384613037, loss:0.04414, n_changed_assignment:57," cluster_sizes:[267, 325, 254, 755, 198]", greedy_eigen_direction:smallest, greedy_eigen_index:0, greedy_eigenvalue:1.3444198369979858, greedy_target_mode:selected_dimension_only, kmeans_n_init:100, kmeans_refresh_policy:one_epoch, batches_per_epoch:8, time:52.201
phase:paper_step9_after_full_epoch_6, space:H_fused_latent_same_labels, silhouette = 0.4025014340877533," loss:total:0.03589, L1_reconstruction:0.02366, L2_kmeans:0.01155, L3_trace_logged:0.01155, L4_greedy:0.00068, L4_selected_direction:0.00068, L4_nonselected_snapshot_anchor:0.00000, L4_selected_fraction:1.00000, L4_anchor_fraction:0.00000", n_changed_assignment:57," cluster_sizes:[267, 325, 254, 755, 198]", greedy_eigen_direction:smallest, greedy_eigen_index:0, greedy_eigenvalue:1.3444198369979858, greedy_target_mode:selected_dimension_only, kmeans_n_init:100, kmeans_refresh_policy:one_epoch, batches_per_epoch:8, refinement_epoch:6, step9_metric_scope:full_dataset_after_epoch, step9_loss_scope:epoch_mean, step9_loss_batches:8, step9_loss_samples:1799, time:55.202
phase:paper_step4_to_7_common_refine_epoch_6, space:H_fused_latent, silhouette = 0.40974926948547363, loss:0.01608, n_changed_assignment:88," cluster_sizes:[268, 233, 235, 760, 303]", greedy_eigen_direction:smallest, greedy_eigen_index:0, greedy_eigenvalue:0.9010799527168274, greedy_target_mode:selected_dimension_only, kmeans_n_init:100, kmeans_refresh_policy:one_epoch, batches_per_epoch:8, time:55.648
phase:paper_step8_greedy_target_Yprime_refine_epoch_6, space:Y_greedy_target, silhouette = 0.4283688962459564, loss:0.01608, n_changed_assignment:88," cluster_sizes:[268, 233, 235, 760, 303]", greedy_eigen_direction:smallest, greedy_eigen_index:0, greedy_eigenvalue:0.9010799527168274, greedy_target_mode:selected_dimension_only, kmeans_n_init:100, kmeans_refresh_policy:one_epoch, batches_per_epoch:8, time:55.706
phase:paper_step9_after_full_epoch_7, space:H_fused_latent_same_labels, silhouette = 0.409111887216568," loss:total:0.02716, L1_reconstruction:0.01859, L2_kmeans:0.00810, L3_trace_logged:0.00810, L4_greedy:0.00046, L4_selected_direction:0.00046, L4_nonselected_snapshot_anchor:0.00000, L4_selected_fraction:1.00000, L4_anchor_fraction:0.00000", n_changed_assignment:88," cluster_sizes:[268, 233, 235, 760, 303]", greedy_eigen_direction:smallest, greedy_eigen_index:0, greedy_eigenvalue:0.9010799527168274, greedy_target_mode:selected_dimension_only, kmeans_n_init:100, kmeans_refresh_policy:one_epoch, batches_per_epoch:8, refinement_epoch:7, step9_metric_scope:full_dataset_after_epoch, step9_loss_scope:epoch_mean, step9_loss_batches:8, step9_loss_samples:1799, time:58.577
phase:paper_step4_to_7_common_refine_epoch_7, space:H_fused_latent, silhouette = 0.41148892045021057, loss:0.01244, n_changed_assignment:61," cluster_sizes:[250, 771, 291, 274, 213]", greedy_eigen_direction:smallest, greedy_eigen_index:0, greedy_eigenvalue:0.63067227602005, greedy_target_mode:selected_dimension_only, kmeans_n_init:100, kmeans_refresh_policy:one_epoch, batches_per_epoch:8, time:59.022
phase:paper_step8_greedy_target_Yprime_refine_epoch_7, space:Y_greedy_target, silhouette = 0.4289511442184448, loss:0.01244, n_changed_assignment:61," cluster_sizes:[250, 771, 291, 274, 213]", greedy_eigen_direction:smallest, greedy_eigen_index:0, greedy_eigenvalue:0.63067227602005, greedy_target_mode:selected_dimension_only, kmeans_n_init:100, kmeans_refresh_policy:one_epoch, batches_per_epoch:8, time:59.072
phase:paper_step9_after_full_epoch_8, space:H_fused_latent_same_labels, silhouette = 0.40995821356773376," loss:total:0.01927, L1_reconstruction:0.01307, L2_kmeans:0.00587, L3_trace_logged:0.00587, L4_greedy:0.00034, L4_selected_direction:0.00034, L4_nonselected_snapshot_anchor:0.00000, L4_selected_fraction:1.00000, L4_anchor_fraction:0.00000", n_changed_assignment:61," cluster_sizes:[250, 771, 291, 274, 213]", greedy_eigen_direction:smallest, greedy_eigen_index:0, greedy_eigenvalue:0.63067227602005, greedy_target_mode:selected_dimension_only, kmeans_n_init:100, kmeans_refresh_policy:one_epoch, batches_per_epoch:8, refinement_epoch:8, step9_metric_scope:full_dataset_after_epoch, step9_loss_scope:epoch_mean, step9_loss_batches:8, step9_loss_samples:1799, time:62.127
phase:paper_step4_to_7_common_refine_epoch_8, space:H_fused_latent, silhouette = 0.4112735390663147, loss:0.00932, n_changed_assignment:47," cluster_sizes:[215, 750, 283, 305, 246]", greedy_eigen_direction:smallest, greedy_eigen_index:0, greedy_eigenvalue:0.4766331613063812, greedy_target_mode:selected_dimension_only, kmeans_n_init:100, kmeans_refresh_policy:one_epoch, batches_per_epoch:8, time:62.552
phase:paper_step8_greedy_target_Yprime_refine_epoch_8, space:Y_greedy_target, silhouette = 0.4272598326206207, loss:0.00932, n_changed_assignment:47," cluster_sizes:[215, 750, 283, 305, 246]", greedy_eigen_direction:smallest, greedy_eigen_index:0, greedy_eigenvalue:0.4766331613063812, greedy_target_mode:selected_dimension_only, kmeans_n_init:100, kmeans_refresh_policy:one_epoch, batches_per_epoch:8, time:62.646
phase:paper_step9_after_full_epoch_9, space:H_fused_latent_same_labels, silhouette = 0.41814136505126953," loss:total:0.01646, L1_reconstruction:0.01167, L2_kmeans:0.00453, L3_trace_logged:0.00453, L4_greedy:0.00026, L4_selected_direction:0.00026, L4_nonselected_snapshot_anchor:0.00000, L4_selected_fraction:1.00000, L4_anchor_fraction:0.00000", n_changed_assignment:47," cluster_sizes:[215, 750, 283, 305, 246]", greedy_eigen_direction:smallest, greedy_eigen_index:0, greedy_eigenvalue:0.4766331613063812, greedy_target_mode:selected_dimension_only, kmeans_n_init:100, kmeans_refresh_policy:one_epoch, batches_per_epoch:8, refinement_epoch:9, step9_metric_scope:full_dataset_after_epoch, step9_loss_scope:epoch_mean, step9_loss_batches:8, step9_loss_samples:1799, time:66.699
phase:paper_step4_to_7_common_refine_epoch_9, space:H_fused_latent, silhouette = 0.4203963875770569, loss:0.00745, n_changed_assignment:41," cluster_sizes:[289, 208, 767, 245, 290]", greedy_eigen_direction:smallest, greedy_eigen_index:0, greedy_eigenvalue:0.3880589008331299, greedy_target_mode:selected_dimension_only, kmeans_n_init:100, kmeans_refresh_policy:one_epoch, batches_per_epoch:8, time:67.133
phase:paper_step8_greedy_target_Yprime_refine_epoch_9, space:Y_greedy_target, silhouette = 0.43485626578330994, loss:0.00745, n_changed_assignment:41," cluster_sizes:[289, 208, 767, 245, 290]", greedy_eigen_direction:smallest, greedy_eigen_index:0, greedy_eigenvalue:0.3880589008331299, greedy_target_mode:selected_dimension_only, kmeans_n_init:100, kmeans_refresh_policy:one_epoch, batches_per_epoch:8, time:67.184
phase:paper_step9_after_full_epoch_10, space:H_fused_latent_same_labels, silhouette = 0.42870113253593445," loss:total:0.01411, L1_reconstruction:0.01024, L2_kmeans:0.00362, L3_trace_logged:0.00362, L4_greedy:0.00024, L4_selected_direction:0.00024, L4_nonselected_snapshot_anchor:0.00000, L4_selected_fraction:1.00000, L4_anchor_fraction:0.00000", n_changed_assignment:41," cluster_sizes:[289, 208, 767, 245, 290]", greedy_eigen_direction:smallest, greedy_eigen_index:0, greedy_eigenvalue:0.3880589008331299, greedy_target_mode:selected_dimension_only, kmeans_n_init:100, kmeans_refresh_policy:one_epoch, batches_per_epoch:8, refinement_epoch:10, step9_metric_scope:full_dataset_after_epoch, step9_loss_scope:epoch_mean, step9_loss_batches:8, step9_loss_samples:1799, time:70.257
phase:paper_step4_to_7_common_refine_epoch_10, space:H_fused_latent, silhouette = 0.42998409271240234, loss:0.0068, n_changed_assignment:34," cluster_sizes:[756, 211, 253, 287, 292]", greedy_eigen_direction:smallest, greedy_eigen_index:0, greedy_eigenvalue:0.3235386908054352, greedy_target_mode:selected_dimension_only, kmeans_n_init:100, kmeans_refresh_policy:one_epoch, batches_per_epoch:8, time:70.704
phase:paper_step8_greedy_target_Yprime_refine_epoch_10, space:Y_greedy_target, silhouette = 0.444186806678772, loss:0.0068, n_changed_assignment:34," cluster_sizes:[756, 211, 253, 287, 292]", greedy_eigen_direction:smallest, greedy_eigen_index:0, greedy_eigenvalue:0.3235386908054352, greedy_target_mode:selected_dimension_only, kmeans_n_init:100, kmeans_refresh_policy:one_epoch, batches_per_epoch:8, time:70.752
phase:paper_step9_after_full_epoch_11, space:H_fused_latent_same_labels, silhouette = 0.4340331554412842," loss:total:0.01357, L1_reconstruction:0.01040, L2_kmeans:0.00296, L3_trace_logged:0.00296, L4_greedy:0.00020, L4_selected_direction:0.00020, L4_nonselected_snapshot_anchor:0.00000, L4_selected_fraction:1.00000, L4_anchor_fraction:0.00000", n_changed_assignment:34," cluster_sizes:[756, 211, 253, 287, 292]", greedy_eigen_direction:smallest, greedy_eigen_index:0, greedy_eigenvalue:0.3235386908054352, greedy_target_mode:selected_dimension_only, kmeans_n_init:100, kmeans_refresh_policy:one_epoch, batches_per_epoch:8, refinement_epoch:11, step9_metric_scope:full_dataset_after_epoch, step9_loss_scope:epoch_mean, step9_loss_batches:8, step9_loss_samples:1799, time:73.574
phase:paper_step4_to_7_common_refine_epoch_11, space:H_fused_latent, silhouette = 0.438158243894577, loss:0.00549, n_changed_assignment:31," cluster_sizes:[208, 773, 289, 251, 278]", greedy_eigen_direction:smallest, greedy_eigen_index:0, greedy_eigenvalue:0.26824772357940674, greedy_target_mode:selected_dimension_only, kmeans_n_init:100, kmeans_refresh_policy:one_epoch, batches_per_epoch:8, time:74.003
phase:paper_step8_greedy_target_Yprime_refine_epoch_11, space:Y_greedy_target, silhouette = 0.4515542984008789, loss:0.00549, n_changed_assignment:31," cluster_sizes:[208, 773, 289, 251, 278]", greedy_eigen_direction:smallest, greedy_eigen_index:0, greedy_eigenvalue:0.26824772357940674, greedy_target_mode:selected_dimension_only, kmeans_n_init:100, kmeans_refresh_policy:one_epoch, batches_per_epoch:8, time:74.050
phase:paper_step9_after_full_epoch_12, space:H_fused_latent_same_labels, silhouette = 0.42589858174324036," loss:total:0.01267, L1_reconstruction:0.00994, L2_kmeans:0.00256, L3_trace_logged:0.00256, L4_greedy:0.00017, L4_selected_direction:0.00017, L4_nonselected_snapshot_anchor:0.00000, L4_selected_fraction:1.00000, L4_anchor_fraction:0.00000", n_changed_assignment:31," cluster_sizes:[208, 773, 289, 251, 278]", greedy_eigen_direction:smallest, greedy_eigen_index:0, greedy_eigenvalue:0.26824772357940674, greedy_target_mode:selected_dimension_only, kmeans_n_init:100, kmeans_refresh_policy:one_epoch, batches_per_epoch:8, refinement_epoch:12, step9_metric_scope:full_dataset_after_epoch, step9_loss_scope:epoch_mean, step9_loss_batches:8, step9_loss_samples:1799, time:77.082
phase:paper_step4_to_7_common_refine_epoch_12, space:H_fused_latent, silhouette = 0.4257093369960785, loss:0.00571, n_changed_assignment:43," cluster_sizes:[752, 207, 308, 279, 253]", greedy_eigen_direction:smallest, greedy_eigen_index:0, greedy_eigenvalue:0.3026338219642639, greedy_target_mode:selected_dimension_only, kmeans_n_init:100, kmeans_refresh_policy:one_epoch, batches_per_epoch:8, time:77.736
phase:paper_step8_greedy_target_Yprime_refine_epoch_12, space:Y_greedy_target, silhouette = 0.4437447488307953, loss:0.00571, n_changed_assignment:43," cluster_sizes:[752, 207, 308, 279, 253]", greedy_eigen_direction:smallest, greedy_eigen_index:0, greedy_eigenvalue:0.3026338219642639, greedy_target_mode:selected_dimension_only, kmeans_n_init:100, kmeans_refresh_policy:one_epoch, batches_per_epoch:8, time:77.842
phase:paper_step9_after_full_epoch_13, space:H_fused_latent_same_labels, silhouette = 0.4300408959388733," loss:total:0.01397, L1_reconstruction:0.01155, L2_kmeans:0.00223, L3_trace_logged:0.00223, L4_greedy:0.00019, L4_selected_direction:0.00019, L4_nonselected_snapshot_anchor:0.00000, L4_selected_fraction:1.00000, L4_anchor_fraction:0.00000", n_changed_assignment:43," cluster_sizes:[752, 207, 308, 279, 253]", greedy_eigen_direction:smallest, greedy_eigen_index:0, greedy_eigenvalue:0.3026338219642639, greedy_target_mode:selected_dimension_only, kmeans_n_init:100, kmeans_refresh_policy:one_epoch, batches_per_epoch:8, refinement_epoch:13, step9_metric_scope:full_dataset_after_epoch, step9_loss_scope:epoch_mean, step9_loss_batches:8, step9_loss_samples:1799, time:81.477
phase:paper_step4_to_7_common_refine_epoch_13, space:H_fused_latent, silhouette = 0.4351341128349304, loss:0.0058, n_changed_assignment:42," cluster_sizes:[758, 212, 273, 251, 305]", greedy_eigen_direction:smallest, greedy_eigen_index:0, greedy_eigenvalue:0.2561696767807007, greedy_target_mode:selected_dimension_only, kmeans_n_init:100, kmeans_refresh_policy:one_epoch, batches_per_epoch:8, time:81.895
phase:paper_step8_greedy_target_Yprime_refine_epoch_13, space:Y_greedy_target, silhouette = 0.4527893364429474, loss:0.0058, n_changed_assignment:42," cluster_sizes:[758, 212, 273, 251, 305]", greedy_eigen_direction:smallest, greedy_eigen_index:0, greedy_eigenvalue:0.2561696767807007, greedy_target_mode:selected_dimension_only, kmeans_n_init:100, kmeans_refresh_policy:one_epoch, batches_per_epoch:8, time:81.944
phase:paper_step9_after_full_epoch_14, space:H_fused_latent_same_labels, silhouette = 0.42617419362068176," loss:total:0.01170, L1_reconstruction:0.00941, L2_kmeans:0.00205, L3_trace_logged:0.00205, L4_greedy:0.00025, L4_selected_direction:0.00025, L4_nonselected_snapshot_anchor:0.00000, L4_selected_fraction:1.00000, L4_anchor_fraction:0.00000", n_changed_assignment:42," cluster_sizes:[758, 212, 273, 251, 305]", greedy_eigen_direction:smallest, greedy_eigen_index:0, greedy_eigenvalue:0.2561696767807007, greedy_target_mode:selected_dimension_only, kmeans_n_init:100, kmeans_refresh_policy:one_epoch, batches_per_epoch:8, refinement_epoch:14, step9_metric_scope:full_dataset_after_epoch, step9_loss_scope:epoch_mean, step9_loss_batches:8, step9_loss_samples:1799, time:84.818
phase:paper_step4_to_7_common_refine_epoch_14, space:H_fused_latent, silhouette = 0.42683297395706177, loss:0.01238, n_changed_assignment:50," cluster_sizes:[271, 251, 739, 333, 205]", greedy_eigen_direction:smallest, greedy_eigen_index:0, greedy_eigenvalue:0.2670568823814392, greedy_target_mode:selected_dimension_only, kmeans_n_init:100, kmeans_refresh_policy:one_epoch, batches_per_epoch:8, time:85.259
phase:paper_step8_greedy_target_Yprime_refine_epoch_14, space:Y_greedy_target, silhouette = 0.44583985209465027, loss:0.01238, n_changed_assignment:50," cluster_sizes:[271, 251, 739, 333, 205]", greedy_eigen_direction:smallest, greedy_eigen_index:0, greedy_eigenvalue:0.2670568823814392, greedy_target_mode:selected_dimension_only, kmeans_n_init:100, kmeans_refresh_policy:one_epoch, batches_per_epoch:8, time:85.307
phase:paper_step9_after_full_epoch_15, space:H_fused_latent_same_labels, silhouette = 0.3970469832420349," loss:total:0.01598, L1_reconstruction:0.01378, L2_kmeans:0.00196, L3_trace_logged:0.00196, L4_greedy:0.00024, L4_selected_direction:0.00024, L4_nonselected_snapshot_anchor:0.00000, L4_selected_fraction:1.00000, L4_anchor_fraction:0.00000", n_changed_assignment:50," cluster_sizes:[271, 251, 739, 333, 205]", greedy_eigen_direction:smallest, greedy_eigen_index:0, greedy_eigenvalue:0.2670568823814392, greedy_target_mode:selected_dimension_only, kmeans_n_init:100, kmeans_refresh_policy:one_epoch, batches_per_epoch:8, refinement_epoch:15, step9_metric_scope:full_dataset_after_epoch, step9_loss_scope:epoch_mean, step9_loss_batches:8, step9_loss_samples:1799, time:88.109
phase:paper_step4_to_7_common_refine_epoch_15, space:H_fused_latent, silhouette = 0.4086775779724121, loss:0.00532, n_changed_assignment:76," cluster_sizes:[733, 252, 212, 324, 278]", greedy_eigen_direction:smallest, greedy_eigen_index:0, greedy_eigenvalue:0.27201566100120544, greedy_target_mode:selected_dimension_only, kmeans_n_init:100, kmeans_refresh_policy:one_epoch, batches_per_epoch:8, time:88.537
phase:paper_step8_greedy_target_Yprime_refine_epoch_15, space:Y_greedy_target, silhouette = 0.42831364274024963, loss:0.00532, n_changed_assignment:76," cluster_sizes:[733, 252, 212, 324, 278]", greedy_eigen_direction:smallest, greedy_eigen_index:0, greedy_eigenvalue:0.27201566100120544, greedy_target_mode:selected_dimension_only, kmeans_n_init:100, kmeans_refresh_policy:one_epoch, batches_per_epoch:8, time:88.586
phase:paper_step9_after_full_epoch_16, space:H_fused_latent_same_labels, silhouette = 0.41725465655326843," loss:total:0.01633, L1_reconstruction:0.01422, L2_kmeans:0.00191, L3_trace_logged:0.00191, L4_greedy:0.00019, L4_selected_direction:0.00019, L4_nonselected_snapshot_anchor:0.00000, L4_selected_fraction:1.00000, L4_anchor_fraction:0.00000", n_changed_assignment:76," cluster_sizes:[733, 252, 212, 324, 278]", greedy_eigen_direction:smallest, greedy_eigen_index:0, greedy_eigenvalue:0.27201566100120544, greedy_target_mode:selected_dimension_only, kmeans_n_init:100, kmeans_refresh_policy:one_epoch, batches_per_epoch:8, refinement_epoch:16, step9_metric_scope:full_dataset_after_epoch, step9_loss_scope:epoch_mean, step9_loss_batches:8, step9_loss_samples:1799, time:91.972
phase:paper_step4_to_7_common_refine_epoch_16, space:H_fused_latent, silhouette = 0.424065500497818, loss:0.00816, n_changed_assignment:59," cluster_sizes:[211, 735, 267, 243, 343]", greedy_eigen_direction:smallest, greedy_eigen_index:0, greedy_eigenvalue:0.22216874361038208, greedy_target_mode:selected_dimension_only, kmeans_n_init:100, kmeans_refresh_policy:one_epoch, batches_per_epoch:8, time:92.612
phase:paper_step8_greedy_target_Yprime_refine_epoch_16, space:Y_greedy_target, silhouette = 0.44406718015670776, loss:0.00816, n_changed_assignment:59," cluster_sizes:[211, 735, 267, 243, 343]", greedy_eigen_direction:smallest, greedy_eigen_index:0, greedy_eigenvalue:0.22216874361038208, greedy_target_mode:selected_dimension_only, kmeans_n_init:100, kmeans_refresh_policy:one_epoch, batches_per_epoch:8, time:92.706
phase:paper_step9_after_full_epoch_17, space:H_fused_latent_same_labels, silhouette = 0.41330796480178833," loss:total:0.01068, L1_reconstruction:0.00883, L2_kmeans:0.00167, L3_trace_logged:0.00167, L4_greedy:0.00018, L4_selected_direction:0.00018, L4_nonselected_snapshot_anchor:0.00000, L4_selected_fraction:1.00000, L4_anchor_fraction:0.00000", n_changed_assignment:59," cluster_sizes:[211, 735, 267, 243, 343]", greedy_eigen_direction:smallest, greedy_eigen_index:0, greedy_eigenvalue:0.22216874361038208, greedy_target_mode:selected_dimension_only, kmeans_n_init:100, kmeans_refresh_policy:one_epoch, batches_per_epoch:8, refinement_epoch:17, step9_metric_scope:full_dataset_after_epoch, step9_loss_scope:epoch_mean, step9_loss_batches:8, step9_loss_samples:1799, time:96.101
phase:paper_step4_to_7_common_refine_epoch_17, space:H_fused_latent, silhouette = 0.41639289259910583, loss:0.0085, n_changed_assignment:51," cluster_sizes:[361, 207, 268, 715, 248]", greedy_eigen_direction:smallest, greedy_eigen_index:0, greedy_eigenvalue:0.19500502943992615, greedy_target_mode:selected_dimension_only, kmeans_n_init:100, kmeans_refresh_policy:one_epoch, batches_per_epoch:8, time:96.499
phase:paper_step8_greedy_target_Yprime_refine_epoch_17, space:Y_greedy_target, silhouette = 0.4355164170265198, loss:0.0085, n_changed_assignment:51," cluster_sizes:[361, 207, 268, 715, 248]", greedy_eigen_direction:smallest, greedy_eigen_index:0, greedy_eigenvalue:0.19500502943992615, greedy_target_mode:selected_dimension_only, kmeans_n_init:100, kmeans_refresh_policy:one_epoch, batches_per_epoch:8, time:96.550
phase:paper_step9_after_full_epoch_18, space:H_fused_latent_same_labels, silhouette = 0.40036740899086," loss:total:0.01177, L1_reconstruction:0.01017, L2_kmeans:0.00145, L3_trace_logged:0.00145, L4_greedy:0.00014, L4_selected_direction:0.00014, L4_nonselected_snapshot_anchor:0.00000, L4_selected_fraction:1.00000, L4_anchor_fraction:0.00000", n_changed_assignment:51," cluster_sizes:[361, 207, 268, 715, 248]", greedy_eigen_direction:smallest, greedy_eigen_index:0, greedy_eigenvalue:0.19500502943992615, greedy_target_mode:selected_dimension_only, kmeans_n_init:100, kmeans_refresh_policy:one_epoch, batches_per_epoch:8, refinement_epoch:18, step9_metric_scope:full_dataset_after_epoch, step9_loss_scope:epoch_mean, step9_loss_batches:8, step9_loss_samples:1799, time:99.580
phase:paper_step4_to_7_common_refine_epoch_18, space:H_fused_latent, silhouette = 0.4124545753002167, loss:0.00438, n_changed_assignment:73," cluster_sizes:[707, 213, 364, 272, 243]", greedy_eigen_direction:smallest, greedy_eigen_index:0, greedy_eigenvalue:0.21167118847370148, greedy_target_mode:selected_dimension_only, kmeans_n_init:100, kmeans_refresh_policy:one_epoch, batches_per_epoch:8, time:100.037
phase:paper_step8_greedy_target_Yprime_refine_epoch_18, space:Y_greedy_target, silhouette = 0.43454158306121826, loss:0.00438, n_changed_assignment:73," cluster_sizes:[707, 213, 364, 272, 243]", greedy_eigen_direction:smallest, greedy_eigen_index:0, greedy_eigenvalue:0.21167118847370148, greedy_target_mode:selected_dimension_only, kmeans_n_init:100, kmeans_refresh_policy:one_epoch, batches_per_epoch:8, time:100.086
phase:paper_step9_after_full_epoch_19, space:H_fused_latent_same_labels, silhouette = 0.41694536805152893," loss:total:0.01096, L1_reconstruction:0.00944, L2_kmeans:0.00137, L3_trace_logged:0.00137, L4_greedy:0.00015, L4_selected_direction:0.00015, L4_nonselected_snapshot_anchor:0.00000, L4_selected_fraction:1.00000, L4_anchor_fraction:0.00000", n_changed_assignment:73," cluster_sizes:[707, 213, 364, 272, 243]", greedy_eigen_direction:smallest, greedy_eigen_index:0, greedy_eigenvalue:0.21167118847370148, greedy_target_mode:selected_dimension_only, kmeans_n_init:100, kmeans_refresh_policy:one_epoch, batches_per_epoch:8, refinement_epoch:19, step9_metric_scope:full_dataset_after_epoch, step9_loss_scope:epoch_mean, step9_loss_batches:8, step9_loss_samples:1799, time:103.128
phase:paper_step4_to_7_common_refine_epoch_19, space:H_fused_latent, silhouette = 0.4218139946460724, loss:0.00329, n_changed_assignment:34," cluster_sizes:[372, 250, 268, 704, 205]", greedy_eigen_direction:smallest, greedy_eigen_index:0, greedy_eigenvalue:0.19478173553943634, greedy_target_mode:selected_dimension_only, kmeans_n_init:100, kmeans_refresh_policy:one_epoch, batches_per_epoch:8, time:103.533
phase:paper_step8_greedy_target_Yprime_refine_epoch_19, space:Y_greedy_target, silhouette = 0.4460808038711548, loss:0.00329, n_changed_assignment:34," cluster_sizes:[372, 250, 268, 704, 205]", greedy_eigen_direction:smallest, greedy_eigen_index:0, greedy_eigenvalue:0.19478173553943634, greedy_target_mode:selected_dimension_only, kmeans_n_init:100, kmeans_refresh_policy:one_epoch, batches_per_epoch:8, time:103.584
phase:paper_step9_after_full_epoch_20, space:H_fused_latent_same_labels, silhouette = 0.4039364457130432," loss:total:0.00898, L1_reconstruction:0.00757, L2_kmeans:0.00127, L3_trace_logged:0.00127, L4_greedy:0.00015, L4_selected_direction:0.00015, L4_nonselected_snapshot_anchor:0.00000, L4_selected_fraction:1.00000, L4_anchor_fraction:0.00000", n_changed_assignment:34," cluster_sizes:[372, 250, 268, 704, 205]", greedy_eigen_direction:smallest, greedy_eigen_index:0, greedy_eigenvalue:0.19478173553943634, greedy_target_mode:selected_dimension_only, kmeans_n_init:100, kmeans_refresh_policy:one_epoch, batches_per_epoch:8, refinement_epoch:20, step9_metric_scope:full_dataset_after_epoch, step9_loss_scope:epoch_mean, step9_loss_batches:8, step9_loss_samples:1799, time:107.098
phase:paper_step4_to_7_common_refine_epoch_20, space:H_fused_latent, silhouette = 0.4102494716644287, loss:0.00408, n_changed_assignment:52," cluster_sizes:[244, 704, 199, 386, 266]", greedy_eigen_direction:smallest, greedy_eigen_index:0, greedy_eigenvalue:0.20221289992332458, greedy_target_mode:selected_dimension_only, kmeans_n_init:100, kmeans_refresh_policy:one_epoch, batches_per_epoch:8, time:107.750
phase:paper_step8_greedy_target_Yprime_refine_epoch_20, space:Y_greedy_target, silhouette = 0.4357704520225525, loss:0.00408, n_changed_assignment:52," cluster_sizes:[244, 704, 199, 386, 266]", greedy_eigen_direction:smallest, greedy_eigen_index:0, greedy_eigenvalue:0.20221289992332458, greedy_target_mode:selected_dimension_only, kmeans_n_init:100, kmeans_refresh_policy:one_epoch, batches_per_epoch:8, time:107.855
phase:paper_step9_after_full_epoch_21, space:H_fused_latent_same_labels, silhouette = 0.412914901971817," loss:total:0.00847, L1_reconstruction:0.00711, L2_kmeans:0.00123, L3_trace_logged:0.00123, L4_greedy:0.00013, L4_selected_direction:0.00013, L4_nonselected_snapshot_anchor:0.00000, L4_selected_fraction:1.00000, L4_anchor_fraction:0.00000", n_changed_assignment:52," cluster_sizes:[244, 704, 199, 386, 266]", greedy_eigen_direction:smallest, greedy_eigen_index:0, greedy_eigenvalue:0.20221289992332458, greedy_target_mode:selected_dimension_only, kmeans_n_init:100, kmeans_refresh_policy:one_epoch, batches_per_epoch:8, refinement_epoch:21, step9_metric_scope:full_dataset_after_epoch, step9_loss_scope:epoch_mean, step9_loss_batches:8, step9_loss_samples:1799, time:111.003
phase:paper_step4_to_7_common_refine_epoch_21, space:H_fused_latent, silhouette = 0.42105674743652344, loss:0.00332, n_changed_assignment:69," cluster_sizes:[268, 248, 395, 201, 687]", greedy_eigen_direction:smallest, greedy_eigen_index:0, greedy_eigenvalue:0.17079904675483704, greedy_target_mode:selected_dimension_only, kmeans_n_init:100, kmeans_refresh_policy:one_epoch, batches_per_epoch:8, time:111.434
phase:paper_step8_greedy_target_Yprime_refine_epoch_21, space:Y_greedy_target, silhouette = 0.44281286001205444, loss:0.00332, n_changed_assignment:69," cluster_sizes:[268, 248, 395, 201, 687]", greedy_eigen_direction:smallest, greedy_eigen_index:0, greedy_eigenvalue:0.17079904675483704, greedy_target_mode:selected_dimension_only, kmeans_n_init:100, kmeans_refresh_policy:one_epoch, batches_per_epoch:8, time:111.486
phase:paper_step9_after_full_epoch_22, space:H_fused_latent_same_labels, silhouette = 0.4232178330421448," loss:total:0.00842, L1_reconstruction:0.00714, L2_kmeans:0.00116, L3_trace_logged:0.00116, L4_greedy:0.00012, L4_selected_direction:0.00012, L4_nonselected_snapshot_anchor:0.00000, L4_selected_fraction:1.00000, L4_anchor_fraction:0.00000", n_changed_assignment:69," cluster_sizes:[268, 248, 395, 201, 687]", greedy_eigen_direction:smallest, greedy_eigen_index:0, greedy_eigenvalue:0.17079904675483704, greedy_target_mode:selected_dimension_only, kmeans_n_init:100, kmeans_refresh_policy:one_epoch, batches_per_epoch:8, refinement_epoch:22, step9_metric_scope:full_dataset_after_epoch, step9_loss_scope:epoch_mean, step9_loss_batches:8, step9_loss_samples:1799, time:114.295
phase:paper_step4_to_7_common_refine_epoch_22, space:H_fused_latent, silhouette = 0.4328979551792145, loss:0.00341, n_changed_assignment:44," cluster_sizes:[199, 381, 266, 708, 245]", greedy_eigen_direction:smallest, greedy_eigen_index:0, greedy_eigenvalue:0.16834798455238342, greedy_target_mode:selected_dimension_only, kmeans_n_init:100, kmeans_refresh_policy:one_epoch, batches_per_epoch:8, time:114.780
phase:paper_step8_greedy_target_Yprime_refine_epoch_22, space:Y_greedy_target, silhouette = 0.45732682943344116, loss:0.00341, n_changed_assignment:44," cluster_sizes:[199, 381, 266, 708, 245]", greedy_eigen_direction:smallest, greedy_eigen_index:0, greedy_eigenvalue:0.16834798455238342, greedy_target_mode:selected_dimension_only, kmeans_n_init:100, kmeans_refresh_policy:one_epoch, batches_per_epoch:8, time:114.827
phase:paper_step9_after_full_epoch_23, space:H_fused_latent_same_labels, silhouette = 0.4471133351325989," loss:total:0.00970, L1_reconstruction:0.00850, L2_kmeans:0.00107, L3_trace_logged:0.00107, L4_greedy:0.00013, L4_selected_direction:0.00013, L4_nonselected_snapshot_anchor:0.00000, L4_selected_fraction:1.00000, L4_anchor_fraction:0.00000", n_changed_assignment:44," cluster_sizes:[199, 381, 266, 708, 245]", greedy_eigen_direction:smallest, greedy_eigen_index:0, greedy_eigenvalue:0.16834798455238342, greedy_target_mode:selected_dimension_only, kmeans_n_init:100, kmeans_refresh_policy:one_epoch, batches_per_epoch:8, refinement_epoch:23, step9_metric_scope:full_dataset_after_epoch, step9_loss_scope:epoch_mean, step9_loss_batches:8, step9_loss_samples:1799, time:117.641
phase:paper_step4_to_7_common_refine_epoch_23, space:H_fused_latent, silhouette = 0.44681066274642944, loss:0.00391, n_changed_assignment:31," cluster_sizes:[695, 247, 397, 262, 198]", greedy_eigen_direction:smallest, greedy_eigen_index:0, greedy_eigenvalue:0.14893008768558502, greedy_target_mode:selected_dimension_only, kmeans_n_init:100, kmeans_refresh_policy:one_epoch, batches_per_epoch:8, time:118.051
phase:paper_step8_greedy_target_Yprime_refine_epoch_23, space:Y_greedy_target, silhouette = 0.46969711780548096, loss:0.00391, n_changed_assignment:31," cluster_sizes:[695, 247, 397, 262, 198]", greedy_eigen_direction:smallest, greedy_eigen_index:0, greedy_eigenvalue:0.14893008768558502, greedy_target_mode:selected_dimension_only, kmeans_n_init:100, kmeans_refresh_policy:one_epoch, batches_per_epoch:8, time:118.098
phase:paper_step9_after_full_epoch_24, space:H_fused_latent_same_labels, silhouette = 0.40457531809806824," loss:total:0.01037, L1_reconstruction:0.00899, L2_kmeans:0.00115, L3_trace_logged:0.00115, L4_greedy:0.00023, L4_selected_direction:0.00023, L4_nonselected_snapshot_anchor:0.00000, L4_selected_fraction:1.00000, L4_anchor_fraction:0.00000", n_changed_assignment:31," cluster_sizes:[695, 247, 397, 262, 198]", greedy_eigen_direction:smallest, greedy_eigen_index:0, greedy_eigenvalue:0.14893008768558502, greedy_target_mode:selected_dimension_only, kmeans_n_init:100, kmeans_refresh_policy:one_epoch, batches_per_epoch:8, refinement_epoch:24, step9_metric_scope:full_dataset_after_epoch, step9_loss_scope:epoch_mean, step9_loss_batches:8, step9_loss_samples:1799, time:121.704
phase:paper_step4_to_7_common_refine_epoch_24, space:H_fused_latent, silhouette = 0.4109364449977875, loss:0.00309, n_changed_assignment:42," cluster_sizes:[262, 200, 695, 241, 401]", greedy_eigen_direction:smallest, greedy_eigen_index:0, greedy_eigenvalue:0.2402624636888504, greedy_target_mode:selected_dimension_only, kmeans_n_init:100, kmeans_refresh_policy:one_epoch, batches_per_epoch:8, time:122.386
phase:paper_step8_greedy_target_Yprime_refine_epoch_24, space:Y_greedy_target, silhouette = 0.4415426254272461, loss:0.00309, n_changed_assignment:42," cluster_sizes:[262, 200, 695, 241, 401]", greedy_eigen_direction:smallest, greedy_eigen_index:0, greedy_eigenvalue:0.2402624636888504, greedy_target_mode:selected_dimension_only, kmeans_n_init:100, kmeans_refresh_policy:one_epoch, batches_per_epoch:8, time:122.502
phase:paper_step9_after_full_epoch_25, space:H_fused_latent_same_labels, silhouette = 0.4063989818096161," loss:total:0.01660, L1_reconstruction:0.01462, L2_kmeans:0.00152, L3_trace_logged:0.00152, L4_greedy:0.00046, L4_selected_direction:0.00046, L4_nonselected_snapshot_anchor:0.00000, L4_selected_fraction:1.00000, L4_anchor_fraction:0.00000", n_changed_assignment:42," cluster_sizes:[262, 200, 695, 241, 401]", greedy_eigen_direction:smallest, greedy_eigen_index:0, greedy_eigenvalue:0.2402624636888504, greedy_target_mode:selected_dimension_only, kmeans_n_init:100, kmeans_refresh_policy:one_epoch, batches_per_epoch:8, refinement_epoch:25, step9_metric_scope:full_dataset_after_epoch, step9_loss_scope:epoch_mean, step9_loss_batches:8, step9_loss_samples:1799, time:125.655
phase:paper_step4_to_7_common_refine_epoch_25, space:H_fused_latent, silhouette = 0.4131520390510559, loss:0.00736, n_changed_assignment:70," cluster_sizes:[219, 400, 230, 264, 686]", greedy_eigen_direction:smallest, greedy_eigen_index:0, greedy_eigenvalue:0.15757128596305847, greedy_target_mode:selected_dimension_only, kmeans_n_init:100, kmeans_refresh_policy:one_epoch, batches_per_epoch:8, time:126.089
phase:paper_step8_greedy_target_Yprime_refine_epoch_25, space:Y_greedy_target, silhouette = 0.4340420961380005, loss:0.00736, n_changed_assignment:70," cluster_sizes:[219, 400, 230, 264, 686]", greedy_eigen_direction:smallest, greedy_eigen_index:0, greedy_eigenvalue:0.15757128596305847, greedy_target_mode:selected_dimension_only, kmeans_n_init:100, kmeans_refresh_policy:one_epoch, batches_per_epoch:8, time:126.149
phase:paper_step9_after_full_epoch_26, space:H_fused_latent_same_labels, silhouette = 0.40554726123809814," loss:total:0.01524, L1_reconstruction:0.01365, L2_kmeans:0.00144, L3_trace_logged:0.00144, L4_greedy:0.00015, L4_selected_direction:0.00015, L4_nonselected_snapshot_anchor:0.00000, L4_selected_fraction:1.00000, L4_anchor_fraction:0.00000", n_changed_assignment:70," cluster_sizes:[219, 400, 230, 264, 686]", greedy_eigen_direction:smallest, greedy_eigen_index:0, greedy_eigenvalue:0.15757128596305847, greedy_target_mode:selected_dimension_only, kmeans_n_init:100, kmeans_refresh_policy:one_epoch, batches_per_epoch:8, refinement_epoch:26, step9_metric_scope:full_dataset_after_epoch, step9_loss_scope:epoch_mean, step9_loss_batches:8, step9_loss_samples:1799, time:128.978
phase:paper_step4_to_7_common_refine_epoch_26, space:H_fused_latent, silhouette = 0.4158343970775604, loss:0.01108, n_changed_assignment:68," cluster_sizes:[236, 706, 264, 210, 383]", greedy_eigen_direction:smallest, greedy_eigen_index:0, greedy_eigenvalue:0.22397662699222565, greedy_target_mode:selected_dimension_only, kmeans_n_init:100, kmeans_refresh_policy:one_epoch, batches_per_epoch:8, time:129.407
phase:paper_step8_greedy_target_Yprime_refine_epoch_26, space:Y_greedy_target, silhouette = 0.4495950937271118, loss:0.01108, n_changed_assignment:68," cluster_sizes:[236, 706, 264, 210, 383]", greedy_eigen_direction:smallest, greedy_eigen_index:0, greedy_eigenvalue:0.22397662699222565, greedy_target_mode:selected_dimension_only, kmeans_n_init:100, kmeans_refresh_policy:one_epoch, batches_per_epoch:8, time:129.455
phase:paper_step9_after_full_epoch_27, space:H_fused_latent_same_labels, silhouette = 0.3949107527732849," loss:total:0.02408, L1_reconstruction:0.02155, L2_kmeans:0.00221, L3_trace_logged:0.00221, L4_greedy:0.00033, L4_selected_direction:0.00033, L4_nonselected_snapshot_anchor:0.00000, L4_selected_fraction:1.00000, L4_anchor_fraction:0.00000", n_changed_assignment:68," cluster_sizes:[236, 706, 264, 210, 383]", greedy_eigen_direction:smallest, greedy_eigen_index:0, greedy_eigenvalue:0.22397662699222565, greedy_target_mode:selected_dimension_only, kmeans_n_init:100, kmeans_refresh_policy:one_epoch, batches_per_epoch:8, refinement_epoch:27, step9_metric_scope:full_dataset_after_epoch, step9_loss_scope:epoch_mean, step9_loss_batches:8, step9_loss_samples:1799, time:132.406
phase:paper_step4_to_7_common_refine_epoch_27, space:H_fused_latent, silhouette = 0.4194636642932892, loss:0.01545, n_changed_assignment:100," cluster_sizes:[715, 246, 260, 207, 371]", greedy_eigen_direction:smallest, greedy_eigen_index:0, greedy_eigenvalue:0.23891296982765198, greedy_target_mode:selected_dimension_only, kmeans_n_init:100, kmeans_refresh_policy:one_epoch, batches_per_epoch:8, time:132.876
phase:paper_step8_greedy_target_Yprime_refine_epoch_27, space:Y_greedy_target, silhouette = 0.44458818435668945, loss:0.01545, n_changed_assignment:100," cluster_sizes:[715, 246, 260, 207, 371]", greedy_eigen_direction:smallest, greedy_eigen_index:0, greedy_eigenvalue:0.23891296982765198, greedy_target_mode:selected_dimension_only, kmeans_n_init:100, kmeans_refresh_policy:one_epoch, batches_per_epoch:8, time:132.965
phase:paper_step9_after_full_epoch_28, space:H_fused_latent_same_labels, silhouette = 0.42647868394851685," loss:total:0.02478, L1_reconstruction:0.02255, L2_kmeans:0.00204, L3_trace_logged:0.00204, L4_greedy:0.00019, L4_selected_direction:0.00019, L4_nonselected_snapshot_anchor:0.00000, L4_selected_fraction:1.00000, L4_anchor_fraction:0.00000", n_changed_assignment:100," cluster_sizes:[715, 246, 260, 207, 371]", greedy_eigen_direction:smallest, greedy_eigen_index:0, greedy_eigenvalue:0.23891296982765198, greedy_target_mode:selected_dimension_only, kmeans_n_init:100, kmeans_refresh_policy:one_epoch, batches_per_epoch:8, refinement_epoch:28, step9_metric_scope:full_dataset_after_epoch, step9_loss_scope:epoch_mean, step9_loss_batches:8, step9_loss_samples:1799, time:136.796
phase:paper_step4_to_7_common_refine_epoch_28, space:H_fused_latent, silhouette = 0.44766950607299805, loss:0.01189, n_changed_assignment:102," cluster_sizes:[694, 258, 393, 198, 256]", greedy_eigen_direction:smallest, greedy_eigen_index:0, greedy_eigenvalue:0.26276013255119324, greedy_target_mode:selected_dimension_only, kmeans_n_init:100, kmeans_refresh_policy:one_epoch, batches_per_epoch:8, time:137.200
phase:paper_step8_greedy_target_Yprime_refine_epoch_28, space:Y_greedy_target, silhouette = 0.47555312514305115, loss:0.01189, n_changed_assignment:102," cluster_sizes:[694, 258, 393, 198, 256]", greedy_eigen_direction:smallest, greedy_eigen_index:0, greedy_eigenvalue:0.26276013255119324, greedy_target_mode:selected_dimension_only, kmeans_n_init:100, kmeans_refresh_policy:one_epoch, batches_per_epoch:8, time:137.246
phase:paper_step9_after_full_epoch_29, space:H_fused_latent_same_labels, silhouette = 0.4229935109615326," loss:total:0.03228, L1_reconstruction:0.02987, L2_kmeans:0.00221, L3_trace_logged:0.00221, L4_greedy:0.00020, L4_selected_direction:0.00020, L4_nonselected_snapshot_anchor:0.00000, L4_selected_fraction:1.00000, L4_anchor_fraction:0.00000", n_changed_assignment:102," cluster_sizes:[694, 258, 393, 198, 256]", greedy_eigen_direction:smallest, greedy_eigen_index:0, greedy_eigenvalue:0.26276013255119324, greedy_target_mode:selected_dimension_only, kmeans_n_init:100, kmeans_refresh_policy:one_epoch, batches_per_epoch:8, refinement_epoch:29, step9_metric_scope:full_dataset_after_epoch, step9_loss_scope:epoch_mean, step9_loss_batches:8, step9_loss_samples:1799, time:140.075
phase:paper_step4_to_7_common_refine_epoch_29, space:H_fused_latent, silhouette = 0.4376118779182434, loss:0.02605, n_changed_assignment:69," cluster_sizes:[258, 264, 193, 722, 362]", greedy_eigen_direction:smallest, greedy_eigen_index:0, greedy_eigenvalue:0.16609561443328857, greedy_target_mode:selected_dimension_only, kmeans_n_init:100, kmeans_refresh_policy:one_epoch, batches_per_epoch:8, time:140.498
phase:paper_step8_greedy_target_Yprime_refine_epoch_29, space:Y_greedy_target, silhouette = 0.4589977562427521, loss:0.02605, n_changed_assignment:69," cluster_sizes:[258, 264, 193, 722, 362]", greedy_eigen_direction:smallest, greedy_eigen_index:0, greedy_eigenvalue:0.16609561443328857, greedy_target_mode:selected_dimension_only, kmeans_n_init:100, kmeans_refresh_policy:one_epoch, batches_per_epoch:8, time:140.547
phase:paper_step9_after_full_epoch_30, space:H_fused_latent_same_labels, silhouette = 0.3991125226020813," loss:total:0.02166, L1_reconstruction:0.01868, L2_kmeans:0.00274, L3_trace_logged:0.00274, L4_greedy:0.00024, L4_selected_direction:0.00024, L4_nonselected_snapshot_anchor:0.00000, L4_selected_fraction:1.00000, L4_anchor_fraction:0.00000", n_changed_assignment:69," cluster_sizes:[258, 264, 193, 722, 362]", greedy_eigen_direction:smallest, greedy_eigen_index:0, greedy_eigenvalue:0.16609561443328857, greedy_target_mode:selected_dimension_only, kmeans_n_init:100, kmeans_refresh_policy:one_epoch, batches_per_epoch:8, refinement_epoch:30, step9_metric_scope:full_dataset_after_epoch, step9_loss_scope:epoch_mean, step9_loss_batches:8, step9_loss_samples:1799, time:143.609
phase:paper_step4_to_7_common_refine_epoch_30, space:H_fused_latent, silhouette = 0.42293304204940796, loss:0.0179, n_changed_assignment:108," cluster_sizes:[255, 715, 382, 194, 253]", greedy_eigen_direction:smallest, greedy_eigen_index:0, greedy_eigenvalue:0.1827320009469986, greedy_target_mode:selected_dimension_only, kmeans_n_init:100, kmeans_refresh_policy:one_epoch, batches_per_epoch:8, time:144.069
phase:paper_step8_greedy_target_Yprime_refine_epoch_30, space:Y_greedy_target, silhouette = 0.4392163157463074, loss:0.0179, n_changed_assignment:108," cluster_sizes:[255, 715, 382, 194, 253]", greedy_eigen_direction:smallest, greedy_eigen_index:0, greedy_eigenvalue:0.1827320009469986, greedy_target_mode:selected_dimension_only, kmeans_n_init:100, kmeans_refresh_policy:one_epoch, batches_per_epoch:8, time:144.118
phase:paper_step9_after_full_epoch_31, space:H_fused_latent_same_labels, silhouette = 0.40363413095474243," loss:total:0.02203, L1_reconstruction:0.01961, L2_kmeans:0.00218, L3_trace_logged:0.00218, L4_greedy:0.00024, L4_selected_direction:0.00024, L4_nonselected_snapshot_anchor:0.00000, L4_selected_fraction:1.00000, L4_anchor_fraction:0.00000", n_changed_assignment:108," cluster_sizes:[255, 715, 382, 194, 253]", greedy_eigen_direction:smallest, greedy_eigen_index:0, greedy_eigenvalue:0.1827320009469986, greedy_target_mode:selected_dimension_only, kmeans_n_init:100, kmeans_refresh_policy:one_epoch, batches_per_epoch:8, refinement_epoch:31, step9_metric_scope:full_dataset_after_epoch, step9_loss_scope:epoch_mean, step9_loss_batches:8, step9_loss_samples:1799, time:147.080
phase:paper_step4_to_7_common_refine_epoch_31, space:H_fused_latent, silhouette = 0.4225231111049652, loss:0.00967, n_changed_assignment:95," cluster_sizes:[258, 703, 253, 201, 384]", greedy_eigen_direction:smallest, greedy_eigen_index:0, greedy_eigenvalue:0.1891728639602661, greedy_target_mode:selected_dimension_only, kmeans_n_init:100, kmeans_refresh_policy:one_epoch, batches_per_epoch:8, time:147.644
phase:paper_step8_greedy_target_Yprime_refine_epoch_31, space:Y_greedy_target, silhouette = 0.444336861371994, loss:0.00967, n_changed_assignment:95," cluster_sizes:[258, 703, 253, 201, 384]", greedy_eigen_direction:smallest, greedy_eigen_index:0, greedy_eigenvalue:0.1891728639602661, greedy_target_mode:selected_dimension_only, kmeans_n_init:100, kmeans_refresh_policy:one_epoch, batches_per_epoch:8, time:147.707
phase:paper_step9_after_full_epoch_32, space:H_fused_latent_same_labels, silhouette = 0.4372174143791199," loss:total:0.01809, L1_reconstruction:0.01640, L2_kmeans:0.00156, L3_trace_logged:0.00156, L4_greedy:0.00013, L4_selected_direction:0.00013, L4_nonselected_snapshot_anchor:0.00000, L4_selected_fraction:1.00000, L4_anchor_fraction:0.00000", n_changed_assignment:95," cluster_sizes:[258, 703, 253, 201, 384]", greedy_eigen_direction:smallest, greedy_eigen_index:0, greedy_eigenvalue:0.1891728639602661, greedy_target_mode:selected_dimension_only, kmeans_n_init:100, kmeans_refresh_policy:one_epoch, batches_per_epoch:8, refinement_epoch:32, step9_metric_scope:full_dataset_after_epoch, step9_loss_scope:epoch_mean, step9_loss_batches:8, step9_loss_samples:1799, time:151.381
phase:paper_step4_to_7_common_refine_epoch_32, space:H_fused_latent, silhouette = 0.4526941776275635, loss:0.0077, n_changed_assignment:73," cluster_sizes:[718, 250, 256, 376, 199]", greedy_eigen_direction:smallest, greedy_eigen_index:0, greedy_eigenvalue:0.1406557857990265, greedy_target_mode:selected_dimension_only, kmeans_n_init:100, kmeans_refresh_policy:one_epoch, batches_per_epoch:8, time:151.795
phase:paper_step8_greedy_target_Yprime_refine_epoch_32, space:Y_greedy_target, silhouette = 0.4693755507469177, loss:0.0077, n_changed_assignment:73," cluster_sizes:[718, 250, 256, 376, 199]", greedy_eigen_direction:smallest, greedy_eigen_index:0, greedy_eigenvalue:0.1406557857990265, greedy_target_mode:selected_dimension_only, kmeans_n_init:100, kmeans_refresh_policy:one_epoch, batches_per_epoch:8, time:151.845
phase:paper_step9_after_full_epoch_33, space:H_fused_latent_same_labels, silhouette = 0.44874438643455505," loss:total:0.01292, L1_reconstruction:0.01099, L2_kmeans:0.00160, L3_trace_logged:0.00160, L4_greedy:0.00032, L4_selected_direction:0.00032, L4_nonselected_snapshot_anchor:0.00000, L4_selected_fraction:1.00000, L4_anchor_fraction:0.00000", n_changed_assignment:73," cluster_sizes:[718, 250, 256, 376, 199]", greedy_eigen_direction:smallest, greedy_eigen_index:0, greedy_eigenvalue:0.1406557857990265, greedy_target_mode:selected_dimension_only, kmeans_n_init:100, kmeans_refresh_policy:one_epoch, batches_per_epoch:8, refinement_epoch:33, step9_metric_scope:full_dataset_after_epoch, step9_loss_scope:epoch_mean, step9_loss_batches:8, step9_loss_samples:1799, time:154.650
phase:paper_step4_to_7_common_refine_epoch_33, space:H_fused_latent, silhouette = 0.4641638696193695, loss:0.00967, n_changed_assignment:75," cluster_sizes:[196, 712, 373, 265, 253]", greedy_eigen_direction:smallest, greedy_eigen_index:0, greedy_eigenvalue:0.15052278339862823, greedy_target_mode:selected_dimension_only, kmeans_n_init:100, kmeans_refresh_policy:one_epoch, batches_per_epoch:8, time:155.069
phase:paper_step8_greedy_target_Yprime_refine_epoch_33, space:Y_greedy_target, silhouette = 0.4826081395149231, loss:0.00967, n_changed_assignment:75," cluster_sizes:[196, 712, 373, 265, 253]", greedy_eigen_direction:smallest, greedy_eigen_index:0, greedy_eigenvalue:0.15052278339862823, greedy_target_mode:selected_dimension_only, kmeans_n_init:100, kmeans_refresh_policy:one_epoch, batches_per_epoch:8, time:155.120
phase:paper_step9_after_full_epoch_34, space:H_fused_latent_same_labels, silhouette = 0.4919937551021576," loss:total:0.01093, L1_reconstruction:0.00919, L2_kmeans:0.00146, L3_trace_logged:0.00146, L4_greedy:0.00028, L4_selected_direction:0.00028, L4_nonselected_snapshot_anchor:0.00000, L4_selected_fraction:1.00000, L4_anchor_fraction:0.00000", n_changed_assignment:75," cluster_sizes:[196, 712, 373, 265, 253]", greedy_eigen_direction:smallest, greedy_eigen_index:0, greedy_eigenvalue:0.15052278339862823, greedy_target_mode:selected_dimension_only, kmeans_n_init:100, kmeans_refresh_policy:one_epoch, batches_per_epoch:8, refinement_epoch:34, step9_metric_scope:full_dataset_after_epoch, step9_loss_scope:epoch_mean, step9_loss_batches:8, step9_loss_samples:1799, time:157.960
phase:paper_step4_to_7_common_refine_epoch_34, space:H_fused_latent, silhouette = 0.49614644050598145, loss:0.00928, n_changed_assignment:66," cluster_sizes:[258, 697, 259, 201, 384]", greedy_eigen_direction:smallest, greedy_eigen_index:0, greedy_eigenvalue:0.13949371874332428, greedy_target_mode:selected_dimension_only, kmeans_n_init:100, kmeans_refresh_policy:one_epoch, batches_per_epoch:8, time:158.378
phase:paper_step8_greedy_target_Yprime_refine_epoch_34, space:Y_greedy_target, silhouette = 0.5165342092514038, loss:0.00928, n_changed_assignment:66," cluster_sizes:[258, 697, 259, 201, 384]", greedy_eigen_direction:smallest, greedy_eigen_index:0, greedy_eigenvalue:0.13949371874332428, greedy_target_mode:selected_dimension_only, kmeans_n_init:100, kmeans_refresh_policy:one_epoch, batches_per_epoch:8, time:158.426
phase:paper_step9_after_full_epoch_35, space:H_fused_latent_same_labels, silhouette = 0.47353625297546387," loss:total:0.01052, L1_reconstruction:0.00908, L2_kmeans:0.00133, L3_trace_logged:0.00133, L4_greedy:0.00011, L4_selected_direction:0.00011, L4_nonselected_snapshot_anchor:0.00000, L4_selected_fraction:1.00000, L4_anchor_fraction:0.00000", n_changed_assignment:66," cluster_sizes:[258, 697, 259, 201, 384]", greedy_eigen_direction:smallest, greedy_eigen_index:0, greedy_eigenvalue:0.13949371874332428, greedy_target_mode:selected_dimension_only, kmeans_n_init:100, kmeans_refresh_policy:one_epoch, batches_per_epoch:8, refinement_epoch:35, step9_metric_scope:full_dataset_after_epoch, step9_loss_scope:epoch_mean, step9_loss_batches:8, step9_loss_samples:1799, time:161.532
phase:paper_step4_to_7_common_refine_epoch_35, space:H_fused_latent, silhouette = 0.4802870750427246, loss:0.01018, n_changed_assignment:43," cluster_sizes:[209, 716, 367, 259, 248]", greedy_eigen_direction:smallest, greedy_eigen_index:0, greedy_eigenvalue:0.14530640840530396, greedy_target_mode:selected_dimension_only, kmeans_n_init:100, kmeans_refresh_policy:one_epoch, batches_per_epoch:8, time:162.218
phase:paper_step8_greedy_target_Yprime_refine_epoch_35, space:Y_greedy_target, silhouette = 0.5022366642951965, loss:0.01018, n_changed_assignment:43," cluster_sizes:[209, 716, 367, 259, 248]", greedy_eigen_direction:smallest, greedy_eigen_index:0, greedy_eigenvalue:0.14530640840530396, greedy_target_mode:selected_dimension_only, kmeans_n_init:100, kmeans_refresh_policy:one_epoch, batches_per_epoch:8, time:162.335
phase:paper_step9_after_full_epoch_36, space:H_fused_latent_same_labels, silhouette = 0.4985506534576416," loss:total:0.01126, L1_reconstruction:0.00996, L2_kmeans:0.00116, L3_trace_logged:0.00116, L4_greedy:0.00014, L4_selected_direction:0.00014, L4_nonselected_snapshot_anchor:0.00000, L4_selected_fraction:1.00000, L4_anchor_fraction:0.00000", n_changed_assignment:43," cluster_sizes:[209, 716, 367, 259, 248]", greedy_eigen_direction:smallest, greedy_eigen_index:0, greedy_eigenvalue:0.14530640840530396, greedy_target_mode:selected_dimension_only, kmeans_n_init:100, kmeans_refresh_policy:one_epoch, batches_per_epoch:8, refinement_epoch:36, step9_metric_scope:full_dataset_after_epoch, step9_loss_scope:epoch_mean, step9_loss_batches:8, step9_loss_samples:1799, time:165.849
phase:paper_step4_to_7_common_refine_epoch_36, space:H_fused_latent, silhouette = 0.503714382648468, loss:0.00434, n_changed_assignment:37," cluster_sizes:[256, 706, 260, 381, 196]", greedy_eigen_direction:smallest, greedy_eigen_index:0, greedy_eigenvalue:0.13776551187038422, greedy_target_mode:selected_dimension_only, kmeans_n_init:100, kmeans_refresh_policy:one_epoch, batches_per_epoch:8, time:166.288
phase:paper_step8_greedy_target_Yprime_refine_epoch_36, space:Y_greedy_target, silhouette = 0.5251519680023193, loss:0.00434, n_changed_assignment:37," cluster_sizes:[256, 706, 260, 381, 196]", greedy_eigen_direction:smallest, greedy_eigen_index:0, greedy_eigenvalue:0.13776551187038422, greedy_target_mode:selected_dimension_only, kmeans_n_init:100, kmeans_refresh_policy:one_epoch, batches_per_epoch:8, time:166.338
phase:paper_step9_after_full_epoch_37, space:H_fused_latent_same_labels, silhouette = 0.49110642075538635," loss:total:0.00914, L1_reconstruction:0.00819, L2_kmeans:0.00087, L3_trace_logged:0.00087, L4_greedy:0.00008, L4_selected_direction:0.00008, L4_nonselected_snapshot_anchor:0.00000, L4_selected_fraction:1.00000, L4_anchor_fraction:0.00000", n_changed_assignment:37," cluster_sizes:[256, 706, 260, 381, 196]", greedy_eigen_direction:smallest, greedy_eigen_index:0, greedy_eigenvalue:0.13776551187038422, greedy_target_mode:selected_dimension_only, kmeans_n_init:100, kmeans_refresh_policy:one_epoch, batches_per_epoch:8, refinement_epoch:37, step9_metric_scope:full_dataset_after_epoch, step9_loss_scope:epoch_mean, step9_loss_batches:8, step9_loss_samples:1799, time:169.393
phase:paper_step4_to_7_common_refine_epoch_37, space:H_fused_latent, silhouette = 0.4933260977268219, loss:0.00754, n_changed_assignment:30," cluster_sizes:[263, 694, 260, 196, 386]", greedy_eigen_direction:smallest, greedy_eigen_index:0, greedy_eigenvalue:0.14659813046455383, greedy_target_mode:selected_dimension_only, kmeans_n_init:100, kmeans_refresh_policy:one_epoch, batches_per_epoch:8, time:169.823
phase:paper_step8_greedy_target_Yprime_refine_epoch_37, space:Y_greedy_target, silhouette = 0.5173704624176025, loss:0.00754, n_changed_assignment:30," cluster_sizes:[263, 694, 260, 196, 386]", greedy_eigen_direction:smallest, greedy_eigen_index:0, greedy_eigenvalue:0.14659813046455383, greedy_target_mode:selected_dimension_only, kmeans_n_init:100, kmeans_refresh_policy:one_epoch, batches_per_epoch:8, time:169.872
phase:paper_step9_after_full_epoch_38, space:H_fused_latent_same_labels, silhouette = 0.48835623264312744," loss:total:0.00993, L1_reconstruction:0.00887, L2_kmeans:0.00095, L3_trace_logged:0.00095, L4_greedy:0.00011, L4_selected_direction:0.00011, L4_nonselected_snapshot_anchor:0.00000, L4_selected_fraction:1.00000, L4_anchor_fraction:0.00000", n_changed_assignment:30," cluster_sizes:[263, 694, 260, 196, 386]", greedy_eigen_direction:smallest, greedy_eigen_index:0, greedy_eigenvalue:0.14659813046455383, greedy_target_mode:selected_dimension_only, kmeans_n_init:100, kmeans_refresh_policy:one_epoch, batches_per_epoch:8, refinement_epoch:38, step9_metric_scope:full_dataset_after_epoch, step9_loss_scope:epoch_mean, step9_loss_batches:8, step9_loss_samples:1799, time:172.733
phase:paper_step4_to_7_common_refine_epoch_38, space:H_fused_latent, silhouette = 0.4938827157020569, loss:0.00346, n_changed_assignment:30," cluster_sizes:[209, 697, 384, 259, 250]", greedy_eigen_direction:smallest, greedy_eigen_index:0, greedy_eigenvalue:0.12799806892871857, greedy_target_mode:selected_dimension_only, kmeans_n_init:100, kmeans_refresh_policy:one_epoch, batches_per_epoch:8, time:173.145
phase:paper_step8_greedy_target_Yprime_refine_epoch_38, space:Y_greedy_target, silhouette = 0.5163661241531372, loss:0.00346, n_changed_assignment:30," cluster_sizes:[209, 697, 384, 259, 250]", greedy_eigen_direction:smallest, greedy_eigen_index:0, greedy_eigenvalue:0.12799806892871857, greedy_target_mode:selected_dimension_only, kmeans_n_init:100, kmeans_refresh_policy:one_epoch, batches_per_epoch:8, time:173.193
phase:paper_step9_after_full_epoch_39, space:H_fused_latent_same_labels, silhouette = 0.4868616759777069," loss:total:0.01020, L1_reconstruction:0.00905, L2_kmeans:0.00102, L3_trace_logged:0.00102, L4_greedy:0.00014, L4_selected_direction:0.00014, L4_nonselected_snapshot_anchor:0.00000, L4_selected_fraction:1.00000, L4_anchor_fraction:0.00000", n_changed_assignment:30," cluster_sizes:[209, 697, 384, 259, 250]", greedy_eigen_direction:smallest, greedy_eigen_index:0, greedy_eigenvalue:0.12799806892871857, greedy_target_mode:selected_dimension_only, kmeans_n_init:100, kmeans_refresh_policy:one_epoch, batches_per_epoch:8, refinement_epoch:39, step9_metric_scope:full_dataset_after_epoch, step9_loss_scope:epoch_mean, step9_loss_batches:8, step9_loss_samples:1799, time:176.539
phase:paper_step4_to_7_common_refine_epoch_39, space:H_fused_latent, silhouette = 0.4905701279640198, loss:0.0068, n_changed_assignment:44," cluster_sizes:[394, 260, 687, 257, 201]", greedy_eigen_direction:smallest, greedy_eigen_index:0, greedy_eigenvalue:0.13409969210624695, greedy_target_mode:selected_dimension_only, kmeans_n_init:100, kmeans_refresh_policy:one_epoch, batches_per_epoch:8, time:177.198
phase:paper_step8_greedy_target_Yprime_refine_epoch_39, space:Y_greedy_target, silhouette = 0.5158736109733582, loss:0.0068, n_changed_assignment:44," cluster_sizes:[394, 260, 687, 257, 201]", greedy_eigen_direction:smallest, greedy_eigen_index:0, greedy_eigenvalue:0.13409969210624695, greedy_target_mode:selected_dimension_only, kmeans_n_init:100, kmeans_refresh_policy:one_epoch, batches_per_epoch:8, time:177.309
phase:paper_step9_after_full_epoch_40, space:H_fused_latent_same_labels, silhouette = 0.489785760641098," loss:total:0.00824, L1_reconstruction:0.00717, L2_kmeans:0.00095, L3_trace_logged:0.00095, L4_greedy:0.00012, L4_selected_direction:0.00012, L4_nonselected_snapshot_anchor:0.00000, L4_selected_fraction:1.00000, L4_anchor_fraction:0.00000", n_changed_assignment:44," cluster_sizes:[394, 260, 687, 257, 201]", greedy_eigen_direction:smallest, greedy_eigen_index:0, greedy_eigenvalue:0.13409969210624695, greedy_target_mode:selected_dimension_only, kmeans_n_init:100, kmeans_refresh_policy:one_epoch, batches_per_epoch:8, refinement_epoch:40, step9_metric_scope:full_dataset_after_epoch, step9_loss_scope:epoch_mean, step9_loss_batches:8, step9_loss_samples:1799, time:180.586
phase:paper_step4_to_7_common_refine_epoch_40, space:H_fused_latent, silhouette = 0.4943879246711731, loss:0.00787, n_changed_assignment:25," cluster_sizes:[258, 203, 692, 393, 253]", greedy_eigen_direction:smallest, greedy_eigen_index:0, greedy_eigenvalue:0.12399331480264664, greedy_target_mode:selected_dimension_only, kmeans_n_init:100, kmeans_refresh_policy:one_epoch, batches_per_epoch:8, time:181.021
phase:paper_step8_greedy_target_Yprime_refine_epoch_40, space:Y_greedy_target, silhouette = 0.516032338142395, loss:0.00787, n_changed_assignment:25," cluster_sizes:[258, 203, 692, 393, 253]", greedy_eigen_direction:smallest, greedy_eigen_index:0, greedy_eigenvalue:0.12399331480264664, greedy_target_mode:selected_dimension_only, kmeans_n_init:100, kmeans_refresh_policy:one_epoch, batches_per_epoch:8, time:181.067
phase:paper_step9_after_full_epoch_41, space:H_fused_latent_same_labels, silhouette = 0.4741661548614502," loss:total:0.01262, L1_reconstruction:0.01159, L2_kmeans:0.00092, L3_trace_logged:0.00092, L4_greedy:0.00012, L4_selected_direction:0.00012, L4_nonselected_snapshot_anchor:0.00000, L4_selected_fraction:1.00000, L4_anchor_fraction:0.00000", n_changed_assignment:25," cluster_sizes:[258, 203, 692, 393, 253]", greedy_eigen_direction:smallest, greedy_eigen_index:0, greedy_eigenvalue:0.12399331480264664, greedy_target_mode:selected_dimension_only, kmeans_n_init:100, kmeans_refresh_policy:one_epoch, batches_per_epoch:8, refinement_epoch:41, step9_metric_scope:full_dataset_after_epoch, step9_loss_scope:epoch_mean, step9_loss_batches:8, step9_loss_samples:1799, time:183.899
phase:paper_step4_to_7_common_refine_epoch_41, space:H_fused_latent, silhouette = 0.4794696867465973, loss:0.00673, n_changed_assignment:38," cluster_sizes:[248, 706, 259, 211, 375]", greedy_eigen_direction:smallest, greedy_eigen_index:0, greedy_eigenvalue:0.13389016687870026, greedy_target_mode:selected_dimension_only, kmeans_n_init:100, kmeans_refresh_policy:one_epoch, batches_per_epoch:8, time:184.328
phase:paper_step8_greedy_target_Yprime_refine_epoch_41, space:Y_greedy_target, silhouette = 0.5018373131752014, loss:0.00673, n_changed_assignment:38," cluster_sizes:[248, 706, 259, 211, 375]", greedy_eigen_direction:smallest, greedy_eigen_index:0, greedy_eigenvalue:0.13389016687870026, greedy_target_mode:selected_dimension_only, kmeans_n_init:100, kmeans_refresh_policy:one_epoch, batches_per_epoch:8, time:184.378
phase:paper_step9_after_full_epoch_42, space:H_fused_latent_same_labels, silhouette = 0.47036635875701904," loss:total:0.01265, L1_reconstruction:0.01155, L2_kmeans:0.00100, L3_trace_logged:0.00100, L4_greedy:0.00010, L4_selected_direction:0.00010, L4_nonselected_snapshot_anchor:0.00000, L4_selected_fraction:1.00000, L4_anchor_fraction:0.00000", n_changed_assignment:38," cluster_sizes:[248, 706, 259, 211, 375]", greedy_eigen_direction:smallest, greedy_eigen_index:0, greedy_eigenvalue:0.13389016687870026, greedy_target_mode:selected_dimension_only, kmeans_n_init:100, kmeans_refresh_policy:one_epoch, batches_per_epoch:8, refinement_epoch:42, step9_metric_scope:full_dataset_after_epoch, step9_loss_scope:epoch_mean, step9_loss_batches:8, step9_loss_samples:1799, time:187.177
phase:paper_step4_to_7_common_refine_epoch_42, space:H_fused_latent, silhouette = 0.4747030436992645, loss:0.00639, n_changed_assignment:50," cluster_sizes:[253, 680, 257, 404, 205]", greedy_eigen_direction:smallest, greedy_eigen_index:0, greedy_eigenvalue:0.137743279337883, greedy_target_mode:selected_dimension_only, kmeans_n_init:100, kmeans_refresh_policy:one_epoch, batches_per_epoch:8, time:187.622
phase:paper_step8_greedy_target_Yprime_refine_epoch_42, space:Y_greedy_target, silhouette = 0.5028749704360962, loss:0.00639, n_changed_assignment:50," cluster_sizes:[253, 680, 257, 404, 205]", greedy_eigen_direction:smallest, greedy_eigen_index:0, greedy_eigenvalue:0.137743279337883, greedy_target_mode:selected_dimension_only, kmeans_n_init:100, kmeans_refresh_policy:one_epoch, batches_per_epoch:8, time:187.670
phase:paper_step9_after_full_epoch_43, space:H_fused_latent_same_labels, silhouette = 0.44160905480384827," loss:total:0.01117, L1_reconstruction:0.00991, L2_kmeans:0.00105, L3_trace_logged:0.00105, L4_greedy:0.00021, L4_selected_direction:0.00021, L4_nonselected_snapshot_anchor:0.00000, L4_selected_fraction:1.00000, L4_anchor_fraction:0.00000", n_changed_assignment:50," cluster_sizes:[253, 680, 257, 404, 205]", greedy_eigen_direction:smallest, greedy_eigen_index:0, greedy_eigenvalue:0.137743279337883, greedy_target_mode:selected_dimension_only, kmeans_n_init:100, kmeans_refresh_policy:one_epoch, batches_per_epoch:8, refinement_epoch:43, step9_metric_scope:full_dataset_after_epoch, step9_loss_scope:epoch_mean, step9_loss_batches:8, step9_loss_samples:1799, time:191.264
phase:paper_step4_to_7_common_refine_epoch_43, space:H_fused_latent, silhouette = 0.46995729207992554, loss:0.00779, n_changed_assignment:187," cluster_sizes:[344, 258, 680, 411, 106]", greedy_eigen_direction:smallest, greedy_eigen_index:0, greedy_eigenvalue:0.11533994227647781, greedy_target_mode:selected_dimension_only, kmeans_n_init:100, kmeans_refresh_policy:one_epoch, batches_per_epoch:8, time:191.993
phase:paper_step8_greedy_target_Yprime_refine_epoch_43, space:Y_greedy_target, silhouette = 0.4889163672924042, loss:0.00779, n_changed_assignment:187," cluster_sizes:[344, 258, 680, 411, 106]", greedy_eigen_direction:smallest, greedy_eigen_index:0, greedy_eigenvalue:0.11533994227647781, greedy_target_mode:selected_dimension_only, kmeans_n_init:100, kmeans_refresh_policy:one_epoch, batches_per_epoch:8, time:192.101
phase:paper_step9_after_full_epoch_44, space:H_fused_latent_same_labels, silhouette = 0.4471786320209503," loss:total:0.01090, L1_reconstruction:0.00978, L2_kmeans:0.00102, L3_trace_logged:0.00102, L4_greedy:0.00011, L4_selected_direction:0.00011, L4_nonselected_snapshot_anchor:0.00000, L4_selected_fraction:1.00000, L4_anchor_fraction:0.00000", n_changed_assignment:187," cluster_sizes:[344, 258, 680, 411, 106]", greedy_eigen_direction:smallest, greedy_eigen_index:0, greedy_eigenvalue:0.11533994227647781, greedy_target_mode:selected_dimension_only, kmeans_n_init:100, kmeans_refresh_policy:one_epoch, batches_per_epoch:8, refinement_epoch:44, step9_metric_scope:full_dataset_after_epoch, step9_loss_scope:epoch_mean, step9_loss_batches:8, step9_loss_samples:1799, time:195.281
phase:paper_step4_to_7_common_refine_epoch_44, space:H_fused_latent, silhouette = 0.4458789825439453, loss:0.00425, n_changed_assignment:198," cluster_sizes:[396, 260, 194, 682, 267]", greedy_eigen_direction:smallest, greedy_eigen_index:0, greedy_eigenvalue:0.12516257166862488, greedy_target_mode:selected_dimension_only, kmeans_n_init:100, kmeans_refresh_policy:one_epoch, batches_per_epoch:8, time:195.764
phase:paper_step8_greedy_target_Yprime_refine_epoch_44, space:Y_greedy_target, silhouette = 0.466835081577301, loss:0.00425, n_changed_assignment:198," cluster_sizes:[396, 260, 194, 682, 267]", greedy_eigen_direction:smallest, greedy_eigen_index:0, greedy_eigenvalue:0.12516257166862488, greedy_target_mode:selected_dimension_only, kmeans_n_init:100, kmeans_refresh_policy:one_epoch, batches_per_epoch:8, time:195.812
phase:paper_step9_after_full_epoch_45, space:H_fused_latent_same_labels, silhouette = 0.42607688903808594," loss:total:0.01071, L1_reconstruction:0.00956, L2_kmeans:0.00097, L3_trace_logged:0.00097, L4_greedy:0.00017, L4_selected_direction:0.00017, L4_nonselected_snapshot_anchor:0.00000, L4_selected_fraction:1.00000, L4_anchor_fraction:0.00000", n_changed_assignment:198," cluster_sizes:[396, 260, 194, 682, 267]", greedy_eigen_direction:smallest, greedy_eigen_index:0, greedy_eigenvalue:0.12516257166862488, greedy_target_mode:selected_dimension_only, kmeans_n_init:100, kmeans_refresh_policy:one_epoch, batches_per_epoch:8, refinement_epoch:45, step9_metric_scope:full_dataset_after_epoch, step9_loss_scope:epoch_mean, step9_loss_batches:8, step9_loss_samples:1799, time:198.895
phase:paper_step4_to_7_common_refine_epoch_45, space:H_fused_latent, silhouette = 0.48780694603919983, loss:0.00346, n_changed_assignment:304," cluster_sizes:[213, 401, 452, 92, 641]", greedy_eigen_direction:smallest, greedy_eigen_index:0, greedy_eigenvalue:0.13872502744197845, greedy_target_mode:selected_dimension_only, kmeans_n_init:100, kmeans_refresh_policy:one_epoch, batches_per_epoch:8, time:199.336
phase:paper_step8_greedy_target_Yprime_refine_epoch_45, space:Y_greedy_target, silhouette = 0.5127192139625549, loss:0.00346, n_changed_assignment:304," cluster_sizes:[213, 401, 452, 92, 641]", greedy_eigen_direction:smallest, greedy_eigen_index:0, greedy_eigenvalue:0.13872502744197845, greedy_target_mode:selected_dimension_only, kmeans_n_init:100, kmeans_refresh_policy:one_epoch, batches_per_epoch:8, time:199.385
phase:paper_step9_after_full_epoch_46, space:H_fused_latent_same_labels, silhouette = 0.4872162640094757," loss:total:0.00819, L1_reconstruction:0.00706, L2_kmeans:0.00097, L3_trace_logged:0.00097, L4_greedy:0.00016, L4_selected_direction:0.00016, L4_nonselected_snapshot_anchor:0.00000, L4_selected_fraction:1.00000, L4_anchor_fraction:0.00000", n_changed_assignment:304," cluster_sizes:[213, 401, 452, 92, 641]", greedy_eigen_direction:smallest, greedy_eigen_index:0, greedy_eigenvalue:0.13872502744197845, greedy_target_mode:selected_dimension_only, kmeans_n_init:100, kmeans_refresh_policy:one_epoch, batches_per_epoch:8, refinement_epoch:46, step9_metric_scope:full_dataset_after_epoch, step9_loss_scope:epoch_mean, step9_loss_batches:8, step9_loss_samples:1799, time:202.431
phase:paper_step4_to_7_common_refine_epoch_46, space:H_fused_latent, silhouette = 0.4921686053276062, loss:0.00418, n_changed_assignment:46," cluster_sizes:[198, 637, 449, 411, 104]", greedy_eigen_direction:smallest, greedy_eigen_index:0, greedy_eigenvalue:0.1163935735821724, greedy_target_mode:selected_dimension_only, kmeans_n_init:100, kmeans_refresh_policy:one_epoch, batches_per_epoch:8, time:202.915
phase:paper_step8_greedy_target_Yprime_refine_epoch_46, space:Y_greedy_target, silhouette = 0.5141415596008301, loss:0.00418, n_changed_assignment:46," cluster_sizes:[198, 637, 449, 411, 104]", greedy_eigen_direction:smallest, greedy_eigen_index:0, greedy_eigenvalue:0.1163935735821724, greedy_target_mode:selected_dimension_only, kmeans_n_init:100, kmeans_refresh_policy:one_epoch, batches_per_epoch:8, time:202.964
phase:paper_step9_after_full_epoch_47, space:H_fused_latent_same_labels, silhouette = 0.49776017665863037," loss:total:0.00729, L1_reconstruction:0.00637, L2_kmeans:0.00083, L3_trace_logged:0.00083, L4_greedy:0.00009, L4_selected_direction:0.00009, L4_nonselected_snapshot_anchor:0.00000, L4_selected_fraction:1.00000, L4_anchor_fraction:0.00000", n_changed_assignment:46," cluster_sizes:[198, 637, 449, 411, 104]", greedy_eigen_direction:smallest, greedy_eigen_index:0, greedy_eigenvalue:0.1163935735821724, greedy_target_mode:selected_dimension_only, kmeans_n_init:100, kmeans_refresh_policy:one_epoch, batches_per_epoch:8, refinement_epoch:47, step9_metric_scope:full_dataset_after_epoch, step9_loss_scope:epoch_mean, step9_loss_batches:8, step9_loss_samples:1799, time:206.956
phase:paper_step4_to_7_common_refine_epoch_47, space:H_fused_latent, silhouette = 0.5010263919830322, loss:0.00314, n_changed_assignment:34," cluster_sizes:[203, 646, 445, 402, 103]", greedy_eigen_direction:smallest, greedy_eigen_index:0, greedy_eigenvalue:0.09393895417451859, greedy_target_mode:selected_dimension_only, kmeans_n_init:100, kmeans_refresh_policy:one_epoch, batches_per_epoch:8, time:207.428
phase:paper_step8_greedy_target_Yprime_refine_epoch_47, space:Y_greedy_target, silhouette = 0.5196077823638916, loss:0.00314, n_changed_assignment:34," cluster_sizes:[203, 646, 445, 402, 103]", greedy_eigen_direction:smallest, greedy_eigen_index:0, greedy_eigenvalue:0.09393895417451859, greedy_target_mode:selected_dimension_only, kmeans_n_init:100, kmeans_refresh_policy:one_epoch, batches_per_epoch:8, time:207.475
phase:paper_step9_after_full_epoch_48, space:H_fused_latent_same_labels, silhouette = 0.488611102104187," loss:total:0.00776, L1_reconstruction:0.00694, L2_kmeans:0.00075, L3_trace_logged:0.00075, L4_greedy:0.00007, L4_selected_direction:0.00007, L4_nonselected_snapshot_anchor:0.00000, L4_selected_fraction:1.00000, L4_anchor_fraction:0.00000", n_changed_assignment:34," cluster_sizes:[203, 646, 445, 402, 103]", greedy_eigen_direction:smallest, greedy_eigen_index:0, greedy_eigenvalue:0.09393895417451859, greedy_target_mode:selected_dimension_only, kmeans_n_init:100, kmeans_refresh_policy:one_epoch, batches_per_epoch:8, refinement_epoch:48, step9_metric_scope:full_dataset_after_epoch, step9_loss_scope:epoch_mean, step9_loss_batches:8, step9_loss_samples:1799, time:210.280
phase:paper_step4_to_7_common_refine_epoch_48, space:H_fused_latent, silhouette = 0.4945443570613861, loss:0.00318, n_changed_assignment:58," cluster_sizes:[458, 110, 641, 189, 401]", greedy_eigen_direction:smallest, greedy_eigen_index:0, greedy_eigenvalue:0.10322415083646774, greedy_target_mode:selected_dimension_only, kmeans_n_init:100, kmeans_refresh_policy:one_epoch, batches_per_epoch:8, time:210.698
phase:paper_step8_greedy_target_Yprime_refine_epoch_48, space:Y_greedy_target, silhouette = 0.5159182548522949, loss:0.00318, n_changed_assignment:58," cluster_sizes:[458, 110, 641, 189, 401]", greedy_eigen_direction:smallest, greedy_eigen_index:0, greedy_eigenvalue:0.10322415083646774, greedy_target_mode:selected_dimension_only, kmeans_n_init:100, kmeans_refresh_policy:one_epoch, batches_per_epoch:8, time:210.746
phase:paper_step9_after_full_epoch_49, space:H_fused_latent_same_labels, silhouette = 0.5055264830589294," loss:total:0.00817, L1_reconstruction:0.00728, L2_kmeans:0.00078, L3_trace_logged:0.00078, L4_greedy:0.00011, L4_selected_direction:0.00011, L4_nonselected_snapshot_anchor:0.00000, L4_selected_fraction:1.00000, L4_anchor_fraction:0.00000", n_changed_assignment:58," cluster_sizes:[458, 110, 641, 189, 401]", greedy_eigen_direction:smallest, greedy_eigen_index:0, greedy_eigenvalue:0.10322415083646774, greedy_target_mode:selected_dimension_only, kmeans_n_init:100, kmeans_refresh_policy:one_epoch, batches_per_epoch:8, refinement_epoch:49, step9_metric_scope:full_dataset_after_epoch, step9_loss_scope:epoch_mean, step9_loss_batches:8, step9_loss_samples:1799, time:213.566
phase:paper_step4_to_7_common_refine_epoch_49, space:H_fused_latent, silhouette = 0.5104010701179504, loss:0.00437, n_changed_assignment:33," cluster_sizes:[459, 196, 636, 402, 106]", greedy_eigen_direction:smallest, greedy_eigen_index:0, greedy_eigenvalue:0.09203238785266876, greedy_target_mode:selected_dimension_only, kmeans_n_init:100, kmeans_refresh_policy:one_epoch, batches_per_epoch:8, time:214.016
phase:paper_step8_greedy_target_Yprime_refine_epoch_49, space:Y_greedy_target, silhouette = 0.5298237204551697, loss:0.00437, n_changed_assignment:33," cluster_sizes:[459, 196, 636, 402, 106]", greedy_eigen_direction:smallest, greedy_eigen_index:0, greedy_eigenvalue:0.09203238785266876, greedy_target_mode:selected_dimension_only, kmeans_n_init:100, kmeans_refresh_policy:one_epoch, batches_per_epoch:8, time:214.065
phase:paper_step9_after_full_epoch_50, space:H_fused_latent_same_labels, silhouette = 0.4944325387477875," loss:total:0.00792, L1_reconstruction:0.00691, L2_kmeans:0.00084, L3_trace_logged:0.00084, L4_greedy:0.00018, L4_selected_direction:0.00018, L4_nonselected_snapshot_anchor:0.00000, L4_selected_fraction:1.00000, L4_anchor_fraction:0.00000", n_changed_assignment:33," cluster_sizes:[459, 196, 636, 402, 106]", greedy_eigen_direction:smallest, greedy_eigen_index:0, greedy_eigenvalue:0.09203238785266876, greedy_target_mode:selected_dimension_only, kmeans_n_init:100, kmeans_refresh_policy:one_epoch, batches_per_epoch:8, refinement_epoch:50, step9_metric_scope:full_dataset_after_epoch, step9_loss_scope:epoch_mean, step9_loss_batches:8, step9_loss_samples:1799, time:216.841
phase:paper_step4_to_7_common_refine_epoch_50, space:H_fused_latent, silhouette = 0.500876247882843, loss:0.00311, n_changed_assignment:33," cluster_sizes:[421, 108, 444, 633, 193]", greedy_eigen_direction:smallest, greedy_eigen_index:0, greedy_eigenvalue:0.10493137687444687, greedy_target_mode:selected_dimension_only, kmeans_n_init:100, kmeans_refresh_policy:one_epoch, batches_per_epoch:8, time:217.413
phase:paper_step8_greedy_target_Yprime_refine_epoch_50, space:Y_greedy_target, silhouette = 0.5234920978546143, loss:0.00311, n_changed_assignment:33," cluster_sizes:[421, 108, 444, 633, 193]", greedy_eigen_direction:smallest, greedy_eigen_index:0, greedy_eigenvalue:0.10493137687444687, greedy_target_mode:selected_dimension_only, kmeans_n_init:100, kmeans_refresh_policy:one_epoch, batches_per_epoch:8, time:217.514
phase:paper_step9_after_full_epoch_51, space:H_fused_latent_same_labels, silhouette = 0.5047440528869629," loss:total:0.00859, L1_reconstruction:0.00768, L2_kmeans:0.00080, L3_trace_logged:0.00080, L4_greedy:0.00010, L4_selected_direction:0.00010, L4_nonselected_snapshot_anchor:0.00000, L4_selected_fraction:1.00000, L4_anchor_fraction:0.00000", n_changed_assignment:33," cluster_sizes:[421, 108, 444, 633, 193]", greedy_eigen_direction:smallest, greedy_eigen_index:0, greedy_eigenvalue:0.10493137687444687, greedy_target_mode:selected_dimension_only, kmeans_n_init:100, kmeans_refresh_policy:one_epoch, batches_per_epoch:8, refinement_epoch:51, step9_metric_scope:full_dataset_after_epoch, step9_loss_scope:epoch_mean, step9_loss_batches:8, step9_loss_samples:1799, time:221.555
phase:paper_step4_to_7_common_refine_epoch_51, space:H_fused_latent, silhouette = 0.5073841214179993, loss:0.00306, n_changed_assignment:33," cluster_sizes:[456, 114, 641, 186, 402]", greedy_eigen_direction:smallest, greedy_eigen_index:0, greedy_eigenvalue:0.09376082569360733, greedy_target_mode:selected_dimension_only, kmeans_n_init:100, kmeans_refresh_policy:one_epoch, batches_per_epoch:8, time:222.031
phase:paper_step8_greedy_target_Yprime_refine_epoch_51, space:Y_greedy_target, silhouette = 0.5279247164726257, loss:0.00306, n_changed_assignment:33," cluster_sizes:[456, 114, 641, 186, 402]", greedy_eigen_direction:smallest, greedy_eigen_index:0, greedy_eigenvalue:0.09376082569360733, greedy_target_mode:selected_dimension_only, kmeans_n_init:100, kmeans_refresh_policy:one_epoch, batches_per_epoch:8, time:222.078
phase:paper_step9_after_full_epoch_52, space:H_fused_latent_same_labels, silhouette = 0.506242573261261," loss:total:0.00795, L1_reconstruction:0.00711, L2_kmeans:0.00073, L3_trace_logged:0.00073, L4_greedy:0.00011, L4_selected_direction:0.00011, L4_nonselected_snapshot_anchor:0.00000, L4_selected_fraction:1.00000, L4_anchor_fraction:0.00000", n_changed_assignment:33," cluster_sizes:[456, 114, 641, 186, 402]", greedy_eigen_direction:smallest, greedy_eigen_index:0, greedy_eigenvalue:0.09376082569360733, greedy_target_mode:selected_dimension_only, kmeans_n_init:100, kmeans_refresh_policy:one_epoch, batches_per_epoch:8, refinement_epoch:52, step9_metric_scope:full_dataset_after_epoch, step9_loss_scope:epoch_mean, step9_loss_batches:8, step9_loss_samples:1799, time:224.881
phase:paper_step4_to_7_common_refine_epoch_52, space:H_fused_latent, silhouette = 0.5106338858604431, loss:0.00291, n_changed_assignment:26," cluster_sizes:[412, 192, 451, 634, 110]", greedy_eigen_direction:smallest, greedy_eigen_index:0, greedy_eigenvalue:0.09183984249830246, greedy_target_mode:selected_dimension_only, kmeans_n_init:100, kmeans_refresh_policy:one_epoch, batches_per_epoch:8, time:225.297
phase:paper_step8_greedy_target_Yprime_refine_epoch_52, space:Y_greedy_target, silhouette = 0.5282384753227234, loss:0.00291, n_changed_assignment:26," cluster_sizes:[412, 192, 451, 634, 110]", greedy_eigen_direction:smallest, greedy_eigen_index:0, greedy_eigenvalue:0.09183984249830246, greedy_target_mode:selected_dimension_only, kmeans_n_init:100, kmeans_refresh_policy:one_epoch, batches_per_epoch:8, time:225.343
phase:paper_step9_after_full_epoch_53, space:H_fused_latent_same_labels, silhouette = 0.5181649327278137," loss:total:0.00756, L1_reconstruction:0.00665, L2_kmeans:0.00082, L3_trace_logged:0.00082, L4_greedy:0.00009, L4_selected_direction:0.00009, L4_nonselected_snapshot_anchor:0.00000, L4_selected_fraction:1.00000, L4_anchor_fraction:0.00000", n_changed_assignment:26," cluster_sizes:[412, 192, 451, 634, 110]", greedy_eigen_direction:smallest, greedy_eigen_index:0, greedy_eigenvalue:0.09183984249830246, greedy_target_mode:selected_dimension_only, kmeans_n_init:100, kmeans_refresh_policy:one_epoch, batches_per_epoch:8, refinement_epoch:53, step9_metric_scope:full_dataset_after_epoch, step9_loss_scope:epoch_mean, step9_loss_batches:8, step9_loss_samples:1799, time:228.215
phase:paper_step4_to_7_common_refine_epoch_53, space:H_fused_latent, silhouette = 0.5239084959030151, loss:0.00251, n_changed_assignment:48," cluster_sizes:[650, 430, 187, 419, 113]", greedy_eigen_direction:smallest, greedy_eigen_index:0, greedy_eigenvalue:0.10860275477170944, greedy_target_mode:selected_dimension_only, kmeans_n_init:100, kmeans_refresh_policy:one_epoch, batches_per_epoch:8, time:228.657
phase:paper_step8_greedy_target_Yprime_refine_epoch_53, space:Y_greedy_target, silhouette = 0.5453386306762695, loss:0.00251, n_changed_assignment:48," cluster_sizes:[650, 430, 187, 419, 113]", greedy_eigen_direction:smallest, greedy_eigen_index:0, greedy_eigenvalue:0.10860275477170944, greedy_target_mode:selected_dimension_only, kmeans_n_init:100, kmeans_refresh_policy:one_epoch, batches_per_epoch:8, time:228.705
phase:paper_step9_after_full_epoch_54, space:H_fused_latent_same_labels, silhouette = 0.4705928862094879," loss:total:0.00919, L1_reconstruction:0.00792, L2_kmeans:0.00101, L3_trace_logged:0.00101, L4_greedy:0.00026, L4_selected_direction:0.00026, L4_nonselected_snapshot_anchor:0.00000, L4_selected_fraction:1.00000, L4_anchor_fraction:0.00000", n_changed_assignment:48," cluster_sizes:[650, 430, 187, 419, 113]", greedy_eigen_direction:smallest, greedy_eigen_index:0, greedy_eigenvalue:0.10860275477170944, greedy_target_mode:selected_dimension_only, kmeans_n_init:100, kmeans_refresh_policy:one_epoch, batches_per_epoch:8, refinement_epoch:54, step9_metric_scope:full_dataset_after_epoch, step9_loss_scope:epoch_mean, step9_loss_batches:8, step9_loss_samples:1799, time:231.756
phase:paper_step4_to_7_common_refine_epoch_54, space:H_fused_latent, silhouette = 0.47327929735183716, loss:0.00253, n_changed_assignment:40," cluster_sizes:[446, 184, 645, 411, 113]", greedy_eigen_direction:smallest, greedy_eigen_index:0, greedy_eigenvalue:0.13894249498844147, greedy_target_mode:selected_dimension_only, kmeans_n_init:100, kmeans_refresh_policy:one_epoch, batches_per_epoch:8, time:232.405
phase:paper_step8_greedy_target_Yprime_refine_epoch_54, space:Y_greedy_target, silhouette = 0.49659135937690735, loss:0.00253, n_changed_assignment:40," cluster_sizes:[446, 184, 645, 411, 113]", greedy_eigen_direction:smallest, greedy_eigen_index:0, greedy_eigenvalue:0.13894249498844147, greedy_target_mode:selected_dimension_only, kmeans_n_init:100, kmeans_refresh_policy:one_epoch, batches_per_epoch:8, time:232.491
phase:paper_step9_after_full_epoch_55, space:H_fused_latent_same_labels, silhouette = 0.4764735996723175," loss:total:0.00842, L1_reconstruction:0.00727, L2_kmeans:0.00101, L3_trace_logged:0.00101, L4_greedy:0.00014, L4_selected_direction:0.00014, L4_nonselected_snapshot_anchor:0.00000, L4_selected_fraction:1.00000, L4_anchor_fraction:0.00000", n_changed_assignment:40," cluster_sizes:[446, 184, 645, 411, 113]", greedy_eigen_direction:smallest, greedy_eigen_index:0, greedy_eigenvalue:0.13894249498844147, greedy_target_mode:selected_dimension_only, kmeans_n_init:100, kmeans_refresh_policy:one_epoch, batches_per_epoch:8, refinement_epoch:55, step9_metric_scope:full_dataset_after_epoch, step9_loss_scope:epoch_mean, step9_loss_batches:8, step9_loss_samples:1799, time:236.253
phase:paper_step4_to_7_common_refine_epoch_55, space:H_fused_latent, silhouette = 0.4798862040042877, loss:0.00458, n_changed_assignment:31," cluster_sizes:[447, 189, 644, 405, 114]", greedy_eigen_direction:smallest, greedy_eigen_index:0, greedy_eigenvalue:0.10931307822465897, greedy_target_mode:selected_dimension_only, kmeans_n_init:100, kmeans_refresh_policy:one_epoch, batches_per_epoch:8, time:236.680
phase:paper_step8_greedy_target_Yprime_refine_epoch_55, space:Y_greedy_target, silhouette = 0.5024697780609131, loss:0.00458, n_changed_assignment:31," cluster_sizes:[447, 189, 644, 405, 114]", greedy_eigen_direction:smallest, greedy_eigen_index:0, greedy_eigenvalue:0.10931307822465897, greedy_target_mode:selected_dimension_only, kmeans_n_init:100, kmeans_refresh_policy:one_epoch, batches_per_epoch:8, time:236.729
phase:paper_step9_after_full_epoch_56, space:H_fused_latent_same_labels, silhouette = 0.4736524224281311," loss:total:0.00869, L1_reconstruction:0.00767, L2_kmeans:0.00090, L3_trace_logged:0.00090, L4_greedy:0.00012, L4_selected_direction:0.00012, L4_nonselected_snapshot_anchor:0.00000, L4_selected_fraction:1.00000, L4_anchor_fraction:0.00000", n_changed_assignment:31," cluster_sizes:[447, 189, 644, 405, 114]", greedy_eigen_direction:smallest, greedy_eigen_index:0, greedy_eigenvalue:0.10931307822465897, greedy_target_mode:selected_dimension_only, kmeans_n_init:100, kmeans_refresh_policy:one_epoch, batches_per_epoch:8, refinement_epoch:56, step9_metric_scope:full_dataset_after_epoch, step9_loss_scope:epoch_mean, step9_loss_batches:8, step9_loss_samples:1799, time:239.545
phase:paper_step4_to_7_common_refine_epoch_56, space:H_fused_latent, silhouette = 0.47728466987609863, loss:0.00314, n_changed_assignment:31," cluster_sizes:[185, 642, 448, 410, 114]", greedy_eigen_direction:smallest, greedy_eigen_index:0, greedy_eigenvalue:0.16167493164539337, greedy_target_mode:selected_dimension_only, kmeans_n_init:100, kmeans_refresh_policy:one_epoch, batches_per_epoch:8, time:239.954
phase:paper_step8_greedy_target_Yprime_refine_epoch_56, space:Y_greedy_target, silhouette = 0.5096493363380432, loss:0.00314, n_changed_assignment:31," cluster_sizes:[185, 642, 448, 410, 114]", greedy_eigen_direction:smallest, greedy_eigen_index:0, greedy_eigenvalue:0.16167493164539337, greedy_target_mode:selected_dimension_only, kmeans_n_init:100, kmeans_refresh_policy:one_epoch, batches_per_epoch:8, time:240.000
phase:paper_step9_after_full_epoch_57, space:H_fused_latent_same_labels, silhouette = 0.49093636870384216," loss:total:0.00848, L1_reconstruction:0.00747, L2_kmeans:0.00087, L3_trace_logged:0.00087, L4_greedy:0.00015, L4_selected_direction:0.00015, L4_nonselected_snapshot_anchor:0.00000, L4_selected_fraction:1.00000, L4_anchor_fraction:0.00000", n_changed_assignment:31," cluster_sizes:[185, 642, 448, 410, 114]", greedy_eigen_direction:smallest, greedy_eigen_index:0, greedy_eigenvalue:0.16167493164539337, greedy_target_mode:selected_dimension_only, kmeans_n_init:100, kmeans_refresh_policy:one_epoch, batches_per_epoch:8, refinement_epoch:57, step9_metric_scope:full_dataset_after_epoch, step9_loss_scope:epoch_mean, step9_loss_batches:8, step9_loss_samples:1799, time:243.033
phase:paper_step4_to_7_common_refine_epoch_57, space:H_fused_latent, silhouette = 0.4981100559234619, loss:0.00405, n_changed_assignment:48," cluster_sizes:[457, 657, 189, 385, 111]", greedy_eigen_direction:smallest, greedy_eigen_index:0, greedy_eigenvalue:0.13540448248386383, greedy_target_mode:selected_dimension_only, kmeans_n_init:100, kmeans_refresh_policy:one_epoch, batches_per_epoch:8, time:243.449
phase:paper_step8_greedy_target_Yprime_refine_epoch_57, space:Y_greedy_target, silhouette = 0.5253400802612305, loss:0.00405, n_changed_assignment:48," cluster_sizes:[457, 657, 189, 385, 111]", greedy_eigen_direction:smallest, greedy_eigen_index:0, greedy_eigenvalue:0.13540448248386383, greedy_target_mode:selected_dimension_only, kmeans_n_init:100, kmeans_refresh_policy:one_epoch, batches_per_epoch:8, time:243.496
phase:paper_step9_after_full_epoch_58, space:H_fused_latent_same_labels, silhouette = 0.4924374520778656," loss:total:0.00933, L1_reconstruction:0.00814, L2_kmeans:0.00099, L3_trace_logged:0.00099, L4_greedy:0.00020, L4_selected_direction:0.00020, L4_nonselected_snapshot_anchor:0.00000, L4_selected_fraction:1.00000, L4_anchor_fraction:0.00000", n_changed_assignment:48," cluster_sizes:[457, 657, 189, 385, 111]", greedy_eigen_direction:smallest, greedy_eigen_index:0, greedy_eigenvalue:0.13540448248386383, greedy_target_mode:selected_dimension_only, kmeans_n_init:100, kmeans_refresh_policy:one_epoch, batches_per_epoch:8, refinement_epoch:58, step9_metric_scope:full_dataset_after_epoch, step9_loss_scope:epoch_mean, step9_loss_batches:8, step9_loss_samples:1799, time:246.595
phase:paper_step4_to_7_common_refine_epoch_58, space:H_fused_latent, silhouette = 0.4993774890899658, loss:0.00404, n_changed_assignment:45," cluster_sizes:[451, 643, 184, 114, 407]", greedy_eigen_direction:smallest, greedy_eigen_index:0, greedy_eigenvalue:0.12466998398303986, greedy_target_mode:selected_dimension_only, kmeans_n_init:100, kmeans_refresh_policy:one_epoch, batches_per_epoch:8, time:247.212
phase:paper_step8_greedy_target_Yprime_refine_epoch_58, space:Y_greedy_target, silhouette = 0.5252701640129089, loss:0.00404, n_changed_assignment:45," cluster_sizes:[451, 643, 184, 114, 407]", greedy_eigen_direction:smallest, greedy_eigen_index:0, greedy_eigenvalue:0.12466998398303986, greedy_target_mode:selected_dimension_only, kmeans_n_init:100, kmeans_refresh_policy:one_epoch, batches_per_epoch:8, time:247.278
phase:paper_step9_after_full_epoch_59, space:H_fused_latent_same_labels, silhouette = 0.5150197148323059," loss:total:0.00959, L1_reconstruction:0.00858, L2_kmeans:0.00086, L3_trace_logged:0.00086, L4_greedy:0.00016, L4_selected_direction:0.00016, L4_nonselected_snapshot_anchor:0.00000, L4_selected_fraction:1.00000, L4_anchor_fraction:0.00000", n_changed_assignment:45," cluster_sizes:[451, 643, 184, 114, 407]", greedy_eigen_direction:smallest, greedy_eigen_index:0, greedy_eigenvalue:0.12466998398303986, greedy_target_mode:selected_dimension_only, kmeans_n_init:100, kmeans_refresh_policy:one_epoch, batches_per_epoch:8, refinement_epoch:59, step9_metric_scope:full_dataset_after_epoch, step9_loss_scope:epoch_mean, step9_loss_batches:8, step9_loss_samples:1799, time:250.726
phase:paper_step4_to_7_common_refine_epoch_59, space:H_fused_latent, silhouette = 0.5221777558326721, loss:0.0043, n_changed_assignment:41," cluster_sizes:[446, 648, 187, 408, 110]", greedy_eigen_direction:smallest, greedy_eigen_index:0, greedy_eigenvalue:0.11659418791532516, greedy_target_mode:selected_dimension_only, kmeans_n_init:100, kmeans_refresh_policy:one_epoch, batches_per_epoch:8, time:251.171
phase:paper_step8_greedy_target_Yprime_refine_epoch_59, space:Y_greedy_target, silhouette = 0.5497159957885742, loss:0.0043, n_changed_assignment:41," cluster_sizes:[446, 648, 187, 408, 110]", greedy_eigen_direction:smallest, greedy_eigen_index:0, greedy_eigenvalue:0.11659418791532516, greedy_target_mode:selected_dimension_only, kmeans_n_init:100, kmeans_refresh_policy:one_epoch, batches_per_epoch:8, time:251.218
phase:paper_step9_after_full_epoch_60, space:H_fused_latent_same_labels, silhouette = 0.536047101020813," loss:total:0.01074, L1_reconstruction:0.00968, L2_kmeans:0.00097, L3_trace_logged:0.00097, L4_greedy:0.00009, L4_selected_direction:0.00009, L4_nonselected_snapshot_anchor:0.00000, L4_selected_fraction:1.00000, L4_anchor_fraction:0.00000", n_changed_assignment:41," cluster_sizes:[446, 648, 187, 408, 110]", greedy_eigen_direction:smallest, greedy_eigen_index:0, greedy_eigenvalue:0.11659418791532516, greedy_target_mode:selected_dimension_only, kmeans_n_init:100, kmeans_refresh_policy:one_epoch, batches_per_epoch:8, refinement_epoch:60, step9_metric_scope:full_dataset_after_epoch, step9_loss_scope:epoch_mean, step9_loss_batches:8, step9_loss_samples:1799, time:254.036
phase:paper_step4_to_7_common_refine_epoch_60, space:H_fused_latent, silhouette = 0.5410623550415039, loss:0.00398, n_changed_assignment:30," cluster_sizes:[112, 444, 187, 414, 642]", greedy_eigen_direction:smallest, greedy_eigen_index:0, greedy_eigenvalue:0.12488668411970139, greedy_target_mode:selected_dimension_only, kmeans_n_init:100, kmeans_refresh_policy:one_epoch, batches_per_epoch:8, time:254.474
phase:paper_step8_greedy_target_Yprime_refine_epoch_60, space:Y_greedy_target, silhouette = 0.5683421492576599, loss:0.00398, n_changed_assignment:30," cluster_sizes:[112, 444, 187, 414, 642]", greedy_eigen_direction:smallest, greedy_eigen_index:0, greedy_eigenvalue:0.12488668411970139, greedy_target_mode:selected_dimension_only, kmeans_n_init:100, kmeans_refresh_policy:one_epoch, batches_per_epoch:8, time:254.523
phase:paper_step9_after_full_epoch_61, space:H_fused_latent_same_labels, silhouette = 0.5374581813812256," loss:total:0.01239, L1_reconstruction:0.01124, L2_kmeans:0.00100, L3_trace_logged:0.00100, L4_greedy:0.00015, L4_selected_direction:0.00015, L4_nonselected_snapshot_anchor:0.00000, L4_selected_fraction:1.00000, L4_anchor_fraction:0.00000", n_changed_assignment:30," cluster_sizes:[112, 444, 187, 414, 642]", greedy_eigen_direction:smallest, greedy_eigen_index:0, greedy_eigenvalue:0.12488668411970139, greedy_target_mode:selected_dimension_only, kmeans_n_init:100, kmeans_refresh_policy:one_epoch, batches_per_epoch:8, refinement_epoch:61, step9_metric_scope:full_dataset_after_epoch, step9_loss_scope:epoch_mean, step9_loss_batches:8, step9_loss_samples:1799, time:257.373
phase:paper_step4_to_7_common_refine_epoch_61, space:H_fused_latent, silhouette = 0.5410829782485962, loss:0.00592, n_changed_assignment:28," cluster_sizes:[447, 652, 188, 403, 109]", greedy_eigen_direction:smallest, greedy_eigen_index:0, greedy_eigenvalue:0.1094786673784256, greedy_target_mode:selected_dimension_only, kmeans_n_init:100, kmeans_refresh_policy:one_epoch, batches_per_epoch:8, time:257.790
phase:paper_step8_greedy_target_Yprime_refine_epoch_61, space:Y_greedy_target, silhouette = 0.5644137263298035, loss:0.00592, n_changed_assignment:28," cluster_sizes:[447, 652, 188, 403, 109]", greedy_eigen_direction:smallest, greedy_eigen_index:0, greedy_eigenvalue:0.1094786673784256, greedy_target_mode:selected_dimension_only, kmeans_n_init:100, kmeans_refresh_policy:one_epoch, batches_per_epoch:8, time:257.836
phase:paper_step9_after_full_epoch_62, space:H_fused_latent_same_labels, silhouette = 0.5409926772117615," loss:total:0.01182, L1_reconstruction:0.01068, L2_kmeans:0.00099, L3_trace_logged:0.00099, L4_greedy:0.00015, L4_selected_direction:0.00015, L4_nonselected_snapshot_anchor:0.00000, L4_selected_fraction:1.00000, L4_anchor_fraction:0.00000", n_changed_assignment:28," cluster_sizes:[447, 652, 188, 403, 109]", greedy_eigen_direction:smallest, greedy_eigen_index:0, greedy_eigenvalue:0.1094786673784256, greedy_target_mode:selected_dimension_only, kmeans_n_init:100, kmeans_refresh_policy:one_epoch, batches_per_epoch:8, refinement_epoch:62, step9_metric_scope:full_dataset_after_epoch, step9_loss_scope:epoch_mean, step9_loss_batches:8, step9_loss_samples:1799, time:261.312
phase:paper_step4_to_7_common_refine_epoch_62, space:H_fused_latent, silhouette = 0.5463778376579285, loss:0.0058, n_changed_assignment:38," cluster_sizes:[183, 400, 650, 454, 112]", greedy_eigen_direction:smallest, greedy_eigen_index:0, greedy_eigenvalue:0.10189787298440933, greedy_target_mode:selected_dimension_only, kmeans_n_init:100, kmeans_refresh_policy:one_epoch, batches_per_epoch:8, time:261.928
phase:paper_step8_greedy_target_Yprime_refine_epoch_62, space:Y_greedy_target, silhouette = 0.5671803951263428, loss:0.0058, n_changed_assignment:38," cluster_sizes:[183, 400, 650, 454, 112]", greedy_eigen_direction:smallest, greedy_eigen_index:0, greedy_eigenvalue:0.10189787298440933, greedy_target_mode:selected_dimension_only, kmeans_n_init:100, kmeans_refresh_policy:one_epoch, batches_per_epoch:8, time:262.035
phase:paper_step9_after_full_epoch_63, space:H_fused_latent_same_labels, silhouette = 0.5468476414680481," loss:total:0.01178, L1_reconstruction:0.01073, L2_kmeans:0.00091, L3_trace_logged:0.00091, L4_greedy:0.00014, L4_selected_direction:0.00014, L4_nonselected_snapshot_anchor:0.00000, L4_selected_fraction:1.00000, L4_anchor_fraction:0.00000", n_changed_assignment:38," cluster_sizes:[183, 400, 650, 454, 112]", greedy_eigen_direction:smallest, greedy_eigen_index:0, greedy_eigenvalue:0.10189787298440933, greedy_target_mode:selected_dimension_only, kmeans_n_init:100, kmeans_refresh_policy:one_epoch, batches_per_epoch:8, refinement_epoch:63, step9_metric_scope:full_dataset_after_epoch, step9_loss_scope:epoch_mean, step9_loss_batches:8, step9_loss_samples:1799, time:265.574
phase:paper_step4_to_7_common_refine_epoch_63, space:H_fused_latent, silhouette = 0.5499215722084045, loss:0.0035, n_changed_assignment:28," cluster_sizes:[640, 453, 113, 411, 182]", greedy_eigen_direction:smallest, greedy_eigen_index:0, greedy_eigenvalue:0.10854393243789673, greedy_target_mode:selected_dimension_only, kmeans_n_init:100, kmeans_refresh_policy:one_epoch, batches_per_epoch:8, time:266.047
phase:paper_step8_greedy_target_Yprime_refine_epoch_63, space:Y_greedy_target, silhouette = 0.5700640082359314, loss:0.0035, n_changed_assignment:28," cluster_sizes:[640, 453, 113, 411, 182]", greedy_eigen_direction:smallest, greedy_eigen_index:0, greedy_eigenvalue:0.10854393243789673, greedy_target_mode:selected_dimension_only, kmeans_n_init:100, kmeans_refresh_policy:one_epoch, batches_per_epoch:8, time:266.093
phase:paper_step9_after_full_epoch_64, space:H_fused_latent_same_labels, silhouette = 0.5355004072189331," loss:total:0.01286, L1_reconstruction:0.01171, L2_kmeans:0.00103, L3_trace_logged:0.00103, L4_greedy:0.00012, L4_selected_direction:0.00012, L4_nonselected_snapshot_anchor:0.00000, L4_selected_fraction:1.00000, L4_anchor_fraction:0.00000", n_changed_assignment:28," cluster_sizes:[640, 453, 113, 411, 182]", greedy_eigen_direction:smallest, greedy_eigen_index:0, greedy_eigenvalue:0.10854393243789673, greedy_target_mode:selected_dimension_only, kmeans_n_init:100, kmeans_refresh_policy:one_epoch, batches_per_epoch:8, refinement_epoch:64, step9_metric_scope:full_dataset_after_epoch, step9_loss_scope:epoch_mean, step9_loss_batches:8, step9_loss_samples:1799, time:268.919
phase:paper_step4_to_7_common_refine_epoch_64, space:H_fused_latent, silhouette = 0.5412655472755432, loss:0.01038, n_changed_assignment:32," cluster_sizes:[445, 117, 632, 425, 180]", greedy_eigen_direction:smallest, greedy_eigen_index:0, greedy_eigenvalue:0.11149025708436966, greedy_target_mode:selected_dimension_only, kmeans_n_init:100, kmeans_refresh_policy:one_epoch, batches_per_epoch:8, time:269.335
phase:paper_step8_greedy_target_Yprime_refine_epoch_64, space:Y_greedy_target, silhouette = 0.5609486699104309, loss:0.01038, n_changed_assignment:32," cluster_sizes:[445, 117, 632, 425, 180]", greedy_eigen_direction:smallest, greedy_eigen_index:0, greedy_eigenvalue:0.11149025708436966, greedy_target_mode:selected_dimension_only, kmeans_n_init:100, kmeans_refresh_policy:one_epoch, batches_per_epoch:8, time:269.381
phase:paper_step9_after_full_epoch_65, space:H_fused_latent_same_labels, silhouette = 0.5487334132194519," loss:total:0.01795, L1_reconstruction:0.01680, L2_kmeans:0.00107, L3_trace_logged:0.00107, L4_greedy:0.00008, L4_selected_direction:0.00008, L4_nonselected_snapshot_anchor:0.00000, L4_selected_fraction:1.00000, L4_anchor_fraction:0.00000", n_changed_assignment:32," cluster_sizes:[445, 117, 632, 425, 180]", greedy_eigen_direction:smallest, greedy_eigen_index:0, greedy_eigenvalue:0.11149025708436966, greedy_target_mode:selected_dimension_only, kmeans_n_init:100, kmeans_refresh_policy:one_epoch, batches_per_epoch:8, refinement_epoch:65, step9_metric_scope:full_dataset_after_epoch, step9_loss_scope:epoch_mean, step9_loss_batches:8, step9_loss_samples:1799, time:272.368
phase:paper_step4_to_7_common_refine_epoch_65, space:H_fused_latent, silhouette = 0.554446280002594, loss:0.01638, n_changed_assignment:33," cluster_sizes:[111, 640, 441, 424, 183]", greedy_eigen_direction:smallest, greedy_eigen_index:0, greedy_eigenvalue:0.11418131738901138, greedy_target_mode:selected_dimension_only, kmeans_n_init:100, kmeans_refresh_policy:one_epoch, batches_per_epoch:8, time:272.773
phase:paper_step8_greedy_target_Yprime_refine_epoch_65, space:Y_greedy_target, silhouette = 0.5761431455612183, loss:0.01638, n_changed_assignment:33," cluster_sizes:[111, 640, 441, 424, 183]", greedy_eigen_direction:smallest, greedy_eigen_index:0, greedy_eigenvalue:0.11418131738901138, greedy_target_mode:selected_dimension_only, kmeans_n_init:100, kmeans_refresh_policy:one_epoch, batches_per_epoch:8, time:272.823
phase:paper_step9_after_full_epoch_66, space:H_fused_latent_same_labels, silhouette = 0.5354948043823242," loss:total:0.01499, L1_reconstruction:0.01389, L2_kmeans:0.00099, L3_trace_logged:0.00099, L4_greedy:0.00011, L4_selected_direction:0.00011, L4_nonselected_snapshot_anchor:0.00000, L4_selected_fraction:1.00000, L4_anchor_fraction:0.00000", n_changed_assignment:33," cluster_sizes:[111, 640, 441, 424, 183]", greedy_eigen_direction:smallest, greedy_eigen_index:0, greedy_eigenvalue:0.11418131738901138, greedy_target_mode:selected_dimension_only, kmeans_n_init:100, kmeans_refresh_policy:one_epoch, batches_per_epoch:8, refinement_epoch:66, step9_metric_scope:full_dataset_after_epoch, step9_loss_scope:epoch_mean, step9_loss_batches:8, step9_loss_samples:1799, time:276.322
phase:paper_step4_to_7_common_refine_epoch_66, space:H_fused_latent, silhouette = 0.5381647944450378, loss:0.01087, n_changed_assignment:28," cluster_sizes:[428, 109, 430, 645, 187]", greedy_eigen_direction:smallest, greedy_eigen_index:0, greedy_eigenvalue:0.10671964287757874, greedy_target_mode:selected_dimension_only, kmeans_n_init:100, kmeans_refresh_policy:one_epoch, batches_per_epoch:8, time:276.921
phase:paper_step8_greedy_target_Yprime_refine_epoch_66, space:Y_greedy_target, silhouette = 0.5556415915489197, loss:0.01087, n_changed_assignment:28," cluster_sizes:[428, 109, 430, 645, 187]", greedy_eigen_direction:smallest, greedy_eigen_index:0, greedy_eigenvalue:0.10671964287757874, greedy_target_mode:selected_dimension_only, kmeans_n_init:100, kmeans_refresh_policy:one_epoch, batches_per_epoch:8, time:277.025
phase:paper_step9_after_full_epoch_67, space:H_fused_latent_same_labels, silhouette = 0.5399511456489563," loss:total:0.02931, L1_reconstruction:0.02766, L2_kmeans:0.00157, L3_trace_logged:0.00157, L4_greedy:0.00007, L4_selected_direction:0.00007, L4_nonselected_snapshot_anchor:0.00000, L4_selected_fraction:1.00000, L4_anchor_fraction:0.00000", n_changed_assignment:28," cluster_sizes:[428, 109, 430, 645, 187]", greedy_eigen_direction:smallest, greedy_eigen_index:0, greedy_eigenvalue:0.10671964287757874, greedy_target_mode:selected_dimension_only, kmeans_n_init:100, kmeans_refresh_policy:one_epoch, batches_per_epoch:8, refinement_epoch:67, step9_metric_scope:full_dataset_after_epoch, step9_loss_scope:epoch_mean, step9_loss_batches:8, step9_loss_samples:1799, time:280.157
phase:paper_step4_to_7_common_refine_epoch_67, space:H_fused_latent, silhouette = 0.5488042831420898, loss:0.02893, n_changed_assignment:47," cluster_sizes:[444, 657, 188, 398, 112]", greedy_eigen_direction:smallest, greedy_eigen_index:0, greedy_eigenvalue:0.10909173637628555, greedy_target_mode:selected_dimension_only, kmeans_n_init:100, kmeans_refresh_policy:one_epoch, batches_per_epoch:8, time:280.576
phase:paper_step8_greedy_target_Yprime_refine_epoch_67, space:Y_greedy_target, silhouette = 0.5682384967803955, loss:0.02893, n_changed_assignment:47," cluster_sizes:[444, 657, 188, 398, 112]", greedy_eigen_direction:smallest, greedy_eigen_index:0, greedy_eigenvalue:0.10909173637628555, greedy_target_mode:selected_dimension_only, kmeans_n_init:100, kmeans_refresh_policy:one_epoch, batches_per_epoch:8, time:280.623
phase:paper_step9_after_full_epoch_68, space:H_fused_latent_same_labels, silhouette = 0.5059260725975037," loss:total:0.02316, L1_reconstruction:0.02141, L2_kmeans:0.00160, L3_trace_logged:0.00160, L4_greedy:0.00015, L4_selected_direction:0.00015, L4_nonselected_snapshot_anchor:0.00000, L4_selected_fraction:1.00000, L4_anchor_fraction:0.00000", n_changed_assignment:47," cluster_sizes:[444, 657, 188, 398, 112]", greedy_eigen_direction:smallest, greedy_eigen_index:0, greedy_eigenvalue:0.10909173637628555, greedy_target_mode:selected_dimension_only, kmeans_n_init:100, kmeans_refresh_policy:one_epoch, batches_per_epoch:8, refinement_epoch:68, step9_metric_scope:full_dataset_after_epoch, step9_loss_scope:epoch_mean, step9_loss_batches:8, step9_loss_samples:1799, time:283.734
phase:paper_step4_to_7_common_refine_epoch_68, space:H_fused_latent, silhouette = 0.5117068886756897, loss:0.01381, n_changed_assignment:41," cluster_sizes:[641, 446, 183, 415, 114]", greedy_eigen_direction:smallest, greedy_eigen_index:0, greedy_eigenvalue:0.08765217661857605, greedy_target_mode:selected_dimension_only, kmeans_n_init:100, kmeans_refresh_policy:one_epoch, batches_per_epoch:8, time:284.134
phase:paper_step8_greedy_target_Yprime_refine_epoch_68, space:Y_greedy_target, silhouette = 0.5261565446853638, loss:0.01381, n_changed_assignment:41," cluster_sizes:[641, 446, 183, 415, 114]", greedy_eigen_direction:smallest, greedy_eigen_index:0, greedy_eigenvalue:0.08765217661857605, greedy_target_mode:selected_dimension_only, kmeans_n_init:100, kmeans_refresh_policy:one_epoch, batches_per_epoch:8, time:284.183
phase:paper_step9_after_full_epoch_69, space:H_fused_latent_same_labels, silhouette = 0.5200135707855225," loss:total:0.02142, L1_reconstruction:0.01993, L2_kmeans:0.00130, L3_trace_logged:0.00130, L4_greedy:0.00018, L4_selected_direction:0.00018, L4_nonselected_snapshot_anchor:0.00000, L4_selected_fraction:1.00000, L4_anchor_fraction:0.00000", n_changed_assignment:41," cluster_sizes:[641, 446, 183, 415, 114]", greedy_eigen_direction:smallest, greedy_eigen_index:0, greedy_eigenvalue:0.08765217661857605, greedy_target_mode:selected_dimension_only, kmeans_n_init:100, kmeans_refresh_policy:one_epoch, batches_per_epoch:8, refinement_epoch:69, step9_metric_scope:full_dataset_after_epoch, step9_loss_scope:epoch_mean, step9_loss_batches:8, step9_loss_samples:1799, time:287.035
phase:paper_step4_to_7_common_refine_epoch_69, space:H_fused_latent, silhouette = 0.5240674018859863, loss:0.00983, n_changed_assignment:26," cluster_sizes:[439, 114, 181, 642, 423]", greedy_eigen_direction:smallest, greedy_eigen_index:0, greedy_eigenvalue:0.13812726736068726, greedy_target_mode:selected_dimension_only, kmeans_n_init:100, kmeans_refresh_policy:one_epoch, batches_per_epoch:8, time:287.447
phase:paper_step8_greedy_target_Yprime_refine_epoch_69, space:Y_greedy_target, silhouette = 0.5482620596885681, loss:0.00983, n_changed_assignment:26," cluster_sizes:[439, 114, 181, 642, 423]", greedy_eigen_direction:smallest, greedy_eigen_index:0, greedy_eigenvalue:0.13812726736068726, greedy_target_mode:selected_dimension_only, kmeans_n_init:100, kmeans_refresh_policy:one_epoch, batches_per_epoch:8, time:287.496
phase:paper_step9_after_full_epoch_70, space:H_fused_latent_same_labels, silhouette = 0.5188929438591003," loss:total:0.01618, L1_reconstruction:0.01492, L2_kmeans:0.00119, L3_trace_logged:0.00119, L4_greedy:0.00008, L4_selected_direction:0.00008, L4_nonselected_snapshot_anchor:0.00000, L4_selected_fraction:1.00000, L4_anchor_fraction:0.00000", n_changed_assignment:26," cluster_sizes:[439, 114, 181, 642, 423]", greedy_eigen_direction:smallest, greedy_eigen_index:0, greedy_eigenvalue:0.13812726736068726, greedy_target_mode:selected_dimension_only, kmeans_n_init:100, kmeans_refresh_policy:one_epoch, batches_per_epoch:8, refinement_epoch:70, step9_metric_scope:full_dataset_after_epoch, step9_loss_scope:epoch_mean, step9_loss_batches:8, step9_loss_samples:1799, time:291.483
phase:paper_step4_to_7_common_refine_epoch_70, space:H_fused_latent, silhouette = 0.5251847505569458, loss:0.01021, n_changed_assignment:42," cluster_sizes:[427, 653, 178, 424, 117]", greedy_eigen_direction:smallest, greedy_eigen_index:0, greedy_eigenvalue:0.11117835342884064, greedy_target_mode:selected_dimension_only, kmeans_n_init:100, kmeans_refresh_policy:one_epoch, batches_per_epoch:8, time:292.104
phase:paper_step8_greedy_target_Yprime_refine_epoch_70, space:Y_greedy_target, silhouette = 0.5418087244033813, loss:0.01021, n_changed_assignment:42," cluster_sizes:[427, 653, 178, 424, 117]", greedy_eigen_direction:smallest, greedy_eigen_index:0, greedy_eigenvalue:0.11117835342884064, greedy_target_mode:selected_dimension_only, kmeans_n_init:100, kmeans_refresh_policy:one_epoch, batches_per_epoch:8, time:292.154
phase:paper_step9_after_full_epoch_71, space:H_fused_latent_same_labels, silhouette = 0.5205948948860168," loss:total:0.01218, L1_reconstruction:0.01097, L2_kmeans:0.00109, L3_trace_logged:0.00109, L4_greedy:0.00012, L4_selected_direction:0.00012, L4_nonselected_snapshot_anchor:0.00000, L4_selected_fraction:1.00000, L4_anchor_fraction:0.00000", n_changed_assignment:42," cluster_sizes:[427, 653, 178, 424, 117]", greedy_eigen_direction:smallest, greedy_eigen_index:0, greedy_eigenvalue:0.11117835342884064, greedy_target_mode:selected_dimension_only, kmeans_n_init:100, kmeans_refresh_policy:one_epoch, batches_per_epoch:8, refinement_epoch:71, step9_metric_scope:full_dataset_after_epoch, step9_loss_scope:epoch_mean, step9_loss_batches:8, step9_loss_samples:1799, time:294.968
phase:paper_step4_to_7_common_refine_epoch_71, space:H_fused_latent, silhouette = 0.5298401713371277, loss:0.00891, n_changed_assignment:44," cluster_sizes:[437, 665, 184, 399, 114]", greedy_eigen_direction:smallest, greedy_eigen_index:0, greedy_eigenvalue:0.11127395927906036, greedy_target_mode:selected_dimension_only, kmeans_n_init:100, kmeans_refresh_policy:one_epoch, batches_per_epoch:8, time:295.388
phase:paper_step8_greedy_target_Yprime_refine_epoch_71, space:Y_greedy_target, silhouette = 0.5512567162513733, loss:0.00891, n_changed_assignment:44," cluster_sizes:[437, 665, 184, 399, 114]", greedy_eigen_direction:smallest, greedy_eigen_index:0, greedy_eigenvalue:0.11127395927906036, greedy_target_mode:selected_dimension_only, kmeans_n_init:100, kmeans_refresh_policy:one_epoch, batches_per_epoch:8, time:295.437
phase:paper_step9_after_full_epoch_72, space:H_fused_latent_same_labels, silhouette = 0.5397462844848633," loss:total:0.01090, L1_reconstruction:0.00995, L2_kmeans:0.00084, L3_trace_logged:0.00084, L4_greedy:0.00011, L4_selected_direction:0.00011, L4_nonselected_snapshot_anchor:0.00000, L4_selected_fraction:1.00000, L4_anchor_fraction:0.00000", n_changed_assignment:44," cluster_sizes:[437, 665, 184, 399, 114]", greedy_eigen_direction:smallest, greedy_eigen_index:0, greedy_eigenvalue:0.11127395927906036, greedy_target_mode:selected_dimension_only, kmeans_n_init:100, kmeans_refresh_policy:one_epoch, batches_per_epoch:8, refinement_epoch:72, step9_metric_scope:full_dataset_after_epoch, step9_loss_scope:epoch_mean, step9_loss_batches:8, step9_loss_samples:1799, time:298.301
phase:paper_step4_to_7_common_refine_epoch_72, space:H_fused_latent, silhouette = 0.543003499507904, loss:0.00426, n_changed_assignment:32," cluster_sizes:[409, 181, 651, 442, 116]", greedy_eigen_direction:smallest, greedy_eigen_index:0, greedy_eigenvalue:0.081712506711483, greedy_target_mode:selected_dimension_only, kmeans_n_init:100, kmeans_refresh_policy:one_epoch, batches_per_epoch:8, time:298.709
phase:paper_step8_greedy_target_Yprime_refine_epoch_72, space:Y_greedy_target, silhouette = 0.5599038004875183, loss:0.00426, n_changed_assignment:32," cluster_sizes:[409, 181, 651, 442, 116]", greedy_eigen_direction:smallest, greedy_eigen_index:0, greedy_eigenvalue:0.081712506711483, greedy_target_mode:selected_dimension_only, kmeans_n_init:100, kmeans_refresh_policy:one_epoch, batches_per_epoch:8, time:298.758
phase:paper_step9_after_full_epoch_73, space:H_fused_latent_same_labels, silhouette = 0.5544362664222717," loss:total:0.00958, L1_reconstruction:0.00883, L2_kmeans:0.00069, L3_trace_logged:0.00069, L4_greedy:0.00006, L4_selected_direction:0.00006, L4_nonselected_snapshot_anchor:0.00000, L4_selected_fraction:1.00000, L4_anchor_fraction:0.00000", n_changed_assignment:32," cluster_sizes:[409, 181, 651, 442, 116]", greedy_eigen_direction:smallest, greedy_eigen_index:0, greedy_eigenvalue:0.081712506711483, greedy_target_mode:selected_dimension_only, kmeans_n_init:100, kmeans_refresh_policy:one_epoch, batches_per_epoch:8, refinement_epoch:73, step9_metric_scope:full_dataset_after_epoch, step9_loss_scope:epoch_mean, step9_loss_batches:8, step9_loss_samples:1799, time:301.577
phase:paper_step4_to_7_common_refine_epoch_73, space:H_fused_latent, silhouette = 0.5602574944496155, loss:0.0068, n_changed_assignment:37," cluster_sizes:[439, 665, 189, 397, 109]", greedy_eigen_direction:smallest, greedy_eigen_index:0, greedy_eigenvalue:0.10774469375610352, greedy_target_mode:selected_dimension_only, kmeans_n_init:100, kmeans_refresh_policy:one_epoch, batches_per_epoch:8, time:301.981
phase:paper_step8_greedy_target_Yprime_refine_epoch_73, space:Y_greedy_target, silhouette = 0.5831166505813599, loss:0.0068, n_changed_assignment:37," cluster_sizes:[439, 665, 189, 397, 109]", greedy_eigen_direction:smallest, greedy_eigen_index:0, greedy_eigenvalue:0.10774469375610352, greedy_target_mode:selected_dimension_only, kmeans_n_init:100, kmeans_refresh_policy:one_epoch, batches_per_epoch:8, time:302.049
phase:paper_step9_after_full_epoch_74, space:H_fused_latent_same_labels, silhouette = 0.5421582460403442," loss:total:0.00840, L1_reconstruction:0.00762, L2_kmeans:0.00069, L3_trace_logged:0.00069, L4_greedy:0.00009, L4_selected_direction:0.00009, L4_nonselected_snapshot_anchor:0.00000, L4_selected_fraction:1.00000, L4_anchor_fraction:0.00000", n_changed_assignment:37," cluster_sizes:[439, 665, 189, 397, 109]", greedy_eigen_direction:smallest, greedy_eigen_index:0, greedy_eigenvalue:0.10774469375610352, greedy_target_mode:selected_dimension_only, kmeans_n_init:100, kmeans_refresh_policy:one_epoch, batches_per_epoch:8, refinement_epoch:74, step9_metric_scope:full_dataset_after_epoch, step9_loss_scope:epoch_mean, step9_loss_batches:8, step9_loss_samples:1799, time:306.025
phase:paper_step4_to_7_common_refine_epoch_74, space:H_fused_latent, silhouette = 0.5465628504753113, loss:0.0074, n_changed_assignment:38," cluster_sizes:[433, 651, 181, 418, 116]", greedy_eigen_direction:smallest, greedy_eigen_index:0, greedy_eigenvalue:0.08504505455493927, greedy_target_mode:selected_dimension_only, kmeans_n_init:100, kmeans_refresh_policy:one_epoch, batches_per_epoch:8, time:306.438
phase:paper_step8_greedy_target_Yprime_refine_epoch_74, space:Y_greedy_target, silhouette = 0.5659089684486389, loss:0.0074, n_changed_assignment:38," cluster_sizes:[433, 651, 181, 418, 116]", greedy_eigen_direction:smallest, greedy_eigen_index:0, greedy_eigenvalue:0.08504505455493927, greedy_target_mode:selected_dimension_only, kmeans_n_init:100, kmeans_refresh_policy:one_epoch, batches_per_epoch:8, time:306.486
phase:paper_step9_after_full_epoch_75, space:H_fused_latent_same_labels, silhouette = 0.5609210729598999," loss:total:0.00999, L1_reconstruction:0.00922, L2_kmeans:0.00072, L3_trace_logged:0.00072, L4_greedy:0.00006, L4_selected_direction:0.00006, L4_nonselected_snapshot_anchor:0.00000, L4_selected_fraction:1.00000, L4_anchor_fraction:0.00000", n_changed_assignment:38," cluster_sizes:[433, 651, 181, 418, 116]", greedy_eigen_direction:smallest, greedy_eigen_index:0, greedy_eigenvalue:0.08504505455493927, greedy_target_mode:selected_dimension_only, kmeans_n_init:100, kmeans_refresh_policy:one_epoch, batches_per_epoch:8, refinement_epoch:75, step9_metric_scope:full_dataset_after_epoch, step9_loss_scope:epoch_mean, step9_loss_batches:8, step9_loss_samples:1799, time:309.424
phase:paper_step4_to_7_common_refine_epoch_75, space:H_fused_latent, silhouette = 0.5677264332771301, loss:0.0071, n_changed_assignment:33," cluster_sizes:[443, 114, 183, 409, 650]", greedy_eigen_direction:smallest, greedy_eigen_index:0, greedy_eigenvalue:0.08981700241565704, greedy_target_mode:selected_dimension_only, kmeans_n_init:100, kmeans_refresh_policy:one_epoch, batches_per_epoch:8, time:309.877
phase:paper_step8_greedy_target_Yprime_refine_epoch_75, space:Y_greedy_target, silhouette = 0.5875269174575806, loss:0.0071, n_changed_assignment:33," cluster_sizes:[443, 114, 183, 409, 650]", greedy_eigen_direction:smallest, greedy_eigen_index:0, greedy_eigenvalue:0.08981700241565704, greedy_target_mode:selected_dimension_only, kmeans_n_init:100, kmeans_refresh_policy:one_epoch, batches_per_epoch:8, time:309.926
phase:paper_step9_after_full_epoch_76, space:H_fused_latent_same_labels, silhouette = 0.5603634119033813," loss:total:0.00919, L1_reconstruction:0.00844, L2_kmeans:0.00066, L3_trace_logged:0.00066, L4_greedy:0.00010, L4_selected_direction:0.00010, L4_nonselected_snapshot_anchor:0.00000, L4_selected_fraction:1.00000, L4_anchor_fraction:0.00000", n_changed_assignment:33," cluster_sizes:[443, 114, 183, 409, 650]", greedy_eigen_direction:smallest, greedy_eigen_index:0, greedy_eigenvalue:0.08981700241565704, greedy_target_mode:selected_dimension_only, kmeans_n_init:100, kmeans_refresh_policy:one_epoch, batches_per_epoch:8, refinement_epoch:76, step9_metric_scope:full_dataset_after_epoch, step9_loss_scope:epoch_mean, step9_loss_batches:8, step9_loss_samples:1799, time:312.777
phase:paper_step4_to_7_common_refine_epoch_76, space:H_fused_latent, silhouette = 0.5657188296318054, loss:0.00494, n_changed_assignment:36," cluster_sizes:[429, 652, 179, 426, 113]", greedy_eigen_direction:smallest, greedy_eigen_index:0, greedy_eigenvalue:0.06883851438760757, greedy_target_mode:selected_dimension_only, kmeans_n_init:100, kmeans_refresh_policy:one_epoch, batches_per_epoch:8, time:313.207
phase:paper_step8_greedy_target_Yprime_refine_epoch_76, space:Y_greedy_target, silhouette = 0.5816587209701538, loss:0.00494, n_changed_assignment:36," cluster_sizes:[429, 652, 179, 426, 113]", greedy_eigen_direction:smallest, greedy_eigen_index:0, greedy_eigenvalue:0.06883851438760757, greedy_target_mode:selected_dimension_only, kmeans_n_init:100, kmeans_refresh_policy:one_epoch, batches_per_epoch:8, time:313.253
phase:paper_step9_after_full_epoch_77, space:H_fused_latent_same_labels, silhouette = 0.5639480948448181," loss:total:0.00918, L1_reconstruction:0.00843, L2_kmeans:0.00069, L3_trace_logged:0.00069, L4_greedy:0.00006, L4_selected_direction:0.00006, L4_nonselected_snapshot_anchor:0.00000, L4_selected_fraction:1.00000, L4_anchor_fraction:0.00000", n_changed_assignment:36," cluster_sizes:[429, 652, 179, 426, 113]", greedy_eigen_direction:smallest, greedy_eigen_index:0, greedy_eigenvalue:0.06883851438760757, greedy_target_mode:selected_dimension_only, kmeans_n_init:100, kmeans_refresh_policy:one_epoch, batches_per_epoch:8, refinement_epoch:77, step9_metric_scope:full_dataset_after_epoch, step9_loss_scope:epoch_mean, step9_loss_batches:8, step9_loss_samples:1799, time:316.311
phase:paper_step4_to_7_common_refine_epoch_77, space:H_fused_latent, silhouette = 0.5688979625701904, loss:0.00588, n_changed_assignment:30," cluster_sizes:[433, 110, 423, 186, 647]", greedy_eigen_direction:smallest, greedy_eigen_index:0, greedy_eigenvalue:0.08036056160926819, greedy_target_mode:selected_dimension_only, kmeans_n_init:100, kmeans_refresh_policy:one_epoch, batches_per_epoch:8, time:316.843
phase:paper_step8_greedy_target_Yprime_refine_epoch_77, space:Y_greedy_target, silhouette = 0.586555004119873, loss:0.00588, n_changed_assignment:30," cluster_sizes:[433, 110, 423, 186, 647]", greedy_eigen_direction:smallest, greedy_eigen_index:0, greedy_eigenvalue:0.08036056160926819, greedy_target_mode:selected_dimension_only, kmeans_n_init:100, kmeans_refresh_policy:one_epoch, batches_per_epoch:8, time:316.897
phase:paper_step9_after_full_epoch_78, space:H_fused_latent_same_labels, silhouette = 0.5544154644012451," loss:total:0.00855, L1_reconstruction:0.00780, L2_kmeans:0.00069, L3_trace_logged:0.00069, L4_greedy:0.00006, L4_selected_direction:0.00006, L4_nonselected_snapshot_anchor:0.00000, L4_selected_fraction:1.00000, L4_anchor_fraction:0.00000", n_changed_assignment:30," cluster_sizes:[433, 110, 423, 186, 647]", greedy_eigen_direction:smallest, greedy_eigen_index:0, greedy_eigenvalue:0.08036056160926819, greedy_target_mode:selected_dimension_only, kmeans_n_init:100, kmeans_refresh_policy:one_epoch, batches_per_epoch:8, refinement_epoch:78, step9_metric_scope:full_dataset_after_epoch, step9_loss_scope:epoch_mean, step9_loss_batches:8, step9_loss_samples:1799, time:320.700
phase:paper_step4_to_7_common_refine_epoch_78, space:H_fused_latent, silhouette = 0.5624374747276306, loss:0.00563, n_changed_assignment:40," cluster_sizes:[433, 648, 179, 424, 115]", greedy_eigen_direction:smallest, greedy_eigen_index:0, greedy_eigenvalue:0.060394421219825745, greedy_target_mode:selected_dimension_only, kmeans_n_init:100, kmeans_refresh_policy:one_epoch, batches_per_epoch:8, time:321.110
phase:paper_step8_greedy_target_Yprime_refine_epoch_78, space:Y_greedy_target, silhouette = 0.5769818425178528, loss:0.00563, n_changed_assignment:40," cluster_sizes:[433, 648, 179, 424, 115]", greedy_eigen_direction:smallest, greedy_eigen_index:0, greedy_eigenvalue:0.060394421219825745, greedy_target_mode:selected_dimension_only, kmeans_n_init:100, kmeans_refresh_policy:one_epoch, batches_per_epoch:8, time:321.156
phase:paper_step9_after_full_epoch_79, space:H_fused_latent_same_labels, silhouette = 0.5775682926177979," loss:total:0.00899, L1_reconstruction:0.00831, L2_kmeans:0.00064, L3_trace_logged:0.00064, L4_greedy:0.00004, L4_selected_direction:0.00004, L4_nonselected_snapshot_anchor:0.00000, L4_selected_fraction:1.00000, L4_anchor_fraction:0.00000", n_changed_assignment:40," cluster_sizes:[433, 648, 179, 424, 115]", greedy_eigen_direction:smallest, greedy_eigen_index:0, greedy_eigenvalue:0.060394421219825745, greedy_target_mode:selected_dimension_only, kmeans_n_init:100, kmeans_refresh_policy:one_epoch, batches_per_epoch:8, refinement_epoch:79, step9_metric_scope:full_dataset_after_epoch, step9_loss_scope:epoch_mean, step9_loss_batches:8, step9_loss_samples:1799, time:324.036
phase:paper_step4_to_7_common_refine_epoch_79, space:H_fused_latent, silhouette = 0.5842598676681519, loss:0.00674, n_changed_assignment:35," cluster_sizes:[435, 646, 186, 422, 110]", greedy_eigen_direction:smallest, greedy_eigen_index:0, greedy_eigenvalue:0.058124642819166183, greedy_target_mode:selected_dimension_only, kmeans_n_init:100, kmeans_refresh_policy:one_epoch, batches_per_epoch:8, time:324.438
phase:paper_step8_greedy_target_Yprime_refine_epoch_79, space:Y_greedy_target, silhouette = 0.5981472730636597, loss:0.00674, n_changed_assignment:35," cluster_sizes:[435, 646, 186, 422, 110]", greedy_eigen_direction:smallest, greedy_eigen_index:0, greedy_eigenvalue:0.058124642819166183, greedy_target_mode:selected_dimension_only, kmeans_n_init:100, kmeans_refresh_policy:one_epoch, batches_per_epoch:8, time:324.493
phase:paper_step9_after_full_epoch_80, space:H_fused_latent_same_labels, silhouette = 0.5644036531448364," loss:total:0.00883, L1_reconstruction:0.00813, L2_kmeans:0.00066, L3_trace_logged:0.00066, L4_greedy:0.00004, L4_selected_direction:0.00004, L4_nonselected_snapshot_anchor:0.00000, L4_selected_fraction:1.00000, L4_anchor_fraction:0.00000", n_changed_assignment:35," cluster_sizes:[435, 646, 186, 422, 110]", greedy_eigen_direction:smallest, greedy_eigen_index:0, greedy_eigenvalue:0.058124642819166183, greedy_target_mode:selected_dimension_only, kmeans_n_init:100, kmeans_refresh_policy:one_epoch, batches_per_epoch:8, refinement_epoch:80, step9_metric_scope:full_dataset_after_epoch, step9_loss_scope:epoch_mean, step9_loss_batches:8, step9_loss_samples:1799, time:327.406
phase:paper_step4_to_7_common_refine_epoch_80, space:H_fused_latent, silhouette = 0.568824827671051, loss:0.00555, n_changed_assignment:37," cluster_sizes:[113, 432, 430, 176, 648]", greedy_eigen_direction:smallest, greedy_eigen_index:0, greedy_eigenvalue:0.056426890194416046, greedy_target_mode:selected_dimension_only, kmeans_n_init:100, kmeans_refresh_policy:one_epoch, batches_per_epoch:8, time:327.826
phase:paper_step8_greedy_target_Yprime_refine_epoch_80, space:Y_greedy_target, silhouette = 0.5812482833862305, loss:0.00555, n_changed_assignment:37," cluster_sizes:[113, 432, 430, 176, 648]", greedy_eigen_direction:smallest, greedy_eigen_index:0, greedy_eigenvalue:0.056426890194416046, greedy_target_mode:selected_dimension_only, kmeans_n_init:100, kmeans_refresh_policy:one_epoch, batches_per_epoch:8, time:327.877
phase:paper_step9_after_full_epoch_81, space:H_fused_latent_same_labels, silhouette = 0.5806127786636353," loss:total:0.00965, L1_reconstruction:0.00893, L2_kmeans:0.00068, L3_trace_logged:0.00068, L4_greedy:0.00004, L4_selected_direction:0.00004, L4_nonselected_snapshot_anchor:0.00000, L4_selected_fraction:1.00000, L4_anchor_fraction:0.00000", n_changed_assignment:37," cluster_sizes:[113, 432, 430, 176, 648]", greedy_eigen_direction:smallest, greedy_eigen_index:0, greedy_eigenvalue:0.056426890194416046, greedy_target_mode:selected_dimension_only, kmeans_n_init:100, kmeans_refresh_policy:one_epoch, batches_per_epoch:8, refinement_epoch:81, step9_metric_scope:full_dataset_after_epoch, step9_loss_scope:epoch_mean, step9_loss_batches:8, step9_loss_samples:1799, time:331.284
phase:paper_step4_to_7_common_refine_epoch_81, space:H_fused_latent, silhouette = 0.5867346525192261, loss:0.00349, n_changed_assignment:38," cluster_sizes:[416, 184, 437, 655, 107]", greedy_eigen_direction:smallest, greedy_eigen_index:0, greedy_eigenvalue:0.0544334352016449, greedy_target_mode:selected_dimension_only, kmeans_n_init:100, kmeans_refresh_policy:one_epoch, batches_per_epoch:8, time:331.862
phase:paper_step8_greedy_target_Yprime_refine_epoch_81, space:Y_greedy_target, silhouette = 0.5998329520225525, loss:0.00349, n_changed_assignment:38," cluster_sizes:[416, 184, 437, 655, 107]", greedy_eigen_direction:smallest, greedy_eigen_index:0, greedy_eigenvalue:0.0544334352016449, greedy_target_mode:selected_dimension_only, kmeans_n_init:100, kmeans_refresh_policy:one_epoch, batches_per_epoch:8, time:331.942
phase:paper_step9_after_full_epoch_82, space:H_fused_latent_same_labels, silhouette = 0.5715551972389221," loss:total:0.00748, L1_reconstruction:0.00674, L2_kmeans:0.00069, L3_trace_logged:0.00069, L4_greedy:0.00005, L4_selected_direction:0.00005, L4_nonselected_snapshot_anchor:0.00000, L4_selected_fraction:1.00000, L4_anchor_fraction:0.00000", n_changed_assignment:38," cluster_sizes:[416, 184, 437, 655, 107]", greedy_eigen_direction:smallest, greedy_eigen_index:0, greedy_eigenvalue:0.0544334352016449, greedy_target_mode:selected_dimension_only, kmeans_n_init:100, kmeans_refresh_policy:one_epoch, batches_per_epoch:8, refinement_epoch:82, step9_metric_scope:full_dataset_after_epoch, step9_loss_scope:epoch_mean, step9_loss_batches:8, step9_loss_samples:1799, time:335.467
phase:paper_step4_to_7_common_refine_epoch_82, space:H_fused_latent, silhouette = 0.5783959031105042, loss:0.00377, n_changed_assignment:38," cluster_sizes:[437, 652, 175, 421, 114]", greedy_eigen_direction:smallest, greedy_eigen_index:0, greedy_eigenvalue:0.05752283334732056, greedy_target_mode:selected_dimension_only, kmeans_n_init:100, kmeans_refresh_policy:one_epoch, batches_per_epoch:8, time:335.865
phase:paper_step8_greedy_target_Yprime_refine_epoch_82, space:Y_greedy_target, silhouette = 0.5925443172454834, loss:0.00377, n_changed_assignment:38," cluster_sizes:[437, 652, 175, 421, 114]", greedy_eigen_direction:smallest, greedy_eigen_index:0, greedy_eigenvalue:0.05752283334732056, greedy_target_mode:selected_dimension_only, kmeans_n_init:100, kmeans_refresh_policy:one_epoch, batches_per_epoch:8, time:335.914
phase:paper_step9_after_full_epoch_83, space:H_fused_latent_same_labels, silhouette = 0.5827210545539856," loss:total:0.00715, L1_reconstruction:0.00648, L2_kmeans:0.00063, L3_trace_logged:0.00063, L4_greedy:0.00004, L4_selected_direction:0.00004, L4_nonselected_snapshot_anchor:0.00000, L4_selected_fraction:1.00000, L4_anchor_fraction:0.00000", n_changed_assignment:38," cluster_sizes:[437, 652, 175, 421, 114]", greedy_eigen_direction:smallest, greedy_eigen_index:0, greedy_eigenvalue:0.05752283334732056, greedy_target_mode:selected_dimension_only, kmeans_n_init:100, kmeans_refresh_policy:one_epoch, batches_per_epoch:8, refinement_epoch:83, step9_metric_scope:full_dataset_after_epoch, step9_loss_scope:epoch_mean, step9_loss_batches:8, step9_loss_samples:1799, time:338.844
phase:paper_step4_to_7_common_refine_epoch_83, space:H_fused_latent, silhouette = 0.5899261236190796, loss:0.00282, n_changed_assignment:30," cluster_sizes:[438, 653, 177, 417, 114]", greedy_eigen_direction:smallest, greedy_eigen_index:0, greedy_eigenvalue:0.058765240013599396, greedy_target_mode:selected_dimension_only, kmeans_n_init:100, kmeans_refresh_policy:one_epoch, batches_per_epoch:8, time:339.253
phase:paper_step8_greedy_target_Yprime_refine_epoch_83, space:Y_greedy_target, silhouette = 0.6048773527145386, loss:0.00282, n_changed_assignment:30," cluster_sizes:[438, 653, 177, 417, 114]", greedy_eigen_direction:smallest, greedy_eigen_index:0, greedy_eigenvalue:0.058765240013599396, greedy_target_mode:selected_dimension_only, kmeans_n_init:100, kmeans_refresh_policy:one_epoch, batches_per_epoch:8, time:339.307
phase:paper_step9_after_full_epoch_84, space:H_fused_latent_same_labels, silhouette = 0.5615266561508179," loss:total:0.00709, L1_reconstruction:0.00649, L2_kmeans:0.00056, L3_trace_logged:0.00056, L4_greedy:0.00004, L4_selected_direction:0.00004, L4_nonselected_snapshot_anchor:0.00000, L4_selected_fraction:1.00000, L4_anchor_fraction:0.00000", n_changed_assignment:30," cluster_sizes:[438, 653, 177, 417, 114]", greedy_eigen_direction:smallest, greedy_eigen_index:0, greedy_eigenvalue:0.058765240013599396, greedy_target_mode:selected_dimension_only, kmeans_n_init:100, kmeans_refresh_policy:one_epoch, batches_per_epoch:8, refinement_epoch:84, step9_metric_scope:full_dataset_after_epoch, step9_loss_scope:epoch_mean, step9_loss_batches:8, step9_loss_samples:1799, time:342.094
phase:paper_step4_to_7_common_refine_epoch_84, space:H_fused_latent, silhouette = 0.5673864483833313, loss:0.00314, n_changed_assignment:27," cluster_sizes:[433, 174, 650, 422, 120]", greedy_eigen_direction:smallest, greedy_eigen_index:0, greedy_eigenvalue:0.04798521474003792, greedy_target_mode:selected_dimension_only, kmeans_n_init:100, kmeans_refresh_policy:one_epoch, batches_per_epoch:8, time:342.509
phase:paper_step8_greedy_target_Yprime_refine_epoch_84, space:Y_greedy_target, silhouette = 0.5803670287132263, loss:0.00314, n_changed_assignment:27," cluster_sizes:[433, 174, 650, 422, 120]", greedy_eigen_direction:smallest, greedy_eigen_index:0, greedy_eigenvalue:0.04798521474003792, greedy_target_mode:selected_dimension_only, kmeans_n_init:100, kmeans_refresh_policy:one_epoch, batches_per_epoch:8, time:342.559
phase:paper_step9_after_full_epoch_85, space:H_fused_latent_same_labels, silhouette = 0.5615324974060059," loss:total:0.00705, L1_reconstruction:0.00644, L2_kmeans:0.00058, L3_trace_logged:0.00058, L4_greedy:0.00003, L4_selected_direction:0.00003, L4_nonselected_snapshot_anchor:0.00000, L4_selected_fraction:1.00000, L4_anchor_fraction:0.00000", n_changed_assignment:27," cluster_sizes:[433, 174, 650, 422, 120]", greedy_eigen_direction:smallest, greedy_eigen_index:0, greedy_eigenvalue:0.04798521474003792, greedy_target_mode:selected_dimension_only, kmeans_n_init:100, kmeans_refresh_policy:one_epoch, batches_per_epoch:8, refinement_epoch:85, step9_metric_scope:full_dataset_after_epoch, step9_loss_scope:epoch_mean, step9_loss_batches:8, step9_loss_samples:1799, time:346.138
phase:paper_step4_to_7_common_refine_epoch_85, space:H_fused_latent, silhouette = 0.5655642151832581, loss:0.00399, n_changed_assignment:28," cluster_sizes:[442, 176, 643, 421, 117]", greedy_eigen_direction:smallest, greedy_eigen_index:0, greedy_eigenvalue:0.05560768395662308, greedy_target_mode:selected_dimension_only, kmeans_n_init:100, kmeans_refresh_policy:one_epoch, batches_per_epoch:8, time:346.767
phase:paper_step8_greedy_target_Yprime_refine_epoch_85, space:Y_greedy_target, silhouette = 0.5818078517913818, loss:0.00399, n_changed_assignment:28," cluster_sizes:[442, 176, 643, 421, 117]", greedy_eigen_direction:smallest, greedy_eigen_index:0, greedy_eigenvalue:0.05560768395662308, greedy_target_mode:selected_dimension_only, kmeans_n_init:100, kmeans_refresh_policy:one_epoch, batches_per_epoch:8, time:346.878
phase:paper_step9_after_full_epoch_86, space:H_fused_latent_same_labels, silhouette = 0.5229882597923279," loss:total:0.00868, L1_reconstruction:0.00805, L2_kmeans:0.00058, L3_trace_logged:0.00058, L4_greedy:0.00004, L4_selected_direction:0.00004, L4_nonselected_snapshot_anchor:0.00000, L4_selected_fraction:1.00000, L4_anchor_fraction:0.00000", n_changed_assignment:28," cluster_sizes:[442, 176, 643, 421, 117]", greedy_eigen_direction:smallest, greedy_eigen_index:0, greedy_eigenvalue:0.05560768395662308, greedy_target_mode:selected_dimension_only, kmeans_n_init:100, kmeans_refresh_policy:one_epoch, batches_per_epoch:8, refinement_epoch:86, step9_metric_scope:full_dataset_after_epoch, step9_loss_scope:epoch_mean, step9_loss_batches:8, step9_loss_samples:1799, time:350.143
phase:paper_step4_to_7_common_refine_epoch_86, space:H_fused_latent, silhouette = 0.5281808972358704, loss:0.00217, n_changed_assignment:31," cluster_sizes:[433, 173, 648, 426, 119]", greedy_eigen_direction:smallest, greedy_eigen_index:0, greedy_eigenvalue:0.07293277233839035, greedy_target_mode:selected_dimension_only, kmeans_n_init:100, kmeans_refresh_policy:one_epoch, batches_per_epoch:8, time:350.529
phase:paper_step8_greedy_target_Yprime_refine_epoch_86, space:Y_greedy_target, silhouette = 0.546699047088623, loss:0.00217, n_changed_assignment:31," cluster_sizes:[433, 173, 648, 426, 119]", greedy_eigen_direction:smallest, greedy_eigen_index:0, greedy_eigenvalue:0.07293277233839035, greedy_target_mode:selected_dimension_only, kmeans_n_init:100, kmeans_refresh_policy:one_epoch, batches_per_epoch:8, time:350.580
phase:paper_step9_after_full_epoch_87, space:H_fused_latent_same_labels, silhouette = 0.53542560338974," loss:total:0.00847, L1_reconstruction:0.00767, L2_kmeans:0.00075, L3_trace_logged:0.00075, L4_greedy:0.00005, L4_selected_direction:0.00005, L4_nonselected_snapshot_anchor:0.00000, L4_selected_fraction:1.00000, L4_anchor_fraction:0.00000", n_changed_assignment:31," cluster_sizes:[433, 173, 648, 426, 119]", greedy_eigen_direction:smallest, greedy_eigen_index:0, greedy_eigenvalue:0.07293277233839035, greedy_target_mode:selected_dimension_only, kmeans_n_init:100, kmeans_refresh_policy:one_epoch, batches_per_epoch:8, refinement_epoch:87, step9_metric_scope:full_dataset_after_epoch, step9_loss_scope:epoch_mean, step9_loss_batches:8, step9_loss_samples:1799, time:353.571
phase:paper_step4_to_7_common_refine_epoch_87, space:H_fused_latent, silhouette = 0.5404487252235413, loss:0.0042, n_changed_assignment:34," cluster_sizes:[656, 178, 434, 414, 117]", greedy_eigen_direction:smallest, greedy_eigen_index:0, greedy_eigenvalue:0.062182266265153885, greedy_target_mode:selected_dimension_only, kmeans_n_init:100, kmeans_refresh_policy:one_epoch, batches_per_epoch:8, time:353.955
phase:paper_step8_greedy_target_Yprime_refine_epoch_87, space:Y_greedy_target, silhouette = 0.557711124420166, loss:0.0042, n_changed_assignment:34," cluster_sizes:[656, 178, 434, 414, 117]", greedy_eigen_direction:smallest, greedy_eigen_index:0, greedy_eigenvalue:0.062182266265153885, greedy_target_mode:selected_dimension_only, kmeans_n_init:100, kmeans_refresh_policy:one_epoch, batches_per_epoch:8, time:354.012
phase:paper_step9_after_full_epoch_88, space:H_fused_latent_same_labels, silhouette = 0.47245654463768005," loss:total:0.00749, L1_reconstruction:0.00667, L2_kmeans:0.00074, L3_trace_logged:0.00074, L4_greedy:0.00009, L4_selected_direction:0.00009, L4_nonselected_snapshot_anchor:0.00000, L4_selected_fraction:1.00000, L4_anchor_fraction:0.00000", n_changed_assignment:34," cluster_sizes:[656, 178, 434, 414, 117]", greedy_eigen_direction:smallest, greedy_eigen_index:0, greedy_eigenvalue:0.062182266265153885, greedy_target_mode:selected_dimension_only, kmeans_n_init:100, kmeans_refresh_policy:one_epoch, batches_per_epoch:8, refinement_epoch:88, step9_metric_scope:full_dataset_after_epoch, step9_loss_scope:epoch_mean, step9_loss_batches:8, step9_loss_samples:1799, time:356.892
phase:paper_step4_to_7_common_refine_epoch_88, space:H_fused_latent, silhouette = 0.4859297573566437, loss:0.00362, n_changed_assignment:51," cluster_sizes:[433, 117, 666, 405, 178]", greedy_eigen_direction:smallest, greedy_eigen_index:0, greedy_eigenvalue:0.07393360137939453, greedy_target_mode:selected_dimension_only, kmeans_n_init:100, kmeans_refresh_policy:one_epoch, batches_per_epoch:8, time:357.311
phase:paper_step8_greedy_target_Yprime_refine_epoch_88, space:Y_greedy_target, silhouette = 0.5057797431945801, loss:0.00362, n_changed_assignment:51," cluster_sizes:[433, 117, 666, 405, 178]", greedy_eigen_direction:smallest, greedy_eigen_index:0, greedy_eigenvalue:0.07393360137939453, greedy_target_mode:selected_dimension_only, kmeans_n_init:100, kmeans_refresh_policy:one_epoch, batches_per_epoch:8, time:357.357
phase:paper_step9_after_full_epoch_89, space:H_fused_latent_same_labels, silhouette = 0.45213720202445984," loss:total:0.00852, L1_reconstruction:0.00785, L2_kmeans:0.00062, L3_trace_logged:0.00062, L4_greedy:0.00006, L4_selected_direction:0.00006, L4_nonselected_snapshot_anchor:0.00000, L4_selected_fraction:1.00000, L4_anchor_fraction:0.00000", n_changed_assignment:51," cluster_sizes:[433, 117, 666, 405, 178]", greedy_eigen_direction:smallest, greedy_eigen_index:0, greedy_eigenvalue:0.07393360137939453, greedy_target_mode:selected_dimension_only, kmeans_n_init:100, kmeans_refresh_policy:one_epoch, batches_per_epoch:8, refinement_epoch:89, step9_metric_scope:full_dataset_after_epoch, step9_loss_scope:epoch_mean, step9_loss_batches:8, step9_loss_samples:1799, time:360.865
phase:paper_step4_to_7_common_refine_epoch_89, space:H_fused_latent, silhouette = 0.45648515224456787, loss:0.00277, n_changed_assignment:28," cluster_sizes:[403, 117, 661, 179, 439]", greedy_eigen_direction:smallest, greedy_eigen_index:0, greedy_eigenvalue:0.07208947837352753, greedy_target_mode:selected_dimension_only, kmeans_n_init:100, kmeans_refresh_policy:one_epoch, batches_per_epoch:8, time:361.474
phase:paper_step8_greedy_target_Yprime_refine_epoch_89, space:Y_greedy_target, silhouette = 0.4757651388645172, loss:0.00277, n_changed_assignment:28," cluster_sizes:[403, 117, 661, 179, 439]", greedy_eigen_direction:smallest, greedy_eigen_index:0, greedy_eigenvalue:0.07208947837352753, greedy_target_mode:selected_dimension_only, kmeans_n_init:100, kmeans_refresh_policy:one_epoch, batches_per_epoch:8, time:361.579
phase:paper_step9_after_full_epoch_90, space:H_fused_latent_same_labels, silhouette = 0.48374658823013306," loss:total:0.00884, L1_reconstruction:0.00800, L2_kmeans:0.00073, L3_trace_logged:0.00073, L4_greedy:0.00011, L4_selected_direction:0.00011, L4_nonselected_snapshot_anchor:0.00000, L4_selected_fraction:1.00000, L4_anchor_fraction:0.00000", n_changed_assignment:28," cluster_sizes:[403, 117, 661, 179, 439]", greedy_eigen_direction:smallest, greedy_eigen_index:0, greedy_eigenvalue:0.07208947837352753, greedy_target_mode:selected_dimension_only, kmeans_n_init:100, kmeans_refresh_policy:one_epoch, batches_per_epoch:8, refinement_epoch:90, step9_metric_scope:full_dataset_after_epoch, step9_loss_scope:epoch_mean, step9_loss_batches:8, step9_loss_samples:1799, time:364.637
phase:paper_step4_to_7_common_refine_epoch_90, space:H_fused_latent, silhouette = 0.4878348410129547, loss:0.00459, n_changed_assignment:27," cluster_sizes:[429, 117, 660, 414, 179]", greedy_eigen_direction:smallest, greedy_eigen_index:0, greedy_eigenvalue:0.08765158802270889, greedy_target_mode:selected_dimension_only, kmeans_n_init:100, kmeans_refresh_policy:one_epoch, batches_per_epoch:8, time:365.012
phase:paper_step8_greedy_target_Yprime_refine_epoch_90, space:Y_greedy_target, silhouette = 0.5102742910385132, loss:0.00459, n_changed_assignment:27," cluster_sizes:[429, 117, 660, 414, 179]", greedy_eigen_direction:smallest, greedy_eigen_index:0, greedy_eigenvalue:0.08765158802270889, greedy_target_mode:selected_dimension_only, kmeans_n_init:100, kmeans_refresh_policy:one_epoch, batches_per_epoch:8, time:365.059
phase:paper_step9_after_full_epoch_91, space:H_fused_latent_same_labels, silhouette = 0.445895254611969," loss:total:0.00923, L1_reconstruction:0.00834, L2_kmeans:0.00082, L3_trace_logged:0.00082, L4_greedy:0.00007, L4_selected_direction:0.00007, L4_nonselected_snapshot_anchor:0.00000, L4_selected_fraction:1.00000, L4_anchor_fraction:0.00000", n_changed_assignment:27," cluster_sizes:[429, 117, 660, 414, 179]", greedy_eigen_direction:smallest, greedy_eigen_index:0, greedy_eigenvalue:0.08765158802270889, greedy_target_mode:selected_dimension_only, kmeans_n_init:100, kmeans_refresh_policy:one_epoch, batches_per_epoch:8, refinement_epoch:91, step9_metric_scope:full_dataset_after_epoch, step9_loss_scope:epoch_mean, step9_loss_batches:8, step9_loss_samples:1799, time:368.018
phase:paper_step4_to_7_common_refine_epoch_91, space:H_fused_latent, silhouette = 0.458261102437973, loss:0.00317, n_changed_assignment:48," cluster_sizes:[419, 122, 660, 417, 181]", greedy_eigen_direction:smallest, greedy_eigen_index:0, greedy_eigenvalue:0.07785119116306305, greedy_target_mode:selected_dimension_only, kmeans_n_init:100, kmeans_refresh_policy:one_epoch, batches_per_epoch:8, time:368.444
phase:paper_step8_greedy_target_Yprime_refine_epoch_91, space:Y_greedy_target, silhouette = 0.47389882802963257, loss:0.00317, n_changed_assignment:48," cluster_sizes:[419, 122, 660, 417, 181]", greedy_eigen_direction:smallest, greedy_eigen_index:0, greedy_eigenvalue:0.07785119116306305, greedy_target_mode:selected_dimension_only, kmeans_n_init:100, kmeans_refresh_policy:one_epoch, batches_per_epoch:8, time:368.492
phase:paper_step9_after_full_epoch_92, space:H_fused_latent_same_labels, silhouette = 0.45358818769454956," loss:total:0.01051, L1_reconstruction:0.00960, L2_kmeans:0.00084, L3_trace_logged:0.00084, L4_greedy:0.00007, L4_selected_direction:0.00007, L4_nonselected_snapshot_anchor:0.00000, L4_selected_fraction:1.00000, L4_anchor_fraction:0.00000", n_changed_assignment:48," cluster_sizes:[419, 122, 660, 417, 181]", greedy_eigen_direction:smallest, greedy_eigen_index:0, greedy_eigenvalue:0.07785119116306305, greedy_target_mode:selected_dimension_only, kmeans_n_init:100, kmeans_refresh_policy:one_epoch, batches_per_epoch:8, refinement_epoch:92, step9_metric_scope:full_dataset_after_epoch, step9_loss_scope:epoch_mean, step9_loss_batches:8, step9_loss_samples:1799, time:371.330
phase:paper_step4_to_7_common_refine_epoch_92, space:H_fused_latent, silhouette = 0.4600452184677124, loss:0.00431, n_changed_assignment:39," cluster_sizes:[419, 417, 182, 119, 662]", greedy_eigen_direction:smallest, greedy_eigen_index:0, greedy_eigenvalue:0.08911517262458801, greedy_target_mode:selected_dimension_only, kmeans_n_init:100, kmeans_refresh_policy:one_epoch, batches_per_epoch:8, time:371.765
phase:paper_step8_greedy_target_Yprime_refine_epoch_92, space:Y_greedy_target, silhouette = 0.47789034247398376, loss:0.00431, n_changed_assignment:39," cluster_sizes:[419, 417, 182, 119, 662]", greedy_eigen_direction:smallest, greedy_eigen_index:0, greedy_eigenvalue:0.08911517262458801, greedy_target_mode:selected_dimension_only, kmeans_n_init:100, kmeans_refresh_policy:one_epoch, batches_per_epoch:8, time:371.823
phase:paper_step9_after_full_epoch_93, space:H_fused_latent_same_labels, silhouette = 0.46676525473594666," loss:total:0.00973, L1_reconstruction:0.00872, L2_kmeans:0.00092, L3_trace_logged:0.00092, L4_greedy:0.00008, L4_selected_direction:0.00008, L4_nonselected_snapshot_anchor:0.00000, L4_selected_fraction:1.00000, L4_anchor_fraction:0.00000", n_changed_assignment:39," cluster_sizes:[419, 417, 182, 119, 662]", greedy_eigen_direction:smallest, greedy_eigen_index:0, greedy_eigenvalue:0.08911517262458801, greedy_target_mode:selected_dimension_only, kmeans_n_init:100, kmeans_refresh_policy:one_epoch, batches_per_epoch:8, refinement_epoch:93, step9_metric_scope:full_dataset_after_epoch, step9_loss_scope:epoch_mean, step9_loss_batches:8, step9_loss_samples:1799, time:375.533
phase:paper_step4_to_7_common_refine_epoch_93, space:H_fused_latent, silhouette = 0.4723843038082123, loss:0.00419, n_changed_assignment:37," cluster_sizes:[437, 181, 655, 406, 120]", greedy_eigen_direction:smallest, greedy_eigen_index:0, greedy_eigenvalue:0.08397514373064041, greedy_target_mode:selected_dimension_only, kmeans_n_init:100, kmeans_refresh_policy:one_epoch, batches_per_epoch:8, time:376.199
phase:paper_step8_greedy_target_Yprime_refine_epoch_93, space:Y_greedy_target, silhouette = 0.4869360327720642, loss:0.00419, n_changed_assignment:37," cluster_sizes:[437, 181, 655, 406, 120]", greedy_eigen_direction:smallest, greedy_eigen_index:0, greedy_eigenvalue:0.08397514373064041, greedy_target_mode:selected_dimension_only, kmeans_n_init:100, kmeans_refresh_policy:one_epoch, batches_per_epoch:8, time:376.255
phase:paper_step9_after_full_epoch_94, space:H_fused_latent_same_labels, silhouette = 0.4852973520755768," loss:total:0.01026, L1_reconstruction:0.00931, L2_kmeans:0.00088, L3_trace_logged:0.00088, L4_greedy:0.00007, L4_selected_direction:0.00007, L4_nonselected_snapshot_anchor:0.00000, L4_selected_fraction:1.00000, L4_anchor_fraction:0.00000", n_changed_assignment:37," cluster_sizes:[437, 181, 655, 406, 120]", greedy_eigen_direction:smallest, greedy_eigen_index:0, greedy_eigenvalue:0.08397514373064041, greedy_target_mode:selected_dimension_only, kmeans_n_init:100, kmeans_refresh_policy:one_epoch, batches_per_epoch:8, refinement_epoch:94, step9_metric_scope:full_dataset_after_epoch, step9_loss_scope:epoch_mean, step9_loss_batches:8, step9_loss_samples:1799, time:379.159
phase:paper_step4_to_7_common_refine_epoch_94, space:H_fused_latent, silhouette = 0.48977458477020264, loss:0.00357, n_changed_assignment:35," cluster_sizes:[648, 182, 407, 119, 443]", greedy_eigen_direction:smallest, greedy_eigen_index:0, greedy_eigenvalue:0.06973092257976532, greedy_target_mode:selected_dimension_only, kmeans_n_init:100, kmeans_refresh_policy:one_epoch, batches_per_epoch:8, time:379.640
phase:paper_step8_greedy_target_Yprime_refine_epoch_94, space:Y_greedy_target, silhouette = 0.5015921592712402, loss:0.00357, n_changed_assignment:35," cluster_sizes:[648, 182, 407, 119, 443]", greedy_eigen_direction:smallest, greedy_eigen_index:0, greedy_eigenvalue:0.06973092257976532, greedy_target_mode:selected_dimension_only, kmeans_n_init:100, kmeans_refresh_policy:one_epoch, batches_per_epoch:8, time:379.690
phase:paper_step9_after_full_epoch_95, space:H_fused_latent_same_labels, silhouette = 0.44054877758026123," loss:total:0.01052, L1_reconstruction:0.00941, L2_kmeans:0.00102, L3_trace_logged:0.00102, L4_greedy:0.00010, L4_selected_direction:0.00010, L4_nonselected_snapshot_anchor:0.00000, L4_selected_fraction:1.00000, L4_anchor_fraction:0.00000", n_changed_assignment:35," cluster_sizes:[648, 182, 407, 119, 443]", greedy_eigen_direction:smallest, greedy_eigen_index:0, greedy_eigenvalue:0.06973092257976532, greedy_target_mode:selected_dimension_only, kmeans_n_init:100, kmeans_refresh_policy:one_epoch, batches_per_epoch:8, refinement_epoch:95, step9_metric_scope:full_dataset_after_epoch, step9_loss_scope:epoch_mean, step9_loss_batches:8, step9_loss_samples:1799, time:382.758
phase:paper_step4_to_7_common_refine_epoch_95, space:H_fused_latent, silhouette = 0.4516731798648834, loss:0.00353, n_changed_assignment:53," cluster_sizes:[414, 182, 403, 677, 123]", greedy_eigen_direction:smallest, greedy_eigen_index:0, greedy_eigenvalue:0.0940646156668663, greedy_target_mode:selected_dimension_only, kmeans_n_init:100, kmeans_refresh_policy:one_epoch, batches_per_epoch:8, time:383.199
phase:paper_step8_greedy_target_Yprime_refine_epoch_95, space:Y_greedy_target, silhouette = 0.4652222990989685, loss:0.00353, n_changed_assignment:53," cluster_sizes:[414, 182, 403, 677, 123]", greedy_eigen_direction:smallest, greedy_eigen_index:0, greedy_eigenvalue:0.0940646156668663, greedy_target_mode:selected_dimension_only, kmeans_n_init:100, kmeans_refresh_policy:one_epoch, batches_per_epoch:8, time:383.249
phase:paper_step9_after_full_epoch_96, space:H_fused_latent_same_labels, silhouette = 0.47037214040756226," loss:total:0.01013, L1_reconstruction:0.00896, L2_kmeans:0.00109, L3_trace_logged:0.00109, L4_greedy:0.00008, L4_selected_direction:0.00008, L4_nonselected_snapshot_anchor:0.00000, L4_selected_fraction:1.00000, L4_anchor_fraction:0.00000", n_changed_assignment:53," cluster_sizes:[414, 182, 403, 677, 123]", greedy_eigen_direction:smallest, greedy_eigen_index:0, greedy_eigenvalue:0.0940646156668663, greedy_target_mode:selected_dimension_only, kmeans_n_init:100, kmeans_refresh_policy:one_epoch, batches_per_epoch:8, refinement_epoch:96, step9_metric_scope:full_dataset_after_epoch, step9_loss_scope:epoch_mean, step9_loss_batches:8, step9_loss_samples:1799, time:386.128
phase:paper_step4_to_7_common_refine_epoch_96, space:H_fused_latent, silhouette = 0.472634881734848, loss:0.00461, n_changed_assignment:45," cluster_sizes:[405, 679, 123, 177, 415]", greedy_eigen_direction:smallest, greedy_eigen_index:0, greedy_eigenvalue:0.0678710862994194, greedy_target_mode:selected_dimension_only, kmeans_n_init:100, kmeans_refresh_policy:one_epoch, batches_per_epoch:8, time:386.590
phase:paper_step8_greedy_target_Yprime_refine_epoch_96, space:Y_greedy_target, silhouette = 0.48303094506263733, loss:0.00461, n_changed_assignment:45," cluster_sizes:[405, 679, 123, 177, 415]", greedy_eigen_direction:smallest, greedy_eigen_index:0, greedy_eigenvalue:0.0678710862994194, greedy_target_mode:selected_dimension_only, kmeans_n_init:100, kmeans_refresh_policy:one_epoch, batches_per_epoch:8, time:386.640
phase:paper_step9_after_full_epoch_97, space:H_fused_latent_same_labels, silhouette = 0.47483184933662415," loss:total:0.00979, L1_reconstruction:0.00825, L2_kmeans:0.00135, L3_trace_logged:0.00135, L4_greedy:0.00018, L4_selected_direction:0.00018, L4_nonselected_snapshot_anchor:0.00000, L4_selected_fraction:1.00000, L4_anchor_fraction:0.00000", n_changed_assignment:45," cluster_sizes:[405, 679, 123, 177, 415]", greedy_eigen_direction:smallest, greedy_eigen_index:0, greedy_eigenvalue:0.0678710862994194, greedy_target_mode:selected_dimension_only, kmeans_n_init:100, kmeans_refresh_policy:one_epoch, batches_per_epoch:8, refinement_epoch:97, step9_metric_scope:full_dataset_after_epoch, step9_loss_scope:epoch_mean, step9_loss_batches:8, step9_loss_samples:1799, time:390.615
phase:paper_step4_to_7_common_refine_epoch_97, space:H_fused_latent, silhouette = 0.48258358240127563, loss:0.00263, n_changed_assignment:65," cluster_sizes:[398, 640, 178, 122, 461]", greedy_eigen_direction:smallest, greedy_eigen_index:0, greedy_eigenvalue:0.12171076983213425, greedy_target_mode:selected_dimension_only, kmeans_n_init:100, kmeans_refresh_policy:one_epoch, batches_per_epoch:8, time:391.049
phase:paper_step8_greedy_target_Yprime_refine_epoch_97, space:Y_greedy_target, silhouette = 0.5020209550857544, loss:0.00263, n_changed_assignment:65," cluster_sizes:[398, 640, 178, 122, 461]", greedy_eigen_direction:smallest, greedy_eigen_index:0, greedy_eigenvalue:0.12171076983213425, greedy_target_mode:selected_dimension_only, kmeans_n_init:100, kmeans_refresh_policy:one_epoch, batches_per_epoch:8, time:391.100
phase:paper_step9_after_full_epoch_98, space:H_fused_latent_same_labels, silhouette = 0.499443918466568," loss:total:0.00990, L1_reconstruction:0.00843, L2_kmeans:0.00139, L3_trace_logged:0.00139, L4_greedy:0.00008, L4_selected_direction:0.00008, L4_nonselected_snapshot_anchor:0.00000, L4_selected_fraction:1.00000, L4_anchor_fraction:0.00000", n_changed_assignment:65," cluster_sizes:[398, 640, 178, 122, 461]", greedy_eigen_direction:smallest, greedy_eigen_index:0, greedy_eigenvalue:0.12171076983213425, greedy_target_mode:selected_dimension_only, kmeans_n_init:100, kmeans_refresh_policy:one_epoch, batches_per_epoch:8, refinement_epoch:98, step9_metric_scope:full_dataset_after_epoch, step9_loss_scope:epoch_mean, step9_loss_batches:8, step9_loss_samples:1799, time:393.908
phase:paper_step4_to_7_common_refine_epoch_98, space:H_fused_latent, silhouette = 0.5016246438026428, loss:0.00426, n_changed_assignment:30," cluster_sizes:[402, 629, 177, 470, 121]", greedy_eigen_direction:smallest, greedy_eigen_index:0, greedy_eigenvalue:0.11770574748516083, greedy_target_mode:selected_dimension_only, kmeans_n_init:100, kmeans_refresh_policy:one_epoch, batches_per_epoch:8, time:394.345
phase:paper_step8_greedy_target_Yprime_refine_epoch_98, space:Y_greedy_target, silhouette = 0.52010577917099, loss:0.00426, n_changed_assignment:30," cluster_sizes:[402, 629, 177, 470, 121]", greedy_eigen_direction:smallest, greedy_eigen_index:0, greedy_eigenvalue:0.11770574748516083, greedy_target_mode:selected_dimension_only, kmeans_n_init:100, kmeans_refresh_policy:one_epoch, batches_per_epoch:8, time:394.404
phase:paper_step9_after_full_epoch_99, space:H_fused_latent_same_labels, silhouette = 0.5217800736427307," loss:total:0.00857, L1_reconstruction:0.00734, L2_kmeans:0.00111, L3_trace_logged:0.00111, L4_greedy:0.00012, L4_selected_direction:0.00012, L4_nonselected_snapshot_anchor:0.00000, L4_selected_fraction:1.00000, L4_anchor_fraction:0.00000", n_changed_assignment:30," cluster_sizes:[402, 629, 177, 470, 121]", greedy_eigen_direction:smallest, greedy_eigen_index:0, greedy_eigenvalue:0.11770574748516083, greedy_target_mode:selected_dimension_only, kmeans_n_init:100, kmeans_refresh_policy:one_epoch, batches_per_epoch:8, refinement_epoch:99, step9_metric_scope:full_dataset_after_epoch, step9_loss_scope:epoch_mean, step9_loss_batches:8, step9_loss_samples:1799, time:397.238
phase:paper_step4_to_7_common_refine_epoch_99, space:H_fused_latent, silhouette = 0.5244677066802979, loss:0.00483, n_changed_assignment:46," cluster_sizes:[506, 594, 402, 178, 119]", greedy_eigen_direction:smallest, greedy_eigen_index:0, greedy_eigenvalue:0.07418941706418991, greedy_target_mode:selected_dimension_only, kmeans_n_init:100, kmeans_refresh_policy:one_epoch, batches_per_epoch:8, time:397.654
phase:paper_step8_greedy_target_Yprime_refine_epoch_99, space:Y_greedy_target, silhouette = 0.5385131239891052, loss:0.00483, n_changed_assignment:46," cluster_sizes:[506, 594, 402, 178, 119]", greedy_eigen_direction:smallest, greedy_eigen_index:0, greedy_eigenvalue:0.07418941706418991, greedy_target_mode:selected_dimension_only, kmeans_n_init:100, kmeans_refresh_policy:one_epoch, batches_per_epoch:8, time:397.701
phase:paper_step9_after_full_epoch_100, space:H_fused_latent_same_labels, silhouette = 0.5333831310272217," loss:total:0.00911, L1_reconstruction:0.00788, L2_kmeans:0.00109, L3_trace_logged:0.00109, L4_greedy:0.00014, L4_selected_direction:0.00014, L4_nonselected_snapshot_anchor:0.00000, L4_selected_fraction:1.00000, L4_anchor_fraction:0.00000", n_changed_assignment:46," cluster_sizes:[506, 594, 402, 178, 119]", greedy_eigen_direction:smallest, greedy_eigen_index:0, greedy_eigenvalue:0.07418941706418991, greedy_target_mode:selected_dimension_only, kmeans_n_init:100, kmeans_refresh_policy:one_epoch, batches_per_epoch:8, refinement_epoch:100, step9_metric_scope:full_dataset_after_epoch, step9_loss_scope:epoch_mean, step9_loss_batches:8, step9_loss_samples:1799, time:400.727
phase:paper_step4_to_7_common_refine_epoch_100, space:H_fused_latent, silhouette = 0.5411385893821716, loss:0.00639, n_changed_assignment:44," cluster_sizes:[411, 611, 178, 481, 118]", greedy_eigen_direction:smallest, greedy_eigen_index:0, greedy_eigenvalue:0.10971790552139282, greedy_target_mode:selected_dimension_only, kmeans_n_init:100, kmeans_refresh_policy:one_epoch, batches_per_epoch:8, time:401.393
phase:paper_step8_greedy_target_Yprime_refine_epoch_100, space:Y_greedy_target, silhouette = 0.5595302581787109, loss:0.00639, n_changed_assignment:44," cluster_sizes:[411, 611, 178, 481, 118]", greedy_eigen_direction:smallest, greedy_eigen_index:0, greedy_eigenvalue:0.10971790552139282, greedy_target_mode:selected_dimension_only, kmeans_n_init:100, kmeans_refresh_policy:one_epoch, batches_per_epoch:8, time:401.505
phase:paper_step9_after_full_epoch_101, space:H_fused_latent_same_labels, silhouette = 0.5390500426292419," loss:total:0.00941, L1_reconstruction:0.00824, L2_kmeans:0.00106, L3_trace_logged:0.00106, L4_greedy:0.00011, L4_selected_direction:0.00011, L4_nonselected_snapshot_anchor:0.00000, L4_selected_fraction:1.00000, L4_anchor_fraction:0.00000", n_changed_assignment:44," cluster_sizes:[411, 611, 178, 481, 118]", greedy_eigen_direction:smallest, greedy_eigen_index:0, greedy_eigenvalue:0.10971790552139282, greedy_target_mode:selected_dimension_only, kmeans_n_init:100, kmeans_refresh_policy:one_epoch, batches_per_epoch:8, refinement_epoch:101, step9_metric_scope:full_dataset_after_epoch, step9_loss_scope:epoch_mean, step9_loss_batches:8, step9_loss_samples:1799, time:405.240
phase:paper_step4_to_7_common_refine_epoch_101, space:H_fused_latent, silhouette = 0.5490062236785889, loss:0.00493, n_changed_assignment:50," cluster_sizes:[614, 179, 407, 119, 480]", greedy_eigen_direction:smallest, greedy_eigen_index:0, greedy_eigenvalue:0.11897815018892288, greedy_target_mode:selected_dimension_only, kmeans_n_init:100, kmeans_refresh_policy:one_epoch, batches_per_epoch:8, time:405.662
phase:paper_step8_greedy_target_Yprime_refine_epoch_101, space:Y_greedy_target, silhouette = 0.5695633888244629, loss:0.00493, n_changed_assignment:50," cluster_sizes:[614, 179, 407, 119, 480]", greedy_eigen_direction:smallest, greedy_eigen_index:0, greedy_eigenvalue:0.11897815018892288, greedy_target_mode:selected_dimension_only, kmeans_n_init:100, kmeans_refresh_policy:one_epoch, batches_per_epoch:8, time:405.711
phase:paper_step9_after_full_epoch_102, space:H_fused_latent_same_labels, silhouette = 0.5498694181442261," loss:total:0.01089, L1_reconstruction:0.00973, L2_kmeans:0.00103, L3_trace_logged:0.00103, L4_greedy:0.00013, L4_selected_direction:0.00013, L4_nonselected_snapshot_anchor:0.00000, L4_selected_fraction:1.00000, L4_anchor_fraction:0.00000", n_changed_assignment:50," cluster_sizes:[614, 179, 407, 119, 480]", greedy_eigen_direction:smallest, greedy_eigen_index:0, greedy_eigenvalue:0.11897815018892288, greedy_target_mode:selected_dimension_only, kmeans_n_init:100, kmeans_refresh_policy:one_epoch, batches_per_epoch:8, refinement_epoch:102, step9_metric_scope:full_dataset_after_epoch, step9_loss_scope:epoch_mean, step9_loss_batches:8, step9_loss_samples:1799, time:408.517
phase:paper_step4_to_7_common_refine_epoch_102, space:H_fused_latent, silhouette = 0.5635485053062439, loss:0.00526, n_changed_assignment:43," cluster_sizes:[409, 482, 118, 610, 180]", greedy_eigen_direction:smallest, greedy_eigen_index:0, greedy_eigenvalue:0.07958617806434631, greedy_target_mode:selected_dimension_only, kmeans_n_init:100, kmeans_refresh_policy:one_epoch, batches_per_epoch:8, time:408.939
phase:paper_step8_greedy_target_Yprime_refine_epoch_102, space:Y_greedy_target, silhouette = 0.5785565972328186, loss:0.00526, n_changed_assignment:43," cluster_sizes:[409, 482, 118, 610, 180]", greedy_eigen_direction:smallest, greedy_eigen_index:0, greedy_eigenvalue:0.07958617806434631, greedy_target_mode:selected_dimension_only, kmeans_n_init:100, kmeans_refresh_policy:one_epoch, batches_per_epoch:8, time:408.992
phase:paper_step9_after_full_epoch_103, space:H_fused_latent_same_labels, silhouette = 0.5343849062919617," loss:total:0.01162, L1_reconstruction:0.01032, L2_kmeans:0.00113, L3_trace_logged:0.00113, L4_greedy:0.00017, L4_selected_direction:0.00017, L4_nonselected_snapshot_anchor:0.00000, L4_selected_fraction:1.00000, L4_anchor_fraction:0.00000", n_changed_assignment:43," cluster_sizes:[409, 482, 118, 610, 180]", greedy_eigen_direction:smallest, greedy_eigen_index:0, greedy_eigenvalue:0.07958617806434631, greedy_target_mode:selected_dimension_only, kmeans_n_init:100, kmeans_refresh_policy:one_epoch, batches_per_epoch:8, refinement_epoch:103, step9_metric_scope:full_dataset_after_epoch, step9_loss_scope:epoch_mean, step9_loss_batches:8, step9_loss_samples:1799, time:411.901
phase:paper_step4_to_7_common_refine_epoch_103, space:H_fused_latent, silhouette = 0.5415662527084351, loss:0.00605, n_changed_assignment:41," cluster_sizes:[409, 491, 116, 599, 184]", greedy_eigen_direction:smallest, greedy_eigen_index:0, greedy_eigenvalue:0.09618718922138214, greedy_target_mode:selected_dimension_only, kmeans_n_init:100, kmeans_refresh_policy:one_epoch, batches_per_epoch:8, time:412.294
phase:paper_step8_greedy_target_Yprime_refine_epoch_103, space:Y_greedy_target, silhouette = 0.5594873428344727, loss:0.00605, n_changed_assignment:41," cluster_sizes:[409, 491, 116, 599, 184]", greedy_eigen_direction:smallest, greedy_eigen_index:0, greedy_eigenvalue:0.09618718922138214, greedy_target_mode:selected_dimension_only, kmeans_n_init:100, kmeans_refresh_policy:one_epoch, batches_per_epoch:8, time:412.342
phase:paper_step9_after_full_epoch_104, space:H_fused_latent_same_labels, silhouette = 0.5700412392616272," loss:total:0.01090, L1_reconstruction:0.00966, L2_kmeans:0.00115, L3_trace_logged:0.00115, L4_greedy:0.00008, L4_selected_direction:0.00008, L4_nonselected_snapshot_anchor:0.00000, L4_selected_fraction:1.00000, L4_anchor_fraction:0.00000", n_changed_assignment:41," cluster_sizes:[409, 491, 116, 599, 184]", greedy_eigen_direction:smallest, greedy_eigen_index:0, greedy_eigenvalue:0.09618718922138214, greedy_target_mode:selected_dimension_only, kmeans_n_init:100, kmeans_refresh_policy:one_epoch, batches_per_epoch:8, refinement_epoch:104, step9_metric_scope:full_dataset_after_epoch, step9_loss_scope:epoch_mean, step9_loss_batches:8, step9_loss_samples:1799, time:415.693
phase:paper_step4_to_7_common_refine_epoch_104, space:H_fused_latent, silhouette = 0.5760999321937561, loss:0.00586, n_changed_assignment:34," cluster_sizes:[409, 472, 119, 619, 180]", greedy_eigen_direction:smallest, greedy_eigen_index:0, greedy_eigenvalue:0.10096907615661621, greedy_target_mode:selected_dimension_only, kmeans_n_init:100, kmeans_refresh_policy:one_epoch, batches_per_epoch:8, time:416.350
phase:paper_step8_greedy_target_Yprime_refine_epoch_104, space:Y_greedy_target, silhouette = 0.5944480299949646, loss:0.00586, n_changed_assignment:34," cluster_sizes:[409, 472, 119, 619, 180]", greedy_eigen_direction:smallest, greedy_eigen_index:0, greedy_eigenvalue:0.10096907615661621, greedy_target_mode:selected_dimension_only, kmeans_n_init:100, kmeans_refresh_policy:one_epoch, batches_per_epoch:8, time:416.456
phase:paper_step9_after_full_epoch_105, space:H_fused_latent_same_labels, silhouette = 0.5768992900848389," loss:total:0.01153, L1_reconstruction:0.01039, L2_kmeans:0.00101, L3_trace_logged:0.00101, L4_greedy:0.00013, L4_selected_direction:0.00013, L4_nonselected_snapshot_anchor:0.00000, L4_selected_fraction:1.00000, L4_anchor_fraction:0.00000", n_changed_assignment:34," cluster_sizes:[409, 472, 119, 619, 180]", greedy_eigen_direction:smallest, greedy_eigen_index:0, greedy_eigenvalue:0.10096907615661621, greedy_target_mode:selected_dimension_only, kmeans_n_init:100, kmeans_refresh_policy:one_epoch, batches_per_epoch:8, refinement_epoch:105, step9_metric_scope:full_dataset_after_epoch, step9_loss_scope:epoch_mean, step9_loss_batches:8, step9_loss_samples:1799, time:420.018
phase:paper_step4_to_7_common_refine_epoch_105, space:H_fused_latent, silhouette = 0.5817156434059143, loss:0.0058, n_changed_assignment:33," cluster_sizes:[494, 114, 407, 600, 184]", greedy_eigen_direction:smallest, greedy_eigen_index:0, greedy_eigenvalue:0.07878247648477554, greedy_target_mode:selected_dimension_only, kmeans_n_init:100, kmeans_refresh_policy:one_epoch, batches_per_epoch:8, time:420.419
phase:paper_step8_greedy_target_Yprime_refine_epoch_105, space:Y_greedy_target, silhouette = 0.5976783037185669, loss:0.0058, n_changed_assignment:33," cluster_sizes:[494, 114, 407, 600, 184]", greedy_eigen_direction:smallest, greedy_eigen_index:0, greedy_eigenvalue:0.07878247648477554, greedy_target_mode:selected_dimension_only, kmeans_n_init:100, kmeans_refresh_policy:one_epoch, batches_per_epoch:8, time:420.466
phase:paper_step9_after_full_epoch_106, space:H_fused_latent_same_labels, silhouette = 0.5803202390670776," loss:total:0.01119, L1_reconstruction:0.01006, L2_kmeans:0.00104, L3_trace_logged:0.00104, L4_greedy:0.00009, L4_selected_direction:0.00009, L4_nonselected_snapshot_anchor:0.00000, L4_selected_fraction:1.00000, L4_anchor_fraction:0.00000", n_changed_assignment:33," cluster_sizes:[494, 114, 407, 600, 184]", greedy_eigen_direction:smallest, greedy_eigen_index:0, greedy_eigenvalue:0.07878247648477554, greedy_target_mode:selected_dimension_only, kmeans_n_init:100, kmeans_refresh_policy:one_epoch, batches_per_epoch:8, refinement_epoch:106, step9_metric_scope:full_dataset_after_epoch, step9_loss_scope:epoch_mean, step9_loss_batches:8, step9_loss_samples:1799, time:423.467
phase:paper_step4_to_7_common_refine_epoch_106, space:H_fused_latent, silhouette = 0.5852128863334656, loss:0.006, n_changed_assignment:28," cluster_sizes:[412, 181, 115, 604, 487]", greedy_eigen_direction:smallest, greedy_eigen_index:0, greedy_eigenvalue:0.0935637354850769, greedy_target_mode:selected_dimension_only, kmeans_n_init:100, kmeans_refresh_policy:one_epoch, batches_per_epoch:8, time:423.859
phase:paper_step8_greedy_target_Yprime_refine_epoch_106, space:Y_greedy_target, silhouette = 0.6005995869636536, loss:0.006, n_changed_assignment:28," cluster_sizes:[412, 181, 115, 604, 487]", greedy_eigen_direction:smallest, greedy_eigen_index:0, greedy_eigenvalue:0.0935637354850769, greedy_target_mode:selected_dimension_only, kmeans_n_init:100, kmeans_refresh_policy:one_epoch, batches_per_epoch:8, time:423.905
phase:paper_step9_after_full_epoch_107, space:H_fused_latent_same_labels, silhouette = 0.5704803466796875," loss:total:0.01241, L1_reconstruction:0.01119, L2_kmeans:0.00108, L3_trace_logged:0.00108, L4_greedy:0.00013, L4_selected_direction:0.00013, L4_nonselected_snapshot_anchor:0.00000, L4_selected_fraction:1.00000, L4_anchor_fraction:0.00000", n_changed_assignment:28," cluster_sizes:[412, 181, 115, 604, 487]", greedy_eigen_direction:smallest, greedy_eigen_index:0, greedy_eigenvalue:0.0935637354850769, greedy_target_mode:selected_dimension_only, kmeans_n_init:100, kmeans_refresh_policy:one_epoch, batches_per_epoch:8, refinement_epoch:107, step9_metric_scope:full_dataset_after_epoch, step9_loss_scope:epoch_mean, step9_loss_batches:8, step9_loss_samples:1799, time:426.726
phase:paper_step4_to_7_common_refine_epoch_107, space:H_fused_latent, silhouette = 0.5780673027038574, loss:0.00453, n_changed_assignment:40," cluster_sizes:[409, 116, 600, 494, 180]", greedy_eigen_direction:smallest, greedy_eigen_index:0, greedy_eigenvalue:0.09932021051645279, greedy_target_mode:selected_dimension_only, kmeans_n_init:100, kmeans_refresh_policy:one_epoch, batches_per_epoch:8, time:427.132
phase:paper_step8_greedy_target_Yprime_refine_epoch_107, space:Y_greedy_target, silhouette = 0.5950145125389099, loss:0.00453, n_changed_assignment:40," cluster_sizes:[409, 116, 600, 494, 180]", greedy_eigen_direction:smallest, greedy_eigen_index:0, greedy_eigenvalue:0.09932021051645279, greedy_target_mode:selected_dimension_only, kmeans_n_init:100, kmeans_refresh_policy:one_epoch, batches_per_epoch:8, time:427.181
phase:paper_step9_after_full_epoch_108, space:H_fused_latent_same_labels, silhouette = 0.5686180591583252," loss:total:0.01315, L1_reconstruction:0.01205, L2_kmeans:0.00103, L3_trace_logged:0.00103, L4_greedy:0.00008, L4_selected_direction:0.00008, L4_nonselected_snapshot_anchor:0.00000, L4_selected_fraction:1.00000, L4_anchor_fraction:0.00000", n_changed_assignment:40," cluster_sizes:[409, 116, 600, 494, 180]", greedy_eigen_direction:smallest, greedy_eigen_index:0, greedy_eigenvalue:0.09932021051645279, greedy_target_mode:selected_dimension_only, kmeans_n_init:100, kmeans_refresh_policy:one_epoch, batches_per_epoch:8, refinement_epoch:108, step9_metric_scope:full_dataset_after_epoch, step9_loss_scope:epoch_mean, step9_loss_batches:8, step9_loss_samples:1799, time:430.659
phase:paper_step4_to_7_common_refine_epoch_108, space:H_fused_latent, silhouette = 0.5732594132423401, loss:0.00875, n_changed_assignment:31," cluster_sizes:[410, 179, 587, 506, 117]", greedy_eigen_direction:smallest, greedy_eigen_index:0, greedy_eigenvalue:0.09044530987739563, greedy_target_mode:selected_dimension_only, kmeans_n_init:100, kmeans_refresh_policy:one_epoch, batches_per_epoch:8, time:431.286
phase:paper_step8_greedy_target_Yprime_refine_epoch_108, space:Y_greedy_target, silhouette = 0.5887343287467957, loss:0.00875, n_changed_assignment:31," cluster_sizes:[410, 179, 587, 506, 117]", greedy_eigen_direction:smallest, greedy_eigen_index:0, greedy_eigenvalue:0.09044530987739563, greedy_target_mode:selected_dimension_only, kmeans_n_init:100, kmeans_refresh_policy:one_epoch, batches_per_epoch:8, time:431.392
phase:paper_step9_after_full_epoch_109, space:H_fused_latent_same_labels, silhouette = 0.5481995344161987," loss:total:0.01231, L1_reconstruction:0.01111, L2_kmeans:0.00101, L3_trace_logged:0.00101, L4_greedy:0.00019, L4_selected_direction:0.00019, L4_nonselected_snapshot_anchor:0.00000, L4_selected_fraction:1.00000, L4_anchor_fraction:0.00000", n_changed_assignment:31," cluster_sizes:[410, 179, 587, 506, 117]", greedy_eigen_direction:smallest, greedy_eigen_index:0, greedy_eigenvalue:0.09044530987739563, greedy_target_mode:selected_dimension_only, kmeans_n_init:100, kmeans_refresh_policy:one_epoch, batches_per_epoch:8, refinement_epoch:109, step9_metric_scope:full_dataset_after_epoch, step9_loss_scope:epoch_mean, step9_loss_batches:8, step9_loss_samples:1799, time:434.761
phase:paper_step4_to_7_common_refine_epoch_109, space:H_fused_latent, silhouette = 0.5577943325042725, loss:0.00489, n_changed_assignment:42," cluster_sizes:[402, 582, 178, 118, 519]", greedy_eigen_direction:smallest, greedy_eigen_index:0, greedy_eigenvalue:0.1085803210735321, greedy_target_mode:selected_dimension_only, kmeans_n_init:100, kmeans_refresh_policy:one_epoch, batches_per_epoch:8, time:435.168
phase:paper_step8_greedy_target_Yprime_refine_epoch_109, space:Y_greedy_target, silhouette = 0.5747138857841492, loss:0.00489, n_changed_assignment:42," cluster_sizes:[402, 582, 178, 118, 519]", greedy_eigen_direction:smallest, greedy_eigen_index:0, greedy_eigenvalue:0.1085803210735321, greedy_target_mode:selected_dimension_only, kmeans_n_init:100, kmeans_refresh_policy:one_epoch, batches_per_epoch:8, time:435.216
phase:paper_step9_after_full_epoch_110, space:H_fused_latent_same_labels, silhouette = 0.5262898802757263," loss:total:0.01386, L1_reconstruction:0.01226, L2_kmeans:0.00133, L3_trace_logged:0.00133, L4_greedy:0.00027, L4_selected_direction:0.00027, L4_nonselected_snapshot_anchor:0.00000, L4_selected_fraction:1.00000, L4_anchor_fraction:0.00000", n_changed_assignment:42," cluster_sizes:[402, 582, 178, 118, 519]", greedy_eigen_direction:smallest, greedy_eigen_index:0, greedy_eigenvalue:0.1085803210735321, greedy_target_mode:selected_dimension_only, kmeans_n_init:100, kmeans_refresh_policy:one_epoch, batches_per_epoch:8, refinement_epoch:110, step9_metric_scope:full_dataset_after_epoch, step9_loss_scope:epoch_mean, step9_loss_batches:8, step9_loss_samples:1799, time:437.988
phase:paper_step4_to_7_common_refine_epoch_110, space:H_fused_latent, silhouette = 0.5466586351394653, loss:0.00692, n_changed_assignment:69," cluster_sizes:[400, 182, 615, 487, 115]", greedy_eigen_direction:smallest, greedy_eigen_index:0, greedy_eigenvalue:0.09648297727108002, greedy_target_mode:selected_dimension_only, kmeans_n_init:100, kmeans_refresh_policy:one_epoch, batches_per_epoch:8, time:438.390
phase:paper_step8_greedy_target_Yprime_refine_epoch_110, space:Y_greedy_target, silhouette = 0.5656895637512207, loss:0.00692, n_changed_assignment:69," cluster_sizes:[400, 182, 615, 487, 115]", greedy_eigen_direction:smallest, greedy_eigen_index:0, greedy_eigenvalue:0.09648297727108002, greedy_target_mode:selected_dimension_only, kmeans_n_init:100, kmeans_refresh_policy:one_epoch, batches_per_epoch:8, time:438.438
phase:paper_step9_after_full_epoch_111, space:H_fused_latent_same_labels, silhouette = 0.4965299963951111," loss:total:0.01234, L1_reconstruction:0.01097, L2_kmeans:0.00128, L3_trace_logged:0.00128, L4_greedy:0.00010, L4_selected_direction:0.00010, L4_nonselected_snapshot_anchor:0.00000, L4_selected_fraction:1.00000, L4_anchor_fraction:0.00000", n_changed_assignment:69," cluster_sizes:[400, 182, 615, 487, 115]", greedy_eigen_direction:smallest, greedy_eigen_index:0, greedy_eigenvalue:0.09648297727108002, greedy_target_mode:selected_dimension_only, kmeans_n_init:100, kmeans_refresh_policy:one_epoch, batches_per_epoch:8, refinement_epoch:111, step9_metric_scope:full_dataset_after_epoch, step9_loss_scope:epoch_mean, step9_loss_batches:8, step9_loss_samples:1799, time:441.406
phase:paper_step4_to_7_common_refine_epoch_111, space:H_fused_latent, silhouette = 0.5054365992546082, loss:0.00911, n_changed_assignment:49," cluster_sizes:[633, 178, 484, 385, 119]", greedy_eigen_direction:smallest, greedy_eigen_index:0, greedy_eigenvalue:0.12282530963420868, greedy_target_mode:selected_dimension_only, kmeans_n_init:100, kmeans_refresh_policy:one_epoch, batches_per_epoch:8, time:441.788
phase:paper_step8_greedy_target_Yprime_refine_epoch_111, space:Y_greedy_target, silhouette = 0.5283174514770508, loss:0.00911, n_changed_assignment:49," cluster_sizes:[633, 178, 484, 385, 119]", greedy_eigen_direction:smallest, greedy_eigen_index:0, greedy_eigenvalue:0.12282530963420868, greedy_target_mode:selected_dimension_only, kmeans_n_init:100, kmeans_refresh_policy:one_epoch, batches_per_epoch:8, time:441.834
phase:paper_step9_after_full_epoch_112, space:H_fused_latent_same_labels, silhouette = 0.5355730652809143," loss:total:0.01312, L1_reconstruction:0.01183, L2_kmeans:0.00120, L3_trace_logged:0.00120, L4_greedy:0.00010, L4_selected_direction:0.00010, L4_nonselected_snapshot_anchor:0.00000, L4_selected_fraction:1.00000, L4_anchor_fraction:0.00000", n_changed_assignment:49," cluster_sizes:[633, 178, 484, 385, 119]", greedy_eigen_direction:smallest, greedy_eigen_index:0, greedy_eigenvalue:0.12282530963420868, greedy_target_mode:selected_dimension_only, kmeans_n_init:100, kmeans_refresh_policy:one_epoch, batches_per_epoch:8, refinement_epoch:112, step9_metric_scope:full_dataset_after_epoch, step9_loss_scope:epoch_mean, step9_loss_batches:8, step9_loss_samples:1799, time:445.439
phase:paper_step4_to_7_common_refine_epoch_112, space:H_fused_latent, silhouette = 0.5559557676315308, loss:0.00471, n_changed_assignment:66," cluster_sizes:[406, 113, 183, 609, 488]", greedy_eigen_direction:smallest, greedy_eigen_index:0, greedy_eigenvalue:0.07719394564628601, greedy_target_mode:selected_dimension_only, kmeans_n_init:100, kmeans_refresh_policy:one_epoch, batches_per_epoch:8, time:445.983
phase:paper_step8_greedy_target_Yprime_refine_epoch_112, space:Y_greedy_target, silhouette = 0.5721395015716553, loss:0.00471, n_changed_assignment:66," cluster_sizes:[406, 113, 183, 609, 488]", greedy_eigen_direction:smallest, greedy_eigen_index:0, greedy_eigenvalue:0.07719394564628601, greedy_target_mode:selected_dimension_only, kmeans_n_init:100, kmeans_refresh_policy:one_epoch, batches_per_epoch:8, time:446.087
phase:paper_step9_after_full_epoch_113, space:H_fused_latent_same_labels, silhouette = 0.5281988978385925," loss:total:0.01212, L1_reconstruction:0.01109, L2_kmeans:0.00097, L3_trace_logged:0.00097, L4_greedy:0.00006, L4_selected_direction:0.00006, L4_nonselected_snapshot_anchor:0.00000, L4_selected_fraction:1.00000, L4_anchor_fraction:0.00000", n_changed_assignment:66," cluster_sizes:[406, 113, 183, 609, 488]", greedy_eigen_direction:smallest, greedy_eigen_index:0, greedy_eigenvalue:0.07719394564628601, greedy_target_mode:selected_dimension_only, kmeans_n_init:100, kmeans_refresh_policy:one_epoch, batches_per_epoch:8, refinement_epoch:113, step9_metric_scope:full_dataset_after_epoch, step9_loss_scope:epoch_mean, step9_loss_batches:8, step9_loss_samples:1799, time:449.441
phase:paper_step4_to_7_common_refine_epoch_113, space:H_fused_latent, silhouette = 0.5328889489173889, loss:0.00456, n_changed_assignment:32," cluster_sizes:[597, 181, 497, 116, 408]", greedy_eigen_direction:smallest, greedy_eigen_index:0, greedy_eigenvalue:0.07795931398868561, greedy_target_mode:selected_dimension_only, kmeans_n_init:100, kmeans_refresh_policy:one_epoch, batches_per_epoch:8, time:449.841
phase:paper_step8_greedy_target_Yprime_refine_epoch_113, space:Y_greedy_target, silhouette = 0.5497056245803833, loss:0.00456, n_changed_assignment:32," cluster_sizes:[597, 181, 497, 116, 408]", greedy_eigen_direction:smallest, greedy_eigen_index:0, greedy_eigenvalue:0.07795931398868561, greedy_target_mode:selected_dimension_only, kmeans_n_init:100, kmeans_refresh_policy:one_epoch, batches_per_epoch:8, time:449.888
phase:paper_step9_after_full_epoch_114, space:H_fused_latent_same_labels, silhouette = 0.5488093495368958," loss:total:0.00902, L1_reconstruction:0.00779, L2_kmeans:0.00099, L3_trace_logged:0.00099, L4_greedy:0.00024, L4_selected_direction:0.00024, L4_nonselected_snapshot_anchor:0.00000, L4_selected_fraction:1.00000, L4_anchor_fraction:0.00000", n_changed_assignment:32," cluster_sizes:[597, 181, 497, 116, 408]", greedy_eigen_direction:smallest, greedy_eigen_index:0, greedy_eigenvalue:0.07795931398868561, greedy_target_mode:selected_dimension_only, kmeans_n_init:100, kmeans_refresh_policy:one_epoch, batches_per_epoch:8, refinement_epoch:114, step9_metric_scope:full_dataset_after_epoch, step9_loss_scope:epoch_mean, step9_loss_batches:8, step9_loss_samples:1799, time:452.892
phase:paper_step4_to_7_common_refine_epoch_114, space:H_fused_latent, silhouette = 0.5518668293952942, loss:0.00398, n_changed_assignment:23," cluster_sizes:[179, 596, 412, 117, 495]", greedy_eigen_direction:smallest, greedy_eigen_index:0, greedy_eigenvalue:0.08204485476016998, greedy_target_mode:selected_dimension_only, kmeans_n_init:100, kmeans_refresh_policy:one_epoch, batches_per_epoch:8, time:453.273
phase:paper_step8_greedy_target_Yprime_refine_epoch_114, space:Y_greedy_target, silhouette = 0.571118175983429, loss:0.00398, n_changed_assignment:23," cluster_sizes:[179, 596, 412, 117, 495]", greedy_eigen_direction:smallest, greedy_eigen_index:0, greedy_eigenvalue:0.08204485476016998, greedy_target_mode:selected_dimension_only, kmeans_n_init:100, kmeans_refresh_policy:one_epoch, batches_per_epoch:8, time:453.322
phase:paper_step9_after_full_epoch_115, space:H_fused_latent_same_labels, silhouette = 0.5736976861953735," loss:total:0.01021, L1_reconstruction:0.00919, L2_kmeans:0.00093, L3_trace_logged:0.00093, L4_greedy:0.00008, L4_selected_direction:0.00008, L4_nonselected_snapshot_anchor:0.00000, L4_selected_fraction:1.00000, L4_anchor_fraction:0.00000", n_changed_assignment:23," cluster_sizes:[179, 596, 412, 117, 495]", greedy_eigen_direction:smallest, greedy_eigen_index:0, greedy_eigenvalue:0.08204485476016998, greedy_target_mode:selected_dimension_only, kmeans_n_init:100, kmeans_refresh_policy:one_epoch, batches_per_epoch:8, refinement_epoch:115, step9_metric_scope:full_dataset_after_epoch, step9_loss_scope:epoch_mean, step9_loss_batches:8, step9_loss_samples:1799, time:456.293
phase:paper_step4_to_7_common_refine_epoch_115, space:H_fused_latent, silhouette = 0.5783138871192932, loss:0.00449, n_changed_assignment:27," cluster_sizes:[410, 116, 180, 606, 487]", greedy_eigen_direction:smallest, greedy_eigen_index:0, greedy_eigenvalue:0.07086146622896194, greedy_target_mode:selected_dimension_only, kmeans_n_init:100, kmeans_refresh_policy:one_epoch, batches_per_epoch:8, time:456.672
phase:paper_step8_greedy_target_Yprime_refine_epoch_115, space:Y_greedy_target, silhouette = 0.5955201387405396, loss:0.00449, n_changed_assignment:27," cluster_sizes:[410, 116, 180, 606, 487]", greedy_eigen_direction:smallest, greedy_eigen_index:0, greedy_eigenvalue:0.07086146622896194, greedy_target_mode:selected_dimension_only, kmeans_n_init:100, kmeans_refresh_policy:one_epoch, batches_per_epoch:8, time:456.719
phase:paper_step9_after_full_epoch_116, space:H_fused_latent_same_labels, silhouette = 0.5613535046577454," loss:total:0.00845, L1_reconstruction:0.00744, L2_kmeans:0.00086, L3_trace_logged:0.00086, L4_greedy:0.00016, L4_selected_direction:0.00016, L4_nonselected_snapshot_anchor:0.00000, L4_selected_fraction:1.00000, L4_anchor_fraction:0.00000", n_changed_assignment:27," cluster_sizes:[410, 116, 180, 606, 487]", greedy_eigen_direction:smallest, greedy_eigen_index:0, greedy_eigenvalue:0.07086146622896194, greedy_target_mode:selected_dimension_only, kmeans_n_init:100, kmeans_refresh_policy:one_epoch, batches_per_epoch:8, refinement_epoch:116, step9_metric_scope:full_dataset_after_epoch, step9_loss_scope:epoch_mean, step9_loss_batches:8, step9_loss_samples:1799, time:460.427
phase:paper_step4_to_7_common_refine_epoch_116, space:H_fused_latent, silhouette = 0.5652018189430237, loss:0.00358, n_changed_assignment:26," cluster_sizes:[404, 180, 602, 497, 116]", greedy_eigen_direction:smallest, greedy_eigen_index:0, greedy_eigenvalue:0.1219118982553482, greedy_target_mode:selected_dimension_only, kmeans_n_init:100, kmeans_refresh_policy:one_epoch, batches_per_epoch:8, time:461.045
phase:paper_step8_greedy_target_Yprime_refine_epoch_116, space:Y_greedy_target, silhouette = 0.5894697308540344, loss:0.00358, n_changed_assignment:26," cluster_sizes:[404, 180, 602, 497, 116]", greedy_eigen_direction:smallest, greedy_eigen_index:0, greedy_eigenvalue:0.1219118982553482, greedy_target_mode:selected_dimension_only, kmeans_n_init:100, kmeans_refresh_policy:one_epoch, batches_per_epoch:8, time:461.157
phase:paper_step9_after_full_epoch_117, space:H_fused_latent_same_labels, silhouette = 0.5751072764396667," loss:total:0.00987, L1_reconstruction:0.00877, L2_kmeans:0.00095, L3_trace_logged:0.00095, L4_greedy:0.00015, L4_selected_direction:0.00015, L4_nonselected_snapshot_anchor:0.00000, L4_selected_fraction:1.00000, L4_anchor_fraction:0.00000", n_changed_assignment:26," cluster_sizes:[404, 180, 602, 497, 116]", greedy_eigen_direction:smallest, greedy_eigen_index:0, greedy_eigenvalue:0.1219118982553482, greedy_target_mode:selected_dimension_only, kmeans_n_init:100, kmeans_refresh_policy:one_epoch, batches_per_epoch:8, refinement_epoch:117, step9_metric_scope:full_dataset_after_epoch, step9_loss_scope:epoch_mean, step9_loss_batches:8, step9_loss_samples:1799, time:464.314
phase:paper_step4_to_7_common_refine_epoch_117, space:H_fused_latent, silhouette = 0.578601062297821, loss:0.00586, n_changed_assignment:22," cluster_sizes:[403, 114, 607, 493, 182]", greedy_eigen_direction:smallest, greedy_eigen_index:0, greedy_eigenvalue:0.08743219077587128, greedy_target_mode:selected_dimension_only, kmeans_n_init:100, kmeans_refresh_policy:one_epoch, batches_per_epoch:8, time:464.712
phase:paper_step8_greedy_target_Yprime_refine_epoch_117, space:Y_greedy_target, silhouette = 0.5994501709938049, loss:0.00586, n_changed_assignment:22," cluster_sizes:[403, 114, 607, 493, 182]", greedy_eigen_direction:smallest, greedy_eigen_index:0, greedy_eigenvalue:0.08743219077587128, greedy_target_mode:selected_dimension_only, kmeans_n_init:100, kmeans_refresh_policy:one_epoch, batches_per_epoch:8, time:464.759
phase:paper_step9_after_full_epoch_118, space:H_fused_latent_same_labels, silhouette = 0.564518392086029," loss:total:0.01147, L1_reconstruction:0.01049, L2_kmeans:0.00089, L3_trace_logged:0.00089, L4_greedy:0.00009, L4_selected_direction:0.00009, L4_nonselected_snapshot_anchor:0.00000, L4_selected_fraction:1.00000, L4_anchor_fraction:0.00000", n_changed_assignment:22," cluster_sizes:[403, 114, 607, 493, 182]", greedy_eigen_direction:smallest, greedy_eigen_index:0, greedy_eigenvalue:0.08743219077587128, greedy_target_mode:selected_dimension_only, kmeans_n_init:100, kmeans_refresh_policy:one_epoch, batches_per_epoch:8, refinement_epoch:118, step9_metric_scope:full_dataset_after_epoch, step9_loss_scope:epoch_mean, step9_loss_batches:8, step9_loss_samples:1799, time:467.629
phase:paper_step4_to_7_common_refine_epoch_118, space:H_fused_latent, silhouette = 0.5754770040512085, loss:0.00549, n_changed_assignment:35," cluster_sizes:[409, 592, 115, 503, 180]", greedy_eigen_direction:smallest, greedy_eigen_index:0, greedy_eigenvalue:0.0862107202410698, greedy_target_mode:selected_dimension_only, kmeans_n_init:100, kmeans_refresh_policy:one_epoch, batches_per_epoch:8, time:468.008
phase:paper_step8_greedy_target_Yprime_refine_epoch_118, space:Y_greedy_target, silhouette = 0.5938034653663635, loss:0.00549, n_changed_assignment:35," cluster_sizes:[409, 592, 115, 503, 180]", greedy_eigen_direction:smallest, greedy_eigen_index:0, greedy_eigenvalue:0.0862107202410698, greedy_target_mode:selected_dimension_only, kmeans_n_init:100, kmeans_refresh_policy:one_epoch, batches_per_epoch:8, time:468.055
phase:paper_step9_after_full_epoch_119, space:H_fused_latent_same_labels, silhouette = 0.5923066139221191," loss:total:0.01033, L1_reconstruction:0.00948, L2_kmeans:0.00079, L3_trace_logged:0.00079, L4_greedy:0.00006, L4_selected_direction:0.00006, L4_nonselected_snapshot_anchor:0.00000, L4_selected_fraction:1.00000, L4_anchor_fraction:0.00000", n_changed_assignment:35," cluster_sizes:[409, 592, 115, 503, 180]", greedy_eigen_direction:smallest, greedy_eigen_index:0, greedy_eigenvalue:0.0862107202410698, greedy_target_mode:selected_dimension_only, kmeans_n_init:100, kmeans_refresh_policy:one_epoch, batches_per_epoch:8, refinement_epoch:119, step9_metric_scope:full_dataset_after_epoch, step9_loss_scope:epoch_mean, step9_loss_batches:8, step9_loss_samples:1799, time:470.832
phase:paper_step4_to_7_common_refine_epoch_119, space:H_fused_latent, silhouette = 0.5984420776367188, loss:0.00302, n_changed_assignment:34," cluster_sizes:[409, 577, 179, 518, 116]", greedy_eigen_direction:smallest, greedy_eigen_index:0, greedy_eigenvalue:0.06937259435653687, greedy_target_mode:selected_dimension_only, kmeans_n_init:100, kmeans_refresh_policy:one_epoch, batches_per_epoch:8, time:471.209
phase:paper_step8_greedy_target_Yprime_refine_epoch_119, space:Y_greedy_target, silhouette = 0.6126973032951355, loss:0.00302, n_changed_assignment:34," cluster_sizes:[409, 577, 179, 518, 116]", greedy_eigen_direction:smallest, greedy_eigen_index:0, greedy_eigenvalue:0.06937259435653687, greedy_target_mode:selected_dimension_only, kmeans_n_init:100, kmeans_refresh_policy:one_epoch, batches_per_epoch:8, time:471.257
phase:paper_step9_after_full_epoch_120, space:H_fused_latent_same_labels, silhouette = 0.6175551414489746," loss:total:0.01203, L1_reconstruction:0.01108, L2_kmeans:0.00081, L3_trace_logged:0.00081, L4_greedy:0.00015, L4_selected_direction:0.00015, L4_nonselected_snapshot_anchor:0.00000, L4_selected_fraction:1.00000, L4_anchor_fraction:0.00000", n_changed_assignment:34," cluster_sizes:[409, 577, 179, 518, 116]", greedy_eigen_direction:smallest, greedy_eigen_index:0, greedy_eigenvalue:0.06937259435653687, greedy_target_mode:selected_dimension_only, kmeans_n_init:100, kmeans_refresh_policy:one_epoch, batches_per_epoch:8, refinement_epoch:120, step9_metric_scope:full_dataset_after_epoch, step9_loss_scope:epoch_mean, step9_loss_batches:8, step9_loss_samples:1799, time:475.053
phase:paper_step4_to_7_common_refine_epoch_120, space:H_fused_latent, silhouette = 0.6210529208183289, loss:0.00596, n_changed_assignment:21," cluster_sizes:[405, 584, 181, 515, 114]", greedy_eigen_direction:smallest, greedy_eigen_index:0, greedy_eigenvalue:0.06735769659280777, greedy_target_mode:selected_dimension_only, kmeans_n_init:100, kmeans_refresh_policy:one_epoch, batches_per_epoch:8, time:475.608
phase:paper_step8_greedy_target_Yprime_refine_epoch_120, space:Y_greedy_target, silhouette = 0.6356589198112488, loss:0.00596, n_changed_assignment:21," cluster_sizes:[405, 584, 181, 515, 114]", greedy_eigen_direction:smallest, greedy_eigen_index:0, greedy_eigenvalue:0.06735769659280777, greedy_target_mode:selected_dimension_only, kmeans_n_init:100, kmeans_refresh_policy:one_epoch, batches_per_epoch:8, time:475.657
phase:paper_step9_after_full_epoch_121, space:H_fused_latent_same_labels, silhouette = 0.6267849802970886," loss:total:0.00928, L1_reconstruction:0.00848, L2_kmeans:0.00072, L3_trace_logged:0.00072, L4_greedy:0.00008, L4_selected_direction:0.00008, L4_nonselected_snapshot_anchor:0.00000, L4_selected_fraction:1.00000, L4_anchor_fraction:0.00000", n_changed_assignment:21," cluster_sizes:[405, 584, 181, 515, 114]", greedy_eigen_direction:smallest, greedy_eigen_index:0, greedy_eigenvalue:0.06735769659280777, greedy_target_mode:selected_dimension_only, kmeans_n_init:100, kmeans_refresh_policy:one_epoch, batches_per_epoch:8, refinement_epoch:121, step9_metric_scope:full_dataset_after_epoch, step9_loss_scope:epoch_mean, step9_loss_batches:8, step9_loss_samples:1799, time:478.565
phase:paper_step4_to_7_common_refine_epoch_121, space:H_fused_latent, silhouette = 0.6284185647964478, loss:0.00327, n_changed_assignment:11," cluster_sizes:[405, 592, 113, 509, 180]", greedy_eigen_direction:smallest, greedy_eigen_index:0, greedy_eigenvalue:0.06448444724082947, greedy_target_mode:selected_dimension_only, kmeans_n_init:100, kmeans_refresh_policy:one_epoch, batches_per_epoch:8, time:478.946
phase:paper_step8_greedy_target_Yprime_refine_epoch_121, space:Y_greedy_target, silhouette = 0.6436453461647034, loss:0.00327, n_changed_assignment:11," cluster_sizes:[405, 592, 113, 509, 180]", greedy_eigen_direction:smallest, greedy_eigen_index:0, greedy_eigenvalue:0.06448444724082947, greedy_target_mode:selected_dimension_only, kmeans_n_init:100, kmeans_refresh_policy:one_epoch, batches_per_epoch:8, time:479.001
phase:training_stop, stop_reason:converged_assignment, refinement_epochs_completed:121, max_refinement_epochs:1400, time:479.125
phase:final_recomputed_artifact, space:H_fused_latent, silhouette = 0.6284185647964478, loss:0.00928, n_changed_assignment:0," cluster_sizes:[405, 592, 113, 509, 180]", greedy_eigen_direction:smallest, greedy_eigen_index:0, greedy_target_mode:selected_dimension_only, kmeans_refresh_policy:one_epoch, batches_per_epoch:8, stop_reason:converged_assignment, refinement_epochs_completed:121, max_refinement_epochs:1400, loss_scope:last_completed_epoch_mean, time:479.501
run 5/5, seed:46, greedy_eigen_direction:smallest, greedy_target_mode:selected_dimension_only, silhouette:0.6284185647964478, time:479.526
average over 5 runs, silhouette:0.58005, greedy_eigen_direction:smallest, greedy_target_mode:selected_dimension_only, time:769.992
