csv_row_index,merged_row_index,match_flag,recovered_years_joined,Seller Link,Store Name,Year Joined,Total Products,Rating,Review Count,Followers,Total Revenue,Total Review,1 Start,2 Start,3 Start,4 Start,5 Start
0,0,,9,https://tiki.vn/cua-hang/cong-nghe-viet?source_screen=product_detail&source_engine=organic,Công Nghệ Việt,2017,63,4.4,21000,1700,99846090,6921.0,292.0,123.0,293.0,1107.0,5106.0
1,1,,3,https://tiki.vn/cua-hang/lynu-store?source_screen=product_detail&source_engine=organic,LYNU STORE,2023,348,4.3,87,56,8801050,18.0,2.0,0.0,2.0,3.0,11.0
2,2,,7,https://tiki.vn/cua-hang/kho-si-cong-nghe?source_screen=product_detail&source_engine=organic,KHO SỈ CÔNG NGHỆ,2019,518,4.4,3200,834,161314611,1192.0,63.0,26.0,17.0,181.0,905.0
3,3,,7,https://tiki.vn/cua-hang/telovietnam?source_screen=product_detail&source_engine=organic,Telovietnam,2019,2000,3.9,620,366,157896050,149.0,27.0,3.0,8.0,28.0,83.0
4,4,,5,https://tiki.vn/cua-hang/rem-che-nang-thiet-ke-theo-xe-mroto?source_screen=product_detail&source_engine=organic,Rèm Che Nắng Thiết Kế Theo Xe MrÔTÔ,2021,282,4.4,93,36,1506000,75.0,4.0,2.0,2.0,18.0,49.0
5,5,,5,https://tiki.vn/cua-hang/homes-store?source_screen=product_detail&source_engine=organic,HOMES STORE,2021,302,4.7,1500,4700,91669090,870.0,14.0,7.0,12.0,112.0,725.0
6,6,,7,https://tiki.vn/cua-hang/mai-lee-house?source_screen=product_detail&source_engine=organic,Mai Lee House,2019,274,4.5,11000,1700,15554481,6725.0,195.0,91.0,333.0,1441.0,4665.0
7,7,,4,https://tiki.vn/cua-hang/vascara-offical-store?source_screen=product_detail&source_engine=organic,VASCARA OFFICIAL STORE,2022,184,4.8,130,3600,3180000,2.0,0.0,0.0,0.0,0.0,2.0
8,8,,7,https://tiki.vn/cua-hang/danido-store?source_screen=product_detail&source_engine=organic,Danido Store,2019,110,4.5,17000,3500,92139500,13723.0,424.0,234.0,566.0,2630.0,9869.0
9,9,,6,https://tiki.vn/cua-hang/brother-official-store?source_screen=product_detail&source_engine=organic,Brother Official Store,2020,43,4.7,919,2600,4148500,370.0,11.0,0.0,4.0,31.0,324.0
10,10,,5,https://tiki.vn/cua-hang/bopvidapandago?source_screen=product_detail&source_engine=organic,BopvidaPandago,2021,39,4.3,11,8,0,4.0,0.0,0.0,0.0,1.0,3.0
11,11,,5,https://tiki.vn/cua-hang/giay-huy-hoang?source_screen=product_detail&source_engine=organic,Giày Huy Hoàng,2021,558,4.3,17,41,1019500,13.0,0.0,0.0,0.0,5.0,8.0
12,12,,4,https://tiki.vn/cua-hang/vali-va-phu-kien-do-da?source_screen=product_detail&source_engine=organic,VaLi Và Phụ Kiện Đồ Da,2022,182,5.0,3,4,0,3.0,0.0,0.0,0.0,0.0,3.0
13,13,,8,https://tiki.vn/cua-hang/minh-tho-petshop?source_screen=product_detail&source_engine=organic,minh tho petshop,2018,226,4.6,2800,340,11467000,1438.0,34.0,13.0,41.0,189.0,1161.0
14,14,,8,https://tiki.vn/cua-hang/do-gia-dung-nha-bep-bang-go?source_screen=product_detail&source_engine=organic,Đồ gia dụng nhà bếp bằng gỗ,2018,178,4.7,1600,427,2750500,1466.0,34.0,11.0,41.0,223.0,1157.0
15,15,,5,https://tiki.vn/cua-hang/icybernet?source_screen=product_detail&source_engine=organic,iCybernet Official Store,2021,52,4.6,9500,6200,68579456,4851.0,171.0,49.0,138.0,680.0,3813.0
16,16,,5,https://tiki.vn/cua-hang/arctic-hunter-store?source_screen=product_detail&source_engine=organic,Arctic Hunter Store,2021,55,4.9,2100,819,1234000,1384.0,9.0,1.0,4.0,57.0,1313.0
17,17,,8,https://tiki.vn/cua-hang/kavi-store?source_screen=product_detail&source_engine=organic,KAVI STORE,2018,113,4.5,209,35,980000,100.0,7.0,0.0,4.0,13.0,76.0
18,18,,8,https://tiki.vn/cua-hang/cham-soc-xe-yeu?source_screen=product_detail&source_engine=organic,Chăm sóc xế yêu,2018,2000,4.2,11000,982,61677462,5527.0,408.0,178.0,335.0,1316.0,3290.0
19,19,,9,https://tiki.vn/cua-hang/bee-gee-shop?source_screen=product_detail&source_engine=organic,BEE GEE SHOP,2017,2000,4.2,1600,1300,36346975,948.0,90.0,23.0,42.0,202.0,591.0
20,20,,9,https://tiki.vn/cua-hang/tiki-trading?source_screen=product_detail&source_engine=organic,Tiki Trading,2017,2000,4.7,5500000,507700,47561531894,617316.0,7641.0,4078.0,10182.0,58902.0,537485.0
21,21,,7,https://tiki.vn/cua-hang/tadashimi?source_screen=product_detail&source_engine=organic,Tadashimi,2019,257,4.6,1300,96,2815900,966.0,36.0,7.0,29.0,137.0,757.0
22,22,,6,https://tiki.vn/cua-hang/sk-food?source_screen=product_detail&source_engine=organic,SK FOOD,2020,120,4.4,6300,2000,8639350,5873.0,293.0,147.0,336.0,1176.0,3921.0
23,23,,7,https://tiki.vn/cua-hang/dona-thoi-trang?source_screen=product_detail&source_engine=organic,DONA Thời Trang,2019,910,4.2,3500,718,7758000,1412.0,82.0,37.0,106.0,326.0,861.0
24,24,,9,https://tiki.vn/cua-hang/lata?source_screen=product_detail&source_engine=organic,LATA OFFICIAL,2017,483,4.7,14000,20200,27131400,4181.0,38.0,23.0,73.0,545.0,3502.0
25,25,,8,https://tiki.vn/cua-hang/aucosta?source_screen=product_detail&source_engine=organic,AUCOSTA,2018,1162,4.5,11000,1900,56941800,6985.0,257.0,125.0,363.0,1104.0,5136.0
26,26,,5,https://tiki.vn/cua-hang/logitech-official-store?source_screen=product_detail&source_engine=organic,Logitech Official Store,2021,131,4.8,5100,6300,403180910,3833.0,66.0,21.0,42.0,300.0,3404.0
27,27,,5,https://tiki.vn/cua-hang/3m-automotive-official?source_screen=product_detail&source_engine=organic,3M Automotive Official,2021,42,4.7,1500,1500,7587600,1000.0,21.0,6.0,23.0,142.0,808.0
28,28,,6,https://tiki.vn/cua-hang/thuy-duong-93?source_screen=product_detail&source_engine=organic,Trầm Hương HÀ XÁ,2020,56,4.8,1800,370,2052700,952.0,7.0,2.0,6.0,84.0,853.0
29,29,,7,https://tiki.vn/cua-hang/bobo-store?source_screen=product_detail&source_engine=organic,BoBo Store,2019,18,4.6,733,290,350000,185.0,4.0,3.0,9.0,30.0,139.0
30,30,,7,https://tiki.vn/cua-hang/luckky-shop?source_screen=product_detail&source_engine=organic,Luckky Shop,2019,242,4.5,8400,591,26469700,637.0,28.0,14.0,26.0,115.0,454.0
31,31,,5,https://tiki.vn/cua-hang/tokdodo?source_screen=product_detail&source_engine=organic,TOKDODO Official Store,2021,208,4.8,533,45,4994994,484.0,7.0,3.0,9.0,51.0,414.0
32,32,,8,https://tiki.vn/cua-hang/hoang-hai-store?source_screen=product_detail&source_engine=organic,Hoàng Hải Store,2018,369,4.5,2000,252,2151546840,1932.0,97.0,26.0,95.0,314.0,1400.0
33,33,,7,https://tiki.vn/cua-hang/non-bao-hiem-halo-phuot?source_screen=product_detail&source_engine=organic,Nón Bảo Hiểm Halo Phượt,2019,231,4.7,3200,1600,755720500,2359.0,35.0,13.0,54.0,382.0,1875.0
34,34,,5,https://tiki.vn/cua-hang/sieu-thi-duc-viet?source_screen=product_detail&source_engine=organic,Siêu Thị Đức Việt,2021,1251,4.5,791,110,1413692986,699.0,51.0,9.0,13.0,98.0,528.0
35,35,,6,https://tiki.vn/cua-hang/moon-jewelry?source_screen=product_detail&source_engine=organic,MOON Jewelry,2020,191,4.7,114,0,0,19.0,0.0,0.0,0.0,4.0,15.0
36,36,,6,https://tiki.vn/cua-hang/navi-smarthouse?source_screen=product_detail&source_engine=organic,Navi-smartHouse,2020,62,4.6,371,77,2434000,234.0,11.0,3.0,4.0,24.0,192.0
37,37,,6,https://tiki.vn/cua-hang/shop-thao-duoc?source_screen=product_detail&source_engine=organic,Shop Thảo Dược,2020,64,4.7,1600,498,3820000,873.0,11.0,8.0,12.0,122.0,720.0
38,38,,7,https://tiki.vn/cua-hang/hanoimart?source_screen=product_detail&source_engine=organic,hanoimart,2019,1513,4.7,6900,772,7060404662,6108.0,163.0,48.0,126.0,926.0,4845.0
39,39,,7,https://tiki.vn/cua-hang/sieu-thi-tui-vai?source_screen=product_detail&source_engine=organic,SIÊU THỊ TÚI VẢI,2019,29,4.8,3000,746,3097000,1243.0,3.0,2.0,12.0,88.0,1138.0
40,40,,7,https://tiki.vn/cua-hang/ivo?source_screen=product_detail&source_engine=organic,IVO,2019,13,4.6,189,20,410795,42.0,2.0,1.0,0.0,5.0,34.0
41,41,,6,https://tiki.vn/cua-hang/cuongtringuyen?source_screen=product_detail&source_engine=organic,CuongTriNguyen,2020,108,4.4,87,0,0,42.0,2.0,0.0,1.0,6.0,33.0
42,42,,4,https://tiki.vn/cua-hang/vien-thong-ha-nhung?source_screen=product_detail&source_engine=organic,Viễn thông Hà Nhung,2022,32,4.9,403,116,13436000,363.0,1.0,0.0,2.0,26.0,334.0
43,43,,5,https://tiki.vn/cua-hang/kmart-store?source_screen=product_detail&source_engine=organic,Kmart Store,2021,226,4.8,1700,295,683550300,1159.0,13.0,3.0,5.0,124.0,1014.0
44,44,,8,https://tiki.vn/cua-hang/huong-viet-dac-san-viet-nam?source_screen=product_detail&source_engine=organic,Hương Việt- Đặc sản Việt Nam,2018,62,4.8,877,1100,2636000,720.0,3.0,3.0,7.0,97.0,610.0
45,45,,7,https://tiki.vn/cua-hang/an-phat-computer-can-tho?source_screen=product_detail&source_engine=organic,AN PHAT COMPUTER,2019,2000,4.4,1400,664,46575720,590.0,41.0,8.0,17.0,69.0,455.0
46,46,,7,https://tiki.vn/cua-hang/ananshop688?source_screen=product_detail&source_engine=organic,Ananshop688,2019,660,4.5,6200,0,8728793100,6134.0,220.0,96.0,228.0,1200.0,4390.0
47,47,,7,https://tiki.vn/cua-hang/moon-fashion?source_screen=product_detail&source_engine=organic,Moon Fashion,2019,226,4.3,2200,541,4203000,749.0,30.0,20.0,45.0,159.0,495.0
48,48,,5,https://tiki.vn/cua-hang/the-gioi-non-store?source_screen=product_detail&source_engine=organic,Thế Giới Nón Store,2021,831,4.7,833,415,26569315,433.0,5.0,7.0,16.0,78.0,327.0
49,49,,7,https://tiki.vn/cua-hang/peace-mass?source_screen=product_detail&source_engine=organic,Hàng Tiêu Dùng Hữu Cơ Peace Mass,2019,70,4.7,498,886,0,3.0,0.0,0.0,0.0,0.0,3.0
50,50,,6,https://tiki.vn/cua-hang/tdbook?source_screen=product_detail&source_engine=organic,TDBOOK,2020,77,4.4,399,0,27406000,55.0,3.0,0.0,2.0,18.0,32.0
51,989,,7,https://tiki.vn/cua-hang/suthe?source_screen=product_detail&source_engine=organic,Suthe,2019,1,0.0,0,0,0,,,,,,
52,52,,4,https://tiki.vn/cua-hang/dien-tu-hi-end?source_screen=product_detail&source_engine=organic,Điện Tử HI-END,2022,2000,4.5,168,0,1183456,78.0,4.0,0.0,2.0,10.0,62.0
53,53,,5,https://tiki.vn/cua-hang/cua-hang-phuong-phuong?source_screen=product_detail&source_engine=organic,Cửa hàng Phương Phương,2021,103,3.8,451,84,11537167,30.0,3.0,0.0,1.0,2.0,24.0
54,54,,5,https://tiki.vn/cua-hang/nha-chip?source_screen=product_detail&source_engine=organic,Nhà Chíp,2021,120,4.6,3200,1000,23582140,1183.0,31.0,8.0,10.0,107.0,1027.0
55,55,,8,https://tiki.vn/cua-hang/thanh-binh-vinh-co?source_screen=product_detail&source_engine=organic,Thanh Bình Vinh Co.,2018,74,4.5,2200,617,9089696,1491.0,49.0,31.0,49.0,300.0,1062.0
56,56,,8,https://tiki.vn/cua-hang/idigo?source_screen=product_detail&source_engine=organic,IDIGO,2018,120,4.5,160,0,1660000,29.0,2.0,0.0,1.0,4.0,22.0
57,57,,8,https://tiki.vn/cua-hang/cong-ty-ky-nguyen?source_screen=product_detail&source_engine=organic,Công ty Kỷ Nguyên,2018,559,4.7,3800,538,4905000,1743.0,42.0,16.0,44.0,238.0,1403.0
58,58,,5,https://tiki.vn/cua-hang/tuan-yen-hcm?source_screen=product_detail&source_engine=organic,Tuấn Yến HCM,2021,1137,4.7,5600,2300,1704233600,4164.0,113.0,31.0,86.0,486.0,3448.0
59,59,,5,https://tiki.vn/cua-hang/nano-xclean?source_screen=product_detail&source_engine=organic,AHT Corp Official Store,2021,86,4.6,628,313,3331460,613.0,19.0,7.0,10.0,107.0,470.0
60,60,,9,https://tiki.vn/cua-hang/ngoc-quy-gemstones?source_screen=product_detail&source_engine=organic,Ngọc Quý Gemstones,2017,2000,4.6,2300,1900,45123500,1564.0,40.0,17.0,48.0,203.0,1256.0
61,61,,9,https://tiki.vn/cua-hang/hara-shop?source_screen=product_detail&source_engine=organic,HARASMALL,2017,143,4.2,6300,758,3163000,4617.0,225.0,132.0,378.0,1042.0,2840.0
62,62,,8,https://tiki.vn/cua-hang/ant-home?source_screen=product_detail&source_engine=organic,Ant home,2018,1293,4.1,7800,997,15178799,3654.0,286.0,129.0,303.0,635.0,2301.0
63,63,,7,https://tiki.vn/cua-hang/balonation?source_screen=product_detail&source_engine=organic,Balonation,2019,505,4.8,2300,3800,20237703,1478.0,15.0,10.0,28.0,180.0,1245.0
64,64,,6,https://tiki.vn/cua-hang/shopquyetnam?source_screen=product_detail&source_engine=organic,Shopquyetnam,2020,307,4.7,421,564,43474900,377.0,6.0,3.0,10.0,42.0,316.0
65,65,,7,https://tiki.vn/cua-hang/rlg-viet-nam?source_screen=product_detail&source_engine=organic,R.L.G VIỆT NAM,2019,68,4.9,72,0,783750,43.0,1.0,0.0,0.0,4.0,38.0
66,66,,5,https://tiki.vn/cua-hang/goi-y-te-chuyen-dung-yorokobihan?source_screen=product_detail&source_engine=organic,Gối ý tế chuyên dụng YOROKOBIHAN,2021,26,4.7,33,18,1758000,30.0,0.0,0.0,1.0,8.0,21.0
67,67,,7,https://tiki.vn/cua-hang/valentinocreations?source_screen=product_detail&source_engine=organic,Valentino Creations,2019,202,4.4,86,177,0,9.0,0.0,0.0,0.0,2.0,7.0
68,68,,5,https://tiki.vn/cua-hang/ama-store?source_screen=product_detail&source_engine=organic,AMA Store,2021,62,4.5,5700,8500,24492690,2952.0,141.0,58.0,86.0,392.0,2275.0
69,69,,8,https://tiki.vn/cua-hang/smy-tphcm?source_screen=product_detail&source_engine=organic,SMY (Tp.HCM),2018,842,4.5,9100,864,216452550,6966.0,228.0,101.0,308.0,1535.0,4794.0
70,70,,8,https://tiki.vn/cua-hang/silarus-thuong-hieu-tu-y?source_screen=product_detail&source_engine=organic,Silarus - Thương hiệu từ Ý,2018,4,4.8,287,86,5803670,190.0,0.0,1.0,2.0,15.0,172.0
71,71,,7,https://tiki.vn/cua-hang/lagihitech2?source_screen=product_detail&source_engine=organic,Lagihitech2,2019,154,4.8,19000,9300,87682000,6288.0,101.0,33.0,90.0,556.0,5508.0
72,72,,8,https://tiki.vn/cua-hang/huy-hoang-shop?source_screen=product_detail&source_engine=organic,Huy Hoang Official Store,2018,1388,4.5,1000,301,3444800,765.0,20.0,21.0,42.0,102.0,580.0
73,73,,5,https://tiki.vn/cua-hang/do-da-gence?source_screen=product_detail&source_engine=organic,Cửa Hàng Đồ Da Công Sở,2021,78,4.7,44,42,0,13.0,1.0,0.0,0.0,0.0,12.0
74,74,,6,https://tiki.vn/cua-hang/smarthome29?source_screen=product_detail&source_engine=organic,Smarthome29,2020,2000,4.3,21000,4000,145685906,10242.0,647.0,225.0,419.0,1861.0,7085.0
75,75,,7,https://tiki.vn/cua-hang/hang-tieu-dung-nhap-khau-shop?source_screen=product_detail&source_engine=organic,Hàng tiêu dùng nhập khẩu Shop,2019,791,4.5,2100,627,21669600,763.0,36.0,15.0,28.0,123.0,561.0
76,76,,9,https://tiki.vn/cua-hang/tuan-tu?source_screen=product_detail&source_engine=organic,Tuấn Tú Store,2017,260,4.5,8200,620,11364200,2551.0,72.0,28.0,87.0,392.0,1972.0
77,77,,4,https://tiki.vn/cua-hang/yaber-official-store?source_screen=product_detail&source_engine=organic,Yaber Official Store,2022,5,5.0,14,13,4248600,9.0,0.0,0.0,0.0,0.0,9.0
78,78,,5,https://tiki.vn/cua-hang/3m-official-store?source_screen=product_detail&source_engine=organic,3M Official Store,2021,47,4.8,468,2000,5314000,330.0,7.0,0.0,5.0,35.0,283.0
79,79,,7,https://tiki.vn/cua-hang/igea-noi-that-thong-minh?source_screen=product_detail&source_engine=organic,IGA Nội Thất Thông Minh,2019,193,4.5,28000,0,601450000,13067.0,547.0,270.0,606.0,2432.0,9212.0
80,80,,5,https://tiki.vn/cua-hang/honda-uy-nhiem-hoang-viet?source_screen=product_detail&source_engine=organic,Honda ủy nhiệm Hoàng Việt,2021,38,4.9,811,2100,759609000,36.0,1.0,0.0,0.0,1.0,34.0
81,81,,8,https://tiki.vn/cua-hang/sakos-official-store?source_screen=product_detail&source_engine=organic,SAKOS Official Store,2018,243,4.6,1300,1700,93379680,810.0,29.0,7.0,25.0,112.0,637.0
82,83,,5,https://tiki.vn/cua-hang/sieu-thi-dien-may-tu-son?source_screen=product_detail&source_engine=organic,Siêu Thị Điện Máy Từ Sơn,2021,467,4.7,208,116,8235550,89.0,2.0,1.0,1.0,11.0,74.0
83,84,,6,https://tiki.vn/cua-hang/phu-kien-store-76?source_screen=product_detail&source_engine=organic,Phụ Kiện Store 76,2020,640,4.4,15000,2500,38472719,1267.0,36.0,21.0,30.0,190.0,990.0
84,85,,8,https://tiki.vn/cua-hang/shoes-bigben?source_screen=product_detail&source_engine=organic,Shoes BIGBEN,2018,1188,4.5,5600,2700,25498000,3731.0,69.0,49.0,157.0,714.0,2742.0
85,86,,7,https://tiki.vn/cua-hang/toc-gia-forus?source_screen=product_detail&source_engine=organic,Tóc giả FORUS,2019,182,4.3,353,74,10005000,336.0,18.0,8.0,31.0,80.0,199.0
86,87,,5,https://tiki.vn/cua-hang/shop-toc-gia-nu-dep?source_screen=product_detail&source_engine=organic,SHOP TÓC GIẢ NỮ ĐẸP,2021,342,4.2,138,0,566000,133.0,14.0,2.0,9.0,26.0,82.0
87,88,,8,https://tiki.vn/cua-hang/mucar?source_screen=product_detail&source_engine=organic,MUCAR,2018,638,4.3,3200,3300,136638300,1086.0,48.0,20.0,58.0,238.0,722.0
88,89,,5,https://tiki.vn/cua-hang/binh-giu-nhiet-sg?source_screen=product_detail&source_engine=organic,Elemental Official Store,2021,127,4.7,113,260,4729000,99.0,2.0,1.0,0.0,11.0,85.0
89,90,,7,https://tiki.vn/cua-hang/the-gioi-san-pham?source_screen=product_detail&source_engine=organic,Thế giới sản phẩm,2019,936,4.2,4500,0,37992570,1267.0,76.0,36.0,63.0,224.0,868.0
90,91,,9,https://tiki.vn/cua-hang/kos-shop?source_screen=product_detail&source_engine=organic,KOS SHOP,2017,77,4.5,286,103,2962700,44.0,3.0,0.0,2.0,4.0,35.0
91,92,,3,https://tiki.vn/cua-hang/phu-kien-vtech?source_screen=product_detail&source_engine=organic,PHỤ KIỆN VTECH,2023,12,4.5,21,7,896500,9.0,0.0,0.0,0.0,0.0,9.0
92,93,,2,https://tiki.vn/cua-hang/phu-kien-linrui?source_screen=product_detail&source_engine=organic,Phụ Kiện Linrui,2024,106,4.0,53,0,3986330,52.0,8.0,1.0,3.0,13.0,27.0
93,94,,9,https://tiki.vn/cua-hang/rideplus?source_screen=product_detail&source_engine=organic,RidePlus,2017,296,4.6,2300,1200,39716991,658.0,19.0,7.0,16.0,94.0,522.0
94,95,,4,https://tiki.vn/cua-hang/nasi-store?source_screen=product_detail&source_engine=organic,NASI Store,2022,56,4.8,404,281,182000,171.0,2.0,1.0,1.0,19.0,148.0
95,96,,5,https://tiki.vn/cua-hang/deli-tools-official-store?source_screen=product_detail&source_engine=organic,DELI TOOLS OFFICIAL STORE,2021,106,4.6,2200,2200,737900,1839.0,48.0,17.0,31.0,318.0,1425.0
96,97,,7,https://tiki.vn/cua-hang/le-quang-store?source_screen=product_detail&source_engine=organic,Lê Quang Store,2019,133,4.6,324,286,0,1.0,0.0,0.0,0.0,0.0,1.0
97,98,,7,https://tiki.vn/cua-hang/saigio?source_screen=product_detail&source_engine=organic,SAIGIO,2019,71,4.8,314,755,5360932,296.0,2.0,2.0,1.0,35.0,256.0
98,99,,6,https://tiki.vn/cua-hang/jm-store?source_screen=product_detail&source_engine=organic,JM STORE,2020,14,4.7,4200,1000,7249000,3665.0,42.0,35.0,104.0,603.0,2881.0
99,100,,8,https://tiki.vn/cua-hang/balo-moi?source_screen=product_detail&source_engine=organic,BALO MỚI,2018,458,4.7,750,143,12428000,371.0,5.0,3.0,10.0,61.0,293.0
100,101,,5,https://tiki.vn/cua-hang/gang-tay-hoang-anh-sun?source_screen=product_detail&source_engine=organic,Găng tay Hoàng Anh Sun,2021,25,4.6,341,28,440000,192.0,5.0,2.0,4.0,34.0,147.0
101,102,,5,https://tiki.vn/cua-hang/khuon-viet?source_screen=product_detail&source_engine=organic,Khuôn Việt,2021,9,4.9,52,36,2090500,,,,,,
102,103,,5,https://tiki.vn/cua-hang/the-gioi-di-dong-official?source_screen=product_detail&source_engine=organic,Thế Giới Di Động Official,2021,301,4.8,4000,6800,23760250,8.0,0.0,0.0,0.0,1.0,7.0
103,104,,4,https://tiki.vn/cua-hang/venie?source_screen=product_detail&source_engine=organic,Venie,2022,51,4.6,885,83,20741900,636.0,21.0,3.0,17.0,89.0,506.0
104,105,,8,https://tiki.vn/cua-hang/chat-tay-rua-ht?source_screen=product_detail&source_engine=organic,CHẤT TẨY RỬA HT,2018,21,4.5,755,68,429000,692.0,20.0,14.0,41.0,136.0,481.0
105,106,,7,https://tiki.vn/cua-hang/styluk-chau-linh?source_screen=product_detail&source_engine=organic,Styluk Châu Linh,2019,26,4.5,8,7,99000,1.0,0.0,0.0,0.0,0.0,1.0
106,107,,7,https://tiki.vn/cua-hang/oma-baby?source_screen=product_detail&source_engine=organic,OMA Vietnam,2019,38,4.6,351,182,21316000,304.0,7.0,5.0,12.0,45.0,235.0
107,108,,8,https://tiki.vn/cua-hang/handomart?source_screen=product_detail&source_engine=organic,Handomart,2018,247,4.6,3300,356,10881300,2176.0,65.0,25.0,43.0,354.0,1689.0
108,109,,5,https://tiki.vn/cua-hang/ouress-official-store?source_screen=product_detail&source_engine=organic,Kính Mắt Ouress,2021,516,4.7,179,6200,1386530,106.0,2.0,1.0,2.0,14.0,87.0
109,110,,7,https://tiki.vn/cua-hang/phukien360?source_screen=product_detail&source_engine=organic,Phukien360,2019,786,4.1,5900,826,37943330,877.0,65.0,22.0,23.0,174.0,593.0
110,111,,2,https://tiki.vn/cua-hang/travavina-center?source_screen=product_detail&source_engine=organic,TRAVAVINA CENTER,2024,6,4.9,19,16,3819000,15.0,0.0,0.0,0.0,1.0,14.0
111,112,,8,https://tiki.vn/cua-hang/huy-thanh-jewelry-official-?source_screen=product_detail&source_engine=organic,Huy Thanh Jewelry Official,2018,221,4.8,36,258,6504000,5.0,0.0,0.0,0.0,1.0,4.0
112,113,,4,https://tiki.vn/cua-hang/micocah-official-store?source_screen=product_detail&source_engine=organic,MICOCAH Official Store,2022,46,4.9,333,559,477000,130.0,0.0,0.0,0.0,19.0,111.0
113,114,,3,https://tiki.vn/cua-hang/watsons-vietnam-official-store?source_screen=product_detail&source_engine=organic,Watsons Vietnam Official Store,2023,1396,4.8,1300,1800,130991200,833.0,14.0,2.0,11.0,83.0,723.0
114,115,,8,https://tiki.vn/cua-hang/dandihome-viet-nam?source_screen=product_detail&source_engine=organic,DandiHome Việt Nam,2018,88,4.7,8300,2500,8882600,5693.0,77.0,49.0,141.0,751.0,4675.0
115,116,,7,https://tiki.vn/cua-hang/docneem?source_screen=product_detail&source_engine=organic,Docneem,2019,56,4.7,3600,775,6966000,2063.0,56.0,30.0,65.0,347.0,1565.0
116,117,,6,https://tiki.vn/cua-hang/fivestar-official-store?source_screen=product_detail&source_engine=organic,FIVESTAR OFFICIAL STORE,2020,208,4.7,1100,681,33920000,1014.0,25.0,6.0,29.0,113.0,841.0
117,118,,4,https://tiki.vn/cua-hang/archgift-shop?source_screen=product_detail&source_engine=organic,Archgift Shop,2022,375,4.5,424,23,29441400,421.0,18.0,10.0,7.0,99.0,287.0
118,119,,7,https://tiki.vn/cua-hang/kinh-xinh?source_screen=product_detail&source_engine=organic,Kính Xinh,2019,579,4.5,763,151,1137000,239.0,5.0,2.0,8.0,40.0,184.0
119,120,,8,https://tiki.vn/cua-hang/lecxi?source_screen=product_detail&source_engine=organic,Legaxi Official,2018,457,4.5,8700,0,48990000,5164.0,160.0,77.0,314.0,1025.0,3588.0
120,121,,7,https://tiki.vn/cua-hang/mrm-manlywear-official?source_screen=product_detail&source_engine=organic,MRM Manlywear Official,2019,76,4.7,12000,3100,36853000,12234.0,141.0,82.0,332.0,2031.0,9648.0
121,122,,5,https://tiki.vn/cua-hang/pams-hat-dinh-duong?source_screen=product_detail&source_engine=organic,Pams Hat Dinh Duong,2021,18,4.8,471,1100,5202000,326.0,5.0,1.0,7.0,41.0,272.0
122,123,,7,https://tiki.vn/cua-hang/mendoza-shop?source_screen=product_detail&source_engine=organic,Gence Leather,2019,97,4.6,66,151,3925000,9.0,0.0,0.0,0.0,0.0,9.0
123,124,,4,https://tiki.vn/cua-hang/kinh-ap-trong-angel-eyes-lens?source_screen=product_detail&source_engine=organic,Kính áp tròng Angel Eyes Lens,2022,21,4.8,99,144,700000,65.0,1.0,0.0,0.0,9.0,55.0
124,125,,7,https://tiki.vn/cua-hang/highlands-coffee?source_screen=product_detail&source_engine=organic,Highlands Coffee,2019,27,4.8,935,1900,23550000,685.0,13.0,1.0,9.0,63.0,599.0
125,126,,6,https://tiki.vn/cua-hang/miren-tech?source_screen=product_detail&source_engine=organic,MIREN OFFICIAL,2020,5,4.7,1200,124,880000,247.0,12.0,6.0,4.0,22.0,203.0
126,127,,7,https://tiki.vn/cua-hang/giaphucstore?source_screen=product_detail&source_engine=organic,GiaPhucStore,2019,474,4.6,2700,983,205159580,1343.0,47.0,17.0,38.0,202.0,1039.0
127,128,,5,https://tiki.vn/cua-hang/efora-official?source_screen=product_detail&source_engine=organic,EFORA OFFICIAL,2021,64,5.0,1,40,0,,,,,,
128,129,,8,https://tiki.vn/cua-hang/phu-tung-khanh-thy?source_screen=product_detail&source_engine=organic,Phụ Tùng Khánh Thy,2018,63,4.7,328,127,0,319.0,5.0,4.0,9.0,46.0,255.0
129,130,,6,https://tiki.vn/cua-hang/home-sport?source_screen=product_detail&source_engine=organic,Rhino Official Store,2020,102,4.6,2500,740,8388286,1488.0,38.0,22.0,55.0,225.0,1148.0
130,131,,5,https://tiki.vn/cua-hang/timinshop?source_screen=product_detail&source_engine=organic,Timinshop,2021,222,4.5,557,200,8877000,383.0,21.0,8.0,8.0,83.0,263.0
131,132,,7,https://tiki.vn/cua-hang/new-sky-shop-18?source_screen=product_detail&source_engine=organic,New Sky Shop 18,2019,296,4.6,7100,11200,35647799,2262.0,63.0,26.0,51.0,276.0,1846.0
132,133,,8,https://tiki.vn/cua-hang/kiotool-official-store?source_screen=product_detail&source_engine=organic,KIOTOOL Official Store,2018,106,4.5,7400,895,12987500,2959.0,90.0,35.0,122.0,622.0,2090.0
133,134,,6,https://tiki.vn/cua-hang/non-trum?source_screen=product_detail&source_engine=organic,NONTRUM OFFICIAL STORE,2020,69,4.7,1400,4400,221565000,577.0,7.0,2.0,5.0,74.0,489.0
134,135,,8,https://tiki.vn/cua-hang/vi-tinh-le-huy?source_screen=product_detail&source_engine=organic,Vi Tính Lê Huy,2018,505,4.7,13000,0,31305718,4251.0,94.0,37.0,100.0,573.0,3460.0
135,136,,7,https://tiki.vn/cua-hang/ecodeals?source_screen=product_detail&source_engine=organic,ECODEALS,2019,67,4.4,2200,568,6496000,841.0,15.0,11.0,37.0,134.0,644.0
136,137,,8,https://tiki.vn/cua-hang/cong-ty-co-phan-thang-nay-an?source_screen=product_detail&source_engine=organic,Công ty cổ phần Thắng Nây An,2018,341,4.5,270,0,45609000,120.0,2.0,2.0,2.0,16.0,98.0
137,138,,7,https://tiki.vn/cua-hang/vietmart-668?source_screen=product_detail&source_engine=organic,VIETMART 668,2019,28,4.6,4400,316,15871230,1609.0,62.0,19.0,24.0,178.0,1326.0
138,140,,8,https://tiki.vn/cua-hang/philips-lighting-vietnam?source_screen=product_detail&source_engine=organic,Đèn Philips chính hãng,2018,64,4.8,930,0,14189485,762.0,8.0,3.0,7.0,87.0,657.0
139,141,,4,https://tiki.vn/cua-hang/shopanz?source_screen=product_detail&source_engine=organic,ShopAnZ,2022,573,4.3,3000,228,71685703,1018.0,75.0,27.0,23.0,191.0,702.0
140,142,,4,https://tiki.vn/cua-hang/dac-san-va-duoc-lieu-kon-tum?source_screen=product_detail&source_engine=organic,Đặc sản và Dược liệu Kon Tum,2022,17,4.7,664,388,7608000,165.0,7.0,0.0,1.0,31.0,126.0
141,143,,7,https://tiki.vn/cua-hang/trung-viet-hung-shop?source_screen=product_detail&source_engine=organic,Trung Việt Hưng Shop,2019,34,4.6,54,11,4132200,47.0,2.0,0.0,0.0,5.0,40.0
142,144,,2,https://tiki.vn/cua-hang/sumimo-binh-phuoc?source_screen=product_detail&source_engine=organic,SUMIMO Bình Phước,2024,15,5.0,1,0,356000,1.0,0.0,0.0,0.0,0.0,1.0
143,145,,6,https://tiki.vn/cua-hang/do-trang-suc-6868?source_screen=product_detail&source_engine=organic,ĐỒ TRANG SỨC 6868,2020,433,4.3,276,80,3139000,243.0,19.0,11.0,12.0,36.0,165.0
144,146,,8,https://tiki.vn/cua-hang/sieuthihangcongnghe?source_screen=product_detail&source_engine=organic,SIEUTHIHANGCONGNGHE,2018,116,4.1,2600,635,23374630,330.0,27.0,4.0,10.0,64.0,225.0
145,147,,7,https://tiki.vn/cua-hang/huy-hung-afast?source_screen=product_detail&source_engine=organic,HUY HÙNG AFAST,2019,59,4.5,8200,0,12233000,5372.0,246.0,103.0,220.0,978.0,3825.0
146,148,,5,https://tiki.vn/cua-hang/dododios-offical-store?source_screen=product_detail&source_engine=organic,DoDoDios Official Store,2021,688,4.6,5800,3100,92399999,4088.0,142.0,54.0,91.0,820.0,2981.0
147,149,,5,https://tiki.vn/cua-hang/yeelight-official-store?source_screen=product_detail&source_engine=organic,Yeelight Official Store,2021,40,4.6,411,662,0,157.0,2.0,3.0,3.0,22.0,127.0
148,150,,7,https://tiki.vn/cua-hang/an-khang-computer?source_screen=product_detail&source_engine=organic,An Khang Computer,2019,229,4.7,129,65,46898290,72.0,2.0,1.0,0.0,5.0,64.0
149,151,,5,https://tiki.vn/cua-hang/deli-official-store?source_screen=product_detail&source_engine=organic,Deli Official Store,2021,900,4.8,37000,36500,142953250,28841.0,403.0,162.0,325.0,3192.0,24759.0
150,152,,6,https://tiki.vn/cua-hang/sieu-thi-online-360?source_screen=product_detail&source_engine=organic,SIÊU THỊ ONLINE 360,2020,26,4.3,131,12,199000,21.0,1.0,0.0,0.0,6.0,14.0
151,153,,7,https://tiki.vn/cua-hang/hanh-duong-official?source_screen=product_detail&source_engine=organic,Hạnh Dương Official,2019,401,4.6,5700,1100,1672700,1624.0,13.0,6.0,40.0,315.0,1250.0
152,154,,8,https://tiki.vn/cua-hang/cty-tnhh-gold-roast-viet-nam?source_screen=product_detail&source_engine=organic,GOLD ROAST,2018,3,4.8,538,0,1487500,526.0,7.0,3.0,13.0,64.0,439.0
153,155,,9,https://tiki.vn/cua-hang/dai-phat-tai?source_screen=product_detail&source_engine=organic,Đại Phát Tài,2017,295,4.3,6200,540,13771350,2874.0,176.0,59.0,129.0,480.0,2030.0
154,156,,9,https://tiki.vn/cua-hang/tadavietnam?source_screen=product_detail&source_engine=organic,Tadavietnam,2017,182,4.5,17000,1400,241836890,6877.0,329.0,98.0,188.0,880.0,5382.0
155,157,,8,https://tiki.vn/cua-hang/the-true-japan?source_screen=product_detail&source_engine=organic,The True Japan,2018,265,4.5,4400,2100,27780000,3252.0,116.0,53.0,125.0,507.0,2451.0
156,158,,3,https://tiki.vn/cua-hang/store-hanh-ly?source_screen=product_detail&source_engine=organic,Store Hành Lý,2023,193,5.0,15,19,230000,13.0,0.0,0.0,0.0,0.0,13.0
157,159,,7,https://tiki.vn/cua-hang/socpistore?source_screen=product_detail&source_engine=organic,SocpiStore,2019,1450,4.3,1900,349,20359000,201.0,18.0,9.0,8.0,36.0,130.0
158,160,,5,https://tiki.vn/cua-hang/everon-official-store?source_screen=product_detail&source_engine=organic,Everon Official Store,2021,109,4.7,2100,4000,11001000,331.0,11.0,2.0,7.0,44.0,267.0
159,161,,7,https://tiki.vn/cua-hang/havias?source_screen=product_detail&source_engine=organic,HAVIAS,2019,264,4.4,23,26,4069000,16.0,2.0,0.0,1.0,2.0,11.0
160,162,,8,https://tiki.vn/cua-hang/kidos?source_screen=product_detail&source_engine=organic,HXSJ Official Store,2018,26,4.4,10000,1200,6232760,2481.0,134.0,52.0,83.0,360.0,1852.0
161,163,,7,https://tiki.vn/cua-hang/muc-in-trang-phuoc-tai?source_screen=product_detail&source_engine=organic,Mực in Trang Phước Tài,2019,1,4.3,3,0,0,2.0,0.0,0.0,0.0,0.0,2.0
162,164,,6,https://tiki.vn/cua-hang/nk-lube-center-shop?source_screen=product_detail&source_engine=organic,NK LUBE CENTER SHOP,2020,176,4.6,3200,347,7009400,2157.0,58.0,15.0,55.0,375.0,1654.0
163,165,,4,https://tiki.vn/cua-hang/wlc-official-store?source_screen=product_detail&source_engine=organic,WLC Official Store,2022,49,4.8,95,0,5834000,86.0,2.0,0.0,1.0,6.0,77.0
164,166,,5,https://tiki.vn/cua-hang/the-gioi-do-da-cong-so?source_screen=product_detail&source_engine=organic,Thế giới đồ da công sở,2021,51,4.3,18,0,0,5.0,0.0,1.0,0.0,1.0,3.0
165,167,,7,https://tiki.vn/cua-hang/titino?source_screen=product_detail&source_engine=organic,TitiNo,2019,186,4.0,7400,242,12250555,3181.0,267.0,102.0,235.0,586.0,1991.0
166,169,,5,https://tiki.vn/cua-hang/haru-mart?source_screen=product_detail&source_engine=organic,Haru Mart,2021,2,4.9,14,5,0,14.0,0.0,0.0,0.0,2.0,12.0
167,170,,5,https://tiki.vn/cua-hang/bao-ho-xe-may-tai-dat?source_screen=product_detail&source_engine=organic,Bảo Hộ Xe Máy Tài Đạt,2021,100,4.7,201,110,900000,62.0,1.0,0.0,2.0,6.0,53.0
168,171,,8,https://tiki.vn/cua-hang/m-market?source_screen=product_detail&source_engine=organic,K-market,2018,164,4.6,143,69,1500000,105.0,2.0,2.0,4.0,12.0,85.0
169,172,,9,https://tiki.vn/cua-hang/anh-tho-leather?source_screen=product_detail&source_engine=organic,Anh Thơ Leather,2017,216,4.5,2900,509,3730000,2515.0,67.0,33.0,112.0,507.0,1796.0
170,173,,7,https://tiki.vn/cua-hang/phu-kien-top?source_screen=product_detail&source_engine=organic,PHỤ KIỆN TOP,2019,50,4.3,357,38,0,7.0,1.0,0.0,0.0,0.0,6.0
171,174,,7,https://tiki.vn/cua-hang/tech7?source_screen=product_detail&source_engine=organic,Tech7,2019,99,4.6,4000,762,45547120,432.0,11.0,4.0,10.0,73.0,334.0
172,175,,5,https://tiki.vn/cua-hang/minhlam-store?source_screen=product_detail&source_engine=organic,Minhlam Store,2021,314,4.2,2600,1700,92230265,314.0,25.0,7.0,11.0,59.0,212.0
173,176,,6,https://tiki.vn/cua-hang/goc-bep-xanh?source_screen=product_detail&source_engine=organic,Goc Bep Xanh,2020,54,4.8,222,0,1905000,205.0,3.0,0.0,3.0,25.0,174.0
174,177,,4,https://tiki.vn/cua-hang/an-vy-store?source_screen=product_detail&source_engine=organic,An Vy store,2022,565,4.6,602,0,9293000,229.0,5.0,0.0,3.0,36.0,185.0
175,178,,7,https://tiki.vn/cua-hang/thinh-phat-shop?source_screen=product_detail&source_engine=organic,THỊNH PHÁT SHOP,2019,238,4.3,5200,413,7792300,253.0,10.0,7.0,18.0,53.0,165.0
176,179,,7,https://tiki.vn/cua-hang/ca-sau-huy-hoang?source_screen=product_detail&source_engine=organic,Cá Sấu Huy Hoàng,2019,1287,4.4,164,0,3035000,129.0,4.0,0.0,10.0,28.0,88.0
177,180,,4,https://tiki.vn/cua-hang/dang-khoa-lube?source_screen=product_detail&source_engine=organic,Đăng Khoa Lube,2022,19,4.9,7,1,165000,6.0,0.0,0.0,0.0,1.0,5.0
178,181,,5,https://tiki.vn/cua-hang/gence-hai-phong?source_screen=product_detail&source_engine=organic,Gence Hải Phòng,2021,20,4.7,3,21,0,,,,,,
179,182,,7,https://tiki.vn/cua-hang/thanh-hung-watch?source_screen=product_detail&source_engine=organic,Thành Hưng Watch,2019,994,4.6,115,136,5445000,68.0,0.0,1.0,4.0,14.0,49.0
180,183,,8,https://tiki.vn/cua-hang/nuoc-yen-sao-winsnest?source_screen=product_detail&source_engine=organic,Nước yến sào win'sNest,2018,77,4.8,9900,0,32092140,9062.0,74.0,51.0,199.0,1207.0,7531.0
181,184,,7,https://tiki.vn/cua-hang/shop-mall?source_screen=product_detail&source_engine=organic,Shop Mall,2019,88,4.3,3000,493,18413460,337.0,37.0,6.0,19.0,47.0,228.0
182,185,,7,https://tiki.vn/cua-hang/op-lung-sai-gon?source_screen=product_detail&source_engine=organic,Ốp lưng Sài Gòn,2019,2000,4.5,1300,671,2412000,210.0,11.0,2.0,4.0,36.0,157.0
183,186,,5,https://tiki.vn/cua-hang/happy-kids-shop-do-choi-cho-be?source_screen=product_detail&source_engine=organic,HAPPY KIDS Shop đồ chơi cho bé,2021,571,4.4,933,365,24496000,316.0,20.0,11.0,10.0,56.0,219.0
184,187,,5,https://tiki.vn/cua-hang/kingsun-vali?source_screen=product_detail&source_engine=organic,KingSun Vali,2021,40,4.7,1100,956,2976000,,,,,,
185,188,,4,https://tiki.vn/cua-hang/tongkhovienruabat?source_screen=product_detail&source_engine=organic,Tongkhovienruabat,2022,385,4.6,198,32,1074472222,136.0,7.0,0.0,4.0,23.0,102.0
186,189,,4,https://tiki.vn/cua-hang/dettol-finish-official-store?source_screen=product_detail&source_engine=organic,Dettol & Finish Official Store,2022,32,4.7,1000,2900,38469150,230.0,8.0,4.0,3.0,29.0,186.0
187,190,,3,https://tiki.vn/cua-hang/zily-vietnam?source_screen=product_detail&source_engine=organic,Zily VietNam,2023,71,4.6,11,14,562000,11.0,0.0,0.0,1.0,2.0,8.0
188,191,,7,https://tiki.vn/cua-hang/hong-hanh-mobile?source_screen=product_detail&source_engine=organic,Hồng Hạnh Mobile,2019,52,4.7,2800,15200,105729000,65.0,1.0,1.0,0.0,9.0,54.0
189,192,,5,https://tiki.vn/cua-hang/tiger-official-flagship-store?source_screen=product_detail&source_engine=organic,TIGER OFFICIAL FLAGSHIP STORE,2021,55,4.8,175,439,6822600,79.0,2.0,1.0,0.0,5.0,71.0
190,193,,8,https://tiki.vn/cua-hang/agol-shop?source_screen=product_detail&source_engine=organic,AGOL SHOP,2018,67,4.2,690,162,4424111,144.0,9.0,7.0,11.0,36.0,81.0
191,194,,9,https://tiki.vn/cua-hang/sunglasses-hut?source_screen=product_detail&source_engine=organic,SUNGLASSHUT,2017,2000,4.4,6400,3300,64585000,2342.0,95.0,47.0,109.0,417.0,1674.0
192,195,,6,https://tiki.vn/cua-hang/gold?source_screen=product_detail&source_engine=organic,Gold,2020,166,4.4,4200,830,27900000,438.0,21.0,9.0,7.0,73.0,328.0
193,196,,6,https://tiki.vn/cua-hang/long-hung-official-store?source_screen=product_detail&source_engine=organic,Long Hưng Official Store,2020,1407,4.7,2700,5500,72830850,633.0,24.0,5.0,12.0,78.0,514.0
194,197,,6,https://tiki.vn/cua-hang/the-magic?source_screen=product_detail&source_engine=organic,The Magic,2020,56,4.5,20000,2600,5540370,1901.0,33.0,19.0,35.0,264.0,1550.0
195,198,,6,https://tiki.vn/cua-hang/yesbuy-store?source_screen=product_detail&source_engine=organic,Yesbuy Store,2020,3,4.6,839,0,2184000,69.0,4.0,0.0,0.0,11.0,54.0
196,199,,8,https://tiki.vn/cua-hang/hotphukien?source_screen=product_detail&source_engine=organic,hotphukien,2018,776,4.3,10000,2100,13491620,2103.0,119.0,39.0,79.0,316.0,1550.0
197,200,,8,https://tiki.vn/cua-hang/do-da-thanh-long-tlg?source_screen=product_detail&source_engine=organic,ĐỒ DA THÀNH LONG TLG,2018,832,3.6,803,286,6889285,76.0,27.0,3.0,5.0,10.0,31.0
198,201,,5,https://tiki.vn/cua-hang/tien-phat-store?source_screen=product_detail&source_engine=organic,TIẾN PHÁT STORE,2021,146,4.6,5300,557,15490166,406.0,10.0,4.0,11.0,51.0,330.0
199,202,,6,https://tiki.vn/cua-hang/trung-tam-thiet-bi?source_screen=product_detail&source_engine=organic,Trung Tâm Thiết Bị,2020,880,4.5,1300,0,7325000,776.0,21.0,10.0,26.0,160.0,559.0
200,203,,7,https://tiki.vn/cua-hang/may-tinh-bao-minh?source_screen=product_detail&source_engine=organic,Máy Tính Bảo Minh,2019,1458,4.5,9500,854,411303620,2913.0,116.0,29.0,77.0,463.0,2236.0
201,204,,4,https://tiki.vn/cua-hang/samsonite-flagship-store?source_screen=product_detail&source_engine=organic,Samsonite Flagship Store,2022,43,5.0,22,0,8800000,8.0,0.0,0.0,0.0,0.0,8.0
202,205,,8,https://tiki.vn/cua-hang/bac-hieu-minh?source_screen=product_detail&source_engine=organic,Bạc Hiểu Minh,2018,1276,4.4,532,507,6903000,272.0,9.0,4.0,5.0,54.0,200.0
203,206,,6,https://tiki.vn/cua-hang/supersports-vietnam?source_screen=product_detail&source_engine=organic,Supersports Vietnam,2020,1358,4.7,9900,36500,110420880,473.0,17.0,5.0,15.0,60.0,376.0
204,207,,2,https://tiki.vn/cua-hang/shop-estar?source_screen=product_detail&source_engine=organic,SHOP ESTAR,2024,42,5.0,3,0,2059440,3.0,0.0,0.0,0.0,0.0,3.0
205,208,,7,https://tiki.vn/cua-hang/mua-chung-vn?source_screen=product_detail&source_engine=organic,MUA CHUNG VN,2019,59,4.5,363,22,174000,108.0,3.0,1.0,5.0,21.0,78.0
206,209,,5,https://tiki.vn/cua-hang/dat-khang-network?source_screen=product_detail&source_engine=organic,Đạt Khang Network,2021,2000,4.5,1200,242,4828920,127.0,3.0,0.0,0.0,26.0,98.0
207,1323,,6,https://tiki.vn/cua-hang/omp-alliance?source_screen=product_detail&source_engine=organic,OMP Alliance,2020,15,0.0,0,1,0,,,,,,
208,211,,5,https://tiki.vn/cua-hang/bao-quan-auto?source_screen=product_detail&source_engine=organic,Bảo Quân Auto,2021,54,4.4,464,0,459000,52.0,3.0,0.0,1.0,7.0,41.0
209,212,,7,https://tiki.vn/cua-hang/do-so-sinh-me-va-be-chip?source_screen=product_detail&source_engine=organic,Đồ Sơ Sinh Mẹ và Bé Chip,2019,264,4.1,936,0,32961100,128.0,18.0,7.0,4.0,21.0,78.0
210,213,,6,https://tiki.vn/cua-hang/acafe?source_screen=product_detail&source_engine=organic,ACAFE,2020,193,4.8,5000,911,51173648,4271.0,57.0,18.0,55.0,539.0,3602.0
211,214,,9,https://tiki.vn/cua-hang/tuyet-shan-co-thu-tra?source_screen=product_detail&source_engine=organic,Tuyết shan cổ thụ trà,2017,13,4.4,132,49,228000,126.0,8.0,1.0,4.0,24.0,89.0
212,215,,6,https://tiki.vn/cua-hang/bach-hoa-xuan-thu?source_screen=product_detail&source_engine=organic,Bách Hóa Xuân Thu,2020,69,4.5,5400,783,4199000,2166.0,73.0,44.0,87.0,375.0,1587.0
213,216,,7,https://tiki.vn/cua-hang/168-store?source_screen=product_detail&source_engine=organic,168 Store,2019,19,4.2,2300,734,180000,1236.0,103.0,58.0,113.0,226.0,736.0
214,217,,8,https://tiki.vn/cua-hang/boro-sport?source_screen=product_detail&source_engine=organic,BORO SPORT,2018,134,4.7,14000,1900,137346400,9231.0,166.0,100.0,247.0,1285.0,7433.0
215,218,,5,https://tiki.vn/cua-hang/phu-my-furniture?source_screen=product_detail&source_engine=organic,PHÚ MỸ furniture,2021,10,4.7,702,232,11109000,619.0,16.0,7.0,13.0,77.0,506.0
216,219,,4,https://tiki.vn/cua-hang/american-tourister-flagship-store?source_screen=product_detail&source_engine=organic,American Tourister Flagship Store,2022,41,4.8,40,330,2512500,22.0,0.0,0.0,1.0,3.0,18.0
217,220,,4,https://tiki.vn/cua-hang/trung-nguyen-franchising?source_screen=product_detail&source_engine=organic,Trung Nguyên Legend Official,2022,110,4.8,214,421,8800000,174.0,4.0,1.0,2.0,12.0,155.0
218,221,,8,https://tiki.vn/cua-hang/cua-hang-dong-ho-citizen?source_screen=product_detail&source_engine=organic,Cửa hàng đồng hồ Citizen,2018,582,4.5,98,312,0,24.0,0.0,0.0,0.0,2.0,22.0
219,222,,8,https://tiki.vn/cua-hang/hkt-home-shopping?source_screen=product_detail&source_engine=organic,HKT Home Shopping,2018,409,4.5,11000,1300,12370700,6359.0,223.0,113.0,325.0,1202.0,4496.0
220,223,,7,https://tiki.vn/cua-hang/extreme-zero-online?source_screen=product_detail&source_engine=organic,Extreme Zero Online,2019,254,4.6,4500,0,3041970,242.0,5.0,5.0,7.0,28.0,197.0
221,224,,9,https://tiki.vn/cua-hang/number-one-fashion?source_screen=product_detail&source_engine=organic,Number One Fashion,2017,338,4.5,103,31,529000,24.0,2.0,0.0,1.0,4.0,17.0
222,225,,8,https://tiki.vn/cua-hang/huy-tuong-tphcm?source_screen=product_detail&source_engine=organic,Huy Tưởng Tphcm,2018,95,4.4,19000,2300,3058600,2780.0,122.0,59.0,123.0,453.0,2023.0
223,226,,7,https://tiki.vn/cua-hang/ps-case?source_screen=product_detail&source_engine=organic,Photodesign VN Official,2019,92,4.5,11000,3200,16835336,4192.0,152.0,60.0,90.0,649.0,3241.0
224,227,,7,https://tiki.vn/cua-hang/gallery-minh-quan?source_screen=product_detail&source_engine=organic,gallery Minh Quân,2019,1110,4.3,345,147,48998000,324.0,24.0,6.0,24.0,70.0,200.0
225,228,,5,https://tiki.vn/cua-hang/noi-that-tido-official?source_screen=product_detail&source_engine=organic,Nội Thất TIDO Official,2021,55,4.7,1000,397,6584000,963.0,24.0,11.0,17.0,121.0,790.0
226,229,,7,https://tiki.vn/cua-hang/luxi-green?source_screen=product_detail&source_engine=organic,Luxi Green,2019,374,4.2,1500,572,2383590,966.0,97.0,30.0,62.0,170.0,607.0
227,230,,8,https://tiki.vn/cua-hang/mymy-shop?source_screen=product_detail&source_engine=organic,Mymy shop,2018,26,4.4,646,91,2474000,8.0,0.0,1.0,0.0,2.0,5.0
228,231,,7,https://tiki.vn/cua-hang/the-gioi-balo-dep-balodep-shop?source_screen=product_detail&source_engine=organic,Thế Giới Balo Đẹp Balodep Shop,2019,45,4.8,144,34,0,50.0,0.0,0.0,3.0,5.0,42.0
229,232,,8,https://tiki.vn/cua-hang/ghe-nam-viet?source_screen=product_detail&source_engine=organic,Ghế Nam Việt,2018,701,4.6,37000,5000,110635640,17789.0,450.0,210.0,455.0,2749.0,13925.0
230,233,,6,https://tiki.vn/cua-hang/tong-kho-mb?source_screen=product_detail&source_engine=organic,Tổng Kho MB,2020,1012,4.2,18000,3500,93650593,5918.0,406.0,152.0,290.0,1286.0,3784.0
231,234,,6,https://tiki.vn/cua-hang/watchfashion?source_screen=product_detail&source_engine=organic,WatchFashion,2020,36,4.7,933,943,1519000,48.0,1.0,0.0,4.0,13.0,30.0
232,235,,5,https://tiki.vn/cua-hang/shop-thanh-long-muc-in?source_screen=product_detail&source_engine=organic,Shop Thành Long Mực in,2021,97,4.7,448,0,28478600,87.0,5.0,0.0,1.0,12.0,69.0
233,236,,5,https://tiki.vn/cua-hang/natoli-official?source_screen=product_detail&source_engine=organic,NATOLI OFFICIAL,2021,40,4.6,144,157,1564700,129.0,5.0,2.0,6.0,21.0,95.0
234,237,,4,https://tiki.vn/cua-hang/1-click?source_screen=product_detail&source_engine=organic,1 Click,2022,539,4.4,307,168,4387000,32.0,2.0,0.0,1.0,5.0,24.0
235,238,,5,https://tiki.vn/cua-hang/tp-watch-premium?source_screen=product_detail&source_engine=organic,TP WATCH PREMIUM,2021,342,4.8,915,1400,11844903,378.0,1.0,0.0,2.0,41.0,334.0
236,239,,8,https://tiki.vn/cua-hang/cong-ty-tnhh-mtv-sx-tm-dv-hanh-sanh?source_screen=product_detail&source_engine=organic,SanKyo Official Store,2018,10,4.8,20,0,1000000,10.0,0.0,0.0,0.0,1.0,9.0
237,240,,6,https://tiki.vn/cua-hang/kemei-official-store?source_screen=product_detail&source_engine=organic,Kemei Official Store,2020,97,4.6,678,1100,7391000,271.0,7.0,4.0,4.0,38.0,218.0
238,241,,5,https://tiki.vn/cua-hang/tong-kho-toc-gia?source_screen=product_detail&source_engine=organic,Tổng kho Tóc giả,2021,96,4.5,87,14,235000,82.0,3.0,3.0,1.0,19.0,56.0
239,242,,5,https://tiki.vn/cua-hang/nong-san-dai-ngan?source_screen=product_detail&source_engine=organic,Nông Sản Đại Ngàn,2021,1,4.6,150,0,235000,75.0,2.0,1.0,2.0,17.0,53.0
240,243,,4,https://tiki.vn/cua-hang/baseus-official-online-store?source_screen=product_detail&source_engine=organic,Baseus Official Online Store,2022,209,4.6,116,256,10165136,64.0,3.0,0.0,1.0,6.0,54.0
241,244,,7,https://tiki.vn/cua-hang/muc-in-az?source_screen=product_detail&source_engine=organic,Mực in AZ,2019,197,4.6,1000,152,16189440,89.0,2.0,0.0,3.0,13.0,71.0
242,245,,7,https://tiki.vn/cua-hang/phu-kien-goc?source_screen=product_detail&source_engine=organic,Phụ Kiện Gốc,2019,503,4.2,2500,158,5647990,765.0,54.0,20.0,35.0,150.0,506.0
243,246,,6,https://tiki.vn/cua-hang/trustbuy?source_screen=product_detail&source_engine=organic,TrustBuy,2020,63,4.7,6300,5600,33791240,2886.0,56.0,19.0,45.0,272.0,2494.0
244,247,,5,https://tiki.vn/cua-hang/phuoc-khang-gems?source_screen=product_detail&source_engine=organic,Phước Khang Gems,2021,1166,4.5,679,0,3534000,588.0,35.0,5.0,23.0,83.0,442.0
245,248,,7,https://tiki.vn/cua-hang/bilaha-store?source_screen=product_detail&source_engine=organic,Bilaha Store,2019,460,4.6,543,186,10113000,121.0,4.0,1.0,1.0,14.0,101.0
246,249,,7,https://tiki.vn/cua-hang/be-heo?source_screen=product_detail&source_engine=organic,Bé Heo,2019,489,4.5,2200,752,1743360,1356.0,40.0,21.0,51.0,221.0,1023.0
247,250,,5,https://tiki.vn/cua-hang/indochina-technology-jsc?source_screen=product_detail&source_engine=organic,MIKROTIK Authorised Store,2021,24,4.6,10,0,0,4.0,1.0,0.0,0.0,0.0,3.0
248,251,,5,https://tiki.vn/cua-hang/akemi-official-stores?source_screen=product_detail&source_engine=organic,Akemi Official Stores,2021,21,4.6,149,1300,0,15.0,1.0,0.0,0.0,5.0,9.0
249,252,,6,https://tiki.vn/cua-hang/nha-mi-official?source_screen=product_detail&source_engine=organic,NHÀ MỊ OFFICIAL,2020,21,5.0,3,10,0,1.0,0.0,0.0,0.0,0.0,1.0
250,253,,6,https://tiki.vn/cua-hang/gence-sai-gon?source_screen=product_detail&source_engine=organic,Gence Sài Gòn,2020,61,4.5,29,29,0,,,,,,
251,254,,9,https://tiki.vn/cua-hang/sachbanchay?source_screen=product_detail&source_engine=organic,Tazano Official Store,2017,2000,4.7,9800,2100,28472300,2208.0,29.0,12.0,30.0,199.0,1938.0
252,255,,5,https://tiki.vn/cua-hang/thu-y-thuy-san-phu?source_screen=product_detail&source_engine=organic,Thú y thủy sản phú,2021,59,4.7,115,28,3318000,44.0,2.0,1.0,0.0,7.0,34.0
253,256,,7,https://tiki.vn/cua-hang/smart-trading?source_screen=product_detail&source_engine=organic,Smart Trading,2019,230,4.4,11000,1100,38030400,2186.0,135.0,57.0,68.0,402.0,1524.0
254,257,,7,https://tiki.vn/cua-hang/cst-telecom?source_screen=product_detail&source_engine=organic,CST Telecom,2019,574,3.9,2300,265,105753400,531.0,57.0,13.0,40.0,108.0,313.0
255,258,,7,https://tiki.vn/cua-hang/joymall-locknlock-chinh-hang?source_screen=product_detail&source_engine=organic,JoyMall LocknLock Chính Hãng,2019,352,4.7,19000,13000,47850688,5489.0,103.0,35.0,112.0,747.0,4492.0
256,259,,6,https://tiki.vn/cua-hang/cac-loai-may-thuc-pham?source_screen=product_detail&source_engine=organic,Các loại máy thực phẩm,2020,24,4.7,378,32,1048500,305.0,5.0,3.0,6.0,26.0,265.0
257,260,,7,https://tiki.vn/cua-hang/da-quy-non-nuoc-dn?source_screen=product_detail&source_engine=organic,Đá quý NON NƯỚC ĐN,2019,99,4.7,66,37,320000,11.0,0.0,0.0,0.0,0.0,11.0
258,261,,6,https://tiki.vn/cua-hang/hdc-home?source_screen=product_detail&source_engine=organic,HDC Home,2020,79,4.6,4200,827,27562000,1616.0,60.0,24.0,46.0,308.0,1178.0
259,262,,2,https://tiki.vn/cua-hang/phu-kien-hot-88?source_screen=product_detail&source_engine=organic,Phụ kiện hot 88,2024,102,4.1,118,45,13949840,82.0,15.0,1.0,3.0,13.0,50.0
260,263,,6,https://tiki.vn/cua-hang/nice-villa?source_screen=product_detail&source_engine=organic,NICE VILLA,2020,44,4.5,2500,278,4567000,111.0,3.0,0.0,4.0,14.0,90.0
261,264,,6,https://tiki.vn/cua-hang/dau-manol?source_screen=product_detail&source_engine=organic,Dầu manol,2020,28,4.7,64,36,3890000,59.0,0.0,0.0,1.0,17.0,41.0
262,265,,7,https://tiki.vn/cua-hang/muanhanh?source_screen=product_detail&source_engine=organic,MUANHANH,2019,2000,4.3,1400,303,4250100,811.0,47.0,24.0,45.0,165.0,530.0
263,266,,8,https://tiki.vn/cua-hang/anh-huy-nhu?source_screen=product_detail&source_engine=organic,SAM Leather,2018,122,4.5,1900,0,6060000,1574.0,56.0,25.0,82.0,280.0,1131.0
264,267,,5,https://tiki.vn/cua-hang/dien-gia-dung-khanh-kim?source_screen=product_detail&source_engine=organic,Điện gia dụng Khánh Kim,2021,447,4.8,97,82,44531999,60.0,0.0,1.0,1.0,11.0,47.0
265,268,,9,https://tiki.vn/cua-hang/nha-gia-kim?source_screen=product_detail&source_engine=organic,Nhà Giả Kim,2017,473,4.5,2800,878,12974518,768.0,22.0,7.0,13.0,78.0,648.0
266,269,,7,https://tiki.vn/cua-hang/dong-ho-thanh-trung?source_screen=product_detail&source_engine=organic,Đồng hồ Thành Trung,2019,249,4.7,827,649,3288050,326.0,8.0,4.0,4.0,52.0,258.0
267,270,,7,https://tiki.vn/cua-hang/ecocare?source_screen=product_detail&source_engine=organic,Ecocare Việt Nam,2019,77,4.7,1200,0,11188000,824.0,9.0,8.0,32.0,86.0,689.0
268,271,,6,https://tiki.vn/cua-hang/vpmilk-official?source_screen=product_detail&source_engine=organic,VPMilk Official,2020,26,4.8,1600,2600,1169042,568.0,8.0,2.0,4.0,38.0,516.0
269,272,,5,https://tiki.vn/cua-hang/tiem-gom-nha-bo?source_screen=product_detail&source_engine=organic,Tiệm gốm nhà Bo,2021,24,4.5,68,0,650000,48.0,2.0,1.0,1.0,12.0,32.0
270,273,,4,https://tiki.vn/cua-hang/samgalaxy?source_screen=product_detail&source_engine=organic,Samgalaxy,2022,54,4.7,281,244,6993030,60.0,0.0,1.0,1.0,9.0,49.0
271,274,,7,https://tiki.vn/cua-hang/ecoclean-vietnam?source_screen=product_detail&source_engine=organic,ECOCLEAN VIETNAM,2019,25,4.5,1400,0,4821500,586.0,33.0,5.0,30.0,120.0,398.0
272,275,,7,https://tiki.vn/cua-hang/tokyo-max?source_screen=product_detail&source_engine=organic,TOKYO MAX,2019,259,4.4,1200,134,20261893,611.0,20.0,18.0,23.0,134.0,416.0
273,276,,5,https://tiki.vn/cua-hang/yen-sao-danest?source_screen=product_detail&source_engine=organic,Yến sào Đỗ Thị Toán Official,2021,32,4.6,135,97,3330000,86.0,1.0,0.0,5.0,13.0,67.0
274,277,,7,https://tiki.vn/cua-hang/cty-tnhh-cong-nghe-vnso?source_screen=product_detail&source_engine=organic,CTY TNHH CONG NGHE VNSO,2019,1,0.0,0,3,0,,,,,,
275,278,,9,https://tiki.vn/cua-hang/royal-crown-watch?source_screen=product_detail&source_engine=organic,Royal Crown Watch,2017,131,4.1,202,177,0,58.0,8.0,6.0,6.0,11.0,27.0
276,279,,7,https://tiki.vn/cua-hang/muc-in-may-in-vinh-hung?source_screen=product_detail&source_engine=organic,Mực in máy in Nhật Hưng,2019,55,4.6,8900,660,20553000,354.0,4.0,1.0,5.0,51.0,293.0
277,280,,8,https://tiki.vn/cua-hang/cam-em-organic?source_screen=product_detail&source_engine=organic,cám em organic,2018,19,4.6,1600,0,1337000,562.0,10.0,3.0,11.0,76.0,462.0
278,281,,8,https://tiki.vn/cua-hang/bach-hoa-tong-hop-168?source_screen=product_detail&source_engine=organic,Bách hóa tổng hợp 168,2018,225,4.3,1200,74,4103000,382.0,15.0,11.0,27.0,77.0,252.0
279,282,,5,https://tiki.vn/cua-hang/thang-thao-mobile?source_screen=product_detail&source_engine=organic,THẮNG THAO MOBILE,2021,39,4.6,2400,2300,34150000,198.0,4.0,1.0,10.0,30.0,153.0
280,283,,6,https://tiki.vn/cua-hang/may-rua-bat-galanz?source_screen=product_detail&source_engine=organic,Máy rửa bát gia đình,2020,478,4.6,615,109,609369707,494.0,11.0,3.0,16.0,68.0,396.0
281,284,,8,https://tiki.vn/cua-hang/mr-vui?source_screen=product_detail&source_engine=organic,Mr.VUI Official Store,2018,132,4.7,470,207,435000,24.0,0.0,0.0,0.0,8.0,16.0
282,285,,7,https://tiki.vn/cua-hang/azmen?source_screen=product_detail&source_engine=organic,Thomas Nguyen Store,2019,42,4.5,247,63,178000,9.0,0.0,0.0,0.0,3.0,6.0
283,286,,7,https://tiki.vn/cua-hang/thebeauty?source_screen=product_detail&source_engine=organic,Thebeauty,2019,687,4.4,3700,799,25216000,1912.0,75.0,37.0,60.0,363.0,1377.0
284,287,,5,https://tiki.vn/cua-hang/gcap-vn?source_screen=product_detail&source_engine=organic,GCAP VN,2021,5,4.5,85,0,0,85.0,4.0,2.0,2.0,13.0,64.0
285,288,,5,https://tiki.vn/cua-hang/bum-bum-house?source_screen=product_detail&source_engine=organic,Bum Bum House,2021,1,4.4,123,0,0,9.0,4.0,0.0,0.0,1.0,4.0
286,289,,7,https://tiki.vn/cua-hang/60s-watch?source_screen=product_detail&source_engine=organic,60s Watch,2019,190,4.6,4900,566,6650000,3532.0,62.0,34.0,92.0,603.0,2741.0
287,290,,6,https://tiki.vn/cua-hang/xwash?source_screen=product_detail&source_engine=organic,Xwash,2020,4,4.2,310,0,0,26.0,2.0,0.0,2.0,3.0,19.0
288,291,,8,https://tiki.vn/cua-hang/vinh-khang?source_screen=product_detail&source_engine=organic,Vĩnh Khang,2018,22,4.5,2200,308,2607000,539.0,14.0,6.0,12.0,121.0,386.0
289,292,,6,https://tiki.vn/cua-hang/kalanos-bop-vi-tui-xach-day-nit-dep?source_screen=product_detail&source_engine=organic,KALANOS Bóp ví Túi xách Dây nịt đẹp,2020,30,5.0,1,6,0,1.0,0.0,0.0,0.0,0.0,1.0
290,293,,8,https://tiki.vn/cua-hang/bao-ha-leather?source_screen=product_detail&source_engine=organic,Bao Ha Leather,2018,252,4.4,534,191,3939600,152.0,5.0,3.0,10.0,31.0,103.0
291,294,,6,https://tiki.vn/cua-hang/meoo-gruzz?source_screen=product_detail&source_engine=organic,Mèoo Grừzz,2020,14,4.9,1400,821,12990500,444.0,2.0,0.0,1.0,38.0,403.0
292,295,,9,https://tiki.vn/cua-hang/hoang-anh-phu?source_screen=product_detail&source_engine=organic,HOÀNG ANH PHÚ,2017,26,4.6,95,9,2192976,94.0,2.0,2.0,3.0,7.0,80.0
293,296,,7,https://tiki.vn/cua-hang/batterymart?source_screen=product_detail&source_engine=organic,BatteryMart,2019,290,4.8,420,210,5319000,308.0,3.0,1.0,3.0,40.0,261.0
294,298,,7,https://tiki.vn/cua-hang/mat-ong-phuc-khang?source_screen=product_detail&source_engine=organic,Mật Ong Phúc Khang,2019,17,4.7,1000,440,1928000,990.0,18.0,12.0,22.0,176.0,762.0
295,299,,7,https://tiki.vn/cua-hang/chat24h?source_screen=product_detail&source_engine=organic,chat24h,2019,132,4.5,8700,556,22115600,2887.0,92.0,53.0,105.0,597.0,2040.0
296,300,,7,https://tiki.vn/cua-hang/pretty-store?source_screen=product_detail&source_engine=organic,HT Sports Official,2019,58,4.3,2000,0,5911000,470.0,17.0,12.0,25.0,108.0,308.0
297,301,,5,https://tiki.vn/cua-hang/vuon-xanh-sach?source_screen=product_detail&source_engine=organic,Vườn Xanh Sạch,2021,48,4.7,806,330,1502000,658.0,15.0,7.0,12.0,65.0,559.0
298,302,,9,https://tiki.vn/cua-hang/phuc-nguyen?source_screen=product_detail&source_engine=organic,SOFT99 Official Store,2017,176,4.5,221,200,2772320,193.0,10.0,2.0,7.0,33.0,141.0
299,303,,8,https://tiki.vn/cua-hang/new4all-tphcm?source_screen=product_detail&source_engine=organic,New4all (Tp.HCM),2018,242,4.1,2000,347,54017000,706.0,41.0,27.0,64.0,127.0,447.0
300,304,,5,https://tiki.vn/cua-hang/phu-kien-ht?source_screen=product_detail&source_engine=organic,Phụ Kiện ATZVN,2021,370,4.4,442,90,3604166,128.0,7.0,1.0,3.0,26.0,91.0
301,305,,5,https://tiki.vn/cua-hang/tue-man-pl?source_screen=product_detail&source_engine=organic,TUỆ MẪN PL,2021,53,4.3,956,119,6979800,158.0,8.0,1.0,11.0,37.0,101.0
302,306,,8,https://tiki.vn/cua-hang/cong-ty-phong-tien?source_screen=product_detail&source_engine=organic,Công Ty Phong Tiến,2018,26,4.4,385,29,5335000,156.0,7.0,1.0,6.0,22.0,120.0
303,308,,7,https://tiki.vn/cua-hang/quy-khang-mart?source_screen=product_detail&source_engine=organic,QUÝ KHANG MART,2019,604,4.4,2900,899,50688780,2450.0,176.0,54.0,67.0,311.0,1843.0
304,309,,5,https://tiki.vn/cua-hang/xop-dan-tuong-3d-tan-phu?source_screen=product_detail&source_engine=organic,XỐP DÁN TƯỜNG 3D TÂN PHÚ,2021,237,4.6,961,129,9635000,273.0,3.0,4.0,4.0,57.0,205.0
305,310,,4,https://tiki.vn/cua-hang/firo-official-store?source_screen=product_detail&source_engine=organic,FIRO OFFICIAL STORE,2022,30,4.8,1700,181,53970320,1154.0,13.0,8.0,11.0,103.0,1019.0
306,311,,6,https://tiki.vn/cua-hang/am-mart?source_screen=product_detail&source_engine=organic,AM MART,2020,211,4.8,3600,483,49101000,1951.0,24.0,8.0,40.0,259.0,1620.0
307,312,,4,https://tiki.vn/cua-hang/kai-n-accessory?source_screen=product_detail&source_engine=organic,Kai N Accessory,2022,498,4.7,415,183,11289510,262.0,11.0,1.0,2.0,33.0,215.0
308,313,,6,https://tiki.vn/cua-hang/helen-nat-shop?source_screen=product_detail&source_engine=organic,Thế giới Trà Ahmad,2020,46,4.8,348,188,2105000,179.0,1.0,2.0,2.0,9.0,165.0
309,314,,5,https://tiki.vn/cua-hang/jangan?source_screen=product_detail&source_engine=organic,JA STORE,2021,80,4.8,469,397,8160000,406.0,5.0,1.0,7.0,48.0,345.0
310,315,,9,https://tiki.vn/cua-hang/domavina?source_screen=product_detail&source_engine=organic,DOMAVINA,2017,6,3.7,32,9,0,,,,,,
311,316,,8,https://tiki.vn/cua-hang/thanhphukiencom?source_screen=product_detail&source_engine=organic,Thanhphukien,2018,156,4.1,1100,180,22082800,249.0,23.0,3.0,14.0,31.0,178.0
312,317,,6,https://tiki.vn/cua-hang/trung-nguyen-legend?source_screen=product_detail&source_engine=organic,Trung Nguyên Legend,2020,53,4.8,9700,6200,326054921,7734.0,61.0,27.0,73.0,701.0,6872.0
313,318,,7,https://tiki.vn/cua-hang/kj-mart?source_screen=product_detail&source_engine=organic,KJ MART,2019,273,4.5,7800,1100,3174500,605.0,24.0,7.0,25.0,84.0,465.0
314,319,,8,https://tiki.vn/cua-hang/cong-ty-cp-ong-mat-tien-giang?source_screen=product_detail&source_engine=organic,HONEYLAND OFFICAL,2018,32,4.6,689,296,1050000,323.0,14.0,3.0,10.0,48.0,248.0
315,320,,5,https://tiki.vn/cua-hang/cua-hang-gia-dung-th?source_screen=product_detail&source_engine=organic,Taky Home,2021,481,4.6,330,53,28585069,285.0,11.0,2.0,5.0,71.0,196.0
316,321,,5,https://tiki.vn/cua-hang/myjae-vietnam-flagship-store?source_screen=product_detail&source_engine=organic,MyJae Flagship Store,2021,52,4.8,2500,3600,13198350,1809.0,25.0,8.0,25.0,206.0,1545.0
317,322,,5,https://tiki.vn/cua-hang/atzstore?source_screen=product_detail&source_engine=organic,ATZstore,2021,1593,4.5,4500,583,55923592,1594.0,84.0,31.0,49.0,296.0,1134.0
318,323,,7,https://tiki.vn/cua-hang/thanh-cong-camera?source_screen=product_detail&source_engine=organic,THÀNH CÔNG CAMERA,2019,41,4.4,323,0,1484100,177.0,8.0,2.0,7.0,25.0,135.0
319,324,,7,https://tiki.vn/cua-hang/validulich?source_screen=product_detail&source_engine=organic,Bamozo Official,2019,21,4.6,1400,1500,7591000,809.0,26.0,10.0,18.0,132.0,623.0
320,325,,7,https://tiki.vn/cua-hang/zen?source_screen=product_detail&source_engine=organic,Zen,2019,14,4.6,5200,1500,394000,480.0,12.0,9.0,18.0,74.0,367.0
321,326,,8,https://tiki.vn/cua-hang/may-10?source_screen=product_detail&source_engine=organic,5/10/2025 12:00:00 AM,2018,164,4.6,8300,2600,1154000,91.0,2.0,1.0,0.0,11.0,77.0
322,328,,2,https://tiki.vn/cua-hang/namart?source_screen=product_detail&source_engine=organic,NAMART,2024,23,5.0,2,3,354000,,,,,,
323,329,,7,https://tiki.vn/cua-hang/amalife?source_screen=product_detail&source_engine=organic,Amalife,2019,141,4.5,8500,930,20008900,4027.0,82.0,57.0,151.0,729.0,3008.0
324,330,,6,https://tiki.vn/cua-hang/lath-shop?source_screen=product_detail&source_engine=organic,LATH SHOP,2020,258,4.8,5200,14700,18126400,2553.0,37.0,13.0,41.0,340.0,2122.0
325,331,,8,https://tiki.vn/cua-hang/mrstruongshop?source_screen=product_detail&source_engine=organic,MrsTruongShop,2018,371,4.2,7400,0,148876680,2097.0,136.0,63.0,141.0,449.0,1308.0
326,332,,5,https://tiki.vn/cua-hang/hamart-gia-dung-tien-loi?source_screen=product_detail&source_engine=organic,Hamart Gia Dụng Tiện Lợi,2021,192,4.5,1200,585,11406300,117.0,3.0,2.0,1.0,24.0,87.0
327,333,,8,https://tiki.vn/cua-hang/long-gia-computer?source_screen=product_detail&source_engine=organic,LONG GIA COMPUTER,2018,51,4.1,60,24,0,4.0,0.0,1.0,0.0,0.0,3.0
328,334,,5,https://tiki.vn/cua-hang/yankee-candle-official-store?source_screen=product_detail&source_engine=organic,Yankee Candle Official Store,2021,182,4.7,494,2200,3177999,360.0,6.0,1.0,2.0,42.0,309.0
329,335,,8,https://tiki.vn/cua-hang/bily-shop?source_screen=product_detail&source_engine=organic,Bily Shop,2018,1467,4.6,1700,210,836000,1363.0,29.0,18.0,51.0,215.0,1050.0
330,336,,7,https://tiki.vn/cua-hang/muc-in-viet-toner?source_screen=product_detail&source_engine=organic,Mực in Viet Toner,2019,47,4.5,159,21,12575000,107.0,4.0,0.0,2.0,18.0,83.0
331,337,,4,https://tiki.vn/cua-hang/hop-xoay-tu-dong-cho-dong-ho-co?source_screen=product_detail&source_engine=organic,Hộp Xoay Tự Động Cho Đồng Hồ Cơ,2022,33,4.7,3,0,0,1.0,0.0,0.0,0.0,0.0,1.0
332,338,,6,https://tiki.vn/cua-hang/ongtre?source_screen=product_detail&source_engine=organic,ONGTRE,2020,208,4.6,728,655,20773500,629.0,19.0,8.0,22.0,108.0,472.0
333,339,,8,https://tiki.vn/cua-hang/cong-ty-thiet-bi-may-van-phong-ha-anh?source_screen=product_detail&source_engine=organic,Công ty thiết bị máy văn phòng Hà Anh,2018,399,4.5,468,76,6117100,250.0,5.0,2.0,9.0,56.0,178.0
334,340,,5,https://tiki.vn/cua-hang/dien-may-vymart?source_screen=product_detail&source_engine=organic,Điện Máy Vymart,2021,120,4.7,2200,14700,42051000,1403.0,36.0,8.0,14.0,178.0,1167.0
335,341,,2,https://tiki.vn/cua-hang/car-care-swiftsell?source_screen=product_detail&source_engine=organic,CAR CARE SWIFTSELL,2024,47,4.9,8,1,1453000,8.0,0.0,0.0,0.0,1.0,7.0
336,342,,6,https://tiki.vn/cua-hang/balo-xinh?source_screen=product_detail&source_engine=organic,Balo xinh,2020,104,4.7,221,0,0,117.0,0.0,3.0,2.0,16.0,96.0
337,343,,7,https://tiki.vn/cua-hang/dat-nguyen-shops-thiet-bi-nhap-khau?source_screen=product_detail&source_engine=organic,TAIKO Official Store,2019,129,4.3,1200,317,63084639,423.0,22.0,10.0,15.0,92.0,284.0
338,344,,4,https://tiki.vn/cua-hang/coran-store?source_screen=product_detail&source_engine=organic,CORAN STORE,2022,349,4.2,504,113,5988000,16.0,0.0,1.0,1.0,1.0,13.0
339,345,,4,https://tiki.vn/cua-hang/muc-in-alpha-office?source_screen=product_detail&source_engine=organic,MỰC IN ALPHA OFFICE,2022,25,4.8,95,58,869160,8.0,0.0,0.0,0.0,2.0,6.0
340,346,,4,https://tiki.vn/cua-hang/bluestone-official-store?source_screen=product_detail&source_engine=organic,BLUESTONE OFFICIAL STORE,2022,94,4.8,211,678,10407000,84.0,1.0,0.0,0.0,10.0,73.0
341,347,,8,https://tiki.vn/cua-hang/anello-vietnam?source_screen=product_detail&source_engine=organic,anello Vietnam,2018,48,4.6,16,31,0,16.0,0.0,0.0,1.0,5.0,10.0
342,348,,8,https://tiki.vn/cua-hang/xe-may-duc-chinh?source_screen=product_detail&source_engine=organic,Bezen Official Store,2018,7,4.8,252,0,0,203.0,2.0,2.0,0.0,28.0,171.0
343,349,,8,https://tiki.vn/cua-hang/hibu-auto?source_screen=product_detail&source_engine=organic,HIBU AUTO,2018,324,4.5,1100,127,2465500,715.0,25.0,10.0,24.0,107.0,549.0
344,350,,6,https://tiki.vn/cua-hang/xuong-moc-tram-huong?source_screen=product_detail&source_engine=organic,Xưởng Mộc Việt,2020,24,4.4,572,0,758000,253.0,6.0,3.0,11.0,50.0,183.0
345,351,,7,https://tiki.vn/cua-hang/homesheel-product?source_screen=product_detail&source_engine=organic,HOMESHEEL PRODUCT,2019,64,4.5,140,393,750000,62.0,2.0,1.0,2.0,6.0,51.0
346,352,,7,https://tiki.vn/cua-hang/thoi-trang-khatoco?source_screen=product_detail&source_engine=organic,THỜI TRANG KHATOCO,2019,306,4.8,5800,2000,5638200,382.0,6.0,5.0,9.0,51.0,311.0
347,353,,6,https://tiki.vn/cua-hang/lien-minh-1974?source_screen=product_detail&source_engine=organic,Liên Minh 1974,2020,331,4.5,3100,332,10558740,282.0,4.0,2.0,1.0,13.0,262.0
348,354,,5,https://tiki.vn/cua-hang/tam-luan-official?source_screen=product_detail&source_engine=organic,Tâm Luân Official,2021,53,4.5,1800,323,6763000,1093.0,30.0,16.0,28.0,267.0,752.0
349,355,,5,https://tiki.vn/cua-hang/zerdio?source_screen=product_detail&source_engine=organic,ZERDIO,2021,138,4.4,191,75,1540000,38.0,2.0,1.0,0.0,12.0,23.0
350,356,,7,https://tiki.vn/cua-hang/tin-hoc-hoang-kim?source_screen=product_detail&source_engine=organic,Tin Học Hoàng Kim,2019,550,4.3,1100,258,12903450,64.0,5.0,0.0,0.0,17.0,42.0
351,357,,8,https://tiki.vn/cua-hang/winhotechvn?source_screen=product_detail&source_engine=organic,WinhotechVN,2018,43,4.0,1700,18,40704750,23.0,1.0,0.0,1.0,3.0,18.0
352,358,,6,https://tiki.vn/cua-hang/ht-sys-official-store?source_screen=product_detail&source_engine=organic,HT SYS Official Store,2020,23,4.5,5700,0,1959000,636.0,12.0,8.0,17.0,111.0,488.0
353,359,,7,https://tiki.vn/cua-hang/thuydungshop?source_screen=product_detail&source_engine=organic,THUYDUNGSHOP,2019,108,4.4,141,171,5780000,110.0,4.0,1.0,9.0,23.0,73.0
354,360,,6,https://tiki.vn/cua-hang/nu-cuoi?source_screen=product_detail&source_engine=organic,Nụ Cười,2020,25,4.6,3800,0,777000,15.0,0.0,0.0,1.0,3.0,11.0
355,361,,8,https://tiki.vn/cua-hang/the-gioi-giay?source_screen=product_detail&source_engine=organic,Thế Giới Giấy,2018,12,4.7,1300,1800,3687000,99.0,2.0,2.0,2.0,7.0,86.0
356,362,,5,https://tiki.vn/cua-hang/banh-trang-sachi?source_screen=product_detail&source_engine=organic,BÁNH TRÁNG SACHI,2021,52,4.7,90,166,85000,88.0,2.0,1.0,3.0,7.0,75.0
357,363,,6,https://tiki.vn/cua-hang/halong-canfoco?source_screen=product_detail&source_engine=organic,HALONG CANFOCO,2020,38,4.7,801,364,747240,480.0,7.0,5.0,13.0,56.0,399.0
358,364,,9,https://tiki.vn/cua-hang/hava?source_screen=product_detail&source_engine=organic,Hava,2017,61,4.2,312,0,1853980,33.0,0.0,1.0,1.0,6.0,25.0
359,365,,5,https://tiki.vn/cua-hang/lealux?source_screen=product_detail&source_engine=organic,LEALUX,2021,25,4.6,17,15,1158000,17.0,0.0,0.0,2.0,2.0,13.0
360,366,,6,https://tiki.vn/cua-hang/hoang-kim-dan?source_screen=product_detail&source_engine=organic,Hoàng Kim Đan,2020,124,4.5,1400,186,3326000,1386.0,37.0,19.0,63.0,280.0,987.0
361,367,,8,https://tiki.vn/cua-hang/vi-tinh-chi-cuong?source_screen=product_detail&source_engine=organic,Vi Tính Chí Cường,2018,445,4.7,2800,751,2857985952,1602.0,35.0,4.0,21.0,167.0,1375.0
362,368,,8,https://tiki.vn/cua-hang/hasan?source_screen=product_detail&source_engine=organic,HASAN,2018,247,4.4,1000,216,2952100,91.0,7.0,3.0,3.0,13.0,65.0
363,369,,6,https://tiki.vn/cua-hang/van-tin-store?source_screen=product_detail&source_engine=organic,Vạn Tín Store,2020,463,4.5,6100,1100,10231136,3515.0,136.0,44.0,86.0,596.0,2653.0
364,370,,6,https://tiki.vn/cua-hang/antib?source_screen=product_detail&source_engine=organic,AntiB,2020,27,4.6,375,0,1744000,91.0,3.0,1.0,3.0,7.0,77.0
365,371,,5,https://tiki.vn/cua-hang/ottogi-viet-nam?source_screen=product_detail&source_engine=organic,OTTOGI OFFICIAL STORE,2021,176,4.7,2400,2000,3258500,1891.0,52.0,17.0,34.0,185.0,1603.0
366,372,,4,https://tiki.vn/cua-hang/sg-food-official-store?source_screen=product_detail&source_engine=organic,SG Food Official Store,2022,36,4.9,112,99,321000,63.0,0.0,0.0,0.0,4.0,59.0
367,373,,7,https://tiki.vn/cua-hang/tra-thao-moc-nguyen-thai-trang?source_screen=product_detail&source_engine=organic,Trà Thảo Mộc Nguyên Thái Trang,2019,86,4.6,384,56,3477500,345.0,6.0,5.0,13.0,78.0,243.0
368,374,,4,https://tiki.vn/cua-hang/aoron-official?source_screen=product_detail&source_engine=organic,AORON OFFICIAL,2022,88,4.6,673,495,4377000,595.0,12.0,10.0,21.0,117.0,435.0
369,375,,7,https://tiki.vn/cua-hang/t-tukado-official?source_screen=product_detail&source_engine=organic,TUKADO Official Store,2019,44,4.9,252,214,774000,144.0,0.0,0.0,1.0,15.0,128.0
370,376,,7,https://tiki.vn/cua-hang/dien-quang-official-store?source_screen=product_detail&source_engine=organic,Điện Quang Official Store,2019,167,4.6,6500,3000,12025819,3235.0,66.0,35.0,68.0,390.0,2676.0
371,377,,6,https://tiki.vn/cua-hang/nong-trai-cau-dat?source_screen=product_detail&source_engine=organic,Nông trại Cầu Đất,2020,61,4.8,6300,4500,52158000,5965.0,66.0,41.0,109.0,753.0,4996.0
372,378,,7,https://tiki.vn/cua-hang/godaptsunny?source_screen=product_detail&source_engine=organic,Godaptsunny,2019,988,4.4,225,186,5590420,91.0,10.0,1.0,2.0,15.0,63.0
373,379,,5,https://tiki.vn/cua-hang/viet-phuong-quang-thanh?source_screen=product_detail&source_engine=organic,Việt Phương Quảng Thanh,2021,20,4.9,494,174,0,336.0,3.0,1.0,3.0,35.0,294.0
374,380,,7,https://tiki.vn/cua-hang/basic-store?source_screen=product_detail&source_engine=organic,BASIC STORE,2019,3,4.6,774,170,0,16.0,0.0,0.0,1.0,3.0,12.0
375,381,,2,https://tiki.vn/cua-hang/quatangsongvui?source_screen=product_detail&source_engine=organic,Quatangsongvui,2024,55,5.0,16,18,437038550,12.0,0.0,0.0,0.0,0.0,12.0
376,382,,7,https://tiki.vn/cua-hang/kim-thanh-long-electronics?source_screen=product_detail&source_engine=organic,Kim Thanh Long Electronics,2019,51,4.6,134,0,890000,26.0,0.0,0.0,0.0,3.0,23.0
377,383,,5,https://tiki.vn/cua-hang/lunar-store?source_screen=product_detail&source_engine=organic,Lunar Store,2021,29,4.8,885,266,6423000,589.0,7.0,1.0,2.0,47.0,532.0
378,384,,6,https://tiki.vn/cua-hang/azumikichi?source_screen=product_detail&source_engine=organic,Azumikichi Official Store,2020,2,4.8,129,10,125000,123.0,1.0,1.0,2.0,8.0,111.0
379,385,,6,https://tiki.vn/cua-hang/laptop-minh-ha?source_screen=product_detail&source_engine=organic,Laptop Minh Hà,2020,1187,4.3,789,160,16596210,18.0,1.0,2.0,0.0,5.0,10.0
380,386,,8,https://tiki.vn/cua-hang/uniquevn?source_screen=product_detail&source_engine=organic,UniqueVN,2018,119,4.3,1400,240,130837000,494.0,11.0,5.0,9.0,46.0,423.0
381,387,,4,https://tiki.vn/cua-hang/quan-ao-cho-meo-petshop-luc-lac?source_screen=product_detail&source_engine=organic,Quần Áo Chó Mèo Petshop Lúc Lắc,2022,125,4.8,666,0,6987611,373.0,4.0,2.0,5.0,34.0,328.0
382,388,,5,https://tiki.vn/cua-hang/art-h-store?source_screen=product_detail&source_engine=organic,Art H Store,2021,518,4.6,4800,843,19022000,1835.0,106.0,35.0,55.0,285.0,1354.0
383,389,,9,https://tiki.vn/cua-hang/nova-computer?source_screen=product_detail&source_engine=organic,Nova Computer,2017,1260,4.5,5800,573,62688343,3534.0,120.0,41.0,97.0,488.0,2788.0
384,390,,5,https://tiki.vn/cua-hang/anna-angel-shop?source_screen=product_detail&source_engine=organic,Anna Angel Shop,2021,89,4.9,75,56,5436000,21.0,0.0,0.0,0.0,4.0,17.0
385,391,,7,https://tiki.vn/cua-hang/linhkien1984?source_screen=product_detail&source_engine=organic,linhkien1984,2019,255,4.3,14000,1900,4456110,1126.0,77.0,18.0,40.0,232.0,759.0
386,392,,5,https://tiki.vn/cua-hang/diet-con-trung-24h?source_screen=product_detail&source_engine=organic,diệt côn trùng 24h,2021,29,4.5,833,1700,2079900,269.0,12.0,3.0,9.0,56.0,189.0
387,393,,7,https://tiki.vn/cua-hang/chanh-house?source_screen=product_detail&source_engine=organic,Chanh House,2019,10,4.6,3700,445,1319000,309.0,2.0,3.0,11.0,40.0,253.0
388,394,,5,https://tiki.vn/cua-hang/td-electrical-supermarket?source_screen=product_detail&source_engine=organic,TD Electrical Supermarket,2021,306,4.7,903,472,39498000,497.0,5.0,2.0,10.0,58.0,422.0
389,395,,6,https://tiki.vn/cua-hang/chim-se-di-nang?source_screen=product_detail&source_engine=organic,Chim sẻ đi nắng,2020,182,4.1,3500,207,10614000,209.0,4.0,3.0,7.0,43.0,152.0
390,396,,9,https://tiki.vn/cua-hang/nhacungcap?source_screen=product_detail&source_engine=organic,NhaCungCap,2017,214,4.4,2000,243,12599800,1567.0,71.0,26.0,55.0,293.0,1122.0
391,397,,9,https://tiki.vn/cua-hang/phan-le?source_screen=product_detail&source_engine=organic,Phan Lê,2017,366,4.5,233,538,1449000,136.0,7.0,1.0,2.0,19.0,107.0
392,398,,6,https://tiki.vn/cua-hang/tawa-store?source_screen=product_detail&source_engine=organic,Tawa store,2020,1,3.9,77,11,0,,,,,,
393,399,,8,https://tiki.vn/cua-hang/coca-shop?source_screen=product_detail&source_engine=organic,CoCa Shop,2018,53,4.6,890,1700,1625000,59.0,1.0,1.0,2.0,4.0,51.0
394,400,,6,https://tiki.vn/cua-hang/tp-link-official-store?source_screen=product_detail&source_engine=organic,TP-Link Official Store,2020,144,4.7,14000,15700,38925180,12198.0,236.0,94.0,186.0,1377.0,10305.0
395,401,,8,https://tiki.vn/cua-hang/chamsocbesosinhcom?source_screen=product_detail&source_engine=organic,chamsocbesosinh.com,2018,547,4.6,2900,1200,41529000,1409.0,69.0,27.0,29.0,191.0,1093.0
396,402,,6,https://tiki.vn/cua-hang/mitomo-electronic?source_screen=product_detail&source_engine=organic,MITOMO ELECTRONIC,2020,67,4.6,1200,0,8845000,421.0,10.0,5.0,9.0,75.0,322.0
397,403,,4,https://tiki.vn/cua-hang/cece-store?source_screen=product_detail&source_engine=organic,CECE STORE,2022,333,4.5,70,15,660000,25.0,1.0,0.0,1.0,6.0,17.0
398,404,,4,https://tiki.vn/cua-hang/jetzt?source_screen=product_detail&source_engine=organic,JETZT,2022,31,4.6,1600,2300,38350000,440.0,13.0,3.0,7.0,72.0,345.0
399,405,,7,https://tiki.vn/cua-hang/trang-suc-phong-thuy-khanh-ngoc?source_screen=product_detail&source_engine=organic,Trang sức phong thủy khánh ngọc,2019,28,3.9,14,0,420000,10.0,1.0,0.0,2.0,1.0,6.0
400,406,,8,https://tiki.vn/cua-hang/thuanthients?source_screen=product_detail&source_engine=organic,ThuanThienTs,2018,21,4.7,278,0,1542300,57.0,1.0,1.0,0.0,2.0,53.0
401,407,,7,https://tiki.vn/cua-hang/akia-smart-home?source_screen=product_detail&source_engine=organic,AKIA SmartHome Store,2019,159,4.7,4200,1400,29214214,946.0,20.0,10.0,17.0,121.0,778.0
402,408,,4,https://tiki.vn/cua-hang/samsung-memory-official-store?source_screen=product_detail&source_engine=organic,Samsung Memory Official Store,2022,12,4.9,90,437,0,85.0,1.0,1.0,0.0,4.0,79.0
403,409,,8,https://tiki.vn/cua-hang/aligro?source_screen=product_detail&source_engine=organic,ALIGRO,2018,619,4.3,132,112,9971200,90.0,3.0,1.0,10.0,15.0,61.0
404,410,,5,https://tiki.vn/cua-hang/bui-leather-official?source_screen=product_detail&source_engine=organic,BỤI LEATHER OFFICIAL,2021,100,4.7,3600,2800,163414000,3174.0,57.0,26.0,63.0,457.0,2571.0
405,411,,5,https://tiki.vn/cua-hang/drc-chuyen-gia-lam-sach-official-store?source_screen=product_detail&source_engine=organic,DrC Chuyên gia làm sạch Official Store,2021,19,4.6,57,34,0,57.0,2.0,0.0,3.0,8.0,44.0
406,412,,8,https://tiki.vn/cua-hang/shop-bep-xinh?source_screen=product_detail&source_engine=organic,SHOP BẾP XINH,2018,296,4.6,3400,517,220172000,2886.0,49.0,39.0,103.0,479.0,2216.0
407,413,,7,https://tiki.vn/cua-hang/jyme-jewelry?source_screen=product_detail&source_engine=organic,Jyme Jewelry,2019,204,5.0,2,0,0,2.0,0.0,0.0,0.0,0.0,2.0
408,414,,9,https://tiki.vn/cua-hang/non-son?source_screen=product_detail&source_engine=organic,Thời Trang Nón Sơn Official,2017,358,4.8,2900,2200,8948600,955.0,7.0,4.0,8.0,79.0,857.0
409,415,,5,https://tiki.vn/cua-hang/sieu-thi-dien-may-gia-dung?source_screen=product_detail&source_engine=organic,SIÊU THỊ ĐIỆN MÁY GIA DỤNG,2021,281,4.4,161,51,3927000,83.0,2.0,2.0,2.0,11.0,66.0
410,416,,6,https://tiki.vn/cua-hang/vo-oanh?source_screen=product_detail&source_engine=organic,võ oanh,2020,44,4.7,39,5,550998,9.0,0.0,0.0,0.0,1.0,8.0
411,417,,6,https://tiki.vn/cua-hang/deha-shop?source_screen=product_detail&source_engine=organic,DEHA Official Store,2020,42,4.7,2900,917,25000,2560.0,37.0,19.0,40.0,353.0,2111.0
412,418,,7,https://tiki.vn/cua-hang/tatiho?source_screen=product_detail&source_engine=organic,TATIHO,2019,79,4.4,297,0,45000,139.0,1.0,1.0,7.0,27.0,103.0
413,419,,3,https://tiki.vn/cua-hang/yahon-letgreen-nha-cua-doi-song?source_screen=product_detail&source_engine=organic,YAHON LETGREEN Nhà Cửa Đời Sống,2023,107,4.9,149,0,13933180,115.0,0.0,1.0,1.0,10.0,103.0
414,420,,8,https://tiki.vn/cua-hang/vkt-nha-phan-phoi-thiet-bi-dien?source_screen=product_detail&source_engine=organic,VKT Nhà Phân Phối Thiết Bị Điện,2018,30,3.9,2000,245,0,123.0,13.0,6.0,9.0,23.0,72.0
415,421,,6,https://tiki.vn/cua-hang/tanachira?source_screen=product_detail&source_engine=organic,TANACHIRA,2020,66,4.6,109,238,0,,,,,,
416,422,,7,https://tiki.vn/cua-hang/shrimp-home-shop?source_screen=product_detail&source_engine=organic,Shrimp Home Shop,2019,362,4.6,273,59,13606400,118.0,7.0,1.0,1.0,14.0,95.0
417,423,,7,https://tiki.vn/cua-hang/wecan?source_screen=product_detail&source_engine=organic,Wecan,2019,261,4.4,1100,92,122053700,865.0,35.0,19.0,34.0,189.0,588.0
418,424,,5,https://tiki.vn/cua-hang/phu-kien-toc-nas-corner?source_screen=product_detail&source_engine=organic,Phụ kiện tóc Na’s corner,2021,220,4.7,342,33,1326000,174.0,3.0,1.0,3.0,26.0,141.0
419,425,,5,https://tiki.vn/cua-hang/dong-ho-kim?source_screen=product_detail&source_engine=organic,ĐỒNG HỒ KIM,2021,177,4.5,412,56,454000,385.0,21.0,7.0,17.0,71.0,269.0
420,426,,6,https://tiki.vn/cua-hang/bosshouse?source_screen=product_detail&source_engine=organic,BOSSHOUSE,2020,43,4.7,1800,410,55070000,1058.0,13.0,9.0,13.0,127.0,896.0
421,427,,9,https://tiki.vn/cua-hang/el-amor-?source_screen=product_detail&source_engine=organic,El amor,2017,288,4.1,34,20,9688000,,,,,,
422,428,,4,https://tiki.vn/cua-hang/th-true-mart-official-store?source_screen=product_detail&source_engine=organic,TH true mart Official Store,2022,69,4.9,4000,0,7009921,1206.0,16.0,4.0,4.0,68.0,1114.0
423,429,,5,https://tiki.vn/cua-hang/viet-chat-store?source_screen=product_detail&source_engine=organic,Việt Chất Store,2021,364,4.5,3200,702,52809555,1642.0,88.0,32.0,46.0,240.0,1236.0
424,430,,6,https://tiki.vn/cua-hang/gia-dung-henry?source_screen=product_detail&source_engine=organic,Gia Dụng Henry,2020,392,4.4,4800,1000,13103000,288.0,4.0,7.0,11.0,40.0,226.0
425,431,,7,https://tiki.vn/cua-hang/group-case-ttm?source_screen=product_detail&source_engine=organic,Group Case TTM,2019,428,4.1,3500,330,105569500,1064.0,63.0,21.0,62.0,240.0,678.0
426,432,,7,https://tiki.vn/cua-hang/bach-hoa-online-368?source_screen=product_detail&source_engine=organic,Bách hóa online 368,2019,179,4.2,704,41,2650000,230.0,10.0,2.0,10.0,34.0,174.0
427,433,,7,https://tiki.vn/cua-hang/hoanghai-store?source_screen=product_detail&source_engine=organic,HoangHai store,2019,87,4.7,3800,572,9971500,786.0,14.0,6.0,21.0,124.0,621.0
428,434,,6,https://tiki.vn/cua-hang/phuckhangshop?source_screen=product_detail&source_engine=organic,PhucKhangshop,2020,155,4.4,1900,601,23170000,620.0,15.0,13.0,30.0,106.0,456.0
429,435,,7,https://tiki.vn/cua-hang/asobu-au?source_screen=product_detail&source_engine=organic,Asobu AU,2019,256,4.5,11000,1200,5865706,2466.0,75.0,45.0,99.0,391.0,1856.0
430,436,,4,https://tiki.vn/cua-hang/ht-paper?source_screen=product_detail&source_engine=organic,HT paper,2022,24,4.6,390,211,2896960,229.0,6.0,4.0,6.0,31.0,182.0
431,437,,5,https://tiki.vn/cua-hang/son-xe-may-sg?source_screen=product_detail&source_engine=organic,Sơn xe máy SG,2021,139,4.7,120,26,150000,103.0,3.0,0.0,1.0,21.0,78.0
432,438,,8,https://tiki.vn/cua-hang/mandino-do-da-cao-cap?source_screen=product_detail&source_engine=organic,Mandino - đồ da cao cấp,2018,9,4.8,12,5,0,,,,,,
433,439,,9,https://tiki.vn/cua-hang/cong-ty-tnhh-tmdv-the-gioi-xe-chay-dien?source_screen=product_detail&source_engine=organic,Thế Giới Xe Chạy Điện,2017,47,4.1,54,361,0,,,,,,
434,440,,9,https://tiki.vn/cua-hang/tavana?source_screen=product_detail&source_engine=organic,TAVANA,2017,249,4.4,3000,810,42954300,1301.0,54.0,25.0,49.0,225.0,948.0
435,441,,7,https://tiki.vn/cua-hang/linchido?source_screen=product_detail&source_engine=organic,Linchido Store,2019,83,4.8,285,12700,26029330,108.0,1.0,1.0,2.0,14.0,90.0
436,442,,5,https://tiki.vn/cua-hang/mk-case?source_screen=product_detail&source_engine=organic,MK Case,2021,551,4.0,538,36,1798963,117.0,12.0,1.0,1.0,21.0,82.0
437,443,,7,https://tiki.vn/cua-hang/cuckoo-official-store?source_screen=product_detail&source_engine=organic,CUCKOO Official Store,2019,47,4.6,1300,4900,6495000,145.0,6.0,0.0,7.0,13.0,119.0
438,444,,7,https://tiki.vn/cua-hang/dai-ly-nem-duc-loi?source_screen=product_detail&source_engine=organic,ĐẠI LÝ NỆM ĐỨC LỢI,2019,190,4.6,2200,583,5338000,1732.0,30.0,17.0,66.0,265.0,1354.0
439,445,,6,https://tiki.vn/cua-hang/minori-store?source_screen=product_detail&source_engine=organic,Minori Store,2020,25,4.6,459,118,0,28.0,1.0,0.0,0.0,2.0,25.0
440,446,,7,https://tiki.vn/cua-hang/keio-leather?source_screen=product_detail&source_engine=organic,KEIO NIPPON STORE,2019,12,4.7,2000,0,877000,885.0,18.0,8.0,37.0,132.0,690.0
441,447,,4,https://tiki.vn/cua-hang/us-army-official?source_screen=product_detail&source_engine=organic,US ARMY OFFICIAL,2022,71,4.7,2900,448,10070000,2825.0,70.0,34.0,55.0,416.0,2250.0
442,448,,8,https://tiki.vn/cua-hang/vietcorp-cong-ty-co-phan-vietcorp?source_screen=product_detail&source_engine=organic,VIETCORP - CÔNG TY CỔ PHẦN VIETCORP,2018,13,4.7,31,51,0,,,,,,
443,449,,9,https://tiki.vn/cua-hang/tien-manh-music?source_screen=product_detail&source_engine=organic,Tiến Mạnh Music,2017,504,4.7,4900,1600,30414030,3448.0,56.0,26.0,89.0,453.0,2824.0
444,450,,5,https://tiki.vn/cua-hang/vua-balo?source_screen=product_detail&source_engine=organic,Vua balo,2021,101,0.0,0,0,0,28.0,1.0,0.0,0.0,4.0,23.0
445,451,,5,https://tiki.vn/cua-hang/nason-umbrella?source_screen=product_detail&source_engine=organic,NASON Umbrella,2021,20,4.8,226,0,2450050,104.0,0.0,1.0,0.0,9.0,94.0
446,452,,6,https://tiki.vn/cua-hang/shop-nha-bon?source_screen=product_detail&source_engine=organic,SHOP NHÀ BON,2020,54,4.6,6300,911,7129988,1054.0,21.0,5.0,7.0,96.0,925.0
447,453,,5,https://tiki.vn/cua-hang/haphuongshop?source_screen=product_detail&source_engine=organic,Haphuongshop,2021,430,4.2,189,84,2615000,112.0,8.0,3.0,2.0,18.0,81.0
448,454,,6,https://tiki.vn/cua-hang/hibi-sports-official?source_screen=product_detail&source_engine=organic,Hibi Sports Official,2020,148,4.8,1300,4400,5835640,681.0,10.0,5.0,18.0,98.0,550.0
449,455,,7,https://tiki.vn/cua-hang/aldo-official-store?source_screen=product_detail&source_engine=organic,Aldo Official Store,2019,148,4.5,3200,12900,25894000,13.0,0.0,0.0,0.0,1.0,12.0
450,456,,2,https://tiki.vn/cua-hang/cong-nghe-mensa?source_screen=product_detail&source_engine=organic,Công Nghệ Mensa,2024,18,0.0,0,0,646020,,,,,,
451,457,,8,https://tiki.vn/cua-hang/balo-deal?source_screen=product_detail&source_engine=organic,BALO TROY,2018,68,4.6,591,50,592000,360.0,5.0,5.0,25.0,59.0,266.0
452,458,,5,https://tiki.vn/cua-hang/dannyjewelry?source_screen=product_detail&source_engine=organic,DANNYJEWELRY,2021,462,5.0,1,52,13412500,1.0,0.0,0.0,0.0,0.0,1.0
453,459,,4,https://tiki.vn/cua-hang/saike-saike?source_screen=product_detail&source_engine=organic,SAIKE SAIKE,2022,66,4.6,33,21,3180000,19.0,2.0,0.0,0.0,1.0,16.0
454,460,,4,https://tiki.vn/cua-hang/logitech-g-official-store?source_screen=product_detail&source_engine=organic,Logitech G Official Store,2022,130,4.8,746,2300,74350250,675.0,14.0,9.0,7.0,46.0,599.0
455,461,,7,https://tiki.vn/cua-hang/noi-that-hita?source_screen=product_detail&source_engine=organic,Nội Thất Hita,2019,2,4.6,4,13,0,,,,,,
456,462,,4,https://tiki.vn/cua-hang/loc-o-to?source_screen=product_detail&source_engine=organic,LỌC Ô TÔ,2022,704,4.6,42,0,900000,40.0,2.0,0.0,1.0,1.0,36.0
457,463,,7,https://tiki.vn/cua-hang/vson-store?source_screen=product_detail&source_engine=organic,VSON Store,2019,24,4.7,554,144,0,82.0,1.0,1.0,4.0,12.0,64.0
458,464,,7,https://tiki.vn/cua-hang/tin-hoc-thanh-nhan?source_screen=product_detail&source_engine=organic,TIN HỌC THÀNH NHÂN,2019,142,4.3,3000,275,1858490,266.0,12.0,7.0,8.0,31.0,208.0
459,465,,7,https://tiki.vn/cua-hang/kinh-xinh-shop?source_screen=product_detail&source_engine=organic,Kính Xinh Shop,2019,611,4.5,693,128,2862000,215.0,6.0,1.0,10.0,42.0,156.0
460,466,,5,https://tiki.vn/cua-hang/lilahome?source_screen=product_detail&source_engine=organic,Lilahome,2021,25,4.6,483,213,3985000,210.0,6.0,3.0,4.0,30.0,167.0
461,467,,7,https://tiki.vn/cua-hang/forseti-viet-nam?source_screen=product_detail&source_engine=organic,FORSETI VIỆT NAM,2019,278,4.7,704,300,19379000,669.0,12.0,7.0,8.0,115.0,527.0
462,468,,5,https://tiki.vn/cua-hang/store-dcsg?source_screen=product_detail&source_engine=organic,Store DCSG,2021,731,4.6,250,91,4302000,226.0,8.0,7.0,2.0,26.0,183.0
463,469,,4,https://tiki.vn/cua-hang/head-thanh-van?source_screen=product_detail&source_engine=organic,HEAD THANH VÂN,2022,19,4.9,10,72,0,9.0,0.0,0.0,0.0,1.0,8.0
464,470,,9,https://tiki.vn/cua-hang/uncle-bills?source_screen=product_detail&source_engine=organic,Uncle Bills,2017,617,4.1,1900,646,26717100,1050.0,97.0,41.0,72.0,184.0,656.0
465,471,,7,https://tiki.vn/cua-hang/kimdungpt?source_screen=product_detail&source_engine=organic,kimdungpt,2019,29,4.7,2700,283,9385985,2509.0,39.0,20.0,71.0,432.0,1947.0
466,472,,4,https://tiki.vn/cua-hang/the-gioi-balo-xbags?source_screen=product_detail&source_engine=organic,Thế Giới Balo Xbags,2022,36,4.8,18,9,239000,11.0,0.0,0.0,0.0,2.0,9.0
467,473,,8,https://tiki.vn/cua-hang/vina-eye?source_screen=product_detail&source_engine=organic,Kính Áp Tròng Eye Secret,2018,27,4.7,896,200,975000,602.0,11.0,5.0,21.0,77.0,488.0
468,474,,7,https://tiki.vn/cua-hang/nha-sach-fahasa?source_screen=product_detail&source_engine=organic,Nhà sách Fahasa,2019,2000,4.8,415000,146800,738562600,43657.0,356.0,170.0,494.0,3266.0,39371.0
469,475,,6,https://tiki.vn/cua-hang/moonuji?source_screen=product_detail&source_engine=organic,Moonuji,2020,96,4.5,15000,4900,19567190,2975.0,80.0,36.0,80.0,501.0,2278.0
470,476,,8,https://tiki.vn/cua-hang/sib-decor?source_screen=product_detail&source_engine=organic,SIB Decor,2018,350,4.7,3100,5000,15598000,2474.0,9.0,23.0,41.0,337.0,2064.0
471,477,,8,https://tiki.vn/cua-hang/vinsec?source_screen=product_detail&source_engine=organic,VINSEC,2018,188,4.7,1600,117,46538880,599.0,18.0,2.0,16.0,66.0,497.0
472,478,,5,https://tiki.vn/cua-hang/monrovia-official?source_screen=product_detail&source_engine=organic,Monrovia Official,2021,29,4.7,660,305,1550000,77.0,0.0,2.0,1.0,13.0,61.0
473,479,,6,https://tiki.vn/cua-hang/pi-stores?source_screen=product_detail&source_engine=organic,Pi Stores,2020,549,4.1,848,217,26038000,704.0,64.0,20.0,43.0,163.0,414.0
474,480,,4,https://tiki.vn/cua-hang/lazychef-official?source_screen=product_detail&source_engine=organic,LAZYCHEF OFFICIAL,2022,13,4.6,100,0,595000,91.0,5.0,0.0,2.0,13.0,71.0
475,481,,6,https://tiki.vn/cua-hang/shop-may-theu-tay-kim-phuong?source_screen=product_detail&source_engine=organic,Shop may thêu tay Kim Phượng,2020,20,5.0,2,0,4197000,2.0,0.0,0.0,0.0,0.0,2.0
476,482,,7,https://tiki.vn/cua-hang/gianni-conti?source_screen=product_detail&source_engine=organic,Gianni Conti,2019,74,4.8,52,263,0,17.0,0.0,0.0,1.0,2.0,14.0
477,483,,7,https://tiki.vn/cua-hang/vi-tinh-nam-trung-hai?source_screen=product_detail&source_engine=organic,VI TÍNH NAM TRUNG HẢI,2019,383,4.2,20000,2100,8127462,1287.0,71.0,21.0,41.0,183.0,971.0
478,484,,6,https://tiki.vn/cua-hang/u-ultty?source_screen=product_detail&source_engine=organic,U ULTTY OFFICIAL STORE,2020,23,4.6,201,0,8650000,165.0,6.0,1.0,5.0,18.0,135.0
479,485,,7,https://tiki.vn/cua-hang/tlp-food?source_screen=product_detail&source_engine=organic,TLP Food,2019,103,4.4,13000,2600,1103000,8586.0,362.0,265.0,648.0,1730.0,5581.0
480,486,,8,https://tiki.vn/cua-hang/cua-hang-ngoclan?source_screen=product_detail&source_engine=organic,Cửa Hàng NgọcLan,2018,180,4.4,6300,515,14739840,2719.0,164.0,54.0,135.0,462.0,1904.0
481,487,,6,https://tiki.vn/cua-hang/bach-hoa-online-24h?source_screen=product_detail&source_engine=organic,Bách Hóa Online 24h,2020,201,4.7,2200,681,18204140,671.0,22.0,10.0,7.0,110.0,522.0
482,488,,7,https://tiki.vn/cua-hang/gia-dung-hung-xuan?source_screen=product_detail&source_engine=organic,Gia Dụng Hùng Xuân,2019,232,4.6,1100,574,13756000,796.0,24.0,6.0,9.0,144.0,613.0
483,489,,8,https://tiki.vn/cua-hang/vong-xep-tin-thanh-phat?source_screen=product_detail&source_engine=organic,VÕNG XẾP TÍN THÀNH PHÁT,2018,35,4.8,235,48,4680000,232.0,1.0,2.0,9.0,28.0,192.0
484,490,,4,https://tiki.vn/cua-hang/mat-kinh-tan-an?source_screen=product_detail&source_engine=organic,Mắt Kính Tân An,2022,201,4.8,37,7,980000,21.0,0.0,1.0,0.0,1.0,19.0
485,491,,7,https://tiki.vn/cua-hang/cobi?source_screen=product_detail&source_engine=organic,COBI HOME,2019,623,4.6,351,174,8953000,79.0,5.0,1.0,1.0,9.0,63.0
486,492,,5,https://tiki.vn/cua-hang/xop-dan-tuong-3d-binh-tan?source_screen=product_detail&source_engine=organic,XỐP DÁN TƯỜNG 3D BÌNH TÂN,2021,30,4.4,731,0,2836000,,,,,,
487,493,,7,https://tiki.vn/cua-hang/famodel?source_screen=product_detail&source_engine=organic,FA Shop,2019,59,4.8,17,12,1790000,3.0,0.0,0.0,0.0,0.0,3.0
488,494,,8,https://tiki.vn/cua-hang/pkcb?source_screen=product_detail&source_engine=organic,PKCB,2018,43,4.4,10000,1300,103538990,5658.0,332.0,110.0,195.0,808.0,4213.0
489,495,,7,https://tiki.vn/cua-hang/muasam247?source_screen=product_detail&source_engine=organic,Muasam247,2019,456,4.2,9000,528,52033300,1686.0,44.0,33.0,88.0,373.0,1148.0
490,496,,5,https://tiki.vn/cua-hang/jp-market-24h?source_screen=product_detail&source_engine=organic,JP Market 24h,2021,632,4.7,527,239,5802300,257.0,11.0,3.0,6.0,38.0,199.0
491,497,,5,https://tiki.vn/cua-hang/phu-kien-hoan-linh?source_screen=product_detail&source_engine=organic,Phụ Kiện Hoàn Linh,2021,74,4.8,2200,1800,13161965,380.0,15.0,3.0,1.0,27.0,334.0
492,498,,9,https://tiki.vn/cua-hang/fujihome-official-store?source_screen=product_detail&source_engine=organic,FUJIHOME OFFICIAL STORE,2017,169,4.5,1400,1800,43022550,840.0,49.0,19.0,31.0,141.0,600.0
493,499,,5,https://tiki.vn/cua-hang/jk-strading?source_screen=product_detail&source_engine=organic,Bờm Boutique,2021,33,4.4,1900,102,4963000,139.0,8.0,5.0,4.0,39.0,83.0
494,500,,7,https://tiki.vn/cua-hang/sorado?source_screen=product_detail&source_engine=organic,SORADO,2019,3,3.8,995,52,135000,77.0,30.0,7.0,1.0,7.0,32.0
495,502,,5,https://tiki.vn/cua-hang/scitech-water-official-store?source_screen=product_detail&source_engine=organic,Scitech Water Official Store,2021,164,4.8,355,189,7515000,342.0,1.0,1.0,2.0,59.0,279.0
496,503,,5,https://tiki.vn/cua-hang/mercusys-official-store?source_screen=product_detail&source_engine=organic,Mercusys Official Store,2021,21,4.7,408,438,1158030,357.0,6.0,7.0,7.0,46.0,291.0
497,504,,6,https://tiki.vn/cua-hang/songhan-leather?source_screen=product_detail&source_engine=organic,Songhan Leather Official,2020,3,4.6,86,45,0,,,,,,
498,505,,6,https://tiki.vn/cua-hang/hoa-ky?source_screen=product_detail&source_engine=organic,Hoà Ký,2020,125,4.7,252,0,20770000,238.0,5.0,2.0,4.0,34.0,193.0
499,1077,,8,https://tiki.vn/cua-hang/vcam-leather?source_screen=product_detail&source_engine=organic,Vcam Leather,2018,2,0.0,0,0,0,,,,,,
500,507,,8,https://tiki.vn/cua-hang/sunny-vali-official?source_screen=product_detail&source_engine=organic,SUNNY VALI OFFICIAL,2018,17,4.5,235,0,0,16.0,0.0,0.0,0.0,1.0,15.0
501,508,,7,https://tiki.vn/cua-hang/damas-official-store-?source_screen=product_detail&source_engine=organic,DAMAS Official Store,2019,37,4.5,5100,2100,17626000,545.0,8.0,6.0,13.0,86.0,432.0
502,509,,9,https://tiki.vn/cua-hang/socbrothers?source_screen=product_detail&source_engine=organic,Soc&Brothers,2017,193,4.8,601,513,3579432,329.0,6.0,1.0,0.0,34.0,288.0
503,510,,5,https://tiki.vn/cua-hang/saraya-official-store?source_screen=product_detail&source_engine=organic,Saraya Greentek,2021,21,4.8,452,372,5477000,93.0,1.0,0.0,3.0,14.0,75.0
504,511,,7,https://tiki.vn/cua-hang/bohmann-viet-nam?source_screen=product_detail&source_engine=organic,BOHMANN VIỆT NAM,2019,5,4.6,1600,415,8589000,708.0,22.0,11.0,17.0,135.0,523.0
505,512,,9,https://tiki.vn/cua-hang/luu-tru-sai-gon?source_screen=product_detail&source_engine=organic,Lưu Trữ Sài Gòn,2017,61,4.7,14000,1200,86971760,3123.0,34.0,6.0,27.0,339.0,2717.0
506,513,,4,https://tiki.vn/cua-hang/pixlink-office-store?source_screen=product_detail&source_engine=organic,Pixlink Office Store,2022,36,4.5,1700,288,10873120,1279.0,51.0,15.0,33.0,156.0,1024.0
507,514,,4,https://tiki.vn/cua-hang/camera-phuong-dong-store?source_screen=product_detail&source_engine=organic,CAMERA PHƯƠNG ĐÔNG Store,2022,343,4.6,1200,914,148419590,932.0,27.0,11.0,19.0,172.0,703.0
508,515,,5,https://tiki.vn/cua-hang/sunado-store?source_screen=product_detail&source_engine=organic,SUNADO STORE,2021,214,4.8,92,27,695550,37.0,0.0,0.0,0.0,6.0,31.0
509,517,,5,https://tiki.vn/cua-hang/rayban-official-store?source_screen=product_detail&source_engine=organic,Rayban Official Store,2021,149,4.6,118,4400,57676000,55.0,2.0,0.0,2.0,9.0,42.0
510,518,,9,https://tiki.vn/cua-hang/fornix-shop?source_screen=product_detail&source_engine=organic,Xe Đạp Fornix,2017,33,4.2,257,478,11528000,26.0,1.0,0.0,1.0,4.0,20.0
511,519,,4,https://tiki.vn/cua-hang/thaison-group?source_screen=product_detail&source_engine=organic,ThaiSon Group,2022,9,4.8,72,0,2440000,65.0,0.0,0.0,2.0,9.0,54.0
512,520,,8,https://tiki.vn/cua-hang/sieu-thi-thien-nhien?source_screen=product_detail&source_engine=organic,Siêu Thị Thiên Nhiên,2018,66,4.6,3100,1600,2621800,405.0,4.0,5.0,8.0,60.0,328.0
513,521,,7,https://tiki.vn/cua-hang/nuoc-mam-khai-hoan-phu-quoc?source_screen=product_detail&source_engine=organic,Nước mắm Khải Hoàn Official Store,2019,2,4.8,722,183,1396000,67.0,1.0,0.0,1.0,7.0,58.0
514,522,,7,https://tiki.vn/cua-hang/mua-sam-dien-may?source_screen=product_detail&source_engine=organic,Mua sắm điện máy,2019,69,4.6,654,0,19578000,435.0,12.0,6.0,9.0,65.0,343.0
515,523,,9,https://tiki.vn/cua-hang/nbc-solutions?source_screen=product_detail&source_engine=organic,NBC SOLUTIONS,2017,38,4.7,860,286,1114000,134.0,5.0,4.0,6.0,22.0,97.0
516,524,,5,https://tiki.vn/cua-hang/tong-kho-o-cung?source_screen=product_detail&source_engine=organic,KingSpec Official Store,2021,20,4.7,185,86,0,180.0,5.0,1.0,2.0,21.0,151.0
517,525,,5,https://tiki.vn/cua-hang/viewshop36?source_screen=product_detail&source_engine=organic,VIEWSHOP36,2021,50,4.4,1600,114,521000,736.0,33.0,17.0,22.0,113.0,551.0
518,526,,8,https://tiki.vn/cua-hang/do-cong-nghe-so?source_screen=product_detail&source_engine=organic,Đồ Công Nghệ Số,2018,65,4.5,1200,595,19291100,165.0,6.0,3.0,2.0,39.0,115.0
519,527,,6,https://tiki.vn/cua-hang/coffee-tree-official-store?source_screen=product_detail&source_engine=organic,Coffee Tree Official Store,2020,16,4.7,2600,0,30843000,2520.0,35.0,25.0,57.0,373.0,2030.0
520,528,,6,https://tiki.vn/cua-hang/gucase?source_screen=product_detail&source_engine=organic,GuCase,2020,2000,4.1,7600,1200,63707450,2865.0,352.0,74.0,98.0,426.0,1915.0
521,529,,7,https://tiki.vn/cua-hang/barona?source_screen=product_detail&source_engine=organic,Barona Shop,2019,119,4.8,2000,1000,810905,1242.0,10.0,3.0,14.0,116.0,1099.0
522,530,,8,https://tiki.vn/cua-hang/chipchip-nguyen?source_screen=product_detail&source_engine=organic,Chipchip Nguyen,2018,176,4.6,1200,279,8438000,81.0,1.0,1.0,2.0,6.0,71.0
523,531,,5,https://tiki.vn/cua-hang/hh-furniture?source_screen=product_detail&source_engine=organic,HH Furniture,2021,5,4.4,57,0,0,17.0,1.0,0.0,1.0,3.0,12.0
524,532,,4,https://tiki.vn/cua-hang/diga-home?source_screen=product_detail&source_engine=organic,Diga Home,2022,54,4.7,157,30,1680150,151.0,3.0,0.0,3.0,26.0,119.0
525,533,,5,https://tiki.vn/cua-hang/dau-nhot-nhap-lawricants?source_screen=product_detail&source_engine=organic,Dầu nhớt nhập Lawricants,2021,133,4.5,819,0,595951000,750.0,40.0,10.0,21.0,123.0,556.0
526,534,,5,https://tiki.vn/cua-hang/ankhangshop?source_screen=product_detail&source_engine=organic,AnKhangShop,2021,76,4.4,410,63,5706000,213.0,6.0,7.0,7.0,40.0,153.0
527,535,,5,https://tiki.vn/cua-hang/tamayoko-official?source_screen=product_detail&source_engine=organic,Tamayoko Official,2021,18,4.8,2600,597,9470130,1029.0,15.0,5.0,17.0,121.0,871.0
528,536,,7,https://tiki.vn/cua-hang/home-star-store?source_screen=product_detail&source_engine=organic,Home Star Store,2019,390,4.3,1400,300,426249080,3515.0,87.0,46.0,138.0,626.0,2618.0
529,537,,6,https://tiki.vn/cua-hang/da-phong-thuy-th?source_screen=product_detail&source_engine=organic,Thủy Hòa Official Store,2020,1451,4.7,498,870,129336000,400.0,6.0,3.0,11.0,62.0,318.0
530,538,,5,https://tiki.vn/cua-hang/cua-hang-nem-thanh-cong?source_screen=product_detail&source_engine=organic,Cửa Hàng nệm Thành Công,2021,28,4.4,252,0,921000,82.0,3.0,1.0,2.0,15.0,61.0
531,539,,7,https://tiki.vn/cua-hang/corado?source_screen=product_detail&source_engine=organic,CORADO,2019,14,3.9,934,35,1020000,27.0,4.0,0.0,2.0,4.0,17.0
532,540,,6,https://tiki.vn/cua-hang/the-gioi-pin-sinh-thai?source_screen=product_detail&source_engine=organic,Thế Giới Pin Sinh Thái,2020,162,4.7,6700,917,53385460,5329.0,92.0,22.0,84.0,701.0,4430.0
533,541,,6,https://tiki.vn/cua-hang/tien-ich-1708?source_screen=product_detail&source_engine=organic,Tiện ích 1708,2020,247,4.4,10000,2200,373574000,2492.0,104.0,44.0,120.0,426.0,1798.0
534,543,,5,https://tiki.vn/cua-hang/nanoka-official-store?source_screen=product_detail&source_engine=organic,NANOKA Official Store,2021,29,4.4,49,0,380000,47.0,2.0,1.0,0.0,12.0,32.0
535,544,,9,https://tiki.vn/cua-hang/noi-that-o-to-quoc-te?source_screen=product_detail&source_engine=organic,SHOP NOI THAT OTO CIND,2017,822,4.4,689,832,5858710,477.0,21.0,10.0,16.0,106.0,324.0
536,545,,5,https://tiki.vn/cua-hang/sagobike?source_screen=product_detail&source_engine=organic,Sagobike,2021,178,4.9,59,29,0,53.0,0.0,0.0,1.0,6.0,46.0
537,546,,7,https://tiki.vn/cua-hang/tui-thom-message-coffee?source_screen=product_detail&source_engine=organic,Message Coffee Official,2019,9,4.8,2800,742,7795000,1997.0,21.0,7.0,25.0,236.0,1708.0
538,547,,4,https://tiki.vn/cua-hang/dizi-store-online?source_screen=product_detail&source_engine=organic,DIZI STORE ONLINE,2022,38,4.4,1400,0,14099860,439.0,16.0,9.0,10.0,73.0,331.0
539,548,,6,https://tiki.vn/cua-hang/tong-kho-dien-may-gia-dung?source_screen=product_detail&source_engine=organic,TỔNG KHO ĐIỆN MÁY - GIA DỤNG,2020,261,4.4,1200,164,7485680,230.0,7.0,7.0,9.0,42.0,165.0
540,549,,8,https://tiki.vn/cua-hang/mescom-viet-nam?source_screen=product_detail&source_engine=organic,MESCOM VIỆT NAM,2018,15,4.4,189,67,0,17.0,2.0,1.0,0.0,3.0,11.0
541,550,,5,https://tiki.vn/cua-hang/dashi-lab?source_screen=product_detail&source_engine=organic,Dashi Lab,2021,34,4.9,116,119,109000,76.0,0.0,1.0,0.0,4.0,71.0
542,551,,9,https://tiki.vn/cua-hang/thao-nguyen-shop?source_screen=product_detail&source_engine=organic,Thảo Nguyên Shop,2017,45,4.5,330,0,1612000,,,,,,
543,552,,5,https://tiki.vn/cua-hang/a-little-corner?source_screen=product_detail&source_engine=organic,A Little Corner,2021,115,4.2,131,22,2500,72.0,5.0,2.0,0.0,10.0,55.0
544,553,,7,https://tiki.vn/cua-hang/goce-viet-nam?source_screen=product_detail&source_engine=organic,Goce Việt Nam,2019,121,4.6,1400,1300,5783500,1375.0,32.0,23.0,55.0,263.0,1002.0
545,554,,7,https://tiki.vn/cua-hang/tlc-trading?source_screen=product_detail&source_engine=organic,TLC Trading,2019,121,4.4,1000,0,2821730,4.0,0.0,0.0,0.0,0.0,4.0
546,555,,7,https://tiki.vn/cua-hang/san-ho-xanh?source_screen=product_detail&source_engine=organic,San Hô Xanh,2019,22,4.7,665,133,0,169.0,2.0,0.0,6.0,28.0,133.0
547,556,,4,https://tiki.vn/cua-hang/otech-official?source_screen=product_detail&source_engine=organic,O'tech Official,2022,14,4.8,9,1,270000,9.0,0.0,0.0,0.0,2.0,7.0
548,557,,8,https://tiki.vn/cua-hang/binaishop?source_screen=product_detail&source_engine=organic,Binaishop,2018,602,4.3,2600,675,285139480,1351.0,88.0,23.0,53.0,223.0,964.0
549,558,,9,https://tiki.vn/cua-hang/onelife-matcha?source_screen=product_detail&source_engine=organic,OneLife Bột Thiên Nhiên Hoà Tan,2017,36,4.4,388,0,2170000,356.0,22.0,8.0,16.0,45.0,265.0
550,559,,9,https://tiki.vn/cua-hang/aaa-jeans?source_screen=product_detail&source_engine=organic,AAA Jeans,2017,46,4.6,2200,3000,2837500,859.0,20.0,4.0,31.0,128.0,676.0
551,560,,5,https://tiki.vn/cua-hang/zenkastore-chuyen-do-da?source_screen=product_detail&source_engine=organic,ZENKASTORE CHUYÊN ĐỒ DA,2021,57,4.9,10,12,2290000,3.0,0.0,0.0,0.0,1.0,2.0
552,561,,4,https://tiki.vn/cua-hang/cua-hang-thuc-pham-xanh?source_screen=product_detail&source_engine=organic,Cửa Hàng Thực Phẩm Xanh,2022,61,4.8,624,602,4325500,450.0,5.0,2.0,4.0,70.0,369.0
553,562,,8,https://tiki.vn/cua-hang/shop-dep-mai?source_screen=product_detail&source_engine=organic,shop đẹp mãi,2018,11,4.2,3000,451,80000,51.0,4.0,4.0,3.0,9.0,31.0
554,563,,4,https://tiki.vn/cua-hang/rapoo-official-store?source_screen=product_detail&source_engine=organic,RAPOO Official Store,2022,64,4.6,555,509,6211150,293.0,15.0,4.0,2.0,41.0,231.0
555,564,,9,https://tiki.vn/cua-hang/gembank?source_screen=product_detail&source_engine=organic,Gembank,2017,794,4.0,77,75,51361000,55.0,9.0,0.0,3.0,13.0,30.0
556,565,,4,https://tiki.vn/cua-hang/au-co-store?source_screen=product_detail&source_engine=organic,Âu Cơ Store,2022,66,4.5,129,0,11580000,1.0,0.0,0.0,0.0,0.0,1.0
557,566,,5,https://tiki.vn/cua-hang/soliup?source_screen=product_detail&source_engine=organic,Soliup,2021,455,4.6,471,135,7615000,6.0,2.0,0.0,0.0,0.0,4.0
558,567,,5,https://tiki.vn/cua-hang/ngu-coc-shop-min-min?source_screen=product_detail&source_engine=organic,Min Min Official Store,2021,22,4.8,297,151,250000,287.0,4.0,1.0,1.0,38.0,243.0
559,568,,7,https://tiki.vn/cua-hang/mifan-official-store?source_screen=product_detail&source_engine=organic,Mifan Official Store,2019,32,4.5,3100,0,4333000,778.0,43.0,22.0,28.0,145.0,540.0
560,569,,6,https://tiki.vn/cua-hang/shop-phu-kien-va-cham-soc-o-to?source_screen=product_detail&source_engine=organic,SHOP PHỤ KIỆN VÀ CHĂM SÓC Ô TÔ,2020,153,4.6,1100,256,1903100,1041.0,38.0,19.0,26.0,151.0,807.0
561,570,,7,https://tiki.vn/cua-hang/london-sales-beauty?source_screen=product_detail&source_engine=organic,LS Beauty,2019,84,4.7,183,555,0,74.0,2.0,2.0,2.0,9.0,59.0
562,571,,4,https://tiki.vn/cua-hang/yamaha-motor-viet-nam?source_screen=product_detail&source_engine=organic,YAMAHA MOTOR VIỆT NAM,2022,150,4.8,560,3900,6194724,375.0,3.0,2.0,1.0,28.0,341.0
563,572,,5,https://tiki.vn/cua-hang/enzyco?source_screen=product_detail&source_engine=organic,ENZYCO,2021,27,4.7,197,2100,1338000,189.0,5.0,0.0,1.0,28.0,155.0
564,573,,4,https://tiki.vn/cua-hang/vividmart?source_screen=product_detail&source_engine=organic,VividMart,2022,32,4.6,35,12,8000,23.0,1.0,1.0,0.0,4.0,17.0
565,574,,6,https://tiki.vn/cua-hang/gia-thinh-phat?source_screen=product_detail&source_engine=organic,Gia Thịnh Phát,2020,57,4.6,766,533,821000,225.0,6.0,0.0,13.0,34.0,172.0
566,575,,7,https://tiki.vn/cua-hang/shop-thai-nhat-han?source_screen=product_detail&source_engine=organic,Shop Thái Nhật Hàn,2019,732,4.4,3500,797,5443225,908.0,59.0,19.0,31.0,166.0,633.0
567,576,,6,https://tiki.vn/cua-hang/devo-shop?source_screen=product_detail&source_engine=organic,DEVO SHOP,2020,677,4.6,3800,391,21674760,1468.0,53.0,17.0,32.0,164.0,1202.0
568,577,,8,https://tiki.vn/cua-hang/shop2banh?source_screen=product_detail&source_engine=organic,Shop2banh,2018,211,4.8,36,27,3389000,29.0,2.0,0.0,0.0,0.0,27.0
569,578,,5,https://tiki.vn/cua-hang/dien-may-htg?source_screen=product_detail&source_engine=organic,ĐIỆN MÁY HTG,2021,114,4.7,2300,2500,36436750,752.0,25.0,8.0,22.0,100.0,597.0
570,579,,6,https://tiki.vn/cua-hang/besti?source_screen=product_detail&source_engine=organic,Besti,2020,11,4.6,1000,97,2490000,182.0,5.0,1.0,3.0,28.0,145.0
571,580,,6,https://tiki.vn/cua-hang/khai-minh-store?source_screen=product_detail&source_engine=organic,Khải Minh Store,2020,749,4.5,1500,362,4781670,903.0,35.0,18.0,37.0,143.0,670.0
572,581,,5,https://tiki.vn/cua-hang/siamfood-mi-thai-mama?source_screen=product_detail&source_engine=organic,Siamfood Mì Thái Mama,2021,16,0.0,0,0,0,38.0,1.0,2.0,0.0,0.0,35.0
573,582,,8,https://tiki.vn/cua-hang/a-official-store?source_screen=product_detail&source_engine=organic,A Official Store,2018,102,4.5,6900,1800,39387000,531.0,25.0,12.0,28.0,103.0,363.0
574,583,,6,https://tiki.vn/cua-hang/beb-hang-gia-dung?source_screen=product_detail&source_engine=organic,COBACOOK,2020,96,4.7,589,569,845000,54.0,1.0,2.0,0.0,6.0,45.0
575,584,,5,https://tiki.vn/cua-hang/dao-thu-cong-my-nghe?source_screen=product_detail&source_engine=organic,Đào thủ công mỹ nghệ,2021,1,4.5,11,0,0,,,,,,
576,585,,7,https://tiki.vn/cua-hang/hapaku-officialstore?source_screen=product_detail&source_engine=organic,Hapaku Officialstore,2019,40,4.6,2100,0,20647000,1946.0,44.0,36.0,54.0,255.0,1557.0
577,586,,6,https://tiki.vn/cua-hang/the-beauty?source_screen=product_detail&source_engine=organic,The Beauty,2020,44,4.6,310,137,3164000,110.0,3.0,1.0,3.0,24.0,79.0
578,587,,4,https://tiki.vn/cua-hang/unilever-pureit-official-store?source_screen=product_detail&source_engine=organic,Unilever Pureit Official Store,2022,39,4.8,732,1900,25736500,516.0,11.0,7.0,5.0,50.0,443.0
579,588,,4,https://tiki.vn/cua-hang/ha-noi-digital-shop?source_screen=product_detail&source_engine=organic,HÀ NỘI DIGITAL SHOP,2022,59,4.4,528,128,24081580,347.0,23.0,10.0,5.0,84.0,225.0
580,589,,8,https://tiki.vn/cua-hang/sunpolo?source_screen=product_detail&source_engine=organic,SUNPOLO,2018,170,4.6,449,3000,5334000,416.0,3.0,1.0,22.0,77.0,313.0
581,590,,5,https://tiki.vn/cua-hang/jeepshop?source_screen=product_detail&source_engine=organic,Jeepshop,2021,356,4.6,17,14,3645000,1.0,0.0,0.0,0.0,1.0,0.0
582,591,,8,https://tiki.vn/cua-hang/vietnamrobovac?source_screen=product_detail&source_engine=organic,VIETNAMROBOVAC Official Store,2018,60,4.6,301,523,3989000,128.0,6.0,1.0,3.0,13.0,105.0
583,592,,7,https://tiki.vn/cua-hang/cong-nghe-va-truyen-thong-zlink?source_screen=product_detail&source_engine=organic,Công Nghệ và Truyền Thông Zlink,2019,1,5.0,1,1,0,,,,,,
584,593,,8,https://tiki.vn/cua-hang/carvn?source_screen=product_detail&source_engine=organic,CarVn,2018,1,4.8,160,24,0,8.0,0.0,0.0,0.0,0.0,8.0
585,594,,8,https://tiki.vn/cua-hang/airseven?source_screen=product_detail&source_engine=organic,Airseven,2018,12,4.7,1000,275,693000,485.0,6.0,3.0,9.0,68.0,399.0
586,595,,6,https://tiki.vn/cua-hang/az-house?source_screen=product_detail&source_engine=organic,AZ HOUSE,2020,480,4.7,1600,263,31574360,796.0,32.0,10.0,21.0,83.0,650.0
587,596,,6,https://tiki.vn/cua-hang/vinbuy?source_screen=product_detail&source_engine=organic,VinBuy,2020,74,4.6,21000,9000,46840000,8929.0,252.0,98.0,238.0,1267.0,7074.0
588,597,,4,https://tiki.vn/cua-hang/yona-petshop?source_screen=product_detail&source_engine=organic,Yona Petshop,2022,213,4.7,822,174,10165696,359.0,7.0,0.0,6.0,44.0,302.0
589,598,,4,https://tiki.vn/cua-hang/ares-shop-9?source_screen=product_detail&source_engine=organic,Ares shop 9,2022,35,4.9,286,17,4231800,209.0,2.0,1.0,0.0,10.0,196.0
590,599,,7,https://tiki.vn/cua-hang/vnhobby?source_screen=product_detail&source_engine=organic,Hobby Home Decor,2019,230,4.7,6600,3900,17916250,2390.0,25.0,20.0,59.0,404.0,1882.0
591,600,,7,https://tiki.vn/cua-hang/duoc-lieu-tue-tam?source_screen=product_detail&source_engine=organic,Dược Liệu Tuệ Tâm,2019,292,4.6,5700,859,73656800,5578.0,180.0,82.0,246.0,1061.0,4009.0
592,601,,6,https://tiki.vn/cua-hang/lebenlang?source_screen=product_detail&source_engine=organic,LEbenlang,2020,125,4.7,3000,13000,34292000,1413.0,24.0,11.0,34.0,192.0,1152.0
593,602,,7,https://tiki.vn/cua-hang/phu-kien-ss-authentic?source_screen=product_detail&source_engine=organic,Phụ kiện SS Authentic,2019,62,4.8,1200,612,5886130,253.0,3.0,1.0,6.0,27.0,216.0
594,603,,8,https://tiki.vn/cua-hang/hoang-nam?source_screen=product_detail&source_engine=organic,HOANG NAM,2018,59,4.5,1200,102,94000,302.0,8.0,8.0,17.0,50.0,219.0
595,604,,6,https://tiki.vn/cua-hang/casemestore?source_screen=product_detail&source_engine=organic,CasemeStore,2020,477,4.3,3000,271,4363565,500.0,31.0,7.0,25.0,75.0,362.0
596,605,,7,https://tiki.vn/cua-hang/sohogo?source_screen=product_detail&source_engine=organic,SOTAGO,2019,273,4.4,5000,1600,10230750,2073.0,68.0,32.0,82.0,371.0,1520.0
597,606,,5,https://tiki.vn/cua-hang/shophukienam?source_screen=product_detail&source_engine=organic,Shophukienam,2021,706,4.4,133,0,27067050,38.0,2.0,2.0,5.0,6.0,23.0
598,607,,6,https://tiki.vn/cua-hang/thiet-bi-y-te-gia-dinh-hme?source_screen=product_detail&source_engine=organic,Thiết bị y tế Gia Đình HME,2020,756,4.7,6200,0,189980000,3694.0,106.0,31.0,55.0,422.0,3080.0
599,608,,5,https://tiki.vn/cua-hang/tap-chi-forbes?source_screen=product_detail&source_engine=organic,Tạp chí Forbes,2021,14,4.8,286,332,475000,30.0,1.0,0.0,0.0,2.0,27.0
600,609,,6,https://tiki.vn/cua-hang/kemnghiaminhtam?source_screen=product_detail&source_engine=organic,Kemnghiaminhtam,2020,18,4.0,591,0,100000,30.0,5.0,1.0,2.0,6.0,16.0
601,610,,7,https://tiki.vn/cua-hang/yapishi-leather?source_screen=product_detail&source_engine=organic,Yapishi Leather,2019,434,4.6,397,145,5707994,45.0,0.0,0.0,0.0,9.0,36.0
602,611,,7,https://tiki.vn/cua-hang/midoctor?source_screen=product_detail&source_engine=organic,miDoctor,2019,292,4.5,24000,3400,37982870,18571.0,436.0,300.0,742.0,3477.0,13616.0
603,612,,8,https://tiki.vn/cua-hang/shoppious?source_screen=product_detail&source_engine=organic,Shoppious,2018,68,4.4,911,147,139000,99.0,7.0,5.0,3.0,6.0,78.0
604,613,,6,https://tiki.vn/cua-hang/vimila-mart-?source_screen=product_detail&source_engine=organic,Vimila Mart,2020,74,4.6,7100,3500,4319900,3173.0,53.0,22.0,102.0,493.0,2503.0
605,614,,6,https://tiki.vn/cua-hang/prolink-official-store?source_screen=product_detail&source_engine=organic,Prolink Official Store,2020,43,4.6,1500,609,14070420,933.0,32.0,11.0,19.0,143.0,728.0
606,615,,8,https://tiki.vn/cua-hang/mao-bao-official-store?source_screen=product_detail&source_engine=organic,Mao Bao Official Store,2018,31,4.7,1800,685,5194100,803.0,21.0,10.0,23.0,110.0,639.0
607,616,,8,https://tiki.vn/cua-hang/dienmaycuongviet?source_screen=product_detail&source_engine=organic,dienmaycuongviet,2018,222,4.6,2400,611,45940000,1033.0,27.0,10.0,20.0,155.0,821.0
608,617,,4,https://tiki.vn/cua-hang/hanfarm?source_screen=product_detail&source_engine=organic,Hanfarm,2022,18,4.7,66,83,185600,55.0,1.0,1.0,0.0,8.0,45.0
609,618,,4,https://tiki.vn/cua-hang/den-trang-tri-ha-hiep?source_screen=product_detail&source_engine=organic,ĐÈN TRANG TRÍ HÀ HIỆP,2022,1443,4.0,89,29,47645000,35.0,14.0,0.0,0.0,6.0,15.0
610,619,,9,https://tiki.vn/cua-hang/868?source_screen=product_detail&source_engine=organic,868,2017,1967,4.3,777,184,4779000,309.0,15.0,13.0,23.0,54.0,204.0
611,620,,7,https://tiki.vn/cua-hang/goking?source_screen=product_detail&source_engine=organic,GOKING,2019,656,4.7,9600,3000,14579020,4908.0,77.0,52.0,142.0,680.0,3957.0
612,621,,8,https://tiki.vn/cua-hang/dien-gia-dung-meka?source_screen=product_detail&source_engine=organic,Điện gia dụng MeKa,2018,51,4.6,654,0,985000,206.0,6.0,4.0,12.0,46.0,138.0
613,622,,8,https://tiki.vn/cua-hang/cong-nghe-tam-nhin?source_screen=product_detail&source_engine=organic,CÔNG NGHỆ TẦM NHÌN,2018,176,4.6,2900,1500,0,,,,,,
614,623,,5,https://tiki.vn/cua-hang/de-blur-auto?source_screen=product_detail&source_engine=organic,De Blur Auto,2021,194,4.5,577,55,4815600,506.0,21.0,8.0,8.0,108.0,361.0
615,624,,6,https://tiki.vn/cua-hang/giavivipep-store?source_screen=product_detail&source_engine=organic,Gia Vị Vipep HCM,2020,107,4.7,968,305,1318000,504.0,7.0,1.0,6.0,83.0,407.0
616,625,,6,https://tiki.vn/cua-hang/congnghevn247?source_screen=product_detail&source_engine=organic,congnghevn247,2020,597,4.5,758,167,25110020,185.0,15.0,3.0,5.0,35.0,127.0
617,626,,3,https://tiki.vn/cua-hang/lerosv-noi-that-may-tre-coi?source_screen=product_detail&source_engine=organic,Lerosv Nội Thất Mây Tre Cói,2023,20,0.0,0,0,2612000,,,,,,
618,627,,6,https://tiki.vn/cua-hang/myta-shop?source_screen=product_detail&source_engine=organic,MyTa Shop,2020,29,4.7,1300,402,1100000,184.0,3.0,1.0,3.0,26.0,151.0
619,628,,5,https://tiki.vn/cua-hang/phu-kien-vet-va-thu-cung?source_screen=product_detail&source_engine=organic,PHỤ KIỆN VẸT VÀ THÚ CƯNG,2021,92,4.7,243,0,2202904,17.0,0.0,1.0,0.0,3.0,13.0
620,629,,6,https://tiki.vn/cua-hang/shop-may-doc-sach-ha-noi?source_screen=product_detail&source_engine=organic,Shop Máy Đọc Sách Hà Nội,2020,28,4.8,889,518,17427000,235.0,0.0,0.0,1.0,14.0,220.0
621,630,,7,https://tiki.vn/cua-hang/the-gioi-dien-may-shop?source_screen=product_detail&source_engine=organic,The Gioi Dien May Shop,2019,124,4.6,12000,1300,25657630,4701.0,94.0,37.0,148.0,824.0,3598.0
622,631,,5,https://tiki.vn/cua-hang/fuwa3e-official?source_screen=product_detail&source_engine=organic,Fuwa3e Official,2021,32,4.6,195,426,1535700,164.0,8.0,0.0,4.0,19.0,133.0
623,632,,7,https://tiki.vn/cua-hang/mia-store?source_screen=product_detail&source_engine=organic,MIA vn Official Store,2019,18,4.7,134,661,221000,102.0,2.0,1.0,2.0,4.0,93.0
624,633,,5,https://tiki.vn/cua-hang/dong-ho-hoang-tam?source_screen=product_detail&source_engine=organic,ĐỒNG HỒ HOÀNG TÂM,2021,171,3.7,36,30,11230000,37.0,9.0,2.0,0.0,5.0,21.0
625,634,,7,https://tiki.vn/cua-hang/dong-quan-estore?source_screen=product_detail&source_engine=organic,ĐÔNG QUÂN ESTORE,2019,60,4.5,132,11,0,17.0,3.0,0.0,1.0,1.0,12.0
626,635,,7,https://tiki.vn/cua-hang/aquaria?source_screen=product_detail&source_engine=organic,Aquaria,2019,136,4.6,11000,3500,41448000,712.0,26.0,11.0,26.0,111.0,538.0
627,636,,5,https://tiki.vn/cua-hang/rockspace-official-store?source_screen=product_detail&source_engine=organic,ROCKSPACE OFFICIAL STORE,2021,62,4.7,534,552,21696315,390.0,4.0,7.0,9.0,50.0,320.0
628,637,,5,https://tiki.vn/cua-hang/bim-mart?source_screen=product_detail&source_engine=organic,Bim Mart,2021,644,4.6,907,358,10034000,216.0,6.0,1.0,5.0,35.0,169.0
629,1045,,4,https://tiki.vn/cua-hang/honda-toan-trung?source_screen=product_detail&source_engine=organic,Hệ Thống Ôtô Xe Máy Toàn Trung,2022,135,0.0,0,0,0,,,,,,
630,639,,7,https://tiki.vn/cua-hang/safarisg?source_screen=product_detail&source_engine=organic,SAFARISG,2019,275,4.3,322,86,1349960,54.0,4.0,0.0,1.0,10.0,39.0
631,640,,4,https://tiki.vn/cua-hang/taka-phu-kien-so?source_screen=product_detail&source_engine=organic,TAKA Phụ Kiện Số,2022,48,4.7,2900,958,76433010,2180.0,55.0,14.0,31.0,239.0,1841.0
632,641,,8,https://tiki.vn/cua-hang/vhfoods?source_screen=product_detail&source_engine=organic,Gạo Vinh Hiển,2018,23,4.6,2000,951,54954000,1759.0,58.0,35.0,54.0,206.0,1406.0
633,642,,5,https://tiki.vn/cua-hang/bitis-official-store?source_screen=product_detail&source_engine=organic,Biti’s Official Store,2021,179,4.8,13000,0,16054000,635.0,8.0,2.0,8.0,62.0,555.0
634,643,,7,https://tiki.vn/cua-hang/nuoc-mam-phu-quoc-hong-hanh?source_screen=product_detail&source_engine=organic,NƯỚC MẮM PHÚ QUỐC HỒNG HẠNH,2019,19,4.8,358,0,806256,355.0,7.0,4.0,2.0,34.0,308.0
635,644,,7,https://tiki.vn/cua-hang/balo-no1?source_screen=product_detail&source_engine=organic,Balo Tien Backpack,2019,65,4.6,29,28,0,9.0,0.0,0.0,0.0,2.0,7.0
636,645,,2,https://tiki.vn/cua-hang/dat-ca-phe?source_screen=product_detail&source_engine=organic,Đất Cà Phê,2024,8,4.6,7,6,830700,8.0,0.0,1.0,0.0,0.0,7.0
637,646,,7,https://tiki.vn/cua-hang/ilota?source_screen=product_detail&source_engine=organic,ILOTA,2019,41,4.7,346,167,3196000,333.0,4.0,4.0,4.0,48.0,273.0
638,647,,5,https://tiki.vn/cua-hang/winshop36?source_screen=product_detail&source_engine=organic,WINSHOP36,2021,64,4.5,1300,93,1653000,834.0,52.0,18.0,37.0,98.0,629.0
639,648,,5,https://tiki.vn/cua-hang/thao-huynh-fashion?source_screen=product_detail&source_engine=organic,Thao Huynh Fashion,2021,227,4.7,27,0,137000,,,,,,
640,649,,8,https://tiki.vn/cua-hang/gufoods?source_screen=product_detail&source_engine=organic,GUfoods,2018,20,4.7,15000,8300,54004300,2653.0,17.0,6.0,63.0,311.0,2256.0
641,650,,6,https://tiki.vn/cua-hang/bach-hoa-xanh18?source_screen=product_detail&source_engine=organic,Bách hóa xanh18,2020,23,4.8,103,9,675000,64.0,0.0,0.0,0.0,7.0,57.0
642,651,,8,https://tiki.vn/cua-hang/nong-san-sach-mart?source_screen=product_detail&source_engine=organic,Nông Sản Sạch Mart,2018,14,4.6,297,140,0,83.0,2.0,0.0,4.0,19.0,58.0
643,652,,4,https://tiki.vn/cua-hang/shop-my-pham-nga?source_screen=product_detail&source_engine=organic,Shop Mỹ Phẩm Nga,2022,251,4.7,89,56,6882000,45.0,0.0,0.0,2.0,13.0,30.0
644,653,,5,https://tiki.vn/cua-hang/may-in-a0?source_screen=product_detail&source_engine=organic,Máy in A0,2021,90,4.8,97,0,2077000,21.0,0.0,0.0,0.0,1.0,20.0
645,654,,7,https://tiki.vn/cua-hang/vnb-store?source_screen=product_detail&source_engine=organic,VNB STORE,2019,119,4.7,2900,499,20041310,754.0,13.0,3.0,15.0,78.0,645.0
646,655,,8,https://tiki.vn/cua-hang/phu-kien-remy?source_screen=product_detail&source_engine=organic,Phụ Kiện Remy,2018,264,4.3,1000,258,11878210,430.0,39.0,8.0,20.0,70.0,293.0
647,656,,6,https://tiki.vn/cua-hang/cherry-sweet?source_screen=product_detail&source_engine=organic,Cherry Sweet,2020,17,4.0,2100,374,936000,4.0,0.0,1.0,0.0,1.0,2.0
648,657,,8,https://tiki.vn/cua-hang/sumika-official-store-?source_screen=product_detail&source_engine=organic,SUMIKA Official Store,2018,93,4.6,8400,3100,49155600,4910.0,101.0,58.0,202.0,920.0,3629.0
649,658,,8,https://tiki.vn/cua-hang/vietgemstones?source_screen=product_detail&source_engine=organic,VietGemstones,2018,263,4.6,185,172,0,81.0,0.0,0.0,6.0,7.0,68.0
650,659,,5,https://tiki.vn/cua-hang/kinghomesg?source_screen=product_detail&source_engine=organic,KingHomeSG,2021,76,4.6,159,0,10119000,103.0,4.0,4.0,1.0,12.0,82.0
651,660,,9,https://tiki.vn/cua-hang/duc-thanh-auto?source_screen=product_detail&source_engine=organic,Duc Thanh Auto,2017,200,4.5,2900,255,7101000,2031.0,74.0,32.0,97.0,340.0,1488.0
652,661,,5,https://tiki.vn/cua-hang/tam-nuoc-sai-gon?source_screen=product_detail&source_engine=organic,Tăm nước Sài Gòn,2021,56,4.7,1600,836,27039941,1358.0,24.0,9.0,25.0,189.0,1111.0
653,662,,5,https://tiki.vn/cua-hang/habeco-bia-ha-noi?source_screen=product_detail&source_engine=organic,HABECO BIA HÀ NỘI,2021,20,4.9,1600,2600,1217000,694.0,10.0,0.0,7.0,45.0,632.0
654,663,,4,https://tiki.vn/cua-hang/kalaa?source_screen=product_detail&source_engine=organic,kalaa,2022,32,4.7,628,390,2819200,394.0,10.0,9.0,5.0,44.0,326.0
655,664,,2,https://tiki.vn/cua-hang/2nhktech?source_screen=product_detail&source_engine=organic,2nhktech,2024,23,4.6,16,1,2771370,17.0,1.0,0.0,0.0,2.0,14.0
656,665,,6,https://tiki.vn/cua-hang/storageshop?source_screen=product_detail&source_engine=organic,StorageShop,2020,87,4.8,46,0,6452969,27.0,1.0,1.0,0.0,2.0,23.0
657,666,,5,https://tiki.vn/cua-hang/adz-store?source_screen=product_detail&source_engine=organic,ADZ Store,2021,320,4.4,145,10,5382098,90.0,10.0,1.0,3.0,15.0,61.0
658,667,,7,https://tiki.vn/cua-hang/bao-long-electric?source_screen=product_detail&source_engine=organic,BẢO LONG ELECTRIC,2019,137,4.6,427,0,15674400,360.0,11.0,7.0,14.0,55.0,273.0
659,668,,8,https://tiki.vn/cua-hang/cua-hang-kahchan?source_screen=product_detail&source_engine=organic,Cửa hàng Kahchan,2018,19,4.1,28,16,0,23.0,2.0,0.0,0.0,5.0,16.0
660,669,,5,https://tiki.vn/cua-hang/dien-may-xanh-official?source_screen=product_detail&source_engine=organic,Điện Máy Xanh Official,2021,415,4.8,4400,4500,4248000,,,,,,
661,670,,6,https://tiki.vn/cua-hang/eyewear-house?source_screen=product_detail&source_engine=organic,Eyewear House,2020,33,4.6,246,72,610000,199.0,6.0,2.0,3.0,37.0,151.0
662,671,,7,https://tiki.vn/cua-hang/seika?source_screen=product_detail&source_engine=organic,Phi Trường,2019,57,4.2,44,14,19648000,32.0,4.0,1.0,1.0,3.0,23.0
663,672,,8,https://tiki.vn/cua-hang/karcher-vietnam?source_screen=product_detail&source_engine=organic,KARCHER VIETNAM,2018,92,4.7,1100,2100,16151000,542.0,19.0,5.0,13.0,70.0,435.0
664,673,,3,https://tiki.vn/cua-hang/nong-san-huu-co-tue-tam?source_screen=product_detail&source_engine=organic,Nông Sản Hữu Cơ Tuệ Tâm,2023,193,4.5,142,16,10419000,122.0,4.0,5.0,4.0,15.0,94.0
665,674,,5,https://tiki.vn/cua-hang/vua-co-tranh-anh-dinh-dung?source_screen=product_detail&source_engine=organic,Vua cờ Tranh ảnh Đình Dũng,2021,2000,4.6,131,85,22242000,100.0,1.0,1.0,3.0,13.0,82.0
666,675,,7,https://tiki.vn/cua-hang/phu-sport?source_screen=product_detail&source_engine=organic,PHU SPORT,2019,158,4.5,549,464,36400000,284.0,11.0,1.0,4.0,45.0,223.0
667,676,,7,https://tiki.vn/cua-hang/viet-healthy-hcm?source_screen=product_detail&source_engine=organic,Viet Healthy HCM,2019,55,4.8,499,164,2865000,399.0,6.0,3.0,3.0,47.0,340.0
668,677,,6,https://tiki.vn/cua-hang/shop-moi-truong-lan-anh?source_screen=product_detail&source_engine=organic,Kitimop Official Store,2020,17,4.5,8200,3600,2160000,2143.0,117.0,54.0,100.0,434.0,1438.0
669,678,,5,https://tiki.vn/cua-hang/thiet-bi-nha-bep-kz?source_screen=product_detail&source_engine=organic,Thiết bị nhà bếp KZ,2021,30,3.8,25,0,160000,21.0,4.0,1.0,0.0,6.0,10.0
670,679,,5,https://tiki.vn/cua-hang/xe-may-hung-phat?source_screen=product_detail&source_engine=organic,XE MÁY HƯNG PHÁT,2021,1,0.0,0,13,0,,,,,,
671,680,,8,https://tiki.vn/cua-hang/vi-tinh-bao-an?source_screen=product_detail&source_engine=organic,Vi Tính Bảo An,2018,39,4.7,168,172,0,37.0,0.0,0.0,0.0,3.0,34.0
672,681,,4,https://tiki.vn/cua-hang/cong-nghe-dien-tu-88?source_screen=product_detail&source_engine=organic,Công Nghệ Điện Tử 88,2022,79,4.9,1200,58,6258610,863.0,13.0,1.0,5.0,20.0,824.0
673,682,,8,https://tiki.vn/cua-hang/nh-fashion?source_screen=product_detail&source_engine=organic,Haint Boutique Official,2018,747,3.8,3100,1800,6001000,849.0,80.0,32.0,92.0,169.0,476.0
674,683,,7,https://tiki.vn/cua-hang/omi-pharma?source_screen=product_detail&source_engine=organic,Omi Pharma,2019,352,4.7,431,411,8045000,188.0,5.0,2.0,3.0,21.0,157.0
675,684,,5,https://tiki.vn/cua-hang/nitorishop?source_screen=product_detail&source_engine=organic,NITORISHOP,2021,8,4.6,17,0,0,4.0,0.0,0.0,0.0,2.0,2.0
676,685,,8,https://tiki.vn/cua-hang/xuanhongmobile?source_screen=product_detail&source_engine=organic,xuanhongmobile,2018,19,4.5,204,232,5990000,5.0,0.0,0.0,0.0,0.0,5.0
677,686,,5,https://tiki.vn/cua-hang/a-bao-store-88?source_screen=product_detail&source_engine=organic,A Bảo Store 88,2021,28,4.3,208,26,0,,,,,,
678,687,,6,https://tiki.vn/cua-hang/mi-hoang-gia?source_screen=product_detail&source_engine=organic,Mi Hoàng Gia,2020,44,4.7,6900,4200,77995000,629.0,24.0,5.0,10.0,82.0,508.0
679,688,,2,https://tiki.vn/cua-hang/klt-helmet?source_screen=product_detail&source_engine=organic,KLT HELMET,2024,36,4.4,5,2,829300,,,,,,
680,689,,8,https://tiki.vn/cua-hang/lyly-shop?source_screen=product_detail&source_engine=organic,Lyly Shop,2018,282,4.3,993,83,10289000,56.0,6.0,1.0,0.0,15.0,34.0
681,690,,7,https://tiki.vn/cua-hang/shopthoitranganhnguyen?source_screen=product_detail&source_engine=organic,shopthoitranganhnguyen,2019,120,4.4,1800,253,10906000,348.0,10.0,4.0,24.0,65.0,245.0
682,691,,4,https://tiki.vn/cua-hang/ong-bau-ca-phe?source_screen=product_detail&source_engine=organic,Ông Bầu Cà Phê,2022,32,4.8,98,71,1198000,,,,,,
683,692,,7,https://tiki.vn/cua-hang/namquynhshop?source_screen=product_detail&source_engine=organic,Namquynhshop,2019,26,4.5,2500,119,315000,45.0,0.0,0.0,0.0,6.0,39.0
684,693,,5,https://tiki.vn/cua-hang/retro21?source_screen=product_detail&source_engine=organic,Retro21,2021,424,4.2,2400,819,10929110,278.0,16.0,16.0,13.0,54.0,179.0
685,694,,8,https://tiki.vn/cua-hang/phu-kien-cuoi-giang?source_screen=product_detail&source_engine=organic,Phụ kiện cưới Giang,2018,1409,4.5,304,0,7816000,129.0,8.0,1.0,6.0,23.0,91.0
686,695,,7,https://tiki.vn/cua-hang/ogatea?source_screen=product_detail&source_engine=organic,ogatea,2019,14,4.6,65,21,0,64.0,1.0,1.0,3.0,11.0,48.0
687,696,,6,https://tiki.vn/cua-hang/homemark-official-store?source_screen=product_detail&source_engine=organic,Homemark Official Store,2020,19,4.7,719,561,5211000,348.0,6.0,4.0,8.0,58.0,272.0
688,697,,9,https://tiki.vn/cua-hang/praza?source_screen=product_detail&source_engine=organic,Praza,2017,63,4.4,6700,1900,1118000,3028.0,63.0,50.0,167.0,599.0,2149.0
689,698,,8,https://tiki.vn/cua-hang/zamboo-official-store?source_screen=product_detail&source_engine=organic,Zamboo Official Store,2018,18,4.6,153,149,7020000,108.0,5.0,0.0,3.0,17.0,83.0
690,699,,6,https://tiki.vn/cua-hang/vando-official-store?source_screen=product_detail&source_engine=organic,Vando Official Store,2020,65,4.5,8600,6600,28137340,5249.0,157.0,88.0,197.0,941.0,3866.0
691,700,,7,https://tiki.vn/cua-hang/vt-mart-hang-nhap-khau?source_screen=product_detail&source_engine=organic,VT Mart Hàng nhập khẩu,2019,108,4.5,183,72,837000,118.0,3.0,2.0,4.0,14.0,95.0
692,701,,8,https://tiki.vn/cua-hang/xp-pen-viet-nam?source_screen=product_detail&source_engine=organic,XP-PEN VIỆT NAM,2018,153,4.7,703,573,44476464,67.0,2.0,1.0,2.0,7.0,55.0
693,702,,7,https://tiki.vn/cua-hang/sachstea-corporation?source_screen=product_detail&source_engine=organic,sachstea.officialstore,2019,30,4.8,121,92,255787,58.0,2.0,0.0,0.0,4.0,52.0
694,703,,8,https://tiki.vn/cua-hang/metaking-ltd?source_screen=product_detail&source_engine=organic,METAKING LTD,2018,131,4.8,41,0,11378300,27.0,0.0,0.0,2.0,4.0,21.0
695,704,,6,https://tiki.vn/cua-hang/bach-hoa-mimi?source_screen=product_detail&source_engine=organic,Bách hóa Mimi,2020,24,4.5,90,0,1976000,7.0,2.0,0.0,0.0,0.0,5.0
696,705,,2,https://tiki.vn/cua-hang/cong-nghe-truong-thinh?source_screen=product_detail&source_engine=organic,CÔNG NGHỆ TRƯỜNG THỊNH,2024,208,4.3,3,0,1006000,,,,,,
697,706,,5,https://tiki.vn/cua-hang/cv-official-store?source_screen=product_detail&source_engine=organic,CV Official Store,2021,8,4.2,355,66,0,55.0,9.0,2.0,2.0,8.0,34.0
698,707,,7,https://tiki.vn/cua-hang/cua-hang-kinh-mat-va-thoi-trang?source_screen=product_detail&source_engine=organic,KAMI NACHI OFFICIAL,2019,147,4.8,213,72,1875000,179.0,2.0,0.0,0.0,25.0,152.0
699,708,,7,https://tiki.vn/cua-hang/monoport-viet-nam?source_screen=product_detail&source_engine=organic,SORA SHOP,2019,9,4.5,42,14,1430000,29.0,1.0,0.0,2.0,5.0,21.0
700,710,,6,https://tiki.vn/cua-hang/shop-me-va-be-unmei?source_screen=product_detail&source_engine=organic,Shop Mẹ Và Bé UnMei,2020,676,4.8,3600,2800,111590500,2392.0,23.0,14.0,32.0,269.0,2054.0
701,712,,5,https://tiki.vn/cua-hang/v-food?source_screen=product_detail&source_engine=organic,V FOOD,2021,8,4.8,127,36,200000,127.0,3.0,0.0,3.0,11.0,110.0
702,713,,7,https://tiki.vn/cua-hang/robin?source_screen=product_detail&source_engine=organic,Robin,2019,3,4.1,2200,0,0,177.0,4.0,1.0,8.0,35.0,129.0
703,894,,5,https://tiki.vn/cua-hang/shop-cyvyle?source_screen=product_detail&source_engine=organic,Shop Cyvyle,2021,2,0.0,0,0,0,,,,,,
704,716,,6,https://tiki.vn/cua-hang/gextech?source_screen=product_detail&source_engine=organic,GEXTECH,2020,42,4.5,12000,1600,582833470,5056.0,195.0,80.0,178.0,658.0,3945.0
705,717,,7,https://tiki.vn/cua-hang/bop-nit-da-kim-bao?source_screen=product_detail&source_engine=organic,Bóp Nịt Da Kim Bảo,2019,96,4.3,51,14,490000,6.0,1.0,1.0,0.0,0.0,4.0
706,718,,7,https://tiki.vn/cua-hang/luxuryshop?source_screen=product_detail&source_engine=organic,LUXURYSHOP,2019,63,4.5,208,104,242306794,163.0,2.0,1.0,2.0,41.0,117.0
707,719,,5,https://tiki.vn/cua-hang/gia-dung-an-khang?source_screen=product_detail&source_engine=organic,Gia Dụng An Khang,2021,148,4.6,830,180,20448000,516.0,16.0,16.0,17.0,75.0,392.0
708,720,,8,https://tiki.vn/cua-hang/simplecarry?source_screen=product_detail&source_engine=organic,SIMPLECARRY,2018,46,4.7,59,16,0,25.0,0.0,0.0,1.0,7.0,17.0
709,721,,7,https://tiki.vn/cua-hang/ciscoshop?source_screen=product_detail&source_engine=organic,CISCOSHOP,2019,13,4.8,12,38,0,,,,,,
710,722,,9,https://tiki.vn/cua-hang/dau-den?source_screen=product_detail&source_engine=organic,Dâu Đen,2017,272,4.6,3800,2100,86950731,926.0,36.0,15.0,22.0,120.0,733.0
711,723,,5,https://tiki.vn/cua-hang/topbag-vali-balo-tui?source_screen=product_detail&source_engine=organic,TOPBAG Vali Balo Túi,2021,41,4.8,142,0,5192000,41.0,0.0,0.0,0.0,5.0,36.0
712,724,,4,https://tiki.vn/cua-hang/xuong-sx-nem?source_screen=product_detail&source_engine=organic,Xưởng SX Nệm,2022,56,4.6,583,279,7529000,111.0,7.0,0.0,4.0,14.0,86.0
713,725,,9,https://tiki.vn/cua-hang/store-hoang-gia?source_screen=product_detail&source_engine=organic,Store HOÀNG GIA,2017,32,4.5,140,39,0,21.0,1.0,0.0,1.0,4.0,15.0
714,726,,5,https://tiki.vn/cua-hang/imou-store?source_screen=product_detail&source_engine=organic,IMOU Store,2021,155,4.8,837,1000,39289766,250.0,7.0,3.0,0.0,21.0,219.0
715,727,,8,https://tiki.vn/cua-hang/nn-case?source_screen=product_detail&source_engine=organic,OLSG Case,2018,2000,4.5,3800,1400,842000,907.0,34.0,14.0,25.0,153.0,681.0
716,728,,7,https://tiki.vn/cua-hang/phukienthoitrangdk?source_screen=product_detail&source_engine=organic,phukienthoitrangdk,2019,75,2.0,8,0,186000,1.0,0.0,0.0,0.0,0.0,1.0
717,729,,7,https://tiki.vn/cua-hang/dien-gia-dung-uss?source_screen=product_detail&source_engine=organic,Điện Gia dụng USS,2019,9,4.2,112,0,168435000,123.0,7.0,7.0,14.0,16.0,79.0
718,730,,2,https://tiki.vn/cua-hang/lam-vi-racing?source_screen=product_detail&source_engine=organic,Lâm Vi Racing,2024,14,4.8,12,13,770000,4.0,0.0,0.0,0.0,1.0,3.0
719,731,,6,https://tiki.vn/cua-hang/tahawa-nhat-ban?source_screen=product_detail&source_engine=organic,TAHAWA,2020,52,4.2,21,17,0,7.0,1.0,0.0,0.0,0.0,6.0
720,732,,8,https://tiki.vn/cua-hang/dh-foods?source_screen=product_detail&source_engine=organic,Dh Foods,2018,86,4.8,6000,4300,2164600,3714.0,25.0,7.0,34.0,357.0,3291.0
721,733,,8,https://tiki.vn/cua-hang/toc-do-247?source_screen=product_detail&source_engine=organic,Tốc Độ 247,2018,477,4.5,5000,1600,26375000,3153.0,101.0,50.0,141.0,608.0,2253.0
722,734,,7,https://tiki.vn/cua-hang/shop-hg?source_screen=product_detail&source_engine=organic,Shop HG,2019,319,4.0,2300,418,18406580,174.0,10.0,9.0,11.0,37.0,107.0
723,735,,7,https://tiki.vn/cua-hang/phu-kien-giay-buybox?source_screen=product_detail&source_engine=organic,Phụ Kiện Giày buybox,2019,125,4.5,5500,670,4440503,4713.0,100.0,74.0,286.0,986.0,3267.0
724,736,,8,https://tiki.vn/cua-hang/tinh-dau-xit-phong-duoi-muoi-24care?source_screen=product_detail&source_engine=organic,Tinh Dầu PK,2018,88,4.9,9000,1500,4410000,5725.0,43.0,16.0,54.0,326.0,5286.0
725,737,,4,https://tiki.vn/cua-hang/79road-shop?source_screen=product_detail&source_engine=organic,79Road Shop,2022,3,0.0,0,0,0,,,,,,
726,738,,7,https://tiki.vn/cua-hang/shop-sieu-thi-thung-rac?source_screen=product_detail&source_engine=organic,KENZIO,2019,42,4.6,827,0,2079000,308.0,2.0,2.0,5.0,46.0,253.0
727,739,,8,https://tiki.vn/cua-hang/npp-hang-thai-lan?source_screen=product_detail&source_engine=organic,NPP hàng Thái Lan,2018,28,4.7,123,23,62000,33.0,1.0,0.0,0.0,3.0,29.0
728,740,,7,https://tiki.vn/cua-hang/vacimall?source_screen=product_detail&source_engine=organic,Vacimall,2019,15,4.0,513,59,220000,17.0,1.0,0.0,1.0,5.0,10.0
729,741,,4,https://tiki.vn/cua-hang/eyecenter?source_screen=product_detail&source_engine=organic,eyecenter,2022,40,5.0,3,0,0,3.0,0.0,0.0,0.0,0.0,3.0
730,742,,8,https://tiki.vn/cua-hang/nhang-xanh?source_screen=product_detail&source_engine=organic,Nhang Xanh,2018,13,4.6,789,0,4113000,373.0,12.0,4.0,7.0,49.0,301.0
731,743,,6,https://tiki.vn/cua-hang/titanstore?source_screen=product_detail&source_engine=organic,TITANSTORE,2020,74,4.4,4100,1000,10677000,1206.0,19.0,8.0,19.0,187.0,973.0
732,744,,9,https://tiki.vn/cua-hang/tuyen-hung-phu?source_screen=product_detail&source_engine=organic,Tuyền Hưng Phú,2017,30,4.7,1200,58,1539000,893.0,10.0,11.0,30.0,125.0,717.0
733,745,,5,https://tiki.vn/cua-hang/valishop247?source_screen=product_detail&source_engine=organic,VALISHOP247,2021,10,4.6,125,0,0,2.0,0.0,0.0,0.0,0.0,2.0
734,746,,8,https://tiki.vn/cua-hang/goti?source_screen=product_detail&source_engine=organic,GOTI Official Store,2018,161,4.3,2400,979,2308140,,,,,,
735,747,,6,https://tiki.vn/cua-hang/toshiba-official-store?source_screen=product_detail&source_engine=organic,TOSHIBA Official Store,2020,44,4.8,348,3600,3330000,157.0,1.0,1.0,4.0,17.0,134.0
736,748,,8,https://tiki.vn/cua-hang/nuoc-mam-tin?source_screen=product_detail&source_engine=organic,Nước Mắm Tĩn,2018,70,4.8,4500,4100,11103500,4198.0,52.0,24.0,84.0,450.0,3588.0
737,749,,8,https://tiki.vn/cua-hang/pl-ltd?source_screen=product_detail&source_engine=organic,PL Ltd,2018,86,4.7,112,217,1650000,37.0,0.0,0.0,0.0,1.0,36.0
738,750,,8,https://tiki.vn/cua-hang/bataca?source_screen=product_detail&source_engine=organic,Bataca,2018,114,4.6,1100,0,11057130,166.0,4.0,1.0,2.0,16.0,143.0
739,847,,4,https://tiki.vn/cua-hang/odyshop?source_screen=product_detail&source_engine=organic,OdyShop,2022,3,0.0,0,0,0,,,,,,
740,752,,8,https://tiki.vn/cua-hang/laliz-store?source_screen=product_detail&source_engine=organic,Laliz Store,2018,199,3.7,25,9,0,13.0,2.0,0.0,2.0,4.0,5.0
741,753,,7,https://tiki.vn/cua-hang/shop-smart?source_screen=product_detail&source_engine=organic,Shop Smart,2019,10,4.5,2100,223,2337000,193.0,3.0,2.0,5.0,51.0,132.0
742,754,,5,https://tiki.vn/cua-hang/parrot-item-shop?source_screen=product_detail&source_engine=organic,PARROT ITEM SHOP,2021,103,4.6,348,29,1709937,22.0,0.0,0.0,0.0,6.0,16.0
743,755,,9,https://tiki.vn/cua-hang/lien-minh?source_screen=product_detail&source_engine=organic,Liên Minh,2017,53,4.6,482,128,2098000,307.0,5.0,8.0,15.0,50.0,229.0
744,756,,5,https://tiki.vn/cua-hang/mishio-mall?source_screen=product_detail&source_engine=organic,Mishio Kachi Official,2021,92,4.5,6500,5400,39176000,1361.0,60.0,20.0,30.0,229.0,1022.0
745,757,,8,https://tiki.vn/cua-hang/may-lam-toi-den-asia-hai-phong?source_screen=product_detail&source_engine=organic,VIAICOM,2018,13,4.3,100,19,3948000,96.0,6.0,3.0,7.0,17.0,63.0
746,758,,6,https://tiki.vn/cua-hang/hoa-chat-tay-rua-dieu-hoa?source_screen=product_detail&source_engine=organic,Hóa chất tẩy rửa điều hòa,2020,47,5.0,1,3,7596000,1.0,0.0,0.0,0.0,0.0,1.0
747,759,,3,https://tiki.vn/cua-hang/gia-dung-lac-khai?source_screen=product_detail&source_engine=organic,Gia Dụng Lạc Khải,2023,228,4.8,75,46,21284213,72.0,1.0,0.0,0.0,10.0,61.0
748,760,,4,https://tiki.vn/cua-hang/seaways-official?source_screen=product_detail&source_engine=organic,Seaways Official,2022,16,5.0,1,3,169000,1.0,0.0,0.0,0.0,0.0,1.0
749,761,,4,https://tiki.vn/cua-hang/fiido-official?source_screen=product_detail&source_engine=organic,Fiido Official,2022,9,5.0,1,22,0,1.0,0.0,0.0,0.0,0.0,1.0
750,762,,4,https://tiki.vn/cua-hang/takano?source_screen=product_detail&source_engine=organic,TAKANO,2022,3,4.4,17,0,150000,6.0,0.0,0.0,0.0,2.0,4.0
751,763,,6,https://tiki.vn/cua-hang/shop-diep-anh?source_screen=product_detail&source_engine=organic,STANHOME OFFICIAL STORE,2020,92,4.7,481,226,2405262,135.0,2.0,1.0,5.0,20.0,107.0
752,764,,3,https://tiki.vn/cua-hang/dien-dan-dung-va-do-outdoor-tl?source_screen=product_detail&source_engine=organic,Điện dân dụng và Đồ Outdoor TL,2023,189,5.0,9,4,7430000,6.0,0.0,0.0,0.0,0.0,6.0
753,765,,3,https://tiki.vn/cua-hang/xe-may-dien-evgo?source_screen=product_detail&source_engine=organic,XE MÁY ĐIỆN EVGO,2023,11,0.0,0,18,0,,,,,,
754,766,,6,https://tiki.vn/cua-hang/shop-sua-ha-phuong?source_screen=product_detail&source_engine=organic,Shop Sữa Hà Phương,2020,289,4.8,4400,894,32440000,3460.0,42.0,21.0,37.0,290.0,3070.0
755,767,,8,https://tiki.vn/cua-hang/bach-hoa-tototo?source_screen=product_detail&source_engine=organic,BÁCH HÓA TOTOTO,2018,13,4.7,1300,254,1695500,71.0,0.0,0.0,1.0,8.0,62.0
756,768,,5,https://tiki.vn/cua-hang/vbros?source_screen=product_detail&source_engine=organic,VBROS,2021,1,4.0,1,14,0,1.0,0.0,0.0,0.0,1.0,0.0
757,769,,6,https://tiki.vn/cua-hang/tinphongvina?source_screen=product_detail&source_engine=organic,tinphongvina,2020,333,4.4,277,92,8948000,173.0,11.0,4.0,6.0,23.0,129.0
758,770,,5,https://tiki.vn/cua-hang/vaca-baby-house?source_screen=product_detail&source_engine=organic,Vaca Baby House,2021,160,4.8,1200,333,24828608,349.0,3.0,1.0,0.0,29.0,316.0
759,771,,8,https://tiki.vn/cua-hang/nakio?source_screen=product_detail&source_engine=organic,NAKIO,2018,13,3.8,14,8,0,,,,,,
760,772,,8,https://tiki.vn/cua-hang/sam-yen-thai-an?source_screen=product_detail&source_engine=organic,sam yen thai an,2018,92,4.7,1400,0,1707000,691.0,13.0,6.0,18.0,105.0,549.0
761,773,,5,https://tiki.vn/cua-hang/cong-ty-isa?source_screen=product_detail&source_engine=organic,THIẾT BỊ CÔNG NGHỆ ISA,2021,2,5.0,1,3,0,,,,,,
762,774,,2,https://tiki.vn/cua-hang/om-lucky-wahik?source_screen=product_detail&source_engine=organic,OM LUCKY WAHIK,2024,529,4.4,130,32,35449226,90.0,1.0,2.0,0.0,12.0,75.0
763,775,,3,https://tiki.vn/cua-hang/nespresso-official-store?source_screen=product_detail&source_engine=organic,Nespresso Official Store,2023,11,0.0,0,0,7740000,,,,,,
764,776,,8,https://tiki.vn/cua-hang/duy-guitar?source_screen=product_detail&source_engine=organic,Duy Guitar,2018,62,4.6,155,274,1152900,103.0,0.0,0.0,7.0,19.0,77.0
765,777,,4,https://tiki.vn/cua-hang/pharmacity-flagship-store?source_screen=product_detail&source_engine=organic,Pharmacity Flagship Store,2022,329,4.8,1700,1500,7929500,611.0,10.0,1.0,5.0,58.0,537.0
766,778,,4,https://tiki.vn/cua-hang/wd-official-store?source_screen=product_detail&source_engine=organic,WD Official Store,2022,8,4.6,77,718,8898780,24.0,0.0,0.0,2.0,2.0,20.0
767,779,,2,https://tiki.vn/cua-hang/agu-helmet-official?source_screen=product_detail&source_engine=organic,AGU Helmet Official,2024,20,4.9,10,31,3480260,10.0,0.0,1.0,0.0,2.0,7.0
768,780,,4,https://tiki.vn/cua-hang/do-gia-dung-8888?source_screen=product_detail&source_engine=organic,đồ gia dụng 8888,2022,39,3.8,26,4,245000,8.0,1.0,0.0,0.0,2.0,5.0
769,781,,6,https://tiki.vn/cua-hang/hp-plus?source_screen=product_detail&source_engine=organic,HP Plus,2020,3,4.7,181,38,676500,103.0,0.0,0.0,2.0,17.0,84.0
770,782,,5,https://tiki.vn/cua-hang/dien-may-tuan-dung?source_screen=product_detail&source_engine=organic,ĐIỆN MÁY TUẤN DŨNG,2021,8,4.4,80,26,900000,20.0,0.0,1.0,1.0,4.0,14.0
771,783,,5,https://tiki.vn/cua-hang/marrystore?source_screen=product_detail&source_engine=organic,MarryStore,2021,67,4.0,302,0,875000,7.0,1.0,0.0,0.0,2.0,4.0
772,784,,8,https://tiki.vn/cua-hang/aromazone?source_screen=product_detail&source_engine=organic,AROMAZONE,2018,46,4.4,367,44,875000,176.0,9.0,2.0,6.0,31.0,128.0
773,785,,8,https://tiki.vn/cua-hang/woim-the-gioi-nhac-khong-loi?source_screen=product_detail&source_engine=organic,WOIM World of Instrumental Music,2018,126,4.0,1700,279,23545680,248.0,23.0,5.0,17.0,58.0,145.0
774,786,,5,https://tiki.vn/cua-hang/phuthaitech-hoffmann-official-store?source_screen=product_detail&source_engine=organic,PHUTHAITECH HOFFMANN OFFICIAL STORE,2021,10,4.8,483,0,0,10.0,0.0,0.0,0.0,0.0,10.0
775,787,,6,https://tiki.vn/cua-hang/tuan-anh-general-service-store?source_screen=product_detail&source_engine=organic,Tuan Anh General Service Store,2020,48,4.5,115,100,87719910,92.0,2.0,4.0,0.0,11.0,75.0
776,788,,7,https://tiki.vn/cua-hang/hung-thinh-shop?source_screen=product_detail&source_engine=organic,HƯNG THỊNH SHOP,2019,114,4.2,2000,107,3002900,190.0,5.0,4.0,4.0,57.0,120.0
777,789,,9,https://tiki.vn/cua-hang/sonaimex?source_screen=product_detail&source_engine=organic,Sonaimex,2017,124,4.5,358,40,2495000,245.0,7.0,4.0,13.0,45.0,176.0
778,790,,8,https://tiki.vn/cua-hang/tete?source_screen=product_detail&source_engine=organic,TETE,2018,12,4.5,17000,18300,2125000,3691.0,83.0,48.0,184.0,715.0,2661.0
779,791,,7,https://tiki.vn/cua-hang/zamaco-audio?source_screen=product_detail&source_engine=organic,ZAMACO AUDIO,2019,167,5.0,2,5,0,2.0,0.0,0.0,0.0,0.0,2.0
780,792,,7,https://tiki.vn/cua-hang/tui-xach-mirror-towers?source_screen=product_detail&source_engine=organic,Túi xách Mirror Towers,2019,18,4.6,1100,0,0,279.0,3.0,0.0,9.0,67.0,200.0
781,793,,8,https://tiki.vn/cua-hang/the-gioi-tin-hoc?source_screen=product_detail&source_engine=organic,Thế Giới Tin Học,2018,112,4.2,1400,117,4471380,253.0,9.0,3.0,9.0,52.0,180.0
782,794,,4,https://tiki.vn/cua-hang/den-quat-le-gia?source_screen=product_detail&source_engine=organic,Đèn Quạt Lê Gia Official,2022,55,4.5,12,41,5500000,9.0,0.0,0.0,2.0,0.0,7.0
783,795,,9,https://tiki.vn/cua-hang/gia-hiep-computer?source_screen=product_detail&source_engine=organic,Trọng Ân audio,2017,163,4.6,2700,492,380864520,1552.0,44.0,18.0,33.0,188.0,1269.0
784,796,,8,https://tiki.vn/cua-hang/dong-ho-han-quoc?source_screen=product_detail&source_engine=organic,Đồng hồ hàn quốc,2018,78,4.6,200,128,4518000,40.0,2.0,0.0,0.0,5.0,33.0
785,797,,6,https://tiki.vn/cua-hang/qua-luu-niem?source_screen=product_detail&source_engine=organic,QUÀ LƯU NIỆM,2020,630,4.2,447,160,5632000,74.0,5.0,4.0,2.0,18.0,45.0
786,798,,4,https://tiki.vn/cua-hang/nhan-in-tran-nguyen?source_screen=product_detail&source_engine=organic,Nhãn In Trần Nguyễn,2022,234,4.9,16,10,2427328,16.0,0.0,0.0,0.0,2.0,14.0
787,799,,4,https://tiki.vn/cua-hang/enchen-official-store?source_screen=product_detail&source_engine=organic,ENCHEN Official Store,2022,36,4.6,428,207,2506000,181.0,4.0,5.0,2.0,35.0,135.0
788,800,,4,https://tiki.vn/cua-hang/vietnambep?source_screen=product_detail&source_engine=organic,KAFF Official,2022,124,4.9,8,91,0,3.0,0.0,0.0,0.0,0.0,3.0
789,801,,5,https://tiki.vn/cua-hang/hop-dung-dong-ho-cao-cap?source_screen=product_detail&source_engine=organic,Hộp đựng đồng hồ cao cấp,2021,19,4.7,223,85,10065000,171.0,4.0,0.0,3.0,22.0,142.0
790,802,,6,https://tiki.vn/cua-hang/marshall-official-store?source_screen=product_detail&source_engine=organic,Marshall Official Store,2020,16,4.9,183,1700,27618200,77.0,0.0,0.0,0.0,2.0,75.0
791,803,,6,https://tiki.vn/cua-hang/nsp?source_screen=product_detail&source_engine=organic,NSP,2020,3,5.0,1,0,0,,,,,,
792,804,,8,https://tiki.vn/cua-hang/nature-foods-company?source_screen=product_detail&source_engine=organic,Nature Foods Company,2018,43,4.8,567,151,7218000,413.0,4.0,5.0,6.0,58.0,340.0
793,805,,5,https://tiki.vn/cua-hang/hla-shop?source_screen=product_detail&source_engine=organic,HLA SHOP,2021,8,4.9,134,0,4999900,96.0,0.0,0.0,1.0,5.0,90.0
794,806,,4,https://tiki.vn/cua-hang/antienvn?source_screen=product_detail&source_engine=organic,antienvn,2022,19,4.6,20,32,845300,15.0,0.0,2.0,0.0,0.0,13.0
795,807,,8,https://tiki.vn/cua-hang/muamuaonline?source_screen=product_detail&source_engine=organic,MuaMuaOnline,2018,334,4.4,2800,906,4312810,153.0,10.0,2.0,2.0,26.0,113.0
796,808,,7,https://tiki.vn/cua-hang/shop-azs?source_screen=product_detail&source_engine=organic,Shop AZS,2019,173,4.5,67,23,1889400,38.0,2.0,1.0,0.0,8.0,27.0
797,809,,9,https://tiki.vn/cua-hang/hachi-hachi-japan-shop?source_screen=product_detail&source_engine=organic,Cửa hàng Nhật Bản Hachi Hachi,2017,9,4.6,3700,0,0,35.0,0.0,1.0,0.0,3.0,31.0
798,810,,9,https://tiki.vn/cua-hang/sportslink-store?source_screen=product_detail&source_engine=organic,Sportslink Store,2017,368,4.3,7400,2500,32478000,2075.0,111.0,59.0,105.0,328.0,1472.0
799,811,,7,https://tiki.vn/cua-hang/asfa-viet-nam?source_screen=product_detail&source_engine=organic,ASFA VIỆT NAM,2019,25,4.6,89,44,1200000,77.0,2.0,1.0,2.0,13.0,59.0
800,812,,4,https://tiki.vn/cua-hang/philips-cham-soc-ca-nhan-vn?source_screen=product_detail&source_engine=organic,Philips Chăm Sóc Cá Nhân VN,2022,26,4.7,359,600,14510700,183.0,4.0,2.0,4.0,23.0,150.0
801,813,,3,https://tiki.vn/cua-hang/legend-family?source_screen=product_detail&source_engine=organic,LEGEND FAMILY,2023,63,4.8,19,5,4443000,,,,,,
802,814,,9,https://tiki.vn/cua-hang/the-gioi-dong-ho-treo-tuong?source_screen=product_detail&source_engine=organic,Thế Giới Đồng Hồ Treo Tường,2017,101,4.3,469,50,28929000,407.0,26.0,5.0,28.0,117.0,231.0
803,815,,5,https://tiki.vn/cua-hang/vong-bi-tst-dai-ly-toan-quoc?source_screen=product_detail&source_engine=organic,Vòng bi TST Đại lý Toàn quốc,2021,999,5.0,10,23,0,10.0,0.0,0.0,0.0,0.0,10.0
804,816,,7,https://tiki.vn/cua-hang/dai-loan-store?source_screen=product_detail&source_engine=organic,YUNTENG OFFICIAL,2019,56,4.2,7800,514,3738835,128.0,6.0,3.0,6.0,18.0,95.0
805,817,,7,https://tiki.vn/cua-hang/be-tin-hin?source_screen=product_detail&source_engine=organic,bé tin hin,2019,493,4.3,1400,149,1969998,388.0,25.0,11.0,9.0,73.0,270.0
806,818,,5,https://tiki.vn/cua-hang/oz-slim-official?source_screen=product_detail&source_engine=organic,OZ Slim Store,2021,106,4.8,3500,2100,852367320,2334.0,40.0,17.0,22.0,262.0,1993.0
807,819,,6,https://tiki.vn/cua-hang/shop-manh-tien?source_screen=product_detail&source_engine=organic,Shop Mạnh Tiến,2020,48,4.4,16000,2700,8116000,140.0,9.0,2.0,4.0,25.0,100.0
808,820,,5,https://tiki.vn/cua-hang/may-thuc-pham-sge?source_screen=product_detail&source_engine=organic,Máy thực phẩm SGE,2021,75,4.5,310,145,8597000,255.0,12.0,1.0,11.0,61.0,170.0
809,821,,6,https://tiki.vn/cua-hang/may-phat-nhap-khau?source_screen=product_detail&source_engine=organic,Máy phát nhập khẩu,2020,27,4.8,47,0,0,39.0,1.0,0.0,0.0,6.0,32.0
810,822,,2,https://tiki.vn/cua-hang/motive-official-store?source_screen=product_detail&source_engine=organic,Motive Official Store,2024,153,4.6,7,60,2403000,6.0,0.0,0.0,1.0,1.0,4.0
811,823,,5,https://tiki.vn/cua-hang/cameramini?source_screen=product_detail&source_engine=organic,CameraMini,2021,1,3.8,433,85,200000,2.0,1.0,0.0,0.0,0.0,1.0
812,824,,4,https://tiki.vn/cua-hang/thekaffeine?source_screen=product_detail&source_engine=organic,Thekaffeine,2022,15,4.8,37,14,0,,,,,,
813,825,,3,https://tiki.vn/cua-hang/kain-official-store?source_screen=product_detail&source_engine=organic,Kai.N Official Store,2023,74,4.7,64,50,2033000,49.0,2.0,0.0,1.0,7.0,39.0
814,826,,4,https://tiki.vn/cua-hang/ngoc-ky-lan-2010?source_screen=product_detail&source_engine=organic,Ngọc Kỳ Lân 2010,2022,19,4.5,89,22,309065,3.0,1.0,0.0,0.0,0.0,2.0
815,827,,5,https://tiki.vn/cua-hang/congtyvietlife?source_screen=product_detail&source_engine=organic,côngtyvietlife,2021,3,0.0,0,4,0,,,,,,
816,828,,5,https://tiki.vn/cua-hang/crucial-official-store?source_screen=product_detail&source_engine=organic,Crucial Official Store,2021,45,4.9,22,213,0,14.0,0.0,0.0,0.0,1.0,13.0
817,829,,9,https://tiki.vn/cua-hang/cubes-vinbarista?source_screen=product_detail&source_engine=organic,Cubes Asia,2017,88,4.7,1200,0,5346280,182.0,0.0,3.0,7.0,29.0,143.0
818,830,,6,https://tiki.vn/cua-hang/v-s-official-store?source_screen=product_detail&source_engine=organic,V&S Official Store,2020,12,4.7,39,22,0,4.0,0.0,0.0,0.0,1.0,3.0
819,831,,8,https://tiki.vn/cua-hang/lee-shop?source_screen=product_detail&source_engine=organic,TT Group,2018,101,4.5,297,31,376000,137.0,5.0,0.0,3.0,37.0,92.0
820,832,,7,https://tiki.vn/cua-hang/electronvietnam?source_screen=product_detail&source_engine=organic,ELECTRONVIETNAM,2019,107,4.5,1200,378,1828710,34.0,1.0,2.0,0.0,4.0,27.0
821,833,,7,https://tiki.vn/cua-hang/npp-kim-truong-phu?source_screen=product_detail&source_engine=organic,NPP Kim Trường Phú,2019,35,3.9,96,10,1525000,37.0,8.0,0.0,2.0,7.0,20.0
822,834,,7,https://tiki.vn/cua-hang/petlove?source_screen=product_detail&source_engine=organic,PetLove,2019,113,4.8,691,0,3608000,391.0,0.0,2.0,4.0,53.0,332.0
823,835,,8,https://tiki.vn/cua-hang/the-gioi-tui-xach?source_screen=product_detail&source_engine=organic,MACAT OFFICIAL,2018,39,4.6,260,69,4269000,190.0,2.0,2.0,7.0,36.0,143.0
824,836,,7,https://tiki.vn/cua-hang/leelong-coffee?source_screen=product_detail&source_engine=organic,LeeLong Coffee,2019,22,4.6,1200,163,6322000,606.0,15.0,11.0,27.0,124.0,429.0
825,837,,7,https://tiki.vn/cua-hang/anker-official-store?source_screen=product_detail&source_engine=organic,ANKER OFFICIAL STORE,2019,49,4.8,993,3600,4229200,120.0,3.0,0.0,1.0,13.0,103.0
826,838,,5,https://tiki.vn/cua-hang/elecvina?source_screen=product_detail&source_engine=organic,elecvina,2021,30,4.5,215,57,7122000,109.0,8.0,2.0,3.0,16.0,80.0
827,839,,2,https://tiki.vn/cua-hang/ics-part?source_screen=product_detail&source_engine=organic,ICS PART,2024,2000,4.3,6,10,1407076,4.0,0.0,0.0,0.0,0.0,4.0
828,840,,7,https://tiki.vn/cua-hang/hsaha?source_screen=product_detail&source_engine=organic,HSaHa,2019,35,4.6,435,221,4552000,417.0,9.0,6.0,14.0,69.0,319.0
829,842,,5,https://tiki.vn/cua-hang/emi-balance?source_screen=product_detail&source_engine=organic,EMI Balance,2021,15,5.0,1,2,0,,,,,,
830,843,,5,https://tiki.vn/cua-hang/luxurynevermore?source_screen=product_detail&source_engine=organic,LuxuryNeverMore,2021,258,4.6,38,8,649000,26.0,0.0,0.0,0.0,3.0,23.0
831,844,,7,https://tiki.vn/cua-hang/tenkoshop?source_screen=product_detail&source_engine=organic,TenkoShop,2019,260,4.3,268,0,1600921,123.0,5.0,2.0,10.0,12.0,94.0
832,845,,7,https://tiki.vn/cua-hang/mai-am-store?source_screen=product_detail&source_engine=organic,Mái Ấm Store,2019,167,4.3,282,109,83100000,135.0,12.0,6.0,8.0,21.0,88.0
833,846,,8,https://tiki.vn/cua-hang/nano-aht?source_screen=product_detail&source_engine=organic,Nano AHT,2018,7,4.6,1700,0,1023000,798.0,34.0,6.0,30.0,134.0,594.0
834,638,,4,https://tiki.vn/cua-hang/freshbag?source_screen=product_detail&source_engine=organic,FRESHBAG,2022,4,0.0,0,0,0,,,,,,
835,848,,2,https://tiki.vn/cua-hang/nubie-official-store?source_screen=product_detail&source_engine=organic,Nubie official store,2024,58,4.2,41,30,8291000,33.0,2.0,1.0,0.0,12.0,18.0
836,849,,7,https://tiki.vn/cua-hang/htp-pharma?source_screen=product_detail&source_engine=organic,Sắc Ngọc Khang Official Store,2019,73,4.7,998,784,19975000,547.0,6.0,4.0,20.0,108.0,409.0
837,850,,6,https://tiki.vn/cua-hang/558-store?source_screen=product_detail&source_engine=organic,558 Store,2020,18,4.4,394,42,99000,6.0,1.0,1.0,0.0,0.0,4.0
838,851,,6,https://tiki.vn/cua-hang/cong-caphe?source_screen=product_detail&source_engine=organic,Cộng Cà Phê Official,2020,39,4.5,68,124,644000,19.0,1.0,0.0,1.0,0.0,17.0
839,852,,6,https://tiki.vn/cua-hang/tan-ai-my-auto?source_screen=product_detail&source_engine=organic,TÂN ÁI MỸ AUTO,2020,3,4.2,1200,158,0,15.0,4.0,0.0,0.0,2.0,9.0
840,853,,6,https://tiki.vn/cua-hang/parroti-store?source_screen=product_detail&source_engine=organic,Parroti Store,2020,25,4.8,16000,9700,10906700,10045.0,83.0,44.0,187.0,1322.0,8409.0
841,854,,7,https://tiki.vn/cua-hang/allwellshop?source_screen=product_detail&source_engine=organic,HIDATI SHOP,2019,14,4.7,117,3400,200250,4.0,0.0,0.0,0.0,0.0,4.0
842,855,,9,https://tiki.vn/cua-hang/the-gioi-nem?source_screen=product_detail&source_engine=organic,Thế Giới Nệm,2017,201,4.7,1400,1600,38463390,790.0,10.0,9.0,13.0,85.0,673.0
843,856,,8,https://tiki.vn/cua-hang/blue-light?source_screen=product_detail&source_engine=organic,Blue Light,2018,161,4.6,4900,2400,2680000,1050.0,23.0,9.0,45.0,185.0,788.0
844,857,,7,https://tiki.vn/cua-hang/van-phong-pham-bitex?source_screen=product_detail&source_engine=organic,Văn phòng phẩm BITEX,2019,215,4.7,314,432,3663202,233.0,4.0,3.0,3.0,22.0,201.0
845,858,,7,https://tiki.vn/cua-hang/alpicool-viet-nam?source_screen=product_detail&source_engine=organic,Alpicool Việt Nam,2019,8,4.8,8,21,4149300,8.0,0.0,0.0,1.0,0.0,7.0
846,859,,7,https://tiki.vn/cua-hang/doggyman-viet-nam?source_screen=product_detail&source_engine=organic,Doggyman Việt Nam,2019,14,4.6,49,9,300000,17.0,0.0,0.0,0.0,3.0,14.0
847,860,,6,https://tiki.vn/cua-hang/lmcation?source_screen=product_detail&source_engine=organic,LMCATION,2020,182,4.6,23,28,0,11.0,1.0,0.0,0.0,3.0,7.0
848,861,,7,https://tiki.vn/cua-hang/bot-gao-lut-brown-rice?source_screen=product_detail&source_engine=organic,Bột gạo lứt Brown Rice,2019,20,4.7,703,304,610000,705.0,11.0,9.0,21.0,131.0,533.0
849,862,,7,https://tiki.vn/cua-hang/unimart?source_screen=product_detail&source_engine=organic,UniMart,2019,55,4.6,2100,565,1380920,578.0,11.0,9.0,7.0,83.0,468.0
850,863,,8,https://tiki.vn/cua-hang/meguiar-s-viet-nam-official?source_screen=product_detail&source_engine=organic,Meguiar's Việt Nam Official,2018,105,4.5,66,36,2686850,64.0,3.0,0.0,4.0,13.0,44.0
851,864,,7,https://tiki.vn/cua-hang/ngoc-quyen-silk?source_screen=product_detail&source_engine=organic,Ngọc Quyên Silk,2019,2,0.0,0,1,0,,,,,,
852,865,,7,https://tiki.vn/cua-hang/nuoc-dua-vico-fresh?source_screen=product_detail&source_engine=organic,Nước dừa Vico Fresh,2019,35,4.7,1600,562,1671700,1128.0,30.0,3.0,30.0,111.0,954.0
853,866,,5,https://tiki.vn/cua-hang/supvn-fitness?source_screen=product_detail&source_engine=organic,SUPVN Fitness,2021,129,4.8,330,163,6107000,66.0,0.0,0.0,3.0,12.0,51.0
854,867,,5,https://tiki.vn/cua-hang/tbd-nam-dinh?source_screen=product_detail&source_engine=organic,TBD Nam Định,2021,2,4.1,234,29,0,9.0,0.0,0.0,0.0,1.0,8.0
855,868,,8,https://tiki.vn/cua-hang/do-gia-dung-ha-linh?source_screen=product_detail&source_engine=organic,Do Gia Dung Ha Linh,2018,342,4.5,468,148,9426000,321.0,8.0,8.0,6.0,55.0,244.0
856,869,,4,https://tiki.vn/cua-hang/new-retail-cpg?source_screen=product_detail&source_engine=organic,The Coffee House Official,2022,13,4.8,98,218,2109000,,,,,,
857,870,,5,https://tiki.vn/cua-hang/azzan-coffee-shop?source_screen=product_detail&source_engine=organic,AZZAN COFFEE SHOP,2021,11,5.0,30,16,0,29.0,0.0,0.0,0.0,1.0,28.0
858,871,,8,https://tiki.vn/cua-hang/umovn?source_screen=product_detail&source_engine=organic,Umo,2018,4,4.7,450,0,0,4.0,0.0,0.0,0.0,0.0,4.0
859,872,,7,https://tiki.vn/cua-hang/ezlearn-viet-nam?source_screen=product_detail&source_engine=organic,Kính Mắt Kavi,2019,100,4.2,46,12,0,30.0,1.0,1.0,1.0,5.0,22.0
860,873,,5,https://tiki.vn/cua-hang/michishop-tiem-tap-hoa-nho?source_screen=product_detail&source_engine=organic,Michishop Tiệm tạp hoá nhỏ,2021,74,4.8,98,41,480000,36.0,0.0,0.0,0.0,8.0,28.0
861,874,,8,https://tiki.vn/cua-hang/co-boutique?source_screen=product_detail&source_engine=organic,Cỏ Boutique,2018,68,4.3,1500,252,908000,353.0,27.0,10.0,25.0,73.0,218.0
862,875,,8,https://tiki.vn/cua-hang/ananshop?source_screen=product_detail&source_engine=organic,Ananshop,2018,41,4.6,2300,0,6462000,1901.0,42.0,15.0,62.0,344.0,1438.0
863,876,,7,https://tiki.vn/cua-hang/saltysport?source_screen=product_detail&source_engine=organic,eXtreme Official,2019,34,4.6,1000,140,6239999,550.0,10.0,4.0,13.0,102.0,421.0
864,877,,7,https://tiki.vn/cua-hang/phu-kien-de-cung?source_screen=product_detail&source_engine=organic,Phụ kiện Dế Cưng,2019,342,4.5,6200,396,2495325,1391.0,54.0,19.0,46.0,222.0,1050.0
865,878,,4,https://tiki.vn/cua-hang/flyco-official-store?source_screen=product_detail&source_engine=organic,FLYCO OFFICIAL STORE,2022,9,5.0,1,4,0,1.0,0.0,0.0,0.0,0.0,1.0
866,879,,5,https://tiki.vn/cua-hang/lafooco-since-1985?source_screen=product_detail&source_engine=organic,LAFOOCO SINCE 1985,2021,42,4.7,586,706,8007000,282.0,6.0,6.0,4.0,40.0,226.0
867,880,,6,https://tiki.vn/cua-hang/soxbox?source_screen=product_detail&source_engine=organic,SOXBOX OFFICIAL STORE,2020,263,4.7,165,68,1264800,124.0,1.0,1.0,3.0,26.0,93.0
868,881,,5,https://tiki.vn/cua-hang/lida-pet-shop?source_screen=product_detail&source_engine=organic,Lida Pet Shop,2021,35,4.6,982,125,653000,105.0,3.0,2.0,1.0,23.0,76.0
869,882,,7,https://tiki.vn/cua-hang/thanh-binh-vitamin?source_screen=product_detail&source_engine=organic,Thanh Bình Vitamin,2019,37,4.5,654,240,3263000,368.0,24.0,5.0,19.0,78.0,242.0
870,883,,8,https://tiki.vn/cua-hang/greencross-vietnam?source_screen=product_detail&source_engine=organic,GreenCross Vietnam,2018,41,4.8,106,190,1833154,21.0,1.0,0.0,0.0,1.0,19.0
871,884,,6,https://tiki.vn/cua-hang/khangphucfood?source_screen=product_detail&source_engine=organic,khangphucfood,2020,7,4.8,102,17,0,48.0,1.0,1.0,0.0,3.0,43.0
872,885,,4,https://tiki.vn/cua-hang/rona-helmet-official?source_screen=product_detail&source_engine=organic,RONA HELMET OFFICIAL,2022,21,4.7,112,364,3420000,105.0,1.0,3.0,2.0,12.0,87.0
873,886,,3,https://tiki.vn/cua-hang/dnnhankhoi-rua-xe-khong-cham?source_screen=product_detail&source_engine=organic,DnNhanKhoi Rửa xe không chạm,2023,31,4.6,29,9,60000,19.0,2.0,0.0,0.0,3.0,14.0
874,887,,8,https://tiki.vn/cua-hang/suc-khoe-xanh?source_screen=product_detail&source_engine=organic,Sức Khỏe Xanh,2018,48,4.6,1300,241,1615000,992.0,26.0,14.0,25.0,156.0,771.0
875,888,,5,https://tiki.vn/cua-hang/bibica-official-store-?source_screen=product_detail&source_engine=organic,Bibica Official Store,2021,107,4.8,607,286,1891668,314.0,2.0,4.0,3.0,33.0,272.0
876,889,,5,https://tiki.vn/cua-hang/dong-ho-hang-longtime?source_screen=product_detail&source_engine=organic,SMARTWATCH,2021,252,4.6,4200,480,52367019,798.0,25.0,14.0,9.0,93.0,657.0
877,890,,3,https://tiki.vn/cua-hang/tiem-cho-meo-petshop?source_screen=product_detail&source_engine=organic,TIỆM CHÓ MÈO Petshop,2023,64,4.9,9,23,1105000,3.0,0.0,0.0,0.0,0.0,3.0
878,891,,6,https://tiki.vn/cua-hang/ledanta?source_screen=product_detail&source_engine=organic,LEDANTA,2020,19,4.4,935,0,2088000,570.0,49.0,18.0,25.0,107.0,371.0
879,892,,4,https://tiki.vn/cua-hang/kunosport-official-store?source_screen=product_detail&source_engine=organic,KUNOSPORT Official Store,2022,36,4.7,224,123,1438000,73.0,0.0,0.0,1.0,16.0,56.0
880,893,,8,https://tiki.vn/cua-hang/may-doc-sach-tot?source_screen=product_detail&source_engine=organic,Máy đọc sách tốt,2018,3,4.7,167,149,0,5.0,0.0,0.0,2.0,1.0,2.0
881,714,,5,https://tiki.vn/cua-hang/yimitashop?source_screen=product_detail&source_engine=organic,Yimitashop,2021,3,0.0,0,0,0,,,,,,
882,895,,7,https://tiki.vn/cua-hang/huong-sen-viet-dong-thap?source_screen=product_detail&source_engine=organic,Hương Sen Việt Đồng Tháp,2019,39,4.7,291,58,1652000,245.0,5.0,2.0,10.0,40.0,188.0
883,896,,5,https://tiki.vn/cua-hang/hafele-official?source_screen=product_detail&source_engine=organic,Hafele Official Store,2021,46,4.7,1900,3700,15102000,630.0,15.0,4.0,7.0,64.0,540.0
884,897,,4,https://tiki.vn/cua-hang/eco-wipes-viet-nam?source_screen=product_detail&source_engine=organic,ECOWIPES VN,2022,47,4.7,100,109,2505500,61.0,1.0,0.0,3.0,10.0,47.0
885,898,,7,https://tiki.vn/cua-hang/lubion-company?source_screen=product_detail&source_engine=organic,Balo Lubion,2019,17,0.0,0,1,5871000,1.0,0.0,0.0,0.0,0.0,1.0
886,899,,7,https://tiki.vn/cua-hang/smart-store?source_screen=product_detail&source_engine=organic,Smart Store,2019,70,4.4,690,320,8729000,25.0,0.0,0.0,1.0,10.0,14.0
887,900,,4,https://tiki.vn/cua-hang/tnshop-thoi-trang-trung-nguyen?source_screen=product_detail&source_engine=organic,TNShop Thời Trang Trung Nguyên,2022,41,4.8,6,3,0,6.0,0.0,0.0,0.0,1.0,5.0
888,901,,9,https://tiki.vn/cua-hang/patyca-shop?source_screen=product_detail&source_engine=organic,PATYCA SHOP,2017,20,4.5,272,197,1505000,244.0,10.0,4.0,10.0,48.0,172.0
889,902,,5,https://tiki.vn/cua-hang/123topvn?source_screen=product_detail&source_engine=organic,Siêu Thị Hạnh Phúc Happy Shop,2021,162,4.8,189,179,195000,74.0,1.0,0.0,0.0,1.0,72.0
890,903,,6,https://tiki.vn/cua-hang/ao-dieu-hoa?source_screen=product_detail&source_engine=organic,Áo điều hòa,2020,15,4.8,8,5,0,4.0,0.0,0.0,0.0,1.0,3.0
891,904,,5,https://tiki.vn/cua-hang/ts-hcm-store?source_screen=product_detail&source_engine=organic,TS HCM STORE,2021,37,4.6,1700,294,955125,58.0,5.0,0.0,1.0,7.0,45.0
892,905,,7,https://tiki.vn/cua-hang/van-phong-pham-vinhempich-tckt?source_screen=product_detail&source_engine=organic,Văn phòng phẩm Vinhempich TCKT,2019,330,4.7,1100,138,14001000,382.0,14.0,6.0,12.0,44.0,306.0
893,906,,7,https://tiki.vn/cua-hang/thegioicaptuivalybalomothanh?source_screen=product_detail&source_engine=organic,thegioicaptuivalybalomothanh,2019,3,4.4,44,0,0,4.0,0.0,0.0,0.0,0.0,4.0
894,907,,9,https://tiki.vn/cua-hang/tat-vo-donakein?source_screen=product_detail&source_engine=organic,Tất Vớ Donakein,2017,42,4.5,287,15,545000,249.0,5.0,5.0,16.0,48.0,175.0
895,908,,4,https://tiki.vn/cua-hang/tong-kho-gia-dung-82?source_screen=product_detail&source_engine=organic,Tổng kho gia dụng 82,2022,43,4.4,32,16,5994000,29.0,2.0,1.0,0.0,8.0,18.0
896,909,,5,https://tiki.vn/cua-hang/cua-hang-bep-hq?source_screen=product_detail&source_engine=organic,Cửa hàng Bếp HQ,2021,2,4.0,1,6,0,,,,,,
897,910,,4,https://tiki.vn/cua-hang/dien-may-hapa?source_screen=product_detail&source_engine=organic,Điện máy HAPA,2022,116,5.0,308,244,0,112.0,0.0,0.0,0.0,0.0,112.0
898,912,,6,https://tiki.vn/cua-hang/taituntin?source_screen=product_detail&source_engine=organic,TaiTunTin,2020,66,4.2,465,0,129000,9.0,0.0,1.0,3.0,2.0,3.0
899,913,,2,https://tiki.vn/cua-hang/dienmayphuchung?source_screen=product_detail&source_engine=organic,ĐiệnMáyPhúcHưng,2024,7,0.0,0,0,0,,,,,,
900,914,,4,https://tiki.vn/cua-hang/tachafarm?source_screen=product_detail&source_engine=organic,TachaFarm,2022,3,5.0,3,5,0,3.0,0.0,0.0,0.0,0.0,3.0
901,915,,4,https://tiki.vn/cua-hang/office-chill?source_screen=product_detail&source_engine=organic,Office Chill,2022,13,4.8,572,0,3991000,465.0,3.0,4.0,10.0,52.0,396.0
902,916,,3,https://tiki.vn/cua-hang/hang-bach-hoa?source_screen=product_detail&source_engine=organic,BH Kids,2023,24,3.0,2,3,279000,1.0,0.0,0.0,0.0,0.0,1.0
903,917,,7,https://tiki.vn/cua-hang/gia-dung-bigmart?source_screen=product_detail&source_engine=organic,Dozzi Official Store,2019,5,4.2,117,152,1370000,26.0,3.0,0.0,0.0,6.0,17.0
904,918,,4,https://tiki.vn/cua-hang/leafbio?source_screen=product_detail&source_engine=organic,LeafBio,2022,58,4.8,58,22,1191000,43.0,1.0,0.0,0.0,4.0,38.0
905,919,,6,https://tiki.vn/cua-hang/vi-sinh-nong-nghiep?source_screen=product_detail&source_engine=organic,Vi sinh nông nghiệp,2020,6,4.3,17,2,0,,,,,,
906,920,,5,https://tiki.vn/cua-hang/sim-thach-that-368?source_screen=product_detail&source_engine=organic,Sim Thạch Thất 368,2021,4,4.8,564,273,2295990,453.0,2.0,5.0,5.0,49.0,392.0
907,921,,3,https://tiki.vn/cua-hang/sairui-store?source_screen=product_detail&source_engine=organic,Sairui Store,2023,32,4.8,24,0,9246000,22.0,0.0,0.0,0.0,5.0,17.0
908,922,,7,https://tiki.vn/cua-hang/vua-nem-official-store?source_screen=product_detail&source_engine=organic,Vua Nệm Official Store,2019,35,4.7,2900,5800,9458000,1130.0,33.0,7.0,17.0,148.0,925.0
909,923,,8,https://tiki.vn/cua-hang/la-gourmet-flagship?source_screen=product_detail&source_engine=organic,La gourmet Flagship,2018,67,4.5,612,603,18476000,262.0,7.0,3.0,14.0,32.0,206.0
910,924,,3,https://tiki.vn/cua-hang/nippon-paint-official?source_screen=product_detail&source_engine=organic,Nippon Paint Official,2023,52,4.5,8,23,159000,8.0,1.0,0.0,0.0,0.0,7.0
911,925,,7,https://tiki.vn/cua-hang/dien-may-tam-oanh?source_screen=product_detail&source_engine=organic,Điện máy Tám Oanh,2019,165,4.5,288,0,512100,82.0,1.0,0.0,4.0,25.0,52.0
912,926,,4,https://tiki.vn/cua-hang/shopngocthy-the-gioi-gao-lut?source_screen=product_detail&source_engine=organic,ShopNgocThy Thế giới Gạo lứt,2022,14,4.7,100,51,0,61.0,1.0,0.0,0.0,7.0,53.0
913,927,,8,https://tiki.vn/cua-hang/tra-thao-duoc-vherbs?source_screen=product_detail&source_engine=organic,Trà Organic VHerbs,2018,36,4.6,156,46,2223700,151.0,5.0,2.0,8.0,24.0,112.0
914,928,,8,https://tiki.vn/cua-hang/phu-kien-an-tam?source_screen=product_detail&source_engine=organic,Antam Trading,2018,40,4.5,2700,0,11899100,98.0,0.0,1.0,0.0,8.0,89.0
915,929,,7,https://tiki.vn/cua-hang/cabasports-official-store?source_screen=product_detail&source_engine=organic,Cabasports Store,2019,53,4.6,1700,2900,2254000,222.0,4.0,1.0,7.0,32.0,178.0
916,930,,5,https://tiki.vn/cua-hang/letnature-store?source_screen=product_detail&source_engine=organic,LetNature Store,2021,36,4.8,103,42,0,21.0,0.0,0.0,1.0,1.0,19.0
917,931,,6,https://tiki.vn/cua-hang/dongviet?source_screen=product_detail&source_engine=organic,DONGVIET,2020,2,4.7,3,0,0,,,,,,
918,932,,6,https://tiki.vn/cua-hang/gem-clothing?source_screen=product_detail&source_engine=organic,Gem clothing,2020,101,4.5,38,770,0,8.0,0.0,0.0,0.0,0.0,8.0
919,933,,4,https://tiki.vn/cua-hang/tap-hoa-van-an?source_screen=product_detail&source_engine=organic,Tạp hóa Vân An,2022,82,4.8,540,50,1260000,29.0,1.0,1.0,0.0,8.0,19.0
920,934,,8,https://tiki.vn/cua-hang/miha-fashion?source_screen=product_detail&source_engine=organic,Miha Fashion,2018,3,4.5,182,14,693000,57.0,1.0,0.0,0.0,3.0,53.0
921,935,,6,https://tiki.vn/cua-hang/hieu-thao?source_screen=product_detail&source_engine=organic,Hiếu Thảo,2020,59,4.2,802,144,4889250,94.0,6.0,6.0,6.0,19.0,57.0
922,936,,4,https://tiki.vn/cua-hang/shop-sen-vang?source_screen=product_detail&source_engine=organic,Shop Sen Vàng,2022,1,5.0,4,0,0,,,,,,
923,937,,8,https://tiki.vn/cua-hang/congngheso-store?source_screen=product_detail&source_engine=organic,Congngheso Store,2018,222,4.3,2300,144,11094958,591.0,30.0,9.0,12.0,89.0,451.0
924,938,,7,https://tiki.vn/cua-hang/honimore-official?source_screen=product_detail&source_engine=organic,HONIMORE Official,2019,68,4.8,211,143,877000,174.0,2.0,2.0,2.0,16.0,152.0
925,939,,6,https://tiki.vn/cua-hang/giai-phap-an-ninh-toan-cau?source_screen=product_detail&source_engine=organic,Giải Pháp An Ninh Toàn Cầu,2020,3,4.0,1,0,0,,,,,,
926,940,,9,https://tiki.vn/cua-hang/solg?source_screen=product_detail&source_engine=organic,Sol.g,2017,276,4.2,841,235,7145000,487.0,35.0,16.0,34.0,82.0,320.0
927,941,,4,https://tiki.vn/cua-hang/anlimen-gentle?source_screen=product_detail&source_engine=organic,Anlimen Gentle,2022,30,5.0,6,17,470000,6.0,0.0,0.0,0.0,0.0,6.0
928,942,,6,https://tiki.vn/cua-hang/hat-bi-rang-trong-nhan?source_screen=product_detail&source_engine=organic,Hạt bí rang trọng nhân,2020,3,4.7,398,22,2534000,394.0,3.0,4.0,9.0,69.0,309.0
929,943,,7,https://tiki.vn/cua-hang/hungthinh864?source_screen=product_detail&source_engine=organic,HungThinh864,2019,8,4.7,63,26,0,15.0,0.0,0.0,0.0,1.0,14.0
930,944,,7,https://tiki.vn/cua-hang/vitapro-bot-ngu-coc-dinh-duong?source_screen=product_detail&source_engine=organic,Vitapro Bột Ngũ Cốc Dinh Dưỡng,2019,11,4.8,612,0,621000,290.0,0.0,3.0,5.0,49.0,233.0
931,945,,5,https://tiki.vn/cua-hang/cho-xe-dap?source_screen=product_detail&source_engine=organic,Chợ xe đạp,2021,7,4.8,165,0,0,17.0,0.0,0.0,0.0,1.0,16.0
932,946,,7,https://tiki.vn/cua-hang/vanduc?source_screen=product_detail&source_engine=organic,VANDUC,2019,10,4.4,96,9,243000,81.0,3.0,2.0,6.0,15.0,55.0
933,947,,4,https://tiki.vn/cua-hang/saramonic-official-store?source_screen=product_detail&source_engine=organic,Saramonic Official Store,2022,24,4.6,14,148,0,2.0,0.0,0.0,0.0,0.0,2.0
934,948,,8,https://tiki.vn/cua-hang/ca-phe-thu-ha?source_screen=product_detail&source_engine=organic,Cà Phê Thu Hà,2018,15,4.5,178,0,1759300,133.0,5.0,8.0,4.0,16.0,100.0
935,949,,8,https://tiki.vn/cua-hang/phucantech?source_screen=product_detail&source_engine=organic,phucantech,2018,17,4.8,6,10,2182500,3.0,0.0,0.0,0.0,1.0,2.0
936,950,,8,https://tiki.vn/cua-hang/poang?source_screen=product_detail&source_engine=organic,POANG,2018,30,4.2,270,192,0,65.0,2.0,3.0,5.0,10.0,45.0
937,951,,5,https://tiki.vn/cua-hang/ac-quy-thien-phuc?source_screen=product_detail&source_engine=organic,ẮC QUY THIÊN PHÚC,2021,4,5.0,13,0,0,6.0,0.0,0.0,0.0,0.0,6.0
938,952,,4,https://tiki.vn/cua-hang/pick-me-pet-store?source_screen=product_detail&source_engine=organic,PICK ME Pet Store,2022,62,4.6,16,12,986100,2.0,0.0,0.0,0.0,0.0,2.0
939,953,,8,https://tiki.vn/cua-hang/mica-sao-mai?source_screen=product_detail&source_engine=organic,ENTER OFFICE,2018,347,4.4,107,0,2985000,43.0,0.0,0.0,0.0,5.0,38.0
940,954,,4,https://tiki.vn/cua-hang/beyaki?source_screen=product_detail&source_engine=organic,BEYAKI,2022,10,4.9,126,135,208000,117.0,0.0,1.0,0.0,5.0,111.0
941,955,,8,https://tiki.vn/cua-hang/enjoy?source_screen=product_detail&source_engine=organic,enjoy,2018,7,4.6,13,2,0,3.0,0.0,0.0,1.0,2.0,0.0
942,956,,8,https://tiki.vn/cua-hang/toplens?source_screen=product_detail&source_engine=organic,TOPLENS,2018,4,4.7,775,0,2000000,312.0,6.0,2.0,7.0,33.0,264.0
943,957,,4,https://tiki.vn/cua-hang/eni-lubricants?source_screen=product_detail&source_engine=organic,ENI LUBRICANTS,2022,44,4.3,7,9,0,4.0,1.0,0.0,0.0,0.0,3.0
944,958,,5,https://tiki.vn/cua-hang/phan-mem-van-phong?source_screen=product_detail&source_engine=organic,Phần mềm Văn phòng,2021,2,4.9,233,0,2036030,36.0,0.0,0.0,0.0,1.0,35.0
945,959,,8,https://tiki.vn/cua-hang/chotot24hcomvn?source_screen=product_detail&source_engine=organic,chotot24h.com.vn,2018,4,4.5,636,28,378000,47.0,3.0,1.0,2.0,8.0,33.0
946,960,,5,https://tiki.vn/cua-hang/cvdbeehoney?source_screen=product_detail&source_engine=organic,Cvdbeehoney,2021,30,4.9,25,374,0,21.0,0.0,0.0,1.0,0.0,20.0
947,961,,7,https://tiki.vn/cua-hang/kuti-garden?source_screen=product_detail&source_engine=organic,KUTI GARDEN,2019,5,4.4,1900,186,0,215.0,4.0,6.0,10.0,41.0,154.0
948,962,,5,https://tiki.vn/cua-hang/vo-xe-anh-khoi?source_screen=product_detail&source_engine=organic,Vỏ Xe Anh Khôi,2021,26,4.8,22,13,735000,22.0,0.0,0.0,0.0,5.0,17.0
949,963,,9,https://tiki.vn/cua-hang/ca-chep-bookstore?source_screen=product_detail&source_engine=organic,Cá Chép Bookstore,2017,2000,4.8,9200,7500,17538455,5630.0,50.0,21.0,70.0,494.0,4995.0
950,964,,5,https://tiki.vn/cua-hang/duoc-lieu-thai-minh-nguyen?source_screen=product_detail&source_engine=organic,Dược liệu Thái Minh Nguyên,2021,7,5.0,8,3,537000,8.0,0.0,0.0,0.0,0.0,8.0
951,965,,5,https://tiki.vn/cua-hang/shop-vay-chong-nang-an-nhien?source_screen=product_detail&source_engine=organic,Shop váy chống nắng An Nhiên,2021,9,4.9,193,0,523200,76.0,0.0,0.0,0.0,6.0,70.0
952,966,,8,https://tiki.vn/cua-hang/ngocyen-shop?source_screen=product_detail&source_engine=organic,NgocYen Shop,2018,1,4.7,7,0,0,,,,,,
953,967,,4,https://tiki.vn/cua-hang/cho-tot-auto?source_screen=product_detail&source_engine=organic,Chợ Tốt Auto,2022,11,4.4,45,0,0,5.0,0.0,0.0,0.0,1.0,4.0
954,968,,4,https://tiki.vn/cua-hang/ht2-shop?source_screen=product_detail&source_engine=organic,HT2 SHOP,2022,73,4.1,140,30,4497000,5.0,0.0,0.0,0.0,2.0,3.0
955,969,,8,https://tiki.vn/cua-hang/thinh-phat-1?source_screen=product_detail&source_engine=organic,Thịnh Phát 1,2018,56,4.5,3900,347,5222000,514.0,16.0,5.0,13.0,95.0,385.0
956,970,,6,https://tiki.vn/cua-hang/ngu-cocan-sinh?source_screen=product_detail&source_engine=organic,ngu coc an sinh,2020,4,5.0,11,3,0,11.0,0.0,0.0,0.0,0.0,11.0
957,971,,7,https://tiki.vn/cua-hang/may-tinh-quang-minh?source_screen=product_detail&source_engine=organic,MÁY TÍNH QUANG MINH,2019,318,4.3,97,46,4779660,46.0,4.0,1.0,2.0,5.0,34.0
958,972,,7,https://tiki.vn/cua-hang/bidikid?source_screen=product_detail&source_engine=organic,BIDIKID,2019,15,4.7,2500,260,0,660.0,12.0,6.0,26.0,78.0,538.0
959,973,,4,https://tiki.vn/cua-hang/t-o-d-a?source_screen=product_detail&source_engine=organic,T O D A,2022,37,4.5,24,1,853000,13.0,1.0,0.0,0.0,3.0,9.0
960,974,,7,https://tiki.vn/cua-hang/sleepdays-viet-nam?source_screen=product_detail&source_engine=organic,Sleepdays Việt Nam,2019,10,4.7,138,62,3591000,13.0,0.0,0.0,0.0,0.0,13.0
961,975,,7,https://tiki.vn/cua-hang/the-gioi-gia-vi?source_screen=product_detail&source_engine=organic,Thế giới gia vị,2019,14,4.4,95,25,328000,95.0,7.0,1.0,0.0,28.0,59.0
962,976,,6,https://tiki.vn/cua-hang/dz-store?source_screen=product_detail&source_engine=organic,DZ store,2020,97,4.7,99,115,465600,22.0,0.0,1.0,1.0,3.0,17.0
963,977,,3,https://tiki.vn/cua-hang/cong-ty-tnhh-tri-tin?source_screen=product_detail&source_engine=organic,CÔNG TY TNHH TRÍ TÍN,2023,129,4.8,22,7,2815000,23.0,1.0,0.0,0.0,0.0,22.0
964,978,,6,https://tiki.vn/cua-hang/giai-phap-song-khoe?source_screen=product_detail&source_engine=organic,GIẢI PHÁP SỐNG KHỎE,2020,144,4.7,3600,1400,357679000,2557.0,62.0,15.0,58.0,324.0,2098.0
965,979,,7,https://tiki.vn/cua-hang/nguyenvustore?source_screen=product_detail&source_engine=organic,NGUYENVUSTORE,2019,231,4.7,36000,8300,927948810,11505.0,226.0,94.0,188.0,1184.0,9813.0
966,980,,7,https://tiki.vn/cua-hang/digitechjsc?source_screen=product_detail&source_engine=organic,DIGITECHJSC,2019,2,4.8,5,3,0,,,,,,
967,981,,6,https://tiki.vn/cua-hang/cua-hang-laptopst?source_screen=product_detail&source_engine=organic,Của Hàng LAPTOPST,2020,6,4.4,39,42,0,,,,,,
968,982,,7,https://tiki.vn/cua-hang/a-tuan-khang?source_screen=product_detail&source_engine=organic,A Tuấn Khang,2019,21,4.8,98,19,0,86.0,1.0,1.0,0.0,10.0,74.0
969,983,,5,https://tiki.vn/cua-hang/shop-cong-nghe-anh-quan?source_screen=product_detail&source_engine=organic,Shop công nghệ anh Quân,2021,9,4.5,23,18,1843000,18.0,1.0,0.0,1.0,3.0,13.0
970,984,,7,https://tiki.vn/cua-hang/vietgreen?source_screen=product_detail&source_engine=organic,VietGreen,2019,5,4.8,30,36,0,,,,,,
971,985,,7,https://tiki.vn/cua-hang/pronaco?source_screen=product_detail&source_engine=organic,CH PROCA,2019,9,4.6,21,6,269000,21.0,0.0,1.0,0.0,6.0,14.0
972,986,,9,https://tiki.vn/cua-hang/tinhhoa?source_screen=product_detail&source_engine=organic,Tinh Hoa,2017,356,4.5,2000,425,153800150,1022.0,18.0,13.0,19.0,118.0,854.0
973,987,,4,https://tiki.vn/cua-hang/cst-retail?source_screen=product_detail&source_engine=organic,CST Retail,2022,221,3.9,180,16,10875900,48.0,2.0,3.0,1.0,13.0,29.0
974,988,,5,https://tiki.vn/cua-hang/hcmobile?source_screen=product_detail&source_engine=organic,HCMOBILE,2021,19,4.7,85,9,196000,12.0,0.0,0.0,0.0,0.0,12.0
975,51,,7,https://tiki.vn/cua-hang/drinkwatersmart?source_screen=product_detail&source_engine=organic,AirSmartHome,2019,1,0.0,0,0,0,,,,,,
976,1260,,3,https://tiki.vn/cua-hang/cong-ty-tnhh-dv-tbvp-tan-phat?source_screen=product_detail&source_engine=organic,CÔNG TY TNHH DV TBVP TẤN PHÁT,2023,17,5.0,1,1,0,1.0,0.0,0.0,0.0,0.0,1.0
977,991,,7,https://tiki.vn/cua-hang/sun-media?source_screen=product_detail&source_engine=organic,Sun Media,2019,2,5.0,1,0,0,,,,,,
978,992,,6,https://tiki.vn/cua-hang/tri-kien-food?source_screen=product_detail&source_engine=organic,TRÍ KIÊN FOOD,2020,9,5.0,35,55,55000,19.0,0.0,0.0,0.0,0.0,19.0
979,993,,3,https://tiki.vn/cua-hang/gorobike-xe-dap-tre-em?source_screen=product_detail&source_engine=organic,Gorobike Xe đạp trẻ em,2023,13,5.0,1,13,0,1.0,0.0,0.0,0.0,0.0,1.0
980,994,,7,https://tiki.vn/cua-hang/cay-nam-nho-doi-can?source_screen=product_detail&source_engine=organic,cây nấm nhỏ đội cấn,2019,1,4.5,153,60,0,1.0,0.0,0.0,0.0,0.0,1.0
981,1580,,5,https://tiki.vn/cua-hang/cong-ty-tnhh-dong-ho-bao-lam?source_screen=product_detail&source_engine=organic,BẢO LÂM WATCH,2021,21,0.0,0,0,0,,,,,,
982,996,,6,https://tiki.vn/cua-hang/hitech07?source_screen=product_detail&source_engine=organic,Hitech07,2020,6,4.3,21000,1300,0,303.0,14.0,11.0,16.0,47.0,215.0
983,997,,8,https://tiki.vn/cua-hang/thiet-bi-tuoi-claber?source_screen=product_detail&source_engine=organic,THIẾT BỊ TƯỚI CLABER,2018,57,4.6,571,368,1229999,389.0,8.0,5.0,16.0,64.0,296.0
984,998,,7,https://tiki.vn/cua-hang/gamall?source_screen=product_detail&source_engine=organic,Gamall,2019,20,4.6,229,0,2090000,165.0,4.0,4.0,4.0,23.0,130.0
985,999,,4,https://tiki.vn/cua-hang/cua-hang-ha-ut?source_screen=product_detail&source_engine=organic,Cửa hàng hà út,2022,1,4.3,51,0,299000,6.0,1.0,0.0,0.0,1.0,4.0
986,1000,,4,https://tiki.vn/cua-hang/dien-may-tan-tai?source_screen=product_detail&source_engine=organic,ĐIỆN MÁY TẤN TÀI,2022,1694,4.8,149,792,102851200,38.0,0.0,0.0,1.0,5.0,32.0
987,1001,,4,https://tiki.vn/cua-hang/tu-nguyen-global?source_screen=product_detail&source_engine=organic,TƯ NGUYÊN GLOBAL,2022,36,4.8,20,13,3918000,15.0,0.0,0.0,0.0,3.0,12.0
988,1002,,4,https://tiki.vn/cua-hang/trung-nguyen-fashion?source_screen=product_detail&source_engine=organic,Trung Nguyen Fashion,2022,40,4.7,6,0,327000,5.0,0.0,0.0,0.0,2.0,3.0
989,1003,,4,https://tiki.vn/cua-hang/colorful-official?source_screen=product_detail&source_engine=organic,COLORFUL OFFICIAL,2022,21,5.0,1,43,0,1.0,0.0,0.0,0.0,0.0,1.0
990,1004,,6,https://tiki.vn/cua-hang/cham-soc-o-to-24h?source_screen=product_detail&source_engine=organic,Chăm sóc ô tô 24h,2020,17,4.7,1000,0,3963000,818.0,17.0,8.0,21.0,149.0,623.0
991,1005,,8,https://tiki.vn/cua-hang/davitashop?source_screen=product_detail&source_engine=organic,DavitaShop,2018,96,4.5,1700,141,12734000,975.0,46.0,18.0,46.0,159.0,706.0
992,1006,,6,https://tiki.vn/cua-hang/pdc-store?source_screen=product_detail&source_engine=organic,PDC-Tech,2020,50,4.7,89,1100,3550000,7.0,0.0,0.0,0.0,1.0,6.0
993,1007,,2,https://tiki.vn/cua-hang/dulcett-official?source_screen=product_detail&source_engine=organic,DULCETT Official,2024,49,4.3,18,3,1430000,18.0,2.0,0.0,1.0,3.0,12.0
994,1008,,8,https://tiki.vn/cua-hang/bosch-official-store?source_screen=product_detail&source_engine=organic,Bosch Official Store,2018,152,4.5,1600,3300,13785000,369.0,11.0,6.0,9.0,58.0,285.0
995,1009,,4,https://tiki.vn/cua-hang/momo-me-kem-dau?source_screen=product_detail&source_engine=organic,Momo Mẹ Kem Dâu,2022,2,4.9,8,7,0,8.0,0.0,0.0,0.0,1.0,7.0
996,1010,,5,https://tiki.vn/cua-hang/tan-tai-biotech?source_screen=product_detail&source_engine=organic,Tan Tai Biotech,2021,6,4.8,24,18,550000,22.0,0.0,0.0,0.0,5.0,17.0
997,1011,,7,https://tiki.vn/cua-hang/ido-audio?source_screen=product_detail&source_engine=organic,IDO Audio,2019,18,4.6,358,155,446200,238.0,12.0,4.0,2.0,24.0,196.0
998,1012,,5,https://tiki.vn/cua-hang/baoan-home?source_screen=product_detail&source_engine=organic,BaoAn Home,2021,12,4.6,2800,942,701000,2.0,0.0,0.0,0.0,0.0,2.0
999,1013,,8,https://tiki.vn/cua-hang/tiecxinh360?source_screen=product_detail&source_engine=organic,tiecxinh,2018,88,4.7,2600,577,1073000,90.0,0.0,3.0,1.0,7.0,79.0
1000,1014,,7,https://tiki.vn/cua-hang/huong-viet-coffee?source_screen=product_detail&source_engine=organic,Hương Việt Coffee,2019,20,4.4,8,0,0,7.0,0.0,0.0,0.0,4.0,3.0
1001,1015,,7,https://tiki.vn/cua-hang/sieu-thi-may-pha-ca-phe?source_screen=product_detail&source_engine=organic,Siêu thị máy pha cà phê,2019,28,5.0,1,39,0,1.0,0.0,0.0,0.0,0.0,1.0
1002,1016,,4,https://tiki.vn/cua-hang/sami-sami?source_screen=product_detail&source_engine=organic,SAMI SAMI,2022,10,4.6,22,0,849200,21.0,0.0,0.0,0.0,9.0,12.0
1003,1017,,5,https://tiki.vn/cua-hang/phu-kien-oto-thanh-phat?source_screen=product_detail&source_engine=organic,PHỤ KIỆN ÔTÔ THÀNH PHÁT,2021,4,4.5,699,186,0,4.0,0.0,0.0,0.0,0.0,4.0
1004,1018,,5,https://tiki.vn/cua-hang/aikuu-bear-official?source_screen=product_detail&source_engine=organic,Kemin Official Store,2021,20,4.6,303,362,3513000,249.0,4.0,3.0,8.0,30.0,204.0
1005,1019,,3,https://tiki.vn/cua-hang/siiden-tat-vo-vi-moi-truong?source_screen=product_detail&source_engine=organic,Siiden Tất vớ vì môi trường,2023,28,5.0,8,15,688500,6.0,0.0,0.0,0.0,0.0,6.0
1006,1020,,3,https://tiki.vn/cua-hang/piti-homy?source_screen=product_detail&source_engine=organic,PiTi Homy,2023,6,5.0,3,8,0,2.0,0.0,0.0,0.0,0.0,2.0
1007,1021,,7,https://tiki.vn/cua-hang/phu-kien-so-pro?source_screen=product_detail&source_engine=organic,Phụ Kiện Số Pro,2019,81,4.1,678,48,1210000,76.0,4.0,1.0,2.0,13.0,56.0
1008,1022,,9,https://tiki.vn/cua-hang/sato-official-store?source_screen=product_detail&source_engine=organic,SATO OFFICIAL STORE,2017,116,3.8,81,295,3500000,9.0,1.0,0.0,3.0,2.0,3.0
1009,1023,,8,https://tiki.vn/cua-hang/lotus-rice?source_screen=product_detail&source_engine=organic,Lotus Rice,2018,9,4.8,3400,1800,8506000,1479.0,21.0,9.0,33.0,149.0,1267.0
1010,1024,,8,https://tiki.vn/cua-hang/golden-gift-viet-nam?source_screen=product_detail&source_engine=organic,Golden Gift Việt Nam,2018,184,4.9,21,16,0,21.0,0.0,0.0,0.0,2.0,19.0
1011,1025,,5,https://tiki.vn/cua-hang/cat-meo-kaka?source_screen=product_detail&source_engine=organic,CÁT MÈO KAKA,2021,3,4.7,25,10,0,20.0,1.0,0.0,0.0,1.0,18.0
1012,1026,,8,https://tiki.vn/cua-hang/ugreenonline?source_screen=product_detail&source_engine=organic,ugreenonline,2018,2000,4.7,3200,642,17470340,1619.0,43.0,12.0,30.0,206.0,1328.0
1013,1027,,7,https://tiki.vn/cua-hang/smart-home-store-vn?source_screen=product_detail&source_engine=organic,Smart Home Store Vn,2019,53,4.8,21,0,533500,12.0,0.0,0.0,1.0,2.0,9.0
1014,1028,,5,https://tiki.vn/cua-hang/xe-may-sang-thu?source_screen=product_detail&source_engine=organic,Xe Máy Sáng Thu,2021,35,5.0,26,155,36700000,2.0,0.0,0.0,0.0,0.0,2.0
1015,1029,,5,https://tiki.vn/cua-hang/vnracing-official-store?source_screen=product_detail&source_engine=organic,VNRACING Official Store,2021,1,0.0,0,1,0,,,,,,
1016,1030,,8,https://tiki.vn/cua-hang/dientuhuyenanh?source_screen=product_detail&source_engine=organic,Dientuhuyenanh,2018,34,4.4,929,249,15641250,354.0,15.0,14.0,18.0,78.0,229.0
1017,1031,,6,https://tiki.vn/cua-hang/dropson-store?source_screen=product_detail&source_engine=organic,Dropson Store,2020,1,5.0,4,2,0,4.0,0.0,0.0,0.0,0.0,4.0
1018,1032,,5,https://tiki.vn/cua-hang/hong-quang-telecom?source_screen=product_detail&source_engine=organic,Hồng Quang Telecom,2021,11,4.0,1,0,0,1.0,0.0,0.0,0.0,1.0,0.0
1019,1033,,7,https://tiki.vn/cua-hang/fornix-ha-noi?source_screen=product_detail&source_engine=organic,FORNIX Hà Nội,2019,9,4.5,2,7,0,,,,,,
1020,1035,,8,https://tiki.vn/cua-hang/thao-duoc-hoang-long?source_screen=product_detail&source_engine=organic,Thảo Dược Hoàng Long,2018,10,4.4,845,85,990000,367.0,31.0,5.0,8.0,67.0,256.0
1021,1036,,4,https://tiki.vn/cua-hang/duoc-pham-cho-lon?source_screen=product_detail&source_engine=organic,Dược phẩm Chợ Lớn,2022,3,4.9,10,0,1867500,10.0,0.0,0.0,0.0,1.0,9.0
1022,1037,,7,https://tiki.vn/cua-hang/do-uong-truyen-thong?source_screen=product_detail&source_engine=organic,Đồ Uống Truyền Thống,2019,3,4.9,79,115,935000,23.0,0.0,0.0,0.0,2.0,21.0
1023,1038,,7,https://tiki.vn/cua-hang/saffron-kingdom-nhuy-hoa-nghe-tay-iran?source_screen=product_detail&source_engine=organic,Kingdom Herb Official,2019,28,4.8,1400,1000,4688000,1202.0,17.0,3.0,14.0,145.0,1023.0
1024,1039,,7,https://tiki.vn/cua-hang/bepnhatoi?source_screen=product_detail&source_engine=organic,Bepnhatoi,2019,220,4.7,67,44,5298000,44.0,1.0,0.0,0.0,6.0,37.0
1025,1040,,7,https://tiki.vn/cua-hang/winelife?source_screen=product_detail&source_engine=organic,winelife,2019,52,4.7,55,48,2190000,52.0,1.0,0.0,1.0,10.0,40.0
1026,1041,,5,https://tiki.vn/cua-hang/shop-tai-trang?source_screen=product_detail&source_engine=organic,Shop Tài Trang,2021,1,4.5,69,0,0,14.0,0.0,1.0,0.0,1.0,12.0
1027,1042,,6,https://tiki.vn/cua-hang/azp-furniture?source_screen=product_detail&source_engine=organic,AZ PRICE FURNITURE,2020,681,4.5,1100,610,342603000,342.0,19.0,14.0,18.0,58.0,233.0
1028,1043,,4,https://tiki.vn/cua-hang/cua-hang-nem-truong-phat?source_screen=product_detail&source_engine=organic,Cửa hàng nệm trường phát,2022,22,4.3,155,41,1685000,77.0,4.0,0.0,2.0,21.0,50.0
1029,1044,,5,https://tiki.vn/cua-hang/sieu-thi-hong-anh?source_screen=product_detail&source_engine=organic,Siêu thị Hồng Anh,2021,60,4.6,561,98,2161000,334.0,0.0,3.0,5.0,56.0,270.0
1030,1805,,4,https://tiki.vn/cua-hang/vinatekgroup?source_screen=product_detail&source_engine=organic,VINATEKGROUP,2022,5,0.0,0,0,0,,,,,,
1031,1046,,7,https://tiki.vn/cua-hang/lugbro-vietnam?source_screen=product_detail&source_engine=organic,Lugbro Vietnam,2019,36,5.0,1,5,0,2.0,0.0,0.0,0.0,0.0,2.0
1032,1047,,6,https://tiki.vn/cua-hang/gia-vi-doispice?source_screen=product_detail&source_engine=organic,Gia vị Doispice,2020,12,4.7,142,88,300000,139.0,2.0,0.0,5.0,21.0,111.0
1033,1048,,6,https://tiki.vn/cua-hang/vuong-phu?source_screen=product_detail&source_engine=organic,Vượng Phú,2020,38,4.6,304,72,809500,277.0,7.0,2.0,11.0,43.0,214.0
1034,1049,,9,https://tiki.vn/cua-hang/nam-xanh?source_screen=product_detail&source_engine=organic,Nam Xanh,2017,24,4.9,137,0,1600000,89.0,1.0,1.0,2.0,8.0,77.0
1035,1050,,6,https://tiki.vn/cua-hang/uslion?source_screen=product_detail&source_engine=organic,USLION,2020,6,4.2,1500,178,880030,244.0,14.0,6.0,19.0,58.0,147.0
1036,1051,,7,https://tiki.vn/cua-hang/tra-dong-son?source_screen=product_detail&source_engine=organic,Trà Đông Sơn,2019,44,4.8,76,20,0,67.0,0.0,0.0,3.0,8.0,56.0
1037,1052,,5,https://tiki.vn/cua-hang/duc-tuan-shop?source_screen=product_detail&source_engine=organic,Đức Tuấn Shop,2021,490,4.6,283,72,8171000,278.0,10.0,2.0,4.0,45.0,217.0
1038,1053,,4,https://tiki.vn/cua-hang/tong-kho-elmic?source_screen=product_detail&source_engine=organic,Tổng kho Elmic,2022,34,4.9,15,10,0,7.0,0.0,0.0,1.0,0.0,6.0
1039,1054,,5,https://tiki.vn/cua-hang/sieu-thi-bo-dam?source_screen=product_detail&source_engine=organic,Siêu Thị Bộ Đàm,2021,101,4.6,182,70,1284000,157.0,4.0,1.0,4.0,27.0,121.0
1040,1055,,4,https://tiki.vn/cua-hang/ecotashop?source_screen=product_detail&source_engine=organic,ECOTAShop,2022,1,0.0,0,1,0,,,,,,
1041,1056,,5,https://tiki.vn/cua-hang/3a-diem-tua-thanh-cong?source_screen=product_detail&source_engine=organic,3A Điểm Tựa Thành Công,2021,68,4.1,11,11,850000,4.0,0.0,0.0,1.0,2.0,1.0
1042,1697,,4,https://tiki.vn/cua-hang/hoang-an-auto?source_screen=product_detail&source_engine=organic,Hoàng An Auto,2022,2,0.0,0,0,0,,,,,,
1043,1515,,3,https://tiki.vn/cua-hang/binh-thuan-ford?source_screen=product_detail&source_engine=organic,Bình Thuận Ford,2023,5,0.0,0,2,0,,,,,,
1044,1059,,5,https://tiki.vn/cua-hang/cua-hang-anhdung?source_screen=product_detail&source_engine=organic,Cửa Hàng ANHDUNG,2021,35,4.9,14,0,0,6.0,0.0,0.0,0.0,0.0,6.0
1045,1060,,3,https://tiki.vn/cua-hang/3lanh?source_screen=product_detail&source_engine=organic,Trầm Hương 3 Lành,2023,50,4.9,8,5,2935826,8.0,0.0,0.0,0.0,1.0,7.0
1046,1061,,6,https://tiki.vn/cua-hang/locker-and-lock-vietnam?source_screen=product_detail&source_engine=organic,Locker and Lock Vietnam,2020,3,5.0,4,4,0,4.0,0.0,0.0,0.0,0.0,4.0
1047,1062,,7,https://tiki.vn/cua-hang/sport-live?source_screen=product_detail&source_engine=organic,Rinfere Official,2019,9,4.7,2500,0,5104000,1584.0,36.0,25.0,42.0,213.0,1268.0
1048,1063,,3,https://tiki.vn/cua-hang/vetc-thu-phi-tu-dong?source_screen=product_detail&source_engine=organic,VETC THU PHÍ TỰ ĐỘNG,2023,1,4.8,49,0,1440000,49.0,1.0,1.0,0.0,1.0,46.0
1049,1064,,8,https://tiki.vn/cua-hang/ta-online?source_screen=product_detail&source_engine=organic,TA ONLINE,2018,5,4.8,8,0,0,2.0,0.0,0.0,0.0,0.0,2.0
1050,1749,,3,https://tiki.vn/cua-hang/gotechsoft-co-ltd?source_screen=product_detail&source_engine=organic,GOTECHSOFT CO LTD,2023,1,0.0,0,0,0,,,,,,
1051,1659,,4,https://tiki.vn/cua-hang/nguyen-hoang-6688?source_screen=product_detail&source_engine=organic,Nguyên Hoàng 6688,2022,6,0.0,0,0,0,,,,,,
1052,1067,,5,https://tiki.vn/cua-hang/dientanthinh?source_screen=product_detail&source_engine=organic,ĐiệnTânThịnh,2021,128,4.7,43,15,592000,1.0,0.0,0.0,0.0,0.0,1.0
1053,1068,,5,https://tiki.vn/cua-hang/ecoking?source_screen=product_detail&source_engine=organic,ecoking,2021,2,4.2,132,71,0,,,,,,
1054,1069,,5,https://tiki.vn/cua-hang/xe-dap-tre-em-hoang-gia?source_screen=product_detail&source_engine=organic,Royal baby Official,2021,75,4.9,35,0,3190000,30.0,1.0,0.0,0.0,1.0,28.0
1055,1070,,5,https://tiki.vn/cua-hang/non-trum-dau-an-son-sai-gon?source_screen=product_detail&source_engine=organic,NÓN TRÙM ĐẦU 42 SÀI GÒN,2021,35,4.8,35,0,414000,5.0,1.0,0.0,0.0,1.0,3.0
1056,1730,,5,https://tiki.vn/cua-hang/vien-may-loc-nuoc-doctor-nuoc?source_screen=product_detail&source_engine=organic,Viện máy lọc nước DOCTOR NƯỚC,2021,25,0.0,0,15,0,,,,,,
1057,1072,,6,https://tiki.vn/cua-hang/dong-thang-store?source_screen=product_detail&source_engine=organic,Đồng Thắng Store,2020,39,4.7,450,121,782600,310.0,4.0,5.0,5.0,43.0,253.0
1058,1073,,5,https://tiki.vn/cua-hang/san-pham-sinh-hoc-tc?source_screen=product_detail&source_engine=organic,Sản phẩm Sinh học TC,2021,1,0.0,0,3,0,,,,,,
1059,1074,,3,https://tiki.vn/cua-hang/gauu-petshop?source_screen=product_detail&source_engine=organic,Gấuu Petshop,2023,8,5.0,20,6,1250700,19.0,0.0,0.0,0.0,0.0,19.0
1060,1075,,3,https://tiki.vn/cua-hang/may-tinh-minh-tu?source_screen=product_detail&source_engine=organic,Máy Tính Minh Tú,2023,11,4.3,6,0,0,3.0,1.0,0.0,0.0,0.0,2.0
1061,1076,,4,https://tiki.vn/cua-hang/greenabc?source_screen=product_detail&source_engine=organic,GREENABC GREENABC online,2022,44,4.9,88,9,836000,69.0,0.0,0.0,2.0,5.0,62.0
1062,506,,8,https://tiki.vn/cua-hang/mac-more?source_screen=product_detail&source_engine=organic,Mac&More,2018,2,0.0,0,0,0,,,,,,
1063,1078,,5,https://tiki.vn/cua-hang/tam-hien-phat?source_screen=product_detail&source_engine=organic,Tâm Hiền Phát,2021,27,4.8,582,378,0,9.0,0.0,0.0,0.0,0.0,9.0
1064,1079,,4,https://tiki.vn/cua-hang/toshiba-storage-official-store?source_screen=product_detail&source_engine=organic,Toshiba Storage Official Store,2022,6,4.7,72,158,1535510,10.0,0.0,1.0,0.0,1.0,8.0
1065,1080,,5,https://tiki.vn/cua-hang/alchemy-asia?source_screen=product_detail&source_engine=organic,ALCHEMY ASIA,2021,123,4.9,98,91,3599000,5.0,0.0,0.0,0.0,1.0,4.0
1066,1081,,3,https://tiki.vn/cua-hang/vinhphat-store?source_screen=product_detail&source_engine=organic,VinhPhat Store,2023,46,4.2,49,19,1663000,1.0,0.0,0.0,0.0,0.0,1.0
1067,1082,,4,https://tiki.vn/cua-hang/h3t-sport?source_screen=product_detail&source_engine=organic,H3T Sport,2022,112,4.5,146,33,4978700,132.0,6.0,2.0,3.0,22.0,99.0
1068,1083,,8,https://tiki.vn/cua-hang/miley-lingerie?source_screen=product_detail&source_engine=organic,Miley Lingerie,2018,312,4.6,2800,2600,60592980,2484.0,62.0,24.0,75.0,399.0,1924.0
1069,1084,,8,https://tiki.vn/cua-hang/nguyen-van-thang?source_screen=product_detail&source_engine=organic,GIA DỤNG VIỆT,2018,2000,4.4,7800,1500,1870327960,4713.0,233.0,88.0,177.0,860.0,3355.0
1070,1085,,4,https://tiki.vn/cua-hang/hadu-home?source_screen=product_detail&source_engine=organic,Hadu Home,2022,362,4.2,589,238,3732000,19.0,4.0,2.0,0.0,2.0,11.0
1071,1086,,7,https://tiki.vn/cua-hang/hat-dieu-rang-muoi-sviet?source_screen=product_detail&source_engine=organic,hạt điều rang muối SVIET,2019,7,4.5,579,185,0,579.0,14.0,15.0,34.0,115.0,401.0
1072,1087,,2,https://tiki.vn/cua-hang/cua-hang-thuoc-muoi?source_screen=product_detail&source_engine=organic,Cửa hàng thuốc muỗi,2024,7,4.8,6,1,3245000,5.0,0.0,0.0,0.0,1.0,4.0
1073,1088,,3,https://tiki.vn/cua-hang/satori-water-official?source_screen=product_detail&source_engine=organic,SATORI WATER OFFICIAL,2023,32,0.0,0,0,232500,5.0,0.0,0.0,0.0,0.0,5.0
1074,1089,,4,https://tiki.vn/cua-hang/pet-corner-goc-nho-thu-cung?source_screen=product_detail&source_engine=organic,Pet Corner Góc nhỏ thú cưng,2022,41,4.8,444,432,852000,71.0,0.0,0.0,1.0,11.0,59.0
1075,1090,,8,https://tiki.vn/cua-hang/biogreen?source_screen=product_detail&source_engine=organic,Biogreen,2018,58,4.6,18,24,726000,11.0,1.0,0.0,1.0,1.0,8.0
1076,1091,,7,https://tiki.vn/cua-hang/hmt-store?source_screen=product_detail&source_engine=organic,hmt store,2019,17,4.7,168,0,259000,129.0,1.0,1.0,6.0,28.0,93.0
1077,1092,,5,https://tiki.vn/cua-hang/shopcod?source_screen=product_detail&source_engine=organic,shopCoD,2021,6,0.0,0,0,0,3.0,0.0,0.0,0.0,0.0,3.0
1078,1093,,2,https://tiki.vn/cua-hang/tempo-flagship-store?source_screen=product_detail&source_engine=organic,TEMPO FLAGSHIP STORE,2024,40,4.0,1,1,5442000,1.0,0.0,0.0,0.0,1.0,0.0
1079,1094,,4,https://tiki.vn/cua-hang/tnbags?source_screen=product_detail&source_engine=organic,TNBags,2022,37,4.9,24,0,957000,20.0,0.0,0.0,0.0,2.0,18.0
1080,1095,,6,https://tiki.vn/cua-hang/itel-official-store?source_screen=product_detail&source_engine=organic,ITEL Official Store,2020,1,4.8,69,36,0,1.0,0.0,0.0,0.0,0.0,1.0
1081,1096,,7,https://tiki.vn/cua-hang/thiet-bi-nganh-loc-nuoc?source_screen=product_detail&source_engine=organic,Thiết Bị Ngành Lọc Nước,2019,56,4.1,56,27,0,49.0,5.0,0.0,5.0,8.0,31.0
1082,1097,,4,https://tiki.vn/cua-hang/sipu-official?source_screen=product_detail&source_engine=organic,SiPU OFFICIAL,2022,69,4.7,65,14,6870000,59.0,1.0,0.0,0.0,16.0,42.0
1083,1098,,8,https://tiki.vn/cua-hang/tra-bao-loc-vu-gia-i6934?source_screen=product_detail&source_engine=organic,VŨ GIA TEA & FARM,2018,176,4.4,901,516,1237000,570.0,29.0,19.0,29.0,80.0,413.0
1084,1099,,4,https://tiki.vn/cua-hang/dien-nuoc-hong-thuy?source_screen=product_detail&source_engine=organic,Điện nước Hồng Thủy,2022,15,4.3,17,0,140000,8.0,0.0,0.0,0.0,5.0,3.0
1085,1100,,5,https://tiki.vn/cua-hang/viko-mart?source_screen=product_detail&source_engine=organic,ViKo Mart,2021,46,4.7,540,53,791000,106.0,0.0,0.0,3.0,14.0,89.0
1086,1101,,8,https://tiki.vn/cua-hang/tomato-tp?source_screen=product_detail&source_engine=organic,TOMATO T&P,2018,11,4.6,333,50,130000,,,,,,
1087,1102,,6,https://tiki.vn/cua-hang/freshgoodsgroup?source_screen=product_detail&source_engine=organic,FRESHGOODSGROUP,2020,1,4.7,82,57,260000,19.0,1.0,0.0,1.0,1.0,16.0
1088,1218,,3,https://tiki.vn/cua-hang/vat-lieu-loc-72?source_screen=product_detail&source_engine=organic,VẬT LIỆU LỌC 72,2023,5,0.0,0,0,0,,,,,,
1089,1104,,7,https://tiki.vn/cua-hang/dac-san-thu-duong?source_screen=product_detail&source_engine=organic,Đặc Sản Thu Dương,2019,110,4.7,5600,3000,3746000,2254.0,53.0,19.0,67.0,323.0,1792.0
1090,1105,,6,https://tiki.vn/cua-hang/365-cosmetics?source_screen=product_detail&source_engine=organic,365 Cosmetics,2020,98,4.6,1900,320,12516000,1013.0,21.0,4.0,31.0,185.0,772.0
1091,1106,,6,https://tiki.vn/cua-hang/vicosap?source_screen=product_detail&source_engine=organic,Vicosap,2020,33,4.5,33,39,1042000,3.0,0.0,0.0,0.0,0.0,3.0
1092,1107,,5,https://tiki.vn/cua-hang/hientran?source_screen=product_detail&source_engine=organic,HienTran,2021,4,4.5,63,0,348000,6.0,0.0,0.0,1.0,1.0,4.0
1093,1108,,4,https://tiki.vn/cua-hang/24h-quality-of-life?source_screen=product_detail&source_engine=organic,24H QUALITY OF LIFE,2022,42,5.0,1,106,225000,,,,,,
1094,1513,,6,https://tiki.vn/cua-hang/cuong-nga-phu-kien-o-to?source_screen=product_detail&source_engine=organic,Cường Nga Phụ Kiện Ô Tô,2020,2,0.0,0,3,0,,,,,,
1095,1110,,9,https://tiki.vn/cua-hang/taylan?source_screen=product_detail&source_engine=organic,TAYLAN,2017,35,4.6,269,35,1296000,169.0,2.0,3.0,5.0,24.0,135.0
1096,1111,,3,https://tiki.vn/cua-hang/mai-outdoors?source_screen=product_detail&source_engine=organic,MAI Outdoors,2023,5,5.0,3,2,0,3.0,0.0,0.0,0.0,0.0,3.0
1097,1112,,7,https://tiki.vn/cua-hang/tulu-shop?source_screen=product_detail&source_engine=organic,EODOR OFFICIAL STORE,2019,3,0.0,0,0,0,,,,,,
1098,1113,,8,https://tiki.vn/cua-hang/viet-nhat?source_screen=product_detail&source_engine=organic,Việt Nhật,2018,21,3.5,4,0,0,1.0,0.0,0.0,0.0,1.0,0.0
1099,1114,,4,https://tiki.vn/cua-hang/jlab-official-store?source_screen=product_detail&source_engine=organic,JLab Official Store,2022,14,4.7,108,162,1154300,14.0,0.0,0.0,0.0,5.0,9.0
1100,1283,,6,https://tiki.vn/cua-hang/xuong-may-manh-huong?source_screen=product_detail&source_engine=organic,Xưởng may Mạnh Hương,2020,1,0.0,0,1,0,,,,,,
1101,1116,,3,https://tiki.vn/cua-hang/g-o-o-d-d-a-y-mtv?source_screen=product_detail&source_engine=organic,G O O D D A Y MTV,2023,13,0.0,0,0,0,,,,,,
1102,1117,,7,https://tiki.vn/cua-hang/thiet-bi-ve-sinh-hai-ha?source_screen=product_detail&source_engine=organic,Nhà Bếp Phòng Tắm VALENZA Official,2019,72,4.4,1500,310,1510000,211.0,9.0,1.0,2.0,32.0,167.0
1103,1118,,8,https://tiki.vn/cua-hang/tshop?source_screen=product_detail&source_engine=organic,Tshop,2018,250,4.1,354,253,22937170,276.0,19.0,10.0,21.0,63.0,163.0
1104,1119,,7,https://tiki.vn/cua-hang/cong-ty-co-phan-3t-food?source_screen=product_detail&source_engine=organic,CÔNG TY CỔ PHẦN 3T FOOD,2019,2,4.8,745,87,272000,367.0,0.0,2.0,6.0,48.0,311.0
1105,1120,,8,https://tiki.vn/cua-hang/venado?source_screen=product_detail&source_engine=organic,Venado,2018,43,4.3,803,0,878000,295.0,12.0,2.0,8.0,51.0,222.0
1106,1121,,5,https://tiki.vn/cua-hang/olo-official-store?source_screen=product_detail&source_engine=organic,OZOVN STORE,2021,23,4.8,9900,4200,18745000,2369.0,21.0,10.0,25.0,237.0,2076.0
1107,1122,,8,https://tiki.vn/cua-hang/kobivina?source_screen=product_detail&source_engine=organic,Kobi official store,2018,217,4.7,8600,1700,8108000,7280.0,98.0,58.0,208.0,744.0,6172.0
1108,1123,,7,https://tiki.vn/cua-hang/minh-thuy-pet-shop?source_screen=product_detail&source_engine=organic,Minh Thuy Pet Shop,2019,15,4.5,482,0,120000,290.0,8.0,1.0,10.0,60.0,211.0
1109,1124,,4,https://tiki.vn/cua-hang/mhg-smart-home-store?source_screen=product_detail&source_engine=organic,PHILIPS MASSAGER,2022,19,4.7,142,168,51220000,34.0,3.0,1.0,1.0,3.0,26.0
1110,1125,,6,https://tiki.vn/cua-hang/ca-phe-sam?source_screen=product_detail&source_engine=organic,Cà phê Sâm,2020,2,4.8,76,54,0,76.0,1.0,0.0,3.0,9.0,63.0
1111,1126,,7,https://tiki.vn/cua-hang/tui-da-that-kat?source_screen=product_detail&source_engine=organic,Túi da thật Kat,2019,2,4.0,3,17,0,1.0,0.0,0.0,0.0,0.0,1.0
1112,1127,,5,https://tiki.vn/cua-hang/connect10?source_screen=product_detail&source_engine=organic,CONNECT10,2021,13,4.5,206,48,864000,27.0,0.0,0.0,1.0,4.0,22.0
1113,1128,,7,https://tiki.vn/cua-hang/tvc-vietnam?source_screen=product_detail&source_engine=organic,TVC Vietnam,2019,88,4.4,1300,110,6746000,811.0,25.0,6.0,14.0,122.0,644.0
1114,1129,,4,https://tiki.vn/cua-hang/ohlins-hoang-viet?source_screen=product_detail&source_engine=organic,Motor Ohlins Hoang Viet,2022,10,4.8,5,0,0,5.0,0.0,0.0,0.0,1.0,4.0
1115,1130,,9,https://tiki.vn/cua-hang/artbook?source_screen=product_detail&source_engine=organic,Artbook,2017,480,4.8,767,1400,26920000,112.0,3.0,0.0,0.0,7.0,102.0
1116,1131,,5,https://tiki.vn/cua-hang/giay-my-lan?source_screen=product_detail&source_engine=organic,Giấy My Lan,2021,2,4.7,188,0,0,,,,,,
1117,1132,,5,https://tiki.vn/cua-hang/kun-miu-plus-now?source_screen=product_detail&source_engine=organic,Kun Miu Plus Now,2021,360,4.8,2400,1000,55204714,1104.0,14.0,8.0,15.0,110.0,957.0
1118,1133,,6,https://tiki.vn/cua-hang/dreamer-official?source_screen=product_detail&source_engine=organic,Dreamer Official,2020,16,4.7,98,113,0,48.0,0.0,1.0,5.0,6.0,36.0
1119,1134,,8,https://tiki.vn/cua-hang/trai-cay-say-kho-vn?source_screen=product_detail&source_engine=organic,VNF Store,2018,3,4.4,3500,0,526000,352.0,6.0,3.0,15.0,78.0,250.0
1120,1135,,2,https://tiki.vn/cua-hang/tro-giang-aporo-va-thiet-bi-cntt?source_screen=product_detail&source_engine=organic,Trợ giảng Aporo và thiết bị CNTT,2024,10,4.4,14,11,60000,10.0,2.0,0.0,0.0,1.0,7.0
1121,1136,,9,https://tiki.vn/cua-hang/beauty-japan?source_screen=product_detail&source_engine=organic,Beauty Plaza,2017,34,4.4,67,9,1490000,24.0,1.0,0.0,2.0,2.0,19.0
1122,1137,,6,https://tiki.vn/cua-hang/ngochy?source_screen=product_detail&source_engine=organic,Ngochy,2020,222,4.6,1100,125,2383000,345.0,14.0,3.0,9.0,36.0,283.0
1123,1138,,5,https://tiki.vn/cua-hang/doctor-care-store?source_screen=product_detail&source_engine=organic,Doctor Care Store,2021,22,4.9,120,0,1289500,100.0,0.0,0.0,1.0,8.0,91.0
1124,1139,,7,https://tiki.vn/cua-hang/ankan?source_screen=product_detail&source_engine=organic,ANKAN,2019,80,4.5,606,0,3118300,124.0,1.0,1.0,5.0,15.0,102.0
1125,1140,,8,https://tiki.vn/cua-hang/gardena-viet-nam?source_screen=product_detail&source_engine=organic,Gardena Việt Nam,2018,132,4.5,147,101,2936918,80.0,4.0,1.0,1.0,14.0,60.0
1126,1141,,4,https://tiki.vn/cua-hang/cuong-fuwa-natural-products?source_screen=product_detail&source_engine=organic,Cuong Fuwa natural products,2022,4,4.9,9,27,0,,,,,,
1127,1142,,4,https://tiki.vn/cua-hang/dien-tu-minh-thu?source_screen=product_detail&source_engine=organic,ĐIỆN TỬ MINH THƯ,2022,18,4.1,49,0,2335000,20.0,4.0,0.0,0.0,2.0,14.0
1128,1143,,7,https://tiki.vn/cua-hang/smart-shop-tc?source_screen=product_detail&source_engine=organic,Smart Shop TC,2019,59,4.3,3500,162,2094000,366.0,12.0,5.0,4.0,54.0,291.0
1129,1144,,2,https://tiki.vn/cua-hang/south-wall?source_screen=product_detail&source_engine=organic,South Wall,2024,21,0.0,0,1,0,,,,,,
1130,1145,,5,https://tiki.vn/cua-hang/voi-xit-rua-xe-tuoi-cay-tlg?source_screen=product_detail&source_engine=organic,Vòi Xịt Rửa Xe Tưới Cây,2021,3,4.2,182,0,0,2.0,0.0,0.0,0.0,0.0,2.0
1131,1146,,4,https://tiki.vn/cua-hang/sieu-thi-vien-rua-cho-may?source_screen=product_detail&source_engine=organic,Siêu Thị Viên Rửa Cho Máy,2022,221,4.2,26,4,196081702,12.0,2.0,1.0,0.0,2.0,7.0
1132,1147,,9,https://tiki.vn/cua-hang/dau-tram-con-yeu?source_screen=product_detail&source_engine=organic,Dầu Tràm Con Yêu,2017,33,4.5,199,74,924000,70.0,1.0,0.0,0.0,6.0,63.0
1133,1148,,6,https://tiki.vn/cua-hang/samnystore?source_screen=product_detail&source_engine=organic,Samnystore,2020,14,4.7,1500,255,1736000,495.0,7.0,2.0,9.0,64.0,413.0
1134,1149,,7,https://tiki.vn/cua-hang/nhang-sen-lien-tam?source_screen=product_detail&source_engine=organic,Nhang Sen Liên Tâm,2019,20,4.8,584,280,1178500,499.0,5.0,3.0,8.0,80.0,403.0
1135,1150,,8,https://tiki.vn/cua-hang/viet-thanh?source_screen=product_detail&source_engine=organic,Việt Thành,2018,167,4.4,1200,9300,1965000,288.0,6.0,7.0,12.0,58.0,205.0
1136,1172,,6,https://tiki.vn/cua-hang/cong-ty-tnhh-viet-nam-recomm?source_screen=product_detail&source_engine=organic,RECOMM,2020,1,0.0,0,0,0,,,,,,
1137,1152,,7,https://tiki.vn/cua-hang/degrasan-vietchem?source_screen=product_detail&source_engine=organic,Degrasan Vietchem,2019,16,4.4,74,19,115000,8.0,1.0,0.0,0.0,1.0,6.0
1138,1153,,7,https://tiki.vn/cua-hang/dntn-sxxd-thuan-thanh?source_screen=product_detail&source_engine=organic,DNTN SXXD Thuận Thành,2019,2,4.8,237,76,278000,24.0,0.0,0.0,0.0,3.0,21.0
1139,1154,,5,https://tiki.vn/cua-hang/hoang-van-shop?source_screen=product_detail&source_engine=organic,HOÀNG VÂN SHOP,2021,8,4.7,167,28,742500,30.0,0.0,0.0,0.0,5.0,25.0
1140,1155,,7,https://tiki.vn/cua-hang/phu-kien-so-phuc-thanh?source_screen=product_detail&source_engine=organic,Phụ kiện số Phúc Thanh,2019,80,4.2,873,147,1566050,129.0,8.0,2.0,7.0,26.0,86.0
1141,1156,,6,https://tiki.vn/cua-hang/caphesachorg?source_screen=product_detail&source_engine=organic,Caphesachorg,2020,4,4.8,6,6,0,5.0,0.0,0.0,0.0,1.0,4.0
1142,1157,,5,https://tiki.vn/cua-hang/may-doc-sach-kobo-ha-noi?source_screen=product_detail&source_engine=organic,MÁY ĐỌC SÁCH KOBO HÀ NỘI,2021,8,4.9,31,24,4750000,527.0,2.0,3.0,3.0,36.0,483.0
1143,1158,,8,https://tiki.vn/cua-hang/happylive?source_screen=product_detail&source_engine=organic,HappyLive,2018,107,4.8,37000,10100,135650000,33114.0,374.0,222.0,578.0,3039.0,28901.0
1144,1159,,7,https://tiki.vn/cua-hang/hat-dinh-duong-fonut?source_screen=product_detail&source_engine=organic,Hạt dinh dưỡng FONUT,2019,33,4.5,2,2,250000,2.0,0.0,0.0,0.0,1.0,1.0
1145,1160,,5,https://tiki.vn/cua-hang/phuoc-nhun-giam-xoc-xe-may-jms?source_screen=product_detail&source_engine=organic,Phuộc nhún giảm xóc xe máy JMS,2021,13,4.8,6,7,390000,7.0,0.0,0.0,0.0,1.0,6.0
1146,1161,,5,https://tiki.vn/cua-hang/thoi-trang-thiet-ke-envy?source_screen=product_detail&source_engine=organic,THỜI TRANG ENVY,2021,15,4.7,7,0,0,5.0,0.0,0.0,0.0,1.0,4.0
1147,1162,,7,https://tiki.vn/cua-hang/tin-hoc-tran-nguyen?source_screen=product_detail&source_engine=organic,TIN HỌC TRẦN NGUYỄN,2019,7,4.5,14,0,0,1.0,0.0,0.0,0.0,0.0,1.0
1148,1163,,6,https://tiki.vn/cua-hang/thuy-hien-shop?source_screen=product_detail&source_engine=organic,Thuý Hiền Shop,2020,6,4.1,281,18,0,3.0,0.0,1.0,0.0,0.0,2.0
1149,1164,,2,https://tiki.vn/cua-hang/opetit?source_screen=product_detail&source_engine=organic,O'PETIT,2024,24,4.9,27,4,370000,21.0,0.0,0.0,0.0,2.0,19.0
1150,1165,,6,https://tiki.vn/cua-hang/dau-an-nakydaco?source_screen=product_detail&source_engine=organic,Dầu Ăn Nakydaco,2020,8,4.8,466,155,104500,367.0,5.0,1.0,1.0,38.0,322.0
1151,1166,,4,https://tiki.vn/cua-hang/bluezon?source_screen=product_detail&source_engine=organic,Bluezon,2022,46,4.7,81,52,3648000,50.0,0.0,0.0,1.0,12.0,37.0
1152,1167,,5,https://tiki.vn/cua-hang/hop-tac-xa-nong-lam-nghiep-hop-hoa?source_screen=product_detail&source_engine=organic,HTX Nông Lâm Nghiệp Hợp Hòa,2021,6,4.8,12,4,555000,11.0,0.0,0.0,0.0,3.0,8.0
1153,1168,,4,https://tiki.vn/cua-hang/steelmate?source_screen=product_detail&source_engine=organic,STEELMATE,2022,10,0.0,0,36,0,,,,,,
1154,1057,,4,https://tiki.vn/cua-hang/hsg-distribution?source_screen=product_detail&source_engine=organic,HSG Distribution,2022,1,0.0,0,0,0,,,,,,
1155,1170,,5,https://tiki.vn/cua-hang/kim-duc?source_screen=product_detail&source_engine=organic,KIM ĐỨC,2021,5,5.0,1,5,0,,,,,,
1156,1171,,4,https://tiki.vn/cua-hang/thu-y-tan-nhat-suong?source_screen=product_detail&source_engine=organic,THÚ Y TÂN NHẬT SƯƠNG,2022,24,4.7,21,6,680300,6.0,0.0,1.0,0.0,2.0,3.0
1157,1587,,6,https://tiki.vn/cua-hang/ccsh?source_screen=product_detail&source_engine=organic,CCSH,2020,1,0.0,0,0,0,,,,,,
1158,1173,,8,https://tiki.vn/cua-hang/senyda-jewelry?source_screen=product_detail&source_engine=organic,Senyda Jewelry Official,2018,9,4.4,30,26,0,,,,,,
1159,1174,,4,https://tiki.vn/cua-hang/balo-tui-xach-trung-nguyen-tnshop?source_screen=product_detail&source_engine=organic,Balo Túi xách Trung Nguyên TNShop,2022,39,4.7,19,0,179000,17.0,0.0,0.0,0.0,4.0,13.0
1160,1175,,4,https://tiki.vn/cua-hang/halula?source_screen=product_detail&source_engine=organic,HALULA,2022,238,4.6,16,7,1376610,13.0,0.0,1.0,0.0,2.0,10.0
1161,1151,,6,https://tiki.vn/cua-hang/long-ho-ict?source_screen=product_detail&source_engine=organic,Long Ho ICT,2020,1,0.0,0,0,0,,,,,,
1162,1177,,7,https://tiki.vn/cua-hang/co-mem?source_screen=product_detail&source_engine=organic,Cỏ Mềm Official Store,2019,56,4.6,3700,2000,6856000,1598.0,28.0,15.0,54.0,287.0,1214.0
1163,1178,,6,https://tiki.vn/cua-hang/omax-beauty-solution?source_screen=product_detail&source_engine=organic,ABEC Beauty Solution,2020,125,4.5,500,0,11724230,248.0,4.0,4.0,6.0,36.0,198.0
1164,1179,,5,https://tiki.vn/cua-hang/vita-signature-official-store?source_screen=product_detail&source_engine=organic,Vita Signature Official Store,2021,41,4.8,50,148,1196500,44.0,1.0,0.0,2.0,4.0,37.0
1165,1180,,2,https://tiki.vn/cua-hang/delonghi-official-store?source_screen=product_detail&source_engine=organic,DeLonghi Official Store,2024,76,4.9,9,63,58959665,5.0,0.0,0.0,0.0,0.0,5.0
1166,1182,,4,https://tiki.vn/cua-hang/dac-san-bien-phan-thiet-ngoc-dung?source_screen=product_detail&source_engine=organic,Đặc Sản Biển Phan Thiết NGỌC DŨNG,2022,30,4.7,30,6,0,28.0,2.0,0.0,0.0,2.0,24.0
1167,1183,,7,https://tiki.vn/cua-hang/the-eco-shop?source_screen=product_detail&source_engine=organic,Ankinte Official Store,2019,13,4.5,375,74,99000,236.0,3.0,5.0,7.0,62.0,159.0
1168,1184,,8,https://tiki.vn/cua-hang/misa-shop?source_screen=product_detail&source_engine=organic,MISA Shop,2018,915,4.0,991,105,13557000,767.0,71.0,34.0,72.0,153.0,437.0
1169,1185,,6,https://tiki.vn/cua-hang/vinameeting?source_screen=product_detail&source_engine=organic,Vinameeting,2020,1,4.7,45,0,2294050,27.0,1.0,0.0,0.0,0.0,26.0
1170,1186,,8,https://tiki.vn/cua-hang/thaiphongfood?source_screen=product_detail&source_engine=organic,thaiphongfood,2018,41,4.4,111,13,411200,68.0,5.0,1.0,2.0,14.0,46.0
1171,1187,,6,https://tiki.vn/cua-hang/vimo?source_screen=product_detail&source_engine=organic,Vimo,2020,88,4.5,2100,241,13299120,835.0,29.0,15.0,25.0,135.0,631.0
1172,1188,,8,https://tiki.vn/cua-hang/npoil?source_screen=product_detail&source_engine=organic,NPOIL,2018,27,4.2,9,15,0,8.0,0.0,0.0,0.0,6.0,2.0
1173,1189,,7,https://tiki.vn/cua-hang/day-hoi-khi-nen-han-quoc?source_screen=product_detail&source_engine=organic,Dây hơi khí nén,2019,1,5.0,1,0,0,1.0,0.0,0.0,0.0,0.0,1.0
1174,995,,5,https://tiki.vn/cua-hang/ti-nuong-shop-online?source_screen=product_detail&source_engine=organic,TI NUONG SHOP ONLINE,2021,1,0.0,0,0,0,,,,,,
1175,1191,,7,https://tiki.vn/cua-hang/dong-ho-phuong?source_screen=product_detail&source_engine=organic,Đồng Hồ Phương,2019,40,4.6,168,37,10540000,135.0,2.0,2.0,2.0,28.0,101.0
1176,1192,,6,https://tiki.vn/cua-hang/688-store?source_screen=product_detail&source_engine=organic,688 Store,2020,29,4.4,221,0,0,9.0,0.0,1.0,0.0,4.0,4.0
1177,1193,,4,https://tiki.vn/cua-hang/donghothongminhwonlex?source_screen=product_detail&source_engine=organic,DONGHOTHONGMINHWONLEX,2022,5,4.3,3,0,1295000,3.0,0.0,0.0,0.0,2.0,1.0
1178,1194,,9,https://tiki.vn/cua-hang/goldendolphin?source_screen=product_detail&source_engine=organic,Goldendolphin,2017,2,4.4,1300,180,1276000,2.0,0.0,0.0,0.0,1.0,1.0
1179,1195,,8,https://tiki.vn/cua-hang/tuoi-bien-vang?source_screen=product_detail&source_engine=organic,Tưới Biển Vàng,2018,9,4.0,448,0,1040000,12.0,2.0,1.0,0.0,2.0,7.0
1180,1196,,7,https://tiki.vn/cua-hang/hoa-bach-hop?source_screen=product_detail&source_engine=organic,Hoa Bách Hợp,2019,1,4.8,207,52,0,17.0,0.0,0.0,1.0,1.0,15.0
1181,1197,,5,https://tiki.vn/cua-hang/quang-thanh-bot-rau-say-lanh?source_screen=product_detail&source_engine=organic,Quảng Thanh Official Store,2021,30,4.8,108,235,602000,64.0,0.0,0.0,0.0,9.0,55.0
1182,1199,,4,https://tiki.vn/cua-hang/bach-hoa-andy?source_screen=product_detail&source_engine=organic,Bách hóa Andy,2022,16,4.8,61,13,4738400,43.0,1.0,1.0,1.0,4.0,36.0
1183,1200,,4,https://tiki.vn/cua-hang/shop-phu-kien-ha-noi?source_screen=product_detail&source_engine=organic,Shop phụ kiện Hà Nội,2022,1,5.0,3,0,0,3.0,0.0,0.0,0.0,0.0,3.0
1184,1201,,4,https://tiki.vn/cua-hang/giadung-01-store?source_screen=product_detail&source_engine=organic,giadung 01 store,2022,145,4.0,615,73,18861251,12.0,1.0,0.0,1.0,4.0,6.0
1185,1202,,7,https://tiki.vn/cua-hang/nikio-japan?source_screen=product_detail&source_engine=organic,NIKIO OFFICIAL STORE,2019,81,4.5,426,210,7653000,239.0,5.0,3.0,4.0,42.0,185.0
1186,1203,,7,https://tiki.vn/cua-hang/greenfields-coffee?source_screen=product_detail&source_engine=organic,GREENFIELDS COFFEE,2019,43,4.5,76,0,2203650,65.0,3.0,2.0,3.0,10.0,47.0
1187,1204,,3,https://tiki.vn/cua-hang/reeko-leather?source_screen=product_detail&source_engine=organic,Reeko Leather,2023,17,5.0,1,2,0,1.0,0.0,0.0,0.0,0.0,1.0
1188,1205,,7,https://tiki.vn/cua-hang/housetech-vn?source_screen=product_detail&source_engine=organic,Housetech vn,2019,11,4.2,1100,0,1317000,76.0,4.0,1.0,3.0,14.0,54.0
1189,1206,,5,https://tiki.vn/cua-hang/toy-baby-alice?source_screen=product_detail&source_engine=organic,Toy baby Alice,2021,48,3.6,956,0,767000,183.0,34.0,7.0,13.0,22.0,107.0
1190,1207,,7,https://tiki.vn/cua-hang/clickshop2019?source_screen=product_detail&source_engine=organic,Clickshop2019,2019,29,4.5,109,16,130000,27.0,0.0,1.0,1.0,8.0,17.0
1191,1208,,5,https://tiki.vn/cua-hang/kitacoom-official?source_screen=product_detail&source_engine=organic,KitAcoom Official,2021,26,4.4,769,0,1469992,260.0,8.0,4.0,8.0,42.0,198.0
1192,1209,,4,https://tiki.vn/cua-hang/gor-shop?source_screen=product_detail&source_engine=organic,Gor Shop,2022,20,4.5,199,64,198000,65.0,8.0,0.0,3.0,6.0,48.0
1193,1210,,9,https://tiki.vn/cua-hang/cong-ty-tnhh-thuong-mai-va-dich-vu-wonmom?source_screen=product_detail&source_engine=organic,CÔNG TY TNHH THƯƠNG MẠI VÀ DỊCH VỤ WONMOM,2017,137,4.6,722,484,48748000,671.0,13.0,14.0,18.0,150.0,476.0
1194,1211,,7,https://tiki.vn/cua-hang/huong-que-shop?source_screen=product_detail&source_engine=organic,Hương quế shop,2019,65,4.6,453,72,2386000,296.0,7.0,1.0,6.0,44.0,238.0
1195,1212,,5,https://tiki.vn/cua-hang/dien-may-vinh-tuong?source_screen=product_detail&source_engine=organic,Điện Máy Vĩnh Tường,2021,9,3.7,11,3,0,8.0,2.0,0.0,0.0,1.0,5.0
1196,1066,,4,https://tiki.vn/cua-hang/lop-dong-nai?source_screen=product_detail&source_engine=organic,LỐP ĐỒNG NAI,2022,1,0.0,0,0,0,,,,,,
1197,1214,,7,https://tiki.vn/cua-hang/nam-ly-tuong?source_screen=product_detail&source_engine=organic,Healthy Foods Now Nấm Lý tưởng,2019,48,4.4,49,13,0,,,,,,
1198,1215,,4,https://tiki.vn/cua-hang/yen-sao-khanh-hoa-ha-noi?source_screen=product_detail&source_engine=organic,yến sào khánh hòa Hà Nội,2022,67,4.9,16,8,16158000,16.0,0.0,0.0,0.0,2.0,14.0
1199,1216,,7,https://tiki.vn/cua-hang/cua-hang-vat-tu-nong-nghiep-khuya?source_screen=product_detail&source_engine=organic,Cửa hàng vật tư nông nghiệp Khuya,2019,31,4.7,115,37,0,2.0,0.0,0.0,0.0,1.0,1.0
1200,1217,,7,https://tiki.vn/cua-hang/kat-shop?source_screen=product_detail&source_engine=organic,Kat shop,2019,24,4.5,2500,180,2538000,876.0,24.0,9.0,60.0,171.0,612.0
1201,1264,,3,https://tiki.vn/cua-hang/tunglam?source_screen=product_detail&source_engine=organic,TungLam,2023,16,0.0,0,0,0,,,,,,
1202,1219,,2,https://tiki.vn/cua-hang/ral-vn?source_screen=product_detail&source_engine=organic,RAL VN,2024,64,0.0,0,0,0,,,,,,
1203,1220,,3,https://tiki.vn/cua-hang/shop-phu-kien-thai-ha?source_screen=product_detail&source_engine=organic,SHOP PHỤ KIỆN THÁI HÀ,2023,15,4.1,10,19,1115000,3.0,1.0,0.0,0.0,0.0,2.0
1204,1221,,6,https://tiki.vn/cua-hang/tranhsohoagam?source_screen=product_detail&source_engine=organic,tranhsohoagam,2020,458,4.8,1800,0,990000,865.0,11.0,8.0,11.0,87.0,748.0
1205,1222,,8,https://tiki.vn/cua-hang/gia-treo-man-hinh-nhap-khau?source_screen=product_detail&source_engine=organic,Giá Treo Màn Hình Nhập Khẩu,2018,18,4.8,1500,139,1664000,983.0,9.0,3.0,15.0,125.0,831.0
1206,1223,,8,https://tiki.vn/cua-hang/he-thong-xe-may-phuc-tien-phat?source_screen=product_detail&source_engine=organic,Hệ Thống Xe Máy Phúc Tiến Phát,2018,55,4.7,322,932,0,16.0,0.0,0.0,0.0,0.0,16.0
1207,1224,,6,https://tiki.vn/cua-hang/laceva-official-store?source_screen=product_detail&source_engine=organic,Laceva Official Store,2020,36,4.6,4900,1800,3791000,2793.0,68.0,21.0,84.0,512.0,2108.0
1208,1225,,6,https://tiki.vn/cua-hang/bia-thay-tu-eibauer?source_screen=product_detail&source_engine=organic,BIA THẦY TU EIBAUER,2020,9,4.8,713,1400,974400,381.0,5.0,3.0,9.0,43.0,321.0
1209,1226,,8,https://tiki.vn/cua-hang/amz-viet-nam?source_screen=product_detail&source_engine=organic,AMZ Việt Nam,2018,1,4.6,1500,0,807000,463.0,7.0,3.0,21.0,77.0,355.0
1210,1227,,8,https://tiki.vn/cua-hang/ngon-bo-re-chat-luong?source_screen=product_detail&source_engine=organic,Ngon - Bổ - Rẻ - Chất lượng,2018,3,4.7,83,0,1100000,46.0,1.0,1.0,1.0,6.0,37.0
1211,1228,,5,https://tiki.vn/cua-hang/alpine-official?source_screen=product_detail&source_engine=organic,Alpine Official,2021,29,0.0,0,22,0,,,,,,
1212,1229,,6,https://tiki.vn/cua-hang/mira-pro?source_screen=product_detail&source_engine=organic,THẾ GIỚI MUA SẮM ĐIỆN MÁY,2020,11,4.2,174,0,5516390,17.0,2.0,1.0,3.0,1.0,10.0
1213,1230,,7,https://tiki.vn/cua-hang/1life?source_screen=product_detail&source_engine=organic,1LIFE,2019,19,4.6,7,0,1260000,7.0,0.0,0.0,0.0,3.0,4.0
1214,1231,,5,https://tiki.vn/cua-hang/hangchon?source_screen=product_detail&source_engine=organic,hangchon,2021,2,4.3,213,55,0,6.0,0.0,0.0,0.0,0.0,6.0
1215,1232,,7,https://tiki.vn/cua-hang/phong-cach-xanh?source_screen=product_detail&source_engine=organic,Phong Cách Xanh,2019,257,4.9,449,0,3213830,95.0,1.0,1.0,0.0,4.0,89.0
1216,1233,,4,https://tiki.vn/cua-hang/transcend-official-store?source_screen=product_detail&source_engine=organic,Transcend Official Store,2022,8,5.0,2,24,0,2.0,0.0,0.0,0.0,0.0,2.0
1217,1234,,4,https://tiki.vn/cua-hang/phan-phoi-hang-hoa-phucnguyen65?source_screen=product_detail&source_engine=organic,Phân phối hàng hóa PhucNguyen65,2022,10,0.0,0,0,0,46.0,1.0,0.0,0.0,5.0,40.0
1218,1235,,8,https://tiki.vn/cua-hang/areon-viet-nam?source_screen=product_detail&source_engine=organic,AREON VIỆT NAM,2018,56,4.3,107,20,1290000,87.0,2.0,2.0,7.0,22.0,54.0
1219,1236,,6,https://tiki.vn/cua-hang/dai-ly-viet-tien-mc?source_screen=product_detail&source_engine=organic,Đại Lý Việt Tiến MC,2020,132,4.7,567,740,0,57.0,2.0,0.0,1.0,10.0,44.0
1220,1237,,8,https://tiki.vn/cua-hang/dai-nam-sport?source_screen=product_detail&source_engine=organic,Đại Nam Sport,2018,318,4.2,4400,725,42203000,3242.0,251.0,88.0,154.0,600.0,2149.0
1221,1238,,8,https://tiki.vn/cua-hang/intimex-group?source_screen=product_detail&source_engine=organic,iTGCOFFEE OFFICIAL STORE,2018,11,4.8,386,34,124000,326.0,2.0,0.0,5.0,31.0,288.0
1222,1239,,6,https://tiki.vn/cua-hang/dien-may-anh-thu?source_screen=product_detail&source_engine=organic,Điện máy Anh Thư,2020,280,4.5,50,69,0,1.0,0.0,0.0,0.0,0.0,1.0
1223,1240,,7,https://tiki.vn/cua-hang/khomayinthenhua?source_screen=product_detail&source_engine=organic,KhoMayInTheNhua,2019,11,4.2,5,7,0,3.0,0.0,0.0,0.0,0.0,3.0
1224,1241,,8,https://tiki.vn/cua-hang/dothada-khoa?source_screen=product_detail&source_engine=organic,Dothada Khóa,2018,147,4.7,356,40,2293830,160.0,1.0,1.0,4.0,20.0,134.0
1225,1242,,9,https://tiki.vn/cua-hang/dacs-viet-nam?source_screen=product_detail&source_engine=organic,Trung Tâm Công Cụ,2017,323,4.5,1200,392,7763400,96.0,4.0,2.0,7.0,17.0,66.0
1226,1243,,4,https://tiki.vn/cua-hang/aswei-official-store?source_screen=product_detail&source_engine=organic,ASWEI OFFICIAL STORE,2022,10,4.9,968,101,420000,10.0,0.0,0.0,0.0,1.0,9.0
1227,1244,,7,https://tiki.vn/cua-hang/duoc-pham-uc-chau?source_screen=product_detail&source_engine=organic,Dược Phẩm Úc Châu,2019,5,4.7,33,18,0,26.0,0.0,0.0,1.0,5.0,20.0
1228,1245,,4,https://tiki.vn/cua-hang/cheavalier-wines-spirits?source_screen=product_detail&source_engine=organic,Cheavalier Wines Spirits,2022,101,4.8,9,1,0,5.0,0.0,0.0,0.0,1.0,4.0
1229,1246,,4,https://tiki.vn/cua-hang/nuoc-giat-lord-hn?source_screen=product_detail&source_engine=organic,Nước giặt Lord HN,2022,5,0.0,0,2,0,,,,,,
1230,1247,,5,https://tiki.vn/cua-hang/cariva-bedding?source_screen=product_detail&source_engine=organic,Cariva Bedding,2021,13,4.4,49,27,1705000,12.0,0.0,0.0,0.0,1.0,11.0
1231,1248,,8,https://tiki.vn/cua-hang/thoi-trang-fatraly?source_screen=product_detail&source_engine=organic,Thời Trang FATRALY,2018,4,3.5,48,0,0,2.0,1.0,0.0,0.0,1.0,0.0
1232,1249,,5,https://tiki.vn/cua-hang/nhac-cu-tien-dat?source_screen=product_detail&source_engine=organic,NHẠC CỤ TIẾN ĐẠT,2021,77,4.7,365,859,1001500,191.0,5.0,1.0,4.0,28.0,153.0
1233,1250,,7,https://tiki.vn/cua-hang/hume-vn?source_screen=product_detail&source_engine=organic,HUME VN,2019,2,0.0,0,0,0,,,,,,
1234,1251,,8,https://tiki.vn/cua-hang/cua-hang-gas-ha-thanh?source_screen=product_detail&source_engine=organic,Cửa Hàng Gas Hà Thành,2018,42,4.3,24,9,0,16.0,1.0,0.0,0.0,3.0,12.0
1235,1252,,4,https://tiki.vn/cua-hang/mudifood?source_screen=product_detail&source_engine=organic,Mudifood,2022,85,4.9,59,97,2160300,43.0,1.0,0.0,1.0,1.0,40.0
1236,1253,,4,https://tiki.vn/cua-hang/cam-chao-mao-nam-da-nang?source_screen=product_detail&source_engine=organic,Cám chào mào nam Đà Nẵng,2022,3,5.0,1,0,0,,,,,,
1237,1254,,4,https://tiki.vn/cua-hang/arthouse-shop?source_screen=product_detail&source_engine=organic,Arthouse Shop,2022,85,4.6,34,30,812000,7.0,0.0,0.0,1.0,1.0,5.0
1238,1255,,4,https://tiki.vn/cua-hang/olli-technology-official-store?source_screen=product_detail&source_engine=organic,OLLI Technology Official Store,2022,2,4.8,39,99,0,,,,,,
1239,1256,,4,https://tiki.vn/cua-hang/he-sinh-thai-giai-phap-giao-duc-nexta?source_screen=product_detail&source_engine=organic,Hệ Sinh Thái Giải Pháp Giáo Dục Nexta,2022,3,5.0,4,7,0,3.0,0.0,0.0,0.0,0.0,3.0
1240,1257,,6,https://tiki.vn/cua-hang/f8?source_screen=product_detail&source_engine=organic,F8,2020,16,4.5,48,25,2226500,30.0,3.0,1.0,0.0,2.0,24.0
1241,1258,,4,https://tiki.vn/cua-hang/vien-thong-kim-anh?source_screen=product_detail&source_engine=organic,Viễn thông Kim Ánh,2022,108,5.0,2,0,534000,2.0,0.0,0.0,0.0,0.0,2.0
1242,1259,,5,https://tiki.vn/cua-hang/apl-shop?source_screen=product_detail&source_engine=organic,APL SHOP,2021,15,4.5,92,9,1220000,23.0,0.0,1.0,1.0,6.0,15.0
1243,990,,3,https://tiki.vn/cua-hang/bye-bye-blemish-official?source_screen=product_detail&source_engine=organic,Bye Bye Blemish Official,2023,10,5.0,1,1,0,1.0,0.0,0.0,0.0,0.0,1.0
1244,1261,,8,https://tiki.vn/cua-hang/procaffe?source_screen=product_detail&source_engine=organic,Procaffe,2018,85,4.6,161,226,1599000,45.0,2.0,1.0,0.0,5.0,37.0
1245,1262,,4,https://tiki.vn/cua-hang/vinacare-store?source_screen=product_detail&source_engine=organic,Vinacare Store,2022,67,4.4,10,5,364800,8.0,0.0,1.0,0.0,3.0,4.0
1246,1263,,3,https://tiki.vn/cua-hang/vtnn-tan-hung-phu?source_screen=product_detail&source_engine=organic,VTNN Tân Hưng Phú,2023,43,4.2,5,0,21450,,,,,,
1247,1103,,3,https://tiki.vn/cua-hang/hangthietyeu-cn-hcm?source_screen=product_detail&source_engine=organic,HANGTHIETYEU CN HCM,2023,7,0.0,0,0,0,,,,,,
1248,1265,,4,https://tiki.vn/cua-hang/gokitchen-store?source_screen=product_detail&source_engine=organic,Gokitchen Store,2022,18,5.0,1,2,0,,,,,,
1249,1190,,5,https://tiki.vn/cua-hang/arofly?source_screen=product_detail&source_engine=organic,AROFLY,2021,4,0.0,0,0,0,,,,,,
1250,1267,,8,https://tiki.vn/cua-hang/hoang-phuc-gia-dung-han-quoc?source_screen=product_detail&source_engine=organic,KOALAROO,2018,18,4.6,30,0,0,22.0,0.0,0.0,1.0,5.0,16.0
1251,1268,,4,https://tiki.vn/cua-hang/inface-sonic?source_screen=product_detail&source_engine=organic,INFACE SONIC,2022,6,4.7,235,20,3671000,65.0,1.0,0.0,3.0,10.0,51.0
1252,1269,,6,https://tiki.vn/cua-hang/nguyen-lieu-xanh-thuy-tung?source_screen=product_detail&source_engine=organic,NGUYÊN LIỆU XANH THUỶ TÙNG,2020,15,4.7,64,12,0,55.0,0.0,0.0,0.0,12.0,43.0
1253,1270,,5,https://tiki.vn/cua-hang/nhom-kinh-inox-khoi-hoa?source_screen=product_detail&source_engine=organic,Nhôm kính inox khởi hòa,2021,62,4.6,23,13,645000,11.0,0.0,0.0,0.0,2.0,9.0
1254,1271,,4,https://tiki.vn/cua-hang/lucy-furniture?source_screen=product_detail&source_engine=organic,Lucy Furniture,2022,23,4.4,816,92,45000,40.0,1.0,1.0,1.0,7.0,30.0
1255,1479,,4,https://tiki.vn/cua-hang/atlantic-technology-and-solutions?source_screen=product_detail&source_engine=organic,Atlantic Technology and Solutions,2022,2,0.0,0,0,0,,,,,,
1256,1273,,5,https://tiki.vn/cua-hang/noi-that-nha-minh?source_screen=product_detail&source_engine=organic,NỘI THẤT ADORA NEMADORA,2021,286,4.8,32,140,0,21.0,1.0,0.0,0.0,1.0,19.0
1257,1274,,5,https://tiki.vn/cua-hang/hth-store?source_screen=product_detail&source_engine=organic,HTH Store,2021,30,4.3,88,20,1365000,22.0,4.0,0.0,0.0,0.0,18.0
1258,1275,,7,https://tiki.vn/cua-hang/thiet-bi-vien-thong-eicc?source_screen=product_detail&source_engine=organic,THIẾT BỊ VIỄN THÔNG EICC,2019,8,0.0,0,0,0,,,,,,
1259,1276,,7,https://tiki.vn/cua-hang/shop-gia-dung-chau-au?source_screen=product_detail&source_engine=organic,Shop Gia Dụng Châu ÂU,2019,6,4.8,139,55,0,59.0,1.0,0.0,0.0,8.0,50.0
1260,1277,,2,https://tiki.vn/cua-hang/goodyear-official?source_screen=product_detail&source_engine=organic,Goodyear Official,2024,28,0.0,0,3,0,,,,,,
1261,1278,,4,https://tiki.vn/cua-hang/stc-san-pham-tay-rua-tien-ich?source_screen=product_detail&source_engine=organic,STC SẢN PHẨM TẨY RỬA TIỆN ÍCH,2022,3,0.0,0,0,396000,1.0,0.0,0.0,0.0,1.0,0.0
1262,1279,,6,https://tiki.vn/cua-hang/src-store?source_screen=product_detail&source_engine=organic,SRC Store,2020,3,4.6,29,36,0,27.0,0.0,0.0,3.0,6.0,18.0
1263,1280,,8,https://tiki.vn/cua-hang/panda-shop-sieu-re?source_screen=product_detail&source_engine=organic,Panda Shop Siêu Rẻ,2018,12,4.6,151,0,258000,82.0,1.0,1.0,4.0,13.0,63.0
1264,1281,,5,https://tiki.vn/cua-hang/do-gia-dung-gia-dinh-thong-minh?source_screen=product_detail&source_engine=organic,Đồ Gia Dụng Gia Đình Thông Minh,2021,6,4.3,287,52,2390000,5.0,1.0,0.0,1.0,0.0,3.0
1265,1282,,5,https://tiki.vn/cua-hang/dhome-official-store?source_screen=product_detail&source_engine=organic,DHome Official Store,2021,7,4.5,26,0,0,8.0,1.0,0.0,0.0,1.0,6.0
1266,210,,6,https://tiki.vn/cua-hang/biboostore?source_screen=product_detail&source_engine=organic,BiBooStore,2020,1,0.0,0,1,0,,,,,,
1267,1284,,6,https://tiki.vn/cua-hang/tra-dao-shin-betta?source_screen=product_detail&source_engine=organic,Trà đạo Shin Betta,2020,24,4.6,258,21,3185500,231.0,5.0,3.0,7.0,50.0,166.0
1268,1285,,6,https://tiki.vn/cua-hang/yen-phuc?source_screen=product_detail&source_engine=organic,Yên Phúc,2020,712,4.5,2600,361,13040000,1145.0,43.0,18.0,35.0,229.0,820.0
1269,1286,,7,https://tiki.vn/cua-hang/osramlighting?source_screen=product_detail&source_engine=organic,osramlighting,2019,28,4.7,338,691,370000,325.0,6.0,4.0,4.0,67.0,244.0
1270,1287,,4,https://tiki.vn/cua-hang/nineshield-official-store?source_screen=product_detail&source_engine=organic,Nineshield Official Store,2022,35,4.5,50,126,2106000,28.0,1.0,1.0,1.0,2.0,23.0
1271,1288,,5,https://tiki.vn/cua-hang/htd-technology?source_screen=product_detail&source_engine=organic,Đồ chơi công nghệ mới,2021,7,4.8,5,7,0,1.0,0.0,0.0,0.0,0.0,1.0
1272,1289,,5,https://tiki.vn/cua-hang/typhutyphu?source_screen=product_detail&source_engine=organic,typhutyphu,2021,3,4.4,70,5,0,,,,,,
1273,1290,,5,https://tiki.vn/cua-hang/aquahandy2020?source_screen=product_detail&source_engine=organic,AquaHandy2020,2021,9,4.9,21,11,0,2.0,0.0,0.0,0.0,0.0,2.0
1274,1291,,5,https://tiki.vn/cua-hang/zummo-vietnam-official-store?source_screen=product_detail&source_engine=organic,Vending Machines V,2021,1,0.0,0,48,0,,,,,,
1275,1292,,6,https://tiki.vn/cua-hang/nuoc-khu-trung-khu-khuan-apia?source_screen=product_detail&source_engine=organic,Nước khử trùng khử khuẩn Apia,2020,77,4.6,213,34,619000,192.0,7.0,2.0,9.0,34.0,140.0
1276,1293,,4,https://tiki.vn/cua-hang/sonamart0604?source_screen=product_detail&source_engine=organic,SONAMART0604,2022,17,4.0,1,1,0,1.0,0.0,0.0,0.0,1.0,0.0
1277,1294,,5,https://tiki.vn/cua-hang/halse-kitchen?source_screen=product_detail&source_engine=organic,HALSE Kitchen,2021,10,4.7,25,21,0,16.0,0.0,0.0,0.0,4.0,12.0
1278,1295,,5,https://tiki.vn/cua-hang/ta-bim-babies-organic?source_screen=product_detail&source_engine=organic,Tã bỉm Babies Organic,2021,35,4.6,319,396,3970000,245.0,6.0,2.0,17.0,45.0,175.0
1279,1296,,7,https://tiki.vn/cua-hang/thu-hien?source_screen=product_detail&source_engine=organic,Thu Hiên,2019,18,4.6,198,0,1038000,108.0,4.0,1.0,5.0,16.0,82.0
1280,1298,,7,https://tiki.vn/cua-hang/noniworld?source_screen=product_detail&source_engine=organic,NONIWORLD,2019,1,4.7,44,16,0,20.0,0.0,0.0,1.0,4.0,15.0
1281,1299,,8,https://tiki.vn/cua-hang/bao-ngoc-jewelry?source_screen=product_detail&source_engine=organic,Bảo Ngọc Jewelry,2018,337,4.6,3000,3200,0,,,,,,
1282,1300,,7,https://tiki.vn/cua-hang/salu-pet?source_screen=product_detail&source_engine=organic,SALU PET,2019,18,4.6,598,74,520000,4.0,0.0,0.0,0.0,0.0,4.0
1283,1301,,7,https://tiki.vn/cua-hang/sanag-technology?source_screen=product_detail&source_engine=organic,Sanag Technology,2019,5,4.6,1700,0,747000,587.0,12.0,6.0,14.0,65.0,490.0
1284,1302,,5,https://tiki.vn/cua-hang/maymaybrother?source_screen=product_detail&source_engine=organic,maymaybrother,2021,15,4.7,48,118,0,34.0,0.0,0.0,2.0,5.0,27.0
1285,1303,,8,https://tiki.vn/cua-hang/home-market-store?source_screen=product_detail&source_engine=organic,Minh Nguyen Easy Retail,2018,39,4.6,1200,0,164000,32.0,2.0,0.0,3.0,3.0,24.0
1286,1304,,5,https://tiki.vn/cua-hang/cholimex-food?source_screen=product_detail&source_engine=organic,Cholimex Food,2021,105,4.9,571,180,2726500,551.0,1.0,2.0,0.0,38.0,510.0
1287,1305,,8,https://tiki.vn/cua-hang/cong-ty-tnhh-ti-xi-ai?source_screen=product_detail&source_engine=organic,ELMIE OFFICIAL STORE,2018,55,4.4,35,29,165000,22.0,1.0,0.0,0.0,3.0,18.0
1288,1306,,5,https://tiki.vn/cua-hang/shop-kinh-mat-aq?source_screen=product_detail&source_engine=organic,Shop Kính Mắt AQ,2021,24,4.4,667,174,3924000,24.0,0.0,0.0,2.0,9.0,13.0
1289,1556,,7,https://tiki.vn/cua-hang/tabvietnam?source_screen=product_detail&source_engine=organic,Tabvietnam,2019,9,0.0,0,0,0,,,,,,
1290,1308,,7,https://tiki.vn/cua-hang/beruasieuamgtsonic?source_screen=product_detail&source_engine=organic,beruasieuamgtsonic,2019,13,4.3,35,17,0,25.0,3.0,0.0,0.0,6.0,16.0
1291,1309,,4,https://tiki.vn/cua-hang/smart-lighting-shop?source_screen=product_detail&source_engine=organic,Smart Lighting Shop,2022,244,4.5,420,210,26768970,321.0,20.0,3.0,6.0,52.0,240.0
1292,1310,,4,https://tiki.vn/cua-hang/may-loc-nuoc-rewa?source_screen=product_detail&source_engine=organic,MÁY LỌC NƯỚC REWA,2022,31,4.5,2,0,0,1.0,0.0,0.0,0.0,1.0,0.0
1293,1311,,6,https://tiki.vn/cua-hang/58-store?source_screen=product_detail&source_engine=organic,58 Store,2020,16,4.0,131,12,0,9.0,1.0,1.0,3.0,1.0,3.0
1294,1312,,3,https://tiki.vn/cua-hang/shoes-titi-do?source_screen=product_detail&source_engine=organic,Shoes TiTi Đô,2023,563,4.4,18,0,1929000,14.0,1.0,0.0,1.0,3.0,9.0
1295,1313,,6,https://tiki.vn/cua-hang/sagoker-store?source_screen=product_detail&source_engine=organic,SAGOKER Store,2020,4,4.6,1200,190,99999,179.0,8.0,5.0,8.0,19.0,139.0
1296,1314,,3,https://tiki.vn/cua-hang/coca-cola-official-store?source_screen=product_detail&source_engine=organic,Coca-Cola Official Store,2023,37,4.5,116,83,1344000,80.0,4.0,2.0,4.0,7.0,63.0
1297,1315,,6,https://tiki.vn/cua-hang/skypiea?source_screen=product_detail&source_engine=organic,SKYPIEA Việt Nam,2020,7,4.5,927,2000,3029000,90.0,3.0,0.0,2.0,11.0,74.0
1298,1316,,6,https://tiki.vn/cua-hang/eco-solution?source_screen=product_detail&source_engine=organic,ECO solution,2020,137,4.5,1200,0,2165045000,705.0,28.0,12.0,35.0,134.0,496.0
1299,1317,,3,https://tiki.vn/cua-hang/hare?source_screen=product_detail&source_engine=organic,Hare,2023,34,5.0,11,10,468000,11.0,0.0,0.0,0.0,0.0,11.0
1300,1318,,7,https://tiki.vn/cua-hang/nha-sach-chi-an?source_screen=product_detail&source_engine=organic,Nhà sách Chi An,2019,1715,4.7,1900,2700,48871677,1319.0,25.0,10.0,19.0,141.0,1124.0
1301,1319,,9,https://tiki.vn/cua-hang/ao-mua-rando?source_screen=product_detail&source_engine=organic,ÁO MƯA RẠNG ĐÔNG RANDO RAIN COAT,2017,25,4.5,447,187,330000,40.0,0.0,0.0,1.0,6.0,33.0
1302,1320,,8,https://tiki.vn/cua-hang/280giaiphong?source_screen=product_detail&source_engine=organic,280giaiphong,2018,24,4.3,647,40,498000,111.0,9.0,5.0,9.0,28.0,60.0
1303,1321,,7,https://tiki.vn/cua-hang/vat-tu-y-te-duc-anh?source_screen=product_detail&source_engine=organic,Vật Tư Y Tế Đức Anh,2019,80,4.3,190,0,1012000,59.0,1.0,1.0,2.0,11.0,44.0
1304,1322,,7,https://tiki.vn/cua-hang/phu-kien-moa?source_screen=product_detail&source_engine=organic,Phụ Kiện Moa,2019,19,4.1,689,0,74000,1.0,1.0,0.0,0.0,0.0,0.0
1305,1115,,6,https://tiki.vn/cua-hang/noble-vn?source_screen=product_detail&source_engine=organic,Noble VN,2020,1,0.0,0,1,0,,,,,,
1306,1324,,7,https://tiki.vn/cua-hang/gomi-store?source_screen=product_detail&source_engine=organic,Gomi Store,2019,11,4.5,218,168,298400,106.0,4.0,0.0,6.0,16.0,80.0
1307,1325,,8,https://tiki.vn/cua-hang/thuc-pham-ngoc-phat?source_screen=product_detail&source_engine=organic,Hạt Xanh,2018,14,4.4,273,0,888000,18.0,1.0,0.0,2.0,1.0,14.0
1308,1326,,9,https://tiki.vn/cua-hang/vinanoi-official-store?source_screen=product_detail&source_engine=organic,Vinanoi Official Store,2017,46,4.5,312,86,5604000,301.0,16.0,6.0,13.0,49.0,217.0
1309,1327,,6,https://tiki.vn/cua-hang/horecafoodvietnam?source_screen=product_detail&source_engine=organic,horecafood,2020,1,4.6,78,11,0,26.0,0.0,0.0,2.0,5.0,19.0
1310,1328,,4,https://tiki.vn/cua-hang/seasy-home?source_screen=product_detail&source_engine=organic,SEASY HOME,2022,19,4.7,193,71,2661000,134.0,5.0,3.0,5.0,10.0,111.0
1311,1329,,7,https://tiki.vn/cua-hang/detico?source_screen=product_detail&source_engine=organic,Detico,2019,6,4.4,1800,309,41830000,102.0,0.0,3.0,0.0,13.0,86.0
1312,1330,,5,https://tiki.vn/cua-hang/envu-official-store?source_screen=product_detail&source_engine=organic,Envu Official Store,2021,2,4.8,457,181,0,88.0,0.0,1.0,4.0,4.0,79.0
1313,1331,,6,https://tiki.vn/cua-hang/cua-hang-bep-binh-minh?source_screen=product_detail&source_engine=organic,Cửa Hàng Bếp Bình Minh,2020,28,4.5,64,21,3743000,50.0,0.0,1.0,3.0,9.0,37.0
1314,1332,,8,https://tiki.vn/cua-hang/kitchen-koncept?source_screen=product_detail&source_engine=organic,Kitchen Koncept,2018,873,4.6,658,3500,80630470,320.0,6.0,8.0,10.0,39.0,257.0
1315,1333,,5,https://tiki.vn/cua-hang/phu-kien-cho-meo?source_screen=product_detail&source_engine=organic,Phụ kiện chó mèo,2021,1,4.3,544,0,0,,,,,,
1316,1334,,5,https://tiki.vn/cua-hang/starlink-phu-kien-ket-noi?source_screen=product_detail&source_engine=organic,StarLink Phụ Kiện Kết Nối,2021,23,4.7,165,68,307000,97.0,2.0,0.0,4.0,14.0,77.0
1317,1335,,8,https://tiki.vn/cua-hang/minh-anh-water?source_screen=product_detail&source_engine=organic,GEYSERECOTAR,2018,43,4.2,8,11,0,5.0,0.0,0.0,1.0,1.0,3.0
1318,1336,,2,https://tiki.vn/cua-hang/sieu-thi-xe-may-minh-long?source_screen=product_detail&source_engine=organic,Siêu Thị Xe Máy Minh Long,2024,27,5.0,2,12,25000000,1.0,0.0,0.0,0.0,0.0,1.0
1319,1337,,8,https://tiki.vn/cua-hang/viet-healthy?source_screen=product_detail&source_engine=organic,Viet Healthy,2018,31,4.7,442,205,472000,372.0,10.0,4.0,9.0,39.0,310.0
1320,1338,,7,https://tiki.vn/cua-hang/nikita-official-store?source_screen=product_detail&source_engine=organic,NIKITA Official Store,2019,126,4.6,1700,12300,188772000,1281.0,18.0,17.0,33.0,213.0,1000.0
1321,1340,,7,https://tiki.vn/cua-hang/nha-cua-me?source_screen=product_detail&source_engine=organic,NHÀ CỦA MẸ,2019,177,4.4,6800,669,15046630,759.0,38.0,13.0,33.0,127.0,548.0
1322,1341,,8,https://tiki.vn/cua-hang/ucss-inc?source_screen=product_detail&source_engine=organic,UCSS Inc,2018,14,4.8,744,319,1744060,110.0,1.0,0.0,0.0,3.0,106.0
1323,1342,,7,https://tiki.vn/cua-hang/vong-xep-ban-mai?source_screen=product_detail&source_engine=organic,BAN MAI OFFICIAL STORE,2019,29,4.6,1000,224,3381240,803.0,29.0,10.0,24.0,145.0,595.0
1324,1343,,5,https://tiki.vn/cua-hang/smate-official-store?source_screen=product_detail&source_engine=organic,SMATE Official Store,2021,4,4.6,33,0,0,25.0,2.0,0.0,2.0,1.0,20.0
1325,1344,,5,https://tiki.vn/cua-hang/sieu-thi-ha-noi?source_screen=product_detail&source_engine=organic,siêu thị hà nội,2021,182,4.3,850,151,8092000,95.0,9.0,2.0,3.0,12.0,69.0
1326,1345,,7,https://tiki.vn/cua-hang/saruto-corner?source_screen=product_detail&source_engine=organic,SaruTo Corner,2019,11,4.7,280,48,310000,231.0,2.0,0.0,6.0,38.0,185.0
1327,1346,,9,https://tiki.vn/cua-hang/paulee?source_screen=product_detail&source_engine=organic,PAULEE,2017,68,4.5,569,0,7401000,418.0,12.0,8.0,18.0,86.0,294.0
1328,1347,,9,https://tiki.vn/cua-hang/quang-long?source_screen=product_detail&source_engine=organic,Quang Long,2017,52,4.7,1100,0,1008000,294.0,12.0,4.0,8.0,29.0,241.0
1329,1348,,5,https://tiki.vn/cua-hang/gia-vi-unispice?source_screen=product_detail&source_engine=organic,Gia vị Unispice,2021,41,4.6,19,27,182600,19.0,0.0,2.0,0.0,2.0,15.0
1330,1349,,5,https://tiki.vn/cua-hang/do-lot-maika?source_screen=product_detail&source_engine=organic,Đồ Lót Maika,2021,136,4.8,35,14,1410000,31.0,0.0,0.0,0.0,6.0,25.0
1331,1350,,4,https://tiki.vn/cua-hang/deliya-official-store?source_screen=product_detail&source_engine=organic,DELIYA Official Store,2022,120,4.9,278,30,118911000,238.0,6.0,1.0,2.0,5.0,224.0
1332,1351,,5,https://tiki.vn/cua-hang/fkmart?source_screen=product_detail&source_engine=organic,fkmart,2021,47,4.9,25,7,0,19.0,0.0,0.0,0.0,2.0,17.0
1333,1352,,4,https://tiki.vn/cua-hang/shoplona22?source_screen=product_detail&source_engine=organic,ShopLona22,2022,5,4.7,56,0,224000,3.0,0.0,0.0,0.0,0.0,3.0
1334,1353,,6,https://tiki.vn/cua-hang/dky-fashion?source_screen=product_detail&source_engine=organic,7K Official Eyewear,2020,4,4.6,2700,956,238000,300.0,4.0,3.0,6.0,43.0,244.0
1335,1354,,6,https://tiki.vn/cua-hang/shop-sach-thom?source_screen=product_detail&source_engine=organic,Shop Sạch Thơm,2020,3,4.7,7,5,0,6.0,0.0,0.0,0.0,2.0,4.0
1336,1355,,5,https://tiki.vn/cua-hang/phu-kien-gu?source_screen=product_detail&source_engine=organic,Phụ Kiện Gu,2021,250,3.9,19,7,1719422,4.0,0.0,0.0,0.0,1.0,3.0
1337,1356,,5,https://tiki.vn/cua-hang/anan-house?source_screen=product_detail&source_engine=organic,AnAn house,2021,29,4.4,1200,224,27846250,754.0,41.0,17.0,28.0,158.0,510.0
1338,1357,,5,https://tiki.vn/cua-hang/phan-phoi-lop-oto?source_screen=product_detail&source_engine=organic,phân phối lốp ôtô,2021,18,5.0,1,8,0,,,,,,
1339,1358,,2,https://tiki.vn/cua-hang/sieu-thi-thu-cung-fivevet?source_screen=product_detail&source_engine=organic,Siêu thị thú cưng Vet Mart,2024,179,4.8,11,0,5031500,8.0,0.0,0.0,0.0,2.0,6.0
1340,1359,,4,https://tiki.vn/cua-hang/mysun-vietnam?source_screen=product_detail&source_engine=organic,MySun Vietnam,2022,205,4.7,440,0,10687700,293.0,6.0,2.0,6.0,47.0,232.0
1341,1360,,6,https://tiki.vn/cua-hang/nhat-nam-shop-24h?source_screen=product_detail&source_engine=organic,Nhật Nam Shop 24H,2020,47,4.8,38,40,0,27.0,1.0,0.0,0.0,2.0,24.0
1342,1361,,7,https://tiki.vn/cua-hang/goi-nem-hi-sleep-official-store?source_screen=product_detail&source_engine=organic,Gối nêm Hi-Sleep Store,2019,43,4.6,3800,746,14947500,2708.0,59.0,37.0,89.0,498.0,2025.0
1343,1362,,5,https://tiki.vn/cua-hang/op-lung-q9-store?source_screen=product_detail&source_engine=organic,Ôp lưng Q9 Store,2021,54,3.7,16,3,925000,9.0,1.0,2.0,0.0,0.0,6.0
1344,1363,,4,https://tiki.vn/cua-hang/vamico-group?source_screen=product_detail&source_engine=organic,Vamico Group,2022,58,4.8,22,15,1364000,21.0,0.0,0.0,0.0,5.0,16.0
1345,1364,,7,https://tiki.vn/cua-hang/long-case?source_screen=product_detail&source_engine=organic,LONG Case,2019,2000,4.5,1800,747,529000,558.0,27.0,6.0,22.0,100.0,403.0
1346,1365,,8,https://tiki.vn/cua-hang/phukienmini?source_screen=product_detail&source_engine=organic,PhuKienMini,2018,58,4.5,5100,353,2116450,1343.0,17.0,15.0,23.0,223.0,1065.0
1347,1366,,7,https://tiki.vn/cua-hang/thuc-pham-minh-duc?source_screen=product_detail&source_engine=organic,Thực Phẩm Minh Đức,2019,13,4.5,67,20,0,54.0,0.0,2.0,5.0,6.0,41.0
1348,1367,,4,https://tiki.vn/cua-hang/ha-mint-sport?source_screen=product_detail&source_engine=organic,Hà Mint Sport,2022,363,3.9,16,6,973000,2.0,1.0,0.0,0.0,0.0,1.0
1349,1368,,8,https://tiki.vn/cua-hang/tienphatsmart?source_screen=product_detail&source_engine=organic,Tienphatsmart,2018,175,4.4,6200,901,16310200,4133.0,159.0,67.0,158.0,861.0,2888.0
1350,1369,,6,https://tiki.vn/cua-hang/si-do-da-hai-ngo?source_screen=product_detail&source_engine=organic,ĐỒ DA PHÚC,2020,2,5.0,3,0,0,,,,,,
1351,1370,,4,https://tiki.vn/cua-hang/nano-geyser-shop-online?source_screen=product_detail&source_engine=organic,Nano Geyser Shop Online,2022,85,4.7,172,227,3200600,170.0,5.0,0.0,2.0,25.0,138.0
1352,1371,,2,https://tiki.vn/cua-hang/an-du-store?source_screen=product_detail&source_engine=organic,An Du Store,2024,71,5.0,2,6,1074600,2.0,0.0,0.0,0.0,0.0,2.0
1353,1372,,7,https://tiki.vn/cua-hang/anbinh-store?source_screen=product_detail&source_engine=organic,ANBINH STORE,2019,115,4.8,179,172,2967000,48.0,0.0,1.0,1.0,5.0,41.0
1354,1373,,6,https://tiki.vn/cua-hang/beauty-and-fashion?source_screen=product_detail&source_engine=organic,Beauty and Fashion,2020,447,4.2,2700,483,2630320,679.0,50.0,20.0,55.0,130.0,424.0
1355,1374,,8,https://tiki.vn/cua-hang/que-viet?source_screen=product_detail&source_engine=organic,Quê Việt Official Store,2018,49,4.7,774,0,7076000,675.0,18.0,2.0,13.0,99.0,543.0
1356,1376,,7,https://tiki.vn/cua-hang/abma-viet-nam?source_screen=product_detail&source_engine=organic,ABMA VIỆT NAM,2019,86,4.5,509,0,795000,114.0,4.0,1.0,1.0,17.0,91.0
1357,1377,,6,https://tiki.vn/cua-hang/home1?source_screen=product_detail&source_engine=organic,Home1,2020,134,4.8,1200,813,9078000,67.0,2.0,0.0,1.0,3.0,61.0
1358,1378,,9,https://tiki.vn/cua-hang/thiet-bi-dung-cu?source_screen=product_detail&source_engine=organic,Thiết Bị Dụng Cụ,2017,597,4.5,1400,0,12264000,665.0,22.0,7.0,25.0,135.0,476.0
1359,1379,,4,https://tiki.vn/cua-hang/nha-cua-gau-meo?source_screen=product_detail&source_engine=organic,Nhà của Gấu mèo,2022,20,4.9,377,195,1032000,300.0,0.0,0.0,4.0,12.0,284.0
1360,1380,,2,https://tiki.vn/cua-hang/haphuongstore?source_screen=product_detail&source_engine=organic,HAPHUONGSTORE,2024,54,5.0,1,0,350050,2.0,0.0,0.0,0.0,0.0,2.0
1361,1381,,8,https://tiki.vn/cua-hang/anna-tran-shop?source_screen=product_detail&source_engine=organic,Anna Trần Shop,2018,180,4.1,872,79,143000,133.0,6.0,1.0,0.0,16.0,110.0
1362,1382,,6,https://tiki.vn/cua-hang/ino-store?source_screen=product_detail&source_engine=organic,Ino Store,2020,7,4.6,31,8,0,,,,,,
1363,1383,,8,https://tiki.vn/cua-hang/nguyen-ninh-media?source_screen=product_detail&source_engine=organic,Nguyễn Ninh Media,2018,78,4.1,1600,120,937000,122.0,8.0,5.0,3.0,20.0,86.0
1364,1384,,3,https://tiki.vn/cua-hang/hilo-candles-tiem-nen-thom?source_screen=product_detail&source_engine=organic,HiLo Candles Tiệm Nến Thơm,2023,2,0.0,0,0,0,,,,,,
1365,1385,,5,https://tiki.vn/cua-hang/bibabibo-official-store?source_screen=product_detail&source_engine=organic,Bibabibo Store,2021,44,4.7,359,194,440000,143.0,13.0,0.0,3.0,15.0,112.0
1366,1386,,7,https://tiki.vn/cua-hang/vnsport?source_screen=product_detail&source_engine=organic,VNSPORT,2019,69,4.7,1900,0,10782000,1223.0,11.0,6.0,28.0,209.0,969.0
1367,1387,,7,https://tiki.vn/cua-hang/tra-hung-phat?source_screen=product_detail&source_engine=organic,Trà Hùng Phát,2019,119,4.8,602,163,25946000,499.0,9.0,5.0,6.0,61.0,418.0
1368,1388,,7,https://tiki.vn/cua-hang/cong-ty-le-sang?source_screen=product_detail&source_engine=organic,Công ty TNHH LPS VINA,2019,63,4.7,4900,518,7866000,1617.0,20.0,11.0,36.0,236.0,1314.0
1369,1389,,4,https://tiki.vn/cua-hang/aolikes-sports?source_screen=product_detail&source_engine=organic,AOLIKES SPORTS,2022,264,4.3,128,0,7692000,122.0,14.0,2.0,2.0,18.0,86.0
1370,1390,,7,https://tiki.vn/cua-hang/sieu-thi-thiet-bi?source_screen=product_detail&source_engine=organic,Siêu Thị Thiết Bị,2019,1055,4.4,3100,546,13752000,1771.0,63.0,41.0,89.0,371.0,1207.0
1371,1391,,6,https://tiki.vn/cua-hang/sai-gon-cho-lon?source_screen=product_detail&source_engine=organic,Sài Gòn Chợ Lớn,2020,48,4.7,11000,2600,1615000,2834.0,20.0,6.0,48.0,372.0,2388.0
1372,1392,,5,https://tiki.vn/cua-hang/aeroco-coffee?source_screen=product_detail&source_engine=organic,AEROCO COFFEE,2021,24,4.9,203,224,8625000,141.0,1.0,1.0,0.0,10.0,129.0
1373,1393,,7,https://tiki.vn/cua-hang/hiep-mam?source_screen=product_detail&source_engine=organic,HIỆP MẮM,2019,36,4.6,387,0,1986000,368.0,6.0,6.0,10.0,87.0,259.0
1374,1394,,9,https://tiki.vn/cua-hang/navicom?source_screen=product_detail&source_engine=organic,NAVICOM,2017,247,4.6,299,0,11100000,228.0,6.0,1.0,8.0,30.0,183.0
1375,1395,,4,https://tiki.vn/cua-hang/dooson-vina?source_screen=product_detail&source_engine=organic,DOOSON VINA,2022,87,5.0,8,9,0,4.0,0.0,0.0,0.0,0.0,4.0
1376,1396,,5,https://tiki.vn/cua-hang/dau-mo-nhon?source_screen=product_detail&source_engine=organic,Dầu mỡ nhờn,2021,18,0.0,0,1,2390302,,,,,,
1377,1397,,4,https://tiki.vn/cua-hang/dau-nhot-va-phu-gia-o-to-bms?source_screen=product_detail&source_engine=organic,Dầu nhớt và Phụ gia Ô tô BMS,2022,30,5.0,1,1,900000,1.0,0.0,0.0,0.0,0.0,1.0
1378,1398,,6,https://tiki.vn/cua-hang/family68?source_screen=product_detail&source_engine=organic,family68,2020,14,3.9,181,38,3360280,3.0,0.0,0.0,0.0,1.0,2.0
1379,1399,,7,https://tiki.vn/cua-hang/zahan?source_screen=product_detail&source_engine=organic,Zahan,2019,91,4.4,150,522,0,,,,,,
1380,1400,,8,https://tiki.vn/cua-hang/vat-tu-dien-lanh-thuan-dung?source_screen=product_detail&source_engine=organic,VẬT TƯ ĐIỆN LẠNH THUẬN DUNG,2018,343,4.6,1600,439,3071446,546.0,17.0,4.0,14.0,104.0,407.0
1381,1401,,5,https://tiki.vn/cua-hang/baby-and-underwear-store?source_screen=product_detail&source_engine=organic,Baby and Underwear Store,2021,233,4.5,11000,2600,56026000,6460.0,289.0,103.0,225.0,985.0,4858.0
1382,1402,,7,https://tiki.vn/cua-hang/hong-thi-omniblend?source_screen=product_detail&source_engine=organic,JTC OmniBlend Official,2019,21,4.8,380,119,1374000,127.0,0.0,0.0,3.0,12.0,112.0
1383,1403,,6,https://tiki.vn/cua-hang/quan-camp?source_screen=product_detail&source_engine=organic,Quân Camp,2020,545,4.9,206,155,6737500,121.0,1.0,0.0,1.0,11.0,108.0
1384,1404,,4,https://tiki.vn/cua-hang/auto-finesse?source_screen=product_detail&source_engine=organic,Auto finesse,2022,89,5.0,1,18,0,,,,,,
1385,1405,,7,https://tiki.vn/cua-hang/cuckoo-vietnam?source_screen=product_detail&source_engine=organic,Cuckoo Vietnam,2019,21,4.2,24,404,1699000,7.0,1.0,0.0,0.0,2.0,4.0
1386,1406,,5,https://tiki.vn/cua-hang/rama-viet-nam?source_screen=product_detail&source_engine=organic,Thiết bị môi trường RM,2021,58,4.6,17,19,0,1.0,0.0,0.0,0.0,0.0,1.0
1387,1407,,5,https://tiki.vn/cua-hang/kepler-cook-official-store?source_screen=product_detail&source_engine=organic,KEPLERCOOK Official Store,2021,53,4.6,30,36,0,30.0,0.0,1.0,1.0,6.0,22.0
1388,1408,,8,https://tiki.vn/cua-hang/bacxinh925-hue-ngan?source_screen=product_detail&source_engine=organic,Huệ Ngân Jewellery,2018,674,4.4,36,43,0,36.0,2.0,0.0,2.0,11.0,21.0
1389,1409,,5,https://tiki.vn/cua-hang/phu-kien-bingo?source_screen=product_detail&source_engine=organic,Phụ Kiện Bingo,2021,752,4.4,560,60,10833049,280.0,27.0,7.0,9.0,32.0,205.0
1390,1410,,5,https://tiki.vn/cua-hang/ecohub?source_screen=product_detail&source_engine=organic,ECOHUB,2021,130,4.4,132,174,4279000,61.0,4.0,0.0,3.0,15.0,39.0
1391,1411,,8,https://tiki.vn/cua-hang/the-gioi-pin?source_screen=product_detail&source_engine=organic,Thế Giới Pin,2018,43,4.4,250,49,7620000,204.0,9.0,4.0,5.0,47.0,139.0
1392,1412,,8,https://tiki.vn/cua-hang/phan-le-friends?source_screen=product_detail&source_engine=organic,PHAN LỆ & FRIENDS,2018,215,4.8,2700,0,34239550,2091.0,16.0,9.0,35.0,218.0,1813.0
1393,1413,,3,https://tiki.vn/cua-hang/issho?source_screen=product_detail&source_engine=organic,issho,2023,11,5.0,1,3,0,1.0,0.0,0.0,0.0,0.0,1.0
1394,1414,,7,https://tiki.vn/cua-hang/estore-vn?source_screen=product_detail&source_engine=organic,Estore VN,2019,22,4.7,915,0,0,69.0,0.0,1.0,4.0,8.0,56.0
1395,1415,,5,https://tiki.vn/cua-hang/tan-doanh?source_screen=product_detail&source_engine=organic,Tân Doanh,2021,30,4.7,76,0,397700,18.0,2.0,0.0,0.0,2.0,14.0
1396,1416,,2,https://tiki.vn/cua-hang/araso-shop?source_screen=product_detail&source_engine=organic,Araso shop,2024,21,5.0,1,2,0,1.0,0.0,0.0,0.0,0.0,1.0
1397,1417,,6,https://tiki.vn/cua-hang/tan-a-dai-thanh-shop?source_screen=product_detail&source_engine=organic,Tân Á Đại Thành Official,2020,38,5.0,2,10,2450000,2.0,0.0,0.0,0.0,0.0,2.0
1398,1418,,6,https://tiki.vn/cua-hang/anthang?source_screen=product_detail&source_engine=organic,anthang,2020,210,4.7,183,52,225000,152.0,3.0,2.0,1.0,22.0,124.0
1399,1419,,7,https://tiki.vn/cua-hang/dien-may-sai-gon?source_screen=product_detail&source_engine=organic,Điện máy Sài Gòn,2019,63,4.8,40,12,3090000,35.0,1.0,0.0,0.0,3.0,31.0
1400,1420,,7,https://tiki.vn/cua-hang/kun93?source_screen=product_detail&source_engine=organic,Kun93,2019,735,4.1,2900,424,4719000,1081.0,69.0,18.0,71.0,262.0,661.0
1401,1421,,8,https://tiki.vn/cua-hang/agatajapan?source_screen=product_detail&source_engine=organic,agataJapan,2018,70,4.8,11,16,748000,2.0,0.0,0.0,0.0,0.0,2.0
1402,1422,,6,https://tiki.vn/cua-hang/yen-vi-shop?source_screen=product_detail&source_engine=organic,Yen Vi Shop,2020,43,4.6,2200,195,1527798,551.0,12.0,4.0,9.0,79.0,447.0
1403,1423,,6,https://tiki.vn/cua-hang/tuong-uot-chilica?source_screen=product_detail&source_engine=organic,Chilica Offical,2020,7,4.8,231,0,85800,130.0,0.0,3.0,0.0,14.0,113.0
1404,1424,,9,https://tiki.vn/cua-hang/luva-viet-nam?source_screen=product_detail&source_engine=organic,Luva Việt Nam,2017,18,4.2,322,29,1258000,228.0,20.0,10.0,27.0,43.0,128.0
1405,1425,,3,https://tiki.vn/cua-hang/drum-may-in?source_screen=product_detail&source_engine=organic,Drum máy in,2023,44,4.8,20,0,3961000,5.0,0.0,0.0,0.0,1.0,4.0
1406,1426,,2,https://tiki.vn/cua-hang/vien-thong-minh-duc?source_screen=product_detail&source_engine=organic,Viễn Thông Minh Đức,2024,18,4.9,83,7,16849000,37.0,0.0,1.0,1.0,4.0,31.0
1407,1427,,7,https://tiki.vn/cua-hang/bewise-shop?source_screen=product_detail&source_engine=organic,BEWISE SHOP,2019,22,4.5,1000,141,1290100,5.0,0.0,0.0,0.0,1.0,4.0
1408,1428,,7,https://tiki.vn/cua-hang/da-phong-thuy-black-mount?source_screen=product_detail&source_engine=organic,Đá Phong Thủy Black Mount,2019,70,4.9,16,10,0,14.0,0.0,0.0,0.0,1.0,13.0
1409,1429,,6,https://tiki.vn/cua-hang/phu-si-arigatou?source_screen=product_detail&source_engine=organic,Phú Sĩ Arigatou,2020,150,4.7,1400,1100,9340630,664.0,12.0,2.0,17.0,67.0,566.0
1410,1430,,7,https://tiki.vn/cua-hang/the-gioi-xay-dung?source_screen=product_detail&source_engine=organic,THẾ GIỚI XÂY DỰNG,2019,2000,4.4,1200,494,28675459,726.0,37.0,17.0,32.0,146.0,494.0
1411,1431,,5,https://tiki.vn/cua-hang/yen-sao-sanvinest-khanh-hoa?source_screen=product_detail&source_engine=organic,Yến sào Sanvinest Khánh Hòa,2021,112,4.9,1000,796,8132540,362.0,2.0,0.0,0.0,24.0,336.0
1412,1432,,7,https://tiki.vn/cua-hang/congnghemoi?source_screen=product_detail&source_engine=organic,congnghemoi,2019,2,4.0,7,0,0,2.0,0.0,1.0,0.0,0.0,1.0
1413,1433,,4,https://tiki.vn/cua-hang/hanh-sakara?source_screen=product_detail&source_engine=organic,Hạnh Sakara,2022,1,0.0,0,0,0,,,,,,
1414,1434,,5,https://tiki.vn/cua-hang/thao-duoc-herbio?source_screen=product_detail&source_engine=organic,THẢO DƯỢC HERBIO,2021,15,4.6,48,35,1377000,,,,,,
1415,1435,,6,https://tiki.vn/cua-hang/lemon-sa?source_screen=product_detail&source_engine=organic,Lemon SA,2020,127,4.7,400,129,1579000,245.0,3.0,1.0,4.0,32.0,205.0
1416,1436,,5,https://tiki.vn/cua-hang/muc-in-xerox?source_screen=product_detail&source_engine=organic,Mực In Xerox,2021,1128,3.7,47,21,7477600,10.0,1.0,0.0,0.0,4.0,5.0
1417,1437,,6,https://tiki.vn/cua-hang/gia-dung-tien-ich-minh-ngoc?source_screen=product_detail&source_engine=organic,GIA DỤNG TIỆN ÍCH MINH NGỌC,2020,320,4.7,1500,1700,17522935,899.0,12.0,9.0,20.0,123.0,735.0
1418,1438,,4,https://tiki.vn/cua-hang/nha-sach-trung-nguyen?source_screen=product_detail&source_engine=organic,NHÀ SÁCH TRUNG NGUYÊN,2022,40,4.9,10,3,0,8.0,0.0,0.0,0.0,1.0,7.0
1419,1439,,4,https://tiki.vn/cua-hang/dien-tu-ngoc-huan?source_screen=product_detail&source_engine=organic,Điện tử Ngọc Huân,2022,18,4.8,39,17,4138850,36.0,0.0,0.0,0.0,4.0,32.0
1420,1440,,6,https://tiki.vn/cua-hang/tlg-gold?source_screen=product_detail&source_engine=organic,TLG GOLD,2020,283,3.9,1900,393,3109400,53.0,10.0,3.0,3.0,11.0,26.0
1421,1441,,7,https://tiki.vn/cua-hang/aurum-group?source_screen=product_detail&source_engine=organic,AURUM GROUP,2019,35,4.6,5300,558,7308750,1821.0,106.0,40.0,51.0,186.0,1438.0
1422,1442,,3,https://tiki.vn/cua-hang/cong-ty-sx-tm-ecopine?source_screen=product_detail&source_engine=organic,CÔNG TY SX TM ECOPINE,2023,11,4.7,12,0,232000,11.0,1.0,0.0,0.0,0.0,10.0
1423,1443,,5,https://tiki.vn/cua-hang/de-nhat-yen-dao?source_screen=product_detail&source_engine=organic,Đệ Nhất Yến Đảo,2021,24,4.8,107,160,23160000,102.0,1.0,1.0,5.0,6.0,89.0
1424,1444,,7,https://tiki.vn/cua-hang/gia-dung-khanh-ngoc?source_screen=product_detail&source_engine=organic,GIA DỤNG KHÁNH NGỌC,2019,26,4.4,193,40,680000,108.0,8.0,0.0,8.0,13.0,79.0
1425,1445,,4,https://tiki.vn/cua-hang/hoasenhome?source_screen=product_detail&source_engine=organic,HOASENHOME,2022,285,4.7,100,59,0,13.0,0.0,0.0,0.0,2.0,11.0
1426,1446,,5,https://tiki.vn/cua-hang/chumocmilktea?source_screen=product_detail&source_engine=organic,Chumocmilktea,2021,97,4.5,767,165,408000,760.0,28.0,12.0,30.0,141.0,549.0
1427,1447,,5,https://tiki.vn/cua-hang/techshop-premium?source_screen=product_detail&source_engine=organic,AVTEK,2021,13,4.6,1000,0,2790000,158.0,11.0,2.0,4.0,13.0,128.0
1428,1448,,7,https://tiki.vn/cua-hang/kcons?source_screen=product_detail&source_engine=organic,KCONS,2019,28,5.0,6,0,200000,6.0,0.0,0.0,0.0,0.0,6.0
1429,1449,,6,https://tiki.vn/cua-hang/organic-stores?source_screen=product_detail&source_engine=organic,ORGANIC STORES,2020,56,4.7,1300,0,2263000,398.0,8.0,0.0,8.0,57.0,325.0
1430,1450,,7,https://tiki.vn/cua-hang/organicshop?source_screen=product_detail&source_engine=organic,OrganicShop,2019,63,4.4,514,0,1535000,217.0,5.0,4.0,7.0,35.0,166.0
1431,1451,,7,https://tiki.vn/cua-hang/sense-asia-company?source_screen=product_detail&source_engine=organic,SENSE ASIA GROUP,2019,35,4.8,181,0,0,178.0,3.0,1.0,3.0,18.0,153.0
1432,1452,,5,https://tiki.vn/cua-hang/bra-rosie?source_screen=product_detail&source_engine=organic,Bra Rosie,2021,384,4.6,1100,241,21396000,831.0,30.0,10.0,12.0,167.0,612.0
1433,1453,,5,https://tiki.vn/cua-hang/nagakawagroup?source_screen=product_detail&source_engine=organic,NagakawaGroup,2021,110,4.7,252,281,11109000,112.0,3.0,3.0,2.0,13.0,91.0
1434,1454,,5,https://tiki.vn/cua-hang/thegioimaychu?source_screen=product_detail&source_engine=organic,Thegioimaychu,2021,52,0.0,0,14,0,,,,,,
1435,1455,,7,https://tiki.vn/cua-hang/mppshop?source_screen=product_detail&source_engine=organic,MPPshop,2019,492,4.3,3300,886,1379500,445.0,39.0,15.0,26.0,78.0,287.0
1436,1456,,5,https://tiki.vn/cua-hang/thietbimavach?source_screen=product_detail&source_engine=organic,thietbimavach,2021,28,4.0,3,5,0,3.0,0.0,1.0,0.0,0.0,2.0
1437,1457,,7,https://tiki.vn/cua-hang/diamond-pets-shop?source_screen=product_detail&source_engine=organic,Diamond Pets Shop,2019,38,4.8,119,94,2936000,65.0,1.0,0.0,1.0,4.0,59.0
1438,1458,,8,https://tiki.vn/cua-hang/mam-xanh?source_screen=product_detail&source_engine=organic,mầm Xanh,2018,84,4.6,7100,392,3265800,2776.0,78.0,39.0,142.0,548.0,1969.0
1439,1459,,7,https://tiki.vn/cua-hang/the-gioi-balo-2?source_screen=product_detail&source_engine=organic,THÊ GIƠI BALO 2,2019,91,4.7,321,58,0,161.0,4.0,2.0,3.0,19.0,133.0
1440,1460,,6,https://tiki.vn/cua-hang/dc-the-gioi-phu-kien-cong-nghe-o-to?source_screen=product_detail&source_engine=organic,DC THẾ GIỚI PHỤ KIỆN CÔNG NGHỆ Ô TÔ,2020,271,4.4,1200,216,26884000,220.0,9.0,7.0,8.0,36.0,160.0
1441,1461,,7,https://tiki.vn/cua-hang/thiet-bi-ban-le?source_screen=product_detail&source_engine=organic,Thiết bị bán lẻ,2019,20,4.9,110,19,0,9.0,0.0,0.0,0.0,1.0,8.0
1442,1462,,8,https://tiki.vn/cua-hang/bach-tung-ps?source_screen=product_detail&source_engine=organic,Bách Tùng Ps,2018,137,4.8,735,0,7456390,197.0,1.0,1.0,1.0,6.0,188.0
1443,1463,,7,https://tiki.vn/cua-hang/shop-24719?source_screen=product_detail&source_engine=organic,Shop 24719,2019,668,4.0,2500,333,33260680,176.0,14.0,7.0,6.0,34.0,115.0
1444,1464,,6,https://tiki.vn/cua-hang/anp-living?source_screen=product_detail&source_engine=organic,ANP living,2020,53,4.5,1000,434,0,221.0,20.0,4.0,9.0,33.0,155.0
1445,1465,,6,https://tiki.vn/cua-hang/dau-nhot-nikko?source_screen=product_detail&source_engine=organic,Dầu Nhớt Nikko,2020,14,4.3,14,3,0,13.0,1.0,0.0,0.0,5.0,7.0
1446,1466,,7,https://tiki.vn/cua-hang/dien-may-ba-diem?source_screen=product_detail&source_engine=organic,Điện Máy Bà Điểm,2019,45,4.6,67,34,4423200,31.0,1.0,4.0,0.0,4.0,22.0
1447,1467,,5,https://tiki.vn/cua-hang/bosch-automotives-official-store?source_screen=product_detail&source_engine=organic,Bosch Automotive Official Store,2021,2,4.8,436,0,3776000,158.0,3.0,2.0,9.0,11.0,133.0
1448,1468,,6,https://tiki.vn/cua-hang/lovelyladyshop?source_screen=product_detail&source_engine=organic,Lovelyladyshop,2020,27,4.4,173,2400,18850000,58.0,1.0,1.0,3.0,6.0,47.0
1449,1469,,5,https://tiki.vn/cua-hang/nha-dep-pehouse?source_screen=product_detail&source_engine=organic,PEHOUSE OFFICIAL,2021,34,4.5,1900,2600,13795500,1028.0,35.0,16.0,35.0,141.0,801.0
1450,1470,,4,https://tiki.vn/cua-hang/chouihandmade?source_screen=product_detail&source_engine=organic,Chouihandmade,2022,29,4.8,101,88,297000,29.0,0.0,0.0,0.0,0.0,29.0
1451,1471,,5,https://tiki.vn/cua-hang/bioion-chat-luong-cuoc-song?source_screen=product_detail&source_engine=organic,Bioion Chất Lượng Cuộc Sống,2021,9,4.9,52,0,0,27.0,0.0,0.0,0.0,2.0,25.0
1452,1472,,6,https://tiki.vn/cua-hang/bentv-shop?source_screen=product_detail&source_engine=organic,BENTV SHOP,2020,14,4.6,861,94,694000,16.0,2.0,0.0,0.0,2.0,12.0
1453,1473,,5,https://tiki.vn/cua-hang/t-store-01?source_screen=product_detail&source_engine=organic,T Store 01,2021,10,4.5,171,21,140000,166.0,8.0,1.0,8.0,34.0,115.0
1454,1474,,6,https://tiki.vn/cua-hang/rooster-beers?source_screen=product_detail&source_engine=organic,Rooster Beers,2020,32,4.8,14,0,1149000,11.0,0.0,0.0,1.0,1.0,9.0
1455,1475,,7,https://tiki.vn/cua-hang/he-thong-head-khanh-an?source_screen=product_detail&source_engine=organic,Hệ thống HEAD Khánh An,2019,43,4.8,424,1100,88780000,104.0,1.0,0.0,2.0,5.0,96.0
1456,1476,,4,https://tiki.vn/cua-hang/mhi-store?source_screen=product_detail&source_engine=organic,MHI Store,2022,8,4.6,35,5,285000,35.0,2.0,0.0,1.0,4.0,28.0
1457,1477,,4,https://tiki.vn/cua-hang/minh-hoang-cycles?source_screen=product_detail&source_engine=organic,Minh Hoàng Cycles,2022,11,4.4,25,97,0,1.0,0.0,0.0,0.0,0.0,1.0
1458,1478,,7,https://tiki.vn/cua-hang/msoftvn?source_screen=product_detail&source_engine=organic,MSOFTVN,2019,430,4.6,622,250,27841140,543.0,14.0,6.0,16.0,101.0,406.0
1459,1272,,4,https://tiki.vn/cua-hang/zik-shop?source_screen=product_detail&source_engine=organic,ZIK SHOP,2022,1,0.0,0,0,0,,,,,,
1460,1480,,6,https://tiki.vn/cua-hang/the-wait-store?source_screen=product_detail&source_engine=organic,THE WAIT STORE,2020,100,4.8,128,24,393000,14.0,0.0,0.0,0.0,3.0,11.0
1461,1481,,4,https://tiki.vn/cua-hang/astonishstore?source_screen=product_detail&source_engine=organic,AstonishStore,2022,8,4.6,5,0,795000,2.0,0.0,0.0,0.0,1.0,1.0
1462,1482,,7,https://tiki.vn/cua-hang/4you?source_screen=product_detail&source_engine=organic,4you,2019,13,4.5,3500,212,12172000,121.0,5.0,6.0,9.0,14.0,87.0
1463,1483,,5,https://tiki.vn/cua-hang/quosom?source_screen=product_detail&source_engine=organic,QUOSOM,2021,16,4.9,680,1200,1765200,520.0,6.0,2.0,4.0,48.0,460.0
1464,1484,,6,https://tiki.vn/cua-hang/thanh-giac?source_screen=product_detail&source_engine=organic,Thanh Giác,2020,18,4.9,84,28,1614598,24.0,1.0,0.0,0.0,0.0,23.0
1465,1485,,4,https://tiki.vn/cua-hang/samsung-certified-store?source_screen=product_detail&source_engine=organic,SAMSUNG Certified Store,2022,6,4.7,297,3200,0,115.0,2.0,3.0,2.0,16.0,92.0
1466,1486,,8,https://tiki.vn/cua-hang/cong-ty-rang-dong-spca?source_screen=product_detail&source_engine=organic,CÔNG TY RẠNG ĐÔNG SPCA,2018,74,4.6,178,31,28000,134.0,3.0,2.0,6.0,26.0,97.0
1467,1487,,7,https://tiki.vn/cua-hang/mw-furniture?source_screen=product_detail&source_engine=organic,MW Furniture,2019,123,4.5,600,311,11632000,393.0,23.0,15.0,21.0,61.0,273.0
1468,1488,,4,https://tiki.vn/cua-hang/honda-big-bike-hoang-viet?source_screen=product_detail&source_engine=organic,Honda Big Bike Hoang Viet,2022,4,5.0,10,105,0,9.0,0.0,0.0,0.0,0.0,9.0
1469,1489,,8,https://tiki.vn/cua-hang/sieu-thi-linh-kien?source_screen=product_detail&source_engine=organic,Siêu Thị Linh Kiện,2018,432,4.4,10000,742,23268437,2006.0,153.0,54.0,143.0,446.0,1210.0
1470,1490,,5,https://tiki.vn/cua-hang/nhang-thien-nhien-moc-lam?source_screen=product_detail&source_engine=organic,Nhang Thiên Nhiên Mộc Lâm,2021,39,4.7,108,98,540000,104.0,1.0,1.0,0.0,27.0,75.0
1471,1491,,6,https://tiki.vn/cua-hang/dien-tu-thong-minh-shop?source_screen=product_detail&source_engine=organic,DIEN TU THONG MINH SHOP,2020,14,4.5,176,0,287000,44.0,7.0,0.0,3.0,11.0,23.0
1472,1492,,5,https://tiki.vn/cua-hang/medicare-official-store?source_screen=product_detail&source_engine=organic,MEDiCARE Official Store,2021,761,4.7,313,222,9715300,101.0,3.0,0.0,1.0,22.0,75.0
1473,1493,,6,https://tiki.vn/cua-hang/shop-dung-cu-ho-tro-lam-vuon?source_screen=product_detail&source_engine=organic,Shop Dụng Cụ Hỗ Trợ Làm Vườn,2020,155,4.7,1700,760,2232230,933.0,12.0,10.0,14.0,146.0,751.0
1474,1494,,7,https://tiki.vn/cua-hang/valishop?source_screen=product_detail&source_engine=organic,valishop,2019,32,4.5,1600,223,863460,1.0,0.0,0.0,0.0,0.0,1.0
1475,1495,,3,https://tiki.vn/cua-hang/vazco-shop?source_screen=product_detail&source_engine=organic,VAZCO Shop,2023,13,4.0,1,1,490000,1.0,0.0,0.0,0.0,1.0,0.0
1476,1496,,5,https://tiki.vn/cua-hang/halopetcung?source_screen=product_detail&source_engine=organic,HALOPETCUNG,2021,57,4.9,16,4,700000,12.0,0.0,0.0,0.0,3.0,9.0
1477,1497,,4,https://tiki.vn/cua-hang/philips-water-viet-nam?source_screen=product_detail&source_engine=organic,Philips Water Việt Nam,2022,52,4.8,58,649,2310000,51.0,0.0,0.0,0.0,9.0,42.0
1478,1498,,2,https://tiki.vn/cua-hang/smev-charger?source_screen=product_detail&source_engine=organic,SMEV CHARGER,2024,4,4.7,3,8,790000,3.0,0.0,0.0,0.0,1.0,2.0
1479,1499,,8,https://tiki.vn/cua-hang/boneco-viet-nam?source_screen=product_detail&source_engine=organic,BONECO Official Store,2018,35,4.6,118,819,0,80.0,1.0,3.0,1.0,3.0,72.0
1480,1500,,7,https://tiki.vn/cua-hang/he-thong-head-hong-duc-can-tho?source_screen=product_detail&source_engine=organic,Hệ thống HEAD Hồng Đức Cần Thơ,2019,6,4.9,355,467,0,,,,,,
1481,1501,,7,https://tiki.vn/cua-hang/nuoc-rua-xe-khong-cham?source_screen=product_detail&source_engine=organic,NƯỚC RỬA XE KHÔNG CHẠM,2019,61,4.6,913,98,3042000,755.0,26.0,7.0,23.0,168.0,532.0
1482,1502,,7,https://tiki.vn/cua-hang/yen-sao-hoang-kim?source_screen=product_detail&source_engine=organic,YẾN SÀO HOÀNG KIM,2019,16,0.0,0,3,0,,,,,,
1483,1503,,3,https://tiki.vn/cua-hang/holy-pet-food-i329443?source_screen=product_detail&source_engine=organic,Holy Pet Food,2023,43,4.5,4,0,204600,3.0,0.0,0.0,0.0,2.0,1.0
1484,1504,,8,https://tiki.vn/cua-hang/5star?source_screen=product_detail&source_engine=organic,5Star,2018,73,4.4,4400,480,1280000,3508.0,140.0,88.0,254.0,789.0,2237.0
1485,1505,,4,https://tiki.vn/cua-hang/tiem-cua-be-may?source_screen=product_detail&source_engine=organic,TIỆM CỦA BÉ MÂY,2022,79,5.0,32,12,3301000,,,,,,
1486,1506,,6,https://tiki.vn/cua-hang/the-gioi-thoi-trang-24h?source_screen=product_detail&source_engine=organic,Kính Mắt NTD,2020,22,4.5,1200,234,584000,48.0,1.0,1.0,5.0,8.0,33.0
1487,1507,,7,https://tiki.vn/cua-hang/may-loc-nuoc-pure-thai-lan?source_screen=product_detail&source_engine=organic,Máy lọc nước Pure Thái Lan,2019,10,4.7,37,12,0,37.0,0.0,1.0,1.0,6.0,29.0
1488,1508,,8,https://tiki.vn/cua-hang/shop-triumph?source_screen=product_detail&source_engine=organic,SHOP TRIUMPH,2018,183,4.5,3600,0,5588900,1287.0,38.0,20.0,62.0,209.0,958.0
1489,1509,,7,https://tiki.vn/cua-hang/vietlotus-foods?source_screen=product_detail&source_engine=organic,Vietlotus foods,2019,27,4.5,593,356,0,325.0,12.0,0.0,8.0,51.0,254.0
1490,1510,,7,https://tiki.vn/cua-hang/disieuthi?source_screen=product_detail&source_engine=organic,Disieuthi,2019,62,4.8,4400,1500,17670000,968.0,12.0,9.0,10.0,111.0,826.0
1491,1511,,2,https://tiki.vn/cua-hang/phiten-flagship-store?source_screen=product_detail&source_engine=organic,Phiten Flagship Store,2024,144,5.0,2,0,3685000,3.0,0.0,0.0,0.0,0.0,3.0
1492,1512,,8,https://tiki.vn/cua-hang/linh-kien-store?source_screen=product_detail&source_engine=organic,Linh Kiện Store,2018,80,4.5,2000,931,43044420,550.0,12.0,2.0,17.0,83.0,436.0
1493,1109,,6,https://tiki.vn/cua-hang/may-in-dau-cot-va-phu-kien?source_screen=product_detail&source_engine=organic,Máy in đầu cốt và phụ kiện,2020,23,0.0,0,3,0,,,,,,
1494,1514,,5,https://tiki.vn/cua-hang/phu-kien-nha-va-o-to?source_screen=product_detail&source_engine=organic,Phụ Kiện Nhà Và Ô Tô,2021,21,4.1,403,103,110000,3.0,0.0,0.0,0.0,0.0,3.0
1495,1058,,3,https://tiki.vn/cua-hang/nineteen-official-mall?source_screen=product_detail&source_engine=organic,NINETEEN Official Mall,2023,3,0.0,0,2,0,,,,,,
1496,1516,,6,https://tiki.vn/cua-hang/suc-khoe-viet-365?source_screen=product_detail&source_engine=organic,Sức Khỏe Việt 365,2020,7,4.6,104,23,0,95.0,0.0,2.0,6.0,13.0,74.0
1497,1517,,3,https://tiki.vn/cua-hang/shouse-official?source_screen=product_detail&source_engine=organic,Shouse Official,2023,30,4.8,322,0,1912510,212.0,4.0,0.0,1.0,23.0,184.0
1498,1518,,4,https://tiki.vn/cua-hang/enzyme-cleaner?source_screen=product_detail&source_engine=organic,Enzyme Cleaner,2022,23,4.8,40,23,1101846,40.0,1.0,0.0,1.0,2.0,36.0
1499,1519,,4,https://tiki.vn/cua-hang/telileo?source_screen=product_detail&source_engine=organic,telileo,2022,10,4.6,5,1,0,,,,,,
1500,1520,,5,https://tiki.vn/cua-hang/ngucocminmin01?source_screen=product_detail&source_engine=organic,Min Min Official,2021,17,0.0,0,5,0,,,,,,
1501,1521,,4,https://tiki.vn/cua-hang/co-shop-tui-giat-terra-wash-mg?source_screen=product_detail&source_engine=organic,Cỏ Shop Túi giặt Terra Wash Mg,2022,1,5.0,1,1,0,,,,,,
1502,1522,,7,https://tiki.vn/cua-hang/cong-nghe-nicevisoft?source_screen=product_detail&source_engine=organic,Công Nghệ NICEVISOFT,2019,2,4.9,6,2,0,,,,,,
1503,1523,,7,https://tiki.vn/cua-hang/elmich-outlet?source_screen=product_detail&source_engine=organic,Elmich Outlet,2019,40,4.4,838,537,0,213.0,13.0,5.0,10.0,24.0,161.0
1504,1524,,7,https://tiki.vn/cua-hang/d-and-d-house?source_screen=product_detail&source_engine=organic,D and D House,2019,7,4.6,704,177,0,24.0,0.0,0.0,1.0,3.0,20.0
1505,1525,,7,https://tiki.vn/cua-hang/techmorevn?source_screen=product_detail&source_engine=organic,Techmorevn,2019,14,4.7,1600,711,64540000,544.0,3.0,3.0,3.0,43.0,492.0
1506,1526,,4,https://tiki.vn/cua-hang/xshop-balo-tui-xach?source_screen=product_detail&source_engine=organic,XShop Balo Túi xách,2022,36,5.0,6,3,370000,4.0,0.0,0.0,0.0,0.0,4.0
1507,1527,,8,https://tiki.vn/cua-hang/cong-ty-vilocom?source_screen=product_detail&source_engine=organic,CÔNG TY VILOCOM,2018,148,4.5,87,77,1822630,32.0,1.0,0.0,1.0,7.0,23.0
1508,1528,,3,https://tiki.vn/cua-hang/saigonfab?source_screen=product_detail&source_engine=organic,SAIGONFAB,2023,19,4.9,59,21,3021000,48.0,0.0,0.0,1.0,3.0,44.0
1509,1529,,7,https://tiki.vn/cua-hang/techoffice-viet-nam?source_screen=product_detail&source_engine=organic,Techoffice Việt Nam,2019,269,3.5,8,8,0,6.0,2.0,0.0,0.0,0.0,4.0
1510,1530,,7,https://tiki.vn/cua-hang/smice-house?source_screen=product_detail&source_engine=organic,SMICE HOUSE,2019,35,4.2,1400,223,0,25.0,2.0,2.0,2.0,3.0,16.0
1511,1531,,7,https://tiki.vn/cua-hang/shop-cong-cu-thong-minh?source_screen=product_detail&source_engine=organic,Shop Công Cụ Thông Minh,2019,52,4.2,730,0,7149000,183.0,13.0,5.0,8.0,34.0,123.0
1512,1532,,7,https://tiki.vn/cua-hang/arize?source_screen=product_detail&source_engine=organic,ARIZE,2019,62,4.3,78,36,2046060,67.0,4.0,4.0,5.0,9.0,45.0
1513,1533,,7,https://tiki.vn/cua-hang/nge-3d-printer?source_screen=product_detail&source_engine=organic,NGE 3D Printer,2019,2,5.0,1,5,0,1.0,0.0,0.0,0.0,0.0,1.0
1514,1534,,6,https://tiki.vn/cua-hang/bao-linh-official?source_screen=product_detail&source_engine=organic,BẢO LINH Official,2020,22,4.9,158,380,733000,134.0,0.0,0.0,1.0,12.0,121.0
1515,1535,,8,https://tiki.vn/cua-hang/faldo?source_screen=product_detail&source_engine=organic,FALDO,2018,17,4.5,6000,520,194684000,587.0,22.0,3.0,36.0,113.0,413.0
1516,1536,,8,https://tiki.vn/cua-hang/dien-may-phu-si?source_screen=product_detail&source_engine=organic,Điện Máy Phú Sĩ,2018,732,4.7,1800,2300,379987380,235.0,5.0,1.0,8.0,29.0,192.0
1517,1537,,4,https://tiki.vn/cua-hang/may-rua-chen-winterhalter?source_screen=product_detail&source_engine=organic,WINTERHALTER Official Store,2022,84,5.0,7,20,2809272,7.0,0.0,0.0,0.0,0.0,7.0
1518,1538,,6,https://tiki.vn/cua-hang/nooz-home-goods?source_screen=product_detail&source_engine=organic,NOOZ Home Goods,2020,19,4.8,1200,399,10324400,979.0,10.0,7.0,16.0,105.0,841.0
1519,1539,,5,https://tiki.vn/cua-hang/doctor-care-official-store?source_screen=product_detail&source_engine=organic,D&C Official Store,2021,31,4.9,720,0,637500,586.0,5.0,0.0,5.0,46.0,530.0
1520,1540,,8,https://tiki.vn/cua-hang/martsaigon?source_screen=product_detail&source_engine=organic,martsaigon,2018,6,4.6,945,260,0,106.0,4.0,3.0,6.0,12.0,81.0
1521,1541,,8,https://tiki.vn/cua-hang/alan-go?source_screen=product_detail&source_engine=organic,Alan Go,2018,6,4.8,1300,400,1417000,412.0,4.0,5.0,9.0,57.0,337.0
1522,1542,,7,https://tiki.vn/cua-hang/sieu-thi-nano?source_screen=product_detail&source_engine=organic,Siêu Thị NaNo,2019,171,4.1,405,59,8004160,63.0,14.0,2.0,1.0,11.0,35.0
1523,1543,,6,https://tiki.vn/cua-hang/top-ten-food?source_screen=product_detail&source_engine=organic,SHOP TOPTEN Milk,2020,12,4.6,39,38,1610000,23.0,0.0,0.0,0.0,6.0,17.0
1524,1544,,6,https://tiki.vn/cua-hang/giai-phap-nguyen-lieu-pha-che-deli?source_screen=product_detail&source_engine=organic,Giải pháp nguyên liệu pha chế Déli,2020,110,4.7,2000,0,58877000,1017.0,20.0,5.0,15.0,105.0,872.0
1525,1545,,7,https://tiki.vn/cua-hang/an-an-store?source_screen=product_detail&source_engine=organic,An An Store,2019,11,4.6,9300,0,0,28.0,0.0,1.0,0.0,1.0,26.0
1526,1546,,7,https://tiki.vn/cua-hang/trieu-cuong-tech?source_screen=product_detail&source_engine=organic,TRIỀU CƯỜNG TECH OFFICIAL,2019,23,4.7,3300,292,13720180,501.0,4.0,1.0,6.0,47.0,443.0
1527,1547,,8,https://tiki.vn/cua-hang/tiki-partner?source_screen=product_detail&source_engine=organic,TOP ONE SHOP,2018,27,4.6,3200,280,3762000,741.0,14.0,4.0,22.0,121.0,580.0
1528,1548,,4,https://tiki.vn/cua-hang/hoanglanstore?source_screen=product_detail&source_engine=organic,HoangLanStore,2022,18,4.7,85,51,541000,70.0,1.0,1.0,0.0,10.0,58.0
1529,1549,,6,https://tiki.vn/cua-hang/thietbinhabep?source_screen=product_detail&source_engine=organic,thietbinhabep,2020,355,5.0,1,9,0,1.0,0.0,0.0,0.0,0.0,1.0
1530,1550,,7,https://tiki.vn/cua-hang/watches-of-us?source_screen=product_detail&source_engine=organic,WATCHES OF US,2019,6,3.7,2,6,0,,,,,,
1531,1551,,5,https://tiki.vn/cua-hang/lovemama?source_screen=product_detail&source_engine=organic,Ga chống thấm LoveMama,2021,39,4.7,20,4,1800725,17.0,1.0,0.0,0.0,2.0,14.0
1532,1552,,4,https://tiki.vn/cua-hang/namnam-store?source_screen=product_detail&source_engine=organic,NamNam Store,2022,623,3.7,43,17,3853000,11.0,5.0,0.0,0.0,3.0,3.0
1533,1553,,5,https://tiki.vn/cua-hang/nguyen-kim-official?source_screen=product_detail&source_engine=organic,Nguyễn Kim Official,2021,534,4.8,1500,1500,31182000,784.0,13.0,5.0,9.0,67.0,690.0
1534,1554,,7,https://tiki.vn/cua-hang/le-luan-strore?source_screen=product_detail&source_engine=organic,Lê Luân Strore,2019,11,4.5,602,27,499000,206.0,9.0,2.0,7.0,39.0,149.0
1535,1555,,5,https://tiki.vn/cua-hang/chan-nguyen-michelin?source_screen=product_detail&source_engine=organic,CHẤN NGUYÊN 69 PHỔ QUANG,2021,6,4.3,3,2,0,1.0,0.0,0.0,0.0,1.0,0.0
1536,1307,,7,https://tiki.vn/cua-hang/hong-quang-group?source_screen=product_detail&source_engine=organic,Hồng Quang Group,2019,6,0.0,0,0,0,,,,,,
1537,1557,,7,https://tiki.vn/cua-hang/hiwin-phu-kien-nha-tam-inox?source_screen=product_detail&source_engine=organic,HIWIN Phụ kiện nhà tắm Inox,2019,144,4.6,112,0,835000,91.0,3.0,0.0,6.0,18.0,64.0
1538,1558,,7,https://tiki.vn/cua-hang/detox-hana-chanhviet?source_screen=product_detail&source_engine=organic,Chanh Việt Long An,2019,9,4.6,160,28,0,121.0,3.0,2.0,1.0,16.0,99.0
1539,1559,,4,https://tiki.vn/cua-hang/shop-shiny?source_screen=product_detail&source_engine=organic,shop shiny,2022,1,4.1,23,0,0,,,,,,
1540,1560,,8,https://tiki.vn/cua-hang/tin-an?source_screen=product_detail&source_engine=organic,Tín An,2018,40,4.5,970,101,3385000,532.0,7.0,14.0,28.0,106.0,377.0
1541,1561,,3,https://tiki.vn/cua-hang/kho-thiet-bi-va-dung-cu?source_screen=product_detail&source_engine=organic,KHO THIẾT BỊ VÀ DỤNG CỤ,2023,2000,4.2,160,79,18544893,89.0,5.0,1.0,6.0,12.0,65.0
1542,1562,,5,https://tiki.vn/cua-hang/iworuk-viet-nam?source_screen=product_detail&source_engine=organic,XGIMI Official Authorized,2021,6,5.0,2,0,0,1.0,0.0,0.0,0.0,0.0,1.0
1543,1563,,8,https://tiki.vn/cua-hang/karalux?source_screen=product_detail&source_engine=organic,KARALUX,2018,51,0.0,0,3,7000000,,,,,,
1544,1564,,7,https://tiki.vn/cua-hang/p3h-store?source_screen=product_detail&source_engine=organic,P3h Store,2019,92,4.8,258,50,9507000,107.0,2.0,0.0,0.0,10.0,95.0
1545,1565,,8,https://tiki.vn/cua-hang/massko?source_screen=product_detail&source_engine=organic,Masscom,2018,8,4.1,43,18,0,7.0,0.0,0.0,0.0,2.0,5.0
1546,1566,,7,https://tiki.vn/cua-hang/giay-nam-bao-han?source_screen=product_detail&source_engine=organic,Giày nam bảo hân,2019,48,4.6,386,82,3535000,93.0,0.0,1.0,4.0,17.0,71.0
1547,1567,,6,https://tiki.vn/cua-hang/sieu-thanh-photocopy?source_screen=product_detail&source_engine=organic,Siêu Thanh Photocopy,2020,8,0.0,0,4,0,,,,,,
1548,1568,,5,https://tiki.vn/cua-hang/phu-kien-giay-ximo?source_screen=product_detail&source_engine=organic,PHỤ KIỆN GIÀY XIMO,2021,75,4.6,3900,509,5998000,2884.0,68.0,29.0,64.0,589.0,2134.0
1549,1569,,4,https://tiki.vn/cua-hang/pho-xinh-store?source_screen=product_detail&source_engine=organic,Phố Xinh Store,2022,333,3.9,648,89,11821288,28.0,9.0,0.0,1.0,4.0,14.0
1550,1570,,5,https://tiki.vn/cua-hang/itshop-hcm?source_screen=product_detail&source_engine=organic,ITSHOP247,2021,431,4.4,77,24,3259200,14.0,2.0,0.0,0.0,4.0,8.0
1551,1571,,8,https://tiki.vn/cua-hang/sakurabeautyvn?source_screen=product_detail&source_engine=organic,SAKURA BEAUTY OFFICIAL,2018,26,4.8,42,213,3477300,17.0,0.0,0.0,0.0,4.0,13.0
1552,1572,,3,https://tiki.vn/cua-hang/dta-store?source_screen=product_detail&source_engine=organic,DTA Store,2023,24,4.2,6,1,193000,6.0,0.0,1.0,0.0,2.0,3.0
1553,1573,,7,https://tiki.vn/cua-hang/bemboo-store?source_screen=product_detail&source_engine=organic,Bemboo Store,2019,1,4.5,3,0,0,,,,,,
1554,1574,,4,https://tiki.vn/cua-hang/happy-hand?source_screen=product_detail&source_engine=organic,Happy Hand,2022,27,4.8,40,3,1215000,39.0,0.0,0.0,0.0,10.0,29.0
1555,1575,,5,https://tiki.vn/cua-hang/baseusvietnam?source_screen=product_detail&source_engine=organic,TÁO XANH,2021,82,4.7,288,0,400000,25.0,1.0,0.0,0.0,2.0,22.0
1556,1576,,7,https://tiki.vn/cua-hang/moon85?source_screen=product_detail&source_engine=organic,MOON85,2019,43,4.6,417,76,240000,113.0,1.0,2.0,2.0,22.0,86.0
1557,1577,,7,https://tiki.vn/cua-hang/gon-bedding-store?source_screen=product_detail&source_engine=organic,Gòn Bedding Store,2019,42,4.7,151,121,2677000,22.0,0.0,1.0,0.0,1.0,20.0
1558,1578,,3,https://tiki.vn/cua-hang/sportlike?source_screen=product_detail&source_engine=organic,V Sport Like,2023,9,5.0,5,1,4389000,4.0,0.0,0.0,0.0,0.0,4.0
1559,1579,,7,https://tiki.vn/cua-hang/diem-tua-vang?source_screen=product_detail&source_engine=organic,KIBATH Light solution for life,2019,173,4.6,466,0,7173000,425.0,10.0,6.0,9.0,79.0,321.0
1560,1266,,5,https://tiki.vn/cua-hang/thoi-trang-dotana?source_screen=product_detail&source_engine=organic,Thời trang DOTANA,2021,1,0.0,0,0,0,,,,,,
1561,1581,,6,https://tiki.vn/cua-hang/thiet-bi-moi?source_screen=product_detail&source_engine=organic,Thiết Bị Mới,2020,116,4.0,325,81,8670000,19.0,5.0,0.0,1.0,1.0,12.0
1562,1582,,8,https://tiki.vn/cua-hang/catdog-official-store?source_screen=product_detail&source_engine=organic,CATDOG OFFICIAL STORE,2018,61,4.8,146,0,4240500,85.0,3.0,1.0,1.0,2.0,78.0
1563,1583,,6,https://tiki.vn/cua-hang/beean-store?source_screen=product_detail&source_engine=organic,Beean store,2020,32,4.4,926,113,440000,207.0,9.0,1.0,9.0,43.0,145.0
1564,1584,,2,https://tiki.vn/cua-hang/saffronclub?source_screen=product_detail&source_engine=organic,Saffronclub,2024,28,5.0,1,2,0,1.0,0.0,0.0,0.0,0.0,1.0
1565,1585,,5,https://tiki.vn/cua-hang/trang-phuc-bieu-dien-dung-trum?source_screen=product_detail&source_engine=organic,Trang phục biểu diễn Dũng Trum,2021,49,4.6,250,156,1417000,104.0,3.0,0.0,1.0,17.0,83.0
1566,1586,,9,https://tiki.vn/cua-hang/galaxy-store?source_screen=product_detail&source_engine=organic,Galaxy Store,2017,14,4.6,4100,1400,6614700,699.0,7.0,10.0,37.0,112.0,533.0
1567,1603,,6,https://tiki.vn/cua-hang/vien-thong-ficon?source_screen=product_detail&source_engine=organic,Viễn thông FICON,2020,1,0.0,0,0,0,,,,,,
1568,1588,,7,https://tiki.vn/cua-hang/may-rua-xe-gia-dinh?source_screen=product_detail&source_engine=organic,Máy Rửa Xe Gia Đình,2019,30,4.6,489,100,4838000,245.0,11.0,3.0,6.0,37.0,188.0
1569,1589,,6,https://tiki.vn/cua-hang/tra-tam-thao-moc-an-nhien?source_screen=product_detail&source_engine=organic,Trà tắm thảo mộc An Nhiên,2020,1,4.7,3,1,0,1.0,0.0,0.0,0.0,0.0,1.0
1570,1590,,5,https://tiki.vn/cua-hang/saparoma?source_screen=product_detail&source_engine=organic,saparoma,2021,72,4.5,11,7,0,2.0,0.0,0.0,0.0,0.0,2.0
1571,1591,,6,https://tiki.vn/cua-hang/thao-nguyen-phat?source_screen=product_detail&source_engine=organic,Thảo Nguyên Phát,2020,26,4.8,450,0,810000,402.0,5.0,0.0,4.0,37.0,356.0
1572,1592,,7,https://tiki.vn/cua-hang/den-bat-muoi-con-doi?source_screen=product_detail&source_engine=organic,Đèn bắt muỗi con dơi,2019,20,4.4,2100,146,12612000,815.0,40.0,19.0,39.0,107.0,610.0
1573,1593,,9,https://tiki.vn/cua-hang/cong-ty-hue-minh?source_screen=product_detail&source_engine=organic,CÔNG TY HUỆ MINH,2017,12,4.5,1200,200,11149800,286.0,11.0,6.0,7.0,39.0,223.0
1574,1594,,5,https://tiki.vn/cua-hang/nha-sach-phuong-nam?source_screen=product_detail&source_engine=organic,Nhà Sách Phương Nam,2021,2000,4.7,2000,0,48147150,464.0,13.0,7.0,7.0,39.0,398.0
1575,1595,,5,https://tiki.vn/cua-hang/dong-a-books-official?source_screen=product_detail&source_engine=organic,Đông A Books Official,2021,461,4.8,3200,3500,21597500,1844.0,21.0,7.0,19.0,111.0,1686.0
1576,1596,,5,https://tiki.vn/cua-hang/shopducthang?source_screen=product_detail&source_engine=organic,ShopDucThang,2021,856,4.8,2000,352,386732955,721.0,12.0,2.0,5.0,55.0,647.0
1577,1597,,8,https://tiki.vn/cua-hang/kantapro?source_screen=product_detail&source_engine=organic,Kantapro,2018,6,4.7,11,0,0,,,,,,
1578,1598,,6,https://tiki.vn/cua-hang/ram-familly?source_screen=product_detail&source_engine=organic,RAM Familly,2020,97,4.4,28,12,0,3.0,0.0,0.0,0.0,3.0,0.0
1579,1599,,8,https://tiki.vn/cua-hang/lipzo-niva?source_screen=product_detail&source_engine=organic,Lipzo & Niva,2018,122,4.3,977,0,331500,370.0,11.0,2.0,22.0,57.0,278.0
1580,1600,,5,https://tiki.vn/cua-hang/luciostore?source_screen=product_detail&source_engine=organic,Luciostore,2021,361,4.3,704,205,3964000,20.0,1.0,1.0,1.0,2.0,15.0
1581,1601,,7,https://tiki.vn/cua-hang/led-solar-2019?source_screen=product_detail&source_engine=organic,LED Solar 2019,2019,1,5.0,12,29,0,12.0,0.0,0.0,0.0,0.0,12.0
1582,1602,,4,https://tiki.vn/cua-hang/yen-thi-store?source_screen=product_detail&source_engine=organic,Yến Thị Store,2022,10,4.8,40,0,535000,24.0,0.0,0.0,0.0,1.0,23.0
1583,1680,,6,https://tiki.vn/cua-hang/agb-viet-nam?source_screen=product_detail&source_engine=organic,AGB Leather,2020,2,0.0,0,0,0,,,,,,
1584,1604,,4,https://tiki.vn/cua-hang/the-gioi-dien-may-gia-dung?source_screen=product_detail&source_engine=organic,THẾ GIỚI ĐIỆN MÁY GIA DỤNG,2022,253,4.5,108,95,7609480,17.0,1.0,0.0,0.0,4.0,12.0
1585,1605,,4,https://tiki.vn/cua-hang/xe-dap-tro-luc-dien-viet-nam?source_screen=product_detail&source_engine=organic,Xe đạp trợ lực điện Việt Nam,2022,20,4.8,13,36,9970000,,,,,,
1586,1606,,8,https://tiki.vn/cua-hang/cong-ty-co-phan-gio-mau-dich-rong-xanh?source_screen=product_detail&source_engine=organic,CÔNG TY CP GIÓ MẬU DỊCH RỒNG XANH,2018,45,3.8,88,9,0,,,,,,
1587,1607,,4,https://tiki.vn/cua-hang/starfilm?source_screen=product_detail&source_engine=organic,STARFILM,2022,82,4.7,18,10,3419000,18.0,0.0,0.0,0.0,5.0,13.0
1588,1608,,8,https://tiki.vn/cua-hang/szone?source_screen=product_detail&source_engine=organic,SZone,2018,199,4.4,2900,303,27183000,2193.0,101.0,55.0,127.0,521.0,1389.0
1589,1609,,5,https://tiki.vn/cua-hang/alo360-store?source_screen=product_detail&source_engine=organic,Alo360 Store,2021,1,4.7,503,95,0,34.0,5.0,2.0,0.0,6.0,21.0
1590,1610,,7,https://tiki.vn/cua-hang/an-thang-gia-lai?source_screen=product_detail&source_engine=organic,An Thắng Gia Lai,2019,8,4.9,94,6,240000,87.0,0.0,0.0,1.0,7.0,79.0
1591,1611,,5,https://tiki.vn/cua-hang/gian-phoi-thong-minh-wellex?source_screen=product_detail&source_engine=organic,Giàn phơi thông minh Wellex,2021,38,4.7,70,57,0,56.0,0.0,1.0,1.0,12.0,42.0
1592,1612,,7,https://tiki.vn/cua-hang/frico?source_screen=product_detail&source_engine=organic,FRICO,2019,10,0.0,0,70,0,,,,,,
1593,1613,,4,https://tiki.vn/cua-hang/rats-away-official?source_screen=product_detail&source_engine=organic,RATS AWAY OFFICIAL,2022,5,5.0,3,3,700000,2.0,0.0,0.0,0.0,0.0,2.0
1594,1614,,7,https://tiki.vn/cua-hang/phu-kien-cho-ban-07?source_screen=product_detail&source_engine=organic,Phụ kiện cho bạn 07,2019,50,4.5,6300,619,50502400,2600.0,191.0,37.0,56.0,259.0,2057.0
1595,1615,,7,https://tiki.vn/cua-hang/men-stay-simplicity-store?source_screen=product_detail&source_engine=organic,Men Stay Simplicity Store,2019,21,4.7,66,77,2628000,61.0,1.0,0.0,1.0,10.0,49.0
1596,1616,,5,https://tiki.vn/cua-hang/alashop?source_screen=product_detail&source_engine=organic,AlaShop,2021,11,4.6,384,112,1746000,9.0,0.0,0.0,0.0,1.0,8.0
1597,1617,,7,https://tiki.vn/cua-hang/tra-va-mat-ong-khanh-nga?source_screen=product_detail&source_engine=organic,Trà và Mật Ong Khánh Nga,2019,7,4.7,246,18,1711900,245.0,4.0,2.0,7.0,34.0,198.0
1598,1618,,4,https://tiki.vn/cua-hang/co-dien-dzi-an?source_screen=product_detail&source_engine=organic,DZM ĐIỆN MÁY ONLINE,2022,10,5.0,1,6,10560000,1.0,0.0,0.0,0.0,0.0,1.0
1599,1619,,7,https://tiki.vn/cua-hang/hai-phi-tv?source_screen=product_detail&source_engine=organic,HAI PHI TV,2019,3,3.0,2,2,0,1.0,0.0,0.0,0.0,0.0,1.0
1600,1620,,7,https://tiki.vn/cua-hang/nguyen-thi-yen?source_screen=product_detail&source_engine=organic,Nguyễn Thị Yến,2019,26,4.4,1200,61,830000,294.0,15.0,5.0,18.0,58.0,198.0
1601,1621,,5,https://tiki.vn/cua-hang/quang-vinh-computer?source_screen=product_detail&source_engine=organic,Quang Vinh Computer,2021,23,4.2,43,43,0,22.0,4.0,0.0,0.0,3.0,15.0
1602,1622,,6,https://tiki.vn/cua-hang/kingstyle?source_screen=product_detail&source_engine=organic,Kingstyle,2020,9,4.8,14,15,0,1.0,0.0,0.0,0.0,1.0,0.0
1603,1623,,5,https://tiki.vn/cua-hang/nutistore?source_screen=product_detail&source_engine=organic,NutiStore,2021,19,4.7,63,55,1881800,25.0,0.0,0.0,0.0,7.0,18.0
1604,1624,,5,https://tiki.vn/cua-hang/tech-land198?source_screen=product_detail&source_engine=organic,TECH Land198,2021,1,4.0,38,0,0,,,,,,
1605,1625,,8,https://tiki.vn/cua-hang/cho-lam-dep?source_screen=product_detail&source_engine=organic,Chợ Làm đẹp,2018,99,4.4,1200,172,2775000,871.0,35.0,21.0,51.0,160.0,604.0
1606,1626,,3,https://tiki.vn/cua-hang/open-key?source_screen=product_detail&source_engine=organic,Open Key,2023,10,4.4,7,5,4800000,5.0,0.0,0.0,0.0,1.0,4.0
1607,1627,,5,https://tiki.vn/cua-hang/minh-vy-store?source_screen=product_detail&source_engine=organic,Minh Vy Store,2021,121,4.6,666,1100,15411828,387.0,18.0,5.0,5.0,57.0,302.0
1608,1628,,6,https://tiki.vn/cua-hang/dong-ho-thien-bao?source_screen=product_detail&source_engine=organic,Đồng hồ Thiên Bảo,2020,7,0.0,0,2,0,,,,,,
1609,1629,,5,https://tiki.vn/cua-hang/levoit-store?source_screen=product_detail&source_engine=organic,HOÀNG QUỐC CƯỜNG,2021,5,5.0,5,28,0,5.0,0.0,0.0,0.0,0.0,5.0
1610,1630,,6,https://tiki.vn/cua-hang/ho-kinh-doanh-dich-vu-ehome?source_screen=product_detail&source_engine=organic,AHA BẾP,2020,1949,4.5,68,66,19620000,38.0,2.0,0.0,2.0,8.0,26.0
1611,1631,,8,https://tiki.vn/cua-hang/mcovn?source_screen=product_detail&source_engine=organic,MCO Server,2018,5,4.4,16,0,0,,,,,,
1612,1632,,8,https://tiki.vn/cua-hang/bep-xanh-family?source_screen=product_detail&source_engine=organic,Bếp XANH Family,2018,712,4.6,130,251,0,105.0,4.0,1.0,1.0,17.0,82.0
1613,1633,,5,https://tiki.vn/cua-hang/pet-shop-154?source_screen=product_detail&source_engine=organic,PET SHOP 154,2021,21,4.5,784,0,677000,15.0,1.0,1.0,1.0,3.0,9.0
1614,1634,,5,https://tiki.vn/cua-hang/svn-leather-da-that-dang-cap-that?source_screen=product_detail&source_engine=organic,SVN Leather Da Thật Đẳng Cấp Thật,2021,10,4.1,131,103,125000,53.0,5.0,2.0,3.0,9.0,34.0
1615,1635,,5,https://tiki.vn/cua-hang/shop-be-hien?source_screen=product_detail&source_engine=organic,Shop Bé Hiên,2021,3,4.7,15,7,0,3.0,0.0,0.0,0.0,0.0,3.0
1616,1636,,5,https://tiki.vn/cua-hang/nhang-sach-duong-minh?source_screen=product_detail&source_engine=organic,Nhang sạch Dương Minh,2021,22,4.8,466,261,400000,265.0,0.0,2.0,5.0,34.0,224.0
1617,1637,,3,https://tiki.vn/cua-hang/cong-ty-tnhh-mtv-knn?source_screen=product_detail&source_engine=organic,CÔNG TY TNHH MTV KNN,2023,32,4.8,8,0,3330500,6.0,0.0,0.0,0.0,2.0,4.0
1618,1638,,6,https://tiki.vn/cua-hang/trang-suc-phong-thuy-hadosa?source_screen=product_detail&source_engine=organic,TRANG SỨC PHONG THỦY HADOSA,2020,69,4.6,5,22,0,,,,,,
1619,1639,,6,https://tiki.vn/cua-hang/phu-khang-nghi?source_screen=product_detail&source_engine=organic,Phú Khang Nghi,2020,9,4.3,6,0,0,2.0,0.0,0.0,0.0,0.0,2.0
1620,1640,,7,https://tiki.vn/cua-hang/huu-nghi?source_screen=product_detail&source_engine=organic,Hữu Nghị,2019,26,4.4,864,0,847000,464.0,17.0,7.0,29.0,102.0,309.0
1621,1641,,7,https://tiki.vn/cua-hang/foodsafe?source_screen=product_detail&source_engine=organic,FOODSAFE,2019,4,4.7,53,5,300000,53.0,1.0,2.0,0.0,4.0,46.0
1622,1642,,7,https://tiki.vn/cua-hang/minh-house?source_screen=product_detail&source_engine=organic,Minh House,2019,88,4.2,3800,568,7515000,1775.0,98.0,37.0,80.0,314.0,1246.0
1623,1643,,7,https://tiki.vn/cua-hang/gia-vj-thien-thien-food?source_screen=product_detail&source_engine=organic,GIA VJ THIÊN THIÊN FOOD,2019,48,4.7,14,9,0,12.0,0.0,0.0,0.0,3.0,9.0
1624,1644,,7,https://tiki.vn/cua-hang/may-tro-giang-an-phat?source_screen=product_detail&source_engine=organic,Máy Trợ Giảng An Phát,2019,2,4.7,35,15,0,28.0,0.0,0.0,2.0,4.0,22.0
1625,1645,,7,https://tiki.vn/cua-hang/king-coffee-official-store?source_screen=product_detail&source_engine=organic,King Coffee Official Store,2019,17,4.8,2400,448,5409300,431.0,7.0,2.0,16.0,42.0,364.0
1626,1646,,6,https://tiki.vn/cua-hang/chat-luong-vang?source_screen=product_detail&source_engine=organic,gia dụng mai trang,2020,234,4.4,3000,255,134161640,1184.0,47.0,22.0,30.0,157.0,928.0
1627,1647,,8,https://tiki.vn/cua-hang/vuon-dac-san?source_screen=product_detail&source_engine=organic,Vườn Đặc Sản,2018,14,4.4,545,38,820000,248.0,18.0,2.0,14.0,55.0,159.0
1628,1648,,8,https://tiki.vn/cua-hang/techgroup-auto?source_screen=product_detail&source_engine=organic,Techgroup Auto,2018,50,4.9,23,0,0,1.0,0.0,0.0,0.0,0.0,1.0
1629,1649,,7,https://tiki.vn/cua-hang/do-choi-a-sam?source_screen=product_detail&source_engine=organic,Đồ Chơi A Sam,2019,276,4.3,989,100,9529000,135.0,7.0,3.0,8.0,26.0,91.0
1630,1650,,5,https://tiki.vn/cua-hang/ceppe-store?source_screen=product_detail&source_engine=organic,CEPPE STORE,2021,6,4.7,48,0,0,7.0,0.0,0.0,0.0,2.0,5.0
1631,1651,,8,https://tiki.vn/cua-hang/di-outdoor?source_screen=product_detail&source_engine=organic,Đi Outdoor,2018,147,4.7,838,0,5917000,415.0,3.0,2.0,12.0,68.0,330.0
1632,1652,,3,https://tiki.vn/cua-hang/cong-ty-tnhh-tpdd-xuan-an?source_screen=product_detail&source_engine=organic,Yến Mạch Xuanan,2023,71,4.9,37,14,3256000,37.0,0.0,0.0,0.0,3.0,34.0
1633,1653,,5,https://tiki.vn/cua-hang/sai-gon-gourmet?source_screen=product_detail&source_engine=organic,Sài Gòn Gourmet,2021,116,5.0,22,40,678000,4.0,0.0,0.0,0.0,0.0,4.0
1634,1654,,6,https://tiki.vn/cua-hang/karofi-official?source_screen=product_detail&source_engine=organic,Karofi official,2020,64,4.4,255,1200,8580000,113.0,6.0,1.0,5.0,19.0,82.0
1635,1655,,3,https://tiki.vn/cua-hang/anshop-vn?source_screen=product_detail&source_engine=organic,Anshop Vn,2023,6,4.4,5,4,0,6.0,0.0,0.0,0.0,3.0,3.0
1636,1656,,6,https://tiki.vn/cua-hang/new-sky?source_screen=product_detail&source_engine=organic,NEW SKY,2020,7,3.9,609,75,0,7.0,1.0,0.0,0.0,2.0,4.0
1637,1657,,6,https://tiki.vn/cua-hang/anzzar-home?source_screen=product_detail&source_engine=organic,ANZZAR HOME,2020,65,4.4,1100,1900,9510000,496.0,18.0,9.0,19.0,98.0,352.0
1638,1658,,8,https://tiki.vn/cua-hang/uyaby?source_screen=product_detail&source_engine=organic,U&YABY,2018,83,4.7,74,38,0,41.0,3.0,0.0,0.0,4.0,34.0
1639,1820,,4,https://tiki.vn/cua-hang/chototcom?source_screen=product_detail&source_engine=organic,chototcom,2022,1,0.0,0,0,0,,,,,,
1640,1660,,4,https://tiki.vn/cua-hang/authorized-acer-storage?source_screen=product_detail&source_engine=organic,Authorized Acer Storage,2022,11,4.6,245,0,5441050,214.0,9.0,2.0,4.0,29.0,170.0
1641,1661,,6,https://tiki.vn/cua-hang/marshall-saigon?source_screen=product_detail&source_engine=organic,District M,2020,13,4.9,128,416,490000,6.0,0.0,0.0,0.0,1.0,5.0
1642,1662,,3,https://tiki.vn/cua-hang/thanh-food4pet?source_screen=product_detail&source_engine=organic,Thanh Food4Pet,2023,45,4.5,2,2,231930,3.0,0.0,0.0,0.0,1.0,2.0
1643,1663,,8,https://tiki.vn/cua-hang/may-fashion?source_screen=product_detail&source_engine=organic,MAYHOMES Official Store,2018,164,4.6,5200,2500,3095000,2997.0,77.0,70.0,180.0,462.0,2208.0
1644,1664,,6,https://tiki.vn/cua-hang/tong-kho-goi-y-te?source_screen=product_detail&source_engine=organic,Tổng kho gối y tế,2020,40,4.6,143,45,14245000,114.0,4.0,0.0,2.0,17.0,91.0
1645,1665,,7,https://tiki.vn/cua-hang/future-store?source_screen=product_detail&source_engine=organic,Future Store,2019,10,4.6,25000,3600,3042000,6128.0,90.0,43.0,122.0,894.0,4979.0
1646,1666,,7,https://tiki.vn/cua-hang/ca-phe-trai-cay-meet-more?source_screen=product_detail&source_engine=organic,MEET MORE Official,2019,10,4.3,95,43,142000,57.0,6.0,1.0,0.0,13.0,37.0
1647,1667,,4,https://tiki.vn/cua-hang/minh-thanh12?source_screen=product_detail&source_engine=organic,Minh Thành12,2022,23,4.9,58,12,3164000,42.0,1.0,0.0,0.0,4.0,37.0
1648,1669,,8,https://tiki.vn/cua-hang/hoanh-gia-store?source_screen=product_detail&source_engine=organic,Hoành Gia store,2018,879,4.6,8200,817,110546900,2720.0,87.0,29.0,92.0,351.0,2161.0
1649,1670,,4,https://tiki.vn/cua-hang/dirty-coins-official-store?source_screen=product_detail&source_engine=organic,Dirty Coins Official Store,2022,138,4.8,128,1000,0,20.0,0.0,0.0,0.0,1.0,19.0
1650,1672,,8,https://tiki.vn/cua-hang/heomi?source_screen=product_detail&source_engine=organic,HEOMI,2018,8,4.6,67,21,0,45.0,0.0,1.0,2.0,6.0,36.0
1651,1673,,4,https://tiki.vn/cua-hang/rivacase-official-store?source_screen=product_detail&source_engine=organic,Rivacase Official Store,2022,39,4.4,8,41,583000,5.0,0.0,0.0,0.0,0.0,5.0
1652,1674,,4,https://tiki.vn/cua-hang/gd-tien-phat?source_screen=product_detail&source_engine=organic,GD Tiến Phát,2022,19,4.2,1300,327,6679000,83.0,6.0,0.0,2.0,15.0,60.0
1653,1676,,4,https://tiki.vn/cua-hang/kipor-store?source_screen=product_detail&source_engine=organic,KIPOR STORE,2022,23,4.8,524,616,894000,333.0,3.0,3.0,2.0,35.0,290.0
1654,1677,,8,https://tiki.vn/cua-hang/ca-phe-trang-va-dac-san-malaysia?source_screen=product_detail&source_engine=organic,Cà phê trắng và đặc sản Malaysia,2018,4,4.7,492,96,298000,218.0,5.0,1.0,7.0,21.0,184.0
1655,1678,,5,https://tiki.vn/cua-hang/nam-xanh-nong-trai?source_screen=product_detail&source_engine=organic,Nấm Xanh Nông Trại,2021,4,4.8,92,146,245000,37.0,0.0,0.0,2.0,4.0,31.0
1656,1679,,6,https://tiki.vn/cua-hang/konkashop?source_screen=product_detail&source_engine=organic,Konkashop,2020,67,4.6,1500,1000,7109610,215.0,10.0,2.0,7.0,33.0,163.0
1657,1176,,6,https://tiki.vn/cua-hang/n-max-vietnam?source_screen=product_detail&source_engine=organic,N-MAX SHOP,2020,1,0.0,0,0,0,,,,,,
1658,1681,,5,https://tiki.vn/cua-hang/minh-chung-auto?source_screen=product_detail&source_engine=organic,Minh Chung Auto,2021,136,4.6,303,59,2579000,160.0,5.0,0.0,3.0,38.0,114.0
1659,1682,,6,https://tiki.vn/cua-hang/baseus-sai-gon?source_screen=product_detail&source_engine=organic,PHỤ KIỆN TOÀN THẮNG,2020,320,4.7,32,1,11558810,26.0,1.0,0.0,0.0,3.0,22.0
1660,1683,,4,https://tiki.vn/cua-hang/bhth520?source_screen=product_detail&source_engine=organic,BHTH520,2022,3,5.0,4,3,0,,,,,,
1661,1684,,7,https://tiki.vn/cua-hang/don-coffee?source_screen=product_detail&source_engine=organic,DON COFFEE,2019,6,4.8,43,18,380000,38.0,0.0,0.0,1.0,5.0,32.0
1662,1685,,3,https://tiki.vn/cua-hang/wuling-ev-official?source_screen=product_detail&source_engine=organic,Wuling EV Official,2023,4,0.0,0,150,0,,,,,,
1663,1686,,6,https://tiki.vn/cua-hang/halo-viet?source_screen=product_detail&source_engine=organic,Halo Việt,2020,26,4.1,982,79,167000,11.0,0.0,0.0,1.0,0.0,10.0
1664,1687,,7,https://tiki.vn/cua-hang/babyupp?source_screen=product_detail&source_engine=organic,Babyupp,2019,26,4.7,3700,478,3365000,2433.0,39.0,20.0,109.0,449.0,1816.0
1665,1688,,6,https://tiki.vn/cua-hang/cua-hang-gom-su-bat-trang?source_screen=product_detail&source_engine=organic,Cửa hàng gốm sứ Bát Tràng,2020,711,4.4,1100,377,66965000,648.0,33.0,17.0,32.0,100.0,466.0
1666,1689,,4,https://tiki.vn/cua-hang/xe-may-minh-huy?source_screen=product_detail&source_engine=organic,Xe Máy Minh Huy,2022,47,5.0,7,43,0,3.0,0.0,0.0,0.0,0.0,3.0
1667,1690,,7,https://tiki.vn/cua-hang/kinokostore?source_screen=product_detail&source_engine=organic,Lalunavn Store,2019,170,4.8,1900,1200,4393950,771.0,4.0,1.0,6.0,104.0,656.0
1668,1691,,7,https://tiki.vn/cua-hang/the-gioi-gia-dung-24h?source_screen=product_detail&source_engine=organic,THẾ GIỚI GIA DỤNG 24H,2019,23,4.1,2500,249,1209000,40.0,2.0,2.0,1.0,11.0,24.0
1669,1692,,8,https://tiki.vn/cua-hang/nhan-sam-phuong-dong?source_screen=product_detail&source_engine=organic,NHÂN SÂM PHƯƠNG ĐÔNG,2018,24,4.7,2800,203,5123995,678.0,5.0,6.0,13.0,90.0,564.0
1670,1693,,7,https://tiki.vn/cua-hang/happy-fashion?source_screen=product_detail&source_engine=organic,happy fashion,2019,49,3.5,63,10,119000,13.0,4.0,2.0,1.0,2.0,4.0
1671,1694,,7,https://tiki.vn/cua-hang/kalpa-fashion?source_screen=product_detail&source_engine=organic,Kalpa,2019,12,0.0,0,0,0,,,,,,
1672,1695,,6,https://tiki.vn/cua-hang/milano-coffee-official?source_screen=product_detail&source_engine=organic,Milano Coffee Official,2020,18,4.6,103,211,324000,79.0,3.0,0.0,2.0,9.0,65.0
1673,1696,,4,https://tiki.vn/cua-hang/phu-kien-nam?source_screen=product_detail&source_engine=organic,PHỤ KIỆN NAM,2022,4,4.7,506,39,249000,195.0,1.0,3.0,2.0,26.0,163.0
1674,1812,,4,https://tiki.vn/cua-hang/da-bo-phu-kien-nam?source_screen=product_detail&source_engine=organic,Da bò phụ kiện nam,2022,2,0.0,0,0,0,,,,,,
1675,1698,,5,https://tiki.vn/cua-hang/me-va-be-aiko?source_screen=product_detail&source_engine=organic,MẸ VÀ BÉ AIKO,2021,150,4.8,281,186,1101000,151.0,1.0,0.0,1.0,19.0,130.0
1676,1699,,8,https://tiki.vn/cua-hang/ha-vy-sport?source_screen=product_detail&source_engine=organic,HÀ VY SPORT,2018,138,4.6,435,156,11344000,261.0,17.0,5.0,10.0,34.0,195.0
1677,1700,,7,https://tiki.vn/cua-hang/everon-official-store-hn?source_screen=product_detail&source_engine=organic,EVERON OFFICIAL STORE HN,2019,65,4.5,210,0,225818,110.0,5.0,1.0,1.0,17.0,86.0
1678,1701,,6,https://tiki.vn/cua-hang/vong-xep-duy-loi?source_screen=product_detail&source_engine=organic,Võng xếp Duy Lợi,2020,38,4.7,308,325,17188000,251.0,5.0,5.0,3.0,40.0,198.0
1679,1702,,6,https://tiki.vn/cua-hang/thuoc-thu-y-va-thuy-san?source_screen=product_detail&source_engine=organic,THUỐC THÚ Y VÀ THỦY SẢN,2020,97,4.7,38,73,740000,32.0,1.0,0.0,1.0,5.0,25.0
1680,1703,,8,https://tiki.vn/cua-hang/che-pham-sinh-hoc-nano?source_screen=product_detail&source_engine=organic,Chế phẩm sinh học NANO,2018,64,4.6,802,186,1861600,774.0,20.0,7.0,38.0,153.0,556.0
1681,1704,,8,https://tiki.vn/cua-hang/thanhliem?source_screen=product_detail&source_engine=organic,Mực in Thuận Phong,2018,182,4.5,378,37,3553400,336.0,6.0,6.0,16.0,67.0,241.0
1682,1705,,7,https://tiki.vn/cua-hang/may-organic?source_screen=product_detail&source_engine=organic,May Organic,2019,27,4.4,994,0,1867000,197.0,6.0,2.0,4.0,27.0,158.0
1683,1706,,4,https://tiki.vn/cua-hang/meanwell-store?source_screen=product_detail&source_engine=organic,MEANWELL STORE,2022,439,5.0,4,0,177100,4.0,0.0,0.0,0.0,0.0,4.0
1684,1707,,8,https://tiki.vn/cua-hang/ru9-the-sleep-company?source_screen=product_detail&source_engine=organic,Ru9 - The Sleep Company,2018,37,4.8,798,1800,6458000,624.0,11.0,6.0,14.0,59.0,534.0
1685,1708,,6,https://tiki.vn/cua-hang/vemoda-care?source_screen=product_detail&source_engine=organic,Vemoda Care,2020,66,4.7,2100,548,22858000,1956.0,12.0,14.0,73.0,258.0,1599.0
1686,1709,,8,https://tiki.vn/cua-hang/my-pham-lana?source_screen=product_detail&source_engine=organic,MỸ PHẨM LANA,2018,42,4.8,90,27,415000,78.0,0.0,1.0,1.0,13.0,63.0
1687,1710,,7,https://tiki.vn/cua-hang/agiadep-brand?source_screen=product_detail&source_engine=organic,Agiadep Brand,2019,35,4.2,2500,422,9840800,99.0,15.0,4.0,7.0,24.0,49.0
1688,1711,,2,https://tiki.vn/cua-hang/dung-cu-anh-dung?source_screen=product_detail&source_engine=organic,Dụng Cụ Anh Dũng,2024,110,4.8,13,2,4804000,13.0,0.0,0.0,0.0,3.0,10.0
1689,1712,,8,https://tiki.vn/cua-hang/yamaha-town-long-thanh-dat?source_screen=product_detail&source_engine=organic,Yamaha Town Long Thành Đạt,2018,31,4.8,135,282,77700000,43.0,0.0,0.0,0.0,5.0,38.0
1690,1713,,6,https://tiki.vn/cua-hang/santak-ecotek-canada?source_screen=product_detail&source_engine=organic,Chuyên Bộ lưu điện,2020,23,5.0,1,6,14835000,0.0,0.0,0.0,0.0,0.0,0.0
1691,1714,,5,https://tiki.vn/cua-hang/elecom-store?source_screen=product_detail&source_engine=organic,ELECOM store,2021,105,4.5,59,127,40000,19.0,1.0,0.0,0.0,6.0,12.0
1692,1715,,4,https://tiki.vn/cua-hang/d-danido-homie-shop?source_screen=product_detail&source_engine=organic,D Danido Homie Shop,2022,78,4.7,261,31,11836000,215.0,4.0,1.0,2.0,30.0,178.0
1693,1716,,5,https://tiki.vn/cua-hang/unie-official?source_screen=product_detail&source_engine=organic,UNIE Official Store,2021,29,4.6,281,1600,3750000,28.0,2.0,0.0,0.0,5.0,21.0
1694,1717,,7,https://tiki.vn/cua-hang/dien-may-cong-nghiep-hung-cuong?source_screen=product_detail&source_engine=organic,Điện máy công nghiệp Hùng Cường,2019,3,4.1,2500,315,9009000,34.0,1.0,1.0,2.0,9.0,21.0
1695,1718,,8,https://tiki.vn/cua-hang/gia-dung-thong-minh?source_screen=product_detail&source_engine=organic,Gia Dụng thông minh,2018,39,4.6,257,30,7660000,172.0,4.0,4.0,7.0,40.0,117.0
1696,1719,,6,https://tiki.vn/cua-hang/hiroshopdn?source_screen=product_detail&source_engine=organic,Hiroshopdn,2020,1,4.4,20,0,0,,,,,,
1697,1720,,6,https://tiki.vn/cua-hang/baby-s?source_screen=product_detail&source_engine=organic,Baby-S,2020,75,4.7,2800,692,300000,800.0,15.0,3.0,15.0,115.0,652.0
1698,1721,,6,https://tiki.vn/cua-hang/thafa?source_screen=product_detail&source_engine=organic,THAFA,2020,20,4.5,4100,2800,1278000,441.0,15.0,2.0,11.0,89.0,324.0
1699,1722,,6,https://tiki.vn/cua-hang/thoitranghuonggiang?source_screen=product_detail&source_engine=organic,thoitranghuonggiang,2020,4,4.4,726,281,3146000,106.0,5.0,1.0,2.0,14.0,84.0
1700,1723,,3,https://tiki.vn/cua-hang/viet-phap-collection-1?source_screen=product_detail&source_engine=organic,VIET PHAP COLLECTION 1,2023,92,4.7,10,32,374000,3.0,0.0,0.0,0.0,1.0,2.0
1701,1724,,8,https://tiki.vn/cua-hang/azuno-official?source_screen=product_detail&source_engine=organic,Azuno Official,2018,221,4.3,1500,782,7562000,637.0,31.0,13.0,31.0,132.0,430.0
1702,1725,,7,https://tiki.vn/cua-hang/adi-ami?source_screen=product_detail&source_engine=organic,OPTORI,2019,54,4.4,17,32,0,2.0,1.0,0.0,0.0,0.0,1.0
1703,1726,,5,https://tiki.vn/cua-hang/madin-phu-gia-o-to?source_screen=product_detail&source_engine=organic,Madin Phụ Gia Ô tô,2021,15,0.0,0,5,515000,,,,,,
1704,1727,,8,https://tiki.vn/cua-hang/le-tran-gia?source_screen=product_detail&source_engine=organic,LE TRAN GIA,2018,3,4.1,18,4,0,,,,,,
1705,1728,,5,https://tiki.vn/cua-hang/song-phuong-co-ltd?source_screen=product_detail&source_engine=organic,Song Phương Co Ltd,2021,6,4.5,6,0,360000,5.0,0.0,0.0,0.0,1.0,4.0
1706,1729,,8,https://tiki.vn/cua-hang/queenfood-thuc-pham-nu-hoang?source_screen=product_detail&source_engine=organic,Queenfood - thực phẩm Nữ Hoàng,2018,46,4.6,307,55,0,159.0,2.0,0.0,5.0,24.0,128.0
1707,1071,,5,https://tiki.vn/cua-hang/klim-motorcycle?source_screen=product_detail&source_engine=organic,KLIM Motorcycle,2021,22,0.0,0,15,0,,,,,,
1708,1731,,8,https://tiki.vn/cua-hang/molten-viet-nam?source_screen=product_detail&source_engine=organic,Molten Việt Nam,2018,106,4.6,303,208,14116000,142.0,5.0,0.0,3.0,21.0,113.0
1709,1732,,3,https://tiki.vn/cua-hang/house-home?source_screen=product_detail&source_engine=organic,House & HOME,2023,16,5.0,1,2,440000,,,,,,
1710,1733,,6,https://tiki.vn/cua-hang/npp-tra-tien-phuc?source_screen=product_detail&source_engine=organic,NPP Trà Tiên Phúc,2020,33,4.7,456,0,9164000,457.0,6.0,3.0,7.0,85.0,356.0
1711,1734,,7,https://tiki.vn/cua-hang/stbracing?source_screen=product_detail&source_engine=organic,STBRACING,2019,16,4.6,26,24,760000,8.0,0.0,0.0,0.0,0.0,8.0
1712,1735,,8,https://tiki.vn/cua-hang/smarttntvn?source_screen=product_detail&source_engine=organic,smartTNT,2018,45,4.0,224,68,311855,25.0,1.0,1.0,0.0,8.0,15.0
1713,1736,,7,https://tiki.vn/cua-hang/doni86?source_screen=product_detail&source_engine=organic,Doni86,2019,2,4.4,461,0,0,,,,,,
1714,1737,,7,https://tiki.vn/cua-hang/gau-bong-soc-nhi?source_screen=product_detail&source_engine=organic,Gấu Bông Sóc Nhí,2019,103,4.5,1300,260,2141000,27.0,0.0,1.0,0.0,3.0,23.0
1715,1738,,6,https://tiki.vn/cua-hang/lv-store-i97483?source_screen=product_detail&source_engine=organic,LV STORE,2020,17,4.6,604,0,0,121.0,8.0,5.0,8.0,15.0,85.0
1716,1739,,6,https://tiki.vn/cua-hang/belkin-official-store?source_screen=product_detail&source_engine=organic,Belkin Official Store,2020,39,4.8,853,1400,3923650,282.0,6.0,2.0,1.0,15.0,258.0
1717,1740,,8,https://tiki.vn/cua-hang/minh-anh-ltd?source_screen=product_detail&source_engine=organic,MINH ANH LTD,2018,15,4.7,2000,0,2460000,353.0,6.0,1.0,7.0,52.0,287.0
1718,1741,,7,https://tiki.vn/cua-hang/balo-teen?source_screen=product_detail&source_engine=organic,Balo Teen,2019,17,4.3,305,23,0,61.0,3.0,2.0,10.0,10.0,36.0
1719,1742,,4,https://tiki.vn/cua-hang/bep-toi?source_screen=product_detail&source_engine=organic,Bếp Tôi,2022,48,4.7,112,377,0,92.0,3.0,1.0,1.0,10.0,77.0
1720,1743,,5,https://tiki.vn/cua-hang/dream-color?source_screen=product_detail&source_engine=organic,Dream Color,2021,1,0.0,0,1,0,,,,,,
1721,1744,,4,https://tiki.vn/cua-hang/shokz-official-store?source_screen=product_detail&source_engine=organic,SHOKZ Official Store,2022,12,4.8,46,303,2279500,20.0,1.0,0.0,0.0,2.0,17.0
1722,1745,,5,https://tiki.vn/cua-hang/biocare247?source_screen=product_detail&source_engine=organic,Biocare247,2021,18,4.7,149,6100,0,35.0,0.0,0.0,0.0,3.0,32.0
1723,1746,,6,https://tiki.vn/cua-hang/organic360?source_screen=product_detail&source_engine=organic,Organic360,2020,87,4.7,1500,756,152522000,792.0,18.0,3.0,15.0,92.0,664.0
1724,1747,,7,https://tiki.vn/cua-hang/xe-may-nhap-khau-long-thanh-dat?source_screen=product_detail&source_engine=organic,Xe máy nhập khẩu Long Thành Đạt,2019,10,4.9,47,0,0,18.0,0.0,1.0,0.0,0.0,17.0
1725,1748,,4,https://tiki.vn/cua-hang/faldo-official-store?source_screen=product_detail&source_engine=organic,FALDO Official Store,2022,1,4.5,92,17,0,14.0,0.0,0.0,0.0,4.0,10.0
1726,1065,,3,https://tiki.vn/cua-hang/aronastore?source_screen=product_detail&source_engine=organic,aronastore,2023,7,0.0,0,0,0,,,,,,
1727,1750,,5,https://tiki.vn/cua-hang/campoutvn?source_screen=product_detail&source_engine=organic,CampOut Life is the better Official,2021,56,4.8,297,0,0,171.0,1.0,3.0,3.0,21.0,143.0
1728,1751,,6,https://tiki.vn/cua-hang/5theway?source_screen=product_detail&source_engine=organic,5THEWAY,2020,59,4.8,1400,5200,0,53.0,2.0,0.0,2.0,6.0,43.0
1729,1752,,6,https://tiki.vn/cua-hang/uy-the-hoang-kim?source_screen=product_detail&source_engine=organic,Uy Thế Hoàng Kim,2020,32,5.0,1,0,0,,,,,,
1730,1753,,6,https://tiki.vn/cua-hang/luxury-strore?source_screen=product_detail&source_engine=organic,Luxury Life Store,2020,26,4.2,958,373,795000,158.0,8.0,2.0,6.0,15.0,127.0
1731,1754,,4,https://tiki.vn/cua-hang/sieu-thi-vien-rua-bat-chau-au?source_screen=product_detail&source_engine=organic,Siêu thị viên rửa bát châu âu,2022,361,4.4,162,22,391145122,79.0,2.0,0.0,1.0,20.0,56.0
1732,1755,,4,https://tiki.vn/cua-hang/ioi-store?source_screen=product_detail&source_engine=organic,IOI Store,2022,32,4.4,7,5,7149900,5.0,1.0,0.0,0.0,0.0,4.0
1733,1756,,8,https://tiki.vn/cua-hang/titeck?source_screen=product_detail&source_engine=organic,Titeck,2018,13,4.4,2100,213,7304530,489.0,4.0,0.0,11.0,91.0,383.0
1734,1757,,6,https://tiki.vn/cua-hang/atoshop?source_screen=product_detail&source_engine=organic,Atoshop,2020,17,4.9,14,0,0,13.0,0.0,0.0,0.0,1.0,12.0
1735,1758,,7,https://tiki.vn/cua-hang/sai-gon-maxspeed?source_screen=product_detail&source_engine=organic,Sai Gon MaxSpeed,2019,16,0.0,0,20,0,,,,,,
1736,1759,,4,https://tiki.vn/cua-hang/dongmin-home?source_screen=product_detail&source_engine=organic,Dongmin Home,2022,2,5.0,5,0,0,5.0,0.0,0.0,0.0,0.0,5.0
1737,1760,,7,https://tiki.vn/cua-hang/luxstay-store?source_screen=product_detail&source_engine=organic,OENON,2019,63,4.5,6500,1200,9673000,3959.0,108.0,42.0,102.0,723.0,2984.0
1738,1761,,7,https://tiki.vn/cua-hang/an-gia-cordyceps?source_screen=product_detail&source_engine=organic,AN GIA CORDYCEPS,2019,10,4.8,63,44,300000,61.0,0.0,0.0,0.0,13.0,48.0
1739,1762,,7,https://tiki.vn/cua-hang/goc-viet?source_screen=product_detail&source_engine=organic,GỐC VIỆT,2019,6,4.8,75,9,2095000,51.0,0.0,1.0,0.0,6.0,44.0
1740,1763,,8,https://tiki.vn/cua-hang/bach-hoa-tuyet-nhi?source_screen=product_detail&source_engine=organic,Bách Hóa Tuyết Nhi,2018,116,4.1,411,24,208000,177.0,7.0,3.0,15.0,43.0,109.0
1741,1764,,8,https://tiki.vn/cua-hang/silamp-vn?source_screen=product_detail&source_engine=organic,Silamp VN,2018,28,3.8,18,6,2139000,18.0,4.0,0.0,0.0,2.0,12.0
1742,1765,,5,https://tiki.vn/cua-hang/mt-tay-bac-87?source_screen=product_detail&source_engine=organic,MT Tây Bắc 87,2021,2,4.2,477,0,0,2.0,0.0,0.0,0.0,1.0,1.0
1743,1766,,7,https://tiki.vn/cua-hang/bikerzone?source_screen=product_detail&source_engine=organic,BikerZONE,2019,50,4.4,151,29,23327000,52.0,4.0,0.0,3.0,7.0,38.0
1744,1767,,7,https://tiki.vn/cua-hang/yen-sao-trung-nam?source_screen=product_detail&source_engine=organic,YẾN SÀO TRUNG NAM,2019,6,4.8,295,936,8810000,177.0,1.0,1.0,0.0,15.0,160.0
1745,1768,,7,https://tiki.vn/cua-hang/areon-official?source_screen=product_detail&source_engine=organic,Areon Official,2019,8,4.4,505,0,830000,78.0,2.0,1.0,3.0,16.0,56.0
1746,1769,,9,https://tiki.vn/cua-hang/vo-hoang-trading-coltd?source_screen=product_detail&source_engine=organic,"Vo Hoang Trading Co.,Ltd",2017,147,4.8,8800,1300,42287845,4298.0,79.0,18.0,54.0,408.0,3739.0
1747,1770,,6,https://tiki.vn/cua-hang/digitechazza?source_screen=product_detail&source_engine=organic,DigitechAzza,2020,23,5.0,2,1,0,1.0,0.0,0.0,0.0,0.0,1.0
1748,1771,,5,https://tiki.vn/cua-hang/clean-shu-shu-nuoc-ion-sieu-kiem?source_screen=product_detail&source_engine=organic,CLEAN SHU SHU NƯỚC ION SIÊU KIỀM,2021,11,4.6,11,8,0,11.0,0.0,0.0,1.0,2.0,8.0
1749,1772,,5,https://tiki.vn/cua-hang/dg-home-decor?source_screen=product_detail&source_engine=organic,DG Home Decor Official,2021,114,3.9,53,38,210000,2.0,0.0,0.0,0.0,0.0,2.0
1750,1773,,4,https://tiki.vn/cua-hang/linh-kien-may-in-trong-vinh?source_screen=product_detail&source_engine=organic,LINH KIỆN MÁY IN TRỌNG VINH,2022,5,4.6,183,33,0,5.0,1.0,0.0,0.0,0.0,4.0
1751,1774,,6,https://tiki.vn/cua-hang/vagoo?source_screen=product_detail&source_engine=organic,Vagoo,2020,25,4.8,129,25,0,110.0,2.0,0.0,2.0,13.0,93.0
1752,1775,,9,https://tiki.vn/cua-hang/bg-viet-nam?source_screen=product_detail&source_engine=organic,BG Việt Nam Official Store,2017,147,4.2,8200,0,74389990,4217.0,175.0,104.0,273.0,888.0,2777.0
1753,1776,,8,https://tiki.vn/cua-hang/vo-shop?source_screen=product_detail&source_engine=organic,VO SHOP,2018,30,4.5,129,0,1020000,80.0,3.0,2.0,5.0,11.0,59.0
1754,1777,,6,https://tiki.vn/cua-hang/m2p-shop?source_screen=product_detail&source_engine=organic,M2P Shop,2020,212,4.4,104,105,10203000,24.0,3.0,0.0,1.0,2.0,18.0
1755,1778,,6,https://tiki.vn/cua-hang/hario-official-store?source_screen=product_detail&source_engine=organic,Hario Official Store,2020,31,4.8,2300,1500,12349700,992.0,8.0,1.0,9.0,108.0,866.0
1756,1779,,5,https://tiki.vn/cua-hang/bio-pmp-shop?source_screen=product_detail&source_engine=organic,BIO PMP SHOP,2021,78,4.8,205,143,2450000,169.0,1.0,2.0,7.0,20.0,139.0
1757,1780,,7,https://tiki.vn/cua-hang/giayhanam?source_screen=product_detail&source_engine=organic,HA NAM,2019,573,4.4,312,91,7407000,254.0,12.0,2.0,3.0,61.0,176.0
1758,1781,,6,https://tiki.vn/cua-hang/tien-an-shop?source_screen=product_detail&source_engine=organic,Tiến Ân Shop,2020,6,4.7,110,0,2372000,22.0,0.0,0.0,0.0,2.0,20.0
1759,1782,,5,https://tiki.vn/cua-hang/monuts?source_screen=product_detail&source_engine=organic,MONUTS,2021,46,4.8,326,100,5200000,319.0,2.0,2.0,4.0,56.0,255.0
1760,1783,,2,https://tiki.vn/cua-hang/macsim-phu-kien-o-to?source_screen=product_detail&source_engine=organic,Macsim phụ kiện ô tô,2024,1354,4.7,9,4,9205000,7.0,0.0,0.0,0.0,3.0,4.0
1761,1784,,9,https://tiki.vn/cua-hang/bao-ho-lao-dong-achison?source_screen=product_detail&source_engine=organic,Bảo Hộ Lao Động Achison,2017,36,4.6,2000,0,2137420,974.0,28.0,18.0,28.0,158.0,742.0
1762,1785,,5,https://tiki.vn/cua-hang/xe-dien-viet-thanh?source_screen=product_detail&source_engine=organic,Xe Điện Việt Thanh,2021,38,4.5,8,149,0,2.0,0.0,0.0,0.0,0.0,2.0
1763,1786,,4,https://tiki.vn/cua-hang/hai-nam-foods-official-store?source_screen=product_detail&source_engine=organic,Hải Nam Foods Official Store,2022,17,4.8,36,13,602000,36.0,0.0,0.0,1.0,4.0,31.0
1764,1787,,8,https://tiki.vn/cua-hang/shophd?source_screen=product_detail&source_engine=organic,shopHD,2018,1,4.4,255,21,51000,1.0,0.0,0.0,0.0,0.0,1.0
1765,1788,,8,https://tiki.vn/cua-hang/quatangme?source_screen=product_detail&source_engine=organic,QuaTangMe Extaste,2018,159,4.7,20000,8800,10210695000,12651.0,229.0,104.0,267.0,1388.0,10663.0
1766,1789,,4,https://tiki.vn/cua-hang/tinh-hoa-thien-nhien-official-store-i236580?source_screen=product_detail&source_engine=organic,TINH HOA THIÊN NHIÊN OFFICIAL STORE,2022,43,4.5,49,42,993031,18.0,1.0,1.0,0.0,3.0,13.0
1767,1790,,3,https://tiki.vn/cua-hang/toba-boutique?source_screen=product_detail&source_engine=organic,TOBA Boutique,2023,18,4.9,35,4,567000,35.0,0.0,0.0,0.0,4.0,31.0
1768,1791,,6,https://tiki.vn/cua-hang/muasam-247?source_screen=product_detail&source_engine=organic,muasam 247,2020,26,4.2,629,40,196900,31.0,2.0,0.0,5.0,7.0,17.0
1769,1792,,7,https://tiki.vn/cua-hang/minh-hanh-computer?source_screen=product_detail&source_engine=organic,Minh Hạnh Computer,2019,28,4.8,89,0,0,23.0,0.0,0.0,0.0,3.0,20.0
1770,1793,,5,https://tiki.vn/cua-hang/tue-minh-natural?source_screen=product_detail&source_engine=organic,Tuệ Minh store,2021,30,4.9,14,12,3164000,14.0,0.0,0.0,0.0,2.0,12.0
1771,1794,,5,https://tiki.vn/cua-hang/happi-home?source_screen=product_detail&source_engine=organic,Happi Home,2021,73,4.8,21,15,5415000,14.0,0.0,0.0,0.0,1.0,13.0
1772,1795,,4,https://tiki.vn/cua-hang/choetech-flagship-store?source_screen=product_detail&source_engine=organic,Choetech Flagship Store,2022,108,4.6,45,27,1095430,16.0,1.0,1.0,0.0,3.0,11.0
1773,1796,,5,https://tiki.vn/cua-hang/newbeginning?source_screen=product_detail&source_engine=organic,NewBeginning,2021,32,4.5,42,35,8474000,34.0,3.0,0.0,0.0,8.0,23.0
1774,1797,,3,https://tiki.vn/cua-hang/model-car?source_screen=product_detail&source_engine=organic,Model Car,2023,13,4.3,40,3,249000,3.0,0.0,0.0,0.0,0.0,3.0
1775,1798,,5,https://tiki.vn/cua-hang/ngu-coc-an-moc-huong?source_screen=product_detail&source_engine=organic,Ngũ Cốc An Mộc Hương,2021,7,4.4,13,14,0,12.0,1.0,0.0,0.0,3.0,8.0
1776,1800,,4,https://tiki.vn/cua-hang/cong-ty-tnhh-tmdt-kim-long?source_screen=product_detail&source_engine=organic,CÔNG TY TNHH TMĐT KIM LONG,2022,15,4.8,46,17,7739000,7.0,1.0,0.0,0.0,1.0,5.0
1777,1801,,7,https://tiki.vn/cua-hang/mory?source_screen=product_detail&source_engine=organic,Mory,2019,9,4.8,2500,730,820000,353.0,4.0,3.0,7.0,59.0,280.0
1778,1802,,4,https://tiki.vn/cua-hang/michelin-car-service-binh-tan?source_screen=product_detail&source_engine=organic,Michelin Car Service Bình Tân,2022,22,5.0,1,9,0,1.0,0.0,0.0,0.0,0.0,1.0
1779,1803,,8,https://tiki.vn/cua-hang/ktom?source_screen=product_detail&source_engine=organic,KTOM,2018,36,4.6,114,31,3880000,,,,,,
1780,1804,,6,https://tiki.vn/cua-hang/phu-kien-so-hoa?source_screen=product_detail&source_engine=organic,iCore Official Store,2020,26,4.6,317,110,14446130,82.0,3.0,0.0,2.0,8.0,69.0
1781,751,,4,https://tiki.vn/cua-hang/lm-timepiece?source_screen=product_detail&source_engine=organic,LM Timepiece,2022,2,0.0,0,0,0,,,,,,
1782,1806,,5,https://tiki.vn/cua-hang/happy-life-robotics?source_screen=product_detail&source_engine=organic,Happy Life Robotics,2021,14,4.5,59,88,990000,0.0,0.0,0.0,0.0,0.0,0.0
1783,1807,,7,https://tiki.vn/cua-hang/central-saigon-harley-davidson?source_screen=product_detail&source_engine=organic,Central Saigon Harley-Davidson,2019,1,5.0,4,0,0,4.0,0.0,0.0,0.0,0.0,4.0
1784,1808,,4,https://tiki.vn/cua-hang/titi-do?source_screen=product_detail&source_engine=organic,TiTi Đô,2022,23,4.6,31,18,0,,,,,,
1785,1809,,7,https://tiki.vn/cua-hang/phulocint?source_screen=product_detail&source_engine=organic,phulocint,2019,59,4.6,64,52,1950000,32.0,0.0,0.0,2.0,7.0,23.0
1786,1810,,8,https://tiki.vn/cua-hang/techco-viet?source_screen=product_detail&source_engine=organic,TechCo Viet,2018,1,4.3,27,7,0,23.0,0.0,1.0,5.0,1.0,16.0
1787,1811,,5,https://tiki.vn/cua-hang/buoi-long-thuan?source_screen=product_detail&source_engine=organic,BƯỞI LONG THUẬN,2021,15,5.0,3,6,794000,3.0,0.0,0.0,0.0,0.0,3.0
1788,1213,,4,https://tiki.vn/cua-hang/laptop-viet-my?source_screen=product_detail&source_engine=organic,Laptop Việt Mỹ,2022,2,0.0,0,0,0,,,,,,
1789,1813,,7,https://tiki.vn/cua-hang/tech-shop?source_screen=product_detail&source_engine=organic,Tech Shop,2019,4,4.5,2200,0,0,81.0,1.0,0.0,3.0,8.0,69.0
1790,1814,,6,https://tiki.vn/cua-hang/a2zmart?source_screen=product_detail&source_engine=organic,A2ZMART,2020,16,4.5,19,0,0,14.0,1.0,0.0,0.0,2.0,11.0
1791,1815,,8,https://tiki.vn/cua-hang/foodempire-viet-nam?source_screen=product_detail&source_engine=organic,Foodempire Việt nam,2018,59,4.7,28,52,2004000,20.0,2.0,0.0,0.0,0.0,18.0
1792,1816,,5,https://tiki.vn/cua-hang/de-bac-jewelry?source_screen=product_detail&source_engine=organic,Dế Bạc Jewelry,2021,67,4.0,1,2,0,1.0,0.0,0.0,0.0,1.0,0.0
1793,1817,,3,https://tiki.vn/cua-hang/ls2-helmets-official?source_screen=product_detail&source_engine=organic,LS2 HELMETS OFFICIAL,2023,121,4.1,9,40,0,7.0,1.0,0.0,0.0,0.0,6.0
1794,1818,,6,https://tiki.vn/cua-hang/igar-decor?source_screen=product_detail&source_engine=organic,iGar Decor,2020,44,4.4,104,46,455000,3.0,0.0,0.0,0.0,1.0,2.0
1795,1819,,3,https://tiki.vn/cua-hang/nuoi-meo?source_screen=product_detail&source_engine=organic,Nuôi Mèo,2023,12,5.0,1,0,0,1.0,0.0,0.0,0.0,0.0,1.0
1796,1169,,4,https://tiki.vn/cua-hang/bering?source_screen=product_detail&source_engine=organic,Bering,2022,119,0.0,0,0,0,,,,,,
1797,1821,,3,https://tiki.vn/cua-hang/bkeshop-tu-sach-tinh-hoa?source_screen=product_detail&source_engine=organic,Bkeshop Tủ Sách Tinh Hoa,2023,37,4.7,10,57,3096000,8.0,0.0,0.0,0.0,3.0,5.0
1798,1822,,6,https://tiki.vn/cua-hang/baby-fox?source_screen=product_detail&source_engine=organic,BABY FOX,2020,30,4.0,201,74,149000,9.0,0.0,0.0,0.0,0.0,9.0
