job_index,strategy,n_bins,min_support,final_score,n_selected_features,selected_features,init,cluster_sizes,silhouette_sample_std,silhouette_negative_fraction,cluster_assignments,status,error_message
0,uniform,3,1.0,0.42748573683993574,0,,,[],,,,baseline_no_features,
1,uniform,3,0.95,0.42748573683993574,0,,,[],,,,baseline_no_features,
2,uniform,3,0.9,0.42748573683993574,0,,,[],,,,baseline_no_features,
3,uniform,3,0.85,0.42748573683993574,0,,,[],,,,baseline_no_features,
4,uniform,3,0.8,0.42748573683993574,0,,,[],,,,baseline_no_improvement,
5,uniform,3,0.75,0.42748573683993574,0,,,[],,,,baseline_no_improvement,
6,uniform,3,0.7,0.42748573683993574,0,,,[],,,,baseline_no_improvement,
7,uniform,3,0.65,0.5172191208939363,2,"fused_3_medium, fused_4_high",huang,"[254, 475, 170, 181, 719]",0.24597443179076184,0.06058921623123958,"[0,1,0,0,1,1,0,3,0,4,3,1,3,4,4,1,1,4,0,0,4,4,0,0,4,0,1,1,4,4,0,1,0,4,0,4,4,4,4,4,4,4,1,1,4,0,0,0,1,3,4,2,1,4,1,4,4,4,1,4,4,0,0,4,1,4,1,4,0,0,4,4,0,1,0,0,4,1,1,0,1,4,1,4,4,0,0,0,1,0,4,1,0,4,1,1,3,4,1,4,1,3,1,1,4,3,4,4,1,0,1,4,1,1,4,4,4,1,4,0,4,1,4,1,4,4,4,2,4,4,0,4,4,4,4,4,4,4,4,0,1,4,2,0,0,0,4,1,4,1,4,4,4,0,0,0,1,0,1,4,0,2,4,1,4,0,1,1,4,4,4,4,0,4,1,0,4,3,3,4,4,0,4,0,3,1,1,1,4,1,0,0,4,4,4,4,0,0,1,4,4,1,4,4,3,4,1,2,1,0,1,4,0,0,4,1,1,1,4,0,4,4,0,4,0,1,0,4,4,4,0,1,1,1,1,1,4,4,1,1,1,4,0,1,0,4,4,0,1,3,3,4,1,0,0,4,4,4,4,0,1,4,0,0,1,4,4,4,1,1,1,0,4,1,2,0,4,4,0,1,4,4,4,4,1,0,4,1,4,2,4,4,4,4,4,4,0,1,4,0,1,4,4,0,1,1,1,1,4,1,3,0,1,4,4,4,1,0,4,4,4,4,3,4,1,0,1,0,1,4,4,2,4,4,1,1,4,0,1,1,1,4,4,4,4,4,4,4,1,1,4,4,4,4,1,4,1,1,4,1,4,4,0,4,4,1,1,4,1,4,4,1,0,1,1,1,4,1,4,0,4,1,0,4,1,0,1,4,1,4,0,4,3,4,4,0,4,1,1,4,4,4,1,4,1,1,4,2,4,1,1,4,4,1,0,3,4,0,1,0,4,3,1,0,4,0,4,4,4,4,1,1,3,3,0,4,0,4,4,4,4,1,3,4,2,1,4,0,1,4,2,4,2,1,1,3,1,4,4,4,1,4,4,1,0,4,1,4,4,4,4,4,1,0,1,2,4,0,4,0,0,4,4,4,1,4,3,3,0,0,1,1,0,0,0,1,1,3,4,2,4,4,4,1,4,4,1,1,1,1,4,1,4,4,4,4,1,0,4,4,0,4,4,1,1,0,4,1,4,1,1,0,4,0,1,4,1,4,1,4,0,1,3,4,4,3,4,1,0,0,4,3,1,0,1,0,3,0,1,0,4,4,1,1,1,4,0,4,4,1,4,4,2,0,4,3,4,4,1,0,4,3,4,2,4,4,4,4,1,1,4,0,1,4,4,0,4,4,4,1,0,4,4,0,4,4,4,4,1,0,0,4,4,3,4,4,0,2,4,1,4,4,1,4,0,0,4,1,1,2,4,1,4,1,4,4,1,4,0,3,4,4,4,1,1,4,0,4,4,4,1,0,1,1,1,1,4,0,4,4,3,4,0,4,1,1,4,4,0,0,2,4,1,0,4,3,3,3,4,3,0,4,3,4,0,4,4,4,4,4,4,4,4,4,4,0,3,0,4,4,1,1,4,2,0,0,4,4,4,3,4,1,1,4,1,4,2,0,1,4,4,0,0,4,4,2,4,4,4,3,4,4,4,3,3,1,4,4,4,2,0,4,1,4,4,0,2,1,2,2,1,1,1,2,1,4,2,0,1,3,4,2,1,2,4,1,1,1,3,4,1,4,4,0,1,4,4,4,4,2,4,4,1,4,4,0,1,1,3,1,4,2,4,1,1,4,4,4,0,4,1,3,0,1,4,0,1,4,4,4,1,0,3,1,0,2,1,4,3,4,4,0,4,4,4,4,4,3,4,2,1,4,0,4,2,1,4,0,1,0,1,3,4,4,4,4,4,4,4,4,4,2,4,1,1,4,3,1,3,4,1,0,4,4,4,2,1,4,1,0,4,4,1,1,4,1,4,3,0,1,1,2,4,1,1,2,4,3,4,1,3,1,4,3,4,1,2,1,1,2,3,1,2,4,1,3,1,1,4,4,3,4,1,4,4,4,1,3,1,1,4,0,3,4,4,2,0,3,4,4,4,1,4,3,0,3,4,1,3,4,1,1,4,0,1,4,1,4,1,4,1,1,3,1,1,4,4,4,4,1,4,4,1,1,4,4,3,3,4,1,3,4,4,4,1,2,2,2,4,2,3,2,0,4,4,4,1,1,3,2,4,0,1,1,4,1,1,4,3,4,4,2,1,3,1,1,3,4,4,4,4,1,4,1,3,2,0,3,2,2,0,1,4,4,4,4,1,0,1,1,2,2,1,4,4,0,4,1,1,1,2,1,2,2,1,1,3,4,1,3,2,2,3,3,1,4,2,4,2,1,0,1,2,1,1,1,3,1,4,0,0,4,3,2,1,4,4,2,2,1,3,0,1,0,1,1,3,1,2,4,4,3,1,2,2,4,3,2,2,1,2,2,4,0,4,4,1,4,4,1,1,2,1,4,3,4,3,1,1,4,1,4,4,1,4,4,3,0,4,2,3,0,4,1,4,4,2,4,4,1,4,3,1,4,2,3,3,3,0,1,4,1,1,2,2,2,4,2,3,1,1,2,4,4,1,1,1,4,0,4,4,4,4,2,2,4,4,2,3,0,1,1,1,3,1,4,4,2,4,0,4,1,0,4,4,0,2,3,1,3,4,2,2,0,1,4,4,4,1,4,4,2,0,4,1,4,2,2,4,4,0,4,3,2,4,4,1,4,3,2,1,0,1,2,4,1,2,1,3,3,0,2,1,2,4,3,3,2,2,2,4,1,4,1,1,2,1,0,2,4,2,2,1,4,1,4,2,4,4,4,1,3,3,3,2,4,2,1,1,4,4,3,3,4,1,1,1,4,1,2,4,1,2,0,1,4,1,4,4,1,4,4,0,4,0,2,4,1,0,1,1,4,1,4,4,3,1,4,2,4,4,0,4,4,1,0,4,4,4,4,1,1,1,3,4,3,3,0,2,1,1,4,4,0,1,4,4,1,0,0,3,1,2,4,0,4,4,1,4,1,2,4,3,0,2,0,4,4,4,0,0,1,1,4,4,3,2,2,3,3,4,0,4,4,2,4,3,1,4,0,1,4,4,2,4,1,2,2,4,4,0,3,4,4,0,1,1,3,4,1,0,1,0,2,3,4,3,1,1,1,0,0,1,1,4,1,4,4,4,1,4,4,4,1,2,0,0,4,4,4,4,1,4,0,0,4,0,1,4,4,1,1,4,4,1,4,1,3,4,2,1,3,0,1,1,1,4,0,1,0,1,0,1,4,3,2,1,1,3,4,3,4,2,3,0,3,1,4,4,4,4,3,4,2,3,2,1,1,1,3,2,2,3,0,4,4,3,4,1,0,0,0,0,2,4,4,4,1,1,1,4,4,0,4,4,4,4,4,1,2,2,1,0,1,4,2,2,4,4,3,4,1,2,2,4,4,4,2,1,0,4,4,3,3,1,1,4,4,3,4,2,0,4,4,2,1,4,2,4,2,3,4,0,4,1,1,1,3,3,4,1,4,1,2,1,3,3,1,0,0,4,1,2,2,0,4,1,4,2,2,0,0,3,1,3,0,3,4,2,3,4,3,4,1,0,3,1,1,3,3,4,4,0,4,4,4,4,0,3,4,1,4,1,3,4,3,4,4,4,2,1,1,2,0,4,4,0,1,4,1,4,3,1,1,4,1,4,2,1,4,3,4,2,1,4,0,3,4,4,4,0,2,4,1,2,1,0,4,4,4,4,4,4,3,4,1,4,0,1,4,2,1,1,1,4,4,3,1,4,4,3,0,0,2,3,3,4,2,4,2,4,4,4,3,4,0,4,4,4,1,2,1,1,4,4,1,2,1,1,2,4,1,4,4,4,2,3,4,4,4,4,0,3,4,4,4,4,2,3,3,1,4,0,4,4,1,1,4,4,1,1,4,3,1,3,4,1,1,1,4,1,1,1,1,3,4,1,4,2,3,4,2,3,3,3,4,4,3,2,4,4,4,2,3,3,2,2,1,1]",ok,
8,uniform,3,0.6,0.6585405889470183,2,"fused_3_medium, fused_2_medium+fused_4_high",huang,"[295, 452, 182, 191, 679]",0.20305629095904898,0.03446359088382435,"[0,1,0,0,1,1,0,3,0,4,3,1,2,4,4,1,1,4,0,0,4,4,0,0,4,0,1,1,4,4,0,1,0,4,0,4,4,4,4,4,4,4,1,1,4,0,0,0,1,3,4,2,1,4,1,4,4,4,1,4,4,0,0,4,1,4,1,4,0,0,4,4,0,1,0,0,4,1,1,0,1,4,1,4,0,0,0,0,1,0,4,3,0,4,1,1,3,4,1,4,1,3,1,1,0,3,4,4,1,0,1,3,1,1,4,4,4,1,4,0,4,1,4,1,4,4,4,2,4,4,0,4,0,4,4,4,4,4,4,0,1,4,2,0,0,0,4,1,4,1,4,4,4,0,0,0,1,0,1,4,0,2,4,1,4,0,1,1,4,0,4,4,0,4,1,0,4,3,3,4,4,0,4,0,3,1,1,1,4,1,0,0,4,4,4,4,0,0,1,4,4,1,4,4,3,4,1,2,1,0,1,4,0,0,4,1,1,1,4,0,4,4,0,4,0,1,0,4,4,4,0,1,1,1,1,1,4,4,1,1,1,4,0,1,0,4,4,0,1,3,3,4,1,0,0,4,4,4,4,0,1,4,0,0,1,4,4,4,1,1,1,0,0,1,2,0,4,4,0,1,4,4,4,0,1,0,4,1,4,2,4,4,4,4,4,0,0,1,4,0,1,0,4,0,1,1,1,1,4,1,3,0,1,4,4,4,1,0,4,4,4,4,2,4,1,0,1,4,1,4,4,2,4,4,1,3,4,0,1,1,1,4,4,4,4,4,4,4,1,1,4,4,4,4,1,4,1,1,4,1,4,4,0,4,4,1,1,4,1,4,4,1,0,1,1,1,4,1,4,0,4,1,0,4,1,0,1,4,1,4,0,4,3,4,4,0,4,1,1,0,4,4,1,4,1,1,4,2,4,1,1,4,4,1,0,3,4,0,1,0,4,3,1,0,4,0,4,4,4,0,1,1,3,3,0,4,0,4,4,4,4,1,3,4,2,1,4,0,1,4,2,4,2,1,1,3,1,4,4,4,1,4,4,1,0,4,1,4,4,4,4,4,1,0,1,2,4,0,4,0,0,4,4,4,1,4,3,3,0,0,1,1,0,0,0,1,1,3,4,2,4,4,4,1,4,4,1,1,1,1,4,1,4,4,4,4,1,0,4,4,0,4,4,1,1,0,4,1,0,1,1,0,4,0,1,4,1,4,1,4,0,1,3,4,4,3,4,1,0,0,4,3,1,0,1,0,3,0,1,0,4,4,1,1,1,4,0,4,4,1,4,0,2,0,4,3,4,4,1,0,4,3,4,2,4,4,4,4,1,1,4,0,1,4,4,0,0,0,4,1,0,4,0,0,4,4,4,4,1,0,0,4,4,3,4,4,0,2,4,1,4,4,1,4,0,0,4,1,1,2,4,1,4,1,4,4,1,4,0,3,4,4,4,1,1,4,0,4,0,4,1,0,1,1,1,1,4,0,4,4,3,4,0,4,1,1,4,4,0,0,2,4,1,0,4,3,3,3,4,3,0,0,3,4,0,4,4,4,0,4,0,4,4,4,4,0,2,0,4,4,1,1,4,2,0,0,4,0,4,3,4,1,1,4,1,4,2,0,3,4,4,0,0,0,4,2,4,4,4,2,4,4,4,3,3,1,4,4,4,2,0,4,1,4,4,0,2,1,2,2,3,1,3,2,1,4,2,0,1,3,4,2,1,2,4,1,1,1,3,4,1,4,4,0,1,4,4,4,0,2,4,4,1,4,4,0,1,1,3,1,4,2,4,1,1,4,4,4,0,4,1,3,0,1,4,0,1,4,4,4,1,0,3,1,0,2,1,4,3,4,4,0,4,4,4,4,0,3,4,2,1,0,0,4,2,1,4,0,1,0,1,3,4,4,4,4,4,4,4,4,4,2,4,1,1,4,3,1,3,4,1,0,4,4,4,2,1,4,1,0,4,4,1,1,4,1,4,3,0,1,1,2,4,1,1,2,4,3,4,1,3,1,4,3,4,1,2,1,1,2,2,1,2,4,1,3,1,1,4,4,3,4,1,4,4,4,1,2,1,1,4,0,3,4,4,2,0,3,4,4,4,1,4,3,0,3,4,1,3,4,1,1,4,0,1,4,1,4,1,4,1,1,3,3,3,4,4,4,4,1,4,4,1,1,4,4,3,3,4,1,3,4,4,4,1,2,2,2,4,2,3,2,0,4,4,4,1,1,3,2,4,0,1,1,4,3,1,4,3,4,4,2,1,3,1,3,2,4,0,4,4,1,4,1,3,2,0,3,2,2,0,1,4,4,4,4,1,0,1,1,2,2,1,4,4,0,4,1,1,1,2,1,2,2,1,3,3,4,1,3,2,2,3,3,1,4,2,4,2,1,0,1,2,1,1,3,3,1,4,0,0,0,3,2,1,4,4,2,2,1,3,0,1,0,3,1,3,1,2,4,4,3,1,2,2,4,3,2,2,1,2,2,4,0,4,4,1,4,4,1,1,2,1,4,3,4,3,1,1,4,0,4,4,1,4,4,3,0,4,2,3,0,4,1,4,4,2,4,4,1,4,3,1,4,2,3,3,3,0,1,4,1,1,2,2,2,4,2,3,1,1,2,4,4,1,3,1,4,0,4,4,4,4,2,2,4,4,2,3,0,1,1,1,2,1,4,4,2,4,0,4,1,0,4,4,0,2,3,1,3,0,2,2,0,1,4,4,4,1,4,4,2,0,4,1,4,2,2,4,4,0,4,3,2,4,4,1,4,3,2,1,0,1,2,4,1,2,1,3,3,0,2,1,2,4,3,3,2,2,2,4,1,4,1,1,2,1,0,2,4,2,2,1,4,0,4,2,4,4,4,1,3,3,3,2,4,2,1,1,4,4,3,3,4,1,1,1,4,1,2,4,1,2,0,1,4,1,4,0,3,4,4,0,4,0,2,4,1,0,1,1,4,1,4,4,3,1,4,2,4,4,0,4,4,1,0,4,4,4,4,1,1,1,3,4,3,3,0,2,3,1,4,4,0,1,4,4,1,0,0,3,1,2,4,0,4,4,1,4,1,2,4,3,0,2,0,4,4,4,0,0,1,1,4,4,3,2,2,3,3,4,0,4,4,2,4,3,1,4,0,1,4,4,2,4,1,2,2,4,4,0,3,4,4,0,3,1,3,4,1,0,1,0,2,3,4,3,1,1,1,0,0,1,1,0,1,0,0,4,1,4,4,4,1,2,0,0,4,0,4,4,1,4,0,0,4,0,1,4,4,1,1,4,4,1,4,1,3,4,2,1,2,0,1,1,1,4,0,1,0,1,0,1,4,3,2,1,1,3,4,3,4,2,2,0,3,1,4,0,4,4,3,4,2,3,2,1,1,1,3,2,2,3,0,4,4,3,4,1,0,0,0,0,2,4,0,4,3,1,1,4,4,0,4,4,4,4,4,1,2,2,1,0,1,4,2,2,4,4,3,4,1,2,2,4,4,4,2,1,0,4,4,3,2,1,1,4,4,3,4,2,0,4,4,2,1,4,2,4,2,3,4,0,4,1,1,1,3,3,4,1,4,1,2,1,3,3,1,0,0,4,1,2,2,0,4,1,4,2,2,0,0,3,1,3,0,3,4,2,3,4,3,4,1,0,3,1,3,3,3,0,4,0,4,4,4,0,0,3,0,1,4,1,3,4,3,4,4,4,2,1,3,2,0,4,4,0,1,4,1,4,3,1,1,4,1,4,2,1,4,3,4,2,1,4,0,3,4,4,4,0,2,4,1,2,1,0,4,4,4,4,4,4,3,4,1,4,0,1,4,2,1,1,1,4,4,3,1,4,4,3,0,0,2,3,3,4,2,4,2,4,4,4,3,4,0,4,4,0,1,2,1,1,4,4,1,2,1,1,2,4,1,0,4,4,2,3,4,4,4,0,0,3,4,4,4,4,2,3,3,1,4,0,4,4,1,1,4,4,1,3,4,3,1,3,4,1,1,1,4,1,1,1,1,3,4,1,4,2,3,4,2,3,3,3,4,4,2,2,4,4,4,2,3,3,2,2,3,1]",ok,
9,uniform,3,0.55,0.6585405889470183,2,"fused_3_medium, fused_2_medium+fused_4_high",huang,"[295, 452, 182, 191, 679]",0.20305629095904898,0.03446359088382435,"[0,1,0,0,1,1,0,3,0,4,3,1,2,4,4,1,1,4,0,0,4,4,0,0,4,0,1,1,4,4,0,1,0,4,0,4,4,4,4,4,4,4,1,1,4,0,0,0,1,3,4,2,1,4,1,4,4,4,1,4,4,0,0,4,1,4,1,4,0,0,4,4,0,1,0,0,4,1,1,0,1,4,1,4,0,0,0,0,1,0,4,3,0,4,1,1,3,4,1,4,1,3,1,1,0,3,4,4,1,0,1,3,1,1,4,4,4,1,4,0,4,1,4,1,4,4,4,2,4,4,0,4,0,4,4,4,4,4,4,0,1,4,2,0,0,0,4,1,4,1,4,4,4,0,0,0,1,0,1,4,0,2,4,1,4,0,1,1,4,0,4,4,0,4,1,0,4,3,3,4,4,0,4,0,3,1,1,1,4,1,0,0,4,4,4,4,0,0,1,4,4,1,4,4,3,4,1,2,1,0,1,4,0,0,4,1,1,1,4,0,4,4,0,4,0,1,0,4,4,4,0,1,1,1,1,1,4,4,1,1,1,4,0,1,0,4,4,0,1,3,3,4,1,0,0,4,4,4,4,0,1,4,0,0,1,4,4,4,1,1,1,0,0,1,2,0,4,4,0,1,4,4,4,0,1,0,4,1,4,2,4,4,4,4,4,0,0,1,4,0,1,0,4,0,1,1,1,1,4,1,3,0,1,4,4,4,1,0,4,4,4,4,2,4,1,0,1,4,1,4,4,2,4,4,1,3,4,0,1,1,1,4,4,4,4,4,4,4,1,1,4,4,4,4,1,4,1,1,4,1,4,4,0,4,4,1,1,4,1,4,4,1,0,1,1,1,4,1,4,0,4,1,0,4,1,0,1,4,1,4,0,4,3,4,4,0,4,1,1,0,4,4,1,4,1,1,4,2,4,1,1,4,4,1,0,3,4,0,1,0,4,3,1,0,4,0,4,4,4,0,1,1,3,3,0,4,0,4,4,4,4,1,3,4,2,1,4,0,1,4,2,4,2,1,1,3,1,4,4,4,1,4,4,1,0,4,1,4,4,4,4,4,1,0,1,2,4,0,4,0,0,4,4,4,1,4,3,3,0,0,1,1,0,0,0,1,1,3,4,2,4,4,4,1,4,4,1,1,1,1,4,1,4,4,4,4,1,0,4,4,0,4,4,1,1,0,4,1,0,1,1,0,4,0,1,4,1,4,1,4,0,1,3,4,4,3,4,1,0,0,4,3,1,0,1,0,3,0,1,0,4,4,1,1,1,4,0,4,4,1,4,0,2,0,4,3,4,4,1,0,4,3,4,2,4,4,4,4,1,1,4,0,1,4,4,0,0,0,4,1,0,4,0,0,4,4,4,4,1,0,0,4,4,3,4,4,0,2,4,1,4,4,1,4,0,0,4,1,1,2,4,1,4,1,4,4,1,4,0,3,4,4,4,1,1,4,0,4,0,4,1,0,1,1,1,1,4,0,4,4,3,4,0,4,1,1,4,4,0,0,2,4,1,0,4,3,3,3,4,3,0,0,3,4,0,4,4,4,0,4,0,4,4,4,4,0,2,0,4,4,1,1,4,2,0,0,4,0,4,3,4,1,1,4,1,4,2,0,3,4,4,0,0,0,4,2,4,4,4,2,4,4,4,3,3,1,4,4,4,2,0,4,1,4,4,0,2,1,2,2,3,1,3,2,1,4,2,0,1,3,4,2,1,2,4,1,1,1,3,4,1,4,4,0,1,4,4,4,0,2,4,4,1,4,4,0,1,1,3,1,4,2,4,1,1,4,4,4,0,4,1,3,0,1,4,0,1,4,4,4,1,0,3,1,0,2,1,4,3,4,4,0,4,4,4,4,0,3,4,2,1,0,0,4,2,1,4,0,1,0,1,3,4,4,4,4,4,4,4,4,4,2,4,1,1,4,3,1,3,4,1,0,4,4,4,2,1,4,1,0,4,4,1,1,4,1,4,3,0,1,1,2,4,1,1,2,4,3,4,1,3,1,4,3,4,1,2,1,1,2,2,1,2,4,1,3,1,1,4,4,3,4,1,4,4,4,1,2,1,1,4,0,3,4,4,2,0,3,4,4,4,1,4,3,0,3,4,1,3,4,1,1,4,0,1,4,1,4,1,4,1,1,3,3,3,4,4,4,4,1,4,4,1,1,4,4,3,3,4,1,3,4,4,4,1,2,2,2,4,2,3,2,0,4,4,4,1,1,3,2,4,0,1,1,4,3,1,4,3,4,4,2,1,3,1,3,2,4,0,4,4,1,4,1,3,2,0,3,2,2,0,1,4,4,4,4,1,0,1,1,2,2,1,4,4,0,4,1,1,1,2,1,2,2,1,3,3,4,1,3,2,2,3,3,1,4,2,4,2,1,0,1,2,1,1,3,3,1,4,0,0,0,3,2,1,4,4,2,2,1,3,0,1,0,3,1,3,1,2,4,4,3,1,2,2,4,3,2,2,1,2,2,4,0,4,4,1,4,4,1,1,2,1,4,3,4,3,1,1,4,0,4,4,1,4,4,3,0,4,2,3,0,4,1,4,4,2,4,4,1,4,3,1,4,2,3,3,3,0,1,4,1,1,2,2,2,4,2,3,1,1,2,4,4,1,3,1,4,0,4,4,4,4,2,2,4,4,2,3,0,1,1,1,2,1,4,4,2,4,0,4,1,0,4,4,0,2,3,1,3,0,2,2,0,1,4,4,4,1,4,4,2,0,4,1,4,2,2,4,4,0,4,3,2,4,4,1,4,3,2,1,0,1,2,4,1,2,1,3,3,0,2,1,2,4,3,3,2,2,2,4,1,4,1,1,2,1,0,2,4,2,2,1,4,0,4,2,4,4,4,1,3,3,3,2,4,2,1,1,4,4,3,3,4,1,1,1,4,1,2,4,1,2,0,1,4,1,4,0,3,4,4,0,4,0,2,4,1,0,1,1,4,1,4,4,3,1,4,2,4,4,0,4,4,1,0,4,4,4,4,1,1,1,3,4,3,3,0,2,3,1,4,4,0,1,4,4,1,0,0,3,1,2,4,0,4,4,1,4,1,2,4,3,0,2,0,4,4,4,0,0,1,1,4,4,3,2,2,3,3,4,0,4,4,2,4,3,1,4,0,1,4,4,2,4,1,2,2,4,4,0,3,4,4,0,3,1,3,4,1,0,1,0,2,3,4,3,1,1,1,0,0,1,1,0,1,0,0,4,1,4,4,4,1,2,0,0,4,0,4,4,1,4,0,0,4,0,1,4,4,1,1,4,4,1,4,1,3,4,2,1,2,0,1,1,1,4,0,1,0,1,0,1,4,3,2,1,1,3,4,3,4,2,2,0,3,1,4,0,4,4,3,4,2,3,2,1,1,1,3,2,2,3,0,4,4,3,4,1,0,0,0,0,2,4,0,4,3,1,1,4,4,0,4,4,4,4,4,1,2,2,1,0,1,4,2,2,4,4,3,4,1,2,2,4,4,4,2,1,0,4,4,3,2,1,1,4,4,3,4,2,0,4,4,2,1,4,2,4,2,3,4,0,4,1,1,1,3,3,4,1,4,1,2,1,3,3,1,0,0,4,1,2,2,0,4,1,4,2,2,0,0,3,1,3,0,3,4,2,3,4,3,4,1,0,3,1,3,3,3,0,4,0,4,4,4,0,0,3,0,1,4,1,3,4,3,4,4,4,2,1,3,2,0,4,4,0,1,4,1,4,3,1,1,4,1,4,2,1,4,3,4,2,1,4,0,3,4,4,4,0,2,4,1,2,1,0,4,4,4,4,4,4,3,4,1,4,0,1,4,2,1,1,1,4,4,3,1,4,4,3,0,0,2,3,3,4,2,4,2,4,4,4,3,4,0,4,4,0,1,2,1,1,4,4,1,2,1,1,2,4,1,0,4,4,2,3,4,4,4,0,0,3,4,4,4,4,2,3,3,1,4,0,4,4,1,1,4,4,1,3,4,3,1,3,4,1,1,1,4,1,1,1,1,3,4,1,4,2,3,4,2,3,3,3,4,4,2,2,4,4,4,2,3,3,2,2,3,1]",ok,
10,uniform,3,0.5,0.6599280826795434,2,"fused_3_medium+fused_4_high, fused_2_medium+fused_4_high",huang,"[294, 164, 674, 454, 213]",0.15659987182567914,0.010005558643690939,"[0,3,0,0,3,3,0,4,0,2,4,3,4,2,2,3,3,2,0,0,2,2,0,0,2,0,3,3,2,2,0,3,0,2,0,2,2,2,2,2,2,2,3,3,2,0,0,0,3,4,2,1,3,2,3,2,2,2,3,2,2,0,0,2,3,2,3,2,0,0,2,2,0,3,0,0,2,3,3,0,3,2,3,2,0,0,0,0,3,0,2,4,0,2,3,3,4,2,3,2,3,4,3,3,0,4,2,2,3,0,3,4,3,3,2,2,2,3,2,0,2,3,2,3,2,2,2,1,2,2,0,2,0,2,2,2,2,2,2,0,3,2,1,0,0,0,2,3,2,3,2,2,2,0,0,0,3,0,3,2,0,1,2,3,2,0,3,3,2,0,2,2,0,2,3,0,2,4,4,2,2,0,2,0,4,3,3,3,2,3,0,0,2,2,2,2,0,0,3,2,2,3,2,2,4,2,3,1,3,0,3,2,0,0,2,3,3,3,2,0,2,2,0,2,0,3,0,2,2,2,0,3,3,3,3,3,2,2,3,3,3,2,0,3,0,2,2,0,3,4,4,2,3,0,0,2,2,2,2,0,3,2,0,0,3,2,2,2,3,3,3,0,0,3,1,0,2,2,0,3,2,2,2,0,3,0,2,3,2,1,2,2,2,2,2,0,0,3,2,0,3,0,2,0,3,3,3,3,2,3,4,0,3,2,2,2,3,0,2,2,2,2,4,2,3,0,3,2,3,2,2,4,2,2,3,4,2,0,3,3,3,2,2,2,2,2,2,2,3,3,2,2,2,2,3,2,3,3,2,3,2,2,0,2,2,3,3,2,3,2,2,3,0,3,3,3,2,3,2,0,2,3,0,2,3,0,3,2,3,2,0,2,4,2,2,0,2,3,3,0,2,2,3,2,3,3,2,1,2,3,3,2,2,3,0,4,2,0,3,0,2,4,3,0,2,0,2,2,2,0,3,3,4,4,0,2,0,2,2,2,2,3,4,2,1,3,2,0,3,2,1,2,1,3,3,4,3,2,2,2,3,2,2,3,0,2,3,2,2,2,2,2,3,0,3,1,2,0,2,0,0,2,2,2,3,2,4,4,0,0,3,3,0,0,0,3,3,4,2,1,2,2,2,3,2,2,3,3,3,3,2,3,2,2,2,2,3,0,2,2,0,2,2,3,3,0,2,3,0,3,3,0,2,0,3,2,3,2,3,2,0,3,4,2,2,4,2,3,0,0,2,4,3,0,3,0,4,0,3,0,2,2,3,3,3,2,0,2,2,3,2,0,1,0,2,4,2,2,3,0,2,4,2,1,2,2,2,2,3,3,2,0,3,2,2,0,0,0,2,3,0,2,0,0,2,2,2,2,3,0,0,2,2,4,2,2,0,1,2,3,2,2,3,2,0,0,2,3,3,1,2,3,2,3,2,2,3,2,0,4,2,2,2,3,3,2,0,2,0,2,3,0,3,3,3,3,2,0,2,2,4,2,0,2,3,3,2,2,0,0,1,2,3,0,2,4,4,4,2,4,0,0,4,2,0,2,2,2,0,2,0,2,2,2,2,0,4,0,2,2,3,3,2,1,0,0,2,0,2,4,2,3,3,2,3,2,1,0,4,2,2,0,0,0,2,1,2,2,2,4,2,2,2,4,4,3,2,2,2,1,0,2,3,2,2,0,1,3,1,1,4,3,4,1,3,2,1,0,3,4,2,1,3,1,2,3,3,3,4,2,3,2,2,0,3,2,2,2,0,1,2,2,3,2,2,0,3,3,4,3,2,1,2,3,3,2,2,2,0,2,3,4,0,3,2,0,3,2,2,2,3,0,4,3,0,1,3,2,4,2,2,0,2,2,2,2,0,4,2,1,3,0,0,2,1,3,2,0,3,0,3,4,2,2,2,4,2,2,2,2,2,1,2,3,3,2,4,3,4,2,3,0,2,2,2,1,3,2,3,0,2,2,3,3,2,3,2,4,0,3,3,1,2,3,3,1,2,4,2,3,4,3,2,4,2,3,1,3,3,1,4,3,1,2,3,4,3,3,2,2,4,2,3,2,2,2,3,4,3,3,2,0,4,2,2,1,0,4,2,2,2,3,2,4,0,4,2,3,4,2,3,3,2,0,3,2,3,2,3,2,3,3,4,4,4,2,2,2,2,3,2,2,3,3,2,2,4,4,2,3,4,2,2,2,3,1,1,1,2,1,4,1,0,2,2,2,3,3,4,1,2,0,3,3,2,4,3,2,4,2,4,1,3,4,3,4,4,2,0,2,2,3,2,3,4,1,0,4,1,1,0,3,2,2,2,2,3,0,3,3,1,1,3,2,2,0,2,3,3,3,1,3,1,1,3,4,4,2,3,4,1,1,4,4,3,2,1,2,1,3,0,3,1,3,3,4,4,3,2,0,0,0,4,1,3,2,2,1,1,3,4,0,3,0,4,3,4,3,1,2,2,4,3,1,1,2,4,1,1,3,1,1,2,0,2,2,3,2,2,3,3,1,3,2,4,2,4,3,3,2,0,2,2,3,2,2,4,0,2,1,4,0,2,3,2,2,1,2,2,3,2,4,3,2,1,4,4,4,0,3,2,3,3,1,1,1,2,1,4,3,3,1,2,2,3,4,3,2,0,2,2,2,4,1,1,2,2,1,4,0,3,3,3,4,3,2,2,1,2,0,2,3,0,2,2,0,1,4,3,4,0,1,1,0,3,2,2,2,3,2,2,1,0,4,3,2,1,1,2,2,0,2,4,4,2,2,3,2,4,1,3,0,3,1,2,3,1,3,4,4,0,1,3,1,2,4,4,1,1,1,2,3,2,3,3,1,3,0,1,2,1,1,3,2,0,2,1,2,2,2,3,4,4,4,1,2,1,3,3,2,2,4,4,2,3,3,3,2,3,1,2,3,1,0,3,2,3,2,0,4,2,2,0,2,0,1,2,3,0,3,3,2,3,2,2,4,3,2,4,2,2,0,2,2,3,0,2,2,2,2,3,3,3,4,2,4,4,0,1,4,3,2,2,0,3,2,2,3,0,0,4,3,4,2,0,2,2,3,2,3,1,2,4,0,1,0,2,2,2,0,0,3,3,2,2,4,1,1,4,4,2,0,2,2,1,2,4,3,2,0,3,2,2,1,2,3,1,1,2,2,0,4,2,2,0,4,3,4,2,3,0,3,0,1,4,2,4,3,3,3,0,0,3,3,0,3,0,0,2,3,2,2,2,3,1,0,0,2,0,2,2,3,2,0,0,2,0,3,2,2,3,3,2,2,3,2,3,4,2,1,3,4,0,3,3,3,2,0,3,0,3,0,3,2,4,1,3,3,4,2,4,2,1,4,0,4,3,2,0,2,2,4,2,1,4,1,3,3,3,4,1,1,4,0,2,2,4,2,3,0,0,0,0,1,2,0,2,4,3,3,2,2,0,2,2,2,2,2,3,1,1,3,0,3,2,1,1,2,2,4,2,3,1,1,2,2,2,1,3,0,2,2,4,4,3,3,2,2,4,2,1,0,2,2,1,3,2,1,2,4,4,2,0,2,3,3,3,4,4,2,3,2,3,1,3,4,4,3,0,0,2,3,1,4,0,2,3,2,1,1,0,0,4,3,4,0,4,2,1,4,2,4,2,3,0,4,3,4,4,4,0,2,0,2,2,2,0,0,4,0,3,2,3,4,2,4,2,2,2,1,3,4,1,0,2,2,0,3,2,3,2,4,3,3,2,3,2,1,3,2,4,2,1,3,2,0,4,2,2,2,0,1,2,3,1,3,0,2,2,2,2,2,2,4,2,3,2,0,3,2,1,3,3,3,2,2,4,3,2,2,4,0,0,1,4,4,2,1,2,1,2,2,2,4,2,0,2,2,0,3,1,3,3,2,2,3,1,3,3,1,2,3,3,2,2,1,4,2,2,2,0,0,4,2,2,2,2,1,4,4,3,2,0,2,2,3,3,2,2,3,4,2,4,3,4,2,3,3,3,2,3,3,3,3,4,3,3,2,1,4,2,1,4,4,4,2,2,4,1,2,2,2,1,4,4,1,1,4,3]",ok,
11,uniform,3,0.45,0.6599280826795434,2,"fused_3_medium+fused_4_high, fused_2_medium+fused_4_high",huang,"[294, 164, 674, 454, 213]",0.15659987182567914,0.010005558643690939,"[0,3,0,0,3,3,0,4,0,2,4,3,4,2,2,3,3,2,0,0,2,2,0,0,2,0,3,3,2,2,0,3,0,2,0,2,2,2,2,2,2,2,3,3,2,0,0,0,3,4,2,1,3,2,3,2,2,2,3,2,2,0,0,2,3,2,3,2,0,0,2,2,0,3,0,0,2,3,3,0,3,2,3,2,0,0,0,0,3,0,2,4,0,2,3,3,4,2,3,2,3,4,3,3,0,4,2,2,3,0,3,4,3,3,2,2,2,3,2,0,2,3,2,3,2,2,2,1,2,2,0,2,0,2,2,2,2,2,2,0,3,2,1,0,0,0,2,3,2,3,2,2,2,0,0,0,3,0,3,2,0,1,2,3,2,0,3,3,2,0,2,2,0,2,3,0,2,4,4,2,2,0,2,0,4,3,3,3,2,3,0,0,2,2,2,2,0,0,3,2,2,3,2,2,4,2,3,1,3,0,3,2,0,0,2,3,3,3,2,0,2,2,0,2,0,3,0,2,2,2,0,3,3,3,3,3,2,2,3,3,3,2,0,3,0,2,2,0,3,4,4,2,3,0,0,2,2,2,2,0,3,2,0,0,3,2,2,2,3,3,3,0,0,3,1,0,2,2,0,3,2,2,2,0,3,0,2,3,2,1,2,2,2,2,2,0,0,3,2,0,3,0,2,0,3,3,3,3,2,3,4,0,3,2,2,2,3,0,2,2,2,2,4,2,3,0,3,2,3,2,2,4,2,2,3,4,2,0,3,3,3,2,2,2,2,2,2,2,3,3,2,2,2,2,3,2,3,3,2,3,2,2,0,2,2,3,3,2,3,2,2,3,0,3,3,3,2,3,2,0,2,3,0,2,3,0,3,2,3,2,0,2,4,2,2,0,2,3,3,0,2,2,3,2,3,3,2,1,2,3,3,2,2,3,0,4,2,0,3,0,2,4,3,0,2,0,2,2,2,0,3,3,4,4,0,2,0,2,2,2,2,3,4,2,1,3,2,0,3,2,1,2,1,3,3,4,3,2,2,2,3,2,2,3,0,2,3,2,2,2,2,2,3,0,3,1,2,0,2,0,0,2,2,2,3,2,4,4,0,0,3,3,0,0,0,3,3,4,2,1,2,2,2,3,2,2,3,3,3,3,2,3,2,2,2,2,3,0,2,2,0,2,2,3,3,0,2,3,0,3,3,0,2,0,3,2,3,2,3,2,0,3,4,2,2,4,2,3,0,0,2,4,3,0,3,0,4,0,3,0,2,2,3,3,3,2,0,2,2,3,2,0,1,0,2,4,2,2,3,0,2,4,2,1,2,2,2,2,3,3,2,0,3,2,2,0,0,0,2,3,0,2,0,0,2,2,2,2,3,0,0,2,2,4,2,2,0,1,2,3,2,2,3,2,0,0,2,3,3,1,2,3,2,3,2,2,3,2,0,4,2,2,2,3,3,2,0,2,0,2,3,0,3,3,3,3,2,0,2,2,4,2,0,2,3,3,2,2,0,0,1,2,3,0,2,4,4,4,2,4,0,0,4,2,0,2,2,2,0,2,0,2,2,2,2,0,4,0,2,2,3,3,2,1,0,0,2,0,2,4,2,3,3,2,3,2,1,0,4,2,2,0,0,0,2,1,2,2,2,4,2,2,2,4,4,3,2,2,2,1,0,2,3,2,2,0,1,3,1,1,4,3,4,1,3,2,1,0,3,4,2,1,3,1,2,3,3,3,4,2,3,2,2,0,3,2,2,2,0,1,2,2,3,2,2,0,3,3,4,3,2,1,2,3,3,2,2,2,0,2,3,4,0,3,2,0,3,2,2,2,3,0,4,3,0,1,3,2,4,2,2,0,2,2,2,2,0,4,2,1,3,0,0,2,1,3,2,0,3,0,3,4,2,2,2,4,2,2,2,2,2,1,2,3,3,2,4,3,4,2,3,0,2,2,2,1,3,2,3,0,2,2,3,3,2,3,2,4,0,3,3,1,2,3,3,1,2,4,2,3,4,3,2,4,2,3,1,3,3,1,4,3,1,2,3,4,3,3,2,2,4,2,3,2,2,2,3,4,3,3,2,0,4,2,2,1,0,4,2,2,2,3,2,4,0,4,2,3,4,2,3,3,2,0,3,2,3,2,3,2,3,3,4,4,4,2,2,2,2,3,2,2,3,3,2,2,4,4,2,3,4,2,2,2,3,1,1,1,2,1,4,1,0,2,2,2,3,3,4,1,2,0,3,3,2,4,3,2,4,2,4,1,3,4,3,4,4,2,0,2,2,3,2,3,4,1,0,4,1,1,0,3,2,2,2,2,3,0,3,3,1,1,3,2,2,0,2,3,3,3,1,3,1,1,3,4,4,2,3,4,1,1,4,4,3,2,1,2,1,3,0,3,1,3,3,4,4,3,2,0,0,0,4,1,3,2,2,1,1,3,4,0,3,0,4,3,4,3,1,2,2,4,3,1,1,2,4,1,1,3,1,1,2,0,2,2,3,2,2,3,3,1,3,2,4,2,4,3,3,2,0,2,2,3,2,2,4,0,2,1,4,0,2,3,2,2,1,2,2,3,2,4,3,2,1,4,4,4,0,3,2,3,3,1,1,1,2,1,4,3,3,1,2,2,3,4,3,2,0,2,2,2,4,1,1,2,2,1,4,0,3,3,3,4,3,2,2,1,2,0,2,3,0,2,2,0,1,4,3,4,0,1,1,0,3,2,2,2,3,2,2,1,0,4,3,2,1,1,2,2,0,2,4,4,2,2,3,2,4,1,3,0,3,1,2,3,1,3,4,4,0,1,3,1,2,4,4,1,1,1,2,3,2,3,3,1,3,0,1,2,1,1,3,2,0,2,1,2,2,2,3,4,4,4,1,2,1,3,3,2,2,4,4,2,3,3,3,2,3,1,2,3,1,0,3,2,3,2,0,4,2,2,0,2,0,1,2,3,0,3,3,2,3,2,2,4,3,2,4,2,2,0,2,2,3,0,2,2,2,2,3,3,3,4,2,4,4,0,1,4,3,2,2,0,3,2,2,3,0,0,4,3,4,2,0,2,2,3,2,3,1,2,4,0,1,0,2,2,2,0,0,3,3,2,2,4,1,1,4,4,2,0,2,2,1,2,4,3,2,0,3,2,2,1,2,3,1,1,2,2,0,4,2,2,0,4,3,4,2,3,0,3,0,1,4,2,4,3,3,3,0,0,3,3,0,3,0,0,2,3,2,2,2,3,1,0,0,2,0,2,2,3,2,0,0,2,0,3,2,2,3,3,2,2,3,2,3,4,2,1,3,4,0,3,3,3,2,0,3,0,3,0,3,2,4,1,3,3,4,2,4,2,1,4,0,4,3,2,0,2,2,4,2,1,4,1,3,3,3,4,1,1,4,0,2,2,4,2,3,0,0,0,0,1,2,0,2,4,3,3,2,2,0,2,2,2,2,2,3,1,1,3,0,3,2,1,1,2,2,4,2,3,1,1,2,2,2,1,3,0,2,2,4,4,3,3,2,2,4,2,1,0,2,2,1,3,2,1,2,4,4,2,0,2,3,3,3,4,4,2,3,2,3,1,3,4,4,3,0,0,2,3,1,4,0,2,3,2,1,1,0,0,4,3,4,0,4,2,1,4,2,4,2,3,0,4,3,4,4,4,0,2,0,2,2,2,0,0,4,0,3,2,3,4,2,4,2,2,2,1,3,4,1,0,2,2,0,3,2,3,2,4,3,3,2,3,2,1,3,2,4,2,1,3,2,0,4,2,2,2,0,1,2,3,1,3,0,2,2,2,2,2,2,4,2,3,2,0,3,2,1,3,3,3,2,2,4,3,2,2,4,0,0,1,4,4,2,1,2,1,2,2,2,4,2,0,2,2,0,3,1,3,3,2,2,3,1,3,3,1,2,3,3,2,2,1,4,2,2,2,0,0,4,2,2,2,2,1,4,4,3,2,0,2,2,3,3,2,2,3,4,2,4,3,4,2,3,3,3,2,3,3,3,3,4,3,3,2,1,4,2,1,4,4,4,2,2,4,1,2,2,2,1,4,4,1,1,4,3]",ok,
12,uniform,3,0.4,0.580014536157222,2,"fused_2_medium+fused_4_high, fused_4_high+fused_5_medium",huang,"[519, 164, 621, 283, 212]",0.16596578332553497,0.019455252918287938,"[3,0,3,3,2,2,3,4,3,2,4,0,4,0,2,2,2,2,3,3,2,2,3,3,2,3,2,2,0,0,3,2,3,0,3,2,2,0,2,0,2,0,2,2,0,3,3,3,0,4,0,1,2,2,2,2,2,2,2,2,2,3,3,2,0,2,0,2,3,3,0,2,3,2,3,3,2,2,2,3,2,2,2,2,3,3,3,3,0,3,2,4,3,2,2,2,4,0,0,0,0,4,2,0,3,4,0,2,2,3,2,4,2,2,2,2,0,2,0,3,2,2,2,2,2,2,2,1,0,2,3,2,3,2,2,0,0,2,0,3,2,0,1,3,3,3,2,2,0,2,0,0,0,3,3,3,2,3,2,2,3,1,0,2,2,3,0,0,0,3,2,0,3,0,2,3,0,4,4,0,0,3,2,3,4,2,2,0,2,2,3,3,2,2,2,2,3,3,0,0,2,2,0,2,4,0,0,1,2,3,0,2,3,3,2,0,2,2,0,3,2,2,3,2,3,2,3,0,0,2,3,0,2,0,2,2,2,2,2,2,2,0,3,2,3,0,2,3,2,4,4,2,2,3,3,2,0,2,2,3,0,0,3,3,2,2,2,0,2,0,2,3,3,0,1,3,0,0,3,0,0,2,2,3,2,3,0,0,0,1,0,0,0,0,0,3,3,2,2,3,2,0,0,3,2,2,0,2,0,0,4,3,2,2,2,2,2,3,0,2,2,2,4,2,2,3,2,0,2,0,0,4,2,0,2,4,0,3,2,2,2,0,2,2,0,0,2,0,0,2,2,0,0,0,2,2,0,0,0,0,2,2,3,2,0,2,2,0,0,0,2,2,3,2,2,2,0,2,0,3,0,2,3,2,2,3,2,0,0,0,3,2,4,2,2,3,0,2,2,0,2,2,2,0,2,0,0,1,2,0,2,0,0,2,3,4,2,3,2,3,0,4,2,3,0,3,0,0,2,3,2,0,4,4,3,2,3,2,0,2,0,2,4,2,1,0,0,3,2,2,1,0,1,2,2,4,2,0,2,0,2,0,2,2,3,0,2,0,2,2,2,2,2,3,2,1,2,3,0,3,3,2,2,0,2,2,4,4,3,3,2,2,3,3,3,0,2,4,0,1,2,0,2,0,2,2,0,2,0,2,2,0,2,0,0,2,2,3,2,0,3,0,2,2,2,3,0,2,0,0,0,3,0,3,2,2,0,0,2,2,3,2,4,2,2,4,0,2,3,3,2,4,2,3,2,3,4,3,2,3,2,2,2,2,2,0,3,2,2,2,0,3,1,3,2,4,2,0,2,3,0,4,2,1,2,0,2,2,2,2,2,3,2,0,2,3,3,3,2,2,3,0,3,3,2,2,2,2,2,3,3,2,2,4,2,0,3,1,0,2,0,0,2,0,3,3,2,2,2,1,0,2,2,2,0,0,2,0,3,4,0,0,0,0,2,0,3,2,3,0,2,3,2,2,2,2,2,3,2,0,4,0,3,2,0,0,0,0,3,3,1,2,2,3,2,4,4,4,2,4,3,0,4,0,3,2,0,0,3,0,3,0,2,2,0,3,4,3,0,0,2,0,0,1,3,3,0,3,0,4,2,0,2,2,2,2,1,3,4,2,2,3,3,3,2,1,0,2,0,4,2,0,0,4,4,2,2,0,2,1,3,0,2,0,2,3,1,2,1,1,4,0,4,1,0,2,1,3,2,4,0,1,0,1,0,2,0,2,4,0,2,2,2,3,2,2,0,0,3,1,0,0,0,2,2,3,2,2,4,2,2,1,0,0,2,2,0,2,3,0,2,4,3,2,2,3,2,2,0,0,0,3,4,2,3,1,2,0,4,0,2,3,0,0,2,2,3,4,0,1,0,0,3,2,1,2,0,3,0,3,2,4,2,2,0,4,0,2,0,0,0,1,0,0,2,2,4,0,4,0,0,3,0,0,2,1,2,0,2,3,2,0,2,2,2,2,2,4,3,2,0,1,0,2,0,1,0,4,2,2,4,2,2,4,0,2,1,2,0,1,4,0,1,2,2,4,2,2,2,0,4,0,2,0,0,0,2,4,2,2,0,3,4,2,0,1,3,4,0,2,0,2,0,4,3,4,2,2,4,0,2,0,0,3,2,2,0,0,0,2,2,2,4,4,4,2,0,2,0,2,2,2,0,2,2,2,4,4,0,2,4,0,0,2,2,1,1,1,2,1,4,1,3,0,0,2,2,2,4,1,0,3,2,0,2,4,0,2,4,2,4,1,0,4,0,4,4,0,0,2,0,2,2,0,4,1,3,4,1,1,3,2,2,0,0,0,2,3,2,0,1,1,0,0,2,3,0,0,2,0,1,0,1,1,2,4,4,2,2,4,1,1,4,4,2,2,1,0,1,2,3,2,1,2,2,4,4,2,2,3,3,3,4,1,2,2,0,1,1,2,4,3,2,3,4,0,4,0,1,2,0,4,0,1,1,0,4,1,1,2,1,1,0,3,0,0,2,0,0,2,0,1,0,0,4,2,4,2,0,0,3,0,2,0,0,0,4,3,0,1,4,3,0,0,0,2,1,2,2,0,2,4,0,2,1,4,4,4,3,2,0,0,2,1,1,1,2,1,4,2,2,1,0,0,0,4,2,0,3,0,2,2,4,1,1,0,2,1,4,3,2,0,2,4,2,0,2,1,2,3,0,0,3,2,0,3,1,4,2,4,0,1,1,3,0,0,2,2,0,0,2,1,3,4,2,2,1,1,0,2,3,0,4,4,0,2,2,0,4,1,2,3,2,1,0,2,1,2,4,4,3,1,2,1,2,4,4,1,1,1,0,0,0,2,2,1,2,3,1,0,1,1,0,0,0,2,1,0,2,0,2,4,4,4,1,0,1,0,0,0,0,4,4,0,0,2,2,0,0,1,2,2,1,3,0,2,0,2,3,2,2,2,3,0,3,1,0,2,3,0,2,0,0,0,2,4,0,0,4,2,2,3,2,2,0,3,0,2,2,2,0,2,0,4,0,4,4,3,1,2,2,0,2,3,2,2,0,0,3,3,4,2,4,0,3,0,0,2,2,2,1,0,4,3,1,3,0,0,0,3,3,0,2,0,0,4,1,1,4,4,2,3,0,0,1,2,4,0,0,3,0,2,0,1,0,2,1,1,0,0,3,4,0,0,3,4,2,4,0,0,3,2,3,1,4,0,4,0,2,0,3,3,2,0,3,2,0,3,2,0,0,0,2,2,1,3,3,0,3,0,2,2,2,3,3,2,3,0,0,2,2,2,2,0,0,0,2,4,0,1,2,4,3,2,2,2,0,3,2,3,0,3,2,0,4,1,2,2,4,2,4,2,1,4,3,4,0,0,3,0,2,4,0,1,4,1,0,2,2,4,1,1,4,3,0,0,4,0,2,3,3,3,3,1,0,0,2,4,0,2,2,2,3,0,0,2,0,0,2,1,1,2,3,2,2,1,1,0,0,4,0,0,1,1,0,0,0,1,0,3,2,2,4,4,0,2,0,2,4,0,1,3,2,0,1,0,0,1,2,4,4,0,3,2,2,2,2,4,4,0,2,0,2,1,2,4,4,2,3,3,0,0,1,4,3,0,2,0,1,1,3,3,4,0,4,3,4,2,1,4,0,4,0,2,3,4,0,4,4,4,3,0,3,0,0,0,3,3,4,3,2,0,2,4,2,4,2,2,2,1,2,4,1,3,0,2,3,2,2,2,0,4,2,2,0,0,2,1,2,0,4,0,1,0,0,3,4,0,2,0,3,1,0,2,1,0,3,0,2,0,0,0,0,4,2,0,0,3,2,2,1,2,2,2,0,0,4,0,2,0,4,3,3,1,4,4,0,1,0,1,0,2,0,4,2,3,2,0,3,2,1,2,2,0,2,2,1,2,2,1,2,2,0,0,0,1,4,2,0,0,0,3,4,2,0,0,2,1,4,4,0,0,3,2,2,0,0,0,0,0,4,2,4,0,4,2,2,2,0,2,0,2,2,2,4,4,0,0,1,4,0,1,4,4,4,0,0,4,1,0,2,2,1,4,4,1,1,4,2]",ok,
13,uniform,3,0.35,0.6169164559544622,1,fused_2_medium+fused_3_medium+fused_4_high,huang,"[192, 294, 475, 164, 674]",0.16880858812600844,0.007226236798221234,"[1,2,1,1,2,2,1,0,1,4,0,2,0,4,4,2,2,4,1,1,4,4,1,1,4,1,2,2,4,4,1,2,1,4,1,4,4,4,4,4,4,4,2,2,4,1,1,1,2,0,4,3,2,4,2,4,4,4,2,4,4,1,1,4,2,4,2,4,1,1,4,4,1,2,1,1,4,2,2,1,2,4,2,4,1,1,1,1,2,1,4,2,1,4,2,2,0,4,2,4,2,0,2,2,1,0,4,4,2,1,2,0,2,2,4,4,4,2,4,1,4,2,4,2,4,4,4,3,4,4,1,4,1,4,4,4,4,4,4,1,2,4,3,1,1,1,4,2,4,2,4,4,4,1,1,1,2,1,2,4,1,3,4,2,4,1,2,2,4,1,4,4,1,4,2,1,4,0,0,4,4,1,4,1,0,2,2,2,4,2,1,1,4,4,4,4,1,1,2,4,4,2,4,4,0,4,2,3,2,1,2,4,1,1,4,2,2,2,4,1,4,4,1,4,1,2,1,4,4,4,1,2,2,2,2,2,4,4,2,2,2,4,1,2,1,4,4,1,2,0,0,4,2,1,1,4,4,4,4,1,2,4,1,1,2,4,4,4,2,2,2,1,1,2,3,1,4,4,1,2,4,4,4,1,2,1,4,2,4,3,4,4,4,4,4,1,1,2,4,1,2,1,4,1,2,2,2,2,4,2,0,1,2,4,4,4,2,1,4,4,4,4,0,4,2,1,2,4,2,4,4,0,4,4,2,2,4,1,2,2,2,4,4,4,4,4,4,4,2,2,4,4,4,4,2,4,2,2,4,2,4,4,1,4,4,2,2,4,2,4,4,2,1,2,2,2,4,2,4,1,4,2,1,4,2,1,2,4,2,4,1,4,0,4,4,1,4,2,2,1,4,4,2,4,2,2,4,3,4,2,2,4,4,2,1,0,4,1,2,1,4,0,2,1,4,1,4,4,4,1,2,2,0,0,1,4,1,4,4,4,4,2,0,4,3,2,4,1,2,4,3,4,3,2,2,0,2,4,4,4,2,4,4,2,1,4,2,4,4,4,4,4,2,1,2,3,4,1,4,1,1,4,4,4,2,4,0,0,1,1,2,2,1,1,1,2,2,0,4,3,4,4,4,2,4,4,2,2,2,2,4,2,4,4,4,4,2,1,4,4,1,4,4,2,2,1,4,2,1,2,2,1,4,1,2,4,2,4,2,4,1,2,0,4,4,0,4,2,1,1,4,0,2,1,2,1,0,1,2,1,4,4,2,2,2,4,1,4,4,2,4,1,3,1,4,0,4,4,2,1,4,0,4,3,4,4,4,4,2,2,4,1,2,4,4,1,1,1,4,2,1,4,1,1,4,4,4,4,2,1,1,4,4,0,4,4,1,3,4,2,4,4,2,4,1,1,4,2,2,3,4,2,4,2,4,4,2,4,1,0,4,4,4,2,2,4,1,4,1,4,2,1,2,2,2,2,4,1,4,4,0,4,1,4,2,2,4,4,1,1,3,4,2,1,4,0,0,0,4,0,1,1,0,4,1,4,4,4,1,4,1,4,4,4,4,1,0,1,4,4,2,2,4,3,1,1,4,1,4,0,4,2,2,4,2,4,3,1,0,4,4,1,1,1,4,3,4,4,4,0,4,4,4,0,0,2,4,4,4,3,1,4,2,4,4,1,3,2,3,3,0,2,0,3,2,4,3,1,2,0,4,3,2,3,4,2,2,2,0,4,2,4,4,1,2,4,4,4,1,3,4,4,2,4,4,1,2,2,0,2,4,3,4,2,2,4,4,4,1,4,2,0,1,2,4,1,2,4,4,4,2,1,0,2,1,3,2,4,0,4,4,1,4,4,4,4,1,0,4,3,2,1,1,4,3,2,4,1,2,1,2,0,4,4,4,2,4,4,4,4,4,3,4,2,2,4,0,2,0,4,2,1,4,4,4,3,2,4,2,1,4,4,2,2,4,2,4,0,1,2,2,3,4,2,2,3,4,0,4,2,0,2,4,0,4,2,3,2,2,3,0,2,3,4,2,0,2,2,4,4,2,4,2,4,4,4,2,0,2,2,4,1,0,4,4,3,1,0,4,4,4,2,4,0,1,0,4,2,0,4,2,2,4,1,2,4,2,4,2,4,2,2,0,0,0,4,4,4,4,2,4,4,2,2,4,4,0,0,4,2,0,4,4,4,2,3,3,3,4,3,0,3,1,4,4,4,2,2,0,3,4,1,2,2,4,2,2,4,0,4,2,3,2,0,2,0,0,4,1,4,4,2,4,2,0,3,1,0,3,3,1,2,4,4,4,4,2,1,2,2,3,3,2,4,4,1,4,2,2,2,3,2,3,3,2,2,0,4,2,0,3,3,0,0,2,4,3,4,3,2,1,2,3,2,2,0,0,2,4,1,1,1,0,3,2,4,4,3,3,2,0,1,2,1,2,2,0,2,3,4,4,0,2,3,3,4,0,3,3,2,3,3,4,1,4,4,2,4,4,2,2,3,2,4,0,4,0,2,2,4,1,4,4,2,4,4,0,1,4,3,0,1,4,2,4,4,3,4,4,2,4,2,2,4,3,2,0,0,1,2,4,2,2,3,3,3,4,3,0,2,2,3,4,4,2,0,2,4,1,4,4,4,2,3,3,4,4,3,0,1,2,2,2,0,2,4,4,3,4,1,4,2,1,4,4,1,3,0,2,0,1,3,3,1,2,4,4,4,2,4,4,3,1,2,2,4,3,3,4,4,1,4,0,0,4,4,2,4,0,3,2,1,2,3,4,2,3,2,0,0,1,3,2,3,4,0,0,3,3,3,4,2,4,2,2,3,2,1,3,4,3,3,2,4,1,4,3,4,4,4,2,0,0,0,3,4,3,2,2,4,4,0,0,4,2,2,2,4,2,3,4,2,3,1,2,4,2,4,1,2,4,4,1,4,1,3,4,2,1,2,2,4,2,4,4,0,2,4,0,4,4,1,4,4,2,1,4,4,4,4,2,2,2,0,4,2,0,1,3,2,2,4,4,1,2,4,4,2,1,1,0,2,0,4,1,4,4,2,4,2,3,4,0,1,3,1,4,4,4,1,1,2,2,4,4,0,3,3,0,0,4,1,4,4,3,4,0,2,4,1,2,4,4,3,4,2,3,3,4,4,1,0,4,4,1,0,2,0,4,2,1,2,1,3,0,4,2,2,2,2,1,1,2,2,1,2,1,1,4,2,4,4,4,2,3,1,1,4,1,4,4,2,4,1,1,4,1,2,4,4,2,2,4,4,2,4,2,0,4,3,2,0,1,2,2,2,4,1,2,1,2,1,2,4,0,3,2,2,0,4,0,4,3,0,1,0,2,4,1,4,4,0,4,3,0,3,2,2,2,0,3,3,0,1,4,4,0,4,2,1,1,1,1,3,4,1,4,2,2,2,4,4,1,4,4,4,4,4,2,3,3,2,1,2,4,3,3,4,4,0,4,2,3,3,4,4,4,3,2,1,4,4,2,0,2,2,4,4,0,4,3,1,4,4,3,2,4,3,4,0,0,4,1,4,2,2,2,0,0,4,2,4,2,3,2,0,0,2,1,1,4,2,3,0,1,4,2,4,3,3,1,1,0,2,0,1,0,4,3,0,4,0,4,2,1,0,2,0,0,0,1,4,1,4,4,4,1,1,0,1,2,4,2,0,4,0,4,4,4,3,2,0,3,1,4,4,1,2,4,2,4,0,2,2,4,2,4,3,2,4,0,4,3,2,4,1,0,4,4,4,1,3,4,2,3,2,1,4,4,4,4,4,4,0,4,2,4,1,2,4,3,2,2,2,4,4,0,2,4,4,0,1,1,3,0,0,4,3,4,3,4,4,4,0,4,1,4,4,1,2,3,2,2,4,4,2,3,2,2,3,4,2,2,4,4,3,0,4,4,4,1,1,0,4,4,4,4,3,2,0,2,4,1,4,4,2,2,4,4,2,2,4,0,2,0,4,2,2,2,4,2,2,2,2,0,2,2,4,3,0,4,3,0,0,0,4,4,0,3,4,4,4,3,0,0,3,3,2,2]",ok,
14,uniform,3,0.3,0.6525182115731732,2,"fused_2_medium+fused_3_medium+fused_4_high, fused_3_low",cao,"[170, 675, 475, 293, 186]",0.21900208548718408,0.03779877709838799,"[3,2,3,3,2,2,3,4,3,1,4,2,4,1,1,2,2,1,3,3,1,1,3,3,1,3,2,2,1,1,3,2,3,1,3,1,1,1,1,1,1,1,2,2,1,3,3,3,2,4,1,0,2,1,2,1,1,1,2,1,1,3,3,1,2,1,2,1,3,3,1,1,3,2,3,3,1,2,2,3,2,1,2,1,3,3,3,3,2,3,1,2,3,1,2,2,4,1,2,1,2,4,2,2,3,4,1,1,2,3,2,4,2,2,1,1,1,2,1,3,1,2,1,2,1,1,1,0,1,1,3,1,3,1,1,1,1,1,1,3,2,1,0,3,3,3,1,2,1,2,1,1,1,3,3,3,2,3,2,1,3,0,1,2,1,3,2,2,1,3,1,1,3,1,2,3,1,4,4,1,1,3,1,3,4,2,2,2,1,2,3,3,1,1,1,1,3,3,2,1,1,2,1,1,4,1,2,0,2,3,2,1,3,3,1,2,2,2,1,3,1,1,3,1,3,2,3,1,1,1,3,2,2,2,2,2,1,1,2,2,2,1,3,2,3,1,1,3,2,4,4,1,2,3,3,1,1,1,1,3,2,1,3,3,2,1,1,1,2,2,2,3,3,2,0,3,1,1,3,2,1,1,1,3,2,3,1,2,1,0,1,1,1,1,1,3,3,2,1,3,2,3,1,3,2,2,2,2,1,2,4,3,2,1,1,1,2,3,1,1,1,1,4,1,2,3,2,1,2,1,1,0,1,1,2,2,1,3,2,2,2,1,1,1,1,1,1,1,2,2,1,1,1,1,2,1,2,2,1,2,1,1,3,1,1,2,2,1,2,1,1,2,3,2,2,2,1,2,1,3,1,2,3,1,2,3,2,1,2,1,3,1,4,1,1,3,1,2,2,3,1,1,2,1,2,2,1,0,1,2,2,1,1,2,3,4,1,3,2,3,1,4,2,3,1,3,1,1,1,3,2,2,4,4,3,1,3,1,1,1,1,2,4,1,0,2,1,3,2,1,0,1,0,2,2,4,2,1,1,1,2,1,1,2,3,1,2,1,1,1,1,1,2,3,2,0,1,3,1,3,3,1,1,1,2,1,4,4,3,3,2,2,3,3,3,2,2,4,1,0,1,1,1,2,1,1,2,2,2,2,1,2,1,1,1,1,2,3,1,1,3,1,1,2,2,3,1,2,3,2,2,3,1,3,2,1,2,1,2,1,3,2,4,1,1,4,1,2,3,3,1,4,2,3,2,3,4,3,2,3,1,1,2,2,2,1,3,1,1,2,1,3,0,3,1,4,1,1,2,3,1,4,1,0,1,1,1,1,2,2,1,3,2,1,1,3,3,3,1,2,3,1,3,3,1,1,1,1,2,3,3,1,1,4,1,1,3,0,1,2,1,1,2,1,3,3,1,2,2,0,1,2,1,2,1,1,2,1,3,4,1,1,1,2,2,1,3,1,3,1,2,3,2,2,2,2,1,3,1,1,4,1,3,1,2,2,1,1,3,3,0,1,2,3,1,4,4,4,1,4,3,3,4,1,3,1,1,1,3,1,3,1,1,1,1,3,4,3,1,1,2,2,1,0,3,3,1,3,1,4,1,2,2,1,2,1,0,3,4,1,1,3,3,3,1,0,1,1,1,4,1,1,1,4,4,2,1,1,1,0,3,1,2,1,1,3,0,2,0,0,4,2,4,0,2,1,0,3,2,4,1,0,2,0,1,2,2,2,4,1,2,1,1,3,2,1,1,1,3,0,1,1,2,1,1,3,2,2,4,2,1,0,1,2,2,1,1,1,3,1,2,4,3,2,1,3,2,1,1,1,2,3,4,2,3,0,2,1,4,1,1,3,1,1,1,1,3,4,1,0,2,3,3,1,0,2,1,3,2,3,2,4,1,1,1,2,1,1,1,1,1,0,1,2,2,1,4,2,4,1,2,3,1,1,1,0,2,1,2,3,1,1,2,2,1,2,1,4,3,2,2,0,1,2,2,0,1,4,1,2,4,2,1,4,1,2,0,2,2,0,4,2,0,1,2,4,2,2,1,1,2,1,2,1,1,1,2,4,2,2,1,3,4,1,1,0,3,4,1,1,1,2,1,4,3,4,1,2,4,1,2,2,1,3,2,1,2,1,2,1,2,2,4,4,4,1,1,1,1,2,1,1,2,2,1,1,4,4,1,2,4,1,1,1,2,0,0,0,1,0,4,0,3,1,1,1,2,2,4,0,1,3,2,2,1,2,2,1,4,1,2,0,2,4,2,4,4,1,3,1,1,2,1,2,4,0,3,4,0,0,3,2,1,1,1,1,2,3,2,2,0,0,2,1,1,3,1,2,2,2,0,2,0,0,2,2,4,1,2,4,0,0,4,4,2,1,0,1,0,2,3,2,0,2,2,4,4,2,1,3,3,3,4,0,2,1,1,0,0,2,4,3,2,3,2,2,4,2,0,1,1,4,2,0,0,1,4,0,0,2,0,0,1,3,1,1,2,1,1,2,2,0,2,1,4,1,4,2,2,1,2,1,1,2,1,1,4,3,1,0,4,3,1,2,1,1,0,1,1,2,1,2,2,1,0,2,4,4,3,2,1,2,2,0,0,0,1,0,4,2,2,0,1,1,2,4,2,1,3,1,1,1,1,0,0,1,1,0,4,3,2,2,2,4,2,1,1,0,1,3,1,2,3,1,1,3,0,4,2,4,3,0,0,3,2,1,1,1,2,1,1,0,3,2,2,1,0,0,1,1,3,1,4,0,1,1,2,1,4,0,2,3,2,0,1,2,0,2,4,4,3,0,2,0,1,4,4,0,0,0,1,2,1,2,2,0,2,3,0,1,0,0,2,1,2,1,0,1,1,1,2,4,4,4,0,1,0,2,2,1,1,4,4,1,2,2,2,1,2,0,1,2,0,3,2,1,2,1,3,2,1,1,3,1,3,0,1,2,3,2,2,1,2,1,1,4,2,1,0,1,1,3,1,1,2,3,1,1,1,1,2,2,2,4,1,2,4,3,0,2,2,1,1,3,2,1,1,2,3,3,4,2,0,1,3,1,1,2,1,2,0,1,4,3,0,3,1,1,1,3,3,2,2,1,1,4,0,0,4,4,1,3,1,1,0,1,4,2,1,3,2,1,1,0,1,2,0,0,1,1,3,4,1,1,3,4,2,4,1,2,3,2,3,0,4,1,2,2,2,2,3,3,2,2,3,2,3,3,1,2,1,1,1,2,0,3,3,1,3,1,1,2,1,3,3,1,3,2,1,1,2,2,1,1,2,1,2,4,1,0,2,4,3,2,2,2,1,3,2,3,2,3,2,1,4,0,2,2,4,1,4,1,0,4,3,4,2,1,3,1,1,4,1,0,4,0,2,2,2,4,0,0,4,3,1,1,4,1,2,3,3,3,3,0,1,3,1,2,2,2,1,1,3,1,1,1,1,1,2,0,0,2,3,2,1,0,0,1,1,4,1,2,0,0,1,1,1,0,2,3,1,1,2,4,2,2,1,1,4,1,0,3,1,1,0,2,1,0,1,0,4,1,3,1,2,2,2,4,4,1,2,1,2,0,2,4,4,2,3,3,1,2,0,0,3,1,2,1,0,0,3,3,4,2,4,3,4,1,0,4,1,4,1,2,3,4,2,4,4,4,3,1,3,1,1,1,3,3,4,3,2,1,2,4,1,4,1,1,1,0,2,4,0,3,1,1,3,2,1,2,1,4,2,2,1,2,1,0,2,1,4,1,0,2,1,3,4,1,1,1,3,0,1,2,0,2,3,1,1,1,1,1,1,4,1,2,1,3,2,1,0,2,2,2,1,1,4,2,1,1,4,3,3,0,4,4,1,0,1,0,1,1,1,4,1,3,1,1,3,2,0,2,2,1,1,2,0,2,2,0,1,2,3,1,1,0,4,1,1,1,3,3,4,1,1,1,1,0,2,4,2,1,3,1,1,2,2,1,1,2,2,1,4,2,4,1,2,2,2,1,2,2,2,2,4,2,2,1,0,4,1,0,4,4,4,1,1,4,0,1,1,1,0,4,4,0,0,2,2]",ok,
15,uniform,3,0.25,0.6627495100266533,2,"fused_2_medium+fused_4_high+fused_5_medium, fused_2_medium+fused_4_high+fused_5_low",huang,"[620, 164, 215, 297, 503]",0.14378109261289262,0.006670372429127293,"[3,4,3,3,0,0,3,2,3,0,2,4,2,4,0,0,0,0,3,3,0,0,3,3,0,3,0,0,4,4,3,0,3,4,3,0,0,4,0,4,0,4,0,0,4,3,3,3,4,2,4,1,0,0,0,0,0,0,0,0,0,3,3,0,4,0,4,0,3,3,4,0,3,0,3,3,0,0,0,3,0,0,0,0,3,3,3,3,4,3,0,2,3,0,0,0,2,4,4,4,4,2,0,4,3,2,4,0,0,3,0,2,0,0,0,0,4,0,4,3,0,0,0,0,0,0,0,1,4,0,3,0,3,0,0,4,4,0,4,3,0,4,1,3,3,3,0,0,4,0,4,4,4,3,3,3,0,3,0,0,3,1,4,0,0,3,4,4,4,3,0,4,3,4,0,3,4,2,2,4,4,3,0,3,2,0,0,4,0,0,3,3,0,0,0,0,3,3,4,4,0,0,4,0,2,4,4,1,0,3,4,0,3,3,0,4,0,0,4,3,0,0,3,0,3,0,3,0,4,0,3,4,0,4,0,0,0,0,0,0,0,4,3,0,3,4,0,3,0,2,2,0,0,3,3,0,4,0,0,3,4,4,3,3,0,0,0,4,0,4,0,3,3,4,1,3,4,4,3,4,4,0,0,3,0,3,4,4,4,1,4,4,4,4,4,3,3,0,0,3,0,3,4,3,0,0,4,0,4,4,2,3,0,0,0,0,0,3,4,0,0,0,2,0,0,3,0,3,0,4,4,2,0,4,0,2,4,3,0,0,0,4,0,0,4,4,0,4,4,0,0,4,4,4,0,0,4,4,4,4,0,0,3,0,4,0,0,4,4,4,0,0,3,0,0,0,4,0,4,3,4,0,3,0,0,3,0,4,4,4,3,0,2,0,0,3,4,0,0,3,0,0,0,4,0,4,4,1,0,4,0,4,4,0,3,2,0,3,0,3,4,2,0,3,4,3,4,4,0,3,0,4,2,2,3,0,3,0,4,0,4,0,2,0,1,4,4,3,0,0,1,4,1,0,0,2,0,4,0,4,0,4,0,0,3,4,0,4,0,0,0,0,0,3,0,1,0,3,4,3,3,0,0,4,0,0,2,2,3,3,0,0,3,3,3,4,0,2,4,1,0,4,0,4,0,0,4,0,4,0,0,4,0,4,4,0,0,3,0,4,3,4,0,0,0,3,4,0,3,4,4,3,4,3,0,0,4,4,0,0,3,0,2,0,0,2,4,0,3,3,0,2,0,3,0,3,2,3,0,3,0,0,0,0,0,4,3,0,0,0,4,3,1,3,0,2,0,4,0,3,4,2,0,1,0,4,0,0,0,0,0,3,0,4,0,3,3,3,0,0,3,4,3,3,0,0,0,0,0,3,3,0,0,2,0,4,3,1,4,0,4,4,0,4,3,3,0,0,0,1,4,0,0,0,4,4,0,4,3,2,4,4,4,4,0,4,3,0,3,4,0,3,0,0,0,0,0,3,0,4,2,4,3,0,4,4,4,4,3,3,1,0,0,3,0,2,2,2,0,2,3,3,2,4,3,0,4,4,3,4,3,4,0,0,4,3,2,3,4,4,0,4,4,1,3,3,4,3,4,2,0,4,0,0,0,0,1,3,2,0,0,3,3,3,0,1,4,0,4,2,0,4,4,2,2,0,0,4,0,1,3,4,0,4,0,3,1,0,1,1,2,4,2,1,4,0,1,3,0,2,4,1,4,1,4,0,4,0,2,4,0,0,0,3,0,0,4,4,3,1,4,4,4,0,0,3,0,0,2,0,0,1,4,4,0,0,4,0,3,4,0,2,3,0,0,3,0,0,4,4,4,3,2,0,3,1,0,4,2,4,0,3,4,4,0,0,3,2,4,1,4,3,3,0,1,0,4,3,4,3,0,2,0,0,4,2,4,0,4,4,4,1,4,4,0,0,2,4,2,4,4,3,4,4,0,1,0,4,0,3,0,4,0,0,0,0,0,2,3,0,4,1,4,0,4,1,4,2,0,0,2,0,0,2,4,0,1,0,4,1,2,4,1,0,0,2,0,0,0,4,2,4,0,4,4,4,0,2,0,0,4,3,2,0,4,1,3,2,4,0,4,0,4,2,3,2,0,0,2,4,0,4,4,3,0,0,4,4,4,0,0,0,2,2,2,0,4,0,4,0,0,0,4,0,0,0,2,2,4,0,2,4,4,0,0,1,1,1,0,1,2,1,3,4,4,0,0,0,2,1,4,3,0,4,0,2,4,0,2,0,2,1,4,2,4,2,2,4,3,0,4,0,0,4,2,1,3,2,1,1,3,0,0,4,4,4,0,3,0,4,1,1,4,4,0,3,4,4,0,4,1,4,1,1,0,2,2,0,0,2,1,1,2,2,0,0,1,4,1,0,3,0,1,0,0,2,2,0,0,3,3,3,2,1,0,0,4,1,1,0,2,3,0,3,2,4,2,4,1,0,4,2,4,1,1,4,2,1,1,0,1,1,4,3,4,4,0,4,4,0,4,1,4,4,2,0,2,0,4,4,3,4,0,4,4,4,2,3,4,1,2,3,4,4,4,0,1,0,0,4,0,2,4,0,1,2,2,2,3,0,4,4,0,1,1,1,0,1,2,0,0,1,4,4,4,2,0,4,3,4,0,0,2,1,1,4,0,1,2,3,0,4,0,2,0,4,0,1,0,3,4,4,3,0,4,3,1,2,0,2,3,1,1,3,4,4,0,0,4,4,0,1,3,2,0,0,1,1,4,0,3,4,2,2,4,0,0,4,2,1,0,3,0,1,4,0,1,0,2,2,3,1,0,1,0,2,2,1,1,1,4,4,4,0,0,1,0,3,1,4,1,1,4,4,3,0,1,4,0,4,0,2,2,2,1,4,1,4,4,4,4,2,2,4,4,0,0,4,4,1,0,0,1,3,4,0,4,0,3,2,0,0,3,4,3,1,4,0,3,4,0,4,4,4,0,2,4,4,2,0,0,3,0,0,4,3,4,0,0,0,4,0,4,2,4,2,2,3,1,2,0,4,0,3,0,0,4,4,3,3,2,0,2,4,3,4,4,0,0,0,1,4,2,3,1,3,4,4,4,3,3,4,0,4,4,2,1,1,2,2,0,3,4,4,1,0,2,4,4,3,4,0,4,1,4,0,1,1,4,4,3,2,4,4,3,2,0,2,4,4,3,0,3,1,2,4,2,4,0,4,3,3,0,4,3,0,3,3,0,4,4,4,0,0,1,3,3,4,3,4,0,0,0,3,3,0,3,4,4,0,0,0,0,4,4,4,0,2,4,1,0,2,3,0,0,0,4,3,0,3,4,3,0,4,2,1,0,0,2,0,2,0,1,2,3,2,4,4,3,4,0,2,4,1,2,1,4,0,0,2,1,1,2,3,4,4,2,4,0,3,3,3,3,1,4,3,0,2,4,0,0,0,3,4,4,0,4,4,0,1,1,0,3,0,0,1,1,4,4,2,4,4,1,1,4,4,4,1,4,3,0,0,2,2,4,0,4,0,2,4,1,3,0,4,1,4,4,1,0,2,2,4,3,0,0,0,0,2,2,4,0,4,0,1,0,2,2,0,3,3,4,4,1,2,3,4,0,4,1,1,3,3,2,4,2,3,2,0,1,2,4,2,4,0,3,2,4,2,2,2,3,4,3,4,4,4,3,3,2,3,0,4,0,2,0,2,0,0,0,1,0,2,1,3,4,0,3,0,0,0,4,2,0,0,4,4,0,1,0,4,2,4,1,4,4,3,2,4,0,4,3,1,4,0,1,4,3,4,0,4,4,4,4,2,0,4,4,3,2,0,1,0,0,0,4,4,2,4,0,4,2,3,3,1,2,2,4,1,4,1,4,0,4,2,0,3,0,4,3,0,1,0,0,4,0,0,1,0,0,1,0,0,3,4,4,1,2,0,4,4,3,3,2,0,4,4,0,1,2,2,3,4,3,0,0,4,4,4,4,4,2,0,2,4,2,0,0,0,4,0,4,0,0,0,2,2,0,4,1,2,4,1,2,2,2,4,4,2,1,4,0,0,1,2,2,1,1,2,0]",ok,
16,uniform,3,0.2,0.6630085268369839,4,"fused_2_medium+fused_4_high+fused_5_medium, fused_2_medium+fused_3_medium+fused_4_high+fused_5_low, fused_2_medium+fused_3_low+fused_4_high, fused_2_high",huang,"[375, 318, 362, 295, 449]",0.15076764876746807,0.014452473596442469,"[3,0,3,3,4,4,3,2,3,1,2,4,2,0,1,4,4,1,3,3,1,1,3,3,1,3,4,4,0,0,3,4,3,0,3,1,1,0,1,0,1,0,4,4,0,3,3,3,4,2,0,2,4,1,4,1,1,1,4,1,1,3,3,1,4,1,4,1,3,3,0,1,3,4,3,3,1,4,4,3,4,1,4,1,3,3,3,3,4,3,1,2,3,1,4,4,2,0,4,0,4,2,4,4,3,2,0,1,4,3,4,2,4,4,1,1,0,4,0,3,1,4,1,4,1,1,1,2,0,1,3,1,3,1,1,0,0,1,0,3,4,0,2,3,3,3,1,4,0,4,0,0,0,3,3,3,4,3,4,1,3,2,0,4,1,3,4,4,0,3,1,0,3,0,4,3,0,2,2,0,0,3,1,3,2,4,4,4,1,4,3,3,1,1,1,1,3,3,4,0,1,4,0,1,2,0,4,2,4,3,4,1,3,3,1,4,4,4,0,3,1,1,3,1,3,4,3,1,0,1,3,4,4,4,4,4,1,1,4,4,4,0,3,4,3,0,1,3,4,2,2,1,4,3,3,1,0,1,1,3,4,0,3,3,4,1,1,0,4,4,4,3,3,4,2,3,0,0,3,4,0,1,1,3,4,3,0,4,0,2,0,0,0,0,0,3,3,4,1,3,4,3,0,3,4,4,4,4,0,4,2,3,4,1,1,1,4,3,0,1,1,1,2,1,4,3,4,3,4,0,0,2,1,0,4,2,0,3,4,4,4,0,1,1,0,0,1,0,4,4,1,0,0,0,4,1,4,4,0,0,1,1,3,1,0,4,4,0,4,0,1,4,3,4,4,4,0,4,0,3,0,4,3,1,4,3,4,0,4,0,3,1,2,1,1,3,0,4,4,0,1,1,4,0,4,4,0,2,1,4,4,0,0,4,3,2,1,3,4,3,0,2,4,3,0,3,0,0,1,3,4,4,2,2,3,1,3,1,0,1,0,4,2,1,2,4,0,3,4,1,2,0,2,4,4,2,4,0,1,0,4,0,1,4,3,0,4,0,1,1,1,1,4,3,4,2,1,3,0,3,3,1,1,0,4,1,2,2,3,3,4,4,3,3,3,4,4,2,0,2,1,0,1,4,1,1,4,4,4,4,1,4,1,0,0,1,4,3,1,0,3,0,1,4,4,3,0,4,3,4,4,3,0,3,4,1,4,0,4,1,3,4,2,1,1,2,0,4,3,3,1,2,4,3,4,3,2,3,4,3,1,1,4,4,4,0,3,1,1,4,0,3,2,3,1,2,1,0,4,3,0,2,1,2,1,0,1,1,4,4,1,3,4,0,1,3,3,3,1,4,3,0,3,3,1,1,1,1,4,3,3,1,1,2,1,0,3,2,0,4,0,0,4,0,3,3,1,4,4,2,0,4,1,4,0,0,4,0,3,2,0,0,0,4,4,0,3,1,3,0,4,3,4,4,4,4,1,3,1,0,2,0,3,1,4,4,0,0,3,3,2,1,4,3,1,2,2,2,1,2,3,3,2,0,3,1,0,0,3,0,3,0,1,1,0,3,2,3,0,0,4,4,0,2,3,3,0,3,0,2,1,4,4,1,4,1,2,3,2,1,1,3,3,3,1,2,0,1,0,2,1,0,0,2,2,4,1,0,1,2,3,0,4,0,1,3,2,4,2,2,2,4,2,2,4,1,2,3,4,2,0,2,4,2,0,4,4,4,1,0,4,1,1,3,4,1,0,0,3,2,0,0,0,1,1,3,4,4,2,4,1,2,0,4,4,1,0,1,3,0,4,2,3,4,1,3,4,1,0,0,4,3,2,4,3,2,4,0,2,0,1,3,0,0,1,1,3,2,0,2,4,3,3,1,2,4,0,3,4,3,4,2,1,1,0,0,0,1,0,0,0,2,0,4,4,1,2,4,2,0,4,3,0,0,1,2,4,0,4,3,1,0,4,4,1,4,1,2,3,4,4,2,0,4,4,2,0,2,1,4,2,4,1,2,0,4,2,4,0,2,2,4,2,1,4,2,4,4,1,0,1,0,4,0,0,0,4,2,4,4,0,3,2,1,0,2,3,2,0,1,0,4,0,2,3,2,1,4,2,0,4,4,0,3,4,1,4,0,4,1,4,4,2,2,2,1,0,1,0,4,1,1,4,4,1,1,2,2,0,4,2,0,0,1,4,2,2,2,1,2,2,2,3,0,0,1,4,4,2,2,0,3,4,4,1,2,4,1,2,1,0,2,4,2,4,2,2,0,3,1,0,4,1,4,2,2,3,2,2,2,3,4,1,0,0,0,4,3,4,4,2,2,4,0,1,3,0,4,4,4,2,0,2,2,4,2,2,1,4,2,2,2,2,2,4,1,2,0,2,4,3,4,2,4,4,2,2,4,1,3,3,3,2,2,4,1,0,2,2,4,2,3,4,3,2,4,2,4,2,1,0,2,4,2,2,0,2,2,2,4,2,2,0,3,0,0,4,0,0,4,4,2,4,0,2,1,2,4,4,0,3,0,1,4,0,0,2,3,0,2,2,3,0,4,0,1,2,1,1,4,1,2,4,1,2,4,2,2,3,4,0,4,4,2,2,2,1,2,2,4,4,2,0,0,4,2,4,0,3,0,1,1,0,2,2,0,1,2,2,3,4,4,4,2,4,0,1,2,1,3,0,4,3,1,0,3,2,2,4,2,3,2,2,3,4,0,1,1,4,0,1,2,3,0,4,1,2,2,0,1,3,0,2,2,0,1,4,0,2,2,4,3,4,2,0,4,2,4,2,2,3,2,4,2,1,1,2,2,2,2,0,4,0,4,4,2,4,3,2,0,2,2,4,0,3,1,2,0,1,0,4,2,2,2,2,0,2,4,4,0,0,2,2,0,4,4,4,0,4,2,1,4,2,3,4,1,4,1,3,4,1,1,3,0,3,2,0,4,3,4,4,0,4,0,1,2,4,0,2,1,1,3,1,1,4,3,0,1,1,1,4,4,4,2,0,0,2,3,2,4,4,0,1,3,4,1,0,4,3,3,2,4,2,0,3,0,0,4,1,4,2,0,2,3,2,3,0,0,0,3,3,4,4,0,0,2,2,2,2,2,1,3,0,0,2,1,2,4,0,3,4,1,0,2,0,4,2,2,0,0,3,2,0,0,3,2,4,2,0,4,3,4,3,2,2,0,1,4,4,4,3,3,4,4,3,4,3,3,1,4,0,0,1,4,2,3,3,0,3,0,1,4,1,3,3,1,3,4,0,1,4,4,1,0,4,0,4,2,0,2,4,2,3,4,4,4,0,3,4,3,4,3,4,0,2,2,4,4,2,1,2,1,2,2,3,2,4,0,3,0,1,2,0,2,2,2,4,4,4,2,2,2,2,3,0,0,2,0,4,3,3,3,3,2,0,3,1,2,4,4,1,1,3,0,0,1,0,0,4,2,2,4,3,4,1,2,2,0,0,2,0,0,2,2,0,0,0,2,4,3,1,1,1,2,4,4,0,1,2,0,2,3,1,0,2,4,0,2,1,2,2,0,3,1,4,4,4,2,2,0,4,0,4,2,4,2,2,4,3,3,0,4,2,2,3,0,4,0,2,2,3,3,2,4,2,3,2,1,2,2,0,2,0,4,3,2,4,2,2,2,3,0,3,0,0,0,3,3,2,3,4,0,4,2,1,2,1,1,1,2,4,2,2,3,0,1,3,4,1,4,0,2,4,4,0,4,1,2,4,0,2,0,2,4,0,3,2,0,1,0,3,2,0,4,2,4,3,0,1,0,0,0,0,2,1,4,0,3,4,1,2,4,4,4,0,0,2,4,1,0,2,3,3,2,2,2,0,2,0,2,0,1,0,2,1,3,1,0,3,4,2,4,4,0,1,4,2,4,4,2,1,4,3,0,0,2,2,1,0,0,3,3,2,1,0,0,1,2,0,2,4,0,3,1,1,4,4,0,0,4,2,1,2,4,2,1,4,4,4,1,4,4,4,4,2,1,4,0,2,2,0,2,2,2,2,0,0,2,2,0,1,1,2,1,2,2,2,2,4]",ok,
17,uniform,3,0.15,0.6281856084326133,2,"fused_1_high+fused_2_medium+fused_3_low+fused_4_high, fused_2_low+fused_3_medium+fused_4_high",huang,"[322, 164, 217, 804, 292]",0.18858132285736287,0.017231795441912175,"[4,3,4,4,0,0,4,2,4,3,2,0,2,3,3,0,0,3,4,4,3,3,4,4,3,4,0,0,3,3,4,0,4,3,4,3,3,3,3,3,3,3,0,0,3,4,4,4,0,2,3,1,0,3,0,3,3,3,0,3,3,4,4,3,3,3,0,3,4,4,3,3,4,0,4,4,3,0,0,4,0,3,0,3,4,4,4,4,0,4,3,2,4,3,0,0,2,3,3,3,0,2,2,0,4,2,3,3,0,4,0,2,0,0,3,3,3,0,3,4,3,0,3,0,3,3,3,1,3,3,4,3,4,3,3,3,3,3,3,4,0,3,1,4,4,4,3,0,3,0,3,3,3,4,4,4,0,4,0,3,4,1,3,0,3,4,0,3,3,4,3,3,4,3,0,4,3,2,2,3,3,4,3,4,2,0,0,3,3,0,4,4,3,3,3,3,4,4,0,3,3,2,3,3,2,3,0,1,0,4,3,3,4,4,3,0,3,0,3,4,3,3,4,3,4,0,4,3,3,3,4,3,0,3,3,0,3,3,0,0,0,3,4,0,4,3,3,4,0,2,2,3,0,4,4,3,3,3,3,4,3,3,4,4,0,3,3,3,0,0,0,4,4,3,1,4,3,3,4,3,3,3,3,4,0,4,3,3,3,1,3,3,3,3,3,4,4,0,3,4,0,4,3,4,0,0,3,0,3,0,2,4,3,3,3,3,0,4,3,3,3,3,2,3,3,4,0,3,0,3,3,2,3,3,0,2,3,4,3,2,0,3,3,3,3,3,3,3,0,0,3,3,3,3,3,3,0,3,3,3,3,3,4,3,3,0,0,3,0,3,3,3,4,0,3,0,3,0,3,4,3,0,4,3,0,4,3,3,0,3,4,3,2,3,3,4,3,3,0,4,3,3,0,3,0,3,3,1,3,0,3,3,3,0,4,2,3,4,0,4,3,2,0,4,3,4,3,3,3,4,0,0,2,2,4,3,4,3,3,3,3,0,2,3,1,0,3,4,3,3,1,3,1,0,0,2,0,3,3,3,0,3,3,0,4,3,0,3,3,3,3,3,0,4,0,1,3,4,3,4,4,3,3,3,0,3,2,2,4,4,3,0,4,4,4,0,0,2,3,1,3,3,3,3,3,3,0,0,0,0,3,0,3,3,3,3,0,4,3,3,4,3,3,3,0,4,3,0,4,3,0,4,3,4,0,3,0,3,0,3,4,0,2,3,3,2,3,0,4,4,3,2,0,4,0,4,2,4,0,4,3,3,0,0,0,3,4,3,3,0,3,4,1,4,3,2,3,3,0,4,3,2,3,1,3,3,3,3,0,0,3,4,3,3,3,4,4,4,3,0,4,3,4,4,3,3,3,3,0,4,4,3,3,2,3,3,4,1,3,0,3,3,0,3,4,4,3,0,0,1,3,0,3,0,3,3,0,3,4,2,3,3,3,3,0,3,4,3,4,3,0,4,0,0,0,0,3,4,3,3,2,3,4,3,0,3,3,3,4,4,1,3,0,4,3,2,2,2,3,2,4,4,2,3,4,3,3,3,4,3,4,3,3,3,3,4,2,4,3,3,3,0,3,1,4,4,3,4,3,2,3,0,0,3,0,3,1,4,2,3,3,4,4,4,3,1,3,3,3,2,3,3,3,2,2,3,3,3,3,1,4,3,0,3,3,4,1,0,1,1,2,3,2,1,3,3,1,4,0,2,3,1,0,1,3,0,3,0,2,3,3,3,3,4,3,3,3,3,4,1,3,3,3,3,3,4,0,0,2,0,3,1,3,0,0,3,3,3,4,3,0,2,4,0,3,4,0,3,3,3,3,4,2,0,4,1,0,3,2,3,3,4,3,3,3,3,4,2,3,1,0,4,4,3,1,0,3,4,3,4,3,2,3,3,3,3,3,3,3,3,3,1,3,3,0,3,2,0,2,3,0,4,3,3,3,1,0,3,0,4,3,3,0,0,3,0,3,2,4,0,3,1,3,0,3,1,3,2,3,0,2,3,3,2,3,0,1,0,3,1,2,0,1,3,0,2,0,0,3,3,2,3,0,3,3,3,3,2,0,0,3,4,2,3,3,1,4,2,3,3,3,0,3,2,4,2,3,2,2,3,0,3,3,4,0,3,3,3,0,3,0,0,2,2,2,3,3,3,3,0,3,3,3,0,3,3,2,2,3,3,2,3,3,3,0,1,1,1,3,1,2,1,4,3,3,3,0,0,2,1,3,4,2,0,3,2,0,3,2,3,3,1,0,2,0,2,2,3,4,3,3,0,3,3,2,1,4,2,1,1,4,0,3,3,3,3,0,4,0,0,1,1,3,3,3,4,3,0,3,0,1,3,1,1,2,2,2,3,0,2,1,1,2,2,0,3,1,3,1,0,4,0,1,3,3,2,2,0,3,4,4,4,2,1,0,3,3,1,1,0,2,4,0,4,2,3,2,3,1,3,3,2,3,1,1,3,2,1,1,0,1,1,3,4,3,3,0,3,3,3,3,1,3,3,2,3,2,0,3,3,3,3,3,0,3,3,2,4,3,1,2,4,3,3,3,3,1,3,3,0,3,2,0,3,1,2,2,2,4,0,3,0,0,1,1,1,3,1,2,0,0,1,3,3,3,2,0,3,4,3,3,3,3,1,1,3,3,1,2,4,3,0,0,2,3,3,3,1,3,4,3,0,4,3,3,4,1,2,0,2,4,1,1,4,3,3,3,3,3,3,3,1,4,3,2,3,1,1,3,3,4,3,2,2,3,3,2,3,2,1,0,4,0,1,3,0,1,3,2,2,4,1,3,1,3,2,2,1,1,1,3,3,3,0,0,1,0,4,1,3,1,1,3,3,3,3,1,3,3,3,3,2,2,2,1,3,1,0,3,3,3,2,2,3,3,3,0,3,3,1,3,0,1,4,3,3,0,3,4,2,3,3,4,3,4,1,3,3,4,3,0,3,3,3,3,2,3,3,2,3,3,4,3,3,3,4,3,3,3,3,0,0,0,2,3,2,2,4,1,2,0,3,3,4,0,3,3,3,4,4,2,0,2,3,4,3,3,3,3,0,1,3,2,4,1,4,3,3,3,4,4,3,0,3,3,2,1,1,2,2,3,4,3,3,1,3,2,0,3,4,3,3,3,1,3,0,1,1,3,3,4,2,3,3,4,2,0,2,3,3,4,0,4,1,2,3,2,3,0,0,4,4,3,3,4,0,4,4,3,3,3,3,3,0,1,4,4,3,4,3,3,3,3,4,4,3,4,3,3,3,0,0,3,3,3,3,0,2,3,1,3,2,4,0,3,0,3,4,0,4,0,4,0,3,2,1,0,0,2,3,2,3,1,2,4,2,3,3,4,3,3,2,3,1,2,1,3,0,0,2,1,1,2,4,3,3,2,3,0,4,4,4,4,1,3,4,3,2,3,0,3,3,4,3,3,3,3,3,0,1,1,0,4,0,3,1,1,3,3,2,3,3,1,1,3,3,3,1,0,4,3,3,2,2,0,0,3,3,2,3,1,4,3,3,1,0,3,1,3,2,2,3,4,3,0,0,0,2,2,3,3,3,0,1,0,2,2,0,4,4,3,0,1,2,4,3,3,3,1,1,4,4,2,0,2,4,2,3,1,2,3,2,3,3,4,2,0,2,2,2,4,3,4,3,3,3,4,4,2,4,3,3,0,2,3,2,3,3,3,1,0,2,1,4,3,3,4,0,3,0,3,2,0,0,3,3,3,1,0,3,2,3,1,3,3,4,2,3,3,3,4,1,3,0,1,0,4,3,3,3,3,3,3,2,3,3,3,4,0,3,1,0,0,0,3,3,2,3,3,3,2,4,4,1,2,2,3,1,3,1,3,3,3,2,3,4,3,3,4,0,1,0,0,3,3,0,1,0,3,1,3,0,3,3,3,1,2,3,3,3,4,4,2,3,3,3,3,1,2,2,3,3,4,3,3,3,3,3,3,0,2,3,2,0,2,3,0,0,3,3,0,0,0,0,2,3,3,3,1,2,3,1,2,2,2,3,3,2,1,3,3,3,1,2,2,1,1,2,0]",ok,
18,uniform,3,0.1,0.6150151852344982,4,"fused_1_high+fused_2_medium+fused_3_low+fused_4_high+fused_5_medium, fused_1_medium+fused_2_low+fused_3_medium+fused_4_high, fused_4_medium, fused_2_low+fused_3_medium+fused_4_high+fused_5_medium",huang,"[209, 885, 275, 271, 159]",0.2217565732403044,0.0405780989438577,"[2,1,2,2,3,3,2,0,2,1,0,1,0,1,1,3,3,1,2,2,1,1,2,2,1,2,3,3,1,1,2,3,2,1,2,1,1,1,1,1,1,1,3,3,1,2,2,2,1,0,1,4,3,1,3,1,1,1,3,1,1,2,2,1,1,1,1,1,2,2,1,1,2,3,2,2,1,3,3,2,3,1,3,1,2,2,2,2,1,2,1,3,2,1,3,3,0,1,1,1,1,0,1,1,2,0,1,1,3,2,3,0,3,3,1,1,1,3,1,2,1,3,1,3,1,1,1,4,1,1,2,1,2,1,1,1,1,1,1,2,3,1,4,2,2,2,1,3,1,3,1,1,1,2,2,2,3,2,3,1,2,4,1,3,1,2,1,1,1,2,1,1,2,1,3,2,1,0,0,1,1,2,1,2,0,3,3,1,1,3,2,2,1,1,1,1,2,2,1,1,1,1,1,1,0,1,1,4,3,2,1,1,2,2,1,1,1,3,1,2,1,1,2,1,2,3,2,1,1,1,2,1,3,1,1,3,1,1,3,3,3,1,2,3,2,1,1,2,3,0,0,1,3,2,2,1,1,1,1,1,1,1,2,2,3,1,1,1,3,1,3,2,2,1,4,2,1,1,2,1,1,1,1,2,3,2,1,1,1,4,1,1,1,1,1,2,2,3,1,2,3,1,1,2,3,3,1,3,1,1,0,2,1,1,1,1,3,2,1,1,1,1,0,1,1,2,3,1,3,1,1,0,1,1,3,3,1,2,1,1,3,1,1,1,1,1,1,1,1,3,1,1,1,1,1,1,1,1,1,1,1,1,2,1,1,3,3,1,1,1,1,1,2,3,1,3,1,3,1,2,1,3,2,1,3,2,1,1,1,1,2,1,0,1,1,2,1,1,3,1,1,1,3,1,3,1,1,4,1,1,1,1,1,3,2,0,1,2,3,2,1,0,3,2,1,2,1,1,1,2,3,1,0,0,2,1,2,1,1,1,1,3,0,1,4,1,1,2,1,1,4,1,4,3,3,0,3,1,1,1,3,1,1,3,2,1,3,1,1,1,1,1,3,2,3,4,1,2,1,2,2,1,1,1,3,1,0,0,2,2,1,3,2,2,2,1,3,0,1,4,1,1,1,1,1,1,1,3,1,3,1,1,1,1,1,1,3,2,1,1,2,1,1,1,3,2,1,3,1,1,1,2,1,2,3,1,1,1,3,1,2,3,0,1,1,0,1,3,2,2,1,0,3,2,3,2,0,2,3,2,1,1,3,3,3,1,2,1,1,3,1,2,4,2,1,0,1,1,3,2,1,0,1,4,1,1,1,1,3,3,1,2,1,1,1,2,2,1,1,3,2,1,2,2,1,1,1,1,3,2,2,1,1,0,1,1,2,4,1,3,1,1,3,1,2,2,1,3,3,4,1,3,1,3,1,1,3,1,2,0,1,1,1,1,3,1,2,1,2,1,3,2,3,3,3,3,1,2,1,1,0,1,2,1,1,1,1,1,2,2,4,1,3,2,1,0,0,0,1,0,2,1,0,1,2,1,1,1,2,1,2,1,1,1,1,2,0,2,1,1,1,1,1,4,2,2,1,2,1,0,1,1,3,1,3,1,4,2,0,1,1,2,2,2,1,4,1,1,1,0,1,1,1,0,0,1,1,1,1,4,2,1,3,1,1,2,4,3,4,4,0,1,0,4,1,1,4,2,3,0,1,4,3,4,1,3,1,3,0,1,1,1,1,2,1,1,1,1,2,4,1,1,1,1,1,2,3,3,0,3,1,4,1,1,3,1,1,1,2,1,3,0,2,3,1,2,3,1,1,1,1,2,0,3,1,4,3,1,0,1,1,2,1,1,1,1,2,0,1,4,1,1,2,1,4,3,1,2,1,2,1,0,1,1,1,0,1,1,1,1,1,4,1,1,3,1,0,1,0,1,1,2,1,1,1,4,3,1,3,2,1,1,3,3,1,3,1,0,2,3,1,4,1,3,1,4,1,0,1,3,0,1,1,0,1,3,4,3,1,4,0,3,4,1,3,0,3,3,1,1,0,1,3,1,1,1,1,0,3,3,1,2,0,1,1,4,2,0,1,1,1,3,1,0,2,0,1,1,0,1,3,1,1,2,3,1,1,1,1,1,3,3,0,0,0,1,1,1,1,3,1,1,1,3,1,1,0,0,1,1,0,1,1,1,3,4,4,4,1,4,0,4,2,1,1,1,3,3,0,4,1,2,1,1,1,3,1,1,0,1,0,4,3,0,1,0,0,1,1,1,1,3,1,1,0,4,2,0,4,0,1,3,1,1,1,1,3,2,3,1,4,4,1,1,1,2,1,1,1,1,4,1,4,4,1,3,0,1,3,0,4,4,0,0,3,1,4,1,4,3,2,3,4,1,1,0,0,3,1,2,2,2,0,4,3,1,1,4,4,3,0,2,3,2,3,1,0,1,4,1,1,0,1,4,4,1,0,4,4,3,4,4,1,2,1,1,3,1,1,1,1,4,1,1,0,1,0,3,1,1,1,1,1,1,1,1,0,2,1,4,0,2,1,1,1,1,4,1,1,1,1,0,1,1,4,0,0,0,2,3,1,1,3,4,4,4,1,4,0,3,3,4,1,1,1,0,3,1,2,1,1,1,0,4,4,1,1,0,0,2,1,1,3,0,1,1,1,4,1,2,1,1,2,1,1,2,4,0,3,0,1,4,4,2,1,1,1,1,1,1,1,4,2,0,1,1,4,4,1,1,2,1,0,0,1,1,3,1,0,4,3,2,3,4,1,3,4,1,0,0,2,4,1,4,1,0,0,4,4,4,1,1,1,3,3,4,3,2,4,1,4,4,1,1,1,1,4,1,1,1,1,0,0,0,4,1,4,1,1,1,1,0,0,1,1,1,3,1,1,4,1,3,4,2,1,1,1,1,2,3,1,1,2,1,2,4,1,1,2,1,3,1,1,1,1,0,1,1,0,1,1,2,1,1,1,2,1,1,1,1,1,3,1,0,1,0,0,2,4,3,3,1,1,2,3,1,1,1,2,2,0,3,0,1,2,1,1,1,1,3,4,1,0,2,4,2,1,1,1,2,2,1,3,1,1,0,4,4,0,0,1,2,1,1,4,1,0,1,1,2,1,1,1,4,1,3,4,4,1,1,2,0,1,1,2,0,3,0,1,1,2,3,2,4,0,1,0,1,3,1,2,2,1,1,2,3,1,2,1,1,1,1,1,3,4,2,1,1,2,1,1,1,1,2,2,1,2,1,1,1,3,3,1,1,1,1,3,0,1,4,1,0,2,3,1,3,1,2,3,2,1,2,3,1,0,4,3,3,0,1,0,1,4,0,2,0,1,1,2,1,1,0,1,4,0,4,1,3,3,0,4,4,0,2,1,1,0,1,3,2,2,2,2,4,1,1,1,3,1,3,1,1,2,1,1,1,1,1,3,4,4,3,2,3,1,0,4,1,1,0,1,1,0,4,1,1,1,4,1,2,1,1,0,0,1,3,1,1,0,1,4,2,1,1,4,1,1,4,1,0,0,1,2,1,3,3,3,0,0,1,1,1,3,4,3,0,0,3,2,2,1,1,4,0,2,1,1,1,4,4,2,2,0,1,0,2,0,1,4,0,1,0,1,1,2,0,1,0,0,0,2,1,2,1,1,1,2,2,0,2,1,1,3,0,1,0,1,1,1,4,3,0,4,2,1,1,1,3,1,3,1,0,3,3,1,1,1,4,3,1,0,1,4,1,1,2,0,1,1,1,2,4,1,3,4,1,2,1,1,1,1,1,1,0,1,1,1,2,3,1,4,3,3,3,1,1,0,1,1,1,0,2,2,4,0,0,1,4,1,4,1,1,1,0,1,2,1,1,1,3,4,3,3,1,1,3,4,3,1,4,1,3,1,1,1,4,0,1,1,1,1,2,0,1,1,1,1,0,0,0,1,1,2,1,1,1,1,1,1,1,3,1,0,1,0,1,3,3,1,1,1,3,3,3,0,0,1,1,4,0,1,4,0,0,0,1,1,0,4,1,1,1,4,0,0,4,4,3,3]",ok,
19,uniform,5,1.0,0.42748573683993574,0,,,[],,,,baseline_no_features,
20,uniform,5,0.95,0.42748573683993574,0,,,[],,,,baseline_no_features,
21,uniform,5,0.9,0.42748573683993574,0,,,[],,,,baseline_no_features,
22,uniform,5,0.85,0.42748573683993574,0,,,[],,,,baseline_no_features,
23,uniform,5,0.8,0.42748573683993574,0,,,[],,,,baseline_no_features,
24,uniform,5,0.75,0.42748573683993574,0,,,[],,,,baseline_no_features,
25,uniform,5,0.7,0.42748573683993574,0,,,[],,,,baseline_no_features,
26,uniform,5,0.65,0.42748573683993574,0,,,[],,,,baseline_no_features,
27,uniform,5,0.6,0.4494166673007198,1,fused_4_veryhigh,huang,"[898, 267, 275, 164, 195]",0.17785736842700012,0.03501945525291829,"[1,0,1,1,2,0,1,4,1,0,4,2,4,0,0,0,0,0,1,1,0,0,1,1,0,1,0,0,0,0,1,0,1,0,1,0,0,0,0,0,0,0,0,0,0,1,1,1,2,4,2,3,2,2,0,0,0,0,0,0,0,1,1,0,0,0,2,0,1,1,0,0,1,2,1,1,0,2,0,1,0,0,0,0,0,1,1,1,0,1,0,2,1,0,0,0,4,0,0,0,2,4,0,0,1,4,0,0,2,1,0,4,0,0,0,0,0,0,0,1,0,0,0,0,0,0,0,3,0,0,1,0,1,0,0,0,0,0,0,1,0,0,3,1,1,1,0,2,0,0,0,0,0,1,1,1,0,1,0,2,1,3,0,0,2,1,2,2,0,0,2,0,1,0,0,1,2,4,4,0,0,1,0,1,4,0,0,2,0,0,1,1,0,0,0,0,1,1,0,0,0,2,0,0,4,2,0,3,0,1,0,0,1,1,0,0,2,0,0,1,0,0,1,0,1,0,1,0,0,0,1,2,0,2,2,0,0,0,0,2,0,0,1,0,1,0,0,1,0,4,4,0,0,1,1,0,0,0,0,1,2,0,1,1,0,0,0,0,0,2,0,1,0,2,3,1,0,0,1,2,0,0,0,1,2,1,0,2,0,3,0,0,0,0,0,1,1,0,0,1,2,2,0,1,2,0,0,0,0,0,4,1,0,0,0,0,0,1,2,0,0,0,4,0,0,1,0,1,0,0,0,4,0,0,0,2,0,1,2,2,0,2,0,0,2,2,0,0,0,0,0,0,2,2,2,0,2,0,0,2,0,0,1,0,2,0,0,0,2,0,0,0,1,0,0,0,0,0,0,1,0,0,1,0,0,1,0,0,2,2,1,0,4,0,0,1,0,2,0,2,0,0,0,2,0,2,0,3,0,2,2,0,0,0,1,4,0,1,2,2,0,4,0,1,2,1,2,0,0,1,0,0,4,4,1,0,1,0,0,0,0,0,4,0,3,0,0,2,0,0,3,0,3,0,0,4,2,0,0,0,0,0,0,2,1,0,2,0,0,0,0,0,0,1,0,3,0,1,2,1,1,0,0,0,0,0,4,4,1,1,0,0,1,1,1,0,0,4,0,3,0,0,0,2,0,0,0,0,0,2,0,2,0,0,0,0,0,1,0,0,1,0,0,2,0,1,2,0,0,0,2,1,0,1,2,1,0,0,0,2,1,0,4,0,0,4,0,2,1,1,0,4,0,1,0,1,4,1,0,1,0,0,0,0,0,2,1,0,0,0,0,1,3,1,0,4,0,2,0,1,0,4,0,3,0,0,0,0,0,0,0,1,0,0,0,1,1,2,0,0,1,0,1,1,0,0,0,0,0,1,1,0,0,4,0,0,1,3,0,0,0,0,2,0,1,1,0,2,2,3,0,0,0,0,0,0,2,0,1,4,0,0,0,2,0,0,1,0,0,0,0,1,0,0,0,0,0,1,0,2,4,0,1,0,0,2,0,0,1,1,3,0,0,1,0,4,4,4,0,4,1,0,4,0,1,0,2,0,1,0,1,2,0,0,0,1,4,1,0,2,0,2,2,3,1,1,0,0,0,4,0,0,0,0,0,0,3,1,4,2,0,1,1,0,0,3,0,0,2,4,0,2,0,4,4,0,0,0,0,3,1,0,0,0,0,1,3,0,3,3,4,2,4,3,0,0,3,2,0,4,0,3,0,3,0,0,2,0,4,0,2,2,0,1,0,0,0,0,1,3,0,0,2,0,0,1,2,0,4,2,0,3,0,0,2,0,0,0,1,2,0,4,1,2,2,1,0,0,2,0,2,1,4,0,1,3,0,0,4,0,0,1,0,0,0,0,0,4,0,3,0,2,1,0,3,0,0,1,2,1,0,4,0,0,0,2,0,2,0,0,0,3,0,2,2,0,4,0,4,2,0,1,0,0,0,3,0,2,0,1,0,0,0,0,0,0,0,4,1,0,0,3,0,0,2,3,0,4,0,0,4,0,0,4,0,2,3,0,0,3,4,2,3,0,0,4,0,0,0,0,2,2,0,0,0,0,2,4,2,0,0,1,4,0,0,3,1,4,2,0,0,0,2,4,1,4,2,2,4,0,0,0,0,2,0,0,2,0,0,0,2,0,4,4,4,0,2,2,0,2,0,0,2,0,0,0,4,4,0,2,4,0,0,2,0,3,3,3,0,3,4,3,1,0,0,2,0,2,4,3,0,1,2,0,0,2,0,0,4,0,2,3,2,4,2,4,4,0,0,0,0,2,0,2,4,3,1,4,3,3,1,2,0,0,0,0,0,1,2,2,3,3,2,2,0,1,0,0,2,2,3,2,3,3,2,4,4,0,0,4,3,3,4,4,0,0,3,0,3,0,1,0,3,0,0,4,4,2,0,1,1,1,4,3,0,2,0,3,3,0,4,1,0,1,2,2,4,2,3,0,0,4,2,3,3,0,4,3,3,0,3,3,0,1,0,0,0,0,0,0,2,3,2,0,4,0,4,0,2,0,0,0,0,0,0,0,4,1,0,3,4,1,0,0,0,0,3,2,0,0,2,4,0,0,3,2,4,4,1,0,0,0,2,3,3,3,2,3,4,2,2,3,0,2,2,4,0,0,1,0,0,0,2,3,3,0,2,3,4,1,0,0,0,4,2,0,2,3,2,1,0,2,1,0,0,1,3,4,2,4,0,3,3,1,0,0,0,0,0,0,0,3,1,2,2,0,3,3,2,0,1,0,4,4,0,0,0,0,4,3,2,1,2,3,0,0,3,2,4,4,1,3,2,3,0,4,4,3,3,3,0,2,0,2,0,3,0,1,3,0,3,3,2,0,0,2,3,2,0,0,2,4,4,4,3,2,3,0,2,2,0,4,4,0,2,0,0,0,2,3,2,0,3,1,2,0,0,2,1,2,0,0,1,2,1,3,0,0,1,2,0,0,2,2,0,4,2,2,4,0,0,1,0,0,2,1,0,0,0,2,0,0,0,4,0,2,4,1,3,2,2,0,0,1,0,0,0,2,1,1,4,0,4,0,1,0,0,0,0,0,3,0,4,1,3,1,0,0,0,1,1,0,0,0,0,4,3,3,4,4,0,1,0,0,3,2,4,2,0,1,2,0,0,3,0,0,3,3,0,0,1,4,0,0,1,4,0,4,0,0,1,0,1,3,4,0,2,0,2,0,1,1,2,2,2,0,0,0,2,0,2,0,0,0,3,1,1,0,1,0,0,0,0,1,1,2,1,2,2,0,0,0,0,2,2,0,2,4,0,3,0,4,1,0,0,0,0,1,2,1,0,1,0,0,4,3,2,0,4,0,4,0,3,4,1,4,2,0,1,0,0,4,0,3,4,3,2,0,2,4,3,3,4,1,0,0,4,0,0,1,1,1,1,3,0,0,0,4,0,0,0,0,1,0,0,0,0,0,0,3,3,2,1,0,0,3,3,0,0,4,0,0,3,3,0,2,0,3,0,1,2,0,2,4,0,0,0,0,4,0,3,1,0,2,3,0,0,3,0,4,4,0,1,0,0,0,0,4,4,0,2,0,0,3,0,4,4,2,1,1,0,0,3,4,1,0,2,0,3,3,1,1,4,0,4,1,4,0,3,4,2,4,0,0,1,4,0,4,4,4,1,0,1,2,2,0,0,1,4,2,2,0,0,4,2,4,2,0,0,3,0,4,3,1,0,0,1,0,0,0,0,4,2,0,0,2,0,3,2,0,4,0,3,2,0,1,4,0,0,0,1,3,2,0,3,0,1,0,0,0,0,0,0,4,0,0,0,1,0,0,3,0,0,0,2,0,4,0,0,0,4,1,1,3,4,4,0,3,0,3,0,0,0,4,0,1,0,0,2,0,3,0,0,0,0,0,3,0,2,3,2,0,2,0,0,3,4,0,0,0,2,1,4,2,0,2,0,3,2,4,0,0,1,0,2,0,2,0,0,0,2,0,4,2,4,0,0,0,0,0,2,0,0,0,4,2,0,0,3,4,2,3,4,4,4,2,2,4,3,0,2,0,3,2,4,3,3,4,2]",ok,
28,uniform,5,0.55,0.4494166673007198,1,fused_4_veryhigh,huang,"[898, 267, 275, 164, 195]",0.17785736842700012,0.03501945525291829,"[1,0,1,1,2,0,1,4,1,0,4,2,4,0,0,0,0,0,1,1,0,0,1,1,0,1,0,0,0,0,1,0,1,0,1,0,0,0,0,0,0,0,0,0,0,1,1,1,2,4,2,3,2,2,0,0,0,0,0,0,0,1,1,0,0,0,2,0,1,1,0,0,1,2,1,1,0,2,0,1,0,0,0,0,0,1,1,1,0,1,0,2,1,0,0,0,4,0,0,0,2,4,0,0,1,4,0,0,2,1,0,4,0,0,0,0,0,0,0,1,0,0,0,0,0,0,0,3,0,0,1,0,1,0,0,0,0,0,0,1,0,0,3,1,1,1,0,2,0,0,0,0,0,1,1,1,0,1,0,2,1,3,0,0,2,1,2,2,0,0,2,0,1,0,0,1,2,4,4,0,0,1,0,1,4,0,0,2,0,0,1,1,0,0,0,0,1,1,0,0,0,2,0,0,4,2,0,3,0,1,0,0,1,1,0,0,2,0,0,1,0,0,1,0,1,0,1,0,0,0,1,2,0,2,2,0,0,0,0,2,0,0,1,0,1,0,0,1,0,4,4,0,0,1,1,0,0,0,0,1,2,0,1,1,0,0,0,0,0,2,0,1,0,2,3,1,0,0,1,2,0,0,0,1,2,1,0,2,0,3,0,0,0,0,0,1,1,0,0,1,2,2,0,1,2,0,0,0,0,0,4,1,0,0,0,0,0,1,2,0,0,0,4,0,0,1,0,1,0,0,0,4,0,0,0,2,0,1,2,2,0,2,0,0,2,2,0,0,0,0,0,0,2,2,2,0,2,0,0,2,0,0,1,0,2,0,0,0,2,0,0,0,1,0,0,0,0,0,0,1,0,0,1,0,0,1,0,0,2,2,1,0,4,0,0,1,0,2,0,2,0,0,0,2,0,2,0,3,0,2,2,0,0,0,1,4,0,1,2,2,0,4,0,1,2,1,2,0,0,1,0,0,4,4,1,0,1,0,0,0,0,0,4,0,3,0,0,2,0,0,3,0,3,0,0,4,2,0,0,0,0,0,0,2,1,0,2,0,0,0,0,0,0,1,0,3,0,1,2,1,1,0,0,0,0,0,4,4,1,1,0,0,1,1,1,0,0,4,0,3,0,0,0,2,0,0,0,0,0,2,0,2,0,0,0,0,0,1,0,0,1,0,0,2,0,1,2,0,0,0,2,1,0,1,2,1,0,0,0,2,1,0,4,0,0,4,0,2,1,1,0,4,0,1,0,1,4,1,0,1,0,0,0,0,0,2,1,0,0,0,0,1,3,1,0,4,0,2,0,1,0,4,0,3,0,0,0,0,0,0,0,1,0,0,0,1,1,2,0,0,1,0,1,1,0,0,0,0,0,1,1,0,0,4,0,0,1,3,0,0,0,0,2,0,1,1,0,2,2,3,0,0,0,0,0,0,2,0,1,4,0,0,0,2,0,0,1,0,0,0,0,1,0,0,0,0,0,1,0,2,4,0,1,0,0,2,0,0,1,1,3,0,0,1,0,4,4,4,0,4,1,0,4,0,1,0,2,0,1,0,1,2,0,0,0,1,4,1,0,2,0,2,2,3,1,1,0,0,0,4,0,0,0,0,0,0,3,1,4,2,0,1,1,0,0,3,0,0,2,4,0,2,0,4,4,0,0,0,0,3,1,0,0,0,0,1,3,0,3,3,4,2,4,3,0,0,3,2,0,4,0,3,0,3,0,0,2,0,4,0,2,2,0,1,0,0,0,0,1,3,0,0,2,0,0,1,2,0,4,2,0,3,0,0,2,0,0,0,1,2,0,4,1,2,2,1,0,0,2,0,2,1,4,0,1,3,0,0,4,0,0,1,0,0,0,0,0,4,0,3,0,2,1,0,3,0,0,1,2,1,0,4,0,0,0,2,0,2,0,0,0,3,0,2,2,0,4,0,4,2,0,1,0,0,0,3,0,2,0,1,0,0,0,0,0,0,0,4,1,0,0,3,0,0,2,3,0,4,0,0,4,0,0,4,0,2,3,0,0,3,4,2,3,0,0,4,0,0,0,0,2,2,0,0,0,0,2,4,2,0,0,1,4,0,0,3,1,4,2,0,0,0,2,4,1,4,2,2,4,0,0,0,0,2,0,0,2,0,0,0,2,0,4,4,4,0,2,2,0,2,0,0,2,0,0,0,4,4,0,2,4,0,0,2,0,3,3,3,0,3,4,3,1,0,0,2,0,2,4,3,0,1,2,0,0,2,0,0,4,0,2,3,2,4,2,4,4,0,0,0,0,2,0,2,4,3,1,4,3,3,1,2,0,0,0,0,0,1,2,2,3,3,2,2,0,1,0,0,2,2,3,2,3,3,2,4,4,0,0,4,3,3,4,4,0,0,3,0,3,0,1,0,3,0,0,4,4,2,0,1,1,1,4,3,0,2,0,3,3,0,4,1,0,1,2,2,4,2,3,0,0,4,2,3,3,0,4,3,3,0,3,3,0,1,0,0,0,0,0,0,2,3,2,0,4,0,4,0,2,0,0,0,0,0,0,0,4,1,0,3,4,1,0,0,0,0,3,2,0,0,2,4,0,0,3,2,4,4,1,0,0,0,2,3,3,3,2,3,4,2,2,3,0,2,2,4,0,0,1,0,0,0,2,3,3,0,2,3,4,1,0,0,0,4,2,0,2,3,2,1,0,2,1,0,0,1,3,4,2,4,0,3,3,1,0,0,0,0,0,0,0,3,1,2,2,0,3,3,2,0,1,0,4,4,0,0,0,0,4,3,2,1,2,3,0,0,3,2,4,4,1,3,2,3,0,4,4,3,3,3,0,2,0,2,0,3,0,1,3,0,3,3,2,0,0,2,3,2,0,0,2,4,4,4,3,2,3,0,2,2,0,4,4,0,2,0,0,0,2,3,2,0,3,1,2,0,0,2,1,2,0,0,1,2,1,3,0,0,1,2,0,0,2,2,0,4,2,2,4,0,0,1,0,0,2,1,0,0,0,2,0,0,0,4,0,2,4,1,3,2,2,0,0,1,0,0,0,2,1,1,4,0,4,0,1,0,0,0,0,0,3,0,4,1,3,1,0,0,0,1,1,0,0,0,0,4,3,3,4,4,0,1,0,0,3,2,4,2,0,1,2,0,0,3,0,0,3,3,0,0,1,4,0,0,1,4,0,4,0,0,1,0,1,3,4,0,2,0,2,0,1,1,2,2,2,0,0,0,2,0,2,0,0,0,3,1,1,0,1,0,0,0,0,1,1,2,1,2,2,0,0,0,0,2,2,0,2,4,0,3,0,4,1,0,0,0,0,1,2,1,0,1,0,0,4,3,2,0,4,0,4,0,3,4,1,4,2,0,1,0,0,4,0,3,4,3,2,0,2,4,3,3,4,1,0,0,4,0,0,1,1,1,1,3,0,0,0,4,0,0,0,0,1,0,0,0,0,0,0,3,3,2,1,0,0,3,3,0,0,4,0,0,3,3,0,2,0,3,0,1,2,0,2,4,0,0,0,0,4,0,3,1,0,2,3,0,0,3,0,4,4,0,1,0,0,0,0,4,4,0,2,0,0,3,0,4,4,2,1,1,0,0,3,4,1,0,2,0,3,3,1,1,4,0,4,1,4,0,3,4,2,4,0,0,1,4,0,4,4,4,1,0,1,2,2,0,0,1,4,2,2,0,0,4,2,4,2,0,0,3,0,4,3,1,0,0,1,0,0,0,0,4,2,0,0,2,0,3,2,0,4,0,3,2,0,1,4,0,0,0,1,3,2,0,3,0,1,0,0,0,0,0,0,4,0,0,0,1,0,0,3,0,0,0,2,0,4,0,0,0,4,1,1,3,4,4,0,3,0,3,0,0,0,4,0,1,0,0,2,0,3,0,0,0,0,0,3,0,2,3,2,0,2,0,0,3,4,0,0,0,2,1,4,2,0,2,0,3,2,4,0,0,1,0,2,0,2,0,0,0,2,0,4,2,4,0,0,0,0,0,2,0,0,0,4,2,0,0,3,4,2,3,4,4,4,2,2,4,3,0,2,0,3,2,4,3,3,4,2]",ok,
29,uniform,5,0.5,0.5502575593858589,2,"fused_4_veryhigh, fused_2_medium",cao,"[165, 219, 790, 235, 390]",0.18648437630429376,0.038910505836575876,"[4,4,4,4,3,2,4,1,4,2,1,3,1,2,2,4,2,2,4,4,2,4,4,4,2,4,2,2,2,2,4,2,4,2,4,2,2,2,2,2,2,2,2,2,2,4,4,4,3,1,3,0,3,3,2,4,2,2,2,2,2,4,4,2,2,2,3,2,4,4,2,2,4,3,4,4,4,1,2,4,2,2,2,2,4,4,4,4,2,4,2,1,4,2,2,2,1,2,2,2,3,1,2,2,4,1,2,2,3,4,2,1,2,2,2,4,2,2,2,4,2,2,2,2,2,4,4,0,2,4,4,2,4,2,2,4,2,2,2,4,2,4,0,4,4,4,4,3,2,2,2,2,2,4,4,4,2,4,2,3,4,0,2,2,3,4,3,3,2,4,3,2,4,2,2,4,3,1,1,2,2,4,2,4,1,2,2,3,2,2,4,4,4,2,2,2,4,4,2,2,4,1,2,2,1,3,2,0,2,4,2,2,4,4,2,2,3,2,2,4,2,2,4,4,4,2,4,2,2,4,4,3,2,3,3,2,2,2,2,3,2,2,4,2,4,2,4,4,2,1,1,2,2,4,4,2,2,2,4,4,3,2,4,4,2,2,2,2,2,3,2,4,4,3,0,4,2,2,4,3,2,2,2,4,3,4,2,3,2,0,4,2,2,2,2,4,4,2,2,4,3,3,2,4,3,2,2,2,2,2,1,4,2,4,2,2,2,4,3,2,2,2,1,4,2,4,2,2,2,4,2,0,2,2,2,1,2,4,3,1,2,3,2,4,3,3,2,2,2,2,2,2,3,3,3,2,3,2,2,3,4,2,4,4,3,2,2,2,3,2,2,2,4,2,2,2,2,2,2,4,2,2,4,4,2,4,2,2,3,3,4,2,1,2,2,4,2,3,2,4,2,2,2,3,2,3,4,0,2,3,3,2,2,2,4,1,2,4,3,4,2,1,2,4,3,4,3,2,4,4,2,2,1,1,4,2,4,2,4,2,2,2,1,2,0,2,2,4,2,2,0,4,0,2,2,1,3,2,4,2,2,2,2,1,4,2,3,2,2,2,2,2,2,4,2,0,2,4,3,4,4,2,2,2,2,2,1,1,4,4,2,2,4,4,4,2,2,1,2,0,2,2,2,3,2,2,4,2,2,3,2,3,2,2,2,2,2,4,2,2,4,2,2,3,2,4,3,2,4,2,3,4,2,4,3,4,2,2,2,3,4,2,1,4,4,1,2,1,4,4,2,1,2,4,2,4,1,4,2,4,4,2,2,2,2,3,4,4,2,2,2,4,0,4,2,1,4,3,2,4,4,1,2,0,2,2,4,2,2,2,2,4,2,2,4,4,4,4,2,2,4,2,4,4,2,2,2,2,2,4,4,2,4,1,2,2,4,0,2,2,2,4,3,2,4,4,4,3,3,0,2,2,4,2,2,2,3,2,4,1,2,2,2,3,2,2,4,4,4,2,2,4,2,2,2,2,2,4,4,3,1,2,4,2,2,3,2,2,4,4,0,2,2,4,2,1,1,1,2,1,4,4,1,2,4,2,3,2,4,2,4,3,2,2,2,4,1,4,2,3,2,3,3,0,4,4,2,4,2,1,4,2,2,2,2,4,0,4,1,3,2,4,4,4,2,0,2,2,3,1,2,3,2,1,1,2,2,2,2,0,4,2,2,2,4,4,0,2,0,0,1,3,1,0,2,2,0,4,2,1,2,0,2,0,2,2,3,2,3,2,3,3,2,4,2,2,2,4,4,0,2,2,3,2,2,4,3,2,1,3,2,0,2,2,3,2,2,2,4,3,2,1,4,3,3,4,2,4,3,2,3,4,1,2,4,0,2,2,1,2,2,4,2,2,4,2,4,1,2,0,2,4,4,4,0,2,2,4,3,4,2,1,2,4,2,3,2,3,2,2,2,0,2,3,3,2,1,2,1,3,2,4,4,2,4,0,2,3,2,4,2,2,2,2,2,2,2,1,4,2,2,0,2,2,3,0,2,1,2,2,1,2,2,1,4,3,0,2,4,0,1,3,0,2,2,1,2,2,2,4,3,3,2,2,2,2,3,1,3,2,2,4,1,4,2,0,4,1,3,2,2,2,3,1,4,1,4,1,1,2,2,2,2,4,2,2,3,2,2,2,3,2,1,1,1,2,3,4,2,3,2,4,3,2,2,2,1,1,2,3,1,2,2,3,2,0,0,0,2,0,1,0,4,2,2,3,2,3,1,0,2,4,1,2,2,1,2,2,1,2,1,0,3,1,3,1,1,2,4,2,2,3,2,3,1,0,4,1,0,0,4,1,2,2,2,2,2,4,3,3,0,0,3,3,2,4,2,2,3,3,0,3,0,0,1,1,1,2,2,1,0,0,1,1,2,2,0,2,0,2,4,2,0,2,2,1,1,3,4,4,4,4,1,0,2,3,2,0,0,2,1,4,2,4,1,3,1,3,0,2,2,1,3,0,0,2,1,0,0,2,0,0,2,4,2,2,2,2,2,4,3,0,3,2,1,2,1,2,3,4,4,2,2,2,2,2,1,4,2,0,1,4,2,2,2,2,0,3,2,2,4,1,2,2,0,1,1,1,4,2,2,2,3,0,0,0,3,0,1,3,3,0,2,3,3,1,2,2,4,2,2,4,1,0,0,2,3,0,1,4,2,2,2,1,3,2,3,0,3,4,4,3,4,2,2,4,0,1,3,1,4,0,0,4,2,2,2,2,2,2,2,0,4,1,1,2,0,0,3,2,4,2,1,1,2,4,2,2,1,0,3,4,3,0,2,2,0,3,1,1,4,0,3,0,2,3,1,0,0,0,2,3,2,3,2,0,2,4,0,2,0,0,3,2,4,3,0,3,4,2,3,1,1,1,0,3,0,2,3,3,2,1,1,2,3,2,2,2,3,0,3,4,0,4,3,4,2,3,4,1,2,2,4,3,4,0,2,2,4,3,2,2,3,3,2,1,3,3,1,2,2,4,2,4,3,4,2,4,2,3,2,2,2,1,2,1,1,4,0,1,3,2,4,4,2,4,2,3,4,4,1,2,1,2,4,2,2,2,4,2,0,4,1,4,0,4,2,2,2,4,4,2,2,2,2,1,0,0,1,1,2,4,2,2,0,3,1,3,2,4,3,2,2,0,2,2,0,0,2,2,4,1,2,2,4,1,2,1,2,2,4,2,4,0,1,2,3,2,1,2,4,4,1,3,4,2,4,4,1,2,3,2,2,2,0,4,4,2,4,2,4,2,2,4,4,3,4,3,3,4,2,2,2,3,3,2,3,1,2,0,2,1,4,2,2,2,2,4,1,4,2,4,2,2,1,0,3,2,1,2,1,2,0,1,4,1,3,4,4,2,2,1,2,0,1,0,3,2,3,1,0,0,1,4,2,2,1,2,2,4,4,4,4,0,2,4,2,1,2,2,2,2,4,2,2,2,2,2,2,0,0,3,4,2,2,0,0,2,2,1,4,2,0,0,2,3,2,0,2,4,3,2,3,1,2,2,2,2,1,2,0,4,2,3,0,2,4,0,2,1,1,2,4,2,2,2,2,1,1,4,3,2,2,0,2,1,1,3,4,4,2,2,0,1,4,2,3,2,0,0,4,4,1,2,1,4,1,2,0,1,3,1,2,4,4,1,2,1,1,1,4,2,4,3,3,2,4,4,1,4,3,2,2,1,3,1,3,4,2,0,2,1,0,4,2,2,4,2,4,2,4,1,3,2,2,3,2,0,3,2,1,2,0,3,4,4,1,2,2,2,4,0,3,2,0,2,4,2,2,2,4,4,2,1,2,2,2,4,2,2,0,2,2,2,3,2,1,2,2,2,1,4,4,0,1,1,2,0,2,0,2,2,2,1,2,4,2,2,4,2,0,2,2,2,2,2,0,2,3,0,3,2,3,4,2,0,1,4,2,2,4,4,1,3,2,3,2,0,1,1,2,2,4,2,4,2,3,2,2,2,1,4,1,3,1,2,2,2,2,2,3,2,2,2,1,3,2,2,0,1,3,0,1,1,1,3,3,1,0,2,3,2,0,3,1,0,0,1,3]",ok,
30,uniform,5,0.45,0.553560739271605,2,"fused_5_low, fused_2_medium",huang,"[220, 797, 343, 274, 165]",0.17744670181259806,0.028349082823790995,"[2,2,2,2,1,3,2,0,2,3,0,1,0,1,1,2,1,3,2,2,1,1,2,2,1,2,3,1,1,1,2,1,2,1,2,1,1,1,1,1,1,1,1,1,1,2,2,2,1,0,1,4,1,3,1,2,1,1,3,1,1,2,2,1,1,1,1,1,2,2,1,3,2,3,2,2,1,0,3,2,3,3,1,3,2,2,2,2,1,2,3,0,2,1,3,3,0,1,1,1,1,0,0,1,2,0,1,1,3,2,3,0,3,3,1,2,1,3,1,2,1,1,3,1,1,2,2,4,1,1,2,3,2,1,1,1,1,3,1,2,3,1,4,2,2,2,2,1,1,3,1,1,1,2,2,2,0,2,3,3,2,4,1,1,3,2,1,1,1,2,3,1,2,1,1,2,2,0,0,3,1,2,3,2,0,1,3,1,3,3,2,2,2,3,1,1,2,2,1,1,2,0,1,3,0,1,1,4,1,2,1,3,2,2,1,1,1,3,1,2,1,3,2,2,2,1,2,3,1,2,2,1,3,1,3,1,1,1,1,1,3,1,2,3,2,1,1,2,3,0,0,3,3,2,2,1,1,1,2,2,1,1,2,2,1,1,1,1,3,1,3,2,2,3,4,2,1,1,2,1,1,1,3,2,1,2,1,1,1,4,1,1,1,1,1,2,2,1,3,2,1,1,1,2,1,3,1,3,1,1,0,2,1,2,3,1,3,2,1,3,3,3,0,1,3,2,1,3,3,1,1,4,1,1,3,0,1,2,3,0,3,1,1,1,1,1,1,1,1,1,1,1,1,1,1,3,1,1,1,3,1,1,2,2,1,3,1,1,1,1,1,1,2,1,1,3,1,1,1,2,1,1,2,2,1,2,1,1,1,1,2,1,0,3,3,2,1,1,3,2,3,1,3,2,3,1,1,4,3,1,3,1,3,3,2,0,1,2,1,2,1,0,3,2,1,2,1,1,1,2,1,1,0,0,2,1,2,1,1,1,1,1,0,1,4,1,1,2,1,3,4,2,4,3,3,0,1,1,2,1,1,1,3,0,2,1,3,1,1,3,1,1,1,2,1,4,1,2,1,2,2,3,1,1,3,3,0,0,2,2,1,3,2,2,2,1,1,0,1,4,1,1,3,1,1,1,1,1,1,1,1,1,1,1,1,3,1,2,1,1,2,1,1,1,1,2,1,1,2,1,1,2,1,2,1,2,1,1,1,1,2,1,0,2,1,0,1,0,2,2,1,0,3,2,3,2,0,2,1,2,2,1,3,3,3,1,2,2,1,3,1,2,4,2,3,0,1,1,3,2,2,0,1,4,3,1,2,3,1,3,1,2,1,1,1,2,2,2,1,3,2,1,2,2,1,1,1,1,1,2,2,1,1,0,1,1,2,4,1,3,1,1,1,1,2,2,2,1,1,4,1,3,2,1,1,1,3,1,2,0,1,1,1,1,1,1,2,2,2,3,3,2,1,3,3,3,3,2,1,1,0,1,2,3,1,1,1,1,2,2,4,1,3,2,1,0,0,0,3,0,2,1,0,1,2,3,1,1,2,1,2,1,3,1,1,2,0,2,1,1,1,1,2,4,2,2,1,1,1,0,2,1,1,3,3,2,4,2,0,3,1,2,2,2,1,4,1,1,1,0,1,1,1,0,0,1,1,1,1,4,2,1,1,1,2,2,4,3,4,4,0,1,0,4,1,1,4,2,1,0,1,4,1,4,3,3,1,3,3,1,1,3,1,2,3,1,1,1,2,4,3,1,3,1,1,2,1,3,0,1,1,4,1,1,3,3,1,3,2,1,3,0,2,1,2,2,3,2,1,1,3,2,0,3,2,4,1,1,0,1,3,2,1,1,1,3,2,0,1,4,1,1,2,2,4,1,1,2,1,2,1,0,3,1,1,1,1,3,1,1,1,4,1,1,3,1,0,1,0,1,1,2,1,1,2,4,1,1,1,2,3,1,1,3,1,1,1,0,2,1,1,4,1,3,1,4,1,0,3,1,0,3,3,0,1,3,4,3,3,4,0,1,4,3,1,0,1,1,3,1,3,3,1,1,1,1,1,0,3,3,1,2,0,2,1,4,2,0,1,1,1,3,1,0,2,0,1,0,0,1,1,3,1,2,1,3,1,1,1,3,3,1,0,0,0,1,1,2,1,3,1,1,1,3,1,3,0,0,1,1,0,1,1,3,3,4,4,4,1,4,0,4,2,1,1,3,3,1,0,4,1,2,0,1,3,0,1,3,0,3,1,4,1,0,1,0,0,1,1,1,1,1,1,1,0,4,2,0,4,4,2,0,1,1,1,1,3,2,1,1,4,4,1,1,3,2,3,1,1,1,4,3,4,4,0,0,0,1,3,0,4,4,0,0,1,3,4,1,4,3,2,1,4,0,3,0,0,1,2,2,2,2,0,4,3,3,3,4,4,1,0,2,1,2,0,1,0,1,4,3,1,0,1,4,4,1,0,4,4,3,4,4,1,2,1,1,3,1,1,2,1,4,1,1,0,3,0,3,3,2,2,1,1,1,3,1,0,2,1,4,0,2,1,1,1,1,4,3,1,1,2,0,1,1,4,0,0,0,2,3,1,1,1,4,4,4,3,4,0,1,3,4,1,1,1,0,3,1,2,1,3,1,1,4,4,1,3,4,0,2,1,1,3,0,1,1,1,4,1,2,1,1,2,1,1,2,4,0,1,0,1,4,4,2,1,1,3,1,1,3,1,4,2,1,0,1,4,4,2,1,2,1,0,0,1,2,0,1,0,4,1,2,1,4,1,3,4,1,0,0,2,4,1,4,1,3,0,4,4,4,1,1,1,1,3,4,1,2,4,1,4,4,3,1,2,3,4,1,2,1,3,0,0,0,4,1,4,1,3,1,1,0,0,1,1,1,1,1,1,4,3,2,4,2,1,2,1,1,2,0,3,1,2,1,2,4,1,1,2,3,1,1,1,3,3,0,1,1,0,1,1,2,1,1,1,2,3,1,3,3,1,3,1,0,1,0,0,2,4,0,1,1,1,2,1,2,1,3,2,2,0,1,0,1,2,1,1,1,1,1,4,1,0,2,4,2,1,1,1,2,2,1,1,1,1,0,4,4,0,0,1,2,1,1,4,3,0,1,1,2,1,1,1,4,1,3,4,4,1,1,2,0,1,1,2,0,3,0,1,1,2,1,2,4,0,1,3,1,0,1,2,2,0,1,2,3,1,2,1,1,1,1,1,1,4,2,2,1,2,1,2,0,1,2,2,1,2,1,1,1,1,1,3,1,1,1,1,0,1,4,3,0,2,3,1,3,1,2,0,2,1,2,1,1,0,4,1,1,0,1,0,1,4,0,2,0,1,1,2,1,1,0,1,4,0,4,3,3,1,0,4,4,0,2,1,1,0,1,1,2,2,2,2,4,1,2,1,0,1,1,3,1,2,1,1,1,1,1,1,4,4,3,2,3,1,4,4,3,1,0,1,3,4,4,1,1,3,4,1,2,3,1,3,0,1,3,1,1,0,1,4,2,1,1,4,1,1,4,1,0,0,1,2,3,1,3,3,0,0,2,3,1,1,4,3,0,0,1,2,2,1,1,4,0,2,1,3,1,4,4,2,2,0,1,0,2,0,3,4,0,1,0,1,2,2,0,1,0,0,0,2,1,2,1,3,1,2,2,0,2,3,1,1,0,1,0,3,2,1,4,1,0,4,2,1,1,2,3,2,3,1,0,3,3,1,1,3,4,1,1,0,1,4,1,1,2,0,1,3,1,2,4,1,1,4,1,2,1,1,1,1,1,1,0,1,1,1,2,1,1,4,1,1,3,1,1,0,1,1,1,0,2,2,4,0,0,1,4,1,4,1,1,1,0,1,2,3,1,2,3,4,3,3,1,1,3,4,1,3,4,1,1,3,2,1,4,0,1,1,1,2,2,0,1,1,1,3,4,0,0,3,1,2,1,2,1,1,1,1,1,0,2,0,1,0,3,3,1,3,1,1,1,3,1,0,3,3,1,4,0,1,4,0,0,0,3,3,0,4,1,1,3,4,3,0,4,4,0,1]",ok,
31,uniform,5,0.4,0.5403915304355819,1,fused_5_low,huang,"[164, 199, 353, 816, 267]",0.214514602166508,0.02501389660922735,"[4,2,4,4,3,2,4,1,4,2,1,3,1,3,3,2,3,2,4,4,3,3,4,4,3,4,2,3,3,3,4,3,4,3,4,3,3,3,3,3,3,3,3,3,3,4,4,4,3,1,3,0,3,2,3,4,3,3,2,3,3,4,4,3,3,3,3,3,4,4,3,2,4,2,4,4,3,2,2,4,2,2,3,2,3,4,4,4,3,4,2,1,4,3,2,2,1,3,3,3,3,1,2,3,3,1,3,3,2,4,2,1,2,2,3,2,3,2,3,4,3,3,2,3,3,2,2,0,3,3,4,2,4,3,3,3,3,2,3,4,2,3,0,4,4,4,2,3,3,2,3,3,3,4,4,4,2,4,2,2,4,0,3,3,2,4,3,3,3,3,2,3,4,3,3,4,2,1,1,2,3,4,2,4,1,3,2,3,2,2,4,4,2,2,3,3,4,4,3,3,2,2,3,2,1,3,3,0,3,4,3,2,4,4,3,3,3,2,3,4,3,2,4,2,4,3,4,2,3,2,4,3,2,3,2,3,3,3,3,3,2,3,4,2,3,3,3,4,2,1,1,2,2,4,4,3,3,3,2,4,3,3,4,4,3,3,3,3,2,3,2,4,4,2,0,4,3,3,4,3,3,3,2,4,3,4,3,3,3,0,3,3,3,3,3,4,4,3,2,4,3,3,3,4,3,2,3,2,3,3,1,4,3,2,2,3,2,4,3,2,2,2,1,3,2,4,3,4,2,3,3,1,3,3,2,2,3,4,2,2,2,3,3,3,3,3,3,3,3,3,3,3,3,3,3,2,3,3,3,2,3,3,4,2,3,2,3,3,3,3,3,3,4,3,3,2,3,3,3,4,3,3,4,4,3,4,3,3,3,3,4,3,1,2,2,4,3,3,2,2,2,3,2,2,2,3,3,0,2,3,2,3,2,2,4,1,3,4,3,4,3,1,2,4,3,4,3,3,3,4,3,3,1,1,4,3,4,3,3,3,3,3,1,3,0,3,3,4,3,2,0,2,0,2,2,1,3,3,2,3,3,3,2,2,4,3,2,3,3,2,3,3,3,4,3,0,3,4,3,4,4,2,3,3,2,2,1,1,4,3,3,2,4,4,4,3,3,1,3,0,3,3,2,3,3,3,3,3,3,3,3,3,3,3,3,2,3,4,3,3,4,3,3,3,3,4,3,3,3,3,3,4,3,4,3,4,3,3,3,3,4,3,1,2,3,1,3,2,4,4,3,1,2,4,2,4,1,4,3,4,2,3,2,2,2,3,4,2,3,2,3,4,0,4,2,1,3,3,2,4,2,1,3,0,2,3,2,2,3,2,3,4,3,3,3,4,4,3,3,2,4,3,4,4,3,3,3,3,3,4,4,3,3,1,3,3,4,0,3,2,3,3,3,3,4,4,2,3,3,0,3,2,2,3,3,3,2,3,4,1,3,3,3,3,3,3,4,2,3,2,2,4,3,2,2,2,2,4,3,3,1,3,4,2,3,3,3,3,4,4,0,3,2,4,3,1,1,1,2,1,4,3,1,3,4,2,3,3,3,3,4,3,2,3,3,4,1,4,3,3,3,3,2,0,4,4,3,3,3,1,2,3,3,2,2,2,0,4,1,2,3,4,4,3,3,0,3,3,3,1,3,3,3,1,1,3,3,3,3,0,4,3,3,3,2,4,0,2,0,0,1,3,1,0,3,3,0,4,3,1,3,0,3,0,2,2,3,2,1,3,3,2,3,4,2,3,3,3,3,0,2,3,2,3,3,4,3,2,1,3,3,0,3,3,2,2,3,2,4,3,2,1,4,3,2,4,2,2,3,3,2,4,1,2,4,0,3,3,1,3,2,4,3,3,3,2,2,1,3,0,3,3,4,2,0,3,3,4,3,4,3,1,2,3,3,3,3,2,3,3,3,0,3,3,2,3,1,3,1,3,3,4,3,3,2,0,3,3,3,4,2,3,3,2,3,3,3,1,4,3,3,0,3,2,3,0,3,1,2,3,1,2,2,1,3,2,0,2,2,0,1,3,0,2,3,1,3,3,2,3,2,2,3,3,3,3,3,1,2,2,3,4,1,4,3,0,4,1,3,3,3,2,3,1,4,1,3,2,1,3,3,2,3,4,3,2,3,3,3,2,2,3,1,1,1,3,3,2,3,2,3,3,3,2,3,2,1,1,3,3,1,3,3,2,2,0,0,0,3,0,1,0,4,3,3,2,2,3,1,0,3,4,2,3,2,2,3,2,1,2,3,0,3,1,3,1,1,3,3,3,3,3,3,3,1,0,4,1,0,0,4,2,3,3,3,3,2,4,3,3,0,0,3,3,2,4,2,3,3,3,0,2,0,0,2,1,1,3,2,1,0,0,1,1,3,2,0,3,0,2,4,3,0,2,2,1,1,3,2,4,4,3,1,0,2,2,2,0,0,3,1,4,3,4,1,3,1,3,0,2,3,1,3,0,0,3,1,0,0,2,0,0,3,4,3,3,2,3,3,2,3,0,3,3,1,2,1,2,2,2,2,3,3,3,2,3,1,4,3,0,1,4,3,3,3,3,0,2,3,3,2,1,3,3,0,2,1,1,4,2,3,3,3,0,0,0,2,0,1,3,2,0,3,3,3,1,2,3,4,3,2,3,3,0,0,3,2,0,1,4,3,3,2,1,3,3,3,0,3,4,3,3,4,3,3,4,0,1,3,1,3,0,0,4,3,3,2,3,3,2,3,0,4,3,2,3,0,0,2,3,4,3,1,1,3,2,2,3,1,0,3,4,3,0,3,2,0,3,1,1,4,0,3,0,3,1,1,0,0,0,3,3,3,3,2,0,3,4,0,3,0,0,2,3,2,2,0,3,2,3,2,1,1,1,0,3,0,3,2,3,3,1,1,3,3,3,3,3,3,0,2,2,0,4,3,2,3,3,3,2,2,3,4,3,4,0,3,3,4,2,3,3,3,2,2,1,3,3,1,3,3,4,3,3,3,4,2,3,2,2,3,2,3,1,3,2,1,4,0,2,3,3,3,4,3,2,3,2,4,4,1,3,1,3,4,3,3,3,3,3,0,3,1,4,0,4,3,3,3,4,4,3,3,3,3,1,0,0,1,1,3,4,3,3,0,2,1,3,3,4,3,3,3,0,3,2,0,0,3,3,4,1,3,3,4,1,2,1,3,3,4,3,4,0,1,3,2,3,2,3,4,4,2,3,4,2,3,2,3,3,3,3,3,3,0,4,4,3,3,3,2,2,3,4,4,3,4,3,3,3,3,3,2,3,3,3,3,1,3,0,2,1,4,2,3,2,3,4,2,4,3,4,3,3,1,0,3,3,1,3,1,3,0,1,4,1,3,3,3,3,3,1,3,0,1,0,2,2,3,1,0,0,1,4,3,3,1,3,3,4,4,4,4,0,3,3,3,1,3,3,2,3,4,3,3,3,3,3,3,0,0,2,4,2,3,0,0,2,3,1,3,2,0,0,3,3,2,0,3,4,2,3,2,1,3,2,3,3,1,3,0,4,3,3,0,3,3,0,3,1,1,3,4,2,3,2,2,1,1,2,2,3,3,0,2,1,1,3,4,4,3,3,0,1,4,3,2,3,0,0,4,4,1,3,1,4,1,2,0,1,3,1,3,2,4,1,3,1,1,1,3,3,4,3,2,3,4,4,1,2,2,3,3,1,3,1,2,2,3,0,3,1,0,4,3,3,4,2,2,2,3,1,2,2,3,3,2,0,3,3,1,3,0,3,3,4,1,3,2,3,4,0,3,3,0,3,4,3,3,3,3,3,3,1,3,3,3,4,3,3,0,3,3,2,3,3,1,3,3,3,1,4,4,0,1,1,3,0,3,0,3,3,3,1,3,4,2,3,2,2,0,2,2,3,3,2,0,3,2,0,3,3,2,2,3,0,1,3,3,3,3,4,1,3,3,3,2,0,3,1,2,3,4,3,2,3,3,3,3,3,1,2,1,3,1,2,2,3,2,3,3,3,2,3,1,2,2,3,0,1,3,0,1,1,1,2,2,1,0,3,3,2,0,1,1,0,0,1,3]",ok,
32,uniform,5,0.35,0.5332967131370993,1,fused_2_medium+fused_4_veryhigh,huang,"[742, 344, 354, 164, 195]",0.1937321117175965,0.018343524180100056,"[1,2,1,1,2,0,1,4,1,0,4,2,4,0,0,2,0,0,1,1,0,2,1,1,0,1,0,0,0,0,1,0,1,0,1,0,0,0,0,0,0,0,2,2,0,1,1,1,2,4,2,3,2,2,0,1,0,0,0,0,0,1,1,0,0,0,2,0,1,1,0,0,1,2,1,1,1,2,0,1,0,0,0,0,1,1,1,1,0,1,0,2,1,0,0,0,4,0,0,0,2,4,2,0,1,4,0,0,2,1,2,4,2,0,0,2,0,0,0,1,0,0,0,0,0,1,2,3,0,2,1,0,1,0,0,2,0,0,0,1,0,2,3,1,1,1,2,2,0,0,0,0,0,1,1,1,2,1,0,2,1,3,0,0,2,1,2,2,0,1,2,0,1,0,0,1,2,4,4,0,0,1,0,1,4,0,0,2,0,0,1,1,1,0,0,0,1,1,0,0,1,2,0,0,4,2,0,3,0,1,0,0,1,1,0,0,2,0,0,1,0,0,1,1,1,0,1,0,0,1,1,2,0,2,2,0,0,0,0,2,0,0,1,0,1,0,1,1,0,4,4,0,0,1,1,0,0,0,1,1,2,0,1,1,0,0,0,0,0,2,0,1,1,2,3,1,0,0,1,2,0,0,0,1,2,1,0,2,0,3,2,0,0,0,0,1,1,0,0,1,2,2,0,1,2,0,0,0,0,0,4,1,0,1,0,0,0,1,2,0,0,0,4,1,0,1,0,0,0,1,0,4,0,0,0,2,0,1,2,2,2,2,0,1,2,2,0,0,0,0,0,0,2,2,2,0,2,0,0,2,1,0,1,1,2,0,2,0,2,0,0,0,1,0,0,2,0,0,0,1,0,0,1,1,0,1,0,0,2,2,1,0,4,0,0,1,0,2,0,1,0,0,0,2,0,2,1,3,0,2,2,0,0,2,1,4,0,1,2,1,0,4,2,1,2,1,2,0,1,1,0,0,4,4,1,0,1,0,2,0,0,0,4,0,3,0,0,1,0,0,3,2,3,0,0,4,2,0,1,0,0,0,0,2,1,0,2,0,0,0,0,0,0,1,0,3,0,1,2,1,1,0,0,0,0,0,4,4,1,1,0,0,1,1,1,0,0,4,0,3,0,0,0,2,0,0,2,0,0,2,0,2,0,0,0,0,0,1,0,0,1,0,0,2,0,1,2,0,1,0,2,1,0,1,2,1,0,0,0,2,1,0,4,2,1,4,0,2,1,1,0,4,0,1,0,1,4,1,0,1,1,0,2,0,0,2,1,2,0,0,0,1,3,1,0,4,2,2,0,1,2,4,0,3,0,0,2,0,0,2,0,1,0,0,1,1,1,1,0,0,1,0,1,1,0,0,0,0,0,1,1,0,2,4,0,0,1,3,0,0,0,2,2,0,1,1,1,2,2,3,0,0,1,0,0,0,2,0,1,4,0,0,0,2,0,0,1,1,1,0,0,1,0,0,0,2,0,1,2,2,4,0,1,0,0,2,0,0,1,1,3,0,2,1,0,4,4,4,0,4,1,2,4,0,1,0,2,0,1,0,1,2,0,0,0,1,4,1,0,2,0,2,2,3,1,1,0,1,0,4,1,0,0,0,0,1,3,1,4,2,0,1,1,1,0,3,0,0,2,4,0,2,0,4,4,0,0,0,0,3,1,0,0,0,1,1,3,2,3,3,4,2,4,3,0,0,3,1,0,4,0,3,2,3,0,0,2,0,4,0,2,2,0,1,2,0,0,1,1,3,0,0,2,0,0,1,2,0,4,2,0,3,0,0,2,0,0,0,1,2,0,4,1,2,2,1,0,2,2,0,2,1,4,0,1,3,0,0,4,0,0,1,0,0,2,0,1,4,0,3,0,2,1,1,3,0,0,1,2,1,0,4,0,1,0,2,0,2,0,0,0,3,0,2,2,0,4,0,4,2,0,1,2,0,1,3,0,2,0,1,0,0,0,0,0,0,0,4,1,2,0,3,0,0,2,3,0,4,0,0,4,0,0,4,1,2,3,2,2,3,4,2,3,0,0,4,0,2,0,2,2,2,2,0,0,0,2,4,2,0,0,1,4,1,0,3,1,4,2,0,0,0,2,4,1,4,1,2,4,0,2,0,0,1,0,0,2,0,0,0,2,0,4,4,4,0,2,1,0,2,0,1,2,2,0,0,4,4,0,2,4,0,0,2,0,3,3,3,0,3,4,3,1,0,0,2,0,2,4,3,0,1,2,0,0,2,0,0,4,0,2,3,2,4,2,4,4,0,1,0,0,2,0,2,4,3,1,4,3,3,1,2,0,0,0,0,0,1,2,2,3,3,2,2,0,1,0,0,2,2,3,2,3,3,2,4,4,0,0,4,3,3,4,4,0,0,3,0,3,2,1,0,3,2,0,4,4,2,1,1,1,1,4,3,2,2,0,3,3,2,4,1,2,1,2,2,4,2,3,0,0,4,2,3,3,0,4,3,3,0,3,3,0,1,0,0,0,0,0,2,2,3,2,0,4,0,4,0,2,2,1,0,0,0,0,0,4,1,0,3,4,1,0,0,0,0,3,2,0,0,1,4,0,0,3,2,4,4,1,2,0,2,2,3,3,3,2,3,4,2,2,3,0,2,2,4,0,0,1,0,0,2,2,3,3,0,2,3,4,1,0,0,0,4,2,0,2,3,2,1,2,2,1,0,0,1,3,4,2,4,1,3,3,1,0,0,0,0,0,0,0,3,1,2,2,0,3,3,2,0,1,0,4,4,0,1,2,0,4,3,2,1,2,3,0,0,3,2,4,4,1,3,2,3,0,4,4,3,3,3,0,2,0,2,0,3,0,1,3,0,3,3,2,0,1,2,3,2,1,0,2,4,4,4,3,2,3,0,2,2,0,4,4,0,2,0,0,0,2,3,1,2,3,1,2,1,0,2,1,2,0,0,1,2,1,3,0,0,1,2,0,0,2,2,0,4,2,2,4,0,0,1,0,2,2,1,0,1,0,2,0,0,0,4,0,2,4,1,3,2,2,0,2,1,2,1,0,2,1,1,4,0,4,0,1,0,0,0,1,0,3,1,4,1,3,1,0,0,0,1,1,0,0,0,0,4,3,3,4,4,0,1,0,0,3,2,4,2,0,1,2,0,0,3,0,0,3,3,0,0,1,4,0,0,1,4,0,4,0,0,1,0,1,3,4,0,2,0,2,2,1,1,2,2,1,2,2,1,2,0,2,0,0,0,3,1,1,0,1,0,1,2,0,1,1,2,1,2,2,2,2,0,0,2,2,0,2,4,0,3,0,4,1,0,0,0,0,1,2,1,0,1,0,0,4,3,2,2,4,0,4,0,3,4,1,4,2,2,1,0,0,4,0,3,4,3,2,2,2,4,3,3,4,1,0,0,4,0,2,1,1,1,1,3,0,1,0,4,0,0,0,0,1,0,0,0,0,0,0,3,3,2,1,0,0,3,3,0,0,4,1,2,3,3,0,2,0,3,0,1,2,0,2,4,2,0,0,0,4,0,3,1,0,2,3,0,1,3,0,4,4,0,1,0,0,0,2,4,4,2,2,0,2,3,0,4,4,2,1,1,0,0,3,4,1,0,2,0,3,3,1,1,4,0,4,1,4,0,3,4,2,4,0,2,1,4,0,4,4,4,1,0,1,2,2,0,1,1,4,1,2,0,2,4,2,4,2,2,0,3,0,4,3,1,0,0,1,0,1,0,2,4,2,0,0,2,0,3,2,0,4,0,3,2,2,1,4,0,0,0,1,3,2,0,3,0,1,0,0,0,1,2,0,4,0,0,0,1,2,0,3,0,0,0,2,0,4,0,0,0,4,1,1,3,4,4,0,3,0,3,0,0,0,4,0,1,0,0,1,0,3,0,0,0,0,0,3,0,2,3,2,0,2,2,0,3,4,2,0,0,1,1,4,2,0,2,0,3,2,4,0,0,1,0,2,0,2,0,0,0,2,1,4,2,4,0,0,2,2,0,2,0,0,0,4,2,0,0,3,4,2,3,4,4,4,2,2,4,3,0,2,0,3,2,4,3,3,4,2]",ok,
33,uniform,5,0.3,0.49742553091268576,1,fused_2_medium+fused_4_veryhigh+fused_5_low,cao,"[164, 555, 497, 387, 196]",0.22175959430088515,0.029460811561978877,"[3,2,3,3,2,2,3,4,3,2,4,2,4,1,1,2,1,2,3,3,1,2,3,3,1,3,2,1,1,1,3,1,3,1,3,1,1,1,1,1,1,1,2,2,1,3,3,3,2,4,2,0,2,2,1,3,1,1,2,1,1,3,3,1,1,1,2,1,3,3,1,2,3,2,3,3,3,2,2,3,2,3,1,2,3,3,3,3,1,3,2,2,3,1,2,2,4,1,1,1,2,4,2,1,3,4,1,1,2,3,2,4,2,2,1,3,1,2,1,3,1,1,2,1,1,3,3,0,1,2,3,2,3,1,1,2,1,2,1,3,2,3,0,3,3,3,2,2,1,2,1,1,1,3,3,3,2,3,2,2,3,0,1,1,2,3,2,2,1,3,2,1,3,1,1,3,2,4,4,2,1,3,2,3,4,1,2,2,2,2,3,3,3,2,1,1,3,3,1,1,3,2,1,2,4,2,1,0,1,3,1,3,3,3,1,1,2,2,1,3,1,2,3,3,3,1,3,2,1,3,3,2,2,2,2,1,1,1,1,2,2,1,3,2,3,1,3,3,2,4,4,3,2,3,3,1,1,1,3,3,2,1,3,3,1,1,1,1,2,2,2,3,3,2,0,3,1,1,3,2,1,1,2,3,2,3,1,2,1,0,3,1,1,1,1,3,3,1,3,3,2,2,1,3,2,2,1,2,1,1,4,3,1,3,2,1,2,3,2,2,2,3,4,3,2,3,1,3,2,3,1,4,1,1,2,2,1,3,2,2,2,2,1,3,2,2,1,1,1,1,1,1,2,2,2,2,2,1,1,2,3,1,3,3,2,2,2,1,2,1,1,1,3,1,1,2,1,1,1,3,1,1,3,3,1,3,1,1,2,2,3,1,4,2,2,3,1,2,2,3,3,1,2,2,2,2,3,0,3,2,2,1,2,2,3,4,1,3,2,3,1,4,2,3,2,3,2,1,3,3,1,1,4,4,3,1,3,1,2,1,1,1,4,1,0,1,1,3,1,2,0,2,0,2,2,4,2,1,3,1,1,1,2,2,3,1,2,1,1,2,1,1,1,3,1,0,1,3,2,3,3,2,1,1,2,2,4,4,3,3,1,2,3,3,3,1,1,4,1,0,1,1,3,2,1,1,2,1,1,2,1,2,1,1,1,3,1,3,1,1,3,1,1,2,1,3,2,1,3,1,2,3,1,3,2,3,1,1,1,2,3,1,4,2,3,4,1,2,3,3,1,4,2,3,2,3,4,3,1,3,3,1,2,2,2,2,3,2,1,2,1,3,0,3,2,4,2,2,2,3,2,4,1,0,2,1,2,2,1,2,1,3,1,1,3,3,3,3,1,2,3,1,3,3,1,1,1,1,1,3,3,1,3,4,1,1,3,0,1,2,1,2,2,1,3,3,3,2,2,0,1,2,3,1,1,1,2,1,3,4,1,1,1,2,1,1,3,3,3,2,2,3,1,2,2,2,2,3,2,2,4,1,3,2,1,2,1,1,3,3,0,1,2,3,1,4,4,4,2,4,3,3,4,1,3,3,2,1,3,1,3,2,2,1,1,3,4,3,1,2,1,2,2,0,3,3,1,3,1,4,3,1,1,2,2,3,0,3,4,2,1,3,3,3,1,0,1,1,2,4,1,2,1,4,4,1,1,1,1,0,3,1,1,1,3,3,0,2,0,0,4,2,4,0,1,1,0,3,1,4,1,0,2,0,2,2,2,2,4,1,2,2,1,3,2,1,1,3,3,0,2,1,2,1,1,3,2,2,4,2,1,0,1,1,2,3,1,3,3,2,2,4,3,2,2,3,2,2,2,1,2,3,4,2,3,0,1,1,4,1,2,3,1,1,3,2,3,4,1,0,1,3,3,3,0,1,1,3,2,3,1,4,3,3,1,2,1,2,1,1,1,0,1,2,2,1,4,1,4,2,1,3,3,1,3,0,1,2,1,3,2,1,1,2,1,1,1,4,3,2,1,0,1,2,2,0,1,4,3,1,4,2,2,4,3,2,0,2,2,0,4,2,0,3,1,4,1,2,2,2,2,2,2,1,1,1,2,4,2,2,1,3,4,3,1,0,3,4,2,1,1,2,2,4,3,4,3,2,4,1,2,2,1,3,1,2,2,1,1,3,2,1,4,4,4,1,2,3,1,2,1,3,2,2,1,2,4,4,1,2,4,1,1,2,2,0,0,0,1,0,4,0,3,1,1,2,2,2,4,0,1,3,2,1,2,2,1,3,4,3,2,0,2,4,2,4,4,1,3,1,1,2,1,2,4,0,3,4,0,0,3,2,1,1,1,1,2,3,2,2,0,0,2,2,3,3,2,1,2,2,0,2,0,0,2,4,4,1,2,4,0,0,4,4,1,2,0,1,0,2,3,1,0,2,2,4,4,2,3,3,3,3,4,0,2,2,2,0,0,2,4,3,2,3,2,2,4,2,0,2,1,4,2,0,0,1,4,0,0,2,0,0,1,3,1,1,2,1,1,2,2,0,2,1,4,3,4,2,2,2,3,1,1,1,2,1,4,3,1,0,4,3,1,1,1,1,0,2,1,1,3,4,1,1,0,2,4,4,3,2,1,2,2,0,0,0,2,0,4,2,2,0,1,2,2,4,2,1,3,1,3,3,2,0,0,1,2,0,4,3,1,1,2,4,2,1,2,0,2,3,2,2,3,1,1,3,0,4,2,4,3,0,0,3,1,1,2,1,1,2,1,0,3,2,2,1,0,0,2,1,3,1,4,4,1,3,2,1,4,0,2,3,2,0,1,2,0,2,4,4,3,0,2,0,1,4,4,0,0,0,1,2,1,2,2,0,1,3,0,1,0,0,2,1,3,2,0,2,3,1,2,4,4,4,0,2,0,1,2,2,1,4,4,1,2,1,1,1,2,0,3,2,0,3,2,3,1,2,3,2,2,1,3,2,3,0,1,1,3,2,1,1,2,2,2,4,2,2,4,1,1,3,1,2,2,3,2,3,3,2,1,2,1,4,1,2,4,3,0,2,2,1,3,3,2,3,1,2,3,3,4,1,4,1,3,1,1,1,3,1,0,3,4,3,0,3,1,1,1,3,3,1,1,1,1,4,0,0,4,4,1,3,1,1,0,2,4,2,1,3,2,1,1,0,1,2,0,0,1,1,3,4,1,1,3,4,2,4,1,1,3,1,3,0,4,1,2,1,2,2,3,3,2,2,3,2,3,3,2,1,2,1,1,1,0,3,3,1,3,1,3,2,1,3,3,2,3,2,2,2,2,1,2,2,2,1,2,4,1,0,2,4,3,2,1,2,1,3,2,3,1,3,1,1,4,0,2,2,4,1,4,1,0,4,3,4,2,2,3,1,1,4,1,0,4,0,2,2,2,4,0,0,4,3,1,1,4,1,2,3,3,3,3,0,1,3,1,4,1,1,2,1,3,1,1,1,1,1,1,0,0,2,3,2,1,0,0,2,1,4,3,2,0,0,1,2,2,0,1,3,2,1,2,4,2,2,1,1,4,1,0,3,1,2,0,1,3,0,1,4,4,1,3,3,1,2,2,4,4,3,2,1,2,0,2,4,4,2,3,3,1,1,0,4,3,1,2,1,0,0,3,3,4,1,4,3,4,2,0,4,2,4,1,2,3,4,1,4,4,4,3,1,3,2,2,1,3,3,4,3,2,1,2,4,2,4,2,3,1,0,1,4,0,3,1,1,3,2,3,2,3,4,2,2,1,2,2,0,2,1,4,1,0,2,2,3,4,1,2,1,3,0,2,1,0,1,3,1,1,1,3,2,1,4,1,1,1,3,2,1,0,1,1,2,2,1,4,1,1,1,4,3,3,0,4,4,1,0,1,0,1,1,1,4,1,3,2,1,3,2,0,2,2,1,1,2,0,1,2,0,2,1,2,3,1,0,4,2,1,1,3,3,4,2,1,2,3,0,2,4,2,1,3,1,3,1,2,1,1,1,2,3,4,2,4,3,2,2,2,1,2,1,2,1,4,2,2,1,0,4,2,0,4,4,4,2,2,4,0,1,2,2,0,4,4,0,0,4,2]",ok,
34,uniform,5,0.25,0.541945545890415,2,"fused_1_medium+fused_4_veryhigh, fused_2_medium+fused_3_low",cao,"[392, 574, 166, 437, 230]",0.22442731466753854,0.045580878265703166,"[0,0,0,0,1,1,3,4,3,1,4,1,4,3,3,0,1,3,0,0,0,3,3,0,0,3,1,1,1,3,3,1,0,3,0,1,3,1,3,3,3,1,1,1,0,0,3,3,1,4,1,2,1,1,1,0,3,3,1,1,0,0,0,3,1,3,1,1,0,3,0,3,3,1,3,3,3,4,1,3,1,3,1,0,3,0,0,0,1,0,0,4,0,3,1,1,4,3,1,0,1,4,3,1,3,4,3,3,1,0,1,4,1,1,0,3,1,1,3,3,3,1,1,1,3,3,3,2,0,3,0,3,3,1,3,3,0,0,0,0,1,0,2,3,0,3,0,1,3,1,1,3,0,0,0,3,4,3,1,0,0,2,3,1,0,0,1,1,0,3,0,3,0,1,1,3,0,4,4,1,0,3,0,3,4,1,1,1,3,1,3,3,0,1,1,1,0,0,1,3,0,4,0,3,4,0,1,2,1,3,1,3,3,3,3,1,1,1,0,3,3,0,0,0,3,1,3,3,1,3,3,1,1,1,1,1,3,1,1,1,1,0,0,1,3,3,3,3,1,4,4,0,1,0,0,3,1,1,3,0,1,1,0,3,1,3,3,3,1,1,1,3,0,1,2,0,3,3,3,1,1,0,1,0,1,3,3,1,3,2,3,1,0,3,3,3,3,1,3,0,1,0,3,0,1,1,1,1,1,1,4,0,1,3,3,1,1,3,0,3,3,0,4,3,1,0,1,3,1,3,3,2,3,0,1,4,1,0,1,4,1,0,0,3,1,0,3,0,1,1,0,0,1,0,1,0,1,1,0,1,3,3,3,3,1,1,1,3,1,3,3,1,3,1,1,1,3,1,1,3,3,1,3,3,1,0,1,3,1,0,0,3,4,0,1,0,1,1,1,0,0,3,1,0,1,1,3,2,0,1,1,1,3,1,0,4,0,0,1,0,1,4,1,0,1,0,0,3,3,3,1,1,4,4,3,0,0,3,3,1,3,1,4,0,2,1,1,0,1,1,2,0,2,1,1,4,1,1,0,3,1,3,1,4,0,3,1,0,3,0,0,3,1,0,1,2,1,0,1,3,0,1,3,0,1,3,4,4,0,3,1,1,0,3,3,1,1,4,1,2,0,3,0,1,3,0,0,1,1,1,0,1,0,3,3,0,1,0,3,1,0,3,0,1,1,0,1,1,0,1,1,0,1,3,1,3,1,3,1,0,3,1,4,0,3,4,1,4,0,0,0,4,1,3,1,0,4,3,1,3,3,3,1,1,1,1,0,3,3,1,1,3,2,3,1,4,3,1,1,0,0,4,3,2,1,0,3,3,1,1,3,3,1,1,3,0,0,0,3,1,3,3,3,0,1,3,3,3,1,0,3,3,0,4,1,1,3,2,1,1,1,3,1,3,0,0,3,1,1,2,0,1,3,1,3,1,1,3,3,4,0,1,0,1,1,3,0,3,3,0,1,3,1,1,1,1,1,3,3,0,4,1,0,3,1,1,0,3,3,0,2,0,1,0,3,4,4,4,1,4,0,3,4,3,0,3,0,1,0,3,3,0,0,3,0,0,4,3,3,0,1,1,0,2,3,3,3,3,0,4,3,1,1,0,1,3,2,0,4,4,0,3,0,3,0,2,3,0,1,4,3,1,0,4,4,1,0,0,0,2,0,3,1,0,0,0,2,1,2,2,4,1,4,2,1,0,2,0,1,4,0,2,1,2,0,1,1,1,4,1,1,4,3,0,3,0,0,0,3,2,0,3,1,3,3,3,1,1,4,1,1,2,0,1,1,0,0,0,0,0,1,4,3,1,0,3,1,3,1,1,1,3,4,1,3,2,1,0,4,3,3,0,3,0,3,3,0,4,3,2,1,0,3,3,2,1,3,0,1,3,1,4,0,0,3,1,3,1,3,3,3,2,3,1,1,3,4,1,4,0,1,0,3,3,3,2,1,1,1,3,3,1,1,1,3,1,1,4,3,1,1,2,3,1,1,2,1,4,3,1,4,1,3,4,0,1,2,1,0,2,4,1,2,0,1,4,1,1,3,3,1,0,1,3,0,3,1,4,1,1,0,0,4,0,3,2,0,4,1,3,3,1,0,4,0,4,0,4,4,0,1,1,0,0,1,3,1,3,1,0,1,1,4,4,4,3,1,0,3,1,1,0,1,1,1,3,4,4,3,1,4,0,3,1,1,2,2,2,1,2,4,2,3,3,3,1,1,1,4,2,1,0,4,1,3,4,1,0,4,0,4,2,1,4,1,4,4,0,0,0,0,1,3,1,4,2,0,4,2,2,0,4,3,3,3,3,1,3,1,1,2,2,1,1,0,0,0,1,1,1,2,1,2,2,4,4,4,3,1,4,2,2,4,4,1,3,2,1,2,1,0,1,2,3,1,4,4,1,3,0,3,3,4,2,1,0,1,2,2,1,4,0,1,0,4,1,4,1,2,3,1,4,1,2,2,0,4,2,2,1,2,2,0,0,3,3,1,0,3,0,1,2,1,0,4,0,4,1,1,0,0,0,3,1,0,0,4,0,0,2,4,0,0,1,3,3,2,4,3,1,0,4,1,0,2,4,4,4,3,1,1,1,1,2,2,2,1,2,4,1,1,2,3,1,1,4,1,3,0,1,0,3,4,2,2,3,1,2,4,3,1,1,1,4,1,3,0,2,0,0,3,1,3,3,3,0,2,4,1,4,3,2,2,0,1,0,0,3,1,0,0,2,0,4,4,3,2,2,0,1,0,0,4,4,0,0,4,3,4,2,1,0,1,2,0,1,2,1,4,4,0,2,1,2,3,4,4,2,2,2,0,1,1,1,1,2,1,0,2,3,2,2,1,0,0,4,2,1,3,3,1,4,4,4,2,1,2,1,0,0,1,4,4,3,1,1,1,3,1,2,0,0,2,0,1,3,1,1,3,4,3,0,3,0,3,2,3,1,3,1,1,3,1,1,3,4,1,0,4,3,3,3,0,3,1,3,0,3,3,1,1,1,1,4,1,4,4,3,2,4,1,1,3,0,1,3,3,1,0,0,4,1,4,3,0,3,3,1,3,1,2,0,4,0,2,3,3,3,3,0,3,1,1,3,0,4,2,2,4,4,3,3,0,1,2,4,4,1,3,3,1,0,0,2,1,1,2,2,1,3,0,4,1,1,3,4,1,4,3,1,0,1,0,2,4,1,1,1,4,1,3,3,4,1,0,1,3,3,4,1,0,3,1,1,2,3,0,3,3,3,3,4,0,0,3,1,3,1,1,0,1,1,3,1,4,0,1,4,3,2,1,4,0,1,1,1,0,3,4,0,1,0,1,1,4,2,1,1,4,3,4,3,2,4,0,4,1,3,3,3,3,4,3,2,4,2,1,1,1,4,2,2,4,3,1,3,4,0,1,0,0,0,0,2,1,3,0,4,1,1,3,0,3,1,1,3,3,0,1,2,2,1,0,1,3,2,2,1,3,4,3,0,2,2,3,0,0,2,1,3,1,0,4,4,1,1,3,0,4,3,2,0,3,1,2,1,0,2,3,2,4,1,3,3,1,1,1,4,4,3,1,0,1,2,1,4,4,1,0,3,3,1,2,4,0,3,1,3,2,2,3,0,4,1,4,3,4,1,2,4,1,4,3,0,0,4,1,4,4,4,3,0,0,0,1,1,3,0,4,0,1,0,1,4,1,4,1,3,3,2,1,4,2,3,1,3,0,1,3,1,0,4,1,1,0,1,3,2,1,1,4,3,2,1,3,3,4,3,0,0,3,2,1,1,2,1,0,0,1,1,3,3,3,4,0,1,0,3,1,0,2,1,1,1,0,3,4,1,1,1,4,0,0,2,4,4,0,2,3,2,1,1,0,4,3,0,1,0,0,1,2,1,1,1,1,1,2,1,1,2,0,1,0,0,1,2,4,3,3,3,0,0,4,0,3,0,0,2,4,4,3,1,0,3,0,1,1,0,1,1,4,3,4,1,4,3,1,1,0,3,1,1,1,1,4,1,1,3,2,4,1,2,4,4,4,0,0,4,2,0,1,3,2,1,4,2,2,4,1]",ok,
35,uniform,5,0.2,0.596261320954506,2,"fused_2_medium+fused_3_medium, fused_2_medium+fused_3_low",cao,"[592, 423, 392, 227, 165]",0.2165373702299209,0.029460811561978877,"[1,1,1,1,0,0,1,3,1,0,3,0,3,2,2,1,0,2,1,1,2,1,1,1,2,1,0,0,0,0,1,0,1,2,1,0,2,0,2,2,2,0,0,0,2,1,1,1,0,3,0,4,0,0,0,1,2,2,0,0,2,1,1,0,0,2,0,0,1,1,2,2,1,0,1,1,1,3,0,1,0,2,0,2,1,1,1,1,0,1,2,3,1,2,0,0,3,2,0,2,0,3,3,0,1,3,2,2,0,1,0,3,0,0,2,1,0,0,2,1,2,0,0,0,2,1,1,4,2,1,1,2,1,0,2,1,1,2,2,1,0,1,4,1,1,1,1,0,2,0,0,2,2,1,1,1,3,1,0,2,1,4,0,0,2,1,0,0,2,1,2,2,1,0,0,1,1,3,3,0,2,1,2,1,3,0,0,0,2,0,1,1,1,0,0,0,1,1,0,2,1,3,2,0,3,2,0,4,0,1,0,1,1,1,2,0,0,0,2,1,2,2,1,1,1,0,1,2,0,1,1,0,0,0,0,0,2,0,0,0,0,2,1,0,1,2,1,1,0,3,3,2,0,1,1,2,0,0,1,1,0,0,1,1,0,1,2,0,0,0,0,1,1,0,4,1,2,2,1,0,0,2,0,1,0,1,2,0,2,4,1,0,1,2,2,1,1,0,2,1,0,1,2,1,0,0,0,0,0,0,3,1,0,1,2,0,0,1,2,2,2,2,3,1,0,1,0,1,0,1,2,4,0,2,0,3,0,1,0,3,0,2,2,1,0,2,2,2,0,0,2,2,0,1,0,2,0,0,1,0,1,2,1,1,0,0,0,2,0,2,2,0,1,0,0,0,2,0,0,1,1,0,1,1,0,1,0,2,0,2,1,1,3,2,0,1,0,0,0,1,2,2,0,1,0,0,1,4,1,0,0,0,2,0,1,3,2,1,0,1,0,3,0,1,0,1,1,2,1,1,0,0,3,3,1,2,1,0,1,0,0,0,3,2,4,0,0,1,0,0,4,1,4,0,0,3,0,0,1,2,0,2,0,3,1,2,0,2,2,2,2,2,0,1,0,4,0,1,0,1,1,0,2,2,0,2,3,3,1,1,0,0,1,1,1,0,0,3,0,4,2,2,1,0,2,1,1,0,0,0,2,0,2,2,2,2,0,1,2,0,1,2,2,0,0,1,0,0,1,0,0,1,0,1,0,1,0,2,0,1,1,0,3,1,1,3,0,3,1,1,2,3,0,1,0,1,3,1,0,1,1,2,0,0,0,0,1,1,2,0,0,1,4,1,0,3,1,0,0,1,1,3,2,4,0,2,1,2,0,0,2,1,0,0,1,1,1,1,0,0,1,2,1,1,0,2,2,2,0,1,1,2,1,3,0,0,1,4,0,0,0,1,0,2,1,1,1,0,0,4,2,0,1,0,2,0,0,2,1,3,2,0,2,0,0,2,1,1,1,2,0,1,0,0,0,0,0,1,1,1,3,0,1,2,0,0,2,2,1,1,4,2,0,1,2,3,3,3,0,3,1,1,3,2,1,2,2,0,1,2,1,2,2,2,2,1,3,1,2,2,0,0,1,4,1,1,2,1,2,3,1,0,0,2,0,1,4,1,3,2,2,1,1,1,2,4,2,2,0,3,2,0,2,3,3,0,2,2,2,4,1,2,0,2,1,1,4,0,4,4,3,0,3,4,0,2,4,1,0,3,2,4,0,4,2,0,0,0,3,0,0,2,2,1,0,2,2,1,1,4,2,2,0,2,2,1,0,0,3,0,0,4,2,0,0,2,2,2,1,2,0,3,1,0,1,1,0,1,0,0,0,1,3,0,1,4,0,2,3,2,2,1,2,2,1,2,1,3,2,4,0,1,1,1,4,0,2,1,0,1,0,3,1,1,2,0,2,0,2,2,2,4,2,0,0,2,3,0,3,2,0,1,1,2,1,4,0,0,0,1,2,0,0,0,2,0,0,3,1,0,0,4,2,0,0,4,0,3,2,0,3,0,2,3,1,0,4,0,1,4,3,0,4,2,0,3,0,0,2,1,0,2,0,2,2,2,0,3,0,0,2,1,3,1,2,4,1,3,0,2,2,0,1,3,1,3,1,3,3,2,0,0,2,1,0,2,0,2,0,2,0,0,3,3,3,2,0,1,0,0,0,1,0,0,0,2,3,3,2,0,3,2,1,0,0,4,4,4,0,4,3,4,1,2,2,0,0,0,3,4,0,1,3,0,2,3,0,2,3,2,3,4,0,3,0,3,3,2,1,2,2,0,2,0,3,4,1,3,4,4,1,3,2,2,2,2,0,1,0,0,4,4,0,0,2,1,2,0,0,0,4,0,4,4,3,3,3,2,0,3,4,4,3,3,0,0,4,0,4,0,1,0,4,3,0,3,3,0,1,1,1,1,3,4,0,2,0,4,4,0,3,1,0,1,3,0,3,0,4,2,0,3,0,4,4,1,3,4,4,0,4,4,2,1,2,2,0,2,2,1,0,4,0,2,3,1,3,0,0,1,1,2,0,0,2,2,3,1,2,4,3,1,1,0,2,2,4,2,2,0,1,3,0,2,4,3,3,3,1,0,0,0,0,4,4,4,0,4,3,0,0,4,2,0,0,3,0,2,1,0,2,1,3,4,4,2,0,4,3,1,0,0,0,3,0,2,2,4,2,1,1,0,1,2,2,1,4,3,0,3,1,4,4,1,0,2,2,0,0,2,2,4,1,3,3,2,4,4,1,0,1,2,3,3,2,1,3,2,3,4,0,1,0,4,2,0,4,0,3,3,1,4,0,4,2,3,3,4,4,4,2,0,0,0,0,4,0,1,4,2,4,4,0,2,1,2,4,0,1,2,0,3,3,3,4,0,4,0,0,2,0,3,3,2,0,0,0,2,0,4,1,1,4,1,0,1,0,0,1,3,2,2,1,1,1,4,0,0,1,0,0,2,0,0,2,3,0,2,3,2,2,1,2,1,0,1,2,1,2,0,0,0,0,3,0,3,3,1,4,3,0,0,1,1,0,1,2,0,1,1,3,0,3,2,1,2,2,0,1,0,4,1,3,1,4,1,2,2,2,1,1,0,0,2,1,3,4,4,3,3,2,1,2,0,4,2,3,0,2,1,0,2,2,4,0,0,4,4,0,2,1,3,0,0,1,3,0,3,2,0,1,0,1,4,3,0,0,0,3,0,1,1,3,0,1,0,1,1,3,0,2,2,0,0,4,1,1,2,1,2,1,3,2,1,1,2,1,0,0,1,0,0,0,0,3,2,0,3,2,4,0,3,1,0,0,0,2,1,3,1,0,1,0,0,3,4,0,0,3,2,3,2,4,3,1,3,0,1,1,2,2,3,2,4,3,4,0,0,0,3,4,4,3,1,0,2,3,2,0,1,1,1,1,4,0,1,2,3,0,0,2,2,1,0,0,2,2,2,0,4,4,0,1,0,2,4,4,0,2,3,1,1,4,4,2,2,2,4,0,1,0,2,2,3,0,0,2,2,3,2,4,1,2,0,4,0,1,4,2,3,3,0,1,2,0,0,0,3,3,1,0,2,0,4,0,3,3,0,1,1,2,0,4,3,1,2,0,2,4,4,1,1,3,0,3,1,3,0,4,3,0,3,2,1,1,3,0,3,3,3,1,2,1,2,0,0,1,1,3,1,0,2,0,3,0,3,0,1,2,4,0,3,4,1,0,2,1,0,1,0,1,3,0,0,2,0,0,4,0,0,3,2,4,0,1,1,3,2,2,2,1,4,0,0,4,0,1,2,0,0,1,1,2,3,2,0,2,1,0,2,4,0,0,0,2,2,3,0,0,0,3,1,1,4,3,3,2,4,2,4,0,0,1,3,2,1,0,2,1,0,4,0,0,0,0,0,4,0,0,4,2,0,2,1,0,4,3,1,2,2,1,1,3,2,2,2,2,4,3,3,0,0,1,2,1,0,0,2,0,0,3,1,3,0,3,2,0,0,1,2,0,0,0,0,3,0,0,2,4,3,0,4,3,3,3,2,2,3,4,2,0,2,4,0,3,4,4,3,0]",ok,
36,uniform,5,0.15,0.542899932094741,3,"fused_1_medium+fused_3_medium+fused_4_veryhigh, fused_2_medium+fused_3_low+fused_4_veryhigh, fused_3_low+fused_4_high",huang,"[385, 357, 200, 424, 433]",0.25733954802875586,0.0622568093385214,"[3,3,3,3,1,4,0,1,0,4,1,1,2,0,0,3,4,0,3,3,3,0,0,3,3,0,4,4,4,4,0,4,3,0,3,4,0,4,0,0,0,4,4,4,3,3,0,0,1,1,1,2,1,1,4,3,0,0,4,4,3,3,3,4,4,0,1,4,3,0,3,0,0,1,0,0,0,1,4,0,4,0,4,3,0,3,3,3,4,3,3,1,3,0,4,4,1,0,4,3,1,1,1,4,0,1,0,0,1,3,4,1,4,4,3,0,4,4,0,0,0,4,4,4,0,0,0,2,3,0,3,0,0,4,0,0,3,3,3,3,4,3,2,0,3,0,3,1,0,4,4,0,3,3,3,0,1,0,4,3,3,2,4,4,3,3,1,1,3,0,3,0,3,4,4,0,3,1,2,4,3,0,3,0,1,4,4,1,0,4,0,0,3,4,4,4,3,3,4,0,3,1,3,4,1,3,4,2,4,3,4,3,0,0,0,4,4,4,3,0,0,3,3,3,0,4,0,0,4,0,0,1,4,1,1,4,0,4,4,1,4,3,3,4,0,0,0,0,4,2,1,3,4,3,3,0,4,4,0,3,1,4,3,0,4,3,0,4,4,1,4,0,3,4,2,3,0,0,0,4,4,3,4,3,1,3,0,1,0,2,0,4,3,0,0,0,0,4,0,3,1,3,0,3,1,4,4,4,4,4,1,3,4,0,0,4,4,0,3,0,0,3,2,0,4,3,4,3,4,0,0,2,4,3,4,1,4,3,1,1,4,3,3,0,1,3,0,3,4,4,3,3,1,3,1,3,1,4,3,4,0,0,0,0,1,4,4,0,4,0,0,4,0,4,4,4,0,4,4,0,3,4,0,0,4,3,4,0,1,3,3,3,1,3,4,3,4,1,4,3,3,0,4,3,4,1,0,2,3,1,1,4,0,4,3,1,3,3,1,3,4,1,4,3,1,3,3,0,0,0,4,4,1,1,0,3,3,4,0,4,4,4,1,3,2,4,4,3,4,4,2,3,2,4,4,2,1,4,3,0,4,0,4,1,3,0,1,3,0,3,3,0,4,3,4,2,4,3,1,0,3,4,0,3,4,0,1,1,3,0,4,4,3,0,3,4,4,1,4,2,3,0,3,1,0,3,3,4,4,1,3,4,3,0,0,3,4,3,0,4,3,0,3,1,4,3,1,4,3,4,1,3,4,0,1,0,4,0,4,3,0,4,1,3,0,1,4,1,3,3,3,1,4,0,4,3,1,3,4,0,0,0,4,4,4,1,3,0,0,4,4,0,2,0,4,1,0,1,4,3,3,1,0,2,4,3,3,0,4,4,0,0,4,4,0,3,3,3,4,4,0,0,0,3,4,0,0,0,4,3,0,0,3,1,4,4,0,2,4,4,4,0,1,0,3,3,0,1,1,2,3,4,0,4,0,4,1,0,0,1,3,4,3,4,4,0,3,0,0,3,4,0,4,4,4,4,4,0,0,3,1,4,3,0,4,1,3,0,0,3,2,3,4,3,0,1,1,1,4,2,3,3,1,0,3,0,3,4,3,0,0,3,3,0,3,3,2,0,0,3,4,1,3,2,0,3,0,3,3,1,0,4,4,3,4,0,2,3,1,1,3,0,3,0,3,2,0,3,1,2,0,1,3,1,1,4,3,3,3,2,3,0,4,3,3,3,2,4,2,2,1,1,1,2,4,3,2,3,4,1,3,2,4,2,3,4,4,4,1,4,1,3,0,3,1,3,3,3,0,2,3,0,4,0,0,0,1,4,1,1,4,2,3,4,1,3,3,3,3,3,4,1,3,1,3,3,4,3,1,4,4,0,1,4,3,2,4,3,1,0,0,3,0,3,0,0,3,1,0,2,4,3,0,0,2,4,0,3,1,0,4,1,3,3,0,1,0,1,0,0,0,2,0,4,1,0,1,4,1,3,4,3,0,0,0,2,4,1,4,0,0,4,4,4,0,4,4,1,0,4,4,2,0,4,4,2,4,1,0,4,1,4,0,1,3,1,2,4,3,2,2,4,2,3,4,1,4,4,0,0,1,3,4,0,3,0,1,2,1,4,3,3,2,3,0,2,3,1,1,0,0,4,3,1,3,1,3,1,1,3,4,4,3,3,4,0,1,0,4,3,1,4,1,1,1,0,1,3,4,1,4,3,1,4,4,0,1,1,0,1,1,3,3,1,4,2,2,2,4,2,1,2,0,0,0,1,4,1,1,2,4,3,1,4,0,1,4,3,1,3,1,2,1,1,1,1,2,3,3,3,3,1,0,1,1,2,3,1,2,2,3,1,0,0,0,0,4,0,1,1,2,2,1,1,3,3,3,4,1,1,2,4,2,2,1,1,1,0,4,1,2,2,1,1,4,4,2,4,2,4,3,4,2,1,4,1,1,1,0,3,3,0,1,2,4,3,4,2,2,4,1,3,4,3,1,1,1,1,2,0,4,1,4,2,2,3,2,2,2,4,2,2,3,3,0,0,4,3,0,3,1,2,1,3,1,3,1,4,4,3,3,3,4,4,3,3,1,3,3,2,1,3,3,4,0,0,2,1,0,4,3,1,4,3,2,1,1,1,0,4,4,4,1,2,2,2,1,2,1,1,1,2,0,1,1,1,4,0,3,4,3,0,1,2,2,0,1,2,1,3,4,4,4,2,1,0,3,2,3,3,0,1,3,0,0,3,2,1,1,1,3,2,2,3,4,3,3,4,4,3,3,2,3,1,1,0,2,2,3,4,3,3,1,2,3,3,1,0,1,2,1,3,1,2,3,4,2,1,1,2,3,2,1,2,0,1,2,2,2,2,3,4,4,1,4,2,4,3,2,0,2,2,1,3,3,1,2,1,0,0,1,2,1,1,2,1,2,4,1,3,4,1,1,0,1,4,4,0,4,2,3,3,2,3,1,3,4,1,0,1,0,3,0,3,0,2,4,4,0,1,4,0,4,1,0,1,1,3,2,0,0,0,3,0,1,0,3,0,0,1,4,4,4,1,4,1,1,0,2,1,4,4,0,3,4,0,0,1,3,3,2,4,2,0,3,0,0,4,0,4,2,3,1,3,2,3,0,0,0,3,0,4,4,0,3,1,2,2,1,1,0,0,3,4,2,1,1,1,0,0,1,3,3,2,4,4,2,2,4,0,3,1,4,4,3,1,4,1,0,4,3,4,3,2,1,4,1,4,1,4,0,0,1,4,3,4,3,3,1,4,3,0,4,4,2,0,3,0,0,0,0,1,3,3,0,4,0,4,1,3,4,4,4,1,1,3,1,1,0,2,4,2,3,4,4,4,3,0,1,3,4,3,4,4,1,2,1,4,2,0,1,0,2,2,3,1,1,0,0,0,0,2,0,2,1,2,1,4,1,2,2,2,1,0,4,0,1,3,4,3,3,3,3,2,4,0,3,1,4,4,0,3,3,4,4,0,0,3,4,2,2,1,3,4,0,2,2,4,0,1,0,3,2,2,0,3,3,2,4,3,1,3,1,2,4,4,0,3,1,0,2,3,0,1,2,4,3,2,0,2,2,4,0,0,4,4,4,1,1,0,1,3,4,2,4,1,1,1,3,3,0,4,2,2,3,0,1,0,2,2,0,3,1,4,1,0,1,4,2,1,1,1,0,3,3,1,4,1,2,2,0,3,3,3,1,4,0,3,1,3,1,3,4,1,1,1,1,0,0,2,4,1,2,0,4,0,3,4,0,4,3,1,1,4,3,4,4,2,1,4,2,0,2,1,3,0,1,0,3,3,3,2,1,4,2,4,3,3,4,4,0,0,0,1,3,4,3,0,4,3,2,4,4,4,3,0,1,4,4,4,1,3,3,2,1,1,3,2,0,2,4,4,3,1,0,3,4,3,3,4,2,4,4,4,4,4,2,4,1,2,3,4,3,3,4,2,1,0,0,0,3,3,1,3,0,3,3,2,1,1,4,4,3,0,3,4,4,3,4,4,1,0,2,1,1,0,4,4,3,0,1,4,4,4,1,1,4,0,2,1,1,2,1,1,1,3,3,2,2,3,1,0,2,1,1,2,2,1,1]",ok,
37,uniform,5,0.1,0.4810897324146916,3,"fused_3_low+fused_5_medium, fused_5_high, fused_2_veryhigh",huang,"[981, 179, 199, 164, 276]",0.2404630683593723,0.05336297943301834,"[4,0,4,4,0,2,4,3,4,2,3,0,3,0,0,2,0,0,4,4,0,0,4,4,0,4,2,0,0,0,4,0,4,0,4,0,0,0,0,0,0,0,0,0,0,4,4,4,0,3,0,1,0,2,0,0,0,0,2,0,0,4,4,0,0,0,0,0,4,4,0,0,4,2,4,4,0,2,2,4,2,0,0,0,0,4,4,4,0,4,0,2,4,0,2,2,3,0,0,0,0,3,3,0,4,3,0,0,2,4,0,3,2,2,0,0,0,2,0,4,0,0,2,0,0,0,0,1,0,0,4,0,4,0,0,0,0,0,0,4,2,0,1,4,4,4,2,0,0,2,0,0,0,4,4,4,2,4,2,0,4,1,0,0,0,4,0,0,0,4,0,0,4,0,0,4,0,2,1,0,0,4,0,4,3,0,2,0,0,2,4,4,0,2,0,0,4,4,0,0,0,2,0,2,3,0,0,1,0,4,0,0,4,4,0,0,0,2,0,4,0,0,4,0,4,0,4,0,0,0,4,0,2,0,2,0,0,0,0,0,2,0,4,2,4,0,0,4,2,1,3,0,2,4,4,0,0,0,0,4,0,0,4,4,0,0,0,0,2,0,2,4,0,0,1,4,0,0,4,0,0,0,2,4,0,4,0,0,0,1,0,0,0,0,0,4,4,0,0,4,0,0,0,4,0,2,0,2,0,0,3,4,0,0,0,0,2,4,0,0,0,0,1,0,2,4,0,4,2,0,0,1,0,0,2,2,0,4,2,3,2,0,0,0,0,0,0,0,0,0,0,0,0,0,0,0,0,0,0,0,0,0,4,0,0,2,0,0,0,0,0,0,4,0,0,0,0,0,0,4,0,0,4,0,0,4,0,0,0,0,4,0,3,0,2,4,0,0,0,0,0,0,2,0,2,0,0,1,0,0,2,0,0,0,4,3,0,4,0,4,0,3,2,4,0,4,0,0,0,4,0,0,3,3,4,0,4,0,0,0,0,0,3,0,1,0,0,4,0,2,1,0,1,2,0,3,0,0,0,0,0,0,2,2,4,0,2,0,0,0,0,0,0,4,0,1,0,4,0,4,4,2,0,0,2,0,3,3,4,4,0,2,4,4,4,0,0,3,0,1,0,0,0,0,0,0,0,0,0,0,0,0,0,0,0,0,0,4,0,0,4,0,0,0,0,4,0,0,0,0,0,4,0,4,0,4,0,0,0,0,4,0,3,2,0,3,0,2,4,4,0,3,2,4,2,4,3,4,0,4,0,0,0,2,2,0,4,0,0,2,0,4,1,4,2,3,0,0,2,4,0,3,0,1,2,0,2,0,0,2,0,4,0,0,0,4,4,4,0,2,4,0,4,4,0,0,0,0,0,4,4,0,0,3,0,0,4,1,0,2,0,0,0,0,4,4,0,0,0,1,0,0,0,0,0,0,2,0,4,3,0,0,0,0,0,0,4,4,0,0,2,4,0,2,2,0,2,4,0,0,3,0,4,0,0,0,0,0,4,4,1,0,2,4,0,3,3,3,2,3,4,0,3,0,4,0,0,0,4,0,4,0,0,0,0,4,1,4,0,0,0,0,0,1,4,4,0,0,0,3,0,0,0,0,2,0,1,4,3,0,0,4,4,4,0,1,0,0,0,3,0,0,0,3,3,0,0,0,0,1,4,0,0,0,2,4,1,0,1,1,2,0,2,1,0,0,1,4,0,3,0,1,0,1,0,0,0,2,3,0,0,3,0,4,2,0,0,0,4,1,0,0,0,0,0,4,0,2,3,0,0,1,0,0,2,0,0,0,4,0,0,3,4,0,0,4,2,2,0,0,0,4,3,0,4,1,0,0,3,0,0,4,0,0,0,0,2,2,0,1,0,0,4,0,1,0,0,4,0,4,0,3,0,0,0,0,0,2,0,0,0,1,0,0,2,0,3,0,3,0,0,4,0,0,0,1,0,0,0,4,0,0,0,2,0,0,0,3,4,0,0,1,0,2,0,1,0,2,0,0,3,2,0,3,0,2,1,0,0,1,3,0,1,0,0,3,0,0,0,0,2,0,0,0,0,0,0,1,2,2,0,4,3,4,0,1,4,2,0,0,0,2,0,3,4,3,0,2,3,0,0,0,0,4,0,0,0,0,0,0,2,0,3,3,3,0,0,0,0,2,0,0,0,2,0,0,3,3,0,0,3,0,0,2,2,1,1,1,0,1,3,1,4,0,0,0,0,0,3,1,0,4,2,0,0,2,0,0,3,0,0,1,0,3,0,2,1,0,0,0,0,0,0,0,3,1,4,2,1,1,4,2,0,0,0,0,2,4,0,0,1,1,0,0,0,4,0,0,0,0,1,0,1,1,2,2,2,0,0,3,1,1,3,3,0,0,1,0,1,2,4,0,1,2,3,3,3,0,0,4,4,4,2,1,0,0,0,1,1,0,3,4,0,4,2,0,3,0,1,0,0,3,0,1,1,0,3,1,1,2,1,1,0,4,0,0,2,0,0,0,0,1,0,0,3,0,3,2,0,0,2,0,0,0,0,0,3,4,0,1,3,4,0,0,0,0,1,0,0,0,0,2,0,0,1,2,2,3,4,0,0,0,0,1,1,1,0,1,3,0,2,1,0,0,0,2,2,0,4,0,0,0,0,1,1,0,2,1,3,4,0,0,2,3,0,0,0,1,0,4,0,0,4,0,0,4,1,3,0,3,0,1,1,4,0,0,0,0,0,0,0,1,4,0,2,0,1,1,0,0,4,0,3,3,0,0,3,0,3,1,0,4,0,1,0,0,1,0,3,3,4,1,0,1,0,3,1,1,1,1,0,0,0,0,2,1,0,4,1,0,1,1,0,0,0,3,1,0,0,0,2,3,3,3,1,0,1,0,0,0,0,3,3,0,0,0,0,0,0,1,0,2,1,4,0,2,0,0,4,2,0,0,4,0,4,1,0,0,4,0,0,0,0,0,0,3,0,0,1,0,0,4,0,0,0,4,0,0,0,2,0,2,0,3,0,2,3,4,1,2,0,0,0,4,0,0,0,0,4,4,1,0,3,0,4,0,0,0,0,0,1,0,3,4,1,4,0,0,0,4,4,0,0,0,0,3,1,1,3,3,0,4,0,0,1,0,3,0,0,4,0,0,0,1,0,2,1,1,0,0,4,3,0,0,4,3,0,3,0,0,4,0,4,1,3,0,2,0,2,0,4,4,2,0,0,2,0,2,0,0,0,0,0,0,1,4,4,0,4,0,0,2,0,4,4,0,4,0,0,0,0,0,2,0,0,0,0,3,0,1,2,1,4,2,0,2,0,4,2,4,0,4,0,0,3,1,0,0,3,0,3,0,1,3,4,3,0,0,4,0,0,3,0,1,3,1,0,0,0,3,1,1,3,4,0,0,3,0,0,4,4,4,4,1,0,0,0,2,0,0,0,0,4,0,0,0,0,0,0,1,1,2,4,2,0,1,1,0,0,3,0,0,1,1,0,0,0,1,0,4,2,0,0,1,0,2,0,0,3,0,1,4,0,0,1,0,0,1,0,1,3,0,4,0,0,2,2,3,3,0,2,0,0,1,2,3,3,0,4,4,0,0,1,1,4,0,2,0,1,1,4,4,3,0,3,4,2,2,1,2,0,3,0,2,4,3,0,2,3,3,4,0,4,0,0,0,0,4,3,0,2,0,0,3,0,2,2,0,0,1,0,3,1,4,0,0,4,2,0,2,0,3,2,2,0,0,2,1,0,0,3,0,1,0,0,4,3,0,0,0,4,1,0,0,1,0,4,0,0,0,0,0,0,3,0,0,0,4,0,0,1,0,0,2,0,0,3,0,0,0,3,4,4,1,3,2,0,1,0,1,0,0,0,3,0,4,2,0,2,2,1,2,2,0,0,2,1,0,2,1,0,0,0,0,0,1,3,0,0,0,0,4,3,0,0,0,0,1,0,3,0,0,4,0,0,0,0,0,0,0,2,0,1,0,3,0,2,0,0,0,0,0,2,0,3,2,0,0,1,3,0,1,3,2,3,0,0,3,1,0,0,0,1,2,3,1,1,2,0]",ok,
38,uniform,7,1.0,0.42748573683993574,0,,,[],,,,baseline_no_features,
39,uniform,7,0.95,0.42748573683993574,0,,,[],,,,baseline_no_features,
40,uniform,7,0.9,0.42748573683993574,0,,,[],,,,baseline_no_features,
41,uniform,7,0.85,0.42748573683993574,0,,,[],,,,baseline_no_features,
42,uniform,7,0.8,0.42748573683993574,0,,,[],,,,baseline_no_features,
43,uniform,7,0.75,0.42748573683993574,0,,,[],,,,baseline_no_features,
44,uniform,7,0.7,0.42748573683993574,0,,,[],,,,baseline_no_features,
45,uniform,7,0.65,0.42748573683993574,0,,,[],,,,baseline_no_features,
46,uniform,7,0.6,0.42748573683993574,0,,,[],,,,baseline_no_features,
47,uniform,7,0.55,0.42748573683993574,0,,,[],,,,baseline_no_features,
48,uniform,7,0.5,0.49360528204316956,1,fused_4_veryhigh,huang,"[793, 422, 208, 164, 212]",0.24564449742608077,0.07782101167315175,"[1,1,1,2,0,0,1,4,1,0,4,0,4,1,1,1,0,0,2,2,1,0,2,2,1,1,0,0,0,0,1,0,1,0,2,0,0,0,1,1,1,0,0,0,1,1,1,2,0,4,0,3,0,0,0,1,1,1,1,0,1,2,2,1,0,1,0,0,1,1,1,1,1,0,2,1,1,0,0,2,0,1,0,0,1,2,2,1,0,2,1,0,2,1,0,0,4,1,0,1,0,4,0,0,1,4,0,1,0,2,0,4,0,0,1,1,0,0,0,1,1,0,0,0,1,1,1,3,1,0,2,1,1,0,1,0,1,1,1,2,0,0,3,2,1,1,1,0,1,0,0,0,1,2,1,1,0,2,0,0,1,3,0,0,0,2,0,0,0,1,0,0,2,0,0,2,0,4,4,0,1,2,1,2,4,0,0,0,1,0,2,1,1,1,0,0,2,2,0,0,1,0,1,0,4,0,0,3,0,2,0,1,2,2,1,0,0,0,1,1,0,1,1,1,2,0,2,0,0,1,2,0,0,0,0,0,0,0,0,0,0,0,2,0,2,1,0,2,0,4,4,1,0,2,2,1,0,0,1,2,0,0,2,1,0,1,1,0,1,0,0,2,2,0,3,2,0,1,2,0,0,1,0,2,0,2,0,0,1,3,0,1,1,1,0,1,2,0,1,2,0,0,0,2,0,0,0,0,0,0,4,2,0,0,1,0,0,2,0,1,1,1,4,1,0,2,0,2,0,1,0,4,0,0,0,0,0,2,0,0,0,0,1,1,0,0,1,0,0,0,1,0,0,0,0,1,0,0,1,0,0,1,1,0,0,0,0,0,0,1,1,0,1,0,0,0,1,0,0,1,1,0,2,1,0,2,0,0,0,0,1,1,4,0,1,1,0,0,0,0,1,1,0,0,0,0,1,3,1,0,0,0,0,0,2,4,1,2,0,2,0,4,0,2,0,2,0,0,0,1,0,0,4,4,1,0,2,0,1,1,1,0,4,1,3,0,0,2,0,0,3,1,3,0,0,4,0,0,0,0,0,1,1,0,2,0,0,1,1,0,1,1,0,2,0,3,0,2,0,2,2,1,1,1,0,1,4,4,2,2,0,1,1,2,2,0,0,4,0,3,1,0,1,0,0,1,0,0,0,0,1,0,1,1,0,1,0,2,1,0,2,1,1,0,0,2,0,0,2,0,0,2,0,2,0,1,0,1,0,0,1,0,4,0,1,4,0,4,2,1,1,4,0,2,1,2,4,2,0,1,0,0,0,0,0,0,2,0,1,0,0,2,3,1,1,4,0,0,0,2,1,4,1,3,0,1,1,1,0,0,0,1,0,0,1,2,2,2,1,0,2,1,1,1,0,0,1,1,0,2,2,1,1,4,0,0,1,3,0,0,1,1,0,0,2,1,1,0,0,3,0,0,1,0,1,0,0,0,2,4,1,1,0,0,0,0,2,1,1,1,0,1,0,0,1,0,0,2,0,0,4,0,2,1,0,0,0,1,2,2,3,1,0,2,0,4,4,4,1,4,1,0,4,1,2,0,0,0,1,1,2,0,1,1,0,2,4,2,1,0,0,0,0,3,1,2,0,0,0,4,1,0,0,1,1,1,3,2,4,4,1,1,2,1,1,3,0,1,0,4,1,0,1,4,4,0,1,1,1,3,2,0,0,1,1,2,3,0,3,3,4,0,4,3,0,1,3,2,0,4,1,3,0,3,1,0,0,0,4,0,0,0,0,2,0,0,0,1,1,3,0,0,0,1,1,2,0,0,4,0,1,3,1,0,0,1,0,1,2,0,0,4,2,0,0,1,0,0,0,1,0,2,4,0,1,3,0,1,4,1,1,2,1,0,0,1,2,4,0,3,0,0,2,1,3,0,0,2,0,2,0,4,1,1,0,4,0,0,0,1,0,3,0,0,0,1,4,0,4,0,0,2,1,0,1,3,0,0,0,2,1,1,0,0,1,0,1,4,2,0,1,3,0,0,0,3,0,4,1,0,4,1,0,4,1,0,3,0,1,3,4,0,3,0,0,4,0,0,1,1,4,0,0,0,1,0,0,4,0,1,1,2,4,1,1,3,2,4,0,1,0,0,0,4,1,4,0,0,4,1,0,0,1,2,0,1,0,0,0,1,0,0,4,4,4,1,0,0,0,0,1,1,0,0,0,1,4,4,1,0,4,0,1,0,0,3,3,3,1,3,4,3,2,1,0,0,0,0,4,3,0,1,0,0,1,4,0,1,4,1,4,3,0,4,0,4,4,0,1,1,1,0,1,0,4,3,1,4,3,3,2,0,1,1,0,0,0,2,0,0,3,3,0,0,1,2,0,0,0,0,3,0,3,3,0,4,4,1,0,4,3,3,4,4,0,1,3,0,3,0,2,0,3,0,0,4,4,0,1,1,2,2,4,3,0,0,0,3,3,0,4,1,0,2,4,0,4,0,3,1,0,4,0,3,3,1,4,3,3,0,3,3,1,2,0,0,0,1,0,1,0,3,0,0,4,1,4,0,0,1,0,0,0,0,0,1,4,2,1,3,4,2,1,0,0,1,3,0,1,0,0,4,0,1,3,4,4,4,1,0,1,0,0,3,3,3,0,3,4,0,0,3,1,0,0,0,0,0,2,0,0,0,4,3,3,0,0,3,4,2,0,0,0,4,0,0,0,3,0,2,0,0,2,1,0,2,3,4,0,4,0,3,3,2,0,1,1,0,0,1,1,3,2,4,0,1,3,3,0,0,2,1,4,4,0,1,0,0,4,3,0,2,0,3,0,0,3,0,4,4,2,3,0,3,1,4,4,3,3,3,0,0,1,0,0,3,0,2,3,1,3,3,0,0,1,4,3,0,0,1,0,4,4,4,3,0,3,0,0,0,0,4,4,0,0,1,0,0,0,3,0,0,3,2,0,0,0,0,2,0,1,1,2,0,2,3,0,0,1,0,0,1,0,0,1,4,0,1,4,1,0,2,1,0,0,2,0,1,1,0,0,0,0,4,0,4,4,2,3,0,0,0,1,2,0,0,1,0,2,1,4,0,4,0,2,1,1,0,1,0,3,1,4,1,3,1,0,1,0,2,2,0,0,0,1,4,3,3,4,4,1,1,0,1,3,1,4,0,0,2,0,1,1,3,0,0,3,3,0,1,2,4,0,1,2,4,0,4,0,0,2,0,2,3,4,0,4,0,0,0,2,1,0,0,2,0,0,1,4,0,0,0,0,0,3,2,2,0,1,0,0,0,1,2,2,1,2,0,0,0,0,0,1,0,0,0,0,4,0,3,0,4,2,0,1,0,0,2,0,2,0,2,0,0,4,3,0,0,4,1,4,0,3,4,2,4,0,0,1,0,1,4,1,3,4,3,0,0,0,4,3,3,4,2,0,1,4,0,0,2,2,2,2,3,1,1,1,4,0,0,1,1,2,0,0,1,0,1,0,3,3,0,2,0,0,3,3,0,0,4,1,0,3,3,1,0,0,3,0,2,0,1,4,4,0,0,0,1,4,0,3,2,1,0,3,0,1,3,0,4,4,0,2,1,0,0,0,4,4,0,0,0,0,3,0,4,4,0,2,2,1,0,3,4,2,0,0,0,3,3,2,2,4,0,4,1,4,1,3,4,0,4,1,0,2,4,0,4,4,4,2,1,2,0,0,0,2,2,4,0,0,1,0,4,0,4,0,0,1,3,0,4,3,1,0,1,1,0,1,0,0,4,0,0,1,0,0,3,0,0,4,0,3,0,1,2,4,1,0,1,2,3,0,0,3,0,1,1,0,0,1,1,0,4,1,0,1,2,0,1,3,0,0,0,0,0,4,0,0,0,4,2,2,3,4,4,0,3,1,3,0,0,1,4,1,2,1,1,2,0,3,0,0,0,1,0,3,0,0,3,0,0,1,0,0,3,4,0,1,1,2,2,4,0,1,0,1,3,4,4,1,0,2,0,0,0,0,1,1,0,0,1,4,0,4,1,0,0,0,1,0,0,0,0,4,4,0,0,3,4,0,3,4,4,4,0,0,4,3,0,0,1,3,4,4,3,3,4,0]",ok,
49,uniform,7,0.45,0.49360528204316956,1,fused_4_veryhigh,huang,"[793, 422, 208, 164, 212]",0.24564449742608077,0.07782101167315175,"[1,1,1,2,0,0,1,4,1,0,4,0,4,1,1,1,0,0,2,2,1,0,2,2,1,1,0,0,0,0,1,0,1,0,2,0,0,0,1,1,1,0,0,0,1,1,1,2,0,4,0,3,0,0,0,1,1,1,1,0,1,2,2,1,0,1,0,0,1,1,1,1,1,0,2,1,1,0,0,2,0,1,0,0,1,2,2,1,0,2,1,0,2,1,0,0,4,1,0,1,0,4,0,0,1,4,0,1,0,2,0,4,0,0,1,1,0,0,0,1,1,0,0,0,1,1,1,3,1,0,2,1,1,0,1,0,1,1,1,2,0,0,3,2,1,1,1,0,1,0,0,0,1,2,1,1,0,2,0,0,1,3,0,0,0,2,0,0,0,1,0,0,2,0,0,2,0,4,4,0,1,2,1,2,4,0,0,0,1,0,2,1,1,1,0,0,2,2,0,0,1,0,1,0,4,0,0,3,0,2,0,1,2,2,1,0,0,0,1,1,0,1,1,1,2,0,2,0,0,1,2,0,0,0,0,0,0,0,0,0,0,0,2,0,2,1,0,2,0,4,4,1,0,2,2,1,0,0,1,2,0,0,2,1,0,1,1,0,1,0,0,2,2,0,3,2,0,1,2,0,0,1,0,2,0,2,0,0,1,3,0,1,1,1,0,1,2,0,1,2,0,0,0,2,0,0,0,0,0,0,4,2,0,0,1,0,0,2,0,1,1,1,4,1,0,2,0,2,0,1,0,4,0,0,0,0,0,2,0,0,0,0,1,1,0,0,1,0,0,0,1,0,0,0,0,1,0,0,1,0,0,1,1,0,0,0,0,0,0,1,1,0,1,0,0,0,1,0,0,1,1,0,2,1,0,2,0,0,0,0,1,1,4,0,1,1,0,0,0,0,1,1,0,0,0,0,1,3,1,0,0,0,0,0,2,4,1,2,0,2,0,4,0,2,0,2,0,0,0,1,0,0,4,4,1,0,2,0,1,1,1,0,4,1,3,0,0,2,0,0,3,1,3,0,0,4,0,0,0,0,0,1,1,0,2,0,0,1,1,0,1,1,0,2,0,3,0,2,0,2,2,1,1,1,0,1,4,4,2,2,0,1,1,2,2,0,0,4,0,3,1,0,1,0,0,1,0,0,0,0,1,0,1,1,0,1,0,2,1,0,2,1,1,0,0,2,0,0,2,0,0,2,0,2,0,1,0,1,0,0,1,0,4,0,1,4,0,4,2,1,1,4,0,2,1,2,4,2,0,1,0,0,0,0,0,0,2,0,1,0,0,2,3,1,1,4,0,0,0,2,1,4,1,3,0,1,1,1,0,0,0,1,0,0,1,2,2,2,1,0,2,1,1,1,0,0,1,1,0,2,2,1,1,4,0,0,1,3,0,0,1,1,0,0,2,1,1,0,0,3,0,0,1,0,1,0,0,0,2,4,1,1,0,0,0,0,2,1,1,1,0,1,0,0,1,0,0,2,0,0,4,0,2,1,0,0,0,1,2,2,3,1,0,2,0,4,4,4,1,4,1,0,4,1,2,0,0,0,1,1,2,0,1,1,0,2,4,2,1,0,0,0,0,3,1,2,0,0,0,4,1,0,0,1,1,1,3,2,4,4,1,1,2,1,1,3,0,1,0,4,1,0,1,4,4,0,1,1,1,3,2,0,0,1,1,2,3,0,3,3,4,0,4,3,0,1,3,2,0,4,1,3,0,3,1,0,0,0,4,0,0,0,0,2,0,0,0,1,1,3,0,0,0,1,1,2,0,0,4,0,1,3,1,0,0,1,0,1,2,0,0,4,2,0,0,1,0,0,0,1,0,2,4,0,1,3,0,1,4,1,1,2,1,0,0,1,2,4,0,3,0,0,2,1,3,0,0,2,0,2,0,4,1,1,0,4,0,0,0,1,0,3,0,0,0,1,4,0,4,0,0,2,1,0,1,3,0,0,0,2,1,1,0,0,1,0,1,4,2,0,1,3,0,0,0,3,0,4,1,0,4,1,0,4,1,0,3,0,1,3,4,0,3,0,0,4,0,0,1,1,4,0,0,0,1,0,0,4,0,1,1,2,4,1,1,3,2,4,0,1,0,0,0,4,1,4,0,0,4,1,0,0,1,2,0,1,0,0,0,1,0,0,4,4,4,1,0,0,0,0,1,1,0,0,0,1,4,4,1,0,4,0,1,0,0,3,3,3,1,3,4,3,2,1,0,0,0,0,4,3,0,1,0,0,1,4,0,1,4,1,4,3,0,4,0,4,4,0,1,1,1,0,1,0,4,3,1,4,3,3,2,0,1,1,0,0,0,2,0,0,3,3,0,0,1,2,0,0,0,0,3,0,3,3,0,4,4,1,0,4,3,3,4,4,0,1,3,0,3,0,2,0,3,0,0,4,4,0,1,1,2,2,4,3,0,0,0,3,3,0,4,1,0,2,4,0,4,0,3,1,0,4,0,3,3,1,4,3,3,0,3,3,1,2,0,0,0,1,0,1,0,3,0,0,4,1,4,0,0,1,0,0,0,0,0,1,4,2,1,3,4,2,1,0,0,1,3,0,1,0,0,4,0,1,3,4,4,4,1,0,1,0,0,3,3,3,0,3,4,0,0,3,1,0,0,0,0,0,2,0,0,0,4,3,3,0,0,3,4,2,0,0,0,4,0,0,0,3,0,2,0,0,2,1,0,2,3,4,0,4,0,3,3,2,0,1,1,0,0,1,1,3,2,4,0,1,3,3,0,0,2,1,4,4,0,1,0,0,4,3,0,2,0,3,0,0,3,0,4,4,2,3,0,3,1,4,4,3,3,3,0,0,1,0,0,3,0,2,3,1,3,3,0,0,1,4,3,0,0,1,0,4,4,4,3,0,3,0,0,0,0,4,4,0,0,1,0,0,0,3,0,0,3,2,0,0,0,0,2,0,1,1,2,0,2,3,0,0,1,0,0,1,0,0,1,4,0,1,4,1,0,2,1,0,0,2,0,1,1,0,0,0,0,4,0,4,4,2,3,0,0,0,1,2,0,0,1,0,2,1,4,0,4,0,2,1,1,0,1,0,3,1,4,1,3,1,0,1,0,2,2,0,0,0,1,4,3,3,4,4,1,1,0,1,3,1,4,0,0,2,0,1,1,3,0,0,3,3,0,1,2,4,0,1,2,4,0,4,0,0,2,0,2,3,4,0,4,0,0,0,2,1,0,0,2,0,0,1,4,0,0,0,0,0,3,2,2,0,1,0,0,0,1,2,2,1,2,0,0,0,0,0,1,0,0,0,0,4,0,3,0,4,2,0,1,0,0,2,0,2,0,2,0,0,4,3,0,0,4,1,4,0,3,4,2,4,0,0,1,0,1,4,1,3,4,3,0,0,0,4,3,3,4,2,0,1,4,0,0,2,2,2,2,3,1,1,1,4,0,0,1,1,2,0,0,1,0,1,0,3,3,0,2,0,0,3,3,0,0,4,1,0,3,3,1,0,0,3,0,2,0,1,4,4,0,0,0,1,4,0,3,2,1,0,3,0,1,3,0,4,4,0,2,1,0,0,0,4,4,0,0,0,0,3,0,4,4,0,2,2,1,0,3,4,2,0,0,0,3,3,2,2,4,0,4,1,4,1,3,4,0,4,1,0,2,4,0,4,4,4,2,1,2,0,0,0,2,2,4,0,0,1,0,4,0,4,0,0,1,3,0,4,3,1,0,1,1,0,1,0,0,4,0,0,1,0,0,3,0,0,4,0,3,0,1,2,4,1,0,1,2,3,0,0,3,0,1,1,0,0,1,1,0,4,1,0,1,2,0,1,3,0,0,0,0,0,4,0,0,0,4,2,2,3,4,4,0,3,1,3,0,0,1,4,1,2,1,1,2,0,3,0,0,0,1,0,3,0,0,3,0,0,1,0,0,3,4,0,1,1,2,2,4,0,1,0,1,3,4,4,1,0,2,0,0,0,0,1,1,0,0,1,4,0,4,1,0,0,0,1,0,0,0,0,4,4,0,0,3,4,0,3,4,4,4,0,0,4,3,0,0,1,3,4,4,3,3,4,0]",ok,
50,uniform,7,0.4,0.5283286884409845,1,fused_5_low,cao,"[164, 722, 457, 253, 203]",0.1977616238517276,0.018899388549193995,"[3,2,3,3,1,2,1,4,3,1,4,1,4,1,1,1,1,1,3,3,1,1,3,3,1,3,2,1,2,1,3,1,3,1,3,1,1,1,1,2,1,2,1,1,1,3,3,3,2,4,2,0,1,1,1,2,1,1,1,1,1,3,3,1,2,1,2,1,3,3,1,1,3,2,3,3,1,2,2,3,2,1,1,1,1,3,3,3,1,3,2,4,3,1,1,1,4,1,1,2,1,4,2,1,1,4,1,1,1,3,1,4,1,2,1,1,1,1,2,1,1,1,1,1,1,2,1,0,1,1,3,2,1,1,1,2,1,1,1,3,2,1,0,3,3,3,2,1,1,2,1,2,2,3,3,3,2,3,2,2,3,0,1,1,2,3,1,1,1,1,2,1,3,2,1,3,2,4,4,2,2,3,1,3,4,1,2,2,2,1,3,3,2,2,1,1,3,3,1,1,1,2,1,2,4,2,1,0,1,3,1,2,1,3,1,1,1,1,1,3,1,2,3,2,3,1,3,2,2,2,3,1,1,1,2,1,1,1,1,1,1,2,3,1,1,1,1,3,2,4,4,1,1,3,3,1,2,1,2,3,2,2,3,3,1,1,1,2,1,1,1,3,1,2,0,3,2,2,3,2,2,1,2,3,1,3,1,1,1,0,1,1,1,2,1,1,3,1,2,3,1,2,1,3,1,1,2,1,2,1,4,3,1,1,1,1,2,3,1,1,1,2,4,1,1,3,1,3,1,1,2,4,1,2,2,4,2,3,2,2,1,2,1,1,2,1,1,2,2,1,1,1,2,2,1,2,1,2,1,2,1,1,3,2,1,1,1,2,2,2,1,1,3,1,1,2,1,1,2,3,2,1,3,1,1,3,1,2,1,2,3,1,4,2,1,3,2,1,2,2,1,1,2,2,1,2,1,0,2,1,1,1,2,1,3,4,1,3,1,1,1,4,2,3,1,3,1,1,1,3,1,1,4,4,3,1,3,1,2,1,2,1,4,1,0,1,1,3,1,2,0,2,0,2,2,4,1,2,2,2,1,1,2,2,3,2,2,1,1,1,1,1,1,3,1,0,1,3,2,3,3,2,1,2,2,2,4,4,3,1,1,2,3,3,3,1,1,4,2,0,1,1,1,1,1,1,1,1,1,1,1,1,1,1,1,2,1,1,1,2,3,2,1,1,1,1,1,1,1,2,1,3,1,3,1,3,1,2,1,1,3,1,4,2,1,4,2,2,3,3,1,4,1,3,2,3,4,3,1,3,2,1,2,1,2,2,3,1,1,1,1,1,0,3,1,4,1,2,2,3,2,4,1,0,2,1,2,2,1,1,1,3,1,2,1,3,1,3,1,2,3,2,3,3,1,1,1,1,1,3,3,1,1,4,1,2,3,0,1,2,2,1,1,1,3,3,2,1,1,0,1,1,2,1,1,1,2,2,3,4,1,2,2,1,1,2,3,3,1,2,2,3,1,2,1,1,1,3,1,2,4,1,3,2,1,2,1,1,3,3,0,1,1,3,1,4,4,4,2,4,3,2,4,2,3,2,2,1,1,1,3,2,1,1,2,3,4,3,2,2,1,1,2,0,3,3,2,1,1,4,2,1,1,2,2,2,0,3,4,2,1,3,3,1,1,0,2,1,1,4,1,2,1,4,4,1,1,1,1,0,3,2,1,1,2,3,0,1,0,0,4,2,4,0,1,1,0,3,1,4,1,0,1,0,2,2,2,2,4,2,1,2,1,3,2,1,2,1,1,0,2,2,2,1,1,3,1,1,4,1,1,0,1,1,2,2,1,2,3,2,1,4,3,1,1,3,2,2,2,1,2,3,4,1,3,0,1,1,4,1,2,3,2,2,1,1,2,4,1,0,2,1,3,1,0,1,2,3,2,3,1,4,1,1,1,1,1,1,1,1,2,0,1,1,2,1,4,1,4,2,1,3,1,2,1,0,1,2,1,3,1,1,1,2,1,1,1,4,3,1,2,0,2,2,2,0,1,4,1,1,4,2,2,4,2,2,0,2,2,0,4,1,0,2,1,4,1,1,2,2,4,2,1,1,1,1,1,4,1,2,1,3,4,3,2,0,3,4,2,1,2,1,2,4,3,4,1,2,4,2,1,2,1,3,1,2,1,1,2,2,1,1,4,4,4,1,1,2,2,2,1,1,1,2,1,2,4,4,1,1,4,1,1,2,2,0,0,0,1,0,4,0,3,1,1,2,1,1,4,0,2,3,2,2,1,4,2,1,4,1,1,0,1,4,2,4,4,2,1,1,1,1,1,1,4,0,3,4,0,0,3,2,1,1,1,1,2,3,1,2,0,0,2,2,1,3,2,1,1,1,0,2,0,0,2,4,4,1,2,4,0,0,4,4,1,2,0,1,0,2,3,1,0,2,2,4,4,1,1,3,3,1,4,0,1,2,2,0,0,1,4,1,1,3,4,2,4,1,0,1,2,4,2,0,0,1,4,0,0,2,0,0,1,3,2,1,2,1,2,2,2,0,1,2,4,2,4,1,2,2,2,1,1,1,2,1,4,3,1,0,4,3,1,2,2,1,0,2,1,1,2,4,2,1,0,2,4,4,3,1,1,1,1,0,0,0,2,0,4,1,2,0,1,2,2,4,2,2,3,1,2,1,1,0,0,2,2,0,4,3,1,1,2,4,1,2,1,0,1,3,1,1,3,1,2,3,0,4,1,4,1,0,0,3,1,2,2,1,1,2,1,0,3,1,2,1,0,0,2,1,3,1,4,4,1,1,2,2,4,0,1,3,1,0,2,1,0,1,4,4,3,0,1,0,1,4,4,0,0,0,2,1,2,1,1,0,1,3,0,1,0,0,2,2,2,2,0,2,1,1,1,4,4,4,0,1,0,1,2,1,2,4,4,2,2,1,1,1,2,0,1,2,0,3,2,2,2,1,1,2,1,1,3,2,3,0,2,1,3,2,1,1,1,2,1,4,2,2,4,1,1,3,1,1,2,3,2,1,2,2,2,2,1,4,1,1,4,3,0,4,1,1,1,3,1,2,2,2,3,3,4,1,4,1,3,1,1,1,1,1,0,2,4,3,0,3,2,1,2,3,3,1,1,2,1,4,0,0,4,4,1,3,2,1,0,2,4,1,2,3,1,1,2,0,2,2,0,0,2,1,3,4,2,1,3,4,2,4,2,1,3,1,3,0,4,2,2,1,2,1,3,3,2,2,1,2,1,2,1,2,2,2,1,1,0,3,3,1,1,1,2,2,1,3,3,1,3,1,2,1,1,1,2,2,1,1,1,4,1,0,1,4,3,2,1,2,2,3,2,3,1,3,1,1,4,0,1,1,4,1,4,1,0,4,3,4,2,2,1,2,1,4,2,0,4,0,2,1,1,4,0,0,4,3,1,2,4,1,1,3,3,3,3,0,2,1,1,4,2,1,2,1,3,2,2,1,2,2,1,0,0,1,3,2,1,0,0,2,1,4,1,2,0,0,1,1,2,0,1,3,2,1,2,4,1,1,2,1,4,1,0,3,1,1,0,1,2,0,1,4,4,2,3,2,1,2,1,4,4,2,2,1,1,0,2,4,4,1,3,3,2,1,0,4,3,2,2,2,0,0,3,3,4,1,4,3,4,1,0,4,2,4,1,2,3,4,1,4,4,4,1,1,3,2,2,2,1,3,4,2,2,2,1,4,1,4,2,1,1,0,1,4,0,3,2,1,3,1,1,2,2,4,1,1,1,1,1,0,1,1,4,2,0,1,2,3,4,2,2,2,3,0,2,1,0,1,3,1,1,2,1,2,2,4,1,2,1,3,1,1,0,1,1,2,2,1,4,1,1,1,4,3,3,0,4,4,2,0,1,0,2,1,1,4,1,3,1,1,2,1,0,2,1,1,1,2,0,1,2,0,1,1,2,2,1,0,4,1,2,1,2,3,4,1,1,2,1,0,1,4,2,2,3,1,2,1,2,1,1,1,4,1,4,1,4,1,2,1,2,1,1,1,2,1,4,2,2,1,0,4,2,0,4,4,4,2,2,4,0,2,1,2,0,4,4,0,0,4,1]",ok,
51,uniform,7,0.35,0.5283286884409845,1,fused_5_low,cao,"[164, 722, 457, 253, 203]",0.1977616238517276,0.018899388549193995,"[3,2,3,3,1,2,1,4,3,1,4,1,4,1,1,1,1,1,3,3,1,1,3,3,1,3,2,1,2,1,3,1,3,1,3,1,1,1,1,2,1,2,1,1,1,3,3,3,2,4,2,0,1,1,1,2,1,1,1,1,1,3,3,1,2,1,2,1,3,3,1,1,3,2,3,3,1,2,2,3,2,1,1,1,1,3,3,3,1,3,2,4,3,1,1,1,4,1,1,2,1,4,2,1,1,4,1,1,1,3,1,4,1,2,1,1,1,1,2,1,1,1,1,1,1,2,1,0,1,1,3,2,1,1,1,2,1,1,1,3,2,1,0,3,3,3,2,1,1,2,1,2,2,3,3,3,2,3,2,2,3,0,1,1,2,3,1,1,1,1,2,1,3,2,1,3,2,4,4,2,2,3,1,3,4,1,2,2,2,1,3,3,2,2,1,1,3,3,1,1,1,2,1,2,4,2,1,0,1,3,1,2,1,3,1,1,1,1,1,3,1,2,3,2,3,1,3,2,2,2,3,1,1,1,2,1,1,1,1,1,1,2,3,1,1,1,1,3,2,4,4,1,1,3,3,1,2,1,2,3,2,2,3,3,1,1,1,2,1,1,1,3,1,2,0,3,2,2,3,2,2,1,2,3,1,3,1,1,1,0,1,1,1,2,1,1,3,1,2,3,1,2,1,3,1,1,2,1,2,1,4,3,1,1,1,1,2,3,1,1,1,2,4,1,1,3,1,3,1,1,2,4,1,2,2,4,2,3,2,2,1,2,1,1,2,1,1,2,2,1,1,1,2,2,1,2,1,2,1,2,1,1,3,2,1,1,1,2,2,2,1,1,3,1,1,2,1,1,2,3,2,1,3,1,1,3,1,2,1,2,3,1,4,2,1,3,2,1,2,2,1,1,2,2,1,2,1,0,2,1,1,1,2,1,3,4,1,3,1,1,1,4,2,3,1,3,1,1,1,3,1,1,4,4,3,1,3,1,2,1,2,1,4,1,0,1,1,3,1,2,0,2,0,2,2,4,1,2,2,2,1,1,2,2,3,2,2,1,1,1,1,1,1,3,1,0,1,3,2,3,3,2,1,2,2,2,4,4,3,1,1,2,3,3,3,1,1,4,2,0,1,1,1,1,1,1,1,1,1,1,1,1,1,1,1,2,1,1,1,2,3,2,1,1,1,1,1,1,1,2,1,3,1,3,1,3,1,2,1,1,3,1,4,2,1,4,2,2,3,3,1,4,1,3,2,3,4,3,1,3,2,1,2,1,2,2,3,1,1,1,1,1,0,3,1,4,1,2,2,3,2,4,1,0,2,1,2,2,1,1,1,3,1,2,1,3,1,3,1,2,3,2,3,3,1,1,1,1,1,3,3,1,1,4,1,2,3,0,1,2,2,1,1,1,3,3,2,1,1,0,1,1,2,1,1,1,2,2,3,4,1,2,2,1,1,2,3,3,1,2,2,3,1,2,1,1,1,3,1,2,4,1,3,2,1,2,1,1,3,3,0,1,1,3,1,4,4,4,2,4,3,2,4,2,3,2,2,1,1,1,3,2,1,1,2,3,4,3,2,2,1,1,2,0,3,3,2,1,1,4,2,1,1,2,2,2,0,3,4,2,1,3,3,1,1,0,2,1,1,4,1,2,1,4,4,1,1,1,1,0,3,2,1,1,2,3,0,1,0,0,4,2,4,0,1,1,0,3,1,4,1,0,1,0,2,2,2,2,4,2,1,2,1,3,2,1,2,1,1,0,2,2,2,1,1,3,1,1,4,1,1,0,1,1,2,2,1,2,3,2,1,4,3,1,1,3,2,2,2,1,2,3,4,1,3,0,1,1,4,1,2,3,2,2,1,1,2,4,1,0,2,1,3,1,0,1,2,3,2,3,1,4,1,1,1,1,1,1,1,1,2,0,1,1,2,1,4,1,4,2,1,3,1,2,1,0,1,2,1,3,1,1,1,2,1,1,1,4,3,1,2,0,2,2,2,0,1,4,1,1,4,2,2,4,2,2,0,2,2,0,4,1,0,2,1,4,1,1,2,2,4,2,1,1,1,1,1,4,1,2,1,3,4,3,2,0,3,4,2,1,2,1,2,4,3,4,1,2,4,2,1,2,1,3,1,2,1,1,2,2,1,1,4,4,4,1,1,2,2,2,1,1,1,2,1,2,4,4,1,1,4,1,1,2,2,0,0,0,1,0,4,0,3,1,1,2,1,1,4,0,2,3,2,2,1,4,2,1,4,1,1,0,1,4,2,4,4,2,1,1,1,1,1,1,4,0,3,4,0,0,3,2,1,1,1,1,2,3,1,2,0,0,2,2,1,3,2,1,1,1,0,2,0,0,2,4,4,1,2,4,0,0,4,4,1,2,0,1,0,2,3,1,0,2,2,4,4,1,1,3,3,1,4,0,1,2,2,0,0,1,4,1,1,3,4,2,4,1,0,1,2,4,2,0,0,1,4,0,0,2,0,0,1,3,2,1,2,1,2,2,2,0,1,2,4,2,4,1,2,2,2,1,1,1,2,1,4,3,1,0,4,3,1,2,2,1,0,2,1,1,2,4,2,1,0,2,4,4,3,1,1,1,1,0,0,0,2,0,4,1,2,0,1,2,2,4,2,2,3,1,2,1,1,0,0,2,2,0,4,3,1,1,2,4,1,2,1,0,1,3,1,1,3,1,2,3,0,4,1,4,1,0,0,3,1,2,2,1,1,2,1,0,3,1,2,1,0,0,2,1,3,1,4,4,1,1,2,2,4,0,1,3,1,0,2,1,0,1,4,4,3,0,1,0,1,4,4,0,0,0,2,1,2,1,1,0,1,3,0,1,0,0,2,2,2,2,0,2,1,1,1,4,4,4,0,1,0,1,2,1,2,4,4,2,2,1,1,1,2,0,1,2,0,3,2,2,2,1,1,2,1,1,3,2,3,0,2,1,3,2,1,1,1,2,1,4,2,2,4,1,1,3,1,1,2,3,2,1,2,2,2,2,1,4,1,1,4,3,0,4,1,1,1,3,1,2,2,2,3,3,4,1,4,1,3,1,1,1,1,1,0,2,4,3,0,3,2,1,2,3,3,1,1,2,1,4,0,0,4,4,1,3,2,1,0,2,4,1,2,3,1,1,2,0,2,2,0,0,2,1,3,4,2,1,3,4,2,4,2,1,3,1,3,0,4,2,2,1,2,1,3,3,2,2,1,2,1,2,1,2,2,2,1,1,0,3,3,1,1,1,2,2,1,3,3,1,3,1,2,1,1,1,2,2,1,1,1,4,1,0,1,4,3,2,1,2,2,3,2,3,1,3,1,1,4,0,1,1,4,1,4,1,0,4,3,4,2,2,1,2,1,4,2,0,4,0,2,1,1,4,0,0,4,3,1,2,4,1,1,3,3,3,3,0,2,1,1,4,2,1,2,1,3,2,2,1,2,2,1,0,0,1,3,2,1,0,0,2,1,4,1,2,0,0,1,1,2,0,1,3,2,1,2,4,1,1,2,1,4,1,0,3,1,1,0,1,2,0,1,4,4,2,3,2,1,2,1,4,4,2,2,1,1,0,2,4,4,1,3,3,2,1,0,4,3,2,2,2,0,0,3,3,4,1,4,3,4,1,0,4,2,4,1,2,3,4,1,4,4,4,1,1,3,2,2,2,1,3,4,2,2,2,1,4,1,4,2,1,1,0,1,4,0,3,2,1,3,1,1,2,2,4,1,1,1,1,1,0,1,1,4,2,0,1,2,3,4,2,2,2,3,0,2,1,0,1,3,1,1,2,1,2,2,4,1,2,1,3,1,1,0,1,1,2,2,1,4,1,1,1,4,3,3,0,4,4,2,0,1,0,2,1,1,4,1,3,1,1,2,1,0,2,1,1,1,2,0,1,2,0,1,1,2,2,1,0,4,1,2,1,2,3,4,1,1,2,1,0,1,4,2,2,3,1,2,1,2,1,1,1,4,1,4,1,4,1,2,1,2,1,1,1,2,1,4,2,2,1,0,4,2,0,4,4,4,2,2,4,0,2,1,2,0,4,4,0,0,4,1]",ok,
52,uniform,7,0.3,0.5283286884409845,1,fused_5_low,cao,"[164, 722, 457, 253, 203]",0.1977616238517276,0.018899388549193995,"[3,2,3,3,1,2,1,4,3,1,4,1,4,1,1,1,1,1,3,3,1,1,3,3,1,3,2,1,2,1,3,1,3,1,3,1,1,1,1,2,1,2,1,1,1,3,3,3,2,4,2,0,1,1,1,2,1,1,1,1,1,3,3,1,2,1,2,1,3,3,1,1,3,2,3,3,1,2,2,3,2,1,1,1,1,3,3,3,1,3,2,4,3,1,1,1,4,1,1,2,1,4,2,1,1,4,1,1,1,3,1,4,1,2,1,1,1,1,2,1,1,1,1,1,1,2,1,0,1,1,3,2,1,1,1,2,1,1,1,3,2,1,0,3,3,3,2,1,1,2,1,2,2,3,3,3,2,3,2,2,3,0,1,1,2,3,1,1,1,1,2,1,3,2,1,3,2,4,4,2,2,3,1,3,4,1,2,2,2,1,3,3,2,2,1,1,3,3,1,1,1,2,1,2,4,2,1,0,1,3,1,2,1,3,1,1,1,1,1,3,1,2,3,2,3,1,3,2,2,2,3,1,1,1,2,1,1,1,1,1,1,2,3,1,1,1,1,3,2,4,4,1,1,3,3,1,2,1,2,3,2,2,3,3,1,1,1,2,1,1,1,3,1,2,0,3,2,2,3,2,2,1,2,3,1,3,1,1,1,0,1,1,1,2,1,1,3,1,2,3,1,2,1,3,1,1,2,1,2,1,4,3,1,1,1,1,2,3,1,1,1,2,4,1,1,3,1,3,1,1,2,4,1,2,2,4,2,3,2,2,1,2,1,1,2,1,1,2,2,1,1,1,2,2,1,2,1,2,1,2,1,1,3,2,1,1,1,2,2,2,1,1,3,1,1,2,1,1,2,3,2,1,3,1,1,3,1,2,1,2,3,1,4,2,1,3,2,1,2,2,1,1,2,2,1,2,1,0,2,1,1,1,2,1,3,4,1,3,1,1,1,4,2,3,1,3,1,1,1,3,1,1,4,4,3,1,3,1,2,1,2,1,4,1,0,1,1,3,1,2,0,2,0,2,2,4,1,2,2,2,1,1,2,2,3,2,2,1,1,1,1,1,1,3,1,0,1,3,2,3,3,2,1,2,2,2,4,4,3,1,1,2,3,3,3,1,1,4,2,0,1,1,1,1,1,1,1,1,1,1,1,1,1,1,1,2,1,1,1,2,3,2,1,1,1,1,1,1,1,2,1,3,1,3,1,3,1,2,1,1,3,1,4,2,1,4,2,2,3,3,1,4,1,3,2,3,4,3,1,3,2,1,2,1,2,2,3,1,1,1,1,1,0,3,1,4,1,2,2,3,2,4,1,0,2,1,2,2,1,1,1,3,1,2,1,3,1,3,1,2,3,2,3,3,1,1,1,1,1,3,3,1,1,4,1,2,3,0,1,2,2,1,1,1,3,3,2,1,1,0,1,1,2,1,1,1,2,2,3,4,1,2,2,1,1,2,3,3,1,2,2,3,1,2,1,1,1,3,1,2,4,1,3,2,1,2,1,1,3,3,0,1,1,3,1,4,4,4,2,4,3,2,4,2,3,2,2,1,1,1,3,2,1,1,2,3,4,3,2,2,1,1,2,0,3,3,2,1,1,4,2,1,1,2,2,2,0,3,4,2,1,3,3,1,1,0,2,1,1,4,1,2,1,4,4,1,1,1,1,0,3,2,1,1,2,3,0,1,0,0,4,2,4,0,1,1,0,3,1,4,1,0,1,0,2,2,2,2,4,2,1,2,1,3,2,1,2,1,1,0,2,2,2,1,1,3,1,1,4,1,1,0,1,1,2,2,1,2,3,2,1,4,3,1,1,3,2,2,2,1,2,3,4,1,3,0,1,1,4,1,2,3,2,2,1,1,2,4,1,0,2,1,3,1,0,1,2,3,2,3,1,4,1,1,1,1,1,1,1,1,2,0,1,1,2,1,4,1,4,2,1,3,1,2,1,0,1,2,1,3,1,1,1,2,1,1,1,4,3,1,2,0,2,2,2,0,1,4,1,1,4,2,2,4,2,2,0,2,2,0,4,1,0,2,1,4,1,1,2,2,4,2,1,1,1,1,1,4,1,2,1,3,4,3,2,0,3,4,2,1,2,1,2,4,3,4,1,2,4,2,1,2,1,3,1,2,1,1,2,2,1,1,4,4,4,1,1,2,2,2,1,1,1,2,1,2,4,4,1,1,4,1,1,2,2,0,0,0,1,0,4,0,3,1,1,2,1,1,4,0,2,3,2,2,1,4,2,1,4,1,1,0,1,4,2,4,4,2,1,1,1,1,1,1,4,0,3,4,0,0,3,2,1,1,1,1,2,3,1,2,0,0,2,2,1,3,2,1,1,1,0,2,0,0,2,4,4,1,2,4,0,0,4,4,1,2,0,1,0,2,3,1,0,2,2,4,4,1,1,3,3,1,4,0,1,2,2,0,0,1,4,1,1,3,4,2,4,1,0,1,2,4,2,0,0,1,4,0,0,2,0,0,1,3,2,1,2,1,2,2,2,0,1,2,4,2,4,1,2,2,2,1,1,1,2,1,4,3,1,0,4,3,1,2,2,1,0,2,1,1,2,4,2,1,0,2,4,4,3,1,1,1,1,0,0,0,2,0,4,1,2,0,1,2,2,4,2,2,3,1,2,1,1,0,0,2,2,0,4,3,1,1,2,4,1,2,1,0,1,3,1,1,3,1,2,3,0,4,1,4,1,0,0,3,1,2,2,1,1,2,1,0,3,1,2,1,0,0,2,1,3,1,4,4,1,1,2,2,4,0,1,3,1,0,2,1,0,1,4,4,3,0,1,0,1,4,4,0,0,0,2,1,2,1,1,0,1,3,0,1,0,0,2,2,2,2,0,2,1,1,1,4,4,4,0,1,0,1,2,1,2,4,4,2,2,1,1,1,2,0,1,2,0,3,2,2,2,1,1,2,1,1,3,2,3,0,2,1,3,2,1,1,1,2,1,4,2,2,4,1,1,3,1,1,2,3,2,1,2,2,2,2,1,4,1,1,4,3,0,4,1,1,1,3,1,2,2,2,3,3,4,1,4,1,3,1,1,1,1,1,0,2,4,3,0,3,2,1,2,3,3,1,1,2,1,4,0,0,4,4,1,3,2,1,0,2,4,1,2,3,1,1,2,0,2,2,0,0,2,1,3,4,2,1,3,4,2,4,2,1,3,1,3,0,4,2,2,1,2,1,3,3,2,2,1,2,1,2,1,2,2,2,1,1,0,3,3,1,1,1,2,2,1,3,3,1,3,1,2,1,1,1,2,2,1,1,1,4,1,0,1,4,3,2,1,2,2,3,2,3,1,3,1,1,4,0,1,1,4,1,4,1,0,4,3,4,2,2,1,2,1,4,2,0,4,0,2,1,1,4,0,0,4,3,1,2,4,1,1,3,3,3,3,0,2,1,1,4,2,1,2,1,3,2,2,1,2,2,1,0,0,1,3,2,1,0,0,2,1,4,1,2,0,0,1,1,2,0,1,3,2,1,2,4,1,1,2,1,4,1,0,3,1,1,0,1,2,0,1,4,4,2,3,2,1,2,1,4,4,2,2,1,1,0,2,4,4,1,3,3,2,1,0,4,3,2,2,2,0,0,3,3,4,1,4,3,4,1,0,4,2,4,1,2,3,4,1,4,4,4,1,1,3,2,2,2,1,3,4,2,2,2,1,4,1,4,2,1,1,0,1,4,0,3,2,1,3,1,1,2,2,4,1,1,1,1,1,0,1,1,4,2,0,1,2,3,4,2,2,2,3,0,2,1,0,1,3,1,1,2,1,2,2,4,1,2,1,3,1,1,0,1,1,2,2,1,4,1,1,1,4,3,3,0,4,4,2,0,1,0,2,1,1,4,1,3,1,1,2,1,0,2,1,1,1,2,0,1,2,0,1,1,2,2,1,0,4,1,2,1,2,3,4,1,1,2,1,0,1,4,2,2,3,1,2,1,2,1,1,1,4,1,4,1,4,1,2,1,2,1,1,1,2,1,4,2,2,1,0,4,2,0,4,4,4,2,2,4,0,2,1,2,0,4,4,0,0,4,1]",ok,
53,uniform,7,0.25,0.5136198646019429,2,"fused_4_megahigh, fused_2_medium+fused_4_veryhigh",huang,"[338, 440, 249, 166, 606]",0.26616241394511697,0.0689271817676487,"[1,1,1,0,4,4,1,2,1,4,2,4,2,1,1,1,1,4,0,0,1,0,0,0,1,1,4,4,4,4,1,4,1,4,0,4,4,4,1,1,1,4,1,4,1,1,1,0,4,2,4,3,4,4,4,1,1,1,1,4,1,0,0,1,4,1,4,4,1,1,1,1,1,4,0,1,1,2,4,0,4,1,4,0,1,0,0,1,4,0,1,2,0,1,4,4,2,1,4,1,4,2,2,4,1,2,0,1,4,0,4,2,1,1,1,1,4,0,0,1,1,4,4,4,1,1,1,3,1,0,0,1,1,4,1,0,1,1,1,0,4,0,3,0,1,1,1,4,1,4,4,0,1,0,1,1,2,0,4,0,1,3,4,4,0,0,4,4,0,1,4,4,0,4,4,0,0,2,2,4,1,0,1,0,2,4,1,2,1,4,0,1,1,1,4,4,1,0,4,0,1,2,1,4,2,4,4,3,4,0,4,1,0,0,1,4,4,4,1,1,4,1,1,1,0,4,0,4,4,1,0,4,4,4,4,4,4,4,4,4,4,4,0,4,0,1,0,0,4,2,2,1,4,0,0,1,4,4,1,0,4,4,0,1,4,1,1,0,1,4,4,0,0,4,3,0,4,1,0,4,4,1,4,0,4,0,0,4,1,3,0,1,1,1,4,1,0,4,1,0,4,0,4,0,4,4,4,1,4,4,2,0,4,0,1,4,4,0,0,1,1,1,2,1,4,0,4,0,4,1,0,3,0,0,4,2,4,0,4,2,4,4,1,1,4,4,1,4,4,4,1,4,4,0,4,1,4,4,1,4,0,1,1,0,4,4,4,0,4,1,1,4,1,4,4,2,1,4,4,1,1,4,0,1,4,0,4,4,4,4,1,1,2,4,1,1,4,4,4,0,1,1,4,0,4,4,1,3,1,4,4,4,0,1,0,2,1,0,4,0,4,2,1,0,4,0,0,4,0,1,4,4,2,2,1,4,0,4,1,1,1,4,2,1,3,4,4,0,4,4,3,1,3,4,4,2,4,4,0,4,4,1,1,2,0,0,2,1,1,0,1,1,4,0,4,3,4,0,4,0,0,1,1,1,4,1,2,2,0,0,4,1,1,0,0,4,4,2,4,3,1,4,1,4,0,1,0,4,4,4,1,4,1,1,4,1,4,0,1,4,0,1,1,4,4,0,0,4,0,4,4,0,4,0,4,1,4,1,4,0,1,4,2,0,1,2,4,2,0,1,1,2,4,0,1,0,2,0,4,1,0,4,1,4,4,4,1,0,1,4,4,0,3,1,1,2,0,4,4,0,1,2,1,3,2,1,1,1,4,1,4,1,4,4,1,0,0,0,1,4,0,1,1,1,4,0,1,1,4,0,0,1,1,2,0,4,1,3,4,4,1,1,4,4,0,1,1,4,4,3,4,4,1,4,1,4,2,4,0,2,1,1,0,4,4,4,0,1,1,1,4,1,4,4,1,4,4,0,0,4,2,4,0,1,4,4,4,1,0,0,3,1,1,0,4,2,2,2,1,2,1,0,2,1,0,0,0,4,1,1,0,4,1,1,0,0,2,0,1,0,4,4,0,3,1,0,0,0,4,2,1,4,4,1,1,1,3,0,2,2,1,1,0,1,1,3,4,1,4,2,1,4,1,2,2,4,1,1,1,3,0,4,4,1,1,0,3,4,3,3,2,4,2,3,4,1,3,0,4,2,1,3,1,3,1,4,4,4,2,4,4,4,0,0,2,4,4,1,1,3,4,0,4,1,1,0,4,4,2,4,1,3,1,4,4,1,4,1,0,0,4,2,0,4,0,1,4,0,0,1,4,0,2,4,1,3,4,1,2,1,1,0,1,0,0,1,0,2,0,3,4,0,0,1,3,4,0,0,4,0,4,2,1,1,4,2,4,4,4,1,0,3,4,4,4,1,2,4,2,0,4,0,1,4,1,3,4,4,4,0,1,1,4,4,1,4,1,2,0,4,1,3,4,4,4,3,0,2,1,4,2,1,0,2,1,4,3,1,1,3,2,4,3,0,4,2,4,4,1,1,2,4,4,0,1,4,4,2,4,1,1,0,2,1,1,3,0,2,4,1,4,4,0,2,1,2,0,2,2,1,4,4,1,0,4,1,4,0,4,1,2,4,2,2,2,1,4,0,4,2,1,1,4,4,4,1,2,2,1,4,2,4,1,4,4,3,3,3,1,3,2,3,0,1,4,4,4,4,2,3,4,1,2,4,1,2,4,1,2,1,2,3,4,2,4,2,2,4,1,1,1,4,1,4,2,3,1,2,3,3,1,2,1,1,0,0,4,0,4,4,3,3,4,4,1,0,4,4,4,4,3,4,3,3,2,2,2,1,1,2,3,3,2,2,4,1,3,4,3,4,0,4,3,2,2,2,2,4,1,1,0,0,2,3,4,4,4,3,3,4,2,0,4,0,2,4,2,4,3,1,4,2,4,3,3,1,2,3,3,4,3,3,1,0,4,4,4,1,0,1,4,3,4,0,2,1,2,4,4,1,0,0,4,4,0,1,2,0,1,3,2,0,1,4,4,1,3,4,1,4,0,2,4,1,3,2,2,2,1,1,1,4,4,3,3,3,4,3,2,4,2,3,1,4,4,2,4,0,0,4,0,0,2,3,3,0,4,3,2,0,4,4,4,2,4,4,4,3,4,0,0,4,0,1,4,0,3,2,4,2,0,3,3,0,4,1,1,4,4,1,1,3,0,2,2,1,3,3,0,4,0,1,2,2,4,1,2,0,2,3,4,0,4,3,4,4,3,4,2,2,0,3,4,3,1,2,2,3,3,3,4,4,1,4,4,3,4,0,3,1,3,3,4,0,1,2,3,4,0,1,4,2,2,2,3,4,3,4,4,4,0,2,2,4,4,1,1,0,4,3,0,0,3,0,4,0,4,4,0,2,1,1,0,0,0,3,4,4,1,4,4,1,4,4,1,2,4,0,2,1,4,0,1,0,4,0,4,1,1,4,4,4,4,2,4,2,2,0,3,2,4,4,1,0,4,0,1,0,0,1,2,4,2,4,0,1,1,4,1,4,3,1,2,1,3,1,4,1,4,0,0,4,4,4,1,2,3,3,2,2,1,1,4,1,3,2,2,4,0,0,4,1,1,3,4,4,3,3,4,1,0,2,4,1,0,2,1,2,4,4,0,1,0,3,2,4,2,4,2,4,0,1,2,4,0,4,0,1,2,4,0,4,4,4,3,0,0,4,1,4,0,2,1,0,0,4,1,4,4,0,4,4,1,4,2,4,4,2,0,3,4,2,0,4,1,4,0,0,2,0,4,0,4,4,2,3,4,4,2,1,2,0,3,2,0,2,4,0,1,4,1,2,1,3,2,3,4,1,4,2,3,3,2,0,4,1,2,0,4,0,0,0,0,3,1,1,1,2,4,4,1,1,0,4,4,1,4,1,4,3,3,4,0,4,4,3,3,4,4,2,1,0,3,3,1,4,4,3,4,0,4,1,2,2,4,4,4,1,2,4,3,0,1,4,3,4,1,3,4,3,2,4,0,1,4,4,4,2,2,0,4,4,4,3,4,2,2,4,0,0,1,4,3,2,0,0,2,4,3,3,0,0,2,4,2,1,2,1,3,2,4,2,1,0,0,2,4,2,2,2,0,1,0,4,4,4,0,0,2,0,2,1,4,2,4,2,4,0,1,3,4,2,3,1,4,1,1,4,1,4,0,2,4,4,1,4,4,3,4,4,2,0,3,2,1,0,2,1,0,1,0,3,4,4,3,4,1,1,4,4,1,1,4,2,1,4,1,0,2,1,3,4,4,4,4,4,2,4,4,4,2,0,0,3,2,2,0,3,1,3,4,4,1,2,1,0,1,1,0,4,3,4,4,4,1,4,3,4,4,3,0,4,0,0,4,3,2,0,1,1,0,0,2,4,1,4,1,3,2,2,1,4,0,0,0,4,4,1,1,4,2,1,2,4,2,1,4,4,0,1,4,4,4,4,2,2,4,4,3,2,4,3,2,2,2,4,0,2,3,4,4,1,3,2,2,3,3,2,4]",ok,
54,uniform,7,0.2,0.5166049363116798,3,"fused_4_megahigh, fused_2_medium+fused_4_veryhigh, fused_3_verylow",huang,"[284, 529, 195, 312, 479]",0.2482996035827331,0.0839355197331851,"[4,4,4,0,1,1,4,3,4,1,3,1,2,4,4,4,3,1,4,4,4,0,0,0,4,4,3,1,1,1,4,1,4,1,4,1,1,1,4,4,4,1,3,3,4,4,4,0,1,3,1,2,1,1,1,4,4,4,4,1,4,4,0,4,1,4,1,1,4,4,4,4,4,1,0,4,4,3,1,4,1,4,1,0,4,0,0,4,1,0,4,3,0,4,3,1,3,4,1,4,1,3,3,1,4,3,0,4,1,4,3,3,3,4,4,4,1,0,0,4,4,1,1,3,4,4,4,2,4,0,0,4,4,1,4,0,4,4,4,0,1,0,2,0,4,4,4,1,4,1,1,0,4,4,4,4,3,4,1,0,4,2,1,3,0,0,1,1,0,4,1,1,0,1,3,0,0,3,2,1,4,4,4,0,3,1,3,3,4,1,0,4,4,4,1,1,4,0,1,0,4,3,4,1,3,1,1,2,1,4,1,4,0,0,4,1,1,3,4,4,1,4,4,4,0,1,0,1,1,4,0,1,1,1,1,3,1,1,1,1,1,1,0,1,0,4,0,0,1,2,3,4,1,4,0,4,1,1,4,0,1,1,0,4,1,4,4,0,4,1,3,0,0,1,2,0,1,4,0,1,1,4,1,0,1,4,0,1,4,2,0,4,4,4,1,4,0,1,4,0,1,0,1,4,1,3,1,3,1,1,3,0,1,0,4,1,1,0,0,4,4,4,2,4,1,4,1,0,1,4,0,2,0,0,1,3,1,0,1,3,3,1,4,4,1,1,4,1,1,1,4,1,1,0,1,4,1,1,4,1,0,4,4,0,1,1,3,0,1,4,4,1,4,3,1,3,4,1,1,4,4,3,4,4,1,4,1,1,1,1,4,4,3,1,4,4,1,1,1,0,4,4,3,0,1,1,4,2,4,1,1,1,0,4,0,3,4,0,1,0,1,3,3,0,1,0,0,1,0,4,1,1,3,3,4,1,0,1,4,4,4,1,3,4,2,1,1,0,1,1,2,4,2,1,3,3,1,1,0,1,1,4,4,3,4,0,3,4,4,0,4,4,1,0,1,2,1,0,1,4,4,4,4,4,1,4,3,3,4,0,1,4,4,0,4,1,1,3,1,2,4,1,4,1,0,4,0,1,1,1,4,1,4,4,1,4,1,0,4,1,0,4,4,1,1,0,0,1,0,1,1,0,1,0,1,4,1,4,1,0,4,1,3,0,4,3,1,3,4,4,4,3,3,4,4,0,3,4,1,4,0,1,3,1,1,1,4,0,4,1,1,0,2,4,4,3,0,1,3,0,4,3,4,2,1,4,4,4,1,3,1,4,1,1,4,0,0,0,4,1,0,4,4,4,1,0,4,4,1,0,4,4,4,3,0,1,4,2,1,1,4,4,1,1,0,4,4,1,1,2,1,1,4,3,4,1,1,1,0,3,4,4,0,1,1,1,4,4,4,4,1,4,1,3,4,3,1,0,0,1,3,1,0,4,1,1,1,4,4,0,2,4,3,0,1,3,3,3,4,2,4,0,3,4,0,0,0,1,4,4,0,1,4,4,0,4,2,0,4,0,1,1,0,2,4,4,0,0,1,3,4,1,1,4,4,4,2,0,3,3,4,4,0,4,4,2,1,4,1,2,4,1,4,3,3,1,4,4,4,2,0,1,1,4,4,0,2,3,2,2,3,1,3,2,1,4,2,0,1,3,4,2,3,2,4,3,1,3,3,1,1,1,0,0,3,1,1,4,4,2,1,0,1,4,4,0,3,1,3,1,4,2,4,1,1,4,1,4,4,0,1,3,0,1,0,4,3,0,0,4,1,4,3,3,4,2,1,4,3,4,4,0,4,0,0,4,0,3,0,2,1,0,0,4,2,1,0,4,1,4,1,3,4,4,1,1,1,1,1,4,0,2,1,1,1,4,3,1,3,0,1,4,4,1,4,2,1,1,1,0,4,4,1,1,4,3,4,3,0,3,4,2,1,3,1,2,0,3,4,1,3,4,0,3,4,1,2,3,4,2,2,1,2,0,3,3,3,3,4,4,3,1,3,0,4,1,1,2,1,3,4,0,3,4,4,2,4,3,1,4,1,3,0,3,4,3,0,3,3,4,3,1,4,0,3,4,1,0,1,4,1,1,3,3,3,4,1,0,1,3,4,4,1,3,1,4,3,3,4,3,3,1,4,1,1,2,2,2,4,2,3,2,0,4,1,1,3,3,3,2,1,4,3,1,4,3,1,4,3,4,3,2,3,3,1,3,2,1,4,4,4,1,4,1,3,2,4,3,2,2,4,3,4,4,0,0,1,0,1,1,2,2,1,1,4,0,1,1,1,1,2,1,2,2,3,3,3,4,3,3,2,2,3,3,1,4,2,1,2,3,0,1,2,3,3,3,3,1,4,4,4,0,3,2,3,1,1,2,2,3,3,0,3,4,3,1,3,1,2,4,1,3,1,2,2,4,2,2,2,3,2,2,4,0,1,1,3,4,0,4,1,2,1,0,3,4,3,3,1,4,0,0,1,1,0,4,3,0,4,2,3,0,4,1,1,4,2,1,4,1,0,3,1,4,2,3,3,3,4,4,4,3,1,2,2,2,1,2,3,3,3,2,4,1,1,3,1,0,0,1,0,0,1,2,2,0,1,2,3,4,1,1,1,2,1,1,1,2,1,0,0,1,0,4,1,0,2,3,3,3,0,2,2,0,1,4,4,1,1,4,4,2,0,1,3,4,2,2,0,1,4,4,3,2,1,4,3,0,3,2,1,4,1,2,1,3,2,1,3,2,0,2,1,2,4,3,2,2,2,2,1,1,4,1,1,2,1,0,2,4,2,2,1,0,4,3,2,1,0,4,1,2,3,3,2,1,2,1,0,1,0,3,3,1,1,4,3,0,1,2,0,0,2,0,1,0,1,1,0,3,4,4,4,0,4,2,1,1,4,1,1,4,1,1,4,3,1,0,2,4,1,0,4,0,1,0,1,4,4,1,1,3,1,3,1,3,3,0,2,3,1,1,4,0,3,0,4,0,4,4,2,3,2,1,0,4,4,1,4,3,2,4,3,4,2,4,1,4,1,0,0,1,3,1,4,3,2,2,3,3,4,4,1,4,2,3,3,1,0,0,1,4,4,2,1,1,2,2,1,4,0,3,1,4,0,3,4,3,1,1,0,3,0,2,3,1,3,1,3,3,0,4,3,1,0,3,0,4,3,1,0,1,1,1,2,0,0,1,4,1,0,3,4,0,4,1,4,1,1,0,3,1,4,1,3,1,1,3,0,2,1,2,0,3,4,1,0,4,3,4,1,0,1,1,3,2,1,3,2,4,3,0,2,2,4,3,1,0,4,1,4,2,4,2,3,2,1,3,1,2,2,2,3,0,1,4,3,0,1,0,0,0,0,2,4,4,4,3,1,3,4,4,4,1,1,4,1,4,3,2,2,1,4,3,1,2,2,1,1,3,4,0,2,2,4,1,1,2,1,0,1,4,3,2,3,1,1,4,3,1,2,4,4,1,2,1,4,2,1,2,3,1,0,4,1,3,3,3,3,0,1,1,3,2,1,3,3,3,4,4,4,1,2,2,4,0,3,1,2,2,0,0,3,1,3,4,3,4,2,3,1,3,4,0,0,3,1,3,3,2,0,4,0,1,1,1,0,0,3,0,3,4,3,3,1,3,1,0,4,2,1,3,2,4,1,4,4,3,4,3,0,3,1,3,4,1,1,2,1,1,3,0,2,3,4,0,3,4,0,4,0,2,1,3,2,1,4,4,1,1,4,4,1,3,4,1,4,0,3,4,2,1,3,1,1,1,3,1,1,1,3,0,4,2,3,3,0,2,4,2,1,1,4,3,4,0,4,4,0,1,2,1,3,1,4,3,2,1,1,2,0,3,0,0,1,2,3,0,4,4,0,0,3,1,4,1,4,2,3,3,4,1,4,0,0,1,1,4,4,1,3,4,2,3,3,4,1,3,0,4,1,1,1,1,3,1,1,1,2,3,1,2,3,3,3,1,0,2,2,1,1,4,2,3,3,2,2,3,1]",ok,
55,uniform,7,0.15,0.5240299885352254,1,fused_2_low,huang,"[197, 347, 854, 164, 237]",0.17666409696664792,0.008893829905503057,"[4,1,4,4,2,2,4,0,4,2,0,2,0,1,1,1,2,2,4,4,1,1,4,4,1,4,2,2,2,2,1,2,4,2,4,2,2,2,1,2,2,2,2,2,2,4,4,4,2,0,2,3,2,2,2,1,2,1,2,2,1,4,4,2,2,2,2,2,4,4,2,2,4,2,4,1,1,2,2,4,2,1,2,1,1,4,4,4,2,4,2,2,4,2,2,2,0,2,2,1,2,0,2,2,4,0,1,1,2,4,2,0,2,2,1,1,2,1,1,4,1,2,2,2,2,1,1,3,1,1,1,1,1,2,1,1,1,1,2,4,2,1,3,4,4,4,1,2,2,2,2,1,1,4,4,1,2,4,2,1,4,3,2,2,1,4,2,2,1,1,2,2,4,2,2,4,1,0,0,2,1,4,2,4,0,2,2,2,2,2,4,4,1,2,2,2,4,4,2,1,1,2,2,2,0,2,2,3,2,4,2,1,4,4,1,2,2,2,1,4,2,2,4,1,4,2,4,2,2,1,4,2,2,2,2,2,2,2,2,2,2,2,4,2,4,2,1,1,2,0,0,2,2,4,4,2,2,2,1,4,2,2,4,4,2,2,2,1,2,2,2,4,1,2,3,4,2,1,4,2,2,2,2,1,2,4,1,2,2,3,1,2,1,2,2,1,4,2,1,4,2,1,2,4,2,2,2,2,2,2,0,4,2,1,1,2,2,4,1,1,1,1,0,1,2,4,2,1,2,1,1,0,1,1,2,2,2,1,2,2,2,2,1,1,2,2,2,2,2,2,2,2,2,1,2,2,2,2,2,2,1,2,1,1,2,2,2,1,2,2,1,2,4,2,2,2,1,2,2,4,1,2,4,1,2,4,2,2,2,2,1,2,0,2,2,1,2,2,2,1,1,2,2,1,2,2,1,3,1,2,2,2,1,2,4,0,2,1,2,4,2,0,2,4,2,4,1,2,1,1,2,2,0,0,1,2,4,2,1,2,1,2,0,1,3,2,2,1,2,2,3,1,3,2,2,0,2,2,1,2,2,2,2,2,4,1,2,1,2,1,1,2,2,4,2,3,2,4,2,4,4,2,2,1,2,2,0,0,4,4,2,2,4,4,4,2,2,0,2,3,2,2,1,2,1,1,1,2,2,2,2,2,1,2,2,1,2,4,2,2,4,2,1,2,2,4,1,2,1,2,2,4,2,4,2,1,2,2,2,1,1,2,0,1,1,0,2,2,4,4,1,0,2,4,2,4,0,4,2,4,1,2,2,2,2,2,4,1,2,2,2,1,3,4,2,0,1,2,2,4,1,0,2,3,2,1,1,1,2,2,2,4,2,2,1,4,1,4,2,2,4,2,1,4,2,1,1,2,2,4,4,1,1,0,1,2,4,3,2,2,2,1,2,2,4,4,1,2,2,3,2,2,1,2,2,2,2,2,4,0,1,2,1,2,2,2,4,1,1,1,2,4,2,2,2,2,2,4,1,2,0,2,4,2,2,2,2,2,4,4,3,1,2,4,2,0,0,0,2,0,1,1,0,2,4,1,1,2,1,2,1,2,2,2,1,4,0,4,2,1,2,2,1,3,4,4,1,1,2,0,1,2,2,2,2,1,3,4,0,2,2,4,4,4,2,3,2,1,2,0,2,2,1,0,0,2,2,1,1,3,4,2,2,1,1,4,3,2,3,3,0,2,0,3,2,2,3,1,2,0,1,3,2,3,1,2,2,2,0,2,2,2,1,4,2,2,2,1,1,3,2,1,1,1,1,4,2,2,0,2,2,3,2,2,2,1,2,2,4,1,2,0,4,2,1,4,2,1,1,2,2,4,0,2,4,3,2,1,0,1,2,4,2,1,1,2,1,0,1,3,2,1,4,1,3,2,1,4,2,4,2,0,2,1,2,2,2,2,2,2,1,3,2,2,2,2,0,2,0,1,2,4,1,2,1,3,2,2,2,4,2,2,2,2,1,2,2,0,4,2,2,3,2,2,2,3,1,0,1,2,0,2,1,0,1,2,3,2,1,3,0,2,3,1,2,0,2,2,2,1,2,2,2,1,1,2,2,0,2,2,1,4,0,1,2,3,4,0,2,2,2,2,1,0,1,0,1,2,0,1,2,2,2,1,2,2,2,1,2,1,2,2,0,0,0,2,2,1,2,2,2,1,2,2,2,2,0,0,2,2,0,2,2,2,2,3,3,3,2,3,0,3,4,1,2,2,2,2,0,3,2,4,2,2,2,2,2,1,0,1,2,3,2,0,2,0,0,2,1,2,1,2,2,2,0,3,4,0,3,3,4,2,2,2,1,1,2,4,2,2,3,3,2,2,1,4,2,2,2,2,3,1,3,3,2,0,0,1,2,0,3,3,0,0,2,2,3,2,3,2,4,2,3,2,2,0,0,2,1,4,4,4,0,3,2,2,2,3,3,2,0,4,2,4,2,2,0,2,3,1,2,0,2,3,3,1,0,3,3,2,3,3,2,4,2,2,2,1,1,1,2,3,2,1,0,1,0,2,2,1,1,1,2,2,1,2,0,4,2,3,0,4,1,2,2,1,3,2,2,2,1,0,2,2,3,2,0,0,4,2,2,2,2,3,3,3,2,3,0,2,2,3,1,2,2,0,2,1,4,2,1,1,2,3,3,1,2,3,0,4,2,2,2,0,2,2,2,3,2,4,1,2,4,2,2,4,3,0,2,0,1,3,3,4,2,2,2,2,2,1,1,3,4,2,2,2,3,3,1,2,4,2,0,0,2,1,2,1,0,3,2,4,2,3,2,2,3,2,0,0,1,3,2,3,2,0,0,3,3,3,2,2,2,2,2,3,2,4,3,2,3,3,2,1,2,2,3,2,1,2,2,0,0,0,3,2,3,2,1,2,1,0,0,2,2,2,2,1,2,3,1,1,3,4,2,1,1,2,4,2,2,1,4,1,4,3,2,2,1,2,2,1,2,2,2,0,2,2,0,2,2,4,2,1,2,4,2,1,2,2,2,2,2,0,2,2,0,4,3,2,2,2,1,4,2,1,1,1,4,4,0,2,0,2,4,2,2,2,1,2,3,1,0,1,3,1,2,2,2,4,4,2,2,2,1,0,3,3,0,0,2,4,2,2,3,2,0,2,1,4,2,1,2,3,2,2,3,3,2,1,4,0,2,2,4,0,2,0,2,2,4,2,4,3,0,2,2,2,2,2,4,4,2,2,1,2,1,1,2,2,1,2,2,2,3,4,4,2,4,2,1,2,2,4,4,2,4,2,2,1,2,2,2,2,2,2,2,0,1,3,2,0,4,2,2,2,1,4,2,4,2,4,2,2,0,3,2,2,0,1,0,1,3,0,4,0,2,1,1,2,2,0,1,3,0,3,2,2,2,0,3,3,0,1,2,2,0,1,2,4,4,4,4,3,2,1,2,0,2,2,1,2,4,2,2,2,2,1,2,3,3,2,4,2,2,3,3,2,2,0,1,1,3,3,2,2,2,3,2,4,2,1,2,0,2,2,2,1,0,2,3,4,2,2,3,2,1,3,2,0,0,2,4,1,2,2,2,0,0,1,2,2,2,3,2,0,0,2,4,4,2,2,3,0,4,1,2,2,3,3,4,4,0,2,0,4,0,2,3,0,2,0,2,1,4,0,2,0,0,0,4,2,4,2,2,2,1,4,0,1,2,1,2,0,2,0,2,1,2,3,2,0,3,4,2,2,4,2,1,2,1,0,2,2,1,2,2,3,2,2,0,1,3,2,1,4,0,2,1,1,4,3,2,2,3,2,1,2,2,2,1,1,2,0,2,2,1,4,2,2,3,2,2,2,2,2,0,2,2,2,0,4,4,3,0,0,1,3,2,3,2,2,2,0,1,4,2,2,1,2,3,2,2,2,2,2,3,2,2,3,1,2,2,1,2,3,0,1,2,1,1,4,0,2,2,2,2,3,2,0,2,2,4,1,1,2,2,2,2,2,0,1,0,2,0,1,2,2,1,2,2,2,2,2,0,2,2,2,3,0,2,3,0,0,0,2,1,0,3,2,2,2,3,0,0,3,3,0,2]",ok,
56,uniform,7,0.1,0.5333866407940212,4,"fused_3_medium+fused_5_low, fused_2_veryhigh, fused_5_high, fused_3_medium+fused_4_megahigh",huang,"[341, 902, 162, 191, 203]",0.23600872534382664,0.055030572540300166,"[4,1,0,4,1,1,0,3,0,1,3,1,3,0,0,1,1,0,4,4,0,0,4,4,1,0,1,1,1,1,0,1,0,1,4,1,0,1,0,0,0,1,1,1,0,4,0,4,1,3,1,2,1,1,1,0,0,0,1,1,0,4,4,1,1,0,1,1,0,0,0,1,0,1,4,0,1,1,1,4,1,0,1,0,0,4,4,0,1,4,0,1,4,1,1,1,3,0,1,0,1,3,1,1,0,3,0,0,1,4,1,3,1,1,0,0,1,1,1,0,1,1,1,1,0,0,0,2,0,1,1,0,0,1,0,1,1,0,0,4,1,0,2,4,4,0,1,1,0,1,1,1,0,4,4,0,1,4,1,1,4,2,1,1,1,4,1,1,0,0,1,0,4,1,1,1,1,3,3,1,0,4,0,4,3,1,1,1,0,1,4,4,0,1,1,1,4,4,1,1,0,1,1,1,3,1,1,2,1,4,1,1,0,4,0,1,1,1,0,0,0,0,4,0,4,1,4,1,1,0,4,1,1,1,1,1,0,1,1,1,1,1,4,1,1,0,0,1,1,3,3,1,1,4,4,1,1,1,1,4,1,1,4,0,1,1,0,1,1,1,1,1,0,1,2,4,1,0,4,1,1,0,1,1,1,4,0,1,0,2,0,1,1,0,0,0,1,1,1,4,1,1,0,4,1,1,1,1,1,1,3,4,1,0,0,1,1,4,0,0,1,0,3,0,1,4,1,1,1,0,1,2,1,1,1,1,1,1,1,1,1,1,1,0,1,0,1,1,1,1,0,0,1,1,1,0,1,1,1,1,1,0,4,1,1,1,1,1,1,0,0,1,4,1,1,1,0,1,1,4,1,1,4,0,1,4,1,1,1,1,4,1,3,1,1,4,1,1,1,1,1,0,1,1,1,1,0,2,1,1,1,1,1,1,4,3,0,1,1,1,1,3,1,4,1,4,0,1,0,0,1,1,3,3,4,1,4,1,1,1,1,1,3,0,2,1,1,1,1,1,2,1,2,1,1,3,1,1,1,1,1,0,1,1,4,1,1,0,1,1,0,0,1,4,1,2,1,4,1,4,4,1,0,0,1,0,3,3,4,0,1,1,4,1,4,1,1,3,1,2,0,0,1,1,0,1,1,1,1,1,1,1,0,0,0,0,1,0,0,1,4,0,0,1,1,1,1,1,0,1,1,4,1,0,1,1,1,1,1,1,4,1,3,1,0,3,1,1,4,4,0,3,1,4,1,4,3,4,1,4,1,1,1,1,1,1,4,1,0,1,1,0,2,4,1,3,0,1,1,4,1,3,0,2,1,0,1,1,1,1,1,0,1,1,0,4,0,1,1,1,4,0,0,4,1,1,0,0,1,4,4,1,0,3,1,1,4,2,1,1,1,1,1,0,4,0,1,1,1,2,0,1,0,1,0,1,1,1,4,3,0,1,1,1,1,1,4,4,0,1,1,0,1,1,1,1,1,4,0,1,3,1,4,0,1,1,0,0,4,4,2,0,1,4,0,3,3,3,1,3,4,1,3,0,4,1,1,1,0,0,1,1,0,0,1,4,3,4,0,1,1,1,1,2,0,4,1,1,0,3,0,1,1,0,1,0,2,4,3,1,0,0,4,1,0,2,1,0,1,3,0,1,0,3,3,1,0,0,1,2,4,1,1,0,1,4,2,1,2,2,1,1,3,2,1,0,2,1,1,3,0,2,1,2,0,1,1,1,1,1,1,1,0,4,1,1,1,0,0,2,1,1,1,1,0,4,1,1,3,1,1,2,0,1,1,0,0,1,4,1,1,3,4,1,0,4,1,1,1,1,1,4,3,1,4,2,1,0,3,1,0,4,0,1,1,0,1,3,0,2,1,1,4,0,2,1,1,4,1,4,1,3,1,0,0,1,0,1,0,0,1,2,0,1,1,0,3,1,3,1,1,4,0,1,0,2,1,1,1,4,0,1,1,1,0,1,1,3,4,1,1,2,1,1,1,2,1,3,1,1,3,1,1,3,0,1,2,1,1,2,3,1,2,1,1,3,1,1,1,0,1,1,1,0,1,1,1,3,1,1,1,4,3,0,0,2,4,3,1,1,1,1,1,3,4,3,0,1,3,1,1,1,0,1,1,0,1,0,1,1,1,1,3,3,3,0,1,1,1,1,1,0,1,1,1,0,3,3,0,1,3,0,1,1,1,2,2,2,1,2,3,2,4,0,0,1,1,1,3,2,1,0,1,1,0,1,1,0,3,0,1,2,1,3,1,3,3,1,0,0,0,1,0,1,3,2,4,3,2,2,4,1,0,0,0,0,1,4,1,1,2,2,1,1,1,4,1,1,1,1,2,1,2,2,1,3,3,0,1,3,2,2,3,3,1,1,2,1,2,1,4,1,2,1,1,3,3,1,0,4,4,1,3,2,1,1,1,2,2,1,3,0,1,4,1,1,3,1,2,1,1,3,1,2,2,1,3,2,2,1,2,2,0,4,1,1,1,0,1,1,1,2,1,1,3,1,3,1,1,0,1,0,1,1,1,0,3,4,0,2,3,4,1,1,1,0,2,1,0,1,1,1,1,0,2,1,1,3,4,1,1,1,1,2,2,2,1,2,3,1,1,2,1,1,1,3,1,1,4,1,1,0,1,2,2,1,1,3,3,4,1,1,1,3,1,1,1,2,1,4,1,1,4,1,1,4,2,3,1,3,1,2,2,4,1,0,0,1,1,0,0,2,4,1,1,0,3,2,1,1,4,0,3,3,0,0,1,1,3,2,1,4,1,2,1,1,2,1,3,3,1,3,1,2,0,1,3,2,2,2,1,1,1,1,1,2,1,4,2,0,2,2,1,1,1,1,2,1,0,0,1,3,3,3,2,1,2,1,1,1,1,3,3,1,1,1,1,1,1,2,1,1,2,4,1,1,1,1,0,1,0,1,4,1,4,2,1,1,1,1,1,0,1,1,0,3,1,1,3,0,0,1,0,0,1,4,1,1,0,1,1,1,1,3,1,1,3,4,2,1,1,1,0,4,1,1,1,1,4,0,3,1,3,0,4,0,0,1,1,1,2,1,3,4,2,1,1,0,1,4,4,1,1,1,1,3,2,2,3,3,0,0,1,1,2,1,3,1,1,4,1,0,0,2,1,1,2,2,1,0,4,3,1,1,4,3,1,3,1,1,4,1,4,2,3,1,1,1,1,1,4,4,1,1,1,1,1,1,1,1,1,1,1,1,2,4,4,0,0,0,1,1,0,4,4,1,4,1,1,1,1,1,1,1,1,1,1,3,0,2,1,3,4,1,1,1,1,4,1,4,1,4,1,1,3,2,1,1,3,0,3,0,2,3,4,3,1,1,0,1,0,3,0,2,3,2,1,1,1,3,2,2,3,1,1,0,3,0,1,4,4,4,4,2,1,0,0,1,1,1,1,0,4,1,1,0,1,0,1,2,2,1,4,1,0,2,2,1,0,3,0,1,2,2,0,1,1,2,1,4,1,0,1,3,1,1,1,1,3,0,2,4,0,1,2,1,0,2,0,2,3,1,4,1,1,1,1,3,3,1,1,1,1,2,1,3,3,1,4,4,0,1,2,3,4,1,1,1,2,2,1,4,3,1,3,0,3,1,2,1,1,3,1,1,4,3,1,3,3,3,0,0,4,1,1,1,0,4,3,1,1,0,1,3,1,3,1,0,0,2,1,3,3,0,1,0,4,1,0,1,1,3,1,1,0,1,1,2,1,1,3,1,2,1,1,4,3,0,1,0,4,2,1,1,2,1,4,0,1,1,0,0,1,3,0,1,0,4,1,0,2,1,1,1,1,0,3,1,1,1,3,4,4,2,3,3,1,2,0,2,1,1,1,3,0,4,1,0,1,1,2,1,1,1,1,1,2,1,1,2,0,1,4,1,1,2,3,0,0,0,1,4,3,1,0,1,1,2,1,3,1,1,4,0,1,1,1,0,1,1,3,0,3,1,3,0,1,1,1,0,1,1,1,1,3,1,1,1,2,3,1,2,3,3,3,1,1,3,2,1,1,0,2,1,3,2,2,3,1]",ok,
57,quantile,3,1.0,0.42748573683993574,0,,,[],,,,baseline_no_features,
58,quantile,3,0.95,0.42748573683993574,0,,,[],,,,baseline_no_features,
59,quantile,3,0.9,0.42748573683993574,0,,,[],,,,baseline_no_features,
60,quantile,3,0.85,0.42748573683993574,0,,,[],,,,baseline_no_features,
61,quantile,3,0.8,0.42748573683993574,0,,,[],,,,baseline_no_features,
62,quantile,3,0.75,0.42748573683993574,0,,,[],,,,baseline_no_features,
63,quantile,3,0.7,0.42748573683993574,0,,,[],,,,baseline_no_features,
64,quantile,3,0.65,0.42748573683993574,0,,,[],,,,baseline_no_features,
65,quantile,3,0.6,0.42748573683993574,0,,,[],,,,baseline_no_features,
66,quantile,3,0.55,0.42748573683993574,0,,,[],,,,baseline_no_features,
67,quantile,3,0.5,0.42748573683993574,0,,,[],,,,baseline_no_features,
68,quantile,3,0.45,0.42748573683993574,0,,,[],,,,baseline_no_features,
69,quantile,3,0.4,0.42748573683993574,0,,,[],,,,baseline_no_features,
70,quantile,3,0.35,0.42748573683993574,0,,,[],,,,baseline_no_features,
71,quantile,3,0.3,0.6763660063422067,3,"fused_5_medium, fused_5_low, fused_5_high",huang,"[597, 166, 593, 213, 230]",0.1862112519032214,0.010005558643690939,"[3,0,3,3,2,2,2,4,2,2,4,0,4,0,0,2,2,2,3,3,2,2,3,3,2,3,2,0,0,0,2,0,3,0,3,2,2,0,2,0,2,0,2,2,0,3,2,2,0,4,0,1,2,2,2,2,2,2,2,0,2,3,3,0,0,0,0,2,2,2,0,2,2,2,3,2,2,2,2,3,4,2,2,2,0,3,3,3,0,3,2,2,2,2,2,2,4,0,0,0,0,4,4,0,2,4,0,2,2,3,2,4,2,2,2,2,0,2,0,2,0,2,2,2,0,3,2,1,0,2,2,2,2,2,0,0,0,2,0,3,2,0,1,3,3,3,2,2,0,2,0,0,0,3,3,2,2,3,2,2,3,1,0,2,3,3,0,0,0,2,4,0,3,0,2,2,0,4,4,0,0,3,2,3,4,2,4,0,2,2,3,3,2,2,2,2,3,3,0,0,2,4,0,2,4,0,0,1,0,3,0,2,2,3,2,0,2,2,0,3,0,2,3,2,3,0,3,4,0,2,3,0,2,0,2,2,0,2,2,0,2,0,3,2,2,0,2,2,4,4,4,2,2,3,3,2,0,2,2,2,0,0,3,2,0,2,2,0,2,0,2,2,2,0,1,3,0,0,2,0,0,2,2,2,2,3,0,0,0,1,0,0,0,0,0,2,2,0,2,3,0,0,0,3,2,2,0,2,0,0,4,3,2,2,2,0,2,2,0,2,2,2,4,0,2,3,2,3,2,0,0,1,0,0,2,2,0,2,2,4,2,0,2,2,0,0,2,0,0,2,2,0,0,0,2,2,0,0,0,0,0,0,3,2,0,2,2,0,0,0,2,2,3,2,2,2,0,2,0,3,0,2,3,2,2,3,2,0,0,0,2,2,4,2,2,3,0,2,2,0,2,2,2,0,2,0,0,1,2,0,2,0,0,2,3,4,2,2,0,2,0,4,2,3,0,3,0,0,2,2,2,0,4,4,2,2,3,2,0,0,0,0,4,2,1,0,0,2,2,2,1,0,1,4,4,4,2,0,2,0,0,0,2,2,3,0,2,0,0,2,0,0,2,3,2,1,0,3,0,3,3,2,0,0,2,2,4,4,3,2,2,2,3,3,3,0,2,4,0,1,2,0,2,0,2,2,0,2,0,2,0,0,0,0,0,3,2,2,2,0,3,0,2,2,0,2,0,2,0,0,0,3,0,2,0,2,0,0,0,2,3,2,4,2,2,4,0,2,3,3,2,4,2,3,2,3,4,3,2,3,2,2,2,2,2,0,3,2,2,2,0,2,1,3,2,4,2,0,2,3,0,4,2,1,4,0,2,2,2,2,0,2,2,0,2,2,2,0,2,2,3,0,2,3,2,2,2,2,2,3,3,2,2,4,2,0,3,1,0,2,0,0,0,0,3,3,2,0,2,1,0,2,2,2,0,0,2,0,3,4,0,0,0,0,2,0,3,3,2,0,2,2,0,2,2,2,2,3,2,0,4,0,3,2,0,0,0,0,3,3,1,0,2,3,0,4,4,4,2,4,3,0,4,0,3,2,0,0,0,0,2,0,2,0,0,3,4,3,0,0,2,0,0,1,2,3,0,2,0,4,3,0,2,2,2,2,1,3,4,4,2,2,3,0,2,1,0,2,0,4,0,0,0,4,4,2,2,0,2,1,0,0,2,0,2,3,1,2,1,1,4,0,4,1,0,0,1,2,2,4,0,1,0,1,0,2,0,2,4,0,2,4,2,3,4,2,0,0,2,1,0,0,0,2,2,3,2,2,4,0,2,1,0,0,4,2,0,2,3,0,2,4,3,2,2,3,2,3,0,0,0,3,4,2,3,1,2,0,4,0,2,3,0,0,2,2,2,4,0,1,0,0,3,2,1,2,0,3,0,3,2,4,2,2,0,0,0,2,0,0,0,1,0,0,2,0,4,0,4,0,0,3,0,0,2,1,2,0,2,3,2,0,2,2,2,2,2,4,3,0,0,1,0,2,0,1,0,4,2,0,4,2,2,4,0,2,1,2,0,1,4,0,1,2,2,4,2,2,2,0,4,0,2,0,0,0,2,4,2,4,0,3,4,2,0,1,3,4,0,0,0,2,0,4,3,4,2,4,4,0,2,0,0,2,2,2,0,0,0,2,2,0,4,4,4,0,0,2,0,4,2,2,0,2,2,2,4,4,0,0,4,0,0,2,2,1,1,1,2,1,4,1,2,0,0,4,2,2,4,1,0,3,4,0,2,2,0,2,4,2,2,1,0,4,0,4,4,0,0,2,0,2,2,0,4,1,3,4,1,1,3,2,2,0,0,0,2,3,0,0,1,1,0,0,2,2,0,0,0,0,1,0,1,1,4,2,4,2,2,4,1,1,4,4,2,3,1,0,1,2,3,0,1,4,4,4,4,2,2,3,3,2,2,1,2,2,0,1,1,2,4,2,0,3,2,0,4,0,1,2,0,4,0,1,1,0,4,1,1,2,1,1,0,3,0,0,2,0,0,3,0,1,0,0,4,2,4,2,0,0,2,0,2,0,0,0,4,3,0,1,4,3,0,0,0,2,1,4,2,0,2,2,0,2,1,2,4,4,3,2,0,0,2,1,1,1,4,1,4,2,4,1,0,0,0,4,2,0,3,0,2,2,0,1,1,0,4,1,4,3,2,0,2,4,2,0,2,1,0,3,0,0,3,2,0,3,1,4,2,4,0,1,1,3,0,0,2,2,0,0,2,1,3,2,4,0,1,1,0,2,3,0,4,4,0,2,4,0,4,1,2,3,2,1,0,2,1,2,4,4,3,1,0,1,2,4,4,1,1,1,0,0,0,2,2,1,2,3,1,0,1,1,0,0,0,4,1,0,2,0,2,4,4,4,1,0,1,0,0,0,0,4,4,0,0,2,2,0,0,1,2,2,1,3,0,2,0,2,2,2,2,2,3,0,3,1,0,0,3,0,2,0,0,0,2,4,0,0,4,2,2,2,2,2,0,3,0,2,2,2,0,2,0,4,0,2,4,2,1,2,2,0,2,3,2,2,0,0,3,2,4,2,4,0,3,0,0,2,2,2,1,0,4,3,1,3,0,0,0,3,2,0,2,0,0,4,1,1,4,4,2,2,0,0,1,4,4,0,0,3,0,2,0,1,0,2,1,1,0,0,3,4,0,0,3,4,2,4,0,0,3,2,3,1,4,0,4,0,2,0,3,3,4,0,2,2,0,2,2,0,0,0,0,2,1,3,3,0,2,0,2,4,0,3,3,2,3,0,0,2,2,0,3,0,0,0,2,4,0,1,2,4,3,2,2,2,0,3,2,3,0,3,2,0,4,1,2,2,4,2,4,2,1,4,3,4,0,0,2,0,2,4,0,1,4,1,0,2,2,4,1,1,4,3,0,0,4,0,2,3,3,3,3,1,0,0,2,4,0,2,2,0,3,0,0,2,0,0,2,1,1,2,3,2,2,1,1,0,0,4,0,0,1,1,0,0,0,1,0,3,3,2,4,4,0,2,0,2,4,0,1,3,2,0,1,0,0,1,2,1,4,0,3,2,2,2,2,4,4,0,2,0,2,1,2,4,4,0,3,3,0,0,1,4,3,0,2,0,1,1,2,3,4,0,4,2,4,2,1,4,0,4,0,2,3,4,0,4,4,4,2,0,3,0,0,0,2,3,4,2,4,0,2,4,2,4,4,2,2,1,2,4,1,3,0,0,3,2,2,2,0,4,2,2,0,0,2,1,0,0,4,0,1,0,0,2,4,0,2,0,3,1,0,2,1,0,3,0,0,0,0,0,0,4,2,0,0,3,2,2,1,2,2,2,0,0,4,0,2,0,4,2,3,1,4,4,0,1,0,1,0,0,0,4,2,3,2,0,2,2,1,2,2,0,2,2,1,2,2,1,0,0,3,0,0,1,4,2,0,0,0,3,4,2,0,0,2,1,0,4,3,0,3,0,2,0,0,0,0,0,2,2,4,0,4,2,4,2,0,0,0,0,2,2,4,2,4,0,1,4,0,1,4,4,4,0,0,4,1,0,2,2,1,4,4,1,1,2,2]",ok,
72,quantile,3,0.25,0.6763660063422067,3,"fused_5_medium, fused_5_low, fused_5_high",huang,"[597, 166, 593, 213, 230]",0.1862112519032214,0.010005558643690939,"[3,0,3,3,2,2,2,4,2,2,4,0,4,0,0,2,2,2,3,3,2,2,3,3,2,3,2,0,0,0,2,0,3,0,3,2,2,0,2,0,2,0,2,2,0,3,2,2,0,4,0,1,2,2,2,2,2,2,2,0,2,3,3,0,0,0,0,2,2,2,0,2,2,2,3,2,2,2,2,3,4,2,2,2,0,3,3,3,0,3,2,2,2,2,2,2,4,0,0,0,0,4,4,0,2,4,0,2,2,3,2,4,2,2,2,2,0,2,0,2,0,2,2,2,0,3,2,1,0,2,2,2,2,2,0,0,0,2,0,3,2,0,1,3,3,3,2,2,0,2,0,0,0,3,3,2,2,3,2,2,3,1,0,2,3,3,0,0,0,2,4,0,3,0,2,2,0,4,4,0,0,3,2,3,4,2,4,0,2,2,3,3,2,2,2,2,3,3,0,0,2,4,0,2,4,0,0,1,0,3,0,2,2,3,2,0,2,2,0,3,0,2,3,2,3,0,3,4,0,2,3,0,2,0,2,2,0,2,2,0,2,0,3,2,2,0,2,2,4,4,4,2,2,3,3,2,0,2,2,2,0,0,3,2,0,2,2,0,2,0,2,2,2,0,1,3,0,0,2,0,0,2,2,2,2,3,0,0,0,1,0,0,0,0,0,2,2,0,2,3,0,0,0,3,2,2,0,2,0,0,4,3,2,2,2,0,2,2,0,2,2,2,4,0,2,3,2,3,2,0,0,1,0,0,2,2,0,2,2,4,2,0,2,2,0,0,2,0,0,2,2,0,0,0,2,2,0,0,0,0,0,0,3,2,0,2,2,0,0,0,2,2,3,2,2,2,0,2,0,3,0,2,3,2,2,3,2,0,0,0,2,2,4,2,2,3,0,2,2,0,2,2,2,0,2,0,0,1,2,0,2,0,0,2,3,4,2,2,0,2,0,4,2,3,0,3,0,0,2,2,2,0,4,4,2,2,3,2,0,0,0,0,4,2,1,0,0,2,2,2,1,0,1,4,4,4,2,0,2,0,0,0,2,2,3,0,2,0,0,2,0,0,2,3,2,1,0,3,0,3,3,2,0,0,2,2,4,4,3,2,2,2,3,3,3,0,2,4,0,1,2,0,2,0,2,2,0,2,0,2,0,0,0,0,0,3,2,2,2,0,3,0,2,2,0,2,0,2,0,0,0,3,0,2,0,2,0,0,0,2,3,2,4,2,2,4,0,2,3,3,2,4,2,3,2,3,4,3,2,3,2,2,2,2,2,0,3,2,2,2,0,2,1,3,2,4,2,0,2,3,0,4,2,1,4,0,2,2,2,2,0,2,2,0,2,2,2,0,2,2,3,0,2,3,2,2,2,2,2,3,3,2,2,4,2,0,3,1,0,2,0,0,0,0,3,3,2,0,2,1,0,2,2,2,0,0,2,0,3,4,0,0,0,0,2,0,3,3,2,0,2,2,0,2,2,2,2,3,2,0,4,0,3,2,0,0,0,0,3,3,1,0,2,3,0,4,4,4,2,4,3,0,4,0,3,2,0,0,0,0,2,0,2,0,0,3,4,3,0,0,2,0,0,1,2,3,0,2,0,4,3,0,2,2,2,2,1,3,4,4,2,2,3,0,2,1,0,2,0,4,0,0,0,4,4,2,2,0,2,1,0,0,2,0,2,3,1,2,1,1,4,0,4,1,0,0,1,2,2,4,0,1,0,1,0,2,0,2,4,0,2,4,2,3,4,2,0,0,2,1,0,0,0,2,2,3,2,2,4,0,2,1,0,0,4,2,0,2,3,0,2,4,3,2,2,3,2,3,0,0,0,3,4,2,3,1,2,0,4,0,2,3,0,0,2,2,2,4,0,1,0,0,3,2,1,2,0,3,0,3,2,4,2,2,0,0,0,2,0,0,0,1,0,0,2,0,4,0,4,0,0,3,0,0,2,1,2,0,2,3,2,0,2,2,2,2,2,4,3,0,0,1,0,2,0,1,0,4,2,0,4,2,2,4,0,2,1,2,0,1,4,0,1,2,2,4,2,2,2,0,4,0,2,0,0,0,2,4,2,4,0,3,4,2,0,1,3,4,0,0,0,2,0,4,3,4,2,4,4,0,2,0,0,2,2,2,0,0,0,2,2,0,4,4,4,0,0,2,0,4,2,2,0,2,2,2,4,4,0,0,4,0,0,2,2,1,1,1,2,1,4,1,2,0,0,4,2,2,4,1,0,3,4,0,2,2,0,2,4,2,2,1,0,4,0,4,4,0,0,2,0,2,2,0,4,1,3,4,1,1,3,2,2,0,0,0,2,3,0,0,1,1,0,0,2,2,0,0,0,0,1,0,1,1,4,2,4,2,2,4,1,1,4,4,2,3,1,0,1,2,3,0,1,4,4,4,4,2,2,3,3,2,2,1,2,2,0,1,1,2,4,2,0,3,2,0,4,0,1,2,0,4,0,1,1,0,4,1,1,2,1,1,0,3,0,0,2,0,0,3,0,1,0,0,4,2,4,2,0,0,2,0,2,0,0,0,4,3,0,1,4,3,0,0,0,2,1,4,2,0,2,2,0,2,1,2,4,4,3,2,0,0,2,1,1,1,4,1,4,2,4,1,0,0,0,4,2,0,3,0,2,2,0,1,1,0,4,1,4,3,2,0,2,4,2,0,2,1,0,3,0,0,3,2,0,3,1,4,2,4,0,1,1,3,0,0,2,2,0,0,2,1,3,2,4,0,1,1,0,2,3,0,4,4,0,2,4,0,4,1,2,3,2,1,0,2,1,2,4,4,3,1,0,1,2,4,4,1,1,1,0,0,0,2,2,1,2,3,1,0,1,1,0,0,0,4,1,0,2,0,2,4,4,4,1,0,1,0,0,0,0,4,4,0,0,2,2,0,0,1,2,2,1,3,0,2,0,2,2,2,2,2,3,0,3,1,0,0,3,0,2,0,0,0,2,4,0,0,4,2,2,2,2,2,0,3,0,2,2,2,0,2,0,4,0,2,4,2,1,2,2,0,2,3,2,2,0,0,3,2,4,2,4,0,3,0,0,2,2,2,1,0,4,3,1,3,0,0,0,3,2,0,2,0,0,4,1,1,4,4,2,2,0,0,1,4,4,0,0,3,0,2,0,1,0,2,1,1,0,0,3,4,0,0,3,4,2,4,0,0,3,2,3,1,4,0,4,0,2,0,3,3,4,0,2,2,0,2,2,0,0,0,0,2,1,3,3,0,2,0,2,4,0,3,3,2,3,0,0,2,2,0,3,0,0,0,2,4,0,1,2,4,3,2,2,2,0,3,2,3,0,3,2,0,4,1,2,2,4,2,4,2,1,4,3,4,0,0,2,0,2,4,0,1,4,1,0,2,2,4,1,1,4,3,0,0,4,0,2,3,3,3,3,1,0,0,2,4,0,2,2,0,3,0,0,2,0,0,2,1,1,2,3,2,2,1,1,0,0,4,0,0,1,1,0,0,0,1,0,3,3,2,4,4,0,2,0,2,4,0,1,3,2,0,1,0,0,1,2,1,4,0,3,2,2,2,2,4,4,0,2,0,2,1,2,4,4,0,3,3,0,0,1,4,3,0,2,0,1,1,2,3,4,0,4,2,4,2,1,4,0,4,0,2,3,4,0,4,4,4,2,0,3,0,0,0,2,3,4,2,4,0,2,4,2,4,4,2,2,1,2,4,1,3,0,0,3,2,2,2,0,4,2,2,0,0,2,1,0,0,4,0,1,0,0,2,4,0,2,0,3,1,0,2,1,0,3,0,0,0,0,0,0,4,2,0,0,3,2,2,1,2,2,2,0,0,4,0,2,0,4,2,3,1,4,4,0,1,0,1,0,0,0,4,2,3,2,0,2,2,1,2,2,0,2,2,1,2,2,1,0,0,3,0,0,1,4,2,0,0,0,3,4,2,0,0,2,1,0,4,3,0,3,0,2,0,0,0,0,0,2,2,4,0,4,2,4,2,0,0,0,0,2,2,4,2,4,0,1,4,0,1,4,4,4,0,0,4,1,0,2,2,1,4,4,1,1,2,2]",ok,
73,quantile,3,0.2,0.559893838655726,2,"fused_5_medium, fused_2_medium+fused_5_low",huang,"[575, 335, 360, 217, 312]",0.20253834318213834,0.018343524180100056,"[3,4,3,3,0,0,0,1,0,0,1,4,1,4,4,0,0,0,3,3,0,0,3,3,0,3,0,2,4,2,0,4,3,2,3,0,0,2,0,2,0,4,0,0,2,3,0,3,2,1,2,1,0,0,0,0,0,0,0,2,0,3,3,2,2,2,2,0,3,0,2,0,0,0,3,0,0,0,0,3,4,0,0,0,4,3,3,3,2,3,0,0,3,0,0,0,1,2,2,4,2,1,4,2,0,1,4,0,0,3,0,4,0,0,0,0,2,0,4,0,4,0,0,0,2,4,0,1,4,0,0,0,0,0,4,4,4,0,2,3,0,4,1,3,3,3,0,0,2,0,2,4,4,3,3,0,0,3,0,0,3,1,2,0,4,3,2,2,4,0,4,2,3,2,0,0,4,4,1,2,4,3,0,3,1,0,4,4,0,0,3,3,0,0,0,0,3,3,2,4,0,4,2,0,1,2,4,1,2,3,2,0,0,3,0,2,0,0,4,3,2,0,3,0,3,2,3,4,2,0,3,2,0,2,0,0,2,0,0,2,0,2,3,0,0,2,0,0,4,1,1,0,0,3,3,0,2,0,0,3,2,2,3,0,4,0,0,4,0,2,0,0,0,2,1,3,2,4,0,2,2,0,0,0,0,3,4,2,2,1,4,4,4,2,2,0,0,2,0,3,2,4,2,3,0,0,2,0,2,4,1,3,0,0,0,2,0,3,4,0,0,0,1,4,0,3,0,3,0,4,4,1,4,4,0,0,2,0,0,4,0,2,0,0,2,4,0,2,2,0,0,2,2,4,0,0,2,2,2,2,4,2,3,0,2,0,0,4,2,2,0,0,3,0,0,0,4,0,2,3,4,0,3,0,0,3,0,4,2,2,0,0,1,0,0,3,2,0,0,4,0,0,0,4,0,2,4,1,0,2,0,2,4,0,3,1,0,0,4,0,2,1,0,3,2,3,4,2,0,0,0,2,1,1,0,0,3,0,4,2,4,2,1,0,1,4,2,0,0,0,1,4,1,4,4,1,0,2,0,4,2,2,0,0,3,4,0,4,2,0,4,2,0,3,0,1,2,3,2,3,3,0,2,4,0,0,1,1,3,0,0,0,3,3,3,4,0,1,2,1,0,2,0,2,0,0,4,0,4,0,2,4,4,2,2,4,0,0,0,2,3,2,0,0,4,0,4,0,4,2,2,3,2,3,2,0,4,2,2,0,3,0,1,0,0,1,2,0,3,3,0,1,0,3,0,3,1,3,0,3,0,0,0,0,0,2,3,0,0,0,2,0,1,3,0,1,0,2,0,3,4,1,0,1,4,4,0,0,0,0,2,0,0,2,0,3,0,4,0,0,3,2,0,3,0,0,0,0,0,3,3,0,0,1,0,2,3,1,2,0,4,4,2,2,3,3,0,2,0,1,2,0,0,0,2,2,0,2,3,1,4,2,4,4,0,2,3,4,0,4,0,0,4,0,0,0,0,3,0,2,1,2,3,0,2,2,2,2,3,3,1,4,0,3,2,1,4,1,0,1,3,4,1,2,3,0,4,2,4,2,0,2,0,2,4,3,1,3,2,4,0,2,4,1,0,3,4,0,2,1,4,4,0,0,0,0,1,3,4,4,0,0,3,4,0,1,2,0,2,1,2,2,4,1,1,0,0,4,0,1,3,2,0,4,0,3,1,0,1,1,4,2,4,1,2,2,1,0,0,1,4,1,4,1,4,0,2,0,4,2,0,4,0,3,4,0,2,4,0,1,2,4,4,0,0,3,0,0,1,4,0,1,2,4,4,0,2,0,3,4,0,1,3,0,0,3,0,4,4,2,2,3,1,0,3,1,0,4,1,4,0,3,2,4,0,0,0,1,4,1,2,4,3,0,1,0,4,3,2,3,0,1,0,0,2,4,4,0,2,2,4,1,2,2,0,2,1,4,1,4,4,3,4,2,0,1,0,2,0,3,0,2,0,0,0,0,0,1,3,4,2,1,2,0,2,1,4,1,0,4,1,4,0,1,4,0,1,0,4,1,1,4,1,0,0,1,0,0,0,4,4,2,0,4,4,2,0,1,0,4,4,3,1,0,2,1,3,4,2,2,2,0,4,1,3,1,0,4,1,4,0,2,4,0,0,0,2,4,2,0,0,4,1,4,4,2,2,0,4,4,0,0,2,0,0,0,1,1,2,2,1,2,2,0,0,1,1,1,0,1,1,1,3,4,2,4,0,0,1,1,2,3,4,2,0,0,2,0,1,0,0,1,4,1,2,4,1,2,4,0,4,0,0,2,1,1,3,1,1,1,3,0,0,2,4,4,0,3,4,4,1,1,2,2,0,3,2,2,2,2,1,4,1,1,4,0,1,0,0,1,1,1,1,1,0,4,1,2,1,0,3,4,1,4,4,4,1,0,0,3,3,0,0,1,0,0,2,1,1,0,1,0,4,3,0,2,1,2,1,0,2,1,2,1,1,4,1,1,1,0,1,1,2,3,2,2,0,4,4,4,2,1,2,4,1,0,1,0,2,4,0,4,0,4,4,2,1,3,2,1,1,3,4,2,2,0,1,4,0,4,0,0,4,0,1,0,4,1,3,0,4,4,0,1,1,1,4,1,1,0,4,1,4,2,2,4,0,4,3,2,0,0,4,1,1,4,4,1,1,3,0,4,0,1,0,2,0,1,2,3,4,2,3,0,2,3,1,1,0,1,4,1,1,3,2,2,0,0,2,4,0,1,3,0,4,2,1,1,4,0,3,2,1,1,4,0,4,4,1,1,0,3,0,1,2,0,1,0,1,1,3,1,2,1,0,4,1,1,1,1,4,2,2,0,0,1,0,3,1,2,1,1,2,4,4,4,1,2,0,2,0,1,1,1,1,2,1,2,4,2,4,1,1,2,2,0,0,4,2,1,0,0,1,3,2,0,4,0,0,0,0,0,3,4,3,1,2,2,3,2,0,4,2,2,0,1,2,2,1,0,0,0,0,0,2,3,2,0,0,0,2,0,2,1,2,0,1,3,1,0,0,2,0,3,0,0,4,4,3,0,1,0,1,2,3,4,2,0,0,0,1,4,1,3,1,3,2,2,2,3,3,2,0,4,4,1,1,1,1,1,0,3,2,4,1,4,1,2,4,3,2,0,4,1,2,4,1,1,2,4,3,1,2,2,3,4,0,1,2,2,3,0,3,1,1,2,4,2,0,4,3,3,4,2,0,0,4,0,0,2,4,2,2,0,1,3,3,2,0,2,0,4,2,3,3,0,3,2,2,0,0,4,4,4,4,2,0,1,4,1,0,1,3,0,0,0,4,3,0,3,4,3,0,2,1,1,0,0,1,0,1,0,1,1,3,1,2,4,0,2,0,1,4,1,1,1,2,0,0,1,1,1,1,3,2,2,1,4,0,3,3,3,3,1,4,4,0,4,2,0,0,2,3,2,2,0,2,4,0,1,1,0,3,0,0,1,1,2,2,1,4,4,1,1,2,4,2,1,2,3,4,0,4,1,4,0,2,0,1,2,1,3,0,2,1,2,4,1,0,1,1,2,3,0,0,0,0,1,1,4,0,2,0,1,0,1,1,4,3,3,2,2,1,1,3,4,0,2,1,1,0,3,1,2,1,3,1,0,1,4,2,1,2,0,3,1,4,4,1,1,0,2,3,2,2,2,0,3,1,0,4,4,0,1,0,1,4,0,0,1,0,4,1,3,2,2,3,0,0,0,4,1,0,0,4,2,0,1,2,2,1,4,1,4,4,3,1,2,0,4,3,1,2,0,1,4,3,2,2,2,4,4,2,1,0,2,4,3,0,0,1,0,0,0,2,2,1,2,0,2,1,3,3,1,1,1,4,1,4,1,2,2,2,1,0,3,0,2,0,0,1,0,0,2,0,0,1,0,0,1,4,4,4,4,2,1,1,0,2,4,4,3,1,0,2,2,0,1,4,1,4,2,3,4,0,2,2,2,2,4,0,0,1,4,1,0,4,0,4,2,2,2,4,0,1,0,4,2,1,1,2,1,1,1,1,2,4,1,1,2,0,0,1,4,1,1,1,0,0]",ok,
74,quantile,3,0.15,0.5986443746098995,3,"fused_1_high+fused_3_low, fused_1_low, fused_2_high+fused_4_low+fused_5_high",huang,"[162, 441, 379, 624, 193]",0.21474575647524577,0.03501945525291829,"[3,1,3,3,2,2,1,4,3,3,4,2,4,1,1,2,2,3,3,3,1,3,3,3,1,3,2,2,3,1,3,2,3,1,3,3,3,3,3,1,3,3,2,2,1,3,3,3,2,4,3,0,2,3,2,3,1,1,2,3,1,3,3,1,3,1,2,3,3,3,1,3,3,2,3,3,1,2,2,3,2,3,2,3,1,3,3,3,2,3,1,2,3,1,2,2,4,1,3,1,2,4,2,2,1,4,3,3,2,3,2,4,2,2,1,3,3,2,1,3,1,2,3,2,1,1,3,0,1,3,3,3,3,3,1,3,1,3,1,3,2,3,0,3,3,3,3,2,3,2,3,1,1,3,3,3,2,3,2,1,3,0,3,2,3,3,2,2,1,1,3,3,3,3,2,1,1,4,4,1,1,3,3,3,4,2,2,1,1,2,3,3,3,3,3,3,3,1,2,3,3,2,3,3,4,1,2,0,2,3,2,3,3,3,1,2,2,2,1,3,1,1,3,3,3,2,3,1,1,1,3,1,2,3,2,2,1,3,2,2,2,1,3,2,3,3,3,3,2,4,4,1,2,3,3,3,3,3,3,3,3,3,3,3,2,1,3,1,2,2,2,3,3,2,0,1,1,1,3,2,3,1,3,3,2,1,3,1,3,0,1,3,1,1,1,3,3,2,1,3,2,1,1,3,2,2,3,2,3,2,4,3,3,3,3,3,2,3,3,3,1,1,4,3,3,3,2,3,2,1,3,4,3,1,2,2,3,3,1,4,2,1,1,3,3,3,1,3,2,2,3,1,3,1,1,1,2,3,1,1,1,1,3,3,3,2,2,3,2,1,3,3,3,2,1,2,1,2,3,1,3,2,3,3,2,3,2,1,2,3,3,3,4,1,3,3,3,2,2,1,1,3,2,1,2,2,1,0,1,2,3,3,1,2,3,4,3,3,2,3,3,4,2,3,3,3,3,1,1,3,2,2,4,4,3,1,3,1,1,3,1,2,4,1,0,2,3,3,3,1,0,1,0,2,2,4,2,1,3,1,2,3,3,2,3,1,2,1,1,3,1,1,2,3,2,0,1,3,3,3,3,3,3,1,2,3,4,4,3,3,2,2,3,3,3,2,2,4,3,0,1,1,1,2,3,1,2,2,2,2,1,2,1,1,3,1,2,3,3,3,3,1,1,3,2,3,3,2,3,3,2,1,3,1,2,3,2,1,2,3,3,2,4,3,3,4,1,2,3,3,1,4,2,3,2,3,4,1,2,3,3,1,2,2,2,1,3,3,3,2,3,3,0,3,3,4,3,3,2,3,1,4,3,0,1,1,1,3,2,2,1,1,3,1,1,3,3,1,3,2,1,1,3,3,3,3,1,3,2,3,3,1,1,4,3,3,1,0,3,2,3,3,2,1,3,1,3,2,2,0,3,2,3,2,3,3,2,3,3,4,1,3,1,2,2,1,3,3,1,1,2,1,2,2,2,2,3,3,3,3,4,3,3,1,2,2,3,3,1,3,0,1,2,3,3,4,4,4,3,4,3,1,4,1,3,3,1,3,1,1,3,3,1,3,1,1,4,1,1,1,3,2,1,0,3,3,1,3,1,4,3,2,2,1,2,3,0,3,4,3,1,3,3,1,1,0,1,1,3,4,3,3,1,4,4,3,1,1,1,0,1,1,2,1,3,3,0,2,0,0,4,3,4,0,2,1,0,3,2,4,1,0,2,0,1,2,2,2,4,3,3,1,3,3,2,3,3,1,1,0,1,3,1,1,1,3,2,2,4,2,3,0,1,2,2,3,3,1,3,3,2,4,3,2,3,3,2,3,3,3,1,1,4,2,1,0,2,1,4,1,3,3,1,1,1,1,3,4,3,0,2,1,3,3,0,2,1,1,3,1,3,4,1,1,3,1,3,3,1,3,1,0,1,2,2,3,4,2,4,3,2,3,1,1,3,0,2,3,2,3,1,3,2,2,3,2,3,4,1,2,1,0,1,2,2,0,1,2,1,2,2,3,1,4,1,2,0,2,1,0,4,2,0,3,2,4,2,2,3,1,4,1,2,1,1,1,3,4,2,2,1,1,4,3,3,0,3,4,3,3,1,2,3,4,3,4,3,2,4,1,2,1,1,3,2,1,3,3,2,1,2,2,4,4,4,3,3,3,1,2,1,3,3,2,3,3,4,4,3,3,4,3,1,3,2,0,0,0,3,0,4,0,1,1,3,1,2,2,4,0,3,3,4,2,1,2,2,3,4,1,2,0,2,4,2,4,4,3,1,1,1,2,1,1,4,0,3,4,0,0,3,2,1,1,3,1,2,1,2,2,0,0,3,3,1,1,1,2,1,2,0,1,0,0,2,2,4,3,2,4,0,0,4,4,2,1,0,3,0,2,3,2,0,2,3,4,4,2,1,3,3,1,2,0,2,1,1,0,0,2,4,3,2,3,2,2,4,3,0,1,3,4,1,0,0,1,4,0,0,2,0,0,3,3,1,3,2,1,3,3,1,0,3,3,4,1,4,2,1,1,2,1,3,2,1,3,4,3,3,0,4,3,1,3,1,1,0,3,1,2,3,2,2,1,0,2,2,4,1,2,3,2,2,0,0,0,1,0,4,2,2,0,1,3,3,4,2,3,3,3,3,3,3,0,0,3,3,0,4,3,1,2,2,4,1,3,3,0,3,3,1,2,3,1,3,3,0,4,2,4,1,0,0,3,3,1,1,3,3,1,1,0,1,2,4,1,4,0,1,3,3,1,4,0,1,1,2,1,4,0,2,3,2,0,3,2,0,1,4,4,3,4,2,0,3,4,4,0,0,0,1,2,3,2,2,0,2,3,0,1,0,0,1,1,1,3,0,3,3,3,3,4,4,4,0,3,0,2,1,1,1,4,4,1,3,1,2,3,1,0,3,2,0,1,1,1,2,3,3,2,3,1,3,1,1,0,1,1,3,1,2,3,2,3,1,4,3,1,4,1,3,3,1,3,1,3,1,1,1,3,2,2,2,4,3,2,4,3,0,2,2,3,3,3,2,3,1,1,3,3,4,2,4,1,3,1,3,3,1,2,0,3,4,3,0,3,1,1,1,3,3,3,2,1,1,4,0,0,4,4,1,3,1,3,0,3,4,2,1,3,3,3,1,0,1,2,0,0,3,3,3,4,3,3,3,4,2,4,3,3,3,2,3,0,4,3,4,3,2,2,1,3,2,2,1,2,3,3,2,3,3,1,3,2,0,3,3,1,1,1,1,1,1,3,1,3,3,3,3,3,2,2,3,3,1,1,2,4,3,0,3,4,1,2,2,2,1,3,2,3,2,1,2,3,4,0,2,2,4,3,4,3,0,4,3,4,1,1,1,3,1,4,1,0,4,0,1,2,2,4,0,0,4,3,1,1,4,1,2,3,1,3,3,0,3,1,1,2,3,2,1,1,3,3,3,3,1,1,2,0,0,2,3,2,3,4,0,1,3,4,1,3,4,0,3,3,1,0,2,1,3,1,3,4,2,2,1,3,4,3,0,1,1,3,0,2,1,0,3,0,4,3,3,3,2,2,2,4,4,1,1,3,2,0,2,4,4,2,3,3,1,2,0,4,3,1,2,1,0,0,3,3,4,2,4,3,4,3,0,2,3,4,3,1,3,4,2,4,4,4,3,3,3,3,1,1,3,3,4,3,2,1,2,4,3,4,3,3,3,0,2,4,0,1,3,3,3,2,3,2,1,4,2,2,1,3,3,0,2,3,4,1,0,1,1,3,4,1,3,1,1,0,3,2,0,2,3,3,3,3,1,1,3,4,1,1,1,1,2,1,0,2,2,2,1,1,4,3,3,3,4,3,3,0,4,2,1,0,1,0,3,3,3,4,3,1,3,1,1,2,0,2,2,3,3,2,0,2,1,0,3,2,3,1,3,0,4,3,1,1,3,3,4,3,1,1,1,0,1,4,1,3,3,1,1,3,2,3,3,2,2,1,4,2,4,1,2,2,1,1,2,2,2,2,4,3,1,1,0,4,3,0,4,4,4,1,1,4,0,1,3,3,0,4,4,0,0,2,2]",ok,
75,quantile,3,0.1,0.5774723865819892,2,"fused_2_low+fused_5_medium, fused_2_low+fused_5_high",cao,"[1014, 221, 164, 199, 201]",0.16447485675878376,0.006670372429127293,"[3,0,3,3,0,0,1,4,1,0,4,0,4,0,0,1,0,0,3,3,1,1,3,3,1,3,0,0,0,0,1,0,3,0,3,0,0,0,1,0,0,0,0,0,0,3,1,1,0,4,0,2,0,0,0,1,0,1,0,0,1,3,3,0,0,0,0,0,1,1,0,0,1,0,3,1,1,0,0,1,0,1,0,1,0,3,3,3,0,3,0,4,1,0,0,0,4,0,0,0,0,4,0,0,1,4,0,1,0,3,0,4,0,0,1,1,0,1,0,1,0,0,0,0,0,3,1,2,0,1,1,1,1,0,0,0,0,1,0,3,0,0,2,3,3,3,1,0,0,0,0,0,0,3,3,1,0,3,0,1,3,2,0,0,3,3,0,0,0,1,0,0,3,0,0,1,0,4,4,0,0,3,0,3,4,0,0,0,0,0,3,3,1,0,0,0,3,3,0,0,1,0,0,0,4,0,0,2,0,3,0,1,1,3,1,0,0,0,0,3,0,0,3,1,3,0,3,0,0,1,3,0,0,0,0,0,0,0,0,0,0,0,3,0,1,0,1,1,0,4,4,0,0,3,3,0,0,0,1,1,0,0,3,1,0,0,0,0,0,0,0,1,1,0,2,3,0,0,1,0,0,0,0,1,0,3,0,0,0,2,0,0,0,0,0,1,1,0,1,3,0,0,0,3,0,0,0,0,0,0,4,3,0,1,1,0,0,1,0,1,1,1,4,0,0,3,0,3,0,0,0,4,0,0,0,0,0,1,0,0,0,0,1,1,0,0,0,0,0,0,0,0,0,0,0,0,0,0,0,0,0,0,3,1,0,0,0,0,0,0,1,0,3,0,0,0,0,0,0,3,0,0,3,1,0,3,0,0,0,0,1,0,4,0,0,3,0,0,0,0,1,0,0,0,0,0,0,2,0,0,0,0,0,0,3,4,0,1,0,1,0,4,0,3,0,3,0,0,1,1,0,0,4,4,1,0,3,0,0,0,0,0,4,1,2,0,0,1,0,0,2,0,2,0,0,4,0,0,1,0,0,0,0,0,3,0,0,0,0,1,0,0,0,3,0,2,0,3,0,3,3,0,0,0,0,0,4,4,3,1,0,0,3,3,3,0,0,4,0,2,1,0,1,0,1,1,0,0,0,0,0,0,0,0,0,3,0,1,0,0,3,0,1,0,0,1,0,0,0,0,0,3,0,1,0,1,0,0,0,1,3,0,4,1,1,4,0,0,3,3,1,4,0,3,0,3,4,3,0,3,1,0,0,0,0,0,3,1,0,0,0,1,2,3,0,4,1,0,0,3,0,4,0,2,0,0,1,1,0,0,0,1,0,0,1,1,1,0,0,0,3,0,1,3,0,1,1,0,0,3,3,1,1,4,1,0,3,2,0,0,0,0,0,0,3,3,1,0,0,2,0,0,1,0,0,0,0,0,1,4,0,0,0,0,0,0,3,3,1,0,0,1,0,0,0,0,0,3,1,0,4,0,3,0,0,0,0,0,3,3,2,0,0,3,0,4,4,4,0,4,3,0,4,0,3,1,0,0,1,0,1,0,0,0,0,3,4,3,0,0,0,0,0,2,1,3,0,1,0,4,3,0,0,0,0,1,2,3,4,0,0,1,3,0,0,2,0,1,0,4,0,0,0,4,4,0,0,0,1,2,3,0,0,0,1,3,2,0,2,2,4,0,4,2,0,0,2,1,0,4,0,2,0,2,0,0,0,0,4,0,0,0,1,3,0,0,0,0,1,2,0,0,0,1,1,3,0,0,4,0,0,2,0,0,0,1,0,1,3,0,0,4,3,0,1,3,0,3,0,0,0,3,4,0,3,2,0,0,4,0,0,3,0,0,1,0,1,4,0,2,0,0,3,1,2,0,0,3,0,3,0,4,0,1,0,0,0,0,0,0,0,2,0,0,0,0,4,0,4,0,0,3,0,0,1,2,0,0,0,3,0,0,0,0,1,0,0,4,3,0,0,2,0,0,0,2,0,4,1,0,4,0,1,4,0,0,2,0,0,2,4,0,2,1,0,4,0,0,0,0,4,0,0,0,0,0,0,4,0,0,0,3,4,1,0,2,3,4,0,0,0,0,0,4,3,4,1,0,4,0,0,0,0,1,0,0,0,0,0,1,0,0,4,4,4,0,0,1,0,0,0,1,0,0,0,0,4,4,0,0,4,0,0,0,0,2,2,2,0,2,4,2,1,0,0,0,0,0,4,2,0,3,0,0,0,4,0,1,4,1,0,2,0,4,0,4,4,0,0,0,0,0,0,0,4,2,3,4,2,2,3,0,0,0,0,0,0,3,0,0,2,2,0,0,0,1,0,0,0,0,2,0,2,2,0,4,4,1,0,4,2,2,4,4,0,0,2,0,2,0,3,0,2,0,0,4,4,0,1,3,3,1,4,2,0,0,0,2,2,0,4,1,0,3,4,0,4,0,2,1,0,4,0,2,2,0,4,2,2,0,2,2,0,3,0,0,0,0,0,0,0,2,0,0,4,1,4,0,0,0,1,0,0,0,0,0,4,3,0,2,4,3,0,0,0,1,2,0,0,0,1,4,0,0,2,0,4,4,3,0,0,0,0,2,2,2,0,2,4,0,0,2,0,0,0,4,0,0,3,0,1,1,0,2,2,0,0,2,4,3,0,0,0,4,0,0,0,2,0,1,0,0,3,0,0,1,2,4,0,4,0,2,2,3,0,0,0,0,0,0,1,2,1,0,0,0,2,2,0,0,3,0,4,4,0,1,0,0,4,2,0,3,0,2,0,0,2,0,4,4,3,2,0,2,0,4,4,2,2,2,0,0,0,0,0,2,0,3,2,0,2,2,0,0,0,0,2,0,1,0,0,4,4,4,2,0,2,0,0,0,0,4,4,0,0,0,0,0,0,2,1,1,2,1,0,1,0,0,1,0,0,0,3,0,3,2,0,0,3,0,0,0,0,0,0,4,0,0,4,0,0,1,0,1,0,3,0,1,0,0,0,0,0,4,0,0,4,1,2,0,0,0,1,1,0,1,0,0,3,1,4,0,4,0,3,0,0,0,1,0,2,0,4,3,2,3,0,0,0,3,1,0,0,0,0,4,2,2,4,4,0,1,0,0,2,0,4,0,0,3,0,1,0,2,0,0,2,2,0,0,3,4,0,0,3,4,0,4,0,0,3,0,3,2,4,0,0,0,0,0,3,3,0,0,1,0,0,1,0,0,0,0,0,0,2,3,1,0,1,0,1,0,0,3,3,0,3,0,0,1,0,0,0,0,0,0,0,4,0,2,0,4,3,0,0,0,0,3,0,3,0,3,0,0,4,2,0,0,4,1,4,1,2,4,3,4,0,0,1,0,0,4,0,2,4,2,0,0,0,4,2,2,4,3,0,0,4,0,0,1,3,3,3,2,0,0,0,4,0,0,1,0,3,0,0,0,0,0,0,2,2,0,3,0,1,2,2,0,0,4,0,0,2,2,0,0,0,2,0,3,0,1,0,4,0,0,0,1,4,0,2,3,0,0,2,0,0,2,0,4,4,0,3,1,0,0,0,4,4,0,0,0,0,2,0,4,4,0,3,3,0,0,2,4,3,0,0,0,2,2,1,3,4,0,4,1,4,0,2,4,0,4,0,1,3,4,0,4,4,4,1,0,3,0,0,0,1,3,4,1,0,0,0,4,0,4,0,1,0,2,0,4,2,3,0,0,3,0,1,0,0,4,0,0,0,0,0,2,0,0,4,0,2,0,0,1,4,0,1,0,3,2,0,0,2,0,3,0,0,0,0,0,0,4,0,0,0,3,0,0,2,0,0,0,0,0,4,0,0,0,4,1,3,2,4,4,0,2,0,2,0,0,0,4,1,3,0,0,1,0,2,0,0,0,0,0,2,0,0,2,0,0,0,0,0,2,4,1,0,0,0,3,4,0,0,0,0,2,0,4,0,0,3,0,1,0,0,0,0,0,4,1,4,0,4,1,0,0,0,0,0,0,0,0,4,0,0,0,2,4,0,2,4,4,4,0,0,4,2,0,0,0,2,4,4,2,2,4,0]",ok,
76,quantile,5,1.0,0.42748573683993574,0,,,[],,,,baseline_no_features,
77,quantile,5,0.95,0.42748573683993574,0,,,[],,,,baseline_no_features,
78,quantile,5,0.9,0.42748573683993574,0,,,[],,,,baseline_no_features,
79,quantile,5,0.85,0.42748573683993574,0,,,[],,,,baseline_no_features,
80,quantile,5,0.8,0.42748573683993574,0,,,[],,,,baseline_no_features,
81,quantile,5,0.75,0.42748573683993574,0,,,[],,,,baseline_no_features,
82,quantile,5,0.7,0.42748573683993574,0,,,[],,,,baseline_no_features,
83,quantile,5,0.65,0.42748573683993574,0,,,[],,,,baseline_no_features,
84,quantile,5,0.6,0.42748573683993574,0,,,[],,,,baseline_no_features,
85,quantile,5,0.55,0.42748573683993574,0,,,[],,,,baseline_no_features,
86,quantile,5,0.5,0.42748573683993574,0,,,[],,,,baseline_no_features,
87,quantile,5,0.45,0.42748573683993574,0,,,[],,,,baseline_no_features,
88,quantile,5,0.4,0.42748573683993574,0,,,[],,,,baseline_no_features,
89,quantile,5,0.35,0.42748573683993574,0,,,[],,,,baseline_no_features,
90,quantile,5,0.3,0.42748573683993574,0,,,[],,,,baseline_no_features,
91,quantile,5,0.25,0.42748573683993574,0,,,[],,,,baseline_no_features,
92,quantile,5,0.2,0.7120226141302819,4,"fused_2_high, fused_2_medium, fused_2_low, fused_2_veryhigh",huang,"[350, 370, 350, 365, 364]",0.1424139145367834,0.010561423012784881,"[2,3,2,2,3,1,2,0,2,3,0,1,0,4,4,2,1,4,2,2,4,4,2,2,4,2,1,1,1,4,2,1,2,3,2,3,4,3,4,3,3,4,1,1,4,2,2,2,3,0,3,0,1,3,1,2,3,4,3,3,4,2,2,3,3,4,1,3,2,2,4,3,2,3,2,2,2,1,1,2,1,4,1,4,2,2,2,2,1,2,3,1,2,3,1,3,0,3,3,4,1,0,1,3,2,0,4,4,1,2,1,0,1,1,4,4,3,4,4,2,4,1,3,1,3,2,4,0,4,4,2,4,2,3,4,2,4,4,4,2,1,4,0,2,2,2,2,1,3,1,3,4,4,2,2,2,1,2,1,4,2,0,4,1,4,2,1,3,4,2,1,3,2,1,1,2,4,0,0,4,4,2,4,2,0,3,1,1,3,1,2,2,2,3,3,3,2,2,1,4,2,1,3,3,0,4,1,0,3,2,1,4,2,2,4,3,1,1,4,2,4,3,2,2,2,3,2,1,3,4,2,3,1,3,1,1,3,3,3,3,1,3,2,3,2,3,2,2,3,0,0,4,3,2,2,4,3,3,2,2,3,3,2,2,1,3,3,4,1,3,1,2,2,3,0,2,3,4,2,3,3,4,1,2,3,2,4,3,4,0,2,1,4,3,4,2,2,1,4,2,3,2,4,2,1,1,3,1,1,1,0,2,1,2,4,3,1,2,4,4,4,4,0,2,3,2,1,4,1,2,4,0,4,4,1,1,3,2,1,1,1,3,4,4,3,4,3,3,4,3,3,4,3,2,1,4,3,3,4,3,2,4,2,2,3,3,1,4,3,3,4,3,2,1,3,1,4,1,1,2,4,1,2,2,1,2,4,4,1,3,2,3,0,4,3,2,3,1,1,2,4,3,1,2,1,3,2,0,4,3,1,3,4,1,2,0,3,2,1,2,1,0,1,2,3,2,4,3,2,2,1,1,0,0,2,3,2,4,4,3,4,3,0,4,0,1,3,2,3,1,0,4,0,1,1,0,1,3,2,4,1,3,3,1,2,4,1,4,3,4,4,4,1,2,1,0,3,2,3,2,2,3,3,4,1,3,0,0,2,2,3,1,2,2,2,1,1,0,3,0,4,4,4,1,4,4,3,3,1,3,4,1,4,3,4,4,1,2,3,3,2,3,4,3,1,2,4,1,2,3,3,2,3,2,3,2,1,3,4,4,2,1,0,4,2,0,3,1,2,2,4,0,1,2,3,2,0,2,1,2,2,3,1,1,1,4,2,4,3,3,3,2,0,2,1,0,4,3,1,2,4,0,3,0,1,4,4,4,1,1,4,2,3,3,2,2,2,2,3,1,2,4,2,2,4,4,4,4,1,2,2,4,2,0,4,1,2,0,1,1,1,4,1,4,2,2,4,1,1,0,3,1,2,1,3,3,1,3,2,0,4,3,4,1,1,3,2,2,2,4,3,2,1,1,3,1,3,2,4,3,0,3,2,3,4,3,3,3,2,2,0,4,1,2,3,0,0,0,3,0,2,2,0,4,2,4,4,3,2,3,2,4,3,3,4,2,0,2,3,4,1,1,4,0,2,2,4,2,4,0,4,1,3,3,1,4,0,2,0,1,4,2,2,2,4,0,3,4,3,0,3,3,4,0,0,1,4,4,4,0,2,3,1,4,2,2,0,1,0,0,0,3,0,0,1,4,0,2,1,0,4,0,1,0,4,1,3,1,1,3,3,1,4,2,1,3,4,4,2,0,4,4,4,4,4,2,1,1,0,1,1,0,4,1,3,4,3,4,2,4,1,0,2,1,4,2,1,4,4,3,3,2,0,1,2,0,1,4,0,4,3,2,3,4,2,3,2,0,4,0,1,2,2,2,0,1,4,2,3,2,3,0,4,2,3,1,4,3,4,3,4,0,4,3,1,3,0,1,0,4,1,2,4,4,2,0,1,3,1,2,3,3,1,3,4,1,3,0,2,1,3,0,4,1,3,0,4,0,4,1,0,3,4,0,2,3,0,1,3,0,0,1,0,4,1,0,1,1,3,4,1,4,1,4,4,4,1,0,1,1,4,2,0,2,3,0,2,0,3,4,3,1,2,0,2,0,2,1,0,4,1,3,4,2,1,3,3,4,1,4,1,1,0,0,0,4,3,4,4,1,3,4,3,1,3,3,0,0,4,1,0,4,4,4,1,0,0,0,3,0,0,0,2,4,3,3,1,1,0,0,3,2,1,3,3,1,1,4,0,4,1,0,1,0,1,0,0,3,2,4,4,3,4,3,0,0,2,0,0,0,2,1,3,3,4,4,3,2,1,1,0,0,3,3,4,2,3,1,3,1,0,4,0,0,1,1,0,4,1,0,0,0,0,0,1,4,0,3,0,1,2,1,0,1,1,0,0,3,4,2,2,2,0,0,1,1,4,0,0,1,0,2,1,2,1,1,0,3,0,4,3,0,3,0,0,4,0,0,0,1,0,0,3,2,3,4,1,4,4,4,3,0,1,4,0,4,0,1,3,4,2,4,3,1,4,3,0,2,4,0,0,2,4,1,3,4,0,1,3,1,2,1,1,4,0,1,1,0,2,1,1,1,1,0,0,0,3,0,0,1,1,0,4,3,3,1,1,4,2,3,4,2,1,0,0,4,1,0,0,2,3,1,1,0,3,3,3,0,3,2,4,3,2,4,3,2,0,0,1,0,2,0,0,2,1,4,3,4,1,4,4,0,2,1,1,3,0,0,4,1,2,4,0,0,4,2,1,4,0,0,1,2,1,0,3,1,0,3,0,0,2,0,3,0,3,1,0,0,0,0,4,1,3,1,1,0,3,2,0,4,0,0,3,4,2,1,0,3,2,3,1,0,0,0,0,4,0,1,4,3,4,0,0,4,3,3,1,4,3,0,4,4,0,2,1,2,4,3,2,1,3,4,2,4,2,0,4,3,2,3,3,4,3,3,4,0,3,3,0,4,4,2,4,4,3,2,3,4,4,3,1,1,1,0,3,1,0,2,0,1,1,3,2,2,1,2,4,4,2,2,0,1,0,4,2,4,3,1,4,1,0,4,0,2,0,2,3,3,3,2,2,3,1,4,4,0,0,0,0,0,4,2,3,1,0,1,0,3,4,2,3,4,4,0,3,3,0,0,1,4,2,0,3,1,2,0,1,0,3,3,2,1,2,0,0,1,1,3,1,1,2,2,1,3,2,1,2,2,1,1,4,3,3,1,0,2,2,4,2,3,2,1,4,2,2,3,2,3,3,2,1,1,3,4,1,3,1,0,4,0,1,0,2,1,1,1,4,2,1,2,1,2,1,3,0,0,1,1,0,4,0,4,0,0,2,0,4,4,2,4,3,0,4,0,0,0,3,1,1,0,0,0,0,2,3,3,0,4,1,2,2,2,2,0,1,2,4,1,1,1,4,4,2,3,3,4,3,4,1,0,0,3,2,1,4,0,0,4,3,0,2,3,0,0,3,1,4,0,3,2,4,4,1,0,1,1,4,4,0,4,0,2,3,4,0,1,2,0,4,0,0,1,2,4,3,1,1,0,0,2,3,3,1,0,1,0,0,1,2,2,3,1,0,0,2,4,1,3,0,0,2,2,0,1,0,2,0,4,0,1,3,0,4,4,2,0,1,0,0,0,2,4,2,3,4,3,2,2,0,2,1,4,1,0,4,0,1,2,3,0,3,0,0,2,3,4,2,1,2,1,4,0,3,1,4,3,3,0,1,3,0,4,0,1,2,2,0,3,4,4,2,0,3,1,0,1,2,3,3,4,2,4,3,0,4,3,4,2,1,4,0,3,1,3,3,4,0,3,3,3,0,2,2,0,0,0,4,0,4,0,3,1,4,0,4,2,1,4,2,1,0,1,1,3,3,1,0,1,1,0,4,1,4,4,3,0,0,4,4,4,2,2,0,3,3,4,3,0,1,0,4,3,2,4,2,1,3,4,3,1,1,4,0,1,0,4,3,1,3,4,1,1,3,3,0,1,3,3,0,0,3,0,0,0,0,4,4,0,0,4,3,3,0,1,0,0,0,1,3]",ok,
93,quantile,5,0.15,0.7474719414533747,5,"fused_2_high, fused_2_verylow, fused_2_medium, fused_2_low, fused_2_veryhigh+fused_4_verylow+fused_5_veryhigh",huang,"[359, 393, 360, 327, 360]",0.13619866635838174,0.006670372429127293,"[0,0,0,0,4,1,0,3,0,4,3,1,3,2,2,0,1,2,0,0,2,2,0,0,2,0,1,1,1,2,0,1,0,4,0,4,2,4,2,4,4,2,1,1,2,0,0,0,4,3,4,3,1,4,1,0,4,2,4,4,2,0,0,4,4,2,1,4,0,0,2,4,0,4,0,0,0,1,1,0,1,2,1,2,0,0,0,0,1,0,4,1,0,4,1,4,3,4,4,2,1,3,1,4,0,3,2,2,1,0,1,1,1,1,2,2,4,2,2,0,2,1,4,1,4,0,2,3,2,2,0,2,0,4,2,0,2,2,2,0,1,2,3,0,0,0,0,1,4,1,4,2,2,0,0,0,1,0,1,2,0,3,2,1,2,0,1,4,2,0,1,4,0,1,1,0,0,1,3,2,2,0,2,0,3,4,1,1,4,1,0,0,0,4,4,4,0,0,1,2,0,1,4,4,3,2,1,3,4,0,1,2,0,0,2,4,1,1,2,0,2,4,0,0,0,4,0,1,4,2,0,4,1,4,1,1,4,4,4,4,1,4,0,4,0,4,0,0,4,3,3,2,4,0,0,2,4,4,0,0,4,4,0,0,1,4,4,2,1,4,1,0,0,4,3,0,4,2,0,4,4,2,1,0,4,0,2,4,2,3,0,1,2,4,2,0,0,1,2,0,4,0,2,0,1,1,4,1,1,1,3,0,1,0,2,4,1,0,2,2,2,2,3,0,4,0,1,2,1,0,2,3,2,2,1,1,4,0,1,1,1,4,2,2,4,2,4,4,2,4,4,2,4,0,1,2,4,4,2,4,0,2,0,0,4,4,1,2,4,4,2,4,0,1,4,1,2,1,1,0,2,1,0,0,1,0,2,2,1,4,0,4,3,2,4,0,4,1,1,0,2,4,1,0,1,4,0,3,2,4,1,4,2,1,0,3,4,0,1,0,1,3,1,0,4,0,2,4,0,0,1,1,3,3,0,4,0,2,2,4,2,4,3,2,3,1,4,0,4,1,3,0,3,1,1,3,1,4,0,2,1,4,4,1,0,2,1,2,4,2,2,2,1,0,1,3,4,0,4,0,0,4,4,2,1,4,3,3,0,0,4,1,0,0,0,1,1,3,4,3,2,2,2,1,2,2,0,4,1,4,2,1,2,4,2,2,1,0,4,4,0,4,2,4,1,0,2,1,0,4,4,0,4,0,4,0,1,4,2,2,0,1,3,2,0,3,4,1,0,0,2,3,1,0,4,0,3,0,1,0,0,4,1,1,1,2,0,2,4,4,4,0,3,0,1,3,2,4,1,0,0,3,4,3,1,2,2,2,1,1,2,0,4,4,0,0,0,0,4,1,0,2,0,0,2,2,2,2,1,0,0,2,0,3,2,1,0,3,1,1,1,2,1,2,0,0,2,1,1,3,4,1,0,1,4,4,1,4,0,3,2,4,2,1,1,4,0,0,0,2,4,0,1,1,4,1,4,0,2,4,3,4,0,4,2,4,4,4,0,0,3,2,1,0,4,1,1,3,4,3,0,0,3,2,0,2,2,4,0,4,0,2,4,4,2,0,3,0,4,2,1,1,2,3,0,0,2,0,2,3,2,1,4,4,1,2,3,0,1,1,2,0,0,0,2,3,4,2,4,3,4,4,2,3,3,1,2,2,2,3,0,4,1,2,0,0,3,1,3,3,1,4,1,3,1,2,3,0,1,3,2,3,1,3,2,1,4,1,1,4,4,1,2,0,1,4,2,2,0,3,2,2,2,2,2,0,1,1,3,1,1,3,2,1,4,2,4,2,0,2,1,3,0,1,2,0,1,2,2,4,4,0,3,1,0,3,1,2,3,2,4,0,4,2,0,4,0,3,2,3,1,0,0,0,3,1,2,0,4,0,4,3,2,0,4,1,2,4,2,4,2,3,2,4,1,4,3,1,3,2,1,0,2,2,0,3,1,4,1,0,4,4,1,4,2,1,4,3,0,1,4,3,2,1,4,3,2,1,2,1,1,4,2,3,0,4,3,1,0,3,3,1,3,2,1,3,1,1,4,2,1,2,1,2,2,2,1,3,1,1,2,0,3,0,4,3,0,1,4,2,4,1,0,3,0,3,0,1,3,2,1,4,2,0,1,4,4,2,1,2,1,1,3,1,1,2,4,2,2,1,4,2,4,1,4,4,3,3,2,1,3,2,2,2,1,3,3,3,4,3,3,3,0,2,4,4,1,1,3,3,4,0,1,4,4,1,1,2,3,2,1,3,1,3,1,1,3,4,0,2,2,4,2,4,3,3,0,3,3,3,0,1,4,4,2,2,4,0,1,1,3,3,4,4,2,0,4,1,4,1,3,2,3,3,1,1,3,2,1,3,3,3,3,3,1,2,3,4,3,1,0,1,3,1,1,1,3,4,2,0,0,0,1,3,1,1,2,3,3,1,3,0,1,0,1,1,3,4,3,2,4,3,4,3,3,2,3,3,3,1,3,3,4,0,4,2,1,2,2,2,4,3,1,2,3,2,3,1,4,2,0,2,4,1,2,4,3,0,2,3,3,0,2,1,4,2,3,1,4,1,0,1,1,2,3,1,1,3,0,1,1,1,1,3,3,3,4,3,3,1,1,3,2,4,4,1,1,2,0,4,2,0,1,3,3,2,1,3,3,0,4,1,1,3,4,4,4,3,4,0,2,4,0,2,4,0,3,3,1,3,0,3,3,0,1,2,4,2,1,2,2,3,0,1,1,4,3,3,0,1,0,2,3,3,2,0,1,2,1,3,1,0,1,3,4,1,3,4,3,3,0,3,4,3,4,1,3,3,3,3,2,1,4,1,1,3,4,0,3,2,3,3,4,2,0,1,3,4,0,4,1,3,3,3,3,2,3,1,2,4,2,3,3,2,4,4,1,2,4,3,2,2,3,0,1,0,2,4,0,1,4,2,0,2,0,3,2,4,0,4,4,2,4,4,2,3,4,4,3,2,2,0,2,2,4,0,4,2,2,4,1,1,1,1,4,1,3,0,3,1,1,4,0,0,1,0,2,2,0,0,3,1,3,2,0,2,4,1,2,1,3,2,3,0,3,0,4,4,4,0,0,4,1,2,2,3,3,3,3,3,2,0,4,1,3,1,3,4,2,0,4,2,2,3,4,4,3,3,1,2,0,3,4,1,0,1,1,1,4,4,0,1,0,3,3,1,1,4,1,1,0,0,1,4,0,1,0,0,1,1,2,4,4,1,3,0,0,2,0,4,0,1,2,0,0,4,0,4,4,0,1,1,4,2,1,4,1,3,2,3,1,3,0,1,1,1,2,0,1,0,1,0,1,4,3,3,1,1,3,2,3,2,3,3,0,3,2,2,0,2,4,3,2,3,3,3,4,1,1,3,3,3,3,0,4,4,3,2,1,0,0,0,0,3,1,0,2,1,1,1,2,2,0,4,4,2,4,2,1,3,3,4,0,1,2,3,3,2,4,3,0,0,3,3,4,1,2,3,4,0,2,2,1,3,1,1,2,2,3,2,3,0,4,2,3,1,0,3,2,3,3,1,0,2,4,1,1,3,3,0,4,4,1,3,1,3,3,1,0,0,4,1,3,3,0,2,1,4,3,3,0,0,3,1,3,0,3,2,3,1,4,3,2,2,0,3,1,1,3,3,0,2,0,4,2,4,0,0,3,0,1,2,1,3,2,3,1,0,4,3,4,1,3,0,4,2,0,1,0,1,2,3,4,1,2,4,4,3,1,4,3,2,3,1,0,0,3,4,2,2,0,3,4,1,3,1,0,4,4,2,0,2,4,3,2,4,2,0,1,2,3,4,1,4,4,2,3,4,4,4,3,0,0,3,3,1,2,3,2,3,4,1,2,3,2,0,1,2,0,1,3,1,1,4,4,1,3,1,1,3,2,1,2,2,4,3,1,2,2,2,0,0,3,4,4,2,4,3,1,3,2,4,0,2,0,1,4,2,4,1,1,2,3,1,3,2,4,1,0,2,1,1,4,4,3,1,4,4,3,3,4,3,3,3,3,2,2,3,3,2,4,4,3,1,3,3,3,1,4]",ok,
94,quantile,5,0.1,0.604301269443395,4,"fused_2_low, fused_2_verylow+fused_5_high, fused_2_veryhigh+fused_4_verylow+fused_5_veryhigh, fused_2_medium",cao,"[443, 362, 422, 307, 265]",0.23529646935006637,0.06058921623123958,"[4,1,4,4,1,2,4,2,4,1,2,2,3,0,0,2,2,0,4,4,0,0,4,4,0,4,2,2,2,0,4,2,4,1,4,1,0,1,0,1,1,0,2,2,0,4,4,4,1,3,1,3,2,1,2,0,1,0,1,1,0,4,4,1,1,0,2,1,4,4,0,1,4,1,4,4,0,2,2,4,2,0,2,0,0,4,4,4,2,4,1,2,4,1,2,1,3,1,1,0,2,3,2,1,0,3,0,0,2,4,2,2,2,2,0,0,1,0,0,4,0,2,1,2,1,4,0,3,0,0,4,0,0,1,0,0,0,0,0,4,2,0,3,4,4,4,2,2,1,2,1,0,0,4,4,4,2,4,2,0,4,3,0,2,0,4,2,1,0,0,2,1,4,2,2,4,0,2,3,0,0,4,0,4,3,1,2,2,1,2,4,4,4,1,1,1,4,4,2,0,0,2,1,1,3,0,2,3,1,4,2,0,0,4,0,1,2,2,0,4,0,1,4,4,4,1,4,2,1,0,4,1,2,1,2,2,1,1,1,1,2,1,4,1,4,1,0,4,1,3,3,0,1,4,4,0,1,1,0,4,1,1,4,4,2,1,1,0,2,1,2,4,0,1,3,4,1,0,4,1,1,0,2,4,1,4,0,1,0,3,0,2,0,1,0,0,4,2,0,4,1,0,0,4,2,2,1,2,2,2,3,4,2,0,0,1,2,4,0,0,0,0,3,0,1,4,2,0,2,0,0,3,0,0,2,2,1,4,2,2,2,1,0,0,1,0,1,1,0,1,1,0,1,0,2,0,1,1,0,1,0,0,4,0,1,1,2,0,1,1,0,1,4,2,1,2,0,2,2,4,0,2,4,0,2,4,0,0,2,1,4,1,3,0,1,4,1,2,2,0,0,1,2,0,2,1,0,3,0,1,2,1,0,2,4,3,1,4,2,4,2,3,2,4,1,4,0,1,0,0,2,2,3,3,4,1,4,0,0,1,0,1,3,0,3,2,1,4,1,2,3,0,3,2,2,3,2,1,0,0,2,1,1,2,4,0,2,0,1,0,0,0,2,4,2,3,1,4,1,4,4,1,1,0,2,1,3,3,4,4,1,2,4,4,4,2,2,3,1,3,0,0,0,2,0,0,2,1,2,1,0,2,0,1,0,0,2,4,1,1,4,1,0,1,2,4,0,2,0,1,1,4,1,4,1,4,2,1,0,0,4,2,3,0,0,3,1,2,4,4,0,3,2,4,1,4,3,4,2,4,0,1,2,2,2,0,4,0,1,1,1,0,3,4,2,3,0,1,2,4,0,3,1,3,2,0,0,0,2,2,0,4,1,1,0,4,0,0,1,2,4,0,0,4,0,0,0,0,2,4,4,0,0,3,0,2,4,3,2,2,2,0,2,0,4,4,0,2,2,3,1,2,4,2,1,1,2,1,4,3,0,1,0,2,2,1,4,4,0,0,1,4,2,2,1,2,1,4,0,1,3,1,4,1,0,1,1,1,4,4,3,0,2,4,1,2,2,3,1,3,4,0,2,0,4,0,0,1,0,1,0,0,1,1,0,4,3,4,1,0,2,2,0,3,4,4,0,0,0,3,0,2,1,1,2,0,3,4,2,2,0,4,4,0,0,3,1,0,1,3,1,1,0,3,3,2,0,0,0,3,4,1,2,0,2,4,3,2,3,3,2,1,2,3,2,0,3,4,2,3,0,3,2,3,0,2,1,2,2,1,1,2,0,4,2,1,0,0,0,3,0,0,0,0,0,4,2,2,3,2,2,3,0,2,1,0,1,0,4,0,2,2,4,2,0,4,2,0,0,1,1,4,3,2,4,3,2,0,3,0,1,4,1,0,0,1,4,2,0,3,2,0,4,0,3,2,0,4,1,4,1,3,0,0,1,2,0,1,0,1,0,3,0,1,2,1,2,2,3,0,2,4,0,0,0,3,2,1,2,4,1,1,2,1,0,2,1,3,4,2,1,3,0,2,1,3,0,2,0,2,2,1,0,2,0,1,3,2,1,3,3,2,3,0,2,3,2,2,1,0,2,0,2,0,0,0,2,3,2,2,0,4,3,0,1,3,4,2,1,0,1,2,2,3,4,3,0,2,3,0,2,1,0,4,2,1,1,0,2,0,2,2,3,2,2,0,1,0,0,2,1,0,1,2,1,1,3,3,0,2,3,0,0,0,2,3,3,3,1,3,3,3,4,0,1,1,2,2,2,3,1,4,2,1,1,2,2,0,3,0,2,3,2,2,2,2,3,1,0,0,0,1,0,1,3,3,4,2,3,3,4,2,1,1,0,0,1,4,2,2,3,3,1,1,0,4,1,2,1,2,3,0,3,3,2,2,2,0,2,3,3,3,3,3,2,0,3,1,3,2,4,2,3,2,2,2,3,1,0,4,4,0,2,3,2,2,0,3,3,2,3,4,2,4,2,2,3,1,3,0,1,3,1,3,3,0,3,3,3,2,3,3,1,4,1,0,2,0,0,0,1,3,2,0,2,0,3,2,1,0,4,0,1,2,0,1,3,4,0,3,3,4,0,2,1,0,3,2,1,2,0,2,2,0,3,2,2,3,4,2,2,2,2,3,3,3,1,3,3,2,2,3,0,1,1,2,2,0,4,1,0,0,2,3,3,0,2,3,3,4,1,2,2,3,1,1,1,3,1,4,0,1,4,0,1,4,3,3,2,3,0,3,3,4,2,0,1,0,2,0,0,3,4,2,2,1,3,3,0,2,4,0,3,3,0,0,2,0,2,3,2,4,2,3,1,2,3,1,3,3,4,3,1,3,1,2,3,3,3,3,0,2,1,2,2,3,1,4,3,0,3,3,1,0,0,2,3,1,0,1,2,3,3,3,3,0,3,2,0,1,0,3,3,0,1,1,2,0,1,3,0,0,3,4,2,4,0,1,0,2,1,0,4,0,4,3,0,1,4,1,1,0,1,1,0,3,1,1,3,0,0,4,0,0,1,4,1,0,0,1,2,2,2,2,1,2,2,4,3,2,2,1,0,4,2,0,0,0,4,4,3,2,3,0,4,0,1,2,0,2,3,0,3,4,3,4,1,1,1,4,4,1,2,0,0,3,3,3,3,3,0,4,1,2,3,2,3,1,0,4,1,0,0,3,1,1,3,3,2,0,4,2,1,2,4,2,2,2,1,1,4,2,4,3,3,2,2,1,2,2,4,4,2,1,0,2,0,4,2,2,0,1,1,2,3,4,4,0,0,1,4,2,0,4,4,1,4,1,1,2,2,2,1,0,2,1,2,3,0,3,2,3,4,2,2,2,0,4,2,4,2,4,2,1,3,3,2,2,3,0,3,0,3,3,4,2,0,0,0,0,1,3,0,3,3,3,1,2,2,3,3,3,3,4,1,1,3,0,2,4,4,4,4,3,2,0,0,2,2,2,0,0,4,1,1,0,1,0,2,3,3,1,4,2,0,3,3,0,1,3,0,2,3,3,1,2,0,3,1,4,0,0,2,3,2,2,0,0,2,0,3,4,1,0,3,2,0,3,0,3,3,2,4,0,1,2,2,3,3,0,1,1,2,3,2,3,3,2,4,4,1,2,3,3,4,0,2,1,3,3,4,4,3,2,3,4,2,0,3,2,1,3,0,0,4,3,2,2,3,3,0,0,4,1,0,1,0,4,3,0,2,0,2,3,0,2,2,2,1,3,1,2,3,4,1,0,4,2,0,2,0,2,1,2,0,1,1,3,2,1,3,0,3,2,0,4,3,1,0,0,4,3,1,2,3,2,4,1,1,0,0,0,1,3,0,1,0,4,2,0,3,1,2,1,1,0,3,1,1,1,3,4,4,3,3,2,0,3,0,3,1,2,0,3,0,4,2,0,0,2,3,2,2,1,1,2,3,2,2,3,0,2,0,0,1,3,2,0,0,0,0,4,3,1,1,0,1,3,2,3,0,1,4,0,4,2,1,0,1,2,2,0,3,2,3,0,1,2,2,0,2,2,1,1,3,2,1,1,3,3,1,3,3,2,3,0,0,3,3,0,1,1,3,2,3,3,3,2,1]",ok,
95,quantile,7,1.0,0.42748573683993574,0,,,[],,,,baseline_no_features,
96,quantile,7,0.95,0.42748573683993574,0,,,[],,,,baseline_no_features,
97,quantile,7,0.9,0.42748573683993574,0,,,[],,,,baseline_no_features,
98,quantile,7,0.85,0.42748573683993574,0,,,[],,,,baseline_no_features,
99,quantile,7,0.8,0.42748573683993574,0,,,[],,,,baseline_no_features,
100,quantile,7,0.75,0.42748573683993574,0,,,[],,,,baseline_no_features,
101,quantile,7,0.7,0.42748573683993574,0,,,[],,,,baseline_no_features,
102,quantile,7,0.65,0.42748573683993574,0,,,[],,,,baseline_no_features,
103,quantile,7,0.6,0.42748573683993574,0,,,[],,,,baseline_no_features,
104,quantile,7,0.55,0.42748573683993574,0,,,[],,,,baseline_no_features,
105,quantile,7,0.5,0.42748573683993574,0,,,[],,,,baseline_no_features,
106,quantile,7,0.45,0.42748573683993574,0,,,[],,,,baseline_no_features,
107,quantile,7,0.4,0.42748573683993574,0,,,[],,,,baseline_no_features,
108,quantile,7,0.35,0.42748573683993574,0,,,[],,,,baseline_no_features,
109,quantile,7,0.3,0.42748573683993574,0,,,[],,,,baseline_no_features,
110,quantile,7,0.25,0.42748573683993574,0,,,[],,,,baseline_no_features,
111,quantile,7,0.2,0.42748573683993574,0,,,[],,,,baseline_no_features,
112,quantile,7,0.15,0.42748573683993574,0,,,[],,,,baseline_no_features,
113,quantile,7,0.1,0.6561774278273584,4,"fused_2_verylow, fused_2_megalow, fused_2_low, fused_2_megahigh+fused_4_megalow",huang,"[257, 807, 260, 218, 257]",0.1597971154924391,0.0027793218454697055,"[0,0,0,0,2,1,0,1,0,1,1,1,3,4,4,4,1,2,0,0,2,4,0,0,2,0,1,1,1,2,4,1,0,2,0,1,2,1,4,1,1,2,1,1,2,0,0,0,1,1,1,3,1,1,1,4,1,4,1,1,4,0,0,1,1,2,1,1,0,0,2,1,0,1,0,4,4,1,1,0,1,4,1,2,4,0,0,0,1,0,2,1,0,2,1,1,1,1,1,4,1,1,1,1,0,3,4,4,1,0,1,1,1,1,4,4,1,4,2,0,4,1,1,1,1,4,4,3,4,4,0,2,4,1,4,4,4,4,2,0,1,4,3,0,0,0,4,1,1,1,2,2,2,0,0,0,1,0,1,2,0,3,2,1,4,0,1,1,2,4,1,2,0,1,1,0,4,1,3,2,2,0,2,0,1,1,1,1,1,1,0,0,4,1,1,1,0,0,1,2,4,1,2,1,3,2,1,3,1,0,1,4,0,0,4,1,1,1,4,0,2,1,0,4,0,1,0,1,1,4,0,1,1,1,1,1,1,1,1,1,1,1,0,1,0,1,4,4,1,3,1,2,1,0,0,2,1,1,4,0,1,1,0,0,1,2,1,2,1,1,1,0,4,1,3,0,2,2,0,1,1,2,1,4,1,0,4,1,2,3,4,1,2,1,2,4,0,1,4,0,1,4,2,0,1,1,1,1,1,1,1,0,1,4,2,1,1,0,4,2,4,2,3,4,1,0,1,4,1,4,2,3,2,4,1,1,1,0,1,1,1,1,2,4,2,2,1,1,2,1,1,2,1,4,1,2,1,1,2,1,4,2,4,4,1,1,1,2,1,1,2,1,0,1,1,1,2,1,1,0,2,1,0,4,1,0,2,2,1,1,0,2,1,2,1,4,1,1,1,0,4,1,1,4,1,1,4,3,2,1,1,1,4,1,0,1,2,0,1,0,1,1,1,0,1,0,4,2,4,4,1,1,1,1,0,2,0,2,4,1,4,1,1,2,3,1,1,4,1,1,3,4,3,1,1,3,1,1,4,2,1,1,2,1,0,2,1,4,1,4,4,2,1,0,1,3,1,0,1,0,0,1,2,4,1,2,1,3,0,0,1,1,0,0,0,1,1,1,1,3,2,2,2,1,4,2,4,1,1,1,2,1,4,1,2,2,1,0,1,1,0,1,4,1,1,0,4,1,4,1,1,0,1,0,1,4,1,1,2,4,4,1,1,4,4,1,1,1,0,0,4,1,1,0,1,0,1,0,1,0,4,1,1,1,1,2,0,4,2,1,1,0,3,0,1,3,4,1,1,0,4,3,1,3,1,2,4,4,1,1,2,0,1,1,4,0,4,0,2,1,0,2,0,0,2,2,2,2,1,0,0,4,4,1,4,1,0,3,1,1,1,4,1,2,0,0,4,1,1,3,1,1,4,1,1,1,1,1,0,1,4,1,4,1,1,1,0,4,4,4,2,0,1,1,1,1,1,0,4,2,1,1,0,2,2,1,2,1,0,0,3,2,1,0,1,1,1,1,1,3,0,4,1,2,0,4,4,1,0,2,4,2,1,2,4,0,3,0,1,4,1,1,4,3,0,0,4,4,2,1,4,1,1,2,1,4,3,0,1,1,2,0,0,0,2,3,2,4,1,3,1,1,4,1,1,1,2,2,4,3,0,2,1,4,4,0,3,1,3,3,1,1,1,3,1,2,3,0,1,3,2,3,1,3,4,1,1,1,1,1,1,1,2,0,1,2,2,4,0,3,2,4,4,2,4,0,1,1,1,1,1,3,2,1,1,4,1,2,0,4,1,1,0,1,4,0,1,4,2,1,1,0,1,1,0,3,1,2,1,4,1,0,1,4,4,1,4,1,4,3,1,4,0,4,3,1,2,0,2,0,1,1,2,4,1,1,2,1,2,2,2,3,2,1,1,2,1,1,1,4,1,0,4,2,4,3,1,1,1,0,2,1,1,1,2,1,1,1,0,1,1,3,2,1,1,3,4,1,4,1,1,1,2,1,4,1,3,1,4,3,3,1,3,4,1,1,1,1,2,4,1,2,1,4,4,2,1,3,1,1,4,0,3,4,1,3,0,1,1,2,1,1,4,1,4,3,4,1,1,4,1,1,2,4,1,1,1,4,1,2,1,1,1,1,1,2,1,4,2,1,1,4,1,1,1,2,3,1,2,1,1,2,2,2,1,3,3,3,1,3,1,3,0,4,2,1,1,1,1,3,1,0,1,2,2,1,1,4,1,2,1,3,1,1,1,1,3,2,4,2,4,1,2,1,1,3,0,1,3,3,0,1,1,1,4,4,1,0,1,1,3,3,1,1,2,0,2,1,1,1,3,2,3,3,1,1,1,4,1,3,3,3,1,1,1,2,3,1,3,1,0,1,3,1,1,1,1,1,4,0,0,0,1,3,1,1,2,3,3,1,1,0,1,0,1,1,1,1,3,2,1,3,1,3,3,2,3,3,3,1,3,3,1,0,1,2,1,4,4,4,1,3,1,2,1,2,1,1,1,4,0,2,2,1,2,1,1,0,2,3,1,0,4,1,1,4,3,1,1,1,4,1,1,2,3,1,1,1,0,1,1,1,1,3,3,3,1,3,1,1,1,3,4,1,1,1,1,2,0,1,2,4,1,3,3,2,1,3,1,0,1,1,1,3,1,2,2,3,1,0,4,1,0,2,2,0,3,1,1,3,4,3,3,0,1,2,1,2,1,4,4,3,0,1,1,1,3,3,4,1,0,2,3,3,2,4,1,4,1,3,1,0,1,3,1,1,3,1,1,3,4,3,1,3,1,1,3,3,3,3,2,1,1,1,1,3,1,0,3,2,3,3,1,4,0,1,3,1,4,1,1,3,1,1,3,2,3,1,4,2,4,1,1,2,1,1,1,2,1,3,4,4,3,0,1,4,4,1,0,1,1,2,0,4,0,3,2,1,4,1,1,4,1,1,2,1,1,1,3,2,2,0,2,4,1,0,2,4,2,1,1,1,1,1,1,1,1,0,3,1,1,1,4,0,1,4,4,4,0,0,3,1,3,2,0,2,1,1,4,1,3,4,1,0,3,0,1,1,2,0,0,1,1,2,2,1,3,3,3,1,2,0,1,1,3,1,3,1,4,0,1,2,2,3,1,1,3,3,1,4,0,1,1,1,0,1,1,1,2,1,0,1,0,3,1,1,1,1,1,1,0,0,1,1,4,1,4,4,1,1,4,1,1,1,3,0,0,2,0,1,4,1,2,0,0,1,0,1,1,4,1,1,1,2,1,1,1,1,2,3,1,3,0,1,1,1,2,0,1,0,1,0,1,1,1,3,1,1,3,2,1,4,3,3,0,1,2,4,4,2,1,3,4,3,1,3,1,1,1,3,3,3,1,0,1,1,1,4,1,0,0,0,0,3,1,4,2,1,1,1,4,2,0,1,1,2,1,4,1,3,3,1,0,1,2,3,3,2,2,1,4,4,3,3,1,1,2,3,1,0,2,2,1,3,1,1,2,2,1,2,3,0,1,2,3,1,4,3,2,3,3,1,0,2,1,1,1,1,3,4,1,1,1,3,1,1,1,1,0,0,1,1,3,3,0,4,1,2,3,3,0,0,3,1,1,0,1,2,3,1,1,1,2,4,0,1,1,1,3,3,0,2,0,1,2,2,4,0,1,4,1,4,1,1,2,1,1,4,1,3,1,1,3,0,1,2,0,1,4,1,4,1,1,1,2,1,1,3,1,1,3,4,3,1,4,0,1,1,2,2,0,3,1,1,3,1,4,1,1,2,4,4,2,1,2,1,4,0,1,2,3,1,1,1,2,2,1,1,1,1,1,0,0,3,1,1,4,3,2,3,1,1,2,1,4,0,1,2,0,1,3,1,1,1,1,1,3,1,1,3,4,1,2,4,1,3,1,4,2,2,4,0,1,2,1,2,2,3,1,3,2,1,0,4,4,1,1,2,1,1,1,4,3,1,1,4,1,1,4,2,1,1,1,1,1,1,1,1,3,1,1,3,1,1,1,2,4,3,3,2,1,1,3,1,3,3,3,1,1]",ok,
114,kmeans,3,1.0,0.42748573683993574,0,,,[],,,,baseline_no_features,
115,kmeans,3,0.95,0.42748573683993574,0,,,[],,,,baseline_no_features,
116,kmeans,3,0.9,0.42748573683993574,0,,,[],,,,baseline_no_features,
117,kmeans,3,0.85,0.42748573683993574,0,,,[],,,,baseline_no_features,
118,kmeans,3,0.8,0.42748573683993574,0,,,[],,,,baseline_no_features,
119,kmeans,3,0.75,0.42748573683993574,0,,,[],,,,baseline_no_improvement,
120,kmeans,3,0.7,0.42748573683993574,0,,,[],,,,baseline_no_improvement,
121,kmeans,3,0.65,0.42748573683993574,0,,,[],,,,baseline_no_improvement,
122,kmeans,3,0.6,0.4687651458539407,1,fused_2_medium+fused_4_high,huang,"[165, 296, 555, 219, 564]",0.1920291868809193,0.03724291272929405,"[1,2,1,1,4,4,1,3,1,4,3,4,3,2,2,2,4,2,1,1,2,2,1,1,2,1,4,4,4,2,1,4,1,2,1,4,2,4,2,2,2,2,4,4,2,1,1,1,4,3,4,0,4,4,4,2,2,2,4,4,2,1,1,2,4,2,4,4,1,1,2,2,1,4,1,1,2,4,4,1,4,2,4,2,1,1,1,1,4,1,2,3,1,2,4,4,3,2,4,2,4,3,4,4,1,3,2,2,4,1,4,3,4,4,2,2,4,4,2,1,2,4,4,4,2,2,2,0,2,2,1,2,1,4,2,2,2,2,2,1,4,2,0,1,1,1,2,4,2,4,4,2,2,1,1,1,4,1,4,2,1,0,2,4,2,1,4,4,2,1,4,2,1,4,4,1,2,3,3,2,2,1,2,1,3,4,4,4,2,4,1,1,2,4,4,4,1,1,4,2,2,4,2,2,3,2,4,0,4,1,4,2,1,1,2,4,4,4,2,1,2,2,1,2,1,4,1,4,2,2,1,4,4,4,4,4,2,4,4,4,4,2,1,4,1,2,2,1,4,3,3,2,4,1,1,2,4,2,2,1,4,4,1,1,4,2,2,2,4,4,4,1,1,4,0,1,2,2,1,4,4,2,4,1,4,1,2,4,2,0,2,4,2,2,2,1,1,4,2,1,4,1,2,1,4,4,4,4,4,4,3,1,4,2,2,4,4,1,2,2,2,2,3,2,4,1,4,2,4,2,2,0,2,2,4,3,4,1,4,4,4,2,2,2,2,2,2,4,4,4,2,2,4,2,4,2,4,4,2,4,1,2,1,2,4,4,4,2,4,2,2,4,1,4,4,4,2,4,4,1,2,4,1,2,4,1,4,2,4,2,1,2,3,2,4,1,4,4,4,1,2,2,4,2,4,4,2,0,2,4,4,4,2,4,1,3,2,1,4,1,4,3,4,1,2,1,2,2,2,1,4,4,3,3,1,2,1,2,2,4,2,4,3,2,0,4,4,1,4,2,0,2,0,4,4,3,4,2,2,2,4,2,4,4,1,2,4,2,2,2,2,2,4,1,4,0,2,1,4,1,1,2,2,2,4,2,3,3,1,1,4,4,1,1,1,4,4,3,4,0,2,2,2,4,2,2,4,4,4,4,2,4,2,2,2,2,4,1,2,4,1,2,2,4,4,1,2,4,1,4,4,1,4,1,4,2,4,2,4,2,1,4,3,4,2,3,2,3,1,1,2,3,4,1,4,1,3,1,4,1,2,2,4,4,4,2,1,2,2,4,4,1,0,1,4,3,2,4,4,1,2,3,2,0,4,2,2,2,4,4,2,1,4,2,2,1,1,1,2,4,1,2,1,1,2,2,2,2,4,1,1,2,2,3,2,4,1,0,4,4,4,2,4,2,1,1,2,4,4,0,2,4,2,4,2,4,4,2,1,3,2,4,2,4,4,2,1,2,1,2,4,1,4,4,4,4,4,1,2,2,3,4,1,2,4,4,2,2,1,1,0,2,4,1,2,3,3,3,4,3,1,1,3,2,1,2,2,4,1,2,1,2,2,2,2,1,3,1,2,2,4,4,2,0,1,1,2,1,2,3,2,4,4,2,4,2,0,1,3,3,2,1,1,1,2,0,2,2,2,3,2,4,2,3,3,4,2,2,2,0,1,2,4,2,2,1,0,4,0,0,3,4,3,0,4,2,0,1,4,3,2,0,4,0,2,4,4,4,3,4,4,4,2,1,4,2,2,2,1,0,2,2,4,2,2,1,4,4,3,4,4,0,2,4,4,2,2,2,1,2,4,3,1,4,2,1,4,2,4,4,4,1,3,4,1,0,4,2,3,2,2,1,2,2,2,2,1,3,2,0,4,1,1,2,0,4,2,1,4,1,4,3,2,2,2,3,2,4,2,2,2,0,2,4,4,2,3,4,3,2,4,1,2,2,2,0,4,4,4,1,2,4,4,4,2,4,4,3,1,4,4,0,2,4,4,0,2,3,2,4,3,4,2,3,2,4,0,4,2,0,3,4,0,2,4,3,4,4,2,2,3,2,4,2,2,2,4,3,4,4,2,1,3,2,2,0,1,3,4,2,2,4,2,3,1,3,2,4,3,2,4,2,2,1,4,2,4,2,4,2,4,4,3,3,3,2,4,2,2,4,2,2,4,4,4,2,3,3,2,4,3,2,2,4,4,0,0,0,4,0,3,0,1,2,2,4,4,4,3,0,4,1,4,4,2,3,4,2,3,2,3,0,4,3,4,3,3,2,1,2,2,4,2,4,3,0,1,3,0,0,1,4,2,2,2,2,4,1,4,4,0,0,4,4,2,1,2,4,4,4,0,4,0,0,4,3,3,2,4,3,0,0,3,3,4,2,0,4,0,4,1,4,0,4,4,3,3,4,2,1,1,1,3,0,4,2,2,0,0,4,3,1,4,1,3,4,3,4,0,2,4,3,4,0,0,2,3,0,0,4,0,0,2,1,2,2,4,2,2,4,4,0,4,2,3,2,3,4,4,2,1,2,2,4,2,2,3,1,2,0,3,1,2,4,2,2,0,4,2,4,2,3,4,2,0,3,3,3,1,4,4,4,4,0,0,0,4,0,3,4,4,0,2,4,4,3,4,2,1,4,2,2,3,0,0,2,4,0,3,1,4,4,4,3,4,2,2,0,2,1,2,4,1,2,2,1,0,3,4,3,1,0,0,1,4,2,2,2,4,2,2,0,1,3,4,2,0,0,2,4,1,2,3,3,2,2,4,2,3,0,4,1,4,0,2,4,0,4,3,3,1,0,4,0,2,3,3,0,0,0,2,4,4,4,4,0,4,1,0,2,0,0,4,2,1,3,0,4,2,2,4,3,3,3,0,2,0,4,4,2,2,3,3,2,4,2,4,2,4,0,2,4,0,1,4,2,4,4,1,3,2,2,1,2,1,0,2,2,1,4,4,2,4,4,2,3,4,2,3,2,2,1,2,2,4,1,2,2,2,4,4,4,4,3,4,3,3,1,0,3,4,4,2,1,4,2,2,2,1,1,3,4,3,2,1,2,2,4,2,4,0,2,3,1,0,1,2,2,2,1,1,4,4,2,2,3,0,0,3,3,2,1,2,4,0,3,3,4,2,1,4,2,2,0,2,4,0,0,4,2,1,3,4,4,1,3,4,3,2,4,1,4,1,0,3,4,3,4,4,4,1,1,4,4,1,4,1,1,3,4,2,2,4,4,0,1,1,2,1,2,2,4,2,1,1,4,1,4,4,2,4,4,2,4,3,2,4,3,2,0,4,3,1,4,4,4,2,1,4,1,4,1,4,4,3,0,4,4,3,2,3,2,0,3,1,3,4,2,1,2,2,3,2,0,3,0,4,4,4,3,0,0,3,1,2,2,3,2,4,1,1,1,1,0,4,1,2,3,4,4,2,2,1,4,4,2,2,2,4,0,0,4,1,4,2,0,0,2,2,3,2,4,0,0,2,4,2,0,4,1,4,2,3,3,4,4,2,2,3,2,0,1,2,2,0,4,2,0,2,3,3,4,1,2,4,4,4,3,3,2,4,2,4,0,4,3,3,4,1,1,2,4,0,3,1,2,4,2,0,0,1,1,3,4,3,1,3,4,0,3,4,3,2,2,1,3,4,3,3,3,1,2,1,2,2,2,1,1,3,1,4,2,4,3,2,3,4,2,2,0,4,3,0,1,4,2,1,4,2,4,2,3,4,4,2,4,2,0,4,4,3,2,0,4,2,1,3,2,2,2,1,0,4,4,0,4,1,2,4,4,2,2,2,3,2,2,2,1,4,2,0,4,4,4,2,2,3,4,4,4,3,1,1,0,3,3,2,0,2,0,4,4,2,3,2,1,4,2,1,4,0,4,4,4,2,4,0,4,4,0,2,4,1,2,4,0,3,2,2,2,1,1,3,2,2,2,2,0,3,3,2,4,1,2,2,4,4,2,4,4,3,2,3,4,3,2,4,4,2,2,4,4,4,4,3,3,4,2,0,3,4,0,3,3,3,2,2,3,0,2,4,2,0,3,3,0,0,3,4]",ok,
123,kmeans,3,0.55,0.4687651458539407,1,fused_2_medium+fused_4_high,huang,"[165, 296, 555, 219, 564]",0.1920291868809193,0.03724291272929405,"[1,2,1,1,4,4,1,3,1,4,3,4,3,2,2,2,4,2,1,1,2,2,1,1,2,1,4,4,4,2,1,4,1,2,1,4,2,4,2,2,2,2,4,4,2,1,1,1,4,3,4,0,4,4,4,2,2,2,4,4,2,1,1,2,4,2,4,4,1,1,2,2,1,4,1,1,2,4,4,1,4,2,4,2,1,1,1,1,4,1,2,3,1,2,4,4,3,2,4,2,4,3,4,4,1,3,2,2,4,1,4,3,4,4,2,2,4,4,2,1,2,4,4,4,2,2,2,0,2,2,1,2,1,4,2,2,2,2,2,1,4,2,0,1,1,1,2,4,2,4,4,2,2,1,1,1,4,1,4,2,1,0,2,4,2,1,4,4,2,1,4,2,1,4,4,1,2,3,3,2,2,1,2,1,3,4,4,4,2,4,1,1,2,4,4,4,1,1,4,2,2,4,2,2,3,2,4,0,4,1,4,2,1,1,2,4,4,4,2,1,2,2,1,2,1,4,1,4,2,2,1,4,4,4,4,4,2,4,4,4,4,2,1,4,1,2,2,1,4,3,3,2,4,1,1,2,4,2,2,1,4,4,1,1,4,2,2,2,4,4,4,1,1,4,0,1,2,2,1,4,4,2,4,1,4,1,2,4,2,0,2,4,2,2,2,1,1,4,2,1,4,1,2,1,4,4,4,4,4,4,3,1,4,2,2,4,4,1,2,2,2,2,3,2,4,1,4,2,4,2,2,0,2,2,4,3,4,1,4,4,4,2,2,2,2,2,2,4,4,4,2,2,4,2,4,2,4,4,2,4,1,2,1,2,4,4,4,2,4,2,2,4,1,4,4,4,2,4,4,1,2,4,1,2,4,1,4,2,4,2,1,2,3,2,4,1,4,4,4,1,2,2,4,2,4,4,2,0,2,4,4,4,2,4,1,3,2,1,4,1,4,3,4,1,2,1,2,2,2,1,4,4,3,3,1,2,1,2,2,4,2,4,3,2,0,4,4,1,4,2,0,2,0,4,4,3,4,2,2,2,4,2,4,4,1,2,4,2,2,2,2,2,4,1,4,0,2,1,4,1,1,2,2,2,4,2,3,3,1,1,4,4,1,1,1,4,4,3,4,0,2,2,2,4,2,2,4,4,4,4,2,4,2,2,2,2,4,1,2,4,1,2,2,4,4,1,2,4,1,4,4,1,4,1,4,2,4,2,4,2,1,4,3,4,2,3,2,3,1,1,2,3,4,1,4,1,3,1,4,1,2,2,4,4,4,2,1,2,2,4,4,1,0,1,4,3,2,4,4,1,2,3,2,0,4,2,2,2,4,4,2,1,4,2,2,1,1,1,2,4,1,2,1,1,2,2,2,2,4,1,1,2,2,3,2,4,1,0,4,4,4,2,4,2,1,1,2,4,4,0,2,4,2,4,2,4,4,2,1,3,2,4,2,4,4,2,1,2,1,2,4,1,4,4,4,4,4,1,2,2,3,4,1,2,4,4,2,2,1,1,0,2,4,1,2,3,3,3,4,3,1,1,3,2,1,2,2,4,1,2,1,2,2,2,2,1,3,1,2,2,4,4,2,0,1,1,2,1,2,3,2,4,4,2,4,2,0,1,3,3,2,1,1,1,2,0,2,2,2,3,2,4,2,3,3,4,2,2,2,0,1,2,4,2,2,1,0,4,0,0,3,4,3,0,4,2,0,1,4,3,2,0,4,0,2,4,4,4,3,4,4,4,2,1,4,2,2,2,1,0,2,2,4,2,2,1,4,4,3,4,4,0,2,4,4,2,2,2,1,2,4,3,1,4,2,1,4,2,4,4,4,1,3,4,1,0,4,2,3,2,2,1,2,2,2,2,1,3,2,0,4,1,1,2,0,4,2,1,4,1,4,3,2,2,2,3,2,4,2,2,2,0,2,4,4,2,3,4,3,2,4,1,2,2,2,0,4,4,4,1,2,4,4,4,2,4,4,3,1,4,4,0,2,4,4,0,2,3,2,4,3,4,2,3,2,4,0,4,2,0,3,4,0,2,4,3,4,4,2,2,3,2,4,2,2,2,4,3,4,4,2,1,3,2,2,0,1,3,4,2,2,4,2,3,1,3,2,4,3,2,4,2,2,1,4,2,4,2,4,2,4,4,3,3,3,2,4,2,2,4,2,2,4,4,4,2,3,3,2,4,3,2,2,4,4,0,0,0,4,0,3,0,1,2,2,4,4,4,3,0,4,1,4,4,2,3,4,2,3,2,3,0,4,3,4,3,3,2,1,2,2,4,2,4,3,0,1,3,0,0,1,4,2,2,2,2,4,1,4,4,0,0,4,4,2,1,2,4,4,4,0,4,0,0,4,3,3,2,4,3,0,0,3,3,4,2,0,4,0,4,1,4,0,4,4,3,3,4,2,1,1,1,3,0,4,2,2,0,0,4,3,1,4,1,3,4,3,4,0,2,4,3,4,0,0,2,3,0,0,4,0,0,2,1,2,2,4,2,2,4,4,0,4,2,3,2,3,4,4,2,1,2,2,4,2,2,3,1,2,0,3,1,2,4,2,2,0,4,2,4,2,3,4,2,0,3,3,3,1,4,4,4,4,0,0,0,4,0,3,4,4,0,2,4,4,3,4,2,1,4,2,2,3,0,0,2,4,0,3,1,4,4,4,3,4,2,2,0,2,1,2,4,1,2,2,1,0,3,4,3,1,0,0,1,4,2,2,2,4,2,2,0,1,3,4,2,0,0,2,4,1,2,3,3,2,2,4,2,3,0,4,1,4,0,2,4,0,4,3,3,1,0,4,0,2,3,3,0,0,0,2,4,4,4,4,0,4,1,0,2,0,0,4,2,1,3,0,4,2,2,4,3,3,3,0,2,0,4,4,2,2,3,3,2,4,2,4,2,4,0,2,4,0,1,4,2,4,4,1,3,2,2,1,2,1,0,2,2,1,4,4,2,4,4,2,3,4,2,3,2,2,1,2,2,4,1,2,2,2,4,4,4,4,3,4,3,3,1,0,3,4,4,2,1,4,2,2,2,1,1,3,4,3,2,1,2,2,4,2,4,0,2,3,1,0,1,2,2,2,1,1,4,4,2,2,3,0,0,3,3,2,1,2,4,0,3,3,4,2,1,4,2,2,0,2,4,0,0,4,2,1,3,4,4,1,3,4,3,2,4,1,4,1,0,3,4,3,4,4,4,1,1,4,4,1,4,1,1,3,4,2,2,4,4,0,1,1,2,1,2,2,4,2,1,1,4,1,4,4,2,4,4,2,4,3,2,4,3,2,0,4,3,1,4,4,4,2,1,4,1,4,1,4,4,3,0,4,4,3,2,3,2,0,3,1,3,4,2,1,2,2,3,2,0,3,0,4,4,4,3,0,0,3,1,2,2,3,2,4,1,1,1,1,0,4,1,2,3,4,4,2,2,1,4,4,2,2,2,4,0,0,4,1,4,2,0,0,2,2,3,2,4,0,0,2,4,2,0,4,1,4,2,3,3,4,4,2,2,3,2,0,1,2,2,0,4,2,0,2,3,3,4,1,2,4,4,4,3,3,2,4,2,4,0,4,3,3,4,1,1,2,4,0,3,1,2,4,2,0,0,1,1,3,4,3,1,3,4,0,3,4,3,2,2,1,3,4,3,3,3,1,2,1,2,2,2,1,1,3,1,4,2,4,3,2,3,4,2,2,0,4,3,0,1,4,2,1,4,2,4,2,3,4,4,2,4,2,0,4,4,3,2,0,4,2,1,3,2,2,2,1,0,4,4,0,4,1,2,4,4,2,2,2,3,2,2,2,1,4,2,0,4,4,4,2,2,3,4,4,4,3,1,1,0,3,3,2,0,2,0,4,4,2,3,2,1,4,2,1,4,0,4,4,4,2,4,0,4,4,0,2,4,1,2,4,0,3,2,2,2,1,1,3,2,2,2,2,0,3,3,2,4,1,2,2,4,4,2,4,4,3,2,3,4,3,2,4,4,2,2,4,4,4,4,3,3,4,2,0,3,4,0,3,3,3,2,2,3,0,2,4,2,0,3,3,0,0,3,4]",ok,
124,kmeans,3,0.5,0.42778707715088116,1,fused_2_medium+fused_4_high+fused_5_low,huang,"[335, 166, 520, 252, 526]",0.24155547529847,0.08782657031684268,"[0,2,0,0,4,4,0,3,0,4,3,4,3,2,2,2,4,2,0,0,2,2,0,0,2,0,4,4,4,2,0,4,0,2,0,4,2,4,2,2,2,2,4,4,2,0,0,0,4,3,4,1,4,4,4,2,2,2,4,4,2,0,0,2,4,2,4,4,0,0,2,2,0,4,0,0,2,3,4,0,4,2,4,2,0,0,0,0,4,0,2,3,0,2,4,4,3,2,4,2,4,3,3,4,0,3,2,2,4,0,4,3,4,4,2,2,4,4,2,0,2,4,4,4,2,0,2,1,2,2,0,2,0,4,2,2,2,2,2,0,4,2,1,0,0,0,2,4,2,4,4,2,2,0,0,0,3,0,4,0,0,1,2,4,0,0,4,4,2,0,3,2,0,4,4,0,2,3,3,2,2,0,2,0,3,4,4,3,2,4,0,0,0,4,4,4,0,0,4,2,2,3,2,2,3,2,4,1,4,0,4,0,0,0,2,4,4,4,2,0,2,2,0,0,0,4,0,3,2,0,0,4,4,4,4,4,2,4,4,4,4,2,0,4,0,2,2,0,4,3,3,2,4,0,0,2,4,2,2,0,4,4,0,0,4,2,2,2,4,4,4,0,0,4,1,0,2,2,0,4,4,2,4,0,4,0,2,4,2,1,2,4,2,2,2,0,0,4,2,0,4,0,2,0,4,4,4,4,4,4,3,0,4,2,2,4,4,0,2,2,2,0,3,2,4,0,4,0,4,2,2,1,2,2,4,3,4,0,4,3,4,2,2,2,2,2,2,4,4,4,2,2,4,2,4,2,4,4,2,4,0,2,0,2,4,4,4,2,4,2,2,4,0,4,4,4,2,4,4,0,2,4,0,2,4,0,4,2,4,2,0,2,3,2,4,0,4,4,4,0,2,2,4,2,4,4,2,1,2,4,4,4,2,4,0,3,2,0,4,0,4,3,4,0,2,0,2,2,2,0,4,4,3,3,0,2,0,2,2,4,2,4,3,2,1,4,4,0,4,2,1,2,1,4,4,3,4,2,2,2,4,2,4,3,0,2,4,2,2,2,2,2,4,0,4,1,2,0,4,0,0,2,2,2,4,2,3,3,0,0,4,4,0,0,0,4,4,3,4,1,2,2,2,4,2,2,4,4,4,4,2,4,2,2,2,0,4,0,2,4,0,2,2,4,4,0,2,4,0,4,4,0,4,0,4,0,4,2,4,2,0,4,3,0,2,3,2,3,0,0,2,3,4,0,4,0,3,0,4,0,2,2,4,4,4,2,0,2,2,4,4,0,1,0,4,3,2,4,4,0,2,3,2,1,3,2,0,0,4,4,2,0,4,2,2,0,0,0,2,4,0,2,0,0,2,2,2,2,4,0,0,2,2,3,2,4,0,1,4,4,4,2,4,2,0,0,0,4,4,1,2,4,0,4,2,4,3,2,0,3,2,4,2,4,4,2,0,0,0,2,4,0,4,4,4,4,4,0,2,2,3,4,0,0,4,4,2,2,0,0,1,2,4,0,2,3,3,3,4,3,0,0,3,2,0,2,2,4,0,2,0,2,2,2,2,0,3,0,2,2,4,4,2,1,0,0,2,0,2,3,0,4,4,2,4,2,1,0,3,3,2,0,0,0,2,1,2,2,2,3,2,4,2,3,3,4,2,2,2,1,0,2,4,2,0,0,1,4,1,1,3,4,3,1,4,2,1,0,4,3,2,1,4,1,2,4,4,4,3,4,4,3,2,0,3,2,2,2,0,1,2,2,4,2,2,0,4,4,3,4,4,1,2,4,4,0,2,2,0,2,4,3,0,4,2,0,4,0,4,4,4,0,3,4,0,1,4,2,3,2,2,0,2,2,2,2,0,3,2,1,4,0,0,2,1,4,2,0,4,0,4,3,2,2,2,3,2,4,2,2,2,1,2,4,4,2,3,4,3,2,4,0,2,2,2,1,4,4,4,0,2,4,4,4,2,4,4,3,0,4,4,1,2,4,4,1,2,3,2,4,3,4,2,3,2,4,1,4,2,1,3,4,1,2,4,3,4,4,0,2,3,2,4,2,2,2,4,3,4,4,2,0,3,0,2,1,0,3,4,2,2,4,2,3,0,3,2,3,3,2,4,2,2,0,4,2,4,2,4,2,4,4,3,3,3,2,4,0,2,3,2,2,4,4,4,2,3,3,2,4,3,2,2,4,4,1,1,1,4,1,3,1,0,2,2,3,4,4,3,1,4,0,3,4,2,3,4,2,3,2,3,1,4,3,4,3,3,2,0,2,2,4,2,4,3,1,0,3,1,1,0,4,2,2,2,2,4,0,4,4,1,1,4,4,2,0,2,4,4,4,1,4,1,1,3,3,3,2,4,3,1,1,3,3,4,0,1,4,1,4,0,4,1,3,3,3,3,4,2,0,0,0,3,1,4,2,2,1,1,4,3,0,4,0,3,4,3,4,1,2,4,3,4,1,1,2,3,1,1,4,1,1,2,0,2,2,4,2,2,0,4,1,4,2,3,0,3,4,4,2,0,2,2,4,2,2,3,0,2,1,3,0,2,4,2,2,1,3,2,4,2,3,4,2,1,3,3,3,0,4,4,4,4,1,1,1,3,1,3,4,3,1,2,4,4,3,4,2,0,4,0,2,3,1,1,2,3,1,3,0,2,4,4,3,4,2,2,1,2,0,2,4,0,2,2,0,1,3,4,3,0,1,1,0,4,2,2,2,4,2,2,1,0,3,3,2,1,1,2,4,0,2,3,3,2,2,3,2,3,1,4,0,4,1,2,4,1,4,3,3,0,1,4,1,2,3,3,1,1,1,2,4,4,4,4,1,4,0,1,2,1,1,4,2,0,3,1,4,2,2,4,3,3,3,1,2,1,4,4,2,2,3,3,2,4,2,4,2,4,1,2,4,1,0,4,0,4,4,0,3,2,2,0,2,0,1,2,2,0,4,4,2,4,4,2,3,4,2,3,2,2,0,2,2,4,0,2,2,0,4,4,4,4,3,4,3,3,0,1,3,4,4,2,0,4,2,2,2,0,0,3,4,3,2,0,2,2,4,2,4,1,2,3,0,1,0,2,2,2,0,0,4,4,2,2,3,1,1,3,3,2,0,2,4,1,3,3,4,2,0,4,2,2,1,2,4,1,1,4,2,0,3,4,4,0,3,4,3,2,4,0,4,0,1,3,4,3,4,3,4,0,0,3,4,0,4,0,0,3,4,2,2,4,4,1,0,0,2,0,2,0,3,2,0,0,4,0,4,4,2,4,4,0,4,3,2,4,3,2,1,4,3,0,4,4,4,2,0,3,0,4,0,4,4,3,1,4,4,3,2,3,2,1,3,0,3,4,2,0,2,2,3,2,1,3,1,4,4,4,3,1,1,3,0,2,2,3,2,4,0,0,0,0,1,4,0,2,3,4,4,0,2,0,4,4,2,2,2,4,1,1,4,0,4,2,1,1,2,2,3,2,4,1,1,2,4,2,1,4,0,0,2,3,3,4,4,2,2,3,2,1,0,2,2,1,4,2,1,2,1,3,4,0,0,4,4,4,3,3,2,4,2,4,1,4,3,3,4,0,0,2,4,1,3,0,2,3,2,1,1,0,0,3,4,3,0,3,4,1,3,4,3,2,0,0,3,4,3,3,3,0,2,0,2,2,2,0,0,3,0,3,2,4,3,2,3,3,2,2,1,4,3,1,0,4,2,0,4,2,4,2,3,4,4,2,4,2,1,4,4,3,2,1,4,2,0,3,2,2,2,0,1,4,4,1,4,0,2,4,4,2,2,2,3,2,2,2,0,4,2,1,4,4,4,2,2,3,4,4,4,3,0,0,1,3,3,2,1,2,1,4,4,2,3,2,0,4,2,0,4,1,4,4,4,2,4,1,4,4,1,2,4,0,2,4,1,3,2,2,2,0,0,3,2,2,2,2,1,3,3,0,4,0,2,0,4,4,2,4,4,3,2,3,4,3,2,4,4,2,2,4,4,4,4,3,3,3,2,1,3,4,1,3,3,3,2,2,3,1,2,4,2,1,3,3,1,1,3,4]",ok,
125,kmeans,3,0.45,0.4716390845384152,2,"fused_1_medium, fused_2_medium+fused_4_high+fused_5_low",huang,"[179, 604, 322, 229, 465]",0.22888282330251902,0.04669260700389105,"[2,1,2,2,1,1,2,3,2,1,3,3,0,4,1,1,1,4,2,2,1,4,2,2,1,2,1,1,4,4,2,1,2,4,2,4,4,1,4,1,4,1,1,1,1,2,2,2,1,3,4,0,1,1,1,4,4,4,1,1,1,2,2,4,4,4,1,4,2,2,1,4,2,1,2,2,4,3,1,2,1,4,1,1,2,2,2,2,1,2,1,3,2,1,1,1,3,4,4,1,1,3,3,1,2,3,4,4,1,2,1,3,1,1,1,4,4,1,4,2,4,1,4,1,4,2,4,0,1,4,2,4,2,1,4,4,1,4,1,2,1,4,0,2,2,2,1,1,4,1,1,1,1,2,2,2,3,2,1,2,2,0,4,1,2,2,1,4,1,2,4,4,2,4,1,2,1,3,0,1,1,2,4,2,3,1,1,3,4,1,2,2,2,4,1,4,2,2,1,4,4,3,4,4,3,4,1,0,1,2,4,2,2,2,1,1,4,1,1,2,4,1,2,2,2,1,2,4,1,2,2,1,1,4,4,1,4,1,1,1,1,1,2,1,2,4,4,2,1,0,3,1,1,2,2,4,4,4,4,2,4,4,2,2,1,4,4,4,1,1,1,2,2,4,0,2,4,1,2,4,4,1,4,2,1,2,4,4,4,0,4,4,1,4,4,2,2,1,4,2,1,2,4,2,1,1,4,1,4,1,3,2,4,4,4,1,1,2,4,4,4,1,3,4,4,2,1,2,1,4,4,3,4,1,1,3,4,2,1,3,1,1,1,4,4,4,4,1,1,1,1,1,4,4,1,1,1,4,1,4,2,4,2,4,4,1,1,4,1,1,4,4,2,1,1,3,4,1,4,2,4,1,2,4,1,2,1,1,1,4,2,4,3,1,1,2,4,4,1,2,1,4,1,1,1,4,4,0,1,1,4,4,1,1,2,3,4,2,1,2,1,3,1,2,4,2,4,4,4,2,1,1,3,3,2,1,2,1,4,1,4,1,3,1,0,1,1,2,4,1,0,1,0,1,1,3,1,1,1,4,1,4,1,3,2,4,3,1,4,4,1,1,1,2,1,0,1,2,4,2,2,4,4,1,1,4,3,3,2,2,1,1,2,2,2,1,1,3,4,0,1,4,1,4,4,1,1,1,1,1,1,1,1,1,4,1,1,2,4,4,2,4,1,4,1,2,4,1,2,4,1,2,4,2,1,2,1,4,1,4,2,1,3,1,4,3,1,3,2,2,1,3,1,2,1,2,3,2,1,2,4,4,1,1,1,4,2,4,4,1,4,2,0,2,4,3,4,4,1,2,1,3,4,0,3,1,2,2,1,1,4,2,4,1,4,2,2,2,4,1,2,4,2,2,4,4,4,4,1,2,2,4,1,3,1,4,2,0,4,1,4,4,1,4,2,2,2,1,1,0,4,1,2,1,4,4,3,4,2,3,1,4,1,4,1,4,2,2,2,1,1,2,1,1,1,1,1,2,4,1,3,1,2,2,1,1,4,4,2,2,0,1,1,2,4,3,3,3,4,3,2,2,3,4,2,4,1,4,2,4,2,4,1,4,1,2,3,2,4,1,4,1,4,0,2,2,4,2,1,3,2,1,1,1,1,4,0,2,3,4,1,2,2,2,1,0,4,1,4,0,4,1,1,3,3,4,1,1,1,0,2,4,1,1,1,2,0,1,0,0,3,4,3,0,1,1,0,2,1,3,1,0,1,0,1,1,4,1,3,4,4,4,4,2,4,1,4,1,2,0,1,4,1,4,4,2,1,1,3,1,4,0,1,1,1,2,1,1,2,4,1,3,2,1,4,2,1,2,4,1,1,2,3,1,2,0,1,1,3,4,4,2,4,1,4,4,2,3,4,0,1,2,2,4,0,1,4,2,4,2,4,3,1,1,4,3,4,1,4,4,1,0,4,4,1,4,3,1,3,1,1,2,4,4,4,0,1,4,1,2,1,4,1,1,4,1,1,3,2,1,1,0,4,1,4,0,1,3,1,1,3,4,4,3,1,1,0,1,1,0,0,1,0,1,1,3,1,1,4,1,3,1,1,1,1,1,4,0,1,1,1,2,3,2,4,0,2,3,4,4,1,1,4,3,2,3,4,3,3,1,1,1,1,2,1,4,4,4,1,1,1,1,3,3,3,4,1,2,4,3,4,1,4,3,4,4,3,3,4,4,3,1,1,1,1,0,0,0,4,0,3,0,2,1,4,4,1,1,3,0,4,2,3,1,4,3,1,4,3,1,3,0,1,3,1,3,3,1,2,1,1,1,4,1,3,0,2,3,0,0,2,1,4,4,4,4,1,2,1,1,0,0,4,4,1,2,1,1,1,1,0,1,0,0,3,3,3,4,1,3,0,0,3,3,1,1,0,4,0,1,2,1,0,3,4,3,3,1,4,2,2,2,3,0,1,1,1,0,0,1,3,2,1,2,3,1,3,4,0,4,4,3,1,0,0,1,3,0,0,1,0,0,4,2,1,4,1,1,4,2,4,0,4,4,3,2,3,1,1,1,2,1,4,1,1,4,3,2,1,0,3,2,1,4,4,4,0,4,1,1,4,3,1,1,0,3,3,3,2,1,1,1,1,0,0,0,4,0,3,1,3,0,4,4,4,3,1,4,2,1,2,4,4,0,0,4,3,0,3,2,1,1,1,0,1,4,4,0,4,2,4,1,2,1,4,2,0,3,1,3,2,0,0,2,4,1,1,4,4,1,1,0,2,3,3,4,0,0,1,4,2,1,3,0,1,1,3,4,3,0,1,2,1,0,1,1,0,1,3,3,2,0,4,0,4,3,3,0,0,0,1,1,1,1,1,0,1,2,0,4,0,0,4,1,1,4,0,4,4,4,4,3,3,3,0,4,0,1,4,4,1,3,3,4,4,1,1,4,4,0,1,1,0,2,4,1,1,4,2,3,4,1,2,4,2,0,4,1,2,4,1,4,4,4,4,3,4,1,3,4,4,2,1,4,1,2,1,1,2,1,1,1,1,3,4,3,3,2,0,3,1,1,4,2,1,4,4,4,2,2,3,1,0,1,2,4,4,4,1,1,0,1,3,2,0,2,1,4,4,2,2,4,1,4,1,3,0,0,3,3,4,2,1,4,0,4,3,1,4,2,4,4,1,0,1,1,0,0,1,4,2,3,1,1,2,3,1,3,4,4,2,1,2,0,3,4,3,4,3,1,2,2,3,4,2,3,2,2,3,4,4,4,1,1,0,2,2,1,2,4,2,3,1,2,2,1,2,4,4,4,1,1,2,4,3,1,1,3,4,0,4,3,2,1,4,1,1,2,3,2,1,2,1,1,3,0,1,1,3,4,3,4,0,0,2,3,1,4,2,4,4,0,1,0,3,0,4,1,1,3,0,0,3,2,1,4,3,1,1,2,2,2,2,0,4,2,1,3,4,1,1,1,2,1,1,4,4,1,1,0,0,1,2,1,4,0,0,4,4,3,1,4,0,0,4,4,1,0,1,2,1,1,3,0,1,1,4,4,3,4,0,2,4,4,0,1,1,0,4,0,3,4,2,2,1,1,1,3,3,1,4,4,1,0,1,3,3,1,2,2,1,1,0,3,2,4,4,4,0,0,2,2,3,1,3,2,3,1,0,3,4,3,4,1,2,3,1,3,3,0,2,4,2,4,1,1,2,2,3,2,4,1,1,3,4,3,4,4,4,0,1,3,0,2,4,4,2,1,4,1,1,3,1,1,1,4,4,0,1,1,3,1,0,1,1,2,3,4,4,1,2,0,4,1,0,1,2,4,1,4,1,1,4,3,1,4,1,2,3,1,0,1,1,1,4,1,3,4,4,4,3,2,2,0,3,3,1,0,1,0,4,1,1,3,4,2,1,1,2,1,0,1,1,4,4,1,0,1,4,0,4,1,2,1,1,0,3,4,4,4,2,2,3,4,4,4,1,0,3,3,1,4,2,4,1,4,4,1,4,1,3,4,3,1,3,1,1,1,1,4,1,1,1,1,3,3,4,1,0,3,4,0,3,3,3,1,1,0,0,1,1,4,0,3,3,0,0,3,1]",ok,
126,kmeans,3,0.4,0.4716390845384152,2,"fused_1_medium, fused_2_medium+fused_4_high+fused_5_low",huang,"[179, 604, 322, 229, 465]",0.22888282330251902,0.04669260700389105,"[2,1,2,2,1,1,2,3,2,1,3,3,0,4,1,1,1,4,2,2,1,4,2,2,1,2,1,1,4,4,2,1,2,4,2,4,4,1,4,1,4,1,1,1,1,2,2,2,1,3,4,0,1,1,1,4,4,4,1,1,1,2,2,4,4,4,1,4,2,2,1,4,2,1,2,2,4,3,1,2,1,4,1,1,2,2,2,2,1,2,1,3,2,1,1,1,3,4,4,1,1,3,3,1,2,3,4,4,1,2,1,3,1,1,1,4,4,1,4,2,4,1,4,1,4,2,4,0,1,4,2,4,2,1,4,4,1,4,1,2,1,4,0,2,2,2,1,1,4,1,1,1,1,2,2,2,3,2,1,2,2,0,4,1,2,2,1,4,1,2,4,4,2,4,1,2,1,3,0,1,1,2,4,2,3,1,1,3,4,1,2,2,2,4,1,4,2,2,1,4,4,3,4,4,3,4,1,0,1,2,4,2,2,2,1,1,4,1,1,2,4,1,2,2,2,1,2,4,1,2,2,1,1,4,4,1,4,1,1,1,1,1,2,1,2,4,4,2,1,0,3,1,1,2,2,4,4,4,4,2,4,4,2,2,1,4,4,4,1,1,1,2,2,4,0,2,4,1,2,4,4,1,4,2,1,2,4,4,4,0,4,4,1,4,4,2,2,1,4,2,1,2,4,2,1,1,4,1,4,1,3,2,4,4,4,1,1,2,4,4,4,1,3,4,4,2,1,2,1,4,4,3,4,1,1,3,4,2,1,3,1,1,1,4,4,4,4,1,1,1,1,1,4,4,1,1,1,4,1,4,2,4,2,4,4,1,1,4,1,1,4,4,2,1,1,3,4,1,4,2,4,1,2,4,1,2,1,1,1,4,2,4,3,1,1,2,4,4,1,2,1,4,1,1,1,4,4,0,1,1,4,4,1,1,2,3,4,2,1,2,1,3,1,2,4,2,4,4,4,2,1,1,3,3,2,1,2,1,4,1,4,1,3,1,0,1,1,2,4,1,0,1,0,1,1,3,1,1,1,4,1,4,1,3,2,4,3,1,4,4,1,1,1,2,1,0,1,2,4,2,2,4,4,1,1,4,3,3,2,2,1,1,2,2,2,1,1,3,4,0,1,4,1,4,4,1,1,1,1,1,1,1,1,1,4,1,1,2,4,4,2,4,1,4,1,2,4,1,2,4,1,2,4,2,1,2,1,4,1,4,2,1,3,1,4,3,1,3,2,2,1,3,1,2,1,2,3,2,1,2,4,4,1,1,1,4,2,4,4,1,4,2,0,2,4,3,4,4,1,2,1,3,4,0,3,1,2,2,1,1,4,2,4,1,4,2,2,2,4,1,2,4,2,2,4,4,4,4,1,2,2,4,1,3,1,4,2,0,4,1,4,4,1,4,2,2,2,1,1,0,4,1,2,1,4,4,3,4,2,3,1,4,1,4,1,4,2,2,2,1,1,2,1,1,1,1,1,2,4,1,3,1,2,2,1,1,4,4,2,2,0,1,1,2,4,3,3,3,4,3,2,2,3,4,2,4,1,4,2,4,2,4,1,4,1,2,3,2,4,1,4,1,4,0,2,2,4,2,1,3,2,1,1,1,1,4,0,2,3,4,1,2,2,2,1,0,4,1,4,0,4,1,1,3,3,4,1,1,1,0,2,4,1,1,1,2,0,1,0,0,3,4,3,0,1,1,0,2,1,3,1,0,1,0,1,1,4,1,3,4,4,4,4,2,4,1,4,1,2,0,1,4,1,4,4,2,1,1,3,1,4,0,1,1,1,2,1,1,2,4,1,3,2,1,4,2,1,2,4,1,1,2,3,1,2,0,1,1,3,4,4,2,4,1,4,4,2,3,4,0,1,2,2,4,0,1,4,2,4,2,4,3,1,1,4,3,4,1,4,4,1,0,4,4,1,4,3,1,3,1,1,2,4,4,4,0,1,4,1,2,1,4,1,1,4,1,1,3,2,1,1,0,4,1,4,0,1,3,1,1,3,4,4,3,1,1,0,1,1,0,0,1,0,1,1,3,1,1,4,1,3,1,1,1,1,1,4,0,1,1,1,2,3,2,4,0,2,3,4,4,1,1,4,3,2,3,4,3,3,1,1,1,1,2,1,4,4,4,1,1,1,1,3,3,3,4,1,2,4,3,4,1,4,3,4,4,3,3,4,4,3,1,1,1,1,0,0,0,4,0,3,0,2,1,4,4,1,1,3,0,4,2,3,1,4,3,1,4,3,1,3,0,1,3,1,3,3,1,2,1,1,1,4,1,3,0,2,3,0,0,2,1,4,4,4,4,1,2,1,1,0,0,4,4,1,2,1,1,1,1,0,1,0,0,3,3,3,4,1,3,0,0,3,3,1,1,0,4,0,1,2,1,0,3,4,3,3,1,4,2,2,2,3,0,1,1,1,0,0,1,3,2,1,2,3,1,3,4,0,4,4,3,1,0,0,1,3,0,0,1,0,0,4,2,1,4,1,1,4,2,4,0,4,4,3,2,3,1,1,1,2,1,4,1,1,4,3,2,1,0,3,2,1,4,4,4,0,4,1,1,4,3,1,1,0,3,3,3,2,1,1,1,1,0,0,0,4,0,3,1,3,0,4,4,4,3,1,4,2,1,2,4,4,0,0,4,3,0,3,2,1,1,1,0,1,4,4,0,4,2,4,1,2,1,4,2,0,3,1,3,2,0,0,2,4,1,1,4,4,1,1,0,2,3,3,4,0,0,1,4,2,1,3,0,1,1,3,4,3,0,1,2,1,0,1,1,0,1,3,3,2,0,4,0,4,3,3,0,0,0,1,1,1,1,1,0,1,2,0,4,0,0,4,1,1,4,0,4,4,4,4,3,3,3,0,4,0,1,4,4,1,3,3,4,4,1,1,4,4,0,1,1,0,2,4,1,1,4,2,3,4,1,2,4,2,0,4,1,2,4,1,4,4,4,4,3,4,1,3,4,4,2,1,4,1,2,1,1,2,1,1,1,1,3,4,3,3,2,0,3,1,1,4,2,1,4,4,4,2,2,3,1,0,1,2,4,4,4,1,1,0,1,3,2,0,2,1,4,4,2,2,4,1,4,1,3,0,0,3,3,4,2,1,4,0,4,3,1,4,2,4,4,1,0,1,1,0,0,1,4,2,3,1,1,2,3,1,3,4,4,2,1,2,0,3,4,3,4,3,1,2,2,3,4,2,3,2,2,3,4,4,4,1,1,0,2,2,1,2,4,2,3,1,2,2,1,2,4,4,4,1,1,2,4,3,1,1,3,4,0,4,3,2,1,4,1,1,2,3,2,1,2,1,1,3,0,1,1,3,4,3,4,0,0,2,3,1,4,2,4,4,0,1,0,3,0,4,1,1,3,0,0,3,2,1,4,3,1,1,2,2,2,2,0,4,2,1,3,4,1,1,1,2,1,1,4,4,1,1,0,0,1,2,1,4,0,0,4,4,3,1,4,0,0,4,4,1,0,1,2,1,1,3,0,1,1,4,4,3,4,0,2,4,4,0,1,1,0,4,0,3,4,2,2,1,1,1,3,3,1,4,4,1,0,1,3,3,1,2,2,1,1,0,3,2,4,4,4,0,0,2,2,3,1,3,2,3,1,0,3,4,3,4,1,2,3,1,3,3,0,2,4,2,4,1,1,2,2,3,2,4,1,1,3,4,3,4,4,4,0,1,3,0,2,4,4,2,1,4,1,1,3,1,1,1,4,4,0,1,1,3,1,0,1,1,2,3,4,4,1,2,0,4,1,0,1,2,4,1,4,1,1,4,3,1,4,1,2,3,1,0,1,1,1,4,1,3,4,4,4,3,2,2,0,3,3,1,0,1,0,4,1,1,3,4,2,1,1,2,1,0,1,1,4,4,1,0,1,4,0,4,1,2,1,1,0,3,4,4,4,2,2,3,4,4,4,1,0,3,3,1,4,2,4,1,4,4,1,4,1,3,4,3,1,3,1,1,1,1,4,1,1,1,1,3,3,4,1,0,3,4,0,3,3,3,1,1,0,0,1,1,4,0,3,3,0,0,3,1]",ok,
127,kmeans,3,0.35,0.49984154598340097,2,"fused_3_medium, fused_2_medium+fused_4_high+fused_5_low",huang,"[306, 621, 187, 418, 267]",0.23887301258590546,0.06670372429127293,"[0,1,0,0,3,4,0,4,0,3,4,4,2,1,1,3,1,1,0,0,1,3,0,0,1,0,4,1,3,3,0,1,0,3,0,3,3,3,3,3,3,3,1,1,1,0,0,0,1,4,3,2,1,3,3,1,1,1,1,3,1,0,0,3,3,1,1,3,0,0,1,3,0,1,0,0,1,4,1,0,4,1,1,3,3,0,0,0,1,0,0,4,0,1,1,1,4,1,3,1,1,4,4,1,0,4,3,1,1,0,1,4,1,4,1,3,3,1,3,0,3,1,3,1,3,3,3,2,1,3,0,3,0,3,1,3,1,3,1,0,1,1,2,0,0,0,3,1,1,4,3,3,1,0,0,0,4,0,4,0,0,2,3,1,0,0,1,1,1,0,3,3,0,3,1,0,3,4,2,3,1,0,3,0,4,1,4,4,1,1,0,0,0,3,3,3,0,0,1,3,3,4,1,3,4,3,1,2,1,0,1,0,0,0,1,1,1,1,1,0,3,0,0,3,0,1,0,3,3,0,0,1,1,1,1,1,1,3,1,1,1,3,0,3,0,1,1,0,4,4,4,1,1,0,0,3,3,3,3,0,3,3,0,0,1,1,3,3,3,1,1,0,0,1,2,0,1,1,0,1,3,1,3,0,1,0,3,1,1,2,3,3,1,1,3,0,0,1,1,0,3,3,1,0,1,1,1,1,3,1,4,0,1,3,1,3,1,0,3,3,3,0,2,3,1,0,1,0,1,1,1,2,3,1,4,4,3,0,1,4,1,1,1,1,3,1,3,3,3,1,1,1,3,3,1,1,1,3,1,1,3,1,0,3,3,1,1,3,1,3,3,1,0,1,1,4,3,1,3,0,1,1,0,1,1,0,1,3,1,3,0,1,4,1,3,0,3,1,4,0,1,3,1,3,1,1,1,2,1,1,3,3,3,1,0,4,1,0,1,0,3,4,1,0,3,0,1,3,3,0,1,1,4,4,0,3,0,3,3,3,3,1,4,1,2,1,3,0,1,3,2,3,2,4,4,4,1,3,1,3,1,1,3,4,0,3,4,1,3,3,1,1,1,0,1,2,3,0,3,0,0,3,1,3,4,3,4,4,0,0,1,1,0,0,0,1,1,4,3,2,1,3,1,1,3,1,1,1,1,1,1,1,1,3,3,0,1,0,1,3,0,3,1,1,1,0,3,1,0,3,1,0,3,0,1,0,1,3,1,3,0,1,4,3,3,4,3,4,0,0,1,4,1,0,1,0,4,0,1,0,3,3,4,1,4,3,0,3,1,1,3,0,2,0,3,4,3,3,4,0,3,4,1,2,3,1,3,3,1,1,3,0,1,3,1,0,0,0,3,1,0,1,0,0,3,3,1,1,1,0,0,3,3,4,3,3,0,2,3,1,3,3,1,1,0,0,3,1,1,2,1,1,0,1,1,3,4,1,0,4,3,3,1,1,1,3,0,0,3,3,1,0,1,4,1,1,3,0,3,1,4,3,0,0,1,1,1,1,0,0,2,1,1,0,3,4,4,4,3,4,0,3,4,1,0,1,3,3,0,1,0,1,1,1,3,0,2,0,1,3,1,1,1,2,0,0,1,3,1,4,0,1,1,1,1,1,2,0,4,4,1,0,0,3,1,2,1,1,3,2,1,3,1,4,4,1,3,1,1,2,0,3,1,1,3,0,2,1,2,2,4,1,4,2,3,1,2,0,1,4,1,2,1,2,3,4,4,4,4,3,1,4,1,0,4,3,1,1,0,2,3,1,1,1,1,0,1,1,4,1,3,2,1,1,4,0,1,1,0,1,1,4,0,1,3,0,4,3,3,3,1,0,4,1,0,2,1,1,4,1,3,0,3,1,3,3,0,4,3,2,1,3,0,1,2,1,3,0,1,0,1,4,1,3,1,3,3,3,3,1,1,2,3,1,1,1,4,1,4,1,1,0,1,3,3,2,1,3,1,0,1,3,1,4,1,1,3,4,0,1,1,2,3,4,1,2,3,4,1,1,4,1,3,4,1,4,2,1,1,2,2,1,2,1,1,4,1,1,3,3,4,3,1,1,1,3,1,2,1,4,1,0,4,0,1,2,0,4,3,3,3,1,3,4,0,4,1,4,4,1,1,1,1,0,1,3,1,3,1,1,1,1,4,4,4,1,3,0,3,4,3,1,1,4,3,3,4,4,1,4,4,1,1,3,1,2,2,2,3,2,4,2,0,1,1,3,1,1,4,2,3,0,4,1,1,4,1,1,4,1,4,2,1,4,1,4,2,1,0,3,1,1,1,3,4,2,0,4,2,2,0,1,3,3,1,3,1,0,1,1,2,2,3,3,1,0,3,3,1,1,2,1,2,2,4,4,4,3,1,4,2,2,4,4,1,3,2,3,2,1,0,1,2,4,4,4,4,1,1,0,0,0,4,2,1,3,3,2,2,1,4,0,1,0,4,1,4,1,2,3,3,4,1,2,2,1,2,2,2,4,2,2,1,0,3,1,4,3,3,0,1,2,1,1,4,0,4,1,1,1,0,1,3,1,3,1,4,0,1,2,4,0,1,3,3,1,2,3,3,1,3,4,1,3,2,4,4,4,0,1,3,1,1,2,2,2,3,2,4,1,4,2,3,3,1,4,1,1,0,3,0,3,4,2,2,1,3,2,4,0,1,1,1,2,1,1,3,2,1,0,3,3,0,1,1,0,2,4,1,4,3,2,2,0,3,1,3,3,1,3,1,2,0,4,4,3,2,2,1,3,0,1,4,2,1,1,4,3,4,2,1,0,1,2,1,1,2,1,4,4,0,2,1,2,1,4,2,2,2,2,1,1,3,1,1,2,1,0,2,1,2,2,1,1,0,4,2,3,3,1,1,4,4,4,2,3,2,1,1,3,3,4,4,3,1,1,1,1,1,2,1,1,2,0,1,3,1,3,0,4,3,1,0,1,0,2,3,1,0,1,1,1,1,3,1,4,1,1,2,1,3,0,1,3,1,0,3,1,0,3,1,4,1,4,3,4,4,0,2,4,1,3,3,0,1,3,1,1,0,0,4,1,2,3,0,1,1,3,1,1,2,1,4,0,2,0,3,3,3,0,0,1,1,3,1,4,2,2,4,4,1,0,3,3,2,4,4,1,1,0,1,1,1,2,3,1,2,2,3,1,0,4,3,3,0,4,4,4,3,1,0,1,0,2,4,3,4,1,4,1,0,0,4,1,3,4,3,3,4,3,1,3,3,1,2,0,0,3,0,3,3,4,1,0,0,3,0,1,3,3,1,1,3,3,4,3,1,4,3,2,3,2,0,1,3,4,1,0,4,0,1,0,1,3,4,2,1,1,4,1,4,3,2,2,0,4,1,3,0,1,3,2,1,2,4,2,3,1,1,4,2,2,4,0,3,1,4,1,1,0,0,0,0,2,3,3,3,4,1,1,3,1,0,3,3,3,3,1,1,2,2,1,0,4,3,2,2,3,1,4,1,1,2,2,1,1,3,2,1,0,3,1,4,2,1,1,1,3,4,1,2,0,1,3,2,1,1,2,3,2,4,3,0,0,1,4,1,4,4,1,1,3,1,2,4,4,4,1,0,0,3,1,2,2,0,1,4,3,2,2,0,0,4,1,4,0,4,3,2,4,3,4,1,0,0,4,1,4,4,2,0,1,0,3,3,3,0,0,4,3,4,1,1,4,3,4,3,3,1,2,1,4,2,0,3,3,0,1,1,4,1,4,1,1,1,1,3,2,1,3,4,3,2,1,3,0,4,3,1,1,0,2,3,1,2,1,0,1,3,3,3,1,1,4,1,1,1,0,4,1,2,1,1,1,3,1,4,3,3,3,4,0,0,2,4,4,1,2,1,2,3,3,1,4,3,0,3,1,3,1,2,4,1,3,3,1,2,1,4,2,3,1,0,1,3,2,4,3,1,1,0,0,4,3,1,3,1,2,4,4,0,3,0,1,3,1,1,1,3,1,4,1,4,1,4,1,4,1,1,3,1,1,1,1,4,4,4,3,2,4,3,2,4,4,4,3,3,2,2,3,3,1,2,4,4,2,2,4,3]",ok,
128,kmeans,3,0.3,0.5942703115141164,2,"fused_3_low, fused_2_medium+fused_4_high+fused_5_low",huang,"[334, 398, 220, 185, 662]",0.24432337491243436,0.05058365758754864,"[0,1,0,0,4,1,0,2,0,4,2,1,3,4,4,4,1,4,0,0,4,4,0,0,4,0,1,1,4,4,0,1,0,4,0,4,4,4,4,4,4,4,1,1,4,0,0,0,1,2,4,3,1,4,4,4,4,4,1,4,4,0,0,4,4,4,1,4,0,0,4,4,0,1,0,0,4,2,1,0,1,4,1,4,0,0,0,0,1,0,4,2,0,4,1,1,2,4,4,4,1,2,2,1,0,2,4,4,1,0,1,2,1,1,4,4,4,1,4,0,4,1,4,1,4,0,4,3,4,4,0,4,0,4,4,4,4,4,4,0,1,4,3,0,0,0,4,1,4,1,4,4,4,0,0,0,2,0,1,0,0,3,4,1,0,0,1,1,4,0,4,4,0,4,1,0,4,2,3,4,4,0,4,0,2,1,1,2,4,1,0,0,0,4,4,4,0,0,1,4,4,2,4,4,2,4,1,3,1,0,1,0,0,0,4,1,1,1,4,0,4,4,0,0,0,1,0,4,4,0,0,1,1,1,1,1,4,4,1,1,1,4,0,4,0,4,4,0,1,2,2,4,1,0,0,4,4,4,4,0,4,4,0,0,1,4,4,4,4,1,1,0,0,1,3,0,4,4,0,1,4,4,4,0,1,0,4,1,4,3,4,4,4,4,4,0,0,1,4,0,4,0,4,0,1,1,1,1,4,1,2,0,1,4,4,4,1,0,4,4,4,0,3,4,1,0,1,0,1,4,4,3,4,4,1,2,4,0,1,2,1,4,4,4,4,4,4,4,4,1,4,4,4,4,1,4,1,4,4,1,0,4,0,4,4,1,1,4,1,4,4,1,0,1,1,1,4,1,4,0,4,1,0,4,1,0,1,4,1,4,0,4,2,4,4,0,4,1,1,0,4,4,1,4,1,1,4,3,4,1,4,4,4,1,0,2,4,0,1,0,4,2,1,0,4,0,4,4,4,0,1,1,2,2,0,4,0,4,4,4,4,1,2,4,3,1,4,0,1,4,3,4,3,1,1,2,1,4,4,4,1,4,4,2,0,4,1,4,4,4,4,4,1,0,1,3,4,0,4,0,0,4,4,4,1,4,2,2,0,0,1,1,0,0,0,1,1,2,4,3,4,4,4,1,4,4,1,1,1,1,4,1,4,4,4,0,1,0,4,4,0,4,4,1,1,0,4,1,0,4,1,0,4,0,1,0,1,4,1,4,0,1,2,0,4,2,4,2,0,0,4,2,1,0,1,0,2,0,1,0,4,4,1,1,1,4,0,4,4,1,4,0,3,0,4,2,4,4,1,0,4,2,4,3,4,4,0,0,1,1,4,0,1,4,4,0,0,0,4,1,0,4,0,0,4,4,4,4,1,0,0,4,4,2,4,4,0,3,4,1,4,4,1,4,0,0,0,1,1,3,4,1,0,1,4,4,2,4,0,2,4,4,4,1,1,4,0,0,0,4,1,0,1,1,1,1,4,0,4,4,2,4,0,0,1,1,4,4,0,0,3,4,1,0,4,2,2,2,4,2,0,0,2,4,0,4,4,4,0,4,0,4,4,4,4,0,3,0,4,4,1,1,4,3,0,0,4,0,4,2,0,1,1,4,1,4,3,0,2,2,4,0,0,0,4,3,4,4,4,3,4,4,4,2,2,1,4,4,4,3,0,4,1,4,0,0,3,1,3,3,2,1,2,3,4,4,3,0,1,2,4,3,1,3,4,1,1,1,2,4,1,4,4,0,2,4,4,4,0,3,4,4,1,4,4,0,1,1,2,1,4,3,4,1,1,0,4,4,0,4,1,2,0,1,4,0,1,0,4,4,1,0,2,1,0,3,1,4,2,4,4,0,4,4,4,4,0,2,4,3,1,0,0,4,3,1,4,0,1,0,1,2,4,4,4,4,4,4,4,4,4,3,4,1,1,4,2,1,2,4,1,0,4,4,4,3,1,4,1,0,4,4,1,1,4,1,4,2,0,1,1,3,4,1,1,3,4,2,4,1,2,1,4,2,4,1,3,1,1,3,3,1,3,4,1,2,1,1,4,4,2,4,1,4,4,4,1,3,1,1,4,0,2,0,4,3,0,2,4,4,4,1,4,2,0,2,4,2,2,4,1,1,4,0,1,4,1,4,1,4,1,1,2,2,2,4,4,0,4,2,4,4,1,1,4,4,2,2,4,1,2,4,4,0,1,3,3,3,4,3,2,3,0,4,4,0,1,1,2,3,4,0,2,1,4,2,1,4,2,4,2,3,1,2,1,2,3,4,0,4,4,1,4,4,2,3,0,2,3,3,0,1,4,4,4,4,1,0,1,1,3,3,4,4,4,0,4,4,1,1,3,1,3,3,2,2,2,4,1,2,3,3,2,2,1,0,3,4,3,1,0,1,3,2,2,2,2,1,4,0,0,0,2,3,1,4,4,3,3,1,2,0,1,0,2,1,2,1,3,4,4,2,1,3,3,4,2,3,3,1,3,3,4,0,4,4,1,4,4,1,1,3,1,4,2,0,2,1,1,4,0,4,4,1,4,4,2,0,4,3,2,0,4,4,4,4,3,4,4,1,4,2,1,4,3,2,2,2,0,1,4,1,1,3,3,3,0,3,2,1,2,3,4,4,1,2,1,4,0,4,0,4,4,3,3,4,4,3,2,0,1,1,1,3,1,4,4,3,4,0,4,4,0,4,4,0,3,2,1,2,0,3,3,0,4,4,4,4,1,4,4,3,0,4,2,4,3,3,4,4,0,4,2,3,4,4,2,4,2,3,1,0,1,3,4,1,3,1,2,2,0,3,1,3,4,2,2,3,3,3,4,1,4,1,1,3,1,0,3,4,3,3,1,4,0,2,3,4,4,4,1,2,2,2,3,4,3,1,1,4,4,2,2,4,1,1,1,4,1,3,4,1,3,0,1,0,1,4,0,2,4,4,0,4,0,3,4,1,0,1,1,4,1,4,4,2,1,4,3,4,4,0,4,4,1,0,4,4,0,4,1,1,1,2,4,2,2,0,3,2,1,4,4,0,1,4,4,1,0,0,2,1,3,4,0,4,4,4,4,1,3,4,2,0,3,0,4,4,4,0,0,1,1,4,4,2,3,3,2,2,4,0,4,4,3,4,2,1,4,0,1,4,4,3,4,1,3,3,4,4,0,2,4,4,0,2,1,2,4,1,0,1,0,3,2,4,2,1,2,1,0,0,2,1,0,1,0,0,2,4,4,4,4,1,3,0,0,4,0,4,0,2,4,0,0,4,0,1,4,4,1,1,0,4,2,4,1,2,4,3,4,3,0,1,4,1,4,0,2,0,1,0,1,4,2,3,1,1,2,4,2,4,3,3,0,2,1,4,0,4,4,3,4,3,2,3,4,1,1,2,3,3,2,0,4,4,2,4,1,0,0,0,0,3,4,0,4,2,1,1,0,4,0,4,4,4,4,4,1,3,3,1,0,1,4,3,3,4,4,2,4,1,3,3,4,4,4,3,1,0,0,4,2,3,1,1,4,4,2,4,3,0,4,4,3,1,4,3,4,3,2,4,0,0,1,1,1,2,2,4,1,4,1,3,1,2,2,1,0,0,4,1,3,3,0,4,2,4,3,3,0,0,2,1,2,0,2,4,3,2,4,2,4,1,0,2,1,2,2,3,0,4,0,4,4,4,0,0,2,0,2,4,1,2,4,2,4,4,4,3,1,2,3,0,4,4,0,1,4,1,4,2,1,1,4,1,4,3,1,4,2,4,3,1,4,0,2,4,4,4,0,3,4,1,3,1,0,4,4,4,4,4,4,2,4,1,4,0,1,4,3,1,1,1,4,4,2,4,4,4,2,0,0,3,2,2,4,3,4,3,4,4,4,2,4,0,4,4,0,1,3,1,1,4,4,1,3,1,1,3,4,1,0,4,4,3,2,4,4,4,0,0,2,4,4,4,4,3,2,2,1,4,0,4,0,1,1,4,4,1,2,4,2,1,2,4,1,1,1,4,1,1,1,1,2,2,2,4,3,2,4,3,2,2,2,4,4,3,3,4,4,4,3,2,2,3,3,2,4]",ok,
129,kmeans,3,0.25,0.5804659218226795,2,"fused_1_medium+fused_2_medium+fused_4_high, fused_1_high+fused_4_high",huang,"[503, 502, 165, 408, 221]",0.2724751685423221,0.05225125069483046,"[1,1,1,1,3,3,1,4,1,3,4,3,4,0,1,3,3,0,1,1,1,0,1,1,1,1,3,3,0,0,1,3,1,0,1,0,0,3,0,1,0,3,3,3,1,1,1,1,3,4,0,2,3,3,3,0,0,0,3,3,1,1,1,0,0,0,3,0,1,1,1,0,1,3,1,1,0,3,3,1,3,0,3,3,1,1,1,1,3,1,1,4,1,1,3,3,4,0,0,1,3,4,0,3,1,4,0,0,3,1,3,4,3,3,1,0,0,3,0,1,0,3,0,3,0,0,0,2,1,0,1,0,1,3,0,0,1,0,1,1,3,0,2,1,1,1,3,3,0,3,3,1,1,1,1,1,3,1,3,0,1,2,0,3,0,1,3,0,1,1,0,0,1,0,3,1,1,4,4,1,1,1,0,1,4,3,3,3,0,3,1,1,0,0,3,0,1,1,3,0,0,0,0,0,4,0,3,2,3,1,0,0,1,1,1,3,0,3,1,1,0,1,1,0,1,3,1,0,0,0,1,0,3,0,0,3,0,3,3,3,3,1,1,3,1,0,0,1,3,4,4,1,3,1,1,0,0,0,0,1,0,0,1,1,3,0,0,0,3,3,3,1,1,3,2,1,0,1,1,0,0,1,0,1,3,1,0,0,0,2,0,0,1,0,0,1,1,3,0,1,3,1,0,1,3,3,0,3,0,3,4,1,0,0,0,3,3,1,0,0,0,1,4,0,0,1,3,0,3,0,0,2,0,1,3,4,0,1,3,0,3,1,1,0,0,0,0,3,3,3,3,1,0,0,0,1,3,0,1,3,1,0,1,0,0,3,3,0,3,1,0,0,1,3,0,3,0,3,0,1,0,3,1,0,3,1,3,1,3,0,1,0,4,1,3,1,0,0,3,1,1,0,3,1,3,3,0,2,1,3,0,0,1,3,1,4,0,1,3,1,3,4,3,1,0,1,0,0,0,1,3,3,4,4,1,1,1,1,0,3,0,3,4,1,2,3,3,3,0,1,2,1,2,3,3,4,3,1,3,0,3,0,3,3,1,0,3,1,0,0,1,1,3,1,3,2,1,1,0,1,1,0,0,1,3,0,4,4,1,1,3,3,1,1,1,3,3,4,0,2,1,0,1,0,0,1,3,3,3,3,1,3,1,1,0,1,3,1,0,0,1,0,1,0,3,1,0,3,1,0,3,1,0,1,3,0,3,0,3,0,1,3,4,3,0,4,1,4,1,1,1,4,3,1,3,1,4,1,3,1,0,0,3,3,3,0,1,0,0,3,0,1,2,1,0,4,0,0,3,1,1,4,0,2,0,1,0,0,3,3,0,1,0,1,0,1,1,1,0,3,1,0,1,1,0,0,0,0,3,1,1,0,1,4,3,0,1,2,0,3,0,0,3,0,1,1,0,3,3,2,0,3,0,3,0,0,3,0,1,4,1,0,1,0,3,0,1,0,1,1,3,1,3,3,3,3,3,1,0,3,4,3,1,0,3,3,0,0,1,1,2,1,3,1,0,4,4,4,0,4,1,1,4,0,1,0,1,0,1,0,1,0,1,0,1,1,4,1,0,1,0,3,0,2,1,1,0,1,1,4,0,3,3,1,3,0,2,1,4,4,1,1,1,1,1,2,0,1,0,4,0,3,1,4,4,0,1,1,1,2,1,0,3,1,3,1,2,3,2,2,4,0,4,2,3,1,2,1,3,4,1,2,3,2,1,3,3,3,4,0,0,0,0,1,0,3,0,1,1,2,1,0,0,0,0,1,3,3,4,3,0,2,1,3,3,0,3,1,1,0,3,4,1,3,0,1,3,0,0,3,3,1,4,3,1,2,3,1,4,0,0,1,0,1,0,0,1,4,0,2,3,1,1,0,2,3,0,1,0,1,0,4,1,1,0,4,0,3,0,0,1,2,0,0,3,0,4,3,4,3,3,1,0,0,0,2,3,0,3,1,1,0,3,3,0,3,3,4,1,3,0,2,0,3,0,2,1,4,1,3,4,0,0,4,1,3,2,3,1,2,4,3,2,3,3,4,3,3,0,1,4,1,3,1,1,1,0,4,3,3,1,1,4,1,0,2,1,4,0,0,1,3,0,4,1,4,0,0,4,1,3,0,1,1,3,0,0,0,3,1,3,3,4,4,4,0,3,0,0,3,0,3,0,3,0,0,4,4,0,3,4,3,1,3,3,2,2,2,0,2,4,2,1,1,0,0,3,3,4,2,0,1,0,3,0,4,3,0,4,1,4,2,3,4,3,4,4,3,1,1,1,3,0,0,4,2,1,4,2,2,1,3,0,0,0,0,3,1,3,3,2,2,0,0,1,1,1,3,3,3,2,0,2,2,0,4,4,0,3,4,2,2,4,4,3,1,2,0,2,3,1,3,2,0,0,4,4,3,0,1,1,1,4,2,3,1,1,2,2,3,4,1,3,1,4,3,4,0,2,0,0,4,3,2,2,1,4,2,2,3,2,2,0,1,1,0,3,1,0,0,0,2,0,0,4,1,4,3,0,1,3,1,0,3,1,0,4,1,3,2,4,1,1,0,0,0,2,0,1,3,0,4,3,1,2,4,4,4,1,3,3,3,3,2,2,2,0,2,4,3,3,2,0,0,0,4,3,0,1,3,0,0,4,2,2,0,3,2,4,1,0,3,3,4,0,0,0,2,0,1,0,3,1,1,0,1,2,4,3,4,1,2,2,1,0,1,1,0,0,1,1,2,1,4,0,0,2,2,1,0,1,1,4,4,1,1,0,0,4,2,3,1,3,2,3,3,2,3,4,4,1,2,0,2,0,4,4,2,2,2,1,3,3,3,3,2,3,1,2,0,2,2,0,1,1,4,2,0,0,0,0,4,4,4,2,0,2,3,0,0,1,4,4,0,0,1,3,0,3,2,3,3,2,1,0,1,3,0,1,4,0,1,1,0,1,2,0,1,1,0,3,0,0,0,0,4,0,1,4,0,0,1,1,0,0,1,1,1,0,3,3,3,3,4,0,4,4,1,2,4,3,3,0,1,3,0,0,0,1,1,4,3,4,1,1,0,0,0,1,3,2,3,4,1,2,1,1,0,0,1,1,0,3,0,1,4,2,2,4,4,0,1,1,0,2,4,4,3,0,1,0,0,1,2,1,3,2,2,3,0,1,4,3,3,1,4,3,4,0,0,1,3,1,2,4,0,4,0,3,3,1,1,0,0,1,3,1,1,4,0,0,0,3,3,2,1,1,1,1,0,0,4,1,1,1,3,1,0,0,0,3,3,0,0,4,1,3,4,0,2,0,4,1,3,0,3,1,1,3,1,3,1,3,3,4,2,3,3,4,0,4,0,2,4,1,4,1,0,1,0,0,4,1,2,4,2,0,3,3,4,2,2,4,1,1,0,4,1,3,1,1,1,1,2,0,1,1,4,0,3,1,1,1,3,3,0,0,1,3,2,2,3,1,3,0,2,2,0,0,4,1,1,2,2,0,0,1,2,3,1,3,1,4,4,3,3,0,0,4,0,2,1,0,0,2,3,1,2,0,4,4,0,1,0,3,3,3,4,4,1,0,0,3,2,3,4,4,3,1,1,1,3,2,4,1,0,0,0,2,2,1,1,4,3,4,1,4,3,2,4,0,4,0,1,1,4,3,4,4,4,1,0,1,0,1,1,1,1,4,1,0,1,3,4,0,4,0,0,0,2,3,4,2,1,0,0,1,3,0,3,1,4,3,3,1,0,0,2,3,3,4,1,2,4,1,1,4,0,0,1,1,2,0,3,2,3,1,0,3,0,1,1,0,4,1,0,1,1,3,1,2,3,3,3,0,1,4,0,0,0,4,1,1,2,4,4,1,2,1,2,0,3,3,4,0,1,3,1,1,3,2,3,3,0,0,3,2,3,0,2,0,3,1,1,3,2,4,0,0,0,1,1,4,0,0,0,1,2,4,4,1,0,1,0,1,0,0,3,0,3,4,0,4,3,4,1,3,3,1,0,3,3,3,3,4,4,0,1,2,4,0,2,4,4,4,1,1,4,2,1,3,0,2,4,4,2,2,4,3]",ok,
130,kmeans,3,0.2,0.6398729860885394,4,"fused_2_medium+fused_3_low+fused_4_high, fused_2_medium+fused_3_medium+fused_4_high+fused_5_low, fused_3_high+fused_4_high, fused_2_high",huang,"[207, 404, 588, 436, 164]",0.217161426783215,0.02056698165647582,"[2,1,2,2,1,3,2,0,2,1,0,3,0,2,2,1,3,2,2,2,2,1,2,2,2,2,3,3,1,1,2,3,2,1,2,1,1,1,1,1,1,1,3,3,2,2,2,2,3,0,1,4,3,1,1,2,2,2,3,1,2,2,2,1,1,2,3,1,2,2,2,1,2,3,2,2,2,3,3,2,3,2,3,1,2,2,2,2,3,2,2,0,2,2,3,3,0,2,1,2,3,0,3,3,2,0,1,2,3,2,3,0,3,3,2,1,1,3,1,2,1,3,1,3,1,2,1,4,2,1,2,1,2,1,2,1,2,1,2,2,3,2,4,2,2,2,1,3,2,3,1,1,2,2,2,2,0,2,3,2,2,4,1,3,2,2,3,3,2,2,1,1,2,1,3,2,1,0,0,1,2,2,1,2,0,3,3,3,2,3,2,2,2,1,1,1,2,2,3,1,1,3,2,1,0,1,3,4,3,2,3,2,2,2,2,3,3,3,2,2,1,2,2,2,2,3,2,1,1,2,2,3,3,3,3,3,2,1,3,3,3,1,2,1,2,2,2,2,3,0,0,2,3,2,2,1,1,1,1,2,1,1,2,2,3,2,1,1,1,3,3,2,2,3,4,2,2,2,2,3,1,2,1,2,3,2,1,3,2,4,1,1,2,2,1,2,2,3,2,2,1,1,2,2,3,3,3,3,1,3,0,2,3,1,2,1,3,2,1,1,1,2,0,1,3,2,3,2,3,2,2,0,1,2,3,0,1,2,3,3,3,2,2,2,1,2,1,1,1,3,2,2,1,1,3,2,3,1,2,3,2,2,2,1,1,3,3,1,3,1,1,3,2,3,3,0,1,3,1,2,2,3,2,2,3,2,3,1,3,1,2,2,0,2,1,2,1,3,3,1,2,1,3,1,3,3,2,4,2,3,1,1,1,3,2,0,2,2,3,2,1,0,3,2,1,2,2,1,1,2,3,3,0,0,2,1,2,1,1,1,1,3,0,2,4,3,1,2,3,1,4,1,4,3,3,0,3,1,2,1,3,2,1,3,2,1,3,2,1,1,2,2,3,2,3,4,1,2,1,2,2,1,2,1,3,1,0,0,2,2,3,3,2,2,2,3,3,0,1,4,2,1,2,3,1,2,3,3,3,3,2,3,2,1,1,2,3,2,2,1,2,1,2,3,3,2,1,3,2,1,3,2,1,2,3,2,3,1,3,1,2,3,0,1,1,0,1,0,2,2,2,0,3,2,3,2,0,2,3,2,1,1,3,3,3,1,2,1,2,3,1,2,4,2,1,0,1,1,3,2,1,0,2,4,1,2,1,1,3,3,1,2,3,1,2,2,2,2,1,3,2,2,2,2,1,1,2,2,3,2,2,1,1,0,1,1,2,4,1,3,1,1,3,2,2,2,2,3,3,4,2,3,2,3,2,1,3,2,2,0,1,1,2,3,3,1,2,2,2,1,3,2,3,3,3,3,1,2,1,2,0,1,2,2,3,3,2,2,2,2,4,2,3,2,1,0,0,0,1,0,2,1,0,2,2,2,1,1,2,2,2,2,2,2,1,2,0,2,2,1,3,3,2,4,2,2,2,2,2,0,2,3,3,2,3,2,4,2,0,3,2,2,2,2,2,4,2,2,1,0,2,1,2,0,0,3,1,2,2,4,2,1,3,2,2,2,4,3,4,4,0,3,0,4,1,2,4,2,3,0,2,4,3,4,1,3,3,3,0,1,3,1,2,2,3,1,2,2,2,4,1,2,1,2,2,2,3,3,0,3,1,4,2,3,3,2,2,2,2,2,3,0,2,3,1,2,3,1,1,1,3,2,0,3,2,4,3,2,0,2,1,2,1,2,1,1,2,0,1,4,3,1,2,2,4,3,1,2,3,2,3,0,2,1,2,1,1,1,1,2,2,4,1,3,3,2,0,3,0,2,3,2,2,1,1,4,3,1,3,2,2,1,3,3,2,3,1,0,2,3,3,4,1,3,3,4,1,0,2,3,0,3,1,0,2,3,4,3,1,4,0,3,4,2,3,0,3,3,1,1,3,1,3,2,2,1,3,0,3,3,2,2,0,2,2,4,2,0,1,1,1,3,1,0,2,0,2,3,0,2,3,3,2,2,3,1,3,1,3,2,3,3,0,0,0,2,1,2,1,3,1,2,3,3,1,1,0,0,2,3,0,2,2,3,3,4,4,4,1,4,0,4,2,2,2,3,3,3,0,4,1,2,3,3,2,0,3,2,0,2,3,4,3,0,3,0,0,2,2,1,2,3,2,1,0,4,2,0,4,4,2,3,1,1,2,1,3,2,3,3,4,4,1,1,2,2,1,1,3,3,4,1,4,4,3,0,0,1,3,0,4,4,0,0,3,1,4,1,4,3,2,3,4,3,3,0,0,3,2,2,2,2,0,4,3,1,1,4,4,3,0,2,3,2,0,3,0,3,4,1,1,0,3,4,4,2,0,4,4,3,4,4,2,2,1,2,3,1,1,3,3,4,3,2,0,2,0,3,3,2,2,2,1,3,1,2,0,2,2,4,0,2,2,1,1,2,4,3,1,3,1,0,3,1,4,3,0,0,2,3,1,3,3,4,4,4,3,4,0,3,3,4,1,1,3,0,3,2,2,1,2,1,1,4,4,2,3,4,0,2,3,3,3,0,3,2,1,4,2,2,1,1,2,2,2,2,4,0,3,0,2,4,4,2,1,2,1,1,3,1,2,4,2,3,3,1,4,4,2,1,2,2,0,0,2,2,3,1,0,4,3,2,3,4,2,3,4,3,0,0,2,4,3,4,2,0,0,4,4,4,2,3,1,3,3,4,3,2,4,2,4,4,3,2,1,3,4,1,1,2,3,0,0,0,4,1,4,3,3,1,1,0,0,1,3,3,3,2,3,4,2,3,4,2,3,2,3,1,2,0,1,2,2,2,2,4,1,3,2,3,3,2,3,1,2,0,3,1,0,2,1,2,2,1,3,2,1,2,2,1,3,3,3,0,1,3,0,2,4,0,3,1,1,2,3,1,2,3,2,2,0,3,0,1,2,2,2,1,2,3,4,2,0,2,4,2,1,1,1,2,2,3,3,1,2,0,4,4,0,0,2,2,1,1,4,3,0,3,2,2,3,2,2,4,1,3,4,4,1,2,2,0,1,1,2,0,3,0,1,3,2,3,2,4,0,1,3,3,3,3,2,2,3,3,2,3,1,2,3,1,2,1,1,3,4,2,2,1,2,1,2,3,2,2,2,3,2,3,1,1,3,3,1,1,3,1,3,0,1,4,1,0,2,3,1,3,2,2,3,2,3,2,3,1,0,4,3,3,0,2,0,1,4,0,2,0,3,1,2,2,1,0,2,4,0,4,1,3,3,0,4,4,0,2,1,2,0,2,3,2,2,2,2,4,1,2,1,0,3,3,1,2,2,1,1,1,1,2,3,4,4,3,2,3,1,4,4,1,2,0,2,1,4,4,2,2,1,4,3,2,1,2,3,0,3,3,2,1,0,2,4,2,2,1,4,3,2,4,1,0,0,1,2,2,3,3,3,0,0,2,3,1,3,4,3,0,0,3,2,2,1,3,4,0,2,2,3,1,4,4,2,2,0,3,0,2,0,1,4,0,1,0,2,3,2,0,3,0,0,0,2,2,2,1,1,1,2,2,0,2,3,2,3,0,1,0,3,1,2,4,3,0,4,2,1,1,2,3,2,3,2,0,3,3,2,3,1,4,3,1,0,1,4,3,1,2,0,1,2,2,2,4,1,3,4,3,2,2,1,1,1,2,2,0,2,3,2,2,0,2,4,3,3,3,1,2,0,1,1,1,0,2,2,4,0,0,2,4,2,4,1,1,2,0,1,2,1,2,2,3,4,3,3,1,1,3,4,3,3,4,1,3,1,2,1,4,0,1,2,2,2,2,0,1,2,1,2,4,3,0,3,1,2,2,2,3,3,2,1,3,0,2,0,3,0,2,3,3,3,1,3,3,3,3,0,3,3,1,4,0,1,4,0,0,0,1,1,0,4,1,1,2,4,0,0,4,4,0,1]",ok,
131,kmeans,3,0.15,0.5917873689483254,2,"fused_1_medium+fused_2_medium+fused_4_high+fused_5_low, fused_1_high+fused_2_medium+fused_3_low+fused_4_high",huang,"[440, 617, 166, 332, 244]",0.22632924828033563,0.022790439132851583,"[1,1,1,1,1,3,1,4,1,1,4,3,4,0,1,1,3,0,1,1,1,0,1,1,1,1,3,3,0,0,1,3,1,0,1,0,0,1,0,1,0,1,3,3,1,1,1,1,3,4,0,2,3,1,3,0,0,0,3,1,1,1,1,0,0,0,3,0,1,1,1,0,1,3,1,1,0,3,3,1,3,0,3,1,1,1,1,1,3,1,1,4,1,1,3,3,4,0,0,1,3,4,4,3,1,4,0,0,3,1,3,4,3,3,1,0,0,3,0,1,0,3,0,3,0,1,0,2,1,0,1,0,1,1,0,0,1,0,1,1,3,0,2,1,1,1,1,3,0,3,1,1,1,1,1,1,4,1,3,1,1,2,0,3,1,1,3,0,1,1,1,0,1,0,3,1,1,4,4,1,1,1,0,1,4,3,3,4,1,3,1,1,1,1,1,0,1,1,3,0,0,4,0,1,4,0,3,2,3,1,0,1,1,1,1,3,0,3,1,1,0,1,1,1,1,3,1,1,1,1,1,1,3,0,0,3,0,1,3,3,3,1,1,1,1,0,0,1,3,4,4,1,3,1,1,0,0,0,0,1,0,0,1,1,3,0,0,0,3,3,3,1,1,3,2,1,0,1,1,0,0,1,0,1,3,1,0,0,0,2,0,0,1,0,0,1,1,3,0,1,1,1,0,1,3,3,0,3,0,3,4,1,0,0,0,3,3,1,0,0,0,1,4,0,0,1,3,1,3,0,0,2,0,1,3,4,0,1,4,4,3,1,1,0,0,0,0,1,1,3,1,1,0,0,0,1,3,0,1,3,1,0,1,0,0,3,3,0,3,1,0,0,1,3,1,3,0,3,0,1,0,3,1,0,3,1,3,1,3,0,1,0,4,1,1,1,0,0,3,1,1,0,3,1,3,3,0,2,1,3,0,0,1,3,1,4,0,1,3,1,1,4,3,1,0,1,0,0,0,1,3,3,4,4,1,1,1,1,0,1,0,3,4,1,2,3,1,1,0,1,2,1,2,3,3,4,3,1,1,0,3,0,1,3,1,0,3,1,0,0,1,1,3,1,3,2,1,1,0,1,1,0,0,1,3,0,4,4,1,1,3,3,1,1,1,3,3,4,0,2,1,0,1,0,0,1,3,3,3,3,1,3,1,1,0,1,3,1,0,0,1,0,1,0,3,1,0,3,1,0,3,1,0,1,3,1,3,0,3,0,1,3,4,1,0,4,1,4,1,1,1,4,3,1,3,1,4,1,3,1,0,0,3,3,3,0,1,0,0,3,0,1,2,1,0,4,0,0,3,1,1,4,0,2,4,1,1,1,3,3,0,1,0,1,0,1,1,1,0,3,1,0,1,1,0,0,0,0,3,1,1,0,1,4,1,0,1,2,0,3,0,0,3,0,1,1,1,3,3,2,0,3,1,3,0,0,3,0,1,4,1,0,1,0,3,0,1,1,1,1,3,1,3,3,3,3,1,1,0,1,4,1,1,1,3,3,0,0,1,1,2,1,3,1,0,4,4,4,1,4,1,1,4,0,1,0,1,0,1,0,1,0,1,0,1,1,4,1,0,1,0,3,0,2,1,1,0,1,1,4,1,3,3,1,3,0,2,1,4,4,1,1,1,1,1,2,0,1,0,4,0,1,1,4,4,0,1,1,1,2,1,0,3,1,1,1,2,3,2,2,4,0,4,2,3,1,2,1,3,4,1,2,3,2,1,3,3,3,4,0,0,4,0,1,4,1,0,1,1,2,1,0,0,0,0,1,3,3,4,3,0,2,1,3,3,1,1,1,1,0,3,4,1,3,0,1,3,1,0,1,0,1,4,3,1,2,3,1,4,0,0,1,0,1,0,0,1,4,0,2,3,1,1,0,2,3,0,1,0,1,0,4,1,1,0,4,0,1,0,0,1,2,0,0,3,0,4,3,4,1,3,1,0,0,0,2,3,0,3,1,1,0,3,3,0,3,1,4,1,3,0,2,0,3,0,2,1,4,1,3,4,1,0,4,1,3,2,3,1,2,4,3,2,1,3,4,3,3,1,1,4,1,3,1,1,1,0,4,3,3,1,1,4,1,0,2,1,4,0,0,1,3,0,4,1,4,0,4,4,1,3,1,1,1,3,1,0,0,3,1,3,3,4,4,4,0,1,1,0,3,0,1,0,3,0,0,4,4,0,3,4,1,1,1,3,2,2,2,0,2,4,2,1,1,0,1,3,3,4,2,0,1,4,3,0,4,3,0,4,1,4,2,3,4,3,4,4,1,1,1,1,3,0,1,4,2,1,4,2,2,1,3,0,0,0,0,3,1,3,3,2,2,0,0,1,1,1,3,4,3,2,0,2,2,4,4,4,0,3,4,2,2,4,4,3,1,2,0,2,3,1,3,2,4,4,4,4,3,0,1,1,1,4,2,3,1,1,2,2,3,4,1,3,1,4,3,4,0,2,0,0,4,3,2,2,1,4,2,2,3,2,2,0,1,1,0,3,1,0,1,0,2,0,0,4,1,4,3,0,1,1,1,0,3,1,0,4,1,1,2,4,1,1,0,0,0,2,4,1,3,0,4,3,1,2,4,4,4,1,3,3,3,3,2,2,2,1,2,4,3,3,2,0,0,0,4,3,0,1,1,1,0,4,2,2,0,4,2,4,1,1,3,3,4,1,0,0,2,0,1,0,1,1,1,0,1,2,4,3,4,1,2,2,1,0,1,1,0,0,1,1,2,1,4,4,0,2,2,1,0,1,1,4,4,1,1,4,0,4,2,3,1,3,2,1,3,2,4,4,4,1,2,0,2,0,4,4,2,2,2,1,3,1,3,3,2,3,1,2,0,2,2,0,1,1,4,2,0,0,0,0,4,4,4,2,0,2,3,0,0,1,4,4,0,0,1,3,0,3,2,1,3,2,1,0,1,3,0,1,4,0,1,1,0,1,2,0,1,1,0,3,0,0,0,0,4,0,1,4,0,0,1,1,0,1,1,1,1,1,3,3,3,3,4,0,4,4,1,2,4,3,1,0,1,3,0,0,0,1,1,4,3,4,1,1,0,0,0,1,3,2,1,4,1,2,1,1,0,0,1,1,0,3,0,1,4,2,2,4,4,0,1,1,0,2,4,4,3,0,1,0,0,1,2,1,3,2,2,1,0,1,4,1,0,1,4,3,4,0,0,1,3,1,2,4,0,4,0,3,3,1,1,4,0,1,3,1,1,4,0,0,0,1,3,2,1,1,1,1,0,1,4,1,1,1,3,1,0,0,0,3,3,1,0,4,1,3,4,0,2,0,4,1,3,0,3,1,1,3,1,3,1,3,1,4,2,3,3,4,0,4,0,2,4,1,4,1,0,1,0,0,4,1,2,4,2,0,3,3,4,2,2,4,1,1,0,4,1,3,1,1,1,1,2,0,1,1,4,0,3,1,1,1,1,1,0,0,1,3,2,2,3,1,3,0,2,2,0,0,4,1,1,2,2,0,0,1,2,3,1,1,1,4,4,3,3,0,0,4,0,2,1,0,0,2,3,1,2,0,2,4,0,1,1,3,3,3,4,4,1,1,0,3,2,3,4,4,3,1,1,1,3,2,4,1,0,4,0,2,2,1,1,4,3,4,1,4,1,2,4,0,4,0,1,1,4,3,4,4,4,1,0,1,0,1,1,1,1,4,1,4,1,3,4,0,4,4,0,0,2,3,4,2,1,0,0,1,3,0,3,1,4,3,3,1,0,0,2,3,1,4,1,2,4,1,1,4,0,0,1,1,2,0,3,2,3,1,0,1,0,1,1,0,4,1,0,1,1,3,1,2,3,3,3,0,1,4,0,0,0,4,1,1,2,4,4,1,2,1,2,0,1,1,4,0,1,3,1,1,3,2,3,3,0,0,3,2,3,1,2,0,3,1,1,1,2,4,0,0,0,1,1,4,0,0,0,1,2,4,4,1,0,1,0,1,0,0,1,0,3,4,0,4,3,4,1,3,3,1,0,3,3,3,3,4,4,1,1,2,4,0,2,4,4,4,1,1,4,2,1,1,0,2,4,4,2,2,4,3]",ok,
132,kmeans,3,0.1,0.6430312542036236,3,"fused_2_medium+fused_3_high+fused_4_high+fused_5_low, fused_2_low+fused_3_high+fused_4_high, fused_2_high+fused_4_medium",huang,"[921, 163, 249, 270, 196]",0.17870012888108575,0.024458032240133407,"[2,0,2,2,0,0,0,4,2,0,4,0,4,3,3,0,0,3,2,2,3,0,2,2,3,2,0,0,0,0,0,0,2,0,2,0,0,0,0,0,0,0,0,0,3,2,2,2,0,4,0,1,0,0,0,3,3,3,0,0,3,2,2,0,0,3,0,0,2,2,3,0,2,0,2,0,3,0,0,2,0,3,0,0,0,2,2,2,0,2,0,0,2,3,0,0,4,3,0,3,0,4,0,0,2,4,0,3,0,2,0,4,0,0,3,0,0,0,0,2,0,0,0,0,0,0,0,1,3,0,0,0,2,0,3,0,3,0,3,2,0,3,1,2,2,2,0,0,3,0,0,0,3,2,2,2,0,2,0,0,2,1,0,0,0,2,0,0,3,2,0,0,2,0,0,0,0,4,4,0,3,2,0,2,4,0,0,0,0,0,2,2,0,0,0,0,2,2,0,0,0,0,3,0,4,0,0,1,0,2,0,0,0,2,3,0,0,0,3,2,0,0,2,0,2,0,2,0,0,0,2,0,0,0,0,0,3,0,0,0,0,0,2,0,0,3,3,2,0,4,4,3,0,2,2,0,0,0,0,2,0,0,2,2,0,3,0,0,0,0,0,2,2,0,1,2,3,3,2,0,0,3,0,2,0,2,0,0,3,1,0,0,3,3,0,2,2,0,3,2,0,0,3,2,0,0,0,0,0,0,4,2,0,0,3,0,0,2,0,0,0,0,4,0,0,2,0,0,0,3,3,4,0,3,0,0,0,2,0,0,0,3,3,3,0,3,0,0,0,0,3,3,0,0,0,3,0,0,3,0,0,3,2,0,0,0,0,0,0,0,0,0,2,0,0,0,0,0,0,2,3,0,2,3,0,2,0,0,0,0,2,3,4,3,0,2,0,0,0,0,3,0,0,0,0,0,3,1,3,0,0,0,0,0,2,4,3,2,0,0,0,4,0,2,0,2,3,0,0,0,0,0,4,4,2,0,2,0,0,0,0,0,4,3,1,0,0,0,0,0,1,0,1,0,0,4,0,0,3,0,0,3,0,0,2,0,0,3,0,0,3,3,0,2,0,1,0,2,0,2,2,0,3,0,0,0,4,4,2,2,0,0,2,0,2,0,0,4,0,1,3,0,3,0,0,3,0,0,0,0,3,0,3,0,0,0,0,0,3,0,2,0,3,0,0,0,0,0,2,0,0,2,0,2,0,0,0,0,0,0,2,0,4,0,0,4,0,4,2,2,3,4,0,2,0,2,4,2,0,2,0,0,0,0,0,0,2,0,3,0,0,0,1,2,0,4,0,0,0,2,0,4,3,1,0,3,0,0,0,0,0,0,0,0,3,2,2,0,0,0,2,3,0,2,0,0,3,3,0,2,2,0,0,4,0,0,2,1,0,0,0,0,0,3,2,2,0,0,0,1,3,0,0,0,3,0,0,3,2,4,0,0,3,0,0,0,2,0,0,0,0,2,0,0,0,0,0,2,0,3,4,0,2,0,0,0,3,3,2,2,1,3,0,2,0,4,4,4,0,4,2,0,4,3,2,3,0,0,2,3,0,3,3,3,0,2,4,2,3,0,0,0,3,1,0,2,3,0,3,4,0,0,0,3,0,3,1,2,4,0,3,2,2,0,3,1,3,3,0,4,3,0,3,4,4,0,0,3,3,1,2,0,0,3,0,2,1,0,1,1,4,0,4,1,0,3,1,2,0,4,3,1,0,1,0,0,0,0,0,0,0,0,3,2,0,0,3,3,0,1,0,3,0,3,3,2,0,0,4,0,0,1,3,0,0,0,3,3,2,3,0,4,2,0,0,2,0,0,0,0,0,2,4,0,2,1,0,3,4,3,0,2,0,3,0,0,0,4,0,1,0,0,2,3,1,0,0,2,0,2,0,4,3,0,3,0,0,0,0,3,3,1,0,0,0,3,4,0,4,3,0,2,3,0,0,1,0,0,0,2,3,0,0,0,3,0,0,4,2,0,0,1,0,0,0,1,0,4,3,0,4,0,0,4,3,0,1,0,0,1,4,0,1,3,0,4,0,0,0,0,0,0,0,3,3,0,0,4,0,0,3,2,4,0,3,1,2,4,0,0,0,0,0,4,2,4,3,0,4,3,0,0,3,2,0,0,0,0,0,3,0,0,4,4,4,3,0,0,0,0,0,3,0,0,0,0,4,4,3,0,4,3,3,0,0,1,1,1,0,1,4,1,2,3,3,0,0,0,4,1,0,2,0,0,3,4,0,3,4,3,0,1,0,4,0,4,4,3,2,0,3,0,3,0,4,1,2,4,1,4,2,0,0,0,3,0,0,2,0,0,1,1,0,0,3,2,0,0,0,0,1,0,1,1,0,4,4,0,0,4,1,1,4,4,0,0,1,0,1,0,2,0,1,0,0,4,4,0,3,2,2,0,4,1,0,0,0,1,1,0,4,2,0,2,4,0,4,0,1,0,0,4,0,1,1,3,4,1,1,0,1,1,3,2,0,3,0,0,0,0,0,1,0,3,4,3,4,0,0,3,0,3,0,0,0,3,4,2,3,1,4,2,3,0,0,3,1,0,0,0,0,4,0,0,1,0,4,4,2,0,0,0,0,1,1,1,0,1,4,0,0,1,0,0,0,0,0,3,2,0,0,0,0,1,1,3,0,1,4,2,0,0,0,4,0,3,0,1,3,2,0,0,2,3,3,2,1,4,0,4,0,1,1,2,0,3,0,0,0,0,3,1,2,0,0,0,1,1,3,0,2,3,4,4,3,3,0,0,4,1,0,2,0,1,3,0,1,0,4,4,2,1,0,1,3,0,4,1,1,1,3,0,0,0,0,1,0,2,1,3,1,1,0,3,0,0,1,0,0,3,0,4,4,4,1,0,1,0,0,0,0,4,4,0,0,0,0,3,0,1,3,0,1,2,0,0,0,0,0,0,0,3,2,3,2,1,0,0,2,0,0,3,0,0,3,4,0,0,4,3,0,2,3,0,0,2,0,3,0,0,0,0,0,4,0,0,4,2,1,0,0,0,0,2,0,0,3,0,2,2,4,0,4,0,2,3,3,0,3,0,1,3,4,2,1,0,0,0,0,2,2,0,0,0,3,4,1,1,4,4,3,2,0,0,1,0,4,0,3,2,0,3,3,1,0,0,1,1,0,3,2,4,0,0,2,4,0,4,0,0,2,0,2,1,4,0,0,0,0,0,2,2,0,0,0,0,0,0,0,0,3,0,0,0,1,2,2,0,0,0,0,0,3,2,2,0,2,0,0,0,0,0,0,0,0,0,0,4,0,1,0,4,2,0,0,0,3,2,0,2,0,2,0,0,4,1,0,0,4,3,4,0,1,4,2,4,0,0,2,3,0,4,3,1,4,1,0,0,0,4,1,1,4,0,0,3,4,3,0,2,2,2,2,1,0,0,0,4,0,0,0,3,2,0,0,0,0,3,0,1,1,0,2,0,0,1,1,0,3,4,3,0,1,1,3,3,0,1,0,2,0,3,0,4,0,0,3,0,4,3,1,2,3,0,1,0,3,1,0,4,4,0,2,0,0,0,0,4,4,3,0,0,0,1,0,4,4,0,2,2,0,0,1,4,2,3,0,0,1,1,0,2,4,0,4,2,4,0,1,4,0,4,3,0,2,4,0,4,4,4,0,3,2,0,0,0,2,2,4,0,0,3,0,4,0,4,0,0,3,1,0,4,1,2,0,0,2,0,3,0,3,4,0,0,3,0,0,1,0,0,4,0,1,0,0,2,4,0,3,3,2,1,0,0,1,0,2,3,0,0,0,3,3,4,3,0,3,2,0,3,1,0,0,0,0,3,4,0,0,0,4,2,2,1,4,4,3,1,3,1,0,0,3,4,0,2,0,3,0,0,1,0,0,0,0,0,1,0,0,1,0,0,0,3,0,1,4,0,3,3,2,2,4,0,3,0,3,1,0,4,0,0,2,3,0,0,0,3,0,0,0,3,4,0,4,3,0,0,0,0,0,0,0,0,4,0,0,0,1,4,0,1,4,4,4,0,0,4,1,0,0,3,1,0,4,1,1,4,0]",ok,
133,kmeans,5,1.0,0.42748573683993574,0,,,[],,,,baseline_no_features,
134,kmeans,5,0.95,0.42748573683993574,0,,,[],,,,baseline_no_features,
135,kmeans,5,0.9,0.42748573683993574,0,,,[],,,,baseline_no_features,
136,kmeans,5,0.85,0.42748573683993574,0,,,[],,,,baseline_no_features,
137,kmeans,5,0.8,0.42748573683993574,0,,,[],,,,baseline_no_features,
138,kmeans,5,0.75,0.42748573683993574,0,,,[],,,,baseline_no_features,
139,kmeans,5,0.7,0.42748573683993574,0,,,[],,,,baseline_no_features,
140,kmeans,5,0.65,0.42748573683993574,0,,,[],,,,baseline_no_features,
141,kmeans,5,0.6,0.42748573683993574,0,,,[],,,,baseline_no_features,
142,kmeans,5,0.55,0.42748573683993574,0,,,[],,,,baseline_no_features,
143,kmeans,5,0.5,0.42748573683993574,0,,,[],,,,baseline_no_features,
144,kmeans,5,0.45,0.42748573683993574,0,,,[],,,,baseline_no_features,
145,kmeans,5,0.4,0.4803453985720852,1,fused_4_veryhigh,huang,"[197, 602, 593, 164, 243]",0.22113905184150257,0.055586436909394105,"[4,2,4,4,1,1,4,0,4,2,0,1,0,2,2,2,2,2,4,4,2,2,4,4,2,4,2,1,2,1,4,1,4,2,4,2,2,1,2,2,2,1,2,2,2,4,4,4,1,0,1,3,1,1,2,2,2,2,2,1,2,4,4,2,1,2,1,1,4,4,2,2,4,1,4,4,2,1,1,4,2,2,1,2,2,4,4,4,1,4,2,1,4,2,2,1,0,2,1,2,1,0,1,1,2,0,1,2,1,4,2,0,2,2,2,2,1,2,1,4,2,1,1,1,2,2,2,3,2,2,4,2,2,2,2,1,2,2,2,4,2,2,3,4,4,4,2,1,2,2,1,1,2,4,4,4,1,4,1,1,4,3,1,1,1,4,1,1,1,2,1,2,4,1,1,1,1,0,0,1,2,4,2,4,0,1,2,1,2,1,4,4,2,2,1,2,4,4,1,1,2,1,2,2,0,1,1,3,1,4,2,2,4,4,2,1,1,1,2,4,1,2,4,2,4,1,4,2,1,2,4,1,2,1,1,2,2,1,1,1,1,1,4,2,1,2,2,1,1,0,0,2,2,4,4,2,1,2,2,4,1,1,4,4,1,2,2,2,2,1,1,4,2,1,3,4,2,2,4,1,1,2,1,2,1,4,2,1,2,3,2,2,2,2,2,2,1,1,2,4,1,1,1,4,1,2,1,2,2,1,0,4,2,2,2,1,1,4,1,2,2,2,0,2,2,4,1,4,1,2,1,0,1,2,2,1,1,4,1,1,2,1,2,2,1,1,2,2,1,1,2,2,1,1,1,2,1,1,2,1,1,2,4,2,1,2,2,1,1,2,2,2,4,2,1,2,2,2,1,4,2,1,4,2,2,4,1,1,1,1,4,2,0,2,2,4,1,1,1,1,2,2,2,1,1,1,2,3,2,1,1,1,1,2,4,0,2,4,1,1,1,0,2,4,1,4,1,2,1,2,1,1,0,0,4,2,4,1,2,2,2,2,0,2,3,2,2,1,1,1,3,2,3,1,2,0,1,1,1,1,1,2,2,1,4,2,1,2,2,2,2,2,1,4,1,3,1,4,1,4,4,2,2,2,1,2,0,0,4,1,2,2,4,1,4,2,1,0,1,3,2,1,2,1,2,2,2,1,2,1,2,1,2,2,2,2,1,1,2,1,4,2,2,1,1,1,1,1,1,1,1,4,2,4,1,2,1,2,1,1,4,2,0,1,2,0,1,1,4,4,2,0,2,4,2,4,0,4,2,4,2,1,2,1,1,1,4,2,2,2,1,1,3,4,2,0,2,1,2,4,2,0,2,3,1,2,2,2,1,2,2,4,2,2,2,4,2,1,2,2,4,2,4,4,1,2,2,2,1,4,4,2,2,0,2,1,4,3,1,1,2,2,1,1,4,4,2,1,1,3,2,2,2,1,2,1,1,2,4,0,2,2,2,1,2,2,4,2,2,2,2,4,1,2,2,1,2,4,1,1,0,1,4,2,1,1,2,2,4,4,3,2,2,4,2,0,0,0,2,0,4,1,0,2,4,2,1,1,2,2,2,1,2,2,1,4,0,4,2,1,2,1,1,3,4,4,1,2,2,0,2,2,1,2,2,2,3,4,0,1,2,4,4,2,2,3,1,2,1,0,2,1,2,0,0,1,2,2,2,3,4,1,2,2,2,4,3,2,3,3,0,1,0,3,2,2,3,1,2,0,2,3,2,3,2,2,1,1,0,1,1,1,2,4,1,1,1,2,2,3,1,2,1,2,2,4,1,2,0,1,2,3,2,2,1,2,2,2,4,1,1,0,4,1,1,4,2,2,1,2,1,4,0,2,4,3,1,2,0,2,2,4,2,2,2,2,1,0,1,3,1,1,4,2,3,2,2,4,1,4,2,0,2,2,2,1,2,1,2,2,1,3,2,1,1,2,0,2,0,1,2,4,2,1,2,3,1,1,1,4,2,2,1,2,2,1,2,0,4,1,2,3,1,2,1,3,1,0,2,2,0,2,2,0,2,1,3,2,2,3,0,1,3,2,1,0,1,1,2,2,1,1,1,2,2,1,1,0,1,2,2,4,0,2,2,3,4,0,1,2,2,1,1,0,4,0,1,1,0,2,2,1,2,1,2,2,1,1,1,2,1,2,0,0,0,2,1,1,2,1,2,2,1,1,2,2,0,0,2,1,0,1,2,1,1,3,3,3,2,3,0,3,4,2,1,1,1,1,0,3,1,4,1,2,2,1,1,2,0,2,1,3,1,0,1,0,0,1,2,2,2,1,2,1,0,3,4,0,3,3,4,1,2,2,2,1,1,4,1,1,3,3,1,1,2,4,1,1,1,1,3,1,3,3,1,0,0,2,2,0,3,3,0,0,1,2,3,1,3,1,4,1,3,1,1,0,0,1,2,4,4,1,0,3,2,1,1,3,3,1,0,4,1,4,1,1,0,1,3,2,1,0,1,3,3,2,0,3,3,1,3,3,2,4,2,2,2,2,1,2,1,3,1,2,0,2,0,1,1,2,2,2,1,2,1,2,0,4,2,3,0,4,2,1,2,2,3,1,2,2,1,0,1,2,3,1,0,0,4,2,2,1,1,3,3,3,1,3,0,1,1,3,2,1,1,0,1,1,4,2,2,1,1,3,3,1,1,3,0,4,1,2,1,0,1,1,1,3,1,4,1,1,4,2,1,4,3,0,1,0,2,3,3,4,2,2,2,2,1,2,2,3,4,1,1,2,3,3,1,1,4,2,0,0,2,2,1,1,0,3,1,4,1,3,1,1,3,1,0,0,4,3,1,3,2,0,0,3,3,3,1,1,2,1,1,3,1,4,3,2,3,3,1,1,2,1,3,1,2,2,1,0,0,0,3,1,3,1,1,1,1,0,0,1,1,2,2,2,1,3,1,2,3,4,1,1,2,1,1,1,2,2,4,1,4,3,1,1,4,1,1,2,1,1,2,0,1,1,0,2,2,4,2,2,1,4,1,2,2,1,2,2,1,0,1,1,0,4,3,1,1,2,2,4,1,2,2,1,4,4,0,1,0,2,4,2,2,2,2,2,3,2,0,4,3,4,1,2,2,4,4,1,2,1,2,0,3,3,0,0,2,4,2,2,3,1,0,1,1,4,1,2,2,3,1,2,3,3,2,2,4,0,1,2,4,0,2,0,2,1,4,2,4,3,0,1,1,1,1,1,4,4,1,1,1,1,1,2,1,1,1,2,2,1,3,4,4,2,2,2,1,1,2,4,4,1,4,1,1,1,1,2,2,1,1,2,1,0,1,3,2,0,4,2,2,1,2,4,1,4,1,4,1,1,0,3,1,1,0,2,0,2,3,0,4,0,1,1,2,1,2,0,2,3,0,3,1,2,1,0,3,3,0,4,1,2,0,2,2,4,4,4,4,3,2,2,2,0,1,2,2,2,4,1,1,2,2,2,1,3,3,1,4,1,1,3,3,1,2,0,2,1,3,3,2,1,1,3,1,4,1,2,1,0,1,2,1,2,0,2,3,4,2,1,3,1,2,3,2,0,0,2,4,2,2,2,2,0,0,2,1,1,1,3,1,0,0,1,4,4,2,1,3,0,4,1,1,1,3,3,4,4,0,2,0,4,0,2,3,0,1,0,2,1,4,0,1,0,0,0,1,2,4,1,1,2,1,4,0,1,1,2,2,0,1,0,1,1,2,3,1,0,3,4,1,2,4,1,2,2,1,0,1,2,2,1,1,3,1,1,0,1,3,1,2,4,0,2,1,2,4,3,1,1,3,2,4,2,1,1,2,2,1,0,2,1,2,4,1,2,3,1,1,1,1,2,0,1,1,1,0,4,4,3,0,0,2,3,2,3,1,1,2,0,2,4,2,2,1,1,3,1,1,1,2,1,3,1,1,3,1,1,1,2,1,3,0,2,2,2,1,4,0,1,2,1,2,3,1,0,2,1,4,1,1,2,1,2,2,1,0,2,0,1,0,2,1,2,1,2,1,1,2,1,0,1,2,2,3,0,1,3,0,0,0,1,1,0,3,1,1,2,3,0,0,3,3,0,1]",ok,
146,kmeans,5,0.35,0.5955174975305134,1,fused_2_medium,huang,"[191, 330, 472, 164, 642]",0.17331105668642902,0.007226236798221234,"[1,2,1,1,4,2,1,0,1,2,0,2,0,4,4,2,2,4,1,1,4,4,1,1,4,1,2,2,2,4,1,2,1,4,1,2,4,2,4,4,4,4,2,2,4,1,1,1,2,0,4,3,2,4,2,1,4,4,4,2,4,1,1,4,2,4,2,4,1,1,4,4,1,2,1,1,4,2,2,1,2,4,2,4,1,1,1,1,2,1,4,2,1,4,2,2,0,4,4,4,2,0,2,2,1,0,4,4,2,1,2,0,2,2,4,4,4,4,4,1,4,2,2,2,4,1,4,3,4,4,1,4,1,2,4,4,4,4,4,1,2,4,3,1,1,1,4,2,4,2,4,4,4,1,1,1,2,1,2,4,1,3,4,2,4,1,2,2,4,1,2,4,1,2,2,1,4,0,0,4,4,1,4,1,0,2,2,2,4,2,1,1,1,4,4,2,1,1,2,4,1,2,4,4,0,4,2,3,4,1,2,4,1,1,4,2,2,2,4,1,4,4,1,4,1,2,1,2,4,4,1,4,2,4,2,2,4,4,4,2,2,4,1,4,1,4,1,1,2,0,0,4,2,1,1,4,2,4,1,1,2,4,1,1,2,4,4,4,2,4,2,1,1,4,3,1,4,4,1,4,4,4,2,1,4,1,4,4,4,3,1,2,4,4,4,1,1,2,4,1,4,1,4,1,2,2,2,2,2,2,0,1,2,1,4,2,2,1,4,4,4,4,0,1,2,1,2,4,2,4,4,0,4,4,2,2,2,1,2,2,2,4,4,4,4,4,4,2,4,4,4,4,4,2,2,4,2,2,4,4,1,4,1,1,2,2,2,4,4,4,4,2,1,2,2,2,4,2,2,1,4,2,1,1,2,1,4,4,2,4,1,4,0,4,4,1,4,2,2,1,4,4,2,4,2,4,4,3,4,2,2,2,4,2,1,0,4,1,2,1,2,0,2,1,4,1,4,4,1,1,2,2,0,0,1,4,1,4,4,4,4,4,0,4,3,2,2,1,2,2,3,4,3,2,2,0,2,4,1,4,2,4,4,2,1,4,2,4,4,4,4,4,2,1,2,3,4,1,4,1,1,4,4,4,2,4,0,0,1,1,4,2,1,1,1,2,2,0,2,3,4,4,4,2,4,4,4,2,2,4,4,2,4,4,4,4,2,1,4,4,1,4,4,2,2,1,4,2,1,2,2,1,2,1,4,1,2,4,4,4,1,2,0,4,1,0,4,2,1,1,4,0,2,1,4,1,0,1,2,1,1,4,2,2,2,4,1,4,4,4,2,1,3,1,2,0,4,2,2,1,4,0,4,3,2,4,4,4,2,2,4,1,4,4,1,1,1,1,4,2,1,4,1,1,4,4,4,4,2,1,1,4,4,0,4,2,1,3,2,2,2,4,2,4,1,1,4,2,2,3,4,2,1,2,4,4,2,4,1,0,4,2,4,2,2,4,1,4,1,4,4,1,2,2,2,2,4,1,4,4,0,4,1,4,4,2,4,4,1,1,3,4,2,1,4,0,0,0,4,0,1,1,0,4,1,4,4,2,1,4,1,4,4,4,4,1,0,1,4,4,2,2,4,3,1,1,4,1,4,0,4,2,4,4,2,4,3,1,0,2,4,1,1,1,4,3,4,4,4,0,4,4,4,0,0,2,4,4,4,3,1,4,2,4,1,1,3,2,3,3,0,2,0,3,2,4,3,1,2,0,4,3,2,3,4,2,2,2,0,2,4,2,4,1,2,4,4,4,1,3,4,4,4,4,4,1,2,2,0,2,2,3,4,2,4,4,4,4,1,4,2,0,1,2,4,1,2,4,4,4,4,1,0,2,1,3,2,4,0,4,4,1,4,4,1,4,1,0,4,3,2,1,1,1,3,2,4,1,4,1,2,0,4,4,4,2,4,4,4,4,4,3,4,2,2,4,0,2,0,4,2,1,4,4,1,3,2,2,2,1,4,2,2,2,4,2,4,0,1,2,4,3,4,2,2,3,4,0,4,2,0,4,4,0,1,2,3,2,2,3,0,2,3,4,2,0,2,2,4,4,2,4,2,4,4,4,2,0,2,2,4,1,0,1,4,3,1,0,2,4,4,2,4,0,1,0,1,2,0,4,2,4,4,1,2,4,2,4,2,4,2,2,0,0,0,4,4,4,4,2,4,4,4,2,4,4,0,0,4,2,0,4,4,4,2,3,3,3,2,3,0,3,1,4,4,4,2,2,0,3,4,1,2,4,4,2,2,4,0,4,2,3,2,0,2,0,0,4,1,4,4,4,4,2,0,3,1,0,3,3,1,2,4,4,4,4,2,1,2,2,3,3,2,4,4,1,4,2,2,2,3,4,3,3,2,2,0,4,2,0,3,3,0,0,2,4,3,2,3,2,1,2,3,2,2,0,0,2,4,1,1,1,0,3,2,2,4,3,3,2,0,1,2,1,2,2,0,4,3,4,4,0,2,3,3,4,0,3,3,2,3,3,4,1,4,4,2,4,4,4,4,3,2,4,0,4,0,2,4,4,1,4,4,2,4,4,0,1,4,3,0,1,4,2,4,4,3,2,4,2,1,2,2,4,3,2,0,0,1,2,2,2,2,3,3,3,4,3,0,2,2,3,4,4,4,0,2,4,1,4,4,4,2,3,3,4,2,3,0,1,2,2,2,0,2,4,4,3,4,1,4,4,1,4,4,1,3,0,2,0,1,3,3,1,2,4,4,4,2,4,4,3,1,2,2,4,3,3,4,2,1,4,0,0,4,4,2,4,0,3,2,1,2,3,4,2,3,2,0,0,1,3,4,3,4,0,0,3,3,3,4,2,4,2,2,3,2,1,3,4,3,3,4,4,1,2,3,4,1,4,2,0,0,0,3,4,3,2,4,4,4,0,0,4,2,4,2,4,2,3,4,4,3,1,2,1,4,4,1,2,4,4,1,4,1,3,4,4,1,2,4,4,2,4,4,0,4,4,0,4,4,1,4,4,4,1,4,4,4,4,2,2,2,0,2,2,0,1,3,2,2,4,4,1,2,1,4,4,1,1,0,2,0,4,1,4,4,2,4,2,3,4,0,1,3,1,4,4,4,1,1,2,2,4,4,0,3,3,0,0,4,1,4,2,3,2,0,2,4,1,4,4,4,3,4,4,3,3,2,4,1,0,2,2,1,0,2,0,4,2,1,2,1,3,0,2,2,2,2,2,1,1,2,2,1,2,1,1,2,2,4,4,4,2,3,1,1,4,1,4,1,2,4,1,1,2,1,4,4,2,2,2,4,4,2,4,2,0,4,3,2,0,1,2,2,2,4,1,2,1,2,1,2,2,0,3,2,2,0,4,0,4,3,0,1,0,4,4,1,4,4,0,4,3,0,3,4,2,2,0,3,3,0,1,4,4,0,4,2,1,1,1,1,3,2,1,4,2,2,2,4,4,1,4,2,4,4,4,2,3,3,4,1,2,4,3,3,4,4,0,1,2,3,3,4,2,4,3,4,1,4,4,2,0,2,2,4,4,0,4,3,1,4,4,3,2,1,3,4,0,0,2,1,4,2,2,2,0,0,1,4,4,2,3,2,0,0,2,1,1,4,2,3,0,1,4,2,4,3,3,1,1,0,2,0,1,0,4,3,0,4,0,4,4,1,0,2,0,0,0,1,4,1,4,4,4,1,1,0,1,2,4,2,0,4,0,2,4,4,3,2,0,3,1,4,4,1,2,1,2,4,0,2,2,4,2,4,3,2,4,0,4,3,2,4,1,0,4,4,4,1,3,4,2,3,2,1,4,2,4,1,4,4,0,4,4,4,1,2,4,3,4,2,4,4,4,0,2,4,4,0,1,1,3,0,0,4,3,4,3,2,2,4,0,4,1,2,4,1,2,3,2,2,2,4,2,3,2,2,3,4,2,4,4,4,3,0,4,4,4,1,1,0,4,4,4,4,3,2,0,4,2,1,4,4,2,2,4,2,2,2,4,0,2,0,4,2,2,2,4,2,2,4,4,0,2,2,4,3,0,4,3,0,0,0,4,4,0,3,4,4,4,3,2,0,3,3,2,2]",ok,
147,kmeans,5,0.3,0.5955174975305134,1,fused_2_medium,huang,"[191, 330, 472, 164, 642]",0.17331105668642902,0.007226236798221234,"[1,2,1,1,4,2,1,0,1,2,0,2,0,4,4,2,2,4,1,1,4,4,1,1,4,1,2,2,2,4,1,2,1,4,1,2,4,2,4,4,4,4,2,2,4,1,1,1,2,0,4,3,2,4,2,1,4,4,4,2,4,1,1,4,2,4,2,4,1,1,4,4,1,2,1,1,4,2,2,1,2,4,2,4,1,1,1,1,2,1,4,2,1,4,2,2,0,4,4,4,2,0,2,2,1,0,4,4,2,1,2,0,2,2,4,4,4,4,4,1,4,2,2,2,4,1,4,3,4,4,1,4,1,2,4,4,4,4,4,1,2,4,3,1,1,1,4,2,4,2,4,4,4,1,1,1,2,1,2,4,1,3,4,2,4,1,2,2,4,1,2,4,1,2,2,1,4,0,0,4,4,1,4,1,0,2,2,2,4,2,1,1,1,4,4,2,1,1,2,4,1,2,4,4,0,4,2,3,4,1,2,4,1,1,4,2,2,2,4,1,4,4,1,4,1,2,1,2,4,4,1,4,2,4,2,2,4,4,4,2,2,4,1,4,1,4,1,1,2,0,0,4,2,1,1,4,2,4,1,1,2,4,1,1,2,4,4,4,2,4,2,1,1,4,3,1,4,4,1,4,4,4,2,1,4,1,4,4,4,3,1,2,4,4,4,1,1,2,4,1,4,1,4,1,2,2,2,2,2,2,0,1,2,1,4,2,2,1,4,4,4,4,0,1,2,1,2,4,2,4,4,0,4,4,2,2,2,1,2,2,2,4,4,4,4,4,4,2,4,4,4,4,4,2,2,4,2,2,4,4,1,4,1,1,2,2,2,4,4,4,4,2,1,2,2,2,4,2,2,1,4,2,1,1,2,1,4,4,2,4,1,4,0,4,4,1,4,2,2,1,4,4,2,4,2,4,4,3,4,2,2,2,4,2,1,0,4,1,2,1,2,0,2,1,4,1,4,4,1,1,2,2,0,0,1,4,1,4,4,4,4,4,0,4,3,2,2,1,2,2,3,4,3,2,2,0,2,4,1,4,2,4,4,2,1,4,2,4,4,4,4,4,2,1,2,3,4,1,4,1,1,4,4,4,2,4,0,0,1,1,4,2,1,1,1,2,2,0,2,3,4,4,4,2,4,4,4,2,2,4,4,2,4,4,4,4,2,1,4,4,1,4,4,2,2,1,4,2,1,2,2,1,2,1,4,1,2,4,4,4,1,2,0,4,1,0,4,2,1,1,4,0,2,1,4,1,0,1,2,1,1,4,2,2,2,4,1,4,4,4,2,1,3,1,2,0,4,2,2,1,4,0,4,3,2,4,4,4,2,2,4,1,4,4,1,1,1,1,4,2,1,4,1,1,4,4,4,4,2,1,1,4,4,0,4,2,1,3,2,2,2,4,2,4,1,1,4,2,2,3,4,2,1,2,4,4,2,4,1,0,4,2,4,2,2,4,1,4,1,4,4,1,2,2,2,2,4,1,4,4,0,4,1,4,4,2,4,4,1,1,3,4,2,1,4,0,0,0,4,0,1,1,0,4,1,4,4,2,1,4,1,4,4,4,4,1,0,1,4,4,2,2,4,3,1,1,4,1,4,0,4,2,4,4,2,4,3,1,0,2,4,1,1,1,4,3,4,4,4,0,4,4,4,0,0,2,4,4,4,3,1,4,2,4,1,1,3,2,3,3,0,2,0,3,2,4,3,1,2,0,4,3,2,3,4,2,2,2,0,2,4,2,4,1,2,4,4,4,1,3,4,4,4,4,4,1,2,2,0,2,2,3,4,2,4,4,4,4,1,4,2,0,1,2,4,1,2,4,4,4,4,1,0,2,1,3,2,4,0,4,4,1,4,4,1,4,1,0,4,3,2,1,1,1,3,2,4,1,4,1,2,0,4,4,4,2,4,4,4,4,4,3,4,2,2,4,0,2,0,4,2,1,4,4,1,3,2,2,2,1,4,2,2,2,4,2,4,0,1,2,4,3,4,2,2,3,4,0,4,2,0,4,4,0,1,2,3,2,2,3,0,2,3,4,2,0,2,2,4,4,2,4,2,4,4,4,2,0,2,2,4,1,0,1,4,3,1,0,2,4,4,2,4,0,1,0,1,2,0,4,2,4,4,1,2,4,2,4,2,4,2,2,0,0,0,4,4,4,4,2,4,4,4,2,4,4,0,0,4,2,0,4,4,4,2,3,3,3,2,3,0,3,1,4,4,4,2,2,0,3,4,1,2,4,4,2,2,4,0,4,2,3,2,0,2,0,0,4,1,4,4,4,4,2,0,3,1,0,3,3,1,2,4,4,4,4,2,1,2,2,3,3,2,4,4,1,4,2,2,2,3,4,3,3,2,2,0,4,2,0,3,3,0,0,2,4,3,2,3,2,1,2,3,2,2,0,0,2,4,1,1,1,0,3,2,2,4,3,3,2,0,1,2,1,2,2,0,4,3,4,4,0,2,3,3,4,0,3,3,2,3,3,4,1,4,4,2,4,4,4,4,3,2,4,0,4,0,2,4,4,1,4,4,2,4,4,0,1,4,3,0,1,4,2,4,4,3,2,4,2,1,2,2,4,3,2,0,0,1,2,2,2,2,3,3,3,4,3,0,2,2,3,4,4,4,0,2,4,1,4,4,4,2,3,3,4,2,3,0,1,2,2,2,0,2,4,4,3,4,1,4,4,1,4,4,1,3,0,2,0,1,3,3,1,2,4,4,4,2,4,4,3,1,2,2,4,3,3,4,2,1,4,0,0,4,4,2,4,0,3,2,1,2,3,4,2,3,2,0,0,1,3,4,3,4,0,0,3,3,3,4,2,4,2,2,3,2,1,3,4,3,3,4,4,1,2,3,4,1,4,2,0,0,0,3,4,3,2,4,4,4,0,0,4,2,4,2,4,2,3,4,4,3,1,2,1,4,4,1,2,4,4,1,4,1,3,4,4,1,2,4,4,2,4,4,0,4,4,0,4,4,1,4,4,4,1,4,4,4,4,2,2,2,0,2,2,0,1,3,2,2,4,4,1,2,1,4,4,1,1,0,2,0,4,1,4,4,2,4,2,3,4,0,1,3,1,4,4,4,1,1,2,2,4,4,0,3,3,0,0,4,1,4,2,3,2,0,2,4,1,4,4,4,3,4,4,3,3,2,4,1,0,2,2,1,0,2,0,4,2,1,2,1,3,0,2,2,2,2,2,1,1,2,2,1,2,1,1,2,2,4,4,4,2,3,1,1,4,1,4,1,2,4,1,1,2,1,4,4,2,2,2,4,4,2,4,2,0,4,3,2,0,1,2,2,2,4,1,2,1,2,1,2,2,0,3,2,2,0,4,0,4,3,0,1,0,4,4,1,4,4,0,4,3,0,3,4,2,2,0,3,3,0,1,4,4,0,4,2,1,1,1,1,3,2,1,4,2,2,2,4,4,1,4,2,4,4,4,2,3,3,4,1,2,4,3,3,4,4,0,1,2,3,3,4,2,4,3,4,1,4,4,2,0,2,2,4,4,0,4,3,1,4,4,3,2,1,3,4,0,0,2,1,4,2,2,2,0,0,1,4,4,2,3,2,0,0,2,1,1,4,2,3,0,1,4,2,4,3,3,1,1,0,2,0,1,0,4,3,0,4,0,4,4,1,0,2,0,0,0,1,4,1,4,4,4,1,1,0,1,2,4,2,0,4,0,2,4,4,3,2,0,3,1,4,4,1,2,1,2,4,0,2,2,4,2,4,3,2,4,0,4,3,2,4,1,0,4,4,4,1,3,4,2,3,2,1,4,2,4,1,4,4,0,4,4,4,1,2,4,3,4,2,4,4,4,0,2,4,4,0,1,1,3,0,0,4,3,4,3,2,2,4,0,4,1,2,4,1,2,3,2,2,2,4,2,3,2,2,3,4,2,4,4,4,3,0,4,4,4,1,1,0,4,4,4,4,3,2,0,4,2,1,4,4,2,2,4,2,2,2,4,0,2,0,4,2,2,2,4,2,2,4,4,0,2,2,4,3,0,4,3,0,0,0,4,4,0,3,4,4,4,3,2,0,3,3,2,2]",ok,
148,kmeans,5,0.25,0.6900401691755051,2,"fused_2_medium, fused_2_high",cao,"[645, 333, 474, 183, 164]",0.13775336543659056,0.0044469149527515284,"[1,0,1,1,0,2,1,3,1,2,3,2,3,0,0,1,2,0,1,1,0,0,1,1,0,1,2,2,2,0,1,2,1,0,1,2,0,2,0,0,0,0,2,2,0,1,1,1,2,3,0,4,2,0,2,1,0,0,0,2,0,1,1,0,2,0,2,0,1,1,0,0,1,2,1,1,0,2,2,1,2,0,2,0,1,1,1,1,2,1,0,2,1,0,2,2,3,0,0,0,2,3,2,2,1,3,0,0,2,1,2,2,2,2,0,0,0,0,0,1,0,2,2,2,0,1,0,4,0,0,1,0,1,2,0,0,0,0,0,1,2,0,4,1,1,1,0,2,0,2,0,0,0,1,1,1,2,1,2,0,1,4,0,2,0,1,2,2,0,1,2,0,1,2,2,1,0,3,3,0,0,1,0,1,3,2,2,2,0,2,1,1,1,0,0,2,1,1,2,0,1,2,0,0,3,0,2,4,0,1,2,0,1,1,0,2,2,2,0,1,0,0,1,0,1,2,1,2,0,0,1,0,2,0,2,2,0,0,0,2,2,0,1,0,1,0,1,1,2,3,3,0,2,1,1,0,2,0,1,1,2,0,1,1,2,0,0,0,2,0,2,1,1,0,4,1,0,0,1,0,0,0,2,1,0,1,0,0,0,4,1,2,0,0,0,1,1,2,0,1,0,1,0,1,2,2,2,2,2,2,3,1,2,1,0,2,2,1,0,0,0,0,3,1,2,1,2,0,2,0,0,3,0,0,2,3,2,1,2,2,2,0,0,0,0,0,0,2,0,0,0,0,0,1,2,0,2,2,0,0,1,0,1,1,2,2,2,0,0,0,0,2,1,2,2,2,0,2,2,1,0,2,1,1,2,1,0,0,2,0,1,0,3,0,0,1,0,2,2,1,0,0,2,0,2,0,0,4,0,2,2,2,0,2,1,3,0,1,2,1,2,3,2,1,0,1,0,0,1,1,2,2,3,3,1,0,1,0,0,0,0,0,3,0,4,2,2,1,2,2,4,0,4,2,2,3,2,0,1,0,2,0,0,2,1,0,2,0,0,0,0,0,2,1,2,4,0,1,0,1,1,0,0,0,2,0,3,3,1,1,0,2,1,1,1,2,2,3,2,4,0,0,0,2,0,0,0,2,2,0,0,2,0,0,0,0,2,1,0,0,1,0,0,2,2,1,0,2,1,2,2,1,2,1,0,1,2,0,0,0,1,2,3,0,1,3,0,2,1,1,0,3,2,1,0,1,3,1,2,1,1,0,2,2,2,0,1,0,0,0,2,1,4,1,2,3,0,2,2,1,0,3,0,4,2,0,0,0,2,2,0,1,0,0,1,1,1,1,0,2,1,0,1,1,0,0,0,0,2,1,1,0,0,3,0,2,1,4,2,2,2,0,2,0,1,1,0,2,2,4,0,2,1,2,0,0,2,0,1,3,0,2,0,2,2,0,1,0,1,0,0,1,2,2,2,2,0,1,0,0,3,0,1,0,0,2,0,0,1,1,4,0,2,1,0,3,2,3,0,3,1,1,3,0,1,0,0,2,1,0,1,0,0,0,0,1,3,1,0,0,2,2,0,4,1,1,0,1,0,3,0,2,0,0,2,0,4,1,3,2,0,1,1,1,0,4,0,0,0,3,0,0,0,3,3,2,0,0,0,4,1,0,2,0,1,1,4,2,4,4,2,2,3,4,2,0,4,1,2,3,0,4,2,4,0,2,2,2,2,2,0,2,0,1,2,0,0,0,1,4,0,0,0,0,0,1,2,2,3,2,2,4,0,2,0,0,0,0,1,0,2,3,1,2,0,1,2,0,0,0,0,1,3,2,1,4,2,0,3,0,0,1,0,0,1,0,1,3,0,4,2,1,1,1,4,2,0,1,0,1,2,3,0,0,0,2,0,0,0,0,0,4,0,2,2,0,3,2,3,0,2,1,0,0,1,4,2,2,2,1,0,2,2,2,0,2,0,3,1,2,0,4,0,2,2,4,0,3,0,2,3,0,0,3,1,2,4,2,0,4,3,2,4,0,2,3,2,2,0,0,2,0,2,0,0,0,2,3,2,2,0,1,3,1,0,4,1,3,2,0,0,2,0,3,1,3,1,2,3,0,2,0,0,1,2,0,2,0,2,0,2,2,3,2,2,0,0,0,0,2,0,0,0,2,0,0,3,3,0,2,3,0,0,0,2,4,4,4,2,4,3,4,1,0,0,0,2,2,3,4,0,1,2,0,0,2,2,0,3,0,2,4,2,3,2,3,3,0,1,0,0,0,0,2,3,4,1,3,4,4,1,2,0,0,0,0,2,1,2,2,4,4,2,0,0,1,0,2,2,2,4,0,4,4,2,3,3,0,2,3,4,4,3,3,2,0,4,2,4,2,1,2,4,2,2,2,3,2,0,1,1,1,3,4,2,2,0,4,4,2,3,1,2,1,2,2,3,0,4,0,0,3,2,4,4,0,3,4,4,2,4,4,0,1,0,0,2,0,0,0,0,4,2,0,3,0,3,2,0,0,1,0,0,2,0,0,3,1,0,4,3,1,0,2,0,0,4,2,0,2,1,2,2,0,4,2,2,3,1,2,2,2,2,4,4,4,0,4,3,2,2,4,0,0,0,3,2,0,1,0,0,0,2,4,4,0,2,4,3,1,2,2,2,3,2,0,0,4,0,1,0,0,1,0,0,1,4,3,2,3,1,4,4,1,2,0,0,0,2,0,0,4,1,2,2,0,4,4,0,2,1,0,3,3,0,0,2,0,3,4,2,1,2,4,0,2,4,2,3,3,1,4,0,4,0,2,3,4,4,4,0,2,0,2,2,4,2,1,4,0,4,4,0,0,1,2,4,0,1,0,2,3,3,3,4,0,4,2,0,0,0,3,3,0,2,0,2,0,2,4,0,0,4,1,2,1,0,0,1,2,0,0,1,0,1,4,0,0,1,2,0,0,2,0,0,3,0,2,3,0,0,1,0,0,0,1,0,0,0,0,2,2,2,3,2,2,3,1,4,2,2,0,0,1,2,1,0,0,1,1,3,2,3,0,1,0,0,2,0,2,4,0,3,1,4,1,0,0,0,1,1,2,2,0,0,3,4,4,3,3,0,1,0,2,4,2,3,2,0,1,0,0,0,4,0,0,4,4,2,0,1,3,2,2,1,3,2,3,0,2,1,2,1,4,3,2,2,2,2,2,1,1,2,2,1,2,1,1,2,2,0,0,0,2,4,1,1,0,1,0,1,2,0,1,1,2,1,0,0,1,2,2,0,0,2,0,2,3,0,4,2,3,1,2,2,2,0,1,2,1,2,1,2,2,3,4,2,2,3,0,3,0,4,3,1,3,0,0,1,0,0,3,0,4,3,4,0,2,2,3,4,4,3,1,0,0,3,0,2,1,1,1,1,4,2,1,0,2,2,2,0,0,1,0,2,0,0,0,2,4,4,0,1,2,0,4,4,0,0,3,1,0,4,4,0,2,0,4,0,1,0,0,2,3,2,2,0,0,3,0,4,1,0,0,4,2,1,4,0,3,3,2,1,0,2,2,2,3,3,1,0,0,2,4,2,3,3,2,1,1,0,2,4,3,1,0,2,0,4,4,1,1,3,2,3,1,3,0,4,2,0,3,0,0,1,3,2,3,3,3,1,0,1,0,0,0,1,1,3,1,2,0,2,3,0,3,2,0,0,4,2,2,4,1,0,0,1,2,1,2,0,3,2,2,0,2,0,4,2,0,3,0,4,2,0,1,3,0,0,0,1,4,0,2,4,2,1,0,2,0,1,0,0,3,0,0,0,1,2,0,4,0,2,0,0,0,3,2,0,0,3,1,1,4,3,2,0,4,0,4,2,2,0,3,0,1,2,0,1,2,4,2,2,2,0,2,4,2,2,4,0,2,0,0,0,4,3,0,0,0,1,1,3,0,0,0,0,4,2,3,0,2,1,0,0,2,2,0,2,2,3,0,3,2,3,0,2,2,0,0,2,2,0,0,3,2,2,0,4,3,0,4,3,3,3,0,0,3,4,0,0,0,4,2,3,4,4,3,2]",ok,
149,kmeans,5,0.2,0.6209604977651858,2,"fused_2_high, fused_2_medium+fused_4_veryhigh",cao,"[402, 499, 164, 551, 183]",0.18532374533366414,0.01500833796553641,"[3,3,3,3,3,1,3,4,3,1,4,1,4,0,0,3,1,0,3,3,0,0,3,3,0,3,1,1,1,3,3,1,3,0,3,1,0,1,0,0,0,3,1,1,0,3,3,3,1,4,3,2,1,3,1,3,0,0,0,1,0,3,3,0,1,0,1,3,3,3,0,0,3,1,3,3,0,1,1,3,1,0,1,0,3,3,3,3,1,3,0,1,3,0,1,1,4,0,3,0,1,4,1,1,3,4,3,0,1,3,1,1,1,1,0,0,3,0,3,3,0,1,1,1,0,3,0,2,0,0,3,0,3,1,0,3,0,0,0,3,1,0,2,3,3,3,0,1,0,1,3,3,0,3,3,3,1,3,1,3,3,2,3,1,3,3,1,1,3,3,1,0,3,1,1,3,3,4,4,3,0,3,0,3,4,1,1,1,0,1,3,3,3,0,3,1,3,3,1,3,3,1,0,0,4,3,1,2,1,3,1,0,3,3,0,1,1,1,0,3,3,0,3,0,3,1,3,1,3,0,3,1,1,3,1,1,0,3,3,1,1,3,3,0,3,0,3,3,1,4,4,0,1,3,3,0,1,0,3,3,1,3,3,3,1,0,0,0,1,1,1,3,3,1,2,3,0,0,3,1,3,0,1,3,3,3,0,3,0,2,3,1,0,0,0,3,3,1,0,3,3,3,3,3,1,1,1,1,1,1,4,3,1,3,0,1,1,3,3,0,0,0,4,3,1,3,1,0,1,0,3,4,3,0,1,4,1,3,1,1,1,3,0,0,3,3,0,1,3,1,0,0,3,3,1,0,1,1,0,1,3,0,3,3,1,1,1,3,1,0,0,1,3,1,1,1,0,1,1,3,0,1,3,3,1,3,3,3,1,3,3,0,4,0,0,3,3,1,1,3,0,0,1,3,1,1,0,2,0,1,1,1,3,1,3,4,0,3,1,3,1,4,1,3,3,3,3,0,3,3,1,1,4,4,3,0,3,3,0,0,0,0,4,0,2,1,1,3,1,1,2,3,2,1,1,4,1,3,3,3,1,0,0,1,3,0,1,0,0,0,0,0,1,3,1,2,3,3,3,3,3,0,0,0,1,0,4,4,3,3,0,1,3,3,3,1,1,4,1,2,0,3,0,1,0,0,0,1,1,1,0,1,0,0,0,0,1,3,0,3,3,0,0,1,1,3,3,1,3,1,1,3,1,3,1,3,1,0,3,3,3,1,4,3,3,4,3,1,3,3,0,4,1,3,0,3,4,3,1,3,3,3,1,1,1,3,3,0,0,0,1,3,2,3,1,4,0,1,1,3,0,4,0,2,1,0,0,0,1,1,0,3,0,0,3,3,3,3,0,1,3,0,3,3,3,0,0,0,1,3,3,0,0,4,0,1,3,2,1,1,1,0,1,3,3,3,0,1,1,2,0,1,3,1,0,3,1,0,3,4,0,1,0,1,1,0,3,0,3,0,0,3,1,1,1,1,0,3,3,3,4,3,3,0,1,1,0,0,3,3,2,0,1,3,0,4,1,4,0,4,3,3,4,0,3,0,3,1,3,0,3,3,0,0,3,3,4,3,0,3,1,1,3,2,3,3,3,3,0,4,0,1,1,0,1,0,2,3,4,1,0,3,3,3,0,2,3,0,3,4,0,3,0,4,4,1,0,0,0,2,3,3,1,0,3,3,2,1,2,2,1,1,4,2,1,0,2,3,1,4,0,2,1,2,0,1,1,1,1,1,1,1,0,3,1,3,3,0,3,2,3,0,3,0,0,3,1,1,4,1,1,2,0,1,3,0,0,0,3,3,1,4,3,1,3,3,1,0,3,0,1,3,4,1,3,2,1,0,4,0,0,3,0,0,3,0,3,4,3,2,1,3,3,3,2,1,0,3,3,3,1,4,0,0,0,1,0,3,0,0,3,2,0,1,1,0,4,1,4,3,1,3,0,3,3,2,1,1,1,3,0,1,1,1,0,1,0,4,3,1,0,2,3,1,1,2,3,4,0,1,4,0,0,4,3,1,2,1,3,2,4,1,2,0,1,4,1,1,0,0,1,3,1,0,0,3,1,4,1,1,0,3,4,3,0,2,3,4,1,0,0,1,3,4,3,4,3,1,4,0,1,3,0,3,1,0,1,3,1,0,1,1,4,1,1,0,3,3,0,1,0,0,3,1,0,0,4,4,0,1,4,3,0,3,1,2,2,2,1,2,4,2,3,0,3,3,1,1,4,2,3,3,1,0,0,1,1,0,4,0,1,2,1,4,1,4,4,3,3,0,0,1,0,1,4,2,3,4,2,2,3,1,0,0,0,3,1,3,1,1,2,2,1,3,0,3,3,1,1,1,2,1,2,2,1,4,4,0,1,4,2,2,4,4,1,0,2,1,2,1,3,1,2,1,1,1,4,1,0,3,3,3,4,2,1,1,3,2,2,1,4,3,1,3,1,1,4,3,2,0,3,4,1,2,2,0,4,2,2,1,2,2,0,3,0,0,1,0,3,0,3,2,1,0,4,0,4,1,3,0,3,0,3,1,3,0,4,3,0,2,4,3,0,1,0,0,2,1,0,1,3,1,1,0,2,1,1,4,3,1,1,1,1,2,2,2,3,2,4,1,1,2,0,3,1,4,1,3,3,0,0,3,1,2,2,3,1,2,4,3,1,1,1,4,1,3,3,2,3,3,3,3,3,0,3,3,2,4,1,4,3,2,2,3,1,0,0,0,1,0,0,2,3,1,1,0,2,2,3,1,3,0,4,4,0,0,1,3,4,2,1,3,1,2,3,1,2,1,4,4,3,2,1,2,0,1,4,2,2,2,3,1,0,1,1,2,1,3,2,0,2,2,1,3,3,1,2,3,3,0,1,4,4,4,2,3,2,1,3,3,3,4,4,3,1,0,1,0,1,2,3,0,2,3,1,3,0,3,3,1,0,0,3,3,3,2,3,3,3,1,1,0,1,3,0,4,1,1,4,0,0,3,0,0,3,3,3,0,0,3,1,1,1,4,1,1,4,3,2,1,1,0,0,3,1,3,0,3,3,3,4,1,4,0,3,0,0,1,0,1,2,0,4,3,2,3,3,0,0,3,3,1,1,3,0,4,2,2,4,4,0,3,0,1,2,1,4,1,3,3,3,0,0,2,3,0,2,2,1,0,3,4,1,1,3,4,1,4,0,1,3,1,3,2,4,1,1,1,1,1,3,3,1,1,3,1,3,3,1,1,3,0,0,1,2,3,3,0,3,0,3,1,0,3,3,1,3,1,3,3,1,1,0,3,1,0,1,4,3,2,1,4,3,1,1,1,0,3,1,3,1,3,1,1,4,2,1,1,4,0,4,0,2,4,3,4,3,3,3,3,0,4,0,2,4,2,3,1,1,4,2,2,4,3,3,0,4,0,1,3,3,3,3,2,1,3,0,1,1,1,0,0,3,3,1,0,0,0,1,2,2,1,3,1,3,2,2,3,0,4,3,3,2,2,0,1,3,2,3,3,3,0,1,4,1,1,3,0,4,0,2,3,0,3,2,1,3,2,0,4,4,1,3,0,1,1,1,4,4,3,3,3,1,2,1,4,4,1,3,3,0,1,2,4,3,3,1,3,2,2,3,3,4,1,4,3,4,0,2,1,3,4,0,3,3,4,1,4,4,4,3,0,3,3,3,0,3,3,4,3,1,0,1,4,3,4,1,3,0,2,1,1,2,3,3,0,3,1,3,1,3,4,1,1,0,1,3,2,1,3,4,3,2,1,0,3,4,0,3,0,3,2,3,1,2,1,3,0,1,3,3,0,3,4,0,3,0,3,1,0,2,1,1,3,3,0,4,1,3,3,4,3,3,2,4,1,0,2,0,2,1,1,0,4,0,3,1,0,3,1,2,1,1,1,0,1,2,1,1,2,3,1,3,0,3,2,4,0,0,0,3,3,4,3,0,3,0,2,1,4,0,1,3,3,3,1,1,0,1,1,4,0,4,1,4,0,1,1,3,0,1,1,0,3,4,1,1,0,2,4,3,2,4,4,4,3,3,4,2,3,3,0,2,1,4,2,2,4,1]",ok,
150,kmeans,5,0.15,0.5892587081166613,4,"fused_2_medium+fused_4_veryhigh, fused_2_veryhigh, fused_3_low, fused_3_verylow",huang,"[328, 286, 383, 371, 431]",0.23963694265864055,0.030572540300166758,"[4,1,4,4,2,1,4,0,4,2,0,2,0,3,3,2,1,3,4,4,3,3,4,4,3,4,1,1,2,2,4,1,4,3,4,2,3,2,3,3,3,2,1,2,3,4,4,4,1,0,2,0,1,2,2,4,3,3,2,2,3,4,4,3,2,3,1,2,4,4,3,3,4,2,4,4,3,1,1,4,1,3,2,3,4,4,4,4,2,4,3,1,4,3,1,2,0,3,2,3,2,0,1,1,4,0,4,3,1,4,1,2,1,1,3,3,2,2,4,4,3,1,2,1,3,4,3,0,3,3,4,3,4,2,3,4,3,3,3,4,1,3,0,4,4,4,2,2,3,1,2,4,3,4,4,4,1,4,1,4,4,0,2,1,4,4,2,1,4,4,2,3,4,2,1,4,2,2,0,2,3,4,3,4,0,1,1,1,3,2,4,4,4,2,2,2,4,4,1,4,4,1,3,2,0,4,2,0,2,4,2,3,4,4,3,2,1,1,3,4,4,3,4,3,4,2,4,2,2,3,4,1,2,2,1,1,3,2,2,2,1,4,4,2,4,3,4,4,2,0,0,3,1,4,4,3,2,2,4,4,2,2,4,4,2,3,3,3,2,2,1,4,4,1,0,4,3,3,4,1,2,3,2,4,2,4,3,2,3,0,4,2,3,3,3,4,4,2,3,4,2,2,4,4,2,1,2,1,2,1,0,4,2,4,3,2,1,4,4,3,3,3,0,4,2,4,2,3,2,3,4,0,4,3,2,1,2,4,1,1,1,3,3,3,2,4,3,2,2,1,3,3,2,2,1,3,1,2,3,1,4,3,4,4,2,2,1,4,1,3,3,2,4,1,2,1,3,2,2,4,3,1,4,4,2,4,2,4,1,2,4,3,0,3,2,4,2,1,1,4,3,3,1,4,1,1,3,0,3,2,2,2,4,1,4,0,3,4,2,4,2,0,1,4,2,4,4,3,4,4,1,2,0,0,4,3,4,2,3,2,3,1,0,3,0,2,2,4,2,2,0,2,0,1,1,0,1,2,4,4,2,3,2,1,4,3,1,3,3,3,3,3,2,4,1,0,2,4,2,4,4,3,3,3,1,3,0,0,4,4,2,2,4,4,4,2,2,0,2,0,3,4,3,1,3,3,1,1,2,1,3,1,3,3,3,3,2,4,3,2,4,3,3,2,1,4,2,1,4,2,2,4,2,4,2,4,2,3,1,4,4,2,0,4,4,0,3,1,4,4,3,0,1,4,2,4,0,4,2,4,4,4,1,2,1,2,4,3,3,1,2,4,0,4,2,0,3,2,1,4,3,0,3,0,2,3,3,3,1,1,3,4,2,3,4,4,4,4,3,2,4,3,4,4,2,3,3,3,1,4,4,3,3,0,3,2,4,0,2,2,2,3,2,4,4,4,3,1,1,0,3,1,4,1,3,2,2,3,4,0,3,2,3,1,2,3,4,3,4,3,2,4,1,1,1,1,2,4,4,4,0,2,4,3,1,2,3,3,4,4,0,3,1,4,3,2,2,0,2,0,4,4,0,3,4,3,4,2,4,3,4,4,3,3,4,4,0,4,3,4,2,1,4,0,4,4,4,2,3,0,3,2,1,3,2,3,0,4,1,2,3,4,4,4,3,0,4,3,2,0,3,2,3,0,0,2,3,3,3,0,4,4,2,3,4,4,0,1,0,0,2,2,1,0,2,3,0,4,2,0,3,0,1,0,3,1,1,1,2,2,1,2,3,4,1,4,4,3,4,0,4,3,1,3,3,4,1,1,0,2,2,0,3,2,2,3,3,3,4,4,1,0,4,2,4,4,1,3,2,2,1,4,0,1,4,0,1,3,0,3,3,4,3,3,4,3,2,0,4,0,1,4,4,4,0,1,3,4,2,4,2,0,3,3,3,2,3,2,3,3,4,0,3,1,2,3,0,2,0,4,2,4,3,4,4,0,2,2,2,4,3,2,1,1,3,2,2,0,4,1,1,0,4,1,1,0,4,1,3,2,2,2,3,0,4,2,0,1,1,0,0,1,0,3,1,0,1,1,3,3,2,4,1,3,3,4,1,0,2,1,3,4,0,4,3,0,4,2,2,3,3,2,4,0,4,0,4,2,0,3,1,1,3,4,2,3,1,4,1,3,2,2,0,2,2,3,2,4,3,2,3,3,2,1,2,3,0,0,3,2,0,4,3,2,2,0,0,0,2,0,0,0,4,3,4,2,1,1,0,0,2,4,2,1,3,1,1,3,0,3,2,0,1,1,1,1,0,4,4,3,3,2,3,2,0,0,4,0,0,0,4,1,3,3,3,4,2,4,1,2,0,0,2,2,3,4,3,2,1,2,0,1,0,0,2,1,0,3,1,0,0,0,0,0,2,3,0,2,0,1,4,1,0,1,1,1,0,1,3,4,4,4,1,0,1,3,4,0,0,1,0,4,1,4,1,1,0,2,0,3,2,0,1,0,0,3,0,0,0,1,0,0,3,4,3,3,1,3,4,1,2,0,1,3,0,3,0,1,1,3,1,3,2,2,4,3,0,4,3,0,0,4,3,2,3,3,0,2,3,2,4,2,2,3,0,2,2,0,4,1,2,1,2,0,0,0,2,0,0,1,2,0,3,2,1,1,1,4,4,2,3,4,2,0,0,4,2,0,0,4,2,2,1,0,1,4,4,0,4,4,4,2,4,3,4,4,0,0,1,0,4,0,0,4,2,3,3,3,2,3,3,0,4,2,2,3,0,0,4,2,4,3,0,0,3,3,1,4,2,0,2,4,1,0,4,1,0,1,0,0,4,0,2,0,3,2,0,0,0,0,4,1,2,2,1,0,2,4,0,3,0,0,1,4,4,2,0,2,4,3,1,0,0,0,0,2,0,1,1,4,2,0,0,4,1,3,2,3,1,0,4,2,0,4,1,4,1,2,4,1,3,3,4,4,4,0,4,2,4,1,1,3,1,2,3,0,1,3,0,3,3,4,3,3,1,4,4,3,3,2,1,1,1,0,2,2,0,4,0,1,1,2,3,4,1,4,3,2,4,4,0,1,0,3,4,3,3,2,3,1,0,3,0,4,0,4,3,3,3,4,4,2,2,4,3,0,0,0,0,0,3,4,3,2,0,2,0,1,4,4,2,3,3,0,2,1,0,0,2,3,4,0,2,2,4,1,1,0,3,2,4,1,4,0,0,2,2,2,1,1,4,4,2,1,4,1,4,2,2,2,4,3,2,2,0,4,4,3,4,3,4,2,3,4,4,2,4,1,2,2,1,2,2,2,1,3,1,0,4,0,2,0,4,1,2,1,3,4,1,4,2,4,2,2,0,0,2,1,0,3,0,3,0,0,4,0,1,4,4,4,3,0,3,0,0,0,2,1,1,0,0,0,0,4,2,3,0,3,1,4,4,4,4,0,2,4,3,1,2,1,3,3,4,2,2,3,3,3,1,0,0,2,4,1,4,0,0,2,3,0,4,1,0,0,3,2,4,0,2,4,2,3,2,0,1,2,4,3,0,3,0,4,3,2,0,2,4,0,3,0,0,2,4,3,2,1,2,0,0,4,1,4,1,0,1,0,0,1,4,4,3,2,0,0,4,4,1,4,0,0,4,4,0,1,0,4,0,2,0,2,2,0,3,1,4,0,1,2,0,0,4,3,4,2,2,3,4,4,0,4,2,3,1,2,4,0,2,4,3,0,1,1,0,4,2,3,4,1,4,1,4,0,1,1,3,1,2,0,2,2,0,4,0,1,3,4,0,3,4,3,4,0,2,1,0,2,4,3,2,2,4,3,4,0,3,2,3,4,1,3,0,2,1,2,4,3,0,2,2,2,0,4,4,0,0,2,3,0,3,0,2,2,3,0,3,4,2,3,2,1,0,1,2,2,3,1,0,1,1,0,4,1,4,3,2,0,0,3,3,3,4,4,0,4,3,4,3,0,1,0,2,2,4,4,4,2,1,3,2,2,1,3,0,1,0,3,1,1,1,3,2,1,1,2,0,2,2,3,0,0,2,0,0,0,0,4,4,0,0,4,2,3,0,2,0,0,0,1,2]",ok,
151,kmeans,5,0.1,0.5627779874363228,2,"fused_2_medium+fused_5_verylow, fused_2_medium+fused_4_veryhigh+fused_5_low",huang,"[579, 350, 317, 327, 226]",0.20306652508576561,0.01556420233463035,"[1,0,1,1,0,0,1,3,1,0,3,0,3,4,4,0,0,4,1,1,4,4,1,1,4,1,0,0,0,2,1,0,1,2,1,0,4,0,4,2,4,2,0,0,4,1,1,1,0,3,2,3,0,0,0,1,4,4,4,0,4,1,1,4,0,4,0,0,1,1,2,4,1,0,1,1,4,0,0,1,0,4,0,4,1,1,1,1,0,1,4,0,1,4,0,0,3,2,2,2,0,3,0,0,1,3,2,4,0,1,0,0,0,0,4,4,2,4,2,1,4,0,0,0,4,1,4,3,2,4,1,4,1,0,4,2,4,4,2,1,0,2,3,1,1,1,4,0,4,0,0,2,2,1,1,1,0,1,0,1,1,3,2,0,1,1,0,0,2,1,0,4,1,0,0,1,2,0,3,2,2,1,4,1,3,0,0,0,4,0,1,1,1,0,0,0,1,1,0,2,1,0,2,0,3,2,0,3,0,1,0,4,1,1,4,0,0,0,2,1,0,4,1,1,1,0,1,0,2,4,1,2,0,2,0,0,4,0,0,0,0,2,1,4,1,4,1,1,0,3,3,4,0,1,1,4,0,4,1,1,0,2,1,1,0,4,4,2,0,2,0,1,1,2,3,1,2,2,1,2,2,4,0,1,0,1,2,0,4,3,1,0,2,2,2,1,1,0,4,1,0,1,2,1,0,0,0,0,0,0,3,1,0,1,4,0,0,1,0,4,4,1,3,1,0,1,0,1,0,2,2,3,0,2,0,0,0,1,0,0,0,2,4,4,2,2,4,0,2,0,4,2,2,0,0,4,0,0,2,2,1,4,1,1,0,0,0,2,2,2,4,0,1,0,0,0,2,0,0,1,2,0,1,1,0,1,0,2,0,2,1,4,3,4,4,1,2,0,0,1,4,4,0,2,0,2,2,3,4,0,0,0,2,0,1,3,4,1,0,1,0,3,0,1,2,1,2,2,1,1,0,0,3,3,1,4,1,0,2,4,2,4,3,4,3,0,0,1,0,0,3,2,3,0,0,3,0,2,1,2,0,2,4,0,1,2,0,2,4,4,4,4,0,1,0,3,0,1,2,1,1,4,4,2,0,4,3,3,1,1,4,0,1,1,1,0,0,3,0,3,4,2,4,0,4,4,2,0,0,0,4,0,4,2,4,1,0,1,4,2,1,2,4,0,0,1,2,0,1,0,0,1,0,1,0,1,0,2,0,0,1,0,3,0,1,3,2,0,1,1,4,3,0,1,0,1,3,1,0,1,1,0,0,0,0,2,1,4,4,4,0,1,3,1,0,3,4,0,0,1,2,3,4,3,0,2,1,4,0,0,4,1,4,2,1,1,1,1,4,0,1,2,1,1,0,4,4,4,0,1,1,4,4,3,4,0,1,3,0,0,0,4,0,2,1,1,1,0,0,3,2,0,1,0,4,0,0,2,1,3,2,0,2,0,0,2,1,1,1,2,4,1,0,0,0,0,4,1,0,2,3,2,1,4,0,0,2,2,1,1,3,4,0,1,4,0,0,3,0,3,1,1,3,2,1,4,2,0,1,4,1,2,4,4,2,1,3,1,2,2,0,0,2,3,1,1,2,1,2,3,1,0,0,4,0,4,3,1,0,0,4,1,1,1,4,3,2,4,2,3,4,2,2,3,3,0,4,4,4,3,1,2,0,4,1,1,3,0,3,3,0,0,0,3,0,4,3,1,0,3,2,3,0,3,2,0,0,0,0,0,0,0,4,1,0,0,2,2,1,3,2,2,2,4,4,1,0,0,3,0,0,3,4,0,0,1,2,4,1,2,0,3,1,0,0,1,0,1,2,2,2,1,3,0,1,3,0,2,3,2,4,1,2,2,1,4,1,3,2,3,0,1,1,1,3,0,2,1,2,1,0,3,4,4,2,0,2,0,2,4,2,3,2,0,0,4,3,0,3,2,0,1,2,2,1,3,0,0,0,1,4,0,0,0,4,0,4,3,1,0,2,3,2,0,0,3,2,0,4,0,0,0,4,3,1,0,3,0,0,3,3,0,3,4,0,3,0,0,4,2,0,2,0,2,2,0,0,3,0,0,2,1,3,1,2,3,1,0,0,4,2,0,2,3,1,3,1,0,3,2,0,2,2,1,0,0,0,2,0,4,0,0,3,0,0,4,2,1,2,0,4,4,0,0,4,4,3,3,2,0,3,2,2,0,0,3,3,3,0,3,3,3,1,2,2,0,0,0,3,3,2,1,0,2,4,0,0,4,3,4,0,3,0,0,0,0,3,2,1,4,2,0,4,0,3,3,1,3,3,3,1,0,4,2,2,2,0,1,0,0,3,3,0,2,4,1,2,0,0,0,3,2,3,3,0,0,3,4,0,3,3,3,3,3,0,0,3,0,3,0,1,0,3,0,0,0,3,0,4,1,1,1,0,3,0,0,2,3,3,0,3,1,0,1,0,0,3,0,3,4,2,3,0,3,3,4,3,3,3,0,3,3,2,1,2,2,0,4,2,0,2,3,0,2,3,1,3,0,2,2,1,2,0,0,2,4,3,1,2,3,3,1,2,0,2,4,3,0,4,0,1,0,0,4,3,0,0,3,1,0,0,0,0,3,3,3,0,3,3,0,0,3,2,2,2,0,0,2,1,2,1,1,0,3,3,2,0,3,3,1,0,0,0,3,0,2,0,3,0,1,2,2,1,4,2,1,3,3,0,3,1,3,3,1,0,2,4,4,0,2,4,3,1,0,0,4,3,3,2,0,1,2,3,3,2,4,0,2,0,3,0,1,0,3,2,0,3,0,3,3,1,3,0,3,4,0,3,3,3,3,2,0,2,0,0,3,0,1,3,2,3,3,2,2,1,0,3,2,1,2,0,3,3,3,3,2,3,0,2,2,2,3,3,2,0,4,0,2,0,3,1,4,3,1,0,1,2,0,1,0,4,4,1,2,1,3,2,0,1,0,0,2,0,2,4,3,2,2,3,4,4,1,4,4,2,1,2,4,1,0,0,0,0,3,0,0,3,1,3,0,0,4,4,1,0,1,2,2,1,1,3,0,3,4,1,4,2,0,4,0,3,2,3,1,3,1,2,2,2,1,1,0,0,2,2,3,3,3,3,3,4,1,2,0,3,0,3,0,2,1,2,4,2,3,2,0,3,3,0,2,1,3,0,0,1,0,0,3,2,0,1,0,1,3,3,0,0,0,0,0,1,1,0,0,1,0,1,1,0,0,2,2,4,0,3,1,1,2,1,2,1,0,4,1,1,0,1,2,2,0,0,0,0,2,0,2,0,3,2,3,0,3,1,0,0,0,2,1,0,1,0,1,0,0,3,3,0,0,3,4,3,4,3,3,1,3,2,2,1,2,4,3,2,3,3,3,2,0,0,3,3,3,3,1,2,2,3,2,0,1,1,1,1,3,0,1,4,0,0,0,0,4,1,2,0,4,2,2,0,3,3,0,1,0,0,3,3,2,2,3,1,0,3,3,2,0,2,3,2,1,0,4,0,3,0,0,2,4,3,2,3,1,4,2,3,0,1,3,4,3,3,0,1,4,0,0,0,3,3,1,0,2,0,3,0,3,3,0,1,1,2,0,3,3,1,2,0,2,3,3,1,1,3,0,3,1,3,4,3,0,2,3,4,0,1,3,0,0,3,3,1,2,1,2,2,2,1,1,3,1,0,2,0,0,0,3,0,1,4,3,0,0,3,1,2,4,1,0,1,0,2,3,0,0,2,0,0,3,0,2,3,2,3,0,2,1,3,2,0,2,1,3,2,0,3,0,1,2,0,2,1,2,2,3,4,2,4,1,0,4,3,0,0,0,2,4,3,0,0,2,3,1,1,3,3,0,2,3,4,3,0,0,2,3,4,1,0,2,1,0,3,0,0,0,4,0,3,0,0,3,0,0,0,2,2,3,3,4,2,2,1,1,3,0,2,2,4,3,0,3,0,0,1,0,1,0,0,2,0,0,0,4,3,0,3,4,0,0,0,4,0,0,0,0,0,0,0,2,3,3,2,3,3,3,3,2,2,3,3,2,0,4,3,0,3,3,3,0,0]",ok,
152,kmeans,7,1.0,0.42748573683993574,0,,,[],,,,baseline_no_features,
153,kmeans,7,0.95,0.42748573683993574,0,,,[],,,,baseline_no_features,
154,kmeans,7,0.9,0.42748573683993574,0,,,[],,,,baseline_no_features,
155,kmeans,7,0.85,0.42748573683993574,0,,,[],,,,baseline_no_features,
156,kmeans,7,0.8,0.42748573683993574,0,,,[],,,,baseline_no_features,
157,kmeans,7,0.75,0.42748573683993574,0,,,[],,,,baseline_no_features,
158,kmeans,7,0.7,0.42748573683993574,0,,,[],,,,baseline_no_features,
159,kmeans,7,0.65,0.42748573683993574,0,,,[],,,,baseline_no_features,
160,kmeans,7,0.6,0.42748573683993574,0,,,[],,,,baseline_no_features,
161,kmeans,7,0.55,0.42748573683993574,0,,,[],,,,baseline_no_features,
162,kmeans,7,0.5,0.42748573683993574,0,,,[],,,,baseline_no_features,
163,kmeans,7,0.45,0.42748573683993574,0,,,[],,,,baseline_no_features,
164,kmeans,7,0.4,0.5115972940782142,1,fused_4_veryhigh,huang,"[204, 235, 534, 164, 662]",0.24256508566771065,0.05725403001667593,"[1,2,1,1,4,4,1,0,1,2,0,2,0,2,2,2,2,2,1,1,2,2,1,1,2,1,2,4,2,4,1,4,1,2,1,2,2,4,2,2,2,4,2,2,2,1,1,1,4,0,4,3,4,4,4,2,2,2,2,4,2,1,1,2,4,2,4,4,1,1,2,2,1,4,1,1,2,4,4,1,2,2,4,4,2,1,1,1,4,1,2,4,1,2,2,4,0,2,4,2,4,0,4,4,2,0,4,2,4,1,2,0,2,2,2,2,4,2,4,1,2,4,4,4,2,2,2,3,2,2,1,2,2,2,2,4,2,2,2,1,2,2,3,1,1,1,2,4,2,2,4,4,2,1,1,1,4,1,4,4,1,3,4,4,4,1,4,4,4,2,4,2,1,4,4,4,4,0,0,4,2,1,2,1,0,4,2,2,2,4,1,1,2,2,4,2,1,1,4,4,2,4,2,2,0,4,4,3,4,1,2,2,4,1,2,4,4,4,2,1,4,2,1,2,1,4,1,4,4,2,1,4,4,4,4,2,2,4,4,4,4,4,1,2,4,2,2,4,4,0,0,2,4,1,1,2,4,2,2,1,4,4,1,1,4,2,2,2,2,4,4,1,4,2,3,1,2,2,1,4,4,2,4,2,4,1,2,4,2,3,4,2,2,2,2,2,4,4,2,1,4,4,4,1,4,4,4,2,4,4,0,1,2,2,2,4,4,1,4,2,2,2,0,2,2,1,4,2,4,2,4,0,4,2,2,4,4,4,4,4,2,4,2,2,4,4,2,2,4,4,2,4,4,4,4,2,4,4,2,2,4,2,1,2,4,2,2,4,4,2,2,2,1,4,4,2,2,2,4,1,2,4,1,2,4,1,4,4,4,4,1,2,0,2,2,1,4,4,4,2,2,2,2,4,4,2,2,3,2,4,4,4,4,2,1,0,2,4,4,4,4,0,2,1,4,1,4,2,4,2,4,4,0,0,1,2,1,4,2,2,2,2,0,2,3,4,4,4,4,4,3,2,3,4,2,0,4,4,4,4,4,2,2,4,1,2,4,2,2,2,2,2,4,1,4,3,4,1,4,1,1,2,2,2,4,2,0,0,1,4,4,2,1,4,1,4,4,0,4,3,2,4,2,4,2,2,4,4,4,4,2,4,2,2,2,2,4,4,2,4,1,2,2,4,4,4,4,4,4,4,4,1,4,1,4,2,4,2,4,4,1,2,0,4,2,0,4,0,1,1,2,0,2,1,2,1,0,1,4,1,2,4,2,4,4,4,1,2,2,2,4,4,3,1,2,0,2,4,2,1,2,0,2,3,4,2,2,2,4,2,2,1,4,4,2,1,2,4,2,4,1,2,2,1,4,2,2,2,4,1,1,2,2,0,2,4,1,3,4,4,2,2,4,4,1,1,2,4,4,3,4,4,2,4,2,4,4,2,1,0,2,2,4,4,4,4,1,2,2,2,2,1,4,2,2,4,4,1,4,4,0,4,1,2,4,4,2,2,1,1,3,2,2,1,2,0,0,0,2,0,1,4,0,2,1,2,4,4,2,2,2,4,2,2,4,1,0,1,2,4,2,4,4,3,1,1,4,4,2,0,2,4,4,2,2,2,3,1,0,2,2,1,1,2,2,3,4,2,4,0,2,4,2,0,0,4,2,2,2,3,1,4,4,2,2,1,3,2,3,3,0,4,0,3,2,2,3,4,2,0,2,3,2,3,2,2,2,4,0,4,4,4,2,1,4,4,4,2,2,3,4,4,2,2,2,1,4,4,0,4,2,3,2,4,4,2,2,2,1,4,4,0,1,4,4,1,2,4,4,2,2,1,0,4,1,3,4,2,0,2,2,1,2,4,2,2,4,0,4,3,4,4,1,2,3,2,4,1,4,1,4,0,2,2,2,2,2,4,4,2,4,3,2,4,4,2,0,4,0,4,4,1,2,4,2,3,4,4,4,1,2,2,4,4,2,4,2,0,1,4,2,3,4,4,4,3,4,0,2,4,0,2,2,0,2,4,3,2,2,3,0,4,3,4,4,0,4,4,2,2,0,4,4,2,2,4,4,0,4,2,2,1,0,2,2,3,1,0,4,2,2,4,4,0,1,0,4,4,0,2,2,4,2,4,2,2,4,4,4,2,4,2,0,0,0,2,4,4,2,4,2,2,4,4,2,2,0,0,2,2,0,4,2,4,4,3,3,3,2,3,0,3,1,2,4,4,4,4,0,3,4,1,4,4,2,0,4,2,0,2,2,3,4,0,4,0,0,4,2,2,2,4,2,4,0,3,1,0,3,3,1,4,2,2,2,4,4,1,4,4,3,3,4,4,2,1,4,4,4,4,3,2,3,3,4,0,0,2,2,0,3,3,0,0,4,2,3,4,3,4,1,4,3,4,4,0,0,4,2,1,1,4,0,3,4,4,4,3,3,4,0,1,4,1,0,4,0,4,3,2,4,0,4,3,3,2,0,3,3,4,3,3,2,1,2,2,4,2,4,2,4,3,4,4,0,2,0,4,4,2,4,2,4,4,4,2,0,1,2,3,0,1,2,4,2,2,3,4,2,4,4,0,4,2,3,0,0,0,1,2,2,4,4,3,3,3,4,3,0,4,4,3,2,4,4,4,4,4,1,2,2,4,2,3,3,4,4,3,0,1,4,4,4,0,4,4,4,3,4,1,4,4,1,2,4,1,3,0,4,0,2,3,3,1,4,2,2,2,4,2,2,3,1,2,4,2,3,3,4,4,1,2,0,0,2,2,4,4,0,3,4,1,4,3,4,4,3,4,0,0,4,3,4,3,2,0,0,3,3,3,4,4,2,4,4,3,4,1,3,2,3,3,4,4,2,2,3,4,4,2,4,0,0,0,3,4,3,4,4,4,4,0,0,4,4,2,2,4,2,3,4,2,3,1,4,4,4,4,4,4,2,2,1,4,1,3,4,4,1,4,4,2,4,4,2,0,4,2,0,2,2,1,2,2,4,1,4,2,2,4,4,2,4,0,4,0,0,1,3,4,4,2,2,1,4,2,2,4,1,1,0,4,0,2,1,2,2,2,2,4,3,2,0,1,3,1,4,2,4,1,1,4,2,4,2,0,3,3,0,0,2,1,4,2,3,2,0,4,4,1,4,2,2,3,4,4,3,3,4,2,1,0,4,2,1,0,2,0,4,4,1,2,1,3,0,4,0,4,4,4,1,1,4,4,4,4,4,2,2,4,4,2,2,4,3,1,1,2,2,2,4,4,2,1,1,2,1,4,4,4,4,4,2,4,2,2,4,0,4,3,4,0,1,2,2,4,4,1,4,1,4,1,4,4,0,3,4,4,0,2,0,4,3,0,1,0,4,4,2,4,2,0,2,3,0,3,4,2,4,0,3,3,0,4,4,2,0,2,4,1,1,1,1,3,2,2,2,0,4,4,2,2,1,4,4,2,2,2,4,3,3,4,1,4,4,3,3,4,2,0,2,4,3,3,2,4,4,3,4,1,4,2,0,0,4,4,4,2,0,4,3,1,2,4,3,4,2,3,2,0,0,4,1,2,2,4,4,0,0,4,4,4,4,3,4,0,0,4,1,1,2,4,3,0,1,4,4,4,3,3,4,1,0,4,0,1,0,2,3,0,4,0,2,4,1,0,4,0,0,0,4,2,1,4,4,4,4,1,0,4,4,2,4,0,4,0,4,4,2,3,4,0,3,1,4,2,1,4,2,4,4,0,4,2,2,4,4,3,4,4,0,4,3,4,2,1,0,2,4,2,1,3,4,4,3,4,1,2,4,4,2,2,4,0,2,4,2,1,4,2,3,4,4,4,4,2,0,4,4,4,0,1,1,3,0,0,4,3,2,3,4,4,2,0,2,1,2,2,4,4,3,4,4,4,2,4,3,4,4,3,4,4,2,2,4,3,0,2,2,2,4,1,0,4,2,4,2,3,0,0,2,4,1,4,4,2,4,2,2,4,4,2,0,4,0,2,4,4,4,2,4,4,2,4,0,2,4,2,3,0,4,3,0,0,0,4,4,0,3,4,4,2,3,0,0,3,3,0,4]",ok,
165,kmeans,7,0.35,0.5660991661152529,2,"fused_4_veryhigh, fused_4_megahigh",huang,"[142, 645, 213, 635, 164]",0.2308875260325431,0.038910505836575876,"[3,3,3,0,1,1,3,2,3,3,2,1,2,3,3,3,3,3,0,3,3,3,0,0,3,3,3,1,3,1,3,1,3,3,3,3,3,1,3,3,3,1,3,3,3,3,3,0,1,2,1,4,1,1,1,3,3,3,3,1,3,3,0,3,1,3,1,1,3,3,3,3,3,1,0,3,3,1,1,3,3,3,1,1,3,0,0,3,1,0,3,1,0,3,3,1,2,3,1,3,1,2,1,1,3,2,1,3,1,3,3,2,3,3,3,3,1,3,1,3,3,1,1,1,3,3,3,4,3,3,3,3,3,3,3,1,3,3,3,0,3,3,4,0,3,3,3,1,3,3,1,1,3,3,3,3,1,3,1,1,3,4,1,1,1,0,1,1,1,3,1,3,0,1,1,0,1,2,2,1,3,3,3,0,2,1,3,1,3,1,0,3,3,3,1,3,3,0,1,1,3,1,3,3,2,1,1,4,1,3,3,3,0,0,3,1,1,1,3,3,1,3,3,3,0,1,0,1,1,3,0,1,1,1,1,3,3,1,1,1,1,1,0,3,0,3,3,0,1,2,2,3,1,3,0,3,1,3,3,0,1,1,0,3,1,3,3,3,3,1,1,3,0,1,4,0,3,3,0,1,1,3,1,3,1,3,3,1,3,4,1,3,3,3,3,3,0,1,3,0,1,1,1,3,1,1,1,3,1,1,2,0,3,3,3,1,1,0,1,3,3,3,2,3,3,0,1,3,1,3,1,2,1,3,3,1,1,0,1,1,3,1,3,3,1,1,3,3,1,1,3,1,1,1,1,3,1,1,3,1,1,3,3,3,1,3,3,1,1,3,3,3,3,1,1,3,3,3,1,3,3,1,3,3,1,3,1,1,1,1,3,3,2,3,3,3,1,1,1,3,3,3,3,1,1,1,3,4,3,1,1,1,1,3,0,2,3,0,1,0,1,2,3,0,1,0,1,3,1,3,1,1,2,2,3,3,0,1,3,3,3,3,2,3,4,1,1,0,1,1,4,3,4,1,3,2,1,1,1,1,1,3,3,1,0,3,1,3,3,3,3,3,1,0,1,4,1,3,1,3,3,3,3,3,1,3,2,2,3,0,1,3,3,0,3,1,1,2,1,4,3,1,3,1,3,3,1,1,1,1,3,1,3,3,3,3,1,0,3,1,0,3,3,1,1,0,1,1,0,1,1,0,1,0,1,3,1,3,1,1,3,3,2,1,3,2,1,2,3,3,3,2,3,3,3,0,2,3,1,3,3,1,3,1,1,1,3,3,3,3,1,0,4,3,3,2,3,1,3,3,3,2,3,4,1,3,3,3,1,3,3,3,1,1,3,0,3,0,3,1,0,3,3,3,1,3,3,3,1,0,3,3,3,2,3,1,3,4,1,1,3,3,1,1,0,3,3,1,1,4,1,1,3,1,3,1,1,3,0,2,3,3,1,1,1,1,3,3,3,3,3,3,1,3,3,1,1,0,1,1,2,1,0,3,1,1,3,3,3,0,4,3,3,0,3,2,2,2,3,2,3,1,2,3,0,3,1,1,3,3,3,1,3,3,1,3,2,0,3,1,3,1,1,4,3,3,1,1,3,2,3,1,1,3,3,3,4,0,2,2,3,3,0,3,3,4,1,3,1,2,3,1,3,2,2,1,3,3,3,4,0,1,1,3,3,0,4,3,4,4,2,1,2,4,3,3,4,0,3,2,3,4,3,4,3,3,1,1,2,1,1,1,3,0,1,1,1,3,3,4,1,1,1,3,3,0,1,1,2,1,3,4,3,1,1,3,3,3,3,1,1,2,3,1,1,3,3,1,1,3,1,3,2,1,3,4,1,3,2,3,3,0,3,1,3,3,0,2,1,4,1,1,0,3,4,3,1,3,1,3,1,2,3,3,3,2,3,1,1,3,1,4,3,1,1,3,2,1,2,1,1,0,3,1,3,4,1,1,1,3,3,3,1,1,3,1,3,2,0,1,3,4,1,1,1,4,1,2,3,1,2,3,3,2,3,1,4,3,3,4,2,1,4,1,1,2,1,1,3,3,2,1,1,3,3,1,1,2,1,3,3,0,2,3,3,4,0,2,1,3,3,1,1,2,3,2,1,1,2,3,3,1,3,0,3,3,1,1,1,3,1,3,2,2,2,3,1,1,3,1,3,3,1,1,3,3,2,2,3,1,2,1,3,1,1,4,4,4,3,4,2,4,0,3,1,1,1,1,2,4,1,3,1,1,3,2,1,3,2,3,2,4,1,2,1,2,2,1,3,3,3,1,3,1,2,4,3,2,4,4,3,1,3,3,3,1,1,3,1,1,4,4,1,1,3,0,1,1,1,1,4,1,4,4,1,2,2,3,3,2,4,4,2,2,1,3,4,1,4,1,0,1,4,1,1,2,2,1,3,3,3,0,2,4,1,1,1,4,4,1,2,0,1,3,2,1,2,1,4,3,1,2,1,4,4,3,2,4,4,1,4,4,3,0,3,3,1,3,1,3,1,4,1,1,2,3,2,1,1,3,1,3,1,1,1,3,2,0,3,4,2,0,3,1,3,3,4,1,3,1,1,2,1,3,4,2,2,2,3,3,3,1,1,4,4,4,1,4,2,1,1,4,3,1,1,1,1,1,0,3,3,1,2,4,4,1,1,4,2,3,1,1,1,2,1,1,1,4,1,0,1,1,0,3,1,0,4,2,1,2,3,4,4,0,1,3,3,3,1,3,3,4,0,2,1,3,4,4,1,1,0,3,2,2,3,3,1,1,2,4,1,0,1,4,1,1,4,1,2,2,0,4,1,4,3,2,2,4,4,4,1,1,3,1,1,4,1,3,4,3,4,4,1,1,3,2,4,1,1,3,1,2,2,2,4,1,4,1,1,1,1,2,2,1,1,3,3,1,1,4,1,3,4,0,1,1,1,1,0,1,3,3,0,1,3,4,1,1,3,1,1,3,1,1,3,2,1,1,2,3,3,3,3,3,1,0,1,3,3,1,1,3,1,2,1,2,2,0,4,1,1,3,3,0,1,3,3,1,0,3,2,1,2,3,0,3,3,3,3,1,4,3,2,3,4,3,1,3,1,0,3,1,3,1,3,2,4,4,2,2,3,3,1,3,4,2,2,1,1,0,1,3,3,4,1,1,4,4,1,3,0,2,1,3,0,2,3,2,1,1,3,3,0,4,2,1,2,1,1,1,0,3,1,1,0,1,1,3,2,1,1,3,3,1,4,0,0,3,3,3,1,1,3,3,3,1,3,1,1,1,1,1,3,1,1,3,1,2,1,4,1,2,0,3,3,1,1,3,1,0,1,0,1,1,2,4,1,1,2,3,2,1,4,2,3,2,1,1,3,1,3,2,3,4,2,4,1,3,1,2,4,4,2,0,1,3,2,3,1,0,3,0,0,4,3,3,3,2,1,1,3,3,3,1,1,3,3,3,1,4,4,1,0,1,1,4,4,1,3,2,3,1,4,4,3,1,1,4,1,0,1,3,2,2,1,1,1,3,2,1,4,3,3,1,4,1,3,4,3,2,2,1,3,3,3,1,1,2,2,1,1,1,1,4,1,2,2,1,3,3,3,1,4,2,3,1,1,1,4,4,0,0,2,1,2,3,2,3,4,2,1,2,3,1,0,2,1,2,2,2,0,3,0,1,1,1,0,3,2,0,1,3,1,2,1,2,1,1,3,4,1,2,4,3,1,3,3,1,3,1,1,2,1,3,3,1,1,4,1,1,2,1,4,1,3,0,2,3,1,3,0,4,1,1,4,1,3,3,1,1,3,3,1,2,3,1,3,0,1,3,4,1,1,1,1,3,2,1,1,1,2,3,3,4,2,2,1,4,3,4,1,1,3,2,3,0,3,3,0,1,4,1,1,1,3,1,4,1,1,4,1,1,3,3,1,4,2,3,3,3,0,0,2,1,3,1,3,4,2,2,3,1,3,1,1,3,1,3,3,1,1,3,2,1,2,3,1,1,1,3,1,1,3,1,2,2,1,3,4,2,1,4,2,2,2,1,1,2,4,1,1,3,4,2,2,4,4,2,1]",ok,
166,kmeans,7,0.3,0.5660991661152529,2,"fused_4_veryhigh, fused_4_megahigh",huang,"[142, 645, 213, 635, 164]",0.2308875260325431,0.038910505836575876,"[3,3,3,0,1,1,3,2,3,3,2,1,2,3,3,3,3,3,0,3,3,3,0,0,3,3,3,1,3,1,3,1,3,3,3,3,3,1,3,3,3,1,3,3,3,3,3,0,1,2,1,4,1,1,1,3,3,3,3,1,3,3,0,3,1,3,1,1,3,3,3,3,3,1,0,3,3,1,1,3,3,3,1,1,3,0,0,3,1,0,3,1,0,3,3,1,2,3,1,3,1,2,1,1,3,2,1,3,1,3,3,2,3,3,3,3,1,3,1,3,3,1,1,1,3,3,3,4,3,3,3,3,3,3,3,1,3,3,3,0,3,3,4,0,3,3,3,1,3,3,1,1,3,3,3,3,1,3,1,1,3,4,1,1,1,0,1,1,1,3,1,3,0,1,1,0,1,2,2,1,3,3,3,0,2,1,3,1,3,1,0,3,3,3,1,3,3,0,1,1,3,1,3,3,2,1,1,4,1,3,3,3,0,0,3,1,1,1,3,3,1,3,3,3,0,1,0,1,1,3,0,1,1,1,1,3,3,1,1,1,1,1,0,3,0,3,3,0,1,2,2,3,1,3,0,3,1,3,3,0,1,1,0,3,1,3,3,3,3,1,1,3,0,1,4,0,3,3,0,1,1,3,1,3,1,3,3,1,3,4,1,3,3,3,3,3,0,1,3,0,1,1,1,3,1,1,1,3,1,1,2,0,3,3,3,1,1,0,1,3,3,3,2,3,3,0,1,3,1,3,1,2,1,3,3,1,1,0,1,1,3,1,3,3,1,1,3,3,1,1,3,1,1,1,1,3,1,1,3,1,1,3,3,3,1,3,3,1,1,3,3,3,3,1,1,3,3,3,1,3,3,1,3,3,1,3,1,1,1,1,3,3,2,3,3,3,1,1,1,3,3,3,3,1,1,1,3,4,3,1,1,1,1,3,0,2,3,0,1,0,1,2,3,0,1,0,1,3,1,3,1,1,2,2,3,3,0,1,3,3,3,3,2,3,4,1,1,0,1,1,4,3,4,1,3,2,1,1,1,1,1,3,3,1,0,3,1,3,3,3,3,3,1,0,1,4,1,3,1,3,3,3,3,3,1,3,2,2,3,0,1,3,3,0,3,1,1,2,1,4,3,1,3,1,3,3,1,1,1,1,3,1,3,3,3,3,1,0,3,1,0,3,3,1,1,0,1,1,0,1,1,0,1,0,1,3,1,3,1,1,3,3,2,1,3,2,1,2,3,3,3,2,3,3,3,0,2,3,1,3,3,1,3,1,1,1,3,3,3,3,1,0,4,3,3,2,3,1,3,3,3,2,3,4,1,3,3,3,1,3,3,3,1,1,3,0,3,0,3,1,0,3,3,3,1,3,3,3,1,0,3,3,3,2,3,1,3,4,1,1,3,3,1,1,0,3,3,1,1,4,1,1,3,1,3,1,1,3,0,2,3,3,1,1,1,1,3,3,3,3,3,3,1,3,3,1,1,0,1,1,2,1,0,3,1,1,3,3,3,0,4,3,3,0,3,2,2,2,3,2,3,1,2,3,0,3,1,1,3,3,3,1,3,3,1,3,2,0,3,1,3,1,1,4,3,3,1,1,3,2,3,1,1,3,3,3,4,0,2,2,3,3,0,3,3,4,1,3,1,2,3,1,3,2,2,1,3,3,3,4,0,1,1,3,3,0,4,3,4,4,2,1,2,4,3,3,4,0,3,2,3,4,3,4,3,3,1,1,2,1,1,1,3,0,1,1,1,3,3,4,1,1,1,3,3,0,1,1,2,1,3,4,3,1,1,3,3,3,3,1,1,2,3,1,1,3,3,1,1,3,1,3,2,1,3,4,1,3,2,3,3,0,3,1,3,3,0,2,1,4,1,1,0,3,4,3,1,3,1,3,1,2,3,3,3,2,3,1,1,3,1,4,3,1,1,3,2,1,2,1,1,0,3,1,3,4,1,1,1,3,3,3,1,1,3,1,3,2,0,1,3,4,1,1,1,4,1,2,3,1,2,3,3,2,3,1,4,3,3,4,2,1,4,1,1,2,1,1,3,3,2,1,1,3,3,1,1,2,1,3,3,0,2,3,3,4,0,2,1,3,3,1,1,2,3,2,1,1,2,3,3,1,3,0,3,3,1,1,1,3,1,3,2,2,2,3,1,1,3,1,3,3,1,1,3,3,2,2,3,1,2,1,3,1,1,4,4,4,3,4,2,4,0,3,1,1,1,1,2,4,1,3,1,1,3,2,1,3,2,3,2,4,1,2,1,2,2,1,3,3,3,1,3,1,2,4,3,2,4,4,3,1,3,3,3,1,1,3,1,1,4,4,1,1,3,0,1,1,1,1,4,1,4,4,1,2,2,3,3,2,4,4,2,2,1,3,4,1,4,1,0,1,4,1,1,2,2,1,3,3,3,0,2,4,1,1,1,4,4,1,2,0,1,3,2,1,2,1,4,3,1,2,1,4,4,3,2,4,4,1,4,4,3,0,3,3,1,3,1,3,1,4,1,1,2,3,2,1,1,3,1,3,1,1,1,3,2,0,3,4,2,0,3,1,3,3,4,1,3,1,1,2,1,3,4,2,2,2,3,3,3,1,1,4,4,4,1,4,2,1,1,4,3,1,1,1,1,1,0,3,3,1,2,4,4,1,1,4,2,3,1,1,1,2,1,1,1,4,1,0,1,1,0,3,1,0,4,2,1,2,3,4,4,0,1,3,3,3,1,3,3,4,0,2,1,3,4,4,1,1,0,3,2,2,3,3,1,1,2,4,1,0,1,4,1,1,4,1,2,2,0,4,1,4,3,2,2,4,4,4,1,1,3,1,1,4,1,3,4,3,4,4,1,1,3,2,4,1,1,3,1,2,2,2,4,1,4,1,1,1,1,2,2,1,1,3,3,1,1,4,1,3,4,0,1,1,1,1,0,1,3,3,0,1,3,4,1,1,3,1,1,3,1,1,3,2,1,1,2,3,3,3,3,3,1,0,1,3,3,1,1,3,1,2,1,2,2,0,4,1,1,3,3,0,1,3,3,1,0,3,2,1,2,3,0,3,3,3,3,1,4,3,2,3,4,3,1,3,1,0,3,1,3,1,3,2,4,4,2,2,3,3,1,3,4,2,2,1,1,0,1,3,3,4,1,1,4,4,1,3,0,2,1,3,0,2,3,2,1,1,3,3,0,4,2,1,2,1,1,1,0,3,1,1,0,1,1,3,2,1,1,3,3,1,4,0,0,3,3,3,1,1,3,3,3,1,3,1,1,1,1,1,3,1,1,3,1,2,1,4,1,2,0,3,3,1,1,3,1,0,1,0,1,1,2,4,1,1,2,3,2,1,4,2,3,2,1,1,3,1,3,2,3,4,2,4,1,3,1,2,4,4,2,0,1,3,2,3,1,0,3,0,0,4,3,3,3,2,1,1,3,3,3,1,1,3,3,3,1,4,4,1,0,1,1,4,4,1,3,2,3,1,4,4,3,1,1,4,1,0,1,3,2,2,1,1,1,3,2,1,4,3,3,1,4,1,3,4,3,2,2,1,3,3,3,1,1,2,2,1,1,1,1,4,1,2,2,1,3,3,3,1,4,2,3,1,1,1,4,4,0,0,2,1,2,3,2,3,4,2,1,2,3,1,0,2,1,2,2,2,0,3,0,1,1,1,0,3,2,0,1,3,1,2,1,2,1,1,3,4,1,2,4,3,1,3,3,1,3,1,1,2,1,3,3,1,1,4,1,1,2,1,4,1,3,0,2,3,1,3,0,4,1,1,4,1,3,3,1,1,3,3,1,2,3,1,3,0,1,3,4,1,1,1,1,3,2,1,1,1,2,3,3,4,2,2,1,4,3,4,1,1,3,2,3,0,3,3,0,1,4,1,1,1,3,1,4,1,1,4,1,1,3,3,1,4,2,3,3,3,0,0,2,1,3,1,3,4,2,2,3,1,3,1,1,3,1,3,3,1,1,3,2,1,2,3,1,1,1,3,1,1,3,1,2,2,1,3,4,2,1,4,2,2,2,1,1,2,4,1,1,3,4,2,2,4,4,2,1]",ok,
167,kmeans,7,0.25,0.5670722715355554,1,fused_2_low,huang,"[196, 484, 659, 164, 296]",0.1866307037201575,0.010005558643690939,"[4,2,4,4,1,2,4,0,4,2,0,2,0,1,1,1,2,1,4,4,1,1,4,4,1,4,2,2,2,1,4,2,4,1,4,2,1,2,1,2,2,1,2,2,1,4,4,4,2,0,2,3,2,2,2,4,2,1,2,2,1,4,4,2,2,1,2,2,4,4,1,2,4,2,4,4,1,2,2,4,2,1,2,1,4,4,4,4,2,4,2,2,4,1,2,2,0,2,2,1,2,0,2,2,4,0,1,1,2,4,2,0,2,2,1,1,2,1,1,4,1,2,2,2,2,1,1,3,1,1,4,1,4,2,1,1,1,1,1,4,2,1,3,4,4,4,1,2,1,2,1,1,1,4,4,4,2,4,2,1,4,3,1,2,1,4,2,2,1,4,2,1,4,2,2,4,1,0,0,1,1,4,1,4,0,2,2,2,2,2,4,4,1,2,2,2,4,4,2,1,1,2,2,2,0,1,2,3,2,4,2,1,4,4,1,2,2,2,1,4,1,2,4,1,4,2,4,2,2,1,4,2,2,2,2,2,2,2,2,2,2,1,4,2,4,2,1,4,2,0,0,1,2,4,4,1,2,2,1,4,2,2,4,4,2,1,2,1,2,2,2,4,4,2,3,4,1,1,4,2,2,1,2,4,2,4,1,2,1,3,1,2,1,2,1,4,4,2,1,4,2,2,1,4,2,2,2,2,2,2,0,4,2,1,1,2,2,4,1,1,1,1,0,1,2,4,2,1,2,1,1,0,1,1,2,2,2,4,2,2,2,2,1,1,1,1,2,2,1,2,2,1,2,1,2,1,2,2,1,2,4,1,4,4,2,2,2,1,2,2,1,2,4,2,2,2,1,2,2,4,1,2,4,1,2,4,1,1,2,2,4,1,0,1,2,4,2,2,2,4,1,1,2,1,2,2,1,3,1,2,2,2,1,2,4,0,1,4,2,4,2,0,2,4,2,4,1,1,1,4,2,2,0,0,4,1,4,1,1,2,1,2,0,1,3,2,2,4,2,2,3,1,3,2,2,0,2,2,1,1,2,1,1,2,4,1,2,1,2,1,1,1,2,4,2,3,2,4,2,4,4,2,1,1,2,1,0,0,4,4,2,2,4,4,4,2,2,0,2,3,1,1,1,2,1,1,1,2,2,2,1,2,1,2,1,1,2,4,2,2,4,2,1,2,2,4,1,2,4,2,2,4,2,4,2,1,2,2,1,1,4,2,0,1,1,0,1,2,4,4,1,0,2,4,2,4,0,4,2,4,1,2,2,2,2,1,4,1,1,2,2,4,3,4,2,0,1,2,2,4,1,0,2,3,2,1,1,1,2,2,1,4,2,2,1,4,4,4,1,2,4,1,4,4,1,1,1,1,2,4,4,1,1,0,1,2,4,3,2,2,2,1,2,1,4,4,1,2,2,3,2,2,1,2,2,2,2,2,4,0,1,2,1,2,2,2,4,1,4,1,1,4,2,2,2,2,2,4,1,1,0,2,4,1,1,2,1,2,4,4,3,1,2,4,2,0,0,0,2,0,4,2,0,1,4,1,1,2,4,1,4,1,2,1,1,4,0,4,2,1,2,2,1,3,4,4,1,4,1,0,1,2,2,1,2,1,3,4,0,2,1,4,4,4,1,3,1,1,2,0,1,2,1,0,0,2,1,1,1,3,4,1,2,1,4,4,3,2,3,3,0,2,0,3,2,1,3,4,2,0,1,3,2,3,1,2,2,2,0,2,2,2,1,4,2,1,1,1,4,3,1,1,1,1,1,4,2,2,0,2,2,3,1,2,2,1,2,1,4,1,2,0,4,2,1,4,2,1,1,2,2,4,0,2,4,3,2,1,0,1,2,4,2,1,1,2,4,0,1,3,2,4,4,1,3,2,1,4,1,4,2,0,1,1,2,2,1,2,1,1,1,3,1,2,2,1,0,2,0,1,2,4,1,1,1,3,2,2,2,4,1,2,2,2,1,2,2,0,4,2,2,3,1,2,2,3,1,0,1,2,0,2,1,0,1,2,3,2,2,3,0,2,3,1,2,0,2,2,1,1,2,1,2,1,1,1,2,0,2,2,1,4,0,1,2,3,4,0,2,1,2,2,1,0,4,0,1,2,0,1,2,2,1,4,2,2,2,1,2,1,2,2,0,0,0,1,2,1,1,2,2,1,2,2,2,1,0,0,1,2,0,1,1,1,2,3,3,3,2,3,0,3,4,1,1,2,2,2,0,3,2,4,2,1,1,2,2,1,0,1,2,3,2,0,2,0,0,1,4,1,1,2,1,2,0,3,4,0,3,3,4,2,1,2,1,1,2,4,2,2,3,3,2,2,1,4,1,2,2,2,3,1,3,3,2,0,0,1,2,0,3,3,0,0,2,1,3,2,3,2,4,2,3,2,2,0,0,2,1,4,4,4,0,3,2,2,1,3,3,2,0,4,2,4,2,2,0,2,3,1,2,0,2,3,3,1,0,3,3,2,3,3,2,4,2,1,2,1,1,1,2,3,2,1,0,1,0,2,2,1,4,1,1,2,1,2,0,4,1,3,0,4,1,2,2,1,3,2,2,2,4,0,2,1,3,2,0,0,4,2,2,2,2,3,3,3,2,3,0,2,2,3,1,2,2,0,2,1,4,2,1,1,2,3,3,1,2,3,0,4,2,2,2,0,2,1,1,3,2,4,1,2,4,1,1,4,3,0,2,0,4,3,3,4,2,1,2,1,2,1,1,3,4,2,2,2,3,3,1,2,4,1,0,0,1,1,2,1,0,3,2,4,2,3,2,2,3,2,0,0,4,3,2,3,2,0,0,3,3,3,1,2,2,2,2,3,2,4,3,1,3,3,2,1,4,2,3,2,1,2,2,0,0,0,3,1,3,2,1,1,1,0,0,1,2,1,2,1,2,3,1,1,3,4,2,1,1,2,4,2,2,1,4,1,4,3,1,2,4,2,2,1,2,2,1,0,2,2,0,1,1,4,1,1,1,4,1,1,1,2,2,2,2,0,2,2,0,4,3,2,2,2,1,4,2,1,1,1,4,4,0,2,0,1,4,1,2,2,1,2,3,1,0,4,3,4,1,2,1,4,4,2,2,1,1,0,3,3,0,0,1,4,2,2,3,2,0,2,1,4,2,1,1,3,2,2,3,3,2,1,4,0,2,2,4,0,2,0,1,2,4,2,4,3,0,2,2,2,2,2,4,4,2,2,4,2,2,4,2,2,1,2,1,2,3,4,4,1,4,2,1,2,1,4,4,2,4,2,2,1,2,2,2,1,2,2,2,0,1,3,2,0,4,2,2,2,1,4,2,4,2,4,2,2,0,3,2,2,0,1,0,1,3,0,4,0,1,1,4,1,2,0,1,3,0,3,2,2,2,0,3,3,0,4,1,2,0,1,2,4,4,4,4,3,2,4,1,0,2,2,1,1,4,2,2,1,2,1,2,3,3,2,4,2,1,3,3,1,1,0,1,2,3,3,2,2,1,3,2,4,1,1,2,0,2,2,1,1,0,1,3,4,2,1,3,2,1,3,1,0,0,2,4,1,2,2,2,0,0,1,2,2,2,3,2,0,0,2,4,4,2,2,3,0,4,1,2,1,3,3,4,4,0,2,0,4,0,1,3,0,2,0,1,1,4,0,2,0,0,0,4,1,4,2,1,1,4,4,0,4,2,1,2,0,1,0,2,1,2,3,2,0,3,4,2,1,4,2,1,2,1,0,2,2,1,2,1,3,2,2,0,1,3,2,1,4,0,2,1,1,4,3,2,2,3,2,4,2,2,1,1,1,1,0,1,1,1,4,2,1,3,2,2,2,1,1,0,2,2,2,0,4,4,3,0,0,1,3,1,3,2,2,1,0,1,4,2,1,4,2,3,2,2,2,2,2,3,2,2,3,1,2,1,1,2,3,0,1,1,1,4,4,0,1,2,1,1,3,2,0,1,2,4,1,1,2,2,1,2,2,2,1,0,2,0,1,2,2,1,1,2,2,2,2,0,2,2,2,3,0,2,3,0,0,0,1,1,0,3,1,2,2,3,0,0,3,3,0,2]",ok,
168,kmeans,7,0.2,0.5670722715355554,1,fused_2_low,huang,"[196, 484, 659, 164, 296]",0.1866307037201575,0.010005558643690939,"[4,2,4,4,1,2,4,0,4,2,0,2,0,1,1,1,2,1,4,4,1,1,4,4,1,4,2,2,2,1,4,2,4,1,4,2,1,2,1,2,2,1,2,2,1,4,4,4,2,0,2,3,2,2,2,4,2,1,2,2,1,4,4,2,2,1,2,2,4,4,1,2,4,2,4,4,1,2,2,4,2,1,2,1,4,4,4,4,2,4,2,2,4,1,2,2,0,2,2,1,2,0,2,2,4,0,1,1,2,4,2,0,2,2,1,1,2,1,1,4,1,2,2,2,2,1,1,3,1,1,4,1,4,2,1,1,1,1,1,4,2,1,3,4,4,4,1,2,1,2,1,1,1,4,4,4,2,4,2,1,4,3,1,2,1,4,2,2,1,4,2,1,4,2,2,4,1,0,0,1,1,4,1,4,0,2,2,2,2,2,4,4,1,2,2,2,4,4,2,1,1,2,2,2,0,1,2,3,2,4,2,1,4,4,1,2,2,2,1,4,1,2,4,1,4,2,4,2,2,1,4,2,2,2,2,2,2,2,2,2,2,1,4,2,4,2,1,4,2,0,0,1,2,4,4,1,2,2,1,4,2,2,4,4,2,1,2,1,2,2,2,4,4,2,3,4,1,1,4,2,2,1,2,4,2,4,1,2,1,3,1,2,1,2,1,4,4,2,1,4,2,2,1,4,2,2,2,2,2,2,0,4,2,1,1,2,2,4,1,1,1,1,0,1,2,4,2,1,2,1,1,0,1,1,2,2,2,4,2,2,2,2,1,1,1,1,2,2,1,2,2,1,2,1,2,1,2,2,1,2,4,1,4,4,2,2,2,1,2,2,1,2,4,2,2,2,1,2,2,4,1,2,4,1,2,4,1,1,2,2,4,1,0,1,2,4,2,2,2,4,1,1,2,1,2,2,1,3,1,2,2,2,1,2,4,0,1,4,2,4,2,0,2,4,2,4,1,1,1,4,2,2,0,0,4,1,4,1,1,2,1,2,0,1,3,2,2,4,2,2,3,1,3,2,2,0,2,2,1,1,2,1,1,2,4,1,2,1,2,1,1,1,2,4,2,3,2,4,2,4,4,2,1,1,2,1,0,0,4,4,2,2,4,4,4,2,2,0,2,3,1,1,1,2,1,1,1,2,2,2,1,2,1,2,1,1,2,4,2,2,4,2,1,2,2,4,1,2,4,2,2,4,2,4,2,1,2,2,1,1,4,2,0,1,1,0,1,2,4,4,1,0,2,4,2,4,0,4,2,4,1,2,2,2,2,1,4,1,1,2,2,4,3,4,2,0,1,2,2,4,1,0,2,3,2,1,1,1,2,2,1,4,2,2,1,4,4,4,1,2,4,1,4,4,1,1,1,1,2,4,4,1,1,0,1,2,4,3,2,2,2,1,2,1,4,4,1,2,2,3,2,2,1,2,2,2,2,2,4,0,1,2,1,2,2,2,4,1,4,1,1,4,2,2,2,2,2,4,1,1,0,2,4,1,1,2,1,2,4,4,3,1,2,4,2,0,0,0,2,0,4,2,0,1,4,1,1,2,4,1,4,1,2,1,1,4,0,4,2,1,2,2,1,3,4,4,1,4,1,0,1,2,2,1,2,1,3,4,0,2,1,4,4,4,1,3,1,1,2,0,1,2,1,0,0,2,1,1,1,3,4,1,2,1,4,4,3,2,3,3,0,2,0,3,2,1,3,4,2,0,1,3,2,3,1,2,2,2,0,2,2,2,1,4,2,1,1,1,4,3,1,1,1,1,1,4,2,2,0,2,2,3,1,2,2,1,2,1,4,1,2,0,4,2,1,4,2,1,1,2,2,4,0,2,4,3,2,1,0,1,2,4,2,1,1,2,4,0,1,3,2,4,4,1,3,2,1,4,1,4,2,0,1,1,2,2,1,2,1,1,1,3,1,2,2,1,0,2,0,1,2,4,1,1,1,3,2,2,2,4,1,2,2,2,1,2,2,0,4,2,2,3,1,2,2,3,1,0,1,2,0,2,1,0,1,2,3,2,2,3,0,2,3,1,2,0,2,2,1,1,2,1,2,1,1,1,2,0,2,2,1,4,0,1,2,3,4,0,2,1,2,2,1,0,4,0,1,2,0,1,2,2,1,4,2,2,2,1,2,1,2,2,0,0,0,1,2,1,1,2,2,1,2,2,2,1,0,0,1,2,0,1,1,1,2,3,3,3,2,3,0,3,4,1,1,2,2,2,0,3,2,4,2,1,1,2,2,1,0,1,2,3,2,0,2,0,0,1,4,1,1,2,1,2,0,3,4,0,3,3,4,2,1,2,1,1,2,4,2,2,3,3,2,2,1,4,1,2,2,2,3,1,3,3,2,0,0,1,2,0,3,3,0,0,2,1,3,2,3,2,4,2,3,2,2,0,0,2,1,4,4,4,0,3,2,2,1,3,3,2,0,4,2,4,2,2,0,2,3,1,2,0,2,3,3,1,0,3,3,2,3,3,2,4,2,1,2,1,1,1,2,3,2,1,0,1,0,2,2,1,4,1,1,2,1,2,0,4,1,3,0,4,1,2,2,1,3,2,2,2,4,0,2,1,3,2,0,0,4,2,2,2,2,3,3,3,2,3,0,2,2,3,1,2,2,0,2,1,4,2,1,1,2,3,3,1,2,3,0,4,2,2,2,0,2,1,1,3,2,4,1,2,4,1,1,4,3,0,2,0,4,3,3,4,2,1,2,1,2,1,1,3,4,2,2,2,3,3,1,2,4,1,0,0,1,1,2,1,0,3,2,4,2,3,2,2,3,2,0,0,4,3,2,3,2,0,0,3,3,3,1,2,2,2,2,3,2,4,3,1,3,3,2,1,4,2,3,2,1,2,2,0,0,0,3,1,3,2,1,1,1,0,0,1,2,1,2,1,2,3,1,1,3,4,2,1,1,2,4,2,2,1,4,1,4,3,1,2,4,2,2,1,2,2,1,0,2,2,0,1,1,4,1,1,1,4,1,1,1,2,2,2,2,0,2,2,0,4,3,2,2,2,1,4,2,1,1,1,4,4,0,2,0,1,4,1,2,2,1,2,3,1,0,4,3,4,1,2,1,4,4,2,2,1,1,0,3,3,0,0,1,4,2,2,3,2,0,2,1,4,2,1,1,3,2,2,3,3,2,1,4,0,2,2,4,0,2,0,1,2,4,2,4,3,0,2,2,2,2,2,4,4,2,2,4,2,2,4,2,2,1,2,1,2,3,4,4,1,4,2,1,2,1,4,4,2,4,2,2,1,2,2,2,1,2,2,2,0,1,3,2,0,4,2,2,2,1,4,2,4,2,4,2,2,0,3,2,2,0,1,0,1,3,0,4,0,1,1,4,1,2,0,1,3,0,3,2,2,2,0,3,3,0,4,1,2,0,1,2,4,4,4,4,3,2,4,1,0,2,2,1,1,4,2,2,1,2,1,2,3,3,2,4,2,1,3,3,1,1,0,1,2,3,3,2,2,1,3,2,4,1,1,2,0,2,2,1,1,0,1,3,4,2,1,3,2,1,3,1,0,0,2,4,1,2,2,2,0,0,1,2,2,2,3,2,0,0,2,4,4,2,2,3,0,4,1,2,1,3,3,4,4,0,2,0,4,0,1,3,0,2,0,1,1,4,0,2,0,0,0,4,1,4,2,1,1,4,4,0,4,2,1,2,0,1,0,2,1,2,3,2,0,3,4,2,1,4,2,1,2,1,0,2,2,1,2,1,3,2,2,0,1,3,2,1,4,0,2,1,1,4,3,2,2,3,2,4,2,2,1,1,1,1,0,1,1,1,4,2,1,3,2,2,2,1,1,0,2,2,2,0,4,4,3,0,0,1,3,1,3,2,2,1,0,1,4,2,1,4,2,3,2,2,2,2,2,3,2,2,3,1,2,1,1,2,3,0,1,1,1,4,4,0,1,2,1,1,3,2,0,1,2,4,1,1,2,2,1,2,2,2,1,0,2,0,1,2,2,1,1,2,2,2,2,0,2,2,2,3,0,2,3,0,0,0,1,1,0,3,1,2,2,3,0,0,3,3,0,2]",ok,
169,kmeans,7,0.15,0.6370338120709674,3,"fused_2_low+fused_4_megahigh, fused_2_high, fused_2_medium",huang,"[308, 336, 468, 334, 353]",0.18302353105574615,0.020011117287381877,"[2,2,2,2,2,1,2,3,2,4,3,1,3,0,0,0,1,0,2,2,0,0,2,2,0,2,1,4,1,2,2,1,2,0,2,4,0,4,0,4,4,2,1,1,0,2,2,2,4,3,4,3,1,4,1,2,4,0,4,4,0,2,2,4,4,0,4,4,2,2,0,4,2,4,2,2,0,1,1,2,1,0,1,2,2,2,2,2,1,2,4,1,2,0,1,4,3,4,4,0,1,3,1,4,2,3,2,0,1,2,1,1,1,1,0,0,4,0,2,2,0,1,4,1,4,0,0,3,0,0,2,0,2,4,0,2,0,0,0,2,1,0,3,2,2,2,0,1,0,1,2,2,0,2,2,2,1,2,1,2,2,3,2,1,2,2,1,4,2,2,1,0,2,4,1,2,2,1,3,2,0,2,0,2,3,4,1,1,4,1,2,2,0,4,4,4,2,2,4,2,0,1,4,4,3,2,1,3,4,2,4,0,2,2,0,4,1,1,0,2,2,4,2,0,2,4,2,1,4,0,2,4,1,4,4,1,4,4,4,4,1,2,2,4,2,4,0,2,4,3,3,0,4,2,2,0,4,4,0,2,4,4,2,2,1,0,4,0,4,4,1,2,2,4,3,2,0,0,2,4,4,0,4,2,4,2,0,4,0,3,2,1,0,4,0,2,2,1,0,2,4,2,2,2,1,1,4,1,1,1,3,2,1,0,0,4,1,2,2,0,0,0,3,0,4,2,1,0,1,0,2,3,2,0,1,1,4,2,1,1,1,4,0,0,2,2,4,4,2,4,4,2,4,2,1,0,4,4,0,4,2,0,2,2,4,4,1,2,4,4,0,4,2,1,4,1,0,1,4,2,0,1,2,0,1,2,2,2,1,4,2,0,3,0,4,2,4,1,1,2,0,0,1,2,4,4,0,3,0,4,1,4,2,1,2,3,0,2,1,2,4,3,1,2,4,2,2,0,2,2,4,1,3,3,2,0,2,2,0,4,0,4,3,0,3,1,4,2,4,4,3,0,3,4,1,3,1,4,2,2,1,0,0,1,2,0,1,0,4,0,0,0,1,2,1,3,4,2,4,2,2,4,0,0,1,0,3,3,2,2,4,4,2,2,2,1,1,3,4,3,0,2,0,4,0,0,2,4,1,4,0,1,0,4,0,0,1,2,4,4,2,4,0,4,1,2,2,1,2,4,4,2,4,2,4,0,1,4,4,2,2,1,3,2,0,3,2,1,2,2,0,3,1,2,4,2,3,2,1,2,0,4,1,1,1,2,2,0,0,4,4,2,3,2,4,3,0,4,1,2,0,3,4,3,1,0,0,0,1,1,0,2,4,4,0,2,2,2,0,1,2,0,2,2,2,0,0,0,1,2,2,0,0,3,0,4,2,3,4,4,1,0,4,2,2,2,0,1,1,3,4,1,0,1,4,4,1,4,2,3,0,4,2,1,1,4,2,0,2,0,0,2,1,1,4,1,4,2,2,2,3,4,2,0,4,4,0,4,2,2,3,0,1,2,4,3,1,3,4,3,2,2,3,0,2,0,2,4,2,0,2,2,4,0,2,2,3,2,4,2,4,1,2,3,2,2,2,2,0,3,0,1,4,0,1,0,3,2,1,1,0,2,2,2,0,3,2,0,4,3,0,4,0,3,3,1,0,0,0,3,2,2,1,0,2,2,3,1,3,3,1,4,1,3,4,0,3,2,1,3,0,3,1,3,0,1,4,1,1,4,4,1,0,2,1,2,2,0,2,3,2,2,4,0,0,2,1,1,3,1,1,3,0,1,4,0,4,0,2,2,1,3,2,1,2,2,1,2,2,4,4,2,3,1,2,3,1,0,3,0,4,2,4,2,0,4,2,3,2,3,4,2,2,0,3,4,2,2,4,2,4,3,0,0,4,1,0,4,2,0,2,3,0,4,1,0,3,1,3,2,1,2,0,2,0,3,1,4,1,2,0,4,1,4,0,1,4,3,2,1,4,3,2,1,4,3,2,1,0,1,3,4,0,3,0,4,3,1,2,3,3,1,3,2,1,3,1,1,0,0,1,2,1,0,0,2,4,3,4,1,0,2,3,0,4,3,2,1,4,0,4,1,2,3,2,3,2,1,3,0,1,4,0,2,1,4,4,2,4,0,1,1,3,1,1,0,4,2,0,1,4,0,4,1,4,0,3,3,0,4,3,2,0,2,1,3,3,3,4,3,3,3,2,0,2,4,1,1,3,3,4,2,1,4,0,1,4,0,3,0,1,3,1,3,4,1,3,2,2,0,0,4,0,4,3,3,2,3,3,3,2,1,0,4,0,2,4,2,1,1,3,3,4,4,0,2,2,1,4,1,3,4,3,3,1,1,3,0,1,3,3,3,3,3,4,0,3,4,3,1,2,1,3,1,1,1,3,4,0,2,2,2,1,3,1,4,2,3,3,1,3,2,1,2,1,1,3,4,3,0,4,3,4,3,3,0,3,3,3,1,3,3,4,2,4,0,1,0,2,0,4,3,4,2,3,0,3,1,4,0,2,0,2,1,2,4,3,2,0,3,3,2,0,4,4,0,3,1,4,1,2,1,1,0,3,1,1,3,2,1,1,1,1,3,3,3,4,3,3,1,1,3,0,4,4,1,1,2,2,4,0,2,1,3,3,2,1,3,3,2,4,1,1,3,4,2,2,3,4,2,2,4,2,0,2,2,3,3,1,3,2,3,3,2,4,0,4,0,4,0,0,3,2,1,1,4,3,3,2,4,2,0,3,3,0,0,1,2,3,3,1,2,1,3,4,1,3,4,3,3,2,3,4,3,4,1,3,3,3,3,2,4,4,1,1,3,4,2,3,0,3,3,4,2,2,1,3,4,2,4,4,3,3,3,3,2,3,4,2,2,2,3,3,2,4,0,1,2,4,3,2,0,3,2,1,2,4,4,2,1,4,0,2,2,2,3,2,4,2,4,4,0,4,4,0,3,4,4,3,0,0,2,0,0,4,2,2,0,0,4,1,1,1,3,4,1,3,2,3,1,1,4,0,2,1,0,0,2,2,2,3,1,3,0,2,0,4,1,0,1,3,0,3,2,3,2,2,4,2,2,2,4,1,2,0,3,3,3,3,3,0,2,4,1,3,1,3,4,2,2,4,0,0,3,4,4,3,3,4,0,2,3,4,1,2,1,1,3,2,4,2,1,2,3,3,4,1,4,1,1,2,2,1,4,2,1,2,2,1,4,2,4,0,4,3,2,2,0,2,4,2,1,0,2,2,4,2,4,4,2,1,1,4,2,1,4,1,3,2,3,1,3,2,1,4,1,2,2,1,2,1,2,1,4,3,3,1,1,3,0,3,2,3,3,2,3,4,2,2,2,4,3,0,3,3,3,4,1,1,3,3,3,3,2,2,4,3,0,1,2,2,2,2,3,1,2,0,1,4,1,0,0,2,4,4,0,4,0,1,3,3,4,2,1,2,3,3,2,0,3,0,2,3,3,4,1,2,3,4,2,2,0,1,3,1,1,2,0,3,2,3,2,4,2,3,1,0,3,0,3,3,1,2,0,4,1,1,3,3,2,4,4,1,3,1,3,3,1,2,2,4,1,3,3,2,2,1,2,3,3,2,2,3,1,3,2,3,0,3,1,4,3,0,2,2,3,1,1,3,3,2,0,2,4,2,2,2,2,3,2,1,0,1,3,2,3,1,2,4,3,4,1,3,2,4,0,2,1,0,1,2,3,4,1,0,4,2,3,1,4,3,2,3,1,0,2,3,4,2,0,2,3,4,1,3,1,2,4,4,2,0,0,2,3,0,4,0,2,1,0,3,4,1,4,2,0,3,4,4,4,3,2,2,3,3,3,2,3,0,3,4,4,0,3,0,2,1,0,2,1,3,1,1,4,4,1,3,1,4,3,2,1,2,0,4,3,3,0,0,0,2,2,3,2,4,2,0,3,1,3,0,4,2,2,2,1,4,0,4,1,1,0,3,1,3,0,4,1,2,0,1,4,4,4,3,1,4,4,3,3,4,3,3,3,3,2,2,3,3,2,4,4,3,1,3,3,3,1,4]",ok,
170,kmeans,7,0.1,0.553434185604284,2,"fused_2_low+fused_4_megahigh, fused_2_veryhigh",huang,"[842, 167, 192, 290, 308]",0.20937900025547213,0.011117287381878822,"[3,0,3,3,0,0,3,2,3,0,2,0,2,4,4,4,0,4,3,3,4,4,3,3,4,3,0,0,0,0,3,0,3,4,3,0,4,0,4,0,0,0,0,0,4,3,3,3,0,2,0,1,0,0,0,3,0,4,0,0,4,3,3,0,0,4,0,0,3,3,4,0,3,0,3,3,4,0,0,3,0,4,0,0,3,3,3,3,0,3,0,2,3,4,0,0,2,0,0,4,0,2,0,0,3,2,0,4,0,3,0,2,0,0,4,4,0,4,0,3,4,0,0,0,0,4,4,1,4,4,3,4,3,0,4,0,4,4,4,3,0,4,1,3,3,3,4,0,4,0,0,0,4,3,3,3,0,3,0,0,3,1,0,0,0,3,0,0,0,3,0,4,3,0,0,3,0,2,2,0,4,3,4,3,2,0,0,0,0,0,3,3,4,0,0,0,3,3,0,0,4,0,0,0,2,0,0,1,0,3,0,4,3,3,4,0,0,0,4,3,0,0,3,4,3,0,3,0,0,4,3,0,0,0,0,0,0,0,0,0,0,0,3,0,3,0,4,3,0,2,2,4,0,3,3,4,0,0,4,3,0,0,3,3,0,4,0,4,0,0,0,3,3,0,1,3,4,4,3,0,0,4,0,3,0,3,4,0,4,1,0,0,4,0,4,3,3,0,4,3,0,0,0,3,0,0,0,0,0,0,2,3,0,4,4,0,0,3,0,4,4,4,2,4,0,3,0,4,0,4,0,1,0,4,0,2,0,3,0,0,0,0,4,4,0,0,0,0,0,0,0,0,0,0,0,4,0,0,4,0,0,4,3,3,0,0,0,0,0,0,4,0,3,0,0,0,4,0,0,3,4,0,3,4,0,3,0,0,0,0,3,4,2,4,0,3,0,0,0,0,4,4,0,0,0,0,4,1,4,0,0,0,0,0,3,2,4,3,0,3,0,2,0,3,0,3,0,4,0,3,0,0,2,2,3,4,3,0,4,0,4,0,2,4,1,0,0,3,0,0,1,4,1,0,0,2,0,0,0,0,0,4,4,0,3,4,0,4,0,4,4,4,0,3,0,1,0,3,0,3,3,0,4,4,0,4,2,2,3,3,0,0,3,3,3,0,0,2,0,1,4,0,4,0,4,4,0,0,0,0,4,0,4,0,4,4,0,3,0,0,3,0,4,0,0,3,0,0,3,0,0,3,0,3,0,4,0,0,0,0,3,0,2,0,4,2,0,0,3,3,4,2,0,3,0,3,2,3,0,3,4,0,0,0,0,0,3,4,4,0,0,3,1,3,0,2,4,0,0,3,4,2,0,1,0,4,4,4,0,0,4,3,0,0,4,3,3,3,4,0,3,4,3,3,0,4,4,4,0,3,3,4,4,2,4,0,3,1,0,0,0,4,0,0,3,3,4,0,0,1,0,0,4,0,0,0,0,0,3,2,4,0,0,0,0,0,3,4,3,4,4,3,0,0,0,0,0,3,0,0,2,0,3,4,0,0,4,0,3,3,1,4,0,3,0,2,2,2,0,2,3,0,2,4,3,4,0,0,3,4,3,0,0,4,0,3,2,3,0,0,0,0,0,1,3,3,0,0,4,2,4,0,0,4,0,4,1,3,2,0,4,3,3,3,4,1,0,4,0,2,4,0,4,2,2,0,4,4,4,1,3,0,0,4,0,3,1,0,1,1,2,0,2,1,0,4,1,3,0,2,4,1,0,1,4,0,0,0,0,0,0,0,4,3,0,0,0,4,3,1,0,0,0,4,4,3,0,0,2,0,0,1,4,0,0,4,0,4,3,0,0,2,3,0,0,3,0,0,0,0,0,3,2,0,3,1,0,4,2,4,0,3,0,0,4,0,3,2,0,1,0,0,3,4,1,0,0,3,0,3,0,2,4,4,0,0,4,0,0,4,0,1,4,0,0,4,2,0,2,0,0,3,4,0,4,1,0,0,0,3,4,0,0,0,4,0,0,2,3,0,0,1,0,0,0,1,0,2,4,0,2,0,4,2,4,0,1,0,0,1,2,0,1,0,0,2,0,0,4,4,0,0,0,4,4,0,0,2,0,0,4,3,2,4,0,1,3,2,0,4,0,0,0,2,3,2,0,0,2,4,0,0,4,3,0,0,0,0,0,4,0,0,2,2,2,4,0,0,4,0,0,4,0,0,0,4,2,2,4,0,2,0,4,0,0,1,1,1,0,1,2,1,3,4,0,0,0,0,2,1,0,3,0,0,4,0,0,4,2,4,0,1,0,2,0,2,2,0,3,4,4,0,4,0,2,1,3,2,1,1,3,0,4,0,4,0,0,3,0,0,1,1,0,0,4,3,0,0,0,0,1,0,1,1,0,2,2,4,0,2,1,1,2,2,0,4,1,0,1,0,3,0,1,0,0,2,2,0,4,3,3,3,2,1,0,0,0,1,1,0,2,3,0,3,0,0,2,0,1,4,0,2,0,1,1,4,2,1,1,0,1,1,0,3,0,4,0,4,0,4,0,1,0,0,2,4,2,0,0,4,3,4,0,0,0,0,2,3,4,1,2,3,4,0,0,4,1,0,0,0,3,0,0,4,1,0,0,2,3,0,0,0,0,1,1,1,0,1,2,0,0,1,4,0,0,2,0,0,3,0,4,0,0,1,1,0,0,2,2,3,0,0,0,2,0,0,0,1,0,3,0,0,3,4,0,3,1,2,0,2,0,1,1,3,0,4,0,4,0,4,4,1,3,0,0,0,1,1,0,0,3,4,2,1,4,4,0,0,2,1,0,3,0,1,0,0,1,0,2,2,3,1,0,1,0,0,2,1,1,1,0,0,0,0,0,1,0,3,1,4,1,1,0,0,0,0,1,0,0,0,0,2,2,2,1,0,1,0,0,0,0,2,2,0,0,4,0,0,0,1,0,4,1,3,0,0,0,0,3,2,0,4,3,0,3,1,0,0,3,0,0,4,0,0,4,2,0,0,2,4,4,3,4,4,0,3,0,4,4,0,0,0,0,2,0,0,2,3,1,2,0,0,4,3,0,4,4,0,3,3,2,0,2,4,3,4,0,0,4,0,1,4,2,3,1,3,0,0,0,3,3,0,0,0,4,2,1,1,2,2,4,3,0,0,1,0,2,0,0,3,0,4,4,1,0,0,1,1,0,4,3,2,0,0,3,2,0,2,0,0,3,0,3,1,2,0,0,0,0,0,3,3,0,0,3,0,0,3,0,0,0,0,4,0,1,3,3,4,3,0,3,0,4,3,3,0,3,0,0,0,0,0,0,0,0,0,0,2,0,1,0,2,3,0,0,0,0,3,0,3,0,3,0,0,2,1,0,0,2,4,2,0,1,2,3,2,0,0,3,0,0,2,4,1,2,1,0,0,0,2,1,1,2,3,0,0,2,4,0,3,3,3,3,1,0,3,4,2,0,0,4,4,3,0,0,4,0,4,0,1,1,0,3,0,0,1,1,0,4,2,4,0,1,1,0,0,0,1,0,3,0,4,0,2,0,0,0,4,2,0,1,3,0,0,1,0,4,1,4,1,2,0,3,4,0,0,0,2,2,0,0,0,0,1,0,2,2,0,3,3,0,0,1,2,3,0,0,0,1,1,3,3,2,0,2,3,2,4,1,0,0,2,4,0,3,2,0,2,2,1,3,4,3,0,0,0,3,3,2,3,0,4,0,2,0,2,0,0,0,1,0,2,1,3,0,4,3,0,4,0,0,2,0,0,4,0,0,1,0,0,2,0,1,0,4,3,2,0,0,4,3,1,0,0,1,0,3,0,0,0,4,4,0,2,4,0,4,3,0,4,1,0,0,0,0,4,2,0,0,0,2,3,3,1,2,2,0,1,4,1,0,0,4,2,4,3,0,4,3,0,1,0,0,0,0,0,1,0,0,1,0,0,0,4,0,1,2,4,4,4,3,3,2,0,0,0,4,1,0,2,4,0,3,0,0,0,0,4,0,0,2,4,2,0,2,4,0,0,0,4,0,0,0,0,2,0,0,0,1,2,0,1,2,2,2,0,0,2,1,0,0,0,1,0,2,1,1,2,0]",ok,
