job_index,strategy,n_bins,min_support,silhouette_score,n_selected_features,selected_features,cluster_sizes,mu_param,gamma,beta,final_numeric_phi,final_categorical_phi,final_numeric_weights,final_categorical_weights,final_numeric_weights_scaled,final_categorical_weights_scaled,silhouette_sample_std,silhouette_negative_fraction,cluster_assignments,status,error_message
0,uniform,3,1.0,0.42748573683993574,0,,[],,,,,,,,,,,,,baseline_no_features,
1,uniform,3,0.95,0.42748573683993574,0,,[],,,,,,,,,,,,,baseline_no_features,
2,uniform,3,0.9,0.42748573683993574,0,,[],,,,,,,,,,,,,baseline_no_features,
3,uniform,3,0.85,0.42748573683993574,0,,[],,,,,,,,,,,,,baseline_no_features,
4,uniform,3,0.8,0.420733228117298,1,fused_4_high,"[192, 166, 20, 174, 1247]",0.5,0.2,4.0,"{""fused_1"":0.7046508352900438,""fused_2"":0.09753083329199724,""fused_3"":0.5894757605972235,""fused_4"":0.33009805411113713,""fused_5"":0.3247927193679887}","{""fused_4_high"":0.4902989300849017}","{""fused_1"":0.15205317590504505,""fused_2"":0.29394957798860566,""fused_3"":0.16137323383672394,""fused_4"":0.19578188151870324,""fused_5"":0.19684213075092225}","{""fused_4_high"":1.0}","{""fused_1"":0.7602658795252253,""fused_2"":1.4697478899430283,""fused_3"":0.8068661691836198,""fused_4"":0.9789094075935162,""fused_5"":0.9842106537546113}","{""fused_4_high"":1.0}",0.19695254382409252,0.045580878265703166,"[0,4,4,0,4,4,4,3,4,4,3,4,3,4,4,4,4,4,0,0,4,4,0,0,4,0,4,4,4,4,4,4,0,4,0,4,4,4,4,4,4,4,4,4,4,0,4,0,4,3,4,1,4,4,4,4,4,4,4,4,4,0,0,4,4,4,4,4,0,4,4,4,4,4,0,4,4,4,4,0,4,4,4,4,4,0,0,0,4,0,4,4,4,4,4,4,3,4,4,4,4,3,4,4,4,3,4,4,4,0,4,4,4,4,4,4,4,4,4,4,4,4,4,4,4,4,4,1,4,4,4,4,4,4,4,4,4,4,4,0,4,4,1,0,0,0,4,4,4,4,4,4,4,0,0,4,4,0,4,4,0,1,4,4,4,0,4,4,4,4,4,4,0,4,4,4,4,3,3,4,4,0,4,0,3,4,4,4,4,4,0,0,4,4,4,4,0,0,4,4,4,4,4,4,3,4,4,1,4,0,4,4,4,0,4,4,4,4,4,0,4,4,0,4,0,4,0,4,4,4,0,4,4,4,4,4,4,4,4,4,4,4,0,4,4,4,4,4,4,3,3,4,4,0,0,4,4,4,4,0,4,4,0,4,4,4,4,4,4,4,4,4,4,4,1,0,4,4,4,4,4,4,4,4,4,0,4,4,4,1,4,4,4,4,4,4,4,4,4,0,4,4,4,0,4,4,4,4,4,4,3,0,4,4,4,4,4,0,4,4,4,4,3,4,4,0,4,4,4,4,4,1,4,4,4,4,4,4,4,4,4,4,4,4,4,4,4,4,4,4,4,4,4,4,4,4,4,4,4,2,4,4,4,4,4,4,4,4,4,4,4,4,0,4,4,4,4,4,4,4,4,4,0,4,4,0,4,4,4,4,4,4,3,4,4,4,4,4,4,4,4,4,4,4,4,4,4,1,4,4,4,4,4,4,0,3,4,4,4,4,4,3,4,0,4,0,4,4,4,4,4,4,3,3,4,4,0,4,4,4,4,4,3,4,1,4,4,4,4,4,1,4,1,4,4,3,4,4,4,4,4,4,4,4,0,4,4,4,4,4,4,4,4,0,4,1,4,0,4,0,0,4,4,4,4,4,3,3,0,4,4,4,0,4,0,4,4,3,4,1,4,4,4,4,4,4,4,4,4,4,4,4,4,4,4,4,4,4,4,4,0,4,4,4,4,4,4,4,4,4,4,0,4,0,4,4,4,4,4,4,4,4,3,4,4,3,4,4,0,0,4,3,4,0,4,0,3,0,4,0,4,4,4,4,4,4,0,4,4,4,4,4,1,4,4,3,4,4,4,0,4,3,4,1,4,4,4,4,4,4,4,4,4,4,4,0,4,4,4,4,0,4,4,0,4,4,4,4,4,0,0,4,4,3,4,4,0,1,4,4,4,4,4,4,0,4,4,4,4,1,4,4,4,4,4,4,4,4,0,3,4,4,4,4,4,4,0,4,4,4,4,4,4,4,4,4,4,0,4,4,3,4,0,4,4,4,4,4,0,0,1,4,4,0,4,3,4,3,4,3,0,4,3,4,0,4,4,4,4,4,4,4,4,4,4,0,3,0,4,4,4,4,4,1,4,0,4,4,4,3,4,4,4,4,4,4,1,0,4,4,4,4,0,4,4,1,4,4,4,3,4,4,4,3,3,4,4,4,4,1,0,4,4,4,4,4,1,4,1,1,4,4,4,1,4,4,1,4,4,3,4,1,4,1,4,4,4,4,2,4,4,4,4,0,4,4,4,4,4,1,4,4,2,4,4,0,4,4,3,4,4,1,4,4,4,4,4,4,0,4,4,3,0,4,4,0,4,4,4,4,4,0,3,4,0,1,4,4,3,4,4,0,4,4,4,4,4,3,4,1,4,4,0,4,1,4,4,0,4,0,4,3,4,4,4,2,4,4,4,4,4,1,4,4,4,4,3,4,3,4,4,0,4,4,4,1,4,4,4,4,4,4,4,4,4,4,4,3,0,4,4,1,4,4,4,1,4,3,4,4,3,4,4,3,4,4,1,4,4,1,3,4,1,4,4,3,4,4,4,4,2,4,4,4,4,4,4,3,4,4,4,0,3,4,4,1,0,3,4,4,4,4,4,3,4,3,4,4,3,4,4,4,4,4,4,4,4,4,4,4,4,4,3,4,4,4,4,4,4,4,4,4,4,4,4,4,3,3,4,4,3,4,4,4,4,1,1,1,4,1,3,1,0,4,4,4,4,4,3,1,4,4,4,4,4,4,4,4,3,4,2,1,4,3,4,4,3,4,4,4,4,4,4,4,3,1,0,3,1,1,0,4,4,4,4,4,4,0,4,4,1,1,4,4,4,0,4,4,4,4,1,2,1,1,4,4,3,4,4,3,1,1,3,3,4,4,1,4,1,4,0,4,1,4,4,4,3,4,4,0,0,4,3,1,4,4,4,1,1,4,3,4,4,0,4,4,3,4,1,4,4,3,4,1,1,4,3,1,1,4,1,1,4,0,4,4,4,4,4,4,4,1,4,4,3,4,3,4,4,4,4,4,4,4,4,4,3,0,4,1,3,0,4,4,4,4,1,4,4,4,4,2,4,4,1,2,3,3,0,4,4,4,4,1,1,1,4,1,3,4,4,1,4,4,4,4,4,4,0,4,4,4,2,1,1,4,4,1,3,0,4,4,4,3,4,4,4,1,4,0,4,4,0,4,4,0,1,3,4,3,4,1,1,0,4,4,4,4,4,4,4,1,0,2,4,4,1,1,4,4,0,4,3,3,4,4,4,4,3,1,4,0,4,1,4,4,1,4,3,3,4,1,4,1,4,2,3,1,1,1,4,4,4,4,4,1,4,0,1,4,1,1,4,4,4,4,1,4,4,4,4,3,3,3,1,4,1,4,4,4,4,3,3,4,4,4,4,4,4,1,4,4,1,0,4,4,4,4,4,4,4,4,0,4,0,1,4,4,4,4,4,4,4,4,4,3,4,2,3,4,4,4,4,4,4,0,4,4,4,4,4,4,4,3,4,2,3,0,1,4,4,4,4,0,4,4,4,4,0,4,3,4,3,4,0,4,4,4,4,4,1,4,3,0,1,4,4,4,4,0,4,4,4,4,4,3,1,1,3,3,4,4,4,4,1,4,3,4,4,0,4,4,4,1,4,4,1,1,4,4,0,3,4,4,0,4,4,3,4,4,0,4,0,1,3,4,2,4,4,4,0,0,4,4,4,4,4,4,4,4,4,4,4,4,1,0,0,4,4,4,4,4,4,0,0,4,0,4,4,4,4,4,4,4,4,4,4,3,4,1,4,3,4,4,4,4,4,0,4,0,4,0,4,4,3,1,4,4,3,4,3,4,1,3,0,3,4,4,4,4,4,3,4,1,3,1,4,4,4,3,1,1,3,4,4,4,3,4,4,0,0,0,0,1,4,4,4,4,4,4,4,4,0,4,4,4,4,4,4,1,1,4,0,4,4,1,1,4,4,3,4,4,1,1,4,4,4,1,4,0,4,4,2,3,4,4,4,4,3,4,1,0,4,4,1,4,4,1,4,1,3,4,0,4,4,4,4,3,3,4,4,4,4,1,4,3,3,4,0,0,4,4,1,3,0,4,4,4,1,1,4,0,3,4,3,0,3,4,1,3,4,3,4,4,0,3,4,4,3,3,4,4,0,4,4,4,4,4,3,4,4,4,4,3,4,3,4,4,4,1,4,4,1,4,4,4,4,4,4,4,4,3,4,4,4,4,4,1,4,4,3,4,1,4,4,0,3,4,4,4,0,1,4,4,1,4,4,4,4,4,4,4,4,3,4,4,4,0,4,4,1,4,4,4,4,4,3,4,4,4,3,0,0,1,3,3,4,1,4,1,4,4,4,3,4,0,4,4,4,4,1,4,4,4,4,4,1,4,4,1,4,4,2,4,4,1,3,4,4,4,4,0,3,4,4,4,4,1,2,3,4,4,0,4,4,4,4,4,4,4,4,4,3,4,3,4,4,4,4,4,4,4,4,4,3,2,4,4,1,3,4,1,3,3,3,4,4,3,1,4,4,4,1,2,3,1,1,4,4]",ok,
5,uniform,3,0.75,0.420733228117298,1,fused_4_high,"[192, 166, 20, 174, 1247]",0.5,0.2,4.0,"{""fused_1"":0.7046508352900438,""fused_2"":0.09753083329199724,""fused_3"":0.5894757605972235,""fused_4"":0.33009805411113713,""fused_5"":0.3247927193679887}","{""fused_4_high"":0.4902989300849017}","{""fused_1"":0.15205317590504505,""fused_2"":0.29394957798860566,""fused_3"":0.16137323383672394,""fused_4"":0.19578188151870324,""fused_5"":0.19684213075092225}","{""fused_4_high"":1.0}","{""fused_1"":0.7602658795252253,""fused_2"":1.4697478899430283,""fused_3"":0.8068661691836198,""fused_4"":0.9789094075935162,""fused_5"":0.9842106537546113}","{""fused_4_high"":1.0}",0.19695254382409252,0.045580878265703166,"[0,4,4,0,4,4,4,3,4,4,3,4,3,4,4,4,4,4,0,0,4,4,0,0,4,0,4,4,4,4,4,4,0,4,0,4,4,4,4,4,4,4,4,4,4,0,4,0,4,3,4,1,4,4,4,4,4,4,4,4,4,0,0,4,4,4,4,4,0,4,4,4,4,4,0,4,4,4,4,0,4,4,4,4,4,0,0,0,4,0,4,4,4,4,4,4,3,4,4,4,4,3,4,4,4,3,4,4,4,0,4,4,4,4,4,4,4,4,4,4,4,4,4,4,4,4,4,1,4,4,4,4,4,4,4,4,4,4,4,0,4,4,1,0,0,0,4,4,4,4,4,4,4,0,0,4,4,0,4,4,0,1,4,4,4,0,4,4,4,4,4,4,0,4,4,4,4,3,3,4,4,0,4,0,3,4,4,4,4,4,0,0,4,4,4,4,0,0,4,4,4,4,4,4,3,4,4,1,4,0,4,4,4,0,4,4,4,4,4,0,4,4,0,4,0,4,0,4,4,4,0,4,4,4,4,4,4,4,4,4,4,4,0,4,4,4,4,4,4,3,3,4,4,0,0,4,4,4,4,0,4,4,0,4,4,4,4,4,4,4,4,4,4,4,1,0,4,4,4,4,4,4,4,4,4,0,4,4,4,1,4,4,4,4,4,4,4,4,4,0,4,4,4,0,4,4,4,4,4,4,3,0,4,4,4,4,4,0,4,4,4,4,3,4,4,0,4,4,4,4,4,1,4,4,4,4,4,4,4,4,4,4,4,4,4,4,4,4,4,4,4,4,4,4,4,4,4,4,4,2,4,4,4,4,4,4,4,4,4,4,4,4,0,4,4,4,4,4,4,4,4,4,0,4,4,0,4,4,4,4,4,4,3,4,4,4,4,4,4,4,4,4,4,4,4,4,4,1,4,4,4,4,4,4,0,3,4,4,4,4,4,3,4,0,4,0,4,4,4,4,4,4,3,3,4,4,0,4,4,4,4,4,3,4,1,4,4,4,4,4,1,4,1,4,4,3,4,4,4,4,4,4,4,4,0,4,4,4,4,4,4,4,4,0,4,1,4,0,4,0,0,4,4,4,4,4,3,3,0,4,4,4,0,4,0,4,4,3,4,1,4,4,4,4,4,4,4,4,4,4,4,4,4,4,4,4,4,4,4,4,0,4,4,4,4,4,4,4,4,4,4,0,4,0,4,4,4,4,4,4,4,4,3,4,4,3,4,4,0,0,4,3,4,0,4,0,3,0,4,0,4,4,4,4,4,4,0,4,4,4,4,4,1,4,4,3,4,4,4,0,4,3,4,1,4,4,4,4,4,4,4,4,4,4,4,0,4,4,4,4,0,4,4,0,4,4,4,4,4,0,0,4,4,3,4,4,0,1,4,4,4,4,4,4,0,4,4,4,4,1,4,4,4,4,4,4,4,4,0,3,4,4,4,4,4,4,0,4,4,4,4,4,4,4,4,4,4,0,4,4,3,4,0,4,4,4,4,4,0,0,1,4,4,0,4,3,4,3,4,3,0,4,3,4,0,4,4,4,4,4,4,4,4,4,4,0,3,0,4,4,4,4,4,1,4,0,4,4,4,3,4,4,4,4,4,4,1,0,4,4,4,4,0,4,4,1,4,4,4,3,4,4,4,3,3,4,4,4,4,1,0,4,4,4,4,4,1,4,1,1,4,4,4,1,4,4,1,4,4,3,4,1,4,1,4,4,4,4,2,4,4,4,4,0,4,4,4,4,4,1,4,4,2,4,4,0,4,4,3,4,4,1,4,4,4,4,4,4,0,4,4,3,0,4,4,0,4,4,4,4,4,0,3,4,0,1,4,4,3,4,4,0,4,4,4,4,4,3,4,1,4,4,0,4,1,4,4,0,4,0,4,3,4,4,4,2,4,4,4,4,4,1,4,4,4,4,3,4,3,4,4,0,4,4,4,1,4,4,4,4,4,4,4,4,4,4,4,3,0,4,4,1,4,4,4,1,4,3,4,4,3,4,4,3,4,4,1,4,4,1,3,4,1,4,4,3,4,4,4,4,2,4,4,4,4,4,4,3,4,4,4,0,3,4,4,1,0,3,4,4,4,4,4,3,4,3,4,4,3,4,4,4,4,4,4,4,4,4,4,4,4,4,3,4,4,4,4,4,4,4,4,4,4,4,4,4,3,3,4,4,3,4,4,4,4,1,1,1,4,1,3,1,0,4,4,4,4,4,3,1,4,4,4,4,4,4,4,4,3,4,2,1,4,3,4,4,3,4,4,4,4,4,4,4,3,1,0,3,1,1,0,4,4,4,4,4,4,0,4,4,1,1,4,4,4,0,4,4,4,4,1,2,1,1,4,4,3,4,4,3,1,1,3,3,4,4,1,4,1,4,0,4,1,4,4,4,3,4,4,0,0,4,3,1,4,4,4,1,1,4,3,4,4,0,4,4,3,4,1,4,4,3,4,1,1,4,3,1,1,4,1,1,4,0,4,4,4,4,4,4,4,1,4,4,3,4,3,4,4,4,4,4,4,4,4,4,3,0,4,1,3,0,4,4,4,4,1,4,4,4,4,2,4,4,1,2,3,3,0,4,4,4,4,1,1,1,4,1,3,4,4,1,4,4,4,4,4,4,0,4,4,4,2,1,1,4,4,1,3,0,4,4,4,3,4,4,4,1,4,0,4,4,0,4,4,0,1,3,4,3,4,1,1,0,4,4,4,4,4,4,4,1,0,2,4,4,1,1,4,4,0,4,3,3,4,4,4,4,3,1,4,0,4,1,4,4,1,4,3,3,4,1,4,1,4,2,3,1,1,1,4,4,4,4,4,1,4,0,1,4,1,1,4,4,4,4,1,4,4,4,4,3,3,3,1,4,1,4,4,4,4,3,3,4,4,4,4,4,4,1,4,4,1,0,4,4,4,4,4,4,4,4,0,4,0,1,4,4,4,4,4,4,4,4,4,3,4,2,3,4,4,4,4,4,4,0,4,4,4,4,4,4,4,3,4,2,3,0,1,4,4,4,4,0,4,4,4,4,0,4,3,4,3,4,0,4,4,4,4,4,1,4,3,0,1,4,4,4,4,0,4,4,4,4,4,3,1,1,3,3,4,4,4,4,1,4,3,4,4,0,4,4,4,1,4,4,1,1,4,4,0,3,4,4,0,4,4,3,4,4,0,4,0,1,3,4,2,4,4,4,0,0,4,4,4,4,4,4,4,4,4,4,4,4,1,0,0,4,4,4,4,4,4,0,0,4,0,4,4,4,4,4,4,4,4,4,4,3,4,1,4,3,4,4,4,4,4,0,4,0,4,0,4,4,3,1,4,4,3,4,3,4,1,3,0,3,4,4,4,4,4,3,4,1,3,1,4,4,4,3,1,1,3,4,4,4,3,4,4,0,0,0,0,1,4,4,4,4,4,4,4,4,0,4,4,4,4,4,4,1,1,4,0,4,4,1,1,4,4,3,4,4,1,1,4,4,4,1,4,0,4,4,2,3,4,4,4,4,3,4,1,0,4,4,1,4,4,1,4,1,3,4,0,4,4,4,4,3,3,4,4,4,4,1,4,3,3,4,0,0,4,4,1,3,0,4,4,4,1,1,4,0,3,4,3,0,3,4,1,3,4,3,4,4,0,3,4,4,3,3,4,4,0,4,4,4,4,4,3,4,4,4,4,3,4,3,4,4,4,1,4,4,1,4,4,4,4,4,4,4,4,3,4,4,4,4,4,1,4,4,3,4,1,4,4,0,3,4,4,4,0,1,4,4,1,4,4,4,4,4,4,4,4,3,4,4,4,0,4,4,1,4,4,4,4,4,3,4,4,4,3,0,0,1,3,3,4,1,4,1,4,4,4,3,4,0,4,4,4,4,1,4,4,4,4,4,1,4,4,1,4,4,2,4,4,1,3,4,4,4,4,0,3,4,4,4,4,1,2,3,4,4,0,4,4,4,4,4,4,4,4,4,3,4,3,4,4,4,4,4,4,4,4,4,3,2,4,4,1,3,4,1,3,3,3,4,4,3,1,4,4,4,1,2,3,1,1,4,4]",ok,
6,uniform,3,0.7,0.420733228117298,1,fused_4_high,"[192, 166, 20, 174, 1247]",0.5,0.2,4.0,"{""fused_1"":0.7046508352900438,""fused_2"":0.09753083329199724,""fused_3"":0.5894757605972235,""fused_4"":0.33009805411113713,""fused_5"":0.3247927193679887}","{""fused_4_high"":0.4902989300849017}","{""fused_1"":0.15205317590504505,""fused_2"":0.29394957798860566,""fused_3"":0.16137323383672394,""fused_4"":0.19578188151870324,""fused_5"":0.19684213075092225}","{""fused_4_high"":1.0}","{""fused_1"":0.7602658795252253,""fused_2"":1.4697478899430283,""fused_3"":0.8068661691836198,""fused_4"":0.9789094075935162,""fused_5"":0.9842106537546113}","{""fused_4_high"":1.0}",0.19695254382409252,0.045580878265703166,"[0,4,4,0,4,4,4,3,4,4,3,4,3,4,4,4,4,4,0,0,4,4,0,0,4,0,4,4,4,4,4,4,0,4,0,4,4,4,4,4,4,4,4,4,4,0,4,0,4,3,4,1,4,4,4,4,4,4,4,4,4,0,0,4,4,4,4,4,0,4,4,4,4,4,0,4,4,4,4,0,4,4,4,4,4,0,0,0,4,0,4,4,4,4,4,4,3,4,4,4,4,3,4,4,4,3,4,4,4,0,4,4,4,4,4,4,4,4,4,4,4,4,4,4,4,4,4,1,4,4,4,4,4,4,4,4,4,4,4,0,4,4,1,0,0,0,4,4,4,4,4,4,4,0,0,4,4,0,4,4,0,1,4,4,4,0,4,4,4,4,4,4,0,4,4,4,4,3,3,4,4,0,4,0,3,4,4,4,4,4,0,0,4,4,4,4,0,0,4,4,4,4,4,4,3,4,4,1,4,0,4,4,4,0,4,4,4,4,4,0,4,4,0,4,0,4,0,4,4,4,0,4,4,4,4,4,4,4,4,4,4,4,0,4,4,4,4,4,4,3,3,4,4,0,0,4,4,4,4,0,4,4,0,4,4,4,4,4,4,4,4,4,4,4,1,0,4,4,4,4,4,4,4,4,4,0,4,4,4,1,4,4,4,4,4,4,4,4,4,0,4,4,4,0,4,4,4,4,4,4,3,0,4,4,4,4,4,0,4,4,4,4,3,4,4,0,4,4,4,4,4,1,4,4,4,4,4,4,4,4,4,4,4,4,4,4,4,4,4,4,4,4,4,4,4,4,4,4,4,2,4,4,4,4,4,4,4,4,4,4,4,4,0,4,4,4,4,4,4,4,4,4,0,4,4,0,4,4,4,4,4,4,3,4,4,4,4,4,4,4,4,4,4,4,4,4,4,1,4,4,4,4,4,4,0,3,4,4,4,4,4,3,4,0,4,0,4,4,4,4,4,4,3,3,4,4,0,4,4,4,4,4,3,4,1,4,4,4,4,4,1,4,1,4,4,3,4,4,4,4,4,4,4,4,0,4,4,4,4,4,4,4,4,0,4,1,4,0,4,0,0,4,4,4,4,4,3,3,0,4,4,4,0,4,0,4,4,3,4,1,4,4,4,4,4,4,4,4,4,4,4,4,4,4,4,4,4,4,4,4,0,4,4,4,4,4,4,4,4,4,4,0,4,0,4,4,4,4,4,4,4,4,3,4,4,3,4,4,0,0,4,3,4,0,4,0,3,0,4,0,4,4,4,4,4,4,0,4,4,4,4,4,1,4,4,3,4,4,4,0,4,3,4,1,4,4,4,4,4,4,4,4,4,4,4,0,4,4,4,4,0,4,4,0,4,4,4,4,4,0,0,4,4,3,4,4,0,1,4,4,4,4,4,4,0,4,4,4,4,1,4,4,4,4,4,4,4,4,0,3,4,4,4,4,4,4,0,4,4,4,4,4,4,4,4,4,4,0,4,4,3,4,0,4,4,4,4,4,0,0,1,4,4,0,4,3,4,3,4,3,0,4,3,4,0,4,4,4,4,4,4,4,4,4,4,0,3,0,4,4,4,4,4,1,4,0,4,4,4,3,4,4,4,4,4,4,1,0,4,4,4,4,0,4,4,1,4,4,4,3,4,4,4,3,3,4,4,4,4,1,0,4,4,4,4,4,1,4,1,1,4,4,4,1,4,4,1,4,4,3,4,1,4,1,4,4,4,4,2,4,4,4,4,0,4,4,4,4,4,1,4,4,2,4,4,0,4,4,3,4,4,1,4,4,4,4,4,4,0,4,4,3,0,4,4,0,4,4,4,4,4,0,3,4,0,1,4,4,3,4,4,0,4,4,4,4,4,3,4,1,4,4,0,4,1,4,4,0,4,0,4,3,4,4,4,2,4,4,4,4,4,1,4,4,4,4,3,4,3,4,4,0,4,4,4,1,4,4,4,4,4,4,4,4,4,4,4,3,0,4,4,1,4,4,4,1,4,3,4,4,3,4,4,3,4,4,1,4,4,1,3,4,1,4,4,3,4,4,4,4,2,4,4,4,4,4,4,3,4,4,4,0,3,4,4,1,0,3,4,4,4,4,4,3,4,3,4,4,3,4,4,4,4,4,4,4,4,4,4,4,4,4,3,4,4,4,4,4,4,4,4,4,4,4,4,4,3,3,4,4,3,4,4,4,4,1,1,1,4,1,3,1,0,4,4,4,4,4,3,1,4,4,4,4,4,4,4,4,3,4,2,1,4,3,4,4,3,4,4,4,4,4,4,4,3,1,0,3,1,1,0,4,4,4,4,4,4,0,4,4,1,1,4,4,4,0,4,4,4,4,1,2,1,1,4,4,3,4,4,3,1,1,3,3,4,4,1,4,1,4,0,4,1,4,4,4,3,4,4,0,0,4,3,1,4,4,4,1,1,4,3,4,4,0,4,4,3,4,1,4,4,3,4,1,1,4,3,1,1,4,1,1,4,0,4,4,4,4,4,4,4,1,4,4,3,4,3,4,4,4,4,4,4,4,4,4,3,0,4,1,3,0,4,4,4,4,1,4,4,4,4,2,4,4,1,2,3,3,0,4,4,4,4,1,1,1,4,1,3,4,4,1,4,4,4,4,4,4,0,4,4,4,2,1,1,4,4,1,3,0,4,4,4,3,4,4,4,1,4,0,4,4,0,4,4,0,1,3,4,3,4,1,1,0,4,4,4,4,4,4,4,1,0,2,4,4,1,1,4,4,0,4,3,3,4,4,4,4,3,1,4,0,4,1,4,4,1,4,3,3,4,1,4,1,4,2,3,1,1,1,4,4,4,4,4,1,4,0,1,4,1,1,4,4,4,4,1,4,4,4,4,3,3,3,1,4,1,4,4,4,4,3,3,4,4,4,4,4,4,1,4,4,1,0,4,4,4,4,4,4,4,4,0,4,0,1,4,4,4,4,4,4,4,4,4,3,4,2,3,4,4,4,4,4,4,0,4,4,4,4,4,4,4,3,4,2,3,0,1,4,4,4,4,0,4,4,4,4,0,4,3,4,3,4,0,4,4,4,4,4,1,4,3,0,1,4,4,4,4,0,4,4,4,4,4,3,1,1,3,3,4,4,4,4,1,4,3,4,4,0,4,4,4,1,4,4,1,1,4,4,0,3,4,4,0,4,4,3,4,4,0,4,0,1,3,4,2,4,4,4,0,0,4,4,4,4,4,4,4,4,4,4,4,4,1,0,0,4,4,4,4,4,4,0,0,4,0,4,4,4,4,4,4,4,4,4,4,3,4,1,4,3,4,4,4,4,4,0,4,0,4,0,4,4,3,1,4,4,3,4,3,4,1,3,0,3,4,4,4,4,4,3,4,1,3,1,4,4,4,3,1,1,3,4,4,4,3,4,4,0,0,0,0,1,4,4,4,4,4,4,4,4,0,4,4,4,4,4,4,1,1,4,0,4,4,1,1,4,4,3,4,4,1,1,4,4,4,1,4,0,4,4,2,3,4,4,4,4,3,4,1,0,4,4,1,4,4,1,4,1,3,4,0,4,4,4,4,3,3,4,4,4,4,1,4,3,3,4,0,0,4,4,1,3,0,4,4,4,1,1,4,0,3,4,3,0,3,4,1,3,4,3,4,4,0,3,4,4,3,3,4,4,0,4,4,4,4,4,3,4,4,4,4,3,4,3,4,4,4,1,4,4,1,4,4,4,4,4,4,4,4,3,4,4,4,4,4,1,4,4,3,4,1,4,4,0,3,4,4,4,0,1,4,4,1,4,4,4,4,4,4,4,4,3,4,4,4,0,4,4,1,4,4,4,4,4,3,4,4,4,3,0,0,1,3,3,4,1,4,1,4,4,4,3,4,0,4,4,4,4,1,4,4,4,4,4,1,4,4,1,4,4,2,4,4,1,3,4,4,4,4,0,3,4,4,4,4,1,2,3,4,4,0,4,4,4,4,4,4,4,4,4,3,4,3,4,4,4,4,4,4,4,4,4,3,2,4,4,1,3,4,1,3,3,3,4,4,3,1,4,4,4,1,2,3,1,1,4,4]",ok,
7,uniform,3,0.65,0.6402901745242549,2,"fused_4_high, fused_3_medium","[945, 162, 505, 20, 167]",0.4,0.1,2.0,"{""fused_1"":0.5466888198046913,""fused_2"":0.13602318873569952,""fused_3"":0.26692457180687584,""fused_4"":0.17827969776881344,""fused_5"":0.4012080167096531}","{""fused_4_high"":0.6727830268813948,""fused_3_medium"":0.5365459089659712}","{""fused_1"":0.08698479787417908,""fused_2"":0.34959933620718053,""fused_3"":0.17815376144984651,""fused_4"":0.26673601697738103,""fused_5"":0.11852608749141286}","{""fused_4_high"":0.44367243109916843,""fused_3_medium"":0.5563275689008316}","{""fused_1"":0.4349239893708954,""fused_2"":1.7479966810359027,""fused_3"":0.8907688072492326,""fused_4"":1.3336800848869053,""fused_5"":0.5926304374570643}","{""fused_4_high"":0.8873448621983369,""fused_3_medium"":1.1126551378016631}",0.19609820475432005,0.032795997776542525,"[0,2,0,0,2,2,0,2,0,0,1,2,1,0,0,2,2,0,0,0,0,0,0,0,0,0,2,2,0,0,0,2,0,0,0,0,0,0,0,0,0,0,2,2,0,0,0,0,2,1,0,4,2,0,2,0,0,0,2,0,0,0,0,0,2,0,2,0,0,0,0,0,0,2,0,0,0,2,2,0,2,0,2,0,0,0,0,0,2,0,0,2,0,0,2,2,1,0,2,0,2,1,2,2,0,1,0,0,2,2,2,3,2,2,0,0,0,2,0,0,0,2,0,2,0,0,0,4,0,0,0,0,0,0,0,0,0,0,0,0,2,0,4,0,0,0,0,2,0,2,0,0,0,0,0,0,2,0,2,0,0,4,0,2,0,0,2,2,0,0,0,0,0,0,2,0,0,1,1,0,0,0,0,0,1,2,2,2,0,2,0,0,0,0,0,0,0,0,2,0,0,2,0,0,1,0,2,4,2,0,2,0,0,0,0,2,2,2,0,0,0,0,0,0,0,2,0,0,0,0,0,2,2,2,2,2,0,0,2,2,2,0,0,2,0,0,0,0,2,1,1,0,2,0,0,0,0,0,0,2,2,0,0,0,2,0,0,0,2,2,2,0,0,2,4,0,0,0,0,2,0,0,0,0,2,0,0,2,0,4,0,0,0,0,0,0,0,2,0,0,2,0,0,0,2,2,2,2,0,2,1,0,2,0,0,0,2,0,0,0,0,0,1,0,2,0,2,0,2,0,0,4,0,0,2,2,0,0,2,2,2,0,0,0,0,0,0,0,2,2,0,0,0,0,2,0,2,2,0,2,0,0,0,0,0,2,2,0,2,0,0,2,0,2,2,2,0,2,0,0,0,2,0,0,2,0,2,0,2,0,0,0,1,0,0,0,0,2,2,0,0,0,2,0,2,2,0,4,0,2,2,0,0,2,0,1,0,0,2,0,0,1,2,0,0,0,0,0,0,0,2,2,1,1,0,0,0,0,0,0,0,2,1,0,4,2,0,0,2,0,4,0,4,2,2,1,2,0,0,0,2,0,0,2,0,0,2,0,0,0,0,0,2,0,2,4,0,0,0,0,0,0,0,0,2,0,1,1,0,0,2,2,0,0,0,2,2,1,0,4,0,0,0,2,0,0,2,2,2,2,0,2,0,0,0,0,2,0,0,0,0,0,0,2,2,0,0,2,0,2,2,0,0,0,2,0,2,0,2,0,0,2,1,0,0,1,0,2,0,0,0,1,2,0,2,2,1,2,2,0,0,0,2,2,2,0,0,0,0,2,0,0,4,0,0,1,0,0,2,0,0,1,0,4,0,0,0,0,2,2,0,0,2,0,0,0,0,0,0,2,0,0,0,0,0,0,0,0,2,0,0,0,0,1,0,0,0,4,0,2,0,0,2,0,2,0,0,2,2,4,0,2,0,2,0,0,2,0,0,1,0,0,0,2,2,0,0,0,0,0,2,0,2,2,2,2,0,0,0,2,1,0,2,0,2,2,0,0,0,2,4,0,2,0,0,1,2,1,0,1,0,0,2,0,0,0,0,0,0,0,0,0,0,0,0,0,1,0,0,0,2,2,0,4,0,0,0,0,0,1,0,2,2,0,2,0,4,0,2,0,0,0,0,0,0,4,0,0,0,1,0,0,0,1,1,2,0,0,0,4,0,0,2,0,0,0,4,2,4,4,2,2,2,4,2,0,4,0,2,1,0,4,2,4,0,2,2,2,3,0,2,0,0,0,2,0,0,0,0,4,0,0,2,0,0,0,2,2,1,2,0,4,0,2,2,0,0,0,0,0,2,2,0,2,0,0,2,0,0,0,2,0,1,2,2,4,2,0,1,0,0,2,0,0,0,0,0,1,0,4,2,0,0,0,4,2,0,0,2,0,2,1,0,0,0,3,0,0,0,0,0,4,0,2,2,0,2,2,2,0,2,0,0,0,0,4,2,0,2,0,0,0,2,2,0,2,0,1,0,2,2,4,0,2,2,4,0,1,0,2,1,2,0,1,0,2,4,2,2,4,1,2,4,0,2,1,2,2,0,0,3,0,2,0,0,0,2,1,2,2,0,0,1,0,0,4,0,1,0,0,0,2,0,1,0,1,0,2,1,0,2,2,0,0,2,0,2,0,2,0,2,2,1,2,2,0,0,0,0,2,0,0,2,2,0,0,1,1,0,2,1,0,0,0,2,4,4,4,0,4,1,4,0,0,0,0,2,2,1,4,0,0,2,2,0,2,2,0,1,0,3,4,2,2,2,2,1,0,0,0,0,2,0,2,1,4,0,1,4,4,0,2,0,0,0,0,2,0,2,2,4,4,2,0,0,0,0,2,2,2,4,2,4,4,2,2,1,0,2,1,4,4,1,1,2,0,4,0,4,2,0,2,4,2,2,2,1,2,0,0,0,0,1,4,2,0,0,4,4,2,1,0,2,0,2,2,1,2,4,0,0,1,2,4,4,0,1,4,4,2,4,4,0,0,0,0,2,0,0,2,2,4,2,0,1,0,1,2,2,0,2,0,0,2,0,0,1,0,0,4,1,0,0,2,0,0,4,0,0,2,0,3,2,0,4,3,3,1,0,2,0,2,2,4,4,4,0,4,1,2,2,4,0,0,2,2,2,0,0,0,0,0,3,4,4,0,0,4,1,2,2,2,2,1,2,0,0,4,0,0,0,2,0,0,0,2,4,1,2,1,0,4,4,0,2,0,0,0,2,0,0,4,0,3,2,0,4,4,0,0,0,0,1,4,0,0,2,0,1,4,2,2,2,4,0,2,4,2,1,1,0,4,2,4,0,3,1,4,4,4,0,2,0,2,2,4,2,0,4,0,4,4,2,0,2,0,4,0,0,0,2,1,1,1,4,0,4,2,2,0,0,1,1,0,2,2,2,0,2,4,0,2,4,0,2,0,2,0,0,2,0,0,0,0,0,4,0,2,0,2,2,0,2,0,0,1,2,3,1,0,0,0,0,0,2,0,0,0,0,0,2,2,2,2,0,3,1,0,4,2,2,0,0,2,2,0,0,2,0,0,1,2,1,0,0,0,0,2,0,2,4,0,1,0,4,0,0,0,0,0,0,2,2,0,0,1,4,4,1,1,0,0,0,0,4,0,1,2,0,0,2,0,0,4,0,2,4,4,0,0,0,1,0,0,0,2,2,1,0,2,0,2,2,4,1,0,3,2,2,2,0,0,2,2,0,2,0,0,3,2,0,0,0,2,4,0,2,0,0,0,0,2,0,2,0,0,0,2,0,0,2,2,0,0,2,0,2,1,0,4,2,1,0,2,2,2,0,0,2,0,2,0,2,0,1,4,2,2,1,0,1,0,4,1,0,2,2,0,0,0,0,1,0,4,1,4,2,2,2,1,4,4,1,0,0,0,1,0,2,2,0,0,0,4,0,0,0,2,2,2,0,0,0,0,0,0,0,0,2,4,4,2,0,2,0,4,4,0,0,1,0,2,4,4,0,0,0,4,2,0,0,0,3,1,2,2,0,0,1,0,4,0,0,0,4,2,0,4,0,4,1,0,0,0,2,2,2,1,1,0,2,0,2,4,2,1,1,2,0,0,0,2,4,1,0,0,2,0,4,4,0,0,1,2,1,0,1,0,4,3,0,1,0,2,0,1,2,2,1,1,0,0,0,0,0,0,0,0,1,0,2,0,2,1,0,1,0,0,0,4,2,2,4,0,0,0,2,2,0,2,0,1,2,2,0,2,0,4,2,0,1,0,4,2,0,0,1,0,0,0,0,4,0,2,4,2,0,0,0,0,0,0,0,1,0,2,0,0,2,0,4,2,2,2,0,0,1,2,0,0,1,0,0,4,1,1,0,4,0,4,0,0,0,1,0,0,0,0,0,2,4,2,2,0,0,2,4,2,2,4,0,2,0,0,0,4,1,0,0,0,0,2,1,0,0,0,0,4,3,1,2,0,0,0,0,2,2,0,0,2,2,0,1,2,1,0,2,2,2,0,2,2,2,2,2,3,2,0,4,1,0,4,1,1,1,0,0,1,4,0,0,0,4,3,1,4,4,2,2]",ok,
8,uniform,3,0.6,0.5476489057330636,3,"fused_3_medium, fused_1_medium, fused_2_medium+fused_4_high","[672, 450, 175, 298, 204]",0.9,0.4,3.0,"{""fused_1"":0.4907343251948352,""fused_2"":0.1817415237973133,""fused_3"":0.46124316273042626,""fused_4"":0.4341704613063533,""fused_5"":0.2656268110490561}","{""fused_3_medium"":0.4840503640099696,""fused_1_medium"":0.5909876632229702,""fused_2_medium+fused_4_high"":0.5733567403498321}","{""fused_1"":0.1640136331387038,""fused_2"":0.2695107450772518,""fused_3"":0.16917578349618567,""fused_4"":0.17437050715859354,""fused_5"":0.2229293311292651}","{""fused_3_medium"":0.35412763375148637,""fused_1_medium"":0.32049103487855746,""fused_2_medium+fused_4_high"":0.3253813313699561}","{""fused_1"":0.8200681656935189,""fused_2"":1.347553725386259,""fused_3"":0.8458789174809284,""fused_4"":0.8718525357929676,""fused_5"":1.1146466556463255}","{""fused_3_medium"":1.062382901254459,""fused_1_medium"":0.9614731046356724,""fused_2_medium+fused_4_high"":0.9761439941098684}",0.22286285483912832,0.03613118399110617,"[3,3,3,3,1,1,3,4,3,0,4,1,4,0,0,1,1,0,3,3,0,0,3,3,0,3,1,1,0,0,3,1,3,0,3,0,0,0,0,0,0,0,1,1,0,3,3,3,1,4,0,2,1,0,1,0,0,0,1,0,0,3,3,0,1,0,1,0,3,3,0,0,3,1,3,3,0,1,1,3,1,0,1,0,3,3,3,3,1,3,0,4,3,0,1,1,4,0,1,0,1,4,1,1,3,4,0,0,1,3,1,4,1,1,0,0,0,1,0,3,0,1,0,1,0,0,0,2,0,0,3,0,3,0,0,0,0,0,0,3,1,0,2,3,3,3,0,1,0,1,0,0,0,3,3,3,1,3,1,0,3,2,0,1,0,3,1,1,0,3,0,0,3,0,1,3,0,4,4,0,0,3,0,3,4,1,1,1,0,1,3,3,0,0,0,0,3,3,1,0,0,1,0,0,4,0,1,2,1,3,1,0,3,3,0,1,1,1,0,3,0,0,3,0,3,1,3,0,0,0,3,1,1,1,1,1,0,0,1,1,1,0,3,1,3,0,0,3,1,4,4,0,1,3,3,0,0,0,0,3,1,0,3,3,1,0,0,0,1,1,1,3,3,1,2,3,0,0,3,1,0,0,0,3,1,3,0,1,0,2,0,0,0,0,0,3,3,1,0,3,1,3,0,3,1,1,1,1,0,1,4,3,1,0,0,0,1,3,0,0,0,0,2,0,1,3,1,0,1,0,0,2,0,0,1,4,0,3,1,1,1,0,0,0,0,0,0,0,1,1,0,0,0,0,1,0,1,1,0,4,0,0,3,0,0,1,1,0,1,0,0,1,3,1,1,1,0,1,0,3,0,1,3,0,1,3,1,0,1,0,3,0,4,0,0,3,0,1,1,3,0,0,1,0,1,1,0,2,0,1,1,0,0,1,3,4,0,3,1,3,0,4,1,3,0,3,0,0,0,3,1,1,4,4,3,0,3,0,0,0,0,1,4,0,2,1,0,3,1,0,2,0,2,1,1,4,1,0,0,0,1,0,0,1,3,0,1,0,0,0,0,0,1,3,1,2,0,3,0,3,3,0,0,0,1,0,4,4,3,3,1,1,3,3,3,1,1,4,0,2,0,0,0,1,0,0,1,1,1,1,0,1,0,0,0,0,1,3,0,0,3,0,0,1,1,3,0,1,3,1,1,3,0,3,1,0,1,0,1,0,3,1,4,0,0,4,0,1,3,3,0,4,1,3,1,3,4,3,1,3,0,0,1,1,1,0,3,0,0,1,0,3,2,3,0,4,0,0,1,3,0,4,0,2,0,0,0,0,1,1,0,3,1,0,0,3,3,3,0,1,3,0,3,3,0,0,0,0,1,3,3,0,0,4,0,0,3,2,0,1,0,0,1,0,3,3,0,1,1,2,0,1,0,1,0,0,1,0,3,4,0,0,0,1,1,0,3,0,3,0,1,3,1,1,1,1,0,3,0,1,4,0,3,0,1,1,0,0,3,3,2,0,1,3,0,4,4,4,0,4,3,3,4,0,3,0,0,0,3,0,3,0,0,0,0,3,2,3,0,0,1,1,0,2,3,3,0,3,0,4,0,1,1,0,1,0,2,3,4,0,0,3,3,3,0,2,0,0,0,4,0,0,0,4,4,1,0,0,0,2,3,0,1,0,0,3,2,1,2,2,4,1,4,2,1,0,2,3,1,4,0,2,1,2,0,1,1,1,4,0,1,0,0,3,1,0,0,0,3,2,0,0,1,0,0,3,1,1,4,1,0,2,0,1,1,0,0,0,3,0,1,4,3,1,0,3,1,0,0,0,1,3,4,1,3,2,1,0,4,0,0,3,0,0,0,0,3,4,0,2,1,3,3,0,2,1,0,3,1,3,1,4,0,0,0,4,0,0,0,0,0,2,0,1,1,0,4,1,4,0,1,3,0,0,0,2,1,0,1,3,0,0,1,1,0,1,0,4,3,1,1,2,0,1,1,2,0,4,0,1,4,1,0,4,0,1,2,1,1,2,4,1,2,0,1,4,1,1,0,0,4,0,1,0,0,0,1,2,1,1,0,3,4,0,0,2,3,4,0,0,0,1,0,4,3,4,0,1,4,0,1,1,0,3,1,0,1,0,1,0,1,1,4,4,4,0,0,0,0,1,0,0,1,1,0,0,4,4,0,1,4,0,0,0,1,2,2,2,0,2,4,2,3,0,0,0,1,1,4,2,0,3,1,1,0,4,1,0,4,0,4,2,1,4,1,4,4,0,3,0,0,1,0,1,4,2,3,4,2,2,3,1,0,0,0,0,1,3,1,1,2,2,1,0,0,3,0,1,1,1,2,1,2,2,1,4,4,0,1,4,2,2,4,4,1,0,2,0,2,1,3,1,2,1,1,4,4,1,0,3,3,3,4,2,1,0,0,2,2,1,4,3,1,3,4,1,4,1,2,0,0,4,1,2,2,0,4,2,2,1,2,2,0,3,0,0,1,0,0,1,1,2,1,0,4,0,4,1,1,0,3,0,0,1,0,0,4,3,0,2,4,3,0,1,0,0,2,0,0,1,0,4,1,0,2,4,4,4,3,1,0,1,1,2,2,2,0,2,4,1,1,2,0,0,1,4,1,0,3,0,0,0,4,2,2,0,0,2,4,3,1,1,1,4,1,0,0,2,0,3,0,1,3,0,0,3,2,4,1,4,3,2,2,3,1,0,0,0,1,0,0,2,3,4,1,0,2,2,0,0,3,0,4,2,0,0,1,0,4,2,1,3,1,2,0,1,2,1,4,4,3,2,1,2,0,4,2,2,2,2,0,1,0,1,1,2,1,3,2,0,2,2,1,0,3,0,2,0,0,0,1,4,4,4,2,0,2,1,1,0,0,4,4,0,1,1,1,0,1,2,0,1,2,3,1,0,1,0,3,4,0,0,3,0,3,2,0,1,3,1,1,0,1,0,0,4,1,3,2,0,0,3,0,0,1,3,0,0,0,0,1,1,1,4,0,4,4,3,2,4,1,0,0,3,1,0,0,1,3,3,4,1,4,0,3,0,0,1,0,1,2,0,4,3,2,3,0,0,0,3,3,1,1,0,0,4,2,2,4,4,0,3,0,0,2,0,4,1,0,3,1,0,0,2,0,1,2,2,0,0,3,4,0,0,3,4,1,4,0,1,3,1,3,2,4,0,4,1,1,1,3,3,1,1,3,1,3,3,0,1,0,0,0,1,2,3,3,0,3,0,0,1,0,3,3,0,3,1,0,0,1,1,0,0,1,0,1,4,0,2,1,2,3,1,1,1,0,3,1,3,1,3,1,0,4,2,1,1,4,0,4,0,2,4,3,4,1,0,3,0,0,4,0,2,4,2,1,1,1,4,2,2,4,3,0,0,4,0,1,3,3,3,3,2,0,3,0,4,1,1,0,0,3,0,0,0,0,0,1,2,2,1,3,1,0,2,2,0,0,4,0,3,2,2,0,0,0,2,1,3,0,0,4,2,1,1,0,0,4,0,2,3,0,0,2,1,0,2,0,2,4,0,3,0,1,1,1,4,4,0,1,0,1,2,1,4,4,1,3,3,0,1,2,2,3,0,1,0,2,2,3,3,4,1,4,3,4,0,2,4,0,4,0,1,3,4,1,4,4,4,3,0,3,0,0,0,3,3,4,3,1,0,1,4,0,4,0,0,0,2,1,4,2,3,0,0,3,1,0,1,0,4,1,1,0,1,0,2,1,0,4,0,2,1,0,3,4,0,0,0,3,2,0,1,2,1,3,0,0,0,0,0,0,4,0,1,0,3,1,0,2,1,1,1,0,0,4,1,0,0,4,3,3,2,4,4,0,2,0,2,0,0,0,4,0,3,0,0,3,1,2,1,1,0,0,1,2,1,1,2,0,1,3,0,0,2,4,0,0,0,3,3,4,0,0,0,0,2,4,4,1,0,3,0,0,1,1,0,0,1,4,0,4,1,4,0,1,1,1,0,1,1,1,1,4,4,1,0,2,4,0,2,4,4,4,0,0,4,2,0,0,0,2,4,4,2,2,4,1]",ok,
9,uniform,3,0.55,0.5476489057330636,3,"fused_3_medium, fused_1_medium, fused_2_medium+fused_4_high","[672, 450, 175, 298, 204]",0.9,0.4,3.0,"{""fused_1"":0.4907343251948352,""fused_2"":0.1817415237973133,""fused_3"":0.46124316273042626,""fused_4"":0.4341704613063533,""fused_5"":0.2656268110490561}","{""fused_3_medium"":0.4840503640099696,""fused_1_medium"":0.5909876632229702,""fused_2_medium+fused_4_high"":0.5733567403498321}","{""fused_1"":0.1640136331387038,""fused_2"":0.2695107450772518,""fused_3"":0.16917578349618567,""fused_4"":0.17437050715859354,""fused_5"":0.2229293311292651}","{""fused_3_medium"":0.35412763375148637,""fused_1_medium"":0.32049103487855746,""fused_2_medium+fused_4_high"":0.3253813313699561}","{""fused_1"":0.8200681656935189,""fused_2"":1.347553725386259,""fused_3"":0.8458789174809284,""fused_4"":0.8718525357929676,""fused_5"":1.1146466556463255}","{""fused_3_medium"":1.062382901254459,""fused_1_medium"":0.9614731046356724,""fused_2_medium+fused_4_high"":0.9761439941098684}",0.22286285483912832,0.03613118399110617,"[3,3,3,3,1,1,3,4,3,0,4,1,4,0,0,1,1,0,3,3,0,0,3,3,0,3,1,1,0,0,3,1,3,0,3,0,0,0,0,0,0,0,1,1,0,3,3,3,1,4,0,2,1,0,1,0,0,0,1,0,0,3,3,0,1,0,1,0,3,3,0,0,3,1,3,3,0,1,1,3,1,0,1,0,3,3,3,3,1,3,0,4,3,0,1,1,4,0,1,0,1,4,1,1,3,4,0,0,1,3,1,4,1,1,0,0,0,1,0,3,0,1,0,1,0,0,0,2,0,0,3,0,3,0,0,0,0,0,0,3,1,0,2,3,3,3,0,1,0,1,0,0,0,3,3,3,1,3,1,0,3,2,0,1,0,3,1,1,0,3,0,0,3,0,1,3,0,4,4,0,0,3,0,3,4,1,1,1,0,1,3,3,0,0,0,0,3,3,1,0,0,1,0,0,4,0,1,2,1,3,1,0,3,3,0,1,1,1,0,3,0,0,3,0,3,1,3,0,0,0,3,1,1,1,1,1,0,0,1,1,1,0,3,1,3,0,0,3,1,4,4,0,1,3,3,0,0,0,0,3,1,0,3,3,1,0,0,0,1,1,1,3,3,1,2,3,0,0,3,1,0,0,0,3,1,3,0,1,0,2,0,0,0,0,0,3,3,1,0,3,1,3,0,3,1,1,1,1,0,1,4,3,1,0,0,0,1,3,0,0,0,0,2,0,1,3,1,0,1,0,0,2,0,0,1,4,0,3,1,1,1,0,0,0,0,0,0,0,1,1,0,0,0,0,1,0,1,1,0,4,0,0,3,0,0,1,1,0,1,0,0,1,3,1,1,1,0,1,0,3,0,1,3,0,1,3,1,0,1,0,3,0,4,0,0,3,0,1,1,3,0,0,1,0,1,1,0,2,0,1,1,0,0,1,3,4,0,3,1,3,0,4,1,3,0,3,0,0,0,3,1,1,4,4,3,0,3,0,0,0,0,1,4,0,2,1,0,3,1,0,2,0,2,1,1,4,1,0,0,0,1,0,0,1,3,0,1,0,0,0,0,0,1,3,1,2,0,3,0,3,3,0,0,0,1,0,4,4,3,3,1,1,3,3,3,1,1,4,0,2,0,0,0,1,0,0,1,1,1,1,0,1,0,0,0,0,1,3,0,0,3,0,0,1,1,3,0,1,3,1,1,3,0,3,1,0,1,0,1,0,3,1,4,0,0,4,0,1,3,3,0,4,1,3,1,3,4,3,1,3,0,0,1,1,1,0,3,0,0,1,0,3,2,3,0,4,0,0,1,3,0,4,0,2,0,0,0,0,1,1,0,3,1,0,0,3,3,3,0,1,3,0,3,3,0,0,0,0,1,3,3,0,0,4,0,0,3,2,0,1,0,0,1,0,3,3,0,1,1,2,0,1,0,1,0,0,1,0,3,4,0,0,0,1,1,0,3,0,3,0,1,3,1,1,1,1,0,3,0,1,4,0,3,0,1,1,0,0,3,3,2,0,1,3,0,4,4,4,0,4,3,3,4,0,3,0,0,0,3,0,3,0,0,0,0,3,2,3,0,0,1,1,0,2,3,3,0,3,0,4,0,1,1,0,1,0,2,3,4,0,0,3,3,3,0,2,0,0,0,4,0,0,0,4,4,1,0,0,0,2,3,0,1,0,0,3,2,1,2,2,4,1,4,2,1,0,2,3,1,4,0,2,1,2,0,1,1,1,4,0,1,0,0,3,1,0,0,0,3,2,0,0,1,0,0,3,1,1,4,1,0,2,0,1,1,0,0,0,3,0,1,4,3,1,0,3,1,0,0,0,1,3,4,1,3,2,1,0,4,0,0,3,0,0,0,0,3,4,0,2,1,3,3,0,2,1,0,3,1,3,1,4,0,0,0,4,0,0,0,0,0,2,0,1,1,0,4,1,4,0,1,3,0,0,0,2,1,0,1,3,0,0,1,1,0,1,0,4,3,1,1,2,0,1,1,2,0,4,0,1,4,1,0,4,0,1,2,1,1,2,4,1,2,0,1,4,1,1,0,0,4,0,1,0,0,0,1,2,1,1,0,3,4,0,0,2,3,4,0,0,0,1,0,4,3,4,0,1,4,0,1,1,0,3,1,0,1,0,1,0,1,1,4,4,4,0,0,0,0,1,0,0,1,1,0,0,4,4,0,1,4,0,0,0,1,2,2,2,0,2,4,2,3,0,0,0,1,1,4,2,0,3,1,1,0,4,1,0,4,0,4,2,1,4,1,4,4,0,3,0,0,1,0,1,4,2,3,4,2,2,3,1,0,0,0,0,1,3,1,1,2,2,1,0,0,3,0,1,1,1,2,1,2,2,1,4,4,0,1,4,2,2,4,4,1,0,2,0,2,1,3,1,2,1,1,4,4,1,0,3,3,3,4,2,1,0,0,2,2,1,4,3,1,3,4,1,4,1,2,0,0,4,1,2,2,0,4,2,2,1,2,2,0,3,0,0,1,0,0,1,1,2,1,0,4,0,4,1,1,0,3,0,0,1,0,0,4,3,0,2,4,3,0,1,0,0,2,0,0,1,0,4,1,0,2,4,4,4,3,1,0,1,1,2,2,2,0,2,4,1,1,2,0,0,1,4,1,0,3,0,0,0,4,2,2,0,0,2,4,3,1,1,1,4,1,0,0,2,0,3,0,1,3,0,0,3,2,4,1,4,3,2,2,3,1,0,0,0,1,0,0,2,3,4,1,0,2,2,0,0,3,0,4,2,0,0,1,0,4,2,1,3,1,2,0,1,2,1,4,4,3,2,1,2,0,4,2,2,2,2,0,1,0,1,1,2,1,3,2,0,2,2,1,0,3,0,2,0,0,0,1,4,4,4,2,0,2,1,1,0,0,4,4,0,1,1,1,0,1,2,0,1,2,3,1,0,1,0,3,4,0,0,3,0,3,2,0,1,3,1,1,0,1,0,0,4,1,3,2,0,0,3,0,0,1,3,0,0,0,0,1,1,1,4,0,4,4,3,2,4,1,0,0,3,1,0,0,1,3,3,4,1,4,0,3,0,0,1,0,1,2,0,4,3,2,3,0,0,0,3,3,1,1,0,0,4,2,2,4,4,0,3,0,0,2,0,4,1,0,3,1,0,0,2,0,1,2,2,0,0,3,4,0,0,3,4,1,4,0,1,3,1,3,2,4,0,4,1,1,1,3,3,1,1,3,1,3,3,0,1,0,0,0,1,2,3,3,0,3,0,0,1,0,3,3,0,3,1,0,0,1,1,0,0,1,0,1,4,0,2,1,2,3,1,1,1,0,3,1,3,1,3,1,0,4,2,1,1,4,0,4,0,2,4,3,4,1,0,3,0,0,4,0,2,4,2,1,1,1,4,2,2,4,3,0,0,4,0,1,3,3,3,3,2,0,3,0,4,1,1,0,0,3,0,0,0,0,0,1,2,2,1,3,1,0,2,2,0,0,4,0,3,2,2,0,0,0,2,1,3,0,0,4,2,1,1,0,0,4,0,2,3,0,0,2,1,0,2,0,2,4,0,3,0,1,1,1,4,4,0,1,0,1,2,1,4,4,1,3,3,0,1,2,2,3,0,1,0,2,2,3,3,4,1,4,3,4,0,2,4,0,4,0,1,3,4,1,4,4,4,3,0,3,0,0,0,3,3,4,3,1,0,1,4,0,4,0,0,0,2,1,4,2,3,0,0,3,1,0,1,0,4,1,1,0,1,0,2,1,0,4,0,2,1,0,3,4,0,0,0,3,2,0,1,2,1,3,0,0,0,0,0,0,4,0,1,0,3,1,0,2,1,1,1,0,0,4,1,0,0,4,3,3,2,4,4,0,2,0,2,0,0,0,4,0,3,0,0,3,1,2,1,1,0,0,1,2,1,1,2,0,1,3,0,0,2,4,0,0,0,3,3,4,0,0,0,0,2,4,4,1,0,3,0,0,1,1,0,0,1,4,0,4,1,4,0,1,1,1,0,1,1,1,1,4,4,1,0,2,4,0,2,4,4,4,0,0,4,2,0,0,0,2,4,4,2,2,4,1]",ok,
10,uniform,3,0.5,0.590732982436066,4,"fused_2_medium+fused_4_high, fused_3_medium+fused_4_high, fused_1_medium+fused_3_medium, fused_1_medium+fused_4_high","[761, 335, 379, 144, 180]",0.8,0.9,3.0,"{""fused_1"":0.4013670623241918,""fused_2"":0.3516445221381866,""fused_3"":0.31187479043966865,""fused_4"":0.4192522650994112,""fused_5"":0.25845141333962096}","{""fused_2_medium+fused_4_high"":0.3463870120758104,""fused_3_medium+fused_4_high"":0.17017189662713927,""fused_1_medium+fused_3_medium"":0.1631323504167648,""fused_1_medium+fused_4_high"":0.16293569562298948}","{""fused_1"":0.18424958590705331,""fused_2"":0.1968454846494406,""fused_3"":0.20901971430483907,""fused_4"":0.18027673192828275,""fused_5"":0.2296084832103844}","{""fused_2_medium+fused_4_high"":0.18719803110616076,""fused_3_medium+fused_4_high"":0.2670780254819666,""fused_1_medium+fused_3_medium"":0.27277968885070686,""fused_1_medium+fused_4_high"":0.2729442545611659}","{""fused_1"":0.9212479295352666,""fused_2"":0.984227423247203,""fused_3"":1.0450985715241954,""fused_4"":0.9013836596414138,""fused_5"":1.148042416051922}","{""fused_2_medium+fused_4_high"":0.748792124424643,""fused_3_medium+fused_4_high"":1.0683121019278663,""fused_1_medium+fused_3_medium"":1.0911187554028274,""fused_1_medium+fused_4_high"":1.0917770182446636}",0.19524568349825971,0.0311284046692607,"[0,3,0,0,2,2,0,1,0,2,1,2,1,0,0,2,2,0,4,4,4,0,0,0,4,0,2,2,0,0,0,2,0,0,4,0,0,0,0,0,0,4,2,2,4,0,0,0,2,1,0,1,2,2,2,0,0,0,2,2,0,4,4,0,3,0,2,0,0,0,4,0,0,2,0,0,0,2,2,0,2,0,2,0,0,0,0,0,2,0,4,3,4,0,2,2,1,0,3,0,2,1,3,2,0,1,0,0,2,4,2,3,2,2,0,0,0,2,0,0,0,2,0,2,0,0,0,1,0,0,0,0,0,0,0,0,0,0,4,4,2,0,1,0,4,0,4,2,0,2,2,0,4,4,0,0,3,0,2,0,4,1,0,2,0,0,2,3,0,0,0,0,0,0,2,0,0,2,1,0,0,0,0,0,1,2,2,3,0,2,0,0,0,0,2,0,4,0,2,0,0,3,0,0,1,0,2,1,2,0,3,0,0,0,0,2,3,2,0,0,0,0,0,0,0,2,0,0,4,0,0,3,2,3,3,2,0,2,2,2,2,0,0,2,0,0,0,0,2,1,1,4,2,0,0,0,0,0,0,2,3,0,0,0,2,0,0,0,2,2,2,0,0,3,1,0,0,0,0,3,0,4,0,0,2,0,0,3,0,1,0,0,4,0,0,0,0,2,0,4,2,0,0,0,2,2,3,2,0,2,1,4,3,0,0,2,2,0,0,0,0,0,1,0,3,4,2,0,2,0,0,1,0,0,2,3,0,4,3,3,2,4,0,0,0,0,0,4,2,2,4,0,0,0,3,0,2,3,4,3,0,0,0,0,0,2,2,0,2,0,0,3,0,2,2,2,0,2,0,0,0,2,0,0,2,0,3,0,2,0,0,0,1,4,4,4,0,3,2,4,0,0,2,0,2,3,0,1,4,2,3,0,0,2,0,1,0,0,2,0,0,1,2,0,0,0,0,0,0,0,2,2,1,1,0,0,4,0,0,4,0,2,1,4,1,2,2,4,3,0,1,0,1,2,2,1,2,0,4,0,2,0,4,2,0,0,2,0,0,0,4,0,2,0,2,1,4,4,0,0,0,0,0,4,2,0,1,1,4,0,3,2,0,0,0,2,2,1,0,1,0,0,4,3,0,4,2,2,2,2,4,2,0,0,0,0,2,0,0,0,0,0,4,3,2,0,0,2,0,3,2,0,0,0,2,0,2,0,2,0,0,2,1,4,0,1,0,2,4,0,4,1,2,0,2,4,1,4,2,0,0,0,2,2,2,0,0,0,0,2,0,0,1,0,0,1,0,0,2,4,4,1,0,1,4,0,0,0,2,2,0,0,3,0,0,0,0,4,0,2,0,0,0,0,0,0,0,0,2,0,0,0,0,1,4,0,0,1,0,2,0,0,2,0,4,0,0,2,2,1,0,2,0,2,0,0,2,0,0,1,4,0,4,3,2,0,4,0,0,4,2,0,2,2,2,2,2,0,0,2,1,2,4,0,2,3,0,0,0,4,1,4,2,4,0,1,3,1,0,1,0,0,1,0,0,0,0,0,0,0,0,0,4,0,4,0,1,0,0,0,3,2,0,1,0,0,0,0,4,1,0,2,2,4,2,0,1,0,3,0,4,0,0,0,4,1,0,0,0,1,0,2,4,1,1,3,4,4,0,1,0,0,2,0,4,0,1,2,1,1,3,3,3,1,3,4,1,0,2,1,0,1,2,1,4,2,3,2,1,0,3,0,0,4,3,4,0,0,0,1,0,0,3,0,0,0,2,2,1,2,0,1,0,2,2,0,4,4,4,0,2,1,0,2,0,0,2,0,0,4,2,0,1,2,4,1,2,4,1,0,0,4,0,4,0,0,0,1,0,1,2,0,0,0,1,2,0,0,3,0,3,1,4,0,0,3,0,2,0,0,0,1,0,3,2,0,1,2,1,0,2,0,0,0,0,1,2,0,2,0,0,0,2,2,0,2,4,1,0,2,2,1,0,2,3,1,0,2,0,2,1,3,0,1,4,2,1,2,4,1,1,2,1,4,2,1,2,2,0,0,2,0,2,0,4,0,3,1,2,2,0,0,1,4,0,1,0,2,0,0,0,2,0,1,0,1,0,3,1,0,2,2,0,0,2,0,3,0,2,4,2,2,1,3,3,0,2,0,0,2,0,4,3,2,0,0,1,1,0,3,1,0,0,2,2,1,1,1,0,1,1,1,0,0,0,0,2,2,1,1,0,0,3,2,0,2,2,0,1,0,2,1,2,3,2,3,1,4,4,4,0,2,0,3,1,1,0,1,1,1,4,2,0,0,0,0,2,0,2,2,1,1,3,0,4,0,0,2,2,2,1,3,1,1,3,3,1,0,2,1,1,1,1,1,2,0,1,0,1,2,4,2,1,3,3,3,1,2,0,4,0,0,3,1,2,4,0,1,1,2,1,0,2,0,2,3,1,3,1,0,0,1,2,1,1,4,1,1,1,2,1,1,0,4,0,0,2,0,0,3,3,1,3,0,1,4,1,2,3,0,2,4,0,2,0,0,1,4,4,1,1,4,4,3,0,0,1,0,0,2,0,2,2,0,1,2,2,1,0,2,2,2,2,1,1,1,0,1,1,2,2,1,0,0,3,3,2,0,0,4,0,0,3,1,1,0,2,1,1,4,2,2,2,1,2,0,0,1,0,0,0,2,0,0,0,4,1,1,2,1,0,1,1,4,3,4,4,0,3,0,0,1,4,2,3,0,1,1,0,0,4,4,1,1,4,4,3,0,1,1,2,4,2,1,0,2,1,2,1,1,0,1,3,1,0,1,1,1,1,1,4,3,4,2,2,1,2,0,1,0,1,1,3,4,4,0,1,0,0,0,3,1,1,1,1,0,1,2,3,0,0,1,1,0,3,2,2,0,3,1,4,2,1,4,3,0,2,0,0,3,0,4,0,0,0,1,0,2,0,3,2,0,3,0,0,1,3,3,1,0,0,0,4,0,3,0,0,0,0,2,2,2,2,1,0,2,1,0,1,3,2,4,0,4,2,0,0,3,0,0,1,2,1,0,0,0,0,3,0,2,1,4,1,4,1,0,0,0,0,4,0,3,2,0,4,1,1,1,1,1,0,0,0,0,1,0,1,2,0,0,3,0,4,1,0,2,1,1,2,0,0,1,0,0,0,3,2,1,0,3,0,2,4,1,1,0,2,3,2,2,0,0,3,3,0,2,0,0,2,3,0,0,4,2,1,0,4,0,0,0,0,3,4,4,0,2,0,3,0,0,2,2,0,0,3,0,2,1,0,1,3,1,0,2,3,2,0,0,2,0,2,0,2,0,1,1,2,2,1,0,1,0,1,1,0,1,2,0,0,0,0,1,0,1,1,1,3,2,2,1,1,1,1,0,4,0,1,0,2,4,0,0,0,1,0,0,4,3,3,2,0,4,0,2,0,0,0,0,2,1,1,2,0,2,0,1,1,0,0,1,0,3,1,1,0,0,0,1,2,0,4,4,2,1,2,2,0,0,1,0,1,0,0,0,1,2,4,1,0,1,1,0,0,0,2,2,2,1,1,0,3,0,2,1,2,1,1,2,0,0,0,2,1,1,0,0,3,0,1,1,0,4,1,2,1,0,1,4,1,2,0,1,0,2,0,1,2,3,1,1,0,0,0,0,4,0,0,0,1,0,3,4,2,1,0,1,0,0,0,1,2,3,1,0,0,0,4,2,0,2,4,1,2,2,0,3,0,1,2,4,1,0,1,3,0,0,1,0,0,4,0,1,0,2,1,2,0,0,0,0,0,0,0,1,0,3,4,0,2,4,1,2,2,2,0,0,1,3,0,0,1,4,0,1,1,1,4,1,0,1,0,2,4,1,0,0,2,4,4,2,1,2,2,0,0,2,1,2,3,1,0,2,4,4,2,1,1,0,0,0,0,4,1,0,0,0,4,1,3,1,3,0,0,0,0,3,3,4,0,2,3,0,1,2,1,0,2,2,3,0,2,2,2,2,1,2,3,0,1,1,0,1,1,1,1,4,4,1,1,0,2,0,1,2,1,1,1,3,2]",ok,
11,uniform,3,0.45,0.5039416495818161,5,"fused_2_medium+fused_4_high, fused_3_medium+fused_4_high, fused_1_medium+fused_3_medium, fused_1_medium+fused_4_high, fused_4_high+fused_5_medium","[761, 337, 59, 495, 147]",0.7,0.7,2.0,"{""fused_1"":0.3650240261601262,""fused_2"":0.340560640663788,""fused_3"":0.31555154850792544,""fused_4"":0.6434115047415154,""fused_5"":0.5669473100036251}","{""fused_2_medium+fused_4_high"":0.4826289353347643,""fused_3_medium+fused_4_high"":0.2789475045069335,""fused_1_medium+fused_3_medium"":0.2552937352233796,""fused_1_medium+fused_4_high"":0.2890319664294588,""fused_4_high+fused_5_medium"":0.6279974951927215}","{""fused_1"":0.22523634699895426,""fused_2"":0.24141567874346467,""fused_3"":0.2605491198123294,""fused_4"":0.12778241858169342,""fused_5"":0.1450164358635582}","{""fused_2_medium+fused_4_high"":0.14166321960430572,""fused_3_medium+fused_4_high"":0.24510263669349858,""fused_1_medium+fused_3_medium"":0.26781216857474865,""fused_1_medium+fused_4_high"":0.2365508898490907,""fused_4_high+fused_5_medium"":0.10887108527835637}","{""fused_1"":1.1261817349947714,""fused_2"":1.2070783937173233,""fused_3"":1.3027455990616472,""fused_4"":0.6389120929084671,""fused_5"":0.725082179317791}","{""fused_2_medium+fused_4_high"":0.7083160980215286,""fused_3_medium+fused_4_high"":1.2255131834674928,""fused_1_medium+fused_3_medium"":1.3390608428737432,""fused_1_medium+fused_4_high"":1.1827544492454536,""fused_4_high+fused_5_medium"":0.5443554263917818}",0.14002697252197124,0.014452473596442469,"[0,4,0,0,3,3,0,1,0,4,1,3,1,0,0,3,3,0,2,2,4,0,0,0,4,0,3,3,0,0,0,3,0,0,2,0,0,0,0,0,0,4,3,3,4,0,0,0,3,1,0,1,3,4,3,0,0,0,3,4,0,2,2,0,3,0,3,0,0,0,4,0,0,3,0,0,0,3,3,0,3,0,3,0,0,0,0,0,3,0,4,3,2,0,3,3,1,0,3,0,3,1,3,3,0,1,0,0,3,2,3,4,3,3,0,0,0,3,0,0,0,3,0,3,0,0,0,1,0,0,0,0,0,0,0,0,0,0,4,2,3,0,1,0,2,0,4,3,0,3,4,0,4,2,0,0,3,0,3,0,2,1,0,3,0,0,3,3,0,0,0,0,0,0,3,0,0,3,1,0,0,0,0,0,1,3,3,3,0,3,0,0,0,0,4,0,2,0,3,0,0,3,0,0,1,0,3,1,3,0,3,0,0,0,0,3,3,3,0,0,0,0,0,0,0,3,0,0,4,0,0,3,3,3,3,3,0,4,3,3,3,0,0,3,0,0,0,0,3,1,1,4,3,0,0,0,0,0,0,2,3,0,0,0,3,0,0,0,3,3,3,0,0,3,1,0,0,0,0,3,0,4,0,0,3,0,0,3,0,1,0,0,4,0,0,0,0,3,0,2,3,0,0,0,3,3,3,3,0,3,1,2,3,0,0,4,3,0,0,0,0,0,1,0,3,2,3,0,3,0,0,1,0,0,3,3,0,2,3,3,3,4,0,0,0,0,0,4,3,3,4,0,0,0,3,0,3,3,4,3,0,0,0,0,0,3,3,0,3,0,0,3,0,3,3,3,0,3,0,0,0,3,0,0,3,0,3,0,3,0,0,0,1,4,4,2,0,3,3,4,0,0,3,0,3,3,0,1,4,3,3,0,0,3,0,1,0,0,3,0,0,1,3,0,0,0,0,0,0,0,3,3,1,1,0,0,2,0,0,4,0,3,1,4,1,3,4,2,3,0,1,0,1,3,3,1,3,0,4,0,3,0,4,3,0,0,3,0,0,0,4,0,3,0,3,1,4,2,0,0,0,0,0,4,3,0,1,1,2,0,3,3,0,0,0,3,3,1,0,1,0,0,4,3,0,4,3,3,3,3,4,3,0,0,0,0,3,0,0,0,0,0,4,3,3,0,0,3,0,3,3,0,0,0,3,0,3,0,3,0,0,3,1,4,0,1,0,3,2,0,4,1,3,0,3,2,1,2,3,0,0,0,3,3,3,0,0,0,0,3,0,0,1,0,0,1,0,0,3,2,4,1,0,1,4,0,0,0,3,3,0,0,3,0,0,0,0,4,0,3,0,0,0,0,0,0,0,0,3,0,0,0,0,1,4,0,0,1,0,3,0,0,3,0,2,0,0,3,3,1,0,3,0,3,0,0,3,0,0,1,4,0,4,3,3,0,2,0,0,4,3,0,3,3,3,3,4,0,0,3,1,4,2,0,3,3,0,0,0,2,1,4,3,2,0,1,3,1,0,1,0,0,1,0,0,0,0,0,0,0,0,0,4,0,4,0,1,0,0,0,3,3,0,1,0,0,0,0,4,1,0,3,3,4,3,0,1,0,3,0,4,0,0,0,4,1,0,0,0,1,0,4,4,1,1,3,4,4,0,1,0,0,3,0,4,0,1,3,1,1,3,3,3,1,3,4,1,0,3,1,0,1,3,1,4,3,3,3,1,0,3,0,0,2,3,4,0,0,0,1,0,0,3,0,0,0,3,3,1,3,0,1,0,3,3,0,4,4,2,0,3,1,0,3,0,0,3,0,0,4,3,0,1,3,2,1,3,4,1,0,0,2,0,4,0,0,0,1,0,1,3,0,0,0,1,3,0,0,3,0,3,1,4,0,0,3,0,4,0,0,0,1,0,3,3,0,1,3,1,0,3,0,0,0,0,1,3,0,3,0,0,0,3,3,0,3,4,1,0,3,3,1,0,3,3,1,0,3,0,3,1,3,0,1,4,3,1,3,3,1,1,3,1,4,3,1,3,3,0,0,3,0,3,0,4,0,3,1,3,3,0,0,1,4,0,1,0,3,0,0,0,3,0,1,0,1,0,3,1,0,3,3,0,0,3,0,3,0,3,4,3,3,1,3,3,0,4,0,0,3,0,4,3,3,0,0,1,1,0,3,1,0,0,4,3,1,1,1,0,1,1,1,0,0,0,0,3,3,1,1,0,0,3,3,0,3,3,0,1,0,3,1,3,1,3,3,1,4,4,4,0,3,0,3,1,1,0,1,1,1,2,3,0,0,0,0,3,0,3,3,1,1,3,0,4,0,0,3,3,3,1,3,1,1,3,3,1,0,3,1,1,1,1,1,3,0,1,0,1,3,2,3,1,3,3,3,1,3,0,2,0,0,3,1,3,4,0,1,1,3,1,0,3,0,3,3,1,3,1,0,0,1,3,1,1,4,1,1,1,3,1,1,0,2,0,0,3,0,0,3,3,1,3,0,1,4,1,3,3,0,3,4,0,3,0,0,1,2,4,1,1,2,4,3,0,0,1,0,0,3,0,3,3,0,1,3,3,1,0,3,4,3,3,1,1,1,0,1,1,3,3,1,0,0,3,3,3,0,0,4,0,0,1,1,1,0,3,1,1,2,3,3,3,1,3,0,0,1,0,0,0,3,0,0,0,2,1,1,3,1,0,1,1,2,3,4,4,0,3,0,0,1,2,3,3,0,1,1,0,0,2,4,1,1,4,4,3,0,1,1,3,2,3,1,0,3,1,3,1,1,0,1,3,1,0,1,1,1,1,1,4,3,4,3,3,1,3,0,1,0,1,1,3,4,3,0,1,0,0,0,3,1,1,1,1,0,1,3,3,0,0,1,1,0,3,3,3,0,3,1,4,3,1,2,3,0,3,0,0,3,0,4,0,0,0,1,0,3,0,3,3,0,3,0,0,1,3,4,1,0,0,0,4,0,3,0,0,0,0,4,3,3,3,1,0,3,1,0,1,3,3,4,0,2,3,0,0,3,0,0,1,3,1,0,0,0,0,3,0,3,1,4,1,2,1,0,0,0,0,2,0,3,3,0,4,1,1,1,1,1,0,0,0,0,1,0,1,3,0,0,3,0,4,1,0,3,1,1,4,0,0,1,0,0,0,3,3,1,0,3,0,3,2,1,1,0,3,3,3,3,0,0,3,3,0,3,0,0,4,3,0,0,4,3,1,0,2,0,0,0,0,3,4,2,0,4,0,3,0,0,3,3,0,0,3,0,3,1,0,1,3,1,0,3,3,3,0,0,3,0,3,0,3,0,1,1,3,3,1,0,1,0,1,1,0,1,3,0,0,0,0,1,0,1,1,1,3,3,3,1,1,1,1,0,4,0,1,0,3,2,0,0,0,1,0,0,4,3,3,3,0,4,0,4,0,0,0,0,3,1,1,3,0,3,0,1,1,0,0,1,0,3,1,1,0,0,0,1,3,0,4,4,3,1,3,3,0,0,1,0,1,0,0,0,1,3,4,1,0,1,1,0,0,0,3,3,3,1,1,0,3,0,3,1,3,1,1,3,0,0,0,3,1,1,0,0,3,0,1,1,0,2,1,3,1,0,1,4,1,3,0,1,0,3,0,1,3,3,1,1,0,0,0,0,4,0,0,0,1,0,3,4,3,1,0,1,0,0,0,1,3,3,1,0,0,0,2,3,0,3,4,1,3,3,0,3,0,1,3,4,1,0,1,3,0,0,1,0,0,4,0,1,0,3,1,3,0,0,0,0,0,0,0,1,0,3,4,0,3,4,1,3,3,3,0,0,1,3,0,0,1,2,0,1,1,1,4,1,0,1,0,4,4,1,0,0,4,4,4,3,1,3,3,0,0,3,1,3,3,1,0,3,4,4,4,1,1,0,0,0,0,2,1,0,0,0,4,1,3,1,3,0,0,0,0,3,3,4,0,3,3,0,1,3,1,0,3,3,3,0,3,3,3,3,1,3,3,0,1,1,0,1,1,1,1,4,4,1,1,0,4,0,1,3,1,1,1,3,3]",ok,
12,uniform,3,0.4,0.5255765275758515,3,"fused_2_medium+fused_4_high, fused_4_high+fused_5_medium, fused_1_medium+fused_3_medium+fused_4_high","[536, 346, 267, 366, 284]",0.8,0.8,4.0,"{""fused_1"":0.5118602045441859,""fused_2"":0.277476984049097,""fused_3"":0.36778004351197785,""fused_4"":0.6260532800325781,""fused_5"":0.45105079480106663}","{""fused_2_medium+fused_4_high"":0.3642317528275209,""fused_4_high+fused_5_medium"":0.49221209462584126,""fused_1_medium+fused_3_medium+fused_4_high"":0.3120808992416416}","{""fused_1"":0.18793286211519258,""fused_2"":0.2304858109324544,""fused_3"":0.20982495077152766,""fused_4"":0.17573141988697194,""fused_5"":0.1960249562938533}","{""fused_2_medium+fused_4_high"":0.3381395535784229,""fused_4_high+fused_5_medium"":0.30584718143903106,""fused_1_medium+fused_3_medium+fused_4_high"":0.35601326498254604}","{""fused_1"":0.9396643105759629,""fused_2"":1.152429054662272,""fused_3"":1.0491247538576383,""fused_4"":0.8786570994348597,""fused_5"":0.9801247814692665}","{""fused_2_medium+fused_4_high"":1.0144186607352688,""fused_4_high+fused_5_medium"":0.9175415443170931,""fused_1_medium+fused_3_medium+fused_4_high"":1.0680397949476381}",0.21751164648373483,0.033351862145636464,"[4,2,4,4,3,3,4,1,4,3,1,2,1,0,0,3,3,0,4,4,2,0,4,4,2,4,3,3,0,0,4,3,4,0,4,0,0,0,0,0,0,2,3,3,2,4,4,4,2,1,0,1,3,3,3,0,0,0,3,3,0,4,4,0,2,0,2,0,4,4,2,0,4,3,4,4,0,3,3,4,3,0,3,0,4,4,4,4,2,4,2,3,4,0,3,3,1,0,2,0,2,1,3,2,4,1,0,0,3,4,3,3,3,3,0,0,0,3,0,4,0,3,0,3,0,0,0,1,0,0,4,0,4,0,0,0,0,0,2,4,3,0,1,4,4,4,3,3,0,3,2,0,2,4,4,4,3,4,3,0,4,1,0,3,0,4,2,2,0,4,0,0,4,0,3,4,0,1,1,0,0,4,0,4,1,3,3,2,0,3,4,4,0,0,3,0,4,4,2,0,0,3,0,0,1,0,2,1,3,4,2,0,4,4,0,2,3,3,0,4,0,0,4,0,4,3,4,0,2,0,4,2,3,2,3,3,0,3,3,3,3,0,4,3,4,0,0,4,3,1,1,2,3,4,4,0,0,0,0,4,2,0,4,4,3,0,0,0,3,2,3,4,4,2,1,4,0,0,4,2,0,2,0,4,3,4,0,2,0,1,0,0,2,0,0,4,4,3,0,4,3,2,0,4,3,3,2,3,0,2,1,4,3,0,0,3,3,4,0,0,0,0,1,0,3,4,3,0,3,0,0,1,0,0,3,3,0,4,3,3,3,2,0,0,0,0,0,2,2,3,3,0,0,0,3,0,2,2,2,2,0,0,4,0,0,3,3,0,2,0,0,3,4,3,3,3,0,3,0,4,0,3,4,0,3,4,3,0,2,0,4,0,1,2,3,4,0,3,3,2,0,0,3,0,3,2,0,1,2,2,3,0,0,3,4,1,0,4,3,4,0,1,3,4,0,4,0,0,0,4,3,2,1,1,4,0,4,0,0,3,0,3,1,2,1,2,2,4,3,0,1,0,1,3,3,1,3,0,3,0,3,0,3,3,4,0,3,0,0,0,2,0,3,4,3,1,2,4,0,4,4,0,0,2,3,0,1,1,4,4,3,3,4,4,4,2,3,1,0,1,0,0,2,2,0,2,2,3,2,3,2,2,0,0,0,0,3,4,0,0,4,0,2,3,3,4,0,3,4,2,2,4,0,4,3,0,2,0,3,0,4,3,1,3,0,1,0,3,4,4,2,1,3,4,3,4,1,4,3,4,0,0,3,3,3,0,4,0,0,3,0,4,1,4,0,1,0,0,3,4,2,1,0,1,3,0,0,0,3,3,0,4,3,0,0,4,4,2,0,3,4,0,4,4,0,0,0,0,3,4,4,0,0,1,3,0,4,1,0,3,0,0,3,0,4,4,0,3,3,1,0,3,0,3,0,0,3,0,4,1,2,0,2,2,3,0,4,0,4,2,3,4,3,3,3,3,3,4,0,2,1,2,4,0,2,2,0,0,4,4,1,2,3,4,0,1,3,1,0,1,4,0,1,0,4,0,0,0,4,0,4,0,2,0,2,4,1,4,0,0,3,2,0,1,4,4,0,4,2,1,0,2,3,2,3,0,1,4,3,0,2,4,4,4,2,1,0,0,0,1,0,2,2,1,1,3,2,2,0,1,4,0,3,0,3,4,1,3,1,1,3,2,3,1,2,2,1,4,3,1,0,1,2,1,2,3,2,3,1,0,3,0,0,4,3,3,0,0,4,1,0,0,2,0,0,4,3,3,1,3,0,1,0,2,3,0,2,2,4,0,3,1,4,3,0,4,3,0,0,2,2,4,1,3,4,1,3,2,1,0,0,4,0,2,0,0,4,1,0,1,2,0,4,0,1,3,0,4,2,4,3,1,2,0,0,2,0,3,0,0,0,1,0,2,3,0,1,2,1,0,2,4,0,0,0,1,3,0,3,4,0,0,3,3,0,3,3,1,4,3,2,1,0,3,2,1,0,1,0,3,1,3,0,1,2,3,1,3,2,1,1,2,1,3,3,1,3,3,0,0,2,0,3,0,2,0,3,1,3,3,0,4,1,3,0,1,4,1,0,0,0,3,0,1,4,1,0,3,1,0,3,2,0,4,3,0,2,0,2,2,3,3,1,3,3,0,2,0,0,3,0,3,2,3,0,0,1,1,0,3,1,0,0,3,3,1,1,1,0,1,1,1,4,0,0,0,3,3,1,1,0,4,3,2,0,3,2,0,1,0,2,1,2,1,2,3,1,2,2,2,0,3,0,2,1,1,4,1,1,1,4,3,0,0,0,0,3,4,3,2,1,1,2,0,2,4,0,2,3,2,1,2,1,1,3,3,1,0,3,1,1,1,1,1,3,0,1,0,1,3,4,3,1,3,3,1,1,3,0,4,4,4,1,1,3,3,0,1,1,3,1,4,3,4,3,2,1,2,1,0,0,1,2,1,1,2,1,1,1,3,1,1,0,4,0,0,3,0,0,3,2,1,2,0,1,2,1,3,2,0,3,2,0,2,0,0,1,4,2,1,1,4,2,2,0,0,1,0,0,2,0,1,2,0,1,2,1,1,4,3,2,2,3,1,1,1,0,1,1,3,3,1,0,0,2,3,3,0,4,2,0,0,2,1,1,0,3,1,1,4,3,2,3,1,3,0,0,1,0,4,0,2,4,0,0,4,1,1,3,1,0,1,1,4,2,2,2,0,2,0,0,1,4,2,3,0,1,1,0,0,4,2,1,1,2,2,3,0,1,1,3,4,3,1,0,3,1,3,1,1,4,1,3,1,0,1,1,1,1,1,2,2,2,3,3,1,3,4,1,0,1,1,2,2,2,0,1,0,0,0,3,1,1,1,1,0,1,2,2,0,0,1,1,0,2,3,3,0,2,1,3,3,1,4,2,0,2,0,4,3,0,2,4,0,4,1,0,2,4,2,3,0,2,0,0,1,2,2,1,0,0,4,2,0,2,4,0,0,0,3,2,3,2,1,0,2,1,4,1,3,3,2,0,4,3,0,0,2,4,4,1,3,1,0,4,0,0,3,0,3,1,2,1,4,1,4,0,0,0,4,4,2,3,0,2,1,1,1,1,1,0,4,0,0,1,0,1,2,0,4,2,0,2,1,0,3,1,1,2,0,4,1,0,0,4,1,3,1,0,2,4,3,4,1,1,0,2,2,3,2,4,4,3,2,4,3,4,4,3,2,0,0,3,3,1,4,4,0,4,0,0,3,2,4,4,3,4,2,0,0,3,3,0,0,2,0,3,1,0,1,3,1,4,3,3,3,0,4,3,4,2,4,3,0,1,1,3,3,1,0,1,0,1,1,4,1,2,0,4,0,0,1,0,1,1,1,2,3,3,1,1,1,1,4,2,0,1,0,3,4,4,4,4,1,0,0,2,3,2,3,0,2,4,2,0,0,0,0,3,1,1,3,4,3,0,1,1,0,0,1,0,2,1,1,0,0,0,1,2,4,3,2,2,1,2,3,0,0,1,0,1,4,0,0,1,2,2,1,0,1,1,0,4,0,3,3,3,1,1,0,3,0,3,1,3,1,1,3,4,4,0,2,1,1,4,0,3,0,1,1,4,4,1,2,1,4,1,3,1,1,0,1,0,3,4,1,2,3,1,1,4,0,4,0,2,0,4,4,1,4,3,2,3,1,0,1,0,0,0,1,3,3,1,4,0,0,4,3,0,3,2,1,3,3,0,2,0,1,3,2,1,0,1,2,0,4,1,0,0,2,4,1,0,3,1,2,4,0,0,0,0,0,0,1,0,2,2,4,3,2,1,3,3,3,0,0,1,2,0,0,1,4,4,1,1,1,2,1,0,1,0,3,2,1,0,4,3,2,4,3,1,3,3,0,0,3,1,3,3,1,0,3,2,2,2,1,1,0,0,0,4,4,1,0,0,0,2,1,2,1,2,0,4,0,0,2,2,2,0,2,3,0,1,2,1,0,3,3,2,0,2,3,3,3,1,2,2,0,1,1,0,1,1,1,1,2,2,1,1,0,3,0,1,1,1,1,1,3,3]",ok,
13,uniform,3,0.35,0.5622841306823935,5,"fused_4_high+fused_5_medium, fused_1_medium+fused_3_medium+fused_4_high, fused_2_medium+fused_3_medium+fused_4_high, fused_1_medium+fused_2_medium+fused_4_high, fused_2_medium+fused_5_medium","[532, 343, 418, 283, 223]",0.5,0.5,4.0,"{""fused_1"":0.6444522465510467,""fused_2"":0.2603010978545805,""fused_3"":0.39076581059849447,""fused_4"":0.6268484747427462,""fused_5"":0.33819843244117603}","{""fused_4_high+fused_5_medium"":0.6128303696731412,""fused_1_medium+fused_3_medium+fused_4_high"":0.4765636957959053,""fused_2_medium+fused_3_medium+fused_4_high"":0.4620025914086811,""fused_1_medium+fused_2_medium+fused_4_high"":0.4487913837655365,""fused_2_medium+fused_5_medium"":0.5701912584417974}","{""fused_1"":0.17291074134750928,""fused_2"":0.23391615693386916,""fused_3"":0.2042898081259723,""fused_4"":0.17451443772188877,""fused_5"":0.2143688558707606}","{""fused_4_high+fused_5_medium"":0.18797173200963585,""fused_1_medium+fused_3_medium+fused_4_high"":0.20440851563488377,""fused_2_medium+fused_3_medium+fused_4_high"":0.20653381427332318,""fused_1_medium+fused_2_medium+fused_4_high"":0.20854084681038018,""fused_2_medium+fused_5_medium"":0.192545091271777}","{""fused_1"":0.8645537067375464,""fused_2"":1.1695807846693458,""fused_3"":1.0214490406298615,""fused_4"":0.8725721886094439,""fused_5"":1.071844279353803}","{""fused_4_high+fused_5_medium"":0.9398586600481793,""fused_1_medium+fused_3_medium+fused_4_high"":1.022042578174419,""fused_2_medium+fused_3_medium+fused_4_high"":1.032669071366616,""fused_1_medium+fused_2_medium+fused_4_high"":1.0427042340519008,""fused_2_medium+fused_5_medium"":0.962725456358885}",0.165830517523764,0.0044469149527515284,"[3,4,3,3,2,2,3,1,3,2,1,4,1,0,0,2,2,0,3,3,2,0,3,3,2,3,2,2,0,0,3,2,3,0,3,0,0,0,0,0,0,4,2,2,4,3,3,3,4,1,0,1,2,2,2,0,0,0,2,2,0,3,3,0,4,0,4,0,3,3,4,0,3,2,3,3,0,2,2,3,2,0,2,0,3,3,3,3,4,3,2,2,3,0,2,2,1,0,4,0,4,1,2,4,3,1,0,0,2,3,2,2,2,2,0,0,0,2,0,3,0,2,0,2,0,0,0,1,0,0,3,0,3,0,0,0,0,0,4,3,2,0,1,3,3,3,2,2,0,2,4,0,4,3,3,3,2,3,2,0,3,1,0,2,0,3,4,4,0,3,0,0,3,0,2,3,0,1,1,0,0,3,0,3,1,2,2,4,0,2,3,3,0,0,2,0,3,3,4,0,0,2,0,0,1,0,4,1,2,3,4,0,3,3,0,4,2,2,0,3,0,0,3,0,3,2,3,0,4,0,3,4,2,4,2,2,0,2,2,2,2,0,3,2,3,0,0,3,2,1,1,2,2,3,3,0,0,0,0,3,4,0,3,3,2,0,0,0,2,4,2,3,3,4,1,3,0,0,3,4,0,2,0,3,2,3,0,4,0,1,0,0,4,0,0,3,3,2,0,3,2,4,0,3,2,2,4,2,0,4,1,3,2,0,0,2,2,3,0,0,0,0,1,0,2,3,2,0,2,0,0,1,0,0,2,2,0,3,2,2,2,4,0,0,0,0,0,4,4,2,2,0,0,0,2,0,4,4,4,4,0,0,3,0,0,2,2,0,4,0,0,2,3,2,2,2,0,2,0,3,0,2,3,0,2,3,2,0,4,0,3,0,1,2,2,3,0,2,2,4,0,0,2,0,2,4,0,1,2,4,2,0,0,2,3,1,0,3,2,3,0,1,2,3,0,3,0,0,0,3,2,4,1,1,3,0,3,0,0,2,0,2,1,2,1,4,4,3,2,0,1,0,1,2,2,1,2,0,2,0,2,0,2,2,3,0,2,0,0,0,2,0,2,3,2,1,2,3,0,3,3,0,0,4,2,0,1,1,3,3,2,2,3,3,3,4,2,1,0,1,0,0,2,4,0,2,4,2,4,2,2,4,0,0,0,0,2,3,0,0,3,0,2,2,2,3,0,2,3,4,4,3,0,3,2,0,4,0,2,0,3,2,1,2,0,1,0,2,3,3,2,1,2,3,2,3,1,3,2,3,0,0,2,2,2,0,3,0,0,2,0,3,1,3,0,1,0,0,2,3,4,1,0,1,2,0,0,0,2,2,0,3,2,0,0,3,3,4,0,2,3,0,3,3,0,0,0,0,2,3,3,0,0,1,2,0,3,1,0,2,0,0,2,0,3,3,0,2,2,1,0,2,0,2,0,0,2,0,3,1,4,0,4,4,2,0,3,0,3,4,2,3,2,2,2,2,2,3,0,4,1,4,3,0,4,4,0,0,3,3,1,2,2,3,0,1,2,1,0,1,3,4,1,0,3,0,0,0,3,0,3,0,2,0,4,3,1,3,0,0,2,4,0,1,3,3,0,3,4,1,0,4,2,2,2,0,1,3,2,0,2,3,3,3,2,1,0,0,0,1,0,4,4,1,1,2,2,4,0,1,3,0,2,0,2,3,1,2,1,1,2,4,2,1,4,2,1,3,2,1,0,1,4,1,4,2,4,2,2,0,2,0,0,3,2,2,0,0,3,1,0,0,4,0,0,3,2,2,1,2,0,1,0,4,2,0,4,2,3,0,2,1,3,2,0,3,2,0,0,4,4,3,1,2,3,1,2,4,1,0,0,3,0,4,0,0,3,1,0,1,4,4,3,0,1,2,0,3,4,3,2,1,2,0,0,4,0,2,0,0,0,1,0,4,2,0,1,4,1,0,4,3,0,0,0,1,2,0,2,3,0,0,2,2,0,2,2,1,3,2,4,1,0,2,4,1,0,1,0,2,1,2,0,1,4,2,1,2,4,1,1,4,1,2,2,1,2,2,0,0,2,0,2,0,4,0,2,1,2,2,0,3,1,2,0,1,3,1,0,0,0,2,0,1,3,1,0,2,1,0,2,4,0,3,2,0,4,0,4,2,2,2,1,2,2,0,4,0,0,2,0,2,4,2,0,0,1,1,0,2,1,0,0,2,2,1,1,1,0,1,1,1,3,0,0,0,2,2,1,1,0,3,2,4,0,2,4,0,1,0,2,1,4,1,4,2,1,4,4,2,0,2,0,4,1,1,3,1,1,1,3,2,0,0,0,0,2,3,2,4,1,1,4,0,2,3,0,4,2,4,1,4,1,1,2,2,1,0,2,1,1,1,1,1,2,0,1,0,1,2,3,2,1,2,2,1,1,2,0,3,3,3,1,1,2,2,0,1,1,2,1,3,2,3,2,4,1,4,1,0,0,1,4,1,1,4,1,1,1,2,1,1,0,3,0,0,2,0,0,2,4,1,4,0,1,2,1,2,4,0,2,4,0,4,0,0,1,3,4,1,1,3,4,4,0,0,1,0,0,4,0,1,4,0,1,2,1,1,3,2,4,4,2,1,1,1,0,1,1,2,2,1,0,0,4,2,2,0,3,4,0,0,4,1,1,0,2,1,1,3,2,4,2,1,2,0,0,1,0,3,0,4,3,0,0,3,1,1,2,1,4,1,1,3,4,4,2,0,4,0,0,1,3,2,2,0,1,1,0,0,3,4,1,1,4,2,2,0,1,1,2,3,2,1,0,2,1,2,1,1,3,1,2,1,0,2,1,1,1,1,4,4,4,2,2,1,2,3,1,0,1,1,4,4,4,0,1,0,0,0,2,1,1,1,1,0,1,4,4,0,0,1,1,0,4,2,2,0,4,1,2,2,1,3,4,0,4,0,3,2,0,2,3,0,3,1,0,2,3,4,2,0,4,0,0,1,4,4,1,0,0,3,2,0,4,3,0,0,0,2,4,2,4,1,0,2,1,3,1,2,2,4,0,3,2,0,0,4,3,3,1,2,1,0,3,0,0,2,0,2,1,4,1,3,1,3,0,0,0,3,3,4,2,0,4,1,1,1,1,1,0,3,0,0,1,0,1,4,0,3,4,0,4,1,0,2,1,1,4,0,3,1,0,0,3,1,2,1,0,4,3,2,3,1,1,0,2,4,2,4,3,3,2,4,3,2,4,3,2,4,0,0,2,2,1,3,3,0,3,0,0,2,2,3,3,2,3,4,0,0,2,2,0,0,4,0,2,1,0,1,2,1,3,2,2,2,0,3,2,3,4,3,2,0,1,1,2,2,1,0,1,0,1,1,3,1,4,0,3,0,0,1,0,1,1,1,4,2,2,1,1,1,1,3,4,0,1,0,2,3,3,3,3,1,0,3,2,2,4,2,0,2,3,4,0,0,0,0,2,1,1,2,3,2,0,1,1,0,0,1,0,4,1,1,0,0,0,1,4,3,2,2,2,1,4,2,0,0,1,0,1,3,0,0,1,4,4,1,0,1,1,0,3,0,2,2,2,1,1,0,2,0,2,1,2,1,1,2,3,3,0,4,1,1,3,0,2,0,1,1,3,3,1,4,1,3,1,2,1,1,0,1,0,2,3,1,4,2,1,1,3,0,3,0,4,0,3,3,1,3,2,4,2,1,0,1,0,0,0,1,2,2,1,3,0,0,3,2,0,2,4,1,2,2,0,4,0,1,2,4,1,0,1,4,0,3,1,0,0,4,3,1,0,2,1,4,3,0,0,0,0,0,0,1,0,4,4,3,2,2,1,2,2,2,0,0,1,4,0,0,1,3,3,1,1,1,4,1,0,1,0,2,4,1,0,3,2,4,4,2,1,2,2,0,0,2,1,2,2,1,0,2,2,4,4,1,1,0,0,0,3,3,1,0,0,0,2,1,2,1,4,0,3,0,0,4,4,4,0,4,2,0,1,4,1,0,2,2,4,0,4,2,2,2,1,2,4,0,1,1,0,1,1,1,1,4,4,1,1,0,2,0,1,2,1,1,1,2,2]",ok,
14,uniform,3,0.3,0.5982168291675407,5,"fused_1_medium+fused_3_medium+fused_4_high, fused_2_medium+fused_3_medium+fused_4_high, fused_1_medium+fused_2_medium+fused_4_high, fused_2_medium+fused_4_high+fused_5_medium, fused_3_low","[532, 222, 287, 604, 154]",0.6,0.9,4.0,"{""fused_1"":0.35731739615073005,""fused_2"":0.3351404869390131,""fused_3"":0.4759467617209031,""fused_4"":0.46050940733387746,""fused_5"":0.4253275521698706}","{""fused_1_medium+fused_3_medium+fused_4_high"":0.19011559837892353,""fused_2_medium+fused_3_medium+fused_4_high"":0.1797183460702086,""fused_1_medium+fused_2_medium+fused_4_high"":0.19333839779541068,""fused_2_medium+fused_4_high+fused_5_medium"":0.5724527464744179,""fused_3_low"":0.13824155044300268}","{""fused_1"":0.20864042730778348,""fused_2"":0.21314454303856076,""fused_3"":0.18962563942806623,""fused_4"":0.1917212925267922,""fused_5"":0.19686809769879732}","{""fused_1_medium+fused_3_medium+fused_4_high"":0.20755923756788888,""fused_2_medium+fused_3_medium+fused_4_high"":0.21148708242703218,""fused_1_medium+fused_2_medium+fused_4_high"":0.20639948622826595,""fused_2_medium+fused_4_high+fused_5_medium"":0.1437368432162975,""fused_3_low"":0.23081735056051547}","{""fused_1"":1.0432021365389175,""fused_2"":1.0657227151928037,""fused_3"":0.9481281971403311,""fused_4"":0.958606462633961,""fused_5"":0.9843404884939866}","{""fused_1_medium+fused_3_medium+fused_4_high"":1.0377961878394444,""fused_2_medium+fused_3_medium+fused_4_high"":1.057435412135161,""fused_1_medium+fused_2_medium+fused_4_high"":1.0319974311413298,""fused_2_medium+fused_4_high+fused_5_medium"":0.7186842160814876,""fused_3_low"":1.1540867528025773}",0.1810803267247174,0.010561423012784881,"[2,3,2,2,3,3,2,3,2,4,3,3,1,0,0,3,3,0,2,2,4,0,2,2,4,2,3,3,0,0,2,3,2,0,2,0,0,0,0,0,0,4,3,3,4,2,2,2,3,3,0,1,3,4,3,0,0,0,3,4,0,2,2,0,3,0,3,0,2,2,4,0,2,3,2,2,0,3,3,2,3,0,3,0,2,2,2,2,3,2,4,3,2,0,3,3,3,0,3,0,3,3,3,3,2,3,0,0,3,2,3,4,3,3,0,0,0,3,0,2,0,3,0,3,0,0,0,1,0,0,2,0,2,0,0,0,0,0,4,2,3,0,1,2,2,2,4,3,0,3,4,0,4,2,2,2,3,2,3,0,2,1,0,3,0,2,3,3,0,2,0,0,2,0,3,2,0,3,3,0,0,2,0,2,3,3,3,3,0,3,2,2,0,0,4,0,2,2,3,0,0,3,0,0,3,0,3,1,3,2,3,0,2,2,0,3,3,3,0,2,0,0,2,0,2,3,2,0,4,0,2,3,3,3,3,3,0,4,3,3,3,0,2,3,2,0,0,2,3,1,3,4,3,2,2,0,0,0,0,3,3,0,2,2,3,0,0,0,3,3,3,2,2,3,1,2,0,0,2,3,0,4,0,2,3,2,0,3,0,1,0,0,4,0,0,2,2,3,0,2,3,2,0,2,3,3,3,3,0,3,1,2,3,0,0,4,3,2,0,0,0,0,1,0,3,2,3,0,3,0,0,1,0,0,3,3,0,2,3,3,3,4,0,0,0,0,0,4,3,3,4,0,0,0,3,0,3,3,4,3,0,0,2,0,0,3,3,0,3,0,0,3,2,3,3,3,0,3,0,2,0,3,2,0,3,2,3,0,3,0,2,0,3,4,4,2,0,3,3,4,0,0,3,0,3,3,0,1,4,3,3,0,0,3,2,3,0,2,3,2,0,1,3,2,0,2,0,0,0,2,3,3,3,1,2,0,2,0,0,4,0,3,3,4,1,3,4,2,3,0,1,0,1,3,3,1,3,0,4,0,3,0,4,3,2,0,3,0,0,0,4,0,3,2,3,1,4,2,0,2,2,0,0,4,3,0,3,3,2,2,3,3,2,2,2,3,3,3,0,1,0,0,4,3,0,4,3,3,3,3,4,3,0,0,0,0,3,2,0,0,2,0,4,3,3,2,0,3,2,3,3,2,0,2,3,0,3,0,3,0,2,3,3,4,0,3,0,3,2,2,4,1,3,2,3,2,3,3,3,2,0,0,3,3,3,0,2,0,0,3,0,2,1,2,0,3,0,0,3,2,4,3,0,1,4,0,0,0,3,3,0,2,3,0,0,2,2,2,0,3,2,0,2,2,0,0,0,0,3,2,2,0,0,3,4,0,2,1,0,3,0,0,3,0,2,2,0,3,3,1,0,3,0,3,0,0,3,0,2,3,4,0,4,3,3,0,2,0,2,4,3,2,3,3,3,3,4,2,0,4,3,4,2,0,3,3,0,0,2,2,1,4,3,2,0,3,3,3,0,1,2,2,3,0,2,0,0,0,2,0,2,0,4,0,4,2,1,2,0,0,3,3,0,1,2,2,0,2,4,3,0,3,3,4,3,0,1,2,3,0,4,2,2,2,4,1,0,0,0,1,0,4,4,3,3,3,4,4,0,1,2,0,3,0,4,2,1,3,1,1,3,3,3,1,3,4,1,2,3,1,0,1,3,1,4,3,3,3,4,0,3,0,0,2,3,4,0,0,2,1,0,0,3,0,0,2,3,3,1,3,0,1,0,3,3,0,4,4,2,0,3,3,2,3,0,2,3,0,0,4,3,2,3,3,3,1,3,4,3,0,0,2,0,4,0,0,2,3,0,1,3,2,2,0,1,3,0,2,3,2,3,3,4,0,0,4,0,4,0,0,0,1,0,3,3,0,3,3,3,0,3,2,0,0,0,1,3,0,3,2,0,0,3,3,0,3,4,3,2,3,3,1,0,3,3,1,0,3,0,3,3,3,0,3,4,3,1,3,3,1,1,3,1,4,3,3,3,3,0,0,3,0,3,0,4,0,3,1,3,3,0,2,1,4,0,1,2,3,0,0,0,3,0,1,2,1,0,3,1,0,3,3,0,2,3,0,3,0,3,4,3,3,1,3,3,0,4,0,0,3,0,4,3,3,0,0,1,3,0,3,3,0,0,4,3,1,1,1,0,1,3,1,2,0,0,0,3,3,3,1,0,2,3,3,0,3,3,0,3,0,4,1,3,3,3,3,1,4,4,4,0,3,0,3,3,1,2,3,1,1,2,3,0,0,0,0,3,2,3,3,1,1,3,0,4,2,0,3,3,3,1,3,1,1,3,3,3,0,3,1,1,1,3,3,3,0,1,0,1,3,2,3,1,3,3,3,3,3,0,2,2,2,3,1,3,4,0,1,1,3,3,2,3,2,3,3,3,3,1,0,0,3,3,1,1,4,1,1,1,3,1,1,0,2,0,0,3,0,0,3,3,1,3,0,3,4,3,3,3,0,3,4,0,3,0,0,3,2,4,1,3,2,4,3,0,0,1,0,0,3,0,3,3,0,1,3,3,3,2,3,4,3,3,1,1,1,0,1,3,3,3,1,0,0,3,3,3,0,2,4,0,0,4,1,1,0,4,1,3,2,3,3,3,1,3,0,0,1,0,2,0,3,2,0,0,2,1,3,3,3,2,1,1,2,3,4,4,0,3,0,0,1,2,4,3,0,1,1,0,0,2,4,3,1,4,4,3,0,3,1,3,2,3,1,0,3,1,3,3,1,2,1,3,1,0,4,1,1,1,1,4,3,4,3,3,1,3,2,1,0,1,1,3,4,3,0,1,0,0,0,3,1,3,3,1,0,1,3,3,0,0,3,3,0,3,3,3,0,3,1,4,3,1,2,3,0,3,0,2,3,0,4,2,0,2,1,0,3,2,3,3,0,3,0,0,3,3,4,1,0,0,2,4,0,3,2,0,0,0,4,3,3,3,3,0,3,3,2,1,3,3,4,0,2,3,0,0,3,2,2,3,3,1,0,2,0,0,3,0,3,1,4,3,2,1,2,0,0,0,2,2,3,3,0,4,1,1,1,3,3,0,2,0,0,1,0,3,3,0,2,3,0,4,1,0,3,1,1,4,0,2,1,0,0,2,3,3,3,0,3,2,3,2,1,3,0,4,3,3,3,2,2,3,3,2,3,2,2,4,3,0,0,4,3,1,2,2,0,2,0,0,3,4,2,2,4,2,3,0,0,3,3,0,0,3,0,3,1,0,1,3,1,2,3,3,3,0,2,3,2,3,2,3,0,3,1,3,3,1,0,3,0,1,1,2,3,3,0,2,0,0,3,0,1,3,1,3,3,3,1,1,1,3,2,4,0,1,0,3,2,2,2,2,1,0,2,4,3,3,3,0,4,2,4,0,0,0,0,3,1,1,3,2,3,0,1,1,0,0,1,0,3,1,1,0,0,0,1,3,2,4,4,4,1,3,3,0,0,1,0,1,2,0,0,1,3,4,1,0,1,1,0,2,0,3,3,3,1,3,0,3,0,3,1,3,3,1,3,2,2,0,3,1,1,2,0,3,0,1,1,2,2,3,3,3,2,3,4,1,3,0,1,0,3,2,1,3,3,3,3,2,0,2,0,4,0,2,2,3,2,3,4,3,3,0,3,0,0,0,1,3,3,1,2,0,0,2,3,0,3,4,3,3,3,0,3,0,1,3,4,1,0,1,3,0,2,1,0,0,4,2,1,0,3,1,3,2,0,0,0,0,0,0,1,0,3,4,2,3,4,1,3,3,3,0,0,3,3,0,0,3,2,2,1,1,3,4,1,0,1,0,4,4,3,0,2,4,4,4,3,1,3,3,0,0,3,1,3,3,1,0,3,2,4,4,1,3,0,0,0,2,2,3,0,0,0,4,1,3,1,3,0,2,0,0,3,3,4,0,3,3,0,1,3,3,0,3,3,3,0,3,3,3,3,3,3,3,0,1,3,0,1,3,1,3,4,4,1,1,0,4,0,1,3,3,1,1,3,3]",ok,
15,uniform,3,0.25,0.415130025841259,8,"fused_2_medium+fused_4_high+fused_5_medium, fused_1_medium+fused_2_medium+fused_3_medium+fused_4_high, fused_3_medium+fused_4_high+fused_5_medium, fused_1_high, fused_2_medium+fused_4_high+fused_5_low, fused_3_low+fused_4_high, fused_1_medium+fused_4_high+fused_5_medium, fused_2_medium+fused_3_low","[310, 320, 720, 167, 282]",0.8,0.8,2.0,"{""fused_1"":0.6812984859807428,""fused_2"":0.55580881350592,""fused_3"":0.46680913358819176,""fused_4"":0.5124809825301865,""fused_5"":0.40763202845722657}","{""fused_2_medium+fused_4_high+fused_5_medium"":0.2948652563388032,""fused_1_medium+fused_2_medium+fused_3_medium+fused_4_high"":0.5823654239791975,""fused_3_medium+fused_4_high+fused_5_medium"":0.2981087346564337,""fused_1_high"":0.29002719281111733,""fused_2_medium+fused_4_high+fused_5_low"":0.3814255093200138,""fused_3_low+fused_4_high"":0.29057932344129456,""fused_1_medium+fused_4_high+fused_5_medium"":0.32743724949113,""fused_2_medium+fused_3_low"":0.2717029203074853}","{""fused_1"":0.1495656517088846,""fused_2"":0.1833343581243892,""fused_3"":0.21828804265402188,""fused_4"":0.198834406617194,""fused_5"":0.24997754089551036}","{""fused_2_medium+fused_4_high+fused_5_medium"":0.1372550075362027,""fused_1_medium+fused_2_medium+fused_3_medium+fused_4_high"":0.0694954255773132,""fused_3_medium+fused_4_high+fused_5_medium"":0.13576164760012782,""fused_1_high"":0.13954461507098867,""fused_2_medium+fused_4_high+fused_5_low"":0.10610651881437543,""fused_3_low+fused_4_high"":0.13927946593599677,""fused_1_medium+fused_4_high+fused_5_medium"":0.12360149324441207,""fused_2_medium+fused_3_low"":0.14895582622058332}","{""fused_1"":0.747828258544423,""fused_2"":0.9166717906219459,""fused_3"":1.0914402132701093,""fused_4"":0.99417203308597,""fused_5"":1.2498877044775518}","{""fused_2_medium+fused_4_high+fused_5_medium"":1.0980400602896216,""fused_1_medium+fused_2_medium+fused_3_medium+fused_4_high"":0.5559634046185056,""fused_3_medium+fused_4_high+fused_5_medium"":1.0860931808010226,""fused_1_high"":1.1163569205679094,""fused_2_medium+fused_4_high+fused_5_low"":0.8488521505150034,""fused_3_low+fused_4_high"":1.1142357274879742,""fused_1_medium+fused_4_high+fused_5_medium"":0.9888119459552965,""fused_2_medium+fused_3_low"":1.1916466097646665}",0.2378882214404311,0.01500833796553641,"[4,3,4,4,1,1,4,3,4,0,2,1,2,2,0,1,1,0,4,4,0,0,4,4,0,4,1,1,2,2,4,1,4,2,4,0,0,2,0,2,0,2,1,1,2,4,4,4,1,2,2,2,1,0,1,0,0,0,1,0,0,4,4,0,3,0,1,0,4,4,2,0,4,1,4,4,0,1,1,4,1,0,1,0,4,4,4,4,1,4,0,3,4,0,1,1,2,2,3,2,1,2,3,1,4,2,2,0,1,4,1,2,1,1,0,0,2,1,2,4,0,1,0,1,0,0,0,2,2,0,4,0,4,0,0,2,2,0,2,4,1,2,2,4,4,4,0,1,2,1,2,2,2,4,4,4,3,4,1,0,4,2,2,1,0,4,1,3,2,4,0,2,4,2,1,4,2,2,2,2,2,4,0,4,2,1,1,3,0,1,4,4,0,0,0,0,4,4,1,2,0,3,2,0,2,2,1,2,1,4,3,0,4,4,0,1,3,1,2,4,0,0,4,0,4,1,4,2,2,0,4,3,1,3,3,1,0,0,1,1,1,2,4,1,4,2,0,4,1,2,2,0,1,4,4,0,2,0,0,4,3,2,4,4,1,0,0,2,1,1,1,4,4,3,2,4,2,2,4,3,2,0,0,4,1,4,2,3,2,2,2,2,2,2,2,4,4,1,0,4,1,2,2,4,1,1,3,1,2,1,2,4,3,0,0,0,1,4,2,0,0,0,2,0,3,4,1,2,1,2,2,2,0,2,1,3,2,4,3,3,1,2,0,0,2,2,0,2,1,1,0,2,2,2,3,0,1,3,2,3,0,0,4,0,2,1,1,2,1,2,0,3,4,1,3,1,2,1,2,4,2,1,4,0,1,4,3,2,1,2,4,0,2,0,0,4,2,3,1,2,0,0,1,2,1,3,2,2,0,1,3,2,2,1,4,2,0,4,1,4,2,2,1,4,2,4,2,2,0,4,1,1,2,2,4,0,4,0,2,0,2,1,2,0,2,1,2,4,3,0,2,2,2,1,1,2,1,2,0,2,1,2,0,1,4,2,1,2,0,0,0,0,1,4,1,2,0,4,2,4,4,0,0,2,1,0,2,2,4,4,3,1,4,4,4,1,1,2,2,2,0,2,0,3,0,0,1,1,1,1,0,1,0,2,2,0,1,4,0,2,4,2,0,3,1,4,2,1,4,3,1,4,2,4,1,0,1,2,1,0,4,1,2,0,0,2,2,1,4,4,0,2,1,4,1,4,2,4,1,4,0,0,1,1,1,2,4,0,0,1,2,4,2,4,0,2,0,2,1,4,2,2,0,2,0,2,0,0,1,1,0,4,3,2,0,4,4,2,0,1,4,2,4,4,0,0,0,0,1,4,4,0,0,2,0,2,4,2,2,1,2,2,1,2,4,4,0,1,1,2,2,1,0,1,2,2,1,2,4,2,2,2,2,3,1,2,4,0,4,2,1,4,1,1,1,1,0,4,0,2,2,2,4,0,1,3,2,2,4,4,2,0,1,4,0,2,3,2,0,2,4,2,3,2,4,0,2,2,4,2,4,2,0,0,2,4,2,4,2,2,3,1,2,2,4,4,2,4,2,2,0,1,1,0,1,0,2,4,3,0,0,4,4,4,0,2,2,0,2,2,0,2,2,2,2,3,0,2,0,2,4,2,1,2,0,4,2,1,2,2,3,3,3,2,3,0,2,4,1,2,2,2,1,2,2,1,3,1,2,2,3,0,0,4,3,0,2,2,4,2,2,2,3,0,0,4,1,1,2,1,0,2,2,1,1,0,2,0,4,2,1,3,4,1,0,4,1,0,2,2,3,4,2,1,4,2,1,2,2,2,0,4,2,2,0,0,4,2,2,2,1,2,4,0,2,1,2,4,3,4,3,2,0,0,2,2,2,0,2,2,2,2,2,3,1,0,3,1,3,2,1,4,2,2,0,2,1,2,1,4,0,2,1,1,0,1,0,2,4,1,3,2,2,1,3,2,2,2,0,1,2,3,0,2,2,1,2,1,3,2,2,1,2,0,1,2,1,1,0,2,2,2,1,2,2,2,3,2,1,1,2,4,2,0,2,2,4,2,2,0,2,1,2,2,4,2,0,3,2,2,1,3,2,4,1,0,3,2,1,0,1,1,2,3,3,0,2,0,2,1,0,0,3,1,0,0,2,2,2,3,2,2,2,0,1,2,2,2,0,2,2,2,4,2,2,0,1,1,2,2,2,4,3,1,0,3,1,0,2,0,2,2,1,3,1,3,2,2,2,0,2,1,0,3,2,2,4,2,2,2,4,1,0,2,2,2,1,4,1,1,2,2,3,2,0,4,2,1,3,1,2,3,2,2,3,3,2,0,1,2,2,2,2,2,1,0,2,2,2,1,4,1,2,3,3,3,2,1,0,4,4,4,2,2,1,0,2,2,2,1,2,4,1,4,3,3,2,3,2,0,2,2,3,2,2,2,2,2,2,1,2,2,2,4,2,2,1,2,2,3,3,2,3,2,2,0,2,1,3,2,3,2,0,1,2,2,2,4,2,2,2,4,2,3,2,0,2,0,0,1,0,2,1,0,2,3,2,2,4,1,2,1,1,2,2,2,0,2,2,1,1,2,2,2,3,3,1,2,4,2,0,0,2,2,2,2,0,2,2,4,3,1,1,2,3,2,0,2,0,4,2,1,4,0,2,4,2,2,1,2,2,2,2,4,3,2,0,0,3,2,0,2,4,2,3,0,2,2,2,0,4,2,2,2,2,0,3,2,2,2,1,4,1,2,2,1,2,3,2,2,4,2,3,2,0,2,2,2,2,2,2,3,2,1,1,2,1,4,2,2,2,2,3,2,3,0,2,2,0,2,3,2,2,2,2,2,2,1,3,2,2,2,2,2,3,3,1,2,3,2,0,1,2,4,3,0,1,0,4,3,0,0,4,2,4,2,2,3,4,3,1,2,3,2,0,2,3,2,2,0,0,4,0,0,3,4,2,0,0,0,1,1,1,3,2,2,2,4,2,3,1,2,0,4,1,0,2,3,4,4,2,1,2,2,4,2,2,3,0,1,2,2,2,4,2,4,2,2,2,4,4,3,1,2,2,2,2,2,2,2,0,4,2,2,2,0,2,1,2,4,3,0,2,2,2,1,2,2,2,2,4,2,2,2,4,3,1,2,2,3,4,1,4,2,2,2,2,3,1,1,4,4,3,3,4,1,2,4,0,3,2,2,0,1,2,4,4,2,4,2,0,3,0,4,4,0,4,3,2,0,1,1,0,2,3,2,1,2,2,2,3,2,4,1,3,1,2,4,1,4,1,4,1,2,2,2,1,1,2,0,2,0,2,2,4,3,3,2,4,2,0,2,2,2,2,2,3,1,1,2,2,2,2,4,2,2,2,2,1,4,4,4,4,2,2,2,0,3,3,1,0,0,4,2,2,0,2,2,1,2,2,1,4,1,0,2,2,2,2,2,2,3,2,2,2,2,2,2,1,4,0,0,2,2,1,1,2,0,2,2,2,4,0,2,2,1,2,2,0,2,2,2,4,0,1,1,1,2,2,2,3,2,1,2,1,2,2,1,4,4,2,1,2,2,4,2,3,2,2,2,4,4,2,1,2,4,2,0,2,2,2,2,2,3,4,2,1,3,2,2,4,2,4,2,2,2,4,4,2,4,3,2,1,2,0,2,0,0,0,2,1,3,2,4,2,0,4,1,0,1,2,2,1,1,2,3,0,2,1,2,2,2,2,3,2,4,2,2,0,2,4,2,2,1,2,1,4,2,0,2,2,2,2,2,0,3,2,4,3,0,2,1,1,1,2,2,2,3,0,2,2,4,4,2,2,2,2,2,2,2,2,0,2,2,0,4,0,2,4,1,2,1,1,2,0,1,2,1,3,2,0,1,2,2,2,2,2,0,2,2,2,4,2,0,2,2,0,2,3,2,3,2,4,0,0,3,3,2,2,1,3,0,2,1,2,0,1,1,3,0,1,1,1,1,3,2,3,2,2,2,2,2,2,2,2,2,2,2,2,2,0,0,2,2,2,2,2,3,1]",ok,
16,uniform,3,0.2,0.5844286134578712,10,"fused_2_medium+fused_4_high+fused_5_medium, fused_1_medium+fused_2_medium+fused_3_medium+fused_4_high, fused_2_medium+fused_3_low+fused_4_high, fused_1_medium+fused_3_medium+fused_4_high+fused_5_medium, fused_5_high, fused_1_high+fused_2_medium+fused_4_high, fused_1_medium+fused_4_high+fused_5_low, fused_2_high, fused_1_medium+fused_2_medium+fused_5_low, fused_2_medium+fused_3_medium+fused_4_high+fused_5_low","[295, 365, 432, 624, 83]",0.5,0.2,3.0,"{""fused_1"":0.5888430545949277,""fused_2"":0.24991036718664733,""fused_3"":0.344806333346276,""fused_4"":0.37619518239611094,""fused_5"":0.27382528105099146}","{""fused_2_medium+fused_4_high+fused_5_medium"":0.7645005534712486,""fused_1_medium+fused_2_medium+fused_3_medium+fused_4_high"":0.7488688610591134,""fused_2_medium+fused_3_low+fused_4_high"":0.6253303765576328,""fused_1_medium+fused_3_medium+fused_4_high+fused_5_medium"":0.6131265060899062,""fused_5_high"":0.667071997469099,""fused_1_high+fused_2_medium+fused_4_high"":0.5911339809775012,""fused_1_medium+fused_4_high+fused_5_low"":0.6546263426484183,""fused_2_high"":0.5917870262610204,""fused_1_medium+fused_2_medium+fused_5_low"":0.6491275708542772,""fused_2_medium+fused_3_medium+fused_4_high+fused_5_low"":0.6651905963531771}","{""fused_1"":0.15245423610266987,""fused_2"":0.2340168549344311,""fused_3"":0.19922858824938777,""fused_4"":0.1907359952645552,""fused_5"":0.22356432544895616}","{""fused_2_medium+fused_4_high+fused_5_medium"":0.09246390849644473,""fused_1_medium+fused_2_medium+fused_3_medium+fused_4_high"":0.09342395811598303,""fused_2_medium+fused_3_low+fused_4_high"":0.10223659727591985,""fused_1_medium+fused_3_medium+fused_4_high+fused_5_medium"":0.10324905933708285,""fused_5_high"":0.098986232367377,""fused_1_high+fused_2_medium+fused_4_high"":0.10515215723148155,""fused_1_medium+fused_4_high+fused_5_low"":0.09992275753063093,""fused_2_high"":0.10509412277645126,""fused_1_medium+fused_2_medium+fused_5_low"":0.10034508879675443,""fused_2_medium+fused_3_medium+fused_4_high+fused_5_low"":0.09912611807187435}","{""fused_1"":0.7622711805133493,""fused_2"":1.1700842746721556,""fused_3"":0.9961429412469389,""fused_4"":0.953679976322776,""fused_5"":1.1178216272447807}","{""fused_2_medium+fused_4_high+fused_5_medium"":0.9246390849644472,""fused_1_medium+fused_2_medium+fused_3_medium+fused_4_high"":0.9342395811598303,""fused_2_medium+fused_3_low+fused_4_high"":1.0223659727591985,""fused_1_medium+fused_3_medium+fused_4_high+fused_5_medium"":1.0324905933708286,""fused_5_high"":0.98986232367377,""fused_1_high+fused_2_medium+fused_4_high"":1.0515215723148155,""fused_1_medium+fused_4_high+fused_5_low"":0.9992275753063093,""fused_2_high"":1.0509412277645127,""fused_1_medium+fused_2_medium+fused_5_low"":1.0034508879675443,""fused_2_medium+fused_3_medium+fused_4_high+fused_5_low"":0.9912611807187435}",0.2765242466946636,0.049471928849360754,"[3,4,3,3,2,2,3,1,3,2,1,2,1,0,3,2,2,3,3,3,3,3,3,3,3,3,2,2,0,0,3,2,3,0,3,3,3,0,3,0,3,2,2,2,3,3,3,3,2,1,0,1,2,2,2,3,3,3,2,2,3,3,3,3,4,3,2,3,3,3,3,3,3,2,3,3,3,2,2,3,2,3,2,3,3,3,3,3,2,3,3,1,3,3,2,2,1,0,0,0,2,1,2,2,3,1,0,3,2,3,2,1,2,2,3,3,0,2,0,3,3,2,3,2,3,3,3,1,0,3,3,3,3,3,3,0,0,3,3,3,2,0,1,3,3,3,2,2,0,2,2,0,3,3,3,3,2,3,2,3,3,1,0,2,3,3,2,4,0,3,3,0,3,0,2,3,0,1,1,0,0,3,3,3,1,2,2,4,3,2,3,3,3,3,2,3,3,3,2,0,3,2,0,3,1,0,2,1,2,3,4,3,3,3,3,2,2,2,0,3,3,3,3,3,3,2,3,3,4,3,3,4,2,4,2,2,3,2,2,2,2,0,3,2,3,0,3,3,2,1,1,3,2,3,3,3,0,3,3,3,4,0,3,3,2,3,3,0,2,2,2,3,3,4,1,3,0,0,3,4,0,3,3,3,2,3,0,4,0,1,0,0,3,0,0,3,3,2,3,3,2,4,0,3,2,2,4,2,0,2,1,3,2,3,3,2,2,3,0,3,3,3,1,3,2,3,2,3,2,0,0,1,3,0,2,1,0,3,2,2,2,4,3,3,0,0,3,2,2,2,2,0,0,0,2,3,2,4,3,4,3,3,3,3,0,2,2,0,2,0,3,2,3,2,2,2,0,2,0,3,0,2,3,3,2,3,2,0,2,0,3,3,1,3,2,3,0,2,2,3,3,3,2,0,2,4,0,1,3,2,2,0,0,2,3,1,3,3,2,3,0,1,2,3,0,3,0,0,3,3,2,2,1,1,3,3,3,3,0,2,0,2,1,3,1,2,2,3,2,3,1,0,1,2,2,1,2,0,2,0,2,0,2,2,3,0,2,0,3,3,3,3,2,3,2,1,3,3,0,3,3,3,3,3,2,3,1,1,3,3,2,2,3,3,3,2,2,1,0,1,3,0,3,4,3,3,2,2,2,2,3,2,3,0,0,3,2,3,3,0,3,0,3,2,2,3,0,2,3,4,2,3,0,3,2,3,2,0,2,3,3,2,1,2,3,1,0,2,3,3,3,1,2,3,2,3,1,3,2,3,3,3,2,2,2,0,3,3,3,2,0,3,1,3,3,1,3,0,2,3,3,1,3,1,3,0,3,3,2,2,3,3,2,0,3,3,3,3,3,2,3,0,3,3,3,3,3,3,2,3,3,3,3,1,2,0,3,1,0,2,0,0,2,0,3,3,3,2,2,1,0,2,3,2,0,0,2,0,3,1,3,0,3,4,2,0,3,3,3,3,2,3,2,2,2,2,2,3,3,2,1,2,3,3,2,4,0,0,3,3,1,3,2,3,3,1,1,1,3,1,3,3,1,0,3,3,0,0,3,0,3,0,3,3,3,3,1,3,0,0,2,2,0,1,3,3,0,3,3,1,3,2,2,3,2,3,1,3,1,3,3,3,3,3,3,1,0,3,0,1,3,2,3,1,1,2,3,3,3,1,3,0,2,0,2,3,1,2,1,1,1,4,1,1,4,3,1,3,2,1,0,1,2,1,3,2,4,2,3,0,2,3,3,3,2,2,0,0,3,1,0,0,4,3,3,3,2,2,1,2,3,1,0,2,2,3,2,3,3,0,2,1,3,2,3,3,2,3,0,2,4,3,1,2,3,1,2,3,1,0,3,3,0,3,3,3,3,1,0,1,2,3,3,3,1,2,0,3,4,3,2,1,3,3,0,4,0,2,0,0,0,1,0,4,2,3,1,2,1,0,2,3,0,0,3,1,2,0,2,3,3,0,2,2,3,2,2,1,3,2,4,1,0,2,4,1,0,1,3,2,1,2,3,1,3,2,1,2,3,1,1,2,1,2,2,1,2,2,3,0,3,0,2,0,3,0,2,1,2,2,0,3,1,2,0,1,3,1,0,3,0,2,0,1,3,1,3,2,1,0,2,4,0,3,2,3,4,0,2,3,2,2,1,1,1,3,2,3,0,2,3,2,4,2,3,3,1,1,0,2,1,0,0,2,2,1,1,1,3,1,1,1,3,0,0,3,2,2,1,1,0,3,2,2,3,1,2,3,1,3,3,1,2,1,2,1,1,2,3,3,0,2,3,4,1,1,3,1,1,1,3,2,3,0,0,0,2,3,2,2,1,1,4,0,3,3,0,2,2,2,1,4,1,1,2,1,1,3,2,1,1,1,1,1,2,3,1,0,1,2,3,2,1,2,2,1,1,2,3,3,3,3,1,1,2,3,0,1,1,2,1,3,2,3,1,4,1,4,1,3,0,1,4,1,1,3,1,1,1,2,1,1,0,3,0,0,2,0,0,2,4,1,4,0,1,3,1,2,4,0,3,3,3,2,0,0,1,3,2,1,1,3,3,4,0,3,1,3,3,2,3,1,2,3,1,3,1,1,3,2,2,2,2,1,1,1,3,1,1,2,2,1,0,0,4,1,2,0,3,2,3,3,4,1,1,0,2,1,1,3,2,2,2,1,2,0,3,1,3,3,0,2,3,3,0,3,1,1,2,1,3,1,1,3,4,3,3,3,4,0,3,1,3,3,2,3,1,1,0,3,3,3,1,1,3,3,2,0,1,1,2,3,2,1,0,2,1,2,1,1,3,1,2,1,3,3,1,1,1,1,3,4,2,2,2,1,2,3,1,0,1,1,4,3,3,3,1,0,3,0,2,1,1,1,1,0,1,2,4,0,0,1,1,0,4,2,2,0,4,1,2,2,1,3,4,3,2,3,3,1,3,3,3,0,3,1,0,2,3,4,2,0,4,0,3,1,4,3,1,3,3,3,3,3,4,3,0,3,3,2,2,2,2,1,0,3,1,3,1,1,2,2,3,3,2,3,0,4,3,3,1,2,1,0,3,0,0,2,3,2,1,2,1,3,1,3,0,0,0,3,3,4,2,0,3,1,1,1,1,1,3,3,0,0,1,3,1,2,0,3,4,3,3,1,0,2,1,1,2,0,3,1,0,0,3,1,2,1,0,4,3,2,3,1,1,0,3,4,2,2,3,3,2,4,3,2,3,3,2,4,0,0,2,2,1,3,3,0,3,0,3,2,3,3,3,2,3,4,0,3,2,2,3,0,4,0,2,1,0,1,2,1,3,2,2,2,0,3,2,3,2,3,2,0,1,1,2,2,1,3,1,3,1,1,3,1,4,0,3,0,3,1,0,1,1,1,4,2,2,1,1,1,1,3,3,0,1,0,2,3,3,3,3,1,0,3,3,1,4,2,3,3,3,2,0,3,0,0,2,1,1,2,3,2,3,1,1,0,0,1,0,4,1,1,0,0,0,1,2,3,2,3,3,1,2,2,0,3,1,0,1,3,3,0,1,2,3,1,3,1,1,0,3,3,2,2,2,1,1,0,2,0,2,1,2,1,1,2,3,3,0,2,1,1,3,0,2,0,1,1,3,3,1,2,1,3,1,2,1,1,0,1,0,2,3,1,2,1,1,1,3,0,3,0,4,0,3,3,1,3,2,3,2,1,3,1,3,3,3,1,2,1,1,3,0,3,3,2,3,2,3,1,2,2,0,4,3,1,2,2,1,0,1,4,0,3,1,0,3,3,3,1,0,2,1,2,3,0,3,0,0,0,0,1,3,4,3,3,1,3,1,2,2,2,0,0,1,4,3,0,1,3,3,1,1,1,3,1,0,1,0,2,2,1,3,3,2,3,3,2,1,2,2,0,3,2,1,2,2,1,3,2,3,3,2,1,1,3,0,0,3,3,1,3,0,0,3,1,4,1,2,0,3,3,3,4,4,2,0,2,1,3,1,2,1,3,2,2,4,3,2,2,2,2,1,3,2,0,1,1,0,1,1,1,1,4,4,1,1,0,2,3,1,3,1,1,1,1,2]",ok,
17,uniform,3,0.15,0.5787647982046351,10,"fused_1_medium+fused_3_medium+fused_4_high+fused_5_medium, fused_1_high+fused_2_medium+fused_3_low+fused_4_high, fused_2_medium+fused_3_medium+fused_4_high+fused_5_medium, fused_2_high+fused_5_high, fused_2_medium+fused_3_low+fused_4_high+fused_5_medium, fused_1_medium+fused_2_medium+fused_3_medium+fused_4_high+fused_5_low, fused_1_high+fused_2_medium+fused_4_high+fused_5_medium, fused_1_medium+fused_2_medium+fused_4_high+fused_5_medium, fused_3_medium+fused_5_high, fused_2_low+fused_3_medium+fused_4_high","[236, 308, 255, 273, 727]",0.8,0.2,2.0,"{""fused_1"":0.614757249411219,""fused_2"":0.22179977015937974,""fused_3"":0.43784637038391117,""fused_4"":0.47976087969269954,""fused_5"":0.3319875674473603}","{""fused_1_medium+fused_3_medium+fused_4_high+fused_5_medium"":0.6686896812936747,""fused_1_high+fused_2_medium+fused_3_low+fused_4_high"":0.6623453985294248,""fused_2_medium+fused_3_medium+fused_4_high+fused_5_medium"":0.6763419478878867,""fused_2_high+fused_5_high"":0.5904575291179355,""fused_2_medium+fused_3_low+fused_4_high+fused_5_medium"":0.6534522160713422,""fused_1_medium+fused_2_medium+fused_3_medium+fused_4_high+fused_5_low"":0.6715412913595388,""fused_1_high+fused_2_medium+fused_4_high+fused_5_medium"":0.638080207039372,""fused_1_medium+fused_2_medium+fused_4_high+fused_5_medium"":0.6545269278842509,""fused_3_medium+fused_5_high"":0.6640110924062613,""fused_2_low+fused_3_medium+fused_4_high"":0.5997799544486052}","{""fused_1"":0.12035352746424534,""fused_2"":0.3335810647941204,""fused_3"":0.1689821099487086,""fused_4"":0.15421891744956073,""fused_5"":0.22286438034336503}","{""fused_1_medium+fused_3_medium+fused_4_high+fused_5_medium"":0.0966989169175191,""fused_1_high+fused_2_medium+fused_3_low+fused_4_high"":0.09762514856838216,""fused_2_medium+fused_3_medium+fused_4_high+fused_5_medium"":0.09560484624227085,""fused_2_high+fused_5_high"":0.10951095505821579,""fused_2_medium+fused_3_low+fused_4_high+fused_5_medium"":0.09895378169160543,""fused_1_medium+fused_2_medium+fused_3_medium+fused_4_high+fused_5_low"":0.09628829793043954,""fused_1_high+fused_2_medium+fused_4_high+fused_5_medium"":0.10133768015629657,""fused_1_medium+fused_2_medium+fused_4_high+fused_5_medium"":0.09879130281780306,""fused_3_medium+fused_5_high"":0.0973802526411073,""fused_2_low+fused_3_medium+fused_4_high"":0.10780881797636033}","{""fused_1"":0.6017676373212267,""fused_2"":1.667905323970602,""fused_3"":0.844910549743543,""fused_4"":0.7710945872478037,""fused_5"":1.114321901716825}","{""fused_1_medium+fused_3_medium+fused_4_high+fused_5_medium"":0.966989169175191,""fused_1_high+fused_2_medium+fused_3_low+fused_4_high"":0.9762514856838216,""fused_2_medium+fused_3_medium+fused_4_high+fused_5_medium"":0.9560484624227085,""fused_2_high+fused_5_high"":1.095109550582158,""fused_2_medium+fused_3_low+fused_4_high+fused_5_medium"":0.9895378169160542,""fused_1_medium+fused_2_medium+fused_3_medium+fused_4_high+fused_5_low"":0.9628829793043954,""fused_1_high+fused_2_medium+fused_4_high+fused_5_medium"":1.0133768015629658,""fused_1_medium+fused_2_medium+fused_4_high+fused_5_medium"":0.9879130281780306,""fused_3_medium+fused_5_high"":0.973802526411073,""fused_2_low+fused_3_medium+fused_4_high"":1.0780881797636033}",0.30904605532757595,0.10617009449694274,"[3,4,3,3,2,2,3,1,3,4,4,4,1,4,0,2,2,0,3,3,4,0,3,3,4,3,2,2,4,4,3,2,3,4,3,0,0,4,0,4,0,4,2,2,4,3,3,3,4,1,4,1,2,4,2,0,0,0,2,4,0,3,3,0,4,0,4,0,3,3,4,0,3,2,3,3,0,2,2,3,2,0,2,0,3,3,3,3,4,3,4,4,3,0,2,2,1,4,4,4,4,1,4,4,3,1,4,0,2,4,2,4,2,2,0,0,4,2,4,3,0,2,0,2,0,0,0,1,4,0,3,0,3,0,0,4,4,0,4,3,2,4,1,3,3,3,4,2,4,2,4,4,4,3,3,3,4,3,2,0,3,1,4,2,0,3,4,4,4,3,0,4,3,4,2,3,4,4,1,4,4,3,0,3,1,2,2,4,0,2,3,3,0,0,4,0,3,3,4,4,0,4,4,0,4,4,4,1,2,3,4,0,3,3,0,4,4,2,4,3,0,0,3,0,3,2,3,4,4,0,3,4,2,4,4,2,0,4,2,2,2,4,3,2,3,4,0,3,2,1,1,4,2,3,3,0,4,0,0,4,4,4,3,3,2,0,0,4,2,4,2,3,3,4,1,3,4,4,3,4,4,4,0,3,2,3,4,4,4,1,4,4,4,4,4,3,3,2,0,3,2,3,4,3,2,2,4,2,4,4,1,3,4,0,0,4,2,3,4,0,0,0,1,0,4,3,2,4,2,4,4,1,0,4,2,4,4,3,4,4,2,4,0,0,4,4,0,4,4,2,4,4,4,4,4,0,4,4,4,4,0,0,3,0,4,2,2,4,4,4,0,4,3,2,4,2,4,2,4,3,4,2,3,0,2,3,4,4,4,4,3,0,1,4,4,3,4,4,2,3,0,0,2,4,2,4,4,1,4,4,4,4,4,2,3,1,0,3,2,3,4,1,2,3,4,3,4,4,0,3,2,4,1,1,3,0,3,0,4,4,4,2,1,4,4,4,4,3,4,0,1,4,1,2,2,1,2,4,4,4,2,4,4,2,3,4,2,4,0,0,4,0,2,3,2,1,4,3,4,3,3,0,0,4,2,0,1,1,3,3,4,2,3,3,3,4,2,1,4,1,0,4,4,4,0,4,4,2,4,2,4,4,0,4,4,0,2,3,0,4,3,4,4,4,2,3,4,2,3,4,4,3,4,3,2,0,4,4,2,0,3,2,1,4,0,1,4,2,3,3,4,1,2,3,2,4,1,4,2,3,0,0,2,2,2,4,3,0,0,2,4,3,4,3,0,1,0,4,2,3,4,1,0,1,4,4,0,0,2,2,0,3,4,4,0,3,3,3,0,2,3,4,3,3,0,0,0,0,2,3,3,0,0,1,4,4,3,1,4,2,4,4,2,4,4,3,0,2,2,1,4,2,0,2,4,4,2,4,3,1,4,4,4,4,2,4,3,0,3,4,2,3,2,2,2,2,4,3,0,4,1,4,4,0,4,4,4,4,3,4,1,4,2,3,0,4,4,1,0,1,3,3,1,4,3,0,4,4,3,4,3,4,4,0,4,3,1,3,4,4,4,4,4,1,3,3,4,3,4,1,0,4,2,4,2,0,1,3,4,0,4,3,3,3,4,1,4,0,4,1,0,4,4,1,1,4,4,4,0,1,3,4,2,4,4,3,1,2,1,1,4,4,4,1,4,4,1,3,2,1,4,1,4,1,4,2,4,2,4,4,4,0,0,3,4,4,4,4,3,1,4,4,4,0,0,3,2,2,1,2,0,1,4,4,2,0,4,4,3,4,2,1,3,2,0,3,2,0,4,4,4,3,1,2,4,1,2,4,1,4,0,4,4,4,0,0,3,4,4,1,4,3,3,0,1,2,4,3,4,3,4,1,4,0,4,4,4,4,4,4,4,1,4,4,2,0,1,4,1,4,4,3,4,4,0,1,2,4,2,3,0,4,2,2,0,2,4,1,3,2,4,1,4,2,4,1,4,4,0,2,4,4,0,4,4,2,1,2,4,1,1,4,1,4,2,1,2,2,0,4,4,4,2,4,4,4,4,1,2,2,4,3,1,4,4,1,3,4,4,0,4,2,4,1,3,4,0,4,1,4,2,4,4,3,2,0,4,4,4,4,2,2,1,4,4,0,4,0,4,2,0,4,4,2,0,0,1,1,4,4,1,4,4,4,2,1,1,1,0,1,1,1,3,4,4,0,2,2,4,1,4,3,4,4,0,4,4,0,1,0,4,1,4,1,4,4,1,4,3,4,4,2,0,4,1,1,3,4,1,1,3,2,0,4,4,4,2,3,2,4,1,1,4,4,4,3,4,4,4,4,1,4,1,1,4,4,4,0,2,1,1,1,1,1,2,0,1,4,1,2,3,2,1,4,4,1,1,2,0,3,3,3,4,4,2,4,4,1,1,2,1,3,2,3,4,4,1,4,1,0,4,1,4,1,1,4,1,1,1,2,1,1,4,3,4,4,2,4,4,4,4,1,4,4,4,4,1,2,4,4,4,4,0,4,4,4,1,3,4,1,1,3,4,4,4,0,1,0,0,4,0,4,4,0,1,4,4,1,3,2,4,4,2,1,1,1,0,1,1,2,2,1,4,4,4,4,2,4,3,4,0,0,4,1,1,4,4,1,1,4,4,4,2,1,4,4,0,1,0,3,4,4,3,0,4,4,1,1,2,1,3,1,1,3,4,4,4,0,4,4,0,1,3,4,4,0,1,4,4,0,3,4,1,4,4,4,4,4,4,1,2,4,2,1,4,2,1,4,1,1,3,1,4,1,0,4,1,1,1,1,4,4,4,2,2,1,2,3,1,4,1,1,4,4,4,0,1,4,0,4,4,1,1,1,1,4,1,4,4,4,4,1,1,4,4,4,2,4,4,1,4,2,1,3,4,0,4,0,3,4,0,4,3,4,3,1,4,4,3,4,2,4,4,4,0,1,4,4,1,0,0,3,4,0,4,3,4,0,0,4,4,2,4,1,4,4,4,3,1,4,2,4,0,4,2,0,4,4,3,3,1,2,1,4,3,4,4,4,0,2,1,4,1,3,1,3,4,4,4,3,3,4,2,4,4,1,1,1,1,1,0,3,4,4,1,0,1,4,4,3,4,0,4,1,4,2,1,1,4,4,3,4,4,4,3,1,2,1,4,4,3,2,4,1,1,4,4,4,2,4,3,3,4,4,3,2,3,3,4,4,4,4,4,2,1,3,4,4,3,4,0,4,4,4,3,4,3,4,4,0,2,2,0,4,4,4,2,1,4,1,4,1,3,2,4,2,4,3,2,3,4,3,2,4,1,1,2,2,4,0,1,0,1,1,3,1,4,4,3,4,0,4,4,1,1,1,4,2,2,1,1,1,1,3,4,4,1,4,2,4,3,3,3,1,4,3,4,4,4,2,0,4,3,4,4,0,4,4,2,1,1,2,3,2,0,1,1,4,4,1,4,4,1,1,4,4,4,1,4,3,4,4,4,1,4,2,4,0,4,4,1,3,0,4,1,4,4,1,0,1,1,4,3,0,2,2,2,1,1,4,4,4,2,1,2,1,1,2,3,3,4,4,1,1,3,4,4,4,1,1,3,3,1,4,1,3,4,4,1,4,4,1,4,4,3,1,4,4,1,1,3,4,3,4,4,4,3,3,1,3,4,4,2,1,0,4,0,0,0,1,2,4,1,3,4,0,4,2,0,2,4,4,2,2,4,4,0,1,2,4,1,4,1,4,4,3,1,4,0,4,3,1,4,2,1,4,3,4,0,4,4,4,4,1,0,4,4,3,4,4,1,2,2,2,4,4,1,4,0,4,1,3,3,1,1,4,4,1,4,1,4,4,4,1,0,3,4,4,3,2,1,2,2,4,0,2,1,2,4,1,0,2,4,4,4,1,4,0,4,4,3,4,1,0,4,4,4,1,4,1,4,4,3,0,0,4,4,4,4,4,4,0,1,4,1,0,2,2,4,0,4,2,2,2,1,4,4,4,1,1,4,1,1,4,1,4,4,1,1,4,4,0,1,4,1,1,1,4,2]",ok,
18,uniform,3,0.1,0.4734292449018469,10,"fused_1_medium+fused_2_medium+fused_3_medium+fused_4_high+fused_5_low, fused_1_high+fused_2_medium+fused_3_low+fused_4_high+fused_5_medium, fused_1_medium+fused_2_medium+fused_3_medium+fused_4_high+fused_5_medium, fused_1_medium+fused_2_low+fused_3_medium+fused_4_high, fused_2_high+fused_3_medium+fused_5_high, fused_1_medium+fused_3_low, fused_1_medium+fused_2_high+fused_5_high, fused_1_medium+fused_3_medium+fused_5_high, fused_2_low+fused_3_medium+fused_4_high+fused_5_medium, fused_4_medium","[202, 246, 289, 255, 807]",0.9,0.3,3.0,"{""fused_1"":0.6134578858795223,""fused_2"":0.21232213115651463,""fused_3"":0.4395404268294529,""fused_4"":0.34671812626546533,""fused_5"":0.3759594856066164}","{""fused_1_medium+fused_2_medium+fused_3_medium+fused_4_high+fused_5_low"":0.5913650408806306,""fused_1_high+fused_2_medium+fused_3_low+fused_4_high+fused_5_medium"":0.5212350269629216,""fused_1_medium+fused_2_medium+fused_3_medium+fused_4_high+fused_5_medium"":0.5904480217337627,""fused_1_medium+fused_2_low+fused_3_medium+fused_4_high"":0.5373830726134352,""fused_2_high+fused_3_medium+fused_5_high"":0.5445146065964709,""fused_1_medium+fused_3_low"":0.5363931942767143,""fused_1_medium+fused_2_high+fused_5_high"":0.5976858542065613,""fused_1_medium+fused_3_medium+fused_5_high"":0.5925861076528754,""fused_2_low+fused_3_medium+fused_4_high+fused_5_medium"":0.5389692019139994,""fused_4_medium"":0.60446043330088}","{""fused_1"":0.15411353253591312,""fused_2"":0.2619603245067106,""fused_3"":0.18206804936919027,""fused_4"":0.20499576006537404,""fused_5"":0.19686233352281207}","{""fused_1_medium+fused_2_medium+fused_3_medium+fused_4_high+fused_5_low"":0.09768168949826993,""fused_1_high+fused_2_medium+fused_3_low+fused_4_high+fused_5_medium"":0.10404571280598907,""fused_1_medium+fused_2_medium+fused_3_medium+fused_4_high+fused_5_medium"":0.09775751431549021,""fused_1_medium+fused_2_low+fused_3_medium+fused_4_high"":0.10247053296705173,""fused_2_high+fused_3_medium+fused_5_high"":0.10179729058118701,""fused_1_medium+fused_3_low"":0.10256504069738936,""fused_1_medium+fused_2_high+fused_5_high"":0.09716380137380166,""fused_1_medium+fused_3_medium+fused_5_high"":0.0975809974880309,""fused_2_low+fused_3_medium+fused_4_high+fused_5_medium"":0.10231964190616788,""fused_4_medium"":0.0966177783666222}","{""fused_1"":0.7705676626795656,""fused_2"":1.309801622533553,""fused_3"":0.9103402468459514,""fused_4"":1.0249788003268703,""fused_5"":0.9843116676140604}","{""fused_1_medium+fused_2_medium+fused_3_medium+fused_4_high+fused_5_low"":0.9768168949826993,""fused_1_high+fused_2_medium+fused_3_low+fused_4_high+fused_5_medium"":1.0404571280598907,""fused_1_medium+fused_2_medium+fused_3_medium+fused_4_high+fused_5_medium"":0.977575143154902,""fused_1_medium+fused_2_low+fused_3_medium+fused_4_high"":1.0247053296705173,""fused_2_high+fused_3_medium+fused_5_high"":1.01797290581187,""fused_1_medium+fused_3_low"":1.0256504069738936,""fused_1_medium+fused_2_high+fused_5_high"":0.9716380137380166,""fused_1_medium+fused_3_medium+fused_5_high"":0.975809974880309,""fused_2_low+fused_3_medium+fused_4_high+fused_5_medium"":1.0231964190616787,""fused_4_medium"":0.9661777836662221}",0.25991255185602613,0.0500277932184547,"[1,2,1,1,3,3,1,2,1,4,2,4,0,4,4,3,3,4,4,4,4,4,1,1,4,1,3,3,4,4,1,3,1,4,1,4,4,4,4,4,4,4,3,3,4,1,1,1,4,2,4,0,3,4,3,4,4,4,3,4,4,4,4,4,2,4,4,4,1,1,4,4,1,3,1,1,4,3,3,1,3,4,3,4,1,1,1,1,4,1,4,2,1,4,3,3,2,4,2,4,4,2,2,4,1,2,4,4,3,4,3,2,3,3,4,4,4,3,4,1,4,3,4,3,4,4,4,0,4,4,1,4,1,4,4,4,4,4,4,1,3,4,0,1,1,1,4,3,4,3,4,4,4,4,1,1,2,1,3,4,1,0,4,3,4,1,4,2,4,1,4,4,1,4,3,1,4,2,2,4,4,1,4,1,2,3,3,2,4,3,1,1,4,4,4,4,1,1,4,4,4,2,4,4,2,4,4,0,3,1,2,4,1,1,4,4,2,3,4,1,4,4,1,4,1,3,1,4,4,4,1,2,3,2,2,3,4,4,3,3,3,4,1,3,1,4,4,1,3,2,2,4,3,1,1,4,4,4,4,4,2,4,1,1,3,4,4,4,3,4,3,1,1,2,0,1,4,4,1,2,4,4,4,1,3,1,4,2,4,0,4,4,4,4,4,1,1,3,4,4,3,4,4,1,3,3,2,3,4,4,0,4,2,4,4,4,3,1,4,4,4,4,0,4,2,4,3,4,3,4,4,0,4,4,3,2,4,1,2,2,3,4,4,4,4,4,4,4,4,3,4,4,4,4,2,4,4,2,4,2,4,4,1,4,4,3,3,4,4,4,4,2,1,3,4,3,4,3,4,1,4,3,1,4,3,1,2,4,4,4,1,4,2,4,4,1,4,2,3,4,4,4,3,4,3,2,4,0,4,4,2,4,4,3,1,2,4,1,3,1,4,0,3,1,4,1,4,4,4,1,3,4,2,0,1,4,1,4,4,4,4,3,2,4,4,4,4,1,2,4,0,4,0,3,3,0,3,4,4,4,3,4,4,3,1,4,3,4,4,4,4,4,3,1,3,0,4,1,4,1,1,4,4,4,3,4,2,2,1,1,2,3,1,1,1,4,3,2,4,0,4,4,4,2,4,4,4,3,4,3,4,4,4,4,4,4,3,1,4,4,1,4,4,2,3,1,4,3,1,2,4,1,4,1,3,4,4,4,3,4,1,3,2,4,4,2,4,3,1,1,4,0,3,1,3,4,2,2,3,1,4,4,3,3,3,4,1,4,4,3,4,1,4,1,4,2,4,4,3,1,4,2,4,0,4,4,4,4,3,3,4,1,2,4,4,1,1,4,4,3,1,4,1,1,4,4,4,4,3,1,1,4,4,2,4,4,1,0,4,3,4,4,3,4,4,1,4,3,3,0,4,3,4,3,4,4,3,4,1,2,4,4,4,2,3,4,4,4,1,4,3,1,3,3,3,3,4,1,4,4,2,4,4,4,4,2,4,4,1,4,0,4,3,4,4,2,2,2,4,2,1,4,2,4,1,4,4,4,1,4,1,4,4,4,4,1,0,1,4,4,2,4,4,0,1,1,4,1,4,2,4,4,3,4,3,4,0,1,2,4,4,1,1,1,4,0,4,4,4,0,4,4,4,2,2,2,4,4,4,0,1,4,3,4,4,1,0,3,0,0,2,2,2,0,2,4,0,1,3,0,4,0,4,0,4,3,2,3,2,4,2,4,4,4,2,4,4,4,1,0,4,4,4,4,4,1,3,3,2,3,4,0,4,4,3,4,4,4,4,4,3,2,1,3,4,1,3,4,4,4,4,1,2,3,2,0,3,4,2,4,4,4,4,4,4,4,1,2,4,0,4,4,1,4,0,3,4,1,2,1,2,2,4,4,4,2,4,4,4,4,4,0,4,2,3,4,2,4,2,4,4,1,4,4,4,0,3,4,3,1,4,4,3,3,4,3,4,2,1,3,4,0,4,3,2,0,4,2,4,3,2,2,4,2,4,3,0,3,4,0,0,4,0,4,3,2,3,3,4,4,2,4,3,4,4,4,2,0,3,3,4,1,2,4,4,0,1,2,4,4,4,3,4,2,1,2,4,2,2,4,3,4,4,1,3,4,2,4,4,4,3,3,0,2,2,4,4,4,4,3,4,4,2,3,4,4,0,2,4,2,2,4,4,4,3,0,0,0,4,0,2,0,1,4,4,4,3,3,2,0,4,1,2,4,4,2,4,4,2,4,2,0,4,2,4,2,0,4,4,4,4,3,4,2,2,0,1,2,0,0,4,3,4,4,4,4,3,1,3,4,0,0,2,4,4,1,4,4,4,4,0,4,0,0,2,2,2,4,3,0,0,0,2,2,3,4,0,4,0,3,1,3,0,2,2,2,2,3,4,1,1,1,2,4,3,4,4,0,0,3,2,1,3,1,2,2,2,2,0,4,4,2,4,0,0,4,0,0,0,3,0,0,4,4,4,4,3,4,4,2,2,0,2,4,2,4,2,3,2,4,4,4,4,4,4,4,2,4,4,0,2,1,4,2,4,4,0,4,4,4,4,2,4,4,0,2,2,2,1,3,4,4,3,0,0,0,4,0,2,3,3,0,4,4,2,2,3,4,1,4,4,4,2,0,0,4,4,0,2,4,4,4,3,0,4,4,4,0,4,1,4,4,1,4,4,4,0,2,3,2,4,0,0,1,2,4,4,4,2,4,4,0,1,2,2,4,0,4,4,4,4,4,2,2,4,4,2,4,2,0,3,4,3,0,4,3,0,4,2,0,1,0,2,0,4,2,0,0,0,0,4,2,4,3,3,0,3,1,0,4,0,0,2,4,4,4,0,4,4,4,2,0,2,2,0,4,0,4,2,4,4,2,2,4,2,4,3,4,2,0,4,3,0,1,2,4,4,4,1,2,4,4,1,4,1,0,4,4,1,2,3,4,2,4,4,2,2,4,0,4,4,1,4,4,2,1,4,4,4,4,4,3,4,2,4,2,2,1,0,2,3,4,4,4,3,4,4,2,1,1,2,3,0,4,1,4,4,2,4,3,0,4,2,1,0,1,4,4,4,4,1,2,3,4,4,0,0,0,2,2,4,1,4,4,0,4,2,4,4,1,2,4,4,0,4,3,0,0,4,4,1,2,4,4,1,2,3,2,4,2,1,3,4,0,2,4,2,2,3,4,1,1,2,2,1,3,4,1,4,2,4,4,4,3,0,1,4,4,1,4,4,2,4,4,1,4,1,2,4,4,3,3,4,4,2,4,3,2,4,0,2,0,1,3,2,3,4,1,3,1,4,1,3,4,2,0,3,3,2,4,2,4,0,0,1,2,4,4,1,4,4,2,4,0,2,0,2,3,3,0,0,0,2,1,4,4,0,4,3,4,1,1,1,0,4,4,4,2,2,3,4,4,1,4,4,4,4,4,3,0,0,3,1,3,4,0,0,4,4,2,4,2,0,0,4,4,4,0,4,1,4,4,2,0,4,3,4,4,2,4,0,1,4,4,0,4,4,0,4,0,0,4,1,4,3,3,3,0,2,4,2,4,3,0,3,2,0,3,1,1,4,4,0,0,1,4,2,4,0,0,1,4,2,4,2,1,2,4,0,2,4,0,4,4,1,0,4,2,2,2,1,4,1,4,4,4,1,1,2,1,2,4,3,2,4,2,4,4,4,0,3,2,0,1,4,4,4,3,4,3,4,2,3,3,4,2,4,0,3,4,2,4,0,2,4,1,0,4,4,4,1,0,4,3,0,4,1,4,4,4,4,4,4,0,4,2,4,1,4,4,0,3,3,3,4,4,2,2,4,4,2,1,1,0,0,2,4,0,4,0,4,4,4,2,4,1,4,4,1,3,0,3,3,4,4,3,0,3,2,0,4,3,4,4,4,0,2,4,4,4,1,4,2,4,4,4,4,0,2,2,2,4,1,4,4,2,2,4,4,4,2,4,0,4,2,4,3,3,2,4,4,3,3,3,2,2,2,4,0,2,4,0,2,2,2,4,4,0,0,4,4,4,0,2,2,0,0,2,3]",ok,
19,uniform,5,1.0,0.42748573683993574,0,,[],,,,,,,,,,,,,baseline_no_features,
20,uniform,5,0.95,0.42748573683993574,0,,[],,,,,,,,,,,,,baseline_no_features,
21,uniform,5,0.9,0.42748573683993574,0,,[],,,,,,,,,,,,,baseline_no_features,
22,uniform,5,0.85,0.42748573683993574,0,,[],,,,,,,,,,,,,baseline_no_features,
23,uniform,5,0.8,0.42748573683993574,0,,[],,,,,,,,,,,,,baseline_no_features,
24,uniform,5,0.75,0.42748573683993574,0,,[],,,,,,,,,,,,,baseline_no_features,
25,uniform,5,0.7,0.42748573683993574,0,,[],,,,,,,,,,,,,baseline_no_features,
26,uniform,5,0.65,0.42748573683993574,0,,[],,,,,,,,,,,,,baseline_no_features,
27,uniform,5,0.6,0.554801655673614,1,fused_4_veryhigh,"[37, 164, 190, 1131, 277]",0.2,0.8,3.0,"{""fused_1"":0.5037022537510767,""fused_2"":0.5157273028564823,""fused_3"":0.6991253078457172,""fused_4"":0.3122025812762328,""fused_5"":0.4434245387727812}","{""fused_4_veryhigh"":0.15481177808841878}","{""fused_1"":0.19330865045698958,""fused_2"":0.19104169998840262,""fused_3"":0.16408191806349648,""fused_4"":0.2455387220784916,""fused_5"":0.20602900941261978}","{""fused_4_veryhigh"":1.0}","{""fused_1"":0.966543252284948,""fused_2"":0.9552084999420131,""fused_3"":0.8204095903174824,""fused_4"":1.2276936103924578,""fused_5"":1.0301450470630988}","{""fused_4_veryhigh"":1.0}",0.14265825226499,0.006670372429127293,"[3,3,3,0,4,3,3,2,3,3,2,4,2,3,3,3,3,3,3,3,3,3,3,3,3,3,3,3,3,3,3,3,3,3,3,3,3,3,3,3,3,3,3,3,3,3,3,3,4,2,4,1,4,4,3,3,3,3,3,3,3,3,3,3,3,3,4,3,3,3,3,3,3,4,3,3,3,4,3,3,3,3,3,3,3,0,0,3,3,3,3,4,0,3,3,3,2,3,3,3,4,2,3,3,3,2,3,3,4,3,3,2,3,3,3,3,3,3,3,3,3,3,3,3,3,3,3,1,3,3,3,3,3,3,3,3,3,3,3,3,3,3,1,3,3,3,3,4,3,3,3,3,3,3,3,3,3,3,3,4,3,1,3,3,4,3,4,4,3,3,4,3,0,3,3,3,4,2,2,3,3,3,3,3,2,3,3,4,3,3,3,3,3,3,3,3,3,0,3,3,3,4,3,3,2,4,3,1,3,3,3,3,3,3,3,3,4,3,3,3,3,3,3,3,3,3,3,3,3,3,3,4,3,4,4,3,3,3,3,4,3,3,3,3,3,3,3,3,3,2,2,3,3,3,0,3,3,3,3,3,4,3,3,3,3,3,3,3,3,4,3,3,3,4,1,3,3,3,3,4,3,3,3,3,4,3,3,4,3,1,3,3,3,3,3,3,3,3,3,3,4,4,3,3,4,3,3,3,3,3,2,3,3,3,3,3,3,3,4,3,3,3,2,3,3,3,3,3,3,3,3,2,3,3,3,4,3,3,4,4,3,4,3,3,4,4,3,3,3,3,3,3,4,4,4,3,4,3,3,4,3,3,3,3,4,3,3,3,4,3,3,3,3,3,3,3,3,3,3,3,3,3,3,3,3,3,3,3,4,4,3,3,2,3,3,3,3,4,3,4,3,3,3,4,3,4,3,1,3,4,4,3,3,3,3,2,3,3,4,4,3,2,3,3,4,3,4,3,3,3,3,3,2,2,3,3,3,3,3,3,3,3,2,3,1,3,3,0,3,3,1,3,1,3,3,2,4,3,3,3,3,3,3,4,3,3,4,3,3,3,3,3,3,0,3,1,3,3,4,3,3,3,3,3,3,3,2,2,3,3,3,3,3,3,3,3,3,2,3,1,3,3,3,4,3,3,3,3,3,4,3,4,3,3,3,3,3,3,3,3,3,3,3,4,3,3,4,3,3,3,4,0,3,3,4,3,3,3,3,4,3,3,2,3,3,2,3,4,3,3,3,2,3,3,3,3,2,3,3,3,3,3,3,3,3,4,3,3,3,3,3,3,1,3,3,2,3,4,3,3,3,2,3,1,3,3,3,3,3,3,3,3,3,3,3,0,3,4,3,3,3,3,3,3,3,3,3,3,3,3,3,3,3,2,3,3,3,1,3,3,3,3,4,3,0,3,3,4,4,1,3,3,3,3,3,3,4,3,3,2,3,3,3,4,3,3,3,3,3,3,3,3,3,3,3,3,3,3,3,4,2,3,3,3,3,4,3,3,3,0,1,3,3,0,3,2,2,2,3,2,3,3,2,3,0,3,4,3,3,3,3,4,3,3,3,3,2,3,3,4,3,4,4,1,3,3,3,3,3,2,3,3,3,3,3,3,1,0,2,4,3,3,0,3,3,1,3,3,4,2,3,4,3,2,2,3,3,3,3,1,0,3,3,3,3,0,1,3,1,1,2,4,2,1,3,3,1,0,3,2,3,1,3,1,3,3,4,3,2,3,4,4,3,3,3,3,3,3,3,1,3,3,4,3,3,3,4,3,2,4,3,1,3,3,4,3,3,3,3,4,3,2,3,4,4,3,3,3,4,3,4,3,2,3,3,1,3,3,2,3,3,0,3,3,3,3,3,2,3,1,3,4,3,3,1,3,3,3,4,3,3,2,3,3,3,4,3,4,3,3,3,1,3,4,4,3,2,3,2,4,3,3,3,3,3,1,3,4,3,3,3,3,3,3,3,3,3,2,3,3,3,1,3,3,4,1,3,2,3,3,2,3,3,2,3,4,1,3,3,1,2,4,1,3,3,2,3,3,3,3,4,4,3,3,3,3,4,2,4,3,3,0,2,3,3,1,3,2,4,3,3,3,4,2,3,2,4,4,2,3,3,3,3,0,3,3,4,3,3,3,4,3,2,2,2,3,4,4,3,4,3,3,4,3,3,3,2,2,3,4,2,3,3,4,3,1,1,1,3,1,2,1,3,3,3,4,3,4,2,1,3,3,4,3,3,4,3,3,2,3,4,1,4,2,4,2,2,3,3,3,3,4,3,4,2,1,3,2,1,1,3,4,3,3,3,3,3,3,4,4,1,1,4,4,3,0,3,3,4,4,1,4,1,1,4,4,2,3,3,2,1,1,2,2,3,3,1,3,1,3,0,3,1,3,3,2,2,4,3,3,3,3,2,1,3,4,3,1,1,3,2,0,3,3,4,4,2,4,1,3,3,2,4,1,1,3,2,1,1,3,1,1,3,3,3,3,3,3,3,3,4,1,4,3,2,3,2,3,4,3,3,3,3,3,3,3,2,0,3,1,2,3,3,3,3,3,1,4,3,3,4,4,3,3,1,4,2,2,3,3,3,3,4,1,1,1,4,1,2,4,4,1,3,4,4,4,3,3,3,3,3,3,4,1,1,3,4,1,2,3,3,3,3,2,4,3,4,1,4,0,3,4,3,3,3,0,1,2,4,2,3,1,1,0,3,3,3,3,3,3,3,1,3,4,4,3,1,1,4,3,3,3,2,2,3,3,3,3,2,1,4,3,4,1,3,3,1,4,2,2,3,1,4,1,3,2,2,1,1,1,3,4,3,4,3,1,3,3,1,3,1,1,4,3,3,4,1,4,3,3,4,2,2,2,1,4,1,3,4,4,3,2,2,3,4,3,3,3,4,1,4,3,1,3,4,3,3,4,3,4,3,3,3,4,3,1,3,3,3,4,3,3,4,4,3,2,4,4,2,3,3,3,3,3,4,3,3,3,3,4,3,3,3,2,3,4,2,3,1,4,4,3,3,3,3,3,3,4,3,3,2,3,2,3,0,3,3,3,3,3,1,3,2,3,1,3,3,3,3,3,3,3,3,3,3,2,1,1,2,2,3,3,3,3,1,4,2,4,3,3,4,3,3,1,3,3,1,1,3,3,3,2,3,3,3,2,3,2,3,3,3,3,3,1,2,3,4,3,4,3,3,3,4,4,4,3,3,3,4,3,4,3,3,3,1,3,0,3,3,3,3,3,3,3,3,4,3,4,4,3,3,3,3,4,4,3,4,2,3,1,3,2,3,3,3,3,3,3,4,3,3,3,3,3,2,1,4,3,2,3,2,3,1,2,3,2,4,3,3,3,3,2,3,1,2,1,4,3,4,2,1,1,2,3,3,3,2,3,3,0,3,3,0,1,3,3,3,4,3,3,3,3,3,3,3,3,3,3,3,1,1,4,3,3,3,1,1,3,3,2,3,3,1,1,3,4,3,1,3,3,4,3,4,2,3,3,3,3,2,3,1,3,3,4,1,3,3,1,3,2,2,3,3,3,3,3,3,2,2,3,4,3,3,1,3,2,2,4,3,3,3,3,1,2,3,3,4,3,1,1,3,0,2,3,2,3,2,3,1,2,4,2,3,3,0,2,3,2,2,2,3,3,3,4,4,3,3,3,2,4,4,3,3,2,4,2,4,3,3,1,3,2,1,3,3,3,3,3,3,3,3,2,4,3,3,4,3,1,4,3,2,3,1,4,3,3,2,3,3,3,3,1,4,3,1,3,3,3,3,3,3,3,3,2,3,3,3,3,3,3,1,3,3,3,4,3,2,3,3,3,2,3,3,1,2,2,3,1,3,1,3,3,3,2,3,3,3,3,4,3,1,3,3,3,3,3,1,3,4,1,4,3,4,3,3,1,2,3,3,3,4,0,2,4,3,4,3,1,4,2,3,3,3,3,4,3,4,3,3,3,4,3,2,4,2,3,3,3,3,3,4,3,3,3,2,4,3,3,1,2,4,1,2,2,2,4,4,2,1,3,4,3,1,4,2,1,1,4,4]",ok,
28,uniform,5,0.55,0.554801655673614,1,fused_4_veryhigh,"[37, 164, 190, 1131, 277]",0.2,0.8,3.0,"{""fused_1"":0.5037022537510767,""fused_2"":0.5157273028564823,""fused_3"":0.6991253078457172,""fused_4"":0.3122025812762328,""fused_5"":0.4434245387727812}","{""fused_4_veryhigh"":0.15481177808841878}","{""fused_1"":0.19330865045698958,""fused_2"":0.19104169998840262,""fused_3"":0.16408191806349648,""fused_4"":0.2455387220784916,""fused_5"":0.20602900941261978}","{""fused_4_veryhigh"":1.0}","{""fused_1"":0.966543252284948,""fused_2"":0.9552084999420131,""fused_3"":0.8204095903174824,""fused_4"":1.2276936103924578,""fused_5"":1.0301450470630988}","{""fused_4_veryhigh"":1.0}",0.14265825226499,0.006670372429127293,"[3,3,3,0,4,3,3,2,3,3,2,4,2,3,3,3,3,3,3,3,3,3,3,3,3,3,3,3,3,3,3,3,3,3,3,3,3,3,3,3,3,3,3,3,3,3,3,3,4,2,4,1,4,4,3,3,3,3,3,3,3,3,3,3,3,3,4,3,3,3,3,3,3,4,3,3,3,4,3,3,3,3,3,3,3,0,0,3,3,3,3,4,0,3,3,3,2,3,3,3,4,2,3,3,3,2,3,3,4,3,3,2,3,3,3,3,3,3,3,3,3,3,3,3,3,3,3,1,3,3,3,3,3,3,3,3,3,3,3,3,3,3,1,3,3,3,3,4,3,3,3,3,3,3,3,3,3,3,3,4,3,1,3,3,4,3,4,4,3,3,4,3,0,3,3,3,4,2,2,3,3,3,3,3,2,3,3,4,3,3,3,3,3,3,3,3,3,0,3,3,3,4,3,3,2,4,3,1,3,3,3,3,3,3,3,3,4,3,3,3,3,3,3,3,3,3,3,3,3,3,3,4,3,4,4,3,3,3,3,4,3,3,3,3,3,3,3,3,3,2,2,3,3,3,0,3,3,3,3,3,4,3,3,3,3,3,3,3,3,4,3,3,3,4,1,3,3,3,3,4,3,3,3,3,4,3,3,4,3,1,3,3,3,3,3,3,3,3,3,3,4,4,3,3,4,3,3,3,3,3,2,3,3,3,3,3,3,3,4,3,3,3,2,3,3,3,3,3,3,3,3,2,3,3,3,4,3,3,4,4,3,4,3,3,4,4,3,3,3,3,3,3,4,4,4,3,4,3,3,4,3,3,3,3,4,3,3,3,4,3,3,3,3,3,3,3,3,3,3,3,3,3,3,3,3,3,3,3,4,4,3,3,2,3,3,3,3,4,3,4,3,3,3,4,3,4,3,1,3,4,4,3,3,3,3,2,3,3,4,4,3,2,3,3,4,3,4,3,3,3,3,3,2,2,3,3,3,3,3,3,3,3,2,3,1,3,3,0,3,3,1,3,1,3,3,2,4,3,3,3,3,3,3,4,3,3,4,3,3,3,3,3,3,0,3,1,3,3,4,3,3,3,3,3,3,3,2,2,3,3,3,3,3,3,3,3,3,2,3,1,3,3,3,4,3,3,3,3,3,4,3,4,3,3,3,3,3,3,3,3,3,3,3,4,3,3,4,3,3,3,4,0,3,3,4,3,3,3,3,4,3,3,2,3,3,2,3,4,3,3,3,2,3,3,3,3,2,3,3,3,3,3,3,3,3,4,3,3,3,3,3,3,1,3,3,2,3,4,3,3,3,2,3,1,3,3,3,3,3,3,3,3,3,3,3,0,3,4,3,3,3,3,3,3,3,3,3,3,3,3,3,3,3,2,3,3,3,1,3,3,3,3,4,3,0,3,3,4,4,1,3,3,3,3,3,3,4,3,3,2,3,3,3,4,3,3,3,3,3,3,3,3,3,3,3,3,3,3,3,4,2,3,3,3,3,4,3,3,3,0,1,3,3,0,3,2,2,2,3,2,3,3,2,3,0,3,4,3,3,3,3,4,3,3,3,3,2,3,3,4,3,4,4,1,3,3,3,3,3,2,3,3,3,3,3,3,1,0,2,4,3,3,0,3,3,1,3,3,4,2,3,4,3,2,2,3,3,3,3,1,0,3,3,3,3,0,1,3,1,1,2,4,2,1,3,3,1,0,3,2,3,1,3,1,3,3,4,3,2,3,4,4,3,3,3,3,3,3,3,1,3,3,4,3,3,3,4,3,2,4,3,1,3,3,4,3,3,3,3,4,3,2,3,4,4,3,3,3,4,3,4,3,2,3,3,1,3,3,2,3,3,0,3,3,3,3,3,2,3,1,3,4,3,3,1,3,3,3,4,3,3,2,3,3,3,4,3,4,3,3,3,1,3,4,4,3,2,3,2,4,3,3,3,3,3,1,3,4,3,3,3,3,3,3,3,3,3,2,3,3,3,1,3,3,4,1,3,2,3,3,2,3,3,2,3,4,1,3,3,1,2,4,1,3,3,2,3,3,3,3,4,4,3,3,3,3,4,2,4,3,3,0,2,3,3,1,3,2,4,3,3,3,4,2,3,2,4,4,2,3,3,3,3,0,3,3,4,3,3,3,4,3,2,2,2,3,4,4,3,4,3,3,4,3,3,3,2,2,3,4,2,3,3,4,3,1,1,1,3,1,2,1,3,3,3,4,3,4,2,1,3,3,4,3,3,4,3,3,2,3,4,1,4,2,4,2,2,3,3,3,3,4,3,4,2,1,3,2,1,1,3,4,3,3,3,3,3,3,4,4,1,1,4,4,3,0,3,3,4,4,1,4,1,1,4,4,2,3,3,2,1,1,2,2,3,3,1,3,1,3,0,3,1,3,3,2,2,4,3,3,3,3,2,1,3,4,3,1,1,3,2,0,3,3,4,4,2,4,1,3,3,2,4,1,1,3,2,1,1,3,1,1,3,3,3,3,3,3,3,3,4,1,4,3,2,3,2,3,4,3,3,3,3,3,3,3,2,0,3,1,2,3,3,3,3,3,1,4,3,3,4,4,3,3,1,4,2,2,3,3,3,3,4,1,1,1,4,1,2,4,4,1,3,4,4,4,3,3,3,3,3,3,4,1,1,3,4,1,2,3,3,3,3,2,4,3,4,1,4,0,3,4,3,3,3,0,1,2,4,2,3,1,1,0,3,3,3,3,3,3,3,1,3,4,4,3,1,1,4,3,3,3,2,2,3,3,3,3,2,1,4,3,4,1,3,3,1,4,2,2,3,1,4,1,3,2,2,1,1,1,3,4,3,4,3,1,3,3,1,3,1,1,4,3,3,4,1,4,3,3,4,2,2,2,1,4,1,3,4,4,3,2,2,3,4,3,3,3,4,1,4,3,1,3,4,3,3,4,3,4,3,3,3,4,3,1,3,3,3,4,3,3,4,4,3,2,4,4,2,3,3,3,3,3,4,3,3,3,3,4,3,3,3,2,3,4,2,3,1,4,4,3,3,3,3,3,3,4,3,3,2,3,2,3,0,3,3,3,3,3,1,3,2,3,1,3,3,3,3,3,3,3,3,3,3,2,1,1,2,2,3,3,3,3,1,4,2,4,3,3,4,3,3,1,3,3,1,1,3,3,3,2,3,3,3,2,3,2,3,3,3,3,3,1,2,3,4,3,4,3,3,3,4,4,4,3,3,3,4,3,4,3,3,3,1,3,0,3,3,3,3,3,3,3,3,4,3,4,4,3,3,3,3,4,4,3,4,2,3,1,3,2,3,3,3,3,3,3,4,3,3,3,3,3,2,1,4,3,2,3,2,3,1,2,3,2,4,3,3,3,3,2,3,1,2,1,4,3,4,2,1,1,2,3,3,3,2,3,3,0,3,3,0,1,3,3,3,4,3,3,3,3,3,3,3,3,3,3,3,1,1,4,3,3,3,1,1,3,3,2,3,3,1,1,3,4,3,1,3,3,4,3,4,2,3,3,3,3,2,3,1,3,3,4,1,3,3,1,3,2,2,3,3,3,3,3,3,2,2,3,4,3,3,1,3,2,2,4,3,3,3,3,1,2,3,3,4,3,1,1,3,0,2,3,2,3,2,3,1,2,4,2,3,3,0,2,3,2,2,2,3,3,3,4,4,3,3,3,2,4,4,3,3,2,4,2,4,3,3,1,3,2,1,3,3,3,3,3,3,3,3,2,4,3,3,4,3,1,4,3,2,3,1,4,3,3,2,3,3,3,3,1,4,3,1,3,3,3,3,3,3,3,3,2,3,3,3,3,3,3,1,3,3,3,4,3,2,3,3,3,2,3,3,1,2,2,3,1,3,1,3,3,3,2,3,3,3,3,4,3,1,3,3,3,3,3,1,3,4,1,4,3,4,3,3,1,2,3,3,3,4,0,2,4,3,4,3,1,4,2,3,3,3,3,4,3,4,3,3,3,4,3,2,4,2,3,3,3,3,3,4,3,3,3,2,4,3,3,1,2,4,1,2,2,2,4,4,2,1,3,4,3,1,4,2,1,1,4,4]",ok,
29,uniform,5,0.5,0.5439461146287748,2,"fused_4_veryhigh, fused_2_medium","[742, 334, 61, 319, 343]",0.8,0.5,2.0,"{""fused_1"":0.7917380845791339,""fused_2"":0.2439293624073704,""fused_3"":0.5059795064325181,""fused_4"":0.32651396320483284,""fused_5"":0.36811812148212153}","{""fused_4_veryhigh"":0.4653275534780026,""fused_2_medium"":0.42056788867632977}","{""fused_1"":0.09628230569896801,""fused_2"":0.3125100133113791,""fused_3"":0.15065900362336176,""fused_4"":0.23346740685984615,""fused_5"":0.2070812705064449}","{""fused_4_veryhigh"":0.47473761424213584,""fused_2_medium"":0.5252623857578642}","{""fused_1"":0.48141152849484004,""fused_2"":1.5625500665568957,""fused_3"":0.7532950181168088,""fused_4"":1.1673370342992309,""fused_5"":1.0354063525322246}","{""fused_4_veryhigh"":0.9494752284842717,""fused_2_medium"":1.0505247715157284}",0.24943050224982546,0.05669816564758199,"[4,4,4,2,3,0,4,1,4,0,1,3,1,0,0,4,0,0,4,4,0,4,4,4,0,4,0,0,0,0,4,0,4,0,4,0,0,0,0,0,0,0,3,3,0,4,4,4,3,1,3,1,3,3,0,4,0,0,0,0,0,4,4,0,0,0,3,0,4,4,0,0,4,3,4,4,4,3,0,4,0,0,0,0,4,2,2,4,0,4,0,3,2,0,0,0,1,0,0,0,3,1,3,0,4,1,0,0,3,4,3,3,3,0,0,4,0,0,0,4,0,0,0,0,0,4,4,1,0,4,4,0,4,0,0,4,0,0,0,4,0,4,1,4,4,4,4,3,0,0,0,0,0,4,4,4,3,4,0,3,4,1,0,0,3,4,3,3,0,4,3,0,2,0,0,4,2,3,1,0,0,4,0,4,1,0,0,3,0,0,4,4,4,0,0,0,4,2,0,0,4,3,0,0,1,3,0,1,0,4,0,0,4,4,0,0,3,0,0,4,0,0,4,4,4,0,4,0,0,4,4,3,0,3,3,0,0,0,0,3,0,0,4,0,4,0,4,4,0,1,1,0,0,4,2,0,0,0,4,4,3,0,4,4,0,0,0,0,0,3,0,4,4,3,1,4,0,0,4,3,0,0,0,4,3,4,0,3,0,1,4,0,0,0,0,4,4,0,0,4,3,2,0,4,3,0,0,0,0,0,1,4,0,4,0,0,0,4,3,0,0,0,1,4,0,4,0,0,0,4,0,1,0,0,0,3,0,4,3,3,3,3,0,4,3,3,0,0,0,0,0,0,3,2,3,0,3,0,0,3,4,0,4,4,3,0,3,0,3,0,0,0,4,0,0,3,0,0,0,4,0,0,4,4,0,4,0,0,3,3,4,0,1,0,0,4,0,3,0,2,0,0,0,2,0,3,4,1,0,3,3,0,0,3,4,1,0,4,3,2,0,1,3,4,3,4,2,0,4,4,0,0,1,1,4,0,4,0,4,0,0,0,1,0,1,0,0,2,0,0,1,4,1,0,0,1,3,0,4,0,0,0,0,3,4,0,3,0,0,0,0,0,0,2,0,1,0,4,3,4,4,0,0,0,0,0,1,1,4,4,0,0,4,4,4,0,0,1,0,1,0,0,0,3,0,0,4,0,0,3,0,3,0,0,0,0,0,4,0,0,4,0,0,3,0,4,3,0,4,0,3,2,0,4,3,4,0,0,0,2,4,0,1,4,4,1,0,3,4,4,0,1,0,4,0,4,1,4,0,4,4,0,3,0,0,3,4,4,0,0,0,4,1,4,0,1,4,3,0,4,4,1,0,1,0,0,4,0,0,3,0,4,0,0,4,2,4,2,0,0,4,0,4,4,0,0,0,0,0,4,4,0,4,1,0,0,4,1,0,0,0,4,3,0,2,4,4,3,3,1,0,0,4,0,0,0,3,0,4,1,0,0,0,3,0,0,4,4,4,0,0,4,0,0,0,3,0,4,4,3,1,0,4,0,0,3,0,0,4,2,1,0,3,2,0,1,3,1,0,1,4,4,1,0,2,0,3,0,4,0,4,3,0,0,0,4,1,4,0,3,0,3,2,1,4,4,0,4,0,1,4,0,0,0,0,4,1,2,3,3,0,4,2,4,0,1,0,0,3,1,0,3,0,1,1,0,0,0,0,1,2,0,0,0,4,2,1,3,1,1,3,3,3,1,0,0,1,2,0,1,0,1,3,1,0,0,3,0,3,0,3,3,0,4,3,0,0,4,4,1,0,0,3,0,0,4,3,0,1,3,0,1,0,0,3,0,0,0,4,3,0,1,4,3,2,4,0,4,3,0,3,4,1,0,4,1,0,0,1,0,0,2,0,0,4,0,4,1,0,1,0,2,4,4,1,0,0,4,3,4,0,1,0,4,0,3,0,3,0,0,0,1,0,3,3,0,1,0,1,3,0,4,4,0,4,1,0,3,0,4,0,0,0,0,0,0,0,1,4,3,0,1,0,0,3,1,0,3,0,0,1,0,0,1,4,3,1,3,4,1,1,3,1,0,0,1,0,3,0,4,3,3,3,0,0,0,3,1,3,0,0,2,1,4,0,1,4,3,3,0,0,0,2,1,4,1,2,3,1,0,3,0,0,2,0,0,3,0,0,0,3,0,1,3,3,0,3,2,0,3,0,4,3,3,0,0,1,1,0,3,1,0,0,3,0,1,1,1,0,1,1,1,4,0,0,3,0,3,1,1,0,4,3,0,0,3,0,0,1,0,3,1,3,1,3,3,1,0,4,0,0,3,0,3,1,1,4,1,1,1,4,3,0,0,0,0,0,4,3,3,1,1,3,3,0,2,0,0,3,3,1,3,1,1,3,3,1,0,0,1,1,1,1,1,0,0,1,0,1,3,2,0,1,3,0,3,1,3,4,4,4,4,3,1,3,3,0,1,1,3,1,2,3,4,3,3,1,3,1,0,0,1,3,1,1,0,1,1,1,0,1,1,0,4,0,0,0,0,0,4,3,1,3,0,1,0,1,0,3,4,4,0,0,0,0,0,1,2,0,1,1,4,0,0,0,0,1,3,0,0,2,3,0,0,1,3,3,1,4,3,0,3,3,1,1,1,3,1,1,3,3,1,0,3,3,3,0,0,4,0,0,4,3,1,1,0,3,1,1,4,0,0,0,1,3,0,3,1,3,2,4,3,4,0,0,2,1,1,3,1,4,1,1,2,0,0,0,0,0,0,0,1,4,3,3,0,1,1,2,0,4,0,1,1,0,4,3,0,1,1,3,4,3,1,0,0,1,3,1,1,4,1,3,1,0,3,1,1,1,1,0,3,0,3,0,1,0,4,1,0,1,1,3,0,4,3,1,3,4,0,3,1,1,1,1,3,1,0,3,3,0,1,1,0,3,0,0,0,3,1,2,4,1,4,3,4,0,3,4,3,0,0,4,2,4,1,0,0,4,3,0,0,3,3,0,1,3,3,1,0,0,4,0,4,3,4,0,4,0,3,0,0,0,1,0,3,1,4,1,3,3,0,4,4,3,4,0,3,4,4,1,0,1,0,2,0,0,0,4,0,1,4,1,4,1,4,0,0,0,4,4,0,0,0,0,1,1,1,1,1,0,4,0,0,1,3,1,3,0,4,3,0,0,1,0,0,1,1,0,0,4,1,0,0,4,3,0,1,0,0,4,0,4,1,1,0,3,0,3,3,4,4,3,3,2,3,4,4,3,0,3,0,0,0,1,4,2,0,4,0,4,3,0,4,4,3,4,3,3,4,3,0,0,3,3,0,3,1,0,1,0,1,4,0,0,0,0,4,3,4,0,4,0,0,1,1,3,3,1,0,1,0,1,1,4,1,3,4,4,0,0,1,0,1,1,1,3,3,3,1,1,1,1,4,0,0,1,0,3,2,4,4,2,1,0,4,0,3,0,0,0,0,4,0,0,0,0,0,0,1,1,3,4,0,0,1,1,0,0,1,4,4,1,1,0,3,0,1,0,4,3,0,3,1,3,0,0,0,1,0,1,4,0,3,1,0,4,1,0,1,1,0,4,0,0,0,3,1,1,4,3,0,3,1,0,1,1,3,4,4,0,0,1,1,4,0,3,0,1,1,4,2,1,0,1,4,1,0,1,3,3,1,0,4,2,1,0,3,1,1,4,0,4,3,3,0,4,4,1,2,3,0,3,1,3,1,3,4,0,1,0,3,1,4,0,0,4,0,4,0,4,1,3,0,0,3,0,1,3,0,1,0,1,3,4,4,1,0,0,0,4,1,3,0,1,0,4,0,0,0,4,4,0,1,0,0,0,4,3,0,1,0,0,0,3,0,1,0,0,0,1,4,4,1,1,1,0,1,0,1,0,0,0,1,0,4,0,0,2,0,1,0,0,0,0,0,1,0,3,1,3,0,3,4,0,1,1,4,0,0,2,2,1,3,0,3,0,1,3,1,0,0,4,0,2,0,3,0,0,0,3,4,1,3,1,0,0,3,4,0,3,0,0,0,1,3,0,0,1,1,3,1,1,1,1,3,3,1,1,0,3,0,1,3,1,1,1,3,3]",ok,
30,uniform,5,0.45,0.45536893513044163,4,"fused_4_veryhigh, fused_2_medium, fused_3_medium, fused_5_low","[448, 350, 329, 239, 433]",0.7,0.2,2.0,"{""fused_1"":0.5346836941126205,""fused_2"":0.19596382776402727,""fused_3"":0.3554103096211307,""fused_4"":0.32984991354686055,""fused_5"":0.32268529950405045}","{""fused_4_veryhigh"":0.7114021343523927,""fused_2_medium"":0.7249971401095304,""fused_3_medium"":0.7057743074834619,""fused_5_low"":0.7460357429028618}","{""fused_1"":0.11749684582567563,""fused_2"":0.32058797937088324,""fused_3"":0.17676371751743397,""fused_4"":0.19046131283502113,""fused_5"":0.19469014445098606}","{""fused_4_veryhigh"":0.2536269513351158,""fused_2_medium"":0.24887098793497706,""fused_3_medium"":0.25564936637101904,""fused_5_low"":0.24185269435888807}","{""fused_1"":0.5874842291283782,""fused_2"":1.6029398968544162,""fused_3"":0.8838185875871698,""fused_4"":0.9523065641751056,""fused_5"":0.9734507222549303}","{""fused_4_veryhigh"":1.0145078053404633,""fused_2_medium"":0.9954839517399082,""fused_3_medium"":1.0225974654840762,""fused_5_low"":0.9674107774355523}",0.17826222317265603,0.03668704836020011,"[2,2,2,2,3,4,2,1,2,4,1,3,1,0,0,2,4,0,2,2,0,0,2,2,0,2,4,4,4,4,2,4,2,0,2,4,0,4,0,0,0,4,4,4,0,2,2,2,3,1,3,1,3,3,4,2,0,0,4,4,0,2,2,4,4,0,3,4,2,2,0,0,2,3,2,2,0,3,4,2,4,0,4,0,0,2,2,2,4,2,0,3,3,0,4,4,1,0,4,0,3,1,4,4,0,1,0,0,3,2,4,1,4,4,0,2,4,4,0,2,0,4,4,4,0,2,2,1,0,0,2,0,2,4,0,0,0,0,0,2,4,0,1,2,2,2,2,3,0,4,4,0,0,2,2,2,4,2,4,0,2,1,4,4,0,2,3,3,0,0,3,0,2,4,4,2,3,1,1,4,0,2,0,2,1,4,4,3,0,4,2,2,2,4,4,4,2,2,4,0,2,3,0,4,1,0,4,1,4,2,4,4,2,2,0,4,3,4,0,2,0,0,2,2,2,4,2,0,4,2,2,3,4,3,3,4,0,4,4,3,4,0,2,4,2,0,0,2,4,1,1,0,4,2,2,0,4,4,2,2,3,4,2,2,4,4,0,4,4,3,4,2,2,3,1,2,0,0,2,3,4,0,4,2,3,2,0,3,0,1,0,4,0,0,0,2,2,4,0,2,3,3,0,2,3,4,4,4,4,4,1,2,4,2,0,4,4,2,0,0,0,0,1,0,4,2,4,4,4,0,0,1,4,0,4,3,4,2,3,3,4,0,0,0,3,0,0,0,4,4,0,0,3,3,3,0,3,4,0,3,0,0,2,2,3,4,4,0,3,0,0,4,2,4,4,4,0,4,4,2,0,4,2,2,4,2,4,0,3,3,2,4,1,0,4,2,4,3,4,2,0,0,4,2,4,3,0,1,4,3,3,4,0,4,2,1,0,2,3,2,4,1,4,2,3,2,0,0,0,2,4,4,1,1,2,0,2,4,0,4,4,4,1,0,1,4,4,2,4,4,1,2,1,4,4,1,3,4,2,0,4,0,4,3,2,0,3,0,0,0,0,0,4,2,4,1,4,2,3,2,2,4,0,0,4,0,1,1,2,2,4,4,2,2,2,4,4,1,4,1,0,0,4,3,0,0,4,4,4,3,0,3,0,0,0,0,4,2,0,4,2,0,0,3,4,2,3,4,0,4,3,2,4,2,3,2,4,0,4,0,2,4,1,2,0,1,4,3,2,2,0,1,4,2,4,2,1,2,4,2,2,0,4,4,4,3,2,2,0,4,4,2,1,2,4,1,0,3,4,2,2,1,0,1,4,0,2,0,4,4,0,2,4,4,0,2,2,3,4,4,2,0,2,2,4,0,0,0,4,2,2,0,0,1,4,4,2,1,4,4,4,0,3,0,2,2,2,3,3,1,0,4,2,4,0,4,3,0,2,1,0,4,0,3,4,0,2,2,0,0,4,2,4,4,4,4,4,2,0,3,1,4,2,0,4,3,0,0,2,2,1,0,4,2,0,1,1,1,4,1,2,4,1,0,2,0,0,4,0,0,2,0,0,0,0,2,1,2,0,0,4,3,2,1,2,2,0,4,0,1,2,4,4,0,4,2,1,2,1,3,0,2,2,0,0,1,0,0,3,1,0,3,0,1,1,4,0,0,0,1,2,0,4,0,2,2,1,4,1,1,1,3,1,1,4,0,1,2,4,1,0,1,4,1,0,4,3,4,3,4,3,3,0,2,4,0,0,0,0,1,0,0,3,0,0,2,3,4,1,3,4,1,0,4,3,0,0,0,2,0,4,1,2,3,2,2,4,2,3,4,3,2,1,4,2,1,4,0,1,0,0,2,0,0,0,0,2,1,0,1,4,0,2,2,1,4,0,2,3,2,4,1,4,0,0,3,0,3,0,0,0,1,0,3,3,0,1,4,1,0,4,2,0,0,2,1,4,3,4,2,0,4,4,4,0,4,4,1,2,4,4,1,0,4,3,1,4,1,0,4,1,4,0,1,0,3,1,4,2,1,1,3,1,0,4,1,4,4,0,0,3,0,4,0,0,0,3,1,3,4,0,2,1,2,0,1,2,1,3,0,0,4,0,1,2,1,0,3,1,0,4,4,0,2,4,0,3,0,4,0,3,4,1,1,1,0,3,2,4,3,4,0,3,4,4,0,1,1,0,3,1,0,0,3,4,1,1,1,4,1,1,1,2,0,0,3,4,3,1,1,4,2,3,4,0,3,4,0,1,0,3,1,3,1,3,1,1,0,0,0,0,3,0,3,1,1,2,1,1,1,2,3,0,0,0,0,4,2,3,3,1,1,3,3,0,2,0,4,3,3,1,3,1,1,3,3,1,0,4,1,1,1,1,1,4,4,1,4,1,4,2,4,1,4,4,1,1,3,2,2,2,2,1,1,4,3,4,1,1,4,1,2,4,2,3,3,1,3,1,0,4,1,3,1,1,0,1,1,1,4,1,1,0,2,0,0,4,0,0,2,3,1,3,0,1,4,1,4,3,2,2,0,4,4,0,0,1,2,0,1,1,2,0,4,0,0,1,3,0,4,2,3,4,0,1,3,3,1,2,4,4,4,3,1,1,1,3,1,1,3,3,1,0,3,3,3,4,0,2,4,0,0,3,1,1,0,3,1,1,2,4,4,4,1,3,0,0,1,0,2,0,3,2,0,0,2,1,1,3,1,4,1,1,2,4,0,0,4,4,0,0,1,2,3,3,0,1,1,2,4,2,0,1,1,0,2,4,0,1,1,3,2,3,1,0,4,1,3,1,1,2,1,3,1,0,3,1,1,1,1,0,3,4,3,4,1,4,2,1,0,1,1,3,0,2,3,1,3,2,0,3,1,1,1,1,3,1,4,3,0,4,1,1,0,3,4,4,0,3,1,3,4,1,2,3,2,4,3,2,3,0,0,2,0,2,1,4,4,2,3,4,0,3,3,0,1,3,0,1,0,0,2,0,0,3,2,0,0,0,3,4,4,4,1,4,3,1,2,1,3,3,4,0,2,4,2,0,3,2,2,1,4,1,0,2,0,0,4,0,4,1,4,1,2,1,2,0,0,0,2,2,4,4,0,0,1,1,1,1,1,0,2,0,4,1,3,1,3,0,2,3,0,0,1,4,4,1,1,4,0,2,1,4,4,2,1,4,1,0,4,2,4,2,1,1,4,3,4,3,4,2,2,3,3,2,4,4,2,3,4,0,0,4,4,1,2,2,0,0,0,2,4,0,2,2,3,2,3,3,4,4,4,4,3,3,0,3,1,0,1,4,1,2,4,4,4,0,2,3,2,4,2,4,4,1,1,3,4,1,0,1,0,1,1,2,1,3,0,0,0,0,1,0,1,1,1,3,4,3,1,1,1,1,2,4,0,1,0,4,2,2,2,2,1,4,0,0,3,4,4,0,0,2,4,4,0,0,0,4,1,1,3,2,4,0,1,1,4,0,1,0,2,1,1,0,3,0,1,4,2,3,0,3,1,4,4,0,0,1,0,1,2,0,3,1,4,0,1,0,1,1,4,2,0,4,4,4,1,1,2,3,0,4,1,4,1,1,3,2,2,0,4,1,1,2,0,3,0,1,1,2,2,1,4,1,2,1,4,1,1,3,1,0,2,2,1,4,1,1,1,0,0,2,0,3,4,2,2,1,2,3,0,4,1,3,1,3,2,0,1,4,3,1,2,4,0,2,4,2,4,0,1,3,4,0,3,4,1,3,4,1,0,1,3,4,2,1,0,0,0,2,1,3,4,1,4,2,0,4,4,0,0,0,1,0,4,0,2,4,0,1,4,4,4,0,0,1,4,4,4,1,2,2,1,1,1,0,1,0,1,4,4,4,1,0,2,4,0,2,4,1,4,4,4,4,4,1,4,3,1,0,4,3,2,4,1,1,0,0,0,2,2,1,0,0,0,0,1,3,1,4,4,2,0,2,4,3,0,4,4,3,2,1,3,1,0,4,4,4,0,3,4,4,4,1,3,4,0,1,1,3,1,1,1,1,0,0,1,1,0,3,0,1,3,1,1,1,3,3]",ok,
31,uniform,5,0.4,0.3821509449583526,5,"fused_3_medium, fused_5_low, fused_3_low, fused_1_medium, fused_2_medium+fused_4_veryhigh","[457, 329, 318, 324, 371]",0.7,0.9,2.0,"{""fused_1"":0.6770565279490697,""fused_2"":0.3056448705386429,""fused_3"":0.30046289095325196,""fused_4"":0.43156955076873466,""fused_5"":0.23198714165498588}","{""fused_3_medium"":0.3167037117504331,""fused_5_low"":0.3484374368705825,""fused_3_low"":0.3317747010694205,""fused_1_medium"":0.44974663845253016,""fused_2_medium+fused_4_veryhigh"":0.34774169885082307}","{""fused_1"":0.10044310888054812,""fused_2"":0.22249894930422617,""fused_3"":0.22633631174658123,""fused_4"":0.15757752703808453,""fused_5"":0.29314410303055993}","{""fused_3_medium"":0.22329269363464568,""fused_5_low"":0.20295644898544787,""fused_3_low"":0.21314953989227664,""fused_1_medium"":0.15723880699623885,""fused_2_medium+fused_4_veryhigh"":0.20336251049139092}","{""fused_1"":0.5022155444027406,""fused_2"":1.1124947465211308,""fused_3"":1.131681558732906,""fused_4"":0.7878876351904227,""fused_5"":1.4657205151527997}","{""fused_3_medium"":1.1164634681732284,""fused_5_low"":1.0147822449272395,""fused_3_low"":1.0657476994613833,""fused_1_medium"":0.7861940349811942,""fused_2_medium+fused_4_veryhigh"":1.0168125524569547}",0.20176673827634675,0.021122846025569762,"[3,2,3,3,2,4,3,1,3,4,1,2,1,0,0,2,4,0,3,3,0,0,3,3,0,3,4,4,4,4,3,4,3,0,3,4,0,4,0,0,0,4,2,2,0,3,3,3,2,1,2,1,2,2,4,3,0,0,4,4,0,3,3,4,4,0,2,4,3,3,0,0,3,2,3,3,0,2,4,3,4,0,4,0,0,3,3,3,4,3,0,2,2,0,4,4,1,0,4,0,2,1,2,4,0,1,0,0,2,3,2,2,2,4,0,3,4,4,0,3,0,4,4,4,0,3,3,1,0,0,3,0,3,4,0,0,0,0,0,3,4,0,1,3,3,3,2,2,0,4,4,0,0,3,3,3,2,3,4,3,3,1,4,4,3,3,2,2,0,0,3,0,3,4,4,3,2,2,1,4,0,3,0,3,1,4,4,2,0,4,3,3,3,4,4,4,3,3,4,0,3,2,0,4,1,0,4,1,4,3,4,0,3,3,0,4,2,4,0,3,0,0,3,3,3,4,3,0,4,3,3,2,4,2,2,4,0,4,4,2,4,0,3,4,3,0,0,3,4,1,1,0,4,3,3,0,4,4,3,2,2,4,3,3,4,0,0,4,4,2,4,3,3,2,1,3,0,0,3,2,4,0,4,3,2,3,0,2,0,1,0,4,0,0,0,3,3,4,0,3,2,2,0,3,2,4,4,4,4,4,1,3,4,3,0,4,4,3,0,0,0,0,1,0,4,3,4,3,4,0,0,1,4,0,4,2,4,3,2,2,2,0,0,0,2,0,0,0,4,4,0,0,2,2,2,0,2,4,0,2,0,0,3,3,2,4,2,0,2,0,0,4,3,4,4,2,0,4,4,3,0,4,3,3,4,3,4,0,2,0,3,0,1,0,4,3,4,2,4,3,0,0,4,3,4,2,0,1,4,2,2,4,0,2,3,1,0,3,2,3,4,1,2,3,2,3,0,0,0,3,4,4,1,1,3,0,3,4,0,4,4,4,1,0,1,4,4,3,4,4,1,2,1,4,4,1,2,4,3,0,4,0,4,2,3,0,2,0,0,0,0,0,4,3,4,1,4,3,2,3,3,4,0,0,4,0,1,1,3,0,4,4,3,3,3,4,4,1,4,1,0,0,4,2,0,0,2,4,4,2,0,2,0,0,0,0,4,3,0,4,3,0,0,2,4,3,2,4,0,4,2,3,4,3,2,3,4,0,4,0,3,4,1,2,0,1,4,2,3,3,0,1,4,3,4,3,1,3,4,3,3,0,2,4,4,2,3,3,0,4,4,3,1,3,4,1,0,2,4,3,3,1,0,1,4,0,2,0,4,2,0,3,4,4,0,3,3,2,4,4,3,0,3,3,4,0,0,0,4,3,3,0,0,1,4,4,3,1,4,4,4,0,2,0,3,3,3,2,2,1,0,4,3,4,0,4,2,0,3,1,0,4,0,2,4,0,3,3,0,0,4,3,4,4,4,2,4,3,0,2,1,4,3,0,4,2,0,0,3,3,1,0,2,3,0,1,2,1,4,1,3,2,1,0,3,0,0,4,0,0,3,0,0,0,0,3,1,3,0,0,4,2,3,1,3,3,0,2,0,1,3,4,4,0,4,3,1,3,2,3,0,3,3,0,0,1,0,0,2,1,0,2,0,1,1,4,0,0,0,1,3,0,4,0,2,3,1,2,1,1,2,2,2,1,4,0,1,3,4,1,0,1,2,1,0,4,2,4,3,4,2,3,0,3,2,0,0,0,0,1,0,0,2,0,0,3,2,4,1,2,4,1,0,4,2,0,0,0,3,0,4,1,3,2,3,3,4,2,2,4,2,3,1,4,3,1,4,0,1,0,0,3,0,0,0,0,2,1,0,1,4,0,3,3,1,4,0,3,2,3,4,1,4,0,0,2,0,2,0,0,0,1,0,2,2,0,1,4,1,0,4,3,0,0,3,1,4,2,4,3,0,4,4,4,0,4,4,1,3,2,4,1,0,4,2,1,4,2,0,4,2,4,0,1,0,2,1,2,2,1,1,2,1,0,4,1,4,2,0,0,2,3,2,0,0,0,2,1,2,4,0,3,1,3,0,1,3,2,2,0,0,4,0,1,3,1,0,2,1,0,2,4,0,3,4,0,2,0,4,0,2,4,1,2,2,0,2,3,4,2,4,0,2,2,4,0,1,1,0,2,1,0,0,2,4,1,1,1,4,1,1,1,3,0,0,2,4,2,2,1,4,3,2,4,0,2,4,0,1,0,0,1,2,1,2,2,1,0,0,0,0,2,0,2,1,1,3,1,1,1,3,2,0,0,0,0,4,3,2,2,1,1,2,2,0,3,0,4,2,2,1,2,1,1,2,2,1,0,4,1,1,1,1,1,4,4,1,4,1,2,3,4,1,2,4,2,1,2,3,3,3,0,2,1,2,3,4,1,1,2,1,3,2,3,2,2,1,2,1,0,4,1,2,1,1,0,1,1,1,4,1,1,0,3,0,0,4,0,0,2,2,1,2,0,1,3,1,4,2,3,2,0,4,4,0,0,1,3,0,1,1,3,0,4,0,0,1,3,0,4,3,2,4,0,1,2,2,1,3,2,4,2,2,1,1,1,2,1,1,2,2,1,0,2,2,2,4,0,3,4,0,0,0,1,1,0,2,1,1,3,4,4,4,1,2,0,0,1,0,3,0,2,3,0,0,3,1,1,2,1,2,1,1,3,4,0,0,4,4,0,0,1,2,0,2,0,1,1,3,4,3,0,1,1,0,3,2,0,1,1,2,3,2,1,0,4,1,2,1,1,3,1,2,1,0,3,1,1,1,1,0,2,4,2,4,1,4,3,1,0,1,1,2,0,3,3,1,2,3,0,2,1,1,1,1,2,1,4,2,0,4,1,1,0,2,4,4,0,2,1,3,2,1,2,2,2,4,2,0,2,0,0,3,0,3,1,4,4,3,2,4,0,2,2,0,1,2,0,1,0,0,3,0,0,2,3,0,0,0,2,4,4,4,1,4,2,1,3,1,2,2,4,0,3,2,3,0,2,3,3,1,4,1,0,3,0,0,4,0,4,1,2,1,3,1,3,0,0,0,3,3,4,4,0,0,1,1,1,1,1,0,3,0,4,1,3,1,2,0,3,2,0,0,1,4,4,1,1,4,0,3,1,4,4,3,2,4,1,0,4,3,4,3,1,1,4,2,4,2,2,3,3,2,2,3,2,2,2,2,4,0,0,4,4,1,3,3,0,0,0,3,2,0,3,3,0,3,2,2,2,2,4,4,2,2,0,2,1,0,1,4,1,3,4,4,4,0,3,2,3,4,3,4,4,1,1,2,2,1,0,1,0,1,1,3,1,2,0,0,0,0,1,0,1,1,1,2,2,2,1,1,1,1,3,4,0,1,0,2,3,3,3,3,1,4,0,0,2,4,4,0,0,3,4,4,0,0,0,4,1,1,2,3,4,0,1,1,4,0,1,0,2,1,1,0,0,0,1,4,3,2,0,3,1,2,4,0,0,1,0,1,3,0,2,1,4,0,1,0,1,1,4,3,0,4,4,2,1,1,3,2,0,2,1,4,1,1,2,3,3,0,4,1,1,3,0,2,0,1,1,3,3,1,4,1,3,1,4,1,2,2,1,0,2,3,1,4,2,1,1,0,0,3,0,2,4,3,3,1,3,2,0,2,1,2,1,2,3,0,1,4,2,1,3,4,0,3,4,3,4,0,2,2,4,0,2,4,1,2,4,1,0,1,2,2,3,1,0,0,0,3,1,2,4,1,4,3,0,4,4,0,0,0,1,0,4,0,3,2,0,1,4,4,4,0,0,1,4,4,4,1,3,3,1,1,2,0,1,0,1,4,4,0,1,0,3,4,0,2,4,1,4,4,4,4,4,1,4,2,1,0,4,3,3,4,1,2,0,0,0,0,3,1,0,0,0,0,1,2,1,4,4,3,0,3,4,2,0,4,4,2,3,1,2,1,0,4,2,2,0,2,4,4,4,1,2,4,0,1,1,2,1,1,1,1,3,3,1,1,0,2,0,1,2,1,1,1,2,2]",ok,
32,uniform,5,0.35,0.3593571516871927,7,"fused_3_medium, fused_3_low, fused_1_medium, fused_2_medium+fused_4_veryhigh, fused_2_medium+fused_5_low, fused_4_veryhigh+fused_5_low, fused_1_high","[317, 172, 479, 375, 456]",0.7,0.9,3.0,"{""fused_1"":0.6590356740436569,""fused_2"":0.3147109207051021,""fused_3"":0.6342651930968237,""fused_4"":0.27499086506334885,""fused_5"":0.474639226629783}","{""fused_3_medium"":0.2996730446741638,""fused_3_low"":0.30021954821945446,""fused_1_medium"":0.5179548355497525,""fused_2_medium+fused_4_veryhigh"":0.3369406181310922,""fused_2_medium+fused_5_low"":0.31813596639400793,""fused_4_veryhigh+fused_5_low"":0.3449279705101232,""fused_1_high"":0.39673616938473394}","{""fused_1"":0.16147595976855747,""fused_2"":0.2336718676543273,""fused_3"":0.16459888803628395,""fused_4"":0.24997881378176431,""fused_5"":0.19027447075906695}","{""fused_3_medium"":0.1544508074969198,""fused_3_low"":0.15431016648556387,""fused_1_medium"":0.11748111978418022,""fused_2_medium+fused_4_veryhigh"":0.14565900509399524,""fused_2_medium+fused_5_low"":0.14990207279238468,""fused_4_veryhigh+fused_5_low"":0.14396264484631374,""fused_1_high"":0.13423418350064237}","{""fused_1"":0.8073797988427873,""fused_2"":1.1683593382716364,""fused_3"":0.8229944401814198,""fused_4"":1.2498940689088216,""fused_5"":0.9513723537953347}","{""fused_3_medium"":1.0811556524784387,""fused_3_low"":1.080171165398947,""fused_1_medium"":0.8223678384892615,""fused_2_medium+fused_4_veryhigh"":1.0196130356579667,""fused_2_medium+fused_5_low"":1.0493145095466927,""fused_4_veryhigh+fused_5_low"":1.007738513924196,""fused_1_high"":0.9396392845044965}",0.2608455686375261,0.1217342968315731,"[2,2,2,2,3,4,2,4,2,3,4,3,4,0,0,4,3,2,2,2,0,2,2,2,0,2,4,3,3,0,2,3,2,0,2,3,0,3,0,0,0,3,4,4,0,2,2,2,3,4,4,1,3,4,3,2,0,0,3,3,0,2,2,0,3,0,3,3,2,2,0,2,2,4,2,2,2,4,3,2,3,2,3,2,2,2,2,2,3,2,2,4,4,0,4,3,4,0,3,0,3,4,4,3,2,4,0,0,4,2,4,4,4,4,0,2,3,4,0,2,0,3,4,3,0,2,2,1,0,2,2,2,2,3,0,2,0,2,0,2,4,2,1,2,2,2,4,3,0,4,3,0,0,2,2,2,4,2,3,2,2,1,0,3,2,2,3,3,0,2,2,0,2,3,3,2,4,4,4,4,0,2,2,2,4,3,4,4,2,3,2,2,2,3,3,3,2,2,3,0,2,4,0,4,4,2,3,1,3,2,3,2,2,2,0,3,4,4,0,2,0,2,2,2,2,3,2,2,3,2,2,4,3,4,4,3,0,3,3,3,3,0,2,3,2,0,2,2,3,4,4,2,4,2,2,0,3,3,2,4,4,3,2,2,3,0,0,0,3,4,3,2,2,4,1,2,0,0,2,3,3,0,4,2,3,4,0,4,0,1,2,3,0,0,0,2,2,3,2,2,3,4,0,2,3,4,3,4,3,3,2,2,3,2,2,3,3,2,2,2,2,2,4,2,3,2,3,2,4,2,0,1,0,0,4,4,3,2,4,4,4,2,0,2,3,2,0,0,3,3,0,0,4,4,4,2,3,3,0,4,2,0,2,2,4,3,4,0,3,0,0,3,2,3,3,4,0,3,3,2,0,3,2,2,3,2,3,0,3,2,2,0,4,2,3,2,3,4,4,2,2,0,4,2,3,3,2,1,2,3,4,3,2,4,2,4,0,2,3,2,3,1,4,2,4,2,2,0,2,2,3,3,4,1,2,0,2,0,2,3,0,3,4,0,1,3,3,2,3,4,1,4,1,3,4,4,3,3,2,0,3,0,3,4,2,0,4,0,0,2,0,0,3,2,3,1,3,2,4,2,2,3,0,0,3,2,4,4,2,2,3,4,2,2,2,3,3,4,3,1,0,0,2,3,0,0,4,3,3,3,0,3,0,0,0,2,3,2,0,3,2,0,0,4,3,2,3,3,2,3,3,2,3,2,3,2,3,0,3,2,2,3,4,4,2,4,3,4,2,2,0,4,4,2,4,2,4,4,3,2,2,0,4,4,3,4,2,2,0,3,3,2,1,2,3,4,2,4,4,4,2,4,0,1,4,0,4,2,3,4,0,2,3,3,2,2,2,4,0,3,2,0,2,2,3,0,0,0,3,2,2,0,2,4,3,3,2,1,3,3,3,2,3,0,2,2,2,3,3,1,0,4,2,3,0,3,4,0,2,4,0,3,0,3,3,0,2,2,2,2,4,2,3,3,4,4,3,2,2,3,4,3,2,2,0,3,0,0,2,2,1,0,4,2,0,4,4,4,3,4,2,4,4,0,2,2,2,3,2,0,2,2,2,0,0,2,4,2,0,2,3,3,2,1,2,2,0,4,0,4,2,3,3,2,4,2,1,2,4,2,0,2,2,2,0,1,0,0,4,4,0,3,0,4,4,3,0,0,0,1,2,0,3,0,4,2,1,4,1,1,4,4,4,1,3,0,1,2,3,1,0,1,4,1,2,4,4,3,2,3,3,2,0,2,4,0,0,2,2,1,2,0,4,0,0,2,4,4,4,3,3,1,0,3,4,2,0,2,2,2,4,4,2,3,2,2,4,4,3,3,4,2,4,3,4,1,3,0,4,0,2,2,0,0,2,2,4,4,0,1,3,2,2,2,1,3,0,2,3,2,3,4,2,2,0,4,0,4,0,0,0,1,0,4,4,0,4,3,4,2,3,2,2,0,2,1,3,4,3,2,2,3,3,3,0,3,3,4,2,3,0,1,0,4,3,1,3,4,2,3,4,3,2,4,2,4,1,4,2,1,4,3,1,2,3,4,3,3,2,2,4,2,4,0,0,0,4,4,4,3,0,2,4,2,0,1,2,4,4,0,0,3,2,4,2,1,2,4,4,0,4,4,0,2,3,2,4,0,3,2,4,3,2,4,4,0,3,2,0,4,0,2,4,4,3,2,4,4,0,4,4,0,0,4,3,1,1,1,3,1,4,1,2,0,0,4,3,4,4,1,3,2,4,3,2,4,3,2,4,2,2,1,4,4,3,4,4,0,2,0,0,4,0,4,4,1,2,4,1,1,2,4,0,0,0,0,4,2,3,3,1,1,4,4,2,2,2,3,4,3,1,4,1,1,4,4,4,0,4,4,1,1,4,4,3,4,1,3,1,4,2,3,1,4,4,4,4,4,2,2,4,2,4,1,4,2,4,1,1,4,4,2,4,2,4,3,4,4,1,2,3,4,4,1,1,0,4,1,1,3,1,1,0,2,0,0,3,0,0,4,4,1,3,0,4,2,4,4,4,2,4,0,3,3,2,0,4,2,0,1,4,2,0,3,0,0,1,2,0,3,2,4,3,0,1,4,4,4,2,4,3,3,3,1,1,1,4,1,4,4,4,1,0,3,3,4,3,0,2,3,2,2,2,1,1,0,4,1,4,2,3,3,3,4,4,0,2,1,2,2,2,3,4,0,0,2,1,4,4,4,4,1,1,2,3,0,2,0,3,2,0,1,4,2,4,0,1,1,2,3,2,0,4,1,0,2,4,0,4,1,3,2,3,1,0,3,1,4,4,4,2,1,3,1,0,2,4,1,1,1,0,3,3,3,3,1,3,2,1,0,1,1,4,0,2,2,1,4,2,0,4,4,4,4,1,4,1,3,4,2,3,4,4,0,4,3,3,0,4,1,2,4,1,4,4,4,3,3,2,4,2,0,2,2,2,1,0,3,2,4,3,0,4,4,2,4,3,2,4,0,0,2,0,2,4,2,2,2,2,4,3,4,3,4,3,4,4,2,1,4,4,3,2,2,4,2,0,4,2,2,4,3,4,0,2,0,0,3,2,3,1,2,4,2,1,4,0,0,0,2,2,3,3,0,0,4,1,1,4,4,0,2,0,3,1,2,4,3,0,2,4,0,0,1,3,3,1,1,3,0,2,4,3,3,2,4,3,4,0,3,2,3,2,1,4,3,4,3,4,4,2,2,4,3,2,4,4,4,4,3,2,0,3,3,1,2,2,0,2,0,2,4,0,2,2,2,2,4,4,3,4,3,4,4,4,0,3,4,0,1,4,4,2,3,3,4,0,2,4,2,3,2,3,3,4,1,3,4,4,0,4,0,1,4,2,4,4,2,2,0,0,4,0,1,4,1,4,4,3,4,1,1,4,2,3,0,4,0,3,2,2,2,2,1,3,2,0,4,3,3,2,0,2,3,3,0,0,0,3,1,1,4,2,4,0,1,1,4,0,4,2,2,1,1,0,2,2,1,3,4,4,0,2,4,4,3,0,0,4,0,1,2,0,4,1,3,2,1,0,1,4,3,2,2,3,4,4,4,4,2,4,0,4,1,3,4,4,4,2,4,0,3,1,1,2,0,4,0,1,1,2,2,4,3,4,2,4,3,1,4,4,4,0,4,2,4,3,4,4,4,2,0,2,2,4,3,2,2,4,2,4,0,4,4,4,4,4,2,0,1,3,4,1,2,3,0,2,4,2,3,2,4,4,4,0,4,4,1,3,3,4,0,1,4,4,2,4,0,2,0,2,1,3,3,1,3,2,0,3,3,2,2,0,4,0,3,0,2,3,0,1,3,3,4,2,0,4,3,3,3,4,2,2,1,4,4,0,1,0,1,3,3,0,4,0,2,3,0,4,4,1,3,3,3,3,3,1,3,4,1,2,3,2,2,3,1,4,2,0,0,2,2,4,2,0,2,2,1,4,4,4,3,2,0,2,3,3,0,3,3,4,2,4,3,4,2,3,4,2,0,3,3,3,3,4,4,4,0,1,4,4,1,4,4,4,2,2,4,1,0,3,2,1,4,4,1,1,4,3]",ok,
33,uniform,5,0.3,0.36877972961606736,5,"fused_3_low, fused_1_medium, fused_1_high, fused_3_medium+fused_4_veryhigh, fused_2_medium+fused_4_veryhigh+fused_5_low","[559, 389, 370, 162, 319]",0.6,0.3,5.0,"{""fused_1"":0.5833248880504543,""fused_2"":0.2539744021337708,""fused_3"":0.3111623824382151,""fused_4"":0.44913494211179905,""fused_5"":0.36466646477234155}","{""fused_3_low"":0.6359947527546573,""fused_1_medium"":0.6900091854476921,""fused_1_high"":0.6210427476967814,""fused_3_medium+fused_4_veryhigh"":0.5530228388693911,""fused_2_medium+fused_4_veryhigh+fused_5_low"":0.7420438541881073}","{""fused_1"":0.17878416639479103,""fused_2"":0.22009450193573102,""fused_3"":0.20919914655608868,""fused_4"":0.19085892329800325,""fused_5"":0.20106326181538606}","{""fused_3_low"":0.2006606642958668,""fused_1_medium"":0.1966128555294713,""fused_1_high"":0.2018576696118302,""fused_3_medium+fused_4_veryhigh"":0.2077972816733326,""fused_2_medium+fused_4_veryhigh+fused_5_low"":0.19307152888949905}","{""fused_1"":0.8939208319739551,""fused_2"":1.1004725096786552,""fused_3"":1.0459957327804434,""fused_4"":0.9542946164900162,""fused_5"":1.0053163090769304}","{""fused_3_low"":1.0033033214793339,""fused_1_medium"":0.9830642776473565,""fused_1_high"":1.009288348059151,""fused_3_medium+fused_4_veryhigh"":1.0389864083666631,""fused_2_medium+fused_4_veryhigh+fused_5_low"":0.9653576444474953}",0.23473173917583182,0.06392440244580322,"[3,2,3,3,1,2,0,4,0,1,4,1,4,0,0,1,1,0,3,3,0,0,0,3,0,0,2,1,1,2,0,1,3,0,3,1,0,1,0,0,0,1,2,2,0,3,0,0,1,4,2,4,1,1,2,0,0,0,1,1,0,3,3,2,2,0,1,1,3,0,0,0,0,1,0,0,0,1,1,0,1,0,1,0,0,3,3,3,2,3,0,1,2,0,2,1,4,0,2,0,1,4,2,2,0,4,0,0,1,3,1,2,2,2,0,0,2,2,0,0,0,1,2,2,0,0,0,4,0,0,3,0,0,1,0,0,0,0,0,3,2,0,4,0,3,0,1,1,0,2,1,0,0,3,3,0,1,0,1,2,3,4,2,2,2,3,1,1,0,0,2,0,3,1,2,0,2,1,4,2,0,0,0,0,4,1,2,2,0,1,0,0,0,1,1,1,3,3,1,0,0,1,0,2,4,2,2,4,2,3,1,0,0,0,0,1,2,2,0,0,0,0,3,0,0,1,0,0,2,0,0,2,1,2,1,1,0,1,2,1,1,0,3,1,0,0,0,0,1,4,4,0,2,3,3,0,1,2,0,2,2,1,3,0,1,0,0,2,1,2,1,0,0,1,4,3,0,0,0,1,2,0,2,3,1,3,0,2,0,4,0,1,0,0,0,0,0,1,0,3,1,2,0,3,1,2,2,2,1,1,4,3,1,0,0,1,1,0,2,0,0,0,4,0,1,3,2,3,2,0,0,4,2,0,2,1,1,3,2,1,2,2,0,0,1,2,0,0,1,2,0,0,2,2,2,0,1,2,0,2,0,0,0,0,2,1,2,0,1,0,0,1,0,1,2,1,0,2,1,0,0,2,0,0,1,3,1,0,1,1,3,0,4,0,1,3,1,2,2,3,0,0,2,2,1,1,0,4,2,1,1,1,0,2,3,4,0,3,1,3,1,4,2,3,2,3,1,0,0,0,2,2,4,4,0,0,3,2,0,1,2,2,4,0,4,1,1,3,2,2,4,2,4,1,2,4,1,2,0,0,1,0,1,1,3,0,1,0,0,0,0,0,1,3,1,4,2,3,2,0,3,1,0,0,1,0,4,4,3,0,1,2,3,0,3,1,1,4,1,4,0,0,2,1,0,0,2,2,1,1,0,1,0,0,0,0,1,3,0,2,3,0,0,2,1,3,1,1,0,2,1,3,1,0,2,0,1,0,2,2,0,1,4,2,0,4,2,1,3,3,0,4,2,0,2,3,4,3,2,0,0,0,2,2,1,2,3,0,0,1,1,0,4,0,1,4,0,2,2,3,0,4,0,4,2,0,2,0,2,2,0,0,1,2,0,3,3,2,2,1,0,0,0,3,2,0,0,0,2,3,0,0,0,4,1,1,0,4,1,1,1,0,1,0,3,0,0,1,1,4,0,2,0,1,0,1,1,0,0,4,0,1,0,1,1,0,3,0,0,0,2,0,1,1,2,1,1,0,0,1,4,1,3,0,2,1,0,0,0,3,4,0,2,3,0,2,2,4,1,4,3,2,4,0,3,0,2,1,0,0,0,2,0,0,0,3,4,0,0,2,1,1,2,4,0,3,0,2,0,4,0,1,1,0,2,0,4,3,2,2,0,0,3,0,0,4,0,0,2,4,0,1,0,4,4,2,0,0,0,4,3,0,1,0,1,3,4,2,4,4,2,2,2,4,1,0,4,3,2,4,0,4,2,4,0,2,2,1,2,2,1,2,0,3,2,0,0,0,0,4,0,0,2,0,0,0,2,2,4,1,1,4,0,1,1,0,0,0,3,2,2,4,3,1,1,3,2,2,1,1,2,0,4,1,3,4,1,0,4,0,0,3,0,0,0,0,1,4,0,4,2,2,0,0,4,2,0,3,1,0,2,4,2,0,0,2,0,2,0,0,0,4,0,2,1,0,4,1,4,1,1,3,0,0,0,4,1,2,1,0,0,1,1,1,0,1,1,4,0,1,2,4,0,2,1,4,2,1,0,1,1,1,0,4,0,2,4,2,2,4,4,1,4,0,2,4,1,1,0,0,1,2,2,0,0,0,2,4,1,1,0,3,4,3,0,4,3,1,2,0,0,1,2,4,3,4,2,1,4,0,2,2,0,3,1,0,2,0,2,0,1,1,4,2,2,0,1,2,2,1,2,0,2,1,2,0,4,4,0,2,4,0,0,2,1,4,4,4,2,4,4,4,0,0,0,2,1,1,1,4,2,3,2,1,0,1,2,0,4,0,1,4,2,2,1,2,4,0,0,0,0,2,0,2,4,4,3,1,4,4,3,1,0,0,0,0,2,0,1,1,4,4,2,2,0,3,0,1,2,1,4,2,4,4,1,1,1,0,2,4,4,4,4,4,1,2,4,1,4,1,3,1,4,2,2,2,4,2,0,3,3,0,2,4,1,2,2,4,4,2,4,3,2,3,1,1,4,2,4,0,2,4,2,4,4,0,4,4,4,1,4,4,0,3,0,0,1,0,0,1,2,4,1,0,1,3,4,2,2,0,2,0,2,1,0,0,4,3,0,4,4,3,0,1,0,0,4,2,0,1,3,1,2,0,4,1,1,4,0,1,1,1,1,4,4,4,2,4,4,2,1,4,0,1,1,2,1,0,3,1,0,0,2,4,4,0,1,4,4,3,2,1,1,4,2,0,2,4,2,3,0,1,2,0,0,3,4,4,1,4,2,4,4,3,1,0,0,2,2,0,0,4,2,1,1,0,4,4,2,2,3,0,4,4,0,0,1,0,2,4,1,3,1,4,0,1,4,2,4,4,3,4,1,4,0,2,4,4,4,4,0,1,1,1,1,4,2,3,4,0,4,4,2,0,2,2,4,2,0,0,1,4,4,4,4,2,4,1,2,2,2,4,4,0,2,2,1,0,2,4,1,2,4,2,2,2,1,1,0,1,0,0,0,2,0,4,2,2,0,2,1,0,2,2,0,4,1,2,4,0,0,0,0,0,2,0,0,0,0,2,2,2,1,4,1,1,4,0,4,1,2,1,0,3,2,0,0,2,3,3,4,2,4,0,3,0,0,2,0,1,4,3,4,3,4,2,0,0,0,3,0,2,1,0,0,4,4,4,4,4,0,0,0,1,4,1,4,1,0,0,2,0,0,4,2,1,4,4,1,0,3,4,1,1,3,2,1,4,0,2,3,1,3,4,4,1,1,1,1,2,0,0,1,1,2,1,2,2,1,1,2,0,1,1,4,0,3,0,0,0,0,2,0,3,0,2,0,2,2,1,2,1,2,2,2,0,1,4,0,4,2,4,0,1,1,2,0,0,1,3,2,3,1,1,4,4,1,2,4,0,4,0,4,4,3,4,2,0,0,0,0,4,0,4,4,4,2,2,1,4,4,4,4,0,2,0,4,0,1,3,0,3,3,4,1,0,0,1,1,1,0,0,3,1,1,0,0,0,2,4,4,2,3,2,0,4,4,2,0,4,0,1,4,4,0,2,0,4,1,3,1,0,1,4,2,1,0,0,4,0,4,3,0,2,4,2,0,4,0,4,4,1,0,0,1,2,2,4,4,0,2,0,2,4,1,4,4,2,3,3,0,1,4,4,3,0,1,0,4,4,0,3,4,1,4,0,1,1,4,1,2,4,0,2,3,4,1,2,4,4,0,0,3,1,2,2,0,3,4,2,1,0,2,2,2,1,2,0,0,4,2,2,4,0,1,0,3,2,0,1,0,1,1,2,0,2,2,4,1,1,4,0,4,2,2,0,4,0,0,0,3,4,1,2,4,1,3,0,1,1,0,0,0,4,0,2,0,0,1,0,4,2,2,2,2,0,4,1,1,1,4,3,3,4,4,1,0,4,0,4,1,1,1,4,0,3,1,0,2,2,4,1,1,1,1,1,4,1,2,4,2,2,2,0,1,4,1,0,0,0,2,3,4,2,0,2,0,4,2,4,2,2,3,0,2,1,1,0,1,1,1,0,4,1,4,0,1,2,2,0,1,1,1,2,4,1,2,0,4,4,2,4,4,1,4,2,2,4,4,0,1,0,4,1,4,4,4,1,1]",ok,
34,uniform,5,0.25,0.4109685576631682,7,"fused_1_high, fused_3_medium+fused_4_veryhigh, fused_2_medium+fused_4_veryhigh+fused_5_low, fused_1_medium+fused_3_medium, fused_2_medium+fused_3_low, fused_1_medium+fused_4_veryhigh, fused_5_medium","[385, 365, 338, 324, 387]",0.9,0.7,3.0,"{""fused_1"":0.5725179235483521,""fused_2"":0.46548285204537826,""fused_3"":0.5133531911003155,""fused_4"":0.5574933332342542,""fused_5"":0.4515445932001767}","{""fused_1_high"":0.5776457807415649,""fused_3_medium+fused_4_veryhigh"":0.42305419827170715,""fused_2_medium+fused_4_veryhigh+fused_5_low"":0.5415267642649062,""fused_1_medium+fused_3_medium"":0.3671289784055309,""fused_2_medium+fused_3_low"":0.3716837829405161,""fused_1_medium+fused_4_veryhigh"":0.35964692645798035,""fused_5_medium"":0.4025262151480943}","{""fused_1"":0.18851975630422713,""fused_2"":0.20907377945884437,""fused_3"":0.19908717330661022,""fused_4"":0.1910431957296622,""fused_5"":0.21227609520065616}","{""fused_1_high"":0.1224349412039292,""fused_3_medium+fused_4_veryhigh"":0.1430665733008238,""fused_2_medium+fused_4_veryhigh+fused_5_low"":0.12645214969983432,""fused_1_medium+fused_3_medium"":0.15357723590688907,""fused_2_medium+fused_3_low"":0.1526333279300414,""fused_1_medium+fused_4_veryhigh"":0.15516651395634712,""fused_5_medium"":0.1466692580021351}","{""fused_1"":0.9425987815211356,""fused_2"":1.0453688972942219,""fused_3"":0.995435866533051,""fused_4"":0.955215978648311,""fused_5"":1.0613804760032808}","{""fused_1_high"":0.8570445884275044,""fused_3_medium+fused_4_veryhigh"":1.0014660131057667,""fused_2_medium+fused_4_veryhigh+fused_5_low"":0.8851650478988402,""fused_1_medium+fused_3_medium"":1.0750406513482236,""fused_2_medium+fused_3_low"":1.0684332955102898,""fused_1_medium+fused_4_veryhigh"":1.0861655976944298,""fused_5_medium"":1.0266848060149456}",0.24061575865194978,0.0689271817676487,"[3,4,3,4,1,3,0,2,0,3,2,1,2,0,0,3,1,0,4,4,4,0,0,4,4,0,3,1,1,1,0,1,3,0,3,1,0,1,0,0,0,1,4,4,4,3,0,0,1,2,1,2,1,3,1,3,0,0,3,1,4,4,4,1,1,0,1,1,3,0,4,0,0,3,0,0,0,3,3,0,3,0,1,3,0,3,3,3,1,3,4,3,4,0,3,3,2,0,1,4,1,2,4,4,0,2,0,0,3,3,3,2,3,3,4,0,1,3,0,0,0,1,3,1,0,0,0,2,4,0,3,0,0,1,0,0,4,3,4,4,3,4,2,0,4,0,3,1,0,3,1,0,4,4,3,0,3,0,3,3,4,2,1,1,3,4,1,1,4,0,4,0,4,1,1,0,4,3,2,1,4,0,3,0,2,1,3,4,0,3,0,0,3,3,1,1,4,4,1,0,4,3,4,3,2,4,1,2,1,4,1,3,0,0,0,1,4,3,4,0,0,4,3,3,0,1,0,0,1,0,0,1,3,1,3,1,0,1,1,1,3,4,4,3,0,0,0,0,3,2,2,4,3,4,4,0,1,1,0,3,1,1,3,0,1,4,0,1,3,1,3,0,3,4,2,4,0,0,0,4,1,4,3,3,1,4,0,1,0,2,0,1,4,0,0,0,0,1,0,4,1,4,0,4,1,3,1,3,1,1,2,4,1,0,0,1,3,0,4,0,0,4,2,0,3,4,1,4,3,0,0,2,1,4,3,3,1,3,3,4,3,4,4,0,1,4,0,4,1,1,4,4,1,4,1,4,1,1,4,4,0,0,0,0,1,3,4,0,4,0,0,1,0,1,1,3,0,1,1,0,4,4,0,0,1,4,1,0,1,4,3,4,2,4,3,3,1,1,3,4,4,0,3,4,3,1,0,2,3,1,3,1,0,3,4,2,4,3,1,3,1,2,3,3,1,3,4,0,0,0,4,1,2,2,0,4,4,1,0,1,1,1,2,4,2,1,1,3,1,3,2,4,2,3,3,2,1,1,3,0,1,0,3,3,4,0,3,4,0,3,4,0,1,3,1,2,1,3,1,0,4,3,0,4,3,0,2,2,4,0,1,3,4,0,4,1,1,2,1,2,4,0,3,1,0,4,4,1,1,1,4,4,4,0,0,4,1,3,0,1,4,0,4,1,1,3,1,1,4,1,1,4,1,0,1,0,1,0,1,4,0,1,2,3,0,2,1,3,4,4,4,2,3,0,3,4,2,4,1,0,0,0,3,3,3,1,4,0,0,3,1,0,2,0,3,2,0,1,3,4,4,2,0,2,3,4,3,0,4,3,0,0,1,1,0,3,4,4,1,3,0,0,0,4,1,0,0,0,1,4,0,0,4,2,1,1,0,2,1,3,1,0,1,0,3,4,0,1,1,2,4,3,0,1,0,1,3,0,0,2,4,1,4,4,1,0,4,0,0,4,3,0,1,3,3,3,3,0,0,4,2,1,4,0,4,1,4,0,0,3,2,4,3,4,0,2,2,2,3,2,4,4,2,0,4,0,4,1,4,0,0,4,4,0,4,4,2,0,0,4,1,1,4,2,0,4,0,4,4,2,0,1,4,4,3,0,2,3,2,3,4,0,4,0,4,2,0,4,1,2,0,1,4,2,2,1,4,4,4,2,4,0,1,4,3,3,2,3,2,2,3,1,3,2,1,4,2,3,1,2,4,2,4,2,4,3,4,3,2,1,1,4,0,4,3,4,4,4,0,2,4,0,4,0,0,0,4,3,2,1,1,2,4,1,3,3,4,4,4,4,3,2,3,1,3,3,3,3,1,1,4,0,2,3,4,2,1,4,2,0,0,4,0,4,0,0,3,2,0,2,1,4,0,0,2,4,0,4,1,0,1,2,3,4,0,1,0,3,0,0,0,2,0,4,3,0,2,1,2,4,1,4,0,0,0,2,1,1,1,0,0,1,1,3,0,1,1,2,0,4,4,2,0,3,4,2,1,3,0,1,2,3,0,2,4,3,2,3,4,2,2,4,2,3,1,2,1,4,0,0,3,4,4,0,4,0,1,2,3,3,4,4,2,3,0,2,4,3,1,0,0,3,4,2,4,2,4,3,2,4,4,1,4,3,1,0,1,0,1,4,3,1,2,2,2,0,1,3,1,3,1,4,1,3,1,0,2,2,0,1,2,4,4,3,3,2,2,2,1,2,2,2,0,0,0,1,3,4,2,2,1,3,3,4,0,3,1,3,2,4,4,2,4,2,1,3,2,4,4,4,4,1,0,1,2,2,3,3,2,2,4,3,0,0,0,0,3,0,1,1,2,2,1,1,4,3,4,1,4,1,2,4,2,2,3,3,3,0,3,2,2,2,2,2,1,1,2,1,2,3,3,1,2,3,1,2,2,1,0,3,4,0,3,2,3,3,1,2,2,4,2,3,4,4,3,1,2,1,2,0,1,2,4,2,2,4,2,2,2,3,2,2,4,4,0,0,3,4,0,4,1,2,1,4,2,3,2,3,4,4,3,4,1,1,4,4,2,4,4,2,2,4,4,1,0,0,2,3,0,1,3,3,1,4,2,3,3,2,0,3,1,4,1,2,2,2,1,2,2,4,3,2,0,1,1,3,3,0,4,1,3,0,4,2,2,0,3,2,2,4,1,1,3,2,1,0,4,2,4,3,0,1,3,0,0,3,2,2,4,2,4,2,2,3,1,4,4,1,1,4,4,2,3,4,3,0,2,2,4,1,4,4,2,2,4,4,4,0,2,2,1,4,1,2,4,3,2,4,2,2,3,2,1,2,0,2,2,2,2,2,4,4,1,1,3,2,1,4,2,0,2,2,1,4,4,4,2,1,0,0,3,2,2,2,2,1,2,1,4,4,1,2,2,0,1,1,1,0,4,2,3,3,2,3,1,3,4,1,0,3,0,4,0,4,0,2,1,1,0,1,4,0,4,1,0,2,1,4,2,0,0,0,4,0,1,0,4,0,0,3,1,3,1,2,1,3,2,0,2,3,4,1,0,3,4,0,0,1,3,3,2,1,2,0,3,0,0,1,0,4,2,4,2,4,2,3,0,0,0,4,0,1,1,0,4,2,2,2,2,2,0,0,4,1,2,3,2,1,0,0,1,4,4,2,1,3,2,2,1,0,3,2,1,1,4,2,3,2,0,1,3,1,3,2,2,1,3,1,3,4,0,0,3,4,3,3,4,3,4,1,4,0,1,1,2,0,4,0,0,0,0,3,4,4,0,4,0,4,1,4,4,1,3,1,4,4,1,2,0,2,3,2,4,3,1,3,4,0,3,4,1,4,1,1,2,2,1,4,2,0,2,0,2,2,3,2,1,0,0,0,0,2,0,2,2,2,1,3,1,2,2,2,2,0,1,0,2,4,4,3,4,3,4,2,1,0,4,3,1,1,0,4,4,1,1,0,0,4,1,2,2,3,3,3,0,2,2,1,0,2,0,4,2,2,0,4,4,2,1,4,3,4,3,2,4,3,0,4,2,0,2,4,0,1,2,1,4,2,0,2,2,1,0,0,1,3,3,2,2,0,3,4,4,2,3,2,2,4,3,4,0,1,2,2,4,0,3,0,2,2,0,4,2,1,2,0,3,3,2,3,1,2,0,3,3,2,1,3,2,2,0,4,3,4,1,1,0,3,2,3,3,4,4,2,1,3,3,0,0,2,1,2,2,0,1,0,3,3,0,3,4,2,3,3,4,4,3,2,1,1,2,0,2,1,4,0,2,0,3,4,3,2,1,1,2,1,4,4,1,1,0,0,0,2,4,1,4,0,4,4,2,1,1,3,4,0,2,1,1,1,2,3,4,2,2,3,4,2,0,2,1,1,4,2,0,4,3,4,3,3,2,3,3,1,1,3,2,1,3,2,4,1,3,4,1,2,2,0,0,0,4,4,2,4,0,4,4,2,4,2,1,1,3,0,3,1,4,4,1,1,3,0,2,1,2,0,3,4,4,0,1,1,3,1,2,3,1,0,2,2,1,2,2,3,2,4,4,2,2,4,1,0,2,3,2,2,2,3,1]",ok,
35,uniform,5,0.2,0.45477010319274064,10,"fused_2_medium+fused_4_veryhigh+fused_5_low, fused_2_medium+fused_3_low, fused_5_medium, fused_4_high, fused_3_low+fused_4_veryhigh, fused_2_medium+fused_3_medium, fused_1_medium+fused_3_medium+fused_4_veryhigh, fused_3_low+fused_5_low, fused_3_medium+fused_5_low, fused_1_high+fused_4_veryhigh","[386, 379, 390, 409, 235]",0.5,0.8,2.0,"{""fused_1"":0.692394968570424,""fused_2"":0.286412843298724,""fused_3"":0.3962623496022258,""fused_4"":0.23156218509484103,""fused_5"":0.25657537934770025}","{""fused_2_medium+fused_4_veryhigh+fused_5_low"":0.42849324330535754,""fused_2_medium+fused_3_low"":0.3318717228979147,""fused_5_medium"":0.4515988116743163,""fused_4_high"":0.24838896378619355,""fused_3_low+fused_4_veryhigh"":0.2505359847325603,""fused_2_medium+fused_3_medium"":0.2887142220499437,""fused_1_medium+fused_3_medium+fused_4_veryhigh"":0.39663734842970266,""fused_3_low+fused_5_low"":0.3540890456530298,""fused_3_medium+fused_5_low"":0.24586159999479493,""fused_1_high+fused_4_veryhigh"":0.4128604037210316}","{""fused_1"":0.09213623953088276,""fused_2"":0.22273675977458116,""fused_3"":0.1609909917967748,""fused_4"":0.2754969195339655,""fused_5"":0.24863908936379578}","{""fused_2_medium+fused_4_veryhigh+fused_5_low"":0.07558209139373416,""fused_2_medium+fused_3_low"":0.09758714962005158,""fused_5_medium"":0.0717150148314817,""fused_4_high"":0.13038588745424473,""fused_3_low+fused_4_veryhigh"":0.12926851810000323,""fused_2_medium+fused_3_medium"":0.11217464538861784,""fused_1_medium+fused_3_medium+fused_4_veryhigh"":0.08165246063014929,""fused_3_low+fused_5_low"":0.09146404237774246,""fused_3_medium+fused_5_low"":0.13172620481518363,""fused_1_high+fused_4_veryhigh"":0.07844398538879135}","{""fused_1"":0.46068119765441384,""fused_2"":1.1136837988729058,""fused_3"":0.804954958983874,""fused_4"":1.3774845976698273,""fused_5"":1.243195446818979}","{""fused_2_medium+fused_4_veryhigh+fused_5_low"":0.7558209139373416,""fused_2_medium+fused_3_low"":0.9758714962005157,""fused_5_medium"":0.7171501483148169,""fused_4_high"":1.3038588745424473,""fused_3_low+fused_4_veryhigh"":1.2926851810000324,""fused_2_medium+fused_3_medium"":1.1217464538861783,""fused_1_medium+fused_3_medium+fused_4_veryhigh"":0.8165246063014929,""fused_3_low+fused_5_low"":0.9146404237774246,""fused_3_medium+fused_5_low"":1.3172620481518362,""fused_1_high+fused_4_veryhigh"":0.7844398538879136}",0.23555559942075147,0.023346303501945526,"[2,2,2,3,3,0,2,3,2,0,4,3,4,1,1,0,0,2,2,2,1,1,2,2,1,2,0,0,0,0,2,0,2,1,2,0,1,0,1,1,1,0,0,0,1,2,2,2,3,4,3,4,3,3,0,2,1,1,0,0,1,2,2,0,0,1,3,0,2,2,1,2,2,3,2,2,1,3,0,2,0,2,0,2,1,3,3,2,0,2,2,3,3,1,0,0,3,1,0,1,3,3,0,2,1,4,1,1,3,2,2,3,0,2,1,2,0,0,1,2,1,0,0,0,1,2,2,4,1,1,2,2,2,0,1,1,2,2,1,2,0,1,4,2,2,2,0,3,1,0,0,1,1,2,2,2,0,2,0,3,2,4,0,0,3,2,3,3,1,1,3,1,3,0,0,2,3,3,4,0,1,2,2,2,3,0,0,3,2,0,2,2,2,0,0,0,2,3,0,1,2,3,1,0,4,1,0,4,0,2,0,2,2,2,1,0,3,0,1,2,1,2,2,2,2,0,2,2,0,2,2,3,0,3,3,0,1,0,0,3,0,1,2,0,1,1,1,2,0,4,3,2,0,2,3,1,0,0,2,2,3,0,2,2,0,2,1,0,0,3,0,2,2,3,4,2,1,1,2,3,0,1,0,2,3,2,1,3,1,4,1,0,2,1,1,2,2,0,2,2,3,3,1,2,3,0,0,0,0,0,3,2,0,2,2,0,0,2,1,2,2,2,4,1,0,2,0,2,0,1,1,4,0,1,0,3,0,2,3,3,0,1,1,1,3,1,1,1,0,0,1,1,3,3,3,2,3,0,2,3,1,1,2,2,3,0,0,1,3,1,1,0,2,0,0,2,1,0,0,2,2,2,2,2,0,2,0,1,3,1,2,2,3,2,0,2,0,3,2,3,2,1,0,3,0,3,1,4,2,3,3,0,1,2,2,3,1,2,3,3,0,3,0,2,3,2,3,1,1,2,2,0,3,3,2,1,2,0,1,0,0,0,3,1,4,0,0,3,0,0,4,0,4,0,2,4,3,0,2,1,0,1,0,3,2,1,3,1,1,2,1,1,0,3,0,4,0,2,3,2,2,0,1,1,0,2,3,4,2,1,0,0,2,2,2,0,0,3,0,4,1,1,2,3,1,2,0,0,0,3,1,3,1,1,1,2,0,2,1,0,2,1,1,3,0,2,3,0,1,0,3,3,0,2,3,2,0,1,0,3,2,0,3,2,1,4,0,3,2,2,1,3,0,2,0,2,3,2,0,2,2,1,2,0,0,3,2,2,1,0,0,2,4,2,0,3,1,3,0,2,2,4,1,4,0,1,2,2,2,0,1,2,0,0,1,3,2,3,0,0,2,1,2,2,0,1,1,1,0,2,2,1,1,3,0,0,2,4,0,0,0,1,3,1,3,2,2,3,3,4,1,2,2,0,1,0,3,1,2,3,1,0,1,3,0,1,2,2,1,1,0,2,0,0,0,2,0,2,1,3,3,0,2,2,2,3,1,1,2,3,4,1,0,3,1,3,3,3,0,4,2,0,3,1,3,2,1,0,1,1,2,1,2,1,1,2,4,2,1,1,0,3,3,4,2,2,1,0,1,3,2,0,2,2,0,2,4,3,3,3,1,2,3,1,1,4,1,1,3,4,1,3,1,3,3,0,1,1,1,4,3,1,0,1,2,3,4,2,4,4,3,3,3,4,0,1,4,3,0,3,1,4,2,4,1,2,3,0,3,0,3,3,1,2,0,1,1,1,1,4,1,1,3,1,1,2,3,0,3,3,0,4,1,0,3,2,1,2,2,1,2,3,2,3,3,2,0,2,3,0,3,2,3,2,2,4,0,1,3,1,2,3,1,1,1,2,2,4,1,4,0,3,2,2,4,2,1,2,3,2,0,3,2,1,1,3,1,3,1,1,1,4,1,3,3,1,3,0,3,1,0,2,1,1,2,4,0,3,0,2,2,0,0,0,1,0,0,3,2,0,2,4,1,0,3,4,0,3,2,0,3,0,2,4,1,3,4,2,2,4,4,3,4,2,0,3,0,0,2,1,3,3,0,1,1,1,3,4,3,0,1,3,4,2,1,4,2,3,3,1,1,0,3,3,2,4,3,3,3,1,0,0,1,3,0,2,3,1,0,2,3,0,3,3,3,1,3,3,0,3,0,1,3,0,0,2,4,3,1,3,3,1,2,3,0,4,4,4,0,4,3,4,2,1,1,3,2,3,4,4,0,2,3,2,2,3,0,2,3,2,3,4,3,3,3,3,4,1,1,1,1,3,1,3,3,4,2,4,4,4,2,3,1,1,1,1,0,2,3,3,4,4,3,3,2,3,1,0,3,3,4,3,4,4,3,3,4,1,2,3,4,4,4,3,0,0,4,0,4,0,3,2,4,0,0,3,3,3,2,2,2,1,3,4,2,3,0,4,4,0,4,3,0,2,3,3,3,3,4,2,0,4,3,4,4,2,4,4,4,0,4,4,1,2,1,1,0,1,1,0,3,4,3,1,4,2,3,0,3,2,2,1,0,0,1,1,3,3,1,4,3,2,2,0,1,1,4,3,1,0,3,3,0,1,4,3,3,3,2,2,0,0,3,4,4,4,3,4,3,3,3,4,1,3,3,3,0,1,2,0,2,1,3,4,4,1,3,4,3,2,0,0,0,4,3,1,1,4,1,3,1,3,2,1,1,3,4,3,3,4,0,4,4,3,0,1,2,0,0,1,1,4,2,3,3,1,4,4,3,0,2,1,4,4,1,2,2,1,3,4,3,2,3,4,1,2,4,3,3,4,2,4,3,4,1,3,4,4,4,4,1,3,0,3,0,4,0,2,4,1,4,4,3,1,2,3,4,3,2,1,3,4,3,4,4,3,4,0,3,1,0,3,3,1,3,0,0,1,3,4,3,0,4,2,3,2,2,3,1,3,2,1,2,3,2,4,0,0,2,3,2,1,3,3,2,3,3,1,4,1,1,2,1,1,3,2,1,1,2,3,0,0,0,3,0,3,4,2,4,3,3,0,1,2,0,2,1,3,2,2,4,0,4,1,3,1,1,0,1,2,4,2,3,2,4,2,1,1,1,2,2,0,0,1,2,3,4,4,4,3,1,2,1,0,4,3,4,3,1,2,3,1,1,4,0,0,4,4,0,1,2,3,0,0,2,3,2,3,1,0,2,0,2,4,3,0,3,0,3,0,2,2,3,3,3,0,0,2,3,0,1,1,0,0,4,2,3,1,1,1,2,0,1,2,2,1,2,3,3,0,0,0,0,3,3,1,3,3,1,4,0,4,2,0,0,0,1,2,3,2,0,2,0,0,3,4,3,0,4,1,3,1,4,4,2,3,3,1,1,1,1,4,1,4,3,4,3,2,3,4,4,4,3,2,0,1,3,1,2,3,2,2,3,4,0,1,1,3,0,0,2,1,2,0,0,1,1,1,0,4,4,3,2,0,1,4,4,0,1,3,1,2,4,4,1,1,1,4,0,2,3,1,2,4,0,0,1,1,4,1,4,2,1,3,4,0,1,4,1,4,4,0,2,2,0,0,0,3,4,2,3,1,0,4,0,3,3,3,2,2,1,0,4,4,2,1,3,1,4,4,2,3,3,0,3,2,4,0,4,3,3,3,1,2,3,3,0,3,4,4,1,1,2,1,3,0,2,2,3,3,3,1,2,3,3,4,3,2,1,4,0,3,4,2,0,1,2,0,2,0,1,4,3,0,1,3,0,4,3,0,4,1,4,3,0,2,4,1,2,1,2,4,3,0,4,0,2,1,0,0,1,1,1,4,1,0,1,2,2,1,4,0,0,0,1,1,3,0,0,0,3,2,2,4,3,2,1,4,1,4,0,0,2,3,1,2,0,1,3,0,4,0,0,0,0,0,4,0,3,4,1,0,3,2,0,4,4,1,1,1,3,3,3,1,1,1,2,4,3,4,0,0,2,1,3,0,3,1,0,0,3,2,4,3,3,2,0,2,2,1,3,0,0,0,3,3,0,1,4,3,3,4,3,4,3,3,3,4,4,1,3,2,4,3,4,4,4,3,3]",ok,
36,uniform,5,0.15,0.3757679872526989,12,"fused_1_medium+fused_3_medium+fused_4_veryhigh, fused_1_high+fused_4_veryhigh, fused_4_veryhigh+fused_5_medium, fused_2_medium+fused_3_low+fused_5_low, fused_2_medium+fused_3_low+fused_4_veryhigh, fused_2_medium+fused_3_medium+fused_4_veryhigh+fused_5_low, fused_1_high+fused_2_medium+fused_3_low, fused_1_medium+fused_2_medium+fused_5_low, fused_3_low+fused_4_high, fused_1_medium+fused_4_veryhigh+fused_5_low, fused_1_high+fused_5_low, fused_1_medium+fused_2_medium+fused_4_veryhigh","[228, 214, 360, 352, 645]",0.9,0.1,4.0,"{""fused_1"":0.6677903462995245,""fused_2"":0.43868222138887486,""fused_3"":0.6947410364407915,""fused_4"":0.4888564925442767,""fused_5"":0.400317988473257}","{""fused_1_medium+fused_3_medium+fused_4_veryhigh"":0.8117541760503545,""fused_1_high+fused_4_veryhigh"":0.830119782956698,""fused_4_veryhigh+fused_5_medium"":0.6567843190162679,""fused_2_medium+fused_3_low+fused_5_low"":0.7905225543062196,""fused_2_medium+fused_3_low+fused_4_veryhigh"":0.8219507071548753,""fused_2_medium+fused_3_medium+fused_4_veryhigh+fused_5_low"":0.7959635375578071,""fused_1_high+fused_2_medium+fused_3_low"":0.7536332468129835,""fused_1_medium+fused_2_medium+fused_5_low"":0.7486676427292397,""fused_3_low+fused_4_high"":0.8650428596379239,""fused_1_medium+fused_4_veryhigh+fused_5_low"":0.7435309091091332,""fused_1_high+fused_5_low"":0.7548884047283594,""fused_1_medium+fused_2_medium+fused_4_veryhigh"":0.7293903892698765}","{""fused_1"":0.18406726680746893,""fused_2"":0.21174179858581105,""fused_3"":0.18165567014581946,""fused_4"":0.20423467562341938,""fused_5"":0.21830058883748124}","{""fused_1_medium+fused_3_medium+fused_4_veryhigh"":0.0819741316811712,""fused_1_high+fused_4_veryhigh"":0.08136508471498567,""fused_4_veryhigh+fused_5_medium"":0.0879719213216246,""fused_2_medium+fused_3_low+fused_5_low"":0.08270153691158319,""fused_2_medium+fused_3_low+fused_4_veryhigh"":0.08163374949794593,""fused_2_medium+fused_3_medium+fused_4_veryhigh+fused_5_low"":0.08251266440067183,""fused_1_high+fused_2_medium+fused_3_low"":0.08402947544761429,""fused_1_medium+fused_2_medium+fused_5_low"":0.0842148438579931,""fused_3_low+fused_4_high"":0.08025506675966922,""fused_1_medium+fused_4_veryhigh+fused_5_low"":0.08440833361064257,""fused_1_high+fused_5_low"":0.08398287749132728,""fused_1_medium+fused_2_medium+fused_4_veryhigh"":0.0849503143047711}","{""fused_1"":0.9203363340373447,""fused_2"":1.0587089929290552,""fused_3"":0.9082783507290972,""fused_4"":1.0211733781170969,""fused_5"":1.0915029441874062}","{""fused_1_medium+fused_3_medium+fused_4_veryhigh"":0.9836895801740544,""fused_1_high+fused_4_veryhigh"":0.9763810165798281,""fused_4_veryhigh+fused_5_medium"":1.0556630558594953,""fused_2_medium+fused_3_low+fused_5_low"":0.9924184429389983,""fused_2_medium+fused_3_low+fused_4_veryhigh"":0.9796049939753511,""fused_2_medium+fused_3_medium+fused_4_veryhigh+fused_5_low"":0.9901519728080619,""fused_1_high+fused_2_medium+fused_3_low"":1.0083537053713714,""fused_1_medium+fused_2_medium+fused_5_low"":1.0105781262959173,""fused_3_low+fused_4_high"":0.9630608011160307,""fused_1_medium+fused_4_veryhigh+fused_5_low"":1.0129000033277107,""fused_1_high+fused_5_low"":1.0077945298959274,""fused_1_medium+fused_2_medium+fused_4_veryhigh"":1.0194037716572533}",0.30983533537755803,0.11450806003335186,"[3,4,3,4,1,3,3,2,3,3,2,1,2,0,0,3,1,3,4,4,4,4,3,4,4,3,3,1,1,0,3,1,3,0,3,1,0,1,0,0,0,1,4,4,4,3,3,3,1,2,4,2,1,4,4,3,0,0,3,1,4,4,4,0,0,0,1,1,3,3,4,3,3,4,3,3,4,4,3,3,3,3,1,3,4,4,4,3,4,3,3,4,4,0,3,3,2,0,0,4,1,2,4,4,4,2,0,0,4,3,3,2,3,3,4,3,0,3,0,3,0,1,3,4,0,3,3,2,4,4,3,3,3,1,0,4,4,3,4,3,3,4,2,4,4,3,3,1,0,3,1,0,4,4,3,3,3,4,3,4,4,2,0,4,4,4,1,1,4,4,4,0,4,1,4,3,4,2,2,4,4,4,3,4,2,1,3,4,3,3,4,3,3,3,1,1,4,4,1,0,3,4,4,3,2,4,4,2,4,4,1,3,3,4,0,1,4,3,4,3,0,3,3,3,3,1,4,4,4,3,3,4,3,4,4,1,0,1,4,1,3,4,4,3,4,0,4,3,3,2,2,3,3,4,4,0,1,0,3,3,4,1,3,3,1,0,0,0,3,4,3,3,3,4,2,4,0,0,3,4,0,4,3,3,1,4,0,4,0,2,4,1,4,0,0,3,3,1,3,4,1,4,0,4,1,3,0,3,1,1,2,4,1,3,3,1,3,3,4,3,3,3,2,4,3,4,4,4,3,4,0,2,0,4,3,4,1,3,4,4,3,4,4,4,1,4,0,4,1,4,4,4,4,4,4,3,1,0,4,4,4,0,4,3,4,3,4,0,4,0,0,1,4,1,4,3,0,4,1,4,0,4,3,3,1,4,1,0,1,4,3,0,2,3,3,3,1,4,3,4,3,0,3,4,3,1,4,2,3,1,4,1,4,3,4,2,4,3,1,4,1,2,3,3,4,3,4,0,4,3,4,4,2,2,3,4,3,0,4,1,0,4,2,4,2,1,1,4,0,3,2,4,2,3,3,2,1,4,3,0,1,0,3,4,4,0,4,4,0,3,4,0,1,4,1,2,4,3,4,4,4,3,0,4,3,3,2,2,4,4,1,3,4,3,4,1,1,2,1,2,4,0,3,1,0,4,4,4,1,1,4,4,4,0,0,3,1,3,0,0,4,0,4,4,1,3,1,1,4,0,1,4,1,3,4,3,1,0,4,4,4,1,2,3,4,2,4,4,4,4,4,2,3,4,3,4,2,4,4,3,3,0,3,3,3,4,4,3,0,3,1,3,2,3,3,2,4,4,3,4,4,2,0,2,3,4,3,3,4,3,0,3,1,4,4,4,3,4,0,3,4,0,3,4,0,0,0,0,4,4,4,0,4,2,1,1,3,2,1,3,1,4,1,0,4,4,3,1,1,2,4,3,3,1,0,1,4,0,3,2,4,1,4,4,1,0,4,4,4,4,3,3,1,3,3,3,3,4,4,4,2,1,4,3,4,1,4,0,3,4,2,4,3,4,0,2,2,2,3,2,4,4,2,0,4,3,4,1,4,0,3,4,3,0,4,4,2,4,0,4,1,1,4,2,3,4,0,4,4,2,3,1,4,3,3,3,2,4,2,4,4,3,4,4,4,2,0,4,4,2,0,1,4,2,2,0,4,4,4,2,4,0,1,4,3,4,2,3,2,2,2,4,2,2,1,4,2,4,4,2,4,2,4,2,4,3,4,3,4,0,1,4,0,4,3,4,4,4,4,2,4,0,4,0,0,3,4,3,2,1,1,2,4,1,4,3,4,3,4,4,3,2,3,1,4,3,3,3,1,1,4,4,2,3,4,2,1,4,2,0,3,4,0,4,4,3,3,2,0,2,4,4,4,3,2,4,0,4,1,4,0,2,3,4,0,4,0,4,0,0,0,2,0,4,4,0,2,1,2,4,1,4,4,0,3,2,1,4,1,3,3,1,1,3,0,1,1,2,4,4,4,2,0,3,4,2,4,2,3,1,2,3,3,2,4,4,2,3,4,2,2,4,2,3,4,2,1,4,3,4,2,4,4,0,4,0,4,2,4,3,4,4,2,3,0,2,4,2,4,0,0,3,4,2,4,2,4,4,2,4,4,4,4,4,1,3,4,0,4,3,4,1,2,2,2,0,1,4,0,4,0,4,4,3,0,3,2,2,0,4,2,4,0,4,3,2,2,2,0,2,2,2,3,0,0,4,3,4,2,2,0,3,4,4,3,4,4,3,2,3,4,2,4,2,1,2,2,4,4,4,4,4,0,4,2,2,3,2,2,2,4,4,0,0,0,0,3,3,1,1,2,2,4,4,3,4,4,1,4,1,2,4,2,2,4,2,2,0,3,2,2,2,2,2,1,4,2,1,2,3,4,4,2,3,4,2,2,4,3,3,4,4,2,2,3,4,4,2,2,4,2,4,4,4,4,1,2,4,2,3,0,2,4,2,2,4,2,2,2,3,2,2,4,4,0,0,3,4,0,4,4,2,1,4,2,3,2,3,4,4,3,4,0,1,4,4,2,4,4,2,2,4,4,1,0,0,2,4,0,1,4,2,4,4,2,4,2,2,4,3,1,4,1,2,2,2,4,2,2,4,4,2,0,1,1,2,3,0,4,1,3,4,4,2,2,0,4,2,2,4,4,1,3,2,4,0,4,2,4,4,4,1,3,0,0,4,2,2,4,2,4,2,2,4,1,4,3,0,0,4,4,2,3,4,4,0,2,2,4,0,4,4,2,2,4,3,4,0,2,2,1,4,1,2,4,3,2,4,2,2,3,2,1,2,0,4,2,2,2,2,4,4,1,1,3,2,4,4,2,0,2,2,4,4,4,4,2,4,3,0,4,2,2,2,2,4,2,1,4,4,4,2,2,0,4,4,1,0,4,2,4,3,2,3,4,3,4,1,4,4,3,4,4,4,4,2,0,4,3,4,4,0,4,4,3,2,1,4,2,0,0,3,4,4,4,4,4,4,3,4,4,3,1,2,1,4,2,3,2,4,4,1,4,3,4,3,0,4,3,3,2,4,2,0,4,0,0,0,4,4,2,4,2,4,2,3,0,0,0,4,3,0,1,0,4,2,2,2,2,2,0,3,4,1,2,4,2,1,0,4,4,4,4,2,4,3,2,2,1,0,3,2,1,1,4,2,3,2,0,0,3,1,3,2,2,1,2,1,4,4,4,4,4,4,4,3,4,3,4,1,4,0,1,1,2,4,4,0,4,0,3,3,4,4,4,4,4,4,4,4,4,1,3,4,4,4,1,2,0,2,3,2,3,3,1,3,4,4,4,4,4,4,1,1,2,2,1,4,2,0,2,0,2,2,3,2,4,4,4,0,0,2,0,2,2,2,4,3,1,2,2,2,2,3,4,0,2,4,4,4,4,3,4,2,1,4,4,2,1,1,3,4,4,1,1,0,0,4,4,2,2,4,3,3,0,2,2,4,0,2,4,4,2,2,0,4,4,2,1,4,4,4,4,2,4,3,0,4,2,0,2,4,0,4,2,4,4,2,0,2,2,1,3,3,1,3,3,2,2,4,4,4,4,2,3,2,2,4,3,4,0,1,2,2,4,0,4,0,2,2,3,4,2,1,2,3,2,3,2,2,4,2,0,3,4,2,1,2,2,2,4,4,3,4,4,4,3,3,2,4,4,4,4,2,4,2,4,3,0,2,4,2,2,3,1,0,3,3,3,3,4,2,4,3,4,4,3,2,1,1,2,0,2,4,4,3,2,0,3,4,3,2,1,4,2,1,4,4,1,1,4,4,0,2,4,0,4,4,4,4,2,4,4,3,4,0,2,1,1,1,2,3,4,2,2,2,4,2,0,2,1,1,4,2,0,3,3,4,4,3,2,3,3,1,1,3,2,1,4,2,4,4,4,4,1,2,2,4,0,0,4,4,2,4,0,4,3,2,4,2,4,0,3,0,4,1,4,4,1,1,4,3,2,1,2,3,3,4,4,0,1,1,3,4,2,4,4,0,2,2,4,2,2,2,2,4,4,2,2,4,1,3,2,2,2,2,2,2,1]",ok,
37,uniform,5,0.1,0.30157795900482914,19,"fused_3_low+fused_4_high, fused_1_low, fused_2_medium+fused_3_low+fused_4_veryhigh+fused_5_low, fused_5_veryhigh, fused_2_veryhigh, fused_5_high, fused_1_medium+fused_3_low, fused_1_high+fused_2_medium+fused_3_low+fused_5_low, fused_2_medium+fused_4_high, fused_1_high+fused_3_medium, fused_2_high, fused_2_medium+fused_5_medium, fused_1_high+fused_2_medium+fused_3_low+fused_4_veryhigh, fused_3_low+fused_5_medium, fused_1_high+fused_5_medium, fused_3_medium+fused_4_veryhigh+fused_5_medium, fused_1_medium+fused_2_medium+fused_3_medium+fused_4_veryhigh+fused_5_low, fused_2_low+fused_3_medium+fused_4_veryhigh, fused_1_high+fused_2_medium+fused_4_veryhigh+fused_5_low","[206, 321, 152, 912, 208]",0.9,0.2,2.0,"{""fused_1"":0.5807348649199998,""fused_2"":0.16314107860478083,""fused_3"":0.5028883968093869,""fused_4"":0.4675063821814365,""fused_5"":0.3737171600603863}","{""fused_3_low+fused_4_high"":0.7353903354391471,""fused_1_low"":0.7177582652172102,""fused_2_medium+fused_3_low+fused_4_veryhigh+fused_5_low"":0.6674905244200873,""fused_5_veryhigh"":0.5829068558915333,""fused_2_veryhigh"":0.5692705434370482,""fused_5_high"":0.7281093672050165,""fused_1_medium+fused_3_low"":0.7292972645766532,""fused_1_high+fused_2_medium+fused_3_low+fused_5_low"":0.6515055415826215,""fused_2_medium+fused_4_high"":0.6597954014484716,""fused_1_high+fused_3_medium"":0.726793557815222,""fused_2_high"":0.7147835363318885,""fused_2_medium+fused_5_medium"":0.6574806806066051,""fused_1_high+fused_2_medium+fused_3_low+fused_4_veryhigh"":0.6256656600690146,""fused_3_low+fused_5_medium"":0.5949782693866821,""fused_1_high+fused_5_medium"":0.6553153820689561,""fused_3_medium+fused_4_veryhigh+fused_5_medium"":0.5776315729799593,""fused_1_medium+fused_2_medium+fused_3_medium+fused_4_veryhigh+fused_5_low"":0.6187047901858459,""fused_2_low+fused_3_medium+fused_4_veryhigh"":0.6731665665081601,""fused_1_high+fused_2_medium+fused_4_veryhigh+fused_5_low"":0.6241336130322646}","{""fused_1"":0.11749987767633738,""fused_2"":0.4182654434680477,""fused_3"":0.13568870553270754,""fused_4"":0.14595795520926638,""fused_5"":0.182588018113641}","{""fused_3_low+fused_4_high"":0.0468022509019341,""fused_1_low"":0.047951970263504784,""fused_2_medium+fused_3_low+fused_4_veryhigh+fused_5_low"":0.05156316341716248,""fused_5_veryhigh"":0.0590453219793402,""fused_2_veryhigh"":0.06045969422952672,""fused_5_high"":0.04727026534791065,""fused_1_medium+fused_3_low"":0.04719327037385717,""fused_1_high+fused_2_medium+fused_3_low+fused_5_low"":0.052828288929781406,""fused_2_medium+fused_4_high"":0.05216453905941386,""fused_1_high+fused_3_medium"":0.04735584488880508,""fused_2_high"":0.04815153293360062,""fused_2_medium+fused_5_medium"":0.052348189087967976,""fused_1_high+fused_2_medium+fused_3_low+fused_4_veryhigh"":0.055010087953818565,""fused_3_low+fused_5_medium"":0.05784736142642531,""fused_1_high+fused_5_medium"":0.052521158409888795,""fused_3_medium+fused_4_veryhigh+fused_5_medium"":0.059584559778339125,""fused_1_medium+fused_2_medium+fused_3_medium+fused_4_veryhigh+fused_5_low"":0.05562899065278293,""fused_2_low+fused_3_medium+fused_4_veryhigh"":0.05112839036052042,""fused_1_high+fused_2_medium+fused_4_veryhigh+fused_5_low"":0.05514512000541975}","{""fused_1"":0.5874993883816869,""fused_2"":2.091327217340239,""fused_3"":0.6784435276635377,""fused_4"":0.7297897760463319,""fused_5"":0.912940090568205}","{""fused_3_low+fused_4_high"":0.8892427671367479,""fused_1_low"":0.911087435006591,""fused_2_medium+fused_3_low+fused_4_veryhigh+fused_5_low"":0.9797001049260872,""fused_5_veryhigh"":1.1218611176074638,""fused_2_veryhigh"":1.1487341903610075,""fused_5_high"":0.8981350416103023,""fused_1_medium+fused_3_low"":0.8966721371032862,""fused_1_high+fused_2_medium+fused_3_low+fused_5_low"":1.0037374896658466,""fused_2_medium+fused_4_high"":0.9911262421288634,""fused_1_high+fused_3_medium"":0.8997610528872965,""fused_2_high"":0.9148791257384117,""fused_2_medium+fused_5_medium"":0.9946155926713915,""fused_1_high+fused_2_medium+fused_3_low+fused_4_veryhigh"":1.0451916711225526,""fused_3_low+fused_5_medium"":1.0990998671020809,""fused_1_high+fused_5_medium"":0.9979020097878871,""fused_3_medium+fused_4_veryhigh+fused_5_medium"":1.1321066357884433,""fused_1_medium+fused_2_medium+fused_3_medium+fused_4_veryhigh+fused_5_low"":1.0569508224028756,""fused_2_low+fused_3_medium+fused_4_veryhigh"":0.971439416849888,""fused_1_high+fused_2_medium+fused_4_veryhigh+fused_5_low"":1.047757280102975}",0.26814916771688474,0.12117843246247915,"[4,3,4,3,3,0,4,1,4,0,1,3,1,3,3,0,2,4,3,3,3,3,4,3,3,4,0,2,2,3,4,2,4,3,4,2,3,2,3,3,3,2,3,3,3,4,4,4,3,1,3,1,3,0,3,4,3,3,0,2,3,3,3,3,3,3,3,2,4,4,3,4,4,0,4,4,3,0,0,4,0,4,2,4,3,3,4,4,3,4,4,0,3,3,0,0,1,3,3,3,3,1,3,3,3,1,3,3,0,3,0,3,0,3,3,4,3,0,3,4,3,2,0,3,3,4,4,1,3,3,4,4,4,2,3,3,3,4,3,4,0,3,1,3,3,4,0,3,3,0,2,3,3,3,4,4,0,3,0,3,4,1,3,3,3,3,3,3,3,3,3,3,3,2,3,4,3,0,1,3,3,3,4,3,1,2,0,3,4,0,3,4,4,0,2,2,4,3,2,3,4,0,3,0,1,3,3,1,3,3,2,3,4,3,3,2,3,0,3,4,3,4,4,4,4,2,3,3,3,4,4,3,0,3,0,2,3,2,3,3,0,3,3,0,3,3,3,4,0,1,1,4,0,3,3,3,2,3,4,3,3,2,4,4,2,3,3,3,0,3,0,4,4,3,1,3,3,3,4,3,3,3,0,4,3,3,3,3,3,1,3,2,3,3,3,4,4,2,4,3,3,3,3,3,3,0,3,0,2,2,1,3,2,4,4,2,0,4,3,4,4,4,1,3,0,3,3,3,0,3,3,1,3,3,0,0,2,4,0,3,0,3,3,3,3,3,3,3,2,3,3,3,3,3,3,4,3,3,3,3,3,3,4,4,3,0,3,3,3,3,3,2,4,2,3,0,3,3,2,4,3,3,4,4,2,3,2,3,3,3,4,3,1,4,0,4,2,3,3,3,4,3,0,3,0,3,3,1,3,3,0,2,3,3,3,1,3,4,3,3,2,1,0,4,3,4,3,3,3,4,3,3,1,1,4,3,4,3,3,2,3,3,1,3,1,2,2,3,3,0,1,3,1,0,3,1,3,3,4,3,2,3,0,0,3,3,0,3,3,4,3,3,2,3,2,1,3,4,3,3,3,0,3,3,0,4,1,1,3,3,2,0,4,4,3,2,2,1,2,1,3,3,3,3,3,3,3,3,2,3,3,3,3,3,3,4,2,4,3,3,3,3,3,3,2,4,3,2,4,3,3,3,2,4,3,4,2,3,3,3,4,2,1,3,3,1,3,0,3,3,3,1,0,3,0,3,1,3,3,4,4,3,3,0,0,3,3,4,3,0,2,4,3,4,0,1,3,3,0,3,3,1,3,1,0,3,3,4,3,0,3,4,2,3,3,3,4,3,3,0,3,3,4,4,3,3,3,3,3,3,3,3,3,1,2,2,4,1,2,0,2,3,3,3,3,4,4,3,3,1,3,3,4,2,3,2,0,3,4,1,3,2,3,3,2,3,3,3,3,3,0,4,2,0,0,0,0,3,3,3,1,2,3,4,3,3,3,3,4,3,1,3,0,3,3,1,3,1,0,1,3,3,1,3,3,4,3,2,3,3,4,3,4,3,3,3,1,3,3,3,2,3,3,1,4,3,3,3,3,1,4,2,3,4,0,4,1,3,0,3,3,4,3,3,3,1,3,3,3,1,3,3,3,1,1,3,3,3,3,1,3,3,2,3,0,3,1,3,1,1,0,3,0,1,2,3,1,3,3,1,3,1,3,1,3,3,3,0,3,3,3,3,3,3,0,3,3,3,3,1,3,3,3,3,3,4,3,0,1,3,2,1,3,2,0,4,3,4,3,3,3,1,3,3,3,3,0,3,3,2,3,3,1,0,3,1,2,3,1,3,4,3,3,3,3,4,0,0,3,1,3,3,3,4,1,3,3,3,3,3,3,1,3,3,3,3,3,0,3,3,3,1,3,3,0,3,1,2,1,3,2,3,3,3,4,1,2,3,2,4,4,2,2,0,3,2,2,1,3,3,3,1,3,0,3,1,3,0,4,2,3,0,4,1,3,0,1,3,3,1,1,3,1,4,3,1,2,3,4,3,0,3,3,3,3,3,3,1,0,0,3,3,1,4,3,1,3,0,3,3,3,0,3,1,4,1,3,0,1,3,3,3,3,3,2,4,3,3,3,4,0,2,1,0,0,3,3,3,3,0,3,3,3,0,3,4,1,1,3,3,1,3,3,0,0,1,1,1,3,1,1,1,4,3,3,3,0,3,3,1,3,4,0,3,4,0,3,4,1,4,3,1,3,1,3,0,1,3,3,3,3,3,3,3,1,1,4,0,1,1,3,0,3,3,3,3,0,4,3,3,1,1,3,3,4,3,3,2,3,3,1,3,1,1,0,0,0,3,3,1,1,1,1,1,2,3,1,2,1,0,4,3,1,0,3,0,1,3,4,4,3,3,0,1,0,3,3,1,1,3,1,3,3,3,0,3,1,3,1,4,3,1,3,1,1,3,1,1,1,0,1,1,3,3,3,3,0,3,3,3,3,1,3,3,3,3,1,0,3,3,3,3,3,2,3,3,1,3,3,1,1,3,3,2,3,3,1,3,3,2,3,0,3,3,1,0,0,1,4,0,2,3,3,1,1,1,3,1,1,3,0,1,3,3,3,0,0,3,3,2,4,3,3,1,1,3,0,1,1,3,3,2,0,1,3,3,3,1,3,3,3,3,3,3,3,3,1,1,3,1,3,1,1,4,2,3,4,3,3,3,3,1,3,3,0,3,1,1,3,3,3,3,1,1,3,4,3,3,1,1,3,3,3,1,3,0,1,3,1,1,4,1,3,1,3,3,1,1,1,1,3,3,2,3,0,1,3,3,1,3,1,1,3,3,3,3,1,3,4,3,0,1,1,1,1,3,1,2,3,3,3,1,1,3,3,3,2,3,3,1,3,3,1,3,3,3,3,3,3,0,4,3,3,3,3,1,3,3,4,3,3,3,3,3,4,1,3,3,1,3,3,4,3,3,3,3,3,3,4,0,3,0,2,1,2,0,1,4,1,0,3,2,3,3,3,4,3,3,4,4,1,3,1,3,3,3,3,3,3,3,1,3,1,3,1,3,3,3,3,3,4,3,2,3,3,1,1,1,1,1,3,4,3,2,1,0,1,3,3,3,3,3,3,1,3,0,1,1,2,3,4,1,2,2,3,0,0,1,3,3,4,2,3,1,1,2,0,2,0,3,3,3,0,3,3,0,3,3,3,2,3,3,2,2,1,3,3,3,3,3,4,0,3,3,3,3,3,3,3,3,3,2,0,3,3,3,3,1,3,1,0,1,4,0,2,0,3,3,0,3,3,3,2,2,1,1,3,3,1,3,1,3,1,1,4,1,3,3,3,3,3,1,3,1,1,1,3,3,3,1,1,1,1,4,3,3,1,3,3,3,4,4,3,1,2,3,3,0,2,2,4,3,3,2,2,3,3,3,3,1,1,0,4,0,3,1,1,3,3,1,3,3,1,1,3,3,3,1,2,3,0,3,0,1,3,0,3,3,1,3,1,3,3,3,1,3,3,1,3,1,1,2,4,4,2,0,0,1,1,3,0,3,3,1,0,1,1,3,4,3,3,2,1,1,3,3,0,3,1,1,4,3,1,2,1,4,0,0,1,0,3,1,3,3,3,1,2,0,1,1,3,3,4,3,3,3,4,4,1,3,0,3,3,1,3,0,0,4,3,1,3,0,1,4,2,3,3,0,4,0,3,3,0,0,3,3,0,1,3,2,1,3,1,3,3,4,1,3,4,3,3,1,3,3,1,2,4,3,2,2,3,3,3,1,3,3,3,3,3,3,1,3,3,0,3,3,1,2,2,2,1,4,3,1,1,0,3,1,3,1,2,2,3,1,3,4,0,3,3,0,1,0,0,2,2,0,1,2,0,1,3,3,3,3,2,1,3,3,3,3,3,3,1,3,3,3,4,1,3,1,3,3,3,3,3,2,3,3,2,2,0,4,1,3,1,4,0,3,3,3,3,2,0,3,1,0,3,3,1,1,3,1,1,0,1,3,3,1,1,3,3,4,1,0,1,1,1,0,3]",ok,
38,uniform,7,1.0,0.42748573683993574,0,,[],,,,,,,,,,,,,baseline_no_features,
39,uniform,7,0.95,0.42748573683993574,0,,[],,,,,,,,,,,,,baseline_no_features,
40,uniform,7,0.9,0.42748573683993574,0,,[],,,,,,,,,,,,,baseline_no_features,
41,uniform,7,0.85,0.42748573683993574,0,,[],,,,,,,,,,,,,baseline_no_features,
42,uniform,7,0.8,0.42748573683993574,0,,[],,,,,,,,,,,,,baseline_no_features,
43,uniform,7,0.75,0.42748573683993574,0,,[],,,,,,,,,,,,,baseline_no_features,
44,uniform,7,0.7,0.42748573683993574,0,,[],,,,,,,,,,,,,baseline_no_features,
45,uniform,7,0.65,0.42748573683993574,0,,[],,,,,,,,,,,,,baseline_no_features,
46,uniform,7,0.6,0.42748573683993574,0,,[],,,,,,,,,,,,,baseline_no_features,
47,uniform,7,0.55,0.42748573683993574,0,,[],,,,,,,,,,,,,baseline_no_features,
48,uniform,7,0.5,0.495659700897257,1,fused_4_veryhigh,"[119, 348, 411, 809, 112]",0.5,0.3,2.0,"{""fused_1"":0.6935969455604524,""fused_2"":0.2890562900394019,""fused_3"":0.43292423246044986,""fused_4"":0.4421184228525011,""fused_5"":0.22227849051630433}","{""fused_4_veryhigh"":0.48420586173905644}","{""fused_1"":0.10319020130047063,""fused_2"":0.24760716476371594,""fused_3"":0.16532317451255912,""fused_4"":0.16188515278779175,""fused_5"":0.3219943066354626}","{""fused_4_veryhigh"":1.0}","{""fused_1"":0.5159510065023531,""fused_2"":1.2380358238185798,""fused_3"":0.8266158725627957,""fused_4"":0.8094257639389588,""fused_5"":1.6099715331773128}","{""fused_4_veryhigh"":1.0}",0.22637333114545274,0.05614230127848805,"[4,2,4,0,3,3,4,1,4,3,1,2,1,2,2,2,2,3,0,0,2,3,0,0,2,4,3,3,3,3,4,3,4,3,4,3,3,3,2,2,2,3,2,3,2,4,4,4,3,1,3,1,3,3,3,2,2,2,2,3,2,0,0,2,3,2,3,3,4,4,2,2,4,3,0,4,2,3,3,4,3,2,3,3,2,4,0,4,3,0,2,3,3,2,3,3,1,2,3,2,3,1,3,3,2,1,3,2,3,0,3,1,2,2,2,2,3,3,3,4,2,3,3,3,2,2,2,1,2,3,3,2,2,3,2,3,2,2,2,0,3,3,1,0,4,4,2,3,2,3,3,3,2,0,4,4,3,0,3,3,4,1,3,3,3,0,3,3,3,2,3,3,0,3,3,3,3,1,1,3,2,0,2,0,1,3,2,2,2,3,0,4,2,2,3,3,4,0,3,3,2,3,2,3,1,3,3,1,3,0,3,2,3,0,2,3,3,3,2,4,3,2,4,2,0,3,0,3,3,2,0,3,3,3,3,3,3,3,3,3,3,3,0,3,3,2,3,3,3,1,1,2,3,0,0,2,3,3,2,3,3,3,0,4,3,2,2,3,2,3,3,4,3,3,1,0,3,2,4,3,3,2,3,3,3,0,3,3,2,1,3,2,2,2,3,2,3,3,2,0,3,3,3,0,3,3,3,2,3,3,1,0,3,3,2,3,3,4,3,2,2,2,1,2,3,0,3,3,3,2,3,1,3,3,3,3,3,3,3,3,3,3,2,2,3,3,2,3,3,3,2,3,3,3,3,2,3,3,2,2,3,2,4,3,3,3,3,3,3,2,2,3,4,3,3,3,2,3,3,4,2,3,4,2,3,4,3,3,3,3,4,2,1,3,2,4,3,3,3,3,2,2,3,3,3,3,2,1,2,3,3,3,3,2,0,1,2,3,3,3,3,1,2,4,3,0,3,3,3,2,3,3,1,1,4,3,4,3,2,2,2,3,1,2,1,3,3,3,3,3,1,2,1,3,3,1,3,3,3,3,3,2,2,3,0,3,3,2,2,3,2,2,3,0,3,1,3,4,3,0,0,2,2,2,3,2,1,1,0,3,3,2,4,4,0,3,3,1,3,1,2,3,2,3,3,2,3,3,3,3,2,3,2,2,3,2,3,3,2,3,0,2,2,3,3,3,3,3,3,3,3,4,3,4,3,4,3,2,3,3,4,3,1,3,2,1,3,2,4,4,2,1,3,0,2,0,1,0,3,4,3,3,2,3,3,3,4,3,2,3,3,3,1,4,2,1,3,3,3,4,2,1,2,1,3,2,2,2,3,2,3,4,3,3,2,4,3,3,2,3,0,2,2,4,3,3,2,2,3,0,0,2,2,1,3,3,4,1,3,3,2,2,3,3,0,4,2,3,3,1,3,3,2,3,2,3,3,3,0,1,2,2,3,3,3,3,0,2,2,2,3,4,3,3,2,3,3,0,3,3,1,3,4,2,3,3,3,2,0,0,1,2,2,0,3,1,1,1,2,1,4,3,1,2,0,3,3,3,2,2,3,3,2,2,3,0,1,0,2,3,3,3,3,1,4,0,3,3,3,1,2,3,3,2,2,2,1,0,3,2,2,4,0,2,2,1,3,2,3,1,2,3,2,1,1,3,2,2,2,1,3,3,3,2,2,4,1,3,1,1,1,3,1,1,3,2,1,3,3,1,2,1,2,1,2,3,3,3,2,3,3,3,3,0,3,3,3,2,2,1,3,3,2,2,2,4,3,3,1,3,2,1,2,3,3,2,3,2,0,3,3,1,4,3,3,4,3,3,3,2,2,0,1,3,4,1,3,2,1,2,2,0,2,3,3,2,3,1,3,1,3,3,0,2,1,3,3,0,3,0,3,1,2,2,3,2,3,3,3,2,3,1,3,3,3,2,1,3,1,3,3,0,2,3,2,1,3,3,3,4,2,2,3,3,2,3,2,1,0,3,2,1,3,3,3,1,3,1,2,3,1,2,3,1,2,3,1,2,2,1,1,3,1,3,3,1,3,3,2,2,2,3,3,3,2,3,3,1,3,2,2,0,1,2,2,1,0,1,3,2,3,3,3,1,4,1,3,3,1,2,3,3,2,3,3,2,3,3,3,2,3,3,1,1,1,2,3,3,3,3,2,2,3,3,3,2,1,1,2,2,1,3,2,3,3,1,1,1,2,1,1,1,4,2,3,3,3,3,1,1,3,4,3,3,2,2,3,2,1,2,2,1,3,1,3,1,1,3,2,2,2,3,2,3,1,1,4,1,1,1,4,3,2,2,3,3,3,0,3,3,1,1,3,3,2,3,3,3,3,3,1,2,1,1,3,2,1,2,2,1,1,1,1,1,3,2,1,3,1,3,4,3,1,3,3,3,1,3,2,4,0,3,1,1,3,3,3,1,1,3,1,4,3,4,2,3,1,3,1,2,3,1,3,1,1,2,1,1,1,3,1,1,2,0,3,3,3,2,3,2,3,1,3,3,1,2,1,3,3,2,3,3,3,3,3,2,1,0,2,1,1,0,2,3,3,2,1,3,2,3,3,2,3,2,1,2,1,1,4,2,2,3,3,1,1,1,3,1,1,3,3,1,2,3,3,3,3,3,0,3,3,3,2,1,1,3,3,1,1,0,3,3,3,1,3,3,3,1,3,0,3,3,4,2,3,0,1,1,3,1,3,1,1,4,3,2,2,3,3,2,2,1,3,2,3,2,1,1,3,3,0,2,1,1,3,2,3,3,1,1,3,0,3,1,3,3,1,3,1,1,4,1,3,1,2,2,1,1,1,1,3,3,2,3,3,1,3,0,1,2,1,1,3,3,2,2,1,3,3,2,3,1,1,1,1,3,1,3,3,3,3,1,1,3,3,2,2,3,3,1,3,3,1,3,3,3,3,3,3,3,2,2,0,3,0,1,3,3,4,3,3,2,3,3,2,1,3,2,1,2,3,4,2,3,3,4,3,2,2,3,3,3,3,1,3,2,1,4,1,3,3,3,2,0,3,3,2,3,0,4,1,3,1,3,0,2,2,3,2,3,1,2,1,4,1,4,3,2,3,0,4,3,3,3,2,1,1,1,1,1,2,4,3,2,1,2,1,3,3,0,3,2,2,1,3,3,1,1,3,2,0,1,3,2,0,3,2,1,3,3,4,2,0,1,1,3,2,3,3,3,0,4,3,3,3,3,3,2,2,3,3,3,3,3,1,0,3,3,2,3,3,3,2,0,0,2,0,3,3,3,3,3,2,3,2,3,3,1,3,1,3,1,4,3,2,3,3,0,3,0,3,0,3,3,1,1,3,3,1,2,1,3,1,1,4,1,3,3,2,3,2,1,2,1,1,1,3,2,3,1,1,1,1,4,3,2,1,3,3,0,4,4,4,1,2,2,2,2,3,3,2,2,0,3,3,2,3,2,3,1,1,3,0,3,3,1,1,3,3,1,2,3,1,1,2,3,3,1,3,0,3,2,2,1,3,3,3,2,1,3,1,0,2,3,1,3,2,1,3,1,1,3,4,2,3,3,3,1,1,3,3,3,3,1,3,1,1,3,4,0,2,3,1,1,0,3,3,3,1,1,3,0,1,3,1,4,1,2,1,1,3,1,2,3,4,1,3,1,1,1,3,2,0,3,3,3,3,4,1,3,3,2,3,1,3,1,3,3,2,1,3,3,1,4,3,2,4,3,2,3,3,1,3,3,2,3,3,1,3,3,1,3,1,3,2,4,1,2,3,2,0,1,3,3,1,3,4,2,3,3,2,2,3,1,2,3,2,0,3,2,1,3,3,3,3,3,1,3,3,3,1,4,0,1,1,1,3,1,2,1,3,3,2,1,2,0,2,2,3,3,1,3,3,3,2,3,1,3,3,1,3,3,2,3,3,1,1,3,2,2,3,0,1,3,2,3,2,1,2,1,2,3,4,3,3,3,3,2,2,3,3,2,1,3,1,2,3,3,3,2,3,3,3,3,1,2,3,3,1,1,3,1,1,1,1,3,3,1,1,3,3,2,1,2,1,1,1,2,3]",ok,
49,uniform,7,0.45,0.495659700897257,1,fused_4_veryhigh,"[119, 348, 411, 809, 112]",0.5,0.3,2.0,"{""fused_1"":0.6935969455604524,""fused_2"":0.2890562900394019,""fused_3"":0.43292423246044986,""fused_4"":0.4421184228525011,""fused_5"":0.22227849051630433}","{""fused_4_veryhigh"":0.48420586173905644}","{""fused_1"":0.10319020130047063,""fused_2"":0.24760716476371594,""fused_3"":0.16532317451255912,""fused_4"":0.16188515278779175,""fused_5"":0.3219943066354626}","{""fused_4_veryhigh"":1.0}","{""fused_1"":0.5159510065023531,""fused_2"":1.2380358238185798,""fused_3"":0.8266158725627957,""fused_4"":0.8094257639389588,""fused_5"":1.6099715331773128}","{""fused_4_veryhigh"":1.0}",0.22637333114545274,0.05614230127848805,"[4,2,4,0,3,3,4,1,4,3,1,2,1,2,2,2,2,3,0,0,2,3,0,0,2,4,3,3,3,3,4,3,4,3,4,3,3,3,2,2,2,3,2,3,2,4,4,4,3,1,3,1,3,3,3,2,2,2,2,3,2,0,0,2,3,2,3,3,4,4,2,2,4,3,0,4,2,3,3,4,3,2,3,3,2,4,0,4,3,0,2,3,3,2,3,3,1,2,3,2,3,1,3,3,2,1,3,2,3,0,3,1,2,2,2,2,3,3,3,4,2,3,3,3,2,2,2,1,2,3,3,2,2,3,2,3,2,2,2,0,3,3,1,0,4,4,2,3,2,3,3,3,2,0,4,4,3,0,3,3,4,1,3,3,3,0,3,3,3,2,3,3,0,3,3,3,3,1,1,3,2,0,2,0,1,3,2,2,2,3,0,4,2,2,3,3,4,0,3,3,2,3,2,3,1,3,3,1,3,0,3,2,3,0,2,3,3,3,2,4,3,2,4,2,0,3,0,3,3,2,0,3,3,3,3,3,3,3,3,3,3,3,0,3,3,2,3,3,3,1,1,2,3,0,0,2,3,3,2,3,3,3,0,4,3,2,2,3,2,3,3,4,3,3,1,0,3,2,4,3,3,2,3,3,3,0,3,3,2,1,3,2,2,2,3,2,3,3,2,0,3,3,3,0,3,3,3,2,3,3,1,0,3,3,2,3,3,4,3,2,2,2,1,2,3,0,3,3,3,2,3,1,3,3,3,3,3,3,3,3,3,3,2,2,3,3,2,3,3,3,2,3,3,3,3,2,3,3,2,2,3,2,4,3,3,3,3,3,3,2,2,3,4,3,3,3,2,3,3,4,2,3,4,2,3,4,3,3,3,3,4,2,1,3,2,4,3,3,3,3,2,2,3,3,3,3,2,1,2,3,3,3,3,2,0,1,2,3,3,3,3,1,2,4,3,0,3,3,3,2,3,3,1,1,4,3,4,3,2,2,2,3,1,2,1,3,3,3,3,3,1,2,1,3,3,1,3,3,3,3,3,2,2,3,0,3,3,2,2,3,2,2,3,0,3,1,3,4,3,0,0,2,2,2,3,2,1,1,0,3,3,2,4,4,0,3,3,1,3,1,2,3,2,3,3,2,3,3,3,3,2,3,2,2,3,2,3,3,2,3,0,2,2,3,3,3,3,3,3,3,3,4,3,4,3,4,3,2,3,3,4,3,1,3,2,1,3,2,4,4,2,1,3,0,2,0,1,0,3,4,3,3,2,3,3,3,4,3,2,3,3,3,1,4,2,1,3,3,3,4,2,1,2,1,3,2,2,2,3,2,3,4,3,3,2,4,3,3,2,3,0,2,2,4,3,3,2,2,3,0,0,2,2,1,3,3,4,1,3,3,2,2,3,3,0,4,2,3,3,1,3,3,2,3,2,3,3,3,0,1,2,2,3,3,3,3,0,2,2,2,3,4,3,3,2,3,3,0,3,3,1,3,4,2,3,3,3,2,0,0,1,2,2,0,3,1,1,1,2,1,4,3,1,2,0,3,3,3,2,2,3,3,2,2,3,0,1,0,2,3,3,3,3,1,4,0,3,3,3,1,2,3,3,2,2,2,1,0,3,2,2,4,0,2,2,1,3,2,3,1,2,3,2,1,1,3,2,2,2,1,3,3,3,2,2,4,1,3,1,1,1,3,1,1,3,2,1,3,3,1,2,1,2,1,2,3,3,3,2,3,3,3,3,0,3,3,3,2,2,1,3,3,2,2,2,4,3,3,1,3,2,1,2,3,3,2,3,2,0,3,3,1,4,3,3,4,3,3,3,2,2,0,1,3,4,1,3,2,1,2,2,0,2,3,3,2,3,1,3,1,3,3,0,2,1,3,3,0,3,0,3,1,2,2,3,2,3,3,3,2,3,1,3,3,3,2,1,3,1,3,3,0,2,3,2,1,3,3,3,4,2,2,3,3,2,3,2,1,0,3,2,1,3,3,3,1,3,1,2,3,1,2,3,1,2,3,1,2,2,1,1,3,1,3,3,1,3,3,2,2,2,3,3,3,2,3,3,1,3,2,2,0,1,2,2,1,0,1,3,2,3,3,3,1,4,1,3,3,1,2,3,3,2,3,3,2,3,3,3,2,3,3,1,1,1,2,3,3,3,3,2,2,3,3,3,2,1,1,2,2,1,3,2,3,3,1,1,1,2,1,1,1,4,2,3,3,3,3,1,1,3,4,3,3,2,2,3,2,1,2,2,1,3,1,3,1,1,3,2,2,2,3,2,3,1,1,4,1,1,1,4,3,2,2,3,3,3,0,3,3,1,1,3,3,2,3,3,3,3,3,1,2,1,1,3,2,1,2,2,1,1,1,1,1,3,2,1,3,1,3,4,3,1,3,3,3,1,3,2,4,0,3,1,1,3,3,3,1,1,3,1,4,3,4,2,3,1,3,1,2,3,1,3,1,1,2,1,1,1,3,1,1,2,0,3,3,3,2,3,2,3,1,3,3,1,2,1,3,3,2,3,3,3,3,3,2,1,0,2,1,1,0,2,3,3,2,1,3,2,3,3,2,3,2,1,2,1,1,4,2,2,3,3,1,1,1,3,1,1,3,3,1,2,3,3,3,3,3,0,3,3,3,2,1,1,3,3,1,1,0,3,3,3,1,3,3,3,1,3,0,3,3,4,2,3,0,1,1,3,1,3,1,1,4,3,2,2,3,3,2,2,1,3,2,3,2,1,1,3,3,0,2,1,1,3,2,3,3,1,1,3,0,3,1,3,3,1,3,1,1,4,1,3,1,2,2,1,1,1,1,3,3,2,3,3,1,3,0,1,2,1,1,3,3,2,2,1,3,3,2,3,1,1,1,1,3,1,3,3,3,3,1,1,3,3,2,2,3,3,1,3,3,1,3,3,3,3,3,3,3,2,2,0,3,0,1,3,3,4,3,3,2,3,3,2,1,3,2,1,2,3,4,2,3,3,4,3,2,2,3,3,3,3,1,3,2,1,4,1,3,3,3,2,0,3,3,2,3,0,4,1,3,1,3,0,2,2,3,2,3,1,2,1,4,1,4,3,2,3,0,4,3,3,3,2,1,1,1,1,1,2,4,3,2,1,2,1,3,3,0,3,2,2,1,3,3,1,1,3,2,0,1,3,2,0,3,2,1,3,3,4,2,0,1,1,3,2,3,3,3,0,4,3,3,3,3,3,2,2,3,3,3,3,3,1,0,3,3,2,3,3,3,2,0,0,2,0,3,3,3,3,3,2,3,2,3,3,1,3,1,3,1,4,3,2,3,3,0,3,0,3,0,3,3,1,1,3,3,1,2,1,3,1,1,4,1,3,3,2,3,2,1,2,1,1,1,3,2,3,1,1,1,1,4,3,2,1,3,3,0,4,4,4,1,2,2,2,2,3,3,2,2,0,3,3,2,3,2,3,1,1,3,0,3,3,1,1,3,3,1,2,3,1,1,2,3,3,1,3,0,3,2,2,1,3,3,3,2,1,3,1,0,2,3,1,3,2,1,3,1,1,3,4,2,3,3,3,1,1,3,3,3,3,1,3,1,1,3,4,0,2,3,1,1,0,3,3,3,1,1,3,0,1,3,1,4,1,2,1,1,3,1,2,3,4,1,3,1,1,1,3,2,0,3,3,3,3,4,1,3,3,2,3,1,3,1,3,3,2,1,3,3,1,4,3,2,4,3,2,3,3,1,3,3,2,3,3,1,3,3,1,3,1,3,2,4,1,2,3,2,0,1,3,3,1,3,4,2,3,3,2,2,3,1,2,3,2,0,3,2,1,3,3,3,3,3,1,3,3,3,1,4,0,1,1,1,3,1,2,1,3,3,2,1,2,0,2,2,3,3,1,3,3,3,2,3,1,3,3,1,3,3,2,3,3,1,1,3,2,2,3,0,1,3,2,3,2,1,2,1,2,3,4,3,3,3,3,2,2,3,3,2,1,3,1,2,3,3,3,2,3,3,3,3,1,2,3,3,1,1,3,1,1,1,1,3,3,1,1,3,3,2,1,2,1,1,1,2,3]",ok,
50,uniform,7,0.4,0.5779429973722443,2,"fused_4_veryhigh, fused_5_low","[453, 355, 253, 465, 273]",0.8,0.2,3.0,"{""fused_1"":0.6572678116871273,""fused_2"":0.45685483461890963,""fused_3"":0.5198282514597752,""fused_4"":0.3549730000564078,""fused_5"":0.49405914446753424}","{""fused_4_veryhigh"":0.6984592477582746,""fused_5_low"":0.6758708582616053}","{""fused_1"":0.17129030027220465,""fused_2"":0.20545411315389492,""fused_3"":0.19260786329617358,""fused_4"":0.23308068847719374,""fused_5"":0.1975670348005332}","{""fused_4_veryhigh"":0.4958907406763117,""fused_5_low"":0.5041092593236883}","{""fused_1"":0.8564515013610232,""fused_2"":1.0272705657694745,""fused_3"":0.9630393164808679,""fused_4"":1.1654034423859687,""fused_5"":0.987835174002666}","{""fused_4_veryhigh"":0.9917814813526235,""fused_5_low"":1.0082185186473767}",0.14982417731169856,0.0016675931072818232,"[2,2,2,3,0,3,4,1,2,0,1,0,1,4,4,4,4,0,2,2,4,0,3,3,4,2,3,0,3,0,2,0,2,0,2,0,0,0,4,2,4,3,4,0,4,2,2,3,3,1,3,1,0,0,0,2,4,4,4,0,4,2,3,4,3,4,3,0,2,2,4,4,2,3,3,2,4,3,3,2,3,4,0,0,4,3,3,2,0,3,2,3,0,4,0,0,1,4,0,2,0,1,3,0,4,1,0,4,0,2,0,1,4,2,4,4,0,0,3,4,4,0,0,0,4,2,4,1,4,0,3,2,4,0,4,3,4,4,4,3,3,0,1,3,2,2,2,0,4,3,0,3,2,2,2,2,3,2,3,3,2,1,0,0,3,3,0,0,0,4,3,0,3,3,0,3,3,1,1,3,2,2,4,3,1,0,2,2,2,0,3,2,2,2,0,0,2,3,0,0,4,3,4,3,1,3,0,1,0,2,0,2,0,3,4,0,0,0,4,2,0,2,2,2,3,0,3,3,3,2,3,0,0,0,3,0,0,0,0,0,0,3,3,0,0,4,0,3,3,1,1,4,0,2,3,4,3,0,2,3,3,3,3,2,0,4,4,3,4,0,0,3,0,3,1,3,3,2,3,3,3,4,3,3,0,2,0,0,4,1,0,4,4,2,0,4,3,0,2,3,0,3,0,2,0,0,3,4,3,0,1,3,0,0,4,0,3,3,0,4,4,2,1,4,0,2,0,3,0,4,3,1,0,3,3,3,3,3,3,3,0,3,4,4,3,0,4,3,3,0,4,0,3,3,0,2,0,3,4,2,0,4,2,3,0,0,0,3,3,2,4,0,2,0,0,3,4,0,3,2,2,0,2,4,0,2,0,3,0,3,2,4,1,3,4,2,3,0,3,3,4,4,3,3,0,3,4,1,2,0,0,0,3,4,3,1,4,3,0,0,0,1,2,3,0,3,0,0,0,2,0,0,1,1,2,0,3,0,2,4,2,0,1,4,1,0,0,3,0,3,1,2,1,3,3,1,0,3,3,3,0,4,2,3,2,3,3,4,4,0,4,4,0,3,0,1,0,3,3,2,2,2,4,2,3,2,1,1,2,0,0,2,2,3,2,0,0,1,3,1,4,0,4,0,0,4,0,0,0,0,4,0,4,4,0,2,0,0,4,3,3,2,4,0,0,0,0,0,0,3,0,3,0,0,0,2,0,2,0,0,2,0,1,3,4,1,3,2,2,2,4,1,0,2,2,3,1,2,0,2,3,0,2,0,3,3,2,0,4,0,0,0,1,2,4,1,0,3,3,3,2,1,4,1,3,4,2,2,0,4,0,2,0,3,4,3,0,3,4,3,3,2,2,2,0,0,4,4,0,3,2,4,4,1,0,3,2,1,0,3,2,4,0,0,3,2,2,0,0,1,0,0,2,0,4,0,3,3,3,1,4,2,3,0,0,3,2,2,4,2,3,2,0,3,4,0,0,3,0,3,1,0,3,2,0,3,0,4,2,3,1,4,4,3,0,1,1,1,2,1,2,3,1,2,3,3,3,0,4,4,3,3,4,4,3,2,1,3,2,3,0,0,3,1,2,2,3,0,0,1,2,0,0,2,2,2,1,3,3,2,4,2,3,4,4,1,3,4,0,1,4,3,4,1,1,0,4,4,4,1,0,3,0,4,2,3,1,0,1,1,1,3,1,1,0,4,1,3,0,1,4,1,4,1,2,3,3,3,1,3,0,3,0,3,3,0,3,4,4,1,3,3,2,4,4,3,0,0,1,0,4,1,4,0,3,2,0,2,2,3,0,1,3,0,0,2,3,3,3,4,2,2,1,0,2,1,0,4,1,4,2,3,2,3,0,4,3,1,0,1,3,0,3,4,1,0,3,2,3,2,0,1,4,4,0,4,0,0,0,4,3,1,0,0,3,4,1,0,1,3,0,2,4,3,4,1,0,3,0,3,4,4,0,3,4,0,4,1,3,0,2,1,3,3,3,1,0,1,4,0,1,2,3,1,2,3,1,2,2,1,1,0,1,3,0,1,0,0,2,2,2,3,0,0,4,0,0,1,0,2,4,3,1,2,2,1,2,1,3,4,3,0,3,1,2,1,0,3,1,2,0,3,4,3,0,2,0,0,3,2,0,0,1,1,1,4,0,3,3,3,4,4,0,3,0,2,1,1,4,4,1,0,4,3,3,1,1,1,4,1,1,1,3,4,0,3,0,0,1,1,3,2,3,3,4,2,3,4,1,4,4,1,0,1,3,1,1,3,4,4,4,0,4,0,1,1,2,1,1,1,2,3,4,4,0,0,3,3,0,3,1,1,3,3,4,3,3,0,0,0,1,2,1,1,3,1,1,4,2,1,1,1,1,1,0,2,1,0,1,3,3,0,1,3,3,3,1,0,4,2,2,0,1,1,0,3,3,1,1,0,1,4,0,2,2,3,1,0,1,4,3,1,3,1,1,4,1,1,1,3,1,1,4,3,3,0,3,4,3,2,3,1,0,3,1,2,1,0,3,2,3,0,0,0,3,4,1,3,4,1,1,3,4,3,3,4,1,3,4,0,3,1,3,4,1,2,1,1,2,4,4,0,0,1,1,1,3,1,1,0,3,1,4,3,3,3,3,3,3,0,3,0,4,1,1,3,3,1,1,2,0,0,3,1,0,3,0,1,0,2,0,0,3,4,3,3,1,1,0,1,0,1,1,3,0,2,2,0,0,2,4,1,3,4,3,4,1,1,3,0,2,4,1,1,0,4,3,3,1,1,0,2,0,1,3,0,1,0,1,1,3,1,0,1,4,1,1,1,1,1,3,0,2,0,0,1,0,3,1,4,1,1,3,3,2,2,1,3,0,4,0,1,1,1,1,0,1,0,3,0,3,1,1,3,3,4,4,0,3,1,0,3,1,3,3,3,3,0,0,3,4,4,2,3,2,1,3,0,2,3,0,4,0,3,4,1,3,2,1,4,0,3,4,0,3,3,3,4,2,3,3,3,0,1,0,4,1,3,1,3,0,0,4,3,0,3,2,3,2,2,1,0,1,0,3,4,4,0,4,0,1,2,1,2,1,2,3,4,3,3,3,0,0,3,4,1,1,1,1,1,4,2,3,4,1,2,1,0,3,3,0,4,2,1,3,3,1,1,3,4,3,1,3,4,3,3,2,1,3,0,3,4,3,1,1,3,2,0,3,0,3,2,3,3,0,3,0,2,4,3,3,3,0,0,1,3,0,0,4,0,3,3,4,3,2,4,2,0,3,0,0,0,2,3,4,0,0,1,0,1,0,1,3,3,4,3,3,2,3,2,0,3,0,0,1,1,0,0,1,4,1,0,1,1,2,1,3,3,4,3,4,1,2,1,1,1,3,4,0,1,1,1,1,3,0,2,1,0,0,3,3,3,3,1,2,4,4,1,3,0,2,4,2,3,3,4,3,2,0,1,1,0,2,3,0,1,1,3,0,1,4,3,1,1,4,0,3,1,0,3,3,4,2,1,0,0,3,4,1,0,1,2,4,0,1,0,2,1,0,1,1,3,3,2,0,3,0,1,1,3,3,0,0,1,3,1,1,0,2,2,2,0,1,1,2,3,3,3,1,1,3,3,1,0,1,2,1,4,1,1,3,1,4,3,2,1,0,1,1,1,0,4,3,3,3,3,0,3,1,3,3,2,0,1,0,1,3,0,4,1,0,3,1,2,3,4,2,0,4,3,3,1,0,0,4,0,0,1,0,0,1,3,1,0,2,3,1,2,3,2,3,1,3,0,1,0,2,4,0,3,4,2,3,1,4,3,4,3,0,4,1,0,0,3,3,0,1,0,0,0,1,3,2,1,1,1,3,1,4,1,3,0,4,1,4,3,4,4,3,0,1,3,0,0,4,3,1,0,3,1,0,0,2,3,0,1,1,0,2,4,3,3,1,0,4,3,4,1,4,1,2,3,2,0,3,0,3,4,4,0,3,4,1,0,1,4,3,0,3,4,0,0,3,0,1,2,3,0,1,1,3,1,1,1,1,3,3,1,1,3,0,2,1,1,1,1,1,1,0]",ok,
51,uniform,7,0.35,0.366393562839063,4,"fused_4_veryhigh, fused_5_low, fused_2_medium, fused_3_medium","[430, 350, 260, 348, 411]",0.8,0.8,5.0,"{""fused_1"":0.7774809298127157,""fused_2"":0.41085312596553947,""fused_3"":0.6332619629613372,""fused_4"":0.6987554720809218,""fused_5"":0.4813750004486127}","{""fused_4_veryhigh"":0.510632233861929,""fused_5_low"":0.37481881741326434,""fused_2_medium"":0.37545548191927347,""fused_3_medium"":0.3907228990660617}","{""fused_1"":0.18587758992614034,""fused_2"":0.21801070546181245,""fused_3"":0.19566070699489127,""fused_4"":0.19090537825840015,""fused_5"":0.2095456193587557}","{""fused_4_veryhigh"":0.23643569080624444,""fused_5_low"":0.2554375532040589,""fused_2_medium"":0.2553291971220743,""fused_3_medium"":0.25279755886762234}","{""fused_1"":0.9293879496307017,""fused_2"":1.0900535273090624,""fused_3"":0.9783035349744563,""fused_4"":0.9545268912920007,""fused_5"":1.0477280967937785}","{""fused_4_veryhigh"":0.9457427632249777,""fused_5_low"":1.0217502128162357,""fused_2_medium"":1.0213167884882972,""fused_3_medium"":1.0111902354704894}",0.17320185943731187,0.016120066703724293,"[4,3,4,3,0,2,4,1,4,0,1,3,1,4,4,3,3,0,4,4,4,4,4,4,3,4,3,0,2,0,4,0,4,0,4,0,0,0,4,2,0,2,3,3,0,4,4,4,2,1,2,1,0,0,0,4,0,4,0,0,4,4,3,0,2,0,2,0,4,4,0,0,4,2,3,4,3,3,2,4,2,4,0,3,4,4,4,4,0,3,2,3,3,0,3,0,1,0,0,4,0,1,3,0,4,1,4,4,0,4,3,1,3,3,4,4,0,3,4,4,3,0,0,3,0,4,4,1,4,3,4,4,4,0,4,4,3,4,0,4,2,4,1,4,4,4,3,0,0,2,0,3,4,4,4,4,3,4,2,4,4,1,0,3,4,3,0,0,4,4,2,0,4,2,3,4,3,1,1,2,4,4,0,4,1,0,2,3,2,0,4,4,4,2,0,0,4,3,0,3,4,3,0,2,1,2,0,1,0,4,0,3,4,4,4,0,0,3,4,4,0,2,4,4,4,0,4,2,2,4,3,0,0,0,2,3,0,0,0,0,0,2,3,0,3,0,4,4,2,1,1,0,0,4,3,0,2,0,3,3,2,2,4,4,0,0,0,3,0,0,3,4,4,2,1,4,2,4,4,2,2,0,2,4,0,4,4,0,0,1,4,0,3,2,0,4,4,0,3,3,0,3,0,4,0,3,2,0,2,0,1,3,0,4,4,0,2,4,3,4,3,4,1,4,0,4,0,3,0,4,4,1,3,4,2,3,2,4,2,3,3,2,3,4,2,0,0,2,2,0,0,0,2,3,0,2,0,2,0,2,3,0,4,4,0,0,3,4,2,2,4,0,4,3,0,3,4,3,2,4,3,3,4,4,0,4,0,2,0,2,4,0,1,2,0,4,2,0,2,4,3,0,3,4,0,2,4,1,2,0,0,0,4,3,3,1,0,4,0,3,0,1,3,4,0,4,4,0,4,4,0,0,1,1,4,0,4,0,3,0,3,0,1,4,1,3,0,4,0,2,1,3,1,2,3,1,0,2,4,2,0,0,2,3,4,3,3,4,0,3,4,0,0,3,0,1,0,4,2,4,4,2,0,4,2,2,1,1,4,4,0,2,4,3,4,3,0,1,2,1,0,0,3,0,4,3,3,0,0,0,0,0,4,0,0,4,0,4,0,2,3,2,4,0,0,3,3,0,4,2,0,4,0,4,0,4,0,2,0,3,4,3,1,3,4,1,2,3,4,4,4,1,3,4,2,3,1,3,3,4,3,0,3,0,2,2,4,3,0,0,0,4,1,4,0,1,4,2,3,3,3,1,0,1,3,4,3,3,0,3,0,4,0,2,4,4,4,3,0,2,4,2,4,4,0,3,4,0,0,4,4,3,4,1,3,2,4,1,0,2,2,3,0,0,3,4,3,0,0,1,0,0,4,3,0,0,3,2,4,1,4,2,4,0,0,2,4,4,4,3,2,4,0,3,0,3,0,4,4,2,1,0,3,2,0,2,0,0,4,3,1,4,3,3,0,1,1,1,2,1,4,3,1,2,4,4,4,0,4,0,4,2,0,0,3,4,1,4,2,4,0,0,4,1,4,4,4,3,0,1,4,3,0,2,3,4,1,4,3,2,0,4,4,3,0,1,2,4,0,1,0,2,4,1,1,0,0,4,3,1,3,2,0,4,3,4,1,3,1,1,1,2,1,1,0,0,1,4,3,1,4,1,3,1,4,3,2,3,1,2,0,2,4,3,3,0,2,4,4,1,2,3,3,3,4,4,3,0,1,0,0,1,0,3,2,4,0,2,4,4,0,1,3,0,3,4,3,3,3,0,2,4,1,3,3,1,0,4,1,3,2,3,2,4,3,0,3,1,4,1,2,3,4,4,1,0,3,4,2,4,0,1,0,4,0,3,0,0,0,0,4,1,0,0,2,0,1,0,1,4,0,4,4,2,4,1,0,2,0,4,0,0,0,2,4,3,0,1,4,3,2,1,2,3,2,1,3,1,3,3,1,2,3,1,4,2,1,3,3,1,1,0,1,4,3,1,3,3,2,4,3,2,3,4,3,0,0,1,0,2,3,4,1,4,2,1,4,1,2,0,2,3,3,1,4,1,4,3,1,3,3,2,0,4,3,2,0,4,2,3,3,3,1,1,1,0,0,4,2,3,0,4,0,3,0,2,1,1,0,0,1,0,0,2,2,1,1,1,0,1,1,1,4,4,0,2,3,3,1,1,2,4,3,2,0,3,2,4,1,4,3,1,3,1,2,1,1,2,4,0,4,0,0,0,1,1,4,1,1,1,4,3,0,0,4,4,2,4,0,2,1,1,2,2,0,4,2,0,0,0,1,3,1,1,3,3,1,4,3,1,1,1,1,1,0,2,1,0,1,3,4,0,1,3,3,3,1,0,4,4,3,3,1,1,3,2,2,1,1,3,1,4,3,4,3,2,1,0,1,3,2,1,2,1,1,3,1,1,1,3,1,1,0,3,2,0,3,4,4,3,2,1,0,4,1,3,1,3,2,4,3,4,0,3,4,0,1,4,0,1,1,4,3,2,2,4,1,2,0,0,4,3,3,0,1,3,1,1,4,3,0,3,0,1,1,1,2,1,1,3,3,1,3,2,2,3,2,4,3,0,4,4,3,1,1,4,2,1,1,4,0,3,2,1,0,2,0,1,0,4,3,0,3,0,2,3,1,1,3,1,3,1,1,4,0,2,2,0,0,4,4,1,3,3,3,0,1,1,4,0,4,0,1,1,0,4,3,3,1,1,0,4,0,1,2,3,1,0,1,1,4,1,0,1,0,1,1,1,1,1,2,0,2,0,0,1,0,4,1,0,1,1,2,4,3,2,1,2,4,0,0,1,1,1,1,0,1,0,3,0,3,1,1,2,2,0,3,3,2,1,3,3,1,3,2,3,3,0,4,3,0,0,4,4,4,1,2,0,4,2,0,4,0,2,0,1,2,2,1,0,0,4,0,4,2,4,2,3,4,2,2,3,0,1,0,3,1,4,1,3,0,0,4,3,3,4,3,3,4,4,1,3,1,0,4,0,0,0,3,3,1,3,1,4,1,3,2,0,2,4,4,0,3,2,3,1,1,1,1,1,0,4,2,0,1,2,1,0,3,4,0,4,2,1,2,2,1,1,2,4,4,1,2,0,3,3,3,1,2,0,4,3,3,1,1,2,2,0,3,3,4,4,3,2,3,3,3,3,3,2,4,2,0,0,1,4,3,0,4,0,4,3,0,3,4,0,4,0,2,3,3,0,2,2,3,0,0,1,4,1,0,1,3,3,0,2,4,4,3,4,0,4,0,0,1,1,0,3,1,4,1,4,1,1,4,1,2,4,4,2,0,1,4,1,1,1,2,3,0,1,1,1,1,4,0,2,1,4,3,3,4,4,4,1,2,4,0,3,2,3,3,0,4,2,2,0,2,4,3,1,1,0,4,3,0,1,1,2,0,1,4,3,1,1,0,3,2,1,0,3,2,4,2,1,3,0,2,3,1,0,1,4,0,0,1,0,4,1,0,1,1,2,4,3,0,3,3,1,1,4,2,0,3,1,2,1,1,3,4,3,2,0,1,1,4,4,3,2,1,1,4,4,1,0,1,4,1,0,1,1,2,1,0,3,4,1,0,1,1,1,4,0,4,2,2,2,4,4,1,4,3,4,3,1,0,1,2,4,0,1,0,3,1,4,2,0,4,3,4,3,4,1,0,3,4,0,0,1,0,0,1,4,1,3,3,4,1,2,4,4,3,1,2,3,1,3,4,0,0,2,4,4,2,1,0,2,4,4,3,0,1,0,3,2,2,0,1,0,0,0,1,4,4,1,1,1,4,1,0,1,2,0,0,1,4,3,0,0,3,0,1,2,3,0,0,3,1,0,2,1,3,3,2,3,0,1,1,4,2,4,4,3,1,0,0,2,0,1,3,1,2,2,4,4,3,0,2,0,0,0,3,4,1,3,1,4,2,3,3,0,0,0,2,0,1,2,2,0,1,1,2,1,1,1,1,2,3,1,1,2,0,2,1,3,1,1,1,3,0]",ok,
52,uniform,7,0.3,0.29367523850859234,7,"fused_4_veryhigh, fused_5_low, fused_2_medium, fused_3_medium, fused_3_low, fused_1_medium, fused_1_high","[745, 201, 125, 163, 565]",0.5,0.8,3.0,"{""fused_1"":0.4746342630689492,""fused_2"":0.5260539637392868,""fused_3"":0.5825997953377255,""fused_4"":0.6107782372366222,""fused_5"":0.4387209107851179}","{""fused_4_veryhigh"":0.3241549842082557,""fused_5_low"":0.5342299130125124,""fused_2_medium"":0.3426038171321589,""fused_3_medium"":0.16692369405250196,""fused_3_low"":0.3040469036487824,""fused_1_medium"":0.3840553518199745,""fused_1_high"":0.5776675557279424}","{""fused_1"":0.20946248933037973,""fused_2"":0.19896223686202333,""fused_3"":0.18906042929110195,""fused_4"":0.1846477527466638,""fused_5"":0.21786709176983118}","{""fused_4_veryhigh"":0.14608057656282492,""fused_5_low"":0.11379016451002798,""fused_2_medium"":0.1420930143597788,""fused_3_medium"":0.20356815127761443,""fused_3_low"":0.15083375177945216,""fused_1_medium"":0.13420599475239126,""fused_1_high"":0.1094283467579105}","{""fused_1"":1.0473124466518986,""fused_2"":0.9948111843101166,""fused_3"":0.9453021464555098,""fused_4"":0.923238763733319,""fused_5"":1.089335458849156}","{""fused_4_veryhigh"":1.0225640359397743,""fused_5_low"":0.7965311515701958,""fused_2_medium"":0.9946511005184516,""fused_3_medium"":1.424977058943301,""fused_3_low"":1.055836262456165,""fused_1_medium"":0.9394419632667388,""fused_1_high"":0.7659984273053735}",0.1411082877411634,0.0311284046692607,"[2,2,4,2,0,0,4,1,4,0,1,0,1,4,4,0,0,4,4,2,4,4,4,4,2,4,0,0,0,0,4,0,4,0,4,0,4,0,4,4,4,0,0,0,4,4,4,4,0,1,0,3,0,0,0,4,4,4,0,0,4,2,2,0,0,4,0,0,4,4,4,0,4,0,2,4,2,0,0,4,0,4,0,4,4,4,4,4,0,2,4,0,0,0,0,0,1,4,0,4,0,1,0,0,4,1,4,4,0,2,0,1,0,0,4,4,0,0,4,4,0,0,0,0,4,4,4,3,4,0,4,4,4,0,4,4,2,4,4,4,0,4,3,4,2,4,0,0,4,0,0,0,4,2,4,4,0,2,0,4,4,3,0,0,4,2,0,0,4,4,0,4,4,0,0,4,0,1,1,0,4,4,4,4,1,0,0,1,4,0,4,2,4,0,0,0,4,2,0,0,4,0,0,0,1,4,0,3,0,2,0,2,4,4,4,0,0,0,4,4,4,4,4,4,4,0,4,0,0,4,2,0,0,0,0,0,4,0,0,0,0,0,2,0,0,4,4,4,0,1,1,0,0,4,2,0,0,0,2,0,0,0,4,4,0,0,4,0,0,0,0,4,4,0,3,4,4,4,4,0,0,4,0,4,0,2,4,0,4,3,4,0,2,4,4,4,4,0,2,2,0,0,4,2,0,0,0,0,0,0,1,2,0,4,4,0,0,4,4,4,0,4,1,4,0,4,0,2,0,4,4,1,0,4,0,0,0,4,0,0,0,4,2,4,0,4,0,0,0,0,4,4,0,0,0,4,0,0,0,0,0,4,4,4,0,0,0,4,0,4,4,0,2,0,0,0,4,0,0,4,2,0,4,4,0,4,0,0,0,0,2,0,1,4,0,4,0,0,0,4,2,4,0,4,0,0,4,3,2,0,0,0,4,0,2,1,4,4,0,0,0,1,0,4,0,4,4,0,4,4,0,0,1,1,2,0,4,0,2,0,2,0,1,4,3,0,0,4,0,0,3,0,3,0,0,1,0,0,4,0,0,4,0,0,2,0,0,4,0,0,4,4,0,2,0,3,0,4,0,4,4,0,4,4,0,4,1,1,4,4,0,0,2,0,2,0,0,1,0,3,4,4,2,0,4,2,0,0,0,0,0,0,4,4,4,4,0,4,4,0,2,4,4,0,0,0,0,0,4,0,0,4,0,4,0,2,0,0,0,0,2,0,1,0,4,1,0,1,4,2,4,1,0,4,0,2,1,2,0,4,0,0,0,0,0,0,4,0,4,0,0,4,3,4,0,1,4,0,0,0,0,1,4,3,0,4,2,0,0,0,0,4,0,0,4,4,4,0,0,0,4,4,4,2,0,0,4,4,0,4,2,0,4,1,0,0,4,3,0,0,0,0,0,4,2,4,2,0,0,3,4,0,4,0,4,0,0,4,4,1,4,0,4,0,0,4,2,4,4,0,0,4,0,0,0,0,0,4,4,0,1,0,2,4,0,0,4,4,4,2,3,4,0,2,4,1,1,1,0,1,2,0,1,4,4,4,4,0,4,4,4,4,4,4,0,4,1,4,4,4,0,0,4,3,4,2,4,0,4,1,4,0,0,4,0,4,3,4,1,4,4,4,4,2,4,3,4,4,0,1,4,0,4,1,1,0,4,4,2,3,0,4,0,4,2,4,3,0,3,3,1,0,1,3,0,4,3,4,0,4,4,3,0,3,4,0,0,0,4,0,0,0,4,2,0,4,4,4,4,3,0,2,1,2,4,4,0,0,1,0,0,3,4,0,0,4,4,2,2,4,0,1,2,0,4,2,0,0,0,0,0,4,1,0,2,3,0,4,1,2,4,2,4,4,0,4,0,1,4,3,0,0,4,4,3,0,0,4,0,4,0,1,0,4,4,0,4,0,4,4,4,3,4,0,0,4,1,0,1,4,0,4,4,4,4,3,0,0,0,4,4,0,0,0,4,0,0,1,4,0,0,3,0,0,0,3,0,1,2,0,1,0,0,1,4,0,3,0,2,3,1,0,3,4,0,1,0,0,0,4,1,0,0,4,2,0,0,1,0,0,2,4,1,4,4,3,2,1,0,0,4,0,0,1,4,4,4,0,1,2,0,0,4,4,0,4,0,4,0,2,0,0,1,1,1,4,0,4,0,0,0,4,0,0,0,4,1,1,4,0,1,4,0,0,0,3,3,3,0,3,1,3,4,4,4,0,0,0,1,3,0,4,0,0,4,1,0,4,1,4,4,3,0,1,0,1,1,4,4,4,4,0,4,0,1,3,4,1,3,3,2,0,4,4,4,4,0,4,0,0,3,3,0,0,0,4,0,0,0,0,3,1,3,3,0,1,1,4,0,1,3,3,1,1,0,0,3,0,3,0,4,0,3,0,0,1,1,0,4,4,2,0,1,3,0,4,0,3,3,0,1,4,0,4,1,0,1,0,3,0,0,1,0,3,3,2,1,3,3,0,3,3,4,2,4,0,0,4,4,2,0,3,0,4,1,2,1,0,0,4,0,4,0,0,4,4,1,4,4,3,1,4,2,0,4,4,3,0,4,0,4,1,0,4,3,0,1,1,4,0,0,0,0,3,3,3,0,3,1,0,0,3,0,0,0,1,0,4,2,0,4,4,0,3,3,4,0,1,1,2,0,0,0,1,0,4,4,3,4,2,0,0,0,0,4,2,3,1,0,1,0,3,3,4,0,4,4,0,0,4,4,3,0,4,0,4,3,3,4,0,2,4,1,1,4,4,0,0,1,3,0,2,0,3,0,0,3,0,1,1,4,3,0,3,4,4,1,3,3,3,4,0,0,0,0,3,0,4,3,4,3,3,0,4,2,0,3,0,4,4,0,1,1,1,3,0,3,0,0,0,0,1,1,4,0,0,0,0,0,3,0,0,3,0,0,0,0,0,4,0,4,0,4,4,4,3,0,0,2,0,0,4,0,0,4,1,0,4,1,4,4,4,4,4,0,4,4,2,4,0,0,0,0,1,0,0,1,4,3,0,0,0,4,2,0,4,2,0,2,4,1,0,1,4,4,4,4,0,2,0,3,2,1,2,3,2,0,4,0,4,4,0,0,4,2,1,3,3,1,1,4,4,0,0,3,4,1,0,2,4,0,4,4,3,0,0,3,3,0,4,4,1,0,0,2,1,0,1,4,0,4,0,2,3,1,0,0,0,0,0,4,4,0,0,0,0,0,2,0,0,4,4,0,0,3,4,0,4,4,4,4,0,4,2,4,0,2,0,0,0,0,0,0,0,0,0,0,1,4,3,0,1,0,0,0,0,4,4,0,4,0,4,0,0,1,3,0,0,1,4,1,4,3,1,4,1,0,4,4,4,4,1,4,3,1,3,0,0,0,1,3,3,1,4,0,4,1,4,0,2,4,4,4,3,0,4,4,1,0,0,0,4,2,0,0,4,4,4,0,3,3,0,4,0,4,3,3,0,4,1,4,0,3,3,4,4,0,3,0,2,0,4,4,1,0,0,4,0,1,4,3,4,4,0,3,0,4,3,4,1,1,0,4,2,0,0,0,1,1,4,0,0,0,3,0,1,1,0,4,2,4,0,3,1,2,4,0,4,3,3,4,4,1,0,1,4,1,0,3,1,0,1,0,0,4,1,0,1,1,1,4,4,4,4,0,0,4,4,1,4,0,4,0,1,0,1,0,4,4,3,0,1,3,4,0,4,2,0,4,0,4,1,0,0,4,0,0,3,0,0,1,4,3,0,0,4,1,4,4,4,2,3,0,0,3,0,4,4,0,0,4,4,4,1,4,0,4,4,0,4,3,0,0,0,0,4,1,0,0,0,1,4,2,3,1,1,4,3,4,3,0,0,0,1,4,0,0,4,0,0,3,0,0,0,0,0,3,0,0,3,4,0,4,0,0,3,1,4,4,4,4,2,1,0,4,4,0,3,1,1,0,0,2,4,0,0,0,4,0,0,0,4,1,0,1,4,0,0,0,4,0,0,0,0,1,0,0,0,3,1,0,3,1,1,1,0,0,1,3,0,0,4,3,1,1,3,3,1,0]",ok,
53,uniform,7,0.25,0.29706261959683533,7,"fused_3_medium, fused_3_low, fused_1_medium, fused_1_high, fused_2_medium+fused_4_veryhigh, fused_4_megahigh, fused_4_veryhigh+fused_5_low","[261, 272, 166, 605, 495]",0.5,0.2,3.0,"{""fused_1"":0.6766253100490244,""fused_2"":0.2646743940304741,""fused_3"":0.43779887568609566,""fused_4"":0.19461988142073755,""fused_5"":0.3943851418566763}","{""fused_3_medium"":0.729670711642444,""fused_3_low"":0.7786209411084467,""fused_1_medium"":0.831924826917457,""fused_1_high"":0.8500665549888868,""fused_2_medium+fused_4_veryhigh"":0.5833043673591802,""fused_4_megahigh"":0.5644375670779217,""fused_4_veryhigh+fused_5_low"":0.6400046238334655}","{""fused_1"":0.14252158706586782,""fused_2"":0.2278761144756292,""fused_3"":0.17718112237028893,""fused_4"":0.26574259253834054,""fused_5"":0.18667858354987357}","{""fused_3_medium"":0.1397768973224009,""fused_3_low"":0.1353118442267143,""fused_1_medium"":0.13090517353224093,""fused_1_high"":0.12950078125165393,""fused_2_medium+fused_4_veryhigh"":0.1563332077738139,""fused_4_megahigh"":0.158924516059423,""fused_4_veryhigh+fused_5_low"":0.1492475798337532}","{""fused_1"":0.7126079353293391,""fused_2"":1.139380572378146,""fused_3"":0.8859056118514447,""fused_4"":1.3287129626917027,""fused_5"":0.9333929177493678}","{""fused_3_medium"":0.9784382812568062,""fused_3_low"":0.9471829095870001,""fused_1_medium"":0.9163362147256865,""fused_1_high"":0.9065054687615774,""fused_2_medium+fused_4_veryhigh"":1.0943324544166972,""fused_4_megahigh"":1.112471612415961,""fused_4_veryhigh+fused_5_low"":1.0447330588362724}",0.1448091196702689,0.04780433574207893,"[4,4,4,0,3,3,4,1,4,3,1,1,1,4,4,4,4,3,4,4,4,0,0,0,4,4,1,3,3,3,4,3,4,3,4,3,3,3,4,4,4,3,4,3,4,4,4,0,3,1,3,2,3,3,3,4,4,4,4,3,4,4,0,4,3,4,3,3,4,4,4,4,4,3,0,4,4,1,3,4,3,4,3,0,4,0,0,4,3,0,4,1,3,4,3,3,1,4,3,4,3,1,1,3,4,1,0,4,3,4,3,1,4,4,4,4,3,3,0,4,4,3,3,3,4,4,4,2,4,3,0,4,4,3,4,0,4,4,4,0,3,0,2,0,4,4,4,3,4,3,3,0,4,4,4,4,1,4,3,0,4,2,3,3,0,0,3,3,0,4,3,3,0,3,3,0,0,1,1,3,4,4,4,0,1,3,4,1,4,3,0,4,4,4,3,3,4,0,3,3,4,1,4,3,1,3,3,2,3,4,3,4,0,0,4,3,3,3,4,4,3,4,4,4,0,3,0,3,3,4,0,3,3,3,3,3,3,3,3,3,3,3,0,3,0,4,0,0,3,1,1,4,3,4,0,4,3,3,4,0,3,3,0,4,3,4,4,0,4,3,3,0,0,3,2,0,3,4,0,3,3,4,3,0,3,4,0,3,4,2,0,4,4,4,3,4,0,3,4,0,3,0,3,4,3,3,3,4,3,3,1,0,3,0,4,3,3,0,0,4,4,4,1,4,3,4,3,0,3,4,0,2,3,0,3,1,3,0,3,1,3,3,4,4,3,3,4,3,3,3,4,3,3,0,3,4,3,3,4,1,3,4,4,0,3,3,3,0,3,4,4,3,4,3,3,1,4,3,3,4,4,3,4,4,3,4,3,3,3,3,4,4,1,3,4,4,3,3,3,0,4,4,1,0,3,3,4,2,4,3,3,3,0,4,0,1,4,0,3,0,3,1,4,0,3,0,0,3,0,4,3,3,1,1,4,3,0,3,4,4,4,3,1,4,2,3,3,0,3,3,2,4,2,3,1,1,3,3,0,3,3,4,4,1,4,0,1,4,4,3,4,4,3,0,3,2,3,0,3,4,4,4,4,4,3,4,1,1,4,0,3,4,4,0,4,3,3,1,3,2,4,3,4,3,0,4,3,3,3,3,4,3,4,4,3,4,3,0,4,3,0,4,4,3,3,3,3,3,0,3,3,0,3,0,3,4,3,4,3,3,4,3,1,0,4,1,3,1,4,4,4,1,3,4,4,0,1,4,3,4,0,3,4,3,3,3,4,3,4,3,3,0,2,4,4,1,0,3,1,0,4,1,4,2,1,4,4,4,3,4,3,4,3,3,4,0,0,0,4,3,0,4,4,4,3,3,4,4,3,0,4,4,4,1,3,3,4,2,3,3,4,4,3,3,0,4,4,3,3,2,3,3,4,3,4,3,1,3,0,1,4,4,0,3,3,3,4,4,4,4,3,4,3,1,4,3,3,0,0,3,1,3,0,4,3,3,3,4,4,0,2,4,4,0,3,1,1,1,4,1,4,0,1,4,0,0,0,3,4,4,0,3,4,4,0,4,1,0,4,0,3,3,0,2,4,4,0,3,3,1,4,3,3,4,4,4,2,0,1,1,4,4,0,4,4,2,3,4,3,1,4,3,4,1,1,3,4,4,4,2,0,3,3,4,4,0,2,3,2,2,1,3,1,2,3,4,2,0,3,1,4,2,4,2,4,1,3,1,1,3,3,3,0,0,1,3,3,4,4,2,3,0,1,4,4,0,3,3,1,3,4,2,4,3,3,4,3,4,4,0,3,1,0,3,0,4,1,0,0,4,1,4,1,3,4,2,3,4,1,4,4,0,4,0,3,4,0,1,0,2,3,3,0,4,2,3,0,4,3,4,3,1,4,4,3,1,3,3,3,4,0,2,3,3,3,4,1,3,1,0,3,4,4,3,4,2,3,3,3,0,4,4,3,3,4,3,4,1,0,3,4,2,3,1,3,2,3,1,4,3,1,4,0,1,4,3,2,4,4,2,1,3,2,0,3,1,3,3,4,4,1,3,3,0,4,3,3,1,3,4,4,0,1,4,4,2,4,1,3,4,3,3,0,1,4,1,0,1,1,4,3,3,4,0,3,4,3,0,3,4,3,3,1,1,1,4,3,0,3,1,4,4,3,1,3,4,1,1,4,1,1,3,4,3,3,2,2,2,4,2,1,2,0,4,3,3,3,3,1,2,3,4,1,3,4,1,3,4,1,4,1,2,3,1,3,1,1,3,4,4,4,3,4,3,1,2,4,1,2,2,4,1,4,4,0,0,3,0,3,3,2,2,3,3,4,0,3,3,3,3,2,1,2,2,1,1,1,4,4,1,2,2,1,1,3,4,2,3,2,1,0,3,2,1,1,1,1,3,4,4,4,0,1,2,3,3,3,2,2,3,1,0,3,4,1,3,1,3,2,4,3,1,3,2,2,4,1,2,2,1,2,2,4,0,3,3,1,4,0,4,3,2,3,0,1,4,1,3,3,4,0,0,3,3,0,4,1,0,4,2,1,0,4,3,3,4,2,3,4,3,0,1,3,4,2,1,1,1,4,4,4,3,3,2,2,2,3,2,1,3,1,2,4,3,3,1,3,0,0,3,0,0,1,2,2,0,3,2,1,4,3,3,3,1,3,3,3,2,3,0,3,3,0,4,3,0,2,1,3,1,3,2,2,0,3,4,4,3,3,4,4,2,0,1,1,4,2,2,0,3,4,4,1,1,3,4,1,0,1,2,3,4,3,2,3,3,2,3,1,1,0,2,3,2,4,1,1,2,2,2,3,3,4,3,3,2,3,0,2,4,2,2,3,0,4,1,2,3,0,4,3,1,1,1,2,3,2,3,0,3,0,1,1,3,3,4,4,3,3,2,3,0,2,0,3,0,0,3,0,1,4,4,4,0,4,2,3,3,4,3,3,4,3,3,4,1,3,0,1,4,3,0,4,0,3,0,3,4,4,3,3,1,3,1,3,1,1,0,2,1,3,3,4,0,3,0,4,0,4,4,1,3,1,3,0,4,4,3,4,3,2,4,1,4,2,4,3,4,3,0,0,3,3,3,4,1,2,2,1,1,4,4,3,4,2,0,1,3,0,0,3,4,4,2,3,3,2,2,3,4,0,1,3,4,0,1,4,1,3,3,0,4,0,2,1,3,1,3,1,3,0,4,1,3,3,1,3,4,1,3,0,3,3,3,2,0,0,3,4,3,0,1,4,0,4,1,4,3,3,3,3,3,4,3,1,3,3,1,0,2,3,1,0,1,4,3,0,4,1,4,3,0,3,3,1,2,3,3,1,4,1,0,2,1,4,1,3,0,4,3,4,1,4,2,1,2,3,4,3,1,2,2,1,0,3,4,1,0,3,0,0,0,0,2,4,4,4,1,3,3,4,4,4,3,3,4,3,4,3,2,2,3,4,1,3,2,2,3,3,1,4,0,2,2,4,3,3,2,3,0,3,4,1,1,3,3,3,4,1,3,2,4,4,3,2,3,4,2,3,2,1,3,0,4,3,1,3,1,1,0,3,3,3,2,3,1,1,3,4,4,4,3,2,1,4,0,1,3,2,2,0,0,1,3,1,4,1,4,2,1,3,1,4,0,0,1,3,1,1,1,0,4,0,3,3,3,0,0,1,0,1,4,3,1,3,1,3,0,4,2,3,1,2,4,3,4,4,3,4,1,0,1,3,3,4,3,3,2,3,3,1,0,2,3,4,0,1,4,0,4,0,2,3,3,2,3,4,4,3,3,4,4,3,1,4,3,4,0,3,4,2,3,3,3,3,3,1,3,3,3,1,0,4,2,1,1,0,2,4,2,3,3,4,1,4,0,4,4,0,3,2,3,3,3,4,1,2,3,3,2,0,3,0,0,3,2,1,0,4,4,0,0,1,3,4,3,4,2,1,1,4,3,4,0,0,3,3,4,4,3,1,4,1,3,1,4,3,3,0,4,3,3,3,3,1,1,3,3,2,1,3,2,1,1,1,3,0,1,2,3,3,4,2,1,1,2,2,1,3]",ok,
54,uniform,7,0.2,0.3332155454128859,9,"fused_3_medium, fused_3_low, fused_1_medium, fused_1_high, fused_2_medium+fused_4_veryhigh, fused_4_megahigh, fused_4_veryhigh+fused_5_low, fused_2_medium+fused_5_low, fused_3_verylow","[297, 704, 278, 258, 262]",0.5,0.1,2.0,"{""fused_1"":0.7145468768029296,""fused_2"":0.24971083578356668,""fused_3"":0.23023787121505357,""fused_4"":0.3538579156457634,""fused_5"":0.4445697452817185}","{""fused_3_medium"":0.7231956468145828,""fused_3_low"":0.7557745318445632,""fused_1_medium"":0.851635924955191,""fused_1_high"":0.8724271130106775,""fused_2_medium+fused_4_veryhigh"":0.7356234941932497,""fused_4_megahigh"":0.728579051530714,""fused_4_veryhigh+fused_5_low"":0.741533456041999,""fused_2_medium+fused_5_low"":0.751336473240521,""fused_3_verylow"":0.7134120397970153}","{""fused_1"":0.09441448684863715,""fused_2"":0.2701667970913286,""fused_3"":0.2930168540328043,""fused_4"":0.1906515969256449,""fused_5"":0.15175026510158512}","{""fused_3_medium"":0.11679144623672368,""fused_3_low"":0.1117569618248913,""fused_1_medium"":0.09917743372324504,""fused_1_high"":0.09681389338314181,""fused_2_medium+fused_4_veryhigh"":0.11481833596982609,""fused_4_megahigh"":0.11592848480357017,""fused_4_veryhigh+fused_5_low"":0.11390324309088776,""fused_2_medium+fused_5_low"":0.11241709741480801,""fused_3_verylow"":0.11839310355290604}","{""fused_1"":0.4720724342431858,""fused_2"":1.3508339854566431,""fused_3"":1.4650842701640214,""fused_4"":0.9532579846282245,""fused_5"":0.7587513255079257}","{""fused_3_medium"":1.0511230161305132,""fused_3_low"":1.0058126564240217,""fused_1_medium"":0.8925969035092054,""fused_1_high"":0.8713250404482763,""fused_2_medium+fused_4_veryhigh"":1.0333650237284349,""fused_4_megahigh"":1.0433563632321314,""fused_4_veryhigh+fused_5_low"":1.0251291878179898,""fused_2_medium+fused_5_low"":1.011753876733272,""fused_3_verylow"":1.0655379319761544}",0.1452856731182889,0.028349082823790995,"[1,1,1,1,0,2,1,2,1,0,3,4,3,1,1,1,2,0,1,1,1,1,1,1,1,1,2,0,4,0,1,0,1,0,1,0,0,0,1,1,1,4,2,2,1,1,1,1,2,2,4,3,0,0,0,1,1,1,2,0,1,1,1,4,4,1,2,0,1,1,1,1,1,4,1,1,1,2,2,1,2,1,0,1,1,1,1,1,0,1,1,2,4,1,2,0,2,1,0,1,0,2,2,0,1,3,1,1,0,1,2,4,2,1,1,1,0,4,1,1,1,0,0,2,1,1,1,3,1,4,1,1,1,0,1,1,1,1,1,1,2,1,3,1,1,1,1,0,1,2,0,4,1,1,1,1,2,1,2,1,1,3,0,2,1,1,0,0,1,1,4,0,1,4,2,1,4,4,3,4,1,1,1,1,3,0,2,2,1,0,1,1,1,4,0,0,1,1,0,4,1,2,1,4,3,1,0,3,0,1,0,1,1,1,1,0,0,2,1,1,0,1,1,1,1,0,1,4,4,1,1,0,0,0,2,2,0,0,0,0,0,4,1,0,4,1,1,1,4,3,2,1,0,1,1,1,4,0,1,4,4,4,1,1,0,1,1,4,4,0,2,1,1,2,3,1,1,1,1,4,4,1,4,1,0,1,1,0,1,3,1,4,1,1,0,1,1,0,1,1,0,4,0,1,0,2,4,2,4,0,1,1,0,1,1,0,2,1,1,1,1,1,3,1,0,1,0,1,0,1,1,3,4,1,2,2,4,1,2,2,2,1,1,1,4,0,4,4,4,0,1,0,4,4,0,1,0,4,1,4,4,1,1,1,0,0,2,1,4,1,1,0,1,2,0,2,1,4,4,1,1,2,1,1,0,1,0,4,0,4,1,1,2,1,4,1,4,0,2,1,1,1,2,1,0,2,1,3,1,0,0,0,1,1,1,2,1,1,0,4,0,1,2,1,0,1,1,0,1,1,0,0,3,3,1,0,1,0,1,4,1,0,2,1,3,4,0,1,0,4,3,1,3,2,2,3,0,4,1,4,0,1,1,2,1,4,2,1,4,4,1,1,0,1,0,3,0,1,4,1,1,1,1,1,2,1,2,2,1,1,0,4,1,4,1,4,0,2,4,3,1,0,1,0,1,1,2,0,0,0,1,0,1,1,0,1,0,1,1,4,1,1,1,0,0,4,4,0,1,4,0,1,0,1,0,1,0,1,0,4,1,4,3,4,1,2,4,2,1,1,1,3,2,1,2,1,2,1,4,1,4,0,2,0,2,4,1,4,1,0,0,1,3,1,4,2,1,4,2,4,1,3,1,3,4,1,1,1,0,2,0,1,0,4,1,1,1,4,4,2,1,1,1,1,0,4,1,1,0,1,1,1,1,2,4,4,1,3,0,2,4,1,0,0,1,1,1,0,0,3,0,0,1,2,1,0,4,1,1,2,1,4,1,0,0,1,1,1,1,1,4,1,0,2,2,2,0,1,1,4,3,0,1,1,0,2,0,1,1,1,3,1,2,1,0,4,4,2,4,3,1,4,2,1,1,1,1,0,1,1,1,1,1,1,4,1,3,1,1,1,0,0,1,3,1,1,1,4,0,2,1,4,0,1,4,1,3,1,2,1,1,1,1,1,1,3,1,1,0,3,1,4,1,2,2,0,1,1,1,3,1,1,0,1,1,1,3,2,3,3,4,4,2,3,0,1,3,1,4,1,1,3,2,3,1,2,4,2,1,4,0,4,1,1,2,0,1,1,1,3,4,1,4,1,1,1,2,0,3,0,4,3,1,4,2,1,0,1,1,1,0,3,1,0,1,1,2,4,4,4,4,1,2,2,1,3,0,1,2,1,1,1,1,1,4,1,4,3,1,3,2,4,1,1,3,0,4,1,4,1,0,2,1,1,0,4,0,0,0,1,1,3,0,0,4,1,2,0,2,1,0,1,1,1,1,3,0,4,0,1,1,4,0,2,1,2,4,3,1,2,1,3,4,2,4,3,4,2,1,4,4,2,4,3,1,4,3,2,1,3,3,0,3,1,2,2,2,2,1,1,4,4,2,1,1,0,0,3,0,2,1,1,3,1,1,3,1,4,4,1,1,2,4,3,1,1,1,4,3,1,2,2,1,1,2,1,0,1,2,1,4,4,3,2,2,1,0,1,4,4,4,1,0,2,0,1,3,2,1,2,2,0,1,4,2,3,3,3,4,3,2,3,1,1,0,4,2,2,3,3,4,1,4,2,1,2,2,1,2,1,1,3,2,2,2,2,3,1,1,1,1,0,1,0,2,3,1,3,3,3,1,2,1,1,1,1,4,1,0,4,3,3,4,4,1,1,4,0,0,0,3,4,3,3,4,2,3,1,2,3,3,3,2,2,0,1,3,0,3,2,1,0,3,2,2,2,3,0,1,1,1,4,2,3,2,1,4,3,3,2,2,1,2,1,2,2,2,0,3,1,4,2,4,3,3,1,3,3,3,2,3,3,1,1,1,0,2,1,1,2,4,3,0,1,3,1,2,2,2,1,2,1,0,4,1,1,3,1,1,3,3,1,1,4,1,1,3,4,1,0,1,4,4,1,3,4,4,3,1,1,4,2,0,3,3,3,4,3,3,2,4,3,1,4,2,2,2,1,1,0,1,1,4,3,3,1,4,3,3,1,0,4,2,3,0,1,0,3,0,1,4,0,4,1,1,1,3,2,2,2,4,3,3,1,0,1,1,0,0,1,1,3,4,1,2,1,3,3,1,0,1,1,2,3,0,1,2,4,4,3,0,1,0,3,4,2,3,0,2,3,1,3,0,3,1,1,3,3,3,3,1,0,4,0,0,3,0,1,3,1,3,3,2,1,1,4,3,4,1,1,0,3,2,3,3,0,3,0,2,0,4,2,2,1,2,4,2,1,4,3,1,4,3,4,2,4,2,0,1,2,1,1,1,1,1,3,4,0,1,2,0,1,0,4,1,2,2,1,3,1,0,1,1,1,2,1,1,1,1,4,2,2,0,2,0,4,3,1,3,2,0,0,1,1,2,1,1,4,1,1,3,2,3,0,1,1,1,0,1,2,3,1,2,1,3,1,4,1,4,1,1,0,2,1,1,3,3,3,2,2,1,1,4,4,3,1,3,0,1,1,0,1,1,3,4,2,3,3,4,1,1,3,4,4,1,2,1,2,1,0,1,2,1,3,2,4,4,0,2,2,1,1,4,2,4,2,4,1,4,4,1,1,0,0,3,1,1,0,1,0,1,4,1,1,1,4,1,0,4,4,2,0,1,4,2,0,0,3,1,3,0,3,4,2,4,2,1,1,2,1,0,1,0,0,2,3,0,2,3,1,2,1,3,3,1,2,2,1,1,1,1,3,1,3,3,3,4,2,0,3,3,3,3,1,0,1,3,1,2,1,1,1,1,3,4,1,1,2,4,2,1,1,1,4,4,1,1,1,2,3,3,0,1,2,0,3,3,4,0,3,1,2,3,3,1,1,4,3,0,4,4,1,1,3,2,0,1,1,3,0,3,1,1,0,3,0,1,3,0,3,3,4,1,1,0,2,2,3,2,1,2,0,2,3,2,3,3,2,1,1,1,0,3,3,1,1,2,1,3,3,1,1,2,0,2,1,3,4,3,4,4,3,1,2,1,3,0,4,3,3,1,1,1,1,4,4,1,1,3,1,2,1,2,2,0,2,4,1,1,3,0,2,3,1,4,1,1,2,1,2,1,3,0,2,1,0,0,3,0,0,3,1,3,2,1,1,3,1,1,1,1,3,4,2,3,4,1,1,0,4,1,1,1,3,1,4,1,1,2,1,3,0,2,4,4,0,2,0,0,0,3,1,1,3,3,4,1,3,1,3,4,0,1,2,1,4,4,1,4,0,3,2,2,0,4,2,3,0,2,3,1,2,1,1,0,3,3,1,1,1,1,1,3,0,1,1,1,3,2,3,1,4,1,1,4,0,2,1,4,0,2,1,3,2,3,1,2,2,2,1,0,0,2,0,2,4,4,0,3,2,4,3,2,3,2,4,4,3,3,4,0,1,3,4,2,3,3,2,0]",ok,
55,uniform,7,0.15,0.36391343774223467,10,"fused_3_verylow, fused_3_low+fused_4_veryhigh, fused_2_low, fused_2_medium+fused_3_low, fused_3_medium+fused_4_megahigh, fused_1_veryhigh, fused_2_medium+fused_4_veryhigh+fused_5_low, fused_1_high+fused_4_veryhigh, fused_5_medium, fused_1_medium+fused_3_medium","[310, 311, 353, 495, 330]",0.7,0.1,3.0,"{""fused_1"":0.5274276457683774,""fused_2"":0.2141910074938218,""fused_3"":0.3161692839088336,""fused_4"":0.3825281913342464,""fused_5"":0.5225991859687206}","{""fused_3_verylow"":0.7490235606736328,""fused_3_low+fused_4_veryhigh"":0.7781225166326932,""fused_2_low"":0.8310215324685725,""fused_2_medium+fused_3_low"":0.7000388326319155,""fused_3_medium+fused_4_megahigh"":0.6993166126411384,""fused_1_veryhigh"":0.803818814472192,""fused_2_medium+fused_4_veryhigh+fused_5_low"":0.8370608169951022,""fused_1_high+fused_4_veryhigh"":0.8870689617607227,""fused_5_medium"":0.9004452541359687,""fused_1_medium+fused_3_medium"":0.8699501541567133}","{""fused_1"":0.16557333829894114,""fused_2"":0.25981919531714176,""fused_3"":0.21385135797486596,""fused_4"":0.1944196364455221,""fused_5"":0.16633647196352905}","{""fused_3_verylow"":0.10341315208698962,""fused_3_low+fused_4_veryhigh"":0.10146109004724796,""fused_2_low"":0.09817872250344863,""fused_2_medium+fused_3_low"":0.10697011168934602,""fused_3_medium+fused_4_megahigh"":0.10702533418473112,""fused_1_veryhigh"":0.09982617519761863,""fused_2_medium+fused_4_veryhigh+fused_5_low"":0.09782390802646647,""fused_1_high+fused_4_veryhigh"":0.09502651962027495,""fused_5_medium"":0.0943180598246208,""fused_1_medium+fused_3_medium"":0.09595692681925574}","{""fused_1"":0.8278666914947057,""fused_2"":1.2990959765857089,""fused_3"":1.0692567898743297,""fused_4"":0.9720981822276105,""fused_5"":0.8316823598176453}","{""fused_3_verylow"":1.0341315208698962,""fused_3_low+fused_4_veryhigh"":1.0146109004724795,""fused_2_low"":0.9817872250344862,""fused_2_medium+fused_3_low"":1.0697011168934603,""fused_3_medium+fused_4_megahigh"":1.0702533418473112,""fused_1_veryhigh"":0.9982617519761863,""fused_2_medium+fused_4_veryhigh+fused_5_low"":0.9782390802646647,""fused_1_high+fused_4_veryhigh"":0.9502651962027495,""fused_5_medium"":0.943180598246208,""fused_1_medium+fused_3_medium"":0.9595692681925574}",0.21413355181071234,0.05113952195664258,"[3,3,0,3,1,4,0,2,0,1,2,4,2,0,0,3,4,3,0,3,0,3,3,3,3,0,4,4,1,1,0,4,0,1,0,1,3,1,0,0,0,1,4,4,0,0,0,3,4,2,1,2,4,1,1,0,0,0,4,1,0,3,3,1,1,0,4,1,0,0,0,1,0,1,3,0,3,4,4,0,4,0,1,3,0,3,3,0,1,3,0,4,3,3,4,1,2,0,1,0,1,2,4,4,0,2,3,0,4,3,4,2,4,3,0,0,1,3,3,0,3,4,1,4,0,0,0,2,0,3,3,0,0,1,0,3,3,0,0,3,4,3,2,3,3,0,3,1,0,4,1,3,0,3,0,0,4,3,4,3,0,2,1,4,3,3,4,4,3,0,1,3,3,1,4,3,3,2,2,1,0,0,0,3,2,4,4,4,0,1,3,3,0,1,1,1,0,3,4,3,0,4,3,1,2,3,1,2,4,3,1,3,3,3,0,1,4,4,0,0,3,0,0,0,3,1,3,1,1,0,3,4,1,1,4,4,3,1,1,1,4,1,3,1,3,0,3,3,1,2,2,3,4,0,3,1,1,1,3,3,1,1,3,0,1,3,0,3,1,4,4,3,3,4,2,3,3,0,3,3,1,0,1,3,1,3,3,1,0,2,3,1,3,0,3,0,3,1,3,3,1,3,3,3,1,4,1,4,1,4,2,3,1,3,0,1,4,3,3,0,3,0,2,0,1,0,1,3,4,0,3,2,3,3,4,4,1,3,4,4,4,3,3,0,1,3,1,1,1,4,0,3,1,3,4,0,4,1,3,3,3,0,0,3,1,4,4,3,4,0,0,1,3,4,1,4,0,4,1,0,3,4,0,0,4,0,1,1,4,1,3,3,2,3,1,0,1,4,4,3,3,0,4,3,4,4,0,2,3,1,1,1,3,4,3,2,0,3,4,3,1,2,4,3,1,3,3,1,3,0,4,1,2,2,3,1,3,1,3,1,3,4,2,0,2,4,1,3,1,1,2,3,2,4,4,2,4,1,3,1,1,0,1,4,3,3,4,0,1,3,0,0,1,3,4,2,1,3,1,0,0,1,0,0,4,0,2,2,0,3,1,1,3,3,3,4,1,2,1,2,0,3,3,4,3,3,4,4,1,4,3,4,0,0,3,0,1,3,0,1,3,0,0,4,4,3,3,4,3,1,1,3,1,3,1,3,1,1,4,3,3,4,2,3,0,2,1,4,0,3,0,2,4,0,4,3,2,3,4,0,3,1,4,1,4,1,0,3,0,4,1,3,2,0,1,2,3,1,4,3,3,2,0,2,3,0,3,3,4,4,1,0,1,1,0,3,3,3,1,4,3,0,0,3,1,3,0,0,4,3,3,3,0,2,3,1,0,2,1,4,1,3,1,3,3,0,3,4,4,2,3,4,0,4,0,1,4,3,3,2,0,1,3,4,4,3,3,0,0,3,1,0,4,4,4,4,1,3,3,3,2,1,3,0,4,4,3,0,0,3,2,0,4,3,3,2,2,2,1,2,3,3,2,0,3,3,3,1,0,0,3,3,0,0,3,0,2,3,0,3,1,4,3,2,0,3,3,3,3,2,0,4,4,0,4,0,2,3,4,3,0,0,3,3,0,2,3,0,1,2,0,1,0,2,2,1,0,0,3,2,3,3,4,0,3,3,2,4,2,2,2,1,4,2,1,0,2,3,4,2,0,2,4,2,0,4,3,4,2,1,4,1,3,3,4,4,3,0,0,2,1,3,3,3,0,3,4,4,2,1,1,2,0,4,4,0,4,3,3,3,4,2,3,1,3,3,4,3,3,1,3,0,2,4,3,2,4,0,2,3,0,3,0,3,3,0,3,2,3,2,4,3,3,0,2,4,3,0,1,0,1,2,3,0,3,2,3,1,3,0,3,2,3,4,1,0,2,4,2,3,1,0,0,3,0,2,1,1,1,3,0,1,4,4,0,4,1,2,3,4,3,2,1,4,3,2,3,4,3,4,2,4,3,2,0,1,2,4,3,2,2,4,2,3,4,2,4,4,3,0,2,1,4,3,3,1,4,2,1,4,3,3,2,0,0,2,3,2,1,1,3,4,3,2,0,2,3,3,2,3,4,4,0,3,4,0,4,3,4,3,4,4,2,2,2,0,1,3,1,3,1,0,1,4,1,0,2,2,0,4,2,3,3,1,4,2,2,2,1,2,2,2,3,0,3,1,4,4,2,2,1,0,3,4,0,4,4,0,2,0,2,2,4,2,4,4,2,3,0,0,0,4,0,1,2,2,0,2,2,2,3,4,0,0,3,3,1,3,4,1,2,2,1,1,3,3,1,1,3,4,2,3,2,2,3,4,2,0,4,2,2,2,2,2,4,1,2,1,2,4,3,4,2,4,4,4,2,4,0,0,3,3,4,2,4,3,1,2,2,4,2,3,4,0,4,4,2,1,2,3,1,2,3,2,2,3,2,2,2,4,2,2,0,3,3,3,4,0,3,3,1,2,4,3,2,3,2,4,4,0,3,3,1,4,3,0,2,3,0,2,2,3,3,1,3,0,2,1,0,1,3,4,4,0,2,4,2,2,0,4,1,4,1,2,2,2,1,2,2,4,3,2,3,1,4,4,4,3,3,1,3,3,2,2,2,3,1,2,2,3,1,4,4,2,4,3,3,2,3,3,3,1,3,3,3,3,2,2,4,2,3,2,2,3,1,0,0,1,1,0,0,2,3,2,4,0,2,2,3,1,3,0,2,2,3,0,4,3,2,2,4,3,4,2,3,4,2,3,2,2,3,2,4,2,0,2,2,2,2,2,3,4,1,4,4,2,4,3,2,0,2,2,4,3,3,1,2,1,3,0,4,2,2,2,2,1,2,4,3,1,3,2,2,3,4,1,4,3,3,2,3,3,2,3,4,3,4,1,3,4,0,3,0,3,0,2,1,1,3,4,4,0,4,1,0,2,4,3,2,0,3,3,0,3,4,3,3,3,0,1,4,4,4,2,1,4,2,3,2,4,4,1,0,3,4,3,3,3,3,0,2,4,2,3,3,0,0,1,3,4,2,3,2,3,2,3,1,0,1,3,3,1,4,3,3,2,2,2,2,2,0,0,1,1,2,3,2,4,3,3,1,0,0,2,1,4,2,2,1,0,3,2,1,1,3,4,4,2,3,1,3,4,3,2,2,1,1,1,4,4,3,0,3,4,3,4,3,3,2,1,3,3,1,1,2,3,3,3,0,3,3,3,0,3,0,1,3,3,1,3,4,4,1,1,4,1,4,2,3,2,1,2,3,4,1,4,3,0,4,0,1,3,1,1,2,2,4,4,2,0,2,3,2,2,0,2,4,3,0,3,0,2,0,2,2,2,1,4,4,2,2,2,2,3,1,0,2,3,4,3,3,3,3,2,1,0,0,4,1,4,3,0,3,1,1,0,3,0,4,2,2,1,0,4,3,2,2,1,3,2,0,3,2,2,0,3,1,2,1,3,1,0,2,2,4,1,3,3,2,3,2,0,0,1,2,1,0,2,3,2,2,1,3,3,1,4,4,2,2,3,4,1,4,2,4,2,2,4,0,3,0,1,2,2,3,3,4,3,2,2,3,3,2,4,2,0,2,1,2,2,1,2,3,3,3,2,4,2,2,2,3,0,3,3,1,1,3,3,2,3,4,0,4,2,1,4,1,3,0,2,4,4,2,0,1,0,3,4,0,4,3,2,4,4,0,4,1,2,1,1,2,3,2,4,3,3,2,0,3,0,3,2,1,4,2,4,0,0,1,1,0,0,3,2,0,1,0,3,4,0,2,4,4,1,1,3,2,1,1,1,2,3,3,2,2,2,3,2,0,2,1,1,3,2,0,3,1,0,3,4,2,4,4,1,1,4,2,4,4,2,3,4,3,3,1,2,2,3,0,0,3,3,2,1,0,3,3,2,4,2,1,1,3,3,3,1,4,0,1,4,4,0,2,4,2,0,4,4,3,0,4,4,4,1,2,1,1,1,2,2,1,2,2,2,2,1,3,2,2,1,1,0,2,2,2,2,2,4,1]",ok,
56,uniform,7,0.1,0.2419059537570496,30,"fused_3_medium+fused_4_megahigh, fused_2_medium+fused_4_veryhigh+fused_5_low, fused_1_high+fused_4_veryhigh, fused_5_medium, fused_1_medium+fused_3_medium, fused_3_verylow+fused_4_veryhigh, fused_2_medium+fused_3_low+fused_4_veryhigh, fused_3_medium+fused_5_low, fused_4_megahigh+fused_5_low, fused_3_medium+fused_4_veryhigh, fused_1_medium+fused_4_veryhigh, fused_1_low, fused_2_low+fused_3_medium, fused_1_high+fused_2_medium, fused_1_high+fused_3_low, fused_1_medium+fused_5_low, fused_4_veryhigh+fused_5_verylow, fused_1_high+fused_3_medium, fused_1_medium+fused_3_low, fused_3_low+fused_4_veryhigh+fused_5_low, fused_1_medium+fused_2_medium, fused_5_high, fused_1_medium+fused_4_megahigh, fused_2_low+fused_4_megahigh, fused_1_veryhigh+fused_4_veryhigh+fused_5_low, fused_2_medium+fused_3_medium, fused_2_medium+fused_3_low+fused_5_low, fused_2_high, fused_2_medium+fused_4_megahigh, fused_2_veryhigh","[182, 223, 714, 342, 338]",0.7,0.7,2.0,"{""fused_1"":0.6789471331413137,""fused_2"":0.21835753027662844,""fused_3"":0.35764950236481663,""fused_4"":0.5676890216052898,""fused_5"":0.6511176691816882}","{""fused_3_medium+fused_4_megahigh"":0.5190428586927145,""fused_2_medium+fused_4_veryhigh+fused_5_low"":0.405455976836034,""fused_1_high+fused_4_veryhigh"":0.5103634500569483,""fused_5_medium"":0.5196451311641734,""fused_1_medium+fused_3_medium"":0.4975346118664939,""fused_3_verylow+fused_4_veryhigh"":0.28339355857460474,""fused_2_medium+fused_3_low+fused_4_veryhigh"":0.36001265628241863,""fused_3_medium+fused_5_low"":0.441804055875048,""fused_4_megahigh+fused_5_low"":0.4487572275486746,""fused_3_medium+fused_4_veryhigh"":0.3880013719091252,""fused_1_medium+fused_4_veryhigh"":0.4460672942915282,""fused_1_low"":0.5038459002310298,""fused_2_low+fused_3_medium"":0.42133238660403405,""fused_1_high+fused_2_medium"":0.4011686253941898,""fused_1_high+fused_3_low"":0.39168443185695695,""fused_1_medium+fused_5_low"":0.41857634143731737,""fused_4_veryhigh+fused_5_verylow"":0.48285198678768915,""fused_1_high+fused_3_medium"":0.4665142421449908,""fused_1_medium+fused_3_low"":0.4991453190263403,""fused_3_low+fused_4_veryhigh+fused_5_low"":0.34570945183360086,""fused_1_medium+fused_2_medium"":0.45212353767527946,""fused_5_high"":0.46816908706029525,""fused_1_medium+fused_4_megahigh"":0.42302464771504966,""fused_2_low+fused_4_megahigh"":0.43869694403872334,""fused_1_veryhigh+fused_4_veryhigh+fused_5_low"":0.3745547087729882,""fused_2_medium+fused_3_medium"":0.3927722648700682,""fused_2_medium+fused_3_low+fused_5_low"":0.31173521416301686,""fused_2_high"":0.29408869549939104,""fused_2_medium+fused_4_megahigh"":0.4050377093774229,""fused_2_veryhigh"":0.2936617831036506}","{""fused_1"":0.12126472504953625,""fused_2"":0.37705288807419995,""fused_3"":0.23020397590144012,""fused_4"":0.14503070218045788,""fused_5"":0.12644770879436576}","{""fused_3_medium+fused_4_megahigh"":0.026213645950625006,""fused_2_medium+fused_4_veryhigh+fused_5_low"":0.03355729477006417,""fused_1_high+fused_4_veryhigh"":0.026659443832533252,""fused_5_medium"":0.02618326414507001,""fused_1_medium+fused_3_medium"":0.027346852674085067,""fused_3_verylow+fused_4_veryhigh"":0.04801099149679246,""fused_2_medium+fused_3_low+fused_4_veryhigh"":0.03779313169561911,""fused_3_medium+fused_5_low"":0.030796470856345383,""fused_4_megahigh+fused_5_low"":0.030319301608340832,""fused_3_medium+fused_4_veryhigh"":0.0350669010885812,""fused_1_medium+fused_4_veryhigh"":0.030502137020785188,""fused_1_low"":0.027004299776444158,""fused_2_low+fused_3_medium"":0.032292807682401004,""fused_1_high+fused_2_medium"":0.033915926794130004,""fused_1_high+fused_3_low"":0.034737162430647776,""fused_1_medium+fused_5_low"":0.03250543421601536,""fused_4_veryhigh+fused_5_verylow"":0.028178419273966217,""fused_1_high+fused_3_medium"":0.029165252637115436,""fused_1_medium+fused_3_low"":0.027258606286264905,""fused_3_low+fused_4_veryhigh+fused_5_low"":0.039356765222375335,""fused_1_medium+fused_2_medium"":0.030093557616863338,""fused_5_high"":0.029062161742470605,""fused_1_medium+fused_4_megahigh"":0.03216362404522617,""fused_2_low+fused_4_megahigh"":0.03101458972043834,""fused_1_veryhigh+fused_4_veryhigh+fused_5_low"":0.036325816796011746,""fused_2_medium+fused_3_medium"":0.034640953417299114,""fused_2_medium+fused_3_low+fused_5_low"":0.043646033918568035,""fused_2_high"":0.04626497359195256,""fused_2_medium+fused_4_megahigh"":0.033591948146963105,""fused_2_veryhigh"":0.04633223154600522}","{""fused_1"":0.6063236252476812,""fused_2"":1.8852644403709997,""fused_3"":1.1510198795072006,""fused_4"":0.7251535109022894,""fused_5"":0.6322385439718288}","{""fused_3_medium+fused_4_megahigh"":0.7864093785187501,""fused_2_medium+fused_4_veryhigh+fused_5_low"":1.006718843101925,""fused_1_high+fused_4_veryhigh"":0.7997833149759975,""fused_5_medium"":0.7854979243521003,""fused_1_medium+fused_3_medium"":0.820405580222552,""fused_3_verylow+fused_4_veryhigh"":1.4403297449037737,""fused_2_medium+fused_3_low+fused_4_veryhigh"":1.1337939508685733,""fused_3_medium+fused_5_low"":0.9238941256903614,""fused_4_megahigh+fused_5_low"":0.909579048250225,""fused_3_medium+fused_4_veryhigh"":1.052007032657436,""fused_1_medium+fused_4_veryhigh"":0.9150641106235556,""fused_1_low"":0.8101289932933248,""fused_2_low+fused_3_medium"":0.9687842304720301,""fused_1_high+fused_2_medium"":1.0174778038239,""fused_1_high+fused_3_low"":1.0421148729194334,""fused_1_medium+fused_5_low"":0.9751630264804607,""fused_4_veryhigh+fused_5_verylow"":0.8453525782189866,""fused_1_high+fused_3_medium"":0.8749575791134631,""fused_1_medium+fused_3_low"":0.8177581885879471,""fused_3_low+fused_4_veryhigh+fused_5_low"":1.1807029566712601,""fused_1_medium+fused_2_medium"":0.9028067285059002,""fused_5_high"":0.8718648522741181,""fused_1_medium+fused_4_megahigh"":0.9649087213567852,""fused_2_low+fused_4_megahigh"":0.9304376916131502,""fused_1_veryhigh+fused_4_veryhigh+fused_5_low"":1.0897745038803524,""fused_2_medium+fused_3_medium"":1.0392286025189734,""fused_2_medium+fused_3_low+fused_5_low"":1.309381017557041,""fused_2_high"":1.3879492077585767,""fused_2_medium+fused_4_megahigh"":1.0077584444088932,""fused_2_veryhigh"":1.3899669463801567}",0.21375764365449834,0.17787659811006115,"[2,2,2,2,1,4,0,3,2,1,3,4,3,0,0,2,4,0,2,2,2,2,2,2,2,2,4,4,1,1,2,4,2,1,2,1,0,1,0,2,0,1,4,4,0,2,2,2,4,3,1,3,4,1,1,2,0,0,2,1,2,2,2,0,1,0,4,1,2,2,0,0,2,2,2,2,2,4,4,2,4,0,1,2,2,2,2,2,1,2,2,4,2,2,4,1,3,0,1,2,1,3,4,4,0,3,2,0,4,2,4,4,4,4,2,0,1,2,2,0,2,4,1,4,0,2,0,3,2,2,2,2,0,1,0,2,2,2,0,2,4,2,3,2,2,2,2,1,0,4,1,2,2,2,2,2,4,2,4,2,2,3,1,4,2,2,4,4,2,2,2,0,2,1,4,2,2,4,3,2,2,2,0,2,3,4,2,4,0,1,2,2,2,2,1,1,2,2,4,2,2,4,2,2,3,2,1,3,4,2,1,2,2,2,0,1,4,4,2,2,0,2,2,2,2,1,2,2,2,2,2,4,1,1,4,4,0,1,1,1,4,2,2,1,2,0,2,2,2,3,3,2,4,2,2,0,1,1,2,2,2,1,2,2,1,0,0,2,1,4,4,2,2,4,3,2,2,2,2,2,1,0,2,2,1,2,2,1,0,3,2,1,2,0,0,2,2,1,2,2,1,2,0,2,1,4,1,2,1,4,3,2,1,2,0,1,4,2,2,0,2,2,3,0,1,2,1,2,4,0,2,3,2,2,4,4,1,2,4,4,4,2,2,0,1,0,0,1,1,4,0,2,1,2,4,2,4,2,2,2,2,0,2,2,1,4,4,2,2,0,0,1,2,4,1,4,0,4,1,2,2,4,2,0,4,2,1,2,4,1,2,0,3,2,1,2,1,4,4,2,2,0,4,2,4,4,0,3,2,1,1,1,2,4,2,3,0,2,4,2,1,3,4,2,1,2,2,1,2,2,4,1,3,3,2,1,2,1,2,1,2,4,3,2,3,4,1,2,1,2,3,2,3,4,4,3,4,2,2,2,1,0,2,4,2,2,4,2,0,2,2,0,1,2,4,3,1,2,1,2,2,2,0,2,4,0,3,3,2,2,1,2,2,2,2,4,1,3,1,3,0,0,2,4,2,2,4,4,1,4,2,4,2,0,0,2,1,2,0,2,2,0,2,4,4,2,2,4,2,1,1,2,1,2,1,2,1,2,4,2,2,4,3,2,0,3,2,4,2,2,2,3,4,2,2,2,3,2,4,2,2,1,4,1,4,2,2,2,0,4,1,2,3,2,1,3,2,1,4,2,2,3,0,3,4,2,2,2,4,4,1,2,1,2,0,2,2,2,1,4,2,0,2,2,1,2,0,0,4,2,2,2,2,3,2,1,2,3,1,4,2,2,1,0,2,2,2,4,4,3,2,4,2,4,0,1,4,2,2,3,2,2,2,4,4,2,2,2,2,2,2,2,4,4,2,4,1,2,2,2,3,1,2,0,4,4,2,0,2,2,3,2,4,2,0,3,4,3,2,3,2,2,3,0,2,2,2,1,2,0,2,2,0,0,2,2,3,2,0,2,1,4,2,3,2,2,2,2,2,3,2,4,4,2,4,2,3,2,3,2,0,2,2,2,0,3,2,2,1,3,0,1,2,3,3,1,0,2,2,3,2,2,4,2,2,2,3,4,3,3,4,2,3,3,1,0,3,2,4,3,2,3,4,3,2,4,2,4,4,2,4,2,2,2,4,2,2,2,2,3,2,2,2,2,0,2,4,4,3,1,1,3,0,4,4,2,2,2,2,2,4,3,2,1,2,2,4,2,2,1,2,2,3,4,2,3,4,2,3,2,0,2,0,2,2,0,2,3,2,3,4,2,2,0,3,4,2,2,1,2,1,3,2,2,0,4,0,1,0,0,2,3,0,4,2,0,3,4,3,2,1,2,0,2,2,3,1,2,1,2,0,1,4,4,0,4,2,3,2,4,2,3,2,4,2,3,2,4,2,4,3,2,2,3,2,2,3,4,2,3,3,4,3,2,4,3,4,4,2,2,4,2,4,2,2,1,4,3,1,2,2,2,3,2,0,3,2,4,1,0,2,4,2,3,2,3,2,4,3,2,4,4,0,2,4,0,4,2,4,2,4,4,3,4,4,0,1,2,2,4,0,2,1,4,1,0,3,3,0,2,3,2,2,2,4,3,3,3,1,3,3,3,2,2,0,2,4,4,3,3,2,2,4,4,0,4,4,2,3,2,4,3,4,3,4,3,3,2,2,0,2,4,0,1,3,3,2,3,3,3,2,4,0,0,2,2,2,2,4,2,3,3,2,2,2,2,2,1,2,4,3,2,3,3,4,3,3,0,4,3,3,3,3,3,4,2,3,1,3,4,2,4,3,4,4,4,3,4,0,2,2,2,3,3,4,2,2,3,3,4,3,2,4,2,4,4,3,1,3,2,1,3,2,3,3,2,3,3,3,4,3,3,0,2,2,2,4,2,2,2,2,3,4,2,3,2,3,4,4,2,2,2,1,4,2,0,3,2,0,3,3,2,2,1,2,0,3,1,0,1,2,4,4,0,3,4,4,3,2,4,1,4,1,3,3,3,2,3,3,4,4,3,2,1,4,3,4,2,2,1,2,2,4,3,3,2,1,3,3,2,1,4,4,3,4,2,2,3,2,2,2,1,2,2,2,2,3,3,4,3,2,3,3,2,1,2,2,1,1,2,2,3,2,4,4,0,3,3,2,1,2,0,3,3,2,2,4,2,3,3,4,2,4,3,2,4,3,2,3,3,2,3,4,3,0,4,3,3,3,3,2,2,2,4,4,3,4,2,3,0,3,3,4,2,2,2,3,1,2,0,4,3,3,3,3,1,3,4,2,1,2,3,3,2,4,2,4,2,2,3,2,2,3,2,4,2,4,1,2,4,0,2,2,2,2,3,2,1,2,4,4,0,4,2,0,3,4,2,3,0,0,2,0,2,4,2,2,2,0,2,4,4,4,3,1,4,3,2,3,4,4,1,0,2,4,2,2,2,2,2,3,4,3,2,2,0,0,1,2,4,3,2,3,2,3,2,2,0,2,2,2,1,4,2,2,3,3,3,3,3,0,2,2,1,3,2,3,4,2,2,1,2,2,3,2,4,3,3,1,0,2,3,1,1,2,4,4,3,2,1,2,4,2,3,3,1,2,1,4,4,2,2,4,4,2,4,2,2,4,1,2,2,1,1,3,2,2,0,0,0,2,4,0,2,2,2,2,2,2,2,4,4,2,1,4,1,4,3,2,3,1,3,2,4,1,4,2,2,4,2,1,2,1,1,3,3,4,4,3,0,3,2,3,3,2,3,4,2,0,2,0,3,2,3,3,3,2,4,4,3,3,3,3,2,1,0,3,2,4,2,2,2,2,3,2,2,0,4,1,4,2,0,2,1,1,0,2,2,4,3,3,1,2,4,0,3,3,2,2,3,0,4,3,3,0,2,2,3,1,2,1,2,2,3,4,1,2,2,3,0,3,2,0,1,3,1,2,3,0,3,3,1,2,2,1,4,4,3,3,2,4,1,4,3,4,3,3,4,2,2,2,1,3,3,2,2,4,2,3,3,2,2,3,4,3,2,3,2,3,4,2,3,0,2,2,3,4,3,3,3,2,0,2,2,2,2,2,2,3,2,4,2,4,3,1,3,1,2,0,3,4,4,3,2,1,0,2,4,0,4,2,3,4,4,2,4,1,3,1,1,3,2,3,4,2,2,3,0,2,2,2,3,1,4,3,4,2,0,1,1,2,2,2,3,0,2,2,2,4,0,3,4,4,2,2,0,3,1,1,1,3,2,2,3,3,4,2,3,0,3,1,1,2,3,0,2,1,0,2,4,3,4,4,1,1,4,3,4,4,3,2,4,2,2,1,3,3,2,0,0,2,2,3,1,0,2,2,3,4,3,2,1,2,2,2,1,4,0,1,4,3,0,3,4,3,2,4,4,2,0,4,4,4,1,3,2,2,1,3,3,1,3,3,3,3,2,2,3,3,2,1,2,3,4,3,3,3,3,1]",ok,
57,quantile,3,1.0,0.42748573683993574,0,,[],,,,,,,,,,,,,baseline_no_features,
58,quantile,3,0.95,0.42748573683993574,0,,[],,,,,,,,,,,,,baseline_no_features,
59,quantile,3,0.9,0.42748573683993574,0,,[],,,,,,,,,,,,,baseline_no_features,
60,quantile,3,0.85,0.42748573683993574,0,,[],,,,,,,,,,,,,baseline_no_features,
61,quantile,3,0.8,0.42748573683993574,0,,[],,,,,,,,,,,,,baseline_no_features,
62,quantile,3,0.75,0.42748573683993574,0,,[],,,,,,,,,,,,,baseline_no_features,
63,quantile,3,0.7,0.42748573683993574,0,,[],,,,,,,,,,,,,baseline_no_features,
64,quantile,3,0.65,0.42748573683993574,0,,[],,,,,,,,,,,,,baseline_no_features,
65,quantile,3,0.6,0.42748573683993574,0,,[],,,,,,,,,,,,,baseline_no_features,
66,quantile,3,0.55,0.42748573683993574,0,,[],,,,,,,,,,,,,baseline_no_features,
67,quantile,3,0.5,0.42748573683993574,0,,[],,,,,,,,,,,,,baseline_no_features,
68,quantile,3,0.45,0.42748573683993574,0,,[],,,,,,,,,,,,,baseline_no_features,
69,quantile,3,0.4,0.42748573683993574,0,,[],,,,,,,,,,,,,baseline_no_features,
70,quantile,3,0.35,0.42748573683993574,0,,[],,,,,,,,,,,,,baseline_no_features,
71,quantile,3,0.3,0.33508924748914,15,"fused_1_high, fused_1_medium, fused_2_high, fused_2_medium, fused_3_high, fused_3_medium, fused_4_high, fused_4_medium, fused_5_high, fused_5_medium, fused_1_low, fused_2_low, fused_3_low, fused_4_low, fused_5_low","[355, 368, 369, 390, 317]",0.8,0.8,5.0,"{""fused_1"":0.36866000601366705,""fused_2"":0.27705662968888634,""fused_3"":0.22462881657671785,""fused_4"":0.6274919904859757,""fused_5"":0.49509905910339264}","{""fused_1_high"":0.3908923536508463,""fused_1_medium"":0.5057552230874789,""fused_2_high"":0.3737317084812586,""fused_2_medium"":0.3726288103535944,""fused_3_high"":0.42875830022317296,""fused_3_medium"":0.5006322803413645,""fused_4_high"":0.48660160749535375,""fused_4_medium"":0.49686246753481755,""fused_5_high"":0.36443667839775995,""fused_5_medium"":0.46348338150527013,""fused_1_low"":0.41305876793548446,""fused_2_low"":0.3765769586302475,""fused_3_low"":0.3545398963098154,""fused_4_low"":0.39396234087182347,""fused_5_low"":0.4405825859072888}","{""fused_1"":0.19958861242171216,""fused_2"":0.214363149201367,""fused_3"":0.2259050284578897,""fused_4"":0.17473914994261558,""fused_5"":0.18540405997641543}","{""fused_1_high"":0.06788148632796592,""fused_1_medium"":0.06364738172249604,""fused_2_high"":0.06864764613491099,""fused_2_medium"":0.06869838528188975,""fused_3_high"":0.06633038249778686,""fused_3_medium"":0.0638095856528173,""fused_4_high"":0.0642646655936365,""fused_4_medium"":0.06393027739632248,""fused_5_high"":0.06908123879157692,""fused_5_medium"":0.0650514670243029,""fused_1_low"":0.06695186443649573,""fused_2_low"":0.06851760924668958,""fused_3_low"":0.06955836392949717,""fused_4_low"":0.06774885496056005,""fused_5_low"":0.0658807910030519}","{""fused_1"":0.9979430621085608,""fused_2"":1.071815746006835,""fused_3"":1.1295251422894486,""fused_4"":0.873695749713078,""fused_5"":0.9270202998820771}","{""fused_1_high"":1.0182222949194888,""fused_1_medium"":0.9547107258374405,""fused_2_high"":1.0297146920236648,""fused_2_medium"":1.0304757792283463,""fused_3_high"":0.9949557374668029,""fused_3_medium"":0.9571437847922595,""fused_4_high"":0.9639699839045475,""fused_4_medium"":0.9589541609448372,""fused_5_high"":1.0362185818736538,""fused_5_medium"":0.9757720053645434,""fused_1_low"":1.004277966547436,""fused_2_low"":1.0277641387003438,""fused_3_low"":1.0433754589424575,""fused_4_low"":1.0162328244084007,""fused_5_low"":0.9882118650457785}",0.18709036148361013,0.0433574207893274,"[0,4,0,0,3,3,4,1,0,2,1,3,1,4,4,3,3,2,0,0,4,0,0,0,4,0,3,3,2,2,0,3,0,2,0,2,2,2,0,2,2,2,3,3,4,0,0,0,3,1,2,1,3,2,3,0,4,4,3,2,4,0,0,2,2,4,3,2,0,0,4,2,0,3,0,0,4,3,3,0,3,0,3,0,4,0,0,0,3,0,4,3,0,4,3,3,1,4,2,4,3,1,3,3,4,1,2,0,3,0,3,1,3,3,4,0,2,3,4,0,4,3,2,3,2,4,0,1,4,0,0,0,0,2,4,2,4,0,4,0,3,0,1,0,0,0,0,3,2,3,2,4,4,0,0,0,3,0,3,4,0,1,2,3,0,0,3,3,4,4,2,2,0,2,3,4,4,1,1,2,4,0,2,0,1,3,3,3,4,3,0,0,0,2,2,2,0,0,3,2,0,3,2,2,1,2,3,1,3,0,3,0,0,0,4,3,3,3,4,0,2,4,0,0,0,3,0,1,2,4,0,2,3,2,3,3,4,2,3,3,3,2,0,3,0,2,0,0,3,1,1,4,3,0,0,2,2,2,0,3,2,2,0,0,3,4,2,4,3,3,3,0,0,2,1,0,4,4,0,2,2,4,2,0,3,0,2,2,2,1,4,2,4,4,2,0,0,3,4,0,3,4,4,0,3,3,2,3,2,3,1,0,2,0,0,2,3,0,0,0,4,4,1,2,3,0,3,0,3,4,0,1,2,4,3,3,2,0,3,1,3,4,4,0,2,0,2,2,3,3,4,4,2,4,3,4,3,2,4,2,4,4,0,0,2,3,3,2,3,4,0,2,0,3,3,3,4,3,2,0,4,3,0,0,3,0,3,4,3,2,0,2,1,4,2,0,2,3,3,4,4,2,3,4,3,3,4,1,4,3,3,2,4,3,0,1,2,0,3,0,2,1,3,0,2,0,4,2,4,0,3,3,1,1,0,4,0,2,4,2,4,3,1,4,1,3,2,0,3,2,1,4,1,3,3,1,3,2,0,4,3,2,2,3,0,4,3,4,2,0,4,4,3,0,3,1,2,0,2,0,0,2,2,4,3,2,1,1,0,0,3,3,0,0,0,3,3,1,2,1,4,2,4,2,0,4,3,3,3,3,4,3,4,2,2,4,3,0,2,2,0,2,4,2,3,0,2,3,0,2,3,0,2,0,3,0,3,2,3,0,0,3,1,0,0,1,2,3,0,0,4,1,3,0,3,0,1,4,3,0,0,2,3,3,3,2,0,0,2,3,2,0,1,0,2,1,0,2,3,0,4,1,2,1,1,4,4,0,3,3,2,4,2,2,4,0,0,4,2,3,0,4,0,0,2,0,4,2,3,0,0,4,4,1,0,2,0,1,2,3,2,2,3,4,0,4,0,3,3,1,2,3,0,3,2,2,3,2,0,1,4,2,4,3,3,2,0,0,4,4,3,4,3,3,3,3,2,0,0,2,1,2,0,4,3,3,2,2,0,0,1,4,3,0,2,1,1,1,2,1,0,4,1,4,0,0,4,2,4,4,0,2,4,2,4,0,1,0,4,4,3,3,4,1,0,0,4,0,4,1,0,3,3,4,3,0,1,0,1,1,4,0,0,4,4,1,4,4,2,1,2,2,4,1,1,3,4,4,4,1,4,4,3,4,0,0,1,3,1,1,1,2,1,1,3,4,1,0,3,1,4,1,3,1,4,3,2,3,1,2,2,2,0,0,3,2,2,4,4,1,2,0,4,4,4,0,3,3,1,3,2,1,4,3,3,0,2,4,0,0,3,1,0,3,0,0,3,0,2,2,2,0,1,3,4,1,3,4,1,4,2,0,4,4,4,4,0,1,2,1,3,4,0,0,1,3,4,4,2,0,3,1,4,4,2,2,2,2,2,2,4,1,2,2,3,2,1,3,1,4,3,0,4,4,0,1,3,2,3,0,4,2,3,3,0,3,2,1,0,3,2,1,2,3,2,1,4,1,4,3,1,2,4,1,4,3,1,3,4,1,1,3,1,0,3,1,3,3,2,4,1,2,3,4,4,2,3,1,3,3,4,0,1,0,2,1,0,1,2,2,2,3,2,1,0,1,0,3,1,4,3,2,4,0,3,4,2,2,3,4,3,3,1,1,1,2,2,0,4,3,2,0,2,3,2,2,1,1,2,2,1,2,4,2,3,1,1,1,2,1,1,1,0,4,2,2,3,3,1,1,2,0,1,3,4,3,3,0,1,4,3,1,3,1,3,1,1,2,4,4,4,3,4,2,1,1,0,1,1,1,0,3,4,2,4,4,3,0,3,3,1,1,2,2,4,4,2,3,2,3,1,4,1,1,3,3,1,0,3,1,1,1,1,1,3,4,1,2,1,3,0,3,1,3,3,1,1,3,4,0,0,4,3,1,3,4,2,1,1,3,1,0,3,0,3,3,1,2,1,4,2,1,2,1,1,4,1,1,1,3,1,1,2,0,2,2,3,4,0,0,2,1,2,0,1,4,1,3,2,4,3,4,2,3,4,2,1,0,2,1,1,0,4,2,2,4,1,1,4,3,0,3,3,4,1,3,1,1,0,3,2,3,3,1,1,1,2,1,1,3,3,1,4,2,2,1,3,0,0,2,0,0,2,1,1,0,1,1,1,0,3,3,3,1,3,2,2,1,2,0,4,3,0,4,2,0,1,1,3,1,4,1,1,0,2,4,4,2,2,4,4,1,4,3,1,4,1,1,4,2,0,4,1,1,4,4,3,4,1,1,3,0,3,1,2,3,1,3,1,1,0,1,3,1,2,1,1,1,1,1,4,3,2,3,3,1,3,0,1,4,1,1,2,4,4,1,1,2,0,2,3,1,1,1,1,2,1,3,4,2,4,1,1,4,2,4,3,0,2,1,0,3,1,4,2,4,3,2,0,3,2,4,0,4,0,1,2,2,0,2,3,0,2,2,4,1,2,4,1,4,2,0,4,0,2,0,2,4,4,2,3,3,3,1,2,3,1,0,1,3,3,2,0,0,3,0,4,4,0,0,1,3,1,2,0,4,2,3,4,3,1,4,1,0,1,0,2,4,2,0,0,2,3,4,4,1,1,1,1,1,4,0,2,2,1,1,1,3,4,0,2,0,4,1,2,3,1,1,2,4,0,1,2,2,0,1,3,1,2,2,0,3,0,1,1,2,1,2,3,3,0,0,3,2,4,3,2,0,3,2,0,4,2,3,1,0,0,4,4,4,4,3,4,0,0,2,0,2,2,0,3,3,2,2,3,2,3,1,0,1,3,1,0,3,3,3,4,0,3,0,3,0,3,2,1,1,3,3,1,0,1,0,1,1,0,1,2,4,4,2,4,1,4,1,1,1,2,3,3,1,1,1,1,0,2,4,1,4,3,0,0,0,0,1,2,4,4,1,2,3,4,4,0,2,2,2,4,4,3,1,1,3,0,3,0,1,1,2,2,1,4,2,1,1,2,2,2,1,3,0,2,4,2,1,3,3,4,0,1,2,1,0,4,2,1,3,4,1,2,1,1,2,0,0,3,3,3,1,1,4,3,2,3,1,3,1,1,3,0,0,4,3,1,1,0,4,3,2,1,1,0,0,1,3,1,0,1,2,1,1,2,1,2,4,0,1,3,1,1,1,0,2,0,2,2,2,0,0,1,0,3,4,3,1,2,1,2,0,2,1,3,1,1,4,2,2,0,3,0,3,4,1,3,3,4,2,2,1,3,2,1,4,1,3,4,0,1,2,0,4,0,1,2,3,1,3,0,2,2,2,4,4,2,1,4,2,4,0,3,4,1,3,3,3,2,4,1,2,2,2,1,0,0,1,1,1,4,1,4,1,2,2,2,1,0,0,2,4,4,3,1,3,3,2,2,3,1,3,3,1,2,3,0,4,2,1,1,0,4,4,0,0,1,2,4,4,4,1,3,1,4,2,0,4,4,2,3,2,2,3,3,4,1,3,1,4,3,3,4,2,3,3,3,3,1,2,2,2,1,1,2,1,1,1,1,2,4,1,1,2,2,2,1,1,1,1,1,3,3]",ok,
72,quantile,3,0.25,0.33508924748914,15,"fused_1_high, fused_1_medium, fused_2_high, fused_2_medium, fused_3_high, fused_3_medium, fused_4_high, fused_4_medium, fused_5_high, fused_5_medium, fused_1_low, fused_2_low, fused_3_low, fused_4_low, fused_5_low","[355, 368, 369, 390, 317]",0.8,0.8,5.0,"{""fused_1"":0.36866000601366705,""fused_2"":0.27705662968888634,""fused_3"":0.22462881657671785,""fused_4"":0.6274919904859757,""fused_5"":0.49509905910339264}","{""fused_1_high"":0.3908923536508463,""fused_1_medium"":0.5057552230874789,""fused_2_high"":0.3737317084812586,""fused_2_medium"":0.3726288103535944,""fused_3_high"":0.42875830022317296,""fused_3_medium"":0.5006322803413645,""fused_4_high"":0.48660160749535375,""fused_4_medium"":0.49686246753481755,""fused_5_high"":0.36443667839775995,""fused_5_medium"":0.46348338150527013,""fused_1_low"":0.41305876793548446,""fused_2_low"":0.3765769586302475,""fused_3_low"":0.3545398963098154,""fused_4_low"":0.39396234087182347,""fused_5_low"":0.4405825859072888}","{""fused_1"":0.19958861242171216,""fused_2"":0.214363149201367,""fused_3"":0.2259050284578897,""fused_4"":0.17473914994261558,""fused_5"":0.18540405997641543}","{""fused_1_high"":0.06788148632796592,""fused_1_medium"":0.06364738172249604,""fused_2_high"":0.06864764613491099,""fused_2_medium"":0.06869838528188975,""fused_3_high"":0.06633038249778686,""fused_3_medium"":0.0638095856528173,""fused_4_high"":0.0642646655936365,""fused_4_medium"":0.06393027739632248,""fused_5_high"":0.06908123879157692,""fused_5_medium"":0.0650514670243029,""fused_1_low"":0.06695186443649573,""fused_2_low"":0.06851760924668958,""fused_3_low"":0.06955836392949717,""fused_4_low"":0.06774885496056005,""fused_5_low"":0.0658807910030519}","{""fused_1"":0.9979430621085608,""fused_2"":1.071815746006835,""fused_3"":1.1295251422894486,""fused_4"":0.873695749713078,""fused_5"":0.9270202998820771}","{""fused_1_high"":1.0182222949194888,""fused_1_medium"":0.9547107258374405,""fused_2_high"":1.0297146920236648,""fused_2_medium"":1.0304757792283463,""fused_3_high"":0.9949557374668029,""fused_3_medium"":0.9571437847922595,""fused_4_high"":0.9639699839045475,""fused_4_medium"":0.9589541609448372,""fused_5_high"":1.0362185818736538,""fused_5_medium"":0.9757720053645434,""fused_1_low"":1.004277966547436,""fused_2_low"":1.0277641387003438,""fused_3_low"":1.0433754589424575,""fused_4_low"":1.0162328244084007,""fused_5_low"":0.9882118650457785}",0.18709036148361013,0.0433574207893274,"[0,4,0,0,3,3,4,1,0,2,1,3,1,4,4,3,3,2,0,0,4,0,0,0,4,0,3,3,2,2,0,3,0,2,0,2,2,2,0,2,2,2,3,3,4,0,0,0,3,1,2,1,3,2,3,0,4,4,3,2,4,0,0,2,2,4,3,2,0,0,4,2,0,3,0,0,4,3,3,0,3,0,3,0,4,0,0,0,3,0,4,3,0,4,3,3,1,4,2,4,3,1,3,3,4,1,2,0,3,0,3,1,3,3,4,0,2,3,4,0,4,3,2,3,2,4,0,1,4,0,0,0,0,2,4,2,4,0,4,0,3,0,1,0,0,0,0,3,2,3,2,4,4,0,0,0,3,0,3,4,0,1,2,3,0,0,3,3,4,4,2,2,0,2,3,4,4,1,1,2,4,0,2,0,1,3,3,3,4,3,0,0,0,2,2,2,0,0,3,2,0,3,2,2,1,2,3,1,3,0,3,0,0,0,4,3,3,3,4,0,2,4,0,0,0,3,0,1,2,4,0,2,3,2,3,3,4,2,3,3,3,2,0,3,0,2,0,0,3,1,1,4,3,0,0,2,2,2,0,3,2,2,0,0,3,4,2,4,3,3,3,0,0,2,1,0,4,4,0,2,2,4,2,0,3,0,2,2,2,1,4,2,4,4,2,0,0,3,4,0,3,4,4,0,3,3,2,3,2,3,1,0,2,0,0,2,3,0,0,0,4,4,1,2,3,0,3,0,3,4,0,1,2,4,3,3,2,0,3,1,3,4,4,0,2,0,2,2,3,3,4,4,2,4,3,4,3,2,4,2,4,4,0,0,2,3,3,2,3,4,0,2,0,3,3,3,4,3,2,0,4,3,0,0,3,0,3,4,3,2,0,2,1,4,2,0,2,3,3,4,4,2,3,4,3,3,4,1,4,3,3,2,4,3,0,1,2,0,3,0,2,1,3,0,2,0,4,2,4,0,3,3,1,1,0,4,0,2,4,2,4,3,1,4,1,3,2,0,3,2,1,4,1,3,3,1,3,2,0,4,3,2,2,3,0,4,3,4,2,0,4,4,3,0,3,1,2,0,2,0,0,2,2,4,3,2,1,1,0,0,3,3,0,0,0,3,3,1,2,1,4,2,4,2,0,4,3,3,3,3,4,3,4,2,2,4,3,0,2,2,0,2,4,2,3,0,2,3,0,2,3,0,2,0,3,0,3,2,3,0,0,3,1,0,0,1,2,3,0,0,4,1,3,0,3,0,1,4,3,0,0,2,3,3,3,2,0,0,2,3,2,0,1,0,2,1,0,2,3,0,4,1,2,1,1,4,4,0,3,3,2,4,2,2,4,0,0,4,2,3,0,4,0,0,2,0,4,2,3,0,0,4,4,1,0,2,0,1,2,3,2,2,3,4,0,4,0,3,3,1,2,3,0,3,2,2,3,2,0,1,4,2,4,3,3,2,0,0,4,4,3,4,3,3,3,3,2,0,0,2,1,2,0,4,3,3,2,2,0,0,1,4,3,0,2,1,1,1,2,1,0,4,1,4,0,0,4,2,4,4,0,2,4,2,4,0,1,0,4,4,3,3,4,1,0,0,4,0,4,1,0,3,3,4,3,0,1,0,1,1,4,0,0,4,4,1,4,4,2,1,2,2,4,1,1,3,4,4,4,1,4,4,3,4,0,0,1,3,1,1,1,2,1,1,3,4,1,0,3,1,4,1,3,1,4,3,2,3,1,2,2,2,0,0,3,2,2,4,4,1,2,0,4,4,4,0,3,3,1,3,2,1,4,3,3,0,2,4,0,0,3,1,0,3,0,0,3,0,2,2,2,0,1,3,4,1,3,4,1,4,2,0,4,4,4,4,0,1,2,1,3,4,0,0,1,3,4,4,2,0,3,1,4,4,2,2,2,2,2,2,4,1,2,2,3,2,1,3,1,4,3,0,4,4,0,1,3,2,3,0,4,2,3,3,0,3,2,1,0,3,2,1,2,3,2,1,4,1,4,3,1,2,4,1,4,3,1,3,4,1,1,3,1,0,3,1,3,3,2,4,1,2,3,4,4,2,3,1,3,3,4,0,1,0,2,1,0,1,2,2,2,3,2,1,0,1,0,3,1,4,3,2,4,0,3,4,2,2,3,4,3,3,1,1,1,2,2,0,4,3,2,0,2,3,2,2,1,1,2,2,1,2,4,2,3,1,1,1,2,1,1,1,0,4,2,2,3,3,1,1,2,0,1,3,4,3,3,0,1,4,3,1,3,1,3,1,1,2,4,4,4,3,4,2,1,1,0,1,1,1,0,3,4,2,4,4,3,0,3,3,1,1,2,2,4,4,2,3,2,3,1,4,1,1,3,3,1,0,3,1,1,1,1,1,3,4,1,2,1,3,0,3,1,3,3,1,1,3,4,0,0,4,3,1,3,4,2,1,1,3,1,0,3,0,3,3,1,2,1,4,2,1,2,1,1,4,1,1,1,3,1,1,2,0,2,2,3,4,0,0,2,1,2,0,1,4,1,3,2,4,3,4,2,3,4,2,1,0,2,1,1,0,4,2,2,4,1,1,4,3,0,3,3,4,1,3,1,1,0,3,2,3,3,1,1,1,2,1,1,3,3,1,4,2,2,1,3,0,0,2,0,0,2,1,1,0,1,1,1,0,3,3,3,1,3,2,2,1,2,0,4,3,0,4,2,0,1,1,3,1,4,1,1,0,2,4,4,2,2,4,4,1,4,3,1,4,1,1,4,2,0,4,1,1,4,4,3,4,1,1,3,0,3,1,2,3,1,3,1,1,0,1,3,1,2,1,1,1,1,1,4,3,2,3,3,1,3,0,1,4,1,1,2,4,4,1,1,2,0,2,3,1,1,1,1,2,1,3,4,2,4,1,1,4,2,4,3,0,2,1,0,3,1,4,2,4,3,2,0,3,2,4,0,4,0,1,2,2,0,2,3,0,2,2,4,1,2,4,1,4,2,0,4,0,2,0,2,4,4,2,3,3,3,1,2,3,1,0,1,3,3,2,0,0,3,0,4,4,0,0,1,3,1,2,0,4,2,3,4,3,1,4,1,0,1,0,2,4,2,0,0,2,3,4,4,1,1,1,1,1,4,0,2,2,1,1,1,3,4,0,2,0,4,1,2,3,1,1,2,4,0,1,2,2,0,1,3,1,2,2,0,3,0,1,1,2,1,2,3,3,0,0,3,2,4,3,2,0,3,2,0,4,2,3,1,0,0,4,4,4,4,3,4,0,0,2,0,2,2,0,3,3,2,2,3,2,3,1,0,1,3,1,0,3,3,3,4,0,3,0,3,0,3,2,1,1,3,3,1,0,1,0,1,1,0,1,2,4,4,2,4,1,4,1,1,1,2,3,3,1,1,1,1,0,2,4,1,4,3,0,0,0,0,1,2,4,4,1,2,3,4,4,0,2,2,2,4,4,3,1,1,3,0,3,0,1,1,2,2,1,4,2,1,1,2,2,2,1,3,0,2,4,2,1,3,3,4,0,1,2,1,0,4,2,1,3,4,1,2,1,1,2,0,0,3,3,3,1,1,4,3,2,3,1,3,1,1,3,0,0,4,3,1,1,0,4,3,2,1,1,0,0,1,3,1,0,1,2,1,1,2,1,2,4,0,1,3,1,1,1,0,2,0,2,2,2,0,0,1,0,3,4,3,1,2,1,2,0,2,1,3,1,1,4,2,2,0,3,0,3,4,1,3,3,4,2,2,1,3,2,1,4,1,3,4,0,1,2,0,4,0,1,2,3,1,3,0,2,2,2,4,4,2,1,4,2,4,0,3,4,1,3,3,3,2,4,1,2,2,2,1,0,0,1,1,1,4,1,4,1,2,2,2,1,0,0,2,4,4,3,1,3,3,2,2,3,1,3,3,1,2,3,0,4,2,1,1,0,4,4,0,0,1,2,4,4,4,1,3,1,4,2,0,4,4,2,3,2,2,3,3,4,1,3,1,4,3,3,4,2,3,3,3,3,1,2,2,2,1,1,2,1,1,1,1,2,4,1,1,2,2,2,1,1,1,1,1,3,3]",ok,
73,quantile,3,0.2,0.390285995228986,10,"fused_1_medium, fused_3_medium, fused_4_medium, fused_5_medium, fused_1_low, fused_2_low+fused_3_high, fused_3_high+fused_4_high, fused_2_high+fused_4_low+fused_5_high, fused_1_high+fused_3_low, fused_2_medium+fused_5_low","[419, 359, 302, 366, 353]",0.8,0.8,2.0,"{""fused_1"":0.7056808989640689,""fused_2"":0.31035536940078534,""fused_3"":0.41790240370365156,""fused_4"":0.6244697096388107,""fused_5"":0.4508812580511863}","{""fused_1_medium"":0.5949719884622984,""fused_3_medium"":0.4451934825646019,""fused_4_medium"":0.5030396053157737,""fused_5_medium"":0.5027581931431998,""fused_1_low"":0.5949653506775698,""fused_2_low+fused_3_high"":0.24208571771741727,""fused_3_high+fused_4_high"":0.3305677514436993,""fused_2_high+fused_4_low+fused_5_high"":0.2550639811228653,""fused_1_high+fused_3_low"":0.2539849342426123,""fused_2_medium+fused_5_low"":0.29252839487948734}","{""fused_1"":0.130589687586358,""fused_2"":0.2969326688605531,""fused_3"":0.22051715260467356,""fused_4"":0.14757264717399934,""fused_5"":0.20438784377441604}","{""fused_1_medium"":0.05999074822082546,""fused_3_medium"":0.08017371357880614,""fused_4_medium"":0.07095428348207317,""fused_5_medium"":0.07099399919300627,""fused_1_low"":0.059991417513032046,""fused_2_low+fused_3_high"":0.1474387464689233,""fused_3_high+fused_4_high"":0.10797427940990377,""fused_2_high+fused_4_low+fused_5_high"":0.13993671156999718,""fused_1_high+fused_3_low"":0.1405312282191943,""fused_2_medium+fused_5_low"":0.12201487234423841}","{""fused_1"":0.65294843793179,""fused_2"":1.4846633443027655,""fused_3"":1.1025857630233677,""fused_4"":0.7378632358699967,""fused_5"":1.0219392188720802}","{""fused_1_medium"":0.5999074822082546,""fused_3_medium"":0.8017371357880614,""fused_4_medium"":0.7095428348207317,""fused_5_medium"":0.7099399919300626,""fused_1_low"":0.5999141751303204,""fused_2_low+fused_3_high"":1.474387464689233,""fused_3_high+fused_4_high"":1.0797427940990376,""fused_2_high+fused_4_low+fused_5_high"":1.3993671156999719,""fused_1_high+fused_3_low"":1.405312282191943,""fused_2_medium+fused_5_low"":1.2201487234423842}",0.17761846780751672,0.016120066703724293,"[0,3,0,0,4,4,3,1,0,3,1,4,1,0,0,4,4,3,0,0,0,0,0,0,0,0,4,4,3,2,0,4,0,2,0,3,3,2,3,2,3,3,4,4,2,0,0,0,4,1,2,1,4,3,4,0,3,0,4,2,0,0,0,2,2,2,4,3,3,0,2,3,0,4,0,0,0,4,4,0,4,0,4,3,0,0,0,0,4,0,3,3,3,3,4,4,1,2,2,0,4,1,3,4,0,1,3,0,4,0,4,1,4,4,0,3,2,4,3,0,3,4,3,4,2,3,3,1,0,3,3,3,0,3,0,3,0,3,2,3,4,0,1,0,0,0,3,4,2,4,2,3,0,0,0,0,4,0,4,0,0,1,2,4,0,0,4,4,0,0,3,2,0,2,4,3,3,1,1,2,0,0,3,0,1,4,4,3,3,4,0,0,0,3,3,3,0,0,4,3,0,4,2,3,1,2,4,1,4,0,4,0,3,0,0,4,3,4,0,0,2,3,0,3,0,4,0,3,2,0,0,2,4,2,4,4,2,3,4,4,4,2,0,4,3,2,0,0,4,1,1,3,4,0,0,3,2,3,3,4,2,2,0,0,4,3,3,3,4,4,4,3,0,2,1,0,2,0,0,2,2,3,3,0,4,3,3,2,2,1,0,3,0,2,2,0,0,4,0,0,4,3,2,0,4,4,2,4,2,4,1,0,3,3,0,2,4,0,0,3,3,0,1,3,3,0,4,0,4,0,0,1,3,0,4,4,2,0,3,1,4,2,0,0,2,0,3,2,4,4,3,2,2,3,3,3,4,2,2,2,3,2,0,3,2,4,4,3,4,2,3,3,0,4,3,4,0,4,2,0,0,4,3,0,4,0,4,3,4,2,0,3,1,3,3,0,2,3,4,0,0,3,4,3,4,4,0,1,3,4,3,2,3,4,0,1,3,0,4,3,2,1,4,0,2,0,0,2,3,0,4,4,1,1,0,3,0,3,3,2,3,4,1,0,3,4,2,0,3,3,1,3,1,4,4,1,4,2,0,3,4,2,3,4,0,3,4,0,2,3,0,2,4,0,4,1,2,0,2,0,0,3,2,0,4,3,1,1,0,0,4,4,0,3,0,4,4,1,2,1,0,2,0,2,3,0,4,4,4,4,2,4,0,2,2,0,4,3,3,2,0,2,0,3,4,3,3,4,0,2,4,0,2,0,4,0,4,2,4,3,0,4,1,3,3,1,2,4,0,0,0,1,4,0,4,0,1,3,4,0,3,3,4,4,4,2,0,3,3,4,2,3,3,0,3,1,0,2,4,3,3,1,3,1,3,0,3,3,4,4,2,3,3,2,0,0,0,3,3,4,0,2,0,0,3,3,0,3,4,3,0,3,3,1,3,2,0,1,2,4,3,3,4,2,0,3,3,4,4,1,2,4,0,4,2,2,4,2,0,1,0,2,0,3,4,2,0,3,3,3,4,0,4,4,4,4,3,0,3,2,1,2,0,3,4,4,2,2,0,0,1,0,4,0,2,1,1,1,3,1,0,3,1,2,0,0,0,2,0,2,3,2,3,2,3,0,1,0,2,3,3,4,0,1,0,0,0,3,2,1,0,4,4,3,4,0,1,0,1,1,3,0,0,3,3,1,2,0,2,1,2,2,0,1,1,3,3,0,0,1,0,2,4,0,3,0,1,4,1,1,1,2,1,1,4,2,1,0,4,1,0,1,4,1,3,4,2,4,1,2,3,3,0,0,3,3,2,0,3,1,2,0,3,0,0,0,4,4,1,4,3,1,2,4,4,0,2,0,0,0,4,1,0,4,3,0,4,3,3,2,2,0,1,4,3,1,4,0,1,0,3,0,2,0,3,3,3,1,3,1,4,3,0,0,1,4,3,3,2,0,3,1,3,3,2,3,3,3,2,2,0,1,2,2,4,2,1,4,1,0,4,0,0,2,0,1,4,2,4,0,3,2,4,4,0,4,3,1,0,4,2,1,2,4,2,1,3,4,0,4,1,3,3,1,0,4,1,4,3,1,1,4,1,0,4,1,4,4,3,0,1,2,4,0,0,2,3,1,4,4,0,0,1,0,2,1,0,1,2,2,2,4,3,1,0,1,0,4,1,0,4,2,0,0,4,3,2,3,4,0,4,4,1,1,1,2,2,0,3,4,3,0,2,4,3,3,1,1,2,2,1,2,2,3,4,1,1,1,3,1,1,1,0,0,2,3,4,4,1,1,2,0,1,4,3,4,4,0,1,0,3,1,4,1,4,1,1,2,0,3,0,4,3,2,1,1,0,1,1,1,0,4,3,2,0,0,4,0,4,4,1,1,2,2,3,0,2,4,2,4,1,3,1,1,4,3,1,3,4,1,1,1,1,1,4,3,1,2,1,4,0,4,1,3,3,1,1,4,0,0,3,3,3,1,4,3,2,1,1,4,1,0,4,0,4,4,1,2,1,3,2,1,2,1,1,0,1,1,1,4,1,1,2,0,2,2,4,0,0,3,2,1,2,0,1,0,1,4,2,0,4,0,3,4,3,2,1,0,2,1,1,0,0,2,2,0,1,1,3,4,0,4,4,3,1,4,4,1,0,4,3,4,4,1,1,1,3,1,1,4,4,1,3,2,2,1,4,0,0,2,0,3,3,1,1,0,1,1,1,0,3,4,4,1,3,2,3,1,2,0,3,4,3,3,2,0,1,1,4,1,3,1,1,0,2,2,3,3,2,0,0,1,3,3,1,2,1,3,0,3,0,2,1,1,0,0,3,3,1,1,4,0,4,1,2,4,1,3,1,1,0,1,4,1,3,1,1,1,1,1,0,4,2,4,4,1,4,0,1,2,1,1,2,0,3,1,1,2,3,2,3,1,1,1,1,2,1,4,3,2,3,1,1,2,2,3,4,0,2,1,0,4,1,3,2,3,4,3,3,4,3,3,0,0,0,1,2,2,0,2,4,0,2,2,3,1,2,2,1,3,3,0,3,3,2,0,2,0,3,3,4,4,4,1,2,3,1,0,1,3,4,2,3,0,4,0,0,3,0,0,1,4,1,2,0,0,2,3,0,4,1,0,1,0,1,3,2,2,2,3,0,2,4,0,0,1,1,1,1,1,3,3,2,3,1,1,1,4,0,0,2,0,0,1,2,4,1,1,2,0,0,1,2,2,0,1,4,1,2,2,0,4,0,1,1,2,1,2,4,4,0,0,4,2,3,4,3,3,3,2,0,2,2,4,1,0,0,2,0,2,3,3,2,0,0,3,0,2,2,3,4,4,3,3,3,2,4,1,0,1,3,1,3,4,4,4,0,0,4,0,4,3,4,2,1,1,4,4,1,0,1,0,1,1,0,1,2,3,0,2,3,1,0,1,1,1,2,4,4,1,1,1,1,0,2,2,1,0,4,0,3,0,0,1,3,3,3,4,2,4,3,2,0,2,2,3,2,0,4,1,1,4,0,4,3,1,1,2,2,1,0,3,1,1,2,3,2,1,4,3,3,0,3,1,4,4,2,3,1,2,1,0,3,2,1,4,0,1,3,1,1,2,0,0,4,4,4,1,1,0,3,2,4,1,4,1,1,4,0,3,2,4,1,1,0,0,3,2,1,1,3,0,1,4,1,0,1,3,1,4,2,1,2,3,0,1,4,1,1,1,3,2,0,2,2,2,0,0,1,3,4,0,4,1,3,1,3,3,3,1,4,1,1,3,2,2,0,4,0,4,0,1,4,4,0,2,3,1,4,2,1,3,1,3,3,0,1,2,0,0,0,1,2,4,1,4,0,2,2,2,0,0,2,1,3,2,0,3,4,3,1,4,4,4,2,2,1,2,3,2,1,0,0,1,1,1,0,1,0,1,2,2,2,1,3,3,3,2,3,4,1,4,4,2,3,4,1,4,3,1,3,4,3,0,2,1,1,0,2,0,0,0,1,3,2,2,3,1,3,1,3,2,0,0,3,2,4,2,2,4,3,0,1,4,1,0,4,4,3,2,4,4,4,4,1,3,3,2,1,1,2,1,1,1,1,2,3,1,1,2,3,3,1,1,1,1,1,4,4]",ok,
74,quantile,3,0.15,0.32078855436701675,14,"fused_1_medium, fused_3_medium, fused_1_low, fused_2_high+fused_4_low+fused_5_high, fused_1_high+fused_3_low, fused_2_medium+fused_5_low, fused_2_high+fused_3_low, fused_1_high+fused_4_medium, fused_1_high+fused_5_medium, fused_4_medium+fused_5_low, fused_1_high+fused_2_high, fused_4_high+fused_5_medium, fused_2_medium+fused_4_medium, fused_2_low+fused_3_high+fused_4_high","[360, 284, 362, 523, 270]",0.8,0.8,3.0,"{""fused_1"":0.7235618757868899,""fused_2"":0.25418289041155634,""fused_3"":0.2939447446309171,""fused_4"":0.6366981618763946,""fused_5"":0.5022520686627667}","{""fused_1_medium"":0.6155420182970256,""fused_3_medium"":0.601064409827295,""fused_1_low"":0.6334158705848905,""fused_2_high+fused_4_low+fused_5_high"":0.24020095022718574,""fused_1_high+fused_3_low"":0.30060733592956684,""fused_2_medium+fused_5_low"":0.23694155621308988,""fused_2_high+fused_3_low"":0.3874032682498041,""fused_1_high+fused_4_medium"":0.36189234432567985,""fused_1_high+fused_5_medium"":0.30122658885960535,""fused_4_medium+fused_5_low"":0.3771262072837065,""fused_1_high+fused_2_high"":0.32700424912964315,""fused_4_high+fused_5_medium"":0.540271232740556,""fused_2_medium+fused_4_medium"":0.3561222240138523,""fused_2_low+fused_3_high+fused_4_high"":0.2519871938059736}","{""fused_1"":0.15331717907863265,""fused_2"":0.258675621369849,""fused_3"":0.24054470863144092,""fused_4"":0.1634413195420686,""fused_5"":0.1840211713780087}","{""fused_1_medium"":0.054854282317162564,""fused_3_medium"":0.055510978504541536,""fused_1_low"":0.054074799663389364,""fused_2_high+fused_4_low+fused_5_high"":0.08781162799876574,""fused_1_high+fused_3_low"":0.07849456771968429,""fused_2_medium+fused_5_low"":0.08841353827212517,""fused_2_high+fused_3_low"":0.0691445173319632,""fused_1_high+fused_4_medium"":0.071540124485436,""fused_1_high+fused_5_medium"":0.07841384277658678,""fused_4_medium+fused_5_low"":0.07008031297936451,""fused_1_high+fused_2_high"":0.07525973616256677,""fused_4_high+fused_5_medium"":0.05855088550681636,""fused_2_medium+fused_4_medium"":0.07211736512848162,""fused_2_low+fused_3_high+fused_4_high"":0.08573342115311608}","{""fused_1"":0.7665858953931632,""fused_2"":1.2933781068492451,""fused_3"":1.2027235431572045,""fused_4"":0.8172065977103431,""fused_5"":0.9201058568900434}","{""fused_1_medium"":0.7679599524402759,""fused_3_medium"":0.7771536990635814,""fused_1_low"":0.7570471952874511,""fused_2_high+fused_4_low+fused_5_high"":1.2293627919827204,""fused_1_high+fused_3_low"":1.09892394807558,""fused_2_medium+fused_5_low"":1.2377895358097524,""fused_2_high+fused_3_low"":0.9680232426474847,""fused_1_high+fused_4_medium"":1.0015617427961039,""fused_1_high+fused_5_medium"":1.0977937988722148,""fused_4_medium+fused_5_low"":0.9811243817111032,""fused_1_high+fused_2_high"":1.0536363062759349,""fused_4_high+fused_5_medium"":0.819712397095429,""fused_2_medium+fused_4_medium"":1.0096431117987426,""fused_2_low+fused_3_high+fused_4_high"":1.200267896143625}",0.1972466386468862,0.05725403001667593,"[4,3,4,3,1,1,3,2,4,3,2,1,2,4,4,3,1,3,4,4,4,4,3,3,4,4,1,0,3,0,4,1,4,0,4,3,3,0,3,0,3,3,1,1,0,4,4,3,0,2,0,2,1,3,1,4,3,4,1,0,4,4,4,0,0,0,0,3,3,4,0,3,4,1,4,4,4,1,1,4,1,4,1,3,4,3,3,4,0,3,3,3,3,3,1,1,2,0,0,4,0,2,3,0,4,2,3,4,1,4,1,2,1,1,4,3,0,1,3,4,3,1,3,1,0,3,3,2,4,3,3,3,4,3,4,3,4,3,0,3,1,4,2,3,4,4,3,1,0,1,0,3,4,4,4,4,1,4,1,3,4,2,0,1,3,3,0,0,3,4,3,0,3,0,1,3,3,2,2,0,4,4,3,3,2,1,3,3,3,1,3,4,4,3,3,3,4,3,0,3,4,1,0,3,2,0,1,2,0,4,0,4,3,3,4,0,3,1,4,4,0,3,4,3,3,0,3,3,0,4,3,0,1,0,1,1,0,3,1,0,1,0,4,1,3,0,4,3,1,2,2,3,1,4,3,3,0,3,3,1,0,0,3,4,1,3,3,3,1,0,1,3,3,0,2,3,0,4,3,0,0,3,3,4,1,3,3,0,0,2,3,3,4,0,0,4,3,0,4,3,0,3,0,4,1,1,0,1,0,1,2,3,3,3,4,0,1,3,3,3,3,4,2,3,3,4,1,4,1,4,3,2,3,3,1,1,0,3,3,2,1,0,4,4,0,3,3,0,0,1,3,0,0,3,3,3,0,0,0,0,3,0,4,3,0,1,1,3,0,0,3,3,4,1,3,1,4,1,0,4,4,1,3,4,1,4,1,3,0,0,4,3,2,3,3,4,0,3,1,3,4,3,1,3,1,0,4,2,3,0,3,0,3,1,3,2,3,3,1,3,0,2,1,3,0,3,3,0,3,4,1,0,2,2,4,3,3,3,3,0,3,0,2,4,3,1,0,3,3,3,2,3,2,1,1,2,1,0,3,3,0,0,3,1,4,3,1,4,0,3,4,0,1,3,1,2,0,4,0,4,4,3,0,4,1,3,2,2,4,3,1,1,4,3,4,1,1,2,0,2,4,0,4,0,3,4,3,1,1,1,0,1,4,0,0,4,1,3,3,0,3,0,4,3,1,3,3,1,3,0,0,3,0,3,0,4,1,0,0,3,4,1,2,3,3,2,0,1,4,4,4,2,1,4,1,3,2,3,1,4,3,3,1,1,1,0,4,3,3,1,0,3,3,4,3,2,4,0,1,3,3,2,3,2,3,4,3,3,1,1,0,3,3,0,4,3,3,3,3,1,3,0,4,4,3,3,4,3,1,3,4,3,3,2,3,0,4,2,0,1,3,3,0,0,3,3,3,0,1,2,0,1,4,1,0,0,1,0,3,2,4,0,3,3,1,0,4,3,3,3,3,4,1,1,1,1,3,3,3,0,2,0,3,3,0,0,0,0,4,3,2,4,1,3,0,2,2,2,3,2,4,3,2,0,3,4,3,0,4,0,3,0,3,0,3,4,2,3,0,3,3,0,3,2,4,4,3,3,0,2,4,1,1,3,1,4,2,3,2,2,3,4,3,3,3,2,0,4,0,2,0,0,4,2,2,3,3,4,4,2,3,0,1,4,3,3,2,1,2,2,2,0,2,2,0,0,2,3,1,2,4,2,1,2,3,1,0,1,2,0,3,3,4,3,3,3,0,4,3,2,0,3,3,4,4,3,1,1,2,1,3,2,0,1,3,4,0,4,4,3,1,2,4,1,3,4,1,3,3,0,0,4,2,1,3,2,1,4,2,4,3,3,0,3,3,3,3,2,3,2,0,3,3,4,2,1,3,3,0,4,3,2,3,3,0,3,3,3,0,0,3,2,0,0,1,0,2,1,2,3,1,4,4,0,4,2,1,0,1,4,3,0,1,1,4,1,3,2,3,1,0,2,0,1,0,2,3,2,4,1,2,3,3,2,4,1,2,1,3,2,2,1,2,3,1,2,1,1,3,4,2,0,1,4,4,0,3,2,1,3,4,3,2,4,0,2,4,2,0,0,0,1,3,2,4,2,3,1,2,4,1,0,4,3,1,3,0,3,0,4,1,1,2,2,2,0,0,3,3,1,3,4,0,1,3,3,2,2,0,0,2,0,0,3,1,2,2,2,3,2,2,2,3,4,0,3,1,1,2,2,0,4,2,0,3,1,0,4,2,4,3,2,1,2,0,2,2,0,4,3,4,1,3,0,2,2,4,2,2,2,4,1,3,0,4,3,1,4,1,1,2,2,0,0,3,3,0,0,0,0,2,3,2,2,1,3,2,3,1,2,2,2,2,2,1,3,2,0,2,1,3,1,2,3,3,2,2,1,4,4,3,3,3,2,1,3,0,2,2,1,2,3,1,4,1,0,2,0,2,3,0,2,0,2,2,4,2,2,2,1,2,2,0,3,0,0,1,4,3,3,0,2,0,3,2,4,2,1,0,4,1,3,3,1,3,0,2,3,0,2,2,3,4,0,0,4,2,3,3,1,3,1,1,3,2,1,2,2,4,1,3,1,1,2,2,2,3,2,2,1,1,2,3,0,0,2,1,3,3,0,4,3,3,2,2,3,2,2,2,4,3,1,1,2,3,0,3,2,0,3,3,0,3,3,0,3,2,2,1,2,3,2,2,3,0,0,3,3,0,4,4,2,3,3,2,0,2,3,3,3,4,0,2,2,4,4,3,3,2,2,1,4,1,2,0,1,2,3,2,2,3,2,0,2,3,2,2,2,2,2,3,0,0,1,1,2,1,3,2,0,2,2,0,3,3,2,2,0,3,0,3,2,2,2,2,0,2,0,3,0,3,2,2,0,0,3,1,3,0,2,3,1,2,3,0,3,3,3,3,1,3,3,4,3,4,2,0,0,4,0,1,4,0,0,3,2,0,0,2,3,3,4,3,3,0,3,0,4,3,3,0,1,0,2,0,3,2,3,2,3,1,0,3,3,1,4,4,3,4,4,2,1,2,0,3,4,0,3,4,1,2,4,2,4,2,3,0,0,0,3,3,0,1,3,4,2,2,2,2,2,3,3,0,3,2,2,2,0,3,3,0,4,4,2,0,1,2,2,0,4,3,2,0,0,4,2,1,2,0,0,4,1,3,2,2,0,2,0,1,1,3,4,1,0,3,1,3,3,3,0,3,0,0,1,2,4,3,0,4,0,3,3,0,3,4,3,4,0,0,3,1,1,3,3,3,0,1,2,3,2,3,2,3,1,1,1,3,4,1,4,1,3,1,0,2,2,1,1,2,4,2,3,2,2,4,2,0,3,4,0,3,2,4,2,2,2,0,1,1,2,2,2,2,3,0,0,2,4,1,3,3,3,3,2,3,3,3,2,0,1,3,0,4,0,0,3,0,4,1,2,2,1,4,1,3,2,2,0,0,2,4,3,2,2,0,3,0,2,0,3,3,4,3,2,1,1,0,3,2,0,2,4,3,0,2,0,4,2,3,2,2,0,4,4,1,1,1,2,2,3,3,0,1,2,1,2,2,1,4,3,0,0,2,2,4,3,3,0,2,2,3,3,2,0,2,4,2,3,2,2,0,2,0,3,3,2,1,2,2,2,3,0,3,0,0,0,3,4,2,3,1,4,1,2,3,2,3,3,3,2,1,2,2,3,0,0,4,1,4,1,3,2,1,1,4,0,3,2,0,0,2,3,2,3,3,3,2,0,3,4,3,2,0,1,2,1,4,0,0,0,4,4,0,2,3,0,4,3,1,3,2,1,1,1,0,0,2,0,3,0,2,4,4,2,2,2,3,2,4,2,0,0,0,2,3,3,3,0,3,1,2,1,1,0,3,1,2,1,3,2,3,1,3,3,0,2,2,4,0,4,3,3,2,3,0,0,3,2,3,2,3,0,4,3,3,0,0,0,0,1,3,4,2,1,2,4,1,1,3,0,0,0,1,1,2,3,3,0,2,2,0,2,2,2,2,0,3,2,2,0,3,3,2,2,2,2,2,1,1]",ok,
75,quantile,3,0.1,0.24716053269791527,41,"fused_2_medium+fused_5_low, fused_4_medium+fused_5_low, fused_4_high+fused_5_medium, fused_2_medium+fused_4_medium, fused_2_low+fused_3_high+fused_4_high, fused_1_low+fused_5_low, fused_1_medium+fused_3_medium, fused_3_low+fused_4_low, fused_1_medium+fused_2_low, fused_4_medium+fused_5_medium, fused_1_low+fused_2_low, fused_1_medium+fused_5_high, fused_1_medium+fused_3_high, fused_1_high+fused_3_low+fused_5_medium, fused_1_high+fused_3_low+fused_4_medium, fused_2_medium+fused_3_low, fused_2_medium+fused_3_medium, fused_2_low+fused_5_medium, fused_2_medium+fused_5_medium, fused_1_low+fused_3_medium, fused_3_high+fused_5_low, fused_1_low+fused_4_low, fused_1_medium+fused_4_low, fused_1_medium+fused_4_high, fused_1_high+fused_2_high+fused_3_low, fused_1_high+fused_2_medium, fused_3_medium+fused_5_low, fused_2_medium+fused_4_high, fused_2_high+fused_3_medium+fused_4_low+fused_5_high, fused_1_low+fused_5_high, fused_4_high+fused_5_low, fused_3_high+fused_5_high, fused_2_low+fused_5_high, fused_1_medium+fused_2_medium, fused_3_medium+fused_4_medium, fused_2_low+fused_4_medium, fused_1_low+fused_2_medium, fused_1_low+fused_3_high+fused_4_high, fused_1_medium+fused_5_medium, fused_3_high+fused_5_medium, fused_2_low+fused_5_low","[288, 297, 370, 384, 460]",0.9,0.2,5.0,"{""fused_1"":0.604698388517902,""fused_2"":0.2463244758908465,""fused_3"":0.28759106226864317,""fused_4"":0.4037889802638155,""fused_5"":0.4390258663296125}","{""fused_2_medium+fused_5_low"":0.7860664455166686,""fused_4_medium+fused_5_low"":0.7629068179687546,""fused_4_high+fused_5_medium"":0.7060253282209692,""fused_2_medium+fused_4_medium"":0.7589802216666932,""fused_2_low+fused_3_high+fused_4_high"":0.7546209577947895,""fused_1_low+fused_5_low"":0.8052880174177106,""fused_1_medium+fused_3_medium"":0.8364483596296025,""fused_3_low+fused_4_low"":0.7441182163931123,""fused_1_medium+fused_2_low"":0.7982301988597318,""fused_4_medium+fused_5_medium"":0.7502863325372655,""fused_1_low+fused_2_low"":0.7969978655741783,""fused_1_medium+fused_5_high"":0.81963497301733,""fused_1_medium+fused_3_high"":0.7916695601686959,""fused_1_high+fused_3_low+fused_5_medium"":0.6618921757455719,""fused_1_high+fused_3_low+fused_4_medium"":0.6608353445336073,""fused_2_medium+fused_3_low"":0.7614343656156548,""fused_2_medium+fused_3_medium"":0.7179948765851605,""fused_2_low+fused_5_medium"":0.6668514140201481,""fused_2_medium+fused_5_medium"":0.815162115598395,""fused_1_low+fused_3_medium"":0.8153221908814683,""fused_3_high+fused_5_low"":0.7135048482094429,""fused_1_low+fused_4_low"":0.7094665366994701,""fused_1_medium+fused_4_low"":0.7397389445780368,""fused_1_medium+fused_4_high"":0.7958198566230472,""fused_1_high+fused_2_high+fused_3_low"":0.694703293289823,""fused_1_high+fused_2_medium"":0.7400083954216072,""fused_3_medium+fused_5_low"":0.6665461138361628,""fused_2_medium+fused_4_high"":0.8307396602131873,""fused_2_high+fused_3_medium+fused_4_low+fused_5_high"":0.680791271551143,""fused_1_low+fused_5_high"":0.7421655944847547,""fused_4_high+fused_5_low"":0.7556554507593995,""fused_3_high+fused_5_high"":0.7155765436592781,""fused_2_low+fused_5_high"":0.6712904775430902,""fused_1_medium+fused_2_medium"":0.8153968194982266,""fused_3_medium+fused_4_medium"":0.7354890482640439,""fused_2_low+fused_4_medium"":0.8176333133091497,""fused_1_low+fused_2_medium"":0.8264248489521631,""fused_1_low+fused_3_high+fused_4_high"":0.7946987271866109,""fused_1_medium+fused_5_medium"":0.7220699675899932,""fused_3_high+fused_5_medium"":0.6757655563631308,""fused_2_low+fused_5_low"":0.7779712214342427}","{""fused_1"":0.17713331397404378,""fused_2"":0.2217216280466238,""fused_3"":0.21330012230026574,""fused_4"":0.19595048153815275,""fused_5"":0.19189445414091408}","{""fused_2_medium+fused_5_low"":0.024102593952647557,""fused_4_medium+fused_5_low"":0.02428346884476674,""fused_4_high+fused_5_medium"":0.024758454354071265,""fused_2_medium+fused_4_medium"":0.02431481582336363,""fused_2_low+fused_3_high+fused_4_high"":0.024349855220646293,""fused_1_low+fused_5_low"":0.02395746099441519,""fused_1_medium+fused_3_medium"":0.023731151698589668,""fused_3_low+fused_4_low"":0.02443532472751197,""fused_1_medium+fused_2_low"":0.024010243276453236,""fused_4_medium+fused_5_medium"":0.024384948355542117,""fused_1_low+fused_2_low"":0.02401951917363094,""fused_1_medium+fused_5_high"":0.023851927395702778,""fused_1_medium+fused_3_high"":0.024059833208147696,""fused_1_high+fused_3_low+fused_5_medium"":0.025161225334619904,""fused_1_high+fused_3_low+fused_4_medium"":0.025171278987269383,""fused_2_medium+fused_3_low"":0.02429520010890871,""fused_2_medium+fused_3_medium"":0.024654617132169657,""fused_2_low+fused_5_medium"":0.025114314578269157,""fused_2_medium+fused_5_medium"":0.023884579626760997,""fused_1_low+fused_3_medium"":0.023883407203020658,""fused_3_high+fused_5_low"":0.024693313313063413,""fused_1_low+fused_4_low"":0.024728377385120855,""fused_1_medium+fused_4_low"":0.02447140914146332,""fused_1_medium+fused_4_high"":0.024028402941563214,""fused_1_high+fused_2_high+fused_3_low"":0.024858719823164125,""fused_1_high+fused_2_medium"":0.024469181213232587,""fused_3_medium+fused_5_low"":0.02511718988129849,""fused_2_medium+fused_4_high"":0.023771816152033057,""fused_2_high+fused_3_medium+fused_4_low+fused_5_high"":0.02498475552312302,""fused_1_low+fused_5_high"":0.024451381099722547,""fused_4_high+fused_5_low"":0.024341517195682456,""fused_3_high+fused_5_high"":0.024675421216357223,""fused_2_low+fused_5_high"":0.0250726926694205,""fused_1_medium+fused_2_medium"":0.02388286070627882,""fused_3_medium+fused_4_medium"":0.024506683749405324,""fused_2_low+fused_4_medium"":0.023866512073582733,""fused_1_low+fused_2_medium"":0.02380278408771619,""fused_1_low+fused_3_high+fused_4_high"":0.024036873041298357,""fused_1_medium+fused_5_medium"":0.024619757926720335,""fused_3_high+fused_5_medium"":0.025031079867326497,""fused_2_low+fused_5_low"":0.02416505099591938}","{""fused_1"":0.8856665698702189,""fused_2"":1.108608140233119,""fused_3"":1.0665006115013287,""fused_4"":0.9797524076907638,""fused_5"":0.9594722707045704}","{""fused_2_medium+fused_5_low"":0.9882063520585498,""fused_4_medium+fused_5_low"":0.9956222226354364,""fused_4_high+fused_5_medium"":1.0150966285169218,""fused_2_medium+fused_4_medium"":0.9969074487579088,""fused_2_low+fused_3_high+fused_4_high"":0.998344064046498,""fused_1_low+fused_5_low"":0.9822559007710228,""fused_1_medium+fused_3_medium"":0.9729772196421764,""fused_3_low+fused_4_low"":1.0018483138279908,""fused_1_medium+fused_2_low"":0.9844199743345827,""fused_4_medium+fused_5_medium"":0.9997828825772268,""fused_1_low+fused_2_low"":0.9848002861188685,""fused_1_medium+fused_5_high"":0.9779290232238139,""fused_1_medium+fused_3_high"":0.9864531615340555,""fused_1_high+fused_3_low+fused_5_medium"":1.0316102387194162,""fused_1_high+fused_3_low+fused_4_medium"":1.0320224384780448,""fused_2_medium+fused_3_low"":0.9961032044652571,""fused_2_medium+fused_3_medium"":1.010839302418956,""fused_2_low+fused_5_medium"":1.0296868977090354,""fused_2_medium+fused_5_medium"":0.9792677646972009,""fused_1_low+fused_3_medium"":0.979219695323847,""fused_3_high+fused_5_low"":1.0124258458356,""fused_1_low+fused_4_low"":1.0138634727899551,""fused_1_medium+fused_4_low"":1.003327774799996,""fused_1_medium+fused_4_high"":0.9851645206040918,""fused_1_high+fused_2_high+fused_3_low"":1.019207512749729,""fused_1_high+fused_2_medium"":1.003236429742536,""fused_3_medium+fused_5_low"":1.0298047851332381,""fused_2_medium+fused_4_high"":0.9746444622333553,""fused_2_high+fused_3_medium+fused_4_low+fused_5_high"":1.0243749764480439,""fused_1_low+fused_5_high"":1.0025066250886245,""fused_4_high+fused_5_low"":0.9980022050229808,""fused_3_high+fused_5_high"":1.011692269870646,""fused_2_low+fused_5_high"":1.0279803994462404,""fused_1_medium+fused_2_medium"":0.9791972889574316,""fused_3_medium+fused_4_medium"":1.0047740337256184,""fused_2_low+fused_4_medium"":0.9785269950168921,""fused_1_low+fused_2_medium"":0.9759141475963637,""fused_1_low+fused_3_high+fused_4_high"":0.9855117946932327,""fused_1_medium+fused_5_medium"":1.0094100749955337,""fused_3_high+fused_5_medium"":1.0262742745603863,""fused_2_low+fused_5_low"":0.9907670908326945}",0.1297239525041521,0.023902167871039465,"[3,3,3,3,2,2,1,4,1,2,4,2,4,3,3,1,2,1,3,3,1,1,3,3,1,3,2,2,0,0,1,2,3,0,3,1,1,0,1,0,1,0,2,2,3,3,1,1,2,4,0,4,2,2,2,1,1,1,2,0,1,3,3,0,0,3,2,0,1,1,3,1,1,2,3,1,1,2,2,1,2,1,2,1,3,3,3,3,2,3,1,4,1,1,2,2,4,3,0,3,2,4,4,2,1,4,0,1,2,3,2,4,2,2,1,1,0,2,0,1,0,2,0,2,0,3,1,4,3,1,1,1,1,0,3,0,3,1,3,3,2,3,4,3,3,3,1,2,3,2,0,0,3,3,3,1,2,3,2,1,3,4,0,2,3,3,2,2,3,1,0,0,3,0,2,1,0,4,4,0,3,3,1,3,4,2,2,4,1,2,3,3,1,1,0,1,3,3,2,0,1,4,3,1,4,0,2,4,2,3,2,1,1,3,1,2,4,2,3,3,0,1,3,1,3,2,3,4,0,1,3,4,2,4,2,2,3,0,2,2,2,0,3,2,1,3,1,1,2,4,4,1,2,3,3,1,0,1,1,2,4,0,3,1,2,1,1,0,2,2,2,1,1,4,4,3,0,3,1,4,0,1,0,1,2,3,0,4,3,4,3,0,3,3,0,1,1,2,1,3,2,0,0,3,2,2,0,2,0,2,4,3,1,1,1,0,2,1,3,1,1,1,4,0,2,3,2,3,2,3,3,4,0,3,2,2,0,1,4,4,2,0,1,1,0,3,0,0,2,2,1,0,0,0,4,1,2,0,3,4,0,3,3,1,0,2,2,0,2,3,1,1,3,2,2,2,3,2,0,3,3,2,3,1,2,3,2,0,2,0,1,1,4,1,2,3,0,4,2,3,1,1,2,0,2,2,3,4,1,2,2,0,0,2,3,4,1,1,2,1,0,4,2,3,0,3,3,0,1,1,2,2,4,4,1,0,3,0,0,0,0,2,4,1,4,2,0,1,2,0,4,0,4,2,2,4,2,0,1,0,2,3,2,2,3,0,2,3,0,1,3,3,2,3,2,4,0,3,0,3,3,1,3,3,2,1,4,4,3,1,2,2,3,3,3,2,2,4,0,4,1,0,1,0,1,1,2,2,2,2,3,2,3,0,0,3,2,1,1,0,3,0,1,4,2,1,0,2,3,0,2,3,0,1,2,1,2,0,2,1,3,2,4,1,1,4,0,2,3,3,1,4,2,3,2,3,4,3,2,3,1,0,2,2,2,0,3,1,1,2,0,1,4,3,1,4,1,0,2,3,0,4,1,4,4,3,1,1,2,2,0,1,2,0,1,1,1,0,1,2,3,3,1,3,0,1,1,1,2,3,3,1,1,4,1,0,3,4,0,2,0,0,2,0,3,3,1,2,2,4,0,2,1,2,3,0,2,3,1,4,3,0,3,4,2,0,3,3,1,0,2,1,2,2,2,2,0,3,1,2,4,0,3,1,2,2,3,3,3,3,4,3,2,3,3,4,4,4,1,4,3,0,4,3,3,1,3,0,3,3,1,0,1,3,0,3,4,3,3,0,2,2,3,4,1,3,3,1,3,4,3,2,2,1,2,1,4,3,4,4,1,1,3,0,1,4,0,1,0,4,3,0,3,4,4,2,1,3,1,4,3,0,2,3,1,3,4,2,4,4,4,4,4,4,2,3,4,1,2,4,3,4,2,4,0,2,4,2,4,0,4,4,1,3,4,0,0,3,1,4,0,3,4,1,1,3,2,2,4,2,1,4,3,2,2,1,3,1,3,3,2,4,3,2,1,3,2,3,0,0,4,3,4,2,3,4,2,3,4,3,1,3,3,3,1,1,1,4,0,4,2,0,3,1,4,2,0,3,4,3,2,4,1,1,3,4,0,2,0,3,3,4,0,4,2,3,4,2,4,3,2,3,3,0,1,4,2,0,2,3,1,0,2,2,1,2,2,4,3,2,0,4,0,2,4,4,0,4,1,2,4,2,1,4,3,2,4,2,3,4,4,2,4,1,2,4,2,2,1,3,4,0,2,3,3,0,4,4,2,2,3,3,4,1,3,4,3,4,0,0,0,2,0,4,3,4,1,4,4,3,2,0,3,1,2,1,4,0,2,1,2,2,4,4,4,3,0,1,0,2,0,1,0,2,0,1,4,4,3,4,4,0,3,2,2,4,4,4,1,4,4,4,1,3,0,4,2,2,4,4,0,3,4,2,1,2,2,1,4,1,4,4,2,4,2,4,4,0,3,1,3,2,1,4,4,4,3,4,4,4,3,2,0,0,3,3,2,3,2,2,4,4,4,0,1,1,0,2,4,2,4,4,4,4,4,4,4,1,2,4,4,4,4,4,2,0,4,0,4,2,3,2,4,4,4,4,4,2,1,3,3,1,4,4,2,4,0,4,4,2,4,1,2,3,2,2,4,4,4,1,0,4,4,4,4,3,4,4,4,2,4,4,3,3,0,3,2,3,3,3,4,4,4,3,4,1,4,2,4,3,2,3,0,2,0,3,4,3,3,4,4,3,3,0,0,1,4,4,0,2,1,2,2,1,4,2,4,4,3,2,0,2,2,4,4,4,4,4,4,2,4,4,0,0,4,4,2,3,3,0,1,1,4,4,4,3,4,4,4,3,2,2,2,4,4,0,0,4,0,1,0,2,3,1,0,1,4,4,2,4,0,4,4,3,0,3,1,0,0,3,1,4,1,4,4,3,4,4,3,0,3,3,4,4,3,1,4,0,4,4,2,3,2,4,0,2,4,4,4,4,3,4,2,4,1,4,4,4,4,4,3,2,0,2,2,4,2,3,4,3,4,4,4,3,3,4,4,0,1,3,4,4,4,4,4,0,4,2,4,0,0,4,4,0,4,1,2,3,4,4,1,2,4,1,4,1,2,0,1,2,1,1,3,3,3,4,0,0,3,4,2,3,4,0,1,4,4,4,4,1,1,1,1,1,4,3,0,1,1,2,2,2,2,4,0,4,4,1,4,4,2,0,1,1,2,1,3,4,3,1,4,2,4,0,3,3,3,2,1,2,4,3,4,3,4,3,0,3,0,3,1,0,2,3,3,4,4,4,4,4,1,1,0,0,4,4,4,2,3,3,4,1,3,4,0,2,4,4,0,3,3,4,0,0,3,4,2,4,0,0,3,2,3,4,4,0,4,0,2,2,3,3,4,4,1,2,0,1,4,0,3,0,0,2,4,3,1,3,1,0,1,4,3,3,3,2,3,4,0,1,2,2,0,0,4,0,2,4,3,4,2,4,3,2,2,2,3,3,2,3,2,3,2,0,4,4,2,2,4,1,4,1,4,4,3,4,4,0,1,0,0,4,3,4,4,4,4,2,2,4,4,4,4,3,0,3,4,3,2,1,3,3,3,4,0,0,1,4,0,2,1,3,3,0,0,1,3,3,2,4,4,2,3,2,1,4,4,0,3,4,3,3,4,4,3,4,0,4,2,3,0,1,4,4,2,2,0,1,4,0,4,3,1,0,4,2,3,4,1,4,4,0,3,1,2,2,2,4,4,3,4,0,2,4,2,4,4,2,3,3,3,2,4,4,3,3,2,0,4,4,1,3,4,2,4,1,4,1,4,4,0,4,3,1,3,4,2,4,4,4,1,3,3,0,0,0,1,3,4,1,4,3,2,4,0,4,4,1,1,4,2,4,4,3,0,0,3,2,1,2,3,4,2,2,3,4,0,4,2,0,4,0,4,4,0,1,4,0,1,3,3,4,0,2,4,2,3,3,0,0,3,3,0,4,1,0,3,3,2,1,4,2,2,2,0,0,4,0,0,0,4,1,3,4,4,4,3,4,3,4,0,0,3,4,1,3,2,3,1,2,4,2,2,0,1,2,4,2,2,4,0,2,4,3,0,4,4,1,3,3,3,3,4,0,3,0,1,4,4,4,4,0,3,3,1,2,2,3,0,2,4,1,4,2,4,1,2,2,3,0,2,2,2,2,4,2,4,0,4,4,0,4,4,4,4,0,0,4,4,0,2,1,4,4,4,4,4,2,2]",ok,
76,quantile,5,1.0,0.42748573683993574,0,,[],,,,,,,,,,,,,baseline_no_features,
77,quantile,5,0.95,0.42748573683993574,0,,[],,,,,,,,,,,,,baseline_no_features,
78,quantile,5,0.9,0.42748573683993574,0,,[],,,,,,,,,,,,,baseline_no_features,
79,quantile,5,0.85,0.42748573683993574,0,,[],,,,,,,,,,,,,baseline_no_features,
80,quantile,5,0.8,0.42748573683993574,0,,[],,,,,,,,,,,,,baseline_no_features,
81,quantile,5,0.75,0.42748573683993574,0,,[],,,,,,,,,,,,,baseline_no_features,
82,quantile,5,0.7,0.42748573683993574,0,,[],,,,,,,,,,,,,baseline_no_features,
83,quantile,5,0.65,0.42748573683993574,0,,[],,,,,,,,,,,,,baseline_no_features,
84,quantile,5,0.6,0.42748573683993574,0,,[],,,,,,,,,,,,,baseline_no_features,
85,quantile,5,0.55,0.42748573683993574,0,,[],,,,,,,,,,,,,baseline_no_features,
86,quantile,5,0.5,0.42748573683993574,0,,[],,,,,,,,,,,,,baseline_no_features,
87,quantile,5,0.45,0.42748573683993574,0,,[],,,,,,,,,,,,,baseline_no_features,
88,quantile,5,0.4,0.42748573683993574,0,,[],,,,,,,,,,,,,baseline_no_features,
89,quantile,5,0.35,0.42748573683993574,0,,[],,,,,,,,,,,,,baseline_no_features,
90,quantile,5,0.3,0.42748573683993574,0,,[],,,,,,,,,,,,,baseline_no_features,
91,quantile,5,0.25,0.42748573683993574,0,,[],,,,,,,,,,,,,baseline_no_features,
92,quantile,5,0.2,0.28243605322979015,19,"fused_3_high, fused_1_high, fused_1_low, fused_1_medium, fused_1_veryhigh, fused_2_high, fused_2_low, fused_2_medium, fused_2_veryhigh, fused_3_low, fused_3_veryhigh, fused_4_high, fused_4_low, fused_4_medium, fused_4_veryhigh, fused_5_high, fused_5_low, fused_5_medium, fused_5_veryhigh","[458, 359, 364, 367, 251]",0.5,0.7,5.0,"{""fused_1"":0.5892869145010662,""fused_2"":0.19286330976079208,""fused_3"":0.37159703883119866,""fused_4"":0.6509499105018429,""fused_5"":0.5146062736106776}","{""fused_3_high"":0.5648852026204565,""fused_1_high"":0.6316325520602404,""fused_1_low"":0.6482758291147235,""fused_1_medium"":0.6360066242671225,""fused_1_veryhigh"":0.4013333174712638,""fused_2_high"":0.3047886867739784,""fused_2_low"":0.30153873665157976,""fused_2_medium"":0.30448659175775117,""fused_2_veryhigh"":0.306011220548407,""fused_3_low"":0.5918480254999129,""fused_3_veryhigh"":0.556419367026809,""fused_4_high"":0.6524081321717212,""fused_4_low"":0.611186264931818,""fused_4_medium"":0.6153116964198171,""fused_4_veryhigh"":0.5482295392054336,""fused_5_high"":0.47656327404934984,""fused_5_low"":0.6399153191456948,""fused_5_medium"":0.6428564236028906,""fused_5_veryhigh"":0.33685111206545887}","{""fused_1"":0.1833455063276825,""fused_2"":0.2424038792356292,""fused_3"":0.2057471880352041,""fused_4"":0.17884017106693795,""fused_5"":0.18966325533454634}","{""fused_3_high"":0.050734160845434605,""fused_1_high"":0.049337189369701974,""fused_1_low"":0.04901743410867504,""fused_1_medium"":0.04925214181318682,""fused_1_veryhigh"":0.055260425837996986,""fused_2_high"":0.05919578993540394,""fused_2_low"":0.05935465066941964,""fused_2_medium"":0.059210467185644856,""fused_2_veryhigh"":0.059136578442276544,""fused_3_low"":0.050146194436223035,""fused_3_veryhigh"":0.050926047591817486,""fused_4_high"":0.04893963089743723,""fused_4_low"":0.049744736481448365,""fused_4_medium"":0.04966114612479405,""fused_4_veryhigh"":0.051115183357679374,""fused_5_high"":0.05293712952802789,""fused_5_low"":0.049176759131803575,""fused_5_medium"":0.04912041576133117,""fused_5_veryhigh"":0.05773391848169731}","{""fused_1"":0.9167275316384126,""fused_2"":1.212019396178146,""fused_3"":1.0287359401760203,""fused_4"":0.8942008553346897,""fused_5"":0.9483162766727317}","{""fused_3_high"":0.9639490560632575,""fused_1_high"":0.9374065980243375,""fused_1_low"":0.9313312480648257,""fused_1_medium"":0.9357906944505496,""fused_1_veryhigh"":1.0499480909219427,""fused_2_high"":1.124720008772675,""fused_2_low"":1.1277383627189732,""fused_2_medium"":1.1249988765272523,""fused_2_veryhigh"":1.1235949904032543,""fused_3_low"":0.9527776942882377,""fused_3_veryhigh"":0.9675949042445322,""fused_4_high"":0.9298529870513073,""fused_4_low"":0.9451499931475189,""fused_4_medium"":0.9435617763710871,""fused_4_veryhigh"":0.971188483795908,""fused_5_high"":1.00580546103253,""fused_5_low"":0.9343584235042679,""fused_5_medium"":0.9332878994652922,""fused_5_veryhigh"":1.0969444511522488}",0.1594644058201762,0.02056698165647582,"[4,0,4,4,3,2,0,1,4,3,1,2,1,0,0,3,2,0,4,4,0,0,4,4,0,4,2,2,2,0,4,2,4,3,4,3,0,3,0,3,3,0,2,2,0,4,0,4,3,1,3,1,2,3,2,0,3,0,3,3,0,4,4,3,3,0,2,3,4,4,0,3,0,3,4,4,0,2,2,4,2,0,2,0,0,4,4,4,2,4,3,1,2,3,2,3,1,3,3,0,2,1,2,3,0,1,0,0,2,4,2,1,2,2,0,0,3,0,0,0,0,2,3,2,3,0,0,1,0,0,4,0,0,3,0,0,0,0,0,4,2,0,1,4,4,4,2,2,3,2,3,0,0,4,4,4,2,4,2,0,4,1,0,2,0,4,2,3,0,0,2,3,4,2,2,0,0,1,1,0,0,4,0,4,1,3,2,2,3,2,4,4,4,3,3,3,4,4,2,0,0,2,3,3,1,0,2,1,3,4,2,0,0,4,0,3,2,2,0,4,0,3,4,4,4,3,4,2,3,0,4,3,2,3,2,2,3,3,3,3,2,3,4,3,0,3,0,4,3,1,1,0,3,4,4,0,3,3,0,4,3,3,4,0,2,3,3,0,2,3,2,4,0,3,1,4,3,0,4,3,3,0,2,4,3,4,0,3,0,1,0,2,0,3,0,0,0,2,0,4,3,3,0,4,2,2,3,2,2,2,1,4,2,0,0,3,2,4,0,0,0,0,1,0,3,4,2,0,2,0,0,1,0,0,2,1,3,4,2,2,2,3,0,0,3,0,3,3,0,3,3,0,3,0,2,0,3,3,0,3,0,0,4,0,3,3,2,0,3,3,0,3,4,2,3,2,0,2,2,4,0,2,4,0,2,4,0,0,2,3,4,3,1,0,3,4,3,2,2,0,0,3,2,0,2,3,0,1,0,3,2,3,0,2,4,1,3,0,2,4,2,1,2,4,3,4,0,3,0,0,2,2,1,1,4,3,4,0,0,3,0,3,1,0,1,2,3,4,3,2,1,0,1,2,2,1,2,3,0,0,2,3,3,2,4,0,2,0,3,0,0,0,2,4,2,1,3,4,3,4,4,3,3,0,2,3,1,1,4,0,3,2,4,4,4,2,2,1,3,1,0,0,0,2,0,0,2,3,2,3,0,2,0,3,0,0,2,0,3,3,4,3,0,3,2,4,0,2,4,3,3,4,3,0,3,4,2,3,0,0,4,2,1,0,0,1,3,2,4,4,0,1,2,4,3,4,1,4,2,4,0,3,2,2,2,0,4,0,3,3,3,0,1,4,2,1,0,3,2,4,0,1,3,1,2,0,0,0,2,2,0,4,3,3,0,4,0,3,3,2,4,0,0,4,0,0,0,0,2,4,4,0,0,1,0,2,4,1,2,2,2,0,2,0,4,4,0,2,2,1,3,2,4,2,3,3,2,3,4,1,0,3,0,2,2,3,4,4,0,0,3,4,2,2,3,2,3,4,0,3,1,3,4,3,0,3,3,3,4,4,1,0,2,4,3,1,1,1,3,1,4,0,1,0,4,0,0,3,0,3,0,0,3,3,0,4,1,4,3,0,2,2,0,1,4,4,0,0,0,1,0,2,3,3,2,0,1,4,1,2,0,4,4,0,0,1,3,0,3,1,3,3,0,1,1,2,0,0,0,1,4,3,2,0,0,4,1,2,1,1,1,3,1,1,2,0,1,4,2,1,0,1,2,1,0,2,3,2,2,3,3,2,0,4,2,3,0,0,0,1,0,0,0,0,0,4,2,2,1,2,2,1,0,2,3,0,3,0,4,0,2,1,4,2,0,4,2,0,0,3,3,4,1,2,4,1,2,0,1,0,3,4,3,0,0,3,4,1,0,1,2,0,4,0,1,2,0,4,3,4,3,1,0,0,3,2,0,3,0,3,0,1,0,3,2,3,1,2,1,0,2,4,0,0,0,1,2,3,2,4,3,3,2,3,0,2,3,1,4,2,3,1,0,2,3,1,0,1,0,2,1,3,0,1,0,3,1,2,0,1,1,2,1,0,2,1,2,2,3,0,2,0,2,0,0,0,2,1,2,2,0,4,1,0,3,1,4,1,3,0,3,2,3,1,4,1,0,2,1,0,2,3,0,4,2,3,3,0,2,0,2,2,1,1,1,0,3,0,0,2,3,0,3,2,3,3,1,1,0,2,1,0,0,0,2,1,1,1,3,1,1,1,4,0,3,3,2,2,1,1,3,4,2,3,3,2,2,0,1,0,2,1,2,1,2,1,1,3,0,0,0,3,0,3,1,1,4,1,1,1,4,2,3,3,0,0,3,4,2,2,1,1,3,3,0,0,3,2,3,2,1,0,1,1,2,1,1,0,2,1,1,1,1,1,2,0,1,3,1,2,4,2,1,2,2,1,1,3,0,4,4,0,1,1,2,2,0,1,1,2,1,4,2,4,2,2,1,3,1,0,3,1,3,1,1,0,1,1,1,2,1,1,3,4,3,0,2,0,0,0,3,1,2,0,1,0,1,2,3,0,4,0,3,2,0,3,1,4,0,1,1,4,0,2,3,0,1,2,3,2,0,2,2,0,1,2,2,1,4,2,2,2,2,1,1,1,3,1,1,2,2,1,0,3,3,1,2,0,4,3,0,0,2,1,1,0,2,1,1,4,3,2,2,1,3,3,3,1,3,4,0,3,4,0,3,4,1,1,2,1,0,1,1,4,2,0,3,0,2,0,0,1,4,2,2,3,1,1,0,2,4,0,1,1,0,0,2,0,1,1,2,4,2,1,3,2,1,3,1,1,4,1,3,1,3,2,1,1,1,1,0,2,3,2,2,1,3,4,1,0,1,1,3,0,0,2,1,3,0,3,2,1,1,1,1,0,1,2,0,3,0,1,1,0,3,3,2,0,3,1,0,0,1,4,2,4,0,3,0,1,3,0,4,0,4,1,0,3,4,3,3,0,3,3,0,1,3,3,1,0,0,4,0,0,3,4,3,0,0,3,2,2,2,1,3,2,1,4,1,1,2,3,0,4,2,0,0,0,4,4,1,2,1,0,4,0,3,2,0,2,1,0,1,4,1,4,3,3,3,4,4,3,2,0,0,1,1,1,1,1,0,4,3,2,1,2,1,3,0,4,3,0,0,1,3,3,1,1,2,0,4,1,3,2,4,1,2,1,3,3,4,2,4,1,1,2,2,3,2,2,4,4,2,3,0,2,0,4,2,2,0,3,3,2,1,4,4,0,0,3,4,2,0,4,4,3,4,3,3,3,2,2,3,0,2,3,2,1,0,1,2,1,4,2,2,2,0,4,2,4,2,4,2,3,1,1,2,2,1,0,1,0,1,1,4,1,0,0,0,0,3,1,0,1,1,1,3,2,2,1,1,1,1,4,3,3,1,0,2,4,4,4,4,1,2,0,0,1,2,2,0,0,4,3,3,0,3,0,2,1,1,3,4,2,0,1,1,0,3,1,0,3,1,1,3,2,0,1,3,4,0,0,2,1,2,2,0,0,1,0,1,4,3,0,1,2,0,1,0,1,1,2,4,0,3,2,2,1,1,0,3,3,2,1,2,1,1,2,4,4,3,2,1,1,4,0,2,3,1,1,4,4,1,2,1,4,1,0,1,2,3,1,0,0,4,1,2,1,1,1,0,0,4,3,0,3,0,4,1,0,2,0,2,1,0,1,2,0,3,1,3,1,1,4,3,0,4,2,0,2,0,1,3,2,0,3,3,1,2,3,1,0,1,2,0,4,1,3,0,0,4,1,3,2,1,2,4,3,3,0,0,0,3,1,0,3,0,4,2,0,1,3,2,3,3,0,1,3,3,3,1,4,4,1,1,1,0,1,0,1,3,2,0,1,0,4,2,0,3,2,1,2,2,3,3,2,1,2,2,1,0,2,0,0,3,1,1,0,0,0,0,4,1,3,3,0,3,1,2,1,0,3,4,0,4,2,3,0,3,2,1,0,1,2,1,0,3,2,0,0,2,2,3,3,1,2,3,3,1,1,3,1,1,1,1,0,0,1,1,0,3,3,1,2,1,1,1,1,3]",ok,
93,quantile,5,0.15,0.25888356557580344,23,"fused_3_high, fused_1_high, fused_1_low, fused_1_medium, fused_1_veryhigh, fused_2_high, fused_2_low, fused_2_medium, fused_3_low, fused_3_veryhigh, fused_4_high, fused_4_low, fused_4_medium, fused_4_veryhigh, fused_5_high, fused_5_low, fused_5_medium, fused_1_verylow, fused_2_verylow, fused_3_verylow, fused_5_verylow, fused_3_medium, fused_2_veryhigh+fused_4_verylow+fused_5_veryhigh","[359, 360, 360, 343, 377]",0.5,0.2,2.0,"{""fused_1"":0.5120198333031393,""fused_2"":0.08235732629481762,""fused_3"":0.3590668785564877,""fused_4"":0.4969608520538199,""fused_5"":0.36681637428638036}","{""fused_3_high"":0.8561351731802458,""fused_1_high"":0.88806612810633,""fused_1_low"":0.8752467719129596,""fused_1_medium"":0.8744439370207492,""fused_1_veryhigh"":0.7460719476103557,""fused_2_high"":0.637961132590464,""fused_2_low"":0.6367947122836,""fused_2_medium"":0.6367947122836,""fused_3_low"":0.8472478686840148,""fused_3_veryhigh"":0.8023460637572741,""fused_4_high"":0.882566386185996,""fused_4_low"":0.8599791080749931,""fused_4_medium"":0.8706966847886266,""fused_4_veryhigh"":0.828258116947982,""fused_5_high"":0.7918593914613087,""fused_5_low"":0.8557481896641106,""fused_5_medium"":0.8671773000075832,""fused_1_verylow"":0.8319916550415783,""fused_2_verylow"":0.6370270503554265,""fused_3_verylow"":0.7695650931967258,""fused_5_verylow"":0.8260147851833035,""fused_3_medium"":0.8629701082185838,""fused_2_veryhigh+fused_4_verylow+fused_5_veryhigh"":0.6519450407843593}","{""fused_1"":0.09034096084685486,""fused_2"":0.5616545096141953,""fused_3"":0.12882381103824117,""fused_4"":0.09307848600565945,""fused_5"":0.12610223249504904}","{""fused_3_high"":0.03991089346067268,""fused_1_high"":0.038475873139753626,""fused_1_low"":0.03903941240485871,""fused_1_medium"":0.03907525484269046,""fused_1_veryhigh"":0.04579869246414361,""fused_2_high"":0.053559876831346144,""fused_2_low"":0.053657982746430126,""fused_2_medium"":0.053657982746430126,""fused_3_low"":0.04032954339301487,""fused_3_veryhigh"":0.042586511267622036,""fused_4_high"":0.03871563682862763,""fused_4_low"":0.039732499736204845,""fused_4_medium"":0.03924342458364403,""fused_4_veryhigh"":0.04125419236534606,""fused_5_high"":0.04315048865136922,""fused_5_low"":0.0399289418282533,""fused_5_medium"":0.03940269156541868,""fused_1_verylow"":0.04106906538987312,""fused_2_verylow"":0.05363841247505397,""fused_3_verylow"":0.044400558168244,""fused_5_verylow"":0.041366232539226,""fused_3_medium"":0.03959478938994323,""fused_2_veryhigh+fused_4_verylow+fused_5_veryhigh"":0.05241104318183363}","{""fused_1"":0.4517048042342743,""fused_2"":2.8082725480709763,""fused_3"":0.6441190551912058,""fused_4"":0.4653924300282972,""fused_5"":0.6305111624752452}","{""fused_3_high"":0.9179505495954717,""fused_1_high"":0.8849450822143334,""fused_1_low"":0.8979064853117503,""fused_1_medium"":0.8987308613818806,""fused_1_veryhigh"":1.053369926675303,""fused_2_high"":1.2318771671209614,""fused_2_low"":1.234133603167893,""fused_2_medium"":1.234133603167893,""fused_3_low"":0.927579498039342,""fused_3_veryhigh"":0.9794897591553068,""fused_4_high"":0.8904596470584355,""fused_4_low"":0.9138474939327115,""fused_4_medium"":0.9025987654238127,""fused_4_veryhigh"":0.9488464244029594,""fused_5_high"":0.9924612389814922,""fused_5_low"":0.918365662049826,""fused_5_medium"":0.9062619060046296,""fused_1_verylow"":0.9445885039670818,""fused_2_verylow"":1.2336834869262414,""fused_3_verylow"":1.0212128378696121,""fused_5_verylow"":0.951423348402198,""fused_3_medium"":0.9106801559686942,""fused_2_veryhigh+fused_4_verylow+fused_5_veryhigh"":1.2054539931821735}",0.1237345002995389,0.02056698165647582,"[0,0,0,0,1,4,0,3,0,1,3,4,3,2,2,0,4,2,0,0,2,2,0,0,2,0,4,4,4,2,0,4,0,1,0,1,2,1,2,1,1,2,4,4,2,0,0,0,1,3,1,3,4,1,4,0,1,2,1,1,2,0,0,1,1,2,4,1,0,0,2,1,0,1,0,0,0,4,4,0,4,2,4,2,0,0,0,0,4,0,1,4,0,1,4,1,3,1,1,2,4,3,4,1,0,3,2,2,4,0,4,3,4,4,2,2,1,2,2,0,2,4,1,4,1,0,2,3,2,2,0,2,0,1,2,0,2,2,2,0,4,2,3,0,0,0,0,4,1,4,1,2,2,0,0,0,4,0,4,2,0,3,2,4,2,0,4,1,2,0,4,1,0,4,4,0,0,3,3,2,2,0,2,0,3,1,4,4,1,4,0,0,0,1,1,1,0,0,4,2,0,4,1,1,3,2,4,3,1,0,4,2,0,0,2,1,4,4,2,0,2,1,0,0,0,1,0,4,1,2,0,1,4,1,4,4,1,1,1,1,4,1,0,1,0,1,0,0,1,3,3,2,1,0,0,2,1,1,0,0,1,1,0,0,4,1,1,2,4,1,4,0,0,1,3,0,1,2,0,1,1,2,4,0,1,0,2,1,2,3,0,4,2,1,2,0,0,4,2,0,1,0,2,0,4,4,1,4,4,4,3,0,4,0,2,1,4,0,2,2,2,2,3,0,1,0,4,2,4,0,2,3,2,2,4,4,1,0,4,4,4,1,2,2,1,2,1,1,2,1,1,2,1,0,4,2,1,1,2,1,0,2,0,0,1,1,4,2,1,1,2,1,0,4,1,4,2,4,4,0,2,4,0,0,4,0,2,2,4,1,0,1,3,2,1,0,1,4,4,0,2,1,4,0,4,1,0,3,2,1,4,1,2,4,0,3,1,0,4,0,4,3,4,0,1,0,2,1,0,0,4,4,3,3,0,1,0,2,2,1,2,1,3,2,3,4,1,0,1,4,3,0,3,4,4,3,4,1,0,2,4,1,1,4,0,2,4,2,1,2,2,2,4,0,4,3,1,0,1,0,0,1,1,2,4,1,3,3,0,0,1,4,0,0,0,4,4,3,1,3,2,2,2,4,2,2,0,1,4,1,2,4,2,1,2,2,4,0,1,1,0,1,2,1,4,0,2,4,0,1,1,0,1,0,1,0,4,1,2,2,0,4,3,2,0,3,1,4,0,0,2,3,4,0,1,0,3,0,4,0,0,1,4,4,4,2,0,2,1,1,1,0,3,0,4,3,2,1,4,0,0,3,1,3,4,2,2,2,4,4,2,0,1,1,0,0,0,0,1,4,0,2,0,0,2,2,2,2,4,0,0,2,0,3,2,4,0,3,4,4,4,2,4,2,0,0,2,4,4,3,1,4,0,4,1,1,4,1,0,3,2,1,2,4,4,1,0,0,0,2,1,0,4,4,1,4,1,0,2,1,3,1,0,1,2,1,1,1,0,0,3,2,4,0,1,3,3,3,1,3,0,0,3,2,0,2,2,1,0,1,0,2,1,1,2,0,3,0,1,2,4,4,2,3,0,0,2,0,2,3,2,4,1,1,4,2,3,0,4,4,2,0,0,0,2,3,1,2,1,3,1,1,2,3,3,4,2,2,2,3,0,1,4,2,0,0,3,4,3,3,3,1,4,3,4,2,3,0,4,3,2,3,4,3,2,4,1,4,4,1,1,4,2,0,4,1,2,2,0,3,2,2,2,2,2,0,4,4,3,4,4,3,2,4,1,2,1,2,0,2,4,3,0,4,2,0,4,2,2,1,1,0,3,4,0,3,4,2,3,2,1,0,1,2,0,1,0,3,2,3,4,0,0,0,3,4,2,0,1,0,1,3,2,0,1,4,2,1,2,1,2,3,2,1,4,1,3,4,3,2,4,0,2,2,0,3,4,1,4,0,1,1,4,1,2,4,1,3,0,4,1,3,2,4,1,3,2,4,2,4,3,1,2,3,0,1,3,4,0,3,3,4,3,2,4,3,4,4,1,2,4,2,4,2,2,2,4,3,4,4,2,0,3,0,1,3,0,3,1,2,1,4,0,3,0,3,0,4,3,2,4,1,2,0,4,1,1,2,4,2,4,4,3,3,3,2,1,2,2,4,1,2,1,4,1,1,3,3,2,4,3,2,2,2,4,3,3,3,1,3,3,3,0,2,1,1,4,4,3,3,1,0,4,1,1,4,4,2,3,2,4,3,4,3,4,4,3,1,0,2,2,1,2,1,3,3,0,3,3,3,0,4,1,1,2,2,1,0,4,4,3,3,1,1,2,0,1,4,1,4,3,2,3,3,4,4,3,2,4,3,3,3,3,3,4,2,3,1,3,4,0,4,3,4,4,4,3,1,2,0,0,0,3,3,4,4,2,3,3,4,3,0,4,0,4,4,3,1,3,2,1,3,1,3,3,2,3,3,3,4,3,3,1,0,1,2,4,2,2,2,1,3,4,2,3,2,3,4,1,2,0,2,1,4,2,1,3,0,2,3,3,0,2,4,1,2,3,4,1,4,0,4,4,2,3,4,4,3,0,4,4,4,4,3,3,3,1,3,3,4,4,3,2,1,1,4,4,2,0,1,2,0,4,3,3,2,4,3,3,0,1,4,4,3,1,1,1,3,1,0,2,1,0,2,1,0,3,3,4,3,0,3,3,0,4,2,1,2,4,2,2,3,0,4,4,1,3,3,0,4,0,2,3,3,2,0,4,2,3,3,4,0,4,3,1,4,3,1,3,3,0,3,1,3,1,4,3,3,3,3,2,4,1,4,4,3,1,0,3,2,3,3,1,2,0,4,3,1,0,1,4,3,3,3,3,2,3,4,2,1,2,3,3,2,1,1,4,2,1,3,2,2,3,0,4,0,2,1,0,4,1,2,0,2,0,3,2,1,0,1,1,2,1,1,2,3,1,1,3,2,2,0,2,2,1,0,1,2,2,1,4,4,4,3,1,4,3,0,3,4,4,1,0,0,4,0,2,2,0,0,3,4,3,2,0,2,1,4,2,4,3,2,3,0,3,0,1,1,1,0,0,1,4,2,2,3,3,3,3,3,2,0,1,4,3,4,3,1,2,0,1,2,2,3,1,1,3,3,4,2,0,3,1,4,0,3,4,3,1,1,0,4,0,3,3,4,4,1,4,4,0,0,4,1,0,4,0,0,4,4,2,1,1,4,3,0,0,2,0,1,0,4,2,0,0,1,0,1,1,0,4,4,1,2,4,1,4,3,2,3,4,3,0,4,4,4,2,0,4,0,4,0,4,1,3,3,4,4,3,2,3,2,3,3,0,3,2,2,0,2,1,3,2,3,3,3,1,4,4,3,3,3,3,0,1,1,3,2,4,0,0,0,0,3,4,0,2,4,4,4,2,2,0,1,1,2,1,2,4,3,3,1,0,4,2,3,3,2,1,3,0,0,3,3,1,4,2,3,1,0,2,2,4,3,4,4,2,2,3,2,3,0,1,2,3,4,0,3,2,3,3,4,0,2,1,4,4,3,3,0,1,1,4,3,4,3,3,4,0,0,1,4,3,3,0,2,4,1,3,3,0,0,3,4,3,0,3,2,3,4,1,3,2,2,0,3,4,3,3,3,0,2,0,1,2,1,0,0,3,0,4,2,4,3,2,4,4,0,1,3,1,4,3,0,1,2,0,4,0,4,2,3,1,4,2,1,1,3,4,1,3,2,3,4,0,0,3,1,2,2,0,3,1,4,3,4,0,1,1,2,0,2,1,3,2,1,2,0,4,2,3,1,4,1,1,2,3,1,1,1,3,0,0,3,3,3,2,3,2,3,1,4,2,3,2,0,4,2,0,4,3,4,4,1,1,4,3,4,4,3,2,4,2,2,1,3,3,2,2,2,0,0,3,1,1,2,1,3,4,3,2,1,0,2,0,4,1,2,1,4,4,2,3,4,3,2,1,4,0,2,4,4,1,1,3,4,1,1,3,3,1,3,3,3,3,2,2,3,3,2,1,1,3,4,3,3,3,4,1]",ok,
94,quantile,5,0.1,0.24818973753989781,21,"fused_3_high, fused_1_high, fused_1_low, fused_1_medium, fused_2_low, fused_2_medium, fused_3_low, fused_4_high, fused_4_low, fused_4_medium, fused_5_low, fused_5_medium, fused_1_verylow, fused_5_verylow, fused_3_medium, fused_2_veryhigh+fused_4_verylow+fused_5_veryhigh, fused_1_veryhigh+fused_2_high, fused_2_high+fused_3_verylow, fused_3_veryhigh+fused_4_veryhigh, fused_2_verylow+fused_5_high, fused_1_veryhigh+fused_3_verylow","[387, 283, 435, 360, 334]",0.8,0.2,3.0,"{""fused_1"":0.4671715190500026,""fused_2"":0.08443697804917707,""fused_3"":0.35649249025428326,""fused_4"":0.514964983897534,""fused_5"":0.3394823690478017}","{""fused_3_high"":0.8563915934837697,""fused_1_high"":0.8677626937483212,""fused_1_low"":0.8808666915345639,""fused_1_medium"":0.8740768750403494,""fused_2_low"":0.6283812449295573,""fused_2_medium"":0.6328645840625066,""fused_3_low"":0.8253167978302162,""fused_4_high"":0.8701433292416603,""fused_4_low"":0.853511692744153,""fused_4_medium"":0.8618564408416631,""fused_5_low"":0.8511038706774133,""fused_5_medium"":0.8578047017244645,""fused_1_verylow"":0.8124895533365114,""fused_5_verylow"":0.8198933965805053,""fused_3_medium"":0.8711678800095812,""fused_2_veryhigh+fused_4_verylow+fused_5_veryhigh"":0.6426721738320319,""fused_1_veryhigh+fused_2_high"":0.6589503907132417,""fused_2_high+fused_3_verylow"":0.6732638213467822,""fused_3_veryhigh+fused_4_veryhigh"":0.8228756882434971,""fused_2_verylow+fused_5_high"":0.6729194074451619,""fused_1_veryhigh+fused_3_verylow"":0.7192343070443643}","{""fused_1"":0.15100051405669743,""fused_2"":0.3551814403262444,""fused_3"":0.1728587675090056,""fused_4"":0.14382280521960902,""fused_5"":0.17713647288844356}","{""fused_3_high"":0.0454270966996631,""fused_1_high"":0.045128478493008314,""fused_1_low"":0.04479154935320786,""fused_1_medium"":0.044965182862889364,""fused_2_low"":0.05303219122629029,""fused_2_medium"":0.05284401204109693,""fused_3_low"":0.0462744043257952,""fused_4_high"":0.04506670243983158,""fused_4_low"":0.04550367172442036,""fused_4_medium"":0.045282845918068214,""fused_5_low"":0.04556799252405379,""fused_5_medium"":0.045389664016159396,""fused_1_verylow"":0.046638254320973974,""fused_5_verylow"":0.046427199196611285,""fused_3_medium"":0.04504019393940391,""fused_2_veryhigh+fused_4_verylow+fused_5_veryhigh"":0.0524392450866463,""fused_1_veryhigh+fused_2_high"":0.05178748485090987,""fused_2_high+fused_3_verylow"":0.05123403260277066,""fused_3_veryhigh+fused_4_veryhigh"":0.04634299138053966,""fused_2_verylow+fused_5_high"":0.0512471422378828,""fused_1_veryhigh+fused_3_verylow"":0.04956966475977706}","{""fused_1"":0.7550025702834872,""fused_2"":1.7759072016312218,""fused_3"":0.8642938375450281,""fused_4"":0.7191140260980451,""fused_5"":0.8856823644422178}","{""fused_3_high"":0.953969030692925,""fused_1_high"":0.9476980483531746,""fused_1_low"":0.940622536417365,""fused_1_medium"":0.9442688401206767,""fused_2_low"":1.1136760157520962,""fused_2_medium"":1.1097242528630356,""fused_3_low"":0.9717624908416992,""fused_4_high"":0.9464007512364632,""fused_4_low"":0.9555771062128275,""fused_4_medium"":0.9509397642794325,""fused_5_low"":0.9569278430051296,""fused_5_medium"":0.9531829443393474,""fused_1_verylow"":0.9794033407404534,""fused_5_verylow"":0.974971183128837,""fused_3_medium"":0.945844072727482,""fused_2_veryhigh+fused_4_verylow+fused_5_veryhigh"":1.1012241468195723,""fused_1_veryhigh+fused_2_high"":1.0875371818691073,""fused_2_high+fused_3_verylow"":1.0759146846581837,""fused_3_veryhigh+fused_4_veryhigh"":0.9732028189913329,""fused_2_verylow+fused_5_high"":1.0761899869955387,""fused_1_veryhigh+fused_3_verylow"":1.0409629599553183}",0.1414533135445927,0.033351862145636464,"[4,0,4,4,2,1,4,3,4,2,3,1,3,0,0,4,1,0,4,4,0,0,4,4,0,4,1,1,2,0,4,1,4,2,4,2,0,2,0,2,2,0,1,1,0,4,4,4,2,3,2,3,1,2,1,4,2,0,2,2,0,4,4,2,2,0,1,2,4,4,0,2,4,2,4,4,4,1,1,4,1,0,1,0,0,4,4,4,1,4,2,2,4,2,1,2,3,2,2,0,1,3,1,2,4,3,0,0,1,4,1,3,1,1,0,0,2,0,0,4,0,1,2,1,2,4,0,3,0,0,4,0,4,2,0,0,0,0,0,4,1,0,3,4,4,4,4,1,2,1,2,0,0,4,4,4,1,4,1,0,4,3,0,1,0,4,1,2,0,4,2,2,4,2,1,4,0,3,3,0,0,4,0,4,3,2,1,1,2,1,4,4,4,2,2,2,4,4,1,0,4,1,2,2,3,0,1,3,2,4,2,0,4,4,0,2,1,1,0,4,0,2,4,4,4,2,4,4,2,0,4,2,1,2,1,1,2,2,2,2,1,2,4,2,4,2,4,4,2,3,3,0,2,4,4,0,2,2,4,4,2,2,4,4,1,2,2,0,2,2,1,4,4,2,3,4,2,0,4,2,2,0,2,4,2,4,0,2,0,3,0,2,0,2,0,4,4,1,0,4,2,2,0,4,1,1,2,1,2,1,3,4,2,4,0,2,1,4,0,0,0,0,3,4,2,4,1,0,1,0,0,3,0,0,1,2,2,4,1,1,1,2,0,0,2,0,2,2,0,2,2,0,2,2,1,0,2,2,0,2,4,0,4,4,2,2,1,0,2,2,0,2,4,1,2,1,0,1,2,4,0,1,4,4,2,4,0,0,1,2,4,2,3,0,2,4,2,1,1,4,0,2,1,0,1,2,0,3,0,2,2,2,0,1,4,3,2,4,1,4,2,3,1,4,2,4,0,2,4,4,1,1,3,3,4,2,4,0,0,2,0,2,3,0,3,1,2,4,2,0,3,0,3,1,1,3,1,2,4,0,1,2,2,1,4,0,1,0,2,0,0,0,1,4,1,3,2,4,2,4,4,2,2,0,1,2,3,3,4,4,2,1,4,4,4,1,1,3,2,3,0,0,0,1,0,0,2,2,1,2,0,1,0,2,0,0,1,4,2,2,4,2,0,2,1,4,0,1,4,2,2,4,2,4,2,4,2,2,0,0,4,1,3,0,4,3,2,1,4,4,0,3,1,4,2,4,3,4,1,4,4,2,1,1,1,0,4,0,2,2,2,4,3,4,2,3,0,2,1,4,0,3,2,3,2,0,0,0,1,1,0,4,2,2,4,4,4,4,2,1,4,0,4,4,0,0,0,0,1,4,4,0,0,3,0,2,4,3,2,1,2,0,2,0,4,4,0,1,1,3,2,1,4,1,2,2,1,2,4,3,0,2,0,1,1,2,4,4,4,0,2,4,1,1,2,1,2,4,0,2,3,2,4,2,0,2,2,2,4,4,3,0,1,4,2,3,3,3,2,3,4,4,3,0,4,0,0,2,4,2,4,0,2,2,0,4,3,4,2,0,2,1,0,3,4,4,0,4,0,3,0,1,2,2,1,0,3,4,3,4,0,4,4,4,0,3,2,0,2,3,2,2,0,3,3,2,0,0,0,3,4,2,1,0,4,4,3,1,3,3,3,2,3,3,2,0,3,4,1,3,0,3,1,3,0,1,2,1,3,2,2,2,0,4,1,2,0,0,4,3,0,0,0,0,0,4,1,1,3,1,2,3,0,1,2,0,2,0,4,0,1,3,4,1,0,4,1,0,0,2,2,4,3,1,4,3,1,0,3,0,2,4,2,0,4,2,4,3,0,3,1,4,4,4,3,1,0,4,2,4,2,3,0,0,2,0,0,2,0,2,0,3,0,2,1,2,3,1,3,0,1,4,0,0,4,3,1,2,1,4,2,2,1,2,0,1,2,3,4,1,2,3,0,1,2,3,0,3,0,1,3,2,0,3,0,2,3,1,0,3,3,1,3,0,1,3,1,1,2,0,3,0,1,0,0,0,1,3,2,1,0,4,3,4,2,3,4,3,2,0,2,2,2,3,4,3,4,2,3,0,1,2,0,4,2,2,2,0,1,0,1,1,3,3,3,0,2,0,0,2,2,0,2,1,2,2,3,3,0,2,3,0,0,0,1,3,3,3,2,3,3,3,4,0,2,2,1,1,3,3,2,4,2,2,2,1,1,0,3,0,2,3,1,3,1,3,3,2,0,0,0,2,0,2,3,3,4,3,3,3,4,1,2,2,0,0,2,4,1,1,3,3,2,2,0,4,2,1,2,1,3,0,3,3,2,3,3,0,1,3,3,3,3,3,1,0,3,2,3,1,4,1,3,1,1,3,3,2,0,4,4,4,3,3,1,0,0,3,3,1,3,4,1,4,1,1,3,2,3,0,2,3,2,3,3,0,3,3,3,1,3,3,2,4,2,0,1,0,0,0,2,3,2,0,3,0,3,1,2,0,4,0,2,1,0,2,3,4,0,3,3,4,0,2,2,0,3,2,2,1,4,1,1,0,3,1,3,3,4,1,2,1,1,3,3,3,2,3,3,1,1,3,0,2,2,3,1,0,4,2,0,4,2,3,3,0,2,3,3,4,2,1,1,3,2,2,2,3,2,4,0,2,4,0,2,4,3,3,1,3,4,3,3,4,2,0,2,0,2,0,0,3,4,2,2,2,3,3,0,2,4,0,3,3,0,0,1,0,3,3,1,4,1,3,2,1,3,2,3,3,4,3,2,3,2,3,3,3,3,3,0,1,2,1,1,3,2,4,3,0,3,3,2,0,4,2,3,2,4,2,1,3,3,3,3,0,3,1,0,2,0,3,3,0,2,2,1,0,2,3,0,0,3,4,1,4,0,2,4,2,2,0,4,0,4,3,0,2,4,2,2,0,2,2,0,3,2,2,3,0,0,4,0,0,2,4,2,0,0,2,1,1,1,3,2,1,3,4,3,2,1,2,4,4,1,4,0,0,4,4,3,1,3,0,4,0,2,2,0,1,3,0,3,4,3,4,2,2,2,4,4,2,1,0,0,3,3,3,3,3,0,4,2,2,3,4,3,2,0,4,2,0,0,3,2,2,3,3,2,0,4,3,2,2,4,3,1,3,2,2,4,1,4,3,3,2,1,2,1,1,4,4,2,2,4,1,4,4,1,2,0,2,2,1,3,4,4,0,4,2,4,2,0,4,4,2,4,2,2,2,1,1,2,0,1,2,1,3,0,3,2,3,4,1,2,1,0,4,1,4,1,4,1,2,3,3,1,1,3,0,3,0,3,3,4,3,0,0,4,0,2,3,0,3,3,3,2,1,1,3,3,3,3,4,2,2,3,0,1,4,4,4,4,3,2,0,0,3,2,1,0,0,4,2,2,0,2,0,1,3,3,2,4,1,0,3,3,0,2,3,0,4,3,3,2,2,0,3,2,4,0,0,4,3,1,1,0,0,3,0,3,4,2,0,3,1,0,3,0,3,3,2,4,0,2,1,1,3,3,0,2,2,1,3,1,3,3,1,4,4,2,1,3,3,4,0,1,2,3,3,4,4,3,1,3,4,3,0,3,3,2,3,0,0,4,3,1,3,3,3,4,0,4,2,0,2,4,4,3,4,2,0,1,3,0,3,2,4,2,3,2,3,3,4,2,0,4,1,4,1,0,3,2,1,0,2,2,3,1,2,3,0,3,1,0,4,3,2,0,0,4,3,2,1,3,1,4,2,2,0,0,0,2,3,0,2,0,4,1,0,3,2,1,2,2,0,3,2,2,2,3,4,4,3,3,3,0,3,0,3,2,2,0,3,0,4,2,0,4,1,3,1,1,2,2,1,3,1,1,3,0,1,0,0,2,3,3,0,0,0,4,4,3,2,2,0,2,3,1,3,0,2,4,0,4,2,2,0,2,1,2,0,3,1,3,0,2,1,0,0,1,1,2,2,3,1,2,2,3,3,2,3,3,3,3,0,0,3,3,0,2,2,3,3,3,3,3,3,2]",ok,
95,quantile,7,1.0,0.42748573683993574,0,,[],,,,,,,,,,,,,baseline_no_features,
96,quantile,7,0.95,0.42748573683993574,0,,[],,,,,,,,,,,,,baseline_no_features,
97,quantile,7,0.9,0.42748573683993574,0,,[],,,,,,,,,,,,,baseline_no_features,
98,quantile,7,0.85,0.42748573683993574,0,,[],,,,,,,,,,,,,baseline_no_features,
99,quantile,7,0.8,0.42748573683993574,0,,[],,,,,,,,,,,,,baseline_no_features,
100,quantile,7,0.75,0.42748573683993574,0,,[],,,,,,,,,,,,,baseline_no_features,
101,quantile,7,0.7,0.42748573683993574,0,,[],,,,,,,,,,,,,baseline_no_features,
102,quantile,7,0.65,0.42748573683993574,0,,[],,,,,,,,,,,,,baseline_no_features,
103,quantile,7,0.6,0.42748573683993574,0,,[],,,,,,,,,,,,,baseline_no_features,
104,quantile,7,0.55,0.42748573683993574,0,,[],,,,,,,,,,,,,baseline_no_features,
105,quantile,7,0.5,0.42748573683993574,0,,[],,,,,,,,,,,,,baseline_no_features,
106,quantile,7,0.45,0.42748573683993574,0,,[],,,,,,,,,,,,,baseline_no_features,
107,quantile,7,0.4,0.42748573683993574,0,,[],,,,,,,,,,,,,baseline_no_features,
108,quantile,7,0.35,0.42748573683993574,0,,[],,,,,,,,,,,,,baseline_no_features,
109,quantile,7,0.3,0.42748573683993574,0,,[],,,,,,,,,,,,,baseline_no_features,
110,quantile,7,0.25,0.42748573683993574,0,,[],,,,,,,,,,,,,baseline_no_features,
111,quantile,7,0.2,0.42748573683993574,0,,[],,,,,,,,,,,,,baseline_no_features,
112,quantile,7,0.15,0.42748573683993574,0,,[],,,,,,,,,,,,,baseline_no_features,
113,quantile,7,0.1,0.19044358719451082,35,"fused_3_high, fused_1_high, fused_1_low, fused_1_medium, fused_1_megahigh, fused_1_megalow, fused_1_veryhigh, fused_1_verylow, fused_2_high, fused_2_low, fused_2_medium, fused_2_megalow, fused_2_veryhigh, fused_2_verylow, fused_3_low, fused_3_megahigh, fused_3_megalow, fused_3_veryhigh, fused_3_verylow, fused_4_high, fused_4_low, fused_4_medium, fused_4_megahigh, fused_4_veryhigh, fused_4_verylow, fused_5_high, fused_5_low, fused_5_medium, fused_5_megalow, fused_5_veryhigh, fused_5_verylow, fused_3_medium, fused_2_megahigh+fused_4_megalow, fused_2_megahigh+fused_5_megahigh, fused_4_megalow+fused_5_megahigh","[260, 214, 324, 429, 572]",0.8,0.8,3.0,"{""fused_1"":0.6963470112407677,""fused_2"":0.3430594308844902,""fused_3"":0.3916158974864146,""fused_4"":0.2167957629513988,""fused_5"":0.36942942748000984}","{""fused_3_high"":0.48238916371014395,""fused_1_high"":0.537913867752681,""fused_1_low"":0.5063573226966227,""fused_1_medium"":0.531096762883297,""fused_1_megahigh"":0.48018745946803854,""fused_1_megalow"":0.5200192888428796,""fused_1_veryhigh"":0.49926131236156224,""fused_1_verylow"":0.4588495362079341,""fused_2_high"":0.23445871417889896,""fused_2_low"":0.29297798082085535,""fused_2_medium"":0.4353375286808775,""fused_2_megalow"":0.24298573253202696,""fused_2_veryhigh"":0.23181524268217774,""fused_2_verylow"":0.28707429832067055,""fused_3_low"":0.39729434276137204,""fused_3_megahigh"":0.4962948299065343,""fused_3_megalow"":0.35176454086761544,""fused_3_veryhigh"":0.47042892766774,""fused_3_verylow"":0.41211501131407957,""fused_4_high"":0.5407572454542411,""fused_4_low"":0.44740260565457124,""fused_4_medium"":0.5367498514869158,""fused_4_megahigh"":0.4657299982458729,""fused_4_veryhigh"":0.4462708550120845,""fused_4_verylow"":0.35453659067242893,""fused_5_high"":0.49708811696805755,""fused_5_low"":0.5546232621368642,""fused_5_medium"":0.5447390653892127,""fused_5_megalow"":0.5307495705877303,""fused_5_veryhigh"":0.38786912551808767,""fused_5_verylow"":0.5547517857908149,""fused_3_medium"":0.5337112361060901,""fused_2_megahigh+fused_4_megalow"":0.2531853132056894,""fused_2_megahigh+fused_5_megahigh"":0.2683849857358519,""fused_4_megalow+fused_5_megahigh"":0.262968051628378}","{""fused_1"":0.14443949937017025,""fused_2"":0.20578520653780627,""fused_3"":0.19260549605925323,""fused_4"":0.2588650608179332,""fused_5"":0.19830473721483716}","{""fused_3_high"":0.026204211589864832,""fused_1_high"":0.024814955390984515,""fused_1_low"":0.025576512267623495,""fused_1_medium"":0.024973708721211407,""fused_1_megahigh"":0.026264217261460387,""fused_1_megalow"":0.02523830257643853,""fused_1_veryhigh"":0.02575763070103734,""fused_1_verylow"":0.02686796170878298,""fused_2_high"":0.03758691482173809,""fused_2_low"":0.033624232379009786,""fused_2_medium"":0.02758397277188917,""fused_2_megalow"":0.03692151238408031,""fused_2_veryhigh"":0.03780061578744489,""fused_2_verylow"":0.033968214026855445,""fused_3_low"":0.02887444721923014,""fused_3_megahigh"":0.02583449601879923,""fused_3_megalow"":0.030686251475115382,""fused_3_veryhigh"":0.02653523018992335,""fused_3_verylow"":0.028350495400222456,""fused_4_high"":0.024749629140224244,""fused_4_low"":0.027209503345262506,""fused_4_medium"":0.02484184814959612,""fused_4_megahigh"":0.02666875631743302,""fused_4_veryhigh"":0.027243983385240544,""fused_4_verylow"":0.03056605126578433,""fused_5_high"":0.025813873563984686,""fused_5_low"":0.024438290824916397,""fused_5_medium"":0.024659008399388605,""fused_5_megalow"":0.024981875719559107,""fused_5_veryhigh"":0.029223165909797018,""fused_5_verylow"":0.024435459756631677,""fused_3_medium"":0.024912464693517843,""fused_2_megahigh+fused_4_megalow"":0.03617017537394335,""fused_2_megahigh+fused_5_megahigh"":0.035131020133326384,""fused_4_megalow+fused_5_megahigh"":0.035491011329682576}","{""fused_1"":0.7221974968508513,""fused_2"":1.0289260326890313,""fused_3"":0.9630274802962662,""fused_4"":1.294325304089666,""fused_5"":0.9915236860741858}","{""fused_3_high"":0.9171474056452691,""fused_1_high"":0.868523438684458,""fused_1_low"":0.8951779293668224,""fused_1_medium"":0.8740798052423993,""fused_1_megahigh"":0.9192476041511135,""fused_1_megalow"":0.8833405901753485,""fused_1_veryhigh"":0.9015170745363069,""fused_1_verylow"":0.9403786598074043,""fused_2_high"":1.3155420187608333,""fused_2_low"":1.1768481332653424,""fused_2_medium"":0.9654390470161209,""fused_2_megalow"":1.292252933442811,""fused_2_veryhigh"":1.323021552560571,""fused_2_verylow"":1.1888874909399405,""fused_3_low"":1.010605652673055,""fused_3_megahigh"":0.9042073606579731,""fused_3_megalow"":1.0740188016290384,""fused_3_veryhigh"":0.9287330566473173,""fused_3_verylow"":0.992267339007786,""fused_4_high"":0.8662370199078485,""fused_4_low"":0.9523326170841877,""fused_4_medium"":0.8694646852358642,""fused_4_megahigh"":0.9334064711101556,""fused_4_veryhigh"":0.953539418483419,""fused_4_verylow"":1.0698117943024514,""fused_5_high"":0.903485574739464,""fused_5_low"":0.8553401788720739,""fused_5_medium"":0.8630652939786012,""fused_5_megalow"":0.8743656501845688,""fused_5_veryhigh"":1.0228108068428956,""fused_5_verylow"":0.8552410914821087,""fused_3_medium"":0.8719362642731245,""fused_2_megahigh+fused_4_megalow"":1.265956138088017,""fused_2_megahigh+fused_5_megahigh"":1.2295857046664234,""fused_4_megalow+fused_5_megahigh"":1.2421853965388903}",0.1401444977211238,0.027237354085603113,"[0,0,0,0,3,3,0,2,0,3,2,2,1,4,4,4,2,4,0,0,4,4,0,0,4,0,3,3,3,4,4,3,0,4,0,3,4,3,4,4,4,4,2,2,4,0,0,0,3,2,3,1,3,3,3,4,4,4,3,3,4,0,0,4,3,4,3,3,0,0,4,4,0,3,0,4,4,2,3,0,3,4,3,4,4,0,0,0,3,0,4,2,0,4,2,3,2,4,3,4,3,2,2,3,0,1,4,4,3,0,2,2,2,2,4,4,3,3,4,0,4,3,3,2,4,4,4,1,4,4,0,4,4,3,4,4,4,4,4,0,3,4,1,0,0,0,4,3,4,3,3,4,4,0,0,0,2,0,3,4,0,1,4,2,4,0,3,3,4,4,3,4,0,3,2,0,4,2,1,4,4,0,4,0,2,3,3,2,4,3,0,0,4,3,3,3,0,0,3,4,4,2,4,4,1,4,3,1,3,0,3,4,0,0,4,3,3,2,4,0,4,4,0,4,0,3,0,3,3,4,0,3,3,3,3,2,4,3,3,3,3,3,0,3,0,4,4,4,3,1,2,4,3,0,0,4,3,3,4,0,3,3,0,0,3,4,4,4,3,3,2,0,4,2,1,0,4,4,0,2,3,4,3,4,3,0,4,3,4,1,4,3,4,4,4,4,0,3,4,0,3,4,4,0,3,2,3,3,3,3,2,0,3,4,4,3,3,0,4,4,4,4,1,4,3,0,3,4,3,4,4,1,4,4,3,2,3,0,3,2,2,4,4,4,4,4,4,3,3,3,4,4,3,4,3,4,3,3,4,2,4,4,0,4,3,3,2,4,3,4,4,3,0,2,3,2,4,2,3,0,4,2,0,4,3,0,3,4,3,3,0,4,2,4,3,4,3,3,3,0,4,4,2,4,3,2,4,1,4,3,3,3,4,2,0,2,4,0,3,0,3,2,2,0,3,0,4,4,4,4,3,3,2,2,0,4,0,4,4,3,4,3,2,4,1,2,3,4,3,3,1,4,1,3,2,1,3,3,4,4,3,4,4,2,0,4,2,4,4,4,4,4,3,0,3,1,3,0,3,0,0,4,4,4,3,4,2,2,0,0,3,3,0,0,0,2,3,2,3,1,4,4,4,3,4,4,3,3,3,2,4,3,4,4,4,4,3,0,4,3,0,4,4,3,3,0,3,3,4,3,3,0,3,0,3,4,3,4,3,4,4,2,2,4,4,2,3,2,0,0,4,2,2,0,3,0,2,0,2,0,4,3,2,3,3,4,0,4,4,3,3,0,2,0,3,1,4,3,3,0,4,1,4,1,3,4,4,4,3,2,4,0,3,4,4,0,4,0,4,3,0,4,0,0,4,4,4,4,3,0,0,4,4,2,4,3,0,1,3,3,3,4,3,4,0,0,4,3,3,1,3,3,4,2,4,3,3,4,0,2,4,3,4,3,3,4,0,4,4,4,3,0,3,2,3,2,3,0,4,4,2,3,0,4,3,3,4,4,0,0,1,4,2,0,4,2,2,2,3,1,0,4,2,4,0,4,4,3,0,4,4,4,4,4,4,0,1,0,4,4,3,3,4,1,0,0,4,4,4,2,4,2,3,4,3,4,1,0,2,3,4,0,0,0,4,1,4,4,3,1,4,3,4,2,2,3,4,4,4,1,0,4,3,4,4,0,1,2,1,1,2,3,2,1,3,4,1,0,2,1,4,1,2,1,4,2,3,2,2,3,3,3,4,0,2,4,4,4,0,1,4,4,2,4,4,0,2,3,2,3,3,1,4,2,3,4,4,4,0,4,3,2,0,3,4,0,2,4,3,3,2,0,2,2,0,1,3,4,2,4,4,0,4,4,4,4,4,2,4,1,3,4,0,4,1,3,4,0,3,0,3,2,4,4,4,2,4,3,4,4,4,1,4,3,3,4,2,3,2,4,3,0,4,4,4,1,3,3,3,0,4,3,3,3,4,2,3,2,0,2,4,1,4,3,3,1,4,2,4,3,2,3,4,2,4,3,1,2,4,1,1,3,1,4,2,2,2,2,4,4,2,4,2,4,4,4,3,1,3,3,4,0,1,4,4,1,0,2,3,4,4,3,4,2,0,1,4,2,2,4,2,3,4,0,2,4,3,4,3,4,2,2,2,2,2,4,3,4,4,2,4,4,3,2,3,4,1,2,4,3,2,4,4,2,3,1,1,1,3,1,2,1,0,4,4,2,2,2,2,1,3,0,2,4,4,2,3,4,2,4,2,1,2,2,3,2,1,4,4,4,4,3,4,3,2,1,0,2,1,1,0,2,4,4,4,4,3,0,3,3,1,1,3,3,4,0,4,3,2,3,1,2,1,1,2,2,2,4,2,1,1,1,2,2,3,4,1,3,1,2,0,3,1,2,3,2,2,3,4,0,0,0,2,1,2,3,4,1,1,2,2,0,2,0,2,3,2,3,1,4,3,1,3,1,1,4,1,1,1,2,1,1,4,0,4,4,2,4,4,4,3,1,3,4,2,4,2,2,3,4,0,4,4,2,4,4,2,0,4,1,2,0,4,3,4,4,1,3,4,3,4,2,3,4,1,2,2,2,0,2,3,2,3,1,1,1,3,1,2,2,2,1,4,3,2,2,3,4,0,3,4,4,2,1,1,4,3,1,2,0,3,2,3,1,2,4,4,1,3,0,4,3,0,4,4,0,1,2,2,1,4,1,1,0,3,4,4,4,3,4,4,1,0,2,2,4,1,1,4,3,0,4,1,1,4,4,2,4,2,1,3,0,3,1,3,3,1,2,2,1,4,1,3,1,4,2,1,1,1,1,4,3,3,3,3,1,3,0,1,4,1,1,2,4,0,3,1,3,4,4,3,1,2,2,1,4,1,3,2,4,4,2,2,4,2,3,2,4,2,1,4,3,1,0,3,4,4,3,0,2,4,4,0,4,0,1,4,3,4,3,3,4,3,3,4,2,2,2,1,4,4,0,4,4,3,0,4,4,4,3,3,2,3,2,3,2,2,0,1,2,3,3,4,0,2,4,4,4,0,0,1,3,1,4,0,4,4,3,4,2,1,4,2,0,1,0,4,4,4,0,0,3,2,4,4,2,1,1,1,2,4,0,4,3,1,3,1,3,4,0,3,4,4,1,3,3,1,1,3,4,0,2,3,3,0,2,2,2,4,3,0,2,0,1,2,3,3,3,2,2,0,0,2,2,4,2,4,4,2,3,4,4,3,3,1,0,0,4,0,4,4,2,4,0,0,3,0,2,3,3,2,3,3,4,2,4,3,2,4,1,3,1,0,2,3,3,4,0,2,0,3,0,3,3,2,1,3,2,1,4,2,4,1,1,0,2,4,4,4,4,4,1,4,1,2,1,3,2,3,1,1,1,2,0,3,4,2,4,2,0,0,0,0,1,3,4,4,2,3,2,4,4,0,3,3,4,4,4,2,1,1,3,0,2,4,1,1,4,4,2,4,4,1,1,4,2,4,1,3,0,3,4,3,1,2,3,4,4,2,4,1,0,4,4,1,3,4,1,4,1,1,3,0,4,3,2,2,2,1,4,3,3,2,1,3,2,2,2,0,0,4,3,1,1,0,4,2,4,1,1,0,0,2,3,2,0,2,4,1,2,3,2,4,4,0,2,3,2,1,1,0,4,0,3,4,4,4,0,2,4,2,4,2,2,4,2,3,4,4,1,3,2,1,0,3,4,0,2,4,2,4,2,3,2,4,2,3,1,3,3,1,4,1,2,4,0,2,4,4,4,0,1,3,2,1,2,4,4,3,3,4,4,4,2,4,3,4,0,2,4,1,3,2,3,4,4,2,3,3,3,2,0,0,1,2,2,4,1,4,1,3,3,4,2,4,0,3,4,0,3,1,3,2,3,3,2,1,3,3,1,4,2,4,4,3,1,2,4,4,4,4,0,2,4,4,4,4,1,2,1,4,3,0,4,4,3,2,4,3,3,2,4,1,2,2,4,3,2,4,4,3,3,3,3,2,3,3,4,1,2,3,1,2,2,2,4,4,1,1,4,3,4,1,2,2,1,1,2,3]",ok,
114,kmeans,3,1.0,0.42748573683993574,0,,[],,,,,,,,,,,,,baseline_no_features,
115,kmeans,3,0.95,0.42748573683993574,0,,[],,,,,,,,,,,,,baseline_no_features,
116,kmeans,3,0.9,0.42748573683993574,0,,[],,,,,,,,,,,,,baseline_no_features,
117,kmeans,3,0.85,0.42748573683993574,0,,[],,,,,,,,,,,,,baseline_no_features,
118,kmeans,3,0.8,0.42748573683993574,0,,[],,,,,,,,,,,,,baseline_no_features,
119,kmeans,3,0.75,0.5346853136059231,1,fused_4_high,"[4, 351, 24, 1407, 13]",0.2,0.8,3.0,"{""fused_1"":0.3220344444722909,""fused_2"":0.18936795896235406,""fused_3"":0.5106490171863267,""fused_4"":0.4698965184573441,""fused_5"":0.44960142003320747}","{""fused_4_high"":0.08277179224917033}","{""fused_1"":0.2095399263401724,""fused_2"":0.27325285024909773,""fused_3"":0.16640129416920385,""fused_4"":0.17346698741669997,""fused_5"":0.17733894182482607}","{""fused_4_high"":1.0}","{""fused_1"":1.047699631700862,""fused_2"":1.3662642512454886,""fused_3"":0.8320064708460193,""fused_4"":0.8673349370834998,""fused_5"":0.8866947091241304}","{""fused_4_high"":1.0}",0.1860018899152672,0.02668148971650917,"[3,3,3,3,3,3,3,1,3,3,1,2,1,3,3,3,3,3,3,3,3,3,3,3,3,3,3,3,3,3,3,3,3,3,3,3,3,3,3,3,3,3,3,3,3,3,3,3,3,1,3,1,3,3,3,3,3,3,3,3,3,3,3,3,3,3,3,3,3,3,3,3,3,3,3,3,3,3,3,3,3,3,3,3,3,3,3,3,3,3,3,3,3,3,3,3,1,3,3,3,3,1,3,3,3,1,3,3,3,3,3,1,3,3,3,3,3,3,3,3,3,3,3,3,3,3,3,1,3,3,3,3,3,3,3,3,3,3,3,3,3,3,1,3,3,3,3,3,3,3,3,3,3,3,3,3,3,3,3,3,3,1,3,3,3,3,3,3,3,3,3,3,3,3,3,3,3,1,1,3,3,3,3,3,1,3,3,4,3,3,3,3,3,3,3,3,3,3,3,3,3,3,3,3,1,3,3,1,3,3,3,3,3,3,3,3,3,3,3,3,3,3,3,3,3,3,3,3,3,3,3,3,3,3,3,3,3,3,3,3,3,3,3,3,3,3,3,3,3,1,1,3,3,3,3,3,3,3,3,3,3,3,3,3,3,3,3,3,3,3,3,3,3,4,1,3,3,3,3,3,3,3,3,3,3,3,3,3,3,1,3,3,3,3,3,3,3,3,3,3,3,3,3,3,3,3,3,3,3,3,1,3,3,3,3,3,3,3,3,3,3,3,1,3,3,3,3,3,3,3,3,1,3,3,3,3,3,3,3,3,3,3,3,3,3,3,3,3,3,3,3,3,3,3,3,3,3,3,3,4,3,3,3,3,3,3,3,3,3,3,3,3,3,3,3,3,3,3,3,3,3,3,3,3,3,3,3,3,3,3,3,3,1,3,3,3,3,3,3,0,3,3,3,3,3,4,3,1,3,3,3,3,3,3,3,1,3,3,3,3,3,1,3,3,3,3,3,3,3,3,3,3,1,1,3,3,3,3,3,3,3,3,1,3,1,3,3,3,3,3,1,3,1,3,3,1,3,3,3,3,3,3,3,3,3,3,3,3,3,3,3,3,3,3,3,1,3,3,3,3,3,3,3,3,3,3,1,1,3,3,3,3,3,3,3,3,3,1,3,1,3,3,3,3,3,3,3,3,3,3,3,3,3,3,3,3,3,3,3,3,3,3,3,3,3,3,3,3,3,3,3,3,3,3,3,3,3,3,3,3,3,3,1,3,3,1,3,2,3,3,3,1,3,3,3,3,1,3,3,3,3,3,3,3,3,3,3,3,3,3,3,3,1,3,3,1,3,3,3,3,3,1,3,1,3,3,3,3,3,3,3,3,3,3,3,3,3,3,3,3,3,3,3,3,3,3,3,3,3,3,3,3,3,1,3,3,3,1,3,3,3,3,3,3,3,3,3,3,3,1,3,3,3,3,3,3,3,3,3,1,3,3,3,3,3,3,3,3,3,3,3,3,3,3,3,3,3,3,3,3,1,3,3,3,3,3,3,3,3,3,1,3,3,3,3,1,1,1,3,1,3,3,1,3,3,3,3,3,3,3,3,3,3,3,3,3,1,3,3,3,3,3,3,1,3,3,3,3,3,1,3,3,3,3,3,3,1,3,3,2,3,3,3,3,3,1,3,3,3,1,3,3,3,1,1,3,3,3,3,1,3,3,3,3,3,3,1,3,1,1,1,3,1,1,3,3,1,3,3,1,3,1,3,1,3,3,4,3,2,3,3,3,3,3,3,3,3,3,3,1,3,3,4,3,3,3,3,3,1,3,3,1,3,3,3,3,3,3,3,3,3,1,3,3,3,3,3,3,3,3,4,3,1,3,3,1,3,3,1,3,3,3,3,3,3,3,3,1,3,1,3,3,3,3,1,3,3,3,3,3,3,1,3,3,3,2,3,3,3,3,3,1,3,3,3,3,1,3,1,3,3,3,3,3,3,1,3,3,3,3,3,3,3,3,3,3,3,1,3,3,3,1,3,3,3,1,3,1,3,3,1,3,3,1,3,3,1,3,3,1,1,3,1,3,3,1,3,3,3,3,2,3,3,3,3,3,3,1,3,3,3,3,1,3,3,1,3,1,3,3,3,3,3,1,3,1,3,3,1,3,3,3,3,3,3,3,3,3,3,3,3,3,1,1,1,3,3,3,3,3,3,3,3,3,3,3,1,1,3,4,1,3,3,3,3,1,1,1,3,1,1,1,3,3,3,3,3,3,1,1,3,3,3,3,3,2,3,3,1,3,2,1,3,1,3,1,1,3,3,3,3,3,3,3,1,1,3,1,1,1,3,3,3,3,3,3,3,3,3,3,1,1,3,3,3,3,3,3,3,3,1,4,1,1,3,1,1,3,3,1,1,1,1,1,3,3,1,3,1,3,3,3,1,3,3,3,1,3,3,3,3,3,1,1,3,3,3,1,1,3,1,0,3,3,2,3,1,3,1,3,3,1,3,1,1,3,1,1,1,3,1,1,3,3,3,3,3,3,3,3,3,1,3,3,1,3,1,3,3,3,3,3,3,3,3,3,1,3,3,1,1,3,3,3,3,3,1,3,3,3,3,2,3,3,1,2,1,1,3,3,3,3,3,1,1,1,3,1,1,3,3,1,3,3,3,3,3,3,3,3,3,3,2,1,1,3,3,1,1,3,3,3,3,1,3,3,3,1,3,0,3,3,3,3,3,3,1,1,3,1,3,1,1,3,3,3,3,3,3,3,3,1,3,2,3,3,1,1,3,3,3,3,1,1,3,3,3,3,1,1,3,3,3,1,3,3,1,3,1,1,3,1,3,1,3,2,1,1,1,1,3,3,3,3,3,1,3,3,1,3,1,1,3,3,3,2,1,3,3,3,3,1,1,1,1,3,1,3,3,3,3,1,1,3,3,3,3,3,4,1,3,3,1,3,3,3,3,3,3,3,3,3,3,3,3,1,3,3,3,3,3,3,3,3,3,1,3,4,1,3,3,3,3,3,3,3,3,3,3,3,3,3,3,1,3,2,1,3,1,3,3,3,3,3,3,3,3,3,3,3,1,3,1,3,3,3,3,3,3,3,1,3,1,3,1,3,3,3,3,3,3,3,3,3,3,1,1,1,1,1,3,3,3,3,1,2,1,3,3,3,3,3,3,1,3,3,1,1,3,3,3,1,3,3,3,3,3,1,3,3,3,3,3,1,1,3,2,3,3,3,3,3,3,3,3,3,3,3,2,3,3,3,3,3,1,3,3,3,3,3,3,3,3,3,3,2,3,3,3,3,3,3,3,3,4,3,3,1,3,1,3,1,3,3,3,3,3,3,3,3,3,3,3,3,1,1,3,3,1,3,1,3,1,1,3,1,3,3,3,3,3,1,3,1,1,1,3,3,3,1,1,1,1,3,3,3,1,3,3,3,3,3,3,1,3,3,3,1,3,3,3,3,3,3,3,3,3,3,3,1,1,3,3,3,3,1,1,3,3,1,3,3,1,1,3,3,3,1,3,3,3,3,2,1,3,3,3,3,1,3,1,3,3,3,1,3,3,1,3,1,1,3,3,3,3,3,3,1,1,3,3,3,3,1,3,1,1,3,3,3,3,3,1,1,3,3,3,3,1,1,3,3,1,3,1,3,1,3,1,1,3,1,3,3,0,1,3,1,1,1,3,3,3,3,3,3,3,3,1,3,3,3,3,1,3,1,3,3,3,1,3,3,1,3,3,3,3,3,3,3,3,1,3,3,3,3,3,1,3,3,1,3,1,3,3,3,1,3,3,3,3,1,3,3,1,3,3,3,3,3,3,3,3,1,3,3,3,3,3,3,1,3,3,3,3,3,1,3,3,3,1,3,3,1,1,1,3,1,3,1,3,3,3,1,3,3,3,3,3,3,1,3,3,3,3,3,1,3,3,1,3,3,2,3,3,1,1,3,3,3,3,3,1,3,3,3,3,1,4,1,3,3,3,3,3,3,3,3,3,3,3,3,1,3,1,3,3,3,3,3,3,3,3,3,1,2,3,3,1,1,3,1,1,1,1,3,3,1,1,3,3,3,1,2,1,1,1,1,3]",ok,
120,kmeans,3,0.7,0.5346853136059231,1,fused_4_high,"[4, 351, 24, 1407, 13]",0.2,0.8,3.0,"{""fused_1"":0.3220344444722909,""fused_2"":0.18936795896235406,""fused_3"":0.5106490171863267,""fused_4"":0.4698965184573441,""fused_5"":0.44960142003320747}","{""fused_4_high"":0.08277179224917033}","{""fused_1"":0.2095399263401724,""fused_2"":0.27325285024909773,""fused_3"":0.16640129416920385,""fused_4"":0.17346698741669997,""fused_5"":0.17733894182482607}","{""fused_4_high"":1.0}","{""fused_1"":1.047699631700862,""fused_2"":1.3662642512454886,""fused_3"":0.8320064708460193,""fused_4"":0.8673349370834998,""fused_5"":0.8866947091241304}","{""fused_4_high"":1.0}",0.1860018899152672,0.02668148971650917,"[3,3,3,3,3,3,3,1,3,3,1,2,1,3,3,3,3,3,3,3,3,3,3,3,3,3,3,3,3,3,3,3,3,3,3,3,3,3,3,3,3,3,3,3,3,3,3,3,3,1,3,1,3,3,3,3,3,3,3,3,3,3,3,3,3,3,3,3,3,3,3,3,3,3,3,3,3,3,3,3,3,3,3,3,3,3,3,3,3,3,3,3,3,3,3,3,1,3,3,3,3,1,3,3,3,1,3,3,3,3,3,1,3,3,3,3,3,3,3,3,3,3,3,3,3,3,3,1,3,3,3,3,3,3,3,3,3,3,3,3,3,3,1,3,3,3,3,3,3,3,3,3,3,3,3,3,3,3,3,3,3,1,3,3,3,3,3,3,3,3,3,3,3,3,3,3,3,1,1,3,3,3,3,3,1,3,3,4,3,3,3,3,3,3,3,3,3,3,3,3,3,3,3,3,1,3,3,1,3,3,3,3,3,3,3,3,3,3,3,3,3,3,3,3,3,3,3,3,3,3,3,3,3,3,3,3,3,3,3,3,3,3,3,3,3,3,3,3,3,1,1,3,3,3,3,3,3,3,3,3,3,3,3,3,3,3,3,3,3,3,3,3,3,4,1,3,3,3,3,3,3,3,3,3,3,3,3,3,3,1,3,3,3,3,3,3,3,3,3,3,3,3,3,3,3,3,3,3,3,3,1,3,3,3,3,3,3,3,3,3,3,3,1,3,3,3,3,3,3,3,3,1,3,3,3,3,3,3,3,3,3,3,3,3,3,3,3,3,3,3,3,3,3,3,3,3,3,3,3,4,3,3,3,3,3,3,3,3,3,3,3,3,3,3,3,3,3,3,3,3,3,3,3,3,3,3,3,3,3,3,3,3,1,3,3,3,3,3,3,0,3,3,3,3,3,4,3,1,3,3,3,3,3,3,3,1,3,3,3,3,3,1,3,3,3,3,3,3,3,3,3,3,1,1,3,3,3,3,3,3,3,3,1,3,1,3,3,3,3,3,1,3,1,3,3,1,3,3,3,3,3,3,3,3,3,3,3,3,3,3,3,3,3,3,3,1,3,3,3,3,3,3,3,3,3,3,1,1,3,3,3,3,3,3,3,3,3,1,3,1,3,3,3,3,3,3,3,3,3,3,3,3,3,3,3,3,3,3,3,3,3,3,3,3,3,3,3,3,3,3,3,3,3,3,3,3,3,3,3,3,3,3,1,3,3,1,3,2,3,3,3,1,3,3,3,3,1,3,3,3,3,3,3,3,3,3,3,3,3,3,3,3,1,3,3,1,3,3,3,3,3,1,3,1,3,3,3,3,3,3,3,3,3,3,3,3,3,3,3,3,3,3,3,3,3,3,3,3,3,3,3,3,3,1,3,3,3,1,3,3,3,3,3,3,3,3,3,3,3,1,3,3,3,3,3,3,3,3,3,1,3,3,3,3,3,3,3,3,3,3,3,3,3,3,3,3,3,3,3,3,1,3,3,3,3,3,3,3,3,3,1,3,3,3,3,1,1,1,3,1,3,3,1,3,3,3,3,3,3,3,3,3,3,3,3,3,1,3,3,3,3,3,3,1,3,3,3,3,3,1,3,3,3,3,3,3,1,3,3,2,3,3,3,3,3,1,3,3,3,1,3,3,3,1,1,3,3,3,3,1,3,3,3,3,3,3,1,3,1,1,1,3,1,1,3,3,1,3,3,1,3,1,3,1,3,3,4,3,2,3,3,3,3,3,3,3,3,3,3,1,3,3,4,3,3,3,3,3,1,3,3,1,3,3,3,3,3,3,3,3,3,1,3,3,3,3,3,3,3,3,4,3,1,3,3,1,3,3,1,3,3,3,3,3,3,3,3,1,3,1,3,3,3,3,1,3,3,3,3,3,3,1,3,3,3,2,3,3,3,3,3,1,3,3,3,3,1,3,1,3,3,3,3,3,3,1,3,3,3,3,3,3,3,3,3,3,3,1,3,3,3,1,3,3,3,1,3,1,3,3,1,3,3,1,3,3,1,3,3,1,1,3,1,3,3,1,3,3,3,3,2,3,3,3,3,3,3,1,3,3,3,3,1,3,3,1,3,1,3,3,3,3,3,1,3,1,3,3,1,3,3,3,3,3,3,3,3,3,3,3,3,3,1,1,1,3,3,3,3,3,3,3,3,3,3,3,1,1,3,4,1,3,3,3,3,1,1,1,3,1,1,1,3,3,3,3,3,3,1,1,3,3,3,3,3,2,3,3,1,3,2,1,3,1,3,1,1,3,3,3,3,3,3,3,1,1,3,1,1,1,3,3,3,3,3,3,3,3,3,3,1,1,3,3,3,3,3,3,3,3,1,4,1,1,3,1,1,3,3,1,1,1,1,1,3,3,1,3,1,3,3,3,1,3,3,3,1,3,3,3,3,3,1,1,3,3,3,1,1,3,1,0,3,3,2,3,1,3,1,3,3,1,3,1,1,3,1,1,1,3,1,1,3,3,3,3,3,3,3,3,3,1,3,3,1,3,1,3,3,3,3,3,3,3,3,3,1,3,3,1,1,3,3,3,3,3,1,3,3,3,3,2,3,3,1,2,1,1,3,3,3,3,3,1,1,1,3,1,1,3,3,1,3,3,3,3,3,3,3,3,3,3,2,1,1,3,3,1,1,3,3,3,3,1,3,3,3,1,3,0,3,3,3,3,3,3,1,1,3,1,3,1,1,3,3,3,3,3,3,3,3,1,3,2,3,3,1,1,3,3,3,3,1,1,3,3,3,3,1,1,3,3,3,1,3,3,1,3,1,1,3,1,3,1,3,2,1,1,1,1,3,3,3,3,3,1,3,3,1,3,1,1,3,3,3,2,1,3,3,3,3,1,1,1,1,3,1,3,3,3,3,1,1,3,3,3,3,3,4,1,3,3,1,3,3,3,3,3,3,3,3,3,3,3,3,1,3,3,3,3,3,3,3,3,3,1,3,4,1,3,3,3,3,3,3,3,3,3,3,3,3,3,3,1,3,2,1,3,1,3,3,3,3,3,3,3,3,3,3,3,1,3,1,3,3,3,3,3,3,3,1,3,1,3,1,3,3,3,3,3,3,3,3,3,3,1,1,1,1,1,3,3,3,3,1,2,1,3,3,3,3,3,3,1,3,3,1,1,3,3,3,1,3,3,3,3,3,1,3,3,3,3,3,1,1,3,2,3,3,3,3,3,3,3,3,3,3,3,2,3,3,3,3,3,1,3,3,3,3,3,3,3,3,3,3,2,3,3,3,3,3,3,3,3,4,3,3,1,3,1,3,1,3,3,3,3,3,3,3,3,3,3,3,3,1,1,3,3,1,3,1,3,1,1,3,1,3,3,3,3,3,1,3,1,1,1,3,3,3,1,1,1,1,3,3,3,1,3,3,3,3,3,3,1,3,3,3,1,3,3,3,3,3,3,3,3,3,3,3,1,1,3,3,3,3,1,1,3,3,1,3,3,1,1,3,3,3,1,3,3,3,3,2,1,3,3,3,3,1,3,1,3,3,3,1,3,3,1,3,1,1,3,3,3,3,3,3,1,1,3,3,3,3,1,3,1,1,3,3,3,3,3,1,1,3,3,3,3,1,1,3,3,1,3,1,3,1,3,1,1,3,1,3,3,0,1,3,1,1,1,3,3,3,3,3,3,3,3,1,3,3,3,3,1,3,1,3,3,3,1,3,3,1,3,3,3,3,3,3,3,3,1,3,3,3,3,3,1,3,3,1,3,1,3,3,3,1,3,3,3,3,1,3,3,1,3,3,3,3,3,3,3,3,1,3,3,3,3,3,3,1,3,3,3,3,3,1,3,3,3,1,3,3,1,1,1,3,1,3,1,3,3,3,1,3,3,3,3,3,3,1,3,3,3,3,3,1,3,3,1,3,3,2,3,3,1,1,3,3,3,3,3,1,3,3,3,3,1,4,1,3,3,3,3,3,3,3,3,3,3,3,3,1,3,1,3,3,3,3,3,3,3,3,3,1,2,3,3,1,1,3,1,1,1,1,3,3,1,1,3,3,3,1,2,1,1,1,1,3]",ok,
121,kmeans,3,0.65,0.5346853136059231,1,fused_4_high,"[4, 351, 24, 1407, 13]",0.2,0.8,3.0,"{""fused_1"":0.3220344444722909,""fused_2"":0.18936795896235406,""fused_3"":0.5106490171863267,""fused_4"":0.4698965184573441,""fused_5"":0.44960142003320747}","{""fused_4_high"":0.08277179224917033}","{""fused_1"":0.2095399263401724,""fused_2"":0.27325285024909773,""fused_3"":0.16640129416920385,""fused_4"":0.17346698741669997,""fused_5"":0.17733894182482607}","{""fused_4_high"":1.0}","{""fused_1"":1.047699631700862,""fused_2"":1.3662642512454886,""fused_3"":0.8320064708460193,""fused_4"":0.8673349370834998,""fused_5"":0.8866947091241304}","{""fused_4_high"":1.0}",0.1860018899152672,0.02668148971650917,"[3,3,3,3,3,3,3,1,3,3,1,2,1,3,3,3,3,3,3,3,3,3,3,3,3,3,3,3,3,3,3,3,3,3,3,3,3,3,3,3,3,3,3,3,3,3,3,3,3,1,3,1,3,3,3,3,3,3,3,3,3,3,3,3,3,3,3,3,3,3,3,3,3,3,3,3,3,3,3,3,3,3,3,3,3,3,3,3,3,3,3,3,3,3,3,3,1,3,3,3,3,1,3,3,3,1,3,3,3,3,3,1,3,3,3,3,3,3,3,3,3,3,3,3,3,3,3,1,3,3,3,3,3,3,3,3,3,3,3,3,3,3,1,3,3,3,3,3,3,3,3,3,3,3,3,3,3,3,3,3,3,1,3,3,3,3,3,3,3,3,3,3,3,3,3,3,3,1,1,3,3,3,3,3,1,3,3,4,3,3,3,3,3,3,3,3,3,3,3,3,3,3,3,3,1,3,3,1,3,3,3,3,3,3,3,3,3,3,3,3,3,3,3,3,3,3,3,3,3,3,3,3,3,3,3,3,3,3,3,3,3,3,3,3,3,3,3,3,3,1,1,3,3,3,3,3,3,3,3,3,3,3,3,3,3,3,3,3,3,3,3,3,3,4,1,3,3,3,3,3,3,3,3,3,3,3,3,3,3,1,3,3,3,3,3,3,3,3,3,3,3,3,3,3,3,3,3,3,3,3,1,3,3,3,3,3,3,3,3,3,3,3,1,3,3,3,3,3,3,3,3,1,3,3,3,3,3,3,3,3,3,3,3,3,3,3,3,3,3,3,3,3,3,3,3,3,3,3,3,4,3,3,3,3,3,3,3,3,3,3,3,3,3,3,3,3,3,3,3,3,3,3,3,3,3,3,3,3,3,3,3,3,1,3,3,3,3,3,3,0,3,3,3,3,3,4,3,1,3,3,3,3,3,3,3,1,3,3,3,3,3,1,3,3,3,3,3,3,3,3,3,3,1,1,3,3,3,3,3,3,3,3,1,3,1,3,3,3,3,3,1,3,1,3,3,1,3,3,3,3,3,3,3,3,3,3,3,3,3,3,3,3,3,3,3,1,3,3,3,3,3,3,3,3,3,3,1,1,3,3,3,3,3,3,3,3,3,1,3,1,3,3,3,3,3,3,3,3,3,3,3,3,3,3,3,3,3,3,3,3,3,3,3,3,3,3,3,3,3,3,3,3,3,3,3,3,3,3,3,3,3,3,1,3,3,1,3,2,3,3,3,1,3,3,3,3,1,3,3,3,3,3,3,3,3,3,3,3,3,3,3,3,1,3,3,1,3,3,3,3,3,1,3,1,3,3,3,3,3,3,3,3,3,3,3,3,3,3,3,3,3,3,3,3,3,3,3,3,3,3,3,3,3,1,3,3,3,1,3,3,3,3,3,3,3,3,3,3,3,1,3,3,3,3,3,3,3,3,3,1,3,3,3,3,3,3,3,3,3,3,3,3,3,3,3,3,3,3,3,3,1,3,3,3,3,3,3,3,3,3,1,3,3,3,3,1,1,1,3,1,3,3,1,3,3,3,3,3,3,3,3,3,3,3,3,3,1,3,3,3,3,3,3,1,3,3,3,3,3,1,3,3,3,3,3,3,1,3,3,2,3,3,3,3,3,1,3,3,3,1,3,3,3,1,1,3,3,3,3,1,3,3,3,3,3,3,1,3,1,1,1,3,1,1,3,3,1,3,3,1,3,1,3,1,3,3,4,3,2,3,3,3,3,3,3,3,3,3,3,1,3,3,4,3,3,3,3,3,1,3,3,1,3,3,3,3,3,3,3,3,3,1,3,3,3,3,3,3,3,3,4,3,1,3,3,1,3,3,1,3,3,3,3,3,3,3,3,1,3,1,3,3,3,3,1,3,3,3,3,3,3,1,3,3,3,2,3,3,3,3,3,1,3,3,3,3,1,3,1,3,3,3,3,3,3,1,3,3,3,3,3,3,3,3,3,3,3,1,3,3,3,1,3,3,3,1,3,1,3,3,1,3,3,1,3,3,1,3,3,1,1,3,1,3,3,1,3,3,3,3,2,3,3,3,3,3,3,1,3,3,3,3,1,3,3,1,3,1,3,3,3,3,3,1,3,1,3,3,1,3,3,3,3,3,3,3,3,3,3,3,3,3,1,1,1,3,3,3,3,3,3,3,3,3,3,3,1,1,3,4,1,3,3,3,3,1,1,1,3,1,1,1,3,3,3,3,3,3,1,1,3,3,3,3,3,2,3,3,1,3,2,1,3,1,3,1,1,3,3,3,3,3,3,3,1,1,3,1,1,1,3,3,3,3,3,3,3,3,3,3,1,1,3,3,3,3,3,3,3,3,1,4,1,1,3,1,1,3,3,1,1,1,1,1,3,3,1,3,1,3,3,3,1,3,3,3,1,3,3,3,3,3,1,1,3,3,3,1,1,3,1,0,3,3,2,3,1,3,1,3,3,1,3,1,1,3,1,1,1,3,1,1,3,3,3,3,3,3,3,3,3,1,3,3,1,3,1,3,3,3,3,3,3,3,3,3,1,3,3,1,1,3,3,3,3,3,1,3,3,3,3,2,3,3,1,2,1,1,3,3,3,3,3,1,1,1,3,1,1,3,3,1,3,3,3,3,3,3,3,3,3,3,2,1,1,3,3,1,1,3,3,3,3,1,3,3,3,1,3,0,3,3,3,3,3,3,1,1,3,1,3,1,1,3,3,3,3,3,3,3,3,1,3,2,3,3,1,1,3,3,3,3,1,1,3,3,3,3,1,1,3,3,3,1,3,3,1,3,1,1,3,1,3,1,3,2,1,1,1,1,3,3,3,3,3,1,3,3,1,3,1,1,3,3,3,2,1,3,3,3,3,1,1,1,1,3,1,3,3,3,3,1,1,3,3,3,3,3,4,1,3,3,1,3,3,3,3,3,3,3,3,3,3,3,3,1,3,3,3,3,3,3,3,3,3,1,3,4,1,3,3,3,3,3,3,3,3,3,3,3,3,3,3,1,3,2,1,3,1,3,3,3,3,3,3,3,3,3,3,3,1,3,1,3,3,3,3,3,3,3,1,3,1,3,1,3,3,3,3,3,3,3,3,3,3,1,1,1,1,1,3,3,3,3,1,2,1,3,3,3,3,3,3,1,3,3,1,1,3,3,3,1,3,3,3,3,3,1,3,3,3,3,3,1,1,3,2,3,3,3,3,3,3,3,3,3,3,3,2,3,3,3,3,3,1,3,3,3,3,3,3,3,3,3,3,2,3,3,3,3,3,3,3,3,4,3,3,1,3,1,3,1,3,3,3,3,3,3,3,3,3,3,3,3,1,1,3,3,1,3,1,3,1,1,3,1,3,3,3,3,3,1,3,1,1,1,3,3,3,1,1,1,1,3,3,3,1,3,3,3,3,3,3,1,3,3,3,1,3,3,3,3,3,3,3,3,3,3,3,1,1,3,3,3,3,1,1,3,3,1,3,3,1,1,3,3,3,1,3,3,3,3,2,1,3,3,3,3,1,3,1,3,3,3,1,3,3,1,3,1,1,3,3,3,3,3,3,1,1,3,3,3,3,1,3,1,1,3,3,3,3,3,1,1,3,3,3,3,1,1,3,3,1,3,1,3,1,3,1,1,3,1,3,3,0,1,3,1,1,1,3,3,3,3,3,3,3,3,1,3,3,3,3,1,3,1,3,3,3,1,3,3,1,3,3,3,3,3,3,3,3,1,3,3,3,3,3,1,3,3,1,3,1,3,3,3,1,3,3,3,3,1,3,3,1,3,3,3,3,3,3,3,3,1,3,3,3,3,3,3,1,3,3,3,3,3,1,3,3,3,1,3,3,1,1,1,3,1,3,1,3,3,3,1,3,3,3,3,3,3,1,3,3,3,3,3,1,3,3,1,3,3,2,3,3,1,1,3,3,3,3,3,1,3,3,3,3,1,4,1,3,3,3,3,3,3,3,3,3,3,3,3,1,3,1,3,3,3,3,3,3,3,3,3,1,2,3,3,1,1,3,1,1,1,1,3,3,1,1,3,3,3,1,2,1,1,1,1,3]",ok,
122,kmeans,3,0.6,0.6096136264513407,1,fused_2_medium+fused_4_high,"[1100, 166, 61, 173, 299]",0.4,0.7,5.0,"{""fused_1"":0.4910256607981126,""fused_2"":0.21308438865754145,""fused_3"":0.5836665872626503,""fused_4"":0.299252418156719,""fused_5"":0.5144459138932812}","{""fused_2_medium+fused_4_high"":0.2070639528519811}","{""fused_1"":0.18832389164252172,""fused_2"":0.23202968962614842,""fused_3"":0.18036001354329106,""fused_4"":0.2131434789978499,""fused_5"":0.18614292619018893}","{""fused_2_medium+fused_4_high"":1.0}","{""fused_1"":0.9416194582126086,""fused_2"":1.160148448130742,""fused_3"":0.9018000677164553,""fused_4"":1.0657173949892496,""fused_5"":0.9307146309509446}","{""fused_2_medium+fused_4_high"":1.0}",0.14290133930227003,0.0044469149527515284,"[4,4,4,4,0,0,4,3,4,0,3,2,3,0,0,0,0,0,4,4,0,0,4,4,0,4,0,0,0,0,4,0,4,0,4,0,0,0,0,0,0,0,0,0,0,4,4,4,0,3,0,1,0,0,0,0,0,0,0,0,0,4,4,0,0,0,0,0,4,4,0,0,4,0,4,4,0,0,0,4,0,0,0,0,4,4,4,4,0,4,0,2,4,0,0,0,3,0,0,0,0,3,0,0,4,3,0,0,0,4,0,3,0,0,0,0,0,0,0,4,0,0,0,0,0,0,0,1,0,0,4,0,4,0,0,0,0,0,0,4,0,0,1,4,4,4,0,0,0,0,0,0,0,4,4,4,2,4,0,0,4,1,0,0,0,4,0,0,0,4,0,0,4,0,0,4,0,2,3,0,0,4,0,4,3,0,0,2,0,0,4,4,0,0,0,0,4,4,0,0,0,0,0,0,3,0,0,1,0,4,0,0,4,4,0,0,0,0,0,4,0,0,4,0,4,0,4,0,0,0,4,0,0,0,0,0,0,0,0,0,0,0,4,0,4,0,0,4,0,3,3,0,0,4,4,0,0,0,0,4,0,0,4,4,0,0,0,0,0,0,0,4,4,2,1,4,0,0,4,0,0,0,0,4,0,4,0,0,0,1,0,0,0,0,0,4,4,0,0,4,0,4,0,4,0,0,0,0,0,0,3,4,0,0,0,0,0,4,0,0,0,0,3,0,0,4,0,0,0,0,0,3,0,0,0,2,0,4,0,0,0,0,0,0,0,0,0,0,0,0,0,0,0,0,0,0,0,0,0,2,4,0,4,0,0,0,0,0,0,0,0,0,4,0,0,2,0,0,0,4,0,0,4,0,0,4,0,0,0,0,4,0,3,0,0,4,0,0,0,4,0,0,0,0,0,2,0,1,0,0,0,0,0,0,4,3,0,4,0,4,0,3,0,4,0,4,0,0,0,4,0,0,3,3,4,0,4,0,0,0,0,0,3,0,1,0,0,4,0,0,1,0,1,0,0,3,0,0,0,0,0,0,0,0,4,0,0,0,0,0,0,0,0,4,0,1,0,4,0,4,4,0,0,0,0,0,3,3,4,4,0,0,4,4,4,0,0,3,0,1,0,0,0,0,0,0,0,0,0,0,0,0,0,0,0,0,0,4,0,0,4,0,0,0,0,4,0,0,4,0,0,4,0,4,0,0,0,0,0,0,4,0,3,0,0,3,0,2,4,4,0,3,0,4,0,4,3,4,0,4,0,0,0,0,0,0,4,0,0,0,0,4,1,4,0,3,0,0,0,4,0,3,0,1,0,0,0,0,0,0,0,4,0,0,0,4,4,4,0,0,4,0,4,4,0,0,0,0,0,4,4,0,0,3,0,0,4,1,0,0,0,0,0,0,4,4,0,0,0,1,0,0,0,0,0,0,0,0,4,3,0,0,0,0,0,0,4,0,4,0,0,4,0,0,0,0,0,4,0,0,3,0,4,0,0,0,0,0,4,4,1,0,0,4,0,3,3,3,0,3,4,4,3,0,4,0,0,0,4,0,4,0,0,0,0,4,3,4,0,0,0,0,0,1,4,4,0,4,0,3,0,0,0,0,0,0,1,4,3,2,0,4,4,4,0,1,0,0,0,3,0,0,0,3,3,0,0,0,0,1,4,0,0,0,0,4,1,0,1,1,2,0,2,1,0,0,1,4,0,3,0,1,0,1,0,0,2,0,2,0,0,0,0,4,0,0,0,0,4,1,0,0,2,0,0,4,0,0,3,0,0,1,0,0,0,0,0,0,4,0,0,3,4,0,0,4,0,0,0,0,2,4,3,0,4,1,0,0,3,0,0,4,0,0,0,0,4,3,0,1,0,4,4,0,1,0,0,4,0,4,0,3,0,0,0,2,0,0,0,0,0,1,0,0,0,0,3,0,3,0,0,4,0,0,0,1,0,0,0,4,0,0,0,0,0,0,0,3,4,0,0,1,0,0,0,1,0,2,0,0,3,0,0,3,0,0,1,0,4,1,3,0,1,0,0,3,0,0,0,0,2,0,0,0,0,0,0,3,0,0,0,4,3,0,0,1,4,2,0,0,0,0,0,3,4,3,0,0,3,0,0,0,0,4,0,0,0,0,0,0,0,0,3,2,2,0,0,0,0,0,0,0,0,0,0,0,3,3,0,2,3,0,0,0,0,1,1,1,0,1,3,1,4,0,0,0,0,0,3,1,0,4,0,0,0,2,0,0,3,0,2,1,0,3,0,2,3,0,4,0,0,0,0,0,3,1,4,3,1,1,4,0,0,0,0,0,0,4,0,0,1,1,0,0,0,4,0,0,0,0,1,2,1,1,0,2,3,0,0,3,1,1,3,3,0,0,1,0,1,0,4,0,1,0,0,3,3,0,0,4,4,4,2,1,0,0,0,1,1,0,3,4,0,4,2,0,3,0,1,0,0,3,0,1,1,0,3,1,1,0,1,1,0,4,0,0,0,0,0,0,0,1,0,0,3,0,3,0,0,0,4,0,0,0,0,0,3,4,0,1,3,4,0,0,0,0,1,0,0,0,0,2,0,0,1,2,2,3,4,0,0,0,0,1,1,1,0,1,3,0,0,1,0,0,0,2,0,0,4,0,0,0,2,1,1,0,0,1,3,4,0,0,0,3,0,0,0,1,0,4,0,0,4,0,0,4,1,3,0,3,4,1,1,4,0,0,0,0,0,0,0,1,4,2,0,0,1,1,0,0,4,0,3,1,0,0,0,0,3,1,0,4,0,1,0,0,1,0,3,3,4,1,0,1,0,2,3,1,1,1,0,0,0,0,0,1,0,4,1,0,1,1,0,0,4,2,1,0,0,0,0,3,3,3,1,0,1,0,0,0,0,3,3,0,0,0,0,0,2,1,0,0,1,4,0,0,0,0,4,2,0,0,4,0,4,1,0,0,4,0,0,0,0,0,0,3,0,2,3,0,0,4,0,0,0,4,0,0,0,0,0,0,0,3,0,2,3,4,1,2,0,0,0,4,0,0,0,0,4,4,3,0,3,0,4,0,0,0,0,0,1,0,3,4,1,4,0,0,0,4,4,0,0,0,0,3,1,1,3,3,0,4,0,0,1,2,3,0,0,4,0,0,0,1,0,0,1,1,0,0,4,3,0,0,4,3,0,3,0,0,4,0,4,1,3,0,2,0,0,0,4,4,0,0,4,0,4,4,2,0,0,0,0,0,1,4,4,0,4,0,0,0,0,4,4,2,4,0,0,0,0,0,0,0,2,0,0,3,0,1,0,3,4,0,0,0,0,4,0,4,0,4,0,0,3,1,0,0,3,0,3,0,1,3,4,3,0,0,4,0,0,3,0,1,3,1,0,0,0,3,1,1,3,4,0,0,3,0,0,4,4,4,4,1,0,4,0,2,0,0,0,0,4,0,0,0,0,0,0,1,1,0,4,0,0,1,1,0,0,3,0,4,1,1,0,0,0,1,0,4,0,0,2,3,0,0,0,0,3,0,1,4,0,0,1,0,0,1,0,1,3,0,4,0,0,0,0,3,3,0,0,0,0,1,0,3,3,0,4,4,0,0,1,3,4,0,0,0,1,1,4,4,3,0,3,4,3,0,1,2,0,3,0,0,4,3,0,2,3,3,4,0,4,0,0,0,4,4,3,4,0,0,0,3,0,3,0,0,0,1,0,3,1,4,0,0,4,0,0,0,0,3,0,0,0,0,0,1,0,0,3,0,1,0,0,4,3,0,0,0,4,1,0,0,1,0,4,0,0,0,0,0,0,3,0,0,0,4,2,0,1,0,0,0,0,0,3,0,0,0,3,4,4,1,3,2,0,1,0,1,0,0,0,3,0,4,0,0,4,0,1,0,0,0,0,0,1,0,0,1,0,0,4,0,0,1,3,0,0,0,4,4,3,0,0,0,0,1,2,3,0,0,4,0,0,0,0,0,0,0,2,0,3,0,3,0,0,0,0,0,0,0,0,0,3,2,0,0,1,3,0,1,3,3,3,0,0,3,1,0,0,0,1,2,3,1,1,2,0]",ok,
123,kmeans,3,0.55,0.6042644943769975,2,"fused_2_medium+fused_4_high, fused_4_high+fused_5_low","[1160, 165, 241, 188, 45]",0.2,0.2,4.0,"{""fused_1"":0.6924657807495486,""fused_2"":0.07139636326985743,""fused_3"":0.532408922764243,""fused_4"":0.223748904274297,""fused_5"":0.3134886032551206}","{""fused_2_medium+fused_4_high"":0.471494737539238,""fused_4_high+fused_5_low"":0.4940645419065485}","{""fused_1"":0.14318869619161237,""fused_2"":0.30536280999686083,""fused_3"":0.15630027129482807,""fused_4"":0.20866736625928398,""fused_5"":0.18648085625741467}","{""fused_2_medium+fused_4_high"":0.5038964394031951,""fused_4_high+fused_5_low"":0.4961035605968048}","{""fused_1"":0.7159434809580618,""fused_2"":1.5268140499843041,""fused_3"":0.7815013564741403,""fused_4"":1.04333683129642,""fused_5"":0.9324042812870734}","{""fused_2_medium+fused_4_high"":1.0077928788063901,""fused_4_high+fused_5_low"":0.9922071211936097}",0.2133532265080862,0.007782101167315175,"[2,0,2,2,0,0,0,3,2,0,3,4,3,0,0,0,0,0,2,2,0,0,2,2,0,2,0,0,0,0,2,0,2,0,2,0,0,0,0,0,0,0,0,0,0,2,0,2,0,3,0,1,0,0,0,0,0,0,0,0,0,2,2,0,0,0,0,0,2,2,0,0,0,0,2,2,0,0,0,2,0,0,0,0,0,2,2,2,0,2,0,4,0,0,0,0,3,0,0,0,0,3,0,0,0,3,0,0,0,2,0,3,0,0,0,0,0,0,0,0,0,0,0,0,0,0,0,1,0,0,2,0,0,0,0,0,0,0,0,2,0,0,1,2,2,2,0,0,0,0,0,0,0,2,2,2,4,2,0,0,2,1,0,0,0,2,0,0,0,0,0,0,2,0,0,2,0,3,3,0,0,2,0,2,3,0,0,4,0,0,2,2,0,0,0,0,2,2,0,0,0,0,0,0,3,0,0,1,0,2,0,0,0,2,0,0,0,0,0,2,0,0,2,0,2,0,2,0,0,0,2,0,0,0,0,0,0,0,0,0,0,0,2,0,0,0,0,2,0,3,3,0,0,2,2,0,0,0,0,2,0,0,2,0,0,0,0,0,0,0,0,2,0,4,1,2,0,0,2,0,0,0,0,2,0,2,0,0,0,1,0,0,0,0,0,0,0,0,0,2,0,0,0,2,0,0,0,0,0,0,3,2,0,0,0,0,0,2,0,0,0,0,3,0,0,2,0,0,0,0,0,1,0,0,0,0,0,2,0,0,0,0,0,0,0,0,0,0,0,0,0,0,0,0,0,0,0,0,0,4,0,0,2,0,0,0,0,0,0,0,0,0,2,0,0,4,0,0,0,2,0,0,2,0,0,2,0,0,0,0,2,0,3,0,0,2,0,0,0,2,0,0,0,0,0,4,0,1,0,0,0,0,0,0,2,3,0,0,0,0,0,3,0,2,0,2,0,0,0,0,0,0,3,3,2,0,2,0,0,0,0,0,3,0,1,0,0,2,0,0,1,0,1,0,0,3,0,0,0,0,0,0,0,0,2,0,0,0,0,0,0,0,0,2,0,1,0,2,0,2,2,0,0,0,0,0,3,3,2,0,0,0,2,2,2,0,0,3,0,1,0,0,0,0,0,0,0,0,0,0,0,0,0,0,0,0,0,0,0,0,2,0,0,0,0,0,0,0,0,0,0,2,0,0,0,0,0,0,0,0,2,0,3,0,0,3,0,4,2,2,0,3,0,2,0,2,3,2,0,2,0,0,0,0,0,0,2,0,0,0,0,0,1,2,0,3,0,0,0,2,0,3,0,1,0,0,0,0,0,0,0,2,0,0,0,2,0,0,0,0,2,0,0,2,0,0,0,0,0,2,2,0,0,3,0,0,2,1,0,0,0,0,0,0,2,2,0,0,0,1,0,0,0,0,0,0,0,0,2,3,0,0,0,0,0,0,2,0,0,0,0,2,0,0,0,0,0,2,0,0,3,0,2,0,0,0,0,0,2,2,1,0,0,2,0,3,3,3,0,3,2,0,3,0,2,0,0,0,0,0,0,0,0,0,0,2,3,2,0,0,0,0,0,1,2,2,0,0,0,3,0,0,0,0,0,0,1,2,3,4,0,2,2,0,0,1,0,0,0,3,0,0,0,3,3,0,0,0,0,1,0,0,0,0,0,2,1,0,1,1,3,0,3,1,0,0,1,2,0,3,0,1,0,1,0,0,4,0,4,0,0,0,0,2,0,0,0,0,0,1,0,0,4,0,0,2,0,0,3,0,0,1,0,0,0,0,0,0,2,0,0,3,2,0,0,2,0,0,0,0,4,2,3,0,2,1,0,0,3,0,0,2,0,0,0,0,2,3,0,1,0,0,2,0,1,0,0,2,0,2,0,3,0,0,0,4,0,0,0,0,0,1,0,0,0,0,3,0,3,0,0,2,0,0,0,1,0,0,0,2,0,0,0,0,0,0,0,3,2,0,0,1,0,0,0,1,0,3,0,0,3,0,0,3,0,0,1,0,0,1,3,0,1,0,0,3,0,0,0,0,4,0,0,0,0,0,0,3,0,0,0,2,3,0,0,1,2,3,0,0,0,0,0,3,2,3,0,0,3,0,0,0,0,2,0,0,0,0,0,0,0,0,3,3,3,0,0,0,0,0,0,0,0,0,0,0,3,3,0,4,3,0,0,0,0,1,1,1,0,1,3,1,2,0,0,0,0,0,3,1,0,2,0,0,0,4,0,0,3,0,4,1,0,3,0,3,3,0,0,0,0,0,0,0,3,1,2,3,1,1,2,0,0,0,0,0,0,2,0,0,1,1,0,0,0,0,0,0,0,0,1,4,1,1,0,4,3,0,0,3,1,1,3,3,0,0,1,0,1,0,2,0,1,0,0,3,3,0,0,2,2,0,3,1,0,0,0,1,1,0,3,2,0,2,4,0,3,0,1,0,0,3,0,1,1,0,3,1,1,0,1,1,0,2,0,0,0,0,0,0,0,1,0,0,3,0,3,0,0,0,2,0,0,0,0,0,3,2,0,1,3,2,0,0,0,0,1,0,0,0,0,4,0,0,1,4,3,3,2,0,0,0,0,1,1,1,0,1,3,0,0,1,0,0,0,3,0,0,2,0,0,0,4,1,1,0,0,3,3,2,0,0,0,3,0,0,0,1,0,2,0,0,2,0,0,2,1,3,0,3,0,1,1,2,0,0,0,0,0,0,0,1,2,4,0,0,1,1,0,0,2,0,3,3,0,0,0,0,3,1,0,2,0,1,0,0,1,0,3,3,2,1,0,1,0,4,3,1,1,1,0,0,0,0,0,1,0,2,1,0,1,1,0,0,0,4,1,0,0,0,0,3,3,3,1,0,1,0,0,0,0,3,3,0,0,0,0,0,4,1,0,0,1,0,0,0,0,0,0,4,0,0,2,0,2,1,0,0,2,0,0,0,0,0,0,3,0,4,3,0,0,2,0,0,0,2,0,0,0,0,0,0,0,3,0,4,3,2,1,4,0,0,0,2,0,0,0,0,2,2,3,0,3,0,2,0,0,0,0,0,1,0,3,2,1,2,0,0,0,2,2,0,0,0,0,3,1,1,3,3,0,2,0,0,1,4,3,0,0,2,0,0,0,1,0,0,1,1,0,0,2,3,0,0,2,3,0,3,0,0,2,0,2,1,3,0,4,0,0,0,2,2,0,0,0,0,0,2,4,0,0,0,0,0,1,2,0,0,0,0,0,0,0,2,2,4,2,0,0,0,0,0,0,0,4,0,0,3,0,1,0,3,2,0,0,0,0,2,0,2,0,2,0,0,3,1,0,0,3,0,3,0,1,3,2,3,0,0,0,0,0,3,0,1,3,1,0,0,0,3,1,1,3,2,0,0,3,0,0,2,2,2,2,1,0,0,0,4,0,0,0,0,2,0,0,0,0,0,0,1,1,0,2,0,0,1,1,0,0,3,0,0,1,1,0,0,0,1,0,2,0,0,4,3,0,0,0,0,3,0,1,2,0,0,1,0,0,1,0,1,3,0,2,0,0,0,0,3,3,0,0,0,0,1,0,3,3,0,2,2,0,0,1,3,2,0,0,0,1,1,2,2,3,0,3,2,3,0,1,3,0,3,0,0,2,3,0,3,3,3,0,0,2,0,0,0,0,2,3,2,0,0,0,3,0,3,0,0,0,1,0,3,1,2,0,0,2,0,0,0,0,3,0,0,0,0,0,1,0,0,3,0,1,0,0,2,3,0,0,0,2,1,0,0,1,0,2,0,0,0,0,0,0,3,0,0,0,2,0,0,1,0,0,0,0,0,3,0,0,0,3,2,2,1,3,3,0,1,0,1,0,0,0,3,0,2,0,0,0,0,1,0,0,0,0,0,1,0,0,1,0,0,2,0,0,1,3,0,0,0,0,2,3,0,0,0,0,1,4,3,0,0,2,0,0,0,0,0,0,0,4,0,3,0,3,0,0,0,0,0,0,0,0,0,3,4,0,0,1,3,0,1,3,3,3,0,0,3,1,0,0,0,1,4,3,1,1,4,0]",ok,
124,kmeans,3,0.5,0.581018524744373,1,fused_2_medium+fused_4_high+fused_5_low,"[967, 166, 146, 184, 336]",0.5,0.2,5.0,"{""fused_1"":0.6287558752563717,""fused_2"":0.09111759593558826,""fused_3"":0.4619921296736726,""fused_4"":0.269644173715865,""fused_5"":0.24342510144109292}","{""fused_2_medium+fused_4_high+fused_5_low"":0.4928771131751422}","{""fused_1"":0.16117791235885248,""fused_2"":0.2612314597204898,""fused_3"":0.1740874228318802,""fused_4"":0.1991719980694738,""fused_5"":0.2043312070193038}","{""fused_2_medium+fused_4_high+fused_5_low"":1.0}","{""fused_1"":0.8058895617942624,""fused_2"":1.3061572986024488,""fused_3"":0.870437114159401,""fused_4"":0.995859990347369,""fused_5"":1.021656035096519}","{""fused_2_medium+fused_4_high+fused_5_low"":1.0}",0.16760856561403484,0.006114508060033352,"[4,4,4,4,0,2,4,3,4,0,3,2,3,0,0,0,0,0,4,4,0,0,4,4,0,4,2,0,0,0,4,0,4,0,4,0,0,0,0,0,0,0,0,0,0,4,4,4,0,3,0,1,0,0,0,0,0,0,0,0,0,4,4,0,0,0,0,0,4,4,0,0,4,2,4,4,0,2,0,4,2,0,0,0,4,4,4,4,0,4,4,2,4,0,0,0,3,0,0,0,0,3,2,0,4,3,0,0,0,4,0,3,0,2,0,0,0,0,0,4,0,0,0,0,0,4,0,1,0,0,4,0,4,0,0,0,0,0,0,4,0,0,1,4,4,4,0,0,0,2,0,0,0,4,4,4,2,4,2,4,4,1,0,0,4,4,0,0,0,4,2,0,4,0,0,4,0,3,3,0,0,4,0,4,3,0,2,2,4,0,4,4,4,2,0,0,4,4,0,0,0,2,0,2,3,0,0,1,0,4,0,4,4,4,0,0,0,0,0,4,0,4,4,4,4,0,4,2,0,4,4,0,0,0,0,0,0,0,0,0,0,0,4,0,4,0,0,4,2,3,3,0,0,4,4,0,0,0,0,4,0,0,4,4,0,0,0,0,0,0,0,4,4,2,1,4,0,0,4,0,0,0,0,4,0,4,0,0,0,1,0,0,0,0,0,4,4,0,0,4,0,4,0,4,0,0,0,0,0,0,3,4,0,0,0,0,0,4,0,0,0,4,3,0,0,4,0,4,0,0,0,1,0,0,2,2,0,4,0,2,0,0,0,0,0,0,0,0,0,0,0,0,0,0,0,0,0,0,0,2,4,0,4,0,0,0,0,0,0,0,0,0,4,0,0,2,0,0,0,4,0,0,4,0,0,4,0,0,0,0,4,0,3,0,0,4,0,0,2,4,0,0,0,0,0,2,0,1,0,0,0,0,0,0,4,3,0,4,0,4,0,3,0,4,0,4,0,0,0,4,0,0,3,3,4,0,4,0,0,0,0,0,3,0,1,0,0,4,0,2,1,0,1,2,2,3,0,0,0,0,0,0,0,2,4,0,2,0,0,0,0,0,0,4,0,1,0,4,0,4,4,0,0,0,2,0,3,3,4,4,0,2,4,4,4,0,0,3,0,1,0,0,0,0,0,0,0,0,0,0,0,0,0,0,0,4,0,4,0,0,4,0,0,0,0,4,0,0,4,0,0,4,0,4,0,4,0,0,0,0,4,0,3,2,0,3,0,2,4,4,0,3,0,4,2,4,3,4,0,4,0,0,2,0,2,0,4,0,0,0,0,4,1,4,0,3,0,0,2,4,0,3,0,1,2,0,4,4,0,0,0,4,0,0,0,4,4,4,0,0,4,0,4,4,0,0,0,0,0,4,4,0,0,3,0,0,4,1,0,2,0,0,0,0,4,4,4,0,0,1,0,0,4,0,0,0,2,0,4,3,0,0,0,0,0,0,4,4,4,0,2,4,0,2,0,0,0,4,0,0,3,0,4,4,0,0,0,0,4,4,1,0,0,4,0,3,3,3,2,3,4,4,3,0,4,0,0,0,4,0,4,0,0,0,0,4,3,4,0,0,0,0,0,1,4,4,0,4,0,3,4,0,0,0,2,0,1,4,3,2,0,4,4,4,0,1,0,0,0,3,0,0,0,3,3,0,0,0,0,1,4,0,0,0,4,4,1,0,1,1,3,0,3,1,0,0,1,4,0,3,0,1,0,1,0,2,2,2,2,0,0,2,0,4,2,0,0,0,4,1,0,0,2,0,0,4,0,0,3,0,0,1,0,0,2,4,0,0,4,0,0,3,4,0,0,4,2,4,0,0,2,4,3,0,4,1,0,0,3,0,0,4,0,0,0,0,4,3,0,1,0,4,4,0,1,0,0,4,0,4,0,3,0,0,0,2,0,0,0,0,0,1,0,0,0,0,3,0,3,0,0,4,0,0,0,1,0,0,0,4,0,0,0,2,0,0,0,3,4,0,0,1,0,2,0,1,0,3,0,0,3,2,0,3,0,2,1,0,4,1,3,0,1,0,0,3,0,0,4,0,2,0,0,0,0,0,0,3,0,2,0,4,3,4,0,1,4,3,0,0,0,0,0,3,4,3,0,2,3,0,0,0,0,4,0,4,0,0,0,0,0,0,3,3,3,0,0,4,0,2,0,0,0,2,0,0,3,3,0,2,3,0,0,2,0,1,1,1,0,1,3,1,4,0,0,2,0,0,3,1,0,4,2,0,0,2,0,0,3,0,2,1,0,3,0,3,3,0,4,0,0,0,0,0,3,1,4,3,1,1,4,0,0,0,0,0,2,4,0,0,1,1,0,0,0,4,0,0,0,0,1,2,1,1,2,2,3,0,0,3,1,1,3,3,0,4,1,0,1,0,4,0,1,2,2,3,3,0,0,4,4,4,3,1,0,2,0,1,1,0,3,4,0,4,2,0,3,0,1,0,0,3,0,1,1,0,3,1,1,2,1,1,0,4,0,0,2,0,0,2,0,1,0,0,3,4,3,0,0,0,4,0,0,0,0,0,3,4,0,1,3,4,0,0,0,0,1,2,0,0,0,2,0,0,1,2,2,3,4,0,0,0,0,1,1,1,2,1,3,0,2,1,0,0,0,2,0,0,4,0,4,0,2,1,1,0,2,1,3,4,0,0,0,3,0,0,0,1,0,4,0,0,4,0,0,4,1,3,0,3,4,1,1,4,0,0,0,0,0,0,0,1,4,2,2,0,1,1,0,0,4,0,3,3,0,0,2,0,3,1,0,4,0,1,0,0,1,0,3,3,4,1,0,1,0,2,3,1,1,1,0,0,0,0,0,1,0,4,1,0,1,1,0,0,4,2,1,0,0,0,0,3,3,3,1,0,1,0,0,0,0,3,3,0,0,0,0,0,2,1,0,0,1,4,0,4,0,0,4,2,0,0,4,0,4,1,0,0,4,0,0,0,0,0,0,3,0,2,3,0,0,4,0,0,0,4,0,0,4,0,0,2,0,3,0,2,3,4,1,2,0,0,0,4,0,0,0,0,4,4,3,0,3,0,4,0,0,0,0,0,1,0,3,4,1,4,0,0,0,4,4,0,0,0,0,3,1,1,3,3,0,4,0,0,1,2,3,0,0,4,0,0,0,1,0,2,1,1,0,0,4,3,0,0,4,3,2,3,0,0,4,0,4,1,3,0,2,0,2,0,4,4,2,0,4,2,4,4,2,0,0,0,0,0,1,4,4,0,4,0,4,2,0,4,4,2,4,0,0,0,0,0,2,0,2,0,0,3,0,1,0,3,4,0,0,2,0,4,2,4,0,4,0,0,3,1,0,0,3,0,3,0,1,3,4,3,0,0,4,0,0,3,0,1,3,1,0,0,0,3,1,1,3,4,0,0,3,0,0,4,4,4,4,1,0,4,0,2,0,0,4,0,4,0,0,0,0,0,0,1,1,0,4,2,0,1,1,0,0,3,0,4,1,1,0,0,0,1,0,4,2,0,2,3,0,0,0,0,3,0,1,4,0,0,1,0,0,1,0,1,3,0,4,4,0,2,0,3,3,0,2,0,0,1,2,3,3,0,4,4,0,0,1,3,4,0,2,0,1,1,4,4,3,0,3,4,3,0,1,2,0,3,0,2,4,3,0,3,3,3,4,0,4,0,0,0,4,4,3,4,2,0,0,3,0,3,2,0,0,1,0,3,1,4,0,0,4,0,0,2,0,3,0,0,0,0,0,1,0,0,3,0,1,0,0,4,3,0,0,0,4,1,0,0,1,0,4,0,0,0,0,0,0,3,0,0,0,4,2,0,1,0,0,2,0,0,3,0,0,0,3,4,4,1,3,3,0,1,0,1,0,0,0,3,0,4,0,0,4,0,1,2,0,0,0,0,1,0,2,1,0,0,4,0,0,1,3,0,0,0,4,4,3,0,0,0,0,1,2,3,2,0,4,0,4,0,0,0,0,0,2,0,3,0,3,0,2,0,0,0,0,0,2,0,3,2,2,0,1,3,0,1,3,3,3,0,0,3,1,0,0,0,1,2,3,1,1,2,0]",ok,
125,kmeans,3,0.45,0.5011367755543542,2,"fused_2_medium+fused_4_high+fused_5_low, fused_1_medium","[433, 188, 345, 298, 535]",0.9,0.8,5.0,"{""fused_1"":0.6807592845321914,""fused_2"":0.4785801995880454,""fused_3"":0.5085525415683279,""fused_4"":0.3133713519255943,""fused_5"":0.5013310038323853}","{""fused_2_medium+fused_4_high+fused_5_low"":0.37149408421676944,""fused_1_medium"":0.2956009032261967}","{""fused_1"":0.183108088144642,""fused_2"":0.19997110194639503,""fused_3"":0.1969572465171829,""fused_4"":0.22230083737265044,""fused_5"":0.1976627260191296}","{""fused_2_medium+fused_4_high+fused_5_low"":0.4857212150566517,""fused_1_medium"":0.5142787849433483}","{""fused_1"":0.91554044072321,""fused_2"":0.9998555097319751,""fused_3"":0.9847862325859146,""fused_4"":1.1115041868632523,""fused_5"":0.988313630095648}","{""fused_2_medium+fused_4_high+fused_5_low"":0.9714424301133034,""fused_1_medium"":1.0285575698866967}",0.23329006230437585,0.03724291272929405,"[2,2,2,2,4,3,2,3,2,4,3,3,1,0,4,4,4,0,2,2,4,0,2,2,4,2,3,4,0,0,2,4,2,0,2,0,0,4,0,4,0,4,4,4,4,2,2,2,4,3,0,1,4,4,4,0,0,0,4,4,4,2,2,0,0,0,4,0,2,2,4,0,2,3,2,2,0,3,4,2,3,0,4,4,2,2,2,2,4,2,2,3,2,4,4,4,3,0,0,4,4,3,3,4,2,3,0,0,4,2,4,3,4,3,4,0,0,4,0,2,0,4,0,4,0,2,0,1,4,0,2,0,2,4,0,0,4,0,4,2,4,0,1,2,2,2,4,4,0,3,4,4,4,2,2,2,3,2,3,2,2,1,0,4,2,2,4,0,4,2,3,0,2,0,4,2,4,3,1,4,4,2,0,2,3,4,3,3,2,4,2,2,2,2,4,0,2,2,4,0,0,3,0,2,3,0,4,1,4,2,0,2,2,2,4,4,0,4,4,2,0,2,2,2,2,4,2,2,4,2,2,4,4,0,0,4,0,4,4,4,4,4,2,4,2,0,0,2,3,1,3,4,4,2,2,0,0,0,0,2,0,0,2,2,4,0,0,0,4,4,4,2,2,3,1,2,0,4,2,0,0,4,0,2,4,2,0,0,0,1,0,0,4,0,0,2,2,4,0,2,4,2,0,2,4,4,0,4,0,4,3,2,0,0,0,4,4,2,0,0,0,2,1,0,0,2,4,2,4,0,0,1,0,4,3,3,0,2,4,3,4,4,4,0,0,0,0,4,4,4,4,4,0,0,4,4,4,0,4,3,2,0,2,0,0,4,4,0,4,4,0,0,2,4,4,3,0,4,0,2,0,4,2,0,4,2,4,4,4,0,2,0,3,4,4,2,0,0,3,2,4,0,4,4,4,3,0,1,4,4,0,0,4,4,2,3,0,2,4,2,4,3,4,2,0,2,0,0,0,2,4,4,3,3,2,4,2,4,0,4,0,4,3,4,1,4,4,2,0,3,1,4,1,3,3,3,4,4,4,0,4,0,4,3,2,0,3,4,0,0,4,4,4,2,4,1,4,2,0,2,2,0,0,4,3,0,3,3,2,2,4,3,2,2,2,4,4,3,0,1,4,0,4,0,0,4,4,4,4,4,4,4,4,4,0,2,4,2,0,0,2,0,4,0,4,2,0,4,2,0,4,2,0,2,4,2,4,0,4,0,2,4,3,2,0,3,4,3,2,2,4,3,4,2,3,2,3,2,4,2,0,0,3,4,3,0,2,0,0,4,0,2,1,2,0,3,0,0,3,2,4,3,0,1,3,4,2,2,4,4,0,2,0,4,0,2,2,2,0,4,2,0,2,2,0,0,0,0,4,2,2,0,4,3,4,0,2,1,0,3,0,0,4,0,2,2,2,4,4,1,0,4,2,4,0,0,3,0,2,3,4,0,4,0,4,0,2,2,2,4,4,2,4,3,4,4,4,2,0,4,3,4,2,2,4,4,0,0,2,2,1,4,4,2,0,3,3,3,2,3,2,2,3,0,2,0,4,0,2,0,2,0,4,0,4,2,1,2,0,4,0,4,0,1,2,2,0,2,4,3,2,4,4,4,3,0,1,2,3,3,4,2,2,2,4,1,0,4,0,1,0,4,4,3,3,0,4,4,4,1,2,0,4,4,2,2,1,4,1,1,3,0,3,1,4,4,1,2,4,3,4,1,4,1,4,3,3,3,3,0,0,3,0,2,3,4,0,4,2,1,4,0,3,0,0,2,4,4,3,4,0,1,4,4,3,2,4,4,2,0,4,3,2,4,0,2,3,2,0,4,3,2,3,4,2,1,4,4,3,0,0,2,0,4,0,0,2,3,0,1,4,2,2,0,1,4,0,2,0,2,0,3,4,4,0,3,0,4,0,0,4,1,0,0,4,0,3,4,3,4,4,2,0,0,0,1,4,0,4,2,4,0,4,3,0,4,4,3,2,4,4,1,0,3,0,1,4,3,4,4,3,2,0,3,4,3,1,4,2,1,1,4,1,4,4,3,4,4,2,4,3,4,4,4,4,4,0,1,4,3,4,2,3,2,0,1,2,3,0,0,4,4,0,3,2,3,0,3,3,4,4,4,4,2,4,2,0,0,4,4,4,4,3,3,3,0,4,2,0,3,0,4,0,3,0,0,3,3,0,3,3,4,4,3,4,1,1,1,0,1,3,1,2,4,0,3,4,4,3,1,0,2,3,4,0,3,4,0,3,4,3,1,4,3,4,3,1,4,2,4,4,4,0,4,3,1,2,3,1,1,2,4,0,0,0,0,3,2,4,4,1,1,0,0,4,2,4,4,4,4,1,3,1,1,3,3,3,0,4,3,1,1,3,3,4,2,1,0,1,4,2,4,1,3,3,3,3,4,0,2,2,2,3,1,4,3,4,1,1,4,3,2,4,2,3,4,3,0,1,0,0,3,4,1,1,4,3,1,1,3,1,1,0,2,4,0,3,4,0,2,0,1,0,0,3,2,3,4,4,4,2,4,0,4,4,0,3,2,4,1,3,2,4,0,0,0,1,3,4,4,0,3,4,4,1,3,3,3,2,4,4,4,4,1,1,1,3,1,3,4,3,1,0,0,0,3,4,0,2,4,2,0,3,1,1,0,3,1,3,2,4,4,4,1,4,0,0,1,0,2,0,4,2,4,0,2,1,3,4,3,2,1,1,2,0,4,4,0,0,4,4,1,2,3,3,0,1,1,4,0,2,4,3,1,4,4,3,0,3,1,4,2,4,1,4,4,1,4,3,3,2,1,0,1,0,3,1,1,1,1,4,4,4,4,4,1,4,2,1,0,1,1,0,4,2,3,1,0,0,0,0,3,3,3,1,0,1,4,0,0,4,3,3,0,0,4,4,0,3,1,4,4,1,2,0,2,4,0,2,3,0,4,2,0,2,1,0,4,2,0,4,0,0,0,0,3,0,3,1,0,0,2,4,0,4,2,4,4,2,4,4,3,4,3,0,3,3,2,1,3,4,4,0,2,4,0,0,0,2,2,1,4,1,4,2,0,0,0,4,4,1,4,3,2,1,2,4,0,0,2,2,0,4,0,4,3,1,1,3,3,0,2,4,0,1,3,3,4,0,2,0,0,4,1,4,3,1,1,4,0,2,3,4,4,2,3,3,3,0,0,2,4,2,1,3,0,3,0,3,4,2,2,3,0,2,3,2,2,3,0,0,0,4,4,1,2,2,4,2,0,2,3,4,2,2,3,2,0,0,0,4,4,2,0,3,4,4,3,0,1,0,1,2,4,0,3,4,2,3,2,4,2,4,4,3,1,4,4,3,0,3,0,1,1,2,3,4,0,2,0,0,1,4,1,3,1,0,4,4,3,1,1,3,2,4,0,3,4,4,2,2,2,2,1,0,2,4,3,0,4,2,4,2,4,4,0,0,4,4,1,1,4,2,3,0,1,1,0,0,3,4,2,1,1,0,0,4,1,4,2,3,4,3,1,4,4,0,0,3,0,1,2,0,0,1,4,4,1,0,1,3,0,2,2,4,3,4,3,3,4,3,0,4,1,3,3,3,4,2,2,4,4,1,1,2,0,3,0,1,1,2,2,3,4,3,2,3,4,1,3,0,3,0,2,2,3,4,3,3,1,2,0,2,0,4,4,2,2,3,2,3,4,4,3,0,3,3,0,0,1,4,3,1,2,0,0,2,4,0,3,4,3,4,4,4,0,0,1,4,4,3,4,1,4,4,2,3,0,0,4,2,1,0,4,1,4,2,0,4,0,4,4,0,3,4,0,4,2,3,4,1,4,4,3,0,4,3,0,0,0,3,2,2,1,3,3,4,1,4,1,0,4,4,3,0,2,4,4,2,4,1,3,4,0,0,4,1,4,3,1,0,4,2,4,4,1,3,0,0,0,2,2,3,0,0,0,4,1,3,3,3,0,2,0,2,0,0,4,0,4,3,0,3,4,3,4,3,4,4,0,4,4,3,4,3,3,3,4,1,3,0,1,3,3,3,4,4,1,1,4,4,0,1,3,3,1,1,3,4]",ok,
126,kmeans,3,0.4,0.5011367755543542,2,"fused_2_medium+fused_4_high+fused_5_low, fused_1_medium","[433, 188, 345, 298, 535]",0.9,0.8,5.0,"{""fused_1"":0.6807592845321914,""fused_2"":0.4785801995880454,""fused_3"":0.5085525415683279,""fused_4"":0.3133713519255943,""fused_5"":0.5013310038323853}","{""fused_2_medium+fused_4_high+fused_5_low"":0.37149408421676944,""fused_1_medium"":0.2956009032261967}","{""fused_1"":0.183108088144642,""fused_2"":0.19997110194639503,""fused_3"":0.1969572465171829,""fused_4"":0.22230083737265044,""fused_5"":0.1976627260191296}","{""fused_2_medium+fused_4_high+fused_5_low"":0.4857212150566517,""fused_1_medium"":0.5142787849433483}","{""fused_1"":0.91554044072321,""fused_2"":0.9998555097319751,""fused_3"":0.9847862325859146,""fused_4"":1.1115041868632523,""fused_5"":0.988313630095648}","{""fused_2_medium+fused_4_high+fused_5_low"":0.9714424301133034,""fused_1_medium"":1.0285575698866967}",0.23329006230437585,0.03724291272929405,"[2,2,2,2,4,3,2,3,2,4,3,3,1,0,4,4,4,0,2,2,4,0,2,2,4,2,3,4,0,0,2,4,2,0,2,0,0,4,0,4,0,4,4,4,4,2,2,2,4,3,0,1,4,4,4,0,0,0,4,4,4,2,2,0,0,0,4,0,2,2,4,0,2,3,2,2,0,3,4,2,3,0,4,4,2,2,2,2,4,2,2,3,2,4,4,4,3,0,0,4,4,3,3,4,2,3,0,0,4,2,4,3,4,3,4,0,0,4,0,2,0,4,0,4,0,2,0,1,4,0,2,0,2,4,0,0,4,0,4,2,4,0,1,2,2,2,4,4,0,3,4,4,4,2,2,2,3,2,3,2,2,1,0,4,2,2,4,0,4,2,3,0,2,0,4,2,4,3,1,4,4,2,0,2,3,4,3,3,2,4,2,2,2,2,4,0,2,2,4,0,0,3,0,2,3,0,4,1,4,2,0,2,2,2,4,4,0,4,4,2,0,2,2,2,2,4,2,2,4,2,2,4,4,0,0,4,0,4,4,4,4,4,2,4,2,0,0,2,3,1,3,4,4,2,2,0,0,0,0,2,0,0,2,2,4,0,0,0,4,4,4,2,2,3,1,2,0,4,2,0,0,4,0,2,4,2,0,0,0,1,0,0,4,0,0,2,2,4,0,2,4,2,0,2,4,4,0,4,0,4,3,2,0,0,0,4,4,2,0,0,0,2,1,0,0,2,4,2,4,0,0,1,0,4,3,3,0,2,4,3,4,4,4,0,0,0,0,4,4,4,4,4,0,0,4,4,4,0,4,3,2,0,2,0,0,4,4,0,4,4,0,0,2,4,4,3,0,4,0,2,0,4,2,0,4,2,4,4,4,0,2,0,3,4,4,2,0,0,3,2,4,0,4,4,4,3,0,1,4,4,0,0,4,4,2,3,0,2,4,2,4,3,4,2,0,2,0,0,0,2,4,4,3,3,2,4,2,4,0,4,0,4,3,4,1,4,4,2,0,3,1,4,1,3,3,3,4,4,4,0,4,0,4,3,2,0,3,4,0,0,4,4,4,2,4,1,4,2,0,2,2,0,0,4,3,0,3,3,2,2,4,3,2,2,2,4,4,3,0,1,4,0,4,0,0,4,4,4,4,4,4,4,4,4,0,2,4,2,0,0,2,0,4,0,4,2,0,4,2,0,4,2,0,2,4,2,4,0,4,0,2,4,3,2,0,3,4,3,2,2,4,3,4,2,3,2,3,2,4,2,0,0,3,4,3,0,2,0,0,4,0,2,1,2,0,3,0,0,3,2,4,3,0,1,3,4,2,2,4,4,0,2,0,4,0,2,2,2,0,4,2,0,2,2,0,0,0,0,4,2,2,0,4,3,4,0,2,1,0,3,0,0,4,0,2,2,2,4,4,1,0,4,2,4,0,0,3,0,2,3,4,0,4,0,4,0,2,2,2,4,4,2,4,3,4,4,4,2,0,4,3,4,2,2,4,4,0,0,2,2,1,4,4,2,0,3,3,3,2,3,2,2,3,0,2,0,4,0,2,0,2,0,4,0,4,2,1,2,0,4,0,4,0,1,2,2,0,2,4,3,2,4,4,4,3,0,1,2,3,3,4,2,2,2,4,1,0,4,0,1,0,4,4,3,3,0,4,4,4,1,2,0,4,4,2,2,1,4,1,1,3,0,3,1,4,4,1,2,4,3,4,1,4,1,4,3,3,3,3,0,0,3,0,2,3,4,0,4,2,1,4,0,3,0,0,2,4,4,3,4,0,1,4,4,3,2,4,4,2,0,4,3,2,4,0,2,3,2,0,4,3,2,3,4,2,1,4,4,3,0,0,2,0,4,0,0,2,3,0,1,4,2,2,0,1,4,0,2,0,2,0,3,4,4,0,3,0,4,0,0,4,1,0,0,4,0,3,4,3,4,4,2,0,0,0,1,4,0,4,2,4,0,4,3,0,4,4,3,2,4,4,1,0,3,0,1,4,3,4,4,3,2,0,3,4,3,1,4,2,1,1,4,1,4,4,3,4,4,2,4,3,4,4,4,4,4,0,1,4,3,4,2,3,2,0,1,2,3,0,0,4,4,0,3,2,3,0,3,3,4,4,4,4,2,4,2,0,0,4,4,4,4,3,3,3,0,4,2,0,3,0,4,0,3,0,0,3,3,0,3,3,4,4,3,4,1,1,1,0,1,3,1,2,4,0,3,4,4,3,1,0,2,3,4,0,3,4,0,3,4,3,1,4,3,4,3,1,4,2,4,4,4,0,4,3,1,2,3,1,1,2,4,0,0,0,0,3,2,4,4,1,1,0,0,4,2,4,4,4,4,1,3,1,1,3,3,3,0,4,3,1,1,3,3,4,2,1,0,1,4,2,4,1,3,3,3,3,4,0,2,2,2,3,1,4,3,4,1,1,4,3,2,4,2,3,4,3,0,1,0,0,3,4,1,1,4,3,1,1,3,1,1,0,2,4,0,3,4,0,2,0,1,0,0,3,2,3,4,4,4,2,4,0,4,4,0,3,2,4,1,3,2,4,0,0,0,1,3,4,4,0,3,4,4,1,3,3,3,2,4,4,4,4,1,1,1,3,1,3,4,3,1,0,0,0,3,4,0,2,4,2,0,3,1,1,0,3,1,3,2,4,4,4,1,4,0,0,1,0,2,0,4,2,4,0,2,1,3,4,3,2,1,1,2,0,4,4,0,0,4,4,1,2,3,3,0,1,1,4,0,2,4,3,1,4,4,3,0,3,1,4,2,4,1,4,4,1,4,3,3,2,1,0,1,0,3,1,1,1,1,4,4,4,4,4,1,4,2,1,0,1,1,0,4,2,3,1,0,0,0,0,3,3,3,1,0,1,4,0,0,4,3,3,0,0,4,4,0,3,1,4,4,1,2,0,2,4,0,2,3,0,4,2,0,2,1,0,4,2,0,4,0,0,0,0,3,0,3,1,0,0,2,4,0,4,2,4,4,2,4,4,3,4,3,0,3,3,2,1,3,4,4,0,2,4,0,0,0,2,2,1,4,1,4,2,0,0,0,4,4,1,4,3,2,1,2,4,0,0,2,2,0,4,0,4,3,1,1,3,3,0,2,4,0,1,3,3,4,0,2,0,0,4,1,4,3,1,1,4,0,2,3,4,4,2,3,3,3,0,0,2,4,2,1,3,0,3,0,3,4,2,2,3,0,2,3,2,2,3,0,0,0,4,4,1,2,2,4,2,0,2,3,4,2,2,3,2,0,0,0,4,4,2,0,3,4,4,3,0,1,0,1,2,4,0,3,4,2,3,2,4,2,4,4,3,1,4,4,3,0,3,0,1,1,2,3,4,0,2,0,0,1,4,1,3,1,0,4,4,3,1,1,3,2,4,0,3,4,4,2,2,2,2,1,0,2,4,3,0,4,2,4,2,4,4,0,0,4,4,1,1,4,2,3,0,1,1,0,0,3,4,2,1,1,0,0,4,1,4,2,3,4,3,1,4,4,0,0,3,0,1,2,0,0,1,4,4,1,0,1,3,0,2,2,4,3,4,3,3,4,3,0,4,1,3,3,3,4,2,2,4,4,1,1,2,0,3,0,1,1,2,2,3,4,3,2,3,4,1,3,0,3,0,2,2,3,4,3,3,1,2,0,2,0,4,4,2,2,3,2,3,4,4,3,0,3,3,0,0,1,4,3,1,2,0,0,2,4,0,3,4,3,4,4,4,0,0,1,4,4,3,4,1,4,4,2,3,0,0,4,2,1,0,4,1,4,2,0,4,0,4,4,0,3,4,0,4,2,3,4,1,4,4,3,0,4,3,0,0,0,3,2,2,1,3,3,4,1,4,1,0,4,4,3,0,2,4,4,2,4,1,3,4,0,0,4,1,4,3,1,0,4,2,4,4,1,3,0,0,0,2,2,3,0,0,0,4,1,3,3,3,0,2,0,2,0,0,4,0,4,3,0,3,4,3,4,3,4,4,0,4,4,3,4,3,3,3,4,1,3,0,1,3,3,3,4,4,1,1,4,4,0,1,3,3,1,1,3,4]",ok,
127,kmeans,3,0.35,0.4312927562635742,3,"fused_2_medium+fused_4_high+fused_5_low, fused_3_medium, fused_1_medium+fused_4_high","[437, 198, 535, 292, 337]",0.9,0.1,5.0,"{""fused_1"":0.923454187990783,""fused_2"":0.20197212227527228,""fused_3"":0.48779811486703795,""fused_4"":0.35846997901509997,""fused_5"":0.29192732122977283}","{""fused_2_medium+fused_4_high+fused_5_low"":0.7384813621844737,""fused_3_medium"":0.857986924259379,""fused_1_medium+fused_4_high"":0.7236667413885575}","{""fused_1"":0.16036448751168517,""fused_2"":0.2344980211831348,""fused_3"":0.18810572352310065,""fused_4"":0.20316497632365724,""fused_5"":0.2138667914584222}","{""fused_2_medium+fused_4_high+fused_5_low"":0.336895988265174,""fused_3_medium"":0.32449690349813665,""fused_1_medium+fused_4_high"":0.33860710823668927}","{""fused_1"":0.8018224375584259,""fused_2"":1.172490105915674,""fused_3"":0.9405286176155032,""fused_4"":1.0158248816182862,""fused_5"":1.069333957292111}","{""fused_2_medium+fused_4_high+fused_5_low"":1.010687964795522,""fused_3_medium"":0.9734907104944099,""fused_1_medium+fused_4_high"":1.0158213247100678}",0.24125678115616453,0.06170094496942746,"[4,4,4,4,2,3,4,3,4,2,3,3,1,0,2,2,2,0,4,4,2,0,4,4,2,4,3,2,0,0,4,2,4,0,4,0,0,2,0,2,0,2,2,2,2,4,4,4,2,3,0,1,2,2,2,0,0,0,2,2,2,4,4,0,0,0,2,0,4,4,2,0,4,3,4,4,0,3,2,4,3,0,2,2,4,4,4,4,2,4,4,3,4,2,2,2,3,0,0,2,2,3,3,2,4,3,0,0,2,4,2,3,2,3,2,0,0,2,0,4,0,2,0,2,0,4,0,1,2,0,4,0,4,2,0,0,2,0,2,4,2,0,1,4,4,4,2,2,0,3,2,2,2,4,4,4,3,4,3,4,4,1,0,2,4,4,2,0,2,4,3,0,4,0,2,4,2,3,1,2,2,4,0,4,3,2,3,3,4,2,4,4,4,0,2,0,4,4,2,0,0,3,0,0,3,0,2,1,2,4,0,4,4,4,2,2,0,2,2,4,0,4,4,4,4,2,4,3,2,4,4,2,2,0,0,2,0,2,2,2,2,2,4,2,4,0,0,4,3,1,3,2,2,4,4,0,0,0,0,4,0,0,4,4,2,0,0,0,2,2,2,4,4,3,1,4,0,2,4,0,0,2,0,4,2,4,0,0,0,1,0,0,2,0,0,4,4,2,0,4,2,4,0,4,2,2,0,2,0,2,3,4,0,0,0,2,2,4,0,0,0,4,1,0,0,4,2,4,2,0,0,1,0,2,3,3,0,4,2,3,2,2,2,0,0,0,0,2,2,2,2,2,0,0,2,2,2,0,2,3,4,0,4,0,0,2,2,0,2,2,0,0,4,2,2,3,0,2,0,4,0,2,4,0,2,4,2,2,2,0,4,0,3,2,2,4,0,0,3,4,2,0,2,2,2,3,0,1,2,2,0,0,2,2,4,3,0,4,2,4,2,3,2,4,0,4,0,0,0,4,2,2,3,3,4,2,4,2,0,2,0,2,3,2,1,2,2,4,0,3,1,2,1,3,3,1,2,2,2,0,2,0,2,3,4,0,3,2,0,0,2,2,2,4,2,1,2,4,0,4,4,0,0,2,3,0,3,3,4,4,2,3,4,4,4,2,2,3,0,1,2,0,2,0,0,2,2,2,2,2,2,2,2,2,0,4,2,4,0,0,4,0,2,0,2,4,0,2,4,0,2,4,0,4,2,4,2,0,2,0,4,2,3,4,0,3,2,3,4,4,2,3,2,4,3,4,3,4,2,4,0,0,3,2,3,0,4,0,0,2,0,4,1,4,0,3,0,0,3,4,2,3,0,1,3,2,4,4,2,2,0,4,0,2,0,4,4,4,0,2,4,0,4,4,0,0,0,0,2,4,4,0,2,3,2,0,4,1,0,3,0,0,2,0,4,4,4,2,2,1,0,2,4,2,0,0,3,0,4,3,2,0,2,0,2,0,4,4,4,2,2,4,2,3,2,2,2,4,0,2,3,2,4,4,2,2,0,0,4,4,1,2,2,4,0,3,3,3,0,1,4,4,3,0,4,0,2,0,4,0,4,0,2,0,2,4,1,4,0,2,0,2,0,1,4,4,0,4,2,3,4,2,2,2,3,0,1,4,3,3,2,4,4,4,2,1,0,2,0,1,0,2,2,3,3,0,2,2,2,1,4,0,2,2,4,4,1,2,1,1,3,0,3,1,2,2,1,4,2,3,2,1,2,1,2,3,3,3,3,0,0,3,0,4,3,2,0,2,4,1,2,0,3,0,0,4,2,2,3,2,0,1,2,2,3,4,2,2,4,0,2,3,4,2,0,4,3,4,0,2,3,4,3,2,4,1,2,2,3,0,0,4,0,2,0,0,4,3,0,1,2,4,4,0,1,2,0,4,0,4,0,3,2,2,0,3,0,2,0,0,2,1,0,0,2,0,3,2,3,2,2,4,0,0,0,1,2,0,2,4,2,0,2,3,0,2,2,3,4,2,2,1,0,3,0,1,2,3,2,2,3,4,0,3,2,3,1,2,4,1,1,2,1,2,2,3,2,2,0,2,3,2,2,2,2,2,0,1,2,3,2,4,1,4,0,1,4,3,0,0,2,2,0,3,4,3,0,3,3,2,2,2,2,4,2,4,0,0,2,2,2,2,3,3,3,0,2,4,0,3,0,2,0,3,0,0,3,3,0,3,3,2,2,3,2,1,1,1,0,1,3,1,4,2,0,3,2,2,3,1,0,4,3,2,0,3,2,0,3,2,3,1,2,3,2,3,1,2,4,2,2,2,0,2,3,1,4,3,1,1,4,2,0,0,0,0,3,4,2,2,1,1,0,0,2,4,2,2,2,2,1,3,1,1,3,3,3,0,2,3,1,1,3,3,2,3,1,0,1,2,4,2,1,3,3,3,3,2,0,4,4,4,3,1,2,3,2,1,1,2,3,4,2,4,3,2,3,0,1,0,0,3,2,1,1,2,1,1,1,3,1,1,0,4,2,0,3,2,0,4,0,1,0,0,3,4,3,2,2,2,4,2,0,2,2,0,3,4,2,1,3,4,2,0,0,0,1,3,2,2,0,3,2,2,1,3,3,3,4,2,2,2,2,1,1,1,3,1,3,2,3,1,0,0,0,3,2,0,4,2,4,0,3,1,1,0,3,1,3,4,2,2,2,1,2,0,0,1,0,4,0,2,4,2,0,4,1,3,2,3,4,1,1,4,0,2,2,0,0,2,2,1,4,3,3,0,1,1,2,0,4,2,3,1,2,2,3,0,3,1,2,4,2,1,2,2,1,2,3,1,4,1,0,1,0,3,1,1,1,1,2,2,2,2,2,1,2,4,1,0,1,1,0,2,4,3,1,0,0,0,0,1,3,3,1,0,1,2,0,0,2,3,3,0,0,2,2,0,3,1,2,2,1,4,0,4,2,0,4,3,0,2,4,0,4,1,0,2,4,0,2,0,0,0,0,3,0,3,1,0,0,4,2,0,2,4,2,2,4,2,2,3,2,3,0,3,3,4,1,3,2,2,0,4,2,0,0,0,4,4,1,2,1,2,4,0,0,0,2,2,1,2,3,4,1,4,2,0,0,4,4,0,2,0,2,3,1,1,3,3,0,4,2,0,1,3,3,2,0,4,0,0,2,1,2,3,1,1,2,0,4,3,2,2,4,3,3,3,0,0,4,2,4,1,3,0,3,0,3,2,4,4,3,0,4,3,4,4,3,0,0,0,2,2,1,4,4,2,4,0,4,3,2,4,4,3,4,0,0,0,2,2,4,0,3,2,2,3,0,1,0,1,4,2,0,3,2,4,3,4,2,4,2,2,3,1,2,2,3,0,3,0,1,1,4,3,2,0,4,0,0,1,2,1,3,1,0,2,2,1,1,1,3,4,2,0,3,2,2,4,4,4,4,1,0,4,2,3,0,2,4,2,4,2,2,0,0,2,2,1,1,2,4,3,0,1,1,0,0,3,2,4,1,1,0,0,2,1,2,4,3,2,3,1,2,2,0,0,3,0,1,4,0,0,1,2,2,1,0,1,1,0,4,4,2,3,2,3,3,2,3,0,2,1,3,3,3,2,4,4,2,2,1,1,4,0,3,0,1,1,4,4,3,2,3,4,3,2,1,3,0,3,0,3,4,3,2,3,3,1,4,0,4,0,2,2,4,4,3,4,3,2,2,3,0,3,3,0,0,1,2,3,1,4,0,0,4,2,0,3,2,3,2,2,2,0,0,1,2,2,1,2,1,2,2,4,3,0,0,2,4,1,0,2,1,2,4,0,2,0,2,2,0,3,2,0,2,4,3,2,1,2,2,3,0,2,3,0,0,0,3,4,4,1,3,3,2,1,2,1,0,2,2,3,0,4,2,2,4,2,1,3,2,0,0,2,1,2,3,1,0,2,3,2,2,1,3,0,0,0,4,4,3,0,0,0,2,1,3,3,3,0,4,0,4,0,0,2,0,2,3,0,1,2,3,2,3,2,2,0,2,2,3,2,3,3,3,2,1,3,0,1,3,3,3,2,2,1,1,2,2,0,1,3,3,1,1,3,2]",ok,
128,kmeans,3,0.3,0.45680809269530964,4,"fused_2_medium+fused_4_high+fused_5_low, fused_3_medium, fused_1_medium+fused_4_high, fused_3_low","[639, 181, 194, 353, 432]",0.8,0.9,2.0,"{""fused_1"":0.4763120450178776,""fused_2"":0.33879758974854435,""fused_3"":0.5674389885511668,""fused_4"":0.6845628161556767,""fused_5"":0.2854695039238642}","{""fused_2_medium+fused_4_high+fused_5_low"":0.2761761619159561,""fused_3_medium"":0.3523860223238335,""fused_1_medium+fused_4_high"":0.41395069762140246,""fused_3_low"":0.1954005290070715}","{""fused_1"":0.17826557277972416,""fused_2"":0.2506217343222954,""fused_3"":0.14963730240636652,""fused_4"":0.12403542454120714,""fused_5"":0.29743996595040684}","{""fused_2_medium+fused_4_high+fused_5_low"":0.25877985436242135,""fused_3_medium"":0.20281402334768447,""fused_1_medium+fused_4_high"":0.17265057739883002,""fused_3_low"":0.36575554489106415}","{""fused_1"":0.8913278638986208,""fused_2"":1.253108671611477,""fused_3"":0.7481865120318326,""fused_4"":0.6201771227060358,""fused_5"":1.4871998297520341}","{""fused_2_medium+fused_4_high+fused_5_low"":1.0351194174496854,""fused_3_medium"":0.8112560933907379,""fused_1_medium+fused_4_high"":0.6906023095953201,""fused_3_low"":1.4630221795642566}",0.2253663029594575,0.04113396331295164,"[3,4,3,3,0,4,3,1,3,0,1,4,2,0,0,0,4,0,3,3,0,0,3,3,0,3,4,4,0,0,3,4,3,0,3,0,0,0,0,0,0,0,4,4,0,3,3,3,4,1,0,2,4,0,0,0,0,0,4,0,0,3,3,0,0,0,4,0,3,3,0,0,3,4,3,3,0,4,4,3,4,0,4,0,3,3,3,3,4,3,3,4,3,0,4,4,1,0,0,0,4,1,1,4,3,1,0,0,4,3,4,1,4,4,0,0,0,4,0,3,0,4,0,4,0,3,0,2,0,0,3,0,3,0,0,0,0,0,0,3,4,0,2,3,3,3,0,4,0,4,0,0,0,3,3,3,4,3,4,3,3,2,0,4,3,3,4,4,0,3,3,0,3,0,4,3,0,1,2,0,0,3,0,3,1,4,4,4,3,4,3,3,3,3,0,0,3,3,4,0,0,4,0,3,1,0,4,2,4,3,4,3,3,3,0,4,4,4,0,3,0,3,3,3,3,4,3,3,0,3,3,4,4,4,4,4,0,0,4,4,4,0,3,0,3,0,0,3,4,1,1,0,4,3,3,0,0,0,0,4,0,0,3,3,4,0,0,0,0,4,4,3,3,4,2,3,0,0,3,4,0,0,0,3,4,3,0,4,0,2,0,0,0,0,0,3,3,4,0,3,0,3,0,3,4,4,4,4,0,4,1,3,4,0,0,0,4,3,0,0,0,3,2,0,4,3,4,3,4,0,0,2,0,0,4,4,0,3,4,4,4,0,0,0,0,0,0,0,0,4,0,0,0,0,4,0,4,0,0,4,3,0,3,0,0,4,4,0,4,0,0,4,3,4,4,4,0,4,0,3,0,4,3,0,4,3,4,0,4,0,3,0,1,0,0,3,0,4,4,3,0,0,4,0,4,4,0,2,0,4,0,0,0,4,3,1,0,3,4,3,0,1,4,3,0,3,0,0,0,3,4,4,1,1,3,0,3,0,0,0,0,4,1,0,2,4,0,3,4,3,2,0,2,4,4,2,4,0,0,0,4,0,0,4,3,0,4,0,0,0,0,0,4,3,4,2,0,3,0,3,3,0,0,0,4,0,1,1,3,3,4,4,3,3,3,4,4,1,0,2,0,0,0,4,0,0,4,4,4,4,0,4,0,0,0,3,4,3,0,0,3,0,0,4,4,3,0,4,3,0,4,3,0,3,4,3,4,0,4,0,3,4,1,3,0,1,0,4,3,3,0,1,4,3,4,3,1,3,4,3,0,0,4,4,4,0,3,0,0,4,0,3,2,3,0,1,0,0,4,3,0,1,0,2,3,0,3,3,4,4,0,3,4,0,0,3,3,3,0,4,3,0,3,3,0,0,0,0,4,3,3,0,0,1,0,0,3,2,0,4,0,0,4,0,3,3,3,4,4,2,0,4,3,4,0,0,4,0,3,1,0,0,0,4,4,0,3,3,3,0,4,3,4,4,4,4,0,3,0,0,1,0,3,3,4,4,0,0,3,3,2,0,4,3,0,1,1,1,3,2,3,3,1,0,3,0,0,0,3,0,3,0,0,0,0,3,2,3,0,0,4,4,0,2,3,3,0,3,0,1,3,4,4,0,4,0,2,3,1,3,0,3,3,3,0,2,0,0,0,2,0,0,0,1,1,4,0,0,0,2,3,0,4,0,3,3,2,4,2,2,1,4,1,2,0,0,2,3,4,1,0,2,4,2,0,4,4,4,1,0,4,3,0,3,4,0,0,0,3,2,0,0,4,0,0,3,4,4,1,4,0,2,0,4,4,3,0,0,3,0,4,1,3,4,0,3,4,3,0,0,4,3,1,4,3,2,4,0,1,0,0,3,0,0,0,0,3,1,0,2,4,3,3,0,2,4,0,3,4,3,4,1,0,0,0,1,0,0,0,0,0,2,0,4,4,0,1,4,1,0,4,3,0,0,0,2,4,0,4,3,0,0,4,4,0,4,0,1,3,4,4,2,0,4,4,2,0,1,0,4,1,4,0,1,0,4,2,4,4,2,2,4,2,0,4,1,4,4,3,0,1,0,4,0,0,0,4,2,4,4,0,3,2,3,0,2,3,1,0,0,0,4,0,1,3,1,0,4,1,0,4,4,0,3,4,3,4,0,4,0,4,4,1,1,1,0,0,3,0,4,0,0,4,4,0,0,1,1,0,4,1,0,0,3,4,2,2,2,0,2,1,2,3,0,0,3,4,4,1,2,0,3,1,4,0,4,4,0,1,0,1,2,4,1,4,1,2,0,3,0,0,4,0,0,1,2,3,1,2,2,3,4,0,0,0,0,4,3,4,4,2,2,0,0,0,3,0,0,4,4,2,4,2,2,4,1,1,0,4,1,2,2,1,1,4,3,2,0,2,4,3,4,2,4,4,1,1,4,0,3,3,3,1,2,4,3,0,2,2,4,1,3,4,3,4,4,1,4,2,0,0,1,4,2,2,0,1,2,2,4,2,2,0,3,0,0,4,0,0,4,4,2,4,0,1,3,1,4,4,0,4,0,0,4,0,0,1,3,0,2,1,3,0,0,0,0,2,3,0,4,0,1,4,0,2,1,1,1,3,4,0,4,4,2,2,2,3,2,1,4,4,2,0,0,4,1,4,0,3,0,3,0,1,2,2,0,3,2,1,3,4,4,4,2,4,0,0,2,0,3,0,0,3,0,0,3,2,1,4,1,3,2,2,3,0,0,0,0,4,0,0,2,3,1,4,0,2,2,0,0,3,0,1,2,0,0,4,0,1,2,4,3,4,2,0,4,2,4,1,1,3,2,4,2,0,1,2,2,2,2,0,4,0,4,4,2,4,3,2,0,2,2,4,0,4,1,2,0,0,0,4,2,1,1,2,0,2,4,4,0,0,1,1,0,4,4,4,0,4,2,0,4,2,3,4,3,4,0,3,4,0,0,3,0,3,2,0,4,3,4,4,0,4,0,0,1,4,3,2,0,0,3,0,0,4,3,0,0,3,0,4,4,4,1,0,1,1,3,2,4,4,0,0,3,4,0,0,4,3,3,2,4,2,0,3,0,0,0,0,4,2,0,1,3,2,3,0,0,0,3,3,4,4,0,0,1,2,2,1,1,0,3,0,0,2,3,1,4,0,3,4,0,0,2,0,4,2,2,0,0,3,1,0,0,3,1,4,1,0,4,3,4,3,2,1,0,1,4,4,4,3,3,4,4,3,4,3,3,1,0,0,0,0,4,2,3,3,0,3,0,3,4,0,3,3,3,3,4,0,0,4,4,3,0,4,0,4,1,0,2,0,2,3,4,0,4,0,3,4,3,4,3,4,0,1,2,4,4,1,0,1,0,2,2,3,1,4,0,3,0,0,2,0,2,1,2,0,4,4,2,2,2,1,3,0,0,1,0,4,3,3,3,3,2,0,3,0,1,4,4,3,0,3,0,0,0,0,0,4,2,2,4,3,4,0,2,2,0,0,1,0,4,2,2,0,0,0,2,4,3,3,0,3,2,4,4,0,0,1,0,2,3,0,0,2,4,0,2,0,2,1,0,3,3,4,4,4,1,1,0,4,0,4,2,4,1,1,4,3,3,0,4,2,2,3,0,4,0,2,2,3,3,1,4,1,3,1,0,2,1,0,1,0,4,3,1,4,1,1,2,3,0,3,0,0,0,3,3,1,3,4,0,4,1,0,1,3,0,0,2,4,1,2,3,0,0,3,4,0,4,0,1,4,4,0,4,0,2,4,0,2,0,2,4,0,3,1,0,0,0,3,2,0,4,2,4,3,0,0,0,0,0,0,1,0,4,0,3,4,0,2,4,4,4,0,0,1,0,0,0,1,3,3,2,1,1,0,2,0,2,0,0,0,1,0,3,0,0,3,4,2,4,4,0,0,4,2,4,4,2,0,4,3,0,0,2,1,0,0,0,3,3,1,0,0,0,0,2,4,1,1,0,3,0,3,4,4,0,0,4,4,0,2,4,1,0,4,4,4,0,4,4,4,4,1,1,1,0,2,1,0,2,1,1,1,0,0,2,2,0,0,0,2,1,1,2,2,1,0]",ok,
129,kmeans,3,0.25,0.48531484402352826,8,"fused_2_medium+fused_4_high+fused_5_low, fused_3_low, fused_3_high+fused_4_high, fused_1_medium+fused_2_medium+fused_4_high, fused_3_medium+fused_4_high, fused_1_medium+fused_4_high+fused_5_low, fused_1_medium+fused_3_medium, fused_1_high+fused_4_high","[433, 371, 499, 244, 252]",0.7,0.1,5.0,"{""fused_1"":0.7909762920410852,""fused_2"":0.23209745916734092,""fused_3"":0.3378865451710367,""fused_4"":0.4136738503707215,""fused_5"":0.42633908263702147}","{""fused_2_medium+fused_4_high+fused_5_low"":0.8304103254245776,""fused_3_low"":0.6922576965605228,""fused_3_high+fused_4_high"":0.7433946223022819,""fused_1_medium+fused_2_medium+fused_4_high"":0.69647256886712,""fused_3_medium+fused_4_high"":0.7847440024337167,""fused_1_medium+fused_4_high+fused_5_low"":0.6862230241209323,""fused_1_medium+fused_3_medium"":0.8018175776918911,""fused_1_high+fused_4_high"":0.78378362162801}","{""fused_1"":0.16838878764709939,""fused_2"":0.2287896849435778,""fused_3"":0.20828659111125347,""fused_4"":0.1980110923592584,""fused_5"":0.1965238439388109}","{""fused_2_medium+fused_4_high+fused_5_low"":0.12186235250285604,""fused_3_low"":0.12753394522317438,""fused_3_high+fused_4_high"":0.12528177247766864,""fused_1_medium+fused_2_medium+fused_4_high"":0.1273405551544823,""fused_3_medium+fused_4_high"":0.12359780030608547,""fused_1_medium+fused_4_high+fused_5_low"":0.12781340993610013,""fused_1_medium+fused_3_medium"":0.1229345199588575,""fused_1_high+fused_4_high"":0.12363564444077552}","{""fused_1"":0.841943938235497,""fused_2"":1.143948424717889,""fused_3"":1.0414329555562674,""fused_4"":0.990055461796292,""fused_5"":0.9826192196940544}","{""fused_2_medium+fused_4_high+fused_5_low"":0.9748988200228483,""fused_3_low"":1.020271561785395,""fused_3_high+fused_4_high"":1.0022541798213491,""fused_1_medium+fused_2_medium+fused_4_high"":1.0187244412358585,""fused_3_medium+fused_4_high"":0.9887824024486838,""fused_1_medium+fused_4_high+fused_5_low"":1.022507279488801,""fused_1_medium+fused_3_medium"":0.98347615967086,""fused_1_high+fused_4_high"":0.9890851555262041}",0.17122018959168508,0.011117287381878822,"[1,2,1,1,4,2,4,2,4,4,2,2,3,0,1,4,2,0,1,1,1,0,1,1,1,1,2,2,0,0,4,2,1,0,1,0,0,4,0,4,0,4,2,2,1,1,1,1,2,2,0,3,2,4,4,0,0,0,2,4,1,1,1,0,0,0,2,0,4,1,1,0,1,2,1,4,0,2,2,1,2,0,2,4,4,1,1,1,2,1,1,2,4,1,2,2,2,0,0,1,2,2,2,2,1,3,0,0,2,1,2,3,2,2,1,0,0,2,0,1,0,2,0,2,0,4,0,3,1,0,4,0,1,4,0,0,1,0,1,4,2,0,3,1,1,1,4,2,0,2,4,4,1,1,1,1,2,1,2,1,1,3,0,2,1,1,2,0,1,1,4,0,1,0,2,4,4,2,3,4,1,1,0,1,2,2,2,2,1,2,1,1,1,4,4,0,1,1,2,0,0,2,0,4,3,0,2,3,2,1,0,1,4,1,1,2,0,2,1,1,0,1,1,4,1,2,1,4,4,1,1,2,2,0,0,2,0,4,2,2,2,4,1,4,4,0,0,1,2,3,2,1,2,1,1,0,0,0,0,2,0,0,1,1,2,0,0,0,4,2,2,4,1,2,3,1,0,1,1,0,0,1,0,1,2,4,0,0,0,3,0,0,1,0,0,1,1,2,0,1,4,4,0,1,2,2,0,2,0,2,3,1,0,0,0,4,2,4,0,0,0,1,3,0,0,1,2,1,2,0,0,3,0,1,2,2,0,1,2,2,2,1,1,0,0,0,0,4,4,2,1,1,0,0,2,1,2,0,1,2,4,0,1,0,0,2,2,0,2,4,0,0,1,2,2,2,0,2,0,4,0,2,4,0,2,1,2,4,2,0,1,0,2,1,4,1,0,0,2,4,1,0,2,4,2,2,0,3,1,2,0,0,4,2,1,2,0,1,2,4,4,3,2,4,0,1,0,0,0,4,2,2,3,3,1,4,1,4,0,4,0,2,2,1,3,2,4,4,0,4,3,4,3,2,2,3,2,4,1,0,2,0,4,2,1,0,2,1,0,0,1,1,2,1,2,3,4,1,0,1,1,0,0,4,2,0,2,2,1,1,2,2,1,4,1,2,2,2,0,3,1,0,1,0,0,1,2,2,2,2,1,2,1,4,0,1,2,4,0,0,1,0,1,0,2,4,0,2,1,0,2,1,0,1,2,1,2,0,2,0,1,2,2,4,0,2,4,2,1,1,1,3,2,1,2,1,2,2,2,1,0,0,2,2,2,0,1,0,0,2,0,4,3,1,0,2,0,0,2,4,4,2,0,3,4,1,4,4,2,2,0,4,0,4,0,1,1,4,0,2,1,0,4,1,0,0,0,0,2,4,1,0,4,2,4,0,1,3,0,2,0,0,2,0,1,4,4,2,2,3,0,2,1,2,0,0,2,0,4,2,4,0,1,0,2,0,1,4,4,4,2,1,2,2,2,2,4,1,0,1,2,4,1,1,2,2,0,0,1,1,3,1,2,1,0,3,3,2,4,3,1,4,2,0,1,0,4,0,1,0,4,0,1,0,4,1,3,1,0,4,0,2,0,3,4,1,0,4,1,2,1,2,2,1,2,0,3,1,2,4,1,1,1,4,1,3,0,1,0,3,0,4,1,2,2,0,4,1,1,3,1,0,2,1,4,1,3,2,3,3,2,0,2,3,4,1,3,1,2,3,1,3,2,3,4,2,2,2,3,0,0,4,0,1,2,4,0,1,4,3,4,0,2,0,0,1,2,2,3,2,0,3,1,2,2,1,1,1,1,0,2,2,1,2,0,1,2,4,0,4,2,1,2,2,4,3,2,1,2,0,0,1,0,1,0,0,4,2,0,3,2,4,1,0,3,2,0,4,0,1,0,2,1,4,0,4,0,4,0,0,1,3,0,0,2,0,2,2,2,1,2,1,0,0,0,3,2,0,2,4,1,0,2,2,0,2,4,2,1,2,2,3,0,2,0,3,4,2,1,2,2,2,0,2,1,2,3,2,2,3,3,2,3,1,2,2,2,2,4,4,4,4,2,1,1,4,0,3,2,2,1,1,3,1,0,3,1,2,0,0,4,2,0,3,1,3,0,2,3,1,2,2,1,1,2,4,0,0,2,1,2,2,3,2,2,0,4,1,0,2,0,1,0,2,0,0,3,2,0,2,2,1,1,4,2,3,3,3,0,3,2,3,1,1,0,4,2,2,2,3,0,1,2,2,0,2,2,0,2,1,4,3,2,2,2,2,3,1,1,4,1,2,0,4,2,3,1,3,3,3,1,2,0,0,0,0,2,1,2,2,3,3,0,0,1,1,4,4,2,2,3,2,3,3,2,2,3,0,2,3,3,3,2,2,2,4,3,0,3,2,1,2,3,2,2,2,3,2,0,1,4,4,2,3,2,4,4,3,3,2,2,1,2,1,2,2,2,0,3,0,0,2,2,3,3,1,3,3,3,2,3,3,0,1,4,0,2,4,0,2,0,3,0,0,2,1,2,2,2,1,2,1,0,2,4,0,2,1,1,3,3,1,1,0,0,0,3,4,4,2,0,3,2,4,3,4,2,2,4,2,4,2,2,3,3,3,4,3,2,2,2,3,0,0,0,2,2,0,1,4,1,0,4,3,3,0,4,3,2,1,2,2,2,3,2,0,0,3,0,1,0,4,4,1,0,1,3,2,2,2,4,3,3,1,0,1,4,0,0,4,1,3,4,4,2,0,3,3,1,0,1,1,2,3,1,1,2,0,3,3,2,1,2,3,1,2,3,2,2,3,1,3,0,3,0,3,3,3,3,3,1,2,4,2,2,3,2,1,3,0,3,3,0,1,2,4,3,0,0,0,0,3,2,2,3,0,3,2,0,0,4,2,2,0,0,2,2,0,2,3,1,2,3,4,0,4,2,0,4,2,0,1,1,0,1,3,0,2,1,0,2,0,0,0,0,2,0,4,3,0,0,1,1,0,2,4,4,1,1,4,2,2,2,2,0,4,2,4,3,2,2,4,0,1,2,0,0,0,1,1,3,2,3,4,1,0,0,0,1,2,3,1,2,1,3,4,4,0,0,4,1,0,2,0,1,3,3,3,2,2,0,4,4,0,3,4,2,2,0,1,0,0,1,3,4,2,3,3,4,0,1,3,4,4,1,2,2,2,0,0,1,2,1,3,2,0,4,0,2,2,1,1,2,0,4,2,4,4,4,0,0,0,4,2,3,1,1,4,4,0,4,2,1,1,1,4,1,0,0,0,2,2,4,0,2,4,2,3,0,3,0,3,4,2,0,2,1,1,2,1,2,4,2,4,2,3,2,2,3,0,2,0,3,3,1,2,2,0,1,0,0,3,1,3,3,3,0,2,2,3,3,3,2,4,4,0,3,1,2,1,4,1,1,3,0,4,4,2,0,2,4,1,1,4,4,0,0,1,2,3,3,2,1,2,0,3,3,0,0,3,1,2,3,3,0,0,4,3,2,4,4,1,4,3,2,2,0,0,3,0,3,1,0,0,3,2,1,3,0,3,3,0,1,1,2,2,2,3,2,1,2,0,2,3,2,2,3,2,1,4,4,2,3,3,1,0,2,0,3,3,4,1,2,2,2,1,2,4,3,2,0,3,0,2,1,3,2,2,3,3,4,0,1,0,4,4,1,1,2,4,2,1,2,2,0,2,4,0,0,3,2,2,3,4,0,0,1,2,0,2,1,2,2,2,1,0,0,3,2,4,3,4,3,2,4,1,3,0,0,1,1,3,0,2,3,2,1,0,4,0,4,1,0,3,1,0,1,4,2,1,3,2,2,2,0,1,2,0,0,0,2,1,1,3,3,3,1,3,1,3,0,4,1,2,0,4,4,1,4,2,3,2,2,0,0,2,3,2,2,3,0,2,4,1,4,3,2,0,0,0,1,1,2,0,0,0,1,3,2,3,2,0,1,0,4,0,0,1,0,2,2,0,3,2,2,1,2,2,2,0,2,2,2,2,2,4,2,4,3,2,0,3,2,3,2,4,4,3,3,4,4,0,3,3,2,3,3,2,4]",ok,
130,kmeans,3,0.2,0.4745263938101188,9,"fused_3_high+fused_4_high, fused_1_medium+fused_3_medium, fused_1_medium+fused_2_medium+fused_4_high+fused_5_low, fused_5_medium, fused_2_medium+fused_3_low+fused_4_high, fused_1_high+fused_2_medium+fused_4_high, fused_2_medium+fused_3_medium+fused_4_high+fused_5_low, fused_2_high, fused_1_low","[501, 364, 312, 246, 376]",0.9,0.1,5.0,"{""fused_1"":0.6154544556210428,""fused_2"":0.3085174933421508,""fused_3"":0.3274980877156296,""fused_4"":0.45182329212370315,""fused_5"":0.464072533488098}","{""fused_3_high+fused_4_high"":0.6612629281013105,""fused_1_medium+fused_3_medium"":0.7982842482466368,""fused_1_medium+fused_2_medium+fused_4_high+fused_5_low"":0.8238345755152292,""fused_5_medium"":0.9125596725823855,""fused_2_medium+fused_3_low+fused_4_high"":0.7438032701928875,""fused_1_high+fused_2_medium+fused_4_high"":0.74404306070233,""fused_2_medium+fused_3_medium+fused_4_high+fused_5_low"":0.7729205126255378,""fused_2_high"":0.6834406409350418,""fused_1_low"":0.9030507383621702}","{""fused_1"":0.1813978599746052,""fused_2"":0.2155813517357269,""fused_3"":0.21238749717671987,""fused_4"":0.19596972596405884,""fused_5"":0.1946635651488892}","{""fused_3_high+fused_4_high"":0.11569092869130825,""fused_1_medium+fused_3_medium"":0.11037061469896149,""fused_1_medium+fused_2_medium+fused_4_high+fused_5_low"":0.10950472214578458,""fused_5_medium"":0.10674008224628426,""fused_2_medium+fused_3_low+fused_4_high"":0.112338424924682,""fused_1_high+fused_2_medium+fused_4_high"":0.1123293727119351,""fused_2_medium+fused_3_medium+fused_4_high+fused_5_low"":0.11126514621390055,""fused_2_high"":0.11474074123205671,""fused_1_low"":0.10701996713508707}","{""fused_1"":0.906989299873026,""fused_2"":1.0779067586786346,""fused_3"":1.0619374858835993,""fused_4"":0.9798486298202942,""fused_5"":0.9733178257444459}","{""fused_3_high+fused_4_high"":1.0412183582217742,""fused_1_medium+fused_3_medium"":0.9933355322906534,""fused_1_medium+fused_2_medium+fused_4_high+fused_5_low"":0.9855424993120612,""fused_5_medium"":0.9606607402165583,""fused_2_medium+fused_3_low+fused_4_high"":1.011045824322138,""fused_1_high+fused_2_medium+fused_4_high"":1.0109643544074158,""fused_2_medium+fused_3_medium+fused_4_high+fused_5_low"":1.0013863159251049,""fused_2_high"":1.0326666710885104,""fused_1_low"":0.9631797042157837}",0.34953330942659927,0.13285158421345192,"[0,4,0,0,4,2,4,1,4,4,1,4,1,0,0,4,2,0,0,0,0,3,0,0,0,0,2,2,3,3,4,2,0,3,0,3,3,4,3,4,3,4,2,2,0,0,0,0,2,1,3,1,2,4,4,0,0,0,2,4,0,0,0,3,3,0,2,3,4,0,0,3,0,2,0,4,0,2,2,0,2,0,2,4,4,0,0,0,2,0,0,1,4,0,2,2,1,0,3,0,2,1,4,2,0,1,3,0,2,0,2,1,2,2,0,3,3,2,3,0,3,2,3,2,3,4,3,1,0,3,4,3,0,4,0,3,0,3,0,4,2,0,1,0,0,0,4,2,0,2,4,4,0,0,0,0,4,0,2,0,0,1,3,2,0,0,2,4,0,0,4,3,0,3,2,4,4,1,1,4,0,0,3,0,1,2,2,4,0,2,0,0,0,4,4,3,0,0,2,3,3,4,0,4,1,3,2,1,2,0,4,0,4,0,0,2,4,2,0,0,3,0,0,4,0,2,0,4,4,0,0,4,2,4,4,2,0,4,2,2,2,4,0,4,4,0,0,0,2,1,1,0,2,0,0,3,3,3,3,4,3,3,0,0,2,0,3,3,4,2,2,4,0,4,1,0,0,0,0,4,3,0,3,0,2,4,3,4,0,1,3,3,0,0,3,0,0,2,0,0,4,4,0,0,2,2,4,2,3,2,1,0,4,3,0,4,2,4,3,3,3,0,1,3,4,0,2,0,2,0,0,1,3,0,2,1,3,0,4,4,2,0,0,0,3,0,3,4,4,2,0,0,3,3,4,0,2,3,0,4,4,0,0,3,3,2,2,3,2,4,3,4,0,2,4,4,3,2,3,4,0,2,4,0,2,0,2,4,2,3,0,0,1,0,4,0,3,4,2,4,0,3,2,4,2,4,0,1,0,2,3,3,4,2,0,1,0,0,2,4,4,1,2,4,3,0,0,3,3,4,2,2,1,1,0,4,0,4,3,4,3,2,1,0,1,2,4,4,4,4,1,4,1,2,2,1,2,4,0,3,2,0,4,2,0,3,2,0,3,3,0,0,2,0,2,1,4,0,3,0,0,3,0,4,2,3,1,1,0,0,2,2,0,4,0,2,2,1,3,1,0,3,0,4,3,0,2,2,2,2,0,2,0,4,3,0,2,4,0,3,0,3,0,4,2,4,3,2,0,3,2,0,3,0,2,0,2,3,2,3,0,2,1,4,3,1,4,1,0,0,0,1,2,0,2,0,1,4,2,0,3,3,2,2,2,3,0,3,0,2,3,4,1,0,3,1,3,3,2,4,4,1,0,1,4,0,4,4,2,2,3,4,4,4,0,0,0,4,3,2,0,0,4,0,3,3,0,0,2,4,0,3,4,1,4,3,0,1,3,2,3,3,2,0,0,4,4,2,2,1,0,2,0,2,0,3,2,0,4,1,4,3,0,4,2,3,0,4,4,4,2,0,2,2,2,2,4,0,3,0,1,4,0,0,2,2,0,0,0,0,1,0,2,0,3,1,1,1,4,1,0,4,1,0,0,0,4,3,0,0,4,0,0,0,4,0,1,0,0,4,4,2,0,1,4,0,0,4,0,1,0,2,2,0,2,0,1,0,1,4,0,0,0,4,0,1,0,0,3,1,0,4,0,1,1,4,4,0,0,1,0,3,2,0,4,0,1,2,1,1,1,4,1,1,4,0,1,0,2,1,0,1,2,1,4,2,4,2,4,3,4,4,0,0,4,4,0,0,4,1,4,0,4,0,0,0,2,2,1,2,3,1,0,2,2,0,0,0,0,0,2,1,0,2,3,0,2,4,3,4,4,0,1,2,4,1,2,0,1,0,3,0,3,0,3,3,4,1,3,1,2,4,0,0,1,2,3,4,4,0,4,1,0,4,0,4,3,4,3,0,0,1,3,4,2,0,1,2,1,0,2,0,0,3,3,1,2,3,2,4,0,3,2,2,0,2,4,1,0,2,4,1,3,2,4,1,4,1,0,2,1,4,3,1,0,2,1,2,4,1,1,2,1,0,2,1,2,2,4,4,4,4,2,0,0,4,4,1,2,2,0,0,1,0,0,1,0,1,3,3,4,2,3,1,0,1,0,4,1,0,2,4,0,0,2,4,4,3,2,0,2,2,1,1,1,0,4,0,3,2,3,0,4,2,3,3,1,1,0,4,1,0,0,4,2,1,1,1,3,1,1,1,0,0,0,4,2,2,1,1,3,0,4,2,0,1,2,0,1,0,4,1,2,1,2,1,1,0,0,4,0,2,0,4,1,1,0,1,1,1,0,2,3,3,0,3,2,0,2,2,1,1,3,3,0,0,4,4,4,2,1,4,1,1,4,1,1,3,2,1,1,1,1,1,2,4,1,3,1,2,0,2,1,4,4,1,1,2,0,0,4,4,1,1,2,4,4,1,1,2,1,4,2,0,1,2,1,4,1,3,3,1,4,1,1,0,1,1,1,2,1,1,0,0,4,0,2,4,3,4,4,1,4,0,1,0,1,2,4,0,4,0,3,2,4,0,1,0,0,1,1,0,0,3,3,0,1,4,4,2,3,1,2,4,1,4,1,1,4,2,4,2,2,1,1,1,4,1,1,2,2,1,3,3,4,1,2,0,0,4,0,3,4,1,1,0,4,1,1,0,4,2,2,1,4,0,3,1,0,4,3,4,4,0,0,0,1,1,2,1,4,1,1,0,3,0,4,3,4,4,0,1,4,4,4,3,1,1,0,3,0,0,1,1,0,0,4,3,1,1,2,0,2,1,0,2,1,4,1,1,0,1,4,1,0,4,1,1,1,1,0,2,4,2,2,1,2,0,1,0,1,1,4,0,4,4,1,3,3,0,4,1,1,1,1,3,1,2,4,3,4,1,1,3,4,4,2,0,4,1,0,2,1,4,4,4,2,3,4,4,3,0,0,0,0,1,3,4,0,4,2,0,4,3,0,1,4,4,1,0,3,0,0,3,4,4,4,0,0,4,2,2,2,1,3,4,1,4,1,1,2,4,3,0,2,3,0,4,0,0,1,2,1,4,0,0,0,3,0,2,1,0,1,0,1,4,4,3,3,4,0,4,2,3,0,1,1,1,1,1,0,4,4,3,1,4,1,2,0,0,4,0,0,1,4,2,1,1,4,0,0,1,4,4,0,1,2,1,3,4,0,2,0,1,1,3,4,4,2,2,0,0,4,4,4,2,4,4,4,3,0,3,4,2,1,0,0,4,4,3,4,4,0,0,0,4,0,4,3,3,2,2,4,3,4,4,2,1,3,1,3,1,4,2,3,2,0,0,2,0,2,4,2,4,1,1,2,2,1,0,1,3,1,1,0,1,4,3,0,0,3,1,0,1,1,1,3,2,2,1,1,1,1,4,4,0,1,0,2,0,4,0,0,1,3,4,4,1,4,2,4,0,0,4,4,3,3,0,2,1,1,2,0,2,3,1,1,3,0,1,0,4,1,1,0,0,4,1,2,4,4,0,4,1,2,2,0,3,1,0,1,0,0,3,1,2,0,1,3,1,1,3,0,0,2,2,2,1,1,0,4,3,2,1,2,1,1,2,0,4,4,2,1,1,0,0,4,3,1,1,4,0,1,2,1,0,1,4,1,1,3,1,0,4,4,1,2,1,1,1,4,0,0,3,4,4,0,0,1,4,4,0,2,1,3,1,4,3,0,1,2,1,1,4,3,3,0,2,0,2,0,1,2,2,0,4,3,1,2,4,1,4,1,4,4,0,1,3,0,0,0,1,3,2,1,2,0,0,4,3,4,0,0,1,0,4,0,4,4,0,1,2,2,2,3,0,1,3,3,3,1,0,0,1,1,1,0,1,0,1,3,4,0,1,3,4,4,0,4,2,1,2,2,3,3,2,1,2,4,1,3,2,4,0,4,1,1,3,0,0,0,0,1,3,0,3,0,1,4,1,4,3,0,0,4,4,4,0,3,2,1,0,1,2,1,0,2,2,4,3,2,2,2,2,1,4,4,4,1,1,3,1,1,1,1,4,4,1,1,4,4,0,1,4,1,1,1,1,4]",ok,
131,kmeans,3,0.15,0.5288671222418054,15,"fused_1_medium+fused_2_medium+fused_4_high+fused_5_low, fused_2_medium+fused_3_medium+fused_4_high+fused_5_low, fused_1_low, fused_4_high+fused_5_medium, fused_1_high+fused_2_medium+fused_4_high+fused_5_low, fused_2_medium+fused_3_low+fused_4_high+fused_5_low, fused_1_medium+fused_3_medium+fused_4_high, fused_1_high+fused_2_medium+fused_3_low+fused_4_high, fused_2_low+fused_4_high, fused_3_high+fused_4_high+fused_5_low, fused_2_medium+fused_3_high+fused_4_high, fused_1_medium+fused_3_high+fused_4_high, fused_2_high+fused_5_high, fused_1_medium+fused_2_medium+fused_3_medium, fused_2_medium+fused_3_high+fused_5_low","[269, 492, 267, 441, 330]",0.8,0.2,4.0,"{""fused_1"":0.4925968412467849,""fused_2"":0.23162551701272283,""fused_3"":0.3246197811164976,""fused_4"":0.44374036297166025,""fused_5"":0.36277987507616766}","{""fused_1_medium+fused_2_medium+fused_4_high+fused_5_low"":0.7300603447250362,""fused_2_medium+fused_3_medium+fused_4_high+fused_5_low"":0.739299957154212,""fused_1_low"":0.8093713097710433,""fused_4_high+fused_5_medium"":0.7313558205805188,""fused_1_high+fused_2_medium+fused_4_high+fused_5_low"":0.6445166453902326,""fused_2_medium+fused_3_low+fused_4_high+fused_5_low"":0.6298618387030033,""fused_1_medium+fused_3_medium+fused_4_high"":0.6758283608812471,""fused_1_high+fused_2_medium+fused_3_low+fused_4_high"":0.63439383438358,""fused_2_low+fused_4_high"":0.6324936072546419,""fused_3_high+fused_4_high+fused_5_low"":0.656740714486525,""fused_2_medium+fused_3_high+fused_4_high"":0.6560677498512527,""fused_1_medium+fused_3_high+fused_4_high"":0.7586434282443844,""fused_2_high+fused_5_high"":0.6489572412506047,""fused_1_medium+fused_2_medium+fused_3_medium"":0.6441572467397115,""fused_2_medium+fused_3_high+fused_5_low"":0.6414461137334563}","{""fused_1"":0.17927908051744276,""fused_2"":0.23054976812582217,""fused_3"":0.20601641719727032,""fused_4"":0.1856310034238081,""fused_5"":0.19852373073565657}","{""fused_1_medium+fused_2_medium+fused_4_high+fused_5_low"":0.06508958365488633,""fused_2_medium+fused_3_medium+fused_4_high+fused_5_low"":0.06481728756267394,""fused_1_low"":0.0628900313795692,""fused_4_high+fused_5_medium"":0.06505112913055007,""fused_1_high+fused_2_medium+fused_4_high+fused_5_low"":0.06785049712407486,""fused_2_medium+fused_3_low+fused_4_high+fused_5_low"":0.06837268700746975,""fused_1_medium+fused_3_medium+fused_4_high"":0.06678602704981457,""fused_1_high+fused_2_medium+fused_3_low+fused_4_high"":0.06820948368881295,""fused_2_low+fused_4_high"":0.06827772360195453,""fused_3_high+fused_4_high+fused_5_low"":0.06742688547893516,""fused_2_medium+fused_3_high+fused_4_high"":0.06744993208420186,""fused_1_medium+fused_3_high+fused_4_high"":0.06426164618028245,""fused_2_high+fused_5_high"":0.06769538341975584,""fused_1_medium+fused_2_medium+fused_3_medium"":0.06786311352763708,""fused_2_medium+fused_3_high+fused_5_low"":0.06795858910938138}","{""fused_1"":0.8963954025872138,""fused_2"":1.1527488406291109,""fused_3"":1.0300820859863515,""fused_4"":0.9281550171190405,""fused_5"":0.9926186536782828}","{""fused_1_medium+fused_2_medium+fused_4_high+fused_5_low"":0.9763437548232949,""fused_2_medium+fused_3_medium+fused_4_high+fused_5_low"":0.9722593134401091,""fused_1_low"":0.943350470693538,""fused_4_high+fused_5_medium"":0.975766936958251,""fused_1_high+fused_2_medium+fused_4_high+fused_5_low"":1.017757456861123,""fused_2_medium+fused_3_low+fused_4_high+fused_5_low"":1.0255903051120463,""fused_1_medium+fused_3_medium+fused_4_high"":1.0017904057472184,""fused_1_high+fused_2_medium+fused_3_low+fused_4_high"":1.0231422553321943,""fused_2_low+fused_4_high"":1.024165854029318,""fused_3_high+fused_4_high+fused_5_low"":1.0114032821840273,""fused_2_medium+fused_3_high+fused_4_high"":1.0117489812630278,""fused_1_medium+fused_3_high+fused_4_high"":0.9639246927042368,""fused_2_high+fused_5_high"":1.0154307512963376,""fused_1_medium+fused_2_medium+fused_3_medium"":1.0179467029145561,""fused_2_medium+fused_3_high+fused_5_low"":1.0193788366407206}",0.26948981399274596,0.0528071150639244,"[4,4,4,4,3,3,4,1,4,3,1,1,1,0,0,3,3,0,4,4,0,2,4,4,0,4,3,3,2,2,4,3,4,2,4,2,2,3,2,1,2,3,3,3,0,4,4,4,3,1,2,1,3,3,3,0,0,0,3,3,0,4,4,2,2,0,3,2,4,4,0,2,4,3,4,4,0,3,3,4,3,0,3,3,4,4,4,4,3,4,4,1,4,0,3,3,1,0,2,0,3,1,1,3,4,1,2,0,3,4,3,1,3,3,0,2,2,3,2,4,2,3,2,3,2,2,2,1,0,2,4,2,4,3,0,2,0,2,0,4,3,0,1,4,4,4,3,3,0,3,3,1,0,4,4,4,1,4,3,4,4,1,2,3,4,4,3,3,0,4,2,2,4,2,3,4,1,1,1,1,0,4,2,4,1,3,3,1,4,3,4,4,4,2,3,2,4,4,3,2,2,1,0,2,1,2,3,1,3,4,3,4,4,4,0,3,3,3,0,4,2,4,4,2,4,3,4,2,1,4,4,3,3,3,3,3,0,3,3,3,3,1,4,3,4,0,0,4,3,1,1,0,3,4,4,2,2,2,2,4,2,2,4,4,3,0,2,2,3,3,3,4,4,1,1,4,0,0,4,3,2,0,2,4,3,4,2,3,0,1,2,2,0,0,2,4,4,3,0,4,3,4,0,4,3,3,3,3,2,3,1,4,3,2,0,3,3,4,2,2,2,4,1,2,3,4,3,4,3,0,0,1,2,0,3,1,2,4,3,1,3,0,0,0,2,0,2,3,3,3,0,0,2,2,3,0,3,2,0,1,4,0,4,2,2,3,3,2,3,1,2,3,4,3,3,1,2,3,2,4,0,3,4,0,3,4,3,1,3,2,4,0,1,0,3,4,2,3,3,1,0,2,3,1,3,1,0,1,0,3,2,2,1,3,4,1,0,4,3,4,3,1,3,4,2,4,0,2,2,4,3,3,1,1,4,1,4,1,2,3,2,3,1,0,1,3,3,4,3,1,1,1,1,3,3,1,3,1,0,2,3,0,3,3,4,2,3,0,2,2,0,0,3,4,3,1,1,4,2,4,4,2,0,1,3,2,1,1,4,4,3,3,4,4,4,3,3,1,2,1,0,2,0,3,2,0,3,3,3,3,0,3,0,1,2,4,3,4,0,2,4,2,0,3,3,4,2,3,4,2,3,4,2,4,3,4,3,2,3,2,4,3,1,4,2,1,1,1,4,4,0,1,3,4,3,4,1,4,3,4,2,2,3,3,3,2,4,2,0,3,2,4,1,4,2,1,2,2,3,4,1,1,0,1,1,0,2,2,3,3,2,4,3,1,0,4,4,4,2,3,4,0,4,4,2,2,0,0,3,4,4,2,1,1,3,2,4,1,2,3,2,2,3,0,4,4,2,3,3,1,0,3,4,3,0,2,3,0,4,1,1,2,0,3,3,2,4,2,4,1,3,4,3,3,3,3,3,4,2,0,1,3,4,4,3,3,0,0,4,4,1,0,3,4,2,1,1,1,2,1,4,4,1,0,4,0,1,2,4,0,4,0,0,0,1,4,1,4,0,1,3,3,0,1,4,4,0,4,0,1,4,3,3,0,3,0,1,4,1,1,0,4,4,4,0,1,0,0,2,1,0,3,0,1,1,3,1,0,0,1,4,2,3,0,4,4,1,3,1,1,1,3,1,1,3,0,1,4,3,1,0,1,3,1,1,3,1,3,1,2,3,2,0,4,1,3,0,0,4,1,1,0,1,0,0,4,3,3,1,3,2,1,0,3,3,4,0,0,4,0,3,1,4,3,2,4,3,2,2,3,1,4,1,3,4,1,3,0,1,0,2,4,2,0,2,2,4,1,2,1,3,4,4,0,1,3,2,4,3,4,3,1,0,1,0,1,2,3,2,0,0,1,2,3,3,0,1,3,1,0,3,4,0,2,2,1,3,2,3,4,0,2,3,3,0,3,3,1,4,3,3,1,2,3,3,1,1,1,0,3,1,4,2,1,0,3,1,3,4,1,1,3,1,0,3,1,3,3,2,1,1,1,3,0,0,1,3,1,3,3,0,4,1,4,0,1,4,1,2,2,1,3,2,1,4,1,0,1,1,0,3,3,0,4,3,2,3,2,3,0,3,3,1,1,1,0,3,4,2,3,2,0,3,3,2,2,1,1,0,1,1,0,0,4,3,1,1,1,2,1,1,1,4,0,0,2,3,3,1,1,2,4,1,3,0,1,3,0,1,0,1,1,3,1,3,1,1,0,4,1,0,3,0,1,1,1,4,1,1,1,4,3,2,2,0,2,3,4,3,3,1,1,2,2,0,4,1,3,3,3,1,1,1,1,1,1,1,2,3,1,1,1,1,1,3,1,1,2,1,3,4,3,1,1,1,1,1,3,0,4,4,4,1,1,3,1,1,1,1,3,1,4,3,4,1,3,1,3,1,2,2,1,3,1,1,0,1,1,1,3,1,1,0,4,1,0,3,1,2,4,3,1,3,0,1,4,1,3,3,0,4,0,2,3,1,0,1,4,0,1,1,4,0,2,2,0,1,2,1,3,2,1,3,1,1,1,1,1,4,3,3,3,3,1,1,1,2,1,1,3,3,1,2,2,3,1,3,0,4,3,4,2,1,1,1,0,1,1,1,4,3,3,3,1,3,0,2,1,0,4,2,3,4,0,0,4,1,1,3,1,4,1,1,4,2,0,1,2,3,1,0,1,4,1,1,2,1,1,0,2,4,0,1,1,0,0,1,2,1,1,3,4,3,1,0,3,1,3,1,1,4,1,3,1,0,1,1,1,1,1,0,3,3,3,3,1,3,4,1,0,1,1,3,0,4,1,1,2,2,0,3,1,1,1,1,2,1,3,3,2,1,1,1,2,3,3,3,0,1,1,0,3,1,4,3,4,3,2,4,1,2,0,4,0,4,1,2,3,4,3,3,0,3,2,0,1,3,1,1,0,2,4,0,2,3,4,1,0,4,3,3,3,3,1,2,1,1,4,1,1,3,3,2,4,3,2,0,3,4,4,1,3,1,1,4,0,0,2,0,3,1,0,1,4,1,4,1,2,2,4,4,3,3,2,0,1,1,1,1,1,0,4,1,2,1,1,1,3,0,4,3,0,0,1,1,3,1,1,3,0,4,1,3,3,4,1,3,1,2,3,4,3,4,1,1,2,1,3,3,3,4,4,1,3,4,3,4,4,1,2,0,2,3,3,1,4,4,1,4,2,2,1,0,4,4,1,4,3,2,2,3,3,2,2,1,1,3,1,2,1,2,1,4,3,2,3,0,4,3,4,3,4,3,3,1,1,3,3,1,0,1,2,1,1,4,1,3,2,4,0,2,1,0,1,1,1,2,3,3,1,1,1,1,4,1,0,1,0,3,4,4,4,4,1,2,4,1,1,3,3,4,0,4,3,3,2,2,0,3,1,1,3,4,3,2,1,1,2,0,1,0,4,1,1,0,0,1,1,3,4,4,0,1,1,3,3,0,2,1,0,1,4,0,2,1,3,0,1,2,1,1,2,4,4,3,3,3,1,1,0,4,2,3,1,3,1,1,3,4,4,1,3,1,1,4,0,1,2,1,1,4,4,1,3,1,4,1,3,1,1,2,1,0,4,4,1,3,1,1,1,4,0,4,2,1,1,4,4,1,4,1,0,3,1,2,1,2,2,0,1,3,1,1,4,2,2,4,3,0,3,0,1,3,3,0,3,2,1,3,3,1,1,1,3,1,4,1,2,0,0,4,1,2,3,1,3,4,0,3,2,1,0,0,1,0,3,0,4,1,0,1,3,3,3,2,0,1,2,2,2,1,4,4,1,1,1,0,1,0,1,2,3,0,1,2,4,3,0,4,3,1,3,3,2,2,3,1,3,1,1,2,3,1,0,3,1,1,2,0,0,4,4,1,2,0,2,0,1,1,1,1,2,4,0,4,3,3,0,2,3,1,0,1,3,1,0,3,3,3,2,3,3,3,3,1,1,1,1,1,1,2,1,1,1,1,1,1,1,1,1,3,0,1,1,1,1,1,1,3]",ok,
132,kmeans,3,0.1,0.4418232966758894,13,"fused_1_medium+fused_3_high+fused_4_high, fused_2_medium+fused_3_high+fused_4_high+fused_5_low, fused_1_high+fused_2_medium+fused_3_low+fused_4_high+fused_5_low, fused_1_medium+fused_2_medium+fused_3_medium+fused_4_high+fused_5_low, fused_2_low+fused_3_high+fused_4_high, fused_1_low+fused_2_medium+fused_4_high+fused_5_low, fused_2_low+fused_4_high+fused_5_medium, fused_1_medium+fused_2_low+fused_4_high, fused_1_medium+fused_4_high+fused_5_medium, fused_1_medium+fused_2_high, fused_2_high+fused_4_medium, fused_2_high+fused_3_medium+fused_5_high, fused_3_high+fused_4_high+fused_5_medium","[218, 160, 287, 943, 191]",0.8,0.8,3.0,"{""fused_1"":0.4936950261263363,""fused_2"":0.5069857084838645,""fused_3"":0.5834755367778609,""fused_4"":0.632203905541523,""fused_5"":0.472236113373244}","{""fused_1_medium+fused_3_high+fused_4_high"":0.2767546899905391,""fused_2_medium+fused_3_high+fused_4_high+fused_5_low"":0.16867658923327347,""fused_1_high+fused_2_medium+fused_3_low+fused_4_high+fused_5_low"":0.24725793922745823,""fused_1_medium+fused_2_medium+fused_3_medium+fused_4_high+fused_5_low"":0.24643840846626563,""fused_2_low+fused_3_high+fused_4_high"":0.19754552607980685,""fused_1_low+fused_2_medium+fused_4_high+fused_5_low"":0.2964476814813536,""fused_2_low+fused_4_high+fused_5_medium"":0.19151568196253452,""fused_1_medium+fused_2_low+fused_4_high"":0.2120728359765239,""fused_1_medium+fused_4_high+fused_5_medium"":0.24086836822564006,""fused_1_medium+fused_2_high"":0.26449653689853536,""fused_2_high+fused_4_medium"":0.18651754979957155,""fused_2_high+fused_3_medium+fused_5_high"":0.22367706234583073,""fused_3_high+fused_4_high+fused_5_medium"":0.1997422677367652}","{""fused_1"":0.2077785020696852,""fused_2"":0.20503694784047194,""fused_3"":0.1911255115428853,""fused_4"":0.18361214310862312,""fused_5"":0.21244689543833442}","{""fused_1_medium+fused_3_high+fused_4_high"":0.06898791930196589,""fused_2_medium+fused_3_high+fused_4_high+fused_5_low"":0.0883676154603034,""fused_1_high+fused_2_medium+fused_3_low+fused_4_high+fused_5_low"":0.07298698413210727,""fused_1_medium+fused_2_medium+fused_3_medium+fused_4_high+fused_5_low"":0.07310824248789474,""fused_2_low+fused_3_high+fused_4_high"":0.08165578196709797,""fused_1_low+fused_2_medium+fused_4_high+fused_5_low"":0.0666571149027055,""fused_2_low+fused_4_high+fused_5_medium"":0.08293128041394271,""fused_1_medium+fused_2_low+fused_4_high"":0.07880939967363378,""fused_1_medium+fused_4_high+fused_5_medium"":0.07394871915410092,""fused_1_medium+fused_2_high"":0.07056844476948934,""fused_2_high+fused_4_medium"":0.08403509405936384,""fused_2_high+fused_3_medium+fused_5_high"":0.07673788339353023,""fused_3_high+fused_4_high+fused_5_medium"":0.08120552028386453}","{""fused_1"":1.0388925103484261,""fused_2"":1.0251847392023596,""fused_3"":0.9556275577144264,""fused_4"":0.9180607155431155,""fused_5"":1.062234477191672}","{""fused_1_medium+fused_3_high+fused_4_high"":0.8968429509255565,""fused_2_medium+fused_3_high+fused_4_high+fused_5_low"":1.1487790009839443,""fused_1_high+fused_2_medium+fused_3_low+fused_4_high+fused_5_low"":0.9488307937173945,""fused_1_medium+fused_2_medium+fused_3_medium+fused_4_high+fused_5_low"":0.9504071523426316,""fused_2_low+fused_3_high+fused_4_high"":1.0615251655722735,""fused_1_low+fused_2_medium+fused_4_high+fused_5_low"":0.8665424937351714,""fused_2_low+fused_4_high+fused_5_medium"":1.0781066453812551,""fused_1_medium+fused_2_low+fused_4_high"":1.024522195757239,""fused_1_medium+fused_4_high+fused_5_medium"":0.961333349003312,""fused_1_medium+fused_2_high"":0.9173897820033614,""fused_2_high+fused_4_medium"":1.0924562227717298,""fused_2_high+fused_3_medium+fused_5_high"":0.997592484115893,""fused_3_high+fused_4_high+fused_5_medium"":1.0556717636902389}",0.189270170584105,0.03446359088382435,"[0,3,0,0,3,3,3,4,0,3,4,3,4,2,2,3,3,2,0,3,2,3,0,0,2,0,3,3,3,3,0,3,0,3,0,3,3,3,3,3,3,3,3,3,2,0,0,0,3,4,3,1,3,3,3,2,2,2,3,3,2,0,0,3,3,2,3,3,0,0,2,3,0,3,0,0,2,3,3,0,3,2,3,3,3,0,0,0,3,0,3,3,3,2,3,3,4,2,3,2,3,4,3,3,2,4,3,2,3,0,3,4,3,3,2,3,3,3,3,0,3,3,3,3,3,3,3,1,2,3,0,3,2,3,2,3,2,3,2,3,3,2,1,0,0,0,3,3,2,3,3,3,2,0,0,0,3,0,3,2,0,1,3,3,3,0,3,3,2,3,3,3,0,3,3,0,3,4,4,3,2,0,3,0,4,3,3,3,2,3,0,0,2,3,3,3,0,3,3,3,3,3,2,3,4,3,3,1,3,0,3,2,3,0,2,3,3,3,2,0,3,3,0,3,0,3,0,3,3,2,0,3,3,3,3,3,2,3,3,3,3,3,0,3,3,2,2,0,3,4,4,2,3,0,0,3,3,3,3,3,3,3,0,0,3,2,3,3,3,3,3,0,3,3,1,3,2,2,0,3,3,2,3,0,3,3,3,3,2,1,3,3,2,2,3,0,0,3,2,0,3,3,2,0,3,3,3,3,3,3,4,0,3,3,2,3,3,0,3,3,3,3,4,3,3,0,3,3,3,2,2,4,3,2,3,3,3,0,3,3,3,2,2,2,3,2,3,3,3,3,2,2,3,3,3,2,3,3,2,3,3,2,0,3,3,3,3,3,3,3,3,3,0,3,3,3,3,3,3,0,2,3,0,2,3,0,3,3,3,3,0,2,4,2,3,0,3,3,3,3,2,3,3,3,3,3,2,1,2,3,3,3,3,3,0,4,2,0,3,3,3,4,3,0,3,0,2,3,3,3,3,3,4,4,0,3,0,3,3,3,3,3,4,2,3,3,3,3,3,3,1,3,1,3,3,4,3,3,2,3,3,2,3,3,0,3,3,2,3,3,2,2,3,0,3,1,3,0,3,0,0,3,2,3,3,3,4,4,0,0,3,3,0,0,0,3,3,4,3,1,2,3,2,3,3,2,3,3,3,3,2,3,2,3,3,3,3,3,2,3,0,3,2,3,3,3,3,3,2,3,3,0,3,0,3,2,3,3,3,3,0,3,4,3,3,4,3,4,0,0,2,4,3,0,3,3,4,3,3,0,3,3,3,3,3,3,0,3,2,3,3,3,3,0,3,4,3,3,3,3,3,4,2,1,3,2,3,3,3,3,3,0,3,3,2,0,0,3,3,3,0,2,3,0,3,3,2,2,3,0,0,3,3,4,3,3,0,1,3,3,3,3,3,2,0,3,3,3,3,1,2,3,2,3,2,3,3,2,0,4,3,3,2,3,3,3,0,3,3,3,3,0,3,3,3,3,3,0,3,2,4,3,0,2,3,3,2,2,0,0,1,2,3,3,3,4,4,4,3,4,0,3,4,2,0,2,3,3,3,2,3,2,2,2,3,3,4,0,2,3,3,3,2,1,0,0,2,3,2,4,2,3,3,2,3,2,1,0,3,3,2,0,0,3,2,1,2,2,3,4,2,3,2,4,4,3,3,2,2,1,3,3,3,2,3,0,1,3,1,1,4,3,4,1,3,2,1,0,3,4,2,1,3,1,3,3,3,3,3,3,3,3,2,0,3,3,2,2,3,1,3,2,3,2,2,0,3,3,4,3,3,1,2,3,3,2,2,2,3,2,3,4,0,3,3,0,3,3,3,3,3,0,4,3,3,1,3,2,4,2,3,0,3,2,3,3,0,4,3,1,3,3,0,2,1,3,3,3,3,3,3,4,2,3,2,3,3,3,3,2,2,1,3,3,3,2,4,3,4,2,3,0,2,3,3,1,3,3,3,0,2,3,3,3,2,3,3,4,0,3,3,1,3,3,3,1,3,4,2,3,4,3,3,4,2,3,1,3,3,1,4,3,1,2,3,4,3,3,3,3,3,3,3,2,2,3,3,4,3,3,2,0,4,3,2,1,0,4,3,3,3,3,3,4,0,4,2,3,4,2,3,3,2,0,3,3,3,3,3,2,3,3,4,4,4,2,3,3,3,3,3,2,3,3,3,3,4,4,2,3,4,2,2,3,3,1,1,1,3,1,4,1,0,2,2,3,3,3,4,1,3,0,3,3,2,4,3,2,4,2,3,1,3,4,3,4,4,2,3,3,2,3,2,3,4,1,0,4,1,1,0,3,3,3,2,3,3,0,3,3,1,1,3,3,2,0,3,3,3,3,1,3,1,1,3,4,4,3,3,4,1,1,4,4,3,3,1,3,1,3,0,3,1,3,3,3,4,3,2,0,3,3,4,1,3,3,3,1,1,3,4,3,3,0,4,3,4,3,1,3,3,4,3,1,1,2,4,1,1,3,1,1,2,0,3,2,3,3,3,3,3,1,3,2,4,3,4,3,3,2,3,2,3,3,3,2,4,3,2,1,4,0,2,3,3,2,1,3,3,3,3,4,3,3,1,3,4,4,0,3,3,3,3,1,1,1,3,1,4,3,3,1,3,3,3,3,3,2,0,3,2,3,3,1,1,2,3,1,4,0,3,3,3,4,3,2,3,1,2,3,3,3,0,2,2,0,1,4,3,4,3,1,1,0,3,2,3,3,3,3,2,1,3,3,3,3,1,3,2,3,0,2,4,4,2,2,3,3,4,1,3,3,3,1,2,3,1,3,4,4,0,1,3,1,2,3,4,1,1,1,2,3,3,3,3,1,3,0,1,2,1,1,3,2,3,3,1,3,3,2,3,4,4,4,1,3,1,3,3,3,3,4,4,3,3,3,3,2,3,1,2,3,1,3,3,3,3,3,3,3,3,2,0,2,0,1,3,3,0,3,3,2,3,3,2,4,3,3,4,2,3,0,2,3,3,0,3,2,2,3,3,3,3,4,3,3,4,0,1,3,3,3,3,0,3,3,2,3,0,0,4,3,4,3,0,2,2,3,2,3,1,2,4,0,1,0,3,3,3,3,0,3,3,3,2,4,1,1,4,4,2,0,3,3,1,3,4,3,2,0,3,2,2,1,3,3,1,1,3,2,0,4,3,3,0,3,3,4,3,3,0,3,0,1,4,3,3,3,3,3,0,0,3,3,3,3,3,0,3,3,2,3,3,3,1,0,3,3,3,3,3,3,2,0,0,3,0,3,3,3,3,3,3,3,3,3,3,4,3,1,3,4,3,3,3,3,2,0,3,0,3,3,3,3,4,1,3,3,4,2,4,3,1,4,0,4,3,3,2,2,3,4,2,1,4,1,3,3,3,4,1,1,4,0,3,2,4,2,3,0,3,0,0,1,3,3,3,4,3,3,3,2,0,3,3,3,3,2,3,1,1,3,0,3,3,1,1,3,2,4,2,3,1,1,2,2,3,1,3,0,3,2,3,4,3,3,2,3,4,2,1,0,2,3,1,3,2,1,3,4,4,3,0,2,3,3,3,4,4,2,3,3,3,1,3,4,4,3,0,3,3,3,1,4,0,2,3,3,1,1,0,0,4,3,4,0,4,3,1,4,3,4,2,3,3,4,3,4,4,4,3,2,0,3,3,3,3,0,4,0,3,2,3,4,3,4,3,3,2,1,3,3,3,0,3,3,0,3,2,3,2,4,3,3,2,3,3,1,3,3,4,3,1,3,3,0,4,3,2,2,0,1,3,3,1,3,0,2,3,3,3,2,2,4,2,3,2,3,3,2,1,3,3,3,3,2,4,3,3,3,4,0,0,1,4,4,2,1,2,1,3,3,2,4,3,3,3,2,3,3,1,3,3,3,3,3,1,3,3,1,3,3,3,2,3,1,4,3,2,2,2,0,4,3,2,3,2,1,3,4,3,3,0,2,3,3,3,2,3,3,3,2,4,3,4,2,3,3,3,3,3,3,3,3,4,3,3,3,1,4,3,1,4,4,4,3,3,4,1,3,3,2,1,3,4,1,1,4,3]",ok,
133,kmeans,5,1.0,0.42748573683993574,0,,[],,,,,,,,,,,,,baseline_no_features,
134,kmeans,5,0.95,0.42748573683993574,0,,[],,,,,,,,,,,,,baseline_no_features,
135,kmeans,5,0.9,0.42748573683993574,0,,[],,,,,,,,,,,,,baseline_no_features,
136,kmeans,5,0.85,0.42748573683993574,0,,[],,,,,,,,,,,,,baseline_no_features,
137,kmeans,5,0.8,0.42748573683993574,0,,[],,,,,,,,,,,,,baseline_no_features,
138,kmeans,5,0.75,0.42748573683993574,0,,[],,,,,,,,,,,,,baseline_no_features,
139,kmeans,5,0.7,0.42748573683993574,0,,[],,,,,,,,,,,,,baseline_no_features,
140,kmeans,5,0.65,0.42748573683993574,0,,[],,,,,,,,,,,,,baseline_no_features,
141,kmeans,5,0.6,0.42748573683993574,0,,[],,,,,,,,,,,,,baseline_no_features,
142,kmeans,5,0.55,0.42748573683993574,0,,[],,,,,,,,,,,,,baseline_no_features,
143,kmeans,5,0.5,0.42748573683993574,0,,[],,,,,,,,,,,,,baseline_no_features,
144,kmeans,5,0.45,0.42748573683993574,0,,[],,,,,,,,,,,,,baseline_no_features,
145,kmeans,5,0.4,0.5024382830640428,1,fused_4_veryhigh,"[73, 323, 638, 680, 85]",0.2,0.2,2.0,"{""fused_1"":0.7790242367870511,""fused_2"":0.1864109436916994,""fused_3"":0.41070570502368386,""fused_4"":0.38953566937245326,""fused_5"":0.2846172020855488}","{""fused_4_veryhigh"":0.521667240263209}","{""fused_1"":0.08465366743530842,""fused_2"":0.3537735358181791,""fused_3"":0.16057059314823263,""fused_4"":0.1692970987002495,""fused_5"":0.2317051048980303}","{""fused_4_veryhigh"":1.0}","{""fused_1"":0.4232683371765421,""fused_2"":1.7688676790908955,""fused_3"":0.8028529657411632,""fused_4"":0.8464854935012476,""fused_5"":1.1585255244901516}","{""fused_4_veryhigh"":1.0}",0.20445291064236146,0.0500277932184547,"[3,3,3,4,2,2,3,1,3,3,2,2,1,3,3,3,3,3,4,0,3,3,4,4,3,3,3,2,3,2,3,2,3,3,0,3,3,2,3,3,3,2,3,3,3,3,3,0,2,1,2,1,2,2,3,3,3,3,3,2,3,4,4,3,2,3,2,2,3,3,3,3,3,2,4,3,3,2,2,3,3,3,2,3,3,0,4,3,2,4,3,2,4,3,3,2,1,3,2,3,2,1,2,2,3,1,2,3,2,0,3,2,3,3,3,3,2,3,2,3,3,2,2,2,3,3,3,1,3,3,3,3,3,3,3,2,3,3,3,4,3,3,1,4,3,3,3,2,3,3,2,2,3,4,3,3,2,0,2,2,3,1,2,2,2,4,2,2,2,3,2,3,4,2,2,0,2,2,1,2,3,4,3,0,1,2,3,2,3,2,4,3,3,3,2,3,0,4,2,2,3,2,3,3,1,2,2,1,2,0,3,3,3,4,3,2,2,2,3,3,2,3,3,3,4,2,4,3,2,3,4,2,3,2,2,3,3,2,2,2,2,2,4,3,2,3,3,2,2,1,1,3,3,0,4,3,2,3,3,4,2,2,4,3,2,3,3,3,3,2,2,3,3,2,1,4,3,3,3,2,2,3,2,3,2,4,3,2,3,1,3,3,3,3,3,3,2,2,3,4,2,2,2,0,2,3,2,3,3,2,1,0,3,3,3,2,2,3,2,3,3,3,1,3,3,4,2,3,2,3,2,1,2,3,3,2,2,3,2,2,3,2,3,3,2,2,3,3,2,2,3,3,2,2,2,3,2,2,3,2,2,3,3,3,2,3,3,2,2,3,3,3,3,3,2,3,3,3,2,3,3,2,3,3,3,0,2,2,2,2,3,3,1,3,3,3,2,2,2,2,3,3,3,2,2,2,3,1,3,2,2,2,2,3,4,1,3,3,2,2,2,1,3,3,2,4,2,3,2,3,2,2,1,1,3,3,0,2,3,3,3,3,1,3,1,3,3,2,2,2,1,3,1,2,3,1,2,2,2,2,2,3,3,2,4,3,2,3,3,3,3,3,2,4,2,1,2,3,2,4,4,3,3,3,2,3,1,1,0,2,3,3,3,0,0,3,2,1,2,1,3,2,3,2,3,3,3,2,3,2,3,2,3,3,3,3,2,2,3,2,4,3,3,2,2,2,2,2,2,2,2,0,3,3,2,3,2,3,2,2,3,3,1,2,3,1,2,2,0,3,3,1,3,0,3,0,1,0,3,3,3,2,3,2,2,2,0,3,3,3,2,2,1,3,3,1,3,2,3,3,3,1,3,1,2,3,3,3,2,3,3,3,3,3,3,0,3,2,3,3,4,3,3,3,2,3,3,3,2,4,0,3,3,1,3,2,3,1,2,2,3,3,2,2,4,3,3,2,2,1,3,3,3,2,3,2,2,3,4,1,3,3,3,2,3,3,0,3,3,3,3,3,2,3,3,2,3,0,2,2,1,2,0,3,2,2,3,3,4,4,1,3,3,4,3,2,2,1,3,1,3,2,1,3,4,3,2,2,3,3,3,2,3,3,2,0,1,4,3,2,3,2,2,1,3,0,2,3,3,1,3,3,2,3,3,3,1,4,2,2,3,3,4,3,3,1,2,3,2,1,3,2,3,1,1,2,3,3,3,1,0,2,3,3,3,0,1,3,1,1,2,2,2,1,3,3,1,2,3,1,3,1,3,1,3,3,2,2,2,2,2,2,3,4,2,2,2,3,3,1,2,3,2,3,3,0,2,3,1,2,3,1,3,3,2,3,3,3,4,2,2,1,3,2,2,3,3,3,2,3,2,4,1,3,3,1,2,3,1,3,3,0,3,3,3,3,2,1,2,1,2,2,4,3,1,3,3,0,2,0,3,1,3,3,3,2,3,2,3,3,2,1,3,2,2,3,1,3,1,2,3,4,3,2,3,1,2,2,2,3,3,3,2,3,3,2,3,1,4,2,3,1,2,3,2,1,2,2,3,3,2,3,3,1,3,2,1,3,3,1,1,2,1,3,2,1,2,2,3,3,2,2,2,3,3,2,2,1,2,3,3,4,1,3,3,1,4,2,2,3,3,2,2,1,3,1,2,2,1,3,3,2,3,2,3,3,2,2,2,3,2,3,1,2,2,3,2,2,3,2,3,3,2,2,3,3,1,1,3,2,1,2,3,2,2,1,1,1,3,1,1,1,0,3,2,2,2,2,2,1,2,3,2,3,3,2,2,3,1,3,2,1,2,2,2,2,1,2,3,3,3,2,3,2,1,1,3,1,1,1,3,2,3,3,3,2,2,4,2,2,1,1,2,2,3,0,2,2,2,2,1,2,1,1,2,2,1,3,3,1,1,1,1,1,2,3,1,2,1,2,0,2,1,2,2,2,1,2,3,3,0,2,2,1,3,2,2,1,1,2,1,0,2,0,2,2,1,2,1,3,2,1,2,1,1,3,1,1,1,2,1,1,3,4,3,3,3,3,2,3,2,1,2,3,1,3,1,2,2,3,3,3,2,3,2,3,1,0,3,1,1,4,3,2,3,3,1,2,3,3,2,2,2,3,1,2,2,1,3,3,3,2,2,1,1,1,2,1,1,2,2,1,3,2,2,2,2,2,4,3,3,2,2,1,1,2,2,1,1,0,2,3,2,1,2,2,2,1,2,4,2,2,0,3,2,4,1,1,2,1,3,1,1,0,3,3,3,3,2,3,3,1,4,2,2,3,1,1,2,2,4,3,1,1,3,3,2,2,2,1,2,0,2,1,2,2,1,2,1,1,3,1,2,1,3,2,1,1,1,1,2,2,3,2,2,1,2,0,1,3,1,1,2,2,3,2,1,2,3,3,2,1,1,1,1,2,1,2,2,2,2,1,1,2,2,3,3,3,2,1,2,3,1,4,2,2,3,2,2,2,3,3,4,2,0,1,2,2,3,2,2,3,2,2,3,1,2,2,1,3,3,3,3,3,2,0,2,3,3,2,3,3,2,1,2,2,2,0,1,2,2,3,3,4,2,3,3,2,4,3,1,2,1,3,4,3,3,3,3,3,1,3,1,3,1,3,2,3,3,0,3,2,3,2,3,1,1,1,1,1,3,3,3,3,1,2,1,2,2,4,2,3,3,1,2,3,1,1,3,3,4,1,2,3,4,2,3,1,3,2,3,3,4,1,1,2,2,2,2,2,4,0,2,2,2,2,2,3,2,2,2,3,3,2,1,4,0,3,3,3,2,2,3,0,4,2,0,2,2,2,2,3,3,2,2,3,2,1,2,1,3,1,3,3,3,2,3,4,2,4,2,4,2,2,1,1,2,2,1,3,1,3,1,1,0,1,2,2,3,2,3,1,3,1,1,1,2,3,2,1,1,1,1,3,2,3,1,3,3,4,3,0,0,1,3,3,3,2,2,3,3,3,0,2,2,3,3,3,2,1,1,2,4,2,2,1,1,2,3,1,3,2,1,1,3,2,2,1,2,4,2,3,2,1,2,3,2,3,1,3,1,4,3,2,1,2,3,1,3,1,1,3,3,3,3,3,3,1,1,3,2,2,2,1,2,1,1,2,0,0,3,2,1,1,0,2,2,2,1,1,0,0,1,3,1,3,1,3,1,2,2,1,3,2,0,1,2,2,1,1,2,3,0,2,2,3,2,3,1,2,2,3,3,2,2,1,2,2,3,1,2,2,1,3,2,3,3,2,3,3,2,2,2,3,3,2,2,1,2,2,1,2,1,2,3,0,1,3,2,3,4,1,2,2,1,3,3,3,2,2,3,3,2,1,3,2,3,4,2,3,1,2,2,2,2,3,1,2,2,2,1,3,0,1,1,2,3,1,3,1,2,2,3,1,3,0,3,3,2,2,1,2,2,2,3,2,1,2,2,1,2,2,2,3,2,1,2,3,3,3,2,0,1,2,3,2,3,1,2,1,3,2,0,2,2,3,2,3,3,2,2,3,1,2,1,3,2,3,2,3,2,2,3,2,1,2,3,3,1,1,2,1,1,1,1,2,2,1,1,2,2,3,1,2,1,1,1,2,2]",ok,
146,kmeans,5,0.35,0.5322101767373427,3,"fused_4_veryhigh, fused_4_high, fused_2_medium","[757, 663, 166, 180, 33]",0.5,0.5,2.0,"{""fused_1"":0.5864499406889204,""fused_2"":0.2379820025230216,""fused_3"":0.566173101733225,""fused_4"":0.32367487669497264,""fused_5"":0.4157656020626817}","{""fused_4_veryhigh"":0.30583631260862343,""fused_4_high"":0.3055180481974772,""fused_2_medium"":0.6314939134710241}","{""fused_1"":0.12949250623031433,""fused_2"":0.31910342712189443,""fused_3"":0.13413013151975928,""fused_4"":0.23462084352624404,""fused_5"":0.18265309160178794}","{""fused_4_veryhigh"":0.402358180367032,""fused_4_high"":0.40277732512820047,""fused_2_medium"":0.19486449450476745}","{""fused_1"":0.6474625311515716,""fused_2"":1.5955171356094722,""fused_3"":0.6706506575987964,""fused_4"":1.1731042176312203,""fused_5"":0.9132654580089397}","{""fused_4_veryhigh"":1.2070745411010961,""fused_4_high"":1.2083319753846014,""fused_2_medium"":0.5845934835143023}",0.11854259947294461,0.0027793218454697055,"[0,0,0,1,1,1,0,3,0,0,3,4,3,0,0,0,0,0,0,0,0,0,0,1,0,0,0,1,0,1,0,1,0,0,0,0,0,1,0,0,0,1,0,0,0,0,0,1,1,3,1,2,1,1,0,0,0,0,0,1,0,0,0,0,1,0,1,1,0,0,0,0,0,1,0,0,0,1,1,0,0,0,1,0,0,1,1,0,1,0,0,1,1,0,0,1,3,0,1,0,1,3,1,1,0,3,1,0,1,0,0,1,0,0,0,0,1,0,1,0,0,1,1,1,0,0,0,2,0,0,0,0,0,0,0,1,0,0,0,1,0,0,2,1,0,0,0,1,0,0,1,1,0,0,0,0,1,0,1,1,0,2,1,1,1,1,1,1,1,0,1,0,1,1,1,1,1,3,3,1,0,0,0,1,3,1,0,4,0,1,1,0,0,0,1,0,0,1,1,1,0,1,0,0,3,1,1,2,1,0,0,0,0,1,0,1,1,1,0,0,1,0,0,0,1,1,1,0,1,0,1,1,0,1,1,0,0,1,1,1,1,1,0,0,1,0,0,1,1,3,3,0,0,0,1,0,1,0,0,1,1,1,0,0,1,0,0,0,0,1,1,0,0,1,2,0,0,0,0,1,1,0,1,0,1,0,0,1,0,2,0,0,0,0,0,0,1,1,0,0,1,1,1,0,1,0,1,0,0,1,3,0,0,0,0,1,1,0,1,0,0,0,3,0,0,0,1,0,1,0,1,2,1,0,0,1,1,0,1,1,0,1,0,0,1,1,0,0,1,1,0,0,1,1,1,0,1,1,0,4,1,0,0,0,1,0,0,1,1,0,0,0,0,0,1,0,0,0,1,0,0,1,0,0,0,0,1,1,1,1,0,0,3,0,0,0,1,1,1,1,0,0,0,1,1,1,0,2,0,1,1,1,1,0,1,3,0,0,1,1,1,3,0,0,1,1,1,0,1,0,1,1,3,3,0,0,1,1,0,0,0,0,3,0,2,0,0,1,1,1,2,0,2,1,0,3,1,1,1,1,1,0,0,1,0,0,1,0,0,0,0,0,1,1,1,2,1,0,1,0,0,0,0,0,1,0,3,3,0,1,0,0,0,1,0,0,1,3,1,2,0,1,0,1,0,0,0,1,0,1,0,1,0,0,0,0,1,1,0,1,1,0,0,1,1,1,1,1,1,1,1,1,0,0,1,0,1,0,1,1,0,0,3,1,0,3,1,1,0,0,0,3,0,0,0,1,3,0,0,0,0,1,0,1,1,1,0,0,0,0,1,1,2,0,0,3,0,1,0,0,0,3,0,2,1,0,0,0,1,0,0,0,0,0,0,1,0,1,0,0,1,0,0,0,1,0,0,0,1,0,0,0,0,3,0,1,0,2,1,1,0,0,1,1,1,0,0,1,1,2,0,0,0,1,0,1,1,0,1,3,0,0,0,1,0,0,0,0,0,0,0,0,1,0,0,1,0,1,1,1,3,1,1,0,1,1,0,0,0,1,2,0,0,1,0,3,1,3,0,3,0,1,3,0,1,0,1,1,0,0,0,1,0,0,1,0,3,1,0,1,0,1,1,2,0,0,1,0,0,3,0,0,1,0,0,0,2,1,1,4,0,0,1,0,0,2,1,0,1,3,0,1,0,3,3,1,0,0,0,2,1,1,0,0,0,1,2,0,2,2,3,1,1,2,0,0,2,1,0,3,0,2,0,2,0,0,1,1,4,1,1,1,0,1,1,1,1,0,0,2,1,0,4,0,0,1,1,0,3,1,0,2,0,0,1,0,0,0,0,1,1,3,0,1,1,0,0,0,1,0,4,0,3,0,0,2,1,0,3,0,0,1,0,0,0,0,1,3,1,2,1,1,0,0,2,0,0,0,1,0,0,3,0,0,0,4,0,1,0,0,1,2,0,1,1,0,3,0,3,1,0,0,0,1,0,2,1,1,1,0,0,0,1,0,0,1,0,3,0,1,0,2,1,0,1,2,1,3,0,0,3,0,0,3,0,1,2,0,0,2,3,1,2,0,1,3,1,1,0,0,4,1,1,0,0,1,1,3,1,0,0,1,3,0,0,2,0,3,1,0,0,1,1,3,0,3,1,1,3,0,0,1,0,1,0,0,1,1,1,0,1,0,3,3,3,0,1,1,0,1,0,0,1,1,0,0,3,3,0,1,3,1,0,1,1,2,2,2,0,2,3,2,1,0,1,1,1,1,3,2,1,0,1,0,0,4,1,0,3,0,4,2,1,3,1,3,3,1,0,0,0,1,0,1,3,2,0,3,2,2,0,1,0,0,0,1,1,0,1,1,2,2,1,1,0,1,1,1,1,1,2,4,2,2,1,1,3,0,0,3,2,2,3,3,1,0,2,1,2,1,1,1,2,1,1,1,3,1,0,0,0,1,3,2,0,1,1,2,2,1,3,4,1,0,4,1,3,1,2,0,1,3,1,2,2,0,3,2,2,1,2,2,0,1,0,0,0,0,1,0,1,2,1,0,3,0,3,1,1,0,0,0,1,0,1,0,3,1,0,2,3,1,0,1,0,0,2,1,0,0,1,4,1,0,2,4,3,3,0,0,0,1,1,2,2,2,1,2,3,1,1,2,0,1,1,1,1,1,1,0,0,1,4,2,2,1,1,2,3,0,1,0,1,3,1,1,1,2,1,4,1,1,1,0,1,1,2,3,1,3,0,2,2,1,0,0,0,0,1,0,0,2,1,4,1,0,2,2,1,1,0,0,3,3,0,0,1,1,3,2,1,0,1,2,1,1,2,1,3,3,0,2,1,2,0,4,3,2,2,2,1,1,0,1,1,2,1,0,2,0,2,2,1,1,0,1,2,1,0,0,1,3,3,3,2,1,2,1,1,1,1,3,3,1,1,0,0,0,1,2,1,0,2,1,1,1,0,1,1,1,0,0,0,1,0,2,1,1,0,1,1,0,1,1,0,3,1,4,3,0,0,0,0,0,1,1,1,0,0,1,0,0,1,3,1,4,3,1,2,1,1,0,0,1,1,0,0,1,0,0,3,1,3,0,1,0,0,0,0,0,2,0,3,0,2,0,1,0,0,1,0,1,0,1,0,3,2,2,3,3,0,0,0,0,2,4,3,1,1,1,1,0,0,2,1,0,2,2,0,0,1,3,1,0,0,1,0,3,0,1,0,0,0,2,3,1,4,1,1,1,1,0,1,1,1,1,1,0,4,1,1,0,0,1,2,0,1,0,0,0,1,1,0,0,0,4,0,1,1,1,1,0,0,1,4,0,1,3,1,2,0,3,0,0,0,1,0,0,1,0,1,0,1,1,3,2,1,1,3,0,3,0,2,3,0,3,1,1,0,1,0,3,0,2,3,2,1,0,1,3,2,2,3,0,1,0,3,0,0,1,0,1,1,2,0,0,0,4,1,0,0,0,0,1,1,0,0,0,1,2,2,1,0,1,1,2,2,1,0,3,0,1,2,2,0,1,1,2,1,1,1,0,4,3,1,0,1,0,3,0,2,0,0,1,2,1,0,2,0,2,3,0,0,0,0,0,0,3,3,0,1,1,1,2,1,3,3,1,0,0,0,1,2,3,0,1,1,1,2,2,1,1,3,0,3,0,3,0,2,3,1,3,0,1,1,3,1,3,3,3,1,0,1,1,1,0,1,0,3,1,1,0,0,3,1,3,1,1,0,2,1,1,2,0,1,0,0,1,0,0,1,3,1,0,0,1,1,2,1,1,3,1,2,1,0,1,3,0,1,0,1,2,1,1,2,0,0,0,1,1,0,0,1,3,0,1,0,0,1,0,2,1,1,1,1,0,3,1,1,1,3,0,0,2,3,3,0,2,0,2,1,1,0,3,0,1,0,0,1,1,2,1,1,1,0,1,2,1,1,2,1,1,4,0,1,2,3,0,0,0,1,1,3,1,0,1,0,2,4,3,0,1,0,1,1,0,1,0,0,1,1,0,3,1,3,0,1,0,1,0,1,1,0,1,3,4,0,0,2,3,1,2,3,3,3,1,1,3,2,1,1,0,2,4,3,2,2,3,1]",ok,
147,kmeans,5,0.3,0.3713910845094574,6,"fused_4_veryhigh, fused_4_high, fused_2_medium, fused_5_low, fused_3_medium, fused_1_medium","[401, 360, 457, 225, 356]",0.8,0.5,2.0,"{""fused_1"":0.5981058224710691,""fused_2"":0.43626897376146717,""fused_3"":0.5659070280965276,""fused_4"":0.44011535050156947,""fused_5"":0.4921600174058036}","{""fused_4_veryhigh"":0.5254748407875929,""fused_4_high"":0.5089869509829568,""fused_2_medium"":0.5286141851740321,""fused_5_low"":0.7060638576917483,""fused_3_medium"":0.6514254404311804,""fused_1_medium"":0.7020582801686415}","{""fused_1"":0.16660845381159253,""fused_2"":0.2284129568931933,""fused_3"":0.17608808753055158,""fused_4"":0.2264167477549964,""fused_5"":0.20247375400966613}","{""fused_4_veryhigh"":0.18776460423260102,""fused_4_high"":0.19384696468962165,""fused_2_medium"":0.18664950408432265,""fused_5_low"":0.13974030031395063,""fused_3_medium"":0.1514610412656963,""fused_1_medium"":0.14053758541380773}","{""fused_1"":0.8330422690579626,""fused_2"":1.1420647844659664,""fused_3"":0.8804404376527579,""fused_4"":1.132083738774982,""fused_5"":1.0123687700483306}","{""fused_4_veryhigh"":1.1265876253956062,""fused_4_high"":1.1630817881377298,""fused_2_medium"":1.1198970245059359,""fused_5_low"":0.8384418018837038,""fused_3_medium"":0.9087662475941778,""fused_1_medium"":0.8432255124828464}",0.15278008181398844,0.023346303501945526,"[4,4,4,2,2,2,4,1,4,4,1,2,1,0,0,4,4,0,4,4,0,0,4,2,0,4,4,2,4,3,4,2,4,0,4,4,0,2,0,0,0,2,4,4,0,4,4,3,2,1,3,1,2,2,4,4,0,0,0,2,0,4,4,0,2,0,2,2,4,4,0,0,4,2,4,4,0,2,2,4,4,0,2,0,4,3,2,4,2,4,0,2,2,0,4,2,1,0,3,0,2,1,2,2,4,1,3,0,2,4,4,2,4,4,0,0,3,0,3,4,0,2,2,2,0,4,0,1,0,0,4,0,4,4,0,3,0,0,0,3,4,0,1,3,4,4,0,2,0,4,2,3,0,4,4,4,2,4,2,3,4,1,3,2,3,2,2,2,3,4,3,0,2,2,2,3,3,1,1,3,0,4,0,3,1,2,4,2,0,2,2,4,4,0,2,4,4,2,2,3,4,2,0,0,1,3,2,1,2,4,4,0,4,3,0,2,2,2,0,4,3,0,4,0,2,2,2,4,2,0,3,2,4,2,2,4,0,2,2,2,2,3,4,0,3,0,4,2,2,1,1,0,4,4,2,0,2,0,4,2,2,2,4,4,2,0,0,0,4,2,2,4,4,2,1,4,0,0,4,2,3,0,2,4,2,4,0,3,0,1,4,4,0,0,0,4,3,2,0,4,2,2,3,4,2,4,2,4,4,2,1,4,4,4,0,2,2,4,3,0,0,0,1,4,4,4,2,0,2,0,3,1,3,0,4,2,2,4,2,2,4,2,0,0,2,3,0,4,2,2,0,0,3,2,2,0,2,2,0,3,3,0,4,4,2,4,4,3,2,0,0,4,4,4,2,4,0,4,2,4,0,2,4,4,4,4,2,3,2,3,4,0,1,0,0,4,2,2,2,3,0,0,4,3,2,2,0,1,0,2,2,2,3,4,2,1,0,4,2,3,2,1,4,4,3,2,3,0,3,4,2,2,1,1,4,0,2,2,0,0,0,0,1,0,1,4,4,3,2,2,1,4,1,2,4,1,2,2,3,3,2,0,0,2,4,0,2,0,0,0,0,0,2,2,2,1,2,4,2,4,4,0,0,0,2,0,1,1,4,3,0,4,4,3,4,4,2,1,2,1,0,3,0,2,0,0,0,2,4,2,0,2,0,0,0,0,2,3,0,3,2,0,0,2,2,3,2,2,2,2,2,2,4,4,2,4,2,0,2,3,4,4,1,3,4,1,3,2,4,4,0,1,4,4,0,2,1,4,4,4,4,3,4,2,2,2,4,0,0,0,2,3,1,4,4,1,0,2,4,4,0,1,0,1,2,0,0,0,2,4,0,4,0,0,4,3,4,2,0,4,2,0,4,4,3,0,0,0,2,4,4,0,0,1,0,2,4,1,2,2,4,0,2,3,2,4,0,2,2,1,0,4,4,2,0,2,2,0,3,1,0,4,0,2,4,0,4,0,4,0,0,4,2,4,4,2,0,3,3,2,1,2,2,0,2,2,0,0,4,2,1,0,4,2,0,1,2,1,0,1,4,3,1,0,2,0,3,2,4,0,4,3,0,0,3,4,1,3,0,3,4,2,3,1,4,4,3,4,0,1,0,4,2,0,4,0,1,3,2,1,0,4,2,4,0,1,3,0,3,1,0,3,0,1,1,2,0,0,0,1,2,3,4,0,4,2,1,4,1,1,1,2,2,1,4,0,1,3,4,1,0,1,4,1,0,4,2,2,1,2,2,3,0,2,2,3,3,0,4,1,3,0,3,0,0,3,2,4,1,2,4,1,0,4,2,0,0,0,4,3,2,1,4,2,3,4,4,0,2,0,3,4,1,4,4,1,2,0,1,0,0,3,0,0,4,0,2,1,3,1,2,3,4,4,1,4,0,4,2,4,4,1,0,0,0,1,0,2,0,0,3,1,0,2,2,0,1,4,1,3,4,4,0,3,4,1,2,2,2,4,0,4,2,4,0,2,0,1,4,2,0,1,3,4,2,1,3,1,0,4,1,0,0,1,4,2,1,4,4,1,1,2,1,0,2,1,2,2,0,0,1,3,2,0,0,3,2,1,2,4,0,3,1,4,0,1,4,1,2,0,0,2,3,1,4,1,3,2,1,0,4,2,0,2,4,0,2,3,2,0,2,4,1,1,1,0,2,3,0,2,0,0,3,2,0,0,1,1,0,2,1,3,0,2,2,1,1,1,4,1,1,1,3,0,3,3,2,2,1,1,3,4,2,0,0,1,2,0,1,0,3,1,2,1,2,1,1,2,4,0,0,2,0,2,1,1,4,1,1,1,4,2,0,0,0,3,2,4,2,2,1,1,2,3,0,3,3,2,2,2,1,3,1,1,2,2,1,0,4,1,1,1,1,1,2,0,1,2,1,2,2,2,1,2,2,2,1,2,0,4,4,3,1,1,4,2,3,1,1,2,1,3,2,4,1,2,1,2,1,0,3,1,2,1,1,0,1,1,1,2,1,1,0,2,0,0,4,0,3,4,3,1,2,0,1,0,1,2,2,0,4,0,3,4,3,0,1,3,0,1,1,3,0,2,0,0,1,2,0,4,3,1,2,0,1,2,1,1,4,4,4,2,2,1,1,1,3,1,1,2,2,1,0,2,2,2,2,3,2,0,0,3,1,1,1,3,2,1,1,4,2,4,2,1,2,3,3,1,3,3,3,2,2,0,3,2,1,1,2,1,4,1,1,3,4,0,0,0,2,0,0,1,2,3,2,0,1,1,3,2,4,0,1,1,0,0,2,3,1,1,2,4,2,1,2,2,1,2,1,1,4,1,2,1,0,1,1,1,1,1,3,2,0,2,2,1,2,4,1,0,1,1,3,3,4,3,1,2,4,0,2,1,1,1,1,3,1,2,3,3,3,1,1,3,2,0,4,0,2,1,2,0,1,2,2,3,0,2,3,2,0,0,4,3,4,1,3,2,4,2,2,0,2,3,0,1,2,2,1,0,0,4,0,0,2,3,3,0,0,2,4,4,2,1,2,2,1,3,1,2,2,0,0,2,2,4,0,3,4,4,1,2,1,0,3,0,0,4,0,4,1,0,1,4,1,4,3,0,0,3,4,2,4,3,0,1,1,1,1,1,0,4,0,4,1,1,1,2,3,3,3,0,0,1,2,0,1,1,4,0,2,1,2,4,4,2,4,1,0,2,4,4,4,1,1,2,1,2,2,2,2,4,2,2,3,2,3,4,3,2,3,0,0,2,1,4,2,0,4,0,3,2,0,4,4,3,4,3,3,2,2,4,0,3,2,0,2,1,3,1,4,1,4,4,4,2,0,4,2,4,2,4,2,2,1,1,2,2,1,0,1,0,1,1,4,1,2,3,4,3,0,1,0,1,1,1,3,4,2,1,1,1,1,4,2,0,1,0,4,2,4,2,3,1,4,4,0,1,2,4,0,0,4,2,2,0,0,0,2,1,1,2,4,2,3,1,1,3,0,1,4,2,1,1,0,2,3,1,2,3,2,0,1,1,2,4,3,0,1,0,1,4,0,3,1,2,4,1,0,1,1,4,4,0,4,4,4,1,1,4,3,3,2,1,2,1,1,2,4,4,0,2,1,1,4,3,2,3,1,1,3,2,1,4,1,4,1,0,1,1,3,1,0,3,3,1,2,1,1,1,3,0,2,3,3,0,3,4,1,3,2,0,4,1,3,1,2,3,0,1,2,2,1,4,2,0,4,2,4,4,3,1,2,4,0,2,3,1,2,2,1,3,1,2,0,3,1,0,3,0,3,1,2,2,1,4,4,0,2,2,4,0,3,1,0,3,0,4,2,0,1,2,2,2,3,0,1,2,2,3,1,4,4,1,1,1,0,1,0,1,2,2,0,1,0,3,4,0,2,2,1,2,2,2,0,2,1,2,2,1,3,2,3,0,2,1,1,0,0,0,3,2,1,3,0,3,0,1,2,1,0,2,4,3,3,4,2,0,4,2,2,0,1,2,1,0,2,4,2,0,2,2,0,2,1,2,4,0,1,1,2,1,1,1,1,3,3,1,1,3,2,0,1,1,1,1,1,1,2]",ok,
148,kmeans,5,0.25,0.32196370394706664,10,"fused_4_veryhigh, fused_4_high, fused_2_medium, fused_5_low, fused_3_medium, fused_1_medium, fused_1_high, fused_3_low, fused_2_high, fused_5_verylow","[454, 255, 345, 476, 269]",0.6,0.7,5.0,"{""fused_1"":0.6268971226459974,""fused_2"":0.27215537985756977,""fused_3"":0.19753306853375602,""fused_4"":0.5928941084853907,""fused_5"":0.4046685350998526}","{""fused_4_veryhigh"":0.4217472568878725,""fused_4_high"":0.45631589954103924,""fused_2_medium"":0.411052340083371,""fused_5_low"":0.5819180280575738,""fused_3_medium"":0.4930247658000151,""fused_1_medium"":0.5963061283088609,""fused_1_high"":0.6534259283471551,""fused_3_low"":0.5475709166885989,""fused_2_high"":0.2893131458493065,""fused_5_verylow"":0.5907620642650042}","{""fused_1"":0.17555096795408465,""fused_2"":0.21627088958473878,""fused_3"":0.234310820587406,""fused_4"":0.17801558009375898,""fused_5"":0.19585174178001158}","{""fused_4_veryhigh"":0.10373957331735924,""fused_4_high"":0.10171643342649843,""fused_2_medium"":0.1044078716555184,""fused_5_low"":0.09571765958448883,""fused_3_medium"":0.09976778726495131,""fused_1_medium"":0.09513497444851261,""fused_1_high"":0.09298404460914818,""fused_3_low"":0.09718459535076805,""fused_2_high"":0.11398966626062076,""fused_5_verylow"":0.09535739408213424}","{""fused_1"":0.8777548397704232,""fused_2"":1.0813544479236938,""fused_3"":1.17155410293703,""fused_4"":0.8900779004687949,""fused_5"":0.979258708900058}","{""fused_4_veryhigh"":1.0373957331735923,""fused_4_high"":1.0171643342649843,""fused_2_medium"":1.044078716555184,""fused_5_low"":0.9571765958448883,""fused_3_medium"":0.997677872649513,""fused_1_medium"":0.9513497444851261,""fused_1_high"":0.9298404460914818,""fused_3_low"":0.9718459535076805,""fused_2_high"":1.1398966626062077,""fused_5_verylow"":0.9535739408213424}",0.1304546339676239,0.020011117287381877,"[4,0,4,4,1,3,0,2,4,3,2,3,2,0,0,4,3,0,4,4,0,0,4,4,0,4,3,3,3,1,4,3,4,0,4,3,0,3,0,0,0,1,3,3,0,4,4,4,3,2,1,2,3,1,3,0,0,0,0,3,0,4,4,0,3,0,3,1,4,4,0,0,0,3,4,4,0,3,3,4,3,0,3,0,0,4,4,4,3,4,0,3,4,0,3,3,2,0,1,0,3,2,3,3,0,2,1,0,3,4,3,3,3,3,0,0,1,0,1,0,0,3,3,3,0,0,0,2,0,0,4,0,0,3,0,1,0,0,0,4,3,0,2,4,4,4,0,3,0,3,1,1,0,4,4,4,3,4,3,1,4,2,1,3,1,4,3,3,1,0,3,0,4,3,3,4,1,2,2,1,0,4,0,4,2,3,3,3,0,3,4,4,4,0,1,3,4,4,3,1,0,3,0,0,2,1,3,2,1,4,3,0,0,4,0,3,3,3,0,4,1,0,4,0,4,3,4,3,1,0,4,1,3,1,3,3,0,1,1,3,3,1,4,0,4,0,0,4,3,2,2,0,3,4,4,0,3,0,0,4,3,1,4,0,3,0,0,0,3,1,3,4,4,1,2,4,0,0,4,1,1,0,3,4,1,4,0,1,0,2,0,3,0,0,0,0,4,3,0,4,1,1,1,4,3,3,3,3,3,3,2,4,3,0,0,3,3,4,1,0,0,0,2,0,3,4,3,0,3,0,1,2,1,0,3,3,3,4,3,3,3,1,0,0,1,1,0,3,1,1,0,0,1,1,3,0,3,3,0,1,1,0,4,0,3,3,3,1,1,0,0,3,4,3,3,3,0,3,3,4,0,3,4,0,3,4,1,1,3,1,4,0,2,0,0,4,1,3,3,1,0,0,3,1,3,1,0,2,0,3,3,3,1,3,4,2,0,4,3,4,3,2,3,4,1,4,1,0,1,0,3,3,2,2,4,0,4,1,0,0,0,0,2,0,2,3,3,4,3,3,2,0,2,3,3,2,3,1,4,1,3,0,0,3,4,0,3,0,0,0,0,0,3,4,3,2,1,4,1,4,4,0,0,0,3,0,2,2,4,4,0,3,4,4,4,3,3,2,3,2,0,1,0,3,0,0,0,3,3,1,0,3,0,0,0,0,3,4,0,1,4,0,0,3,3,4,1,3,1,3,3,4,3,4,1,4,3,0,1,1,4,3,2,1,0,2,1,3,4,4,0,2,3,4,0,4,2,4,3,4,0,1,3,3,3,1,4,0,0,0,3,4,2,4,3,2,0,3,3,4,0,2,0,2,3,0,0,0,3,3,0,4,0,0,0,4,4,1,0,3,4,0,0,4,1,0,0,0,3,4,4,0,0,2,0,3,4,2,3,3,3,0,3,1,4,4,0,3,3,2,0,3,4,3,0,1,3,0,4,2,0,3,0,3,3,0,4,0,0,0,0,4,3,3,3,3,0,4,1,1,2,1,4,0,1,3,0,0,4,4,2,0,3,4,0,2,3,2,0,2,4,1,2,0,4,0,1,3,0,0,0,1,0,0,1,4,2,4,0,1,3,3,1,2,4,4,1,0,0,2,0,3,1,0,3,0,2,4,2,3,0,4,4,0,0,2,1,0,1,2,0,1,0,2,2,3,0,0,0,2,4,1,3,0,0,4,2,3,2,2,3,3,2,2,3,0,2,4,3,2,0,2,3,2,0,3,3,3,3,3,1,3,0,4,3,1,1,0,0,2,1,0,1,0,0,4,3,3,2,3,3,2,0,3,1,0,0,0,4,1,3,2,4,3,1,4,3,0,1,0,1,4,2,3,4,2,3,0,2,0,0,4,0,0,0,0,4,2,1,2,3,1,4,0,2,3,0,4,1,4,3,2,0,0,0,3,0,1,0,0,1,2,0,3,3,0,2,3,2,1,3,4,0,1,0,2,3,3,3,4,0,3,3,3,0,3,0,2,4,3,0,2,1,3,3,2,1,2,0,3,2,0,0,2,0,3,2,3,0,2,2,3,2,0,3,2,3,3,0,0,3,1,3,0,0,1,3,2,3,3,0,4,2,0,0,2,4,2,3,0,0,3,1,2,4,2,1,3,2,0,3,1,0,4,3,0,3,1,3,0,3,3,2,3,3,0,1,1,0,3,0,0,1,3,0,0,2,2,0,3,2,1,0,1,3,2,2,2,3,2,2,2,4,0,1,1,3,3,2,2,1,4,3,0,0,3,3,0,2,0,3,2,3,2,3,2,2,1,0,0,0,1,0,3,2,2,4,2,2,2,4,3,0,0,0,1,3,4,3,3,2,2,3,1,0,4,1,3,3,3,2,1,2,2,3,2,2,0,3,2,2,2,2,2,3,0,2,3,2,3,4,3,2,3,3,3,2,3,0,4,4,4,2,2,3,3,1,2,2,3,2,4,3,4,3,3,2,1,2,0,1,2,3,2,2,0,2,2,2,3,2,2,0,4,0,0,3,0,1,0,1,2,3,0,2,0,2,3,1,0,4,0,1,3,1,0,2,4,0,2,2,4,0,3,0,0,2,3,0,3,4,3,3,0,2,3,3,2,4,3,3,3,3,2,2,2,1,2,2,3,3,2,0,1,1,2,3,1,4,0,0,1,3,2,2,1,3,2,2,4,3,3,3,2,3,1,1,2,1,4,1,1,4,0,1,4,2,2,3,2,0,2,2,4,3,0,0,0,3,0,0,2,4,3,3,0,2,2,1,3,4,0,2,2,0,0,3,1,2,2,3,4,3,2,1,3,2,3,2,2,4,2,1,2,0,3,2,2,2,2,1,3,0,3,3,2,3,4,2,0,2,2,1,1,4,3,2,1,0,0,3,2,2,2,2,1,2,3,1,1,1,2,2,1,3,0,3,0,3,2,1,0,2,4,3,1,0,1,4,3,0,0,4,1,4,2,1,1,4,3,1,0,3,1,0,2,1,3,2,0,0,4,0,0,1,4,1,0,0,1,3,3,3,2,3,3,2,4,2,3,3,0,0,4,3,0,0,1,4,4,2,3,2,0,4,0,0,3,0,3,2,0,2,4,2,4,1,0,0,4,4,3,3,1,0,2,2,2,2,2,0,4,0,3,2,3,2,3,1,4,1,0,0,2,1,0,2,2,3,0,4,2,3,3,4,2,3,2,0,3,4,3,4,2,2,3,3,3,3,3,4,4,3,3,1,3,1,4,3,3,1,0,0,3,2,4,4,0,0,0,4,3,0,4,4,3,4,1,1,1,3,3,0,1,3,0,3,2,1,2,3,2,4,3,3,3,0,4,3,4,3,4,3,3,2,2,3,3,2,0,2,0,2,2,4,2,1,1,0,1,0,2,0,2,2,2,1,3,3,2,2,2,2,4,1,0,2,0,3,4,4,4,4,2,3,0,0,3,3,3,0,0,4,1,3,0,0,0,3,2,2,1,4,3,1,2,2,1,0,2,0,1,2,2,0,3,1,2,1,4,1,0,3,2,3,3,1,0,2,0,2,4,0,1,2,3,0,2,0,2,2,3,4,0,3,3,3,2,2,0,1,1,3,2,3,2,2,3,4,4,0,3,2,2,4,1,3,1,2,2,4,4,2,3,2,4,2,0,2,3,1,2,0,1,4,2,3,2,2,2,4,0,4,1,1,0,4,4,2,4,3,0,3,2,1,2,3,1,0,2,3,3,2,4,1,0,4,3,0,3,1,2,3,3,0,3,1,2,3,1,2,1,2,3,0,4,2,0,1,0,4,2,1,3,2,3,4,0,3,1,0,0,1,2,0,1,0,4,3,0,2,1,3,1,1,0,2,3,1,1,2,4,4,2,2,3,0,2,0,2,3,3,0,2,0,4,3,0,1,3,2,3,3,3,0,3,2,3,3,2,1,3,4,0,1,2,2,0,0,0,1,4,2,1,0,1,0,2,3,2,0,3,4,1,1,3,3,0,3,3,3,0,2,3,2,0,3,3,1,0,3,3,0,1,2,3,3,0,2,2,1,2,2,2,2,1,1,2,2,1,1,0,2,3,2,2,2,2,3]",ok,
149,kmeans,5,0.2,0.31958744021784985,9,"fused_4_high, fused_3_medium, fused_1_medium, fused_1_high, fused_3_low, fused_2_high, fused_5_verylow, fused_2_medium+fused_4_veryhigh, fused_4_veryhigh+fused_5_low","[515, 292, 344, 340, 308]",0.6,0.8,5.0,"{""fused_1"":0.6463505762151565,""fused_2"":0.33192167881503887,""fused_3"":0.40132736734073615,""fused_4"":0.6691038927594313,""fused_5"":0.3757128678164591}","{""fused_4_high"":0.40630484792918214,""fused_3_medium"":0.4773574724516725,""fused_1_medium"":0.5143696781674392,""fused_1_high"":0.6444613474082022,""fused_3_low"":0.49601769197140344,""fused_2_high"":0.22991635907896543,""fused_5_verylow"":0.3353067621535931,""fused_2_medium+fused_4_veryhigh"":0.3633265168218228,""fused_4_veryhigh+fused_5_low"":0.3397811509658602}","{""fused_1"":0.18367266097924273,""fused_2"":0.21697147850523835,""fused_3"":0.20691256236687572,""fused_4"":0.1820908670518718,""fused_5"":0.21035243109677149}","{""fused_4_high"":0.11084142628397203,""fused_3_medium"":0.10646434224460936,""fused_1_medium"":0.10449518202086454,""fused_1_high"":0.09876791545667545,""fused_3_low"":0.10544859919028647,""fused_2_high"":0.12779758242709352,""fused_5_verylow"":0.11629325559339251,""fused_2_medium+fused_4_veryhigh"":0.11398319670837685,""fused_4_veryhigh+fused_5_low"":0.11590850007472925}","{""fused_1"":0.9183633048962137,""fused_2"":1.0848573925261917,""fused_3"":1.0345628118343786,""fused_4"":0.910454335259359,""fused_5"":1.0517621554838574}","{""fused_4_high"":0.9975728365557484,""fused_3_medium"":0.9581790802014842,""fused_1_medium"":0.9404566381877808,""fused_1_high"":0.888911239110079,""fused_3_low"":0.9490373927125783,""fused_2_high"":1.1501782418438418,""fused_5_verylow"":1.0466393003405325,""fused_2_medium+fused_4_veryhigh"":1.0258487703753916,""fused_4_veryhigh+fused_5_low"":1.0431765006725633}",0.14137045588253364,0.018343524180100056,"[4,3,4,4,0,0,1,2,4,0,2,0,2,1,1,1,0,1,4,4,1,1,4,4,1,4,0,0,0,3,4,0,4,3,4,0,1,0,1,3,1,3,0,0,1,4,4,4,0,2,3,2,0,0,0,1,1,1,1,0,1,4,4,1,0,1,0,0,4,4,3,1,1,0,4,4,1,0,0,4,0,1,0,1,1,4,4,4,0,4,1,0,4,1,0,0,2,3,3,3,0,2,0,0,1,2,3,1,0,4,0,0,0,0,1,1,3,1,3,1,1,0,0,0,1,4,1,2,3,1,4,1,1,0,1,3,1,1,3,4,0,3,2,4,4,4,1,0,1,0,0,3,3,4,4,4,0,4,0,4,4,2,3,0,4,4,0,0,3,1,0,1,4,0,0,4,3,2,2,3,3,4,1,4,2,0,0,0,1,0,4,4,4,1,0,0,4,4,0,3,1,0,3,1,2,3,0,2,0,4,0,1,1,4,1,0,0,0,3,4,3,1,4,1,4,0,4,0,3,1,4,3,0,3,0,0,1,0,0,0,0,3,4,1,4,1,1,4,0,2,2,1,0,4,4,1,0,1,1,4,0,3,4,1,0,1,1,3,0,3,0,4,1,3,2,4,3,3,4,3,3,1,0,4,0,4,3,0,1,2,3,0,3,3,3,1,4,0,1,4,0,3,3,4,0,0,0,0,0,0,2,4,0,1,1,0,0,4,4,1,1,1,2,1,0,4,0,1,0,3,3,2,4,3,0,0,0,4,0,0,0,3,1,1,3,3,1,3,3,0,1,3,3,3,0,1,0,0,3,3,4,1,4,1,0,0,0,3,3,3,1,0,4,0,0,0,3,0,0,4,3,0,4,1,0,4,0,3,0,3,4,1,2,1,1,4,3,0,0,3,1,1,0,3,0,3,3,2,1,0,0,0,3,0,4,2,1,4,0,4,0,2,0,4,3,4,3,3,4,1,0,0,2,2,4,1,4,0,3,1,3,1,2,1,2,0,0,4,0,0,2,3,2,0,0,2,0,3,4,3,0,3,1,0,4,3,0,3,1,1,1,1,0,4,0,2,0,4,3,4,4,1,1,3,0,1,2,2,4,4,1,0,4,4,4,0,0,2,0,2,1,3,1,0,1,1,3,0,0,0,1,0,1,3,1,1,0,4,1,3,4,3,1,0,0,4,3,0,3,0,0,4,0,1,0,4,0,3,0,4,4,0,2,4,1,2,3,0,4,4,1,2,0,4,1,4,2,4,0,4,1,4,0,0,0,3,4,1,1,1,0,4,2,4,0,2,1,0,0,4,3,2,1,2,0,3,1,1,0,0,1,4,1,3,1,4,1,3,1,0,4,3,1,4,4,1,1,1,0,4,4,1,1,2,1,0,4,2,0,0,0,1,0,3,4,4,1,0,0,2,3,0,4,0,1,0,0,3,4,2,3,0,3,0,0,3,4,1,1,3,1,4,0,0,0,0,1,4,4,3,2,3,4,1,0,0,3,3,4,4,2,1,0,4,1,2,0,2,1,2,4,3,2,3,4,1,3,0,1,1,1,3,1,1,3,4,2,4,3,3,0,0,3,2,4,4,3,1,3,2,1,0,0,1,0,1,2,4,2,0,1,4,4,1,1,2,3,1,3,2,1,3,3,2,2,0,1,1,1,2,4,3,0,1,1,4,2,0,2,2,0,0,2,2,0,1,2,4,0,2,3,2,0,2,3,0,0,0,0,0,0,0,1,4,0,4,3,3,1,2,3,3,3,1,1,4,0,0,2,0,0,2,1,0,0,4,3,1,4,3,0,2,4,0,4,4,0,1,3,3,3,4,2,0,4,2,0,3,2,3,1,4,3,3,1,1,4,2,3,2,0,3,4,1,2,0,3,4,3,4,0,2,1,1,3,0,3,0,3,1,3,2,3,0,0,1,2,0,2,3,0,4,3,3,1,2,0,0,0,4,1,0,0,0,1,0,1,2,4,0,3,2,3,0,0,2,3,2,1,0,2,4,1,2,3,0,2,0,3,2,2,0,2,1,0,2,0,0,1,3,0,3,0,3,3,3,0,2,0,0,3,4,2,1,3,2,4,2,0,1,3,0,3,2,4,2,4,0,2,3,0,3,3,4,0,1,0,3,0,1,0,0,2,0,0,1,3,4,3,0,1,1,0,0,1,1,2,2,3,0,2,3,3,0,0,2,2,2,0,2,2,2,4,3,3,4,0,0,2,2,3,4,0,3,1,0,0,1,2,1,0,2,0,2,0,2,2,3,1,1,3,0,1,0,2,2,4,2,2,2,4,0,1,3,3,3,0,4,0,0,2,2,0,3,1,4,3,0,0,0,2,3,2,2,0,0,2,1,0,2,2,2,2,2,0,1,2,0,2,0,4,0,2,0,0,0,2,0,1,4,4,4,2,2,0,0,3,2,2,0,2,4,0,4,0,0,2,0,2,1,3,2,0,2,2,1,2,2,2,0,2,2,3,4,3,3,0,1,3,4,3,2,0,3,2,1,2,0,3,3,4,3,4,0,3,1,2,4,3,2,2,4,3,0,3,1,2,0,1,0,4,0,0,1,2,0,0,2,4,0,0,0,0,2,2,2,4,2,2,0,0,2,3,3,3,2,0,3,4,3,4,4,0,2,2,3,0,2,2,4,0,0,0,2,0,3,4,2,4,4,3,3,4,1,3,4,2,2,0,2,3,2,2,4,0,3,1,1,0,3,1,2,4,0,0,1,2,2,3,0,4,3,2,2,3,1,0,3,2,2,0,4,0,2,3,0,2,0,2,2,4,2,0,2,1,0,2,2,2,2,3,0,3,0,0,2,0,4,2,3,2,2,3,3,3,0,2,3,1,3,0,2,2,2,2,3,2,0,3,3,3,2,2,3,0,1,0,3,0,2,4,1,2,4,0,4,3,0,4,0,1,1,4,3,4,2,3,0,4,0,0,3,0,3,1,2,3,0,2,1,1,4,1,1,3,4,3,1,1,0,0,0,0,2,0,0,2,4,2,0,0,1,1,4,0,1,3,3,4,4,2,0,2,1,4,1,3,0,1,0,2,3,2,4,2,4,3,3,3,4,4,0,0,3,3,2,2,2,2,2,1,4,3,0,2,0,2,0,3,4,3,1,3,2,3,1,2,2,0,3,4,2,0,0,4,2,0,2,3,0,4,0,4,2,2,0,0,0,0,0,4,4,0,0,4,0,3,4,0,0,3,3,1,0,2,4,4,3,1,3,4,0,1,4,4,0,4,3,3,4,0,0,1,3,0,3,0,2,3,2,0,2,4,0,0,0,3,4,0,4,0,4,0,0,2,2,0,0,2,1,2,1,2,2,4,2,3,3,1,3,1,2,3,2,2,2,3,0,0,2,2,2,2,4,3,3,2,3,0,4,4,4,4,2,0,1,1,0,0,0,1,1,4,3,0,1,3,3,0,2,2,0,4,0,4,2,2,3,3,2,3,3,2,2,3,0,3,2,3,4,4,1,0,2,0,0,3,1,2,3,2,4,1,3,2,0,3,2,1,2,2,0,4,1,0,0,0,2,2,3,4,3,0,2,0,2,2,0,4,4,3,0,2,2,4,3,0,3,2,2,4,4,2,0,2,4,2,1,2,0,3,2,1,4,4,2,0,2,2,2,4,3,4,3,3,3,4,4,2,4,0,3,0,2,4,2,0,4,1,2,0,0,2,4,3,1,4,0,1,0,3,2,0,0,3,0,4,2,0,3,2,3,2,0,3,4,2,3,4,3,4,2,3,0,2,0,4,3,0,3,3,3,3,2,1,3,1,4,0,1,2,0,0,0,3,1,2,0,0,3,2,4,4,2,2,0,3,2,1,2,0,0,3,2,1,4,0,3,4,0,2,0,0,0,1,0,2,0,0,2,4,0,4,3,3,2,2,1,3,3,3,4,2,4,3,3,1,2,0,2,1,0,4,4,4,0,0,3,0,0,0,1,2,0,2,1,0,0,3,1,0,0,4,0,2,0,0,3,2,2,3,2,2,2,2,3,3,2,2,3,0,1,2,0,2,2,2,2,0]",ok,
150,kmeans,5,0.15,0.2829071495213985,16,"fused_1_high, fused_3_low, fused_2_medium+fused_4_veryhigh, fused_4_veryhigh+fused_5_low, fused_3_verylow, fused_2_veryhigh, fused_3_medium+fused_4_veryhigh, fused_2_medium+fused_5_verylow, fused_3_high, fused_1_veryhigh, fused_2_high+fused_4_high, fused_1_medium+fused_3_medium, fused_2_medium+fused_3_medium, fused_2_medium+fused_5_low, fused_1_low, fused_5_medium","[243, 351, 251, 606, 348]",0.7,0.1,2.0,"{""fused_1"":0.6366553036903866,""fused_2"":0.31675509569617294,""fused_3"":0.2665573129146116,""fused_4"":0.509917733415965,""fused_5"":0.5231988335742934}","{""fused_1_high"":0.8851204502284039,""fused_3_low"":0.7045464202751299,""fused_2_medium+fused_4_veryhigh"":0.7719108809380102,""fused_4_veryhigh+fused_5_low"":0.7980859834187883,""fused_3_verylow"":0.6670662343707802,""fused_2_veryhigh"":0.8039649639969159,""fused_3_medium+fused_4_veryhigh"":0.8289753217198523,""fused_2_medium+fused_5_verylow"":0.7531133866319001,""fused_3_high"":0.8199224412531207,""fused_1_veryhigh"":0.8408781817309721,""fused_2_high+fused_4_high"":0.8426041446482703,""fused_1_medium+fused_3_medium"":0.8614990579213531,""fused_2_medium+fused_3_medium"":0.793694412476719,""fused_2_medium+fused_5_low"":0.738708378167021,""fused_1_low"":0.8744904156513387,""fused_5_medium"":0.8276366278193603}","{""fused_1"":0.1271655877013139,""fused_2"":0.2555938229786296,""fused_3"":0.3037269732790308,""fused_4"":0.15877197546080027,""fused_5"":0.1547416405802254}","{""fused_1_high"":0.05621810534274539,""fused_3_low"":0.07062670858866492,""fused_2_medium+fused_4_veryhigh"":0.06446313420467861,""fused_4_veryhigh+fused_5_low"":0.06234891446006971,""fused_3_verylow"":0.07459498344852561,""fused_2_veryhigh"":0.061892989048400286,""fused_3_medium+fused_4_veryhigh"":0.060025664707030565,""fused_2_medium+fused_5_verylow"":0.06607211556084022,""fused_3_high"":0.060688416621343756,""fused_1_veryhigh"":0.05917598505116005,""fused_2_high+fused_4_high"":0.059054770888564714,""fused_1_medium+fused_3_medium"":0.0577595462867021,""fused_2_medium+fused_3_medium"":0.06269389569807286,""fused_2_medium+fused_5_low"":0.06736053926372014,""fused_1_low"":0.056901475215021674,""fused_5_medium"":0.06012275561445935}","{""fused_1"":0.6358279385065695,""fused_2"":1.277969114893148,""fused_3"":1.518634866395154,""fused_4"":0.7938598773040013,""fused_5"":0.7737082029011271}","{""fused_1_high"":0.8994896854839263,""fused_3_low"":1.1300273374186387,""fused_2_medium+fused_4_veryhigh"":1.0314101472748578,""fused_4_veryhigh+fused_5_low"":0.9975826313611154,""fused_3_verylow"":1.1935197351764097,""fused_2_veryhigh"":0.9902878247744046,""fused_3_medium+fused_4_veryhigh"":0.960410635312489,""fused_2_medium+fused_5_verylow"":1.0571538489734436,""fused_3_high"":0.9710146659415001,""fused_1_veryhigh"":0.9468157608185608,""fused_2_high+fused_4_high"":0.9448763342170354,""fused_1_medium+fused_3_medium"":0.9241527405872336,""fused_2_medium+fused_3_medium"":1.0031023311691658,""fused_2_medium+fused_5_low"":1.0777686282195222,""fused_1_low"":0.9104236034403468,""fused_5_medium"":0.9619640898313496}",0.15272653781718587,0.042801556420233464,"[4,1,4,4,3,1,4,1,4,3,3,3,3,0,0,3,1,0,4,4,0,0,4,4,0,4,1,1,3,2,4,1,4,2,4,3,0,3,0,2,0,3,1,3,0,4,4,4,1,1,3,3,1,3,3,4,0,0,0,3,0,4,4,0,3,0,1,3,4,4,2,0,4,3,4,4,0,1,1,4,1,0,3,0,4,4,4,4,3,4,0,1,3,0,1,3,1,2,3,2,3,1,1,1,4,3,2,0,1,4,1,3,1,1,0,0,3,0,2,4,0,1,3,1,0,4,0,3,2,0,4,0,4,3,0,2,0,0,2,4,1,2,3,4,4,4,0,3,0,1,3,2,2,4,4,4,1,4,1,4,4,3,2,1,4,4,3,1,2,4,4,0,4,3,1,4,2,3,3,2,2,4,0,4,1,1,1,1,0,3,4,4,4,3,3,3,4,4,1,2,4,1,2,3,3,2,3,3,3,4,3,0,4,4,0,3,1,1,2,4,0,4,4,4,4,3,4,4,2,0,4,1,3,3,1,1,0,3,3,3,1,2,4,0,4,0,4,4,3,3,1,0,1,4,4,0,3,0,4,4,3,3,4,4,3,0,0,2,3,3,1,4,4,1,3,4,2,2,4,1,3,0,3,4,3,4,2,3,0,3,4,3,2,2,2,4,4,3,0,4,3,3,2,4,3,1,3,1,3,1,3,4,3,4,0,3,1,4,0,0,0,4,3,4,3,4,3,4,3,2,2,3,0,2,3,1,3,4,1,1,1,2,0,0,3,2,0,4,3,1,0,2,3,3,1,0,1,3,2,1,4,0,4,4,3,3,1,2,1,2,0,3,4,1,3,1,2,3,3,4,2,1,4,4,3,4,3,2,1,2,4,0,1,0,0,4,3,1,1,4,0,0,1,4,1,1,2,3,0,3,3,3,2,1,4,1,0,4,3,4,3,3,1,4,3,4,2,2,4,4,1,3,3,3,4,0,4,3,2,0,2,1,1,0,3,3,3,4,3,3,3,3,3,1,1,3,1,2,4,2,3,2,0,1,4,2,1,2,0,0,0,0,3,4,1,3,3,4,3,4,4,0,0,2,1,0,1,3,4,4,0,3,4,4,4,3,3,1,3,3,0,2,0,1,0,0,1,1,3,1,0,1,0,2,0,2,3,4,0,3,4,2,0,3,1,4,3,1,4,3,3,4,3,4,3,4,3,2,1,0,4,3,3,4,4,1,2,1,4,4,0,3,1,4,3,4,1,3,3,4,4,0,1,3,1,2,4,0,0,0,3,4,3,4,3,1,0,3,1,4,2,3,0,3,3,2,4,0,1,1,0,4,0,2,4,4,4,3,0,3,4,2,4,4,3,0,0,0,1,4,4,0,0,1,0,3,4,3,3,3,3,0,3,2,4,4,4,1,1,3,2,1,4,1,0,3,3,2,4,1,2,3,2,1,3,2,4,2,4,2,0,4,1,1,1,1,0,4,0,2,1,3,4,0,1,3,2,2,4,4,3,0,1,4,0,3,3,1,3,3,4,4,1,2,4,0,2,3,4,0,4,2,0,0,2,4,3,4,2,2,3,1,2,3,4,4,2,3,2,1,4,3,1,0,3,0,3,4,1,4,0,4,4,4,0,3,2,0,3,3,0,2,2,1,1,3,0,0,0,3,4,2,3,0,4,4,3,1,3,3,3,3,1,3,3,0,3,4,3,3,2,3,1,3,2,1,1,1,3,3,1,3,0,4,1,0,2,2,4,3,2,2,1,0,0,4,1,1,3,3,3,3,0,3,3,4,2,0,4,2,1,3,4,3,0,4,1,4,3,2,1,4,1,1,3,3,1,2,1,2,0,4,2,2,4,0,4,3,2,3,1,4,4,4,3,1,2,4,3,4,3,1,0,0,2,3,2,3,2,0,2,3,2,1,3,0,1,3,1,2,3,4,2,2,4,3,3,3,3,4,0,3,1,1,0,3,0,3,4,1,1,3,2,1,1,3,2,1,0,3,3,3,0,3,4,3,3,1,1,3,3,1,3,0,1,1,1,1,0,2,3,2,1,2,2,0,1,3,3,1,2,4,3,4,2,3,4,3,3,0,2,3,2,3,4,3,4,3,3,2,1,1,2,4,3,2,1,2,1,0,3,3,3,3,3,0,3,4,2,3,0,0,3,1,0,0,3,1,2,3,1,2,2,3,3,3,3,3,3,3,1,3,4,2,2,3,1,1,3,3,3,4,3,1,0,1,1,0,1,0,3,3,1,1,1,1,3,2,4,0,2,3,0,3,1,3,4,3,3,3,4,1,0,2,2,2,3,4,1,3,3,3,3,3,0,4,2,3,1,3,3,1,3,3,3,1,3,0,1,3,3,3,1,1,3,3,3,3,3,1,4,1,3,1,1,1,3,1,0,4,3,4,1,3,1,4,2,3,3,1,1,4,1,4,1,1,1,3,3,0,3,1,1,3,3,0,3,3,3,1,3,3,2,4,2,2,1,0,2,1,3,3,1,2,3,4,1,1,1,2,1,2,3,3,2,0,3,4,2,3,3,4,2,3,2,0,3,4,0,3,4,3,3,0,3,3,3,3,4,1,3,1,3,3,3,3,3,3,3,1,3,3,2,3,1,1,1,2,4,2,4,0,4,3,3,2,3,3,3,4,3,3,1,3,1,2,0,3,0,4,2,3,4,0,2,4,3,1,1,1,4,3,3,4,3,2,0,0,3,2,0,3,4,3,3,0,3,3,2,3,4,2,1,3,2,0,1,2,3,3,3,4,1,3,2,1,3,1,1,3,4,3,3,3,0,3,3,3,3,3,2,1,2,3,1,3,3,4,3,2,3,3,1,2,1,3,3,3,4,2,1,3,1,3,3,3,3,1,1,2,2,1,1,2,1,0,3,2,1,3,4,0,3,3,1,4,1,3,4,1,0,0,4,2,4,3,2,3,4,1,1,2,1,3,0,1,1,4,3,0,0,4,0,0,1,4,2,0,4,3,1,1,1,1,3,3,3,4,3,1,1,0,0,4,1,4,2,2,4,4,3,1,3,0,4,0,2,3,0,1,3,2,1,4,3,4,2,2,2,4,4,3,3,2,2,3,3,3,1,1,0,4,2,3,3,4,3,1,2,4,3,0,2,3,2,1,3,3,3,2,4,3,3,3,4,1,1,1,2,3,4,1,4,3,1,3,3,3,1,1,4,4,3,1,4,1,4,4,3,3,2,2,0,3,3,4,4,2,4,2,4,3,0,4,4,3,4,1,3,3,1,3,3,3,1,2,1,3,2,3,3,3,4,1,3,1,2,4,1,4,3,4,3,3,1,3,3,1,3,0,1,0,3,3,4,1,1,2,4,2,0,3,2,3,3,3,3,1,1,3,3,3,3,4,2,2,3,2,1,4,4,4,4,3,3,4,0,1,3,1,2,0,4,3,3,0,2,2,1,3,3,3,4,1,0,3,3,2,2,3,4,1,3,3,2,3,2,3,3,3,3,0,4,3,1,3,2,0,3,2,3,4,0,3,3,3,4,3,0,3,3,3,4,0,3,1,3,3,1,4,1,2,1,3,1,3,3,1,4,3,2,3,3,3,4,2,1,2,3,3,4,4,1,1,1,4,3,0,3,3,3,3,0,1,4,3,1,3,3,3,4,2,4,2,2,2,4,4,3,4,3,2,1,3,0,1,4,0,0,3,1,1,3,4,3,0,4,1,4,1,2,3,1,1,2,1,3,3,3,3,3,2,3,1,2,4,3,2,0,2,4,3,3,1,3,3,4,2,3,3,4,2,2,3,0,3,0,4,1,0,3,3,1,3,2,0,1,3,3,2,3,4,4,3,3,3,2,3,0,3,3,3,2,1,0,4,3,2,3,1,3,1,3,3,0,1,3,1,1,3,0,1,4,2,3,3,3,0,2,2,4,4,3,0,2,2,0,3,1,3,3,3,4,0,4,3,1,2,3,3,1,0,3,1,3,0,1,1,1,0,3,1,1,3,3,3,3,2,3,1,3,3,1,3,3,2,2,3,3,2,3,0,3,3,1,3,3,1,3]",ok,
151,kmeans,5,0.1,0.2604713105313396,27,"fused_2_medium+fused_5_verylow, fused_2_high+fused_4_high, fused_1_medium+fused_3_medium, fused_1_low, fused_5_medium, fused_4_high+fused_5_verylow, fused_1_medium+fused_2_medium, fused_4_high+fused_5_low, fused_1_medium+fused_4_veryhigh, fused_3_low+fused_4_high, fused_3_high+fused_4_veryhigh, fused_2_high+fused_3_verylow, fused_2_medium+fused_4_high, fused_2_veryhigh+fused_5_veryhigh, fused_2_medium+fused_4_veryhigh+fused_5_low, fused_2_high+fused_3_low, fused_2_medium+fused_3_medium+fused_4_veryhigh, fused_5_high, fused_1_high+fused_4_high, fused_3_medium+fused_5_low, fused_3_verylow+fused_4_high, fused_4_medium, fused_1_high+fused_4_veryhigh, fused_1_veryhigh+fused_2_high+fused_5_low, fused_1_veryhigh+fused_4_high, fused_4_veryhigh+fused_5_verylow, fused_1_medium+fused_4_high","[314, 242, 297, 579, 367]",0.9,0.6,2.0,"{""fused_1"":0.6161972531108564,""fused_2"":0.26168240646481944,""fused_3"":0.548676858225796,""fused_4"":0.5691249023362537,""fused_5"":0.4285892166457917}","{""fused_2_medium+fused_5_verylow"":0.3635573518043187,""fused_2_high+fused_4_high"":0.5672524717981298,""fused_1_medium+fused_3_medium"":0.5792149590543145,""fused_1_low"":0.613449533196234,""fused_5_medium"":0.5379971400869487,""fused_4_high+fused_5_verylow"":0.494550615025099,""fused_1_medium+fused_2_medium"":0.5495438366907083,""fused_4_high+fused_5_low"":0.6007741789389692,""fused_1_medium+fused_4_veryhigh"":0.5360075990301423,""fused_3_low+fused_4_high"":0.5272965948429988,""fused_3_high+fused_4_veryhigh"":0.6034058658536854,""fused_2_high+fused_3_verylow"":0.38278479016862926,""fused_2_medium+fused_4_high"":0.4667621948969025,""fused_2_veryhigh+fused_5_veryhigh"":0.3757166218557515,""fused_2_medium+fused_4_veryhigh+fused_5_low"":0.37617225720966857,""fused_2_high+fused_3_low"":0.4513021416163255,""fused_2_medium+fused_3_medium+fused_4_veryhigh"":0.513424194862921,""fused_5_high"":0.6000961502211766,""fused_1_high+fused_4_high"":0.6189705519741971,""fused_3_medium+fused_5_low"":0.4035490075850045,""fused_3_verylow+fused_4_high"":0.41027191434321986,""fused_4_medium"":0.40486283168601556,""fused_1_high+fused_4_veryhigh"":0.5335630831972369,""fused_1_veryhigh+fused_2_high+fused_5_low"":0.5098976401523654,""fused_1_veryhigh+fused_4_high"":0.5686762959351048,""fused_4_veryhigh+fused_5_verylow"":0.43457206517939173,""fused_1_medium+fused_4_high"":0.59328876842335}","{""fused_1"":0.14289272948469361,""fused_2"":0.33647698592919484,""fused_3"":0.16047716625538044,""fused_4"":0.15471139469830933,""fused_5"":0.20544172363242177}","{""fused_2_medium+fused_5_verylow"":0.04988334032030023,""fused_2_high+fused_4_high"":0.03197069384028331,""fused_1_medium+fused_3_medium"":0.03131040526924882,""fused_1_low"":0.02956307589234185,""fused_5_medium"":0.03370920355277535,""fused_4_high+fused_5_verylow"":0.03667057436594544,""fused_1_medium+fused_2_medium"":0.03300092530417889,""fused_4_high+fused_5_low"":0.030186808524346173,""fused_1_medium+fused_4_veryhigh"":0.03383432462303972,""fused_3_low+fused_4_high"":0.03439327180066796,""fused_3_high+fused_4_veryhigh"":0.03005515214928231,""fused_2_high+fused_3_verylow"":0.04737767949978547,""fused_2_medium+fused_4_high"":0.03885373602291777,""fused_2_veryhigh+fused_5_veryhigh"":0.048268972015203186,""fused_2_medium+fused_4_veryhigh+fused_5_low"":0.04821050664534711,""fused_2_high+fused_3_low"":0.04018473087907437,""fused_2_medium+fused_3_medium+fused_4_veryhigh"":0.03532255645031284,""fused_5_high"":0.03022091559713854,""fused_1_high+fused_4_high"":0.029299382738256597,""fused_3_medium+fused_5_low"":0.044939907582802946,""fused_3_verylow+fused_4_high"":0.044203501317008086,""fused_4_medium"":0.04479407267512912,""fused_1_high+fused_4_veryhigh"":0.03398933636362168,""fused_1_veryhigh+fused_2_high+fused_5_low"":0.03556685436038259,""fused_1_veryhigh+fused_4_high"":0.031890647167174165,""fused_4_veryhigh+fused_5_verylow"":0.041731755349980026,""fused_1_medium+fused_4_high"":0.030567669693455455}","{""fused_1"":0.714463647423468,""fused_2"":1.6823849296459743,""fused_3"":0.8023858312769022,""fused_4"":0.7735569734915466,""fused_5"":1.027208618162109}","{""fused_2_medium+fused_5_verylow"":1.3468501886481061,""fused_2_high+fused_4_high"":0.8632087336876494,""fused_1_medium+fused_3_medium"":0.845380942269718,""fused_1_low"":0.7982030490932299,""fused_5_medium"":0.9101484959249345,""fused_4_high+fused_5_verylow"":0.9901055078805269,""fused_1_medium+fused_2_medium"":0.8910249832128301,""fused_4_high+fused_5_low"":0.8150438301573467,""fused_1_medium+fused_4_veryhigh"":0.9135267648220725,""fused_3_low+fused_4_high"":0.9286183386180349,""fused_3_high+fused_4_veryhigh"":0.8114891080306224,""fused_2_high+fused_3_verylow"":1.2791973464942077,""fused_2_medium+fused_4_high"":1.04905087261878,""fused_2_veryhigh+fused_5_veryhigh"":1.303262244410486,""fused_2_medium+fused_4_veryhigh+fused_5_low"":1.301683679424372,""fused_2_high+fused_3_low"":1.084987733735008,""fused_2_medium+fused_3_medium+fused_4_veryhigh"":0.9537090241584467,""fused_5_high"":0.8159647211227407,""fused_1_high+fused_4_high"":0.7910833339329281,""fused_3_medium+fused_5_low"":1.2133775047356796,""fused_3_verylow+fused_4_high"":1.1934945355592184,""fused_4_medium"":1.2094399622284862,""fused_1_high+fused_4_veryhigh"":0.9177120818177854,""fused_1_veryhigh+fused_2_high+fused_5_low"":0.9603050677303299,""fused_1_veryhigh+fused_4_high"":0.8610474735137025,""fused_4_veryhigh+fused_5_verylow"":1.1267573944494607,""fused_1_medium+fused_4_high"":0.8253270817232973}",0.1866338387935079,0.09727626459143969,"[3,3,3,3,3,1,2,4,3,3,4,3,4,2,2,3,1,2,3,3,2,2,3,3,2,3,1,1,3,0,3,1,3,0,3,3,2,3,2,0,2,0,1,3,2,3,3,3,1,4,0,4,1,3,3,3,2,2,2,3,2,3,3,2,3,2,1,3,3,3,0,2,2,3,3,3,2,1,1,3,1,2,3,2,2,3,3,3,3,3,2,1,3,2,1,3,4,0,0,0,3,4,1,1,2,4,0,2,1,3,1,3,1,1,2,2,0,2,0,2,2,1,3,1,2,3,2,4,0,2,3,2,2,3,2,0,2,2,0,3,1,0,4,3,3,3,2,3,2,1,3,0,0,3,3,3,1,3,1,3,3,4,0,1,3,3,3,1,0,3,3,2,3,3,1,2,0,4,4,0,0,3,2,3,4,1,1,1,2,3,3,3,3,3,3,3,3,3,1,0,3,1,0,3,4,0,3,4,3,3,3,2,2,3,2,3,1,1,0,3,2,3,3,3,3,3,3,3,0,2,3,0,3,0,1,1,2,3,3,3,1,0,3,2,2,2,2,3,3,4,4,2,1,3,3,2,3,2,2,3,3,0,3,2,3,2,2,0,3,0,1,3,3,0,4,3,0,0,3,0,0,2,3,3,3,3,0,3,2,4,3,3,0,0,0,2,3,3,2,3,3,3,0,3,3,1,3,1,3,1,4,3,3,2,2,3,1,3,2,2,2,3,4,2,3,3,3,3,3,0,0,4,2,0,3,1,3,3,1,1,1,0,2,2,0,0,2,3,0,1,2,0,0,3,1,2,1,3,0,0,2,2,3,2,3,3,1,0,0,0,2,3,3,1,3,1,0,3,3,3,0,1,3,3,3,3,3,0,1,0,3,2,4,2,2,3,0,1,1,3,2,2,1,3,1,0,0,4,2,3,3,3,0,1,3,4,2,3,3,2,3,4,1,3,0,3,0,0,2,2,1,3,4,4,3,2,3,3,0,2,0,2,4,2,4,3,3,3,3,3,4,3,4,1,1,4,1,0,3,0,3,0,2,1,3,0,1,0,2,2,2,2,3,3,1,4,3,3,0,3,3,2,2,0,1,2,4,4,3,3,2,3,3,3,3,3,3,4,3,4,2,0,2,1,2,2,0,1,3,1,2,1,2,0,2,3,3,3,2,0,3,0,2,3,1,3,0,1,3,3,3,3,3,2,3,3,3,0,1,2,3,3,4,3,2,4,0,1,3,3,2,4,1,3,3,3,4,3,3,3,2,2,1,3,1,0,3,2,2,2,3,2,4,3,3,4,2,3,1,3,0,4,2,4,3,0,2,2,1,1,2,3,2,0,2,3,3,3,2,3,3,0,2,3,3,2,2,2,1,3,3,2,2,4,2,3,3,4,3,3,3,2,3,0,3,3,2,1,1,4,0,1,3,1,2,3,3,0,3,4,0,3,0,1,3,0,3,2,2,0,2,3,1,1,1,1,2,3,2,0,4,0,3,2,1,3,0,0,3,3,4,2,1,3,2,4,3,4,3,4,3,3,4,0,3,2,0,3,3,2,2,0,2,2,0,3,4,3,0,0,3,1,0,4,3,3,0,3,0,4,3,3,1,2,3,2,4,3,4,4,2,3,3,2,2,4,0,2,0,4,2,0,0,4,4,3,2,2,2,4,3,0,3,2,3,3,4,1,4,4,4,3,4,4,3,2,4,3,3,4,0,4,1,4,0,1,1,1,4,3,1,3,2,3,1,2,0,0,2,4,0,0,0,2,2,3,1,1,4,3,3,4,2,3,3,3,0,2,3,0,1,4,3,3,2,3,1,2,0,0,0,3,4,1,3,4,1,0,4,0,2,3,0,0,2,2,3,4,0,4,1,3,3,2,4,1,0,3,0,3,3,4,2,2,0,4,0,3,0,2,0,4,0,1,3,2,4,3,4,0,3,3,0,0,3,4,3,3,3,3,2,3,1,1,2,3,2,4,3,1,0,4,0,1,1,4,0,4,2,3,4,3,2,4,3,3,4,1,3,4,4,1,4,2,1,4,1,1,2,0,3,0,1,0,0,2,1,4,3,1,0,3,4,3,0,4,3,4,3,2,0,3,0,4,3,4,2,3,4,0,1,0,0,3,3,3,1,0,1,2,3,3,4,4,4,2,0,3,0,3,2,2,3,1,2,2,4,4,0,3,4,0,0,3,3,4,4,4,3,4,4,4,3,0,0,3,1,1,4,4,0,3,3,0,2,1,1,2,4,2,4,4,1,4,1,4,4,0,2,2,0,3,2,3,4,4,3,4,4,4,3,1,2,0,0,0,3,3,1,3,4,4,3,0,2,2,0,3,1,3,4,0,4,4,3,1,4,2,1,4,4,4,4,4,3,3,4,3,4,1,3,1,4,1,1,1,4,1,2,3,3,2,4,4,1,3,0,4,4,1,4,3,1,3,1,1,4,3,4,2,0,4,1,4,4,2,4,4,4,1,4,4,0,3,0,0,1,2,0,3,0,4,1,0,4,3,4,1,0,0,3,0,3,3,0,2,4,3,0,4,4,3,0,3,0,2,4,3,2,3,3,4,3,2,4,4,4,4,3,1,3,1,3,4,4,4,3,4,4,1,3,4,0,0,0,4,1,0,3,0,3,2,4,4,4,0,3,4,4,3,3,3,1,4,1,0,2,4,2,3,0,0,3,2,0,3,4,4,1,4,3,4,4,3,3,0,2,2,3,0,2,4,3,4,3,2,4,4,0,3,3,0,4,4,0,2,1,0,4,4,3,3,1,4,0,1,4,1,4,4,3,4,3,4,2,4,4,4,4,4,0,1,0,3,1,4,3,3,4,0,4,4,0,0,3,3,4,0,2,0,1,4,4,4,4,0,4,1,0,0,0,4,4,0,1,2,3,0,1,4,3,2,4,3,1,3,0,3,2,1,2,2,3,0,3,4,0,3,3,1,1,0,1,0,2,4,0,4,4,2,2,3,2,2,0,3,0,2,3,3,1,1,1,4,3,4,4,3,4,1,1,2,2,3,1,2,0,0,3,3,4,1,4,2,3,2,0,3,2,1,4,0,4,3,4,3,0,0,0,3,3,3,3,0,0,4,4,4,4,4,2,2,0,3,4,4,4,1,0,3,0,2,0,4,0,3,4,4,3,0,3,4,3,3,3,4,1,4,0,3,3,1,3,4,4,3,3,3,1,1,3,3,3,1,2,1,3,3,4,3,0,0,2,3,4,3,3,0,2,0,3,3,2,3,3,2,3,0,0,3,1,3,3,0,1,0,1,4,0,4,3,4,3,1,3,1,0,3,1,3,3,3,3,3,4,4,3,1,4,2,4,2,4,4,3,4,0,0,2,0,2,4,0,4,4,4,0,1,1,4,4,4,4,3,0,0,4,0,1,3,3,3,3,4,3,2,2,4,3,1,3,2,3,0,3,2,0,0,1,4,4,3,3,1,2,4,4,0,0,4,3,3,4,4,0,2,0,4,0,3,3,2,4,4,1,3,0,2,4,0,4,3,2,0,4,3,3,4,2,4,4,3,3,2,3,1,3,4,4,3,1,0,1,4,1,4,4,1,3,3,0,3,4,4,3,0,1,0,4,4,3,3,4,1,4,3,4,2,4,4,0,4,2,3,3,4,1,4,4,4,2,0,3,0,0,0,3,3,4,2,3,0,1,4,2,4,3,2,2,4,1,1,4,3,0,2,3,1,2,1,0,4,1,1,0,1,3,4,3,0,4,0,4,1,0,3,4,0,2,0,3,4,0,1,4,3,3,0,3,0,3,0,0,4,2,0,2,3,1,2,4,3,1,3,0,2,4,3,3,0,4,3,3,4,4,4,0,4,2,4,3,3,0,4,2,3,3,0,3,1,4,1,3,3,2,1,4,1,1,4,2,1,3,0,0,4,4,2,0,0,3,3,4,2,0,0,2,4,4,4,3,3,3,2,3,3,1,0,3,3,1,2,4,1,4,2,1,1,3,2,3,1,3,3,4,3,3,0,4,4,0,4,4,4,4,0,0,4,4,0,3,2,4,4,4,4,4,4,3]",ok,
152,kmeans,7,1.0,0.42748573683993574,0,,[],,,,,,,,,,,,,baseline_no_features,
153,kmeans,7,0.95,0.42748573683993574,0,,[],,,,,,,,,,,,,baseline_no_features,
154,kmeans,7,0.9,0.42748573683993574,0,,[],,,,,,,,,,,,,baseline_no_features,
155,kmeans,7,0.85,0.42748573683993574,0,,[],,,,,,,,,,,,,baseline_no_features,
156,kmeans,7,0.8,0.42748573683993574,0,,[],,,,,,,,,,,,,baseline_no_features,
157,kmeans,7,0.75,0.42748573683993574,0,,[],,,,,,,,,,,,,baseline_no_features,
158,kmeans,7,0.7,0.42748573683993574,0,,[],,,,,,,,,,,,,baseline_no_features,
159,kmeans,7,0.65,0.42748573683993574,0,,[],,,,,,,,,,,,,baseline_no_features,
160,kmeans,7,0.6,0.42748573683993574,0,,[],,,,,,,,,,,,,baseline_no_features,
161,kmeans,7,0.55,0.42748573683993574,0,,[],,,,,,,,,,,,,baseline_no_features,
162,kmeans,7,0.5,0.42748573683993574,0,,[],,,,,,,,,,,,,baseline_no_features,
163,kmeans,7,0.45,0.42748573683993574,0,,[],,,,,,,,,,,,,baseline_no_features,
164,kmeans,7,0.4,0.4693052091343124,1,fused_4_veryhigh,"[118, 341, 558, 670, 112]",0.5,0.3,2.0,"{""fused_1"":0.7507201094194944,""fused_2"":0.2874215303789549,""fused_3"":0.4446473151865411,""fused_4"":0.44891530333533725,""fused_5"":0.25663515581761764}","{""fused_4_veryhigh"":0.4902830027713189}","{""fused_1"":0.10103251791657358,""fused_2"":0.26388817429666955,""fused_3"":0.17057820954892597,""fused_4"":0.1689564653771666,""fused_5"":0.29554463286066424}","{""fused_4_veryhigh"":1.0}","{""fused_1"":0.505162589582868,""fused_2"":1.3194408714833479,""fused_3"":0.8528910477446299,""fused_4"":0.844782326885833,""fused_5"":1.4777231643033213}","{""fused_4_veryhigh"":1.0}",0.235492913559633,0.05725403001667593,"[4,2,4,0,3,3,4,1,4,2,1,2,1,2,2,2,2,2,0,0,2,2,0,0,2,4,2,3,2,3,4,3,4,2,4,2,2,3,2,2,2,3,2,2,2,4,4,4,3,1,3,1,3,3,3,2,2,2,2,3,2,0,0,2,3,2,3,3,4,4,2,2,4,3,0,4,2,3,3,4,2,2,3,3,2,4,0,4,3,0,2,3,3,2,2,3,1,2,3,2,3,1,3,3,2,1,3,2,3,0,2,2,2,2,2,2,3,2,3,4,2,3,3,3,2,2,2,1,2,2,2,2,2,2,2,3,2,2,2,0,2,2,1,0,4,4,2,3,2,2,3,3,2,0,4,4,3,0,3,3,4,1,3,3,3,0,3,3,3,2,3,2,0,3,3,3,3,1,1,3,2,0,2,0,1,3,2,2,2,3,0,4,2,2,3,2,4,0,3,3,2,3,2,2,1,3,3,1,3,0,2,2,3,0,2,3,3,3,2,4,3,2,4,2,0,3,0,3,3,2,0,3,3,3,3,2,2,3,3,3,3,3,0,2,3,2,2,3,3,1,1,2,3,0,0,2,3,2,2,3,3,3,0,4,3,2,2,2,2,3,3,4,3,2,1,0,2,2,4,3,3,2,3,2,3,0,2,3,2,1,3,2,2,2,2,2,3,3,2,0,3,3,3,0,3,3,3,2,3,3,1,0,2,2,2,3,3,4,3,2,2,2,1,2,2,0,3,2,3,2,3,1,3,2,2,3,3,3,3,3,2,3,2,2,3,3,2,2,3,3,2,3,3,3,3,2,3,3,2,2,3,2,4,2,3,2,2,3,3,2,2,2,4,3,3,2,2,2,3,4,2,3,4,2,3,4,3,3,3,3,4,2,1,2,2,4,3,3,3,2,2,2,2,3,3,2,2,1,2,3,3,3,3,2,0,1,2,3,3,3,3,1,2,4,3,0,3,2,3,2,3,3,1,1,4,2,4,3,2,2,2,2,1,2,1,3,3,3,3,3,1,2,1,3,2,1,3,3,3,3,3,2,2,3,0,2,3,2,2,2,2,2,3,0,3,1,3,4,3,0,0,2,2,2,3,2,1,1,0,3,3,2,4,4,0,3,3,1,3,1,2,3,2,3,2,2,3,3,3,3,2,3,2,2,2,2,3,3,2,3,0,2,2,3,3,3,3,3,3,3,3,4,3,4,3,2,3,2,3,3,4,2,1,3,2,1,3,2,4,4,2,1,2,4,2,0,1,0,3,4,2,3,2,3,3,3,4,2,2,2,3,3,1,4,2,1,2,3,2,4,2,1,2,1,3,2,2,2,3,2,2,4,3,3,2,4,2,3,2,3,0,2,2,4,3,2,2,2,3,0,0,2,2,1,2,3,4,1,3,3,2,2,3,3,0,4,2,3,3,1,3,3,2,3,2,3,3,2,0,1,2,2,3,3,3,3,0,2,2,2,2,4,3,2,2,3,3,0,3,3,1,3,4,2,3,3,2,2,0,0,1,2,2,0,2,1,1,1,2,1,4,3,1,2,0,2,3,3,2,2,2,3,2,2,3,0,1,0,2,3,2,3,3,1,4,0,3,3,2,1,2,3,3,2,2,2,1,0,3,2,2,4,0,2,2,1,3,2,3,1,2,3,2,1,1,3,2,2,2,1,3,3,3,2,2,4,1,2,1,1,2,3,2,1,2,2,1,3,2,1,2,1,2,1,2,2,2,3,2,3,3,3,2,0,3,3,3,2,2,1,3,3,2,2,2,4,3,3,1,3,2,1,2,3,3,2,2,2,0,3,3,1,4,3,3,4,2,3,3,2,2,0,1,3,4,1,3,2,1,2,2,0,2,3,2,2,3,1,3,1,3,3,0,2,1,2,3,0,3,0,3,1,2,2,2,2,2,3,3,2,3,1,2,3,3,2,1,3,1,3,3,0,2,3,2,1,3,3,3,4,2,2,3,3,2,3,2,1,0,3,2,1,3,3,3,1,3,1,2,3,1,2,2,1,2,3,1,2,2,1,1,3,1,3,3,1,3,3,2,2,2,3,3,2,2,3,3,1,3,2,2,0,1,2,2,1,0,1,3,2,2,3,3,1,4,1,3,3,1,2,2,3,2,3,2,2,3,3,3,2,3,2,1,1,1,2,3,3,2,3,2,2,3,3,2,2,1,1,2,2,1,3,2,3,3,1,1,1,2,1,1,1,4,2,3,3,3,3,1,1,3,4,3,3,2,2,3,2,1,2,2,1,3,1,3,2,1,3,2,2,2,3,2,3,1,1,4,1,1,1,4,3,2,2,2,3,3,0,3,3,1,1,3,3,2,3,3,3,3,3,1,2,1,1,3,2,1,2,2,1,1,1,1,1,3,2,1,3,1,3,4,3,1,3,3,3,1,3,2,4,0,3,2,1,3,3,3,1,1,3,1,4,3,4,2,3,1,3,1,2,3,1,3,1,1,2,1,1,1,3,1,1,2,0,2,2,3,2,3,2,3,1,3,3,1,2,1,3,3,2,3,2,3,3,3,2,1,0,2,1,1,0,2,3,2,2,1,3,2,3,3,2,3,2,1,2,2,1,4,2,2,3,3,1,1,1,3,1,1,3,3,1,2,3,3,3,3,3,0,2,2,3,2,1,1,3,3,1,1,0,3,3,3,1,3,3,3,1,3,0,3,3,4,2,3,0,1,1,3,1,2,1,1,4,3,2,2,2,3,2,2,1,3,2,3,2,1,1,3,3,0,2,1,1,2,2,3,3,1,1,3,0,3,1,3,3,1,3,1,1,4,1,3,1,2,2,1,1,1,1,3,3,2,3,3,1,3,0,1,2,1,1,3,3,2,2,1,3,3,2,3,1,1,1,1,3,1,3,3,3,3,1,1,3,3,2,2,3,2,1,3,2,1,3,3,3,3,3,3,3,2,2,0,3,0,1,3,3,4,3,3,2,3,3,2,1,3,2,1,2,2,4,2,2,3,4,3,2,2,3,3,2,3,1,3,2,1,4,1,3,3,2,2,0,3,2,2,3,0,4,1,3,1,2,0,2,2,2,2,3,1,2,1,4,1,4,3,2,3,0,4,3,2,3,2,1,1,1,1,1,2,4,3,2,1,2,1,3,3,0,3,2,2,1,3,3,1,1,3,2,0,1,3,2,0,3,2,1,3,3,4,2,0,1,1,3,2,3,3,3,0,4,3,3,3,3,3,2,2,3,3,2,2,3,1,0,3,2,2,2,3,3,2,0,0,2,0,3,3,3,3,3,2,3,2,2,3,1,3,1,3,1,4,2,2,3,3,0,3,0,3,0,3,3,1,1,3,3,1,2,1,3,1,1,4,1,3,3,2,3,2,1,2,1,1,1,3,2,3,1,1,1,1,4,3,2,1,2,3,0,4,4,4,1,2,2,2,2,3,3,2,2,0,3,3,2,2,2,3,1,1,3,0,3,3,1,1,3,2,1,2,3,1,1,2,3,3,1,3,0,3,2,2,1,3,3,3,2,1,3,1,0,2,3,1,3,2,1,2,1,1,3,4,2,2,3,3,1,1,3,3,3,3,1,3,1,1,3,4,0,2,3,1,1,0,3,3,3,1,1,3,0,1,3,1,4,1,2,1,2,3,1,2,3,4,1,3,1,1,1,3,2,0,3,3,3,3,4,1,3,3,2,3,1,3,1,3,3,2,1,3,3,1,4,3,2,4,3,2,3,3,1,3,2,2,3,3,1,3,3,1,3,1,3,2,4,1,2,3,2,0,1,3,3,1,3,4,2,3,3,2,2,3,1,2,3,2,0,3,2,1,3,3,3,3,2,1,3,3,3,1,4,0,1,1,1,3,1,2,1,3,3,2,1,2,0,2,2,3,3,1,3,3,3,2,3,1,3,3,1,3,3,2,2,3,1,1,2,2,2,3,0,1,3,2,3,2,1,2,1,2,3,4,3,3,2,3,2,2,3,3,2,1,3,1,2,3,3,3,2,3,3,2,3,1,2,3,2,1,1,3,1,1,1,1,3,3,1,1,3,3,2,1,2,1,1,1,2,3]",ok,
165,kmeans,7,0.35,0.6359901308798105,2,"fused_4_veryhigh, fused_4_megahigh","[753, 654, 166, 184, 42]",0.5,0.8,2.0,"{""fused_1"":0.4942017290833896,""fused_2"":0.29315350713008176,""fused_3"":0.5889298144858652,""fused_4"":0.371119637647895,""fused_5"":0.4836856697391527}","{""fused_4_veryhigh"":0.14546774925884062,""fused_4_megahigh"":0.14336500220096893}","{""fused_1"":0.1701155759738414,""fused_2"":0.2867828961465705,""fused_3"":0.14275285394352696,""fused_4"":0.22653452758016832,""fused_5"":0.17381414635589287}","{""fused_4_veryhigh"":0.49635992274552654,""fused_4_megahigh"":0.5036400772544735}","{""fused_1"":0.850577879869207,""fused_2"":1.4339144807328523,""fused_3"":0.7137642697176348,""fused_4"":1.1326726379008416,""fused_5"":0.8690707317794644}","{""fused_4_veryhigh"":0.9927198454910531,""fused_4_megahigh"":1.007280154508947}",0.1274730045061682,0.0033351862145636463,"[1,1,1,0,0,0,1,3,1,1,3,4,3,1,1,1,1,1,1,1,1,1,1,0,1,1,1,0,1,0,1,0,1,1,1,1,1,0,1,1,1,0,1,1,1,1,1,0,0,3,0,2,0,0,0,1,1,1,1,0,1,1,1,1,0,1,0,0,1,1,1,1,1,0,1,1,1,0,0,1,1,1,0,0,1,0,0,1,0,1,1,0,0,1,1,0,3,1,0,1,0,3,0,0,1,3,0,1,0,1,1,3,1,1,1,1,0,1,0,1,1,0,0,0,1,1,1,2,1,1,1,1,1,1,1,0,1,1,1,0,1,1,2,0,1,1,1,0,1,1,0,0,1,1,1,1,0,1,0,0,1,2,0,0,0,0,0,0,0,1,0,1,0,0,0,0,0,3,3,0,1,1,1,0,3,0,1,4,1,0,0,1,1,1,0,1,1,0,0,0,1,0,1,1,3,0,0,2,0,1,1,1,0,0,1,0,0,0,1,1,0,1,1,1,0,0,0,0,0,1,0,0,0,0,0,1,1,0,0,0,0,0,1,1,0,1,1,0,0,3,3,1,0,1,0,1,0,1,1,0,0,0,0,1,0,1,1,1,1,0,0,1,0,4,2,1,1,1,0,0,0,1,0,1,0,1,1,0,1,2,0,1,1,1,1,1,0,0,1,0,0,0,0,1,0,0,0,1,0,0,3,0,1,1,1,0,0,0,0,1,1,1,3,1,1,1,0,1,0,1,0,2,0,1,1,0,0,0,0,0,1,0,1,1,0,0,1,1,0,0,1,0,0,0,0,1,0,0,1,4,0,1,1,1,0,1,1,0,0,1,1,1,1,0,0,1,1,1,0,1,1,0,1,1,0,1,0,0,0,0,1,1,3,1,1,1,0,0,0,4,1,1,1,0,0,4,1,2,1,0,0,0,0,1,0,3,1,0,0,0,0,3,1,0,0,0,0,1,0,1,0,0,3,3,1,1,0,0,1,1,1,1,3,1,2,0,0,0,0,0,2,1,2,0,1,3,0,0,0,0,0,1,1,0,1,1,0,1,1,1,1,1,0,0,0,2,0,1,0,1,1,1,1,1,0,1,3,3,1,0,0,1,1,0,1,0,0,3,0,2,1,0,1,0,1,1,0,0,0,0,1,0,1,1,1,1,0,0,1,0,0,1,1,0,0,0,0,0,0,0,0,0,0,0,0,1,0,1,0,0,1,1,3,0,1,3,0,4,1,1,1,3,1,1,1,0,3,1,0,1,1,0,1,0,0,0,1,1,1,1,0,0,2,1,1,3,1,0,1,1,1,3,1,2,0,1,1,1,0,1,1,1,0,0,1,0,1,0,1,0,0,1,1,1,0,1,1,1,0,0,1,1,1,3,1,0,1,2,0,0,1,1,0,0,0,1,1,0,0,2,0,0,1,0,1,0,0,1,0,3,1,1,0,0,0,0,1,1,1,1,1,1,0,1,1,0,0,0,0,0,3,0,0,1,0,0,1,1,1,0,2,1,1,0,1,3,3,3,1,3,1,0,3,1,0,1,0,0,1,1,1,0,1,1,0,1,3,0,1,0,1,0,0,2,1,1,0,0,1,3,1,0,0,1,1,1,2,0,0,4,1,1,0,1,1,2,0,1,0,3,1,0,1,3,3,0,1,1,1,2,0,0,0,1,1,0,2,1,2,2,3,0,3,2,1,1,2,0,1,3,1,2,1,2,1,1,4,0,4,0,0,0,1,0,0,0,0,1,1,2,0,0,4,1,1,0,0,0,3,0,1,2,1,0,0,1,1,1,1,0,0,3,1,0,0,1,1,0,0,1,4,1,3,0,1,2,0,1,3,1,1,0,1,0,1,1,0,3,0,2,0,0,0,1,2,1,0,1,0,1,0,3,1,1,1,4,1,0,0,1,0,2,1,0,0,1,3,0,3,0,0,1,1,0,1,2,0,0,0,1,1,1,0,0,1,0,1,3,1,0,1,2,0,0,0,2,0,3,1,0,3,1,1,3,1,0,2,1,1,2,3,0,2,0,0,3,0,0,1,1,4,0,0,1,1,0,0,3,0,1,1,0,3,1,1,2,1,3,0,1,1,0,0,3,1,3,0,0,3,1,1,0,1,0,1,1,0,0,0,1,0,1,3,3,3,1,0,0,1,0,1,1,0,0,1,1,3,3,1,4,3,0,1,0,0,2,2,2,1,2,3,2,0,1,0,0,0,0,3,2,0,1,0,0,1,4,0,1,3,1,4,2,0,3,0,3,3,0,1,1,1,0,1,0,3,2,1,3,2,2,1,0,1,1,1,0,0,1,0,0,2,2,0,0,1,0,0,0,0,0,2,4,2,2,0,3,3,1,1,3,2,2,3,3,0,1,2,0,2,0,0,0,2,0,0,0,3,0,1,1,1,0,3,2,0,0,0,2,2,0,3,4,0,1,4,0,3,0,2,1,0,3,0,2,2,1,3,2,2,0,2,2,1,0,1,1,0,1,0,1,0,2,0,0,3,1,3,0,0,1,0,1,0,0,0,1,3,0,1,2,3,0,1,0,1,1,2,0,1,0,0,4,0,1,2,4,3,3,1,1,1,0,0,2,2,2,0,2,3,0,0,2,1,0,0,0,0,0,0,1,1,0,4,2,2,0,0,2,3,1,0,0,0,3,0,0,0,2,0,4,0,0,0,1,0,0,2,3,0,3,1,2,2,0,0,1,1,1,0,1,1,2,0,4,0,1,2,2,0,0,1,1,3,3,1,1,0,0,3,2,0,1,0,2,0,0,2,0,3,3,0,2,0,2,1,4,3,2,2,2,0,0,1,0,0,2,0,1,2,1,2,2,0,0,1,4,2,0,0,1,0,3,3,3,2,0,2,0,0,0,0,3,3,0,0,1,1,0,4,2,0,1,2,0,0,0,0,0,0,0,1,1,1,0,1,2,0,0,1,0,0,1,0,0,1,3,0,4,3,1,1,1,1,1,0,0,0,1,1,0,0,1,0,3,0,4,3,0,2,0,0,1,1,0,0,1,1,0,1,1,3,0,3,1,0,1,1,1,1,0,2,1,3,1,2,1,0,1,0,0,1,0,1,0,1,3,2,2,3,3,1,1,0,1,2,4,3,0,0,0,0,1,1,2,0,0,2,2,0,1,0,3,0,1,1,0,1,3,0,0,1,1,1,2,3,0,4,0,0,0,0,1,0,0,0,0,0,1,4,0,0,1,1,0,2,1,0,1,1,1,0,0,1,1,1,4,1,0,0,0,0,0,1,0,4,1,0,3,0,2,0,3,0,1,1,0,0,1,0,1,0,0,0,0,3,2,0,0,3,1,3,0,2,3,1,3,0,0,1,0,1,3,1,2,3,2,0,1,0,3,2,2,3,0,0,1,3,1,0,0,1,0,0,2,1,1,1,4,0,0,1,1,1,0,0,1,1,1,0,2,2,0,1,0,0,2,2,0,1,3,1,0,2,2,1,0,0,2,0,0,0,1,4,3,0,0,0,1,3,0,2,1,1,0,2,0,1,2,1,2,3,0,1,1,1,0,0,3,3,0,0,0,0,2,0,3,3,0,1,1,1,0,2,3,1,0,0,0,2,2,0,0,3,0,3,1,3,1,2,3,0,3,1,0,4,3,0,3,3,3,0,1,0,0,0,0,0,1,3,0,0,1,0,3,0,3,0,0,1,2,0,0,2,1,0,1,1,0,1,0,0,3,0,1,1,0,0,2,0,0,3,0,2,0,1,0,3,1,0,1,0,2,0,0,2,0,1,1,0,0,1,1,0,3,1,0,1,0,0,1,2,0,0,0,0,1,3,0,0,0,3,1,1,2,3,3,0,2,1,2,0,0,1,3,1,0,1,1,0,0,2,0,0,0,1,0,2,0,0,2,0,0,4,1,0,2,3,1,1,1,0,0,3,0,1,0,1,2,4,3,1,0,1,0,0,1,0,1,1,0,0,1,3,0,3,1,0,0,0,1,0,0,1,0,3,4,0,1,2,3,0,2,3,3,3,0,0,3,2,0,0,1,2,4,3,2,2,3,0]",ok,
166,kmeans,7,0.3,0.6359901308798105,2,"fused_4_veryhigh, fused_4_megahigh","[753, 654, 166, 184, 42]",0.5,0.8,2.0,"{""fused_1"":0.4942017290833896,""fused_2"":0.29315350713008176,""fused_3"":0.5889298144858652,""fused_4"":0.371119637647895,""fused_5"":0.4836856697391527}","{""fused_4_veryhigh"":0.14546774925884062,""fused_4_megahigh"":0.14336500220096893}","{""fused_1"":0.1701155759738414,""fused_2"":0.2867828961465705,""fused_3"":0.14275285394352696,""fused_4"":0.22653452758016832,""fused_5"":0.17381414635589287}","{""fused_4_veryhigh"":0.49635992274552654,""fused_4_megahigh"":0.5036400772544735}","{""fused_1"":0.850577879869207,""fused_2"":1.4339144807328523,""fused_3"":0.7137642697176348,""fused_4"":1.1326726379008416,""fused_5"":0.8690707317794644}","{""fused_4_veryhigh"":0.9927198454910531,""fused_4_megahigh"":1.007280154508947}",0.1274730045061682,0.0033351862145636463,"[1,1,1,0,0,0,1,3,1,1,3,4,3,1,1,1,1,1,1,1,1,1,1,0,1,1,1,0,1,0,1,0,1,1,1,1,1,0,1,1,1,0,1,1,1,1,1,0,0,3,0,2,0,0,0,1,1,1,1,0,1,1,1,1,0,1,0,0,1,1,1,1,1,0,1,1,1,0,0,1,1,1,0,0,1,0,0,1,0,1,1,0,0,1,1,0,3,1,0,1,0,3,0,0,1,3,0,1,0,1,1,3,1,1,1,1,0,1,0,1,1,0,0,0,1,1,1,2,1,1,1,1,1,1,1,0,1,1,1,0,1,1,2,0,1,1,1,0,1,1,0,0,1,1,1,1,0,1,0,0,1,2,0,0,0,0,0,0,0,1,0,1,0,0,0,0,0,3,3,0,1,1,1,0,3,0,1,4,1,0,0,1,1,1,0,1,1,0,0,0,1,0,1,1,3,0,0,2,0,1,1,1,0,0,1,0,0,0,1,1,0,1,1,1,0,0,0,0,0,1,0,0,0,0,0,1,1,0,0,0,0,0,1,1,0,1,1,0,0,3,3,1,0,1,0,1,0,1,1,0,0,0,0,1,0,1,1,1,1,0,0,1,0,4,2,1,1,1,0,0,0,1,0,1,0,1,1,0,1,2,0,1,1,1,1,1,0,0,1,0,0,0,0,1,0,0,0,1,0,0,3,0,1,1,1,0,0,0,0,1,1,1,3,1,1,1,0,1,0,1,0,2,0,1,1,0,0,0,0,0,1,0,1,1,0,0,1,1,0,0,1,0,0,0,0,1,0,0,1,4,0,1,1,1,0,1,1,0,0,1,1,1,1,0,0,1,1,1,0,1,1,0,1,1,0,1,0,0,0,0,1,1,3,1,1,1,0,0,0,4,1,1,1,0,0,4,1,2,1,0,0,0,0,1,0,3,1,0,0,0,0,3,1,0,0,0,0,1,0,1,0,0,3,3,1,1,0,0,1,1,1,1,3,1,2,0,0,0,0,0,2,1,2,0,1,3,0,0,0,0,0,1,1,0,1,1,0,1,1,1,1,1,0,0,0,2,0,1,0,1,1,1,1,1,0,1,3,3,1,0,0,1,1,0,1,0,0,3,0,2,1,0,1,0,1,1,0,0,0,0,1,0,1,1,1,1,0,0,1,0,0,1,1,0,0,0,0,0,0,0,0,0,0,0,0,1,0,1,0,0,1,1,3,0,1,3,0,4,1,1,1,3,1,1,1,0,3,1,0,1,1,0,1,0,0,0,1,1,1,1,0,0,2,1,1,3,1,0,1,1,1,3,1,2,0,1,1,1,0,1,1,1,0,0,1,0,1,0,1,0,0,1,1,1,0,1,1,1,0,0,1,1,1,3,1,0,1,2,0,0,1,1,0,0,0,1,1,0,0,2,0,0,1,0,1,0,0,1,0,3,1,1,0,0,0,0,1,1,1,1,1,1,0,1,1,0,0,0,0,0,3,0,0,1,0,0,1,1,1,0,2,1,1,0,1,3,3,3,1,3,1,0,3,1,0,1,0,0,1,1,1,0,1,1,0,1,3,0,1,0,1,0,0,2,1,1,0,0,1,3,1,0,0,1,1,1,2,0,0,4,1,1,0,1,1,2,0,1,0,3,1,0,1,3,3,0,1,1,1,2,0,0,0,1,1,0,2,1,2,2,3,0,3,2,1,1,2,0,1,3,1,2,1,2,1,1,4,0,4,0,0,0,1,0,0,0,0,1,1,2,0,0,4,1,1,0,0,0,3,0,1,2,1,0,0,1,1,1,1,0,0,3,1,0,0,1,1,0,0,1,4,1,3,0,1,2,0,1,3,1,1,0,1,0,1,1,0,3,0,2,0,0,0,1,2,1,0,1,0,1,0,3,1,1,1,4,1,0,0,1,0,2,1,0,0,1,3,0,3,0,0,1,1,0,1,2,0,0,0,1,1,1,0,0,1,0,1,3,1,0,1,2,0,0,0,2,0,3,1,0,3,1,1,3,1,0,2,1,1,2,3,0,2,0,0,3,0,0,1,1,4,0,0,1,1,0,0,3,0,1,1,0,3,1,1,2,1,3,0,1,1,0,0,3,1,3,0,0,3,1,1,0,1,0,1,1,0,0,0,1,0,1,3,3,3,1,0,0,1,0,1,1,0,0,1,1,3,3,1,4,3,0,1,0,0,2,2,2,1,2,3,2,0,1,0,0,0,0,3,2,0,1,0,0,1,4,0,1,3,1,4,2,0,3,0,3,3,0,1,1,1,0,1,0,3,2,1,3,2,2,1,0,1,1,1,0,0,1,0,0,2,2,0,0,1,0,0,0,0,0,2,4,2,2,0,3,3,1,1,3,2,2,3,3,0,1,2,0,2,0,0,0,2,0,0,0,3,0,1,1,1,0,3,2,0,0,0,2,2,0,3,4,0,1,4,0,3,0,2,1,0,3,0,2,2,1,3,2,2,0,2,2,1,0,1,1,0,1,0,1,0,2,0,0,3,1,3,0,0,1,0,1,0,0,0,1,3,0,1,2,3,0,1,0,1,1,2,0,1,0,0,4,0,1,2,4,3,3,1,1,1,0,0,2,2,2,0,2,3,0,0,2,1,0,0,0,0,0,0,1,1,0,4,2,2,0,0,2,3,1,0,0,0,3,0,0,0,2,0,4,0,0,0,1,0,0,2,3,0,3,1,2,2,0,0,1,1,1,0,1,1,2,0,4,0,1,2,2,0,0,1,1,3,3,1,1,0,0,3,2,0,1,0,2,0,0,2,0,3,3,0,2,0,2,1,4,3,2,2,2,0,0,1,0,0,2,0,1,2,1,2,2,0,0,1,4,2,0,0,1,0,3,3,3,2,0,2,0,0,0,0,3,3,0,0,1,1,0,4,2,0,1,2,0,0,0,0,0,0,0,1,1,1,0,1,2,0,0,1,0,0,1,0,0,1,3,0,4,3,1,1,1,1,1,0,0,0,1,1,0,0,1,0,3,0,4,3,0,2,0,0,1,1,0,0,1,1,0,1,1,3,0,3,1,0,1,1,1,1,0,2,1,3,1,2,1,0,1,0,0,1,0,1,0,1,3,2,2,3,3,1,1,0,1,2,4,3,0,0,0,0,1,1,2,0,0,2,2,0,1,0,3,0,1,1,0,1,3,0,0,1,1,1,2,3,0,4,0,0,0,0,1,0,0,0,0,0,1,4,0,0,1,1,0,2,1,0,1,1,1,0,0,1,1,1,4,1,0,0,0,0,0,1,0,4,1,0,3,0,2,0,3,0,1,1,0,0,1,0,1,0,0,0,0,3,2,0,0,3,1,3,0,2,3,1,3,0,0,1,0,1,3,1,2,3,2,0,1,0,3,2,2,3,0,0,1,3,1,0,0,1,0,0,2,1,1,1,4,0,0,1,1,1,0,0,1,1,1,0,2,2,0,1,0,0,2,2,0,1,3,1,0,2,2,1,0,0,2,0,0,0,1,4,3,0,0,0,1,3,0,2,1,1,0,2,0,1,2,1,2,3,0,1,1,1,0,0,3,3,0,0,0,0,2,0,3,3,0,1,1,1,0,2,3,1,0,0,0,2,2,0,0,3,0,3,1,3,1,2,3,0,3,1,0,4,3,0,3,3,3,0,1,0,0,0,0,0,1,3,0,0,1,0,3,0,3,0,0,1,2,0,0,2,1,0,1,1,0,1,0,0,3,0,1,1,0,0,2,0,0,3,0,2,0,1,0,3,1,0,1,0,2,0,0,2,0,1,1,0,0,1,1,0,3,1,0,1,0,0,1,2,0,0,0,0,1,3,0,0,0,3,1,1,2,3,3,0,2,1,2,0,0,1,3,1,0,1,1,0,0,2,0,0,0,1,0,2,0,0,2,0,0,4,1,0,2,3,1,1,1,0,0,3,0,1,0,1,2,4,3,1,0,1,0,0,1,0,1,1,0,0,1,3,0,3,1,0,0,0,1,0,0,1,0,3,4,0,1,2,3,0,2,3,3,3,0,0,3,2,0,0,1,2,4,3,2,2,3,0]",ok,
167,kmeans,7,0.25,0.4041310856127319,5,"fused_4_veryhigh, fused_4_megahigh, fused_2_low, fused_5_low, fused_1_high","[45, 164, 753, 654, 183]",0.5,0.5,2.0,"{""fused_1"":0.5528042077293616,""fused_2"":0.25350318507121294,""fused_3"":0.5755349236337998,""fused_4"":0.24535234712102275,""fused_5"":0.44579583596401556}","{""fused_4_veryhigh"":0.30866172758046645,""fused_4_megahigh"":0.30841881839505103,""fused_2_low"":0.5775377682086843,""fused_5_low"":0.7198534042670506,""fused_1_high"":0.6899698501035679}","{""fused_1"":0.13098765459671416,""fused_2"":0.285639514159645,""fused_3"":0.1258143053500209,""fused_4"":0.29512873005427803,""fused_5"":0.162429795839342}","{""fused_4_veryhigh"":0.2931372447314269,""fused_4_megahigh"":0.29336811822255554,""fused_2_low"":0.1566655089200791,""fused_5_low"":0.1256926033003991,""fused_1_high"":0.13113652482553936}","{""fused_1"":0.6549382729835708,""fused_2"":1.428197570798225,""fused_3"":0.6290715267501045,""fused_4"":1.47564365027139,""fused_5"":0.81214897919671}","{""fused_4_veryhigh"":1.4656862236571344,""fused_4_megahigh"":1.4668405911127778,""fused_2_low"":0.7833275446003956,""fused_5_low"":0.6284630165019955,""fused_1_high"":0.6556826241276968}",0.11252161873467366,0.009449694274596998,"[3,3,3,2,2,2,3,4,3,3,4,0,4,3,3,3,3,3,3,3,3,3,3,2,3,3,3,2,3,2,3,2,3,3,3,3,3,2,3,3,3,2,3,3,3,3,3,2,2,4,2,1,2,2,2,3,3,3,3,2,3,3,3,3,2,3,2,2,3,3,3,3,3,2,3,3,3,2,2,3,3,3,2,2,3,2,2,3,2,3,3,2,2,3,3,2,4,3,2,3,2,4,2,2,3,4,2,3,2,3,3,4,3,3,3,3,2,3,2,3,3,2,2,2,3,3,3,1,3,3,3,3,3,3,3,2,3,3,3,2,3,3,1,2,3,3,3,2,3,3,2,2,3,3,3,3,2,3,2,2,3,1,2,2,2,2,2,2,2,3,2,3,2,2,2,2,2,4,4,2,3,3,3,2,4,2,3,0,3,2,2,3,3,3,2,3,3,2,2,2,3,2,3,3,4,2,2,1,2,3,3,3,2,2,3,2,2,2,3,3,2,3,3,3,2,2,2,2,2,3,2,2,2,2,2,3,3,2,2,2,2,2,3,3,2,3,3,2,2,4,4,3,2,3,2,3,2,3,3,2,2,2,2,3,2,3,3,3,3,2,2,3,2,0,1,3,3,3,2,2,2,3,2,3,2,3,3,2,3,1,2,3,3,3,3,3,2,2,3,2,2,2,2,3,2,2,2,3,2,2,4,2,3,3,3,2,2,2,2,3,3,3,4,3,3,3,2,3,2,3,2,4,2,3,3,2,2,2,2,2,3,2,3,3,2,2,3,3,2,2,3,2,2,2,2,3,2,2,3,0,2,3,3,3,2,3,3,2,2,3,3,3,3,2,2,3,3,3,2,3,3,2,3,3,2,3,2,2,2,2,3,3,4,3,3,3,2,2,2,0,3,3,3,2,2,0,3,1,3,2,2,2,2,3,2,4,3,2,2,2,2,4,3,2,2,2,2,3,2,3,2,2,4,4,3,3,2,2,3,3,3,3,4,3,1,2,2,2,2,2,1,3,1,2,3,4,2,2,2,2,2,3,3,2,3,3,2,3,3,3,3,3,2,2,2,1,2,3,2,3,3,3,3,3,2,3,4,4,3,2,2,3,3,2,3,2,2,4,2,1,3,2,3,2,3,3,2,2,2,2,3,2,3,3,3,3,2,2,3,2,2,3,3,2,2,2,2,2,2,2,2,2,2,2,2,3,2,3,2,2,3,3,4,2,3,4,2,0,3,3,3,4,3,3,3,2,4,3,2,3,3,2,3,2,2,2,3,3,3,3,2,2,1,3,3,4,3,2,3,3,3,4,3,1,2,3,3,3,2,3,3,3,2,2,3,2,3,2,3,2,2,3,3,3,2,3,3,3,2,2,3,3,3,4,3,2,3,1,2,2,3,3,2,2,2,3,3,2,2,1,2,2,3,2,3,2,2,3,2,4,3,3,2,2,2,2,3,3,3,3,3,3,2,3,3,2,2,2,2,2,4,2,2,3,2,2,3,3,3,2,1,3,3,2,3,4,4,4,3,4,3,2,4,3,2,3,2,2,3,3,3,2,3,3,2,3,4,2,3,2,3,2,2,1,3,3,2,2,3,4,3,2,2,3,3,3,1,2,2,0,3,3,2,3,3,1,2,3,2,4,3,2,3,4,4,2,3,3,3,1,2,2,2,3,3,2,1,3,1,1,0,2,4,1,3,3,1,2,3,4,3,1,3,1,3,3,0,2,0,2,2,2,3,2,2,2,2,3,3,1,2,2,0,3,3,2,2,2,4,2,3,1,3,2,2,3,3,3,3,2,2,4,3,2,2,3,3,2,2,3,0,3,4,2,3,1,2,3,4,3,3,2,3,2,3,3,2,4,2,1,2,2,2,3,1,3,2,3,2,3,2,4,3,3,3,0,3,2,2,3,2,1,3,2,2,3,4,2,4,2,2,3,3,2,3,1,2,2,2,3,3,3,2,2,3,2,3,4,3,2,3,1,2,2,2,1,2,4,3,2,4,3,3,4,3,2,1,3,3,1,4,2,1,2,2,4,2,2,3,3,0,2,2,3,3,2,2,4,2,3,3,2,4,3,3,1,3,4,2,3,3,2,2,4,3,4,2,2,4,3,3,2,3,2,3,3,2,2,2,3,2,3,4,4,4,3,2,2,3,2,3,3,2,2,3,3,4,4,3,0,4,2,3,2,2,1,1,1,3,1,4,1,2,3,2,2,2,2,4,1,2,3,2,2,3,0,2,3,4,3,0,1,2,4,2,4,4,2,3,3,3,2,3,2,4,1,3,4,1,1,3,2,3,3,3,2,2,3,2,2,1,1,2,2,3,2,2,2,2,2,1,0,1,1,2,0,4,3,3,4,1,1,4,4,2,3,1,2,1,2,2,2,1,2,2,2,4,2,3,3,3,2,4,1,2,2,2,1,1,2,4,0,2,3,0,2,4,2,1,3,2,4,2,1,1,3,4,1,1,2,1,1,3,2,3,3,2,3,2,3,2,1,2,2,4,3,4,2,2,3,2,3,2,2,2,3,4,2,3,1,4,2,3,2,3,3,1,2,3,2,2,0,2,3,1,0,4,4,3,3,3,2,2,1,1,1,2,1,4,2,2,1,3,2,2,2,2,2,2,3,3,2,0,1,1,2,2,1,4,3,2,2,2,4,2,2,2,1,2,0,2,2,2,3,2,2,1,4,2,4,3,1,1,2,2,3,3,3,2,3,3,1,2,0,2,3,1,1,2,2,3,3,4,4,3,3,2,2,4,1,2,3,2,1,2,2,1,2,4,4,2,1,2,1,3,0,4,1,1,1,2,2,3,2,2,1,2,3,1,3,1,1,2,2,3,0,1,2,2,3,2,4,4,4,1,2,1,2,2,2,2,4,4,2,2,3,3,2,0,1,2,3,1,2,2,2,2,2,2,2,3,3,3,2,3,1,2,2,3,2,2,3,2,2,3,4,2,0,4,3,3,3,3,3,2,2,2,3,3,2,2,3,2,4,2,0,4,2,1,2,2,3,3,2,2,3,3,2,3,3,4,2,4,3,2,3,3,3,3,2,1,3,4,3,1,3,2,3,2,2,3,2,3,2,3,4,1,1,4,4,3,3,2,3,1,0,4,2,2,2,2,3,3,1,2,2,1,1,2,3,2,4,2,3,3,2,3,4,2,2,3,3,3,1,4,2,0,2,2,2,2,3,2,2,2,2,2,3,0,2,2,3,3,2,1,3,2,3,3,3,2,2,3,3,3,0,3,2,2,2,2,2,3,2,0,3,2,4,2,1,2,4,2,3,3,2,2,3,2,3,2,2,2,2,4,1,2,2,4,3,4,2,1,4,3,4,2,2,3,2,3,4,3,1,4,1,2,3,2,4,1,1,4,2,2,3,4,3,2,2,3,2,2,1,3,3,3,0,2,2,3,3,3,2,2,3,3,3,2,1,1,2,3,2,2,1,1,2,3,4,3,2,1,1,3,2,2,1,2,2,2,3,0,4,2,2,2,3,4,2,1,3,3,2,1,2,3,1,3,4,4,2,3,3,3,2,2,4,4,2,2,2,2,1,2,4,4,2,3,3,3,2,1,4,3,2,2,2,1,1,2,2,4,2,4,3,4,3,1,4,2,4,3,2,0,4,2,4,4,4,2,3,2,2,2,2,2,3,4,2,2,3,2,4,2,4,2,2,3,1,2,2,1,3,2,3,3,2,3,2,2,4,2,3,3,2,2,1,2,2,4,2,1,2,3,2,4,3,2,3,2,1,2,2,1,2,3,3,2,2,3,3,2,4,3,2,3,2,2,3,1,2,2,2,2,3,4,2,2,2,4,3,3,1,4,4,2,1,3,1,2,2,3,4,3,2,3,3,2,2,1,2,2,2,3,2,1,2,2,1,2,2,0,3,2,1,4,3,3,3,2,2,4,2,3,2,3,1,0,4,3,2,3,2,2,3,2,3,3,2,2,3,4,2,4,3,2,2,2,3,2,2,3,2,4,0,2,3,1,4,2,1,4,4,4,2,2,4,1,2,2,3,1,0,4,1,1,0,2]",ok,
168,kmeans,7,0.2,0.33057489897243925,8,"fused_4_veryhigh, fused_4_megahigh, fused_2_low, fused_5_low, fused_1_high, fused_5_verylow, fused_3_medium, fused_1_medium","[306, 254, 368, 357, 514]",0.8,0.9,2.0,"{""fused_1"":0.5817629505163198,""fused_2"":0.5579941775801498,""fused_3"":0.743042450403945,""fused_4"":0.5536902095020481,""fused_5"":0.3089471046354383}","{""fused_4_veryhigh"":0.28326998828624306,""fused_4_megahigh"":0.3094886144946706,""fused_2_low"":0.28948524582191204,""fused_5_low"":0.4490736966913973,""fused_1_high"":0.5496732277852971,""fused_5_verylow"":0.28116966483327976,""fused_3_medium"":0.5272022603079654,""fused_1_medium"":0.5229738382835951}","{""fused_1"":0.17363234952576959,""fused_2"":0.1810285340310441,""fused_3"":0.13594494891951103,""fused_4"":0.18243571266329026,""fused_5"":0.3269584548603851}","{""fused_4_veryhigh"":0.16322868718884978,""fused_4_megahigh"":0.14940061166211505,""fused_2_low"":0.15972416202658307,""fused_5_low"":0.10296258420082627,""fused_1_high"":0.08411868355725127,""fused_5_verylow"":0.16444799738756,""fused_3_medium"":0.08770407828098935,""fused_1_medium"":0.08841319569582515}","{""fused_1"":0.8681617476288479,""fused_2"":0.9051426701552205,""fused_3"":0.6797247445975552,""fused_4"":0.9121785633164513,""fused_5"":1.6347922743019256}","{""fused_4_veryhigh"":1.3058294975107982,""fused_4_megahigh"":1.1952048932969204,""fused_2_low"":1.2777932962126646,""fused_5_low"":0.8237006736066101,""fused_1_high"":0.6729494684580102,""fused_5_verylow"":1.31558397910048,""fused_3_medium"":0.7016326262479148,""fused_1_medium"":0.7073055655666012}",0.14057586727899346,0.023902167871039465,"[3,3,3,4,4,4,3,2,3,3,2,1,2,0,0,0,3,0,3,3,0,0,3,4,0,3,3,4,3,1,3,4,3,0,3,3,0,1,0,3,3,1,3,3,0,3,3,4,1,2,1,2,4,4,4,3,3,0,3,4,0,3,3,3,1,0,1,4,3,3,0,3,3,4,3,3,0,4,4,3,3,0,4,4,3,4,4,3,4,3,3,4,4,0,3,4,2,3,1,0,4,2,4,1,3,2,1,0,4,3,3,2,3,3,0,0,1,0,1,3,0,4,4,4,3,0,0,2,0,0,3,0,3,3,0,1,0,0,0,4,3,0,2,4,3,3,0,4,0,3,4,4,0,3,3,3,4,3,4,4,3,2,1,4,4,4,4,1,1,3,4,0,4,1,4,4,4,2,2,4,0,3,0,4,2,4,3,1,3,4,4,3,3,3,4,3,3,4,1,1,0,4,3,3,2,1,1,2,4,3,3,0,4,4,0,4,4,4,0,3,4,3,3,3,4,4,4,4,4,0,4,1,4,1,4,3,3,4,4,4,4,1,3,3,4,3,0,4,4,2,2,0,4,3,4,0,1,3,0,4,1,1,4,3,4,0,3,0,3,1,4,3,4,3,2,3,0,0,4,1,1,0,4,3,4,3,0,4,0,2,1,3,0,3,0,3,4,4,0,4,4,4,1,3,4,4,1,3,1,4,2,4,3,0,0,4,4,4,4,0,0,0,2,0,3,3,4,0,4,0,1,2,4,0,3,4,1,4,4,4,3,4,0,0,1,1,3,3,1,4,3,1,1,4,4,0,1,1,0,4,4,0,3,3,1,3,3,1,1,3,0,3,3,4,4,3,0,3,1,3,0,4,3,0,4,3,4,4,1,4,3,0,2,0,3,3,1,4,4,3,0,0,3,4,4,3,0,2,0,1,4,1,4,3,4,2,0,4,4,4,1,2,3,4,1,4,1,0,4,3,4,1,2,2,3,0,4,4,0,3,0,3,2,0,2,1,4,4,4,4,2,0,2,4,3,2,4,1,4,1,4,0,0,4,3,0,4,0,3,0,0,0,4,4,4,2,4,3,1,3,3,3,0,0,4,0,2,2,3,4,4,3,3,4,3,1,4,2,1,2,0,1,0,1,0,0,1,4,1,4,0,1,0,3,0,0,4,4,3,1,4,3,0,4,4,4,1,4,1,1,1,4,1,4,4,3,1,3,4,4,3,3,2,4,0,2,4,2,3,3,0,2,3,3,3,4,2,3,4,3,0,4,3,4,4,1,3,0,0,3,1,4,2,3,3,2,0,1,3,3,0,2,3,2,4,0,0,0,4,3,0,3,4,1,0,4,3,1,0,4,4,0,3,3,4,0,0,0,4,4,3,0,0,2,0,1,3,2,1,4,3,0,4,1,4,3,0,4,4,2,1,4,3,4,3,4,4,3,4,2,0,3,1,1,4,1,3,0,3,0,0,3,4,3,3,4,4,4,4,1,2,1,4,0,1,1,0,3,3,4,2,0,3,4,3,2,2,2,3,2,3,1,2,0,4,0,4,1,3,0,3,1,3,0,1,3,2,4,3,4,3,4,4,2,3,3,1,4,0,2,0,4,4,0,3,0,2,4,4,2,0,3,4,3,0,2,4,0,1,2,0,1,0,2,2,4,0,0,0,2,4,1,4,0,3,4,2,3,2,2,2,1,2,2,3,0,2,4,3,2,0,2,3,2,0,3,1,4,2,4,4,4,0,4,4,4,1,0,3,2,4,1,0,0,0,4,4,4,2,4,3,2,0,4,4,0,3,0,3,1,4,2,3,4,4,3,3,4,1,3,4,3,2,4,3,2,4,0,2,0,3,4,3,4,0,3,4,2,1,2,1,1,4,0,2,3,1,3,1,3,4,2,0,0,3,1,0,4,1,0,4,2,0,1,4,0,2,1,2,1,1,3,0,1,0,2,4,4,4,3,0,3,4,4,0,4,3,2,3,4,3,2,1,4,1,2,1,2,0,4,2,3,0,2,0,4,2,3,3,2,2,1,2,4,4,2,4,4,0,0,2,4,4,0,0,4,4,2,4,3,0,4,2,0,3,2,3,2,1,0,3,4,1,2,3,2,4,4,2,0,3,4,0,4,3,3,1,1,1,0,4,3,2,2,2,0,1,4,0,4,3,0,1,4,3,0,2,2,0,4,2,1,0,4,4,2,2,2,3,2,2,2,4,0,1,4,4,4,2,2,1,3,4,1,0,2,1,0,2,0,4,2,1,2,1,2,2,1,3,0,0,4,0,1,2,2,3,2,2,2,3,4,0,3,0,1,4,3,4,1,2,2,4,1,0,4,4,4,4,1,2,0,2,2,4,2,2,0,3,2,2,2,2,2,4,0,2,1,2,4,4,4,2,4,4,4,2,4,0,3,3,4,2,2,4,4,4,2,2,4,2,3,4,3,2,1,2,4,2,0,1,2,1,2,2,0,2,2,2,4,2,2,3,4,3,0,4,0,1,3,4,2,1,1,2,0,2,4,4,0,4,0,4,1,4,3,2,4,0,2,2,4,0,1,3,0,2,4,3,4,4,2,1,0,2,2,2,2,3,3,3,1,4,2,2,2,4,2,2,4,4,2,0,1,1,4,4,1,4,3,0,4,1,2,2,1,4,2,2,3,4,1,4,2,4,1,4,2,4,3,1,1,4,0,1,4,2,2,4,2,3,2,2,4,1,0,3,0,1,0,0,2,4,4,4,3,2,2,4,4,3,0,2,2,0,0,4,1,2,2,4,3,4,2,1,4,2,4,2,2,4,2,4,2,3,2,2,2,2,2,1,1,3,4,4,2,4,3,2,0,2,2,4,4,3,2,2,1,4,3,4,2,2,2,2,1,2,1,4,1,1,2,2,1,4,0,3,1,1,2,4,0,2,4,1,4,4,4,4,4,3,0,3,1,3,2,4,4,3,4,4,0,1,4,0,2,1,1,2,0,0,3,0,0,1,4,4,0,0,4,1,3,4,2,1,2,2,4,2,4,4,3,0,4,4,0,0,4,3,3,2,4,2,0,4,0,3,3,0,4,2,0,2,3,2,3,4,3,1,4,3,1,3,1,0,2,2,2,2,2,0,3,1,3,2,2,2,1,1,4,1,0,0,2,1,4,2,2,1,0,4,2,1,3,3,4,3,2,1,1,3,3,3,2,2,1,2,4,4,4,4,3,4,1,4,4,1,3,4,1,1,3,0,4,2,3,4,0,3,3,4,4,0,3,3,4,3,1,1,4,4,4,3,1,1,3,4,2,1,2,4,2,4,3,3,4,1,3,4,3,1,4,4,1,2,2,4,4,2,0,2,4,2,2,3,2,1,1,3,1,3,2,0,2,2,2,4,3,4,2,2,2,2,4,1,3,2,0,4,4,3,4,4,2,3,3,0,2,1,4,0,0,3,1,1,0,3,0,4,2,2,4,3,4,4,2,2,4,0,2,0,4,2,2,3,4,4,2,1,4,4,0,2,2,4,4,1,0,2,1,2,3,3,1,2,4,0,2,0,2,2,1,3,0,3,4,4,2,2,4,4,1,4,2,4,2,2,4,3,3,3,1,2,2,3,1,4,1,2,2,4,4,2,1,2,3,2,0,2,2,1,2,0,4,3,2,1,2,2,2,4,0,4,1,4,1,4,3,2,4,4,0,4,2,4,2,4,4,3,2,4,4,2,3,1,0,3,4,0,4,1,2,4,3,0,1,4,2,4,1,2,1,2,1,0,4,2,3,4,0,4,2,1,4,2,1,3,3,4,1,0,0,1,2,0,1,0,4,4,0,2,4,4,4,1,0,2,1,4,1,2,3,3,2,2,2,1,2,0,2,1,4,0,2,0,4,3,0,4,4,2,4,4,1,3,4,2,4,4,2,4,4,0,0,1,2,2,0,0,0,1,4,2,4,3,1,0,2,2,2,0,1,3,4,4,3,1,0,3,4,4,0,2,1,2,0,4,4,4,0,4,4,3,4,2,2,4,3,2,2,1,2,2,2,2,4,4,2,2,4,4,3,2,2,2,2,2,2,4]",ok,
169,kmeans,7,0.15,0.26221492552124215,14,"fused_4_veryhigh, fused_5_low, fused_1_high, fused_5_verylow, fused_3_medium, fused_1_medium, fused_3_high, fused_3_verylow, fused_2_medium, fused_3_low, fused_1_veryhigh, fused_2_high, fused_2_low+fused_4_megahigh, fused_5_medium","[344, 479, 308, 312, 356]",0.8,0.5,4.0,"{""fused_1"":0.5229123046862096,""fused_2"":0.13098949449842234,""fused_3"":0.39823251249514324,""fused_4"":0.5519296768228129,""fused_5"":0.36015264623344456}","{""fused_4_veryhigh"":0.6410138862744464,""fused_5_low"":0.6620360475850171,""fused_1_high"":0.7862915226485246,""fused_5_verylow"":0.668279861925982,""fused_3_medium"":0.7410015644487828,""fused_1_medium"":0.7519965554688406,""fused_3_high"":0.705154715235435,""fused_3_verylow"":0.5911972677357997,""fused_2_medium"":0.4390261797712562,""fused_3_low"":0.6831138870758771,""fused_1_veryhigh"":0.6812785627623323,""fused_2_high"":0.4463562526505168,""fused_2_low+fused_4_megahigh"":0.44533489396096093,""fused_5_medium"":0.713482732556853}","{""fused_1"":0.17253590246203274,""fused_2"":0.27370135337453555,""fused_3"":0.18893403322129743,""fused_4"":0.16945765210385222,""fused_5"":0.19537105883828196}","{""fused_4_veryhigh"":0.07080973976333098,""fused_5_low"":0.07005217089113136,""fused_1_high"":0.06614864407976187,""fused_5_verylow"":0.06983331943255508,""fused_3_medium"":0.06746975025379072,""fused_1_medium"":0.06713930796002615,""fused_3_high"":0.06859419116423082,""fused_3_verylow"":0.0727452551443781,""fused_2_medium"":0.0803314004003505,""fused_3_low"":0.06932413182911294,""fused_1_veryhigh"":0.06938632772088725,""fused_2_high"":0.07988923636921277,""fused_2_low+fused_4_megahigh"":0.07995026404931985,""fused_5_medium"":0.06832626094191159}","{""fused_1"":0.8626795123101637,""fused_2"":1.3685067668726778,""fused_3"":0.9446701661064871,""fused_4"":0.8472882605192611,""fused_5"":0.9768552941914098}","{""fused_4_veryhigh"":0.9913363566866337,""fused_5_low"":0.980730392475839,""fused_1_high"":0.9260810171166662,""fused_5_verylow"":0.9776664720557711,""fused_3_medium"":0.9445765035530701,""fused_1_medium"":0.9399503114403661,""fused_3_high"":0.9603186762992315,""fused_3_verylow"":1.0184335720212934,""fused_2_medium"":1.124639605604907,""fused_3_low"":0.9705378456075812,""fused_1_veryhigh"":0.9714085880924215,""fused_2_high"":1.118449309168979,""fused_2_low+fused_4_megahigh"":1.119303696690478,""fused_5_medium"":0.9565676531867623}",0.14526298114503264,0.039466370205669815,"[1,1,1,1,1,3,1,4,1,0,4,3,4,2,2,2,3,2,1,1,2,2,1,1,2,1,3,0,3,1,1,3,1,2,1,0,2,0,2,0,0,1,3,3,2,1,1,1,0,4,0,4,3,0,3,1,0,2,0,0,2,1,1,0,0,2,0,0,1,1,2,0,1,0,1,1,2,3,3,1,3,2,3,1,1,1,1,1,3,1,0,3,1,2,3,0,4,0,0,2,3,4,3,0,1,4,1,2,3,1,3,4,3,3,2,2,0,2,1,1,2,3,0,3,0,2,2,4,2,2,1,2,1,0,2,1,2,2,2,1,3,2,4,1,1,1,2,3,2,3,1,1,2,1,1,1,3,1,3,1,1,4,1,3,1,1,3,0,1,1,3,2,1,0,3,1,1,4,4,1,2,1,2,1,4,0,3,3,0,3,1,1,2,0,0,0,1,1,0,1,2,3,0,0,4,1,3,4,0,1,0,2,1,1,2,0,3,3,2,1,1,0,1,2,1,0,1,3,0,2,1,0,3,0,0,3,0,0,0,0,3,1,1,0,1,0,2,1,0,4,4,2,0,1,1,2,0,0,2,1,0,0,1,1,3,2,0,2,0,0,3,1,1,0,4,1,2,2,1,0,0,2,0,1,0,1,2,0,2,4,1,3,2,0,2,1,1,3,2,1,0,1,1,1,3,3,0,3,3,3,4,1,3,2,2,0,3,1,1,2,2,2,4,2,0,1,3,2,3,2,1,4,1,2,3,1,0,1,3,3,3,0,2,2,1,1,0,0,0,0,0,1,0,1,3,2,0,0,2,0,1,2,1,1,0,0,3,1,0,0,2,0,1,3,0,3,2,3,0,1,2,3,1,2,3,1,1,1,3,0,1,2,4,2,0,1,0,3,3,1,2,2,3,1,0,0,2,4,2,0,3,0,1,3,1,4,2,1,3,1,0,4,3,1,0,1,1,2,1,1,0,3,4,4,1,2,1,1,2,0,2,0,4,2,4,3,0,1,0,0,4,2,4,0,3,4,3,0,1,1,3,2,2,3,1,2,3,2,0,2,2,2,3,1,3,4,0,1,0,1,1,0,2,2,3,2,4,4,1,1,0,0,1,1,1,3,3,4,0,4,2,1,2,0,2,2,1,0,3,0,2,3,2,0,2,2,3,1,0,0,1,0,2,0,3,1,1,3,1,0,0,1,0,1,0,2,3,0,3,1,1,3,4,1,2,4,1,3,1,1,2,4,3,1,0,1,4,1,3,1,2,0,3,3,3,1,1,2,2,0,0,1,4,1,0,4,2,0,3,1,2,4,0,4,3,2,2,2,3,3,2,1,0,0,2,1,1,1,2,3,1,2,1,1,1,2,2,2,3,1,1,2,2,4,2,0,1,4,0,0,3,2,0,1,1,1,2,3,3,4,0,3,2,3,0,0,3,0,1,4,2,0,1,3,3,0,1,2,1,2,2,1,3,3,0,3,0,1,1,1,4,0,1,2,1,0,2,0,1,1,4,2,3,1,0,4,4,4,0,4,1,1,4,2,1,2,1,0,1,2,1,1,0,2,1,1,4,1,0,1,0,3,1,4,1,1,1,1,2,4,2,3,0,2,3,2,4,1,4,3,2,1,1,1,2,4,1,2,0,4,2,0,2,4,4,3,2,2,2,4,1,1,3,2,1,1,4,3,4,4,4,0,4,4,0,2,4,1,3,4,2,4,3,4,2,3,0,3,4,0,0,3,2,1,3,1,1,2,1,4,1,1,1,2,2,1,3,3,4,3,3,4,2,3,0,2,0,2,1,1,3,4,1,3,1,1,3,1,1,0,0,1,4,3,1,4,3,2,4,2,0,1,0,1,2,0,1,4,1,4,0,1,1,2,4,0,1,1,1,1,0,4,2,2,0,3,2,0,1,2,1,4,2,0,3,2,4,3,4,1,3,1,2,1,2,4,3,0,3,1,2,0,3,0,2,3,0,4,1,3,0,4,1,3,0,4,1,4,2,3,4,0,2,4,2,0,4,3,1,4,4,3,4,1,3,4,3,3,2,2,3,1,3,2,2,1,0,4,0,3,2,1,4,2,0,4,1,4,0,2,0,3,1,4,1,4,1,3,4,2,3,0,2,1,3,0,0,1,0,2,3,3,4,4,4,2,0,1,2,3,0,2,0,3,0,2,4,4,2,0,4,1,2,1,3,4,4,4,0,4,4,4,1,2,1,0,3,3,4,4,0,1,3,1,2,3,0,2,4,2,3,4,3,4,0,4,4,1,1,2,2,0,2,0,4,4,1,4,4,4,1,3,2,0,2,1,0,1,3,3,4,4,0,0,2,1,1,3,0,3,4,1,4,4,3,4,4,2,3,4,4,4,4,4,0,2,4,0,4,3,1,3,4,3,3,4,4,0,2,1,1,1,4,4,3,0,1,4,4,3,4,1,3,1,3,3,4,0,4,2,0,4,0,4,4,2,4,4,4,3,4,4,0,1,0,2,3,2,1,2,0,4,0,1,4,2,4,3,0,2,1,2,1,3,1,0,4,1,2,4,4,1,2,0,0,2,4,3,0,3,1,3,3,2,4,3,3,4,1,3,3,3,3,4,4,4,0,4,4,3,3,4,2,0,0,4,3,1,1,0,2,1,3,4,4,1,3,4,4,1,0,3,3,4,0,1,1,4,0,1,1,0,1,2,1,1,4,4,3,4,1,4,4,1,0,2,0,2,0,2,2,4,1,3,3,0,4,4,1,0,1,2,4,4,2,2,3,1,4,4,3,1,3,4,0,3,4,0,4,4,1,4,0,4,0,4,4,4,4,4,1,0,0,3,3,4,0,1,4,2,4,4,0,1,1,3,4,0,1,0,0,4,4,4,4,1,4,0,1,1,1,4,4,1,0,2,3,1,0,4,1,2,4,1,3,1,1,0,1,1,0,2,1,1,1,4,1,0,1,0,0,2,0,0,2,4,0,0,4,2,2,1,2,2,1,1,1,2,2,0,3,3,3,4,0,3,4,1,4,1,3,0,2,1,3,2,2,1,1,1,4,3,4,2,1,2,0,3,2,3,4,2,4,1,4,1,1,0,1,1,1,0,3,1,2,4,4,4,4,4,2,1,0,3,4,3,4,0,1,1,0,2,2,4,0,0,4,4,0,2,1,4,0,3,1,4,3,4,1,0,1,3,1,4,4,0,3,0,3,3,1,1,3,0,1,3,1,1,3,0,1,0,2,0,4,1,1,2,1,0,1,3,2,1,1,0,1,0,0,1,3,3,0,1,3,0,3,4,1,4,3,4,1,3,0,3,1,1,3,1,3,1,3,0,4,4,3,3,4,2,4,1,4,4,1,4,1,1,1,1,0,4,2,4,4,4,0,3,3,4,4,4,4,1,1,0,4,2,3,1,1,1,1,4,3,1,2,4,0,3,2,2,1,0,0,2,0,2,3,4,4,0,1,3,1,4,4,1,2,4,2,1,4,4,0,3,1,4,0,1,1,2,3,4,3,3,1,2,4,1,4,1,0,1,4,3,2,4,2,4,4,3,1,2,0,3,3,4,4,1,0,0,3,4,3,4,4,3,1,1,0,3,4,4,1,1,3,1,4,4,1,1,4,3,4,1,4,2,4,3,0,4,2,1,1,4,3,4,4,4,1,2,1,0,1,1,1,1,4,1,3,2,3,4,1,4,3,1,0,4,0,4,4,1,0,2,1,3,2,3,1,4,0,3,2,0,1,4,3,0,4,1,4,3,2,1,4,0,1,2,1,4,0,3,4,3,1,0,0,1,2,2,1,4,2,1,2,1,3,2,4,0,3,0,1,2,4,0,0,0,4,1,1,4,4,4,1,4,2,4,0,0,2,4,2,1,3,2,1,3,4,3,3,0,0,3,4,3,0,4,1,3,1,2,0,4,4,2,2,2,1,1,4,1,0,1,2,4,3,4,2,0,1,1,1,3,0,2,0,3,3,2,4,3,4,2,0,3,1,2,3,0,0,0,4,3,0,0,4,4,0,4,4,4,4,1,1,4,4,1,0,0,4,3,4,4,4,4,0]",ok,
170,kmeans,7,0.1,0.24212558267656975,21,"fused_3_medium, fused_1_medium, fused_3_low, fused_2_low+fused_4_megahigh, fused_5_medium, fused_4_veryhigh+fused_5_verylow, fused_3_verylow+fused_4_veryhigh, fused_4_veryhigh+fused_5_low, fused_1_low, fused_4_megahigh+fused_5_low, fused_3_high+fused_4_megahigh, fused_2_medium+fused_4_veryhigh, fused_2_high+fused_4_veryhigh, fused_5_megahigh, fused_5_high, fused_1_high+fused_4_veryhigh, fused_1_megahigh, fused_2_veryhigh, fused_2_low+fused_5_verylow, fused_1_veryhigh+fused_4_veryhigh, fused_2_high+fused_3_verylow","[200, 352, 307, 312, 628]",0.9,0.7,5.0,"{""fused_1"":0.5540999396681986,""fused_2"":0.2324390427689514,""fused_3"":0.5547661958645956,""fused_4"":0.582865006266885,""fused_5"":0.3040234221545006}","{""fused_3_medium"":0.595272840351845,""fused_1_medium"":0.5791673863512914,""fused_3_low"":0.5403315210434109,""fused_2_low+fused_4_megahigh"":0.2965959804307995,""fused_5_medium"":0.522646287576674,""fused_4_veryhigh+fused_5_verylow"":0.33498152028640527,""fused_3_verylow+fused_4_veryhigh"":0.40542666491452006,""fused_4_veryhigh+fused_5_low"":0.4571693076778482,""fused_1_low"":0.5497540393339628,""fused_4_megahigh+fused_5_low"":0.45018067114887755,""fused_3_high+fused_4_megahigh"":0.4865393271558717,""fused_2_medium+fused_4_veryhigh"":0.3060432156192778,""fused_2_high+fused_4_veryhigh"":0.337902472999313,""fused_5_megahigh"":0.31100549202743166,""fused_5_high"":0.46490707833152756,""fused_1_high+fused_4_veryhigh"":0.4929930060547173,""fused_1_megahigh"":0.5220221086141584,""fused_2_veryhigh"":0.31816780316410537,""fused_2_low+fused_5_verylow"":0.46939495436414214,""fused_1_veryhigh+fused_4_veryhigh"":0.450546300746259,""fused_2_high+fused_3_verylow"":0.3612050004468633}","{""fused_1"":0.1854737832863625,""fused_2"":0.23046357099970108,""fused_3"":0.1854180711908718,""fused_4"":0.18314183484964236,""fused_5"":0.2155027396734224}","{""fused_3_medium"":0.043834797949224055,""fused_1_medium"":0.04413640961829769,""fused_3_low"":0.04490895507932062,""fused_2_low+fused_4_megahigh"":0.052174309586771495,""fused_5_medium"":0.04528413314242309,""fused_4_veryhigh+fused_5_verylow"":0.050610754733557604,""fused_3_verylow+fused_4_veryhigh"":0.048252514385725656,""fused_4_veryhigh+fused_5_low"":0.04682510496370578,""fused_1_low"":0.04471527631940731,""fused_4_megahigh+fused_5_low"":0.047005785561520144,""fused_3_high+fused_4_megahigh"":0.046101869659186244,""fused_2_medium+fused_4_veryhigh"":0.05176692126793501,""fused_2_high+fused_4_veryhigh"":0.05050102390837872,""fused_5_megahigh"":0.05155918116695992,""fused_5_high"":0.046629041309032594,""fused_1_high+fused_4_veryhigh"":0.04595024555440466,""fused_1_megahigh"":0.04529766357428337,""fused_2_veryhigh"":0.05126653540183356,""fused_2_low+fused_5_verylow"":0.046517184619647434,""fused_1_veryhigh+fused_4_veryhigh"":0.046996246065141405,""fused_2_high+fused_3_verylow"":0.04966604613324377}","{""fused_1"":0.9273689164318124,""fused_2"":1.1523178549985054,""fused_3"":0.9270903559543591,""fused_4"":0.9157091742482117,""fused_5"":1.077513698367112}","{""fused_3_medium"":0.9205307569337051,""fused_1_medium"":0.9268646019842516,""fused_3_low"":0.943088056665733,""fused_2_low+fused_4_megahigh"":1.0956605013222014,""fused_5_medium"":0.950966795990885,""fused_4_veryhigh+fused_5_verylow"":1.0628258494047096,""fused_3_verylow+fused_4_veryhigh"":1.0133028021002388,""fused_4_veryhigh+fused_5_low"":0.9833272042378214,""fused_1_low"":0.9390208027075535,""fused_4_megahigh+fused_5_low"":0.9871214967919231,""fused_3_high+fused_4_megahigh"":0.9681392628429111,""fused_2_medium+fused_4_veryhigh"":1.0871053466266352,""fused_2_high+fused_4_veryhigh"":1.060521502075953,""fused_5_megahigh"":1.0827428045061582,""fused_5_high"":0.9792098674896845,""fused_1_high+fused_4_veryhigh"":0.9649551566424979,""fused_1_megahigh"":0.9512509350599508,""fused_2_veryhigh"":1.0765972434385047,""fused_2_low+fused_5_verylow"":0.9768608770125962,""fused_1_veryhigh+fused_4_veryhigh"":0.9869211673679695,""fused_2_high+fused_3_verylow"":1.042986968798119}",0.17931520202194567,0.08449138410227905,"[4,4,4,4,4,0,4,1,4,4,1,4,1,2,2,2,4,2,4,4,2,2,4,4,2,4,4,3,4,3,4,0,4,2,4,4,2,3,2,4,4,3,4,4,2,4,4,4,3,1,3,1,0,3,0,4,4,2,4,3,2,4,4,4,3,2,3,3,4,4,2,4,4,3,4,4,2,0,0,4,4,2,0,4,4,4,4,4,0,4,4,4,4,2,4,3,1,4,3,2,0,1,4,3,4,1,3,2,0,4,4,1,4,4,2,2,3,2,3,4,2,0,3,0,4,2,2,1,2,2,4,2,4,4,2,4,2,2,2,4,4,2,1,4,4,4,2,0,2,4,4,4,2,4,4,4,0,4,0,4,4,1,3,0,4,4,0,3,3,4,4,2,4,3,0,4,4,1,1,4,2,4,2,4,1,3,4,4,4,0,4,4,2,4,3,4,4,4,3,3,2,0,4,4,1,3,0,1,3,4,4,2,4,4,2,3,0,0,2,4,4,4,4,2,4,3,4,4,3,2,4,3,0,3,3,4,4,3,3,3,0,3,4,4,4,4,2,4,3,1,1,2,3,4,4,2,3,4,2,4,3,3,4,4,0,2,4,2,4,3,0,4,4,4,1,4,2,2,4,3,3,2,3,4,3,4,2,3,2,1,4,4,2,4,2,4,4,0,2,4,3,4,3,4,0,0,3,4,3,0,1,4,4,2,2,3,4,4,4,2,2,2,1,2,4,4,0,2,0,2,3,1,4,2,4,4,3,4,4,4,4,3,2,2,3,3,4,4,3,3,4,3,3,4,0,2,3,3,2,4,4,2,4,4,3,4,4,3,3,4,2,4,4,0,3,4,2,4,3,4,2,0,4,2,0,4,4,4,0,3,4,2,1,2,4,4,3,0,4,4,2,2,4,4,3,4,2,1,2,3,0,3,4,4,4,1,2,4,0,4,3,1,4,4,3,4,3,2,4,4,3,0,1,1,4,2,4,4,2,4,2,4,1,2,1,0,3,4,3,4,1,2,1,3,4,1,0,3,4,3,0,2,2,0,4,2,0,2,4,2,2,2,0,4,0,1,3,4,3,4,4,4,2,2,0,2,1,1,4,4,3,4,4,4,4,0,0,1,3,1,2,3,2,3,2,2,3,3,0,3,2,0,2,4,2,2,0,4,4,3,4,4,2,3,0,4,3,0,4,3,3,4,3,4,3,2,0,4,4,4,4,4,1,4,2,1,4,4,4,4,2,1,4,4,4,4,1,4,0,4,2,3,4,0,0,3,4,2,2,4,3,4,1,4,4,1,2,3,4,4,2,1,4,1,4,2,2,2,0,4,2,4,3,3,2,4,4,4,2,0,4,2,4,4,4,2,2,2,0,4,4,2,2,1,2,3,4,1,3,3,4,2,3,3,4,4,2,0,0,1,3,0,2,0,4,3,0,4,4,1,2,4,3,3,0,3,4,2,4,2,2,4,0,4,4,0,3,4,4,3,1,3,4,2,3,3,2,4,4,4,1,2,4,4,4,1,1,1,4,1,4,4,1,2,4,2,4,3,4,2,4,3,4,2,3,4,1,4,4,4,4,0,4,1,4,4,3,4,2,1,2,0,3,2,4,2,1,4,1,4,2,4,4,4,2,1,4,2,3,1,2,3,2,1,1,0,2,2,2,1,4,3,0,2,4,4,1,4,1,1,1,3,1,1,4,2,1,4,4,1,2,1,4,1,2,4,4,0,4,3,3,4,2,4,0,4,3,2,4,1,4,3,4,2,2,4,0,0,1,0,4,1,2,0,3,2,4,2,4,3,0,1,4,0,4,4,4,4,3,4,4,4,1,0,4,1,0,2,1,2,4,4,4,4,2,4,4,1,3,1,3,4,4,2,1,4,3,4,3,4,3,1,2,2,4,4,2,3,3,2,4,1,2,3,0,2,1,0,1,3,0,4,2,3,2,1,0,3,0,4,2,4,0,4,2,0,4,1,4,0,4,1,3,0,3,1,3,1,2,0,1,4,2,1,2,3,1,4,4,1,1,0,1,4,0,1,0,0,2,2,4,4,0,2,2,4,3,1,3,4,2,4,1,2,4,1,4,1,3,2,4,0,3,1,4,1,4,0,1,2,4,3,2,4,4,4,3,3,3,2,0,4,1,1,1,2,3,4,2,0,4,2,3,0,4,2,1,1,2,4,1,3,2,4,0,1,1,1,4,1,1,1,4,2,3,3,0,0,1,1,3,4,0,3,2,4,3,2,1,2,4,1,0,1,3,1,1,3,4,2,2,3,2,3,1,1,4,1,1,1,4,0,2,4,2,3,3,4,0,0,1,1,3,3,2,4,4,0,3,0,1,4,1,1,0,4,1,2,4,1,1,1,1,1,3,2,1,3,1,0,4,0,1,0,0,1,1,3,2,4,4,4,1,1,0,4,4,1,1,0,1,4,0,4,4,0,1,3,1,2,3,1,3,1,1,2,1,1,1,0,1,1,4,4,4,2,4,2,3,4,3,1,3,3,1,2,1,0,3,2,4,2,4,0,4,4,1,4,2,1,1,4,2,3,4,2,1,4,4,0,4,4,0,2,1,4,4,1,4,4,4,0,0,1,1,1,3,1,1,0,0,1,2,3,3,1,0,3,4,4,2,4,4,1,1,3,4,1,1,4,3,0,0,1,3,3,4,1,3,4,3,3,4,2,3,4,1,1,0,1,4,1,1,4,3,2,4,2,3,2,2,1,4,4,0,4,1,1,4,3,4,2,1,1,2,2,4,3,1,1,0,4,0,1,3,0,1,3,1,1,4,1,3,1,4,4,1,1,1,1,3,3,4,0,0,1,3,4,1,2,1,1,3,4,4,4,1,3,4,4,3,1,1,1,1,3,1,3,4,3,3,1,1,3,3,2,4,3,4,1,4,2,1,4,0,4,4,3,4,4,4,2,4,3,4,1,4,3,4,3,3,2,3,3,2,1,3,4,1,2,2,4,2,2,3,4,4,2,2,3,0,4,0,1,3,4,1,4,1,4,0,4,2,4,0,2,2,4,4,4,1,0,1,2,4,2,4,4,2,0,1,2,1,4,1,4,4,4,3,4,4,3,4,3,2,1,1,1,1,1,2,4,3,4,1,4,1,3,3,4,3,2,2,1,3,3,1,1,3,2,4,1,3,4,4,1,4,1,3,3,4,4,4,1,1,3,4,3,0,0,4,4,0,3,4,0,3,4,4,3,3,4,2,3,1,4,4,2,4,4,4,0,2,4,4,4,4,3,3,4,0,0,4,3,4,4,0,1,3,1,0,1,4,4,4,4,3,4,0,4,0,4,0,3,1,1,0,0,1,2,1,4,1,1,4,1,3,3,4,3,4,1,2,1,1,1,3,4,0,1,1,1,1,4,3,4,1,2,0,4,4,4,4,1,4,4,2,4,3,0,2,2,4,3,3,2,4,2,0,1,1,3,4,0,4,1,1,4,2,1,2,4,1,1,4,0,4,1,3,4,4,2,4,1,0,0,3,2,1,3,1,4,4,3,1,0,2,1,2,1,1,3,4,2,4,4,0,1,1,4,3,3,0,1,0,1,1,0,4,4,4,0,1,1,4,3,0,3,1,1,4,4,1,0,1,4,1,2,1,4,3,1,2,4,4,1,0,1,1,1,4,2,4,3,4,3,4,4,1,4,0,2,0,1,4,1,4,4,4,1,3,1,1,4,3,2,4,0,2,4,4,1,3,4,2,3,4,1,0,3,1,3,1,0,2,4,1,4,4,2,4,1,3,0,1,0,4,4,3,3,2,2,3,1,2,3,2,4,4,2,1,3,0,3,3,2,1,3,3,3,1,4,4,1,1,1,4,1,2,1,3,3,2,1,2,4,4,2,4,0,1,0,0,3,4,0,1,0,3,1,4,0,4,2,3,1,1,2,2,2,4,4,1,4,4,3,2,1,4,1,2,3,4,4,4,4,3,2,4,0,1,2,1,0,1,2,3,0,4,2,0,3,4,3,1,4,3,4,1,1,3,1,1,1,1,4,4,1,1,4,3,4,1,4,1,1,1,4,3]",ok,
