job_index,strategy,n_bins,min_support,final_score,score_delta,n_selected_features,selected_features,cluster_sizes,alpha,mu_param,gamma,beta,final_numeric_phi,final_categorical_phi,final_numeric_weights,final_categorical_weights,final_numeric_weights_scaled,final_categorical_weights_scaled,silhouette_sample_std,silhouette_negative_fraction,cluster_assignments,status,error_message
0,uniform,3,1.0,0.4274857368399357,0.0,0,,[],,,,,,,,,,,,,,baseline_no_features,
1,uniform,3,0.95,0.4274857368399357,0.0,0,,[],,,,,,,,,,,,,,baseline_no_features,
2,uniform,3,0.9,0.4274857368399357,0.0,0,,[],,,,,,,,,,,,,,baseline_no_features,
3,uniform,3,0.85,0.4274857368399357,0.0,0,,[],,,,,,,,,,,,,,baseline_no_features,
4,uniform,3,0.8,0.419978657674251,-0.0075070791656847,1,fused_4_high,"[177, 164, 156, 58, 1244]",0.7,0.8,0.8,2.0,"{""fused_1"":0.5077140781495163,""fused_2"":0.4745347972793891,""fused_3"":0.6520593548765186,""fused_4"":0.5457211854367519,""fused_5"":0.5816490947459002}","{""fused_4_high"":0.16209084493100823}","{""fused_1"":0.21497087788619587,""fused_2"":0.23000155461881178,""fused_3"":0.1673831381740561,""fused_4"":0.1999990911249528,""fused_5"":0.18764533819598364}","{""fused_4_high"":1.0}","{""fused_1"":1.0748543894309794,""fused_2"":1.150007773094059,""fused_3"":0.8369156908702804,""fused_4"":0.9999954556247639,""fused_5"":0.9382266909799182}","{""fused_4_high"":1.0}",0.2208221528216104,0.0678154530294608,"[0,4,0,0,4,4,4,3,4,4,2,4,2,4,4,4,4,4,0,0,4,4,0,0,4,0,4,4,4,4,4,4,0,4,0,4,4,4,4,4,4,4,4,4,4,0,4,4,4,2,4,1,4,4,4,4,4,4,4,4,4,0,0,4,4,4,4,4,4,4,4,4,4,4,0,4,4,4,4,0,4,4,4,4,4,0,0,0,4,0,4,4,4,4,4,4,2,4,4,4,4,2,4,4,4,2,4,4,4,0,4,3,4,4,4,4,4,4,4,4,4,4,4,4,4,4,4,1,4,4,4,4,4,4,4,4,4,4,4,0,4,4,1,0,0,0,4,4,4,4,4,4,4,0,0,4,4,0,4,4,0,1,4,4,4,0,4,4,4,4,4,4,0,4,4,4,4,3,2,4,4,0,4,0,2,4,4,4,4,4,0,0,4,4,4,4,0,0,4,4,4,4,4,4,2,4,4,1,4,0,4,4,4,0,4,4,4,4,4,4,4,4,0,4,0,4,0,4,4,4,0,4,4,4,4,4,4,4,4,4,4,4,0,4,4,4,4,4,4,2,2,4,4,0,0,4,4,4,4,0,4,4,0,4,4,4,4,4,4,4,4,4,4,4,1,0,4,4,4,4,4,4,4,4,4,0,4,4,4,1,4,4,4,4,4,4,4,4,4,0,4,4,4,0,4,4,4,4,4,4,2,0,4,4,4,4,4,4,4,4,4,4,2,4,4,0,4,4,4,4,4,2,4,4,4,4,4,4,4,4,4,4,4,4,4,4,4,4,4,4,4,4,4,4,4,4,4,4,4,3,4,4,4,4,4,4,4,4,4,4,4,4,0,4,4,4,4,4,4,4,4,4,0,4,4,0,4,4,4,4,4,4,2,4,4,4,4,4,4,4,4,4,4,4,4,4,4,1,4,4,4,4,4,4,0,2,4,4,4,4,4,2,4,0,4,0,4,4,4,4,4,4,2,2,4,4,0,4,4,4,4,4,2,4,1,4,4,4,4,4,1,4,1,4,4,2,4,4,4,4,4,4,4,4,0,4,4,4,4,4,4,4,4,0,4,1,4,0,4,0,0,4,4,4,4,4,2,2,0,4,4,4,0,4,0,4,4,2,4,1,4,4,4,4,4,4,4,4,4,4,4,4,4,4,4,4,4,4,4,4,0,4,4,4,4,4,4,4,4,4,4,4,4,4,4,4,4,4,4,4,4,4,2,4,4,2,4,4,0,0,4,2,4,0,4,0,2,0,4,0,4,4,4,4,4,4,0,4,4,4,4,4,1,4,4,2,4,4,4,0,4,2,4,1,4,4,4,4,4,4,4,4,4,4,4,4,4,4,4,4,0,4,4,0,4,4,4,4,4,0,0,4,4,2,4,4,0,1,4,4,4,4,4,4,0,4,4,4,4,1,4,4,4,4,4,4,4,4,0,2,4,4,4,4,4,4,0,4,4,4,4,4,4,4,4,4,4,0,4,4,2,4,0,4,4,4,4,4,0,0,1,4,4,0,4,3,3,2,4,2,0,4,3,4,0,4,4,4,4,4,4,4,4,4,4,0,2,0,4,4,4,4,4,1,4,0,4,4,4,2,4,4,4,4,4,4,1,0,3,4,4,4,0,4,4,1,4,4,4,2,4,4,4,2,2,4,4,4,4,1,4,4,4,4,4,4,1,4,1,1,3,4,3,1,4,4,1,4,4,2,4,1,4,1,4,4,4,4,3,4,4,4,4,0,4,4,4,4,4,1,4,4,3,4,4,0,4,4,2,4,4,1,4,4,4,4,4,4,0,4,4,3,0,4,4,0,4,4,4,4,4,0,2,4,0,1,4,4,2,4,4,0,4,4,4,4,4,2,4,1,4,4,0,4,1,4,4,0,4,0,4,2,4,4,4,3,4,4,4,4,4,1,4,4,4,4,3,4,3,4,4,0,4,4,4,1,4,4,4,4,4,4,4,4,4,4,4,2,0,4,4,1,4,4,4,1,4,3,4,4,3,4,4,2,4,4,1,4,4,1,2,4,1,4,4,2,4,4,4,4,3,4,4,4,4,4,4,2,4,4,4,0,2,4,4,1,0,3,4,4,4,4,4,2,4,2,4,4,2,4,4,4,4,4,4,4,4,4,4,4,4,4,2,3,3,4,4,4,4,4,4,4,4,4,4,4,2,2,4,4,2,4,4,4,4,1,1,1,4,1,2,1,4,4,4,4,4,4,2,1,4,4,4,4,4,3,4,4,2,4,3,1,4,3,4,3,2,4,4,4,4,4,4,4,2,1,0,2,1,1,0,4,4,4,4,4,4,0,4,4,1,1,4,4,4,4,4,4,4,4,1,3,1,1,4,3,2,4,4,2,1,1,2,2,4,4,1,4,1,4,0,4,1,4,4,3,3,4,4,0,0,4,3,1,4,4,4,1,1,4,2,4,4,0,3,4,2,4,1,4,4,2,4,1,1,4,2,1,1,4,1,1,4,0,4,4,4,4,4,4,4,1,4,4,2,4,2,4,4,4,4,4,4,4,4,4,2,0,4,1,2,0,4,4,4,4,1,4,4,4,4,3,4,4,1,3,3,2,0,4,4,4,4,1,1,1,4,1,2,4,4,1,4,4,4,3,4,4,0,4,4,4,3,1,1,4,4,1,2,0,4,4,4,2,4,4,4,1,4,0,4,4,4,4,4,0,1,2,4,2,4,1,1,0,4,4,4,4,4,4,4,1,4,3,4,4,1,1,4,4,0,4,2,2,4,4,4,4,3,1,4,0,4,1,4,4,1,4,2,2,4,1,4,1,4,3,2,1,1,1,4,4,4,4,4,1,4,0,1,4,1,1,4,4,4,4,1,4,4,4,4,2,2,2,1,4,1,4,4,4,4,2,2,4,4,4,4,4,4,1,4,4,1,4,4,4,4,4,4,4,4,4,0,4,0,1,4,4,4,4,4,4,4,4,4,2,4,3,2,4,4,4,4,4,4,0,4,4,4,4,4,4,4,3,4,3,2,4,1,4,4,4,4,0,4,4,4,4,0,4,2,4,2,4,0,4,4,4,4,4,1,4,2,0,1,4,4,4,4,0,4,4,4,4,4,2,1,1,2,2,4,4,4,4,1,4,2,4,4,0,4,4,4,1,4,4,1,1,4,4,0,2,4,4,0,3,4,2,4,4,0,4,0,1,2,4,3,4,4,4,0,0,4,4,4,4,4,4,4,4,4,4,4,4,1,0,0,4,4,4,4,4,4,0,0,4,0,4,4,4,4,4,4,4,4,4,4,2,4,1,4,2,4,4,4,4,4,0,4,0,4,0,4,4,2,1,4,4,2,4,2,4,1,2,0,3,4,4,4,4,4,2,4,1,2,1,4,4,4,2,1,1,2,4,4,4,2,4,4,0,4,0,0,1,4,4,4,3,4,4,4,4,0,4,4,4,4,4,4,1,1,4,0,4,4,1,1,4,4,2,4,4,1,1,4,4,4,1,4,0,4,4,3,2,4,4,4,4,2,4,1,0,4,4,1,4,4,1,4,2,2,4,0,4,4,4,4,2,2,4,4,4,4,1,4,2,2,4,0,0,4,4,1,2,0,4,4,4,1,1,4,0,2,4,2,0,2,4,1,3,4,2,4,4,0,2,4,3,2,2,4,4,0,4,4,4,4,4,2,4,4,4,4,2,4,2,4,4,4,1,4,3,1,4,4,4,4,4,4,4,4,2,4,4,4,4,4,1,4,4,2,4,1,4,4,0,2,4,4,4,0,1,4,4,1,4,4,4,4,4,4,4,4,2,4,4,4,0,4,4,1,4,4,4,4,4,2,4,4,4,2,4,0,1,2,3,4,1,4,1,4,4,4,2,4,0,4,4,4,4,1,4,4,4,4,4,1,4,4,1,4,4,3,4,4,1,2,4,4,4,4,0,2,4,4,4,4,1,3,2,4,4,0,4,4,4,4,4,4,4,4,4,2,4,2,4,4,4,4,4,4,4,4,4,3,3,4,4,1,2,4,1,2,2,2,4,4,2,1,4,4,4,1,3,2,1,1,3,4]",ok,
5,uniform,3,0.75,0.419978657674251,-0.0075070791656847,1,fused_4_high,"[177, 164, 156, 58, 1244]",0.7,0.8,0.8,2.0,"{""fused_1"":0.5077140781495163,""fused_2"":0.4745347972793891,""fused_3"":0.6520593548765186,""fused_4"":0.5457211854367519,""fused_5"":0.5816490947459002}","{""fused_4_high"":0.16209084493100823}","{""fused_1"":0.21497087788619587,""fused_2"":0.23000155461881178,""fused_3"":0.1673831381740561,""fused_4"":0.1999990911249528,""fused_5"":0.18764533819598364}","{""fused_4_high"":1.0}","{""fused_1"":1.0748543894309794,""fused_2"":1.150007773094059,""fused_3"":0.8369156908702804,""fused_4"":0.9999954556247639,""fused_5"":0.9382266909799182}","{""fused_4_high"":1.0}",0.2208221528216104,0.0678154530294608,"[0,4,0,0,4,4,4,3,4,4,2,4,2,4,4,4,4,4,0,0,4,4,0,0,4,0,4,4,4,4,4,4,0,4,0,4,4,4,4,4,4,4,4,4,4,0,4,4,4,2,4,1,4,4,4,4,4,4,4,4,4,0,0,4,4,4,4,4,4,4,4,4,4,4,0,4,4,4,4,0,4,4,4,4,4,0,0,0,4,0,4,4,4,4,4,4,2,4,4,4,4,2,4,4,4,2,4,4,4,0,4,3,4,4,4,4,4,4,4,4,4,4,4,4,4,4,4,1,4,4,4,4,4,4,4,4,4,4,4,0,4,4,1,0,0,0,4,4,4,4,4,4,4,0,0,4,4,0,4,4,0,1,4,4,4,0,4,4,4,4,4,4,0,4,4,4,4,3,2,4,4,0,4,0,2,4,4,4,4,4,0,0,4,4,4,4,0,0,4,4,4,4,4,4,2,4,4,1,4,0,4,4,4,0,4,4,4,4,4,4,4,4,0,4,0,4,0,4,4,4,0,4,4,4,4,4,4,4,4,4,4,4,0,4,4,4,4,4,4,2,2,4,4,0,0,4,4,4,4,0,4,4,0,4,4,4,4,4,4,4,4,4,4,4,1,0,4,4,4,4,4,4,4,4,4,0,4,4,4,1,4,4,4,4,4,4,4,4,4,0,4,4,4,0,4,4,4,4,4,4,2,0,4,4,4,4,4,4,4,4,4,4,2,4,4,0,4,4,4,4,4,2,4,4,4,4,4,4,4,4,4,4,4,4,4,4,4,4,4,4,4,4,4,4,4,4,4,4,4,3,4,4,4,4,4,4,4,4,4,4,4,4,0,4,4,4,4,4,4,4,4,4,0,4,4,0,4,4,4,4,4,4,2,4,4,4,4,4,4,4,4,4,4,4,4,4,4,1,4,4,4,4,4,4,0,2,4,4,4,4,4,2,4,0,4,0,4,4,4,4,4,4,2,2,4,4,0,4,4,4,4,4,2,4,1,4,4,4,4,4,1,4,1,4,4,2,4,4,4,4,4,4,4,4,0,4,4,4,4,4,4,4,4,0,4,1,4,0,4,0,0,4,4,4,4,4,2,2,0,4,4,4,0,4,0,4,4,2,4,1,4,4,4,4,4,4,4,4,4,4,4,4,4,4,4,4,4,4,4,4,0,4,4,4,4,4,4,4,4,4,4,4,4,4,4,4,4,4,4,4,4,4,2,4,4,2,4,4,0,0,4,2,4,0,4,0,2,0,4,0,4,4,4,4,4,4,0,4,4,4,4,4,1,4,4,2,4,4,4,0,4,2,4,1,4,4,4,4,4,4,4,4,4,4,4,4,4,4,4,4,0,4,4,0,4,4,4,4,4,0,0,4,4,2,4,4,0,1,4,4,4,4,4,4,0,4,4,4,4,1,4,4,4,4,4,4,4,4,0,2,4,4,4,4,4,4,0,4,4,4,4,4,4,4,4,4,4,0,4,4,2,4,0,4,4,4,4,4,0,0,1,4,4,0,4,3,3,2,4,2,0,4,3,4,0,4,4,4,4,4,4,4,4,4,4,0,2,0,4,4,4,4,4,1,4,0,4,4,4,2,4,4,4,4,4,4,1,0,3,4,4,4,0,4,4,1,4,4,4,2,4,4,4,2,2,4,4,4,4,1,4,4,4,4,4,4,1,4,1,1,3,4,3,1,4,4,1,4,4,2,4,1,4,1,4,4,4,4,3,4,4,4,4,0,4,4,4,4,4,1,4,4,3,4,4,0,4,4,2,4,4,1,4,4,4,4,4,4,0,4,4,3,0,4,4,0,4,4,4,4,4,0,2,4,0,1,4,4,2,4,4,0,4,4,4,4,4,2,4,1,4,4,0,4,1,4,4,0,4,0,4,2,4,4,4,3,4,4,4,4,4,1,4,4,4,4,3,4,3,4,4,0,4,4,4,1,4,4,4,4,4,4,4,4,4,4,4,2,0,4,4,1,4,4,4,1,4,3,4,4,3,4,4,2,4,4,1,4,4,1,2,4,1,4,4,2,4,4,4,4,3,4,4,4,4,4,4,2,4,4,4,0,2,4,4,1,0,3,4,4,4,4,4,2,4,2,4,4,2,4,4,4,4,4,4,4,4,4,4,4,4,4,2,3,3,4,4,4,4,4,4,4,4,4,4,4,2,2,4,4,2,4,4,4,4,1,1,1,4,1,2,1,4,4,4,4,4,4,2,1,4,4,4,4,4,3,4,4,2,4,3,1,4,3,4,3,2,4,4,4,4,4,4,4,2,1,0,2,1,1,0,4,4,4,4,4,4,0,4,4,1,1,4,4,4,4,4,4,4,4,1,3,1,1,4,3,2,4,4,2,1,1,2,2,4,4,1,4,1,4,0,4,1,4,4,3,3,4,4,0,0,4,3,1,4,4,4,1,1,4,2,4,4,0,3,4,2,4,1,4,4,2,4,1,1,4,2,1,1,4,1,1,4,0,4,4,4,4,4,4,4,1,4,4,2,4,2,4,4,4,4,4,4,4,4,4,2,0,4,1,2,0,4,4,4,4,1,4,4,4,4,3,4,4,1,3,3,2,0,4,4,4,4,1,1,1,4,1,2,4,4,1,4,4,4,3,4,4,0,4,4,4,3,1,1,4,4,1,2,0,4,4,4,2,4,4,4,1,4,0,4,4,4,4,4,0,1,2,4,2,4,1,1,0,4,4,4,4,4,4,4,1,4,3,4,4,1,1,4,4,0,4,2,2,4,4,4,4,3,1,4,0,4,1,4,4,1,4,2,2,4,1,4,1,4,3,2,1,1,1,4,4,4,4,4,1,4,0,1,4,1,1,4,4,4,4,1,4,4,4,4,2,2,2,1,4,1,4,4,4,4,2,2,4,4,4,4,4,4,1,4,4,1,4,4,4,4,4,4,4,4,4,0,4,0,1,4,4,4,4,4,4,4,4,4,2,4,3,2,4,4,4,4,4,4,0,4,4,4,4,4,4,4,3,4,3,2,4,1,4,4,4,4,0,4,4,4,4,0,4,2,4,2,4,0,4,4,4,4,4,1,4,2,0,1,4,4,4,4,0,4,4,4,4,4,2,1,1,2,2,4,4,4,4,1,4,2,4,4,0,4,4,4,1,4,4,1,1,4,4,0,2,4,4,0,3,4,2,4,4,0,4,0,1,2,4,3,4,4,4,0,0,4,4,4,4,4,4,4,4,4,4,4,4,1,0,0,4,4,4,4,4,4,0,0,4,0,4,4,4,4,4,4,4,4,4,4,2,4,1,4,2,4,4,4,4,4,0,4,0,4,0,4,4,2,1,4,4,2,4,2,4,1,2,0,3,4,4,4,4,4,2,4,1,2,1,4,4,4,2,1,1,2,4,4,4,2,4,4,0,4,0,0,1,4,4,4,3,4,4,4,4,0,4,4,4,4,4,4,1,1,4,0,4,4,1,1,4,4,2,4,4,1,1,4,4,4,1,4,0,4,4,3,2,4,4,4,4,2,4,1,0,4,4,1,4,4,1,4,2,2,4,0,4,4,4,4,2,2,4,4,4,4,1,4,2,2,4,0,0,4,4,1,2,0,4,4,4,1,1,4,0,2,4,2,0,2,4,1,3,4,2,4,4,0,2,4,3,2,2,4,4,0,4,4,4,4,4,2,4,4,4,4,2,4,2,4,4,4,1,4,3,1,4,4,4,4,4,4,4,4,2,4,4,4,4,4,1,4,4,2,4,1,4,4,0,2,4,4,4,0,1,4,4,1,4,4,4,4,4,4,4,4,2,4,4,4,0,4,4,1,4,4,4,4,4,2,4,4,4,2,4,0,1,2,3,4,1,4,1,4,4,4,2,4,0,4,4,4,4,1,4,4,4,4,4,1,4,4,1,4,4,3,4,4,1,2,4,4,4,4,0,2,4,4,4,4,1,3,2,4,4,0,4,4,4,4,4,4,4,4,4,2,4,2,4,4,4,4,4,4,4,4,4,3,3,4,4,1,2,4,1,2,2,2,4,4,2,1,4,4,4,1,3,2,1,1,3,4]",ok,
6,uniform,3,0.7,0.419978657674251,-0.0075070791656847,1,fused_4_high,"[177, 164, 156, 58, 1244]",0.7,0.8,0.8,2.0,"{""fused_1"":0.5077140781495163,""fused_2"":0.4745347972793891,""fused_3"":0.6520593548765186,""fused_4"":0.5457211854367519,""fused_5"":0.5816490947459002}","{""fused_4_high"":0.16209084493100823}","{""fused_1"":0.21497087788619587,""fused_2"":0.23000155461881178,""fused_3"":0.1673831381740561,""fused_4"":0.1999990911249528,""fused_5"":0.18764533819598364}","{""fused_4_high"":1.0}","{""fused_1"":1.0748543894309794,""fused_2"":1.150007773094059,""fused_3"":0.8369156908702804,""fused_4"":0.9999954556247639,""fused_5"":0.9382266909799182}","{""fused_4_high"":1.0}",0.2208221528216104,0.0678154530294608,"[0,4,0,0,4,4,4,3,4,4,2,4,2,4,4,4,4,4,0,0,4,4,0,0,4,0,4,4,4,4,4,4,0,4,0,4,4,4,4,4,4,4,4,4,4,0,4,4,4,2,4,1,4,4,4,4,4,4,4,4,4,0,0,4,4,4,4,4,4,4,4,4,4,4,0,4,4,4,4,0,4,4,4,4,4,0,0,0,4,0,4,4,4,4,4,4,2,4,4,4,4,2,4,4,4,2,4,4,4,0,4,3,4,4,4,4,4,4,4,4,4,4,4,4,4,4,4,1,4,4,4,4,4,4,4,4,4,4,4,0,4,4,1,0,0,0,4,4,4,4,4,4,4,0,0,4,4,0,4,4,0,1,4,4,4,0,4,4,4,4,4,4,0,4,4,4,4,3,2,4,4,0,4,0,2,4,4,4,4,4,0,0,4,4,4,4,0,0,4,4,4,4,4,4,2,4,4,1,4,0,4,4,4,0,4,4,4,4,4,4,4,4,0,4,0,4,0,4,4,4,0,4,4,4,4,4,4,4,4,4,4,4,0,4,4,4,4,4,4,2,2,4,4,0,0,4,4,4,4,0,4,4,0,4,4,4,4,4,4,4,4,4,4,4,1,0,4,4,4,4,4,4,4,4,4,0,4,4,4,1,4,4,4,4,4,4,4,4,4,0,4,4,4,0,4,4,4,4,4,4,2,0,4,4,4,4,4,4,4,4,4,4,2,4,4,0,4,4,4,4,4,2,4,4,4,4,4,4,4,4,4,4,4,4,4,4,4,4,4,4,4,4,4,4,4,4,4,4,4,3,4,4,4,4,4,4,4,4,4,4,4,4,0,4,4,4,4,4,4,4,4,4,0,4,4,0,4,4,4,4,4,4,2,4,4,4,4,4,4,4,4,4,4,4,4,4,4,1,4,4,4,4,4,4,0,2,4,4,4,4,4,2,4,0,4,0,4,4,4,4,4,4,2,2,4,4,0,4,4,4,4,4,2,4,1,4,4,4,4,4,1,4,1,4,4,2,4,4,4,4,4,4,4,4,0,4,4,4,4,4,4,4,4,0,4,1,4,0,4,0,0,4,4,4,4,4,2,2,0,4,4,4,0,4,0,4,4,2,4,1,4,4,4,4,4,4,4,4,4,4,4,4,4,4,4,4,4,4,4,4,0,4,4,4,4,4,4,4,4,4,4,4,4,4,4,4,4,4,4,4,4,4,2,4,4,2,4,4,0,0,4,2,4,0,4,0,2,0,4,0,4,4,4,4,4,4,0,4,4,4,4,4,1,4,4,2,4,4,4,0,4,2,4,1,4,4,4,4,4,4,4,4,4,4,4,4,4,4,4,4,0,4,4,0,4,4,4,4,4,0,0,4,4,2,4,4,0,1,4,4,4,4,4,4,0,4,4,4,4,1,4,4,4,4,4,4,4,4,0,2,4,4,4,4,4,4,0,4,4,4,4,4,4,4,4,4,4,0,4,4,2,4,0,4,4,4,4,4,0,0,1,4,4,0,4,3,3,2,4,2,0,4,3,4,0,4,4,4,4,4,4,4,4,4,4,0,2,0,4,4,4,4,4,1,4,0,4,4,4,2,4,4,4,4,4,4,1,0,3,4,4,4,0,4,4,1,4,4,4,2,4,4,4,2,2,4,4,4,4,1,4,4,4,4,4,4,1,4,1,1,3,4,3,1,4,4,1,4,4,2,4,1,4,1,4,4,4,4,3,4,4,4,4,0,4,4,4,4,4,1,4,4,3,4,4,0,4,4,2,4,4,1,4,4,4,4,4,4,0,4,4,3,0,4,4,0,4,4,4,4,4,0,2,4,0,1,4,4,2,4,4,0,4,4,4,4,4,2,4,1,4,4,0,4,1,4,4,0,4,0,4,2,4,4,4,3,4,4,4,4,4,1,4,4,4,4,3,4,3,4,4,0,4,4,4,1,4,4,4,4,4,4,4,4,4,4,4,2,0,4,4,1,4,4,4,1,4,3,4,4,3,4,4,2,4,4,1,4,4,1,2,4,1,4,4,2,4,4,4,4,3,4,4,4,4,4,4,2,4,4,4,0,2,4,4,1,0,3,4,4,4,4,4,2,4,2,4,4,2,4,4,4,4,4,4,4,4,4,4,4,4,4,2,3,3,4,4,4,4,4,4,4,4,4,4,4,2,2,4,4,2,4,4,4,4,1,1,1,4,1,2,1,4,4,4,4,4,4,2,1,4,4,4,4,4,3,4,4,2,4,3,1,4,3,4,3,2,4,4,4,4,4,4,4,2,1,0,2,1,1,0,4,4,4,4,4,4,0,4,4,1,1,4,4,4,4,4,4,4,4,1,3,1,1,4,3,2,4,4,2,1,1,2,2,4,4,1,4,1,4,0,4,1,4,4,3,3,4,4,0,0,4,3,1,4,4,4,1,1,4,2,4,4,0,3,4,2,4,1,4,4,2,4,1,1,4,2,1,1,4,1,1,4,0,4,4,4,4,4,4,4,1,4,4,2,4,2,4,4,4,4,4,4,4,4,4,2,0,4,1,2,0,4,4,4,4,1,4,4,4,4,3,4,4,1,3,3,2,0,4,4,4,4,1,1,1,4,1,2,4,4,1,4,4,4,3,4,4,0,4,4,4,3,1,1,4,4,1,2,0,4,4,4,2,4,4,4,1,4,0,4,4,4,4,4,0,1,2,4,2,4,1,1,0,4,4,4,4,4,4,4,1,4,3,4,4,1,1,4,4,0,4,2,2,4,4,4,4,3,1,4,0,4,1,4,4,1,4,2,2,4,1,4,1,4,3,2,1,1,1,4,4,4,4,4,1,4,0,1,4,1,1,4,4,4,4,1,4,4,4,4,2,2,2,1,4,1,4,4,4,4,2,2,4,4,4,4,4,4,1,4,4,1,4,4,4,4,4,4,4,4,4,0,4,0,1,4,4,4,4,4,4,4,4,4,2,4,3,2,4,4,4,4,4,4,0,4,4,4,4,4,4,4,3,4,3,2,4,1,4,4,4,4,0,4,4,4,4,0,4,2,4,2,4,0,4,4,4,4,4,1,4,2,0,1,4,4,4,4,0,4,4,4,4,4,2,1,1,2,2,4,4,4,4,1,4,2,4,4,0,4,4,4,1,4,4,1,1,4,4,0,2,4,4,0,3,4,2,4,4,0,4,0,1,2,4,3,4,4,4,0,0,4,4,4,4,4,4,4,4,4,4,4,4,1,0,0,4,4,4,4,4,4,0,0,4,0,4,4,4,4,4,4,4,4,4,4,2,4,1,4,2,4,4,4,4,4,0,4,0,4,0,4,4,2,1,4,4,2,4,2,4,1,2,0,3,4,4,4,4,4,2,4,1,2,1,4,4,4,2,1,1,2,4,4,4,2,4,4,0,4,0,0,1,4,4,4,3,4,4,4,4,0,4,4,4,4,4,4,1,1,4,0,4,4,1,1,4,4,2,4,4,1,1,4,4,4,1,4,0,4,4,3,2,4,4,4,4,2,4,1,0,4,4,1,4,4,1,4,2,2,4,0,4,4,4,4,2,2,4,4,4,4,1,4,2,2,4,0,0,4,4,1,2,0,4,4,4,1,1,4,0,2,4,2,0,2,4,1,3,4,2,4,4,0,2,4,3,2,2,4,4,0,4,4,4,4,4,2,4,4,4,4,2,4,2,4,4,4,1,4,3,1,4,4,4,4,4,4,4,4,2,4,4,4,4,4,1,4,4,2,4,1,4,4,0,2,4,4,4,0,1,4,4,1,4,4,4,4,4,4,4,4,2,4,4,4,0,4,4,1,4,4,4,4,4,2,4,4,4,2,4,0,1,2,3,4,1,4,1,4,4,4,2,4,0,4,4,4,4,1,4,4,4,4,4,1,4,4,1,4,4,3,4,4,1,2,4,4,4,4,0,2,4,4,4,4,1,3,2,4,4,0,4,4,4,4,4,4,4,4,4,2,4,2,4,4,4,4,4,4,4,4,4,3,3,4,4,1,2,4,1,2,2,2,4,4,2,1,4,4,4,1,3,2,1,1,3,4]",ok,
7,uniform,3,0.65,0.6719313470303883,0.2444456101904525,2,"fused_4_high, fused_3_medium","[946, 113, 503, 5, 232]",0.2,0.8,0.8,3.0,"{""fused_1"":0.4561459302052392,""fused_2"":0.37899451235305803,""fused_3"":0.5570252796906983,""fused_4"":0.6419700881986751,""fused_5"":0.6909045384370951}","{""fused_4_high"":0.2881750583827293,""fused_3_medium"":0.15590154640163098}","{""fused_1"":0.2147086606037442,""fused_2"":0.23555102808113698,""fused_3"":0.19429606819105294,""fused_4"":0.18098561936313948,""fused_5"":0.17445862376092652}","{""fused_4_high"":0.4238052393956336,""fused_3_medium"":0.5761947606043665}","{""fused_1"":1.073543303018721,""fused_2"":1.177755140405685,""fused_3"":0.9714803409552647,""fused_4"":0.9049280968156974,""fused_5"":0.8722931188046326}","{""fused_4_high"":0.8476104787912672,""fused_3_medium"":1.152389521208733}",0.1093781720824774,0.0,"[0,2,0,0,2,2,0,2,0,0,1,2,4,0,0,2,2,0,0,0,0,0,0,0,0,0,2,2,0,0,0,2,0,0,0,0,0,0,0,0,0,0,2,2,0,0,0,0,2,1,0,4,2,0,2,0,0,0,2,0,0,0,0,0,2,0,2,0,0,0,0,0,0,2,0,0,0,2,2,0,2,0,2,0,0,0,0,0,2,0,0,2,0,0,2,2,1,0,2,0,2,1,2,2,0,1,0,0,2,2,2,0,2,2,0,0,0,2,0,0,0,2,0,2,0,0,0,4,0,0,0,0,0,0,0,0,0,0,0,0,2,0,4,0,0,0,0,2,0,2,0,0,0,0,0,0,2,0,2,0,0,4,0,2,0,0,2,2,0,0,0,0,0,0,2,0,0,1,1,0,0,0,0,0,1,2,2,2,0,2,0,0,0,0,0,0,0,0,2,0,0,2,0,0,1,0,2,4,2,0,2,0,0,0,0,2,2,2,0,0,0,0,0,0,0,2,0,0,0,0,0,2,2,2,2,2,0,0,2,2,2,0,0,2,0,0,0,0,2,1,1,0,2,0,0,0,0,0,0,2,2,0,0,0,2,0,0,0,2,2,2,0,0,2,4,0,0,0,0,2,0,0,0,0,2,0,0,2,0,4,0,0,0,0,0,0,0,2,0,0,2,0,0,0,2,2,2,2,0,2,4,0,2,0,0,0,2,0,0,0,0,0,4,0,2,0,2,0,2,0,0,4,0,0,2,2,0,0,2,2,2,0,0,0,0,0,0,0,2,2,0,0,0,0,2,0,2,2,0,3,0,0,0,0,0,2,2,0,2,0,0,2,0,2,2,2,0,2,0,0,0,2,0,0,2,0,2,0,2,0,0,0,1,0,0,0,0,2,2,0,0,0,2,0,2,2,0,4,0,2,2,0,0,2,0,1,0,0,2,0,0,4,2,0,0,0,0,0,0,0,2,2,1,4,0,0,0,0,0,0,0,2,1,0,4,2,0,0,2,0,4,0,4,2,2,4,2,0,0,0,2,0,0,2,0,0,2,0,0,0,0,0,2,0,2,4,0,0,0,0,0,0,0,0,2,0,1,1,0,0,2,2,0,0,0,2,2,1,0,4,0,0,0,2,0,0,2,2,2,2,0,2,0,0,0,0,2,0,0,0,0,0,0,2,2,0,0,2,0,2,2,0,0,0,2,0,2,0,2,0,0,2,1,0,0,1,0,2,0,0,0,4,2,0,2,2,1,2,2,0,0,0,2,2,2,0,0,0,0,2,0,0,1,0,0,1,0,0,2,0,0,1,0,4,0,0,0,0,2,2,0,0,2,0,0,0,0,0,0,2,0,0,0,0,0,0,0,0,2,0,0,0,0,1,0,0,0,4,0,2,0,0,2,0,2,0,0,2,2,4,0,2,0,2,0,0,2,0,0,1,0,0,0,2,2,0,0,0,0,0,2,0,2,2,2,2,0,0,0,2,1,0,2,0,2,2,0,0,0,2,4,0,2,0,0,1,2,1,0,4,0,0,2,0,0,0,0,0,0,0,0,0,0,0,0,0,4,0,0,0,2,2,0,4,0,0,0,0,0,1,0,2,2,0,2,0,4,0,2,0,0,0,0,0,0,4,0,0,0,4,0,0,0,1,1,2,0,0,0,4,0,0,2,0,0,0,4,2,4,4,2,2,2,4,2,0,4,0,2,4,0,4,2,4,0,2,2,2,4,0,2,0,0,0,2,0,0,0,0,4,0,0,3,0,0,0,2,2,4,2,0,4,0,2,2,0,0,0,0,0,2,2,0,2,0,0,2,0,0,0,2,0,1,2,2,4,2,0,1,0,0,2,0,0,0,0,0,1,0,4,2,0,0,0,4,2,0,0,2,0,2,1,0,0,0,3,0,0,0,0,0,4,0,2,2,0,2,2,2,0,2,0,0,0,0,4,2,0,2,0,0,0,2,2,0,2,0,1,0,2,2,4,0,2,2,4,0,1,0,2,1,2,0,1,0,2,4,2,2,4,4,2,4,0,2,1,2,2,0,0,4,0,2,0,0,0,2,4,2,2,0,0,4,0,0,4,0,1,0,0,0,2,0,4,0,4,0,2,4,0,2,2,0,0,2,0,2,0,2,0,2,2,4,2,2,0,0,0,0,2,0,0,2,2,0,0,4,1,0,2,1,0,0,0,2,4,4,4,0,4,1,4,0,0,0,0,2,2,1,4,0,0,2,2,0,2,2,0,1,0,4,4,2,2,2,2,4,0,0,0,0,2,0,2,1,4,0,1,4,4,0,2,0,0,0,0,2,0,2,2,4,4,2,0,0,0,0,2,2,2,4,3,4,4,2,2,1,0,2,4,4,4,1,1,2,0,4,0,4,2,0,2,4,2,2,2,2,2,0,0,0,0,1,4,2,0,0,4,4,2,1,0,2,0,2,2,1,2,4,0,0,1,2,4,4,0,4,4,4,2,4,4,0,0,0,0,2,0,0,2,2,4,2,0,1,0,1,2,2,0,2,0,0,2,0,0,1,0,0,4,1,0,0,2,0,0,4,0,0,2,0,1,2,0,4,1,1,1,0,2,0,2,2,4,4,4,0,4,1,2,2,4,0,0,2,2,2,0,0,0,0,0,4,4,4,0,0,4,1,2,2,2,2,4,2,0,0,4,0,0,0,2,0,0,0,2,4,1,2,1,0,4,4,0,2,0,0,0,2,0,0,4,0,4,2,0,4,4,0,0,0,0,1,4,0,0,2,0,1,4,2,2,2,4,0,2,4,2,1,4,0,4,2,4,0,4,4,4,4,4,0,2,0,2,2,4,2,0,4,0,4,4,2,0,2,0,4,0,0,0,2,4,1,1,4,0,4,2,2,0,0,1,1,0,2,2,2,0,2,4,0,2,4,0,2,0,2,0,0,2,0,0,0,0,0,4,0,2,0,2,2,0,2,0,0,1,2,3,4,0,0,0,0,0,2,0,0,0,0,0,2,2,2,2,0,4,1,0,4,2,2,0,0,2,2,0,0,2,0,0,1,2,4,0,0,0,0,2,0,2,4,0,1,0,4,0,0,0,0,0,0,2,2,0,0,4,4,4,1,1,0,0,0,0,4,0,1,2,0,0,2,0,0,4,0,2,4,4,0,0,0,4,0,0,0,2,2,1,0,2,0,2,2,4,1,0,4,2,2,2,0,0,2,2,0,2,0,0,0,2,0,0,0,2,4,0,2,0,0,0,0,2,0,2,0,0,0,2,0,0,2,2,0,0,2,0,2,4,0,4,2,4,0,2,2,2,0,0,2,0,2,0,2,0,1,4,2,2,4,0,1,0,4,4,0,2,2,0,0,0,0,1,0,4,1,4,2,2,2,4,4,4,1,0,0,0,4,0,2,2,0,0,0,4,0,0,0,2,2,2,0,0,0,0,0,0,0,0,2,4,4,2,0,2,0,4,4,0,0,4,0,2,4,4,0,0,0,4,2,0,0,0,4,4,2,2,0,0,4,0,4,0,0,0,4,2,0,4,0,4,4,0,0,0,2,2,2,4,1,0,2,0,2,4,2,1,4,2,0,0,0,2,4,4,0,0,2,0,4,4,0,0,1,2,1,0,1,0,4,1,0,4,0,2,0,4,2,2,1,1,0,0,0,0,0,0,0,0,1,0,2,0,2,1,0,1,0,0,0,4,2,2,4,0,0,0,2,2,0,2,0,1,2,2,0,2,0,4,2,0,4,0,4,2,0,0,4,0,0,0,0,4,0,2,4,2,0,0,0,0,0,0,0,4,0,2,0,0,2,0,4,2,2,2,0,0,1,2,0,0,1,0,0,4,4,1,0,4,0,4,0,0,0,1,0,0,0,0,0,2,4,2,2,0,0,2,4,2,2,4,0,2,4,0,0,4,1,0,0,0,0,2,1,0,0,0,0,4,1,4,2,0,0,0,0,2,2,0,0,2,2,0,4,2,1,0,2,2,2,0,2,2,2,2,2,4,2,0,4,1,0,4,1,4,1,0,0,4,4,0,0,0,4,4,1,4,4,2,2]",ok,
8,uniform,3,0.6,0.5536112579117435,0.1261255210718077,3,"fused_3_medium, fused_1_medium, fused_2_medium+fused_4_high","[672, 456, 191, 299, 181]",0.5,0.8,0.8,2.0,"{""fused_1"":0.47986469946411664,""fused_2"":0.31945503761291594,""fused_3"":0.5744628123475213,""fused_4"":0.5791552172559872,""fused_5"":0.3311123995819985}","{""fused_3_medium"":0.23724873466076318,""fused_1_medium"":0.324298842018488,""fused_2_medium+fused_4_high"":0.38045247140789673}","{""fused_1"":0.17808573335521105,""fused_2"":0.26750887246578214,""fused_3"":0.14875994595042283,""fused_4"":0.14755466992119498,""fused_5"":0.2580907783073889}","{""fused_3_medium"":0.42459768029847833,""fused_1_medium"":0.3106247982993612,""fused_2_medium+fused_4_high"":0.2647775214021605}","{""fused_1"":0.8904286667760553,""fused_2"":1.3375443623289107,""fused_3"":0.7437997297521142,""fused_4"":0.7377733496059748,""fused_5"":1.2904538915369446}","{""fused_3_medium"":1.273793040895435,""fused_1_medium"":0.9318743948980835,""fused_2_medium+fused_4_high"":0.7943325642064815}",0.2091249153943405,0.0250138966092273,"[3,3,3,3,1,1,3,4,3,0,4,1,2,0,0,1,1,0,3,3,0,0,3,3,0,3,1,1,0,0,3,1,3,0,3,0,0,0,0,0,0,0,1,1,0,3,3,3,1,4,0,2,1,0,1,0,0,0,1,0,0,3,3,0,1,0,1,0,3,3,0,0,3,1,3,3,0,1,1,3,1,0,1,0,3,3,3,3,1,3,0,4,3,0,1,1,4,0,1,0,1,4,1,1,3,4,0,0,1,3,1,4,1,1,0,0,0,1,0,3,0,1,0,1,0,0,0,2,0,0,3,0,3,0,0,0,0,0,0,3,1,0,2,3,3,3,0,1,0,1,0,0,0,3,3,3,1,3,1,0,3,2,0,1,0,3,1,1,0,3,0,0,3,0,1,3,0,4,4,0,0,3,0,3,4,1,1,1,0,1,3,3,0,0,0,0,3,3,1,0,0,1,0,0,4,0,1,2,1,3,1,0,3,3,0,1,1,1,0,3,0,0,3,0,3,1,3,0,0,0,3,1,1,1,1,1,0,0,1,1,1,0,3,1,3,0,0,3,1,4,4,0,1,3,3,0,0,0,0,3,1,0,3,3,1,0,0,0,1,1,1,3,3,1,2,3,0,0,3,1,0,0,0,3,1,3,0,1,0,2,0,0,0,0,0,3,3,1,0,3,1,3,0,3,1,1,1,1,0,1,4,3,1,0,0,0,1,3,0,0,0,0,2,0,1,3,1,0,1,0,0,2,0,0,1,4,0,3,1,1,1,0,0,0,0,0,0,0,1,1,0,0,0,0,1,0,1,1,0,4,0,0,3,0,0,1,1,0,1,0,0,1,3,1,1,1,0,1,0,3,0,1,3,0,1,3,1,0,1,0,3,0,4,0,0,3,0,1,1,3,0,0,1,0,1,1,0,2,0,1,1,0,0,1,3,4,0,3,1,3,0,4,1,3,0,3,0,0,0,3,1,1,4,4,3,0,3,0,0,0,0,1,4,0,2,1,0,3,1,0,2,0,2,1,1,2,1,0,0,0,1,0,0,1,3,0,1,0,0,0,0,0,1,3,1,2,0,3,0,3,3,0,0,0,1,0,4,4,3,3,1,1,3,3,3,1,1,4,0,2,0,0,0,1,0,0,1,1,1,1,0,1,0,0,0,0,1,3,0,0,3,0,0,1,1,3,0,1,3,1,1,3,0,3,1,0,1,0,1,0,3,1,4,0,0,4,0,1,3,3,0,4,1,3,1,3,4,3,1,3,0,0,1,1,1,0,3,0,0,1,0,3,4,3,0,4,0,0,1,3,0,4,0,2,0,0,0,0,1,1,0,3,1,0,0,3,3,3,0,1,3,0,3,3,0,0,0,0,1,3,3,0,0,4,0,0,3,2,0,1,0,0,1,0,3,3,0,1,1,2,0,1,0,1,0,0,1,0,3,4,0,0,0,1,1,0,3,0,3,0,1,3,1,1,1,1,0,3,0,1,4,0,3,0,1,1,0,0,3,3,2,0,1,3,0,4,4,4,0,2,3,3,4,0,3,0,0,0,3,0,3,0,0,0,0,3,2,3,0,0,1,1,0,2,3,3,0,3,0,4,0,1,1,0,1,0,2,3,4,0,0,3,3,3,0,2,0,0,0,2,0,0,0,4,4,1,0,0,0,2,3,0,1,0,0,3,2,1,2,2,4,1,4,2,1,0,2,3,1,4,0,2,1,2,0,1,1,1,4,0,1,0,0,3,1,0,0,0,3,2,0,0,1,0,0,3,1,1,4,1,0,2,0,1,1,0,0,0,3,0,1,4,3,1,0,3,1,0,0,0,1,3,4,1,3,2,1,0,4,0,0,3,0,0,0,0,3,4,0,2,1,3,3,0,2,1,0,3,1,3,1,4,0,0,0,4,0,0,0,0,0,2,0,1,1,0,4,1,4,0,1,3,0,0,0,2,1,0,1,3,0,0,1,1,0,1,0,4,3,1,1,2,0,1,1,2,0,4,0,1,4,1,0,4,0,1,2,1,1,2,2,1,2,0,1,4,1,1,0,0,4,0,1,0,0,0,1,2,1,1,0,3,2,0,0,2,3,4,0,0,0,1,0,4,3,4,0,1,4,0,1,1,0,3,1,0,1,0,1,0,1,1,4,4,4,0,0,0,0,1,0,0,1,1,0,0,4,4,0,1,4,0,0,0,1,2,2,2,0,2,4,2,3,0,0,0,1,1,4,2,0,3,1,1,0,1,1,0,4,0,4,2,1,4,1,4,2,0,3,0,0,1,0,1,4,2,3,4,2,2,3,1,0,0,0,0,1,3,1,1,2,2,1,0,0,3,0,1,1,1,2,1,2,2,1,4,4,0,1,4,2,2,4,4,1,0,2,0,2,1,3,1,2,1,1,4,4,1,0,3,3,3,4,2,1,0,0,2,2,1,4,3,1,3,1,1,4,1,2,0,0,4,1,2,2,0,2,2,2,1,2,2,0,3,0,0,1,0,0,1,1,2,1,0,4,0,4,1,1,0,1,0,0,1,0,0,4,3,0,2,4,3,0,1,0,0,2,0,0,1,0,4,1,0,2,1,4,4,3,1,0,1,1,2,2,2,0,2,4,1,1,2,0,0,1,4,1,0,3,0,0,0,3,2,2,0,0,2,4,3,1,1,1,2,1,0,0,2,0,3,0,1,3,0,0,3,2,4,1,4,3,2,2,3,1,0,0,0,1,0,0,2,3,4,1,0,2,2,0,0,3,0,4,2,0,0,1,0,4,2,1,3,1,2,0,1,2,1,4,4,3,2,1,2,0,4,2,2,2,2,0,1,0,1,1,2,1,3,2,0,2,2,1,0,1,0,2,0,0,0,1,2,4,4,2,0,2,1,1,0,0,4,4,0,1,1,1,0,1,2,0,1,2,3,1,0,1,0,3,4,0,0,3,0,3,2,0,1,3,1,1,0,1,0,0,4,1,3,2,0,0,3,0,0,1,3,0,0,0,0,1,1,1,4,0,4,4,3,2,4,1,0,0,3,1,0,0,1,3,3,4,1,2,0,3,0,0,1,0,1,2,0,4,3,2,3,0,0,0,3,3,1,1,0,0,4,2,2,4,4,0,3,0,0,2,0,4,1,0,3,1,0,0,2,0,1,2,2,0,0,3,4,0,0,3,4,1,4,0,1,3,1,3,2,4,0,4,1,1,1,3,3,1,1,3,1,3,3,0,1,0,0,0,1,2,3,3,0,3,0,0,1,0,3,3,0,3,1,0,0,1,1,0,0,1,0,1,4,0,2,1,2,3,1,1,1,0,3,1,3,1,3,1,0,4,2,1,1,2,0,4,0,2,2,3,4,1,0,3,0,0,4,0,2,4,2,1,1,1,2,2,2,4,3,0,0,4,0,1,3,3,3,3,2,0,3,0,4,1,1,0,0,3,0,0,0,0,0,1,2,2,1,3,1,0,2,2,0,0,4,0,3,2,2,0,0,0,2,1,3,0,0,3,2,1,1,0,0,4,0,2,3,0,0,2,1,0,2,0,2,4,0,3,0,1,1,1,4,4,0,1,0,1,2,1,4,4,1,3,3,0,1,2,2,3,0,1,0,2,2,3,3,4,1,4,3,4,0,2,4,0,4,0,1,3,4,1,4,4,4,3,0,3,0,0,0,3,3,4,3,1,0,1,4,0,4,0,0,0,2,1,4,2,3,0,0,3,1,0,1,0,4,1,1,0,1,0,2,1,0,2,0,2,1,0,3,4,0,0,0,3,2,0,1,2,1,3,0,0,0,0,0,0,4,0,1,0,3,1,0,2,1,1,1,0,0,4,1,0,0,4,3,3,2,4,4,0,2,0,2,0,0,0,4,0,3,0,0,3,1,2,1,1,0,0,1,2,1,1,2,0,1,3,0,0,2,4,0,0,0,3,3,4,0,0,0,0,2,1,4,1,0,3,0,0,1,1,0,0,1,4,0,2,1,4,0,1,1,1,0,1,1,1,1,4,3,1,0,2,4,0,2,4,4,4,0,0,2,2,0,0,0,2,4,4,2,2,4,1]",ok,
9,uniform,3,0.55,0.5536112579117435,0.1261255210718077,3,"fused_3_medium, fused_1_medium, fused_2_medium+fused_4_high","[672, 456, 191, 299, 181]",0.5,0.8,0.8,2.0,"{""fused_1"":0.47986469946411664,""fused_2"":0.31945503761291594,""fused_3"":0.5744628123475213,""fused_4"":0.5791552172559872,""fused_5"":0.3311123995819985}","{""fused_3_medium"":0.23724873466076318,""fused_1_medium"":0.324298842018488,""fused_2_medium+fused_4_high"":0.38045247140789673}","{""fused_1"":0.17808573335521105,""fused_2"":0.26750887246578214,""fused_3"":0.14875994595042283,""fused_4"":0.14755466992119498,""fused_5"":0.2580907783073889}","{""fused_3_medium"":0.42459768029847833,""fused_1_medium"":0.3106247982993612,""fused_2_medium+fused_4_high"":0.2647775214021605}","{""fused_1"":0.8904286667760553,""fused_2"":1.3375443623289107,""fused_3"":0.7437997297521142,""fused_4"":0.7377733496059748,""fused_5"":1.2904538915369446}","{""fused_3_medium"":1.273793040895435,""fused_1_medium"":0.9318743948980835,""fused_2_medium+fused_4_high"":0.7943325642064815}",0.2091249153943405,0.0250138966092273,"[3,3,3,3,1,1,3,4,3,0,4,1,2,0,0,1,1,0,3,3,0,0,3,3,0,3,1,1,0,0,3,1,3,0,3,0,0,0,0,0,0,0,1,1,0,3,3,3,1,4,0,2,1,0,1,0,0,0,1,0,0,3,3,0,1,0,1,0,3,3,0,0,3,1,3,3,0,1,1,3,1,0,1,0,3,3,3,3,1,3,0,4,3,0,1,1,4,0,1,0,1,4,1,1,3,4,0,0,1,3,1,4,1,1,0,0,0,1,0,3,0,1,0,1,0,0,0,2,0,0,3,0,3,0,0,0,0,0,0,3,1,0,2,3,3,3,0,1,0,1,0,0,0,3,3,3,1,3,1,0,3,2,0,1,0,3,1,1,0,3,0,0,3,0,1,3,0,4,4,0,0,3,0,3,4,1,1,1,0,1,3,3,0,0,0,0,3,3,1,0,0,1,0,0,4,0,1,2,1,3,1,0,3,3,0,1,1,1,0,3,0,0,3,0,3,1,3,0,0,0,3,1,1,1,1,1,0,0,1,1,1,0,3,1,3,0,0,3,1,4,4,0,1,3,3,0,0,0,0,3,1,0,3,3,1,0,0,0,1,1,1,3,3,1,2,3,0,0,3,1,0,0,0,3,1,3,0,1,0,2,0,0,0,0,0,3,3,1,0,3,1,3,0,3,1,1,1,1,0,1,4,3,1,0,0,0,1,3,0,0,0,0,2,0,1,3,1,0,1,0,0,2,0,0,1,4,0,3,1,1,1,0,0,0,0,0,0,0,1,1,0,0,0,0,1,0,1,1,0,4,0,0,3,0,0,1,1,0,1,0,0,1,3,1,1,1,0,1,0,3,0,1,3,0,1,3,1,0,1,0,3,0,4,0,0,3,0,1,1,3,0,0,1,0,1,1,0,2,0,1,1,0,0,1,3,4,0,3,1,3,0,4,1,3,0,3,0,0,0,3,1,1,4,4,3,0,3,0,0,0,0,1,4,0,2,1,0,3,1,0,2,0,2,1,1,2,1,0,0,0,1,0,0,1,3,0,1,0,0,0,0,0,1,3,1,2,0,3,0,3,3,0,0,0,1,0,4,4,3,3,1,1,3,3,3,1,1,4,0,2,0,0,0,1,0,0,1,1,1,1,0,1,0,0,0,0,1,3,0,0,3,0,0,1,1,3,0,1,3,1,1,3,0,3,1,0,1,0,1,0,3,1,4,0,0,4,0,1,3,3,0,4,1,3,1,3,4,3,1,3,0,0,1,1,1,0,3,0,0,1,0,3,4,3,0,4,0,0,1,3,0,4,0,2,0,0,0,0,1,1,0,3,1,0,0,3,3,3,0,1,3,0,3,3,0,0,0,0,1,3,3,0,0,4,0,0,3,2,0,1,0,0,1,0,3,3,0,1,1,2,0,1,0,1,0,0,1,0,3,4,0,0,0,1,1,0,3,0,3,0,1,3,1,1,1,1,0,3,0,1,4,0,3,0,1,1,0,0,3,3,2,0,1,3,0,4,4,4,0,2,3,3,4,0,3,0,0,0,3,0,3,0,0,0,0,3,2,3,0,0,1,1,0,2,3,3,0,3,0,4,0,1,1,0,1,0,2,3,4,0,0,3,3,3,0,2,0,0,0,2,0,0,0,4,4,1,0,0,0,2,3,0,1,0,0,3,2,1,2,2,4,1,4,2,1,0,2,3,1,4,0,2,1,2,0,1,1,1,4,0,1,0,0,3,1,0,0,0,3,2,0,0,1,0,0,3,1,1,4,1,0,2,0,1,1,0,0,0,3,0,1,4,3,1,0,3,1,0,0,0,1,3,4,1,3,2,1,0,4,0,0,3,0,0,0,0,3,4,0,2,1,3,3,0,2,1,0,3,1,3,1,4,0,0,0,4,0,0,0,0,0,2,0,1,1,0,4,1,4,0,1,3,0,0,0,2,1,0,1,3,0,0,1,1,0,1,0,4,3,1,1,2,0,1,1,2,0,4,0,1,4,1,0,4,0,1,2,1,1,2,2,1,2,0,1,4,1,1,0,0,4,0,1,0,0,0,1,2,1,1,0,3,2,0,0,2,3,4,0,0,0,1,0,4,3,4,0,1,4,0,1,1,0,3,1,0,1,0,1,0,1,1,4,4,4,0,0,0,0,1,0,0,1,1,0,0,4,4,0,1,4,0,0,0,1,2,2,2,0,2,4,2,3,0,0,0,1,1,4,2,0,3,1,1,0,1,1,0,4,0,4,2,1,4,1,4,2,0,3,0,0,1,0,1,4,2,3,4,2,2,3,1,0,0,0,0,1,3,1,1,2,2,1,0,0,3,0,1,1,1,2,1,2,2,1,4,4,0,1,4,2,2,4,4,1,0,2,0,2,1,3,1,2,1,1,4,4,1,0,3,3,3,4,2,1,0,0,2,2,1,4,3,1,3,1,1,4,1,2,0,0,4,1,2,2,0,2,2,2,1,2,2,0,3,0,0,1,0,0,1,1,2,1,0,4,0,4,1,1,0,1,0,0,1,0,0,4,3,0,2,4,3,0,1,0,0,2,0,0,1,0,4,1,0,2,1,4,4,3,1,0,1,1,2,2,2,0,2,4,1,1,2,0,0,1,4,1,0,3,0,0,0,3,2,2,0,0,2,4,3,1,1,1,2,1,0,0,2,0,3,0,1,3,0,0,3,2,4,1,4,3,2,2,3,1,0,0,0,1,0,0,2,3,4,1,0,2,2,0,0,3,0,4,2,0,0,1,0,4,2,1,3,1,2,0,1,2,1,4,4,3,2,1,2,0,4,2,2,2,2,0,1,0,1,1,2,1,3,2,0,2,2,1,0,1,0,2,0,0,0,1,2,4,4,2,0,2,1,1,0,0,4,4,0,1,1,1,0,1,2,0,1,2,3,1,0,1,0,3,4,0,0,3,0,3,2,0,1,3,1,1,0,1,0,0,4,1,3,2,0,0,3,0,0,1,3,0,0,0,0,1,1,1,4,0,4,4,3,2,4,1,0,0,3,1,0,0,1,3,3,4,1,2,0,3,0,0,1,0,1,2,0,4,3,2,3,0,0,0,3,3,1,1,0,0,4,2,2,4,4,0,3,0,0,2,0,4,1,0,3,1,0,0,2,0,1,2,2,0,0,3,4,0,0,3,4,1,4,0,1,3,1,3,2,4,0,4,1,1,1,3,3,1,1,3,1,3,3,0,1,0,0,0,1,2,3,3,0,3,0,0,1,0,3,3,0,3,1,0,0,1,1,0,0,1,0,1,4,0,2,1,2,3,1,1,1,0,3,1,3,1,3,1,0,4,2,1,1,2,0,4,0,2,2,3,4,1,0,3,0,0,4,0,2,4,2,1,1,1,2,2,2,4,3,0,0,4,0,1,3,3,3,3,2,0,3,0,4,1,1,0,0,3,0,0,0,0,0,1,2,2,1,3,1,0,2,2,0,0,4,0,3,2,2,0,0,0,2,1,3,0,0,3,2,1,1,0,0,4,0,2,3,0,0,2,1,0,2,0,2,4,0,3,0,1,1,1,4,4,0,1,0,1,2,1,4,4,1,3,3,0,1,2,2,3,0,1,0,2,2,3,3,4,1,4,3,4,0,2,4,0,4,0,1,3,4,1,4,4,4,3,0,3,0,0,0,3,3,4,3,1,0,1,4,0,4,0,0,0,2,1,4,2,3,0,0,3,1,0,1,0,4,1,1,0,1,0,2,1,0,2,0,2,1,0,3,4,0,0,0,3,2,0,1,2,1,3,0,0,0,0,0,0,4,0,1,0,3,1,0,2,1,1,1,0,0,4,1,0,0,4,3,3,2,4,4,0,2,0,2,0,0,0,4,0,3,0,0,3,1,2,1,1,0,0,1,2,1,1,2,0,1,3,0,0,2,4,0,0,0,3,3,4,0,0,0,0,2,1,4,1,0,3,0,0,1,1,0,0,1,4,0,2,1,4,0,1,1,1,0,1,1,1,1,4,3,1,0,2,4,0,2,4,4,4,0,0,2,2,0,0,0,2,4,4,2,2,4,1]",ok,
10,uniform,3,0.5,0.6168787040859464,0.1893929672460106,4,"fused_2_medium+fused_4_high, fused_3_medium+fused_4_high, fused_1_medium+fused_3_medium, fused_1_medium+fused_4_high","[761, 374, 338, 141, 185]",0.2,0.8,0.2,3.0,"{""fused_1"":0.588390692074292,""fused_2"":0.3107218363448513,""fused_3"":0.3323197725278678,""fused_4"":0.4174612586905951,""fused_5"":0.5955810587140967}","{""fused_2_medium+fused_4_high"":0.7079230500521099,""fused_3_medium+fused_4_high"":0.5821226689995479,""fused_1_medium+fused_3_medium"":0.5995933398910787,""fused_1_medium+fused_4_high"":0.5741232193480573}","{""fused_1"":0.16984097694179462,""fused_2"":0.2337165617879521,""fused_3"":0.225994195761763,""fused_4"":0.20163563491593553,""fused_5"":0.16881263059255472}","{""fused_2_medium+fused_4_high"":0.2325696286463984,""fused_3_medium+fused_4_high"":0.2564712981892673,""fused_1_medium+fused_3_medium"":0.25270720591084467,""fused_1_medium+fused_4_high"":0.25825186725348964}","{""fused_1"":0.849204884708973,""fused_2"":1.1685828089397605,""fused_3"":1.129970978808815,""fused_4"":1.0081781745796776,""fused_5"":0.8440631529627736}","{""fused_2_medium+fused_4_high"":0.9302785145855936,""fused_3_medium+fused_4_high"":1.0258851927570691,""fused_1_medium+fused_3_medium"":1.0108288236433787,""fused_1_medium+fused_4_high"":1.0330074690139586}",0.170455578723363,0.0138966092273485,"[0,3,0,0,2,2,0,1,0,4,1,2,1,0,0,2,2,0,4,4,4,0,0,0,4,0,2,2,0,0,0,2,0,0,4,0,0,0,0,0,0,4,2,2,4,0,0,0,2,1,0,1,2,4,2,0,0,0,2,4,0,4,4,0,3,0,2,0,0,0,4,0,0,2,0,0,0,2,2,0,2,0,2,0,0,0,0,0,2,0,4,3,4,0,2,2,1,0,3,0,2,1,3,2,0,1,0,0,2,1,2,4,2,2,0,0,0,2,0,0,0,2,0,2,0,0,0,1,0,0,0,0,0,0,0,0,0,0,4,4,2,0,1,0,4,0,4,2,0,2,4,0,4,4,0,0,3,0,2,0,4,1,0,2,0,0,2,3,0,0,0,0,0,0,2,0,0,1,1,0,0,0,0,0,1,2,2,3,0,2,0,0,0,0,4,0,4,0,2,0,0,3,0,0,1,0,2,1,2,0,3,0,0,0,0,2,3,2,0,0,0,0,0,0,0,2,0,0,4,0,0,3,2,3,3,2,0,4,2,2,2,0,0,2,0,0,0,0,2,1,1,4,2,0,0,0,0,0,0,2,3,0,0,0,2,0,0,0,2,2,2,0,0,3,1,0,0,0,0,3,0,4,0,0,2,0,0,3,0,1,0,0,4,0,0,0,0,2,0,4,2,0,0,0,2,2,3,2,0,2,1,4,3,0,0,4,2,0,0,0,0,0,1,0,3,4,2,0,2,0,0,1,0,0,2,3,0,4,3,3,2,4,0,0,0,0,0,4,2,2,4,0,0,0,3,0,2,3,4,1,0,0,0,0,0,2,2,0,2,0,0,3,0,2,2,2,0,2,0,0,0,2,0,0,2,0,3,0,2,0,0,0,1,4,4,4,0,3,2,4,0,0,2,0,2,3,0,1,4,2,3,0,0,2,0,1,0,0,2,0,0,1,2,0,0,0,0,0,0,0,2,2,1,1,0,0,4,0,0,4,0,2,1,4,1,2,4,4,3,0,1,0,1,2,2,1,2,0,4,0,2,0,4,2,0,0,2,0,0,0,4,0,2,0,2,1,4,4,0,0,0,0,0,4,2,0,1,1,4,0,3,2,0,0,0,2,2,1,0,1,0,0,4,3,0,4,2,2,2,2,4,2,0,0,0,0,2,0,0,0,0,0,4,3,2,0,0,2,0,3,2,0,0,0,2,0,2,0,2,0,0,2,1,4,0,1,0,2,4,0,4,1,2,0,2,3,1,3,2,0,0,0,2,2,2,0,0,0,0,2,0,0,1,0,0,1,0,0,2,4,4,1,0,1,4,0,0,0,2,2,0,0,3,0,0,0,0,4,0,2,0,0,0,0,0,0,0,0,2,0,0,0,0,1,4,0,0,1,0,2,0,0,2,0,1,0,0,2,2,1,0,2,0,2,0,0,2,0,0,1,4,0,4,3,2,0,4,0,0,4,2,0,2,2,2,2,4,0,0,2,1,4,3,0,2,3,0,0,0,1,1,4,2,4,0,1,1,1,0,1,0,0,1,0,0,0,0,0,0,0,0,0,4,0,4,0,1,0,0,0,3,2,0,1,0,0,0,0,4,1,0,2,2,4,2,0,1,0,3,0,4,0,0,0,4,1,0,0,0,1,0,4,4,1,1,3,4,4,0,1,0,0,2,0,4,0,1,2,1,1,3,3,3,1,3,4,1,0,2,1,0,1,2,1,4,2,3,2,1,0,3,0,0,4,3,4,0,0,0,1,0,0,1,0,0,0,2,2,1,2,0,1,0,2,2,0,4,4,4,0,2,1,0,2,0,0,2,0,0,4,2,0,1,2,3,1,2,4,1,0,0,3,0,4,0,0,0,1,0,1,2,0,0,0,1,2,0,0,3,0,3,1,4,0,0,1,0,4,0,0,0,1,0,3,2,0,1,2,1,0,2,0,0,0,0,1,2,0,2,0,0,0,2,2,0,2,4,1,0,2,2,1,0,2,3,1,0,1,0,2,1,3,0,1,4,2,1,2,2,1,1,2,1,4,2,1,2,2,0,0,1,0,2,0,4,0,3,1,2,2,0,0,1,4,0,1,0,1,0,0,0,2,0,1,0,1,0,3,1,0,2,2,0,0,2,0,3,0,2,4,2,2,1,3,3,0,4,0,0,2,0,4,3,2,0,0,1,1,0,3,1,0,0,4,2,1,1,1,0,1,1,1,0,0,0,0,2,2,1,1,0,0,3,2,0,1,2,0,1,0,1,1,2,3,2,3,1,4,4,4,0,2,0,3,1,1,0,1,1,1,4,2,0,0,0,0,2,0,2,2,1,1,3,0,4,0,0,2,2,2,1,1,1,1,3,3,1,0,2,1,1,1,1,1,2,0,1,0,1,2,4,2,1,3,3,3,1,2,0,4,0,0,1,1,2,4,0,1,1,2,1,0,2,0,1,3,1,3,1,0,0,1,2,1,1,4,1,1,1,2,1,1,0,4,0,0,2,0,0,3,3,1,3,0,1,4,1,2,3,0,2,4,0,2,0,0,1,4,4,1,1,4,4,3,0,0,1,0,0,2,0,1,2,0,1,1,1,1,0,2,4,2,2,1,1,1,0,1,1,2,2,1,0,0,3,3,2,0,0,4,0,0,1,1,1,0,4,1,1,3,2,2,2,1,2,0,0,1,0,0,0,2,0,0,0,1,1,1,2,1,0,1,1,4,3,4,4,0,3,0,0,1,4,1,3,0,1,1,0,0,4,4,1,1,4,4,3,0,1,1,2,1,2,1,0,2,1,2,1,1,0,1,3,1,0,1,1,1,1,1,4,3,4,2,2,1,2,0,1,0,1,1,3,4,2,0,1,0,0,0,3,1,1,1,1,0,1,2,3,0,0,1,1,0,3,2,2,0,3,1,4,2,1,4,3,0,2,0,0,3,0,4,0,0,0,1,0,2,0,3,2,0,3,0,0,1,3,1,1,0,0,0,4,0,3,0,0,0,0,4,2,2,2,1,0,1,1,0,1,3,2,4,0,1,2,0,0,3,0,0,1,2,1,0,0,0,0,3,0,2,1,4,1,4,1,0,0,0,0,4,0,3,2,0,4,1,1,1,1,1,0,0,0,0,1,0,1,2,0,0,3,0,4,1,0,2,1,1,4,0,0,1,0,0,0,3,2,1,0,3,0,2,1,1,1,0,1,3,2,2,0,0,3,3,0,2,0,0,4,3,0,0,4,2,1,0,1,0,0,0,0,3,4,3,0,4,0,3,0,0,2,2,0,0,3,0,2,1,0,1,3,1,0,2,3,2,0,0,2,0,2,0,2,0,1,1,2,2,1,0,1,0,1,1,0,1,2,0,0,0,0,1,0,1,1,1,3,2,2,1,1,1,1,0,4,0,1,0,2,1,0,0,0,1,0,0,4,3,3,2,0,4,0,4,0,0,0,0,2,1,1,2,0,2,0,1,1,0,0,1,0,3,1,1,0,0,0,1,2,0,4,4,1,1,2,2,0,0,1,0,1,0,0,0,1,2,4,1,0,1,1,0,0,0,2,2,2,1,1,0,3,0,2,1,2,1,1,2,0,0,0,2,1,1,0,0,3,0,1,1,0,4,1,2,1,0,1,4,1,1,0,1,0,2,0,1,2,3,1,1,0,0,0,0,4,0,0,0,1,0,3,4,2,1,0,1,0,0,0,1,2,3,1,0,0,0,1,2,0,2,4,1,2,2,0,3,0,1,2,4,1,0,1,3,0,0,1,0,0,4,0,1,0,2,1,2,0,0,0,0,0,0,0,1,0,3,4,0,1,4,1,2,2,2,0,0,1,3,0,0,1,4,0,1,1,1,4,1,0,1,0,4,4,1,0,0,4,4,4,2,1,2,2,0,0,2,1,2,3,1,0,2,1,4,4,1,1,0,0,0,0,1,1,0,0,0,4,1,1,1,3,0,0,0,0,3,3,4,0,2,3,0,1,2,1,0,2,2,3,0,2,2,2,2,1,1,3,0,1,1,0,1,1,1,1,4,4,1,1,0,4,0,1,1,1,1,1,3,2]",ok,
11,uniform,3,0.45,0.5484794357979779,0.1209936989580421,5,"fused_2_medium+fused_4_high, fused_3_medium+fused_4_high, fused_1_medium+fused_3_medium, fused_1_medium+fused_4_high, fused_4_high+fused_5_medium","[761, 361, 143, 349, 185]",0.2,0.8,0.2,2.0,"{""fused_1"":0.5866381247086951,""fused_2"":0.3140061049689793,""fused_3"":0.34234944929910843,""fused_4"":0.40973104261670285,""fused_5"":0.5784779378962476}","{""fused_2_medium+fused_4_high"":0.7142505415621734,""fused_3_medium+fused_4_high"":0.5836218849677532,""fused_1_medium+fused_3_medium"":0.5966132624210867,""fused_1_medium+fused_4_high"":0.5754189552091437,""fused_4_high+fused_5_medium"":0.7765062691923823}","{""fused_1"":0.1422946024443895,""fused_2"":0.2658401776691332,""fused_3"":0.2438310881032381,""fused_4"":0.2037322781330873,""fused_5"":0.14430185365015186}","{""fused_2_medium+fused_4_high"":0.1791441935522826,""fused_3_medium+fused_4_high"":0.2192409855732303,""fused_1_medium+fused_3_medium"":0.21446696766879358,""fused_1_medium+fused_4_high"":0.22236639252860577,""fused_4_high+fused_5_medium"":0.16478146067708777}","{""fused_1"":0.7114730122219475,""fused_2"":1.329200888345666,""fused_3"":1.2191554405161904,""fused_4"":1.0186613906654365,""fused_5"":0.7215092682507593}","{""fused_2_medium+fused_4_high"":0.895720967761413,""fused_3_medium+fused_4_high"":1.0962049278661514,""fused_1_medium+fused_3_medium"":1.072334838343968,""fused_1_medium+fused_4_high"":1.1118319626430289,""fused_4_high+fused_5_medium"":0.8239073033854388}",0.1396136045672977,0.0011117287381878,"[0,2,0,0,3,3,0,1,0,4,1,3,1,0,0,3,3,0,4,4,4,0,0,0,4,0,3,3,0,0,0,3,0,0,4,0,0,0,0,0,0,4,3,3,4,0,0,0,3,1,0,1,3,4,3,0,0,0,3,4,0,4,4,0,2,0,3,0,0,0,4,0,0,3,0,0,0,3,3,0,3,0,3,0,0,0,0,0,3,0,4,2,4,0,3,3,1,0,2,0,3,1,2,3,0,1,0,0,3,3,3,4,3,3,0,0,0,3,0,0,0,3,0,3,0,0,0,1,0,0,0,0,0,0,0,0,0,0,4,4,3,0,1,0,4,0,4,3,0,3,4,0,4,4,0,0,2,0,3,0,4,1,0,3,0,0,3,2,0,0,0,0,0,0,3,0,0,1,1,0,0,0,0,0,1,3,3,2,0,3,0,0,0,0,4,0,4,0,3,0,0,2,0,0,1,0,3,1,3,0,2,0,0,0,0,3,2,3,0,0,0,0,0,0,0,3,0,0,4,0,0,2,3,2,2,3,0,4,3,3,3,0,0,3,0,0,0,0,3,1,1,4,3,0,0,0,0,0,0,3,2,0,0,0,3,0,0,0,3,3,3,0,0,2,1,0,0,0,0,2,0,4,0,0,3,0,0,2,0,1,0,0,4,0,0,0,0,3,0,4,3,0,0,0,3,3,2,3,0,3,1,4,2,0,0,4,3,0,0,0,0,0,1,0,2,4,3,0,3,0,0,1,0,0,3,2,0,4,2,2,3,4,0,0,0,0,0,4,3,3,4,0,0,0,2,0,3,2,4,1,0,0,0,0,0,3,3,0,3,0,0,2,0,3,3,3,0,3,0,0,0,3,0,0,3,0,2,0,3,0,0,0,1,4,4,4,0,2,3,4,0,0,3,0,3,2,0,1,4,3,2,0,0,3,0,1,0,0,3,0,0,1,3,0,0,0,0,0,0,0,3,3,1,1,0,0,4,0,0,4,0,3,1,4,1,3,4,4,2,0,1,0,1,3,3,1,3,0,4,0,3,0,4,3,0,0,3,0,0,0,4,0,3,0,3,1,4,4,0,0,0,0,0,4,3,0,1,1,4,0,2,3,0,0,0,3,3,1,0,1,0,0,4,2,0,4,3,3,3,3,4,3,0,0,0,0,3,0,0,0,0,0,4,2,3,0,0,3,0,2,3,0,0,0,3,0,3,0,3,0,0,3,1,4,0,1,0,3,4,0,4,1,3,0,3,2,1,2,3,0,0,0,3,3,3,0,0,0,0,3,0,0,1,0,0,1,0,0,3,4,4,1,0,1,4,0,0,0,3,3,0,0,2,0,0,0,0,4,0,3,0,0,0,0,0,0,0,0,3,0,0,0,0,1,4,0,0,1,0,3,0,0,3,0,3,0,0,3,3,1,0,3,0,3,0,0,3,0,0,1,4,0,4,2,3,0,4,0,0,4,3,0,3,3,3,3,4,0,0,3,1,4,2,0,3,2,0,0,0,3,1,4,3,4,0,1,3,1,0,1,0,0,1,0,0,0,0,0,0,0,0,0,4,0,4,0,1,0,0,0,2,3,0,1,0,0,0,0,4,1,0,3,3,4,3,0,1,0,2,0,4,0,0,0,4,1,0,0,0,1,0,4,4,1,1,2,4,4,0,1,0,0,3,0,4,0,1,3,1,1,2,2,2,1,2,4,1,0,3,1,0,1,3,1,4,3,2,3,1,0,2,0,0,4,2,4,0,0,0,1,0,0,1,0,0,0,3,3,1,3,0,1,0,3,3,0,4,4,4,0,3,1,0,3,0,0,3,0,0,4,3,0,1,3,2,1,3,4,1,0,0,2,0,4,0,0,0,1,0,1,3,0,0,0,1,3,0,0,2,0,2,1,4,0,0,1,0,4,0,0,0,1,0,2,3,0,1,3,1,0,3,0,0,0,0,1,3,0,3,0,0,0,3,3,0,3,4,1,0,3,3,1,0,3,2,1,0,1,0,3,1,2,0,1,4,3,1,3,2,1,1,3,1,4,3,1,3,3,0,0,1,0,3,0,4,0,2,1,3,3,0,0,1,4,0,1,0,1,0,0,0,3,0,1,0,1,0,2,1,0,3,3,0,0,3,0,2,0,3,4,3,3,1,2,2,0,4,0,0,3,0,4,2,3,0,0,1,1,0,2,1,0,0,4,3,1,1,1,0,1,1,1,0,0,0,0,3,3,1,1,0,0,2,3,0,3,3,0,1,0,1,1,3,2,3,2,1,4,4,4,0,3,0,2,1,1,0,1,1,1,4,3,0,0,0,0,3,0,3,3,1,1,2,0,4,0,0,3,3,3,1,1,1,1,2,2,1,0,3,1,1,1,1,1,3,0,1,0,1,3,4,3,1,2,2,2,1,3,0,4,0,0,1,1,3,4,0,1,1,3,1,0,3,0,3,2,1,2,1,0,0,1,3,1,1,4,1,1,1,3,1,1,0,4,0,0,3,0,0,2,2,1,2,0,1,4,1,3,2,0,3,4,0,3,0,0,1,4,4,1,1,4,4,2,0,0,1,0,0,3,0,1,3,0,1,1,1,1,0,3,4,3,3,1,1,1,0,1,1,3,3,1,0,0,2,2,3,0,0,4,0,0,1,1,1,0,4,1,1,2,3,3,3,1,3,0,0,1,0,0,0,3,0,0,0,3,1,1,3,1,0,1,1,4,2,4,4,0,2,0,0,1,4,1,2,0,1,1,0,0,4,4,1,1,4,4,2,0,1,1,3,1,3,1,0,3,1,3,1,1,0,1,2,1,0,1,1,1,1,1,4,2,4,3,3,1,3,0,1,0,1,1,2,4,2,0,1,0,0,0,2,1,1,1,1,0,1,3,2,0,0,1,1,0,2,3,3,0,2,1,4,3,1,4,2,0,3,0,0,2,0,4,0,0,0,1,0,3,0,2,3,0,2,0,0,1,2,1,1,0,0,0,4,0,2,0,0,0,0,4,3,3,3,1,0,1,1,0,1,2,3,4,0,3,3,0,0,2,0,0,1,3,1,0,0,0,0,2,0,3,1,4,1,4,1,0,0,0,0,4,0,2,3,0,4,1,1,1,1,1,0,0,0,0,1,0,1,3,0,0,2,0,4,1,0,3,1,1,4,0,0,1,0,0,0,2,3,1,0,2,0,3,3,1,1,0,1,2,3,3,0,0,2,2,0,3,0,0,4,2,0,0,4,3,1,0,3,0,0,0,0,2,4,2,0,4,0,2,0,0,3,3,0,0,2,0,3,1,0,1,2,1,0,3,2,3,0,0,3,0,3,0,3,0,1,1,3,3,1,0,1,0,1,1,0,1,3,0,0,0,0,1,0,1,1,1,2,3,3,1,1,1,1,0,4,0,1,0,3,3,0,0,0,1,0,0,4,2,2,3,0,4,0,4,0,0,0,0,3,1,1,3,0,3,0,1,1,0,0,1,0,2,1,1,0,0,0,1,3,0,4,4,1,1,3,3,0,0,1,0,1,0,0,0,1,3,4,1,0,1,1,0,0,0,3,3,3,1,1,0,2,0,3,1,3,1,1,3,0,0,0,3,1,1,0,0,2,0,1,1,0,4,1,3,1,0,1,4,1,1,0,1,0,3,0,1,3,2,1,1,0,0,0,0,4,0,0,0,1,0,2,4,3,1,0,1,0,0,0,1,3,2,1,0,0,0,3,3,0,3,4,1,3,3,0,2,0,1,3,4,1,0,1,2,0,0,1,0,0,4,0,1,0,3,1,3,0,0,0,0,0,0,0,1,0,2,4,0,3,4,1,3,3,3,0,0,1,2,0,0,1,4,0,1,1,1,4,1,0,1,0,4,4,1,0,0,4,4,4,3,1,3,3,0,0,3,1,3,2,1,0,3,1,4,4,1,1,0,0,0,0,1,1,0,0,0,4,1,1,1,2,0,0,0,0,2,2,4,0,3,2,0,1,3,1,0,3,3,2,0,3,3,3,3,1,1,2,0,1,1,0,1,1,1,1,4,4,1,1,0,4,0,1,1,1,1,1,2,3]",ok,
12,uniform,3,0.4,0.547634835916449,0.1201490990765132,3,"fused_2_medium+fused_4_high, fused_4_high+fused_5_medium, fused_1_medium+fused_3_medium+fused_4_high","[532, 349, 405, 224, 289]",0.5,0.8,0.8,5.0,"{""fused_1"":0.6366221530187699,""fused_2"":0.32435312163086394,""fused_3"":0.4061843364873232,""fused_4"":0.6246497879508243,""fused_5"":0.43596751808676776}","{""fused_2_medium+fused_4_high"":0.35493035333519435,""fused_4_high+fused_5_medium"":0.4641787546013817,""fused_1_medium+fused_3_medium+fused_4_high"":0.3053110536673634}","{""fused_1"":0.18496050478909212,""fused_2"":0.21892477813777525,""fused_3"":0.20695153204344316,""fused_4"":0.18584046760127684,""fused_5"":0.20332271742841257}","{""fused_2_medium+fused_4_high"":0.3363063851198073,""fused_4_high+fused_5_medium"":0.3144847449688852,""fused_1_medium+fused_3_medium+fused_4_high"":0.3492088699113075}","{""fused_1"":0.9248025239454606,""fused_2"":1.0946238906888763,""fused_3"":1.0347576602172157,""fused_4"":0.9292023380063842,""fused_5"":1.016613587142063}","{""fused_2_medium+fused_4_high"":1.008919155359422,""fused_4_high+fused_5_medium"":0.9434542349066555,""fused_1_medium+fused_3_medium+fused_4_high"":1.0476266097339226}",0.1554980310772684,0.0105614230127848,"[4,3,4,4,2,2,4,1,4,2,1,3,1,0,0,2,2,0,4,4,2,0,4,4,2,4,2,2,0,0,4,2,4,0,4,0,0,0,0,0,0,3,2,2,3,4,4,4,3,1,0,1,2,2,2,0,0,0,2,2,0,4,4,0,3,0,3,0,4,4,3,0,4,2,4,4,0,2,2,4,2,0,2,0,4,4,4,4,3,4,2,2,4,0,2,2,1,0,3,0,3,1,2,3,4,1,0,0,2,4,2,2,2,2,0,0,0,2,0,4,0,2,0,2,0,0,0,1,0,0,4,0,4,0,0,0,0,0,3,4,2,0,1,4,4,4,2,2,0,2,3,0,3,4,4,4,2,4,2,0,4,1,0,2,0,4,3,3,0,4,0,0,4,0,2,4,0,1,1,0,0,4,0,4,1,2,2,3,0,2,4,4,0,0,2,0,4,4,3,0,0,2,0,0,1,0,3,1,2,4,3,0,4,4,0,3,2,2,0,4,0,0,4,0,4,2,4,0,3,0,4,3,2,3,2,2,0,2,2,2,2,0,4,2,4,0,0,4,2,1,1,2,2,4,4,0,0,0,0,4,3,0,4,4,2,0,0,0,2,3,2,4,4,3,1,4,0,0,4,3,0,2,0,4,2,4,0,3,0,1,0,0,3,0,0,4,4,2,0,4,2,4,0,4,2,2,3,2,0,3,1,4,2,0,0,2,2,4,0,0,0,0,1,0,2,4,2,0,2,0,0,1,0,0,2,2,0,4,2,2,2,3,0,0,0,0,0,3,3,2,2,0,0,0,2,0,3,3,3,3,0,0,4,0,0,2,2,0,3,0,0,2,4,2,2,2,0,2,0,4,0,2,4,0,2,4,2,0,3,0,4,0,1,2,2,4,0,2,2,3,0,0,2,0,2,3,0,1,2,3,2,0,0,2,4,1,0,4,2,4,0,1,2,4,0,4,0,0,0,4,2,3,1,1,4,0,4,0,0,2,0,2,1,2,1,3,3,4,2,0,1,0,1,2,2,1,2,0,2,0,2,0,2,2,4,0,2,0,0,0,2,0,2,4,2,1,2,4,0,4,4,0,0,3,2,0,1,1,4,4,2,2,4,4,4,3,2,1,0,1,0,0,2,3,0,2,3,2,3,2,2,3,0,0,0,0,2,4,0,0,4,0,2,2,2,4,0,2,4,3,3,4,0,4,2,0,3,0,2,0,4,2,1,2,0,1,0,2,4,4,2,1,2,4,2,4,1,4,2,4,0,0,2,2,2,0,4,0,0,2,0,4,1,4,0,1,0,0,2,4,3,1,0,1,2,0,0,0,2,2,0,4,2,0,0,4,4,3,0,2,4,0,4,4,0,0,0,0,2,4,4,0,0,1,2,0,4,1,0,2,0,0,2,0,4,4,0,2,2,1,0,2,0,2,0,0,2,0,4,1,3,0,3,3,2,0,4,0,4,3,2,4,2,2,2,2,2,4,0,3,1,3,4,0,3,3,0,0,4,4,1,2,2,4,0,1,2,1,0,1,4,4,1,0,4,0,0,0,4,0,4,0,2,0,3,4,1,4,0,0,2,3,0,1,4,4,0,4,3,1,0,3,2,2,2,0,1,4,2,0,2,4,4,4,2,1,0,0,0,1,0,3,3,1,1,2,2,3,0,1,4,0,2,0,2,4,1,2,1,1,2,3,2,1,3,2,1,4,2,1,0,1,3,1,3,2,3,2,1,0,2,0,0,4,2,2,0,0,4,1,0,0,3,0,0,4,2,2,1,2,0,1,0,3,2,0,3,2,4,0,2,1,4,2,0,4,2,0,0,3,3,4,1,2,4,1,2,3,1,0,0,4,0,3,0,0,4,1,0,1,3,4,4,0,1,2,0,4,3,4,2,1,2,0,0,3,0,2,0,0,0,1,0,3,2,0,1,3,1,0,3,4,0,0,0,1,2,0,2,4,0,0,2,2,0,2,2,1,4,2,3,1,0,2,3,1,0,1,0,2,1,2,0,1,3,2,1,2,3,1,1,3,1,2,2,1,2,2,0,0,1,0,2,0,3,0,2,1,2,2,0,4,1,2,0,1,4,1,0,0,0,2,0,1,4,1,0,2,1,0,2,3,0,4,2,0,3,0,3,2,2,2,1,2,2,0,3,0,0,2,0,2,3,2,0,0,1,1,0,2,1,0,0,2,2,1,1,1,0,1,1,1,4,0,0,0,2,2,1,1,0,4,2,3,0,2,3,0,1,0,3,1,3,1,3,2,1,3,3,2,0,2,0,3,1,1,4,1,1,1,4,2,0,0,0,0,2,4,2,3,1,1,3,0,2,4,0,3,2,3,1,3,1,1,2,2,1,0,2,1,1,1,1,1,2,0,1,0,1,2,4,2,1,2,2,1,1,2,0,4,4,4,1,1,2,2,0,1,1,2,1,4,2,4,2,3,1,3,1,0,0,1,3,1,1,3,1,1,1,2,1,1,0,4,0,0,2,0,0,2,3,1,3,0,1,2,1,2,3,0,2,3,0,3,0,0,1,4,3,1,1,4,3,3,0,0,1,0,0,3,0,1,3,0,1,3,1,1,4,2,3,3,2,1,1,1,0,1,1,2,2,1,0,0,3,2,2,0,4,3,0,0,3,1,1,0,2,1,1,4,2,3,2,1,2,0,0,1,0,4,0,3,4,0,0,4,1,1,2,1,4,1,1,4,3,3,2,0,3,0,0,1,4,3,2,0,1,1,0,0,4,3,1,1,3,2,2,0,1,1,2,4,2,1,0,2,1,2,1,1,4,1,2,1,0,1,1,1,1,1,3,3,3,2,2,1,2,4,1,0,1,1,3,3,3,0,1,0,0,0,2,1,1,1,1,0,1,3,3,0,0,1,1,0,3,2,2,0,3,1,2,2,1,4,3,0,3,0,4,2,0,2,4,0,4,1,0,2,4,3,2,0,3,0,0,1,3,3,1,0,0,4,2,0,3,4,0,0,0,2,3,2,3,1,0,3,1,4,1,2,2,3,0,4,2,0,0,3,4,4,1,2,1,0,4,0,0,2,0,2,1,3,1,4,1,4,0,0,0,4,4,3,2,0,3,1,1,1,1,1,0,4,0,0,1,0,1,3,0,4,3,0,3,1,0,2,1,1,3,0,4,1,0,0,4,1,2,1,0,3,4,2,4,1,1,0,1,3,2,3,4,4,2,3,4,2,4,4,2,3,0,0,2,2,1,4,4,0,4,0,0,2,2,4,4,2,4,3,0,0,2,2,0,0,3,0,2,1,0,1,2,1,4,2,2,2,0,4,2,4,3,4,2,0,1,1,2,2,1,0,1,0,1,1,4,1,3,0,4,0,0,1,0,1,1,1,3,2,2,1,1,1,1,4,3,0,1,0,2,4,4,4,4,1,0,4,2,2,3,2,0,2,4,3,0,0,0,0,2,1,1,2,4,2,0,1,1,0,0,1,0,3,1,1,0,0,0,1,3,4,2,2,1,1,3,2,0,0,1,0,1,4,0,0,1,3,3,1,0,1,1,0,4,0,2,2,2,1,1,0,2,0,2,1,2,1,1,2,4,4,0,3,1,1,4,0,2,0,1,1,4,4,1,3,1,4,1,2,1,1,0,1,0,2,4,1,3,2,1,1,4,0,4,0,3,0,4,4,1,4,2,3,2,1,0,1,0,0,0,1,2,2,1,4,0,0,4,2,0,2,3,1,2,2,0,3,0,1,2,3,1,0,1,3,0,4,1,0,0,3,4,1,0,2,1,3,4,0,0,0,0,0,0,1,0,3,3,4,2,2,1,2,2,2,0,0,1,3,0,0,1,4,4,1,1,1,3,1,0,1,0,2,3,1,0,4,2,3,4,2,1,2,2,0,0,2,1,2,2,1,0,2,3,3,3,1,1,0,0,0,4,4,1,0,0,0,2,1,3,1,3,0,4,0,0,3,3,3,0,3,2,0,1,3,1,0,2,2,3,0,3,2,2,2,1,3,3,0,1,1,0,1,1,1,1,3,3,1,1,0,2,0,1,1,1,1,1,2,2]",ok,
13,uniform,3,0.35,0.5626041275496748,0.135118390709739,5,"fused_4_high+fused_5_medium, fused_1_medium+fused_3_medium+fused_4_high, fused_2_medium+fused_3_medium+fused_4_high, fused_1_medium+fused_2_medium+fused_4_high, fused_2_medium+fused_5_medium","[532, 343, 419, 284, 221]",0.4,0.4,0.4,4.0,"{""fused_1"":0.6539848056647637,""fused_2"":0.23872222133682147,""fused_3"":0.38420138904386325,""fused_4"":0.5931207414901495,""fused_5"":0.3070769240015486}","{""fused_4_high+fused_5_medium"":0.6609362839794201,""fused_1_medium+fused_3_medium+fused_4_high"":0.534926337793544,""fused_2_medium+fused_3_medium+fused_4_high"":0.5251116902571134,""fused_1_medium+fused_2_medium+fused_4_high"":0.5119601643460666,""fused_2_medium+fused_5_medium"":0.6232286639018623}","{""fused_1"":0.16912111882239464,""fused_2"":0.23664070299236933,""fused_3"":0.20192995674662567,""fused_4"":0.1747186875080544,""fused_5"":0.21758953393055586}","{""fused_4_high+fused_5_medium"":0.19006369971920692,""fused_1_medium+fused_3_medium+fused_4_high"":0.20394875090863593,""fused_2_medium+fused_3_medium+fused_4_high"":0.20521155661403082,""fused_1_medium+fused_2_medium+fused_4_high"":0.20695391844249536,""fused_2_medium+fused_5_medium"":0.1938220743156309}","{""fused_1"":0.8456055941119732,""fused_2"":1.1832035149618467,""fused_3"":1.0096497837331284,""fused_4"":0.873593437540272,""fused_5"":1.0879476696527792}","{""fused_4_high+fused_5_medium"":0.9503184985960346,""fused_1_medium+fused_3_medium+fused_4_high"":1.0197437545431796,""fused_2_medium+fused_3_medium+fused_4_high"":1.026057783070154,""fused_1_medium+fused_2_medium+fused_4_high"":1.0347695922124769,""fused_2_medium+fused_5_medium"":0.9691103715781545}",0.1639909037662581,0.0038910505836575,"[3,4,3,3,2,2,3,1,3,2,1,4,1,0,0,2,2,0,3,3,2,0,3,3,2,3,2,2,0,0,3,2,3,0,3,0,0,0,0,0,0,4,2,2,4,3,3,3,4,1,0,1,2,2,2,0,0,0,2,2,0,3,3,0,4,0,4,0,3,3,4,0,3,2,3,3,0,2,2,3,2,0,2,0,3,3,3,3,4,3,2,2,3,0,2,2,1,0,4,0,4,1,2,4,3,1,0,0,2,3,2,2,2,2,0,0,0,2,0,3,0,2,0,2,0,0,0,1,0,0,3,0,3,0,0,0,0,0,4,3,2,0,1,3,3,3,2,2,0,2,4,0,4,3,3,3,2,3,2,0,3,1,0,2,0,3,4,4,0,3,0,0,3,0,2,3,0,1,1,0,0,3,0,3,1,2,2,4,0,2,3,3,0,0,2,0,3,3,4,0,0,2,0,0,1,0,4,1,2,3,4,0,3,3,0,4,2,2,0,3,0,0,3,0,3,2,3,0,4,0,3,4,2,4,2,2,0,2,2,2,2,0,3,2,3,0,0,3,2,1,1,2,2,3,3,0,0,0,0,3,4,0,3,3,2,0,0,0,2,4,2,3,3,4,1,3,0,0,3,4,0,2,0,3,2,3,0,4,0,1,0,0,4,0,0,3,3,2,0,3,2,4,0,3,2,2,4,2,0,4,1,3,2,0,0,2,2,3,0,0,0,0,1,0,2,3,2,0,2,0,0,1,0,0,2,2,0,3,2,2,2,4,0,0,0,0,0,4,4,2,2,0,0,0,2,0,4,4,4,4,0,0,3,0,0,2,2,0,4,0,0,2,3,2,2,2,0,2,0,3,0,2,3,0,2,3,2,0,4,0,3,0,1,2,2,3,0,2,2,4,0,0,2,0,2,4,0,1,2,4,2,0,0,2,3,1,0,3,2,3,0,1,2,3,0,3,0,0,0,3,2,4,1,1,3,0,3,0,0,2,0,2,1,2,1,4,4,3,2,0,1,0,1,2,2,1,2,0,2,0,2,0,2,2,3,0,2,0,0,0,2,0,2,3,2,1,2,3,0,3,3,0,0,4,2,0,1,1,3,3,2,2,3,3,3,4,2,1,0,1,0,0,2,4,0,2,4,2,4,2,2,4,0,0,0,0,2,3,0,0,3,0,2,2,2,3,0,2,3,4,4,3,0,3,2,0,4,0,2,0,3,2,1,2,0,1,0,2,3,3,2,1,2,3,2,3,1,3,2,3,0,0,2,2,2,0,3,0,0,2,0,3,1,3,0,1,0,0,2,3,4,1,0,1,2,0,0,0,2,2,0,3,2,0,0,3,3,4,0,2,3,0,3,3,0,0,0,0,2,3,3,0,0,1,2,0,3,1,0,2,0,0,2,0,3,3,0,2,2,1,0,2,0,2,0,0,2,0,3,1,4,0,4,4,2,0,3,0,3,4,2,3,2,2,2,2,2,3,0,4,1,4,3,0,4,4,0,0,3,3,1,2,2,3,0,1,2,1,0,1,3,4,1,0,3,0,0,0,3,0,3,0,2,0,4,3,1,3,0,0,2,4,0,1,3,3,0,3,4,1,0,4,2,2,2,0,1,3,2,0,2,3,3,3,2,1,0,0,0,1,0,4,4,1,1,2,2,4,0,1,3,0,2,0,2,3,1,2,1,1,2,4,2,1,4,2,1,3,2,1,0,1,4,1,4,2,4,2,2,0,2,0,0,3,2,2,0,0,3,1,0,0,4,0,0,3,2,2,1,2,0,1,0,4,2,0,4,2,3,0,2,1,3,2,0,3,2,0,0,4,4,3,1,2,3,1,2,4,1,0,0,3,0,4,0,0,3,1,0,1,4,4,3,0,1,2,0,3,4,3,2,1,2,0,0,4,0,2,0,0,0,1,0,4,2,0,1,4,1,0,4,3,0,0,0,1,2,0,2,3,0,0,2,2,0,2,2,1,3,2,4,1,0,2,4,1,0,1,0,2,1,2,0,1,4,2,1,2,4,1,1,4,1,2,2,1,2,2,0,0,2,0,2,0,4,0,2,1,2,2,0,3,1,2,0,1,3,1,0,0,0,2,0,1,3,1,0,2,1,0,2,4,0,3,2,0,4,0,4,2,2,2,1,2,2,0,4,0,0,2,0,2,4,2,0,0,1,1,0,2,1,0,0,2,2,1,1,1,0,1,1,1,3,0,0,0,2,2,1,1,0,3,2,4,0,2,4,0,1,0,2,1,4,1,4,2,1,4,4,2,0,2,0,4,1,1,3,1,1,1,3,2,0,0,0,0,2,3,2,4,1,1,4,0,2,3,0,4,2,4,1,4,1,1,2,2,1,0,2,1,1,1,1,1,2,0,1,0,1,2,3,2,1,2,2,1,1,2,0,3,3,3,1,1,2,2,0,1,1,2,1,3,2,3,2,4,1,4,1,0,0,1,4,1,1,4,1,1,1,2,1,1,0,3,0,0,2,0,0,2,4,1,4,0,1,2,1,2,4,0,2,4,0,4,0,0,1,3,4,1,1,3,4,4,0,0,1,0,0,4,0,1,4,0,1,2,1,1,3,2,4,4,2,1,1,1,0,1,1,2,2,1,0,0,4,2,2,0,3,4,0,0,4,1,1,0,2,1,1,3,2,4,2,1,2,0,0,1,0,3,0,4,3,0,0,3,1,1,2,1,3,1,1,3,4,4,2,0,4,0,0,1,3,2,2,0,1,1,0,0,3,4,1,1,4,2,2,0,1,1,2,3,2,1,0,2,1,2,1,1,3,1,2,1,0,2,1,1,1,1,4,4,4,2,2,1,2,3,1,0,1,1,4,4,4,0,1,0,0,0,2,1,1,1,1,0,1,4,4,0,0,1,1,0,4,2,2,0,4,1,2,2,1,3,4,0,4,0,3,2,0,2,3,0,3,1,0,2,3,4,2,0,4,0,0,1,4,4,1,0,0,3,2,0,4,3,0,0,0,2,4,2,4,1,0,2,1,3,1,2,2,4,0,3,2,0,0,4,3,3,1,2,1,0,3,0,0,2,0,2,1,4,1,3,1,3,0,0,0,3,3,4,2,0,4,1,1,1,1,1,0,3,0,0,1,0,1,4,0,3,4,0,4,1,0,2,1,1,4,0,3,1,0,0,3,1,2,1,0,4,3,2,3,1,1,0,2,4,2,4,3,3,2,4,3,2,4,3,2,4,0,0,2,2,1,3,3,0,3,0,0,2,2,3,3,2,3,4,0,0,2,2,0,0,4,0,2,1,0,1,2,1,3,2,2,2,0,3,2,3,4,3,2,0,1,1,2,2,1,0,1,0,1,1,3,1,4,0,3,0,0,1,0,1,1,1,4,2,2,1,1,1,1,3,4,0,1,0,2,3,3,3,3,1,0,3,2,2,4,2,0,2,3,4,0,0,0,0,2,1,1,2,3,2,0,1,1,0,0,1,0,4,1,1,0,0,0,1,4,3,2,2,2,1,4,2,0,0,1,0,1,3,0,0,1,4,4,1,0,1,1,0,3,0,2,2,2,1,1,0,2,0,2,1,2,1,1,2,3,3,0,4,1,1,3,0,2,0,1,1,3,3,1,4,1,3,1,2,1,1,0,1,0,2,3,1,4,2,1,1,3,0,3,0,4,0,3,3,1,3,2,4,2,1,0,1,0,0,0,1,2,2,1,3,0,0,3,2,0,2,4,1,2,2,0,4,0,1,2,4,1,0,1,4,0,3,1,0,0,4,3,1,0,2,1,4,3,0,0,0,0,0,0,1,0,4,4,3,2,2,1,2,2,2,0,0,1,4,0,0,1,3,3,1,1,1,4,1,0,1,0,2,4,1,0,3,2,4,2,2,1,2,2,0,0,2,1,2,2,1,0,2,2,4,4,1,1,0,0,0,3,3,1,0,0,0,2,1,2,1,4,0,3,0,0,4,4,4,0,4,2,0,1,4,1,0,2,2,4,0,4,2,2,2,1,2,4,0,1,1,0,1,1,1,1,4,4,1,1,0,2,0,1,2,1,1,1,2,2]",ok,
14,uniform,3,0.3,0.6013627536636398,0.173877016823704,5,"fused_1_medium+fused_3_medium+fused_4_high, fused_2_medium+fused_3_medium+fused_4_high, fused_1_medium+fused_2_medium+fused_4_high, fused_2_medium+fused_4_high+fused_5_medium, fused_3_low","[532, 235, 287, 601, 144]",0.2,0.9,0.8,2.0,"{""fused_1"":0.3855270969850704,""fused_2"":0.31418185838429347,""fused_3"":0.462818643944845,""fused_4"":0.44719178737058274,""fused_5"":0.5960975225075617}","{""fused_1_medium+fused_3_medium+fused_4_high"":0.2518838532317831,""fused_2_medium+fused_3_medium+fused_4_high"":0.24238567332233527,""fused_1_medium+fused_2_medium+fused_4_high"":0.25705107465350857,""fused_2_medium+fused_4_high+fused_5_medium"":0.6044990716504702,""fused_3_low"":0.19815860006302038}","{""fused_1"":0.2188691770352088,""fused_2"":0.26857056252651473,""fused_3"":0.18231763034151066,""fused_4"":0.18868861375571452,""fused_5"":0.14155401634105116}","{""fused_1_medium+fused_3_medium+fused_4_high"":0.2124545648605461,""fused_2_medium+fused_3_medium+fused_4_high"":0.22077985757265034,""fused_1_medium+fused_2_medium+fused_4_high"":0.20818381913357115,""fused_2_medium+fused_4_high+fused_5_medium"":0.08852598282350814,""fused_3_low"":0.27005577560972427}","{""fused_1"":1.0943458851760441,""fused_2"":1.3428528126325736,""fused_3"":0.9115881517075533,""fused_4"":0.9434430687785726,""fused_5"":0.7077700817052558}","{""fused_1_medium+fused_3_medium+fused_4_high"":1.0622728243027304,""fused_2_medium+fused_3_medium+fused_4_high"":1.1038992878632516,""fused_1_medium+fused_2_medium+fused_4_high"":1.0409190956678558,""fused_2_medium+fused_4_high+fused_5_medium"":0.4426299141175407,""fused_3_low"":1.3502788780486212}",0.1622877014544407,0.0038910505836575,"[2,3,2,2,3,3,2,3,2,4,3,3,1,0,0,3,3,0,2,2,4,0,2,2,4,2,3,3,0,0,2,3,2,0,2,0,0,0,0,0,0,4,3,3,4,2,2,2,3,3,0,1,3,4,3,0,0,0,3,4,0,2,2,0,3,0,3,0,2,2,4,0,2,3,2,2,0,3,3,2,3,0,3,0,2,2,2,2,3,2,4,3,2,0,3,3,3,0,3,0,3,3,3,3,2,3,0,0,3,2,3,1,3,3,0,0,0,3,0,2,0,3,0,3,0,0,0,1,0,0,2,0,2,0,0,0,0,0,4,2,3,0,1,2,2,2,4,3,0,3,4,0,4,2,2,2,3,2,3,0,2,1,0,3,0,2,3,3,0,2,0,0,2,0,3,2,0,3,3,0,0,2,0,2,3,3,3,3,0,3,2,2,0,0,4,0,2,2,3,0,0,3,0,0,3,0,3,1,3,2,3,0,2,2,0,3,3,3,0,2,0,0,2,0,2,3,2,0,4,0,2,3,3,3,3,3,0,4,3,3,3,0,2,3,2,0,0,2,3,3,3,4,3,2,2,0,0,0,0,3,3,0,2,2,3,0,0,0,3,3,3,2,2,3,1,2,0,0,2,3,0,4,0,2,3,2,0,3,0,1,0,0,4,0,0,2,2,3,0,2,3,2,0,2,3,3,3,3,0,3,1,2,3,0,0,4,3,2,0,0,0,0,1,0,3,2,3,0,3,0,0,1,0,0,3,3,0,2,3,3,3,4,0,0,0,0,0,4,3,3,4,0,0,0,3,0,3,3,4,3,0,0,2,0,0,3,3,0,3,0,0,3,2,3,3,3,0,3,0,2,0,3,2,0,3,2,3,0,3,0,2,0,3,4,4,2,0,3,3,4,0,0,3,0,3,3,0,1,4,3,3,0,0,3,2,3,0,2,3,2,0,1,3,2,0,2,0,0,0,2,3,3,3,1,2,0,2,0,0,4,0,3,3,4,1,3,4,2,3,0,1,0,1,3,3,1,3,0,4,0,3,0,4,3,2,0,3,0,0,0,4,0,3,2,3,1,4,2,0,2,2,0,0,4,3,0,3,3,2,2,3,3,2,2,2,3,3,3,0,1,0,0,4,3,0,4,3,3,3,3,4,3,0,0,0,0,3,2,0,0,2,0,4,3,3,2,0,3,2,3,3,2,0,2,3,0,3,0,3,0,2,3,3,4,0,3,0,3,2,2,4,1,3,2,3,2,3,3,3,2,0,0,3,3,3,0,2,0,0,3,0,2,1,2,0,3,0,0,3,2,4,3,0,1,4,0,0,0,3,3,0,2,3,0,0,2,2,2,0,3,2,0,2,2,0,0,0,0,3,2,2,0,0,3,4,0,2,1,0,3,0,0,3,0,2,2,0,3,3,1,0,3,0,3,0,0,3,0,2,3,4,0,4,3,3,0,2,0,2,4,3,2,3,3,3,3,4,2,0,4,3,4,2,0,3,3,0,0,2,2,1,4,3,2,0,3,3,3,0,1,2,2,3,0,2,0,0,0,2,0,2,0,4,0,4,2,1,2,0,0,3,3,0,1,2,2,0,2,4,3,0,3,3,4,3,0,1,2,3,0,4,2,2,2,4,1,0,0,0,1,0,4,4,3,3,3,4,4,0,1,2,0,3,0,4,2,1,3,1,1,3,3,3,1,3,4,1,2,3,1,0,1,3,1,4,3,3,3,1,0,3,0,0,2,3,4,0,0,2,1,0,0,3,0,0,2,3,3,1,3,0,1,0,3,3,0,4,4,2,0,3,3,2,3,0,2,3,0,0,4,3,2,3,3,3,1,3,4,3,0,0,2,0,4,0,0,2,3,0,1,3,2,2,0,1,3,0,2,3,2,3,3,4,0,0,1,0,4,0,0,0,1,0,3,3,0,3,3,3,0,3,2,0,0,0,1,3,0,3,2,0,0,3,3,0,3,4,3,2,3,3,1,0,3,3,1,0,3,0,3,3,3,0,3,4,3,1,3,3,1,1,3,1,4,3,3,3,3,0,0,1,0,3,0,4,0,3,1,3,3,0,2,1,4,0,1,2,3,0,0,0,3,0,1,2,1,0,3,1,0,3,3,0,2,3,0,3,0,3,4,3,3,1,3,3,0,4,0,0,3,0,4,3,3,0,0,1,3,0,3,3,0,0,4,3,1,1,1,0,1,3,1,2,0,0,0,3,3,3,1,0,2,3,3,0,3,3,0,3,0,1,1,3,3,3,3,1,4,4,4,0,3,0,3,3,1,2,3,1,1,2,3,0,0,0,0,3,2,3,3,1,1,3,0,4,2,0,3,3,3,1,3,1,1,3,3,3,0,3,1,1,1,3,3,3,0,1,0,1,3,2,3,1,3,3,3,3,3,0,2,2,2,3,1,3,4,0,1,1,3,3,2,3,2,3,3,3,3,1,0,0,3,3,1,1,4,1,1,1,3,1,1,0,2,0,0,3,0,0,3,3,1,3,0,3,4,3,3,3,0,3,4,0,3,0,0,3,2,4,1,3,2,4,3,0,0,1,0,0,3,0,3,3,0,1,3,3,3,2,3,4,3,3,1,1,1,0,1,3,3,3,1,0,0,3,3,3,0,2,4,0,0,1,1,1,0,4,1,3,2,3,3,3,1,3,0,0,1,0,2,0,3,2,0,0,2,1,3,3,3,2,1,1,2,3,4,4,0,3,0,0,1,2,1,3,0,1,1,0,0,2,4,3,1,4,4,3,0,3,1,3,2,3,1,0,3,1,3,3,1,2,1,3,1,0,1,1,1,1,1,4,3,4,3,3,1,3,2,1,0,1,1,3,4,3,0,1,0,0,0,3,1,3,3,1,0,1,3,3,0,0,3,3,0,3,3,3,0,3,1,4,3,1,2,3,0,3,0,2,3,0,4,2,0,2,1,0,3,2,3,3,0,3,0,0,3,3,4,1,0,0,2,4,0,3,2,0,0,0,4,3,3,3,3,0,1,3,2,1,3,3,4,0,2,3,0,0,3,2,2,3,3,1,0,2,0,0,3,0,3,1,4,3,2,1,2,0,0,0,2,2,3,3,0,4,1,1,1,3,3,0,2,0,0,1,0,3,3,0,2,3,0,4,1,0,3,1,1,4,0,2,1,0,0,2,3,3,3,0,3,2,3,2,1,3,0,1,3,3,3,2,2,3,3,2,3,2,2,4,3,0,0,4,3,1,2,2,0,2,0,0,3,4,2,2,4,2,3,0,0,3,3,0,0,3,0,3,1,0,1,3,1,2,3,3,3,0,2,3,2,3,2,3,0,3,1,3,3,1,0,3,0,1,1,2,3,3,0,2,0,0,3,0,1,3,1,3,3,3,1,1,1,3,2,4,0,1,0,3,2,2,2,2,1,0,2,4,3,3,3,0,4,2,4,0,0,0,0,3,1,1,3,2,3,0,1,1,0,0,1,0,3,1,1,0,0,0,1,3,2,4,4,1,1,3,3,0,0,1,0,1,2,0,0,1,3,4,1,0,1,1,0,2,0,3,3,3,1,3,0,3,0,3,1,3,3,1,3,2,2,0,3,1,1,2,0,3,0,1,1,2,2,3,3,3,2,3,4,1,3,0,1,0,3,2,1,3,3,3,3,2,0,2,0,4,0,2,2,3,2,3,4,3,3,0,3,0,0,0,1,3,3,1,2,0,0,2,3,0,3,4,3,3,3,0,3,0,1,3,4,1,0,1,3,0,2,1,0,0,4,2,1,0,3,1,3,2,0,0,0,0,0,0,1,0,3,4,2,3,4,1,3,3,3,0,0,3,3,0,0,3,2,2,1,1,3,4,1,0,1,0,4,4,3,0,2,4,4,2,3,1,3,3,0,0,3,1,3,3,1,0,3,1,4,4,1,3,0,0,0,2,2,3,0,0,0,4,1,3,1,3,0,2,0,0,3,3,4,0,3,3,0,1,3,3,0,3,3,3,0,3,3,3,3,3,1,3,0,1,3,0,1,3,1,3,4,4,1,1,0,4,0,1,1,3,1,1,3,3]",ok,
15,uniform,3,0.25,0.5652430741194653,0.1377573372795295,8,"fused_2_medium+fused_4_high+fused_5_medium, fused_1_medium+fused_2_medium+fused_3_medium+fused_4_high, fused_3_medium+fused_4_high+fused_5_medium, fused_1_high, fused_2_medium+fused_4_high+fused_5_low, fused_3_low+fused_4_high, fused_1_medium+fused_4_high+fused_5_medium, fused_2_medium+fused_3_low","[310, 449, 375, 369, 296]",0.5,0.8,0.8,3.0,"{""fused_1"":0.7220776551849705,""fused_2"":0.3486010928641001,""fused_3"":0.3784097340941827,""fused_4"":0.6037506041536633,""fused_5"":0.2928508694117637}","{""fused_2_medium+fused_4_high+fused_5_medium"":0.4156848226664914,""fused_1_medium+fused_2_medium+fused_3_medium+fused_4_high"":0.40012402191126295,""fused_3_medium+fused_4_high+fused_5_medium"":0.3698396202231351,""fused_1_high"":0.35202891905685396,""fused_2_medium+fused_4_high+fused_5_low"":0.3410569762815653,""fused_3_low+fused_4_high"":0.2574241795723228,""fused_1_medium+fused_4_high+fused_5_medium"":0.41948398166517037,""fused_2_medium+fused_3_low"":0.23998923600733696}","{""fused_1"":0.15421496128049864,""fused_2"":0.2219494585861403,""fused_3"":0.21302830524885916,""fused_4"":0.16865129214160665,""fused_5"":0.24215598274289524}","{""fused_2_medium+fused_4_high+fused_5_medium"":0.11296395407609416,""fused_1_medium+fused_2_medium+fused_3_medium+fused_4_high"":0.11513958421048481,""fused_3_medium+fused_4_high+fused_5_medium"":0.11976095550583378,""fused_1_high"":0.1227531932598844,""fused_2_medium+fused_4_high+fused_5_low"":0.12471207375252202,""fused_3_low+fused_4_high"":0.14354805120463068,""fused_1_medium+fused_4_high+fused_5_medium"":0.11245124777140318,""fused_2_medium+fused_3_low"":0.14867094021914692}","{""fused_1"":0.7710748064024932,""fused_2"":1.1097472929307015,""fused_3"":1.0651415262442958,""fused_4"":0.8432564607080333,""fused_5"":1.2107799137144761}","{""fused_2_medium+fused_4_high+fused_5_medium"":0.9037116326087533,""fused_1_medium+fused_2_medium+fused_3_medium+fused_4_high"":0.9211166736838785,""fused_3_medium+fused_4_high+fused_5_medium"":0.9580876440466702,""fused_1_high"":0.9820255460790752,""fused_2_medium+fused_4_high+fused_5_low"":0.9976965900201762,""fused_3_low+fused_4_high"":1.1483844096370455,""fused_1_medium+fused_4_high+fused_5_medium"":0.8996099821712255,""fused_2_medium+fused_3_low"":1.1893675217531754}",0.2194337142077406,0.0116731517509727,"[4,4,4,4,1,1,4,2,4,0,2,1,2,3,0,1,1,0,4,4,0,0,4,4,0,4,1,1,3,3,4,1,4,3,4,0,0,3,0,3,0,3,1,1,3,4,4,4,1,2,3,2,1,0,1,0,0,0,1,0,0,4,4,0,1,0,1,0,4,4,3,0,4,1,4,4,0,1,1,4,1,0,1,0,4,4,4,4,1,4,0,2,4,0,1,1,2,3,1,3,1,2,1,1,4,2,3,0,1,4,1,2,1,1,0,0,3,1,3,4,0,1,0,1,0,0,0,2,3,0,4,0,4,0,0,3,3,0,3,4,1,3,2,4,4,4,0,1,3,1,3,3,3,4,4,4,1,4,1,0,4,2,3,1,0,4,1,1,3,4,0,3,4,3,1,4,3,2,2,3,3,4,0,4,2,1,1,1,0,1,4,4,0,0,0,0,4,4,1,3,0,1,3,0,2,3,1,2,1,4,1,0,4,4,0,1,1,1,3,4,0,0,4,0,4,1,4,3,3,0,4,1,1,1,1,1,0,0,1,1,1,3,4,1,4,3,0,4,1,2,2,0,1,4,4,0,3,0,0,4,1,3,4,4,1,0,0,3,1,1,1,4,4,1,2,4,3,3,4,1,3,0,0,4,1,4,3,1,3,2,3,3,3,3,3,4,4,1,0,4,1,3,3,4,1,1,1,1,3,1,2,4,1,0,0,0,1,4,3,0,0,0,2,0,1,4,1,4,1,3,3,2,0,3,1,2,3,4,1,1,1,3,0,0,3,3,0,3,1,1,0,3,3,3,1,0,1,1,3,3,0,0,4,0,3,1,1,3,1,3,0,1,4,1,1,1,3,1,3,4,3,1,4,0,1,4,1,3,1,3,4,0,2,0,0,4,3,1,1,4,0,0,1,3,1,1,3,2,0,1,1,3,3,1,4,2,0,4,1,4,3,2,1,4,3,4,3,3,0,4,1,1,2,2,4,0,4,0,3,0,3,1,2,0,2,1,3,4,1,0,2,3,2,1,1,2,1,3,0,3,1,3,0,1,4,3,1,3,0,0,0,0,1,4,1,2,0,4,3,4,4,0,0,3,1,0,2,2,4,4,1,1,4,4,4,1,1,2,3,2,0,3,0,1,0,0,1,1,1,1,0,1,0,3,3,0,1,4,0,3,4,3,0,1,1,4,3,1,4,1,1,4,3,4,1,0,1,3,1,0,4,1,2,0,0,2,3,1,4,4,0,2,1,4,1,4,2,4,1,4,0,0,1,1,1,3,4,0,0,1,3,4,2,4,0,2,0,3,1,4,3,2,0,2,0,3,0,0,1,1,0,4,1,3,0,4,4,4,0,1,4,3,4,4,0,0,0,0,1,4,4,0,0,2,0,3,4,2,3,1,3,3,1,3,4,4,0,1,1,2,3,1,0,1,3,3,1,3,4,2,3,3,3,1,1,3,4,0,4,3,1,4,1,1,1,1,0,4,0,3,2,3,4,0,1,1,3,3,4,4,2,0,1,4,0,2,2,2,0,2,4,3,2,3,4,0,3,3,4,3,4,3,0,0,3,4,2,4,3,3,1,1,3,2,4,4,3,4,3,2,0,1,1,0,1,0,2,4,2,0,0,4,4,4,0,2,3,0,3,2,0,3,3,2,2,1,0,3,0,2,4,3,1,3,0,4,2,1,2,2,2,1,2,2,1,0,2,4,1,2,3,2,1,2,3,1,1,1,2,3,1,0,0,4,1,0,3,3,4,2,3,3,3,0,0,4,1,1,2,1,0,2,3,1,1,0,3,0,4,3,1,2,4,1,0,4,1,0,3,3,1,4,2,1,4,2,1,3,2,3,0,4,3,3,0,0,4,2,3,2,1,3,4,0,2,1,3,4,1,4,1,2,0,0,3,2,3,0,3,3,3,2,3,1,1,0,2,1,2,3,1,4,3,3,0,2,1,3,1,4,0,3,1,1,0,1,0,2,4,1,1,2,3,1,1,2,3,2,0,1,2,1,0,2,3,1,2,1,4,2,2,1,2,0,1,2,1,1,0,3,2,3,1,3,3,3,1,2,1,1,3,4,2,0,3,2,4,2,3,0,3,1,3,2,4,2,0,1,2,3,1,1,3,4,1,0,1,3,1,0,1,1,2,2,2,0,3,0,3,1,0,0,1,1,0,0,2,2,3,1,2,3,3,0,1,2,2,2,0,2,2,2,4,3,3,0,1,1,2,2,3,4,1,1,0,1,1,0,2,0,2,2,1,2,1,2,2,3,4,0,3,1,0,1,2,2,4,2,2,2,4,1,0,3,3,3,1,4,1,1,2,2,1,3,0,4,3,1,1,1,2,3,2,2,1,2,2,0,1,2,2,2,2,2,1,0,2,3,2,1,4,1,2,1,1,2,2,1,0,4,4,4,2,2,1,0,3,2,2,1,2,4,1,4,1,1,2,1,2,0,3,2,1,2,2,3,2,2,2,1,2,2,3,4,3,3,1,3,3,1,1,2,1,3,2,0,2,1,1,3,4,3,0,1,3,3,2,4,3,2,2,4,3,1,3,0,2,0,0,1,0,2,1,0,2,1,2,2,4,1,3,1,1,2,2,2,0,2,2,1,1,2,3,3,1,2,1,3,4,3,0,0,2,2,2,3,0,2,2,4,1,1,1,2,1,3,0,2,0,4,3,1,4,0,3,4,2,2,1,2,4,2,2,4,1,3,0,0,1,3,0,2,4,2,1,0,2,2,3,0,4,3,2,2,3,0,1,3,2,2,1,4,1,2,3,1,2,1,2,2,4,2,1,2,0,2,2,2,2,2,3,1,3,1,1,2,1,4,2,3,2,2,1,3,4,0,2,3,0,3,1,2,2,2,2,3,2,1,1,3,3,2,2,3,1,1,1,3,1,2,0,1,2,4,1,0,1,0,4,2,0,0,4,3,4,2,3,1,4,1,1,3,1,3,0,2,1,3,2,0,0,4,0,0,1,4,3,0,0,0,1,1,1,2,3,2,2,4,2,2,1,3,0,4,1,0,3,1,4,4,2,1,2,3,4,3,3,1,0,1,2,3,2,4,2,4,3,3,3,4,4,1,1,3,3,2,2,2,2,2,0,4,3,3,2,0,2,1,3,4,1,0,3,2,3,1,2,2,3,3,4,2,3,3,4,2,1,2,3,1,4,1,4,2,2,3,2,1,1,1,4,4,1,1,4,1,4,4,0,1,3,3,0,1,2,4,4,3,4,3,0,1,0,4,4,0,4,1,3,0,1,1,0,3,1,3,1,2,3,2,1,2,4,1,1,1,3,4,1,4,1,4,1,3,2,2,1,1,2,0,2,0,2,2,4,2,1,3,4,3,0,2,3,2,2,2,1,1,1,2,2,2,2,4,3,3,2,3,1,4,4,4,4,2,3,4,0,2,1,1,0,0,4,3,3,0,3,3,1,2,2,1,4,1,0,2,2,3,3,2,3,4,2,2,3,3,3,2,1,4,0,0,2,2,1,1,3,0,2,3,2,4,0,3,2,1,3,2,0,2,2,3,4,0,1,1,1,2,2,3,1,3,1,2,1,2,2,1,4,4,3,1,2,2,4,3,1,3,2,2,4,4,2,1,2,4,2,0,2,2,3,2,3,1,4,2,1,2,2,2,4,3,4,3,3,3,4,4,2,4,1,3,1,2,0,2,0,0,0,2,1,2,2,4,3,0,4,1,0,1,3,2,1,1,3,1,0,2,1,3,2,3,2,1,3,4,2,3,0,3,4,2,3,1,2,1,4,3,0,3,3,3,3,2,0,1,3,4,1,0,2,1,1,1,3,3,2,1,0,3,2,4,4,2,2,2,3,2,3,2,3,0,3,2,0,4,0,3,4,1,2,1,1,3,0,1,2,1,1,2,0,1,4,3,3,2,2,0,3,3,4,4,2,0,3,3,0,2,2,2,1,3,4,0,0,1,1,3,3,1,2,0,2,1,2,0,1,1,1,0,1,1,1,1,2,2,1,3,2,2,3,2,2,2,2,3,3,2,2,3,0,0,2,2,2,2,2,2,1]",ok,
16,uniform,3,0.2,0.5908125989273276,0.1633268620873919,10,"fused_2_medium+fused_4_high+fused_5_medium, fused_1_medium+fused_2_medium+fused_3_medium+fused_4_high, fused_2_medium+fused_3_low+fused_4_high, fused_1_medium+fused_3_medium+fused_4_high+fused_5_medium, fused_5_high, fused_1_high+fused_2_medium+fused_4_high, fused_1_medium+fused_4_high+fused_5_low, fused_2_high, fused_1_medium+fused_2_medium+fused_5_low, fused_2_medium+fused_3_medium+fused_4_high+fused_5_low","[359, 364, 426, 304, 346]",0.5,0.8,0.2,3.0,"{""fused_1"":0.5045472039885235,""fused_2"":0.17503896659937151,""fused_3"":0.38406626769907554,""fused_4"":0.5076318688636876,""fused_5"":0.22576779712359912}","{""fused_2_medium+fused_4_high+fused_5_medium"":0.7305437524378022,""fused_1_medium+fused_2_medium+fused_3_medium+fused_4_high"":0.7320095496030543,""fused_2_medium+fused_3_low+fused_4_high"":0.6699673115324489,""fused_1_medium+fused_3_medium+fused_4_high+fused_5_medium"":0.7409012220285992,""fused_5_high"":0.6837200619553506,""fused_1_high+fused_2_medium+fused_4_high"":0.6439518852465829,""fused_1_medium+fused_4_high+fused_5_low"":0.6370152553572939,""fused_2_high"":0.6307330468011461,""fused_1_medium+fused_2_medium+fused_5_low"":0.6323050961944342,""fused_2_medium+fused_3_medium+fused_4_high+fused_5_low"":0.6919365783974287}","{""fused_1"":0.15783229669313503,""fused_2"":0.26796582371702427,""fused_3"":0.1809021363199613,""fused_4"":0.15735202581402127,""fused_5"":0.23594771745585816}","{""fused_2_medium+fused_4_high+fused_5_medium"":0.09629718986895439,""fused_1_medium+fused_2_medium+fused_3_medium+fused_4_high"":0.09620072741116689,""fused_2_medium+fused_3_low+fused_4_high"":0.10055644762790612,""fused_1_medium+fused_3_medium+fused_4_high+fused_5_medium"":0.09562172494108824,""fused_5_high"":0.09953998424269403,""fused_1_high+fused_2_medium+fused_4_high"":0.10256755898405863,""fused_1_medium+fused_4_high+fused_5_low"":0.10312448977025689,""fused_2_high"":0.10363678603122568,""fused_1_medium+fused_2_medium+fused_5_low"":0.10350787394533038,""fused_2_medium+fused_3_medium+fused_4_high+fused_5_low"":0.0989472171773187}","{""fused_1"":0.7891614834656752,""fused_2"":1.3398291185851212,""fused_3"":0.9045106815998065,""fused_4"":0.7867601290701064,""fused_5"":1.1797385872792907}","{""fused_2_medium+fused_4_high+fused_5_medium"":0.9629718986895439,""fused_1_medium+fused_2_medium+fused_3_medium+fused_4_high"":0.962007274111669,""fused_2_medium+fused_3_low+fused_4_high"":1.0055644762790612,""fused_1_medium+fused_3_medium+fused_4_high+fused_5_medium"":0.9562172494108824,""fused_5_high"":0.9953998424269404,""fused_1_high+fused_2_medium+fused_4_high"":1.0256755898405863,""fused_1_medium+fused_4_high+fused_5_low"":1.0312448977025688,""fused_2_high"":1.0363678603122568,""fused_1_medium+fused_2_medium+fused_5_low"":1.0350787394533039,""fused_2_medium+fused_3_medium+fused_4_high+fused_5_low"":0.989472171773187}",0.2372745024298512,0.0444691495275152,"[3,3,3,3,2,2,3,1,3,2,1,2,1,0,4,2,2,4,3,3,4,4,3,3,4,3,2,2,0,0,3,2,3,0,3,4,4,0,4,0,4,2,2,2,4,3,3,3,2,1,0,1,2,2,2,4,4,4,2,2,4,3,3,4,0,4,2,4,3,3,4,4,3,2,3,3,4,2,2,3,2,4,2,4,4,3,3,3,2,3,4,1,3,4,2,2,1,0,0,0,2,1,2,2,3,1,0,4,2,3,2,1,2,2,4,4,0,2,0,3,4,2,4,2,4,4,4,1,0,4,3,4,3,4,4,0,0,4,4,3,2,0,1,3,3,3,2,2,0,2,2,0,4,3,3,3,2,3,2,4,3,1,0,2,4,3,2,0,0,3,4,0,3,0,2,3,0,1,1,0,0,3,4,3,1,2,2,0,4,2,3,3,4,4,2,4,3,3,2,0,4,2,0,4,1,0,2,1,2,3,0,4,3,3,4,2,2,2,0,3,4,4,3,4,3,2,3,4,4,4,3,0,2,0,2,2,4,2,2,2,2,0,3,2,3,0,4,3,2,1,1,4,2,3,3,4,0,4,4,3,0,0,3,3,2,4,4,0,2,2,2,3,3,0,1,3,0,0,3,0,0,4,4,3,2,3,0,0,0,1,0,0,4,0,0,3,3,2,4,3,2,3,0,3,2,2,0,2,0,2,1,3,2,4,4,2,2,3,0,4,4,4,1,4,2,3,2,3,2,0,0,1,4,0,2,1,0,3,2,2,2,4,4,4,0,0,4,2,2,2,4,0,0,0,2,4,2,0,4,4,4,4,3,4,0,2,2,0,2,0,4,2,3,2,2,2,0,2,0,3,0,2,3,4,2,3,2,0,2,0,3,4,1,4,2,3,0,2,2,3,4,4,2,0,2,0,0,1,4,2,2,0,0,2,3,1,4,3,2,3,0,1,2,3,0,3,0,0,4,3,2,2,1,1,3,4,3,4,0,2,0,2,1,4,1,2,2,3,2,4,1,0,1,2,2,1,2,0,4,0,2,0,2,2,3,0,2,0,4,4,4,4,2,3,2,1,4,3,0,3,3,4,4,4,2,4,1,1,3,3,2,2,3,3,3,2,2,1,0,1,4,0,4,0,4,4,2,2,2,2,4,2,4,0,0,4,2,3,4,0,3,0,4,2,2,3,0,2,3,0,2,3,0,3,2,4,2,0,2,4,3,2,1,2,4,1,0,2,3,3,4,1,2,3,2,3,1,3,2,3,4,4,2,2,2,0,3,4,4,2,0,3,1,3,4,1,4,0,2,3,4,1,4,1,4,0,4,4,2,2,4,3,2,0,4,3,3,3,4,2,3,0,3,3,4,4,4,4,2,3,3,4,4,1,2,0,3,1,0,2,0,0,2,0,3,3,4,2,2,1,0,2,4,2,0,0,2,0,3,1,4,0,4,0,2,0,3,4,4,4,2,3,2,2,2,2,2,3,4,2,1,2,3,4,2,0,0,0,3,3,1,4,2,3,4,1,1,1,4,1,3,3,1,0,3,4,0,0,3,0,3,0,4,4,4,3,1,3,0,0,2,2,0,1,3,3,0,3,4,1,4,2,2,4,2,4,1,3,1,4,4,3,3,3,4,1,0,4,0,1,4,2,4,1,1,2,4,4,4,1,3,0,2,0,4,3,1,2,1,1,1,0,1,1,0,4,1,3,2,1,0,1,2,1,4,2,0,2,3,0,2,4,4,3,2,2,0,0,3,1,0,0,4,4,4,3,2,2,1,2,4,1,0,2,2,4,4,4,3,0,2,1,3,2,4,3,2,4,0,2,2,3,1,2,3,1,2,4,1,0,4,3,0,4,4,4,3,1,0,1,2,3,3,4,1,2,0,3,0,3,2,1,4,4,0,4,0,2,0,0,0,1,0,0,2,4,1,2,1,0,2,3,0,0,4,1,2,0,2,3,4,0,2,2,4,2,2,1,3,2,2,1,0,2,0,1,0,1,4,2,1,2,4,1,4,2,1,2,3,1,1,2,1,4,2,1,2,2,4,0,3,0,2,0,4,0,2,1,2,2,0,3,1,4,0,1,3,1,0,4,0,2,0,1,3,1,4,2,1,0,2,2,0,3,2,4,0,0,2,4,2,2,1,1,1,4,2,4,0,2,4,4,0,2,4,4,1,1,0,2,1,0,0,2,2,1,1,1,4,1,1,1,3,0,0,4,2,2,1,1,0,3,2,2,4,1,2,4,1,4,4,1,2,1,2,1,1,4,3,4,0,2,4,0,1,1,3,1,1,1,3,2,4,0,0,0,2,3,2,2,1,1,0,0,4,3,0,2,2,2,1,4,1,1,2,1,1,4,2,1,1,1,1,1,2,4,1,0,1,2,3,2,1,2,2,1,1,2,4,3,3,3,1,1,2,4,0,1,1,2,1,3,2,3,1,0,1,0,1,4,0,1,2,1,1,4,1,1,1,2,1,1,0,3,0,0,2,0,0,2,0,1,0,0,1,4,1,2,0,0,3,4,4,2,0,0,1,3,4,1,1,3,4,0,0,4,1,4,4,2,4,1,2,4,1,2,1,1,3,2,2,2,2,1,1,1,4,1,1,2,2,1,0,0,0,1,2,0,3,2,4,4,4,1,1,0,2,1,1,3,2,2,2,1,2,0,4,1,4,3,0,2,3,4,0,3,1,1,2,1,3,1,1,3,0,4,4,4,0,0,4,1,3,4,2,4,1,1,0,4,3,4,1,1,4,4,2,0,1,1,2,3,2,1,0,2,1,2,1,1,3,1,2,1,4,3,1,1,1,1,4,0,2,2,2,1,2,3,1,0,1,1,0,4,3,4,1,0,4,0,2,1,1,1,1,0,1,2,0,0,0,1,1,0,0,4,2,0,0,1,4,2,1,3,0,4,2,4,3,1,4,4,3,0,3,1,0,2,3,0,2,0,0,0,4,1,0,4,1,4,4,3,4,4,0,3,0,4,4,2,2,2,2,1,0,2,1,3,1,1,2,2,4,3,2,4,0,0,3,3,1,2,1,0,3,0,0,2,4,2,1,4,1,3,1,3,0,0,0,3,3,0,2,0,4,1,1,1,1,1,4,3,0,0,1,4,1,2,0,3,0,4,4,1,0,2,1,1,2,0,3,1,0,0,3,1,2,1,0,0,3,2,3,1,1,0,3,0,2,2,3,3,2,0,3,2,3,3,2,0,0,0,2,2,1,3,3,0,3,0,4,2,4,3,3,2,3,0,0,4,2,2,4,0,0,0,2,1,0,1,2,1,3,2,2,2,0,3,2,3,2,3,2,0,1,1,2,2,1,4,1,4,1,1,3,1,2,0,3,0,4,1,0,1,1,1,0,2,2,1,1,1,1,3,4,0,1,0,2,3,3,3,3,1,0,3,4,1,0,2,4,4,3,2,0,4,0,0,2,1,1,2,3,2,4,1,1,0,0,1,0,3,1,1,0,0,0,1,2,3,2,4,3,1,2,2,0,4,1,0,1,3,4,0,1,2,4,1,4,1,1,0,3,4,2,2,2,1,1,0,2,0,2,1,2,1,1,2,3,3,0,2,1,1,3,0,2,0,1,1,3,3,1,2,1,3,1,2,1,1,0,1,0,2,3,1,2,1,1,1,3,0,3,0,4,0,3,3,1,3,2,4,2,1,4,1,4,4,4,1,2,1,1,3,0,4,3,2,4,2,4,1,2,2,0,0,4,1,2,2,1,0,1,0,0,3,1,0,4,4,3,1,0,2,1,2,3,0,4,0,0,0,0,1,4,0,4,3,2,4,1,2,2,2,0,0,1,0,4,0,1,3,3,1,1,1,4,1,0,1,0,2,4,1,4,3,2,4,3,2,1,2,2,0,4,2,1,2,2,1,4,2,3,4,2,1,1,4,0,0,3,3,1,4,0,0,4,1,4,1,3,0,3,4,4,0,0,4,0,2,1,4,1,2,1,4,2,2,0,4,2,2,2,2,1,2,2,0,1,1,0,1,1,1,1,4,4,1,1,0,2,4,1,3,1,1,1,1,2]",ok,
17,uniform,3,0.15,0.5787647982046351,0.1512790613646993,10,"fused_1_medium+fused_3_medium+fused_4_high+fused_5_medium, fused_1_high+fused_2_medium+fused_3_low+fused_4_high, fused_2_medium+fused_3_medium+fused_4_high+fused_5_medium, fused_2_high+fused_5_high, fused_2_medium+fused_3_low+fused_4_high+fused_5_medium, fused_1_medium+fused_2_medium+fused_3_medium+fused_4_high+fused_5_low, fused_1_high+fused_2_medium+fused_4_high+fused_5_medium, fused_1_medium+fused_2_medium+fused_4_high+fused_5_medium, fused_3_medium+fused_5_high, fused_2_low+fused_3_medium+fused_4_high","[236, 308, 255, 273, 727]",0.2,0.8,0.2,2.0,"{""fused_1"":0.614757249411219,""fused_2"":0.22179977015937974,""fused_3"":0.43784637038391117,""fused_4"":0.47976087969269954,""fused_5"":0.3319875674473603}","{""fused_1_medium+fused_3_medium+fused_4_high+fused_5_medium"":0.6686896812936747,""fused_1_high+fused_2_medium+fused_3_low+fused_4_high"":0.6623453985294248,""fused_2_medium+fused_3_medium+fused_4_high+fused_5_medium"":0.6763419478878867,""fused_2_high+fused_5_high"":0.5904575291179355,""fused_2_medium+fused_3_low+fused_4_high+fused_5_medium"":0.6534522160713422,""fused_1_medium+fused_2_medium+fused_3_medium+fused_4_high+fused_5_low"":0.6715412913595388,""fused_1_high+fused_2_medium+fused_4_high+fused_5_medium"":0.638080207039372,""fused_1_medium+fused_2_medium+fused_4_high+fused_5_medium"":0.6545269278842509,""fused_3_medium+fused_5_high"":0.6640110924062613,""fused_2_low+fused_3_medium+fused_4_high"":0.5997799544486052}","{""fused_1"":0.12035352746424534,""fused_2"":0.3335810647941204,""fused_3"":0.1689821099487086,""fused_4"":0.15421891744956073,""fused_5"":0.22286438034336503}","{""fused_1_medium+fused_3_medium+fused_4_high+fused_5_medium"":0.0966989169175191,""fused_1_high+fused_2_medium+fused_3_low+fused_4_high"":0.09762514856838216,""fused_2_medium+fused_3_medium+fused_4_high+fused_5_medium"":0.09560484624227085,""fused_2_high+fused_5_high"":0.10951095505821579,""fused_2_medium+fused_3_low+fused_4_high+fused_5_medium"":0.09895378169160543,""fused_1_medium+fused_2_medium+fused_3_medium+fused_4_high+fused_5_low"":0.09628829793043954,""fused_1_high+fused_2_medium+fused_4_high+fused_5_medium"":0.10133768015629657,""fused_1_medium+fused_2_medium+fused_4_high+fused_5_medium"":0.09879130281780306,""fused_3_medium+fused_5_high"":0.0973802526411073,""fused_2_low+fused_3_medium+fused_4_high"":0.10780881797636033}","{""fused_1"":0.6017676373212267,""fused_2"":1.667905323970602,""fused_3"":0.844910549743543,""fused_4"":0.7710945872478037,""fused_5"":1.114321901716825}","{""fused_1_medium+fused_3_medium+fused_4_high+fused_5_medium"":0.966989169175191,""fused_1_high+fused_2_medium+fused_3_low+fused_4_high"":0.9762514856838216,""fused_2_medium+fused_3_medium+fused_4_high+fused_5_medium"":0.9560484624227085,""fused_2_high+fused_5_high"":1.095109550582158,""fused_2_medium+fused_3_low+fused_4_high+fused_5_medium"":0.9895378169160542,""fused_1_medium+fused_2_medium+fused_3_medium+fused_4_high+fused_5_low"":0.9628829793043954,""fused_1_high+fused_2_medium+fused_4_high+fused_5_medium"":1.0133768015629658,""fused_1_medium+fused_2_medium+fused_4_high+fused_5_medium"":0.9879130281780306,""fused_3_medium+fused_5_high"":0.973802526411073,""fused_2_low+fused_3_medium+fused_4_high"":1.0780881797636033}",0.3090460553275759,0.1061700944969427,"[3,4,3,3,2,2,3,1,3,4,4,4,1,4,0,2,2,0,3,3,4,0,3,3,4,3,2,2,4,4,3,2,3,4,3,0,0,4,0,4,0,4,2,2,4,3,3,3,4,1,4,1,2,4,2,0,0,0,2,4,0,3,3,0,4,0,4,0,3,3,4,0,3,2,3,3,0,2,2,3,2,0,2,0,3,3,3,3,4,3,4,4,3,0,2,2,1,4,4,4,4,1,4,4,3,1,4,0,2,4,2,4,2,2,0,0,4,2,4,3,0,2,0,2,0,0,0,1,4,0,3,0,3,0,0,4,4,0,4,3,2,4,1,3,3,3,4,2,4,2,4,4,4,3,3,3,4,3,2,0,3,1,4,2,0,3,4,4,4,3,0,4,3,4,2,3,4,4,1,4,4,3,0,3,1,2,2,4,0,2,3,3,0,0,4,0,3,3,4,4,0,4,4,0,4,4,4,1,2,3,4,0,3,3,0,4,4,2,4,3,0,0,3,0,3,2,3,4,4,0,3,4,2,4,4,2,0,4,2,2,2,4,3,2,3,4,0,3,2,1,1,4,2,3,3,0,4,0,0,4,4,4,3,3,2,0,0,4,2,4,2,3,3,4,1,3,4,4,3,4,4,4,0,3,2,3,4,4,4,1,4,4,4,4,4,3,3,2,0,3,2,3,4,3,2,2,4,2,4,4,1,3,4,0,0,4,2,3,4,0,0,0,1,0,4,3,2,4,2,4,4,1,0,4,2,4,4,3,4,4,2,4,0,0,4,4,0,4,4,2,4,4,4,4,4,0,4,4,4,4,0,0,3,0,4,2,2,4,4,4,0,4,3,2,4,2,4,2,4,3,4,2,3,0,2,3,4,4,4,4,3,0,1,4,4,3,4,4,2,3,0,0,2,4,2,4,4,1,4,4,4,4,4,2,3,1,0,3,2,3,4,1,2,3,4,3,4,4,0,3,2,4,1,1,3,0,3,0,4,4,4,2,1,4,4,4,4,3,4,0,1,4,1,2,2,1,2,4,4,4,2,4,4,2,3,4,2,4,0,0,4,0,2,3,2,1,4,3,4,3,3,0,0,4,2,0,1,1,3,3,4,2,3,3,3,4,2,1,4,1,0,4,4,4,0,4,4,2,4,2,4,4,0,4,4,0,2,3,0,4,3,4,4,4,2,3,4,2,3,4,4,3,4,3,2,0,4,4,2,0,3,2,1,4,0,1,4,2,3,3,4,1,2,3,2,4,1,4,2,3,0,0,2,2,2,4,3,0,0,2,4,3,4,3,0,1,0,4,2,3,4,1,0,1,4,4,0,0,2,2,0,3,4,4,0,3,3,3,0,2,3,4,3,3,0,0,0,0,2,3,3,0,0,1,4,4,3,1,4,2,4,4,2,4,4,3,0,2,2,1,4,2,0,2,4,4,2,4,3,1,4,4,4,4,2,4,3,0,3,4,2,3,2,2,2,2,4,3,0,4,1,4,4,0,4,4,4,4,3,4,1,4,2,3,0,4,4,1,0,1,3,3,1,4,3,0,4,4,3,4,3,4,4,0,4,3,1,3,4,4,4,4,4,1,3,3,4,3,4,1,0,4,2,4,2,0,1,3,4,0,4,3,3,3,4,1,4,0,4,1,0,4,4,1,1,4,4,4,0,1,3,4,2,4,4,3,1,2,1,1,4,4,4,1,4,4,1,3,2,1,4,1,4,1,4,2,4,2,4,4,4,0,0,3,4,4,4,4,3,1,4,4,4,0,0,3,2,2,1,2,0,1,4,4,2,0,4,4,3,4,2,1,3,2,0,3,2,0,4,4,4,3,1,2,4,1,2,4,1,4,0,4,4,4,0,0,3,4,4,1,4,3,3,0,1,2,4,3,4,3,4,1,4,0,4,4,4,4,4,4,4,1,4,4,2,0,1,4,1,4,4,3,4,4,0,1,2,4,2,3,0,4,2,2,0,2,4,1,3,2,4,1,4,2,4,1,4,4,0,2,4,4,0,4,4,2,1,2,4,1,1,4,1,4,2,1,2,2,0,4,4,4,2,4,4,4,4,1,2,2,4,3,1,4,4,1,3,4,4,0,4,2,4,1,3,4,0,4,1,4,2,4,4,3,2,0,4,4,4,4,2,2,1,4,4,0,4,0,4,2,0,4,4,2,0,0,1,1,4,4,1,4,4,4,2,1,1,1,0,1,1,1,3,4,4,0,2,2,4,1,4,3,4,4,0,4,4,0,1,0,4,1,4,1,4,4,1,4,3,4,4,2,0,4,1,1,3,4,1,1,3,2,0,4,4,4,2,3,2,4,1,1,4,4,4,3,4,4,4,4,1,4,1,1,4,4,4,0,2,1,1,1,1,1,2,0,1,4,1,2,3,2,1,4,4,1,1,2,0,3,3,3,4,4,2,4,4,1,1,2,1,3,2,3,4,4,1,4,1,0,4,1,4,1,1,4,1,1,1,2,1,1,4,3,4,4,2,4,4,4,4,1,4,4,4,4,1,2,4,4,4,4,0,4,4,4,1,3,4,1,1,3,4,4,4,0,1,0,0,4,0,4,4,0,1,4,4,1,3,2,4,4,2,1,1,1,0,1,1,2,2,1,4,4,4,4,2,4,3,4,0,0,4,1,1,4,4,1,1,4,4,4,2,1,4,4,0,1,0,3,4,4,3,0,4,4,1,1,2,1,3,1,1,3,4,4,4,0,4,4,0,1,3,4,4,0,1,4,4,0,3,4,1,4,4,4,4,4,4,1,2,4,2,1,4,2,1,4,1,1,3,1,4,1,0,4,1,1,1,1,4,4,4,2,2,1,2,3,1,4,1,1,4,4,4,0,1,4,0,4,4,1,1,1,1,4,1,4,4,4,4,1,1,4,4,4,2,4,4,1,4,2,1,3,4,0,4,0,3,4,0,4,3,4,3,1,4,4,3,4,2,4,4,4,0,1,4,4,1,0,0,3,4,0,4,3,4,0,0,4,4,2,4,1,4,4,4,3,1,4,2,4,0,4,2,0,4,4,3,3,1,2,1,4,3,4,4,4,0,2,1,4,1,3,1,3,4,4,4,3,3,4,2,4,4,1,1,1,1,1,0,3,4,4,1,0,1,4,4,3,4,0,4,1,4,2,1,1,4,4,3,4,4,4,3,1,2,1,4,4,3,2,4,1,1,4,4,4,2,4,3,3,4,4,3,2,3,3,4,4,4,4,4,2,1,3,4,4,3,4,0,4,4,4,3,4,3,4,4,0,2,2,0,4,4,4,2,1,4,1,4,1,3,2,4,2,4,3,2,3,4,3,2,4,1,1,2,2,4,0,1,0,1,1,3,1,4,4,3,4,0,4,4,1,1,1,4,2,2,1,1,1,1,3,4,4,1,4,2,4,3,3,3,1,4,3,4,4,4,2,0,4,3,4,4,0,4,4,2,1,1,2,3,2,0,1,1,4,4,1,4,4,1,1,4,4,4,1,4,3,4,4,4,1,4,2,4,0,4,4,1,3,0,4,1,4,4,1,0,1,1,4,3,0,2,2,2,1,1,4,4,4,2,1,2,1,1,2,3,3,4,4,1,1,3,4,4,4,1,1,3,3,1,4,1,3,4,4,1,4,4,1,4,4,3,1,4,4,1,1,3,4,3,4,4,4,3,3,1,3,4,4,2,1,0,4,0,0,0,1,2,4,1,3,4,0,4,2,0,2,4,4,2,2,4,4,0,1,2,4,1,4,1,4,4,3,1,4,0,4,3,1,4,2,1,4,3,4,0,4,4,4,4,1,0,4,4,3,4,4,1,2,2,2,4,4,1,4,0,4,1,3,3,1,1,4,4,1,4,1,4,4,4,1,0,3,4,4,3,2,1,2,2,4,0,2,1,2,4,1,0,2,4,4,4,1,4,0,4,4,3,4,1,0,4,4,4,1,4,1,4,4,3,0,0,4,4,4,4,4,4,0,1,4,1,0,2,2,4,0,4,2,2,2,1,4,4,4,1,1,4,1,1,4,1,4,4,1,1,4,4,0,1,4,1,1,1,4,2]",ok,
18,uniform,3,0.1,0.4750647629687183,0.0475790261287826,10,"fused_1_medium+fused_2_medium+fused_3_medium+fused_4_high+fused_5_low, fused_1_high+fused_2_medium+fused_3_low+fused_4_high+fused_5_medium, fused_1_medium+fused_2_medium+fused_3_medium+fused_4_high+fused_5_medium, fused_1_medium+fused_2_low+fused_3_medium+fused_4_high, fused_2_high+fused_3_medium+fused_5_high, fused_1_medium+fused_3_low, fused_1_medium+fused_2_high+fused_5_high, fused_1_medium+fused_3_medium+fused_5_high, fused_2_low+fused_3_medium+fused_4_high+fused_5_medium, fused_4_medium","[205, 249, 281, 255, 809]",0.3,0.9,0.1,3.0,"{""fused_1"":0.6016538052613595,""fused_2"":0.1589200769346299,""fused_3"":0.38213468227164427,""fused_4"":0.36311337822781403,""fused_5"":0.33620754582697054}","{""fused_1_medium+fused_2_medium+fused_3_medium+fused_4_high+fused_5_low"":0.7140026123684066,""fused_1_high+fused_2_medium+fused_3_low+fused_4_high+fused_5_medium"":0.648997751350906,""fused_1_medium+fused_2_medium+fused_3_medium+fused_4_high+fused_5_medium"":0.7141888096575283,""fused_1_medium+fused_2_low+fused_3_medium+fused_4_high"":0.6639455344184501,""fused_2_high+fused_3_medium+fused_5_high"":0.6719912226580885,""fused_1_medium+fused_3_low"":0.6696908051321936,""fused_1_medium+fused_2_high+fused_5_high"":0.732998889383716,""fused_1_medium+fused_3_medium+fused_5_high"":0.7288785712600107,""fused_2_low+fused_3_medium+fused_4_high+fused_5_medium"":0.6719101101764798,""fused_4_medium"":0.7449862102355292}","{""fused_1"":0.14651025442685722,""fused_2"":0.2850703002383734,""fused_3"":0.18383708649951389,""fused_4"":0.18859068217858574,""fused_5"":0.19599167665666983}","{""fused_1_medium+fused_2_medium+fused_3_medium+fused_4_high+fused_5_low"":0.09866177404187468,""fused_1_high+fused_2_medium+fused_3_low+fused_4_high+fused_5_medium"":0.10348495725544454,""fused_1_medium+fused_2_medium+fused_3_medium+fused_4_high+fused_5_medium"":0.09864891207027257,""fused_1_medium+fused_2_low+fused_3_medium+fused_4_high"":0.10231341801538758,""fused_2_high+fused_3_medium+fused_5_high"":0.10169907911636661,""fused_1_medium+fused_3_low"":0.10187359978997848,""fused_1_medium+fused_2_high+fused_5_high"":0.09737493086554433,""fused_1_medium+fused_3_medium+fused_5_high"":0.09764977107325233,""fused_2_low+fused_3_medium+fused_4_high+fused_5_medium"":0.10170521744917282,""fused_4_medium"":0.09658834032270616}","{""fused_1"":0.7325512721342862,""fused_2"":1.425351501191867,""fused_3"":0.9191854324975695,""fused_4"":0.9429534108929287,""fused_5"":0.9799583832833492}","{""fused_1_medium+fused_2_medium+fused_3_medium+fused_4_high+fused_5_low"":0.9866177404187468,""fused_1_high+fused_2_medium+fused_3_low+fused_4_high+fused_5_medium"":1.0348495725544455,""fused_1_medium+fused_2_medium+fused_3_medium+fused_4_high+fused_5_medium"":0.9864891207027258,""fused_1_medium+fused_2_low+fused_3_medium+fused_4_high"":1.0231341801538758,""fused_2_high+fused_3_medium+fused_5_high"":1.016990791163666,""fused_1_medium+fused_3_low"":1.0187359978997848,""fused_1_medium+fused_2_high+fused_5_high"":0.9737493086554433,""fused_1_medium+fused_3_medium+fused_5_high"":0.9764977107325233,""fused_2_low+fused_3_medium+fused_4_high+fused_5_medium"":1.0170521744917282,""fused_4_medium"":0.9658834032270616}",0.2559764107488387,0.0450250138966092,"[1,2,1,1,3,3,1,2,1,4,2,4,0,4,4,3,3,4,4,4,4,4,1,1,4,1,3,3,4,4,1,3,1,4,1,4,4,4,4,4,4,4,3,3,4,1,1,1,4,2,4,0,3,4,3,4,4,4,3,4,4,4,4,4,2,4,4,4,1,1,4,4,1,3,1,1,4,3,3,1,3,4,3,4,1,1,1,1,4,1,4,2,1,4,3,3,2,4,2,4,4,2,2,4,1,2,4,4,3,4,3,4,3,3,4,4,4,3,4,1,4,3,4,3,4,4,4,0,4,4,1,4,1,4,4,4,4,4,4,1,3,4,0,1,1,1,4,3,4,3,4,4,4,4,1,1,2,1,3,4,1,0,4,3,4,1,4,2,4,1,4,4,1,4,3,1,4,2,2,4,4,1,4,1,2,3,3,2,4,3,1,1,4,4,4,4,1,1,4,4,4,2,4,4,2,4,4,0,3,1,2,4,1,1,4,4,2,3,4,1,4,4,1,4,1,3,1,4,4,4,1,2,3,2,2,3,4,4,3,3,3,4,1,3,1,4,4,1,3,2,2,4,3,1,1,4,4,4,4,4,2,4,1,1,3,4,4,4,3,4,3,1,1,2,0,1,4,4,1,2,4,4,4,1,3,1,4,2,4,0,4,4,4,4,4,1,1,3,4,4,3,1,4,1,3,3,2,3,4,4,0,4,2,4,4,4,3,1,4,4,4,4,0,4,2,4,3,4,3,4,4,0,4,4,3,2,4,1,2,2,3,4,4,4,4,4,4,4,4,3,4,4,4,4,2,4,4,2,4,2,4,4,1,4,4,3,3,4,4,4,4,2,1,3,4,3,4,3,4,1,4,3,1,4,3,1,2,4,4,4,1,4,2,4,4,1,4,2,3,4,4,4,3,4,3,2,4,0,4,4,2,4,4,3,1,2,4,1,3,1,4,0,3,1,4,1,4,4,4,1,3,4,2,0,1,4,1,4,4,4,4,3,2,4,4,4,4,1,2,4,0,4,0,3,3,0,3,4,4,4,3,4,4,3,1,4,3,4,4,4,4,4,3,1,3,0,4,1,4,1,1,4,4,4,3,4,2,2,1,1,2,3,1,1,1,4,3,2,4,0,4,4,4,2,4,4,4,3,4,3,4,4,4,4,4,4,3,1,4,4,1,4,4,2,3,1,4,3,1,2,4,1,4,1,3,4,4,4,3,4,1,3,2,4,4,2,4,3,1,1,4,0,3,1,3,4,2,2,3,1,4,4,3,3,3,4,1,4,4,3,4,1,4,1,4,2,4,4,3,1,4,2,4,0,4,4,4,4,3,3,4,1,2,4,4,1,1,4,4,3,1,4,1,1,4,4,4,4,3,1,1,4,4,2,4,4,1,0,4,3,4,4,3,4,4,1,4,3,3,0,4,3,4,3,4,4,3,4,1,2,4,4,4,2,3,4,4,4,1,4,3,1,3,3,3,3,4,1,4,4,2,4,4,4,4,2,4,4,1,4,0,4,3,4,4,2,4,2,4,0,1,4,2,4,1,4,4,4,1,4,1,4,4,4,4,1,0,1,4,4,2,4,4,0,1,1,4,1,4,2,4,4,3,4,3,4,0,1,2,4,4,1,1,1,4,0,4,4,4,0,4,4,4,2,2,2,4,4,4,0,1,4,3,4,4,1,0,3,0,0,2,2,2,0,2,4,0,1,3,0,4,0,4,0,4,3,2,3,2,4,2,4,4,4,2,4,4,4,1,0,4,4,4,4,4,1,3,3,2,3,4,0,4,4,3,4,4,4,4,4,3,2,1,3,4,1,3,4,4,4,4,1,2,3,2,0,3,4,2,4,4,4,4,4,4,4,1,2,4,0,4,4,1,4,0,3,4,1,2,1,2,2,4,4,4,2,4,4,4,4,4,0,4,2,3,4,2,4,2,4,4,1,4,4,4,0,3,4,3,1,4,4,3,3,4,3,4,2,1,3,4,0,4,3,2,0,4,2,4,3,2,2,4,2,4,3,0,3,4,0,0,4,0,4,3,2,3,3,4,4,2,4,3,4,4,4,2,0,3,3,4,1,0,4,4,0,1,2,4,4,4,3,4,2,1,2,4,2,2,4,3,4,4,1,3,4,2,4,4,4,3,3,0,2,2,4,4,4,4,3,4,4,2,3,4,4,0,2,4,2,2,4,4,4,3,0,0,0,4,0,2,0,1,4,4,4,3,3,2,0,4,1,2,4,4,4,4,4,2,4,2,0,4,2,4,2,0,4,4,4,4,3,4,2,2,0,1,2,0,0,4,3,4,4,4,4,3,1,3,4,0,0,2,4,4,1,4,4,4,4,0,4,0,0,2,2,2,4,3,0,0,0,2,2,3,4,0,4,0,3,1,3,0,2,2,2,4,3,4,1,1,1,2,4,3,4,4,0,0,3,2,1,3,1,4,2,2,2,0,4,4,2,4,0,0,4,0,0,0,3,0,0,4,4,4,4,3,4,4,2,2,0,2,4,2,4,2,3,2,4,4,4,4,4,4,4,2,4,4,0,2,1,4,2,4,4,0,4,4,4,4,2,4,4,0,2,2,2,1,3,4,4,3,0,0,0,4,0,2,3,3,0,4,4,2,2,3,4,1,4,4,4,2,0,0,4,4,0,2,4,4,4,3,0,4,4,4,0,4,1,4,4,1,4,4,4,0,2,3,2,1,0,0,1,2,4,4,4,2,4,4,0,1,2,2,4,0,4,4,4,4,4,2,2,4,4,2,4,2,0,3,4,3,0,4,3,0,4,2,0,1,0,2,0,4,2,0,0,0,0,4,2,4,3,3,0,3,1,0,4,0,0,2,4,4,4,0,4,4,4,2,0,2,2,0,4,0,4,2,4,4,2,2,4,2,4,3,4,2,0,4,3,0,1,2,4,4,4,1,2,4,4,1,4,1,0,4,4,1,2,3,4,2,4,4,2,2,4,0,4,4,1,4,4,2,1,4,4,4,4,4,3,4,2,4,2,2,1,0,2,3,4,4,4,3,4,4,2,1,1,2,3,0,4,1,4,4,2,4,3,0,4,2,1,0,1,4,4,4,4,1,2,3,4,4,0,0,0,2,2,4,1,4,4,0,4,2,4,4,1,2,4,4,0,4,3,0,0,4,4,1,2,4,4,1,2,3,2,4,2,1,3,4,0,2,4,2,2,3,4,1,1,2,2,1,3,4,1,4,2,4,4,4,3,0,1,4,4,1,4,4,2,4,4,1,4,1,2,4,4,3,3,4,4,2,4,3,2,4,0,2,0,1,3,2,3,4,1,3,1,4,1,3,4,2,0,3,3,2,4,2,4,0,0,1,2,4,4,1,4,4,2,4,0,2,0,2,3,3,0,0,0,2,1,4,4,0,4,3,4,1,1,1,0,4,1,4,2,2,3,4,4,1,4,4,4,4,4,3,0,0,3,1,3,4,0,0,4,4,2,4,2,0,0,4,4,4,0,4,1,4,4,2,0,4,3,4,4,2,4,0,1,4,4,0,4,4,0,4,0,0,4,1,4,3,3,3,0,2,4,2,4,3,0,3,2,0,3,1,1,4,4,0,0,1,4,2,4,0,0,1,4,2,4,2,1,2,4,0,2,4,0,4,4,1,0,4,2,2,2,1,4,1,4,4,4,1,1,2,1,2,4,3,2,4,2,4,4,4,0,3,2,0,1,4,4,4,3,4,3,4,2,3,3,4,2,4,0,3,4,0,4,0,2,4,1,0,4,4,4,1,0,4,3,0,4,1,4,4,4,4,4,4,0,4,2,4,1,4,4,0,3,3,3,4,4,2,2,4,4,2,1,1,0,0,2,4,0,4,0,4,4,4,2,4,1,4,4,1,3,0,3,3,4,4,3,0,3,2,0,4,3,4,4,4,0,2,4,4,4,1,4,2,4,4,4,4,0,2,2,2,4,1,4,4,2,2,4,4,4,2,4,0,4,2,4,3,3,2,4,4,3,3,3,2,2,2,4,0,2,4,0,2,2,2,4,4,0,0,4,4,4,0,2,2,0,0,2,3]",ok,
19,uniform,5,1.0,0.4274857368399357,0.0,0,,[],,,,,,,,,,,,,,baseline_no_features,
20,uniform,5,0.95,0.4274857368399357,0.0,0,,[],,,,,,,,,,,,,,baseline_no_features,
21,uniform,5,0.9,0.4274857368399357,0.0,0,,[],,,,,,,,,,,,,,baseline_no_features,
22,uniform,5,0.85,0.4274857368399357,0.0,0,,[],,,,,,,,,,,,,,baseline_no_features,
23,uniform,5,0.8,0.4274857368399357,0.0,0,,[],,,,,,,,,,,,,,baseline_no_features,
24,uniform,5,0.75,0.4274857368399357,0.0,0,,[],,,,,,,,,,,,,,baseline_no_features,
25,uniform,5,0.7,0.4274857368399357,0.0,0,,[],,,,,,,,,,,,,,baseline_no_features,
26,uniform,5,0.65,0.4274857368399357,0.0,0,,[],,,,,,,,,,,,,,baseline_no_features,
27,uniform,5,0.6,0.554912823661577,0.1274270868216412,1,fused_4_veryhigh,"[36, 164, 190, 1131, 278]",0.5,0.8,0.9,3.0,"{""fused_1"":0.47744560978614187,""fused_2"":0.5672863912735133,""fused_3"":0.7269208530233903,""fused_4"":0.3417367815853172,""fused_5"":0.4588079182112592}","{""fused_4_veryhigh"":0.10429291890313613}","{""fused_1"":0.20284203155102173,""fused_2"":0.18608815113861485,""fused_3"":0.16439035749248335,""fused_4"":0.2397585156246176,""fused_5"":0.20692094419326248}","{""fused_4_veryhigh"":1.0}","{""fused_1"":1.0142101577551086,""fused_2"":0.9304407556930743,""fused_3"":0.8219517874624167,""fused_4"":1.1987925781230881,""fused_5"":1.0346047209663125}","{""fused_4_veryhigh"":1.0}",0.1434083784953924,0.0066703724291272,"[3,3,3,0,4,3,3,2,3,3,2,4,2,3,3,3,3,3,3,3,3,3,3,3,3,3,3,3,3,3,3,3,3,3,3,3,3,3,3,3,3,3,3,3,3,3,3,3,4,2,4,1,4,4,3,3,3,3,3,3,3,3,3,3,3,3,4,3,3,3,3,3,3,4,3,3,3,4,3,3,3,3,3,3,3,0,0,3,3,3,3,4,0,3,3,3,2,3,3,3,4,2,3,3,3,2,3,3,4,3,3,2,3,3,3,3,3,3,3,3,3,3,3,3,3,3,3,1,3,3,3,3,3,3,3,3,3,3,3,3,3,3,1,3,3,3,3,4,3,3,3,3,3,3,3,3,3,3,3,4,3,1,3,3,4,3,4,4,3,3,4,3,0,3,3,3,4,2,2,3,3,3,3,3,2,3,3,4,3,3,3,3,3,3,3,3,3,0,3,3,3,4,3,3,2,4,3,1,3,3,3,3,3,3,3,3,4,3,3,3,3,3,3,3,3,3,3,3,3,3,3,4,3,4,4,3,3,3,3,4,3,3,3,3,3,3,3,3,3,2,2,3,3,3,0,3,3,3,3,3,4,3,3,3,3,3,3,3,3,4,3,3,3,4,1,3,3,3,3,4,3,3,3,3,4,3,3,4,3,1,3,3,3,3,3,3,3,3,3,3,4,4,3,3,4,3,3,3,3,3,2,3,3,3,3,3,3,3,4,3,3,3,2,3,3,3,3,3,3,3,3,2,3,3,3,4,3,3,4,4,3,4,3,3,4,4,3,3,3,3,3,3,4,4,4,3,4,3,3,4,3,3,3,3,4,3,3,3,4,3,3,3,3,3,3,3,3,3,3,3,3,3,3,3,3,3,3,3,4,4,3,3,2,3,3,3,3,4,3,4,3,3,3,4,3,4,3,1,3,4,4,3,3,3,3,2,3,3,4,4,3,2,3,3,4,3,4,3,3,3,3,3,2,2,3,3,3,3,3,3,3,3,2,3,1,3,3,4,3,3,1,3,1,3,3,2,4,3,3,3,3,3,3,4,3,3,4,3,3,3,3,3,3,0,3,1,3,3,4,3,3,3,3,3,3,3,2,2,3,3,3,3,3,3,3,3,3,2,3,1,3,3,3,4,3,3,3,3,3,4,3,4,3,3,3,3,3,3,3,3,3,3,3,4,3,3,4,3,3,3,4,0,3,3,4,3,3,3,3,4,3,3,2,3,3,2,3,4,3,3,3,2,3,3,3,3,2,3,3,3,3,3,3,3,3,4,3,3,3,3,3,3,1,3,3,2,3,4,3,3,3,2,3,1,3,3,3,3,3,3,3,3,3,3,3,0,3,4,3,3,3,3,3,3,3,3,3,3,3,3,3,3,3,2,3,3,3,1,3,3,3,3,4,3,0,3,3,4,4,1,3,3,3,3,3,3,4,3,3,2,3,3,3,4,3,3,3,3,3,3,3,3,3,3,3,3,3,3,3,4,2,3,3,3,3,4,3,3,3,0,1,3,3,0,3,2,2,2,3,2,3,3,2,3,0,3,4,3,3,3,3,4,3,3,3,3,2,3,3,4,3,4,4,1,3,3,3,3,3,2,3,3,3,3,3,3,1,0,2,4,3,3,0,3,3,1,3,3,4,2,3,4,3,2,2,3,3,3,3,1,0,3,3,3,3,0,1,3,1,1,2,4,2,1,3,3,1,0,3,2,3,1,3,1,3,3,4,3,2,3,4,4,3,3,3,3,3,3,3,1,3,3,4,3,3,3,4,3,2,4,3,1,3,3,4,3,3,3,3,4,3,2,3,4,4,3,3,3,4,3,4,3,2,3,3,1,3,3,2,3,3,0,3,3,3,3,3,2,3,1,3,4,3,3,1,3,3,3,4,3,3,2,3,3,3,4,3,4,3,3,3,1,3,4,4,3,2,3,2,4,3,3,3,3,3,1,3,4,3,3,3,3,3,3,3,3,3,2,3,3,3,1,3,3,4,1,3,2,3,3,2,3,3,2,3,4,1,3,3,1,2,4,1,3,3,2,3,3,3,3,4,4,3,3,3,3,4,2,4,3,3,0,2,3,3,1,3,2,4,3,3,3,4,2,3,2,4,4,2,3,3,3,3,0,3,3,4,3,3,3,4,3,2,2,2,3,4,4,3,4,3,3,4,3,3,3,2,2,3,4,2,3,3,4,3,1,1,1,3,1,2,1,3,3,3,4,3,4,2,1,3,3,4,3,3,4,3,3,2,3,4,1,4,2,4,2,2,3,3,3,3,4,3,4,2,1,3,2,1,1,3,4,3,3,3,3,3,3,4,4,1,1,4,4,3,0,3,3,4,4,1,4,1,1,4,4,2,3,3,2,1,1,2,2,3,3,1,3,1,3,0,3,1,3,3,2,2,4,3,3,3,3,2,1,3,4,3,1,1,3,2,0,3,3,4,4,2,4,1,3,3,2,4,1,1,3,2,1,1,3,1,1,3,3,3,3,3,3,3,3,4,1,4,3,2,3,2,3,4,3,3,3,3,3,3,3,2,0,3,1,2,3,3,3,3,3,1,4,3,3,4,4,3,3,1,4,2,2,3,3,3,3,4,1,1,1,4,1,2,4,4,1,3,4,4,4,3,3,3,3,3,3,4,1,1,3,4,1,2,3,3,3,3,2,4,3,4,1,4,0,3,4,3,3,3,0,1,2,4,2,3,1,1,0,3,3,3,3,3,3,3,1,3,4,4,3,1,1,4,3,3,3,2,2,3,3,3,3,2,1,4,3,4,1,3,3,1,4,2,2,3,1,4,1,3,2,2,1,1,1,3,4,3,4,3,1,3,3,1,3,1,1,4,3,3,4,1,4,3,3,4,2,2,2,1,4,1,3,4,4,3,2,2,3,4,3,3,3,4,1,4,3,1,3,4,3,3,4,3,4,3,3,3,4,3,1,3,3,3,4,3,3,4,4,3,2,4,4,2,3,3,3,3,3,4,3,3,3,3,4,3,3,3,2,3,4,2,3,1,4,4,3,3,3,3,3,3,4,3,3,2,3,2,3,0,3,3,3,3,3,1,3,2,3,1,3,3,3,3,3,3,3,3,3,3,2,1,1,2,2,3,3,3,3,1,4,2,4,3,3,4,3,3,1,3,3,1,1,3,3,3,2,3,3,3,2,3,2,3,3,3,3,3,1,2,3,4,3,4,3,3,3,4,4,4,3,3,3,4,3,4,3,3,3,1,3,0,3,3,3,3,3,3,3,3,4,3,4,4,3,3,3,3,4,4,3,4,2,3,1,3,2,3,3,3,3,3,3,4,3,3,3,3,3,2,1,4,3,2,3,2,3,1,2,3,2,4,3,3,3,3,2,3,1,2,1,4,3,4,2,1,1,2,3,3,3,2,3,3,0,3,3,0,1,3,3,3,4,3,3,3,3,3,3,3,3,3,3,3,1,1,4,3,3,3,1,1,3,3,2,3,3,1,1,3,4,3,1,3,3,4,3,4,2,3,3,3,3,2,3,1,3,3,4,1,3,3,1,3,2,2,3,3,3,3,3,3,2,2,3,4,3,3,1,3,2,2,4,3,3,3,3,1,2,3,3,4,3,1,1,3,0,2,3,2,3,2,3,1,2,4,2,3,3,0,2,3,2,2,2,3,3,3,4,4,3,3,3,2,4,4,3,3,2,4,2,4,3,3,1,3,2,1,3,3,3,3,3,3,3,3,2,4,3,3,4,3,1,4,3,2,3,1,4,3,3,2,3,3,3,3,1,4,3,1,3,3,3,3,3,3,3,3,2,3,3,3,3,3,3,1,3,3,3,4,3,2,3,3,3,2,3,3,1,2,2,3,1,3,1,3,3,3,2,3,3,3,3,4,3,1,3,3,3,3,3,1,3,4,1,4,3,4,3,3,1,2,3,3,3,4,0,2,4,3,4,3,1,4,2,3,3,3,3,4,3,4,3,3,3,4,3,2,4,2,3,3,3,3,3,4,3,3,3,2,4,3,3,1,2,4,1,2,2,2,4,4,2,1,3,4,3,1,4,2,1,1,4,4]",ok,
28,uniform,5,0.55,0.554912823661577,0.1274270868216412,1,fused_4_veryhigh,"[36, 164, 190, 1131, 278]",0.5,0.8,0.9,3.0,"{""fused_1"":0.47744560978614187,""fused_2"":0.5672863912735133,""fused_3"":0.7269208530233903,""fused_4"":0.3417367815853172,""fused_5"":0.4588079182112592}","{""fused_4_veryhigh"":0.10429291890313613}","{""fused_1"":0.20284203155102173,""fused_2"":0.18608815113861485,""fused_3"":0.16439035749248335,""fused_4"":0.2397585156246176,""fused_5"":0.20692094419326248}","{""fused_4_veryhigh"":1.0}","{""fused_1"":1.0142101577551086,""fused_2"":0.9304407556930743,""fused_3"":0.8219517874624167,""fused_4"":1.1987925781230881,""fused_5"":1.0346047209663125}","{""fused_4_veryhigh"":1.0}",0.1434083784953924,0.0066703724291272,"[3,3,3,0,4,3,3,2,3,3,2,4,2,3,3,3,3,3,3,3,3,3,3,3,3,3,3,3,3,3,3,3,3,3,3,3,3,3,3,3,3,3,3,3,3,3,3,3,4,2,4,1,4,4,3,3,3,3,3,3,3,3,3,3,3,3,4,3,3,3,3,3,3,4,3,3,3,4,3,3,3,3,3,3,3,0,0,3,3,3,3,4,0,3,3,3,2,3,3,3,4,2,3,3,3,2,3,3,4,3,3,2,3,3,3,3,3,3,3,3,3,3,3,3,3,3,3,1,3,3,3,3,3,3,3,3,3,3,3,3,3,3,1,3,3,3,3,4,3,3,3,3,3,3,3,3,3,3,3,4,3,1,3,3,4,3,4,4,3,3,4,3,0,3,3,3,4,2,2,3,3,3,3,3,2,3,3,4,3,3,3,3,3,3,3,3,3,0,3,3,3,4,3,3,2,4,3,1,3,3,3,3,3,3,3,3,4,3,3,3,3,3,3,3,3,3,3,3,3,3,3,4,3,4,4,3,3,3,3,4,3,3,3,3,3,3,3,3,3,2,2,3,3,3,0,3,3,3,3,3,4,3,3,3,3,3,3,3,3,4,3,3,3,4,1,3,3,3,3,4,3,3,3,3,4,3,3,4,3,1,3,3,3,3,3,3,3,3,3,3,4,4,3,3,4,3,3,3,3,3,2,3,3,3,3,3,3,3,4,3,3,3,2,3,3,3,3,3,3,3,3,2,3,3,3,4,3,3,4,4,3,4,3,3,4,4,3,3,3,3,3,3,4,4,4,3,4,3,3,4,3,3,3,3,4,3,3,3,4,3,3,3,3,3,3,3,3,3,3,3,3,3,3,3,3,3,3,3,4,4,3,3,2,3,3,3,3,4,3,4,3,3,3,4,3,4,3,1,3,4,4,3,3,3,3,2,3,3,4,4,3,2,3,3,4,3,4,3,3,3,3,3,2,2,3,3,3,3,3,3,3,3,2,3,1,3,3,4,3,3,1,3,1,3,3,2,4,3,3,3,3,3,3,4,3,3,4,3,3,3,3,3,3,0,3,1,3,3,4,3,3,3,3,3,3,3,2,2,3,3,3,3,3,3,3,3,3,2,3,1,3,3,3,4,3,3,3,3,3,4,3,4,3,3,3,3,3,3,3,3,3,3,3,4,3,3,4,3,3,3,4,0,3,3,4,3,3,3,3,4,3,3,2,3,3,2,3,4,3,3,3,2,3,3,3,3,2,3,3,3,3,3,3,3,3,4,3,3,3,3,3,3,1,3,3,2,3,4,3,3,3,2,3,1,3,3,3,3,3,3,3,3,3,3,3,0,3,4,3,3,3,3,3,3,3,3,3,3,3,3,3,3,3,2,3,3,3,1,3,3,3,3,4,3,0,3,3,4,4,1,3,3,3,3,3,3,4,3,3,2,3,3,3,4,3,3,3,3,3,3,3,3,3,3,3,3,3,3,3,4,2,3,3,3,3,4,3,3,3,0,1,3,3,0,3,2,2,2,3,2,3,3,2,3,0,3,4,3,3,3,3,4,3,3,3,3,2,3,3,4,3,4,4,1,3,3,3,3,3,2,3,3,3,3,3,3,1,0,2,4,3,3,0,3,3,1,3,3,4,2,3,4,3,2,2,3,3,3,3,1,0,3,3,3,3,0,1,3,1,1,2,4,2,1,3,3,1,0,3,2,3,1,3,1,3,3,4,3,2,3,4,4,3,3,3,3,3,3,3,1,3,3,4,3,3,3,4,3,2,4,3,1,3,3,4,3,3,3,3,4,3,2,3,4,4,3,3,3,4,3,4,3,2,3,3,1,3,3,2,3,3,0,3,3,3,3,3,2,3,1,3,4,3,3,1,3,3,3,4,3,3,2,3,3,3,4,3,4,3,3,3,1,3,4,4,3,2,3,2,4,3,3,3,3,3,1,3,4,3,3,3,3,3,3,3,3,3,2,3,3,3,1,3,3,4,1,3,2,3,3,2,3,3,2,3,4,1,3,3,1,2,4,1,3,3,2,3,3,3,3,4,4,3,3,3,3,4,2,4,3,3,0,2,3,3,1,3,2,4,3,3,3,4,2,3,2,4,4,2,3,3,3,3,0,3,3,4,3,3,3,4,3,2,2,2,3,4,4,3,4,3,3,4,3,3,3,2,2,3,4,2,3,3,4,3,1,1,1,3,1,2,1,3,3,3,4,3,4,2,1,3,3,4,3,3,4,3,3,2,3,4,1,4,2,4,2,2,3,3,3,3,4,3,4,2,1,3,2,1,1,3,4,3,3,3,3,3,3,4,4,1,1,4,4,3,0,3,3,4,4,1,4,1,1,4,4,2,3,3,2,1,1,2,2,3,3,1,3,1,3,0,3,1,3,3,2,2,4,3,3,3,3,2,1,3,4,3,1,1,3,2,0,3,3,4,4,2,4,1,3,3,2,4,1,1,3,2,1,1,3,1,1,3,3,3,3,3,3,3,3,4,1,4,3,2,3,2,3,4,3,3,3,3,3,3,3,2,0,3,1,2,3,3,3,3,3,1,4,3,3,4,4,3,3,1,4,2,2,3,3,3,3,4,1,1,1,4,1,2,4,4,1,3,4,4,4,3,3,3,3,3,3,4,1,1,3,4,1,2,3,3,3,3,2,4,3,4,1,4,0,3,4,3,3,3,0,1,2,4,2,3,1,1,0,3,3,3,3,3,3,3,1,3,4,4,3,1,1,4,3,3,3,2,2,3,3,3,3,2,1,4,3,4,1,3,3,1,4,2,2,3,1,4,1,3,2,2,1,1,1,3,4,3,4,3,1,3,3,1,3,1,1,4,3,3,4,1,4,3,3,4,2,2,2,1,4,1,3,4,4,3,2,2,3,4,3,3,3,4,1,4,3,1,3,4,3,3,4,3,4,3,3,3,4,3,1,3,3,3,4,3,3,4,4,3,2,4,4,2,3,3,3,3,3,4,3,3,3,3,4,3,3,3,2,3,4,2,3,1,4,4,3,3,3,3,3,3,4,3,3,2,3,2,3,0,3,3,3,3,3,1,3,2,3,1,3,3,3,3,3,3,3,3,3,3,2,1,1,2,2,3,3,3,3,1,4,2,4,3,3,4,3,3,1,3,3,1,1,3,3,3,2,3,3,3,2,3,2,3,3,3,3,3,1,2,3,4,3,4,3,3,3,4,4,4,3,3,3,4,3,4,3,3,3,1,3,0,3,3,3,3,3,3,3,3,4,3,4,4,3,3,3,3,4,4,3,4,2,3,1,3,2,3,3,3,3,3,3,4,3,3,3,3,3,2,1,4,3,2,3,2,3,1,2,3,2,4,3,3,3,3,2,3,1,2,1,4,3,4,2,1,1,2,3,3,3,2,3,3,0,3,3,0,1,3,3,3,4,3,3,3,3,3,3,3,3,3,3,3,1,1,4,3,3,3,1,1,3,3,2,3,3,1,1,3,4,3,1,3,3,4,3,4,2,3,3,3,3,2,3,1,3,3,4,1,3,3,1,3,2,2,3,3,3,3,3,3,2,2,3,4,3,3,1,3,2,2,4,3,3,3,3,1,2,3,3,4,3,1,1,3,0,2,3,2,3,2,3,1,2,4,2,3,3,0,2,3,2,2,2,3,3,3,4,4,3,3,3,2,4,4,3,3,2,4,2,4,3,3,1,3,2,1,3,3,3,3,3,3,3,3,2,4,3,3,4,3,1,4,3,2,3,1,4,3,3,2,3,3,3,3,1,4,3,1,3,3,3,3,3,3,3,3,2,3,3,3,3,3,3,1,3,3,3,4,3,2,3,3,3,2,3,3,1,2,2,3,1,3,1,3,3,3,2,3,3,3,3,4,3,1,3,3,3,3,3,1,3,4,1,4,3,4,3,3,1,2,3,3,3,4,0,2,4,3,4,3,1,4,2,3,3,3,3,4,3,4,3,3,3,4,3,2,4,2,3,3,3,3,3,4,3,3,3,2,4,3,3,1,2,4,1,2,2,2,4,4,2,1,3,4,3,1,4,2,1,1,4,4]",ok,
29,uniform,5,0.5,0.5858234419799145,0.1583377051399788,2,"fused_4_veryhigh, fused_2_medium","[742, 385, 59, 224, 389]",0.5,0.5,0.8,3.0,"{""fused_1"":0.8384300787818889,""fused_2"":0.6438673082614295,""fused_3"":0.5545014011445633,""fused_4"":0.4168951731272483,""fused_5"":0.5606022075161696}","{""fused_4_veryhigh"":0.3052837193327047,""fused_2_medium"":0.24299182603797614}","{""fused_1"":0.16633766983022633,""fused_2"":0.18981295532780906,""fused_3"":0.2045373921994349,""fused_4"":0.23589058370054797,""fused_5"":0.2034213989419817}","{""fused_4_veryhigh"":0.4715041913412221,""fused_2_medium"":0.5284958086587779}","{""fused_1"":0.8316883491511317,""fused_2"":0.9490647766390453,""fused_3"":1.0226869609971745,""fused_4"":1.1794529185027398,""fused_5"":1.0171069947099085}","{""fused_4_veryhigh"":0.9430083826824442,""fused_2_medium"":1.0569916173175558}",0.1484477874596847,0.0188993885491939,"[4,4,4,2,3,0,4,1,4,0,1,3,1,0,0,4,0,0,4,4,0,4,4,4,0,4,0,0,0,0,4,0,4,0,4,0,0,0,0,0,0,0,4,4,0,4,4,4,3,1,3,1,3,3,0,4,0,0,0,0,0,4,4,0,0,0,3,0,4,4,0,0,4,3,4,4,4,1,0,4,0,0,0,0,4,2,2,4,0,4,0,1,2,0,0,0,1,0,0,0,3,1,4,0,4,1,0,0,3,4,4,1,4,0,0,4,0,0,0,4,0,0,0,0,0,4,4,1,0,4,4,0,4,0,0,4,0,0,0,4,0,4,1,4,4,4,4,3,0,0,0,0,0,4,4,4,4,4,0,3,4,1,0,0,3,4,3,3,0,4,3,0,2,0,0,4,3,1,1,0,0,4,0,4,1,0,0,3,0,0,4,4,4,0,0,0,4,2,0,0,4,1,0,0,1,3,0,1,0,4,0,0,4,4,0,0,3,0,0,4,0,0,4,4,4,0,4,0,0,4,4,3,0,3,3,0,0,0,0,3,0,0,4,0,4,0,4,4,0,1,1,0,0,4,2,0,0,0,4,4,3,0,4,4,0,0,0,0,0,3,0,4,4,3,1,4,0,0,4,3,0,0,0,4,3,4,0,3,0,1,4,0,0,0,0,4,4,0,0,4,3,2,0,4,3,0,0,0,0,0,1,4,0,4,0,0,0,4,3,0,0,0,1,4,0,4,0,0,0,4,0,1,0,0,0,1,0,4,3,1,4,3,0,4,3,3,0,0,0,0,0,0,3,2,3,0,3,0,0,3,4,0,4,4,3,0,4,0,3,0,0,0,4,0,0,4,0,0,0,4,0,0,4,4,0,4,0,0,3,3,4,0,1,0,0,4,0,3,0,2,0,0,0,2,0,3,4,1,0,3,3,0,0,4,4,1,0,4,3,2,0,1,4,4,3,4,2,0,4,4,0,0,1,1,4,0,4,0,4,0,0,0,1,0,1,0,0,2,0,0,1,4,1,0,0,1,3,0,4,0,0,0,0,1,4,0,3,0,0,0,0,0,0,2,0,1,0,4,3,4,4,0,0,0,0,0,1,1,4,4,0,0,4,4,4,0,0,1,0,1,0,0,0,3,0,0,4,0,0,3,0,3,0,0,0,0,0,4,0,0,4,0,0,3,0,4,3,0,4,0,3,2,0,4,3,4,0,0,0,2,4,0,1,4,4,1,0,1,4,4,0,1,0,4,0,4,1,4,0,4,4,0,4,0,0,3,4,4,0,0,0,4,1,4,0,1,4,3,0,4,4,1,0,1,0,0,4,0,0,4,0,4,0,0,4,2,4,2,0,0,4,0,4,4,0,0,0,0,0,4,4,0,4,1,0,0,4,1,0,0,0,4,3,0,2,4,4,3,3,1,0,0,4,0,0,0,3,0,4,1,0,0,0,3,0,0,4,4,4,0,0,4,0,0,0,4,0,4,4,3,1,0,4,0,0,3,0,0,4,2,1,0,4,2,0,1,1,1,0,1,4,4,1,0,2,0,3,0,4,0,4,3,0,0,0,4,1,4,0,3,0,3,2,1,4,4,0,4,0,1,4,0,0,0,0,4,1,2,1,3,0,4,2,4,0,1,0,0,3,1,0,3,0,1,1,0,0,0,0,1,2,0,0,0,4,2,1,4,1,1,1,3,1,1,0,0,1,2,0,1,0,1,4,1,0,0,3,0,3,0,3,3,0,4,4,0,0,4,4,1,0,0,3,0,0,4,3,0,1,3,0,1,0,0,3,0,0,0,4,3,0,1,4,3,2,4,0,4,3,0,3,4,1,0,4,1,0,0,1,0,0,2,0,0,4,0,4,1,0,1,0,2,4,4,1,0,0,4,3,4,0,1,0,4,0,3,0,3,0,0,0,1,0,3,3,0,1,0,1,3,0,4,4,0,4,1,0,3,0,4,0,0,0,0,0,0,0,1,4,4,0,1,0,0,3,1,0,1,0,0,1,0,0,1,4,3,1,4,4,1,1,3,1,0,0,1,0,4,0,4,3,3,4,0,0,0,3,1,3,0,0,2,1,4,0,1,4,1,3,0,0,0,2,1,4,1,2,1,1,0,4,0,0,2,0,0,3,0,0,0,3,0,1,1,1,0,3,2,0,3,0,4,3,4,0,0,1,1,0,3,1,0,0,3,0,1,1,1,0,1,1,1,4,0,0,3,0,3,1,1,0,4,1,0,0,1,0,0,1,0,1,1,3,1,3,1,1,0,4,0,0,3,0,3,1,1,4,1,1,1,4,1,0,0,0,0,0,4,3,3,1,1,3,3,0,2,0,0,3,3,1,3,1,1,1,1,1,0,0,1,1,1,1,1,0,0,1,0,1,4,2,0,1,4,0,1,1,3,4,4,4,4,1,1,4,3,0,1,1,4,1,2,4,4,1,3,1,3,1,0,0,1,3,1,1,0,1,1,1,0,1,1,0,4,0,0,0,0,0,4,3,1,3,0,1,0,1,0,3,4,4,0,0,0,0,0,1,2,0,1,1,4,0,0,0,0,1,3,0,0,2,1,0,0,1,1,1,1,4,4,0,4,3,1,1,1,3,1,1,3,3,1,0,3,3,1,0,0,4,0,0,4,1,1,1,0,3,1,1,4,0,0,0,1,3,0,3,1,3,2,4,3,4,0,0,2,1,1,3,1,4,1,1,2,0,0,0,0,0,0,0,1,4,1,1,0,1,1,2,0,4,0,1,1,0,4,4,0,1,1,3,4,3,1,0,0,1,3,1,1,4,1,3,1,0,3,1,1,1,1,0,3,0,3,0,1,0,4,1,0,1,1,3,0,4,3,1,3,4,0,3,1,1,1,1,3,1,0,3,3,0,1,1,0,3,0,0,0,3,1,3,4,1,4,3,4,0,3,4,1,0,0,4,2,4,1,0,0,4,3,0,0,3,3,0,1,3,3,1,0,0,4,0,4,3,4,0,4,0,3,0,0,0,1,0,1,1,4,1,1,3,0,4,4,4,4,0,3,4,4,1,0,1,0,2,0,0,0,4,0,1,4,1,4,1,4,0,0,0,4,4,0,0,0,0,1,1,1,1,1,0,4,0,0,1,3,1,3,0,4,3,0,0,1,0,0,1,1,0,0,4,1,0,0,4,1,0,1,0,0,4,0,4,1,1,0,3,0,1,4,4,4,1,3,2,4,4,4,1,0,3,0,0,0,1,4,2,0,4,0,4,4,0,4,4,3,4,3,3,4,4,0,0,3,1,0,3,1,0,1,0,1,4,0,0,0,0,4,1,4,0,4,0,0,1,1,3,4,1,0,1,0,1,1,4,1,3,4,4,0,0,1,0,1,1,1,3,4,3,1,1,1,1,4,0,0,1,0,4,2,4,4,2,1,0,4,0,1,0,0,0,0,4,0,0,0,0,0,0,1,1,3,4,0,0,1,1,0,0,1,4,4,1,1,0,3,0,1,0,4,3,0,3,1,4,0,0,0,1,0,1,4,0,3,1,0,4,1,0,1,1,0,4,0,0,0,4,1,1,4,3,0,4,1,0,1,1,3,4,4,0,0,1,1,4,0,3,0,1,1,4,2,1,0,1,4,1,0,1,1,3,1,0,4,2,1,0,1,1,1,4,0,4,3,3,0,4,4,1,2,3,0,4,1,3,1,3,4,0,1,0,1,1,4,0,0,4,0,4,0,4,1,3,0,0,3,0,1,3,0,1,0,1,3,4,4,1,0,0,0,4,1,3,0,1,0,4,0,0,0,4,4,0,1,0,0,0,4,4,0,1,0,0,0,3,0,1,0,0,0,1,4,4,1,1,1,0,1,0,1,0,0,0,1,0,4,0,0,2,0,1,0,0,0,0,0,1,0,3,1,3,0,3,4,0,1,1,4,0,0,2,2,1,3,0,3,0,1,1,1,0,0,4,0,2,0,3,0,0,0,1,4,1,3,1,0,0,4,4,0,3,0,0,0,1,3,0,0,1,1,3,1,1,1,1,3,3,1,1,0,3,0,1,3,1,1,1,1,3]",ok,
30,uniform,5,0.45,0.4584385793846449,0.0309528425447092,4,"fused_4_veryhigh, fused_2_medium, fused_3_medium, fused_5_low","[429, 353, 326, 251, 440]",0.5,0.8,0.2,3.0,"{""fused_1"":0.564415479392289,""fused_2"":0.2077396859388787,""fused_3"":0.3814805307982076,""fused_4"":0.32758760944757664,""fused_5"":0.33525870167083566}","{""fused_4_veryhigh"":0.707523971654202,""fused_2_medium"":0.7256867745643198,""fused_3_medium"":0.7070776618228067,""fused_5_low"":0.7500178864284894}","{""fused_1"":0.15444510273627587,""fused_2"":0.2545738933608844,""fused_3"":0.1878613378331223,""fused_4"":0.20272619378594672,""fused_5"":0.2003934722837707}","{""fused_4_veryhigh"":0.2525902884562358,""fused_2_medium"":0.24940928890174616,""fused_3_medium"":0.25266999380637206,""fused_5_low"":0.24533042883564601}","{""fused_1"":0.7722255136813794,""fused_2"":1.2728694668044218,""fused_3"":0.9393066891656116,""fused_4"":1.0136309689297336,""fused_5"":1.0019673614188536}","{""fused_4_veryhigh"":1.0103611538249433,""fused_2_medium"":0.9976371556069846,""fused_3_medium"":1.0106799752254882,""fused_5_low"":0.9813217153425841}",0.1845536067685432,0.0350194552529182,"[2,2,2,2,3,4,2,1,2,4,1,3,1,0,0,2,4,0,2,2,0,0,2,2,0,2,4,4,4,4,2,4,2,0,2,4,0,4,0,0,0,4,4,4,0,2,2,2,3,1,3,1,3,3,4,2,0,0,4,4,0,2,2,4,4,0,3,4,2,2,0,0,2,3,2,2,0,3,4,2,4,0,4,0,0,2,2,2,4,2,0,3,3,0,4,4,1,0,4,0,3,1,4,4,0,1,0,0,3,2,4,1,4,4,0,2,4,4,0,2,0,4,4,4,0,2,2,1,0,0,2,0,2,4,0,0,4,0,0,2,4,0,1,2,2,2,2,3,0,4,4,0,0,2,2,2,4,2,4,3,2,1,4,4,3,2,3,3,0,0,3,0,2,4,4,2,3,1,1,4,0,2,0,2,1,4,4,3,0,4,2,2,2,4,4,4,2,2,4,0,2,3,0,4,1,0,4,1,4,2,4,4,2,2,0,4,3,4,0,2,0,0,2,2,2,4,2,0,4,2,2,3,4,3,3,4,0,4,4,3,4,0,2,4,2,0,0,2,4,1,1,0,4,2,2,0,4,4,2,2,3,4,2,2,4,4,0,4,4,3,4,2,2,3,1,2,0,0,2,3,4,0,4,2,3,2,0,3,0,1,0,4,4,0,0,2,2,4,0,2,3,3,0,2,3,4,4,4,4,4,1,2,4,2,0,4,4,2,0,0,0,0,1,0,4,2,4,4,4,0,0,1,4,0,4,3,4,2,3,3,4,0,0,0,3,0,0,0,4,4,0,0,3,3,3,0,3,4,4,3,0,0,2,2,3,4,4,0,3,0,0,4,2,4,4,4,0,4,4,2,4,4,2,2,4,2,4,0,3,3,2,4,1,0,4,2,4,3,4,2,0,0,4,2,4,3,0,1,4,3,3,4,0,4,2,1,0,2,3,2,4,1,4,2,3,2,3,0,0,2,4,4,1,1,2,0,2,4,0,4,4,4,1,0,1,4,4,2,4,4,1,2,1,4,4,1,3,4,2,0,4,0,4,3,2,0,3,0,0,0,0,0,4,2,4,1,4,2,3,2,2,4,0,0,4,0,1,1,2,2,4,4,2,2,2,4,4,1,4,1,0,0,4,3,0,4,4,4,4,3,0,3,0,0,0,0,4,2,0,4,2,0,0,3,4,2,3,4,0,4,3,2,4,2,3,2,4,0,4,3,2,4,1,2,0,1,4,3,2,2,0,1,4,2,4,2,1,2,4,2,2,0,4,4,4,3,2,2,0,4,4,2,1,2,4,1,0,3,4,2,2,1,0,1,4,0,2,0,4,4,0,2,4,4,0,2,2,3,4,4,2,0,2,2,4,0,0,0,4,2,2,0,0,1,4,4,2,1,4,4,4,0,3,0,2,2,2,3,3,1,0,4,2,4,0,4,3,0,2,1,0,4,0,3,4,0,2,2,0,0,4,2,4,4,4,4,4,2,0,3,1,4,2,0,4,3,0,0,2,2,1,0,4,2,0,1,1,1,4,1,2,4,1,0,2,0,0,4,0,0,2,0,0,0,0,2,1,2,0,0,4,3,2,1,2,2,0,4,0,1,2,4,4,0,4,2,1,2,1,3,0,2,2,0,0,1,0,0,3,1,0,3,0,1,1,4,0,0,0,1,3,0,4,0,2,2,1,4,1,1,1,3,1,1,4,0,1,2,4,1,0,1,4,1,0,4,3,4,3,4,3,3,0,2,4,0,0,0,0,1,0,0,3,0,0,2,3,4,1,3,4,1,0,4,3,0,0,0,2,0,4,1,2,3,2,2,4,2,3,4,3,2,1,4,2,1,4,0,1,0,0,2,0,0,0,0,2,1,0,1,4,3,2,2,1,4,0,2,3,2,4,1,4,0,0,3,0,3,0,0,0,1,0,3,3,0,1,4,1,0,4,2,0,0,2,1,4,3,4,2,0,4,4,4,0,4,4,1,2,4,4,1,0,4,3,1,4,1,0,4,1,4,0,1,0,3,1,4,2,1,1,3,1,0,4,1,4,4,0,0,3,3,4,0,0,0,3,1,3,4,0,2,1,2,0,1,2,1,3,0,0,4,3,1,2,1,0,3,1,0,4,4,0,2,4,0,3,0,4,0,3,4,1,1,1,0,3,2,4,3,4,0,3,4,4,0,1,1,0,3,1,0,4,3,4,1,1,1,4,1,1,1,2,0,0,3,4,3,1,1,4,2,3,4,0,3,4,0,1,0,3,1,3,1,3,1,1,0,0,0,0,3,0,3,1,1,2,1,1,1,2,3,0,0,0,0,4,2,3,3,1,1,3,3,0,2,0,4,3,3,1,3,1,1,3,3,1,0,4,1,1,1,1,1,4,4,1,4,1,4,2,4,1,4,4,1,1,3,2,2,2,0,1,1,4,3,4,1,1,4,1,2,4,2,3,3,1,3,1,0,4,1,3,1,1,4,1,1,1,4,1,1,0,2,0,0,4,0,0,2,3,1,3,0,1,4,1,4,3,2,2,0,4,4,0,0,1,2,0,1,1,2,4,4,0,0,1,3,0,4,2,3,4,0,1,3,1,1,2,4,4,4,3,1,1,1,3,1,1,3,3,1,0,3,3,1,4,0,2,4,0,0,3,1,1,0,3,1,1,2,4,4,4,1,3,0,0,1,0,2,0,3,2,0,0,2,1,1,3,1,4,1,1,2,4,0,0,4,4,0,0,1,2,3,3,0,1,1,2,4,2,0,1,1,0,2,4,0,1,1,3,2,3,1,0,4,1,3,1,1,2,1,3,1,0,3,1,1,1,1,0,3,4,3,4,1,4,2,1,0,1,1,3,0,2,3,1,3,2,0,3,1,1,1,1,3,1,4,3,0,4,1,1,0,3,4,4,0,3,1,3,2,1,2,3,2,4,3,0,3,0,0,2,0,2,1,4,4,2,3,4,0,3,3,0,1,3,3,1,0,0,2,0,0,3,2,0,0,0,3,4,4,4,1,4,3,1,2,1,3,3,4,0,2,4,2,0,3,2,2,1,4,1,0,2,0,0,4,0,4,1,4,1,2,1,2,0,0,0,2,2,4,4,0,4,1,1,1,1,1,0,2,0,4,1,3,1,3,0,2,3,0,0,1,4,4,1,1,4,0,2,1,4,4,2,1,4,1,0,4,2,4,2,1,1,4,3,4,3,4,2,2,3,3,2,4,4,2,3,4,0,0,4,4,1,2,3,0,0,0,2,4,0,2,2,3,2,3,3,4,4,4,4,3,3,0,3,1,0,1,4,1,2,4,4,4,0,2,3,2,4,2,4,4,1,1,3,4,1,0,1,0,1,1,2,1,3,0,0,0,0,1,0,1,1,1,3,4,3,1,1,1,1,2,4,0,1,0,4,2,2,2,2,1,4,0,0,3,4,4,0,0,2,4,4,0,0,0,4,1,1,3,2,4,0,1,1,4,0,1,0,2,1,1,0,3,0,1,4,2,3,0,3,1,4,4,0,0,1,0,1,2,0,3,1,4,0,1,0,1,1,4,2,0,4,4,4,1,1,2,3,0,4,1,4,1,1,3,2,2,0,4,1,1,2,0,3,0,1,1,2,2,1,4,1,2,1,4,1,1,3,1,0,2,2,1,4,1,1,1,0,0,2,3,3,4,2,2,1,2,3,0,4,1,3,1,3,2,0,1,4,1,1,2,4,0,2,4,2,4,0,1,3,4,0,3,4,1,3,4,1,0,1,3,4,2,1,0,0,0,2,1,3,4,1,4,2,0,4,4,0,0,0,1,0,4,0,2,4,0,1,4,4,4,0,0,1,4,4,4,1,2,2,1,1,1,0,1,0,1,4,4,4,1,0,2,4,0,3,4,1,4,4,4,4,4,1,4,3,1,0,4,3,2,4,1,1,0,0,0,2,2,1,3,0,0,0,1,3,1,4,4,2,0,2,4,3,0,4,4,3,2,1,3,1,0,4,4,2,0,3,4,4,4,1,3,4,0,1,1,3,1,1,1,1,3,3,1,1,0,3,0,1,3,1,1,1,3,3]",ok,
31,uniform,5,0.4,0.4237164740586294,-0.0037692627813062,5,"fused_3_medium, fused_5_low, fused_3_low, fused_1_medium, fused_2_medium+fused_4_veryhigh","[441, 326, 209, 443, 380]",0.2,0.7,0.3,2.0,"{""fused_1"":0.5893833459043729,""fused_2"":0.5473890905632959,""fused_3"":0.4826211284686507,""fused_4"":0.4617438048723003,""fused_5"":0.32509681033886323}","{""fused_3_medium"":0.6442209480875823,""fused_5_low"":0.6680734734763916,""fused_3_low"":0.6465267582429953,""fused_1_medium"":0.7660812673674312,""fused_2_medium+fused_4_veryhigh"":0.6463321896061299}","{""fused_1"":0.1565604980893253,""fused_2"":0.16857140887734196,""fused_3"":0.19119376412948633,""fused_4"":0.1998384152135209,""fused_5"":0.28383591369032557}","{""fused_3_medium"":0.2084030659640959,""fused_5_low"":0.2009623582884155,""fused_3_low"":0.207659805302735,""fused_1_medium"":0.17525245226412203,""fused_2_medium+fused_4_veryhigh"":0.20772231818063158}","{""fused_1"":0.7828024904466264,""fused_2"":0.8428570443867098,""fused_3"":0.9559688206474316,""fused_4"":0.9991920760676044,""fused_5"":1.4191795684516277}","{""fused_3_medium"":1.0420153298204795,""fused_5_low"":1.0048117914420776,""fused_3_low"":1.0382990265136751,""fused_1_medium"":0.8762622613206101,""fused_2_medium+fused_4_veryhigh"":1.038611590903158}",0.1671823634240285,0.0122290161200667,"[3,2,3,3,2,4,3,1,3,4,1,2,1,0,0,1,4,0,3,3,0,0,3,3,0,3,4,4,4,4,3,4,3,0,3,4,0,4,0,0,0,4,2,2,0,3,3,3,2,1,2,3,2,1,4,3,0,0,4,4,0,3,3,4,4,0,2,4,3,3,0,0,3,1,3,3,0,1,4,3,4,0,4,0,0,3,3,3,4,3,0,1,2,0,4,4,1,0,4,0,2,1,1,4,0,1,0,0,1,3,2,1,1,4,0,3,4,4,0,3,0,4,4,4,0,3,3,1,0,0,3,0,3,4,0,0,4,0,0,3,4,0,1,3,3,3,1,2,0,4,4,0,0,3,3,3,1,3,4,3,3,3,4,4,3,3,2,2,0,0,3,0,3,4,4,3,1,1,1,4,0,3,0,3,1,4,4,2,0,4,3,3,3,4,4,4,3,3,4,0,3,1,0,4,1,0,4,3,4,3,4,0,3,3,0,4,2,4,0,3,0,0,3,3,3,4,3,0,4,3,3,2,4,2,1,4,0,4,4,2,4,0,3,4,0,0,0,3,4,1,1,0,4,3,3,0,4,4,3,1,2,4,3,3,4,0,0,4,4,2,4,3,3,2,3,3,0,0,3,2,4,0,4,3,2,1,0,2,0,1,0,4,4,0,0,3,3,4,0,3,2,2,0,3,2,4,4,4,4,4,3,3,4,3,0,4,4,3,0,0,0,0,1,0,4,3,4,0,4,0,0,1,4,0,4,1,4,3,1,1,1,2,0,0,2,0,0,0,4,4,0,0,2,2,2,0,2,4,4,2,0,0,3,3,2,4,2,0,2,0,0,4,3,4,4,2,0,4,4,3,0,4,3,3,4,3,4,0,2,2,3,0,1,0,4,3,4,2,4,3,0,0,4,3,4,2,0,3,4,2,1,4,0,2,3,1,0,3,2,3,4,3,1,3,2,3,2,0,0,3,4,4,1,3,3,0,3,4,0,4,4,4,1,0,2,4,4,3,4,4,3,1,3,4,4,1,2,4,3,0,4,0,4,1,3,0,1,0,0,0,0,0,4,3,4,1,4,3,2,3,3,4,0,0,4,0,1,1,3,0,4,4,3,3,3,4,4,1,4,3,0,0,4,2,0,4,2,4,4,2,0,2,0,0,0,0,4,3,0,4,3,0,0,2,4,3,2,4,0,4,2,3,4,3,2,3,4,0,4,0,3,4,1,1,0,1,4,1,3,3,0,1,4,3,4,3,1,1,4,3,3,0,2,4,4,2,3,3,0,4,4,3,1,3,4,1,0,2,4,1,3,1,0,3,4,0,1,0,4,1,0,3,4,4,0,3,3,2,4,4,3,0,3,3,4,0,0,0,4,3,3,0,0,1,4,4,3,3,4,4,4,0,2,0,3,3,3,2,2,3,0,4,3,4,0,4,1,0,3,1,0,4,0,2,4,0,3,3,0,0,4,3,4,4,4,2,4,3,0,2,1,4,3,0,4,2,0,0,3,3,3,0,1,3,0,1,1,1,4,1,3,2,1,0,3,0,0,4,0,0,3,0,0,0,0,3,1,3,0,2,4,2,3,3,3,3,0,2,0,1,3,4,4,0,4,3,3,3,1,3,0,3,3,0,0,3,0,0,2,1,0,2,0,1,1,4,0,0,0,3,2,0,4,0,1,3,1,2,3,3,1,2,1,3,4,0,3,3,4,3,0,1,2,3,0,4,2,4,3,4,2,3,0,3,1,0,0,0,0,3,0,0,2,0,0,3,2,4,1,2,4,1,0,4,1,0,0,0,3,0,4,1,3,2,3,3,4,1,2,4,2,3,1,4,1,3,4,0,1,0,0,3,0,0,0,0,1,1,0,1,4,0,3,3,3,4,0,3,2,3,4,1,4,0,0,2,0,1,0,0,0,3,0,2,1,0,1,4,1,2,4,3,0,0,3,3,4,2,4,3,0,4,4,4,0,4,4,1,3,2,4,3,0,4,2,3,4,1,0,4,1,4,0,1,0,1,1,2,2,3,1,2,3,0,4,1,4,2,0,0,1,3,2,0,0,0,2,1,1,4,0,3,1,3,0,1,3,1,2,0,0,4,0,1,3,3,0,1,1,0,2,4,0,3,4,0,2,0,4,0,1,4,3,1,1,0,2,3,4,1,4,0,2,1,4,0,1,1,0,2,1,0,0,1,4,3,3,3,4,3,1,3,3,0,0,1,4,2,1,3,4,3,1,4,0,1,4,0,1,0,2,3,2,1,2,1,1,0,0,0,0,2,0,2,1,3,3,1,3,3,3,1,0,0,0,0,4,3,2,2,3,3,2,2,0,3,0,4,2,2,3,2,3,3,1,1,1,0,4,1,3,3,1,1,4,4,3,4,3,1,3,4,3,1,4,1,1,2,3,3,1,0,1,3,2,3,4,3,3,2,1,3,2,3,1,2,1,2,3,0,4,1,2,1,3,4,1,3,3,4,3,3,0,3,0,0,4,0,0,1,2,3,2,0,1,4,1,4,2,3,1,0,4,4,0,0,1,3,0,3,1,3,4,4,0,0,3,3,0,4,3,1,4,0,3,1,1,1,3,2,4,2,2,3,3,1,1,3,1,2,1,3,0,2,2,1,4,0,3,4,0,0,0,3,3,0,1,1,1,3,4,4,4,1,2,0,0,3,0,3,0,2,1,0,0,3,3,1,2,1,2,3,3,3,4,0,0,4,4,0,0,3,1,2,1,0,1,2,3,4,3,0,1,3,0,3,1,0,1,3,2,3,2,3,0,4,1,2,1,1,3,1,2,3,0,3,1,3,1,3,0,2,4,2,4,3,4,3,3,0,3,3,1,0,2,3,3,2,3,0,1,1,1,1,3,2,3,4,1,0,4,1,1,0,2,4,4,0,2,3,2,1,1,1,2,1,4,2,0,1,0,0,3,0,3,3,4,4,3,1,4,0,2,1,0,1,2,2,1,0,0,3,0,0,2,3,0,0,0,1,4,4,4,1,4,1,1,3,1,1,2,4,0,3,2,3,0,1,3,3,1,4,1,0,3,0,0,4,0,4,1,2,1,3,3,1,0,0,0,3,3,4,4,0,4,1,3,3,1,1,0,3,0,4,1,3,1,2,0,3,2,0,0,3,4,4,1,1,4,0,3,1,4,4,3,1,4,1,0,4,3,4,3,3,1,4,1,4,1,2,3,3,1,2,3,1,2,1,2,4,0,0,4,4,3,3,2,0,0,0,3,1,0,3,3,2,3,2,2,2,2,4,4,2,2,0,2,1,0,3,4,1,3,4,4,4,0,3,1,3,4,3,4,4,1,3,2,2,1,0,1,0,3,1,3,1,2,0,0,0,0,1,0,3,1,3,1,2,2,1,3,1,1,3,4,0,1,0,2,3,3,3,3,3,4,0,0,1,4,4,0,0,3,4,4,0,0,0,4,1,3,1,3,4,0,1,3,4,0,1,0,2,1,3,0,0,0,3,4,1,1,0,3,1,2,4,0,0,1,0,3,3,0,2,1,4,0,3,0,1,1,4,3,0,4,4,1,1,1,3,1,0,2,3,4,1,1,2,3,1,0,4,3,1,3,0,1,0,3,3,3,3,1,4,1,3,1,4,3,1,2,1,0,1,3,1,4,1,1,1,0,0,3,2,1,4,3,3,1,3,1,0,2,1,2,1,1,3,0,3,4,1,1,3,4,0,3,4,3,4,0,1,1,4,0,2,4,3,2,4,1,0,3,2,2,3,1,0,0,0,3,3,2,4,3,4,3,0,4,4,0,0,0,1,0,4,0,3,2,0,1,4,4,4,0,0,1,4,4,4,1,3,3,3,1,1,0,3,0,1,4,4,4,1,0,3,4,0,1,4,3,4,4,4,4,4,3,4,1,1,0,4,3,3,4,3,1,0,0,0,0,3,1,0,0,0,0,1,2,1,4,4,3,0,3,4,2,0,4,4,1,3,1,2,1,0,4,2,2,0,2,4,4,4,1,1,4,0,3,1,2,3,1,1,1,3,3,1,3,0,2,0,3,1,1,3,3,1,2]",ok,
32,uniform,5,0.35,0.3962918146361127,-0.031193922203823,7,"fused_3_medium, fused_3_low, fused_1_medium, fused_2_medium+fused_4_veryhigh, fused_2_medium+fused_5_low, fused_4_veryhigh+fused_5_low, fused_1_high","[312, 244, 396, 363, 484]",0.2,0.7,0.7,3.0,"{""fused_1"":0.5991556176774384,""fused_2"":0.5319468130490348,""fused_3"":0.5689453194847922,""fused_4"":0.48608944500706885,""fused_5"":0.48843652079916045}","{""fused_3_medium"":0.42238245896058363,""fused_3_low"":0.4370451531860545,""fused_1_medium"":0.5326733329512696,""fused_2_medium+fused_4_veryhigh"":0.4601475183676905,""fused_2_medium+fused_5_low"":0.4435733000932157,""fused_4_veryhigh+fused_5_low"":0.4638906028130114,""fused_1_high"":0.4779991712014131}","{""fused_1"":0.18849135824690322,""fused_2"":0.200044749023568,""fused_3"":0.19343096445759553,""fused_4"":0.20926816507146717,""fused_5"":0.208764763200466}","{""fused_3_medium"":0.14921580244865482,""fused_3_low"":0.14669138253884056,""fused_1_medium"":0.13287316447803776,""fused_2_medium+fused_4_veryhigh"":0.14296153868404787,""fused_2_medium+fused_5_low"":0.14560793991553772,""fused_4_veryhigh+fused_5_low"":0.1423835996867248,""fused_1_high"":0.14026657224815653}","{""fused_1"":0.9424567912345161,""fused_2"":1.00022374511784,""fused_3"":0.9671548222879777,""fused_4"":1.0463408253573359,""fused_5"":1.0438238160023299}","{""fused_3_medium"":1.0445106171405838,""fused_3_low"":1.026839677771884,""fused_1_medium"":0.9301121513462643,""fused_2_medium+fused_4_veryhigh"":1.000730770788335,""fused_2_medium+fused_5_low"":1.019255579408764,""fused_4_veryhigh+fused_5_low"":0.9966851978070735,""fused_1_high"":0.9818660057370957}",0.2504887217536555,0.0889382990550305,"[1,4,1,2,3,4,2,4,2,3,4,3,4,0,0,4,3,2,1,1,0,2,2,1,0,2,4,3,3,3,2,3,1,0,1,3,0,3,0,0,0,3,4,4,0,1,2,2,3,4,4,1,3,4,3,1,0,0,3,3,0,1,1,3,3,0,3,3,1,2,0,2,2,4,2,2,2,4,3,2,3,2,3,1,2,2,1,1,3,1,2,4,4,0,4,3,4,0,3,0,3,4,4,0,2,4,0,0,4,1,1,4,4,4,0,2,3,4,0,2,0,3,4,3,0,2,2,4,0,2,1,2,2,3,0,2,0,1,0,2,4,1,4,2,1,2,4,3,0,4,3,0,0,1,1,2,4,2,3,2,1,2,3,3,2,1,3,3,0,2,2,0,1,3,3,2,4,4,4,4,0,2,1,2,4,3,4,4,2,3,2,2,1,3,3,3,1,2,3,0,1,4,0,4,4,2,3,1,3,2,3,2,2,2,0,3,2,4,0,2,0,2,1,1,2,3,2,2,3,2,2,4,3,4,4,3,0,3,3,3,3,0,1,3,2,0,2,2,3,4,4,2,4,1,1,0,3,3,2,4,4,3,1,2,3,0,0,0,3,4,3,2,1,1,1,2,0,0,2,1,3,0,4,1,3,4,0,4,0,4,2,3,0,0,0,2,2,3,2,1,3,4,0,1,3,4,3,4,3,3,2,1,3,2,2,3,3,2,2,2,2,2,4,2,3,1,3,2,4,2,0,4,3,0,4,4,3,1,4,4,4,2,0,2,3,2,0,0,3,3,0,0,4,4,4,2,3,3,0,2,2,0,2,2,4,3,4,0,1,0,0,3,2,3,3,1,0,3,3,2,0,0,2,2,3,1,3,0,3,1,1,0,4,2,3,1,3,4,4,2,2,0,4,2,3,3,2,2,2,3,4,3,2,4,1,4,0,1,3,2,3,2,4,1,4,1,1,0,2,2,0,3,4,2,2,0,2,3,2,3,0,3,4,0,1,3,3,2,3,4,2,4,2,3,4,4,3,3,1,0,3,0,3,4,1,0,4,0,0,1,0,0,3,2,3,4,3,1,4,2,1,3,0,0,3,2,4,4,1,2,3,4,1,2,2,3,3,4,3,1,0,0,2,3,0,0,4,3,3,3,0,1,0,0,0,2,3,1,0,3,1,0,0,4,3,1,3,3,1,3,3,2,3,2,4,2,3,0,3,2,2,3,4,4,2,4,3,4,1,1,0,4,4,2,4,1,4,4,3,2,2,0,4,4,3,4,1,2,0,3,3,2,4,2,3,4,2,4,4,4,2,4,0,2,4,0,4,2,0,4,0,2,3,3,2,2,1,4,3,3,2,0,2,1,3,0,0,0,3,1,2,0,2,4,3,3,2,2,3,3,3,2,3,0,1,2,2,3,3,1,0,4,2,3,0,3,4,0,2,4,0,3,0,1,3,0,1,2,2,2,4,2,3,3,4,1,3,2,2,1,4,3,1,2,0,3,0,0,2,1,1,0,4,1,0,4,4,4,3,4,1,4,4,0,2,2,2,3,2,0,2,2,2,0,0,2,4,2,0,2,3,3,2,1,2,2,0,4,0,4,2,3,3,2,4,2,1,2,4,2,0,2,1,2,0,1,0,0,4,4,0,3,0,4,4,3,0,0,0,1,4,0,3,0,4,2,4,4,2,2,4,4,4,2,3,0,2,2,3,2,0,4,4,2,2,4,2,3,2,3,3,2,0,1,4,0,0,2,2,2,2,0,4,0,0,2,4,4,4,3,3,4,0,3,4,1,0,2,1,2,4,4,2,3,1,2,4,4,3,3,4,2,4,1,4,1,3,0,4,0,2,2,0,0,2,2,4,4,0,4,3,2,2,2,1,0,0,2,3,2,3,4,2,2,0,4,0,4,0,0,0,1,0,2,4,0,4,3,4,1,3,1,2,0,2,2,3,4,3,2,2,3,3,3,0,3,3,4,2,3,0,1,0,4,1,1,3,4,2,3,4,3,2,4,2,4,4,4,4,2,4,1,2,1,3,4,3,3,2,2,4,2,4,0,0,0,4,4,4,3,0,2,4,1,0,4,1,4,4,0,0,3,2,4,1,2,2,4,4,0,4,4,0,1,3,2,4,0,3,2,4,3,2,4,4,0,3,2,0,4,3,1,4,4,3,2,4,4,0,4,4,0,0,4,3,1,2,2,3,2,4,1,2,0,0,4,1,4,4,2,3,1,4,3,2,4,3,1,4,2,1,1,4,4,3,4,4,0,2,0,0,4,0,4,4,1,1,4,2,2,1,4,0,0,0,0,4,2,3,3,1,1,4,4,2,2,2,3,4,3,1,4,1,2,4,4,4,0,4,4,2,1,4,4,3,4,1,3,1,4,1,3,1,4,4,4,4,4,2,1,4,2,4,2,1,2,4,1,2,4,4,2,4,1,4,3,4,4,2,2,3,4,4,4,1,0,4,1,2,3,1,2,0,1,0,0,3,0,0,4,4,2,3,0,4,2,4,4,2,2,4,0,3,3,2,0,4,1,0,2,4,1,0,3,0,0,1,2,0,3,1,4,3,0,2,4,4,4,2,1,3,3,3,1,1,4,4,1,4,4,4,1,0,3,3,4,3,0,1,3,1,2,2,1,1,0,4,4,4,2,3,3,3,4,4,0,2,2,2,2,2,3,4,0,0,1,1,4,4,4,4,2,2,1,3,0,2,3,3,2,0,1,4,1,4,0,4,2,2,3,1,0,4,1,0,2,1,0,4,1,3,1,3,1,0,1,4,4,4,4,1,4,3,2,0,2,4,2,4,1,0,1,3,3,3,1,3,1,1,0,2,1,4,0,4,2,1,4,2,0,4,4,4,4,1,4,2,3,4,2,3,4,4,0,4,3,3,0,2,1,1,4,4,4,4,4,3,3,2,4,2,0,2,2,2,1,3,3,2,4,3,0,2,4,2,4,3,2,4,0,0,2,0,2,4,2,2,2,2,4,3,4,3,4,3,4,4,2,4,4,4,3,2,1,4,2,0,4,1,1,4,3,4,0,2,0,0,3,2,3,4,1,4,1,2,4,0,0,0,2,2,3,3,0,0,4,1,2,4,4,0,2,0,3,4,1,4,3,0,2,4,0,0,2,3,3,4,4,3,0,1,4,3,3,2,4,1,4,0,3,1,3,1,1,4,3,4,3,4,4,2,2,4,1,2,4,4,4,4,3,2,0,3,3,1,2,4,0,2,0,2,4,0,1,2,2,2,2,4,3,4,3,4,4,4,0,3,4,0,1,4,4,2,3,3,4,0,2,4,1,3,2,3,3,4,2,3,4,4,0,4,0,1,4,1,4,4,2,2,0,0,4,0,1,4,2,4,4,3,4,1,4,4,2,3,0,4,0,1,1,2,1,2,1,3,2,0,4,3,3,2,0,2,3,3,0,0,0,3,4,2,4,1,4,0,4,1,4,0,4,2,1,4,1,0,2,2,1,3,4,4,0,1,4,4,3,0,0,4,0,1,2,0,4,4,3,2,1,0,4,4,3,2,2,3,4,4,4,4,2,4,0,4,1,3,4,4,4,1,4,0,3,1,4,1,0,4,0,2,1,2,1,4,3,4,2,4,3,1,4,4,4,0,4,2,4,3,4,4,4,2,0,1,1,4,3,2,1,4,2,4,0,4,4,4,4,4,2,0,1,3,4,4,2,3,0,1,4,2,3,2,4,4,4,0,2,4,1,3,3,4,0,2,4,4,2,4,0,1,0,2,1,3,3,1,3,1,0,3,3,2,2,0,4,0,3,0,2,1,0,4,3,3,4,2,0,4,3,3,3,4,1,1,1,4,4,0,1,0,4,3,3,3,4,0,2,3,0,4,4,1,3,3,3,3,3,2,3,4,4,2,3,2,2,3,1,4,2,0,0,2,1,4,2,0,2,2,4,4,4,4,3,1,0,2,3,1,0,3,3,4,2,4,3,4,2,3,4,4,0,3,3,3,3,4,4,4,0,2,4,4,1,4,4,4,2,2,4,1,0,3,2,2,4,4,2,1,4,3]",ok,
33,uniform,5,0.3,0.4224965130425569,-0.0049892237973788,5,"fused_3_low, fused_1_medium, fused_1_high, fused_3_medium+fused_4_veryhigh, fused_2_medium+fused_4_veryhigh+fused_5_low","[516, 358, 294, 273, 358]",0.2,0.9,0.7,2.0,"{""fused_1"":0.4638077454950812,""fused_2"":0.42265512500652536,""fused_3"":0.2982994806099288,""fused_4"":0.48993199189546227,""fused_5"":0.5319698674502659}","{""fused_3_low"":0.42921227179817,""fused_1_medium"":0.46495813563474375,""fused_1_high"":0.42384208346882035,""fused_3_medium+fused_4_veryhigh"":0.32558837815079866,""fused_2_medium+fused_4_veryhigh+fused_5_low"":0.5488618047165157}","{""fused_1"":0.18279021254868474,""fused_2"":0.2005879294128121,""fused_3"":0.28420939992059213,""fused_4"":0.17304343823879484,""fused_5"":0.1593690198791161}","{""fused_3_low"":0.19856787540601717,""fused_1_medium"":0.1833020273810303,""fused_1_high"":0.2010837815151084,""fused_3_medium+fused_4_veryhigh"":0.2617653903779045,""fused_2_medium+fused_4_veryhigh+fused_5_low"":0.1552809253199397}","{""fused_1"":0.9139510627434237,""fused_2"":1.0029396470640604,""fused_3"":1.4210469996029607,""fused_4"":0.8652171911939742,""fused_5"":0.7968450993955805}","{""fused_3_low"":0.9928393770300858,""fused_1_medium"":0.9165101369051515,""fused_1_high"":1.005418907575542,""fused_3_medium+fused_4_veryhigh"":1.3088269518895226,""fused_2_medium+fused_4_veryhigh+fused_5_low"":0.7764046265996984}",0.2170682003165776,0.0528071150639244,"[3,2,3,4,1,2,0,2,0,1,4,1,4,0,0,1,1,0,3,3,0,0,0,3,0,0,2,1,1,4,0,1,3,0,3,1,0,1,0,0,0,1,2,2,0,3,0,0,1,2,4,3,1,1,2,3,0,0,1,1,0,3,3,4,4,0,1,1,3,0,0,0,0,1,0,0,0,1,1,0,1,0,1,3,0,4,3,3,2,3,0,1,2,0,2,1,4,0,4,0,1,2,4,2,0,4,0,0,1,3,3,2,2,2,0,0,4,2,0,0,0,1,4,2,0,0,0,4,0,0,3,0,0,1,0,0,2,3,0,0,2,3,4,0,3,0,1,1,0,2,1,0,0,3,3,0,1,0,1,4,3,4,4,2,4,3,1,1,0,0,4,0,3,1,2,0,4,1,4,2,0,0,3,0,2,1,2,2,0,1,0,0,3,1,1,1,3,2,1,0,3,1,3,4,4,4,2,3,2,4,1,4,0,0,0,1,4,2,0,0,0,0,3,3,0,1,0,0,2,0,0,2,1,4,1,1,0,1,2,1,1,0,3,1,0,0,0,0,1,4,4,0,2,3,3,0,1,4,0,2,4,1,3,0,1,4,0,4,1,2,1,0,3,3,3,0,0,0,0,3,4,0,4,3,1,4,0,4,0,1,0,1,2,0,0,0,0,1,0,3,1,4,0,3,1,2,4,2,1,1,4,3,1,0,0,1,1,0,4,0,0,0,2,0,1,3,2,4,2,0,0,2,4,0,2,1,1,3,4,1,2,2,0,0,1,4,0,3,1,2,3,0,4,4,2,0,1,4,2,4,0,0,0,0,4,1,2,0,3,0,0,1,0,1,2,3,0,2,1,0,4,2,0,0,1,3,1,0,1,3,3,4,4,0,1,3,1,4,2,2,0,0,2,2,1,1,0,4,2,1,1,1,0,2,3,4,3,3,1,4,1,4,2,3,4,3,3,0,0,0,2,2,4,4,0,0,0,4,0,1,4,2,4,0,3,1,1,2,4,2,4,2,4,1,2,4,1,2,3,0,1,0,1,1,3,0,1,0,0,3,0,0,1,4,1,4,2,3,4,0,3,1,0,0,1,0,2,2,3,0,1,2,3,0,4,1,1,4,1,3,0,0,2,1,0,2,2,2,1,1,0,3,0,0,0,0,1,3,0,4,3,0,0,4,1,3,1,1,3,4,1,4,1,0,2,0,1,0,2,4,0,1,2,2,0,2,2,1,3,3,0,2,2,0,2,3,2,4,2,0,0,0,2,2,1,4,3,0,0,1,1,0,2,0,1,4,0,4,2,2,0,2,0,4,2,0,4,0,2,2,0,0,1,2,0,4,3,2,4,1,0,0,0,3,4,0,0,0,2,3,0,0,0,2,1,1,0,4,1,1,1,0,1,0,3,0,0,1,1,3,3,2,0,1,0,1,1,0,0,2,0,1,0,3,1,0,3,0,0,0,2,0,1,1,2,3,1,0,0,3,2,1,3,0,2,1,3,0,0,3,3,0,2,3,0,4,2,2,1,2,3,4,2,0,4,0,4,1,0,0,0,4,0,0,0,0,2,0,0,2,1,1,4,3,0,4,0,4,0,4,0,1,3,0,2,0,3,4,4,4,0,0,3,0,0,3,0,0,4,4,0,1,0,2,4,4,0,0,0,3,2,0,1,0,1,4,1,2,4,4,4,4,4,4,1,0,4,4,2,4,0,4,2,4,0,2,4,1,4,4,1,4,0,3,4,3,3,0,0,4,0,0,2,0,0,0,2,2,2,1,1,1,0,1,1,3,3,0,3,4,2,2,4,1,3,4,2,4,1,1,2,0,2,3,4,3,1,0,2,0,0,4,0,0,0,0,1,4,0,4,2,4,0,0,3,2,0,0,1,0,4,2,2,0,0,2,0,2,0,0,0,3,0,4,1,0,2,1,2,3,1,3,0,0,0,4,1,4,1,0,0,1,1,1,0,1,1,2,0,1,2,3,0,2,3,3,2,1,0,1,1,1,0,4,0,2,4,2,2,4,4,3,4,3,2,4,1,1,0,0,1,2,2,0,0,0,4,4,1,1,0,4,2,3,0,1,3,1,4,0,0,1,4,2,3,4,4,1,2,0,2,2,0,3,1,0,4,0,2,0,1,1,4,4,4,0,1,4,4,1,4,3,4,1,4,0,4,4,0,4,4,3,4,2,1,3,4,4,4,4,4,3,0,0,0,4,3,1,1,4,4,3,4,3,0,1,2,3,2,0,3,3,2,4,1,4,2,3,0,0,0,2,0,2,2,3,3,1,4,4,3,1,0,0,0,0,2,0,1,1,3,3,4,4,0,4,0,1,2,1,3,2,3,4,1,1,1,0,2,4,4,3,2,2,1,4,3,1,3,1,3,3,3,4,4,4,2,2,0,3,4,0,4,2,3,2,2,3,4,2,2,4,2,3,1,1,2,4,4,0,4,2,2,4,3,2,4,3,4,1,3,4,3,3,0,0,1,0,0,1,4,4,1,3,1,2,2,2,4,0,2,0,4,1,0,3,2,3,3,4,2,3,2,1,0,0,3,4,0,1,3,1,2,0,4,1,1,4,0,3,1,1,1,3,3,4,4,3,4,2,1,3,0,1,1,4,1,0,3,1,3,0,4,3,3,0,1,4,2,4,2,1,1,4,2,0,4,4,4,4,0,1,4,0,0,3,3,4,1,2,4,4,4,3,1,0,0,4,4,0,0,3,2,3,1,0,4,2,2,4,3,0,4,3,0,0,3,0,4,3,1,3,1,3,3,3,4,2,2,4,3,4,1,4,0,4,2,4,4,3,0,3,1,1,1,3,2,3,3,0,4,3,4,0,2,4,3,4,0,0,1,2,2,2,3,4,4,1,4,4,2,2,2,0,4,2,1,0,4,3,3,2,4,2,4,4,3,1,0,1,0,0,0,4,0,3,4,2,0,4,3,0,4,4,0,2,1,2,2,0,0,0,0,0,4,0,0,0,0,2,2,2,1,2,1,1,4,0,4,1,2,1,0,3,2,0,0,4,3,3,4,2,4,0,4,0,0,4,0,3,1,3,4,3,4,4,0,0,0,0,0,4,1,0,2,2,3,4,4,4,0,0,0,1,4,3,2,1,0,0,4,3,0,4,2,1,4,4,1,0,3,4,1,1,4,4,3,2,0,4,3,1,3,3,2,1,1,1,1,2,0,0,1,3,4,1,4,4,1,1,4,0,1,1,3,0,2,0,0,0,0,2,0,3,0,2,0,4,4,1,2,1,4,4,2,0,1,2,0,3,4,2,0,1,1,2,0,0,1,3,2,0,1,1,4,4,1,2,4,0,2,0,3,4,3,2,2,0,0,0,0,1,0,3,2,4,4,2,1,2,3,4,4,0,2,0,4,0,3,3,0,3,4,3,1,0,0,1,1,1,0,0,4,1,1,0,0,0,2,1,4,2,3,2,0,4,3,4,0,2,0,3,4,3,0,4,0,3,1,4,1,0,3,4,2,1,0,3,4,0,3,0,0,4,4,2,0,3,0,4,2,1,0,0,1,2,2,4,4,0,4,3,2,3,1,2,4,2,3,4,0,1,3,4,3,0,1,0,4,3,0,3,4,1,4,0,1,1,3,1,4,4,0,2,4,2,1,4,4,4,0,3,3,3,2,2,0,3,2,4,1,0,2,4,4,1,4,0,0,3,2,2,1,0,1,0,3,2,0,1,0,1,1,2,0,4,4,3,1,1,2,0,4,2,4,0,2,0,3,0,4,3,1,2,3,1,3,3,1,1,0,0,0,4,0,4,0,0,3,0,1,2,2,2,4,0,4,1,1,1,2,3,3,3,4,1,0,3,0,2,1,1,3,4,0,0,1,0,2,2,3,1,1,1,1,1,4,1,4,1,4,2,4,0,1,3,1,0,0,0,4,3,2,4,0,4,0,4,2,2,4,4,3,0,4,1,3,3,1,1,1,0,2,1,2,0,1,2,2,0,1,1,1,2,2,1,4,0,4,4,4,3,2,1,2,2,2,4,3,0,1,0,4,1,2,4,3,1,1]",ok,
34,uniform,5,0.25,0.415246228396633,-0.0122395084433027,7,"fused_1_high, fused_3_medium+fused_4_veryhigh, fused_2_medium+fused_4_veryhigh+fused_5_low, fused_1_medium+fused_3_medium, fused_2_medium+fused_3_low, fused_1_medium+fused_4_veryhigh, fused_5_medium","[385, 364, 346, 348, 356]",0.2,0.8,0.1,2.0,"{""fused_1"":0.6296525747615319,""fused_2"":0.4421635764198571,""fused_3"":0.5825135572010371,""fused_4"":0.49299880005520635,""fused_5"":0.40125079235611255}","{""fused_1_high"":0.8658601959652764,""fused_3_medium+fused_4_veryhigh"":0.7745887652220341,""fused_2_medium+fused_4_veryhigh+fused_5_low"":0.8434223166011807,""fused_1_medium+fused_3_medium"":0.7515269535516851,""fused_2_medium+fused_3_low"":0.7511699416133812,""fused_1_medium+fused_4_veryhigh"":0.7467339254847628,""fused_5_medium"":0.7588761219463169}","{""fused_1"":0.15744651581479302,""fused_2"":0.22420798400608505,""fused_3"":0.1701876339949332,""fused_4"":0.20108893583293772,""fused_5"":0.2470689303512511}","{""fused_1_high"":0.12903627108133575,""fused_3_medium+fused_4_veryhigh"":0.14424088752834865,""fused_2_medium+fused_4_veryhigh+fused_5_low"":0.1324690712659256,""fused_1_medium+fused_3_medium"":0.1486671508414901,""fused_2_medium+fused_3_low"":0.14873780855120894,""fused_1_medium+fused_4_veryhigh"":0.14962139411649605,""fused_5_medium"":0.14722741661519495}","{""fused_1"":0.7872325790739652,""fused_2"":1.1210399200304253,""fused_3"":0.850938169974666,""fused_4"":1.0054446791646885,""fused_5"":1.2353446517562556}","{""fused_1_high"":0.9032538975693503,""fused_3_medium+fused_4_veryhigh"":1.0096862126984405,""fused_2_medium+fused_4_veryhigh+fused_5_low"":0.9272834988614793,""fused_1_medium+fused_3_medium"":1.0406700558904307,""fused_2_medium+fused_3_low"":1.0411646598584625,""fused_1_medium+fused_4_veryhigh"":1.0473497588154723,""fused_5_medium"":1.0305919163063646}",0.2307558228661255,0.0478043357420789,"[3,4,3,4,1,3,0,2,0,3,2,1,2,0,0,3,1,0,4,4,4,0,0,4,4,0,3,1,1,1,0,1,3,0,3,1,0,1,0,0,0,1,4,4,4,3,0,0,1,2,1,2,1,3,1,3,0,0,3,1,4,4,4,1,1,0,1,1,3,0,4,0,0,3,0,0,0,3,3,0,3,0,1,3,0,3,3,3,1,3,3,3,4,0,3,3,2,0,1,4,1,2,2,4,0,2,0,0,3,3,3,2,3,3,4,0,1,3,0,0,0,1,3,1,0,0,0,2,4,0,3,0,0,1,0,0,4,3,4,3,3,4,2,0,4,0,3,1,0,3,1,0,4,4,3,0,3,0,3,3,4,2,1,1,3,4,1,1,4,0,2,0,4,1,1,0,4,3,2,1,4,0,3,0,2,1,3,4,0,3,0,0,3,3,1,1,4,4,1,0,3,3,4,3,2,4,1,2,1,4,1,3,0,0,0,1,4,3,4,0,0,3,3,3,0,1,0,0,1,0,0,1,3,1,3,1,0,1,1,1,3,4,4,3,0,0,0,0,3,2,2,3,3,4,4,0,1,1,0,3,1,1,3,0,1,4,0,1,3,1,3,0,3,4,2,4,0,0,0,4,1,4,3,3,1,4,0,1,0,2,0,1,4,0,0,0,0,1,0,4,1,4,0,4,1,3,1,3,1,1,2,4,1,0,0,1,3,0,4,0,0,3,2,0,3,4,1,4,3,0,0,2,1,4,3,3,1,3,3,2,3,4,4,0,1,4,0,4,1,1,4,4,1,4,1,3,1,1,4,4,0,0,0,0,1,3,4,0,4,0,0,1,0,1,1,3,0,1,1,0,4,4,0,0,1,4,1,0,1,4,3,4,2,3,3,3,1,1,3,4,3,0,3,4,3,1,0,2,3,1,3,1,0,3,4,2,4,3,1,3,1,2,3,3,1,3,4,0,0,0,4,1,2,2,0,4,3,1,0,1,1,1,2,4,2,1,1,3,1,3,2,4,2,3,3,2,1,1,3,0,1,0,3,3,4,0,3,4,0,3,4,0,1,3,1,2,1,3,1,0,4,3,0,4,3,0,2,2,4,0,1,3,4,0,4,1,1,2,1,2,4,0,3,1,0,4,4,1,1,1,4,4,4,0,0,3,1,3,0,1,4,0,4,1,1,3,1,1,4,1,1,4,1,0,1,0,1,0,1,4,0,1,2,3,0,2,1,3,4,4,4,2,3,0,3,4,2,4,1,0,0,0,3,3,3,1,4,0,0,3,1,0,2,0,3,2,0,1,3,4,4,2,0,2,3,4,3,0,4,3,0,0,1,1,0,3,3,4,1,3,0,0,0,4,1,0,0,0,1,4,0,0,4,2,1,1,0,2,1,3,1,0,1,0,3,4,0,1,1,2,4,3,0,1,0,1,3,0,0,2,4,1,4,4,1,0,4,0,0,4,3,0,1,3,3,3,3,0,0,4,2,1,4,0,4,1,4,0,0,3,2,4,3,4,0,2,2,2,3,2,4,4,2,0,4,0,4,1,4,0,0,4,3,0,4,4,2,0,0,4,1,1,4,2,0,4,0,4,4,2,0,1,4,3,3,0,2,3,2,3,4,0,4,0,4,2,0,4,1,2,0,1,4,2,2,1,4,4,4,2,4,0,1,4,3,3,2,3,2,2,3,1,3,2,1,4,2,3,1,2,4,2,4,2,4,3,4,3,2,1,1,2,0,4,3,4,4,4,0,2,4,0,4,0,0,0,4,3,2,1,1,2,4,1,3,3,4,3,4,4,3,2,3,1,3,3,3,3,1,1,4,0,2,3,4,2,1,4,2,0,0,4,0,4,0,0,3,3,0,2,1,4,0,0,2,4,0,4,1,0,1,2,3,4,0,1,0,3,0,0,0,2,0,4,3,0,2,1,2,4,1,4,0,0,0,2,1,1,1,0,0,1,1,3,0,1,1,2,0,4,4,2,0,3,4,2,1,3,0,1,2,3,0,2,4,3,2,3,4,2,2,4,2,3,1,2,1,4,0,0,3,4,4,0,4,0,1,2,3,3,4,4,2,3,0,2,4,3,1,0,0,3,4,2,4,2,4,3,2,4,4,1,4,3,1,0,1,0,1,3,3,1,2,2,2,0,1,3,1,3,1,4,1,3,1,0,2,2,0,1,2,4,4,3,3,2,2,2,1,2,2,2,0,0,0,1,3,4,2,2,1,3,3,4,0,3,1,3,2,3,4,2,4,2,1,3,2,4,4,4,4,1,0,1,2,2,3,3,2,2,4,3,0,0,0,0,3,0,1,1,2,2,1,1,3,3,4,1,4,1,2,4,2,2,3,3,3,0,3,2,2,2,2,2,1,1,2,1,2,3,3,4,2,3,1,2,2,1,0,3,4,0,3,2,3,3,1,2,2,4,2,3,4,4,3,1,2,1,2,0,1,2,4,2,2,4,2,2,2,3,2,2,4,4,0,0,3,4,0,4,1,2,1,4,2,3,2,3,4,4,3,4,1,1,4,4,2,4,4,2,2,4,4,1,0,0,2,3,0,1,3,3,1,4,2,3,3,2,0,3,1,4,1,2,2,2,1,2,2,4,3,2,0,1,1,3,3,0,4,1,3,0,2,2,2,0,3,2,2,4,1,1,3,2,1,0,4,2,4,3,0,1,3,0,0,3,2,2,4,2,4,2,2,3,1,4,3,1,1,4,4,2,3,4,3,0,2,2,4,1,4,4,2,2,4,3,2,0,2,2,1,4,1,2,4,3,2,4,2,2,3,2,1,2,0,2,2,2,2,2,4,4,1,1,3,2,1,4,2,0,2,2,1,4,4,2,2,1,0,0,3,2,2,2,2,1,2,1,4,4,1,2,2,0,1,1,1,0,4,2,3,3,2,3,1,3,4,1,0,3,0,4,0,4,0,2,1,1,0,1,4,0,4,1,0,2,1,4,2,0,0,0,4,0,1,0,4,0,0,3,1,3,1,2,1,3,2,0,2,3,4,1,0,3,4,0,0,1,3,3,2,1,2,0,3,0,0,1,0,4,2,4,2,4,2,3,0,0,0,4,0,1,1,0,4,2,2,2,2,2,0,0,4,1,2,3,2,1,0,0,1,4,4,2,1,3,2,2,1,0,3,2,1,1,4,2,3,2,0,1,3,1,3,2,2,1,3,1,3,4,0,0,3,4,3,3,4,3,4,1,4,0,1,1,2,0,4,0,0,0,0,3,4,4,0,4,0,4,1,4,4,1,3,1,2,4,1,2,0,2,3,2,3,3,1,3,4,0,3,4,1,4,1,1,2,2,1,4,2,0,2,0,2,2,3,2,1,0,0,0,0,2,0,2,2,2,1,3,1,2,2,2,2,0,1,0,2,4,4,3,4,3,4,2,1,0,4,3,1,1,0,4,4,1,1,0,0,4,1,2,2,3,3,3,0,2,2,1,0,2,0,4,2,2,0,4,4,2,1,4,3,4,3,2,4,3,0,4,2,0,2,4,0,1,2,1,4,2,0,2,2,1,0,0,1,3,3,2,2,0,3,4,4,2,3,2,2,4,3,4,0,1,2,2,4,0,3,0,2,2,0,4,2,1,2,0,3,3,2,3,1,2,0,3,3,2,1,3,2,2,0,4,3,4,1,1,0,3,2,3,3,4,4,2,1,3,3,0,0,2,1,2,2,0,1,0,3,3,0,3,4,2,3,3,4,4,3,2,1,1,2,0,2,1,4,0,2,0,3,4,3,2,1,1,2,1,4,4,1,1,0,0,0,2,4,1,4,0,4,4,2,1,1,3,4,0,2,1,1,1,2,3,4,2,2,3,4,2,0,2,1,1,4,2,0,3,3,4,3,3,2,3,3,1,1,3,2,1,3,2,4,1,3,4,1,2,2,0,0,0,4,4,2,4,0,4,3,2,2,2,1,1,3,0,3,1,4,4,1,1,3,0,2,1,2,0,3,4,4,0,1,1,3,1,2,3,1,0,2,2,1,2,2,3,2,4,4,2,2,4,1,0,2,3,2,2,2,3,1]",ok,
35,uniform,5,0.2,0.4548944279691808,0.0274086911292451,10,"fused_2_medium+fused_4_veryhigh+fused_5_low, fused_2_medium+fused_3_low, fused_5_medium, fused_4_high, fused_3_low+fused_4_veryhigh, fused_2_medium+fused_3_medium, fused_1_medium+fused_3_medium+fused_4_veryhigh, fused_3_low+fused_5_low, fused_3_medium+fused_5_low, fused_1_high+fused_4_veryhigh","[382, 380, 393, 409, 235]",0.3,0.5,0.6,2.0,"{""fused_1"":0.6637673674857427,""fused_2"":0.28066200388991414,""fused_3"":0.401927918290202,""fused_4"":0.23445778589028626,""fused_5"":0.2836410316703119}","{""fused_2_medium+fused_4_veryhigh+fused_5_low"":0.5334273245440802,""fused_2_medium+fused_3_low"":0.4550516023977357,""fused_5_medium"":0.5595006833320397,""fused_4_high"":0.37626636999216456,""fused_3_low+fused_4_veryhigh"":0.38201422509442895,""fused_2_medium+fused_3_medium"":0.41981306120587625,""fused_1_medium+fused_3_medium+fused_4_veryhigh"":0.5133447560968862,""fused_3_low+fused_5_low"":0.4783436357228989,""fused_3_medium+fused_5_low"":0.3753507984525664,""fused_1_high+fused_4_veryhigh"":0.5329485249864676}","{""fused_1"":0.09815752494137188,""fused_2"":0.23214315092970772,""fused_3"":0.1621031009898842,""fused_4"":0.2778912275480544,""fused_5"":0.22970499559098187}","{""fused_2_medium+fused_4_veryhigh+fused_5_low"":0.08484194926508302,""fused_2_medium+fused_3_low"":0.09945468550624101,""fused_5_medium"":0.08088821936026078,""fused_4_high"":0.12027918946495345,""fused_3_low+fused_4_veryhigh"":0.11846944703274043,""fused_2_medium+fused_3_medium"":0.10780277744475368,""fused_1_medium+fused_3_medium+fused_4_veryhigh"":0.08816105252477974,""fused_3_low+fused_5_low"":0.09461192880131658,""fused_3_medium+fused_5_low"":0.12057257954999932,""fused_1_high+fused_4_veryhigh"":0.08491817104987198}","{""fused_1"":0.4907876247068594,""fused_2"":1.1607157546485385,""fused_3"":0.810515504949421,""fused_4"":1.389456137740272,""fused_5"":1.1485249779549094}","{""fused_2_medium+fused_4_veryhigh+fused_5_low"":0.8484194926508303,""fused_2_medium+fused_3_low"":0.9945468550624101,""fused_5_medium"":0.8088821936026078,""fused_4_high"":1.2027918946495344,""fused_3_low+fused_4_veryhigh"":1.1846944703274043,""fused_2_medium+fused_3_medium"":1.0780277744475368,""fused_1_medium+fused_3_medium+fused_4_veryhigh"":0.8816105252477974,""fused_3_low+fused_5_low"":0.9461192880131658,""fused_3_medium+fused_5_low"":1.2057257954999931,""fused_1_high+fused_4_veryhigh"":0.8491817104987198}",0.2363296618557618,0.0233463035019455,"[2,2,2,3,3,0,2,3,2,0,4,3,4,1,1,2,0,2,2,2,1,1,2,2,1,2,0,0,0,0,2,0,2,1,2,0,1,0,1,1,1,0,0,0,1,2,2,2,3,4,3,4,3,3,0,2,1,1,0,0,1,2,2,0,0,1,3,0,2,2,1,2,2,3,2,2,1,3,0,2,0,2,0,2,1,3,3,2,0,2,2,3,3,1,0,0,3,1,0,1,3,3,0,2,1,4,1,1,3,2,2,3,0,2,1,2,0,0,1,2,1,0,0,0,1,2,2,4,1,1,2,2,2,0,1,1,2,2,1,2,0,1,4,2,2,2,2,3,1,0,0,1,1,2,2,2,0,2,0,3,2,4,0,0,3,2,3,3,1,1,3,1,3,0,0,2,3,3,4,0,1,2,2,2,3,0,0,3,2,0,2,2,2,0,0,0,2,3,0,1,2,3,1,0,4,1,0,4,0,2,0,2,2,2,1,0,3,0,1,2,1,2,2,2,2,0,2,1,0,2,2,3,0,3,3,0,1,0,0,3,0,1,2,0,1,1,1,2,0,4,3,2,0,2,3,1,0,0,2,2,3,0,2,2,0,2,1,0,0,3,0,2,2,3,4,2,1,1,2,3,0,1,0,2,3,2,1,3,1,4,1,0,2,1,1,2,2,0,2,2,3,3,1,2,3,0,0,0,0,0,3,2,0,2,2,0,0,2,1,2,2,2,4,1,0,2,0,2,0,1,1,4,0,1,0,3,0,2,3,3,0,1,1,1,3,1,1,1,0,0,1,1,3,3,3,2,3,0,2,3,1,1,2,2,3,0,0,1,3,1,1,0,2,0,0,2,1,0,0,2,2,2,2,2,0,2,0,1,3,1,2,2,3,2,0,2,0,3,2,3,2,1,0,3,0,3,1,4,2,3,3,0,1,2,2,3,1,2,3,3,0,3,0,2,3,2,3,1,1,2,2,0,3,3,2,1,2,0,1,0,0,0,3,1,4,0,0,3,0,0,4,2,4,0,2,4,3,0,2,1,0,1,0,3,2,1,3,1,1,2,1,1,0,3,0,4,0,2,3,2,2,0,1,1,0,2,3,4,2,1,0,0,2,2,2,0,0,3,0,4,1,1,2,3,1,2,0,0,0,3,1,3,1,1,1,2,0,2,1,0,2,1,1,3,0,2,3,0,1,0,3,3,0,2,3,2,0,1,0,3,2,0,3,2,1,4,0,3,2,2,1,3,0,2,0,2,3,2,0,2,2,1,2,0,0,3,2,2,1,0,0,2,4,2,0,3,1,3,0,2,2,4,1,4,0,1,2,2,2,0,1,2,0,0,1,3,2,3,0,0,2,1,2,2,0,1,1,1,0,2,2,1,1,3,0,0,2,4,0,0,0,1,3,1,3,2,2,3,3,4,1,2,2,0,1,0,3,1,2,3,1,0,1,3,0,1,2,2,1,1,0,2,0,0,0,2,0,2,1,3,3,0,2,2,2,3,1,1,2,3,4,1,0,3,1,3,3,3,0,4,2,0,3,1,3,2,1,0,1,1,2,1,2,1,1,2,4,2,1,1,0,3,3,4,2,2,1,0,1,3,2,0,2,2,0,2,4,3,3,3,1,2,3,1,1,4,1,1,3,4,1,3,1,3,3,0,1,1,1,4,3,1,0,1,2,3,4,2,4,4,3,3,3,4,0,1,4,3,0,3,1,4,2,4,1,2,3,0,3,0,3,3,1,2,0,1,1,1,1,4,1,1,3,1,1,2,3,0,3,3,0,4,1,0,3,2,1,2,2,1,2,3,2,3,3,2,0,2,3,0,3,2,3,2,2,4,0,1,3,1,2,3,1,1,1,2,2,4,1,4,0,3,2,2,4,2,1,2,3,2,0,3,2,1,1,3,1,3,1,1,1,4,1,3,3,1,3,0,3,1,0,2,1,1,2,4,0,3,0,2,2,0,0,0,1,0,0,3,2,0,2,4,1,0,3,4,0,3,2,0,3,0,2,4,1,3,4,2,2,4,4,3,4,2,0,3,0,0,2,1,3,3,0,1,1,1,3,4,3,0,1,3,4,2,1,4,2,3,3,1,1,0,3,3,2,4,3,3,3,1,0,0,1,3,0,2,3,1,0,2,3,0,3,3,3,1,3,3,0,3,0,1,3,0,0,2,4,3,1,3,3,1,2,3,0,4,4,4,0,4,3,4,2,1,1,3,2,3,4,4,0,2,3,2,2,3,0,2,3,2,3,4,3,3,3,3,4,1,1,1,1,3,1,3,3,4,2,4,4,4,2,3,1,1,1,1,0,2,3,3,4,4,3,3,2,3,1,0,3,3,4,3,4,4,3,3,4,1,2,3,4,4,4,3,0,0,4,0,4,0,3,2,4,0,0,3,3,3,2,2,2,1,3,4,2,3,0,4,4,0,4,3,0,2,3,3,3,3,4,2,0,4,3,4,4,2,4,4,4,0,4,4,1,2,1,1,0,1,1,0,3,4,3,1,4,2,3,0,3,2,2,1,0,0,1,1,3,3,1,4,3,2,2,0,1,1,4,3,1,0,3,3,0,1,4,3,3,3,2,2,0,0,3,4,4,4,3,4,3,3,3,4,1,3,3,3,0,1,2,0,2,1,3,4,4,1,3,4,3,2,0,0,0,4,3,1,1,4,1,3,1,3,2,1,1,3,4,3,3,4,0,4,4,3,0,1,2,0,0,1,1,4,2,3,3,1,4,4,3,0,2,1,4,4,1,2,2,1,3,4,3,2,3,4,1,2,4,3,3,4,2,4,3,4,1,3,4,4,4,4,1,3,0,3,0,4,0,2,4,1,4,4,3,1,2,3,4,3,2,1,3,4,3,4,4,3,4,0,3,1,0,3,3,1,3,0,0,1,3,4,3,2,4,2,3,2,2,3,1,3,2,1,2,3,2,4,0,0,2,3,2,1,3,3,2,3,3,1,4,1,1,2,1,1,3,2,1,1,2,3,0,0,0,3,0,3,4,2,4,3,3,0,1,2,0,2,1,3,2,2,4,0,4,1,3,1,1,0,1,2,4,2,3,2,4,2,1,1,1,2,2,0,0,1,2,3,4,4,4,3,1,2,1,0,4,3,4,3,1,2,3,1,1,4,0,0,4,4,0,1,2,3,0,0,2,3,2,3,1,0,2,0,2,4,3,0,3,0,3,0,2,2,3,3,3,0,0,2,3,0,1,1,0,0,4,2,3,1,1,1,2,0,1,2,2,1,2,3,3,0,0,0,0,3,3,1,3,3,1,4,0,4,2,0,0,0,1,2,3,2,0,2,0,0,3,4,3,0,4,1,3,1,4,4,2,3,3,1,1,1,1,4,1,4,3,4,3,2,3,4,4,4,3,2,0,1,3,1,2,3,2,2,3,4,0,1,1,3,0,0,2,1,2,0,0,1,1,1,0,4,4,3,2,0,1,4,4,0,1,3,1,2,4,4,1,1,1,4,0,2,3,1,2,4,0,0,1,1,4,1,4,2,1,3,4,0,1,4,1,4,4,0,2,2,0,0,0,3,4,2,3,1,0,4,0,3,3,3,2,2,1,0,4,4,2,1,3,1,4,4,2,3,3,0,3,2,4,0,4,3,3,3,1,2,3,3,0,3,4,4,1,1,2,1,3,0,2,2,3,3,3,1,2,3,3,4,3,2,1,4,0,3,4,2,0,1,2,0,2,0,1,4,3,0,1,3,0,4,3,0,4,1,4,3,0,2,4,1,2,1,2,4,3,0,4,0,2,1,0,0,1,1,1,4,1,0,1,2,2,1,4,0,0,0,1,1,3,0,0,0,3,2,2,4,3,2,1,4,1,4,0,0,2,3,1,2,0,1,3,0,4,0,0,0,0,0,4,0,3,4,1,0,3,2,0,4,4,1,1,1,3,3,3,1,1,1,2,4,3,4,0,0,2,1,3,0,3,1,0,0,3,2,4,3,3,2,0,2,2,1,3,0,0,0,3,3,0,1,4,3,3,4,3,4,3,3,3,4,4,1,3,2,4,3,4,4,4,3,3]",ok,
36,uniform,5,0.15,0.3646603766080579,-0.0628253602318777,12,"fused_1_medium+fused_3_medium+fused_4_veryhigh, fused_1_high+fused_4_veryhigh, fused_4_veryhigh+fused_5_medium, fused_2_medium+fused_3_low+fused_5_low, fused_2_medium+fused_3_low+fused_4_veryhigh, fused_2_medium+fused_3_medium+fused_4_veryhigh+fused_5_low, fused_1_high+fused_2_medium+fused_3_low, fused_1_medium+fused_2_medium+fused_5_low, fused_3_low+fused_4_high, fused_1_medium+fused_4_veryhigh+fused_5_low, fused_1_high+fused_5_low, fused_1_medium+fused_2_medium+fused_4_veryhigh","[228, 268, 352, 408, 543]",0.4,0.9,0.3,5.0,"{""fused_1"":0.683847220693233,""fused_2"":0.3348046980058068,""fused_3"":0.5071765843430118,""fused_4"":0.5101661856244597,""fused_5"":0.3534019788555228}","{""fused_1_medium+fused_3_medium+fused_4_veryhigh"":0.6939411214643956,""fused_1_high+fused_4_veryhigh"":0.695894959658151,""fused_4_veryhigh+fused_5_medium"":0.689497123959579,""fused_2_medium+fused_3_low+fused_5_low"":0.6818785588023429,""fused_2_medium+fused_3_low+fused_4_veryhigh"":0.6880012873879175,""fused_2_medium+fused_3_medium+fused_4_veryhigh+fused_5_low"":0.6878147537560159,""fused_1_high+fused_2_medium+fused_3_low"":0.5901284969990307,""fused_1_medium+fused_2_medium+fused_5_low"":0.6349486710510039,""fused_3_low+fused_4_high"":0.7788928880000858,""fused_1_medium+fused_4_veryhigh+fused_5_low"":0.625072593193165,""fused_1_high+fused_5_low"":0.639227412668461,""fused_1_medium+fused_2_medium+fused_4_veryhigh"":0.6218462585430111}","{""fused_1"":0.18088122128258705,""fused_2"":0.2162396687104475,""fused_3"":0.19491418869474253,""fused_4"":0.19462800712817663,""fused_5"":0.21333691418404632}","{""fused_1_medium+fused_3_medium+fused_4_veryhigh"":0.08250801820468419,""fused_1_high+fused_4_veryhigh"":0.08245004346135314,""fused_4_veryhigh+fused_5_medium"":0.08264064476304438,""fused_2_medium+fused_3_low+fused_5_low"":0.08287051790329707,""fused_2_medium+fused_3_low+fused_4_veryhigh"":0.08268552703352815,""fused_2_medium+fused_3_medium+fused_4_veryhigh+fused_5_low"":0.08269113249025119,""fused_1_high+fused_2_medium+fused_3_low"":0.08591918818179213,""fused_1_medium+fused_2_medium+fused_5_low"":0.08436108505274378,""fused_3_low+fused_4_high"":0.08015993881841045,""fused_1_medium+fused_4_veryhigh+fused_5_low"":0.08469235266997092,""fused_1_high+fused_5_low"":0.08421955917390013,""fused_1_medium+fused_2_medium+fused_4_veryhigh"":0.08480199224702431}","{""fused_1"":0.9044061064129352,""fused_2"":1.0811983435522374,""fused_3"":0.9745709434737126,""fused_4"":0.9731400356408831,""fused_5"":1.0666845709202315}","{""fused_1_medium+fused_3_medium+fused_4_veryhigh"":0.9900962184562103,""fused_1_high+fused_4_veryhigh"":0.9894005215362376,""fused_4_veryhigh+fused_5_medium"":0.9916877371565325,""fused_2_medium+fused_3_low+fused_5_low"":0.9944462148395647,""fused_2_medium+fused_3_low+fused_4_veryhigh"":0.9922263244023377,""fused_2_medium+fused_3_medium+fused_4_veryhigh+fused_5_low"":0.9922935898830143,""fused_1_high+fused_2_medium+fused_3_low"":1.0310302581815056,""fused_1_medium+fused_2_medium+fused_5_low"":1.0123330206329255,""fused_3_low+fused_4_high"":0.9619192658209255,""fused_1_medium+fused_4_veryhigh+fused_5_low"":1.016308232039651,""fused_1_high+fused_5_low"":1.0106347100868016,""fused_1_medium+fused_2_medium+fused_4_veryhigh"":1.0176239069642916}",0.2936312181018056,0.1178432462479155,"[3,4,3,3,1,4,3,2,3,1,2,1,2,0,0,3,1,3,3,3,4,3,3,3,4,3,4,1,1,0,3,1,3,0,3,1,0,1,0,0,0,1,4,4,4,3,3,3,1,2,4,2,1,4,4,3,0,0,1,1,4,3,3,0,0,0,1,1,3,3,4,3,3,4,3,3,3,4,1,3,1,3,1,3,3,3,3,3,4,3,3,4,4,0,4,1,2,0,0,4,1,2,4,4,3,2,0,0,4,3,4,2,4,4,4,3,0,4,0,3,0,1,4,4,0,3,3,2,4,3,3,3,3,1,0,3,4,3,4,3,4,4,2,3,3,3,3,1,0,4,1,0,4,3,3,3,4,3,1,4,3,2,0,4,4,3,1,1,4,3,4,0,3,1,4,3,4,2,2,4,4,3,3,3,2,1,4,4,3,1,3,3,3,1,1,1,3,3,1,0,3,4,4,4,2,4,4,2,4,3,1,3,3,3,0,1,4,4,4,3,0,3,3,3,3,1,3,4,4,3,3,4,1,4,4,1,0,1,4,1,1,4,3,1,3,0,3,3,1,2,2,3,4,3,3,0,1,0,3,3,4,1,3,3,1,0,0,0,1,4,1,3,3,4,2,3,0,0,3,4,0,4,4,3,1,3,0,4,0,2,3,1,4,0,0,3,3,1,3,3,1,4,0,3,1,4,0,4,1,1,2,3,1,3,3,1,1,3,4,3,3,3,2,3,1,3,4,3,4,3,0,2,0,4,4,4,1,3,4,4,4,4,4,3,1,4,0,4,1,4,4,4,4,4,4,3,1,0,4,4,3,0,3,3,4,1,4,0,4,0,0,1,3,1,4,4,0,4,1,3,0,4,3,3,1,3,1,0,1,4,3,0,2,3,1,3,1,4,4,4,3,0,4,4,1,1,3,2,3,1,4,1,4,4,3,2,4,3,1,4,1,2,4,3,4,3,4,0,3,3,4,4,2,2,3,4,3,0,3,1,0,4,2,4,2,1,1,3,0,4,2,4,2,1,4,2,1,4,3,0,1,0,1,4,3,0,4,4,0,3,4,0,1,3,1,2,4,3,4,3,3,1,0,4,1,3,2,2,3,3,1,4,3,3,3,1,1,2,1,2,4,0,3,1,0,4,4,4,1,1,4,4,4,0,0,3,1,3,0,0,3,0,4,4,1,3,1,1,3,0,1,3,1,3,4,3,1,0,4,4,3,1,2,4,3,2,4,4,3,3,4,2,4,3,4,3,2,3,4,3,3,0,4,4,1,4,3,3,0,1,1,3,2,3,1,2,3,4,4,3,4,2,0,2,4,4,3,3,4,4,0,3,1,4,3,3,3,4,0,1,3,0,3,3,0,0,0,0,4,3,3,0,4,2,1,1,3,2,1,1,1,3,1,0,3,3,3,1,1,2,4,4,3,1,0,1,4,0,3,2,4,1,4,4,1,0,3,3,3,4,4,3,1,1,4,4,1,3,3,4,2,1,3,3,4,1,4,0,3,3,2,4,4,3,0,2,2,2,1,2,3,4,2,0,3,3,4,1,3,0,3,4,4,0,4,3,2,3,0,4,1,1,4,2,3,3,0,4,4,2,3,1,4,3,4,3,2,3,2,4,4,3,3,3,4,2,0,4,4,2,0,1,4,2,2,0,4,4,4,2,3,0,1,4,3,3,2,4,2,2,2,4,2,2,1,4,2,3,4,2,4,2,4,2,4,4,4,1,4,0,1,4,0,3,4,4,4,4,3,2,4,0,4,0,0,3,4,4,2,1,1,2,4,1,4,3,4,3,3,4,4,2,3,1,4,3,4,3,1,1,4,3,2,4,3,2,1,4,2,0,3,3,0,4,3,3,3,2,0,2,4,4,3,3,2,4,0,3,1,3,0,2,3,4,0,4,0,4,0,0,0,2,0,4,4,0,2,1,2,4,1,3,3,0,3,2,1,4,1,3,3,1,1,1,0,1,1,2,3,4,4,2,0,4,4,2,4,2,3,1,2,1,3,2,4,4,2,4,4,2,2,4,2,3,4,2,1,4,3,3,4,4,4,0,4,0,4,2,4,1,4,3,2,3,0,2,3,2,4,0,0,1,4,2,3,2,4,4,2,4,4,4,4,3,1,3,4,0,4,3,4,1,2,2,2,0,1,4,0,4,0,4,4,4,0,3,2,2,0,4,2,4,0,4,1,2,2,2,0,2,2,2,3,0,0,4,4,4,2,2,0,3,4,4,3,4,4,3,2,3,4,2,4,2,1,2,2,4,4,4,4,4,0,4,2,2,3,2,2,2,3,4,0,0,0,0,4,3,1,1,2,2,4,4,3,3,4,1,4,1,2,4,2,2,4,4,2,0,4,2,2,2,2,2,1,4,2,1,2,4,3,4,2,4,4,2,2,4,3,3,3,3,2,2,4,4,4,2,2,4,2,3,4,3,4,1,2,4,2,3,0,2,4,2,2,4,2,2,2,1,2,2,4,3,0,0,1,4,0,4,4,2,1,4,2,3,2,4,4,4,3,4,0,1,4,4,2,3,4,2,2,3,4,1,0,0,2,4,0,1,4,4,4,4,2,4,2,2,3,4,1,4,1,2,2,2,4,2,2,4,4,2,0,1,1,4,1,0,3,1,3,3,4,2,2,0,4,2,2,3,4,1,1,2,4,0,4,2,4,3,4,1,3,0,0,3,2,2,4,2,4,2,2,3,1,4,4,0,0,4,4,2,3,4,4,0,2,2,4,0,3,4,2,2,4,3,4,0,2,2,1,3,1,2,4,4,2,4,2,2,3,2,1,2,0,4,2,2,2,2,4,4,1,1,1,2,4,3,2,0,2,2,4,4,4,4,2,4,3,0,4,2,2,2,2,4,2,1,4,4,4,2,2,0,4,4,1,0,4,2,4,4,2,3,4,3,4,1,3,4,3,4,3,4,3,2,0,4,3,4,4,0,4,4,3,2,1,4,2,0,0,3,4,3,4,3,4,3,3,4,4,4,1,2,1,4,2,3,2,4,4,1,3,3,4,3,0,4,3,3,2,4,2,0,3,0,0,0,3,4,2,4,2,3,2,3,0,0,0,3,3,0,1,0,4,2,2,2,2,2,0,3,4,1,2,4,2,1,0,3,4,4,4,2,4,1,2,2,1,0,3,2,1,1,3,2,4,2,0,0,3,1,3,2,2,1,4,1,4,4,3,3,4,4,4,4,4,3,4,1,4,0,1,1,2,3,3,0,3,0,3,4,4,3,3,4,3,4,4,4,4,1,4,4,4,4,1,2,0,2,4,2,3,1,1,4,4,3,4,3,4,3,1,1,2,2,1,4,2,0,2,0,2,2,3,2,4,3,3,0,0,2,0,2,2,2,4,4,1,2,2,2,2,3,4,0,2,4,4,3,3,3,3,2,1,3,4,4,1,1,3,4,3,1,1,0,0,4,4,2,2,4,3,4,0,2,2,4,0,2,3,4,2,2,0,4,4,2,1,3,4,4,4,2,4,1,0,4,2,0,2,3,0,4,2,4,4,2,0,2,2,1,3,3,1,4,4,2,2,3,4,4,4,2,1,2,2,4,3,3,0,1,2,2,3,0,4,0,2,2,3,3,2,1,2,3,2,1,2,2,4,2,0,3,3,2,1,2,2,2,3,4,3,4,4,4,3,3,2,4,4,4,4,2,4,2,4,3,0,2,4,2,2,3,1,0,3,4,3,1,4,2,4,4,4,4,4,2,1,1,2,0,2,4,4,3,2,0,3,4,3,2,1,4,2,1,3,4,1,1,3,3,0,2,4,0,4,3,4,4,2,4,4,4,4,0,2,1,1,1,2,3,3,2,2,2,4,2,0,2,1,1,4,2,0,3,1,4,4,4,2,1,1,1,1,1,2,1,4,2,4,4,4,4,1,2,2,3,0,0,4,3,2,4,0,4,3,2,4,2,4,0,3,0,4,1,4,4,1,1,4,3,2,1,2,3,1,4,4,0,1,1,1,4,2,4,4,0,2,2,4,2,2,2,2,4,4,2,2,4,1,3,2,4,2,2,2,4,1]",ok,
37,uniform,5,0.1,0.3349889510611811,-0.0924967857787546,19,"fused_3_low+fused_4_high, fused_1_low, fused_2_medium+fused_3_low+fused_4_veryhigh+fused_5_low, fused_5_veryhigh, fused_2_veryhigh, fused_5_high, fused_1_medium+fused_3_low, fused_1_high+fused_2_medium+fused_3_low+fused_5_low, fused_2_medium+fused_4_high, fused_1_high+fused_3_medium, fused_2_high, fused_2_medium+fused_5_medium, fused_1_high+fused_2_medium+fused_3_low+fused_4_veryhigh, fused_3_low+fused_5_medium, fused_1_high+fused_5_medium, fused_3_medium+fused_4_veryhigh+fused_5_medium, fused_1_medium+fused_2_medium+fused_3_medium+fused_4_veryhigh+fused_5_low, fused_2_low+fused_3_medium+fused_4_veryhigh, fused_1_high+fused_2_medium+fused_4_veryhigh+fused_5_low","[286, 216, 152, 222, 923]",0.3,0.8,0.1,2.0,"{""fused_1"":0.6276628605893173,""fused_2"":0.21647508972408652,""fused_3"":0.31778106982710475,""fused_4"":0.2346955110485384,""fused_5"":0.40673204248982586}","{""fused_3_low+fused_4_high"":0.7196721450773191,""fused_1_low"":0.7678659154601403,""fused_2_medium+fused_3_low+fused_4_veryhigh+fused_5_low"":0.7293517992555062,""fused_5_veryhigh"":0.6951673582731698,""fused_2_veryhigh"":0.6395793933498709,""fused_5_high"":0.7879350026031104,""fused_1_medium+fused_3_low"":0.8085271731259984,""fused_1_high+fused_2_medium+fused_3_low+fused_5_low"":0.6941903735239323,""fused_2_medium+fused_4_high"":0.6819670689614412,""fused_1_high+fused_3_medium"":0.7732006559796414,""fused_2_high"":0.6325543026834745,""fused_2_medium+fused_5_medium"":0.7405517744224629,""fused_1_high+fused_2_medium+fused_3_low+fused_4_veryhigh"":0.69193245250211,""fused_3_low+fused_5_medium"":0.7359684356729012,""fused_1_high+fused_5_medium"":0.7905371761430152,""fused_3_medium+fused_4_veryhigh+fused_5_medium"":0.6769819470283163,""fused_1_medium+fused_2_medium+fused_3_medium+fused_4_veryhigh+fused_5_low"":0.6768833062193569,""fused_2_low+fused_3_medium+fused_4_veryhigh"":0.6768240501879916,""fused_1_high+fused_2_medium+fused_4_veryhigh+fused_5_low"":0.6881940761468863}","{""fused_1"":0.09908673973473327,""fused_2"":0.2872989524459443,""fused_3"":0.19571041957347948,""fused_4"":0.26499469985818963,""fused_5"":0.15290918838765347}","{""fused_3_low+fused_4_high"":0.05212722601004317,""fused_1_low"":0.04885555121573223,""fused_2_medium+fused_3_low+fused_4_veryhigh+fused_5_low"":0.051435415114998474,""fused_5_veryhigh"":0.05396472103173243,""fused_2_veryhigh"":0.05865497379940809,""fused_5_high"":0.04761117660167507,""fused_1_medium+fused_3_low"":0.04639857979607056,""fused_1_high+fused_2_medium+fused_3_low+fused_5_low"":0.05404066952000837,""fused_2_medium+fused_4_high"":0.055009272832936586,""fused_1_high+fused_3_medium"":0.04851846964879679,""fused_2_high"":0.059306390614103505,""fused_2_medium+fused_5_medium"":0.05065751491694769,""fused_1_high+fused_2_medium+fused_3_low+fused_4_veryhigh"":0.05421701558283769,""fused_3_low+fused_5_medium"":0.050972991151825985,""fused_1_high+fused_5_medium"":0.047454457161153527,""fused_3_medium+fused_4_veryhigh+fused_5_medium"":0.05541434705054087,""fused_1_medium+fused_2_medium+fused_3_medium+fused_4_veryhigh+fused_5_low"":0.055422422469111256,""fused_2_low+fused_3_medium+fused_4_veryhigh"":0.055427274709221895,""fused_1_high+fused_2_medium+fused_4_veryhigh+fused_5_low"":0.054511530772855706}","{""fused_1"":0.4954336986736663,""fused_2"":1.4364947622297213,""fused_3"":0.9785520978673974,""fused_4"":1.324973499290948,""fused_5"":0.7645459419382673}","{""fused_3_low+fused_4_high"":0.9904172941908203,""fused_1_low"":0.9282554730989123,""fused_2_medium+fused_3_low+fused_4_veryhigh+fused_5_low"":0.977272887184971,""fused_5_veryhigh"":1.0253296996029162,""fused_2_veryhigh"":1.1144445021887537,""fused_5_high"":0.9046123554318263,""fused_1_medium+fused_3_low"":0.8815730161253407,""fused_1_high+fused_2_medium+fused_3_low+fused_5_low"":1.026772720880159,""fused_2_medium+fused_4_high"":1.0451761838257951,""fused_1_high+fused_3_medium"":0.921850923327139,""fused_2_high"":1.1268214216679666,""fused_2_medium+fused_5_medium"":0.9624927834220062,""fused_1_high+fused_2_medium+fused_3_low+fused_4_veryhigh"":1.0301232960739162,""fused_3_low+fused_5_medium"":0.9684868318846938,""fused_1_high+fused_5_medium"":0.901634686061917,""fused_3_medium+fused_4_veryhigh+fused_5_medium"":1.0528725939602765,""fused_1_medium+fused_2_medium+fused_3_medium+fused_4_veryhigh+fused_5_low"":1.0530260269131138,""fused_2_low+fused_3_medium+fused_4_veryhigh"":1.053118219475216,""fused_1_high+fused_2_medium+fused_4_veryhigh+fused_5_low"":1.0357190846842583}",0.252830647196903,0.0678154530294608,"[4,4,4,4,0,0,4,3,4,0,3,0,1,4,4,4,2,4,4,4,4,4,4,4,4,4,0,2,2,4,4,2,4,4,4,2,4,2,4,4,4,2,3,3,4,4,4,4,0,3,0,1,0,0,4,4,4,4,0,2,4,4,4,4,4,4,0,2,4,4,4,4,4,0,4,4,4,3,0,4,0,4,2,4,4,4,4,4,4,4,4,3,4,4,0,0,3,4,4,4,0,3,3,4,4,1,4,4,0,4,3,3,3,4,4,4,4,4,4,4,4,2,0,4,4,4,4,1,4,4,4,4,4,2,4,4,4,4,4,4,0,4,1,4,4,4,4,0,4,0,2,4,4,4,4,4,3,4,0,4,4,1,4,4,4,4,0,0,4,4,0,4,4,2,4,4,4,3,1,4,4,4,4,4,3,2,0,0,4,0,4,4,4,0,2,2,4,4,2,4,4,3,4,0,3,4,4,1,4,4,2,4,4,4,4,2,0,0,4,4,4,4,4,4,4,2,4,4,4,4,4,0,0,0,0,2,4,2,4,0,0,4,4,0,4,4,4,4,0,1,3,4,0,4,4,4,2,4,4,4,0,2,4,4,2,4,4,4,0,0,0,4,4,0,1,4,4,4,4,0,4,4,0,4,0,4,4,0,4,1,4,2,4,4,4,4,4,2,4,4,0,4,4,4,0,0,4,0,2,2,1,4,2,4,4,2,0,4,4,4,4,4,1,4,0,4,4,4,0,4,4,1,4,4,0,3,2,4,0,3,3,4,4,4,0,4,4,4,2,4,4,4,0,4,0,4,0,4,4,0,4,4,4,4,0,0,3,4,0,4,4,2,4,2,4,3,4,4,2,4,4,4,4,4,2,4,2,4,0,4,4,4,3,4,0,4,2,0,4,4,4,4,0,4,0,0,4,1,4,0,0,2,4,3,4,3,4,4,0,4,2,1,3,4,0,4,4,4,4,4,4,4,3,1,4,4,4,4,4,2,4,4,3,4,1,2,2,4,4,0,1,4,1,0,4,1,0,4,4,4,2,4,0,3,4,4,3,4,4,4,4,4,2,4,2,1,4,4,0,4,4,0,4,4,0,4,3,1,4,4,2,0,4,4,4,2,2,3,2,1,4,4,4,0,4,4,4,4,2,0,4,0,4,4,4,4,2,4,4,4,4,4,4,0,2,4,0,2,4,4,0,4,2,4,0,4,2,4,4,4,4,2,1,4,4,3,4,3,4,4,4,3,0,4,0,4,3,4,4,4,4,4,3,0,0,0,4,4,4,0,2,4,3,4,0,1,4,0,0,4,4,3,4,1,0,4,4,4,4,3,4,4,2,4,4,4,4,4,4,0,4,4,4,4,4,4,4,4,4,4,4,4,4,3,2,2,4,1,2,0,2,4,0,4,4,4,4,0,0,1,4,4,4,2,4,2,0,4,4,3,4,2,4,0,2,4,4,4,4,4,4,4,2,0,0,3,0,4,4,4,3,2,4,4,4,0,4,4,4,4,1,4,3,4,4,3,3,3,0,3,4,4,3,4,4,4,4,2,4,4,4,4,4,4,4,4,1,4,4,4,2,0,4,1,4,4,4,4,4,3,4,2,4,4,0,4,1,4,3,0,4,4,4,4,4,1,4,4,0,1,4,0,4,3,3,4,4,4,4,1,4,4,2,4,4,4,1,3,1,1,3,0,3,1,2,4,1,4,4,1,4,1,3,1,4,4,0,0,0,4,0,0,4,4,3,4,4,4,4,1,4,4,4,4,4,4,3,0,3,0,2,1,4,2,0,4,4,4,4,4,0,3,4,0,4,4,0,4,0,2,0,4,3,0,4,1,2,4,3,4,4,4,4,4,4,4,4,3,4,1,4,4,4,4,1,4,4,4,0,4,4,3,4,4,4,0,4,0,4,4,4,1,4,0,0,4,3,2,3,4,2,4,4,4,4,1,2,0,2,4,4,2,2,0,4,2,2,3,4,3,4,1,4,0,0,1,4,3,4,2,3,0,4,3,4,0,1,3,4,1,1,0,1,4,4,3,2,3,4,4,0,4,3,4,4,4,0,1,0,0,4,4,1,4,4,1,4,3,0,4,4,0,4,3,4,1,4,3,3,4,3,4,4,4,2,4,0,4,4,4,0,2,1,3,3,4,0,4,4,0,4,4,0,3,4,4,1,3,4,0,3,4,4,0,0,1,1,1,4,1,3,1,4,4,4,0,0,3,3,1,4,4,3,4,4,3,4,4,3,4,3,1,3,3,0,3,1,4,4,4,4,0,4,0,3,1,4,3,1,1,4,3,4,4,4,4,0,4,0,0,1,1,0,0,4,4,4,2,0,0,1,4,1,1,3,3,3,4,4,1,1,1,3,3,2,4,1,2,1,3,4,4,1,3,4,3,3,0,4,4,4,4,3,1,3,0,4,1,1,3,3,4,3,4,3,0,3,0,1,4,4,1,0,1,1,4,1,1,1,0,1,1,4,4,4,4,0,4,4,4,0,1,0,4,3,4,3,0,0,4,4,4,4,2,4,4,3,4,4,1,3,4,4,2,4,4,1,0,4,2,4,3,4,4,1,3,3,3,4,3,2,3,0,1,1,1,0,1,3,3,0,1,4,0,0,3,0,4,4,2,4,4,3,1,1,4,0,1,3,4,4,2,0,1,0,4,4,1,4,4,4,0,4,4,4,4,1,3,3,3,4,1,1,4,2,4,4,4,4,4,4,1,4,3,3,4,1,1,4,4,4,4,1,1,4,4,3,4,3,1,0,4,0,1,4,0,1,0,3,1,4,1,0,1,4,0,1,1,1,1,4,0,2,0,0,1,4,4,1,4,1,1,0,4,4,0,1,0,4,4,0,1,3,3,1,0,1,2,4,4,4,3,3,4,0,4,2,4,0,1,0,4,1,4,0,4,4,0,4,3,4,4,4,4,4,1,4,4,4,0,4,4,0,0,4,3,0,4,1,4,4,4,4,4,0,4,4,4,4,0,4,0,2,3,2,3,3,4,1,3,0,2,4,4,3,4,4,0,4,4,1,4,1,4,4,4,4,4,4,4,1,4,3,4,1,4,4,4,4,4,4,4,2,4,4,3,1,1,1,3,4,4,4,2,1,0,3,0,4,4,0,4,4,1,4,0,1,1,2,4,4,3,2,2,4,3,0,3,4,4,4,2,4,1,3,2,0,2,3,3,4,4,3,0,4,3,4,4,3,2,4,4,2,2,1,4,4,4,4,4,4,3,4,4,4,0,4,0,0,4,3,2,0,0,3,4,0,3,4,1,0,1,4,0,2,0,4,4,3,4,4,4,2,2,3,1,0,3,1,4,3,4,1,1,4,3,0,4,4,4,4,1,4,1,3,1,0,3,0,1,1,1,3,4,4,4,3,4,3,4,4,4,4,1,2,4,4,3,2,2,4,4,4,2,2,4,4,4,4,1,1,0,4,0,4,1,1,4,4,3,4,4,1,1,4,4,4,1,2,4,0,4,0,1,3,0,4,4,3,4,1,4,4,0,1,4,4,1,4,1,1,2,4,4,2,0,3,3,1,4,0,4,3,1,0,3,3,3,4,4,4,2,1,1,4,4,0,4,1,1,4,4,3,2,1,4,3,0,1,3,0,3,4,4,4,3,2,3,1,1,4,4,4,4,0,4,4,4,3,4,0,4,3,3,0,3,0,4,4,1,4,3,1,4,2,4,4,0,4,0,4,3,0,0,4,0,0,1,0,2,1,4,1,0,4,4,3,4,4,4,4,1,0,4,1,2,4,4,2,2,4,4,4,3,4,4,4,4,3,4,1,4,4,0,4,4,3,2,2,2,3,4,4,1,3,3,4,1,4,1,2,2,4,3,4,4,0,4,4,0,1,0,0,2,2,0,1,2,0,1,4,4,0,4,2,1,3,4,4,4,4,4,3,4,4,4,4,1,3,1,4,4,4,4,4,2,0,4,2,2,3,4,1,0,3,4,0,3,4,4,0,2,0,4,3,0,4,4,1,3,0,1,3,3,3,4,4,1,1,4,0,4,1,0,3,1,1,3,0]",ok,
38,uniform,7,1.0,0.4274857368399357,0.0,0,,[],,,,,,,,,,,,,,baseline_no_features,
39,uniform,7,0.95,0.4274857368399357,0.0,0,,[],,,,,,,,,,,,,,baseline_no_features,
40,uniform,7,0.9,0.4274857368399357,0.0,0,,[],,,,,,,,,,,,,,baseline_no_features,
41,uniform,7,0.85,0.4274857368399357,0.0,0,,[],,,,,,,,,,,,,,baseline_no_features,
42,uniform,7,0.8,0.4274857368399357,0.0,0,,[],,,,,,,,,,,,,,baseline_no_features,
43,uniform,7,0.75,0.4274857368399357,0.0,0,,[],,,,,,,,,,,,,,baseline_no_features,
44,uniform,7,0.7,0.4274857368399357,0.0,0,,[],,,,,,,,,,,,,,baseline_no_features,
45,uniform,7,0.65,0.4274857368399357,0.0,0,,[],,,,,,,,,,,,,,baseline_no_features,
46,uniform,7,0.6,0.4274857368399357,0.0,0,,[],,,,,,,,,,,,,,baseline_no_features,
47,uniform,7,0.55,0.4274857368399357,0.0,0,,[],,,,,,,,,,,,,,baseline_no_features,
48,uniform,7,0.5,0.4955757478296536,0.0680900109897178,1,fused_4_veryhigh,"[46, 334, 468, 917, 34]",0.7,0.4,0.2,2.0,"{""fused_1"":0.7101942025432917,""fused_2"":0.3222721005445332,""fused_3"":0.4825950686147509,""fused_4"":0.2968721430167891,""fused_5"":0.32926885006356366}","{""fused_4_veryhigh"":0.47018706811616173}","{""fused_1"":0.1084073881270454,""fused_2"":0.23889842909330342,""fused_3"":0.1595339521012562,""fused_4"":0.2593382382675563,""fused_5"":0.23382199241083854}","{""fused_4_veryhigh"":1.0}","{""fused_1"":0.542036940635227,""fused_2"":1.1944921454665172,""fused_3"":0.797669760506281,""fused_4"":1.2966911913377817,""fused_5"":1.1691099620541927}","{""fused_4_veryhigh"":1.0}",0.2126716766268259,0.037242912729294,"[4,2,2,3,3,3,2,1,2,3,1,2,1,2,2,2,2,3,0,0,2,3,3,3,2,4,3,3,3,3,2,3,4,3,0,3,3,3,2,2,2,3,2,3,2,2,2,3,3,1,3,1,3,3,3,2,2,2,2,3,2,0,3,2,3,2,3,3,2,2,2,2,2,3,3,2,2,3,3,0,3,2,3,3,2,3,3,2,3,3,2,3,3,2,3,3,1,2,3,2,3,1,3,3,2,1,3,2,3,0,3,2,2,2,2,2,3,3,3,2,2,3,3,3,2,2,2,1,2,3,3,2,2,3,2,3,2,2,2,3,3,3,1,3,4,2,2,3,2,3,3,3,2,0,4,2,3,0,3,3,4,1,3,3,3,3,3,3,3,2,3,3,3,3,3,3,3,2,1,3,2,0,2,3,1,3,2,2,2,3,3,4,2,2,3,3,4,3,3,3,2,3,2,3,1,3,3,1,3,0,3,2,3,3,2,3,3,3,2,2,3,2,4,2,3,3,3,3,3,2,3,3,3,3,3,3,3,3,3,3,3,3,3,3,3,2,3,3,3,1,1,2,3,0,3,2,3,3,2,3,3,3,3,2,3,2,2,3,2,3,3,3,3,3,1,3,3,2,3,3,3,2,3,3,3,0,3,3,2,1,3,2,2,2,3,2,3,3,2,3,3,3,3,0,3,3,3,2,3,3,1,3,3,3,2,3,3,3,3,2,2,2,1,2,3,0,3,3,3,2,3,1,3,3,3,3,3,3,3,3,3,3,2,2,3,3,2,3,3,3,2,3,3,3,3,2,3,3,2,2,3,2,4,3,3,3,3,3,3,2,2,3,4,3,3,3,2,3,3,2,2,3,2,2,3,0,3,3,3,3,2,2,1,3,2,2,3,3,3,3,2,2,3,3,3,3,2,1,2,3,3,3,3,2,3,1,2,3,3,3,3,1,2,3,3,3,3,3,3,2,3,3,1,1,2,3,3,3,2,2,2,3,1,2,1,3,3,3,3,3,1,2,1,3,3,1,3,3,3,3,3,2,2,3,0,3,3,2,2,3,2,2,3,3,3,1,3,3,3,0,0,2,2,2,3,2,1,1,4,3,3,2,4,3,0,3,3,1,3,1,2,3,2,3,3,2,3,3,3,3,2,3,2,2,3,2,3,3,2,3,3,2,2,3,3,3,3,3,3,3,3,3,3,3,3,2,3,2,3,3,4,3,1,3,2,1,3,2,0,4,2,1,3,4,2,3,1,4,3,4,3,3,2,3,3,3,0,3,2,3,3,3,1,2,2,1,3,3,3,3,2,1,2,1,3,2,2,2,3,2,3,2,3,3,2,3,3,3,2,3,3,2,2,4,3,3,2,2,3,3,0,2,2,1,3,3,2,1,3,3,2,2,3,3,3,2,2,3,3,1,3,3,2,3,2,3,3,3,3,1,2,2,3,3,3,3,0,2,2,2,3,2,3,3,2,3,3,3,3,3,1,3,3,2,3,3,3,2,0,3,1,2,2,3,3,1,2,1,2,1,4,3,1,2,3,3,3,3,2,2,3,3,2,2,3,4,1,3,2,3,3,3,3,1,2,4,3,3,3,1,2,3,3,2,2,2,1,3,3,2,2,2,3,2,2,1,3,2,3,1,2,3,2,1,1,3,2,2,2,1,3,3,3,2,2,3,1,3,1,1,2,3,2,1,3,2,1,3,3,1,2,1,2,1,2,3,3,3,2,3,3,3,3,3,3,3,3,2,2,1,3,3,2,2,2,3,3,3,1,3,2,1,2,3,3,2,3,2,0,3,3,1,3,3,3,4,3,3,3,2,2,0,1,3,4,1,3,2,1,2,2,3,2,3,3,2,3,1,3,1,3,3,3,2,1,3,3,4,3,4,3,1,2,2,3,2,3,3,3,2,3,1,3,3,3,2,1,3,1,3,3,0,2,3,2,1,3,3,3,3,2,2,3,3,2,3,2,1,3,3,2,1,3,3,3,1,3,2,2,3,1,2,3,1,2,3,1,2,2,1,1,3,1,3,3,1,3,3,2,2,2,3,3,3,2,3,3,1,3,2,2,3,1,2,2,1,0,2,3,2,3,3,3,1,2,1,3,3,1,2,3,3,2,3,3,2,3,3,3,2,3,3,1,2,2,2,3,3,3,3,2,2,3,3,3,2,1,1,2,2,1,3,2,3,3,1,1,1,2,1,1,1,3,2,3,3,3,3,1,1,3,2,3,3,2,2,3,2,1,2,2,1,3,1,3,2,1,3,2,2,2,3,2,3,1,1,2,1,1,1,4,3,2,2,3,3,3,3,3,3,1,1,3,3,2,3,3,3,3,3,1,2,1,1,3,2,1,2,2,1,1,1,1,1,3,2,1,3,1,3,3,3,1,3,3,3,1,3,2,4,0,3,2,1,3,3,3,1,1,3,1,2,3,0,2,3,1,3,1,2,3,1,3,1,1,2,1,1,1,3,1,1,2,3,3,3,3,2,3,2,3,1,3,3,1,2,1,3,3,2,3,3,3,3,3,2,1,3,2,1,1,3,2,3,3,2,1,3,2,3,3,2,3,2,1,2,2,1,4,2,2,3,3,1,1,1,3,1,1,3,3,1,2,3,3,3,3,3,3,3,3,3,2,1,1,3,3,1,1,4,3,3,3,1,3,3,3,1,3,0,3,3,3,2,3,3,1,1,3,1,3,1,1,3,3,2,2,3,3,2,2,1,3,2,3,2,1,1,3,3,0,2,1,1,3,2,3,3,1,1,3,0,3,1,3,3,1,3,1,1,3,1,3,1,2,2,1,1,1,1,3,3,2,3,3,1,3,3,1,2,1,1,3,3,2,2,1,3,3,2,3,1,1,1,1,3,1,3,3,3,3,1,1,3,3,2,2,3,3,1,3,3,1,3,3,3,3,3,3,3,2,2,0,3,4,1,3,3,2,3,3,2,3,3,2,1,3,2,1,2,3,3,2,3,3,3,3,2,2,3,3,3,3,1,3,2,1,3,1,3,3,3,2,3,3,3,2,3,0,2,1,3,1,3,3,2,2,3,2,3,1,2,1,2,1,2,3,2,3,3,3,3,3,3,2,1,1,1,1,1,2,2,3,2,1,2,1,3,3,3,3,2,2,1,3,3,1,1,3,2,3,1,3,2,3,3,2,1,3,3,3,2,3,1,1,3,2,3,3,3,3,4,3,3,3,3,3,2,2,3,3,3,3,3,1,3,3,3,2,3,3,3,2,3,0,2,4,3,3,3,3,3,2,3,2,3,3,1,3,1,3,1,3,3,2,3,3,0,3,0,3,3,3,3,1,1,3,3,1,2,1,3,1,1,0,1,3,3,2,3,2,1,2,1,1,1,3,2,3,1,1,1,1,3,3,2,1,3,3,3,3,3,3,1,2,2,2,2,3,3,2,2,0,3,3,2,3,2,3,1,1,3,0,3,3,1,1,3,3,1,2,3,1,1,2,3,3,1,3,3,3,2,2,1,3,3,3,2,1,3,1,0,2,3,1,3,2,1,3,1,1,3,3,2,3,3,3,1,1,3,3,3,3,1,3,1,1,3,0,4,2,3,1,1,0,3,3,3,1,1,3,3,1,3,1,2,1,2,1,2,3,1,2,3,2,1,3,2,1,1,3,2,3,3,3,3,3,3,1,3,3,2,3,1,3,1,3,3,2,1,3,3,1,2,3,2,2,3,2,3,3,1,3,3,2,3,3,1,3,3,1,3,1,3,2,3,1,2,3,2,3,1,3,3,1,3,2,2,3,3,2,2,3,1,2,3,2,3,3,2,1,3,3,3,3,3,1,3,3,3,1,3,0,1,1,1,3,1,2,1,3,3,2,1,2,3,2,2,3,3,1,3,3,3,2,3,1,3,3,1,3,3,2,3,3,1,1,3,2,2,3,3,1,3,2,3,2,1,2,1,2,3,0,3,3,3,3,2,2,3,3,2,1,3,1,2,3,3,3,2,3,3,3,3,1,2,3,3,1,1,3,1,1,1,1,3,3,1,1,3,3,2,1,2,1,1,1,2,3]",ok,
49,uniform,7,0.45,0.4955757478296536,0.0680900109897178,1,fused_4_veryhigh,"[46, 334, 468, 917, 34]",0.7,0.4,0.2,2.0,"{""fused_1"":0.7101942025432917,""fused_2"":0.3222721005445332,""fused_3"":0.4825950686147509,""fused_4"":0.2968721430167891,""fused_5"":0.32926885006356366}","{""fused_4_veryhigh"":0.47018706811616173}","{""fused_1"":0.1084073881270454,""fused_2"":0.23889842909330342,""fused_3"":0.1595339521012562,""fused_4"":0.2593382382675563,""fused_5"":0.23382199241083854}","{""fused_4_veryhigh"":1.0}","{""fused_1"":0.542036940635227,""fused_2"":1.1944921454665172,""fused_3"":0.797669760506281,""fused_4"":1.2966911913377817,""fused_5"":1.1691099620541927}","{""fused_4_veryhigh"":1.0}",0.2126716766268259,0.037242912729294,"[4,2,2,3,3,3,2,1,2,3,1,2,1,2,2,2,2,3,0,0,2,3,3,3,2,4,3,3,3,3,2,3,4,3,0,3,3,3,2,2,2,3,2,3,2,2,2,3,3,1,3,1,3,3,3,2,2,2,2,3,2,0,3,2,3,2,3,3,2,2,2,2,2,3,3,2,2,3,3,0,3,2,3,3,2,3,3,2,3,3,2,3,3,2,3,3,1,2,3,2,3,1,3,3,2,1,3,2,3,0,3,2,2,2,2,2,3,3,3,2,2,3,3,3,2,2,2,1,2,3,3,2,2,3,2,3,2,2,2,3,3,3,1,3,4,2,2,3,2,3,3,3,2,0,4,2,3,0,3,3,4,1,3,3,3,3,3,3,3,2,3,3,3,3,3,3,3,2,1,3,2,0,2,3,1,3,2,2,2,3,3,4,2,2,3,3,4,3,3,3,2,3,2,3,1,3,3,1,3,0,3,2,3,3,2,3,3,3,2,2,3,2,4,2,3,3,3,3,3,2,3,3,3,3,3,3,3,3,3,3,3,3,3,3,3,2,3,3,3,1,1,2,3,0,3,2,3,3,2,3,3,3,3,2,3,2,2,3,2,3,3,3,3,3,1,3,3,2,3,3,3,2,3,3,3,0,3,3,2,1,3,2,2,2,3,2,3,3,2,3,3,3,3,0,3,3,3,2,3,3,1,3,3,3,2,3,3,3,3,2,2,2,1,2,3,0,3,3,3,2,3,1,3,3,3,3,3,3,3,3,3,3,2,2,3,3,2,3,3,3,2,3,3,3,3,2,3,3,2,2,3,2,4,3,3,3,3,3,3,2,2,3,4,3,3,3,2,3,3,2,2,3,2,2,3,0,3,3,3,3,2,2,1,3,2,2,3,3,3,3,2,2,3,3,3,3,2,1,2,3,3,3,3,2,3,1,2,3,3,3,3,1,2,3,3,3,3,3,3,2,3,3,1,1,2,3,3,3,2,2,2,3,1,2,1,3,3,3,3,3,1,2,1,3,3,1,3,3,3,3,3,2,2,3,0,3,3,2,2,3,2,2,3,3,3,1,3,3,3,0,0,2,2,2,3,2,1,1,4,3,3,2,4,3,0,3,3,1,3,1,2,3,2,3,3,2,3,3,3,3,2,3,2,2,3,2,3,3,2,3,3,2,2,3,3,3,3,3,3,3,3,3,3,3,3,2,3,2,3,3,4,3,1,3,2,1,3,2,0,4,2,1,3,4,2,3,1,4,3,4,3,3,2,3,3,3,0,3,2,3,3,3,1,2,2,1,3,3,3,3,2,1,2,1,3,2,2,2,3,2,3,2,3,3,2,3,3,3,2,3,3,2,2,4,3,3,2,2,3,3,0,2,2,1,3,3,2,1,3,3,2,2,3,3,3,2,2,3,3,1,3,3,2,3,2,3,3,3,3,1,2,2,3,3,3,3,0,2,2,2,3,2,3,3,2,3,3,3,3,3,1,3,3,2,3,3,3,2,0,3,1,2,2,3,3,1,2,1,2,1,4,3,1,2,3,3,3,3,2,2,3,3,2,2,3,4,1,3,2,3,3,3,3,1,2,4,3,3,3,1,2,3,3,2,2,2,1,3,3,2,2,2,3,2,2,1,3,2,3,1,2,3,2,1,1,3,2,2,2,1,3,3,3,2,2,3,1,3,1,1,2,3,2,1,3,2,1,3,3,1,2,1,2,1,2,3,3,3,2,3,3,3,3,3,3,3,3,2,2,1,3,3,2,2,2,3,3,3,1,3,2,1,2,3,3,2,3,2,0,3,3,1,3,3,3,4,3,3,3,2,2,0,1,3,4,1,3,2,1,2,2,3,2,3,3,2,3,1,3,1,3,3,3,2,1,3,3,4,3,4,3,1,2,2,3,2,3,3,3,2,3,1,3,3,3,2,1,3,1,3,3,0,2,3,2,1,3,3,3,3,2,2,3,3,2,3,2,1,3,3,2,1,3,3,3,1,3,2,2,3,1,2,3,1,2,3,1,2,2,1,1,3,1,3,3,1,3,3,2,2,2,3,3,3,2,3,3,1,3,2,2,3,1,2,2,1,0,2,3,2,3,3,3,1,2,1,3,3,1,2,3,3,2,3,3,2,3,3,3,2,3,3,1,2,2,2,3,3,3,3,2,2,3,3,3,2,1,1,2,2,1,3,2,3,3,1,1,1,2,1,1,1,3,2,3,3,3,3,1,1,3,2,3,3,2,2,3,2,1,2,2,1,3,1,3,2,1,3,2,2,2,3,2,3,1,1,2,1,1,1,4,3,2,2,3,3,3,3,3,3,1,1,3,3,2,3,3,3,3,3,1,2,1,1,3,2,1,2,2,1,1,1,1,1,3,2,1,3,1,3,3,3,1,3,3,3,1,3,2,4,0,3,2,1,3,3,3,1,1,3,1,2,3,0,2,3,1,3,1,2,3,1,3,1,1,2,1,1,1,3,1,1,2,3,3,3,3,2,3,2,3,1,3,3,1,2,1,3,3,2,3,3,3,3,3,2,1,3,2,1,1,3,2,3,3,2,1,3,2,3,3,2,3,2,1,2,2,1,4,2,2,3,3,1,1,1,3,1,1,3,3,1,2,3,3,3,3,3,3,3,3,3,2,1,1,3,3,1,1,4,3,3,3,1,3,3,3,1,3,0,3,3,3,2,3,3,1,1,3,1,3,1,1,3,3,2,2,3,3,2,2,1,3,2,3,2,1,1,3,3,0,2,1,1,3,2,3,3,1,1,3,0,3,1,3,3,1,3,1,1,3,1,3,1,2,2,1,1,1,1,3,3,2,3,3,1,3,3,1,2,1,1,3,3,2,2,1,3,3,2,3,1,1,1,1,3,1,3,3,3,3,1,1,3,3,2,2,3,3,1,3,3,1,3,3,3,3,3,3,3,2,2,0,3,4,1,3,3,2,3,3,2,3,3,2,1,3,2,1,2,3,3,2,3,3,3,3,2,2,3,3,3,3,1,3,2,1,3,1,3,3,3,2,3,3,3,2,3,0,2,1,3,1,3,3,2,2,3,2,3,1,2,1,2,1,2,3,2,3,3,3,3,3,3,2,1,1,1,1,1,2,2,3,2,1,2,1,3,3,3,3,2,2,1,3,3,1,1,3,2,3,1,3,2,3,3,2,1,3,3,3,2,3,1,1,3,2,3,3,3,3,4,3,3,3,3,3,2,2,3,3,3,3,3,1,3,3,3,2,3,3,3,2,3,0,2,4,3,3,3,3,3,2,3,2,3,3,1,3,1,3,1,3,3,2,3,3,0,3,0,3,3,3,3,1,1,3,3,1,2,1,3,1,1,0,1,3,3,2,3,2,1,2,1,1,1,3,2,3,1,1,1,1,3,3,2,1,3,3,3,3,3,3,1,2,2,2,2,3,3,2,2,0,3,3,2,3,2,3,1,1,3,0,3,3,1,1,3,3,1,2,3,1,1,2,3,3,1,3,3,3,2,2,1,3,3,3,2,1,3,1,0,2,3,1,3,2,1,3,1,1,3,3,2,3,3,3,1,1,3,3,3,3,1,3,1,1,3,0,4,2,3,1,1,0,3,3,3,1,1,3,3,1,3,1,2,1,2,1,2,3,1,2,3,2,1,3,2,1,1,3,2,3,3,3,3,3,3,1,3,3,2,3,1,3,1,3,3,2,1,3,3,1,2,3,2,2,3,2,3,3,1,3,3,2,3,3,1,3,3,1,3,1,3,2,3,1,2,3,2,3,1,3,3,1,3,2,2,3,3,2,2,3,1,2,3,2,3,3,2,1,3,3,3,3,3,1,3,3,3,1,3,0,1,1,1,3,1,2,1,3,3,2,1,2,3,2,2,3,3,1,3,3,3,2,3,1,3,3,1,3,3,2,3,3,1,1,3,2,2,3,3,1,3,2,3,2,1,2,1,2,3,0,3,3,3,3,2,2,3,3,2,1,3,1,2,3,3,3,2,3,3,3,3,1,2,3,3,1,1,3,1,1,1,1,3,3,1,1,3,3,2,1,2,1,1,1,2,3]",ok,
50,uniform,7,0.4,0.5793606762495705,0.1518749394096348,2,"fused_4_veryhigh, fused_5_low","[452, 361, 246, 465, 275]",0.4,0.7,0.4,3.0,"{""fused_1"":0.6644942025783847,""fused_2"":0.5162965590642111,""fused_3"":0.4915756441285707,""fused_4"":0.42429768459771156,""fused_5"":0.5199713163415496}","{""fused_4_veryhigh"":0.5935960265298532,""fused_5_low"":0.5697983684777078}","{""fused_1"":0.1760862828302257,""fused_2"":0.19976597001175728,""fused_3"":0.2047273878708504,""fused_4"":0.2203615369879973,""fused_5"":0.1990588222991694}","{""fused_4_veryhigh"":0.49488562347362497,""fused_5_low"":0.5051143765263751}","{""fused_1"":0.8804314141511285,""fused_2"":0.9988298500587864,""fused_3"":1.023636939354252,""fused_4"":1.1018076849399865,""fused_5"":0.995294111495847}","{""fused_4_veryhigh"":0.9897712469472499,""fused_5_low"":1.0102287530527503}",0.1473442819834426,0.0038910505836575,"[2,2,2,3,0,3,4,1,2,0,1,4,1,4,4,4,4,0,2,2,4,0,3,3,4,2,3,0,3,0,2,0,2,0,2,0,0,0,4,2,4,3,4,0,4,2,2,3,3,1,3,1,0,0,0,2,4,4,4,0,4,2,3,4,3,4,3,0,2,2,4,4,2,3,3,2,4,3,3,2,3,4,0,0,4,3,3,2,0,3,2,3,0,4,0,0,1,4,0,2,0,1,3,0,4,1,0,4,0,2,0,1,4,2,4,4,0,0,3,4,4,0,0,0,4,2,4,1,4,0,3,2,4,0,4,3,4,4,4,3,3,0,1,3,2,2,2,0,4,3,0,3,2,2,2,2,3,2,3,3,2,1,0,0,3,3,0,0,0,4,3,0,3,3,0,3,3,1,1,3,2,2,4,3,1,0,2,2,2,0,3,2,2,2,0,0,2,3,0,0,4,3,4,3,1,3,0,1,0,2,0,2,0,3,4,0,0,0,4,2,0,2,2,2,3,0,3,3,3,2,3,0,0,0,3,0,0,0,0,0,0,3,3,0,0,4,0,3,3,1,1,4,0,2,3,4,3,0,2,3,3,3,3,2,0,4,4,3,4,0,0,3,0,3,1,3,3,2,3,3,3,4,3,3,0,2,0,0,4,1,0,4,4,2,0,4,3,0,2,3,0,3,0,2,0,0,3,4,3,0,1,3,0,0,4,0,3,3,0,4,4,2,1,4,0,2,0,3,0,4,3,1,0,3,3,3,3,3,3,3,0,3,4,4,3,0,4,3,3,0,4,0,3,3,0,2,0,3,4,2,0,4,2,3,0,0,0,3,3,2,4,0,2,0,0,3,4,0,3,2,2,0,2,4,0,2,0,3,0,3,2,4,1,3,4,2,3,0,3,3,4,4,3,3,0,3,4,1,2,0,0,0,3,4,3,1,4,3,0,0,0,1,2,3,0,3,0,0,0,2,0,0,1,1,2,0,3,0,2,4,2,0,1,4,4,0,0,3,0,3,1,2,1,3,3,1,0,3,3,3,0,4,2,3,2,3,3,4,4,0,4,4,0,3,0,1,0,3,3,2,2,2,4,2,3,2,1,1,2,0,0,2,2,3,2,0,0,1,3,1,4,0,4,0,0,4,0,0,0,0,4,0,4,4,0,2,0,0,4,3,3,2,4,0,0,0,0,0,0,3,0,3,0,0,0,2,0,2,0,0,2,0,1,3,4,1,3,1,2,2,4,1,0,2,2,3,1,2,0,2,3,0,2,0,3,3,2,0,4,0,0,0,1,2,4,1,0,3,3,3,2,1,4,1,3,4,2,2,0,4,0,2,0,3,4,3,0,3,4,3,3,2,2,2,0,0,4,4,0,3,2,4,4,1,0,3,2,1,0,3,2,4,0,0,3,2,2,0,0,1,0,0,2,0,4,0,3,3,3,1,4,2,3,0,0,3,2,2,4,2,3,2,0,3,4,0,0,3,0,3,1,0,3,2,0,3,0,4,2,3,1,4,4,3,0,1,1,1,2,1,2,3,1,2,3,3,3,0,4,4,3,3,4,4,3,2,1,3,2,3,0,0,3,1,2,2,3,0,0,1,2,0,0,2,2,2,1,3,3,2,4,2,3,4,4,1,3,4,0,1,4,3,4,1,1,0,4,4,4,1,0,3,0,4,2,3,1,0,1,1,1,3,1,1,0,4,1,3,0,1,4,1,4,1,2,3,3,3,1,3,0,3,0,3,3,0,3,4,4,1,3,3,2,4,4,3,0,0,1,0,4,1,4,0,3,2,0,2,2,3,0,1,3,0,0,2,3,3,3,4,2,2,1,0,2,1,0,4,1,4,2,3,2,3,0,4,3,1,0,1,3,0,3,4,1,0,3,2,3,2,0,1,4,4,0,4,0,0,0,4,3,1,0,0,3,4,1,0,1,3,0,2,4,3,4,1,0,3,0,3,4,4,0,3,4,0,4,1,3,0,2,1,3,3,3,1,0,1,4,0,1,2,3,1,2,3,1,2,2,1,1,0,1,3,0,1,0,0,2,2,1,3,0,0,4,0,0,1,0,2,4,3,1,2,2,1,2,1,3,4,3,0,3,1,2,1,0,3,1,2,0,3,4,3,0,2,0,0,3,2,0,0,1,1,1,4,0,3,3,3,4,4,0,3,0,2,1,1,4,4,1,0,4,3,3,1,1,1,4,1,1,1,3,4,0,3,0,0,1,1,3,2,3,3,4,1,3,4,1,4,4,1,0,1,3,1,1,3,4,4,4,0,4,0,1,1,2,1,1,1,2,3,4,4,0,0,3,3,0,3,1,1,3,3,4,3,3,0,0,0,1,2,1,1,3,1,1,4,2,1,1,1,1,1,0,2,1,0,1,3,3,0,1,3,3,3,1,0,4,2,2,0,1,1,0,3,3,1,1,0,1,4,0,2,1,3,1,0,1,4,3,1,3,1,1,4,1,1,1,3,1,1,4,3,3,0,3,4,3,2,3,1,0,3,1,2,1,0,3,2,3,0,0,0,3,4,1,3,4,1,1,3,4,3,3,4,1,3,4,0,3,1,3,4,1,1,1,1,2,4,4,0,0,1,1,1,3,1,1,0,3,1,4,3,3,3,3,3,3,0,3,0,4,1,1,3,3,1,1,2,0,0,3,1,0,3,0,1,0,2,0,0,3,4,3,3,1,1,0,1,0,1,1,3,0,2,2,0,0,2,4,1,3,4,3,4,1,1,3,0,2,4,1,1,0,4,3,3,1,1,0,2,0,1,3,0,1,0,1,1,3,1,0,1,4,1,1,1,1,1,3,0,2,0,0,1,0,3,1,4,1,1,3,3,2,2,1,3,0,4,0,1,1,1,1,0,1,0,3,0,3,1,1,3,3,4,4,0,3,1,0,3,1,3,3,3,3,0,0,3,4,4,2,3,2,1,3,0,2,3,0,4,0,3,4,1,3,2,1,4,0,3,4,0,3,3,3,4,2,3,3,3,0,1,0,4,1,3,1,3,0,0,4,3,0,3,2,3,2,2,1,0,1,0,3,4,4,0,4,0,1,2,1,2,1,2,3,4,3,3,3,0,0,3,4,1,1,1,1,1,4,2,3,4,1,2,1,0,3,3,0,4,2,1,3,3,1,1,3,4,3,1,3,4,3,3,2,1,3,0,3,4,3,1,1,3,1,0,3,0,3,2,3,3,0,3,0,2,4,3,3,3,0,0,1,3,0,0,4,0,3,3,4,3,2,4,2,0,3,0,0,0,2,3,4,0,0,1,0,1,0,1,3,3,4,3,3,2,3,2,0,3,0,0,1,1,0,0,1,4,1,0,1,1,2,1,3,3,4,3,4,1,2,1,1,1,3,4,0,1,1,1,1,3,0,2,1,0,0,3,3,3,3,1,2,4,4,1,3,0,2,4,2,3,3,4,3,2,0,1,1,0,2,3,0,1,1,3,0,1,4,3,1,1,4,0,3,1,0,3,3,4,1,1,0,0,3,4,1,0,1,2,4,0,1,0,2,1,0,1,1,3,3,2,0,3,0,1,1,3,3,0,0,1,3,1,1,0,2,2,2,0,1,1,2,3,3,3,1,1,3,3,1,0,1,2,1,4,1,1,3,1,4,3,2,1,0,1,1,1,0,4,3,3,3,3,0,3,1,3,3,2,0,1,0,1,3,0,4,1,0,3,1,2,3,4,2,0,4,3,3,1,0,0,4,0,0,1,0,0,1,3,1,0,2,3,1,2,3,2,3,1,3,0,1,0,2,4,0,3,4,2,3,1,4,3,4,3,0,4,1,0,0,3,3,0,1,0,0,0,1,3,2,1,1,1,3,1,4,1,3,0,4,1,4,3,4,4,3,0,1,3,0,0,4,3,1,0,3,1,0,0,2,3,0,1,1,0,2,4,3,3,1,0,4,3,4,1,4,1,2,3,2,0,3,0,3,4,4,0,3,4,1,0,1,4,3,0,3,4,0,0,3,0,1,2,3,0,1,1,3,1,1,1,1,3,3,1,1,3,0,2,1,1,1,1,1,1,0]",ok,
51,uniform,7,0.35,0.3772428161098103,-0.0502429207301253,4,"fused_4_veryhigh, fused_5_low, fused_2_medium, fused_3_medium","[430, 442, 261, 289, 377]",0.1,0.7,0.1,2.0,"{""fused_1"":0.7837767442900436,""fused_2"":0.45282087805673304,""fused_3"":0.6164967570205777,""fused_4"":0.5103025092150598,""fused_5"":0.4417325719703071}","{""fused_4_veryhigh"":0.8143930267025183,""fused_5_low"":0.7598663862663547,""fused_2_medium"":0.7379131230602723,""fused_3_medium"":0.802738642729895}","{""fused_1"":0.13675315202830055,""fused_2"":0.2367027349271513,""fused_3"":0.17385969844536447,""fused_4"":0.2100400024154528,""fused_5"":0.24264441218373092}","{""fused_4_veryhigh"":0.23866804246284298,""fused_5_low"":0.25579443043075706,""fused_2_medium"":0.26340443529773605,""fused_3_medium"":0.24213309180866383}","{""fused_1"":0.6837657601415027,""fused_2"":1.1835136746357564,""fused_3"":0.8692984922268223,""fused_4"":1.0502000120772639,""fused_5"":1.2132220609186546}","{""fused_4_veryhigh"":0.9546721698513719,""fused_5_low"":1.0231777217230282,""fused_2_medium"":1.0536177411909442,""fused_3_medium"":0.9685323672346553}",0.1419462279004402,0.0066703724291272,"[1,1,4,3,0,2,4,1,4,0,1,3,1,4,4,3,3,0,4,1,4,4,4,4,3,4,3,0,2,0,4,0,4,0,4,0,0,0,4,2,0,2,3,3,0,4,4,4,2,1,2,1,0,0,0,4,0,4,0,0,4,1,3,0,2,0,2,0,4,4,0,0,4,2,3,4,3,3,2,4,2,4,0,4,4,4,4,4,0,3,2,3,3,0,3,0,1,0,0,4,0,1,3,0,4,1,4,4,0,1,3,1,3,1,4,4,0,3,4,4,3,0,0,3,0,4,4,1,4,3,4,4,4,0,4,4,3,4,0,4,2,4,1,4,1,4,1,0,0,2,0,3,4,1,4,4,3,1,2,4,4,1,0,3,4,3,0,0,4,4,2,0,4,2,3,4,3,1,1,2,4,4,0,4,1,0,2,1,2,0,4,1,4,2,0,0,4,3,0,3,4,3,0,2,1,2,0,1,0,1,0,1,4,4,4,0,0,3,4,4,0,2,4,4,4,0,4,2,2,4,3,0,0,0,2,3,0,0,0,0,0,2,3,0,3,0,4,4,2,1,1,0,0,4,3,0,2,0,1,3,2,2,4,4,0,0,0,3,0,0,3,4,4,2,1,4,2,4,4,2,2,0,2,4,0,1,4,0,0,1,4,0,3,2,0,4,4,0,1,3,0,3,0,1,0,3,2,0,2,0,1,3,0,4,4,0,2,4,4,4,3,4,1,4,0,4,0,3,0,4,4,1,3,4,2,3,2,4,2,3,3,2,3,4,2,0,0,2,2,0,0,0,2,3,0,2,0,2,0,2,3,0,4,4,0,0,3,4,2,2,4,0,1,3,0,3,4,3,2,4,1,3,4,4,0,4,0,2,0,2,1,0,1,2,0,4,2,0,2,4,3,0,3,4,0,2,4,1,2,0,0,0,4,3,3,1,0,4,0,3,0,1,1,4,0,4,4,0,4,4,0,0,1,1,1,0,4,0,1,0,1,0,1,4,1,3,0,4,0,2,1,1,1,2,3,1,0,2,4,2,0,0,2,3,1,3,3,4,0,3,4,0,0,3,0,1,0,4,2,4,4,2,0,4,2,2,1,1,4,4,0,2,1,3,1,3,0,1,2,1,0,0,3,0,4,3,3,0,0,0,0,0,4,0,0,4,0,4,0,2,3,2,4,0,0,3,3,0,4,2,0,4,0,4,0,1,0,2,0,3,1,3,1,3,4,1,2,1,4,1,4,1,3,4,2,3,1,1,3,4,3,0,1,0,2,2,4,3,0,0,0,4,1,4,0,1,4,2,3,3,1,1,0,1,3,4,1,1,0,3,0,4,0,2,4,4,4,3,0,2,4,2,4,1,0,3,4,0,0,4,1,3,4,1,3,2,4,1,0,2,2,3,0,0,3,4,1,0,0,1,0,0,4,3,0,0,3,2,4,1,4,2,4,0,0,2,1,4,4,1,2,4,0,3,0,3,0,4,4,2,1,0,3,2,0,2,0,0,4,3,1,4,3,3,0,1,1,1,2,1,1,3,1,2,4,4,4,0,4,0,4,2,0,0,3,4,1,4,2,4,0,0,4,1,4,1,4,3,0,1,4,3,0,2,1,4,1,4,3,2,0,4,4,3,0,1,2,4,0,1,0,2,4,1,1,0,0,4,3,1,3,2,0,4,1,4,1,3,1,1,1,2,1,1,0,0,1,4,3,1,4,1,3,1,4,3,2,3,4,2,0,2,4,3,3,0,2,4,4,1,2,3,1,3,4,4,3,0,1,0,0,1,0,3,2,4,0,2,1,4,0,1,3,0,4,1,3,3,3,0,2,4,1,3,1,1,0,4,1,3,2,3,2,4,3,0,3,1,4,1,2,3,4,4,1,0,3,4,2,4,0,1,0,4,0,3,0,0,0,0,4,1,0,0,2,0,1,0,1,4,0,4,4,2,4,1,0,2,0,4,0,0,0,2,4,3,0,1,4,3,2,1,2,3,2,1,3,1,3,3,1,2,3,1,4,2,1,1,1,1,1,0,1,4,3,1,3,3,2,4,1,2,3,4,3,0,0,1,0,2,3,4,1,4,2,1,1,1,2,0,2,3,3,1,4,1,4,3,1,1,3,2,0,4,3,2,0,4,2,1,3,3,1,1,1,0,0,4,2,3,0,4,0,3,0,2,1,1,0,0,1,0,0,2,2,1,1,1,0,1,1,1,4,4,0,2,3,3,1,1,2,4,3,2,0,1,2,4,1,4,4,1,3,1,2,1,1,2,4,0,4,0,0,0,1,1,4,1,1,1,1,3,0,0,4,4,2,4,0,2,1,1,2,2,0,4,2,0,0,0,1,1,1,1,3,1,1,4,1,1,1,1,1,1,0,2,1,0,1,3,4,0,1,3,3,3,1,0,4,4,1,3,1,1,3,2,2,1,1,3,1,4,3,4,1,2,1,0,1,3,2,1,2,1,1,3,1,1,1,3,1,1,0,3,2,0,3,4,4,1,2,1,0,4,1,1,1,3,2,4,3,4,0,3,4,0,1,4,0,1,1,4,3,2,2,4,1,2,0,0,4,1,3,0,1,1,1,1,4,3,0,3,0,1,1,1,2,1,1,3,3,1,3,2,2,3,2,4,3,0,4,4,3,1,1,4,2,1,1,1,0,3,2,1,0,2,0,1,0,1,3,0,3,0,2,3,1,1,3,1,3,1,1,4,0,2,2,0,0,4,4,1,3,4,3,0,1,1,4,0,1,0,1,1,0,4,3,3,1,1,0,1,0,1,2,3,1,0,1,1,4,1,0,1,0,4,1,1,1,1,2,0,2,0,0,1,0,4,1,0,1,1,2,4,1,2,1,2,4,0,0,1,1,1,1,0,1,0,3,0,3,1,1,2,2,0,3,3,2,1,3,3,1,3,2,3,3,0,4,3,0,0,4,4,4,1,2,0,1,2,0,4,0,2,0,1,2,2,1,0,0,4,0,4,2,4,2,3,2,2,2,3,0,1,0,3,1,4,1,3,0,0,4,3,3,4,1,3,1,4,1,3,1,0,4,0,0,0,3,3,1,1,1,1,1,1,2,0,2,4,4,0,3,2,3,1,1,1,1,1,0,4,2,0,1,2,1,0,3,4,0,4,2,1,2,2,1,1,2,4,4,1,2,0,3,3,1,1,2,0,4,3,3,1,1,2,2,0,3,3,4,4,3,2,3,3,3,1,3,2,4,2,0,0,1,4,3,0,4,0,4,3,0,3,4,0,1,0,2,3,3,0,2,2,3,0,0,1,4,1,0,1,3,3,0,2,4,4,3,4,0,4,0,0,1,1,0,3,1,4,1,4,1,1,4,1,2,4,4,2,0,1,4,1,1,1,2,3,0,1,1,1,1,4,0,2,1,4,3,3,4,4,4,1,2,4,0,1,2,3,1,0,1,2,2,0,2,4,3,1,1,0,4,3,0,1,1,2,0,1,4,3,1,1,0,4,2,1,0,3,2,4,2,1,3,0,2,3,1,0,1,4,0,0,1,0,4,1,0,1,1,2,4,1,0,3,3,1,1,4,2,0,3,1,2,1,1,3,4,1,2,0,1,1,1,4,3,2,1,1,4,4,1,0,1,4,1,0,1,1,2,1,0,3,4,1,0,1,1,1,4,0,4,2,2,2,4,4,1,4,3,4,3,1,0,1,2,4,0,1,0,3,1,4,2,0,1,3,4,3,4,1,0,3,4,0,0,1,0,0,1,4,1,3,1,4,1,2,4,4,3,1,2,3,1,3,4,0,0,2,4,4,2,1,0,2,4,4,3,0,1,0,3,2,2,0,1,0,0,0,1,4,1,1,1,1,4,1,0,1,2,0,0,1,4,3,0,0,3,0,1,2,3,0,0,3,1,0,2,1,4,3,2,3,0,1,1,4,2,4,4,3,1,0,0,2,0,1,3,1,2,2,1,4,3,0,2,0,0,0,3,4,1,3,1,4,2,3,3,0,0,0,2,0,1,2,2,0,1,1,2,1,1,1,1,2,3,1,1,2,0,2,1,1,1,1,1,1,0]",ok,
52,uniform,7,0.3,0.296562446503273,-0.1309232903366627,7,"fused_4_veryhigh, fused_5_low, fused_2_medium, fused_3_medium, fused_3_low, fused_1_medium, fused_1_high","[549, 235, 331, 115, 569]",0.2,0.5,0.2,3.0,"{""fused_1"":0.5833894322435004,""fused_2"":0.34818755612813335,""fused_3"":0.45210379698813313,""fused_4"":0.37843612434369545,""fused_5"":0.3659720318996589}","{""fused_4_veryhigh"":0.7494931002905931,""fused_5_low"":0.8209878175098957,""fused_2_medium"":0.6779578320232016,""fused_3_medium"":0.5826675157637321,""fused_3_low"":0.6932354733611255,""fused_1_medium"":0.7970733539989947,""fused_1_high"":0.8654986009263406}","{""fused_1"":0.16850510727020515,""fused_2"":0.21811509597288126,""fused_3"":0.19141381110007313,""fused_4"":0.20921655875606812,""fused_5"":0.21274942690077214}","{""fused_4_veryhigh"":0.14122077174777506,""fused_5_low"":0.13493171605013005,""fused_2_medium"":0.14848447883271862,""fused_3_medium"":0.16016661487913741,""fused_3_low"":0.1468392004942445,""fused_1_medium"":0.13694092421390736,""fused_1_high"":0.131416293782087}","{""fused_1"":0.8425255363510258,""fused_2"":1.0905754798644063,""fused_3"":0.9570690555003657,""fused_4"":1.0460827937803405,""fused_5"":1.0637471345038607}","{""fused_4_veryhigh"":0.9885454022344254,""fused_5_low"":0.9445220123509104,""fused_2_medium"":1.0393913518290303,""fused_3_medium"":1.121166304153962,""fused_3_low"":1.0278744034597116,""fused_1_medium"":0.9585864694973515,""fused_1_high"":0.919914056474609}",0.1702494889958463,0.0505836575875486,"[2,2,4,2,0,0,4,1,4,0,1,2,1,4,4,2,2,4,4,2,4,4,4,4,2,4,2,0,0,0,4,0,4,0,4,0,4,0,4,4,4,0,2,2,4,4,4,4,0,1,0,3,0,0,0,4,4,4,0,0,4,2,2,0,0,4,0,0,4,4,4,0,4,0,2,4,2,2,0,4,0,4,0,4,4,4,4,4,0,2,4,2,0,0,2,0,1,4,0,4,0,1,2,0,4,1,4,4,0,2,2,1,2,2,4,4,0,0,4,4,2,0,0,2,4,4,4,1,4,0,4,4,4,0,4,4,2,4,4,4,0,4,1,4,2,4,2,0,4,0,0,2,4,2,4,4,2,2,0,4,4,1,0,2,4,2,0,0,4,4,0,4,4,0,2,4,2,1,1,0,4,4,4,4,1,0,0,2,4,0,4,2,4,0,0,0,4,2,0,0,4,2,0,0,1,4,0,3,0,2,0,2,4,4,4,0,0,2,4,4,4,4,4,4,4,0,4,0,0,4,2,0,0,0,0,2,4,0,0,0,0,0,2,0,0,4,4,4,0,1,1,0,0,4,2,0,0,0,2,2,0,0,4,4,0,0,4,2,0,0,2,4,4,0,3,4,4,4,4,0,0,4,0,4,0,1,4,0,4,3,4,0,2,4,4,4,4,0,2,2,0,2,4,2,0,2,0,0,0,0,4,2,0,4,4,0,0,4,4,4,2,4,1,4,0,4,0,2,0,4,4,1,0,4,0,2,0,4,0,2,2,4,2,4,0,4,0,0,0,0,4,4,0,2,0,4,0,0,0,0,0,4,4,4,0,0,2,4,0,4,4,0,2,2,0,2,4,0,0,4,2,2,4,4,0,4,0,0,0,0,2,0,1,4,0,4,0,0,0,4,2,4,2,4,0,0,4,1,2,0,0,0,4,2,2,1,4,4,0,0,0,4,2,4,0,4,4,0,4,4,0,0,1,1,2,0,4,0,2,0,2,0,1,4,3,0,0,4,0,0,3,2,1,0,2,1,0,0,4,0,0,4,0,2,2,2,2,4,0,0,4,4,0,2,0,1,0,4,0,4,4,0,4,4,0,4,1,1,4,4,0,0,2,2,2,0,0,1,0,3,4,4,2,0,4,2,2,0,0,0,0,0,4,4,4,4,0,4,4,0,2,4,4,0,0,0,0,0,4,0,0,4,0,4,0,2,0,0,0,0,2,0,1,2,4,1,0,2,4,2,4,1,2,4,0,2,1,2,0,4,2,0,2,0,0,0,4,0,4,0,0,4,3,4,0,1,4,0,2,2,2,1,4,1,2,4,2,2,0,2,0,4,0,0,4,4,4,2,0,0,4,4,4,2,0,0,4,4,0,4,2,2,4,1,0,0,4,3,0,0,0,2,0,4,2,4,2,0,0,3,4,0,4,2,4,0,2,4,4,1,4,0,4,0,0,4,2,4,4,2,0,4,0,2,0,2,0,4,4,0,1,0,2,4,0,0,4,4,4,2,3,4,2,2,4,1,1,1,0,1,2,2,1,4,4,4,4,0,4,4,4,4,4,4,2,4,1,4,4,4,0,0,4,3,4,2,4,0,4,1,4,0,0,4,2,4,3,4,2,4,4,4,4,2,4,3,4,4,0,1,4,0,4,1,1,0,4,4,2,3,2,4,0,4,2,4,3,2,1,1,1,0,1,3,0,4,3,4,0,4,4,1,2,3,4,2,0,2,4,0,0,0,4,2,2,4,4,4,4,1,0,2,2,2,4,4,2,0,1,0,0,3,4,0,0,4,4,2,2,4,0,1,2,0,4,2,2,2,0,0,0,4,1,2,2,3,0,4,1,2,4,2,4,4,0,4,2,1,4,1,0,0,4,4,3,0,2,4,0,4,0,1,0,4,4,1,4,0,4,4,4,3,4,0,0,4,1,0,1,4,0,4,4,4,4,1,0,0,0,4,4,0,0,0,4,2,0,1,4,2,0,3,0,2,0,3,0,1,2,0,1,0,2,1,4,0,3,2,2,3,1,0,3,4,2,1,2,2,0,4,1,0,2,4,2,0,0,1,0,0,2,4,1,4,4,3,2,1,0,0,4,2,2,1,4,4,4,0,1,2,2,0,4,4,2,4,0,4,0,2,0,0,1,1,1,4,0,4,0,0,0,4,0,2,0,4,1,1,4,0,1,4,0,0,0,3,1,1,0,1,1,3,4,4,4,0,2,2,1,1,0,4,2,0,4,2,0,4,1,4,4,3,2,1,0,1,1,4,4,4,4,0,4,0,1,3,4,1,3,1,2,2,4,4,4,4,0,4,0,0,3,3,0,0,0,4,0,0,0,0,3,2,3,3,0,2,1,4,2,1,3,3,1,1,0,0,3,0,3,2,4,0,3,2,2,2,1,0,4,4,1,0,1,3,2,4,0,3,1,2,1,4,2,4,2,0,1,0,3,2,0,1,0,1,3,2,1,3,4,2,3,3,4,2,4,0,2,4,4,2,0,1,0,4,1,2,1,2,0,4,2,4,0,0,4,4,1,4,4,3,1,4,2,0,4,4,3,0,4,0,4,1,0,4,3,1,1,1,4,2,0,2,0,3,3,1,0,3,1,2,0,3,2,0,0,2,0,4,2,0,4,4,2,3,3,4,0,1,1,2,0,0,0,1,0,4,4,1,4,2,0,0,2,0,4,2,3,1,2,1,0,3,3,4,0,4,4,0,0,4,4,3,2,4,2,4,1,4,4,0,2,4,1,1,4,4,2,2,1,3,0,2,0,3,0,2,1,0,1,1,4,1,0,1,4,4,1,3,1,3,4,0,0,0,0,3,0,4,3,4,3,3,0,4,2,0,3,0,4,4,0,1,1,1,3,0,3,0,2,0,2,1,1,4,0,0,2,2,0,3,2,2,1,2,0,2,2,0,4,2,4,0,4,4,4,3,0,0,2,0,0,4,0,0,4,1,0,4,1,4,4,4,4,4,0,4,4,2,4,0,0,2,0,1,0,2,1,4,1,2,0,0,4,2,2,4,2,2,2,4,1,2,1,4,4,4,4,0,2,2,1,2,1,2,3,2,0,4,0,4,4,0,2,4,2,1,3,1,1,1,4,4,0,0,1,4,1,0,2,4,0,4,4,1,0,0,1,1,0,4,4,1,0,0,2,2,2,1,4,0,4,2,2,3,1,0,0,0,2,2,4,4,0,0,0,2,0,2,2,0,4,4,0,0,3,4,2,4,4,4,4,2,4,2,4,0,2,0,0,0,2,0,0,0,2,0,0,1,4,3,0,1,2,2,0,0,4,4,2,4,0,4,0,0,1,3,0,2,1,4,1,4,3,1,4,1,0,4,4,4,4,1,4,3,1,3,0,2,0,1,3,1,1,4,0,4,1,4,2,2,4,4,4,3,0,4,4,2,0,2,2,4,2,0,0,4,4,4,2,3,3,0,4,2,4,1,3,0,4,1,4,2,1,3,4,4,0,3,0,2,0,4,4,1,2,0,4,2,1,4,3,4,4,0,1,0,4,3,4,1,1,0,4,2,0,2,2,1,1,4,0,0,2,3,0,1,1,2,4,1,4,0,3,1,2,4,2,4,1,3,4,4,1,0,1,4,1,0,3,1,0,1,0,2,4,1,0,1,1,1,4,4,4,4,0,0,4,4,1,4,2,4,2,1,0,1,0,4,4,3,0,2,1,4,0,4,2,2,4,2,4,1,0,2,4,0,0,3,0,0,1,4,3,2,2,4,1,4,4,4,2,3,0,2,3,0,4,4,0,0,4,4,4,1,4,0,4,4,2,4,3,0,2,0,0,4,1,0,0,0,1,4,2,3,1,1,4,3,4,1,0,0,0,1,4,2,0,4,2,0,3,0,2,0,0,2,3,0,0,3,4,2,4,2,0,3,1,4,4,4,4,2,1,0,4,4,0,1,2,1,0,0,2,4,2,0,0,4,0,0,2,4,1,2,1,4,0,2,2,4,0,0,0,0,1,0,0,0,1,1,0,3,1,1,1,0,2,1,3,0,0,4,3,1,1,1,3,2,0]",ok,
53,uniform,7,0.25,0.3008322416266252,-0.1266534952133105,7,"fused_3_medium, fused_3_low, fused_1_medium, fused_1_high, fused_2_medium+fused_4_veryhigh, fused_4_megahigh, fused_4_veryhigh+fused_5_low","[298, 271, 167, 568, 495]",0.5,0.6,0.7,4.0,"{""fused_1"":0.6317475890299858,""fused_2"":0.5611351940013161,""fused_3"":0.7169510382541892,""fused_4"":0.2885531306928883,""fused_5"":0.5855628758403153}","{""fused_3_medium"":0.443477144669846,""fused_3_low"":0.4972066541626827,""fused_1_medium"":0.6010569952877836,""fused_1_high"":0.6474680541997904,""fused_2_medium+fused_4_veryhigh"":0.2852514406242661,""fused_4_megahigh"":0.270221524035293,""fused_4_veryhigh+fused_5_low"":0.3201079749428015}","{""fused_1"":0.18785957829334377,""fused_2"":0.19543036272493255,""fused_3"":0.1801017950884883,""fused_4"":0.2439341534914263,""fused_5"":0.19267411040180923}","{""fused_3_medium"":0.13887914390904277,""fused_3_low"":0.13368472926630443,""fused_1_medium"":0.12549378733929112,""fused_1_high"":0.12242064494567313,""fused_2_medium+fused_4_veryhigh"":0.16088596612209807,""fused_4_megahigh"":0.1638151756862806,""fused_4_veryhigh+fused_5_low"":0.15482055273130982}","{""fused_1"":0.9392978914667188,""fused_2"":0.9771518136246627,""fused_3"":0.9005089754424416,""fused_4"":1.2196707674571314,""fused_5"":0.9633705520090462}","{""fused_3_medium"":0.9721540073632994,""fused_3_low"":0.935793104864131,""fused_1_medium"":0.8784565113750378,""fused_1_high"":0.8569445146197119,""fused_2_medium+fused_4_veryhigh"":1.1262017628546865,""fused_4_megahigh"":1.146706229803964,""fused_4_veryhigh+fused_5_low"":1.0837438691191688}",0.1489170464852221,0.0411339633129516,"[4,4,4,0,3,3,4,1,4,3,1,1,1,4,4,4,4,3,4,4,4,0,0,0,4,4,1,3,3,3,4,3,4,3,4,3,3,3,4,4,4,3,4,3,4,4,4,0,3,1,3,2,3,3,3,4,4,4,4,3,4,4,0,4,3,4,3,3,4,4,4,4,4,3,0,4,4,1,3,4,3,4,3,0,4,0,0,4,3,0,4,1,3,4,3,3,1,4,3,4,3,1,1,3,4,1,0,4,3,4,3,1,4,4,4,4,3,3,0,4,4,3,3,3,4,4,4,2,4,0,0,4,4,3,4,0,4,4,4,0,3,0,2,0,4,4,4,3,4,3,3,0,4,4,4,4,1,4,3,0,4,2,3,3,0,0,3,3,0,4,3,3,0,3,3,0,0,1,1,3,4,4,4,0,1,3,4,1,4,3,0,4,4,4,3,3,4,0,3,3,4,1,4,3,1,0,3,2,3,4,3,4,0,0,4,3,3,3,4,4,3,4,4,4,0,3,0,3,3,4,0,3,3,3,3,3,3,3,3,3,3,3,0,3,0,4,0,0,3,1,1,4,3,4,0,4,3,3,4,0,3,3,0,4,3,4,4,0,4,3,3,0,0,3,2,0,0,4,0,3,3,4,3,0,3,4,0,3,4,2,0,4,4,4,3,4,0,3,4,0,3,0,3,4,3,3,3,4,3,3,1,0,3,0,4,3,3,0,0,4,4,4,1,4,3,4,3,0,3,4,0,2,3,0,3,1,3,0,3,1,3,3,4,4,3,3,4,3,3,3,4,3,3,0,3,4,3,3,4,1,0,4,4,0,3,3,3,0,3,4,4,3,4,3,3,1,4,3,3,4,4,3,4,4,3,4,3,3,3,3,4,4,1,0,4,4,3,3,3,0,4,4,1,0,3,3,4,2,4,3,3,3,0,4,0,1,4,0,3,0,3,1,4,0,3,0,0,3,0,4,3,3,1,1,4,3,0,3,4,4,4,3,1,4,2,3,3,0,3,3,2,4,2,3,1,1,3,3,0,3,3,4,4,1,4,0,1,4,4,3,4,4,3,0,3,2,3,0,3,4,4,4,4,4,3,4,1,1,4,0,3,4,4,0,4,3,3,1,3,2,4,3,4,3,0,4,3,3,3,3,4,3,4,4,3,4,3,0,4,3,0,4,4,3,3,0,3,3,0,3,3,0,3,0,3,4,3,4,3,0,4,3,1,0,4,1,3,1,4,4,4,1,3,4,4,0,1,4,3,4,0,3,4,3,3,3,4,0,4,3,3,0,2,4,4,1,0,3,1,0,4,1,4,2,1,4,4,4,3,4,3,4,3,3,4,0,0,0,4,3,0,4,4,4,3,3,4,4,3,0,4,4,4,1,3,3,4,2,3,3,4,4,3,3,0,4,4,3,3,2,3,3,4,3,4,3,1,0,0,1,4,4,0,3,3,0,4,4,4,4,3,4,3,1,4,3,3,0,0,3,1,3,0,4,3,3,3,4,4,0,2,4,4,0,3,1,1,1,4,1,4,0,1,4,0,0,0,3,4,4,0,0,4,4,0,4,1,0,4,0,3,3,0,2,4,4,0,0,3,1,4,3,3,4,4,4,2,0,1,1,4,4,0,4,4,2,0,4,3,1,4,3,4,1,1,3,4,4,4,2,0,0,3,4,4,0,2,3,2,2,1,3,1,2,3,4,2,0,3,1,4,2,4,2,4,1,3,1,1,3,3,3,0,0,1,3,0,4,4,2,3,0,1,4,4,0,3,3,1,3,4,2,4,3,3,4,3,4,4,0,3,1,0,3,0,4,1,0,0,4,1,4,1,3,4,2,3,4,1,4,4,0,4,0,0,4,0,1,0,2,3,0,0,4,2,3,0,4,3,4,3,1,4,4,3,1,3,3,3,4,0,2,3,3,3,4,1,3,1,0,3,4,4,0,4,2,3,3,3,0,4,4,3,3,4,3,4,1,0,3,4,2,3,1,3,2,3,1,4,3,1,4,0,1,4,3,2,4,4,2,1,3,2,0,3,1,3,3,4,4,1,3,3,0,4,3,3,1,3,4,4,0,1,4,4,2,4,1,3,4,3,3,0,1,4,1,0,1,1,4,3,3,4,0,3,4,3,0,3,4,3,3,1,1,1,4,3,0,3,1,4,4,3,1,3,4,1,1,4,1,1,3,4,3,3,2,2,2,4,2,1,2,0,4,3,3,3,3,1,2,3,4,1,3,4,1,3,4,1,4,1,2,3,1,3,1,1,3,4,4,4,3,4,3,1,2,4,1,2,2,4,1,4,4,0,0,3,0,3,3,2,2,3,3,4,0,3,3,3,3,2,1,2,2,1,1,1,4,4,1,2,2,1,1,3,4,2,3,2,1,0,3,2,1,1,1,1,3,4,4,4,0,1,2,3,3,3,2,2,3,1,0,3,4,1,3,1,3,2,4,3,1,3,2,2,4,1,2,2,1,2,2,4,0,3,3,1,4,0,4,3,2,3,0,1,4,1,3,3,4,0,0,3,3,0,4,1,0,4,2,1,0,4,3,0,4,2,3,4,3,0,1,3,4,2,1,1,1,4,4,4,3,3,2,2,2,3,2,1,3,1,2,4,3,3,1,3,0,0,3,0,0,1,2,2,0,3,2,1,4,3,3,3,1,3,0,3,2,3,0,0,3,0,4,0,0,2,1,3,1,0,2,2,0,3,4,4,3,3,4,4,2,0,1,1,4,2,2,0,3,4,4,1,2,3,4,1,0,1,2,3,4,3,2,3,3,2,3,1,1,0,2,3,2,4,1,1,2,2,2,0,3,4,3,3,2,3,0,2,4,2,2,3,0,4,1,2,3,0,4,3,1,1,1,2,3,2,3,0,3,0,1,1,0,3,4,4,0,3,2,0,0,2,0,3,0,0,3,0,1,4,4,4,0,4,2,3,3,4,3,3,4,3,3,4,1,3,0,1,4,3,0,4,0,3,0,3,4,4,3,3,1,3,1,3,1,1,0,2,1,3,3,4,0,3,0,4,0,4,4,1,3,1,3,0,4,4,3,4,3,2,4,1,4,2,4,3,4,3,0,0,3,3,0,4,1,2,2,1,1,4,4,3,4,2,0,1,3,0,0,3,4,4,2,3,3,2,2,3,4,0,1,3,4,0,1,4,1,3,3,0,4,0,2,1,3,1,3,1,3,0,4,1,3,0,1,3,4,1,3,0,0,3,3,2,0,0,3,4,3,0,1,4,0,4,1,4,3,3,3,3,3,4,3,1,3,3,1,0,2,3,1,0,1,4,3,0,4,1,4,3,0,3,3,1,2,3,3,1,4,1,0,2,1,4,1,3,0,4,0,4,1,4,2,1,2,3,4,3,1,2,2,1,0,3,4,1,0,3,0,0,0,0,2,4,4,4,1,3,3,4,4,4,3,3,4,0,4,3,2,2,3,4,1,3,2,2,3,3,1,4,0,2,2,4,0,3,2,3,0,3,4,1,1,3,3,0,4,1,3,2,4,4,3,2,3,4,2,3,2,1,3,0,4,3,1,3,1,1,0,3,3,3,2,3,1,1,3,4,4,4,3,2,1,4,0,1,0,2,2,0,0,1,3,1,4,1,4,2,1,3,1,4,0,0,1,3,1,1,1,0,4,0,3,3,3,0,0,1,0,1,4,3,1,3,1,3,0,4,2,3,1,2,4,3,4,4,3,4,1,0,1,3,3,4,3,3,2,3,3,1,0,2,3,4,0,1,4,0,4,0,2,3,3,2,3,4,4,3,3,4,4,0,1,4,3,4,0,3,4,2,3,3,3,3,3,1,3,3,3,1,0,4,2,1,1,0,2,4,2,3,3,4,1,4,0,4,4,0,3,2,3,3,3,4,1,2,3,3,2,0,3,0,0,3,2,1,0,4,4,0,0,1,3,4,0,4,2,1,1,4,3,4,0,0,3,3,4,4,3,1,4,1,3,1,4,3,3,0,4,3,3,3,3,1,1,3,3,2,1,3,2,1,1,1,3,0,1,2,3,3,4,2,1,1,2,2,1,3]",ok,
54,uniform,7,0.2,0.3349175761863626,-0.0925681606535731,9,"fused_3_medium, fused_3_low, fused_1_medium, fused_1_high, fused_2_medium+fused_4_veryhigh, fused_4_megahigh, fused_4_veryhigh+fused_5_low, fused_2_medium+fused_5_low, fused_3_verylow","[297, 403, 277, 458, 364]",0.1,0.8,0.3,4.0,"{""fused_1"":0.6948159148037032,""fused_2"":0.5521813221747671,""fused_3"":0.3139837851189079,""fused_4"":0.5855184367667349,""fused_5"":0.6857054961762212}","{""fused_3_medium"":0.6742350351896457,""fused_3_low"":0.6014730726670228,""fused_1_medium"":0.8623065019646985,""fused_1_high"":0.8469868318477838,""fused_2_medium+fused_4_veryhigh"":0.68457995920471,""fused_4_megahigh"":0.6096272621984421,""fused_4_veryhigh+fused_5_low"":0.6574145497107523,""fused_2_medium+fused_5_low"":0.6538373053643344,""fused_3_verylow"":0.6301244029732073}","{""fused_1"":0.18362617941927892,""fused_2"":0.19824273466471537,""fused_3"":0.23928865605125169,""fused_4"":0.19440659445142233,""fused_5"":0.1844358354133316}","{""fused_3_medium"":0.11163842957366296,""fused_3_low"":0.1159699386807677,""fused_1_medium"":0.10284825724241956,""fused_1_high"":0.10346463685873454,""fused_2_medium+fused_4_veryhigh"":0.11107323739038895,""fused_4_megahigh"":0.11545055646520916,""fused_4_veryhigh+fused_5_low"":0.1125825427905479,""fused_2_medium+fused_5_low"":0.11278748827686019,""fused_3_verylow"":0.11418491272140907}","{""fused_1"":0.9181308970963946,""fused_2"":0.9912136733235768,""fused_3"":1.1964432802562583,""fused_4"":0.9720329722571117,""fused_5"":0.9221791770666581}","{""fused_3_medium"":1.0047458661629667,""fused_3_low"":1.0437294481269093,""fused_1_medium"":0.925634315181776,""fused_1_high"":0.9311817317286109,""fused_2_medium+fused_4_veryhigh"":0.9996591365135006,""fused_4_megahigh"":1.0390550081868823,""fused_4_veryhigh+fused_5_low"":1.013242885114931,""fused_2_medium+fused_5_low"":1.0150873944917418,""fused_3_verylow"":1.0276642144926815}",0.1668476963403318,0.0183435241801,"[1,1,1,4,0,2,1,2,1,0,3,3,3,1,1,3,2,0,1,1,1,4,4,4,1,1,2,0,3,0,1,0,1,0,1,0,0,0,1,1,1,3,2,2,1,1,1,4,2,2,3,4,0,0,0,1,1,1,2,0,1,1,4,3,3,1,2,0,1,1,1,3,1,3,4,1,1,2,2,1,2,1,0,4,1,4,4,1,0,4,1,2,3,1,2,0,2,1,0,1,0,2,2,0,1,3,4,1,0,1,2,3,2,1,1,1,0,3,4,1,3,0,0,2,1,1,1,3,1,3,4,1,1,0,1,4,1,1,1,4,2,4,3,4,1,1,3,0,1,2,0,3,1,1,1,1,2,1,2,4,1,3,0,2,4,4,0,0,4,1,3,0,4,3,2,4,3,3,3,3,1,1,1,4,4,0,2,2,1,0,4,1,1,3,0,0,1,4,0,3,1,2,1,3,3,4,0,4,0,1,0,1,4,4,1,0,0,2,1,1,0,1,1,1,4,0,4,3,3,1,4,0,0,0,2,2,0,0,0,0,0,3,4,0,3,1,4,4,3,3,2,1,0,1,4,3,3,0,3,3,3,3,4,1,0,1,1,3,3,0,2,4,4,2,4,4,4,1,4,4,3,1,3,4,0,3,4,0,1,3,4,3,1,1,0,1,4,0,1,4,0,3,0,1,0,2,3,2,3,0,4,4,0,4,1,0,2,4,4,1,3,1,3,1,0,1,0,4,0,1,4,3,3,4,2,2,3,4,2,2,2,4,1,1,3,0,3,3,3,0,1,0,3,3,0,1,0,3,1,4,3,1,1,4,0,0,2,4,4,1,1,0,1,2,0,2,1,3,3,1,1,2,1,1,0,1,0,3,0,3,1,1,2,4,3,1,3,0,2,4,1,1,2,4,0,2,1,3,1,0,0,0,4,1,4,2,1,4,0,3,0,4,2,4,0,4,4,0,4,1,0,0,3,3,1,0,4,0,3,3,3,0,2,1,4,3,0,4,0,3,4,3,3,2,2,3,0,3,4,3,0,1,3,2,1,3,2,1,3,3,1,1,0,4,0,3,0,4,3,1,1,3,1,1,2,1,2,2,1,4,0,3,1,3,1,3,0,2,3,4,1,0,1,0,4,1,2,0,0,0,1,0,1,1,0,1,0,4,1,3,4,1,1,0,0,3,3,0,4,3,0,4,0,4,0,1,0,3,0,3,1,3,3,3,1,2,3,2,1,1,1,3,2,1,2,4,2,3,3,1,3,0,2,0,2,3,1,3,1,0,0,4,4,1,3,2,4,3,2,3,3,3,1,3,3,1,3,3,0,2,0,1,0,3,1,4,4,3,3,2,4,1,1,1,0,3,1,1,0,4,1,3,1,2,3,3,1,4,0,2,3,3,0,0,4,1,3,0,0,4,0,0,1,2,1,0,3,4,4,2,1,3,4,0,0,4,1,1,1,3,3,1,0,2,2,2,0,4,4,4,4,0,4,1,0,2,0,1,1,4,3,1,2,4,0,3,3,2,3,3,1,3,2,1,4,4,4,0,1,1,4,4,1,1,3,1,3,4,1,4,0,0,4,3,1,1,4,3,0,2,1,3,0,1,3,1,4,4,2,4,1,1,4,3,1,4,4,1,0,3,1,3,1,2,2,0,1,1,1,4,4,4,0,1,3,4,3,2,3,3,3,3,2,4,0,1,3,4,3,4,1,3,2,4,1,2,4,2,4,3,0,3,4,4,2,0,4,1,1,3,3,4,4,1,1,4,2,0,3,0,3,3,1,3,2,1,0,1,1,4,0,3,4,0,4,1,2,3,3,3,4,1,2,2,3,3,0,1,2,1,1,4,1,4,3,1,3,3,4,3,2,3,4,1,4,0,3,1,3,1,0,2,1,1,0,3,0,0,0,1,4,4,0,0,3,1,2,0,2,4,0,1,1,4,1,3,0,3,0,4,1,3,0,2,1,2,3,3,4,2,1,3,3,2,4,4,3,2,1,3,3,2,3,3,1,3,3,2,1,4,3,0,4,4,2,2,2,2,3,1,3,3,2,4,1,0,0,3,0,2,1,4,3,1,1,3,1,3,3,3,4,2,3,3,1,4,4,3,3,1,2,2,1,4,2,1,0,4,2,1,3,3,3,2,2,1,0,4,3,3,3,1,0,2,0,1,3,2,1,2,2,0,1,3,2,4,3,3,3,3,2,3,4,1,0,3,2,2,3,3,3,1,3,2,1,2,2,1,2,1,4,4,2,2,2,2,3,4,1,1,1,0,1,0,2,3,1,3,3,3,1,2,1,1,4,4,3,4,0,3,4,4,3,3,1,4,3,0,0,0,4,4,4,4,3,2,3,1,2,3,4,4,2,2,0,3,3,0,3,2,4,0,4,2,2,2,3,0,1,1,3,3,2,4,2,4,3,4,3,2,2,4,2,1,2,2,2,0,4,3,3,2,4,3,4,1,3,4,4,2,4,4,1,4,4,0,2,1,4,2,3,3,0,4,3,1,2,2,2,1,2,4,0,3,4,1,3,4,1,4,3,4,1,3,4,1,4,3,1,0,4,3,3,1,4,3,3,3,1,1,3,2,0,4,4,3,3,4,3,2,3,4,3,3,2,2,2,4,4,0,4,4,4,4,3,4,3,3,3,1,0,3,2,3,0,4,0,3,0,4,3,0,3,1,4,4,4,2,2,2,3,4,4,4,0,1,1,0,0,1,1,3,3,4,2,1,3,4,4,0,1,1,2,3,0,1,2,3,3,4,0,1,0,4,4,2,3,0,2,3,4,3,0,3,1,4,3,4,3,3,4,0,3,0,0,4,0,4,4,1,4,4,2,4,1,3,4,3,4,1,0,3,2,3,3,0,4,0,2,0,3,2,2,4,2,3,2,4,4,4,4,3,3,3,2,3,2,0,4,2,1,1,1,4,1,4,3,0,1,2,0,1,0,3,1,2,2,4,3,1,0,4,1,4,2,4,4,1,1,3,2,2,0,2,0,3,3,4,3,2,0,0,1,4,2,4,1,3,1,1,3,2,3,0,4,1,1,0,1,2,3,1,2,1,4,3,3,1,3,4,4,0,2,4,1,3,3,3,2,2,1,1,3,3,3,4,3,0,4,4,0,1,1,3,3,2,3,3,3,1,4,3,3,3,4,2,1,2,4,0,4,2,4,4,2,3,3,0,2,2,4,1,3,2,3,2,3,3,3,3,4,4,0,0,3,4,4,0,1,0,4,3,1,4,1,3,1,0,3,3,2,0,3,3,2,0,0,3,4,4,0,3,3,2,3,2,4,1,2,1,0,4,0,0,2,4,0,2,3,1,2,4,4,3,1,2,2,4,1,4,1,3,1,4,3,4,3,2,0,3,3,3,3,4,0,1,3,4,4,4,4,4,4,4,3,1,1,2,3,2,3,1,1,3,3,1,4,1,2,3,3,0,1,2,0,3,4,3,0,3,1,2,3,4,1,4,3,4,0,3,3,1,4,3,2,0,4,3,3,0,3,1,1,0,3,0,1,4,0,3,3,3,4,1,0,2,2,3,2,4,2,0,2,4,2,3,3,2,1,3,1,0,4,3,1,4,2,4,3,4,4,4,2,0,2,1,3,3,4,3,3,3,1,2,4,3,0,3,3,3,4,1,4,4,3,3,4,4,3,4,2,1,2,2,0,2,3,4,1,4,0,2,3,1,3,1,1,2,1,2,4,3,0,2,1,0,0,4,0,0,3,4,4,2,3,4,3,1,4,1,4,4,3,2,4,3,1,1,0,3,1,1,4,3,1,3,1,4,2,1,3,0,2,3,3,0,2,0,0,0,3,4,1,3,3,3,4,3,1,3,3,0,1,2,1,3,3,1,3,0,3,2,2,0,3,2,4,0,2,3,4,2,4,4,0,4,3,4,1,1,4,4,3,0,1,4,1,3,2,3,3,3,1,4,3,0,2,1,3,0,2,1,3,2,3,1,2,2,2,1,0,0,2,0,2,3,3,0,3,2,3,4,2,3,2,3,3,3,4,3,0,1,3,3,2,3,4,2,0]",ok,
55,uniform,7,0.15,0.362886821255793,-0.0645989155841427,10,"fused_3_verylow, fused_3_low+fused_4_veryhigh, fused_2_low, fused_2_medium+fused_3_low, fused_3_medium+fused_4_megahigh, fused_1_veryhigh, fused_2_medium+fused_4_veryhigh+fused_5_low, fused_1_high+fused_4_veryhigh, fused_5_medium, fused_1_medium+fused_3_medium","[310, 315, 345, 335, 494]",0.4,0.7,0.9,3.0,"{""fused_1"":0.7297296767019863,""fused_2"":0.24928258126925898,""fused_3"":0.3338460176495513,""fused_4"":0.6932699590352586,""fused_5"":0.6752715246464297}","{""fused_3_verylow"":0.22778205798489082,""fused_3_low+fused_4_veryhigh"":0.2522867232929959,""fused_2_low"":0.3947954425843241,""fused_2_medium+fused_3_low"":0.18747384143680412,""fused_3_medium+fused_4_megahigh"":0.1888184976309466,""fused_1_veryhigh"":0.28254324072006975,""fused_2_medium+fused_4_veryhigh+fused_5_low"":0.3652136715892295,""fused_1_high+fused_4_veryhigh"":0.49085994762718405,""fused_5_medium"":0.5285159446441141,""fused_1_medium+fused_3_medium"":0.4565793416614668}","{""fused_1"":0.159874779639459,""fused_2"":0.2735363179542089,""fused_3"":0.23636755515361357,""fused_4"":0.1640248964786462,""fused_5"":0.16619645077407233}","{""fused_3_verylow"":0.115713472332709,""fused_3_low+fused_4_veryhigh"":0.10995031659785486,""fused_2_low"":0.08789367367922322,""fused_2_medium+fused_3_low"":0.1275479089613229,""fused_3_medium+fused_4_megahigh"":0.12709293626144866,""fused_1_veryhigh"":0.10389657265108697,""fused_2_medium+fused_4_veryhigh+fused_5_low"":0.09138400108378508,""fused_1_high+fused_4_veryhigh"":0.07882516417605014,""fused_5_medium"":0.0759651912129666,""fused_1_medium+fused_3_medium"":0.08173076304355252}","{""fused_1"":0.7993738981972951,""fused_2"":1.3676815897710446,""fused_3"":1.1818377757680678,""fused_4"":0.820124482393231,""fused_5"":0.8309822538703616}","{""fused_3_verylow"":1.1571347233270899,""fused_3_low+fused_4_veryhigh"":1.0995031659785486,""fused_2_low"":0.8789367367922323,""fused_2_medium+fused_3_low"":1.275479089613229,""fused_3_medium+fused_4_megahigh"":1.2709293626144866,""fused_1_veryhigh"":1.0389657265108696,""fused_2_medium+fused_4_veryhigh+fused_5_low"":0.9138400108378508,""fused_1_high+fused_4_veryhigh"":0.7882516417605013,""fused_5_medium"":0.7596519121296661,""fused_1_medium+fused_3_medium"":0.8173076304355252}",0.2131034939071575,0.0461367426347971,"[4,4,0,4,1,3,0,2,0,1,2,3,2,0,0,4,3,4,0,4,0,4,4,4,4,0,3,3,1,1,0,3,0,1,0,1,4,1,0,0,0,1,3,3,0,0,0,4,3,2,1,2,3,1,1,0,0,0,3,1,0,4,4,1,1,0,3,1,0,0,0,1,0,1,4,0,4,3,3,0,3,0,1,4,0,4,4,0,1,4,0,3,4,4,3,1,2,0,1,0,1,2,3,3,0,2,4,0,3,4,3,2,3,3,0,0,1,4,4,0,4,3,1,3,0,0,0,2,0,4,4,0,0,1,0,4,4,0,0,4,3,4,2,4,4,0,4,1,0,3,1,4,0,4,0,0,3,4,3,4,0,2,1,3,4,4,3,3,4,0,1,4,4,1,3,4,4,2,2,1,0,0,0,4,2,3,3,3,0,1,4,4,0,1,1,1,0,4,3,4,0,3,4,1,2,4,1,2,3,4,1,4,4,4,0,1,3,3,0,0,4,0,0,0,4,1,4,1,1,0,4,3,1,1,3,3,4,1,1,1,3,1,4,1,4,0,4,4,1,2,2,4,3,0,4,1,1,1,4,4,1,1,4,0,1,4,0,4,1,3,3,4,4,3,2,4,4,0,4,4,1,0,1,4,1,4,4,1,0,2,4,1,4,0,4,0,4,1,4,4,1,4,4,4,1,3,1,3,1,3,2,4,1,4,0,1,3,4,4,0,4,0,2,0,1,0,1,4,3,0,4,2,4,4,3,3,1,4,3,3,3,4,4,0,1,4,1,1,1,3,0,4,1,4,3,0,3,1,4,4,4,0,0,4,1,3,3,4,3,0,0,1,4,3,1,3,0,3,1,0,4,3,0,0,3,0,1,1,3,1,4,4,2,4,1,0,1,3,3,4,4,0,3,4,3,3,0,2,4,1,1,1,4,3,4,2,0,4,3,4,1,2,3,4,1,4,4,1,4,0,3,1,2,2,4,1,4,1,4,1,4,3,2,0,2,3,1,4,1,1,2,4,2,3,3,2,3,1,4,1,1,0,1,3,4,4,3,0,1,4,0,0,1,4,3,2,1,4,1,0,0,1,0,0,3,0,2,2,0,4,1,1,4,4,4,3,1,2,1,2,0,4,4,3,4,4,3,3,1,3,4,3,0,0,4,0,1,4,0,1,4,0,0,3,3,4,4,3,4,1,1,4,1,4,1,4,1,1,3,4,4,3,2,4,0,2,1,3,0,4,0,2,3,0,3,4,2,4,3,0,4,1,3,1,3,1,0,4,0,3,1,4,2,0,1,2,4,1,3,4,4,2,0,2,4,0,4,4,3,3,1,0,1,1,0,4,4,4,1,3,4,0,0,4,1,4,0,0,3,4,4,4,0,2,4,1,0,2,1,3,1,4,1,4,4,0,4,3,3,2,4,3,0,3,0,1,3,4,4,2,0,1,4,3,3,4,4,0,0,4,1,0,3,3,3,3,1,4,4,4,2,1,4,0,3,3,4,0,0,4,2,0,3,4,4,2,2,2,1,2,4,4,2,0,4,4,4,1,0,0,4,4,0,0,4,0,2,4,0,4,1,3,4,2,0,4,4,4,4,2,0,3,3,0,3,0,2,4,3,4,0,0,4,4,0,2,4,0,1,2,0,1,0,2,2,1,0,0,4,2,4,4,3,0,4,4,2,3,2,2,2,1,3,2,1,0,2,4,3,2,0,2,3,2,0,3,4,3,2,1,3,1,4,4,3,4,4,0,0,2,1,4,4,4,0,4,3,3,2,1,1,2,0,3,3,0,4,4,4,4,3,2,4,1,4,4,3,4,4,1,4,0,2,3,4,2,3,0,2,4,0,4,0,4,4,0,4,2,4,2,3,4,4,0,2,3,4,0,1,0,1,2,4,0,4,4,4,1,4,0,4,2,4,3,1,0,2,3,2,4,1,0,0,4,0,2,1,1,1,4,0,1,3,3,0,3,1,2,4,3,4,2,1,3,4,2,4,3,4,3,2,3,4,2,0,1,2,3,4,2,2,3,2,4,3,2,3,3,1,0,2,1,3,4,4,1,3,2,1,3,4,4,2,0,0,2,4,2,1,1,4,3,4,2,0,2,4,1,2,4,3,3,0,4,3,0,3,4,3,4,3,3,2,3,3,0,1,4,1,3,1,0,1,3,1,0,2,2,0,3,2,4,4,1,3,2,2,2,1,2,2,2,4,0,4,1,3,3,2,2,1,0,4,3,0,3,3,0,2,0,4,2,3,2,3,3,2,4,0,0,0,3,0,1,2,2,0,2,2,2,4,3,0,0,4,4,1,4,3,1,2,2,1,1,4,4,1,1,4,3,2,4,2,2,1,3,2,0,3,2,2,2,2,2,3,1,2,1,2,3,4,3,2,3,3,3,2,3,0,0,4,4,3,2,3,4,1,2,2,3,2,4,3,0,3,3,2,1,2,4,1,2,4,2,2,4,2,2,2,3,2,2,0,4,4,4,3,0,4,3,1,2,3,4,2,4,2,3,3,0,4,4,1,3,4,0,2,4,0,2,2,4,4,1,4,0,2,1,0,1,4,3,3,0,2,3,2,2,0,3,1,3,1,2,2,2,1,2,2,3,3,2,4,1,3,3,3,4,4,1,4,4,4,2,2,4,1,2,2,4,1,3,3,2,3,4,4,2,4,4,4,1,4,4,4,4,2,2,3,2,4,2,2,4,1,0,0,1,1,0,0,2,4,4,3,0,2,2,4,1,4,0,2,2,4,0,3,4,2,2,3,4,3,2,4,3,2,4,2,2,4,2,3,2,0,2,2,2,2,2,4,3,1,3,3,2,3,4,2,0,2,2,3,4,4,1,2,1,4,0,3,2,2,2,2,1,2,3,3,1,4,2,2,4,3,1,3,4,4,2,4,4,2,4,3,4,3,1,4,3,0,4,0,4,0,2,1,1,4,3,3,0,3,1,0,2,3,4,2,0,4,4,0,4,3,4,4,4,0,1,3,3,3,2,1,3,2,4,2,3,3,1,0,4,3,4,4,4,4,0,2,3,2,4,4,0,0,1,4,3,2,4,2,4,2,4,1,0,1,4,4,1,3,4,4,2,2,2,2,2,0,0,1,1,2,4,2,3,4,4,1,0,0,2,1,3,2,2,1,0,4,2,1,1,4,3,3,2,4,1,4,3,4,2,2,1,1,1,3,3,4,0,1,3,4,3,4,4,4,1,4,4,1,1,2,4,4,4,0,4,4,4,0,4,0,1,4,4,1,4,3,3,1,1,3,1,3,2,4,2,1,2,4,3,1,3,4,0,3,0,1,4,1,1,2,2,3,3,2,0,2,4,2,2,0,2,3,4,0,4,0,2,0,2,2,2,1,3,3,2,2,2,2,4,1,0,2,4,3,4,4,4,4,2,1,0,0,3,1,3,4,0,4,1,1,0,4,0,3,2,2,1,0,3,4,2,2,1,4,2,0,4,2,2,0,4,1,2,1,4,1,0,4,2,3,1,4,4,2,4,2,0,0,1,2,1,0,2,4,2,2,1,4,4,1,3,3,2,2,4,3,1,3,2,3,2,2,3,0,4,0,1,2,2,4,4,3,4,2,2,4,4,2,3,2,0,2,1,2,2,1,2,4,4,4,2,3,2,2,2,4,0,4,4,1,1,4,4,2,4,3,0,3,2,1,3,1,4,0,2,3,3,2,0,1,0,4,3,0,3,4,2,3,3,0,3,1,2,1,1,2,4,2,3,4,4,2,0,4,0,4,2,1,3,2,3,0,0,1,1,0,0,4,2,0,1,0,4,3,0,2,3,3,1,1,4,2,1,1,1,2,4,4,2,2,2,4,2,0,2,1,1,4,2,0,4,1,0,4,3,2,3,3,1,1,3,2,3,3,2,4,3,4,4,1,2,2,4,0,0,4,4,2,1,0,4,4,2,3,2,1,1,4,4,4,1,3,0,1,3,3,0,2,3,2,0,3,3,4,0,3,3,3,1,2,1,1,1,2,2,1,2,2,2,2,1,4,2,2,1,1,0,2,2,2,2,2,3,1]",ok,
56,uniform,7,0.1,0.2555074776280927,-0.171978259211843,30,"fused_3_medium+fused_4_megahigh, fused_2_medium+fused_4_veryhigh+fused_5_low, fused_1_high+fused_4_veryhigh, fused_5_medium, fused_1_medium+fused_3_medium, fused_3_verylow+fused_4_veryhigh, fused_2_medium+fused_3_low+fused_4_veryhigh, fused_3_medium+fused_5_low, fused_4_megahigh+fused_5_low, fused_3_medium+fused_4_veryhigh, fused_1_medium+fused_4_veryhigh, fused_1_low, fused_2_low+fused_3_medium, fused_1_high+fused_2_medium, fused_1_high+fused_3_low, fused_1_medium+fused_5_low, fused_4_veryhigh+fused_5_verylow, fused_1_high+fused_3_medium, fused_1_medium+fused_3_low, fused_3_low+fused_4_veryhigh+fused_5_low, fused_1_medium+fused_2_medium, fused_5_high, fused_1_medium+fused_4_megahigh, fused_2_low+fused_4_megahigh, fused_1_veryhigh+fused_4_veryhigh+fused_5_low, fused_2_medium+fused_3_medium, fused_2_medium+fused_3_low+fused_5_low, fused_2_high, fused_2_medium+fused_4_megahigh, fused_2_veryhigh","[281, 289, 511, 337, 381]",0.4,0.7,0.9,3.0,"{""fused_1"":0.6252588155981794,""fused_2"":0.25890976590658615,""fused_3"":0.31966971749589507,""fused_4"":0.5527507397264516,""fused_5"":0.6051173255619391}","{""fused_3_medium+fused_4_megahigh"":0.30841328385521405,""fused_2_medium+fused_4_veryhigh+fused_5_low"":0.35734194205898767,""fused_1_high+fused_4_veryhigh"":0.49026916205645815,""fused_5_medium"":0.5451762610955694,""fused_1_medium+fused_3_medium"":0.4859552565511782,""fused_3_verylow+fused_4_veryhigh"":0.1766383156903649,""fused_2_medium+fused_3_low+fused_4_veryhigh"":0.18879290622975103,""fused_3_medium+fused_5_low"":0.26335426923506233,""fused_4_megahigh+fused_5_low"":0.2138989178624992,""fused_3_medium+fused_4_veryhigh"":0.2330142030620496,""fused_1_medium+fused_4_veryhigh"":0.4431616977923686,""fused_1_low"":0.476687938435073,""fused_2_low+fused_3_medium"":0.48469027104032925,""fused_1_high+fused_2_medium"":0.3153441774032381,""fused_1_high+fused_3_low"":0.29397310102138385,""fused_1_medium+fused_5_low"":0.31351068740597343,""fused_4_veryhigh+fused_5_verylow"":0.4466736599796442,""fused_1_high+fused_3_medium"":0.40902995716353324,""fused_1_medium+fused_3_low"":0.442830048522997,""fused_3_low+fused_4_veryhigh+fused_5_low"":0.23401860529747748,""fused_1_medium+fused_2_medium"":0.38954725280372104,""fused_5_high"":0.4259669895386738,""fused_1_medium+fused_4_megahigh"":0.3117150798412989,""fused_2_low+fused_4_megahigh"":0.3469190465108719,""fused_1_veryhigh+fused_4_veryhigh+fused_5_low"":0.30499416070753155,""fused_2_medium+fused_3_medium"":0.27979877042017504,""fused_2_medium+fused_3_low+fused_5_low"":0.19505955804908398,""fused_2_high"":0.18884516491279144,""fused_2_medium+fused_4_megahigh"":0.24512811060768472,""fused_2_veryhigh"":0.1905452861882272}","{""fused_1"":0.16576477188565647,""fused_2"":0.2576012322140173,""fused_3"":0.23183094393062645,""fused_4"":0.17630210021442236,""fused_5"":0.1685009517552774}","{""fused_3_medium+fused_4_megahigh"":0.03323359134951763,""fused_2_medium+fused_4_veryhigh+fused_5_low"":0.030874633888938897,""fused_1_high+fused_4_veryhigh"":0.026358854003323693,""fused_5_medium"":0.024996277918958306,""fused_1_medium+fused_3_medium"":0.026475591463231262,""fused_3_verylow+fused_4_veryhigh"":0.04391383398002656,""fused_2_medium+fused_3_low+fused_4_veryhigh"":0.04247672033878935,""fused_3_medium+fused_5_low"":0.035964467265535045,""fused_4_megahigh+fused_5_low"":0.039906121399423324,""fused_3_medium+fused_4_veryhigh"":0.038234253588714885,""fused_1_medium+fused_4_veryhigh"":0.027724434999259067,""fused_1_low"":0.026731709415911038,""fused_2_low+fused_3_medium"":0.026510118065059648,""fused_1_high+fused_2_medium"":0.03286634463100416,""fused_1_high+fused_3_low"":0.03404003643773077,""fused_1_medium+fused_5_low"":0.032962309886938976,""fused_4_veryhigh+fused_5_verylow"":0.027615228525887436,""fused_1_high+fused_3_medium"":0.028858001707031088,""fused_1_medium+fused_3_low"":0.027734814904281434,""fused_3_low+fused_4_veryhigh+fused_5_low"":0.0381521151106282,""fused_1_medium+fused_2_medium"":0.02957084536019384,""fused_5_high"":0.028278465601873044,""fused_1_medium+fused_4_megahigh"":0.033057111815838904,""fused_2_low+fused_4_megahigh"":0.03133500303307165,""fused_1_veryhigh+fused_4_veryhigh+fused_5_low"":0.033419354010633874,""fused_2_medium+fused_3_medium"":0.03489160218892132,""fused_2_medium+fused_3_low+fused_5_low"":0.04178882838303449,""fused_2_high"":0.04247084269014656,""fused_2_medium+fused_4_megahigh"":0.03727754080079635,""fused_2_veryhigh"":0.04228094723529944}","{""fused_1"":0.8288238594282824,""fused_2"":1.2880061610700866,""fused_3"":1.1591547196531322,""fused_4"":0.8815105010721118,""fused_5"":0.842504758776387}","{""fused_3_medium+fused_4_megahigh"":0.9970077404855289,""fused_2_medium+fused_4_veryhigh+fused_5_low"":0.9262390166681669,""fused_1_high+fused_4_veryhigh"":0.7907656200997107,""fused_5_medium"":0.7498883375687492,""fused_1_medium+fused_3_medium"":0.7942677438969379,""fused_3_verylow+fused_4_veryhigh"":1.3174150194007967,""fused_2_medium+fused_3_low+fused_4_veryhigh"":1.2743016101636806,""fused_3_medium+fused_5_low"":1.0789340179660514,""fused_4_megahigh+fused_5_low"":1.1971836419826998,""fused_3_medium+fused_4_veryhigh"":1.1470276076614465,""fused_1_medium+fused_4_veryhigh"":0.831733049977772,""fused_1_low"":0.8019512824773312,""fused_2_low+fused_3_medium"":0.7953035419517894,""fused_1_high+fused_2_medium"":0.9859903389301248,""fused_1_high+fused_3_low"":1.021201093131923,""fused_1_medium+fused_5_low"":0.9888692966081692,""fused_4_veryhigh+fused_5_verylow"":0.8284568557766231,""fused_1_high+fused_3_medium"":0.8657400512109327,""fused_1_medium+fused_3_low"":0.832044447128443,""fused_3_low+fused_4_veryhigh+fused_5_low"":1.144563453318846,""fused_1_medium+fused_2_medium"":0.8871253608058152,""fused_5_high"":0.8483539680561913,""fused_1_medium+fused_4_megahigh"":0.9917133544751671,""fused_2_low+fused_4_megahigh"":0.9400500909921495,""fused_1_veryhigh+fused_4_veryhigh+fused_5_low"":1.0025806203190162,""fused_2_medium+fused_3_medium"":1.0467480656676396,""fused_2_medium+fused_3_low+fused_5_low"":1.2536648514910347,""fused_2_high"":1.2741252807043968,""fused_2_medium+fused_4_megahigh"":1.1183262240238905,""fused_2_veryhigh"":1.2684284170589832}",0.1626653178479289,0.0555864369093941,"[2,2,2,2,1,4,0,3,2,1,3,4,3,0,0,2,4,2,2,2,0,2,2,2,0,2,4,4,1,1,2,4,2,1,2,1,2,1,0,0,0,1,4,4,0,2,2,2,4,3,1,3,4,1,1,2,0,0,4,1,0,2,2,0,1,0,4,1,2,2,0,0,2,4,2,2,0,4,4,2,4,0,1,2,0,2,2,2,1,2,0,4,2,0,4,1,3,0,1,0,1,3,4,4,0,3,2,0,4,2,4,4,4,4,0,0,1,2,2,0,0,4,1,4,0,2,0,3,0,2,2,2,0,1,0,2,0,0,0,2,4,2,3,2,2,2,2,1,0,4,1,2,0,2,2,2,4,2,4,2,2,3,1,4,2,2,4,4,2,0,1,0,2,1,4,2,2,4,3,1,0,2,0,2,3,4,4,4,0,1,2,2,2,1,1,1,2,2,4,2,0,4,0,1,3,2,1,3,4,2,1,2,2,2,0,1,4,4,0,2,0,0,2,2,2,1,2,1,1,2,2,4,1,1,4,4,0,1,1,1,4,1,2,1,2,0,2,2,4,3,3,0,4,2,2,0,1,1,2,2,1,1,2,2,1,0,0,2,1,4,4,2,2,4,3,2,2,0,2,4,1,0,1,2,1,2,2,1,0,3,2,1,0,0,0,2,2,1,2,2,1,2,0,2,1,4,1,4,1,4,3,2,1,2,0,1,4,2,2,0,0,2,3,0,1,2,1,2,4,0,2,3,2,2,4,4,1,2,4,4,4,2,0,0,1,0,0,1,1,4,0,2,1,2,4,0,4,1,0,4,2,0,2,2,1,4,4,2,4,0,0,1,2,4,1,4,0,4,1,2,2,4,2,0,4,2,1,1,4,1,2,0,3,2,1,2,1,4,4,2,0,0,4,2,4,4,0,3,2,1,1,1,2,4,2,3,0,2,4,2,1,3,4,2,1,2,2,1,2,2,4,1,3,3,2,1,2,1,2,1,2,4,3,0,3,4,1,2,1,1,3,2,3,4,4,3,4,1,2,1,1,0,2,4,2,2,4,0,0,2,0,0,1,2,4,3,1,2,1,2,2,2,0,2,4,0,3,3,2,2,1,4,2,2,2,4,1,3,1,3,0,0,0,4,2,0,4,4,1,4,0,4,0,0,0,2,1,2,0,1,2,0,0,4,4,2,1,4,2,1,1,2,1,2,1,2,1,0,4,2,2,4,3,2,0,3,1,4,2,2,0,3,4,2,4,2,3,2,4,2,2,1,4,1,4,1,2,2,0,4,1,2,3,2,1,3,2,1,4,2,2,3,0,3,4,0,2,2,4,4,1,2,1,1,0,2,2,2,1,4,2,0,2,2,1,1,0,0,4,2,2,0,0,3,2,1,2,3,1,4,1,0,1,0,2,2,2,4,4,3,2,4,2,4,0,1,4,2,2,3,0,1,2,4,4,2,2,2,0,2,1,2,4,4,4,4,1,2,2,2,3,1,2,0,4,4,2,0,2,2,3,0,4,2,0,3,4,3,1,3,2,2,3,0,2,2,2,1,0,0,2,2,0,0,2,2,3,2,0,2,1,4,2,3,2,2,2,2,2,3,2,4,4,0,4,2,3,2,4,2,0,2,2,2,0,3,2,0,1,3,0,1,0,3,3,1,0,0,0,3,2,2,4,0,2,2,3,4,3,3,4,1,3,3,1,0,3,2,4,3,0,3,4,3,2,4,4,4,4,1,4,1,2,2,4,2,2,0,0,3,1,2,2,0,0,2,4,4,3,1,1,3,0,4,4,2,2,2,2,2,4,3,2,1,2,2,4,2,1,1,4,2,3,4,2,3,4,0,3,0,0,2,0,2,2,0,2,3,2,3,4,2,2,0,3,4,2,2,1,2,1,3,0,0,0,4,0,1,0,0,2,3,0,4,4,0,3,4,3,2,1,2,0,2,2,3,1,1,1,2,0,1,4,4,0,4,1,3,2,4,4,3,1,4,4,3,2,4,0,4,3,4,2,3,2,4,3,4,2,3,3,4,3,2,4,3,4,4,2,2,4,1,4,2,0,1,4,3,1,4,0,2,3,2,0,3,2,4,1,0,2,4,2,3,2,3,2,4,3,2,4,4,0,2,4,0,4,2,4,2,4,4,3,4,4,0,1,2,1,4,0,0,1,4,1,0,3,3,0,4,3,2,0,1,4,3,3,3,1,3,3,3,2,0,0,1,4,4,3,3,1,2,4,4,0,4,4,0,3,0,4,3,4,3,4,3,3,2,0,0,0,4,0,1,3,3,2,3,3,3,2,4,0,0,2,2,4,2,4,4,3,3,1,1,0,2,1,1,4,4,3,4,3,3,4,4,3,0,4,3,3,3,3,3,4,2,3,1,3,4,2,4,3,4,4,4,3,4,0,2,2,2,3,3,4,2,1,3,3,4,3,2,4,2,4,4,3,1,3,0,1,3,4,3,3,0,3,3,3,4,3,3,0,2,2,2,4,0,2,2,1,3,4,2,3,2,3,4,4,2,2,2,1,4,2,0,3,2,0,3,3,2,0,1,2,0,3,1,0,1,2,4,4,0,3,4,4,3,2,4,1,4,1,3,3,3,1,3,3,4,4,3,0,1,4,4,4,2,2,1,2,2,4,3,3,2,1,3,3,2,1,4,4,3,4,2,2,3,2,2,2,1,2,0,2,2,3,3,4,3,2,3,3,2,1,0,0,1,1,2,0,3,2,4,4,0,3,3,2,1,2,0,3,3,2,0,4,2,3,3,4,2,4,3,2,4,3,4,3,3,2,3,4,3,0,4,3,3,3,3,2,4,1,4,4,3,4,2,3,0,3,3,4,2,2,4,3,1,2,0,4,3,3,3,3,1,3,4,4,1,2,3,3,2,4,0,4,2,4,3,2,2,3,2,4,2,4,1,2,4,0,0,2,2,2,3,1,1,2,4,4,0,4,1,0,3,4,2,3,0,0,2,0,2,4,2,2,0,0,1,4,4,4,3,1,4,3,2,3,4,4,1,0,2,4,2,2,2,2,2,3,4,3,2,2,0,0,1,0,4,3,2,3,2,3,2,1,0,1,2,2,1,4,2,0,3,3,3,3,3,0,2,1,1,3,2,3,4,2,2,1,0,0,3,1,4,3,3,1,0,2,3,1,1,2,4,4,3,2,1,2,4,2,3,3,1,4,1,4,4,2,2,4,4,2,4,2,2,4,1,2,2,1,1,3,2,2,0,0,0,2,4,0,2,2,4,2,4,1,1,4,4,2,1,4,1,4,3,2,3,1,3,2,4,1,4,2,2,4,2,1,2,1,1,3,3,4,4,3,0,3,2,3,3,2,3,4,2,0,2,0,3,2,3,3,3,1,4,4,3,3,3,3,2,1,0,3,2,4,2,2,2,2,3,1,0,0,4,1,4,2,0,2,1,1,0,2,2,4,3,3,1,2,4,0,3,3,1,2,3,0,4,3,3,0,4,1,3,1,2,1,0,4,3,4,1,2,0,3,0,3,2,0,1,3,1,2,3,2,3,3,1,2,2,1,4,4,3,3,2,4,1,4,3,4,3,3,4,2,2,0,1,3,3,2,2,4,2,3,3,2,2,3,4,3,2,3,0,3,4,1,3,0,4,2,3,4,3,3,3,2,0,2,2,1,1,2,2,3,2,4,2,4,3,1,3,1,2,0,3,4,4,3,2,1,0,2,4,0,4,2,3,4,4,0,4,1,3,1,1,3,2,3,4,2,2,3,0,2,0,2,3,1,4,3,4,2,0,1,1,0,2,2,3,0,1,0,2,4,0,3,4,4,1,1,0,3,1,1,1,3,2,2,3,3,4,2,3,0,3,1,1,0,3,0,2,1,0,2,4,3,4,4,1,1,4,3,4,4,3,2,4,2,2,1,3,3,2,0,0,2,2,3,1,0,2,0,3,4,3,2,1,2,2,2,1,4,0,1,4,4,0,3,4,3,0,4,4,4,0,4,4,4,1,3,4,1,1,3,3,1,3,3,3,3,1,2,3,3,1,1,0,3,4,3,3,3,4,1]",ok,
57,quantile,3,1.0,0.4274857368399357,0.0,0,,[],,,,,,,,,,,,,,baseline_no_features,
58,quantile,3,0.95,0.4274857368399357,0.0,0,,[],,,,,,,,,,,,,,baseline_no_features,
59,quantile,3,0.9,0.4274857368399357,0.0,0,,[],,,,,,,,,,,,,,baseline_no_features,
60,quantile,3,0.85,0.4274857368399357,0.0,0,,[],,,,,,,,,,,,,,baseline_no_features,
61,quantile,3,0.8,0.4274857368399357,0.0,0,,[],,,,,,,,,,,,,,baseline_no_features,
62,quantile,3,0.75,0.4274857368399357,0.0,0,,[],,,,,,,,,,,,,,baseline_no_features,
63,quantile,3,0.7,0.4274857368399357,0.0,0,,[],,,,,,,,,,,,,,baseline_no_features,
64,quantile,3,0.65,0.4274857368399357,0.0,0,,[],,,,,,,,,,,,,,baseline_no_features,
65,quantile,3,0.6,0.4274857368399357,0.0,0,,[],,,,,,,,,,,,,,baseline_no_features,
66,quantile,3,0.55,0.4274857368399357,0.0,0,,[],,,,,,,,,,,,,,baseline_no_features,
67,quantile,3,0.5,0.4274857368399357,0.0,0,,[],,,,,,,,,,,,,,baseline_no_features,
68,quantile,3,0.45,0.4274857368399357,0.0,0,,[],,,,,,,,,,,,,,baseline_no_features,
69,quantile,3,0.4,0.4274857368399357,0.0,0,,[],,,,,,,,,,,,,,baseline_no_features,
70,quantile,3,0.35,0.4274857368399357,0.0,0,,[],,,,,,,,,,,,,,baseline_no_features,
71,quantile,3,0.3,0.3374676027800428,-0.0900181340598929,15,"fused_1_high, fused_1_medium, fused_2_high, fused_2_medium, fused_3_high, fused_3_medium, fused_4_high, fused_4_medium, fused_5_high, fused_5_medium, fused_1_low, fused_2_low, fused_3_low, fused_4_low, fused_5_low","[355, 376, 367, 384, 317]",0.2,0.8,0.7,5.0,"{""fused_1"":0.3669289738537045,""fused_2"":0.2587209598071245,""fused_3"":0.23725247035501904,""fused_4"":0.5854481845783336,""fused_5"":0.45347071320485716}","{""fused_1_high"":0.4574666617222456,""fused_1_medium"":0.5563338686863518,""fused_2_high"":0.4227923726755655,""fused_2_medium"":0.4308096541369034,""fused_3_high"":0.4841524416595695,""fused_3_medium"":0.5547097580384006,""fused_4_high"":0.5382890372944044,""fused_4_medium"":0.5417804038846092,""fused_5_high"":0.41841040134079277,""fused_5_medium"":0.513861619190155,""fused_1_low"":0.46936042066035755,""fused_2_low"":0.4321752963905325,""fused_3_low"":0.4207311376034033,""fused_4_low"":0.44365510386699736,""fused_5_low"":0.49270347144680654}","{""fused_1"":0.19822959650367902,""fused_2"":0.2163246925367156,""fused_3"":0.2210605838747209,""fused_4"":0.17637697207427844,""fused_5"":0.18800815501060605}","{""fused_1_high"":0.06730740746743927,""fused_1_medium"":0.06409421758219576,""fused_2_high"":0.06864690149635141,""fused_2_medium"":0.06832527188844911,""fused_3_high"":0.0663601247384208,""fused_3_medium"":0.06414108083032984,""fused_4_high"":0.06462474486347877,""fused_4_medium"":0.06452037786124336,""fused_5_high"":0.06882593298167014,""fused_5_medium"":0.06537943754449438,""fused_1_low"":0.06687689622876661,""fused_2_low"":0.06827123209800771,""fused_3_low"":0.06873082574815692,""fused_4_low"":0.06782524243661123,""fused_5_low"":0.06607030623438472}","{""fused_1"":0.9911479825183951,""fused_2"":1.0816234626835781,""fused_3"":1.1053029193736046,""fused_4"":0.8818848603713922,""fused_5"":0.9400407750530303}","{""fused_1_high"":1.009611112011589,""fused_1_medium"":0.9614132637329363,""fused_2_high"":1.0297035224452713,""fused_2_medium"":1.0248790783267367,""fused_3_high"":0.9954018710763121,""fused_3_medium"":0.9621162124549475,""fused_4_high"":0.9693711729521816,""fused_4_medium"":0.9678056679186504,""fused_5_high"":1.0323889947250522,""fused_5_medium"":0.9806915631674157,""fused_1_low"":1.003153443431499,""fused_2_low"":1.0240684814701158,""fused_3_low"":1.0309623862223538,""fused_4_low"":1.0173786365491684,""fused_5_low"":0.9910545935157707}",0.1839311206986393,0.0366870483602001,"[0,4,0,0,3,3,4,1,0,2,1,3,1,4,4,3,3,2,0,0,4,0,0,0,4,0,3,3,2,2,0,3,0,2,0,2,2,2,0,2,2,2,3,3,4,0,0,0,3,1,2,1,3,2,3,0,4,4,3,2,4,0,0,2,2,4,3,2,0,0,4,2,0,3,0,0,4,3,3,0,3,0,3,0,4,0,0,0,3,0,4,3,0,4,3,3,1,4,2,4,3,1,3,3,4,1,2,0,3,0,3,1,3,3,4,0,2,3,4,0,4,3,2,3,2,4,0,1,4,0,0,0,0,2,4,2,4,0,4,0,3,0,1,0,0,0,0,3,2,3,2,4,4,0,0,0,3,0,3,4,0,1,2,3,0,0,3,3,4,4,2,2,0,2,3,4,4,1,1,2,4,0,2,0,1,3,3,3,4,3,0,0,0,2,2,2,0,0,3,2,0,1,2,2,1,2,3,1,3,0,3,0,0,0,4,3,3,3,4,0,2,4,0,0,0,3,0,1,2,4,0,2,3,2,3,3,4,2,3,3,3,2,0,3,0,2,0,0,3,1,1,4,3,0,0,2,2,2,0,3,2,2,0,0,3,4,2,4,3,3,3,0,0,2,1,0,4,4,0,2,2,4,2,0,3,4,2,2,2,1,4,2,4,4,2,0,0,3,4,0,3,4,4,0,3,3,2,3,2,3,1,0,2,0,0,2,3,0,0,0,4,4,1,2,3,0,3,0,3,4,0,1,2,4,3,3,2,0,3,1,3,4,4,0,2,0,4,2,3,3,4,4,2,4,3,4,3,2,4,2,4,4,0,0,2,3,3,2,3,4,0,2,0,3,3,3,4,3,2,0,0,3,0,0,3,0,3,4,3,2,0,2,1,4,2,0,2,3,3,4,4,2,3,4,3,3,4,1,4,3,3,2,4,3,0,1,2,0,3,0,2,1,3,0,2,0,4,2,4,0,3,3,1,1,0,4,0,2,4,2,4,3,1,4,1,3,2,0,3,2,1,4,1,3,3,1,3,2,0,4,3,2,2,3,0,4,3,4,2,0,4,4,3,0,3,1,2,0,2,0,0,2,2,4,3,2,1,1,0,0,3,3,0,0,0,3,3,1,2,1,4,2,4,2,0,4,3,3,3,3,4,3,4,2,2,4,3,0,2,2,0,2,4,2,3,0,2,3,0,2,3,0,2,4,3,0,3,2,3,0,0,3,1,0,0,1,2,3,0,0,4,1,3,0,3,0,1,4,3,0,0,2,3,3,3,2,0,0,2,3,2,0,1,0,2,1,0,2,3,0,4,1,2,1,1,4,4,0,3,3,2,4,3,2,4,0,0,4,2,3,0,4,0,0,2,0,4,2,3,0,0,4,4,1,0,2,0,1,2,3,2,2,3,4,0,4,0,3,3,1,2,3,0,3,2,2,3,2,0,1,4,2,4,3,3,2,0,0,4,4,3,4,3,3,3,3,2,0,0,2,1,2,0,4,3,3,2,2,0,0,1,4,3,0,2,1,1,1,2,1,0,4,1,4,0,0,4,2,4,4,0,2,4,2,4,0,1,0,4,4,3,3,4,1,0,0,4,0,4,1,0,3,3,4,3,0,1,0,1,1,4,0,0,4,4,1,4,4,2,1,2,2,4,1,1,3,4,4,4,1,4,4,3,4,0,0,1,3,1,1,1,2,1,1,3,4,1,0,3,1,4,1,3,1,4,3,2,3,1,2,2,2,0,0,3,2,2,4,4,1,2,0,4,4,4,0,3,3,1,3,2,1,4,3,3,0,2,4,0,0,3,1,0,3,0,0,3,0,2,2,2,0,1,3,4,1,3,4,1,4,2,0,4,4,4,4,0,1,2,1,3,4,0,0,1,3,4,4,2,0,3,1,4,4,2,1,2,2,2,2,4,1,2,2,3,2,1,3,1,4,3,0,4,4,0,1,3,2,3,0,4,2,3,3,0,3,2,1,0,3,2,1,2,3,2,1,4,1,4,3,1,2,4,1,4,3,1,3,4,1,1,3,1,0,3,1,3,3,2,4,1,2,3,4,4,2,3,1,3,3,4,0,1,0,2,1,0,1,2,2,2,3,2,1,0,1,0,1,1,4,3,2,4,0,3,4,2,2,3,4,3,3,1,1,1,2,2,0,4,3,2,0,2,3,2,2,1,1,2,2,1,2,4,2,3,1,1,1,2,1,1,1,0,4,2,2,3,3,1,1,2,0,1,3,4,3,3,0,1,4,3,1,3,1,3,1,1,2,4,4,4,3,4,2,1,1,0,1,1,1,0,3,4,2,0,4,3,0,3,3,1,1,2,2,4,4,2,3,2,3,1,4,1,1,1,3,1,0,3,1,1,1,1,1,3,4,1,2,1,3,0,3,1,3,3,1,1,3,4,0,0,4,3,1,3,4,2,1,1,3,1,0,3,0,3,3,1,2,1,4,2,1,2,1,1,4,1,1,1,3,1,1,2,0,2,2,3,4,0,0,2,1,2,0,1,4,1,3,2,4,3,4,2,3,4,2,1,0,2,1,1,0,4,2,2,4,1,1,4,3,0,3,3,4,1,3,1,1,0,3,2,3,3,1,1,1,2,1,1,3,1,1,4,2,2,1,3,0,0,2,0,0,2,1,1,0,1,1,1,0,3,3,3,1,3,2,2,1,2,0,4,3,0,4,2,0,1,1,3,1,4,1,1,0,2,4,4,2,2,4,4,1,4,3,1,4,1,1,4,2,0,4,1,1,4,4,3,4,1,1,3,0,3,1,2,3,1,3,1,1,0,1,3,1,2,1,1,1,1,1,4,3,2,3,3,1,3,0,1,4,1,1,2,4,4,1,1,2,0,2,3,1,1,1,1,2,1,3,4,2,4,1,1,4,2,4,3,0,2,1,0,3,1,4,2,4,3,2,0,3,2,4,0,4,0,1,2,2,0,2,3,0,2,2,4,1,2,4,1,4,2,0,4,0,2,0,2,4,4,2,3,3,3,1,2,3,1,0,1,3,3,2,0,0,3,0,4,4,0,0,1,3,1,2,0,4,2,3,4,3,1,4,1,0,1,0,2,4,2,0,0,2,3,4,4,1,1,1,1,1,4,0,2,2,1,1,1,3,4,0,2,0,4,1,2,3,1,1,2,0,0,1,2,2,0,1,3,1,2,2,0,3,0,1,1,2,1,2,3,3,0,0,1,2,4,3,2,0,3,2,0,4,2,3,1,0,0,4,4,4,4,3,4,0,0,2,0,2,2,0,3,3,2,2,3,2,3,1,0,1,3,1,0,3,3,3,4,0,3,0,3,0,3,2,1,1,3,3,1,0,1,0,1,1,0,1,2,4,4,2,4,1,4,1,1,1,2,3,3,1,1,1,1,0,2,4,1,4,3,0,0,0,0,1,2,4,4,1,2,3,4,4,0,2,2,2,4,4,3,1,1,3,0,3,0,1,1,2,2,1,4,2,1,1,2,2,2,1,3,0,2,4,2,1,3,3,4,0,1,2,1,0,4,2,1,3,4,1,2,1,1,2,0,0,3,3,3,1,1,4,3,2,3,1,3,1,1,3,0,0,4,3,1,1,0,4,3,2,1,1,0,0,1,3,1,0,1,2,1,1,2,1,2,4,0,1,3,1,1,1,0,2,0,2,2,2,0,0,1,0,1,4,3,1,2,1,2,0,2,1,3,1,1,4,2,2,0,3,0,3,4,1,3,3,4,2,2,1,3,2,1,4,1,3,4,0,1,2,0,4,0,1,2,3,1,3,0,2,2,2,4,4,2,1,4,2,4,0,3,4,1,3,3,3,2,4,1,2,2,2,1,0,0,1,1,1,4,1,4,1,2,2,2,1,0,0,2,4,4,3,1,3,3,2,2,3,1,3,3,1,2,3,2,4,2,1,1,0,4,4,0,0,1,2,4,4,4,1,1,1,4,2,0,4,4,2,3,2,2,3,3,4,1,3,1,4,3,3,4,2,3,3,3,3,1,2,2,2,1,1,2,1,1,1,1,2,4,1,1,2,2,2,1,1,1,1,1,3,3]",ok,
72,quantile,3,0.25,0.3374676027800428,-0.0900181340598929,15,"fused_1_high, fused_1_medium, fused_2_high, fused_2_medium, fused_3_high, fused_3_medium, fused_4_high, fused_4_medium, fused_5_high, fused_5_medium, fused_1_low, fused_2_low, fused_3_low, fused_4_low, fused_5_low","[355, 376, 367, 384, 317]",0.2,0.8,0.7,5.0,"{""fused_1"":0.3669289738537045,""fused_2"":0.2587209598071245,""fused_3"":0.23725247035501904,""fused_4"":0.5854481845783336,""fused_5"":0.45347071320485716}","{""fused_1_high"":0.4574666617222456,""fused_1_medium"":0.5563338686863518,""fused_2_high"":0.4227923726755655,""fused_2_medium"":0.4308096541369034,""fused_3_high"":0.4841524416595695,""fused_3_medium"":0.5547097580384006,""fused_4_high"":0.5382890372944044,""fused_4_medium"":0.5417804038846092,""fused_5_high"":0.41841040134079277,""fused_5_medium"":0.513861619190155,""fused_1_low"":0.46936042066035755,""fused_2_low"":0.4321752963905325,""fused_3_low"":0.4207311376034033,""fused_4_low"":0.44365510386699736,""fused_5_low"":0.49270347144680654}","{""fused_1"":0.19822959650367902,""fused_2"":0.2163246925367156,""fused_3"":0.2210605838747209,""fused_4"":0.17637697207427844,""fused_5"":0.18800815501060605}","{""fused_1_high"":0.06730740746743927,""fused_1_medium"":0.06409421758219576,""fused_2_high"":0.06864690149635141,""fused_2_medium"":0.06832527188844911,""fused_3_high"":0.0663601247384208,""fused_3_medium"":0.06414108083032984,""fused_4_high"":0.06462474486347877,""fused_4_medium"":0.06452037786124336,""fused_5_high"":0.06882593298167014,""fused_5_medium"":0.06537943754449438,""fused_1_low"":0.06687689622876661,""fused_2_low"":0.06827123209800771,""fused_3_low"":0.06873082574815692,""fused_4_low"":0.06782524243661123,""fused_5_low"":0.06607030623438472}","{""fused_1"":0.9911479825183951,""fused_2"":1.0816234626835781,""fused_3"":1.1053029193736046,""fused_4"":0.8818848603713922,""fused_5"":0.9400407750530303}","{""fused_1_high"":1.009611112011589,""fused_1_medium"":0.9614132637329363,""fused_2_high"":1.0297035224452713,""fused_2_medium"":1.0248790783267367,""fused_3_high"":0.9954018710763121,""fused_3_medium"":0.9621162124549475,""fused_4_high"":0.9693711729521816,""fused_4_medium"":0.9678056679186504,""fused_5_high"":1.0323889947250522,""fused_5_medium"":0.9806915631674157,""fused_1_low"":1.003153443431499,""fused_2_low"":1.0240684814701158,""fused_3_low"":1.0309623862223538,""fused_4_low"":1.0173786365491684,""fused_5_low"":0.9910545935157707}",0.1839311206986393,0.0366870483602001,"[0,4,0,0,3,3,4,1,0,2,1,3,1,4,4,3,3,2,0,0,4,0,0,0,4,0,3,3,2,2,0,3,0,2,0,2,2,2,0,2,2,2,3,3,4,0,0,0,3,1,2,1,3,2,3,0,4,4,3,2,4,0,0,2,2,4,3,2,0,0,4,2,0,3,0,0,4,3,3,0,3,0,3,0,4,0,0,0,3,0,4,3,0,4,3,3,1,4,2,4,3,1,3,3,4,1,2,0,3,0,3,1,3,3,4,0,2,3,4,0,4,3,2,3,2,4,0,1,4,0,0,0,0,2,4,2,4,0,4,0,3,0,1,0,0,0,0,3,2,3,2,4,4,0,0,0,3,0,3,4,0,1,2,3,0,0,3,3,4,4,2,2,0,2,3,4,4,1,1,2,4,0,2,0,1,3,3,3,4,3,0,0,0,2,2,2,0,0,3,2,0,1,2,2,1,2,3,1,3,0,3,0,0,0,4,3,3,3,4,0,2,4,0,0,0,3,0,1,2,4,0,2,3,2,3,3,4,2,3,3,3,2,0,3,0,2,0,0,3,1,1,4,3,0,0,2,2,2,0,3,2,2,0,0,3,4,2,4,3,3,3,0,0,2,1,0,4,4,0,2,2,4,2,0,3,4,2,2,2,1,4,2,4,4,2,0,0,3,4,0,3,4,4,0,3,3,2,3,2,3,1,0,2,0,0,2,3,0,0,0,4,4,1,2,3,0,3,0,3,4,0,1,2,4,3,3,2,0,3,1,3,4,4,0,2,0,4,2,3,3,4,4,2,4,3,4,3,2,4,2,4,4,0,0,2,3,3,2,3,4,0,2,0,3,3,3,4,3,2,0,0,3,0,0,3,0,3,4,3,2,0,2,1,4,2,0,2,3,3,4,4,2,3,4,3,3,4,1,4,3,3,2,4,3,0,1,2,0,3,0,2,1,3,0,2,0,4,2,4,0,3,3,1,1,0,4,0,2,4,2,4,3,1,4,1,3,2,0,3,2,1,4,1,3,3,1,3,2,0,4,3,2,2,3,0,4,3,4,2,0,4,4,3,0,3,1,2,0,2,0,0,2,2,4,3,2,1,1,0,0,3,3,0,0,0,3,3,1,2,1,4,2,4,2,0,4,3,3,3,3,4,3,4,2,2,4,3,0,2,2,0,2,4,2,3,0,2,3,0,2,3,0,2,4,3,0,3,2,3,0,0,3,1,0,0,1,2,3,0,0,4,1,3,0,3,0,1,4,3,0,0,2,3,3,3,2,0,0,2,3,2,0,1,0,2,1,0,2,3,0,4,1,2,1,1,4,4,0,3,3,2,4,3,2,4,0,0,4,2,3,0,4,0,0,2,0,4,2,3,0,0,4,4,1,0,2,0,1,2,3,2,2,3,4,0,4,0,3,3,1,2,3,0,3,2,2,3,2,0,1,4,2,4,3,3,2,0,0,4,4,3,4,3,3,3,3,2,0,0,2,1,2,0,4,3,3,2,2,0,0,1,4,3,0,2,1,1,1,2,1,0,4,1,4,0,0,4,2,4,4,0,2,4,2,4,0,1,0,4,4,3,3,4,1,0,0,4,0,4,1,0,3,3,4,3,0,1,0,1,1,4,0,0,4,4,1,4,4,2,1,2,2,4,1,1,3,4,4,4,1,4,4,3,4,0,0,1,3,1,1,1,2,1,1,3,4,1,0,3,1,4,1,3,1,4,3,2,3,1,2,2,2,0,0,3,2,2,4,4,1,2,0,4,4,4,0,3,3,1,3,2,1,4,3,3,0,2,4,0,0,3,1,0,3,0,0,3,0,2,2,2,0,1,3,4,1,3,4,1,4,2,0,4,4,4,4,0,1,2,1,3,4,0,0,1,3,4,4,2,0,3,1,4,4,2,1,2,2,2,2,4,1,2,2,3,2,1,3,1,4,3,0,4,4,0,1,3,2,3,0,4,2,3,3,0,3,2,1,0,3,2,1,2,3,2,1,4,1,4,3,1,2,4,1,4,3,1,3,4,1,1,3,1,0,3,1,3,3,2,4,1,2,3,4,4,2,3,1,3,3,4,0,1,0,2,1,0,1,2,2,2,3,2,1,0,1,0,1,1,4,3,2,4,0,3,4,2,2,3,4,3,3,1,1,1,2,2,0,4,3,2,0,2,3,2,2,1,1,2,2,1,2,4,2,3,1,1,1,2,1,1,1,0,4,2,2,3,3,1,1,2,0,1,3,4,3,3,0,1,4,3,1,3,1,3,1,1,2,4,4,4,3,4,2,1,1,0,1,1,1,0,3,4,2,0,4,3,0,3,3,1,1,2,2,4,4,2,3,2,3,1,4,1,1,1,3,1,0,3,1,1,1,1,1,3,4,1,2,1,3,0,3,1,3,3,1,1,3,4,0,0,4,3,1,3,4,2,1,1,3,1,0,3,0,3,3,1,2,1,4,2,1,2,1,1,4,1,1,1,3,1,1,2,0,2,2,3,4,0,0,2,1,2,0,1,4,1,3,2,4,3,4,2,3,4,2,1,0,2,1,1,0,4,2,2,4,1,1,4,3,0,3,3,4,1,3,1,1,0,3,2,3,3,1,1,1,2,1,1,3,1,1,4,2,2,1,3,0,0,2,0,0,2,1,1,0,1,1,1,0,3,3,3,1,3,2,2,1,2,0,4,3,0,4,2,0,1,1,3,1,4,1,1,0,2,4,4,2,2,4,4,1,4,3,1,4,1,1,4,2,0,4,1,1,4,4,3,4,1,1,3,0,3,1,2,3,1,3,1,1,0,1,3,1,2,1,1,1,1,1,4,3,2,3,3,1,3,0,1,4,1,1,2,4,4,1,1,2,0,2,3,1,1,1,1,2,1,3,4,2,4,1,1,4,2,4,3,0,2,1,0,3,1,4,2,4,3,2,0,3,2,4,0,4,0,1,2,2,0,2,3,0,2,2,4,1,2,4,1,4,2,0,4,0,2,0,2,4,4,2,3,3,3,1,2,3,1,0,1,3,3,2,0,0,3,0,4,4,0,0,1,3,1,2,0,4,2,3,4,3,1,4,1,0,1,0,2,4,2,0,0,2,3,4,4,1,1,1,1,1,4,0,2,2,1,1,1,3,4,0,2,0,4,1,2,3,1,1,2,0,0,1,2,2,0,1,3,1,2,2,0,3,0,1,1,2,1,2,3,3,0,0,1,2,4,3,2,0,3,2,0,4,2,3,1,0,0,4,4,4,4,3,4,0,0,2,0,2,2,0,3,3,2,2,3,2,3,1,0,1,3,1,0,3,3,3,4,0,3,0,3,0,3,2,1,1,3,3,1,0,1,0,1,1,0,1,2,4,4,2,4,1,4,1,1,1,2,3,3,1,1,1,1,0,2,4,1,4,3,0,0,0,0,1,2,4,4,1,2,3,4,4,0,2,2,2,4,4,3,1,1,3,0,3,0,1,1,2,2,1,4,2,1,1,2,2,2,1,3,0,2,4,2,1,3,3,4,0,1,2,1,0,4,2,1,3,4,1,2,1,1,2,0,0,3,3,3,1,1,4,3,2,3,1,3,1,1,3,0,0,4,3,1,1,0,4,3,2,1,1,0,0,1,3,1,0,1,2,1,1,2,1,2,4,0,1,3,1,1,1,0,2,0,2,2,2,0,0,1,0,1,4,3,1,2,1,2,0,2,1,3,1,1,4,2,2,0,3,0,3,4,1,3,3,4,2,2,1,3,2,1,4,1,3,4,0,1,2,0,4,0,1,2,3,1,3,0,2,2,2,4,4,2,1,4,2,4,0,3,4,1,3,3,3,2,4,1,2,2,2,1,0,0,1,1,1,4,1,4,1,2,2,2,1,0,0,2,4,4,3,1,3,3,2,2,3,1,3,3,1,2,3,2,4,2,1,1,0,4,4,0,0,1,2,4,4,4,1,1,1,4,2,0,4,4,2,3,2,2,3,3,4,1,3,1,4,3,3,4,2,3,3,3,3,1,2,2,2,1,1,2,1,1,1,1,2,4,1,1,2,2,2,1,1,1,1,1,3,3]",ok,
73,quantile,3,0.2,0.3902097247321635,-0.0372760121077722,10,"fused_1_medium, fused_3_medium, fused_4_medium, fused_5_medium, fused_1_low, fused_2_low+fused_3_high, fused_3_high+fused_4_high, fused_2_high+fused_4_low+fused_5_high, fused_1_high+fused_3_low, fused_2_medium+fused_5_low","[419, 361, 302, 364, 353]",0.3,0.7,0.1,2.0,"{""fused_1"":0.5824612296303645,""fused_2"":0.1857115457679259,""fused_3"":0.35696897860902943,""fused_4"":0.5135570808274753,""fused_5"":0.3426538143840982}","{""fused_1_medium"":0.9029710331212195,""fused_3_medium"":0.823907062006613,""fused_4_medium"":0.8627988186074287,""fused_5_medium"":0.8428630444926319,""fused_1_low"":0.9048497273523994,""fused_2_low+fused_3_high"":0.686084187010794,""fused_3_high+fused_4_high"":0.794726119447451,""fused_2_high+fused_4_low+fused_5_high"":0.7034361793920997,""fused_1_high+fused_3_low"":0.7028927703036568,""fused_2_medium+fused_5_low"":0.7458222516240236}","{""fused_1"":0.11625087848657746,""fused_2"":0.3646064618594997,""fused_3"":0.18968491293766795,""fused_4"":0.13184830305484402,""fused_5"":0.19760944366141092}","{""fused_1_medium"":0.08738890851288632,""fused_3_medium"":0.09577494433781576,""fused_4_medium"":0.09145776663275704,""fused_5_medium"":0.09362096667877635,""fused_1_low"":0.08720746729305785,""fused_2_low+fused_3_high"":0.1150145339262501,""fused_3_high+fused_4_high"":0.09929163150958242,""fused_2_high+fused_4_low+fused_5_high"":0.11217741611102428,""fused_1_high+fused_3_low"":0.11226414090036367,""fused_2_medium+fused_5_low"":0.1058022240974862}","{""fused_1"":0.5812543924328873,""fused_2"":1.8230323092974985,""fused_3"":0.9484245646883398,""fused_4"":0.6592415152742201,""fused_5"":0.9880472183070546}","{""fused_1_medium"":0.8738890851288632,""fused_3_medium"":0.9577494433781576,""fused_4_medium"":0.9145776663275704,""fused_5_medium"":0.9362096667877635,""fused_1_low"":0.8720746729305785,""fused_2_low+fused_3_high"":1.150145339262501,""fused_3_high+fused_4_high"":0.9929163150958242,""fused_2_high+fused_4_low+fused_5_high"":1.1217741611102428,""fused_1_high+fused_3_low"":1.1226414090036367,""fused_2_medium+fused_5_low"":1.058022240974862}",0.1762303045560685,0.0116731517509727,"[0,3,0,0,4,4,3,1,0,3,1,4,1,0,0,4,4,3,0,0,0,0,0,0,0,0,4,4,3,2,0,4,0,2,0,3,3,2,3,2,3,3,4,4,2,0,0,0,4,1,2,1,4,3,4,0,3,0,4,2,0,0,0,2,2,2,4,3,3,0,2,3,0,4,0,0,0,4,4,0,4,0,4,3,0,0,0,0,4,0,3,3,3,3,4,4,1,2,2,0,4,1,3,4,0,1,3,0,4,0,4,1,4,4,0,3,2,4,3,0,3,4,3,4,2,3,3,1,0,3,3,3,0,3,0,3,0,3,2,3,4,0,1,0,0,0,3,4,2,4,2,3,0,0,0,0,4,0,4,0,0,1,2,4,0,0,4,4,0,0,3,2,0,2,4,3,3,1,1,2,0,0,3,0,1,4,4,3,3,4,0,0,0,3,3,3,0,0,4,3,0,4,2,3,1,2,4,1,4,0,4,0,3,0,0,4,3,4,0,0,2,3,0,3,0,4,0,3,2,0,0,2,4,2,4,4,2,3,4,4,4,2,0,4,3,2,0,0,4,1,1,3,4,0,0,3,2,3,3,4,2,2,0,0,4,3,3,3,4,4,4,3,0,2,1,0,2,0,0,2,2,3,3,0,4,3,3,2,2,1,0,3,0,2,2,0,0,4,0,0,4,3,2,0,4,4,2,4,2,4,1,0,3,3,0,2,4,0,0,3,3,0,1,3,3,0,4,0,4,0,0,1,3,0,4,4,2,0,3,1,4,2,0,0,2,0,3,2,4,4,3,2,2,3,3,3,4,2,2,2,3,2,0,3,2,4,4,3,4,2,3,3,0,4,3,4,0,4,2,0,0,4,3,0,4,0,4,3,4,2,0,3,1,3,3,0,2,3,4,0,0,3,4,3,4,4,0,1,3,4,3,2,3,4,0,1,3,0,4,3,2,1,4,0,2,0,0,2,3,0,4,4,1,1,0,3,0,3,3,2,3,4,1,0,1,4,2,0,3,3,1,3,1,4,4,1,4,2,0,3,4,2,3,4,0,3,4,0,2,3,0,2,4,0,4,1,2,0,2,0,0,3,2,0,4,3,1,1,0,0,4,4,0,3,0,4,4,1,2,1,0,2,0,2,3,0,4,4,4,4,2,4,0,2,2,0,4,3,3,2,0,2,0,3,4,3,3,4,0,2,4,0,2,0,4,0,4,2,4,3,0,4,1,3,3,1,2,4,0,0,0,1,4,0,4,0,1,3,4,0,3,3,4,4,4,2,0,3,3,4,2,3,3,0,3,1,0,2,4,3,3,1,3,1,3,0,3,3,4,4,2,3,3,2,0,0,0,3,3,4,0,2,0,0,3,3,0,3,4,3,0,3,3,1,3,2,0,1,2,4,3,3,4,2,0,3,3,4,4,1,2,4,0,4,2,2,4,2,0,1,0,2,0,3,4,2,0,3,3,3,4,0,4,4,4,4,3,0,3,2,1,2,0,3,4,4,2,2,0,0,1,0,4,0,2,1,1,1,3,1,0,3,1,2,0,0,0,2,0,2,3,2,3,2,3,0,1,0,2,3,3,4,0,1,0,0,0,3,2,1,0,4,4,3,4,0,1,0,1,1,3,0,0,3,3,1,2,0,2,1,2,2,0,1,1,3,3,0,0,1,0,2,4,0,3,0,1,4,1,1,1,2,1,1,4,2,1,0,4,1,0,1,4,1,3,4,2,4,1,2,3,3,0,0,3,3,2,0,3,1,2,0,3,0,0,0,4,4,1,4,3,1,2,4,4,0,2,0,0,0,4,1,0,4,3,0,4,3,3,2,2,0,1,4,3,1,4,0,1,0,3,0,2,0,3,3,3,1,3,1,4,3,0,0,1,4,3,3,2,0,3,1,3,3,2,3,3,3,2,2,0,1,2,2,4,2,1,4,1,0,4,0,0,2,0,1,4,2,4,0,3,2,4,4,0,4,3,1,0,4,2,1,2,4,2,1,3,4,0,4,1,3,3,1,0,4,1,4,3,1,1,4,1,0,4,1,4,4,3,0,1,2,4,0,0,2,3,1,4,4,0,0,1,0,2,1,0,1,2,2,2,4,3,1,0,1,0,4,1,0,4,2,0,0,4,3,2,3,4,0,4,4,1,1,1,2,2,0,3,4,3,0,2,4,3,3,1,1,2,2,1,2,2,3,4,1,1,1,3,1,1,1,0,0,2,3,4,4,1,1,2,0,1,4,3,4,4,0,1,0,3,1,4,1,4,1,1,2,0,3,0,4,3,2,1,1,0,1,1,1,0,4,3,2,0,0,4,0,4,4,1,1,2,2,3,0,2,4,2,4,1,3,1,1,4,3,1,3,4,1,1,1,1,1,4,3,1,2,1,4,0,4,1,3,3,1,1,4,0,0,3,3,3,1,4,3,2,1,1,4,1,0,4,0,4,4,1,2,1,3,2,1,2,1,1,0,1,1,1,4,1,1,2,0,2,2,4,0,0,3,2,1,2,0,1,0,1,4,2,0,4,0,3,4,3,2,1,0,2,1,1,0,0,2,2,0,1,1,3,4,0,4,4,3,1,4,4,1,0,4,3,4,4,1,1,1,3,1,1,4,4,1,3,2,2,1,4,0,0,2,0,3,3,1,1,0,1,1,1,0,3,4,4,1,3,2,3,1,2,0,3,4,3,3,2,0,1,1,4,1,3,1,1,0,2,2,3,3,2,0,0,1,3,3,1,2,1,1,0,3,0,2,1,1,0,0,3,3,1,1,4,0,4,1,2,4,1,3,1,1,0,1,4,1,3,1,1,1,1,1,0,4,2,4,4,1,4,0,1,2,1,1,2,0,3,1,1,2,3,2,3,1,1,1,1,2,1,4,3,2,3,1,1,2,2,3,4,0,2,1,0,4,1,3,2,3,4,3,3,4,3,3,0,0,0,1,2,2,0,2,4,0,2,2,3,1,2,2,1,3,3,0,3,3,2,0,2,0,3,3,4,4,4,1,2,3,1,0,1,3,4,2,3,0,4,0,0,3,0,0,1,4,1,2,0,0,2,3,0,4,1,0,1,0,1,3,2,2,2,3,0,2,4,0,0,1,1,1,1,1,3,3,2,3,1,1,1,4,0,0,2,0,0,1,2,4,1,1,2,0,0,1,2,2,0,1,4,1,2,2,0,4,0,1,1,2,1,2,4,4,0,0,4,2,3,4,3,3,3,2,0,2,2,4,1,0,0,2,0,2,3,3,2,0,0,3,0,2,2,3,4,4,3,3,3,2,4,1,0,1,3,1,3,4,4,4,0,0,4,0,4,3,4,2,1,1,4,4,1,0,1,0,1,1,0,1,2,3,0,2,3,1,0,1,1,1,2,4,4,1,1,1,1,0,2,2,1,0,4,0,3,0,0,1,3,3,3,4,2,4,3,2,0,2,2,3,2,0,4,1,1,4,0,4,3,1,1,2,2,1,0,3,1,1,2,3,2,1,4,3,3,0,3,1,4,4,2,3,1,2,1,0,3,2,1,4,0,1,3,1,1,2,0,0,4,4,4,1,1,0,3,2,4,1,4,1,1,4,0,3,2,4,1,1,0,0,3,2,1,1,3,0,1,4,1,0,1,3,1,4,2,1,2,3,0,1,4,1,1,1,3,2,0,2,2,2,0,0,1,3,4,0,4,1,3,1,3,3,3,1,4,1,1,3,2,2,0,4,0,4,0,1,4,4,0,2,3,1,4,2,1,3,1,3,3,0,1,2,0,0,0,1,2,4,1,4,0,2,2,2,0,0,2,1,3,2,0,3,4,3,1,4,4,4,2,2,1,2,3,2,1,0,0,1,1,1,0,1,0,1,2,2,2,1,3,3,3,2,3,4,1,4,4,2,3,4,1,4,3,1,3,4,3,0,2,1,1,0,2,0,0,0,1,3,2,2,3,1,3,1,3,2,0,0,3,2,4,2,2,4,3,0,1,4,1,0,4,4,3,2,4,4,4,4,1,3,3,2,1,1,2,1,1,1,1,2,3,1,1,2,3,3,1,1,1,1,1,4,4]",ok,
74,quantile,3,0.15,0.3216152723641384,-0.1058704644757973,14,"fused_1_medium, fused_3_medium, fused_1_low, fused_2_high+fused_4_low+fused_5_high, fused_1_high+fused_3_low, fused_2_medium+fused_5_low, fused_2_high+fused_3_low, fused_1_high+fused_4_medium, fused_1_high+fused_5_medium, fused_4_medium+fused_5_low, fused_1_high+fused_2_high, fused_4_high+fused_5_medium, fused_2_medium+fused_4_medium, fused_2_low+fused_3_high+fused_4_high","[360, 203, 359, 159, 718]",0.2,0.7,0.7,3.0,"{""fused_1"":0.6638505895174248,""fused_2"":0.2543750065656246,""fused_3"":0.29648561350759245,""fused_4"":0.632129824419636,""fused_5"":0.5537995301735146}","{""fused_1_medium"":0.555703925143886,""fused_3_medium"":0.5459087352792007,""fused_1_low"":0.5703123484577725,""fused_2_high+fused_4_low+fused_5_high"":0.2720833489137817,""fused_1_high+fused_3_low"":0.3867886462980814,""fused_2_medium+fused_5_low"":0.267690800815201,""fused_2_high+fused_3_low"":0.39251446663242573,""fused_1_high+fused_4_medium"":0.4466101568008831,""fused_1_high+fused_5_medium"":0.42432289713758964,""fused_4_medium+fused_5_low"":0.3935834734792464,""fused_1_high+fused_2_high"":0.3502782441924724,""fused_4_high+fused_5_medium"":0.4134349968066878,""fused_2_medium+fused_4_medium"":0.38505546778202404,""fused_2_low+fused_3_high+fused_4_high"":0.35848075307603267}","{""fused_1"":0.16047600775018306,""fused_2"":0.2592436129480799,""fused_3"":0.24012836944952815,""fused_4"":0.16445312997455191,""fused_5"":0.17569887987765692}","{""fused_1_medium"":0.06035790052498164,""fused_3_medium"":0.060896991171616496,""fused_1_low"":0.059579858798536035,""fused_2_high+fused_4_low+fused_5_high"":0.08625909054566601,""fused_1_high+fused_3_low"":0.07234674536360372,""fused_2_medium+fused_5_low"":0.08696392517534185,""fused_2_high+fused_3_low"":0.07181712630090797,""fused_1_high+fused_4_medium"":0.06732735594896132,""fused_1_high+fused_5_medium"":0.0690728893866016,""fused_4_medium+fused_5_low"":0.0717195292136843,""fused_1_high+fused_2_high"":0.0760237477256576,""fused_4_high+fused_5_medium"":0.06997650359192883,""fused_2_medium+fused_4_medium"":0.0725093830267972,""fused_2_low+fused_3_high+fused_4_high"":0.07514895322571544}","{""fused_1"":0.8023800387509152,""fused_2"":1.2962180647403996,""fused_3"":1.2006418472476408,""fused_4"":0.8222656498727596,""fused_5"":0.8784943993882846}","{""fused_1_medium"":0.845010607349743,""fused_3_medium"":0.8525578764026309,""fused_1_low"":0.8341180231795045,""fused_2_high+fused_4_low+fused_5_high"":1.207627267639324,""fused_1_high+fused_3_low"":1.012854435090452,""fused_2_medium+fused_5_low"":1.217494952454786,""fused_2_high+fused_3_low"":1.0054397682127116,""fused_1_high+fused_4_medium"":0.9425829832854584,""fused_1_high+fused_5_medium"":0.9670204514124223,""fused_4_medium+fused_5_low"":1.0040734089915802,""fused_1_high+fused_2_high"":1.0643324681592066,""fused_4_high+fused_5_medium"":0.9796710502870036,""fused_2_medium+fused_4_medium"":1.0151313623751608,""fused_2_low+fused_3_high+fused_4_high"":1.052085345160016}",0.1762650290054367,0.0416898276820455,"[4,4,4,4,3,1,4,2,4,3,2,1,2,4,4,3,1,4,4,4,4,4,4,4,4,4,1,0,3,0,4,1,4,0,4,4,4,0,4,0,4,3,1,1,0,4,4,4,0,2,0,2,3,3,1,4,4,4,3,0,4,4,4,0,0,0,0,3,4,4,0,4,4,3,4,4,4,1,1,4,1,4,3,3,4,4,4,4,0,4,4,4,3,4,1,3,2,0,0,4,0,2,4,0,4,2,4,4,3,4,1,2,1,1,4,4,0,3,4,4,4,3,3,1,0,4,4,2,4,4,4,4,4,3,4,4,4,4,0,4,1,4,2,4,4,4,4,3,0,1,0,4,4,4,4,4,1,4,3,4,4,2,0,1,4,4,0,0,4,4,3,0,4,0,1,4,4,2,2,0,4,4,4,4,2,3,3,4,4,3,4,4,4,4,3,4,4,4,0,4,4,1,0,4,2,0,1,2,0,4,0,4,4,4,4,0,4,1,4,4,0,4,4,4,4,0,4,4,0,4,4,0,3,0,3,1,0,3,3,0,3,0,4,3,4,0,4,4,3,2,2,4,3,4,4,4,0,4,4,3,0,0,4,4,1,4,4,4,3,0,1,4,3,0,2,4,0,4,4,0,0,4,3,4,3,4,4,0,0,2,4,3,4,0,0,4,4,0,4,4,0,4,0,4,1,1,0,1,0,1,2,4,4,4,4,0,1,4,4,4,4,4,2,4,3,4,3,4,1,4,4,2,4,4,1,1,0,3,4,2,1,0,4,4,0,4,4,0,0,3,4,0,0,4,4,4,0,0,0,0,4,0,4,4,0,3,1,4,0,0,4,4,4,1,3,1,4,1,0,4,4,1,4,4,1,4,3,4,0,0,4,4,2,4,3,4,0,4,1,4,4,4,1,4,3,0,4,2,4,0,3,0,4,1,4,2,4,3,1,4,0,2,1,4,0,4,4,0,4,4,3,0,2,2,4,4,4,4,4,0,4,0,2,4,4,1,0,3,3,3,2,4,2,3,1,2,1,0,3,4,0,0,3,1,4,4,1,4,0,4,4,0,1,4,3,2,0,4,0,4,4,4,0,4,1,4,2,2,4,4,3,3,4,4,4,1,3,2,0,2,4,0,4,0,4,4,3,3,1,3,0,1,4,0,0,4,1,4,4,0,4,0,4,4,1,4,4,1,4,0,0,4,0,4,0,4,1,0,0,4,4,1,2,3,4,2,0,1,4,4,4,2,1,4,3,4,2,4,1,4,4,3,1,3,3,0,4,4,4,3,0,4,3,4,4,2,4,0,1,4,4,2,4,2,4,4,4,4,1,1,0,4,3,0,4,4,4,4,4,1,4,0,4,4,3,4,4,4,1,4,4,4,4,2,3,0,4,2,0,3,4,4,0,0,4,4,4,0,3,2,0,1,4,1,0,0,1,0,4,2,4,0,4,4,1,0,4,4,4,4,3,4,1,1,3,1,3,4,4,0,2,0,4,4,0,0,0,0,4,4,2,4,1,4,0,2,2,2,4,2,4,4,2,0,4,4,4,0,4,0,4,0,4,0,4,4,2,4,0,4,3,0,4,2,4,4,4,4,0,2,4,1,3,4,1,4,2,4,2,2,4,4,4,4,4,2,0,4,0,2,0,0,4,2,2,3,4,4,4,2,4,0,1,4,4,4,2,1,2,2,2,0,2,2,0,0,2,4,1,2,4,2,1,2,4,1,0,1,2,0,4,4,4,4,4,3,0,4,4,2,0,4,4,4,4,4,1,3,2,1,4,2,0,1,3,4,0,4,4,4,1,2,4,3,4,4,1,4,4,0,0,4,2,1,4,2,3,4,2,4,4,4,0,4,4,4,4,2,4,2,0,4,4,4,2,3,4,4,0,4,3,2,4,4,0,4,4,3,0,0,4,2,0,0,1,0,2,1,2,4,1,4,4,0,4,2,3,0,3,4,4,0,3,3,4,1,3,2,4,1,0,2,0,1,0,2,4,1,4,1,2,4,4,2,4,3,2,1,4,2,2,1,2,3,1,2,1,1,4,4,2,0,1,4,4,0,4,2,3,3,4,4,2,4,0,2,4,2,0,0,0,1,4,2,4,2,4,1,2,4,1,0,4,4,1,4,0,4,0,4,1,1,2,2,2,0,0,4,4,1,4,4,0,1,3,4,2,2,0,0,2,0,0,3,1,2,2,2,4,2,2,2,4,4,0,4,1,1,2,2,0,4,2,0,4,1,0,4,2,4,3,2,1,2,0,2,2,0,4,4,4,3,4,0,2,2,4,2,2,2,4,1,4,0,4,4,3,4,1,1,2,2,0,0,4,4,0,0,0,0,2,4,2,2,1,4,2,4,1,2,2,2,2,2,3,4,2,0,2,1,4,1,2,4,4,2,2,3,4,4,4,4,4,2,1,4,0,2,2,1,2,4,1,4,1,0,2,0,2,4,0,2,0,2,2,4,2,2,2,1,2,2,0,4,0,0,1,4,4,4,0,2,0,4,2,4,2,1,0,4,3,4,3,1,4,0,2,4,0,2,2,4,4,0,0,4,2,2,4,1,4,1,1,4,2,1,1,2,4,1,3,1,1,2,2,2,4,2,2,1,1,2,4,0,0,2,3,4,4,0,4,4,4,2,2,4,2,2,2,4,3,1,3,2,4,0,4,2,0,4,4,0,4,4,0,4,2,2,1,2,4,2,2,4,0,0,4,3,0,4,4,2,4,3,2,0,2,4,4,3,4,0,2,2,4,4,4,4,2,2,3,4,3,2,0,1,2,4,2,2,4,2,0,2,4,2,2,2,2,2,4,0,0,3,3,2,3,4,2,0,2,2,0,4,4,2,2,0,4,0,4,2,2,2,2,0,2,0,4,0,4,2,2,0,0,4,1,4,0,2,3,3,2,4,0,4,3,3,4,1,4,4,4,4,4,2,0,0,4,0,3,4,0,0,4,2,0,0,2,4,4,4,4,4,0,4,0,4,4,3,0,1,0,2,0,3,2,4,2,4,1,0,4,3,1,4,4,4,4,4,2,1,2,0,4,4,0,3,4,1,2,4,2,4,2,4,0,0,0,4,4,0,1,4,4,2,2,2,2,2,4,4,0,4,2,2,2,0,4,4,0,4,4,2,0,3,2,2,0,4,4,2,0,0,4,2,1,2,0,0,4,1,4,2,2,0,2,0,1,1,4,4,1,0,4,1,4,4,3,0,4,0,0,3,2,4,4,0,4,0,4,4,0,4,4,3,4,0,0,3,1,1,4,4,4,0,3,2,4,2,4,2,4,1,3,1,4,4,1,4,1,4,3,0,2,2,3,1,2,4,2,4,2,2,4,2,0,4,4,0,4,2,4,2,2,2,0,1,1,2,2,2,2,4,0,0,2,4,1,4,4,4,4,2,4,4,4,1,0,1,4,0,4,0,0,4,0,4,1,2,2,3,4,1,4,2,2,0,0,2,4,4,2,2,0,4,0,2,0,4,3,4,4,2,1,3,0,4,2,0,2,4,4,0,2,0,4,2,4,2,2,0,4,4,3,1,1,2,2,4,4,0,1,2,1,2,2,1,4,4,0,0,2,2,4,4,4,0,2,2,4,4,2,0,2,4,2,3,2,1,0,2,0,4,4,2,1,2,2,2,4,0,4,0,0,0,4,4,2,4,1,4,1,2,4,2,4,4,4,2,3,2,2,4,0,0,4,1,4,1,4,2,3,1,4,0,3,2,0,0,2,4,2,4,4,4,2,0,4,4,4,2,0,1,2,1,4,0,0,0,4,4,0,2,4,0,4,4,1,4,2,3,1,3,0,0,2,0,3,0,2,4,4,2,2,2,4,2,4,2,0,0,0,2,4,4,3,0,4,1,2,1,1,0,4,1,2,1,3,2,4,1,4,4,0,2,2,4,0,4,4,4,2,4,0,0,4,2,4,2,4,0,4,4,4,0,0,0,0,1,4,4,2,1,2,4,3,1,4,0,0,0,3,3,2,3,3,0,2,2,0,2,2,2,2,0,4,2,2,0,3,4,2,2,2,2,2,1,3]",ok,
75,quantile,3,0.1,0.2435226420374346,-0.183963094802501,41,"fused_2_medium+fused_5_low, fused_4_medium+fused_5_low, fused_4_high+fused_5_medium, fused_2_medium+fused_4_medium, fused_2_low+fused_3_high+fused_4_high, fused_1_low+fused_5_low, fused_1_medium+fused_3_medium, fused_3_low+fused_4_low, fused_1_medium+fused_2_low, fused_4_medium+fused_5_medium, fused_1_low+fused_2_low, fused_1_medium+fused_5_high, fused_1_medium+fused_3_high, fused_1_high+fused_3_low+fused_5_medium, fused_1_high+fused_3_low+fused_4_medium, fused_2_medium+fused_3_low, fused_2_medium+fused_3_medium, fused_2_low+fused_5_medium, fused_2_medium+fused_5_medium, fused_1_low+fused_3_medium, fused_3_high+fused_5_low, fused_1_low+fused_4_low, fused_1_medium+fused_4_low, fused_1_medium+fused_4_high, fused_1_high+fused_2_high+fused_3_low, fused_1_high+fused_2_medium, fused_3_medium+fused_5_low, fused_2_medium+fused_4_high, fused_2_high+fused_3_medium+fused_4_low+fused_5_high, fused_1_low+fused_5_high, fused_4_high+fused_5_low, fused_3_high+fused_5_high, fused_2_low+fused_5_high, fused_1_medium+fused_2_medium, fused_3_medium+fused_4_medium, fused_2_low+fused_4_medium, fused_1_low+fused_2_medium, fused_1_low+fused_3_high+fused_4_high, fused_1_medium+fused_5_medium, fused_3_high+fused_5_medium, fused_2_low+fused_5_low","[266, 201, 485, 509, 338]",0.4,0.6,0.9,2.0,"{""fused_1"":0.6655458869504574,""fused_2"":0.33324055461849467,""fused_3"":0.3207124553063648,""fused_4"":0.6451267776928582,""fused_5"":0.5066708134108385}","{""fused_2_medium+fused_5_low"":0.4722300152793111,""fused_4_medium+fused_5_low"":0.4270772028984194,""fused_4_high+fused_5_medium"":0.33467097173266236,""fused_2_medium+fused_4_medium"":0.47424273859825533,""fused_2_low+fused_3_high+fused_4_high"":0.42673301808497355,""fused_1_low+fused_5_low"":0.3962587473400275,""fused_1_medium+fused_3_medium"":0.39292993550830285,""fused_3_low+fused_4_low"":0.47430643568321235,""fused_1_medium+fused_2_low"":0.4963254983123252,""fused_4_medium+fused_5_medium"":0.3628108208746533,""fused_1_low+fused_2_low"":0.2723842238965075,""fused_1_medium+fused_5_high"":0.3644623896649558,""fused_1_medium+fused_3_high"":0.4847119063691673,""fused_1_high+fused_3_low+fused_5_medium"":0.1885734887106414,""fused_1_high+fused_3_low+fused_4_medium"":0.18771651002962275,""fused_2_medium+fused_3_low"":0.18808707648155093,""fused_2_medium+fused_3_medium"":0.1808997170811007,""fused_2_low+fused_5_medium"":0.21054054235946684,""fused_2_medium+fused_5_medium"":0.4705609327630863,""fused_1_low+fused_3_medium"":0.3935323495944208,""fused_3_high+fused_5_low"":0.20467380148252157,""fused_1_low+fused_4_low"":0.24987047071815016,""fused_1_medium+fused_4_low"":0.3155643102748684,""fused_1_medium+fused_4_high"":0.4563828583311419,""fused_1_high+fused_2_high+fused_3_low"":0.19583774131332887,""fused_1_high+fused_2_medium"":0.35653622037923827,""fused_3_medium+fused_5_low"":0.20506991894322885,""fused_2_medium+fused_4_high"":0.4775612548237407,""fused_2_high+fused_3_medium+fused_4_low+fused_5_high"":0.1776279403367799,""fused_1_low+fused_5_high"":0.22909826789431026,""fused_4_high+fused_5_low"":0.304508733639551,""fused_3_high+fused_5_high"":0.21496425577956169,""fused_2_low+fused_5_high"":0.19249863888161342,""fused_1_medium+fused_2_medium"":0.3933947507521713,""fused_3_medium+fused_4_medium"":0.23929112237579994,""fused_2_low+fused_4_medium"":0.45992509616183175,""fused_1_low+fused_2_medium"":0.43643538960828654,""fused_1_low+fused_3_high+fused_4_high"":0.23469982816086854,""fused_1_medium+fused_5_medium"":0.38685560921643203,""fused_3_high+fused_5_medium"":0.22672707818854637,""fused_2_low+fused_5_low"":0.3179702003936691}","{""fused_1"":0.13481409317621396,""fused_2"":0.2692498376108669,""fused_3"":0.27976763525031784,""fused_4"":0.13908113617181544,""fused_5"":0.17708729779078597}","{""fused_2_medium+fused_5_low"":0.015012298033018194,""fused_4_medium+fused_5_low"":0.016599475882574648,""fused_4_high+fused_5_medium"":0.021182768534740756,""fused_2_medium+fused_4_medium"":0.014948584664604149,""fused_2_low+fused_3_high+fused_4_high"":0.016612864318125246,""fused_1_low+fused_5_low"":0.01789047630392497,""fused_1_medium+fused_3_medium"":0.01804204029489108,""fused_3_low+fused_4_low"":0.014946577141206334,""fused_1_medium+fused_2_low"":0.014283484837300584,""fused_4_medium+fused_5_medium"":0.019539818885277973,""fused_1_low+fused_2_low"":0.02602668255927817,""fused_1_medium+fused_5_high"":0.019451273795429998,""fused_1_medium+fused_3_high"":0.014625714030037498,""fused_1_high+fused_3_low+fused_5_medium"":0.03759413785035256,""fused_1_high+fused_3_low+fused_4_medium"":0.037765765666488406,""fused_2_medium+fused_3_low"":0.03769136009833787,""fused_2_medium+fused_3_medium"":0.039188882348176954,""fused_2_low+fused_5_medium"":0.03367169880946679,""fused_2_medium+fused_5_medium"":0.015065546746268007,""fused_1_low+fused_3_medium"":0.018014421779597098,""fused_3_high+fused_5_low"":0.034636859618377445,""fused_1_low+fused_4_low"":0.028371730797699266,""fused_1_medium+fused_4_low"":0.022465334319127346,""fused_1_medium+fused_4_high"":0.015533575812713666,""fused_1_high+fused_2_high+fused_3_low"":0.03619965018983424,""fused_1_high+fused_2_medium"":0.01988369574897354,""fused_3_medium+fused_5_low"":0.03456995431627556,""fused_2_medium+fused_4_high"":0.014844708731922297,""fused_2_high+fused_3_medium+fused_4_low+fused_5_high"":0.039910712898368506,""fused_1_low+fused_5_high"":0.030944178647305337,""fused_4_high+fused_5_low"":0.023280966837231517,""fused_3_high+fused_5_high"":0.03297877455859238,""fused_2_low+fused_5_high"":0.036827573278944814,""fused_1_medium+fused_2_medium"":0.018020722737034704,""fused_3_medium+fused_4_medium"":0.029626079142109896,""fused_2_low+fused_4_medium"":0.015413939766868666,""fused_1_low+fused_2_medium"":0.01624354463067848,""fused_1_low+fused_3_high+fused_4_high"":0.03020563664260809,""fused_1_medium+fused_5_medium"":0.018325332658013924,""fused_3_high+fused_5_medium"":0.0312678035025632,""fused_2_low+fused_5_low"":0.0222953525856598}","{""fused_1"":0.6740704658810698,""fused_2"":1.3462491880543346,""fused_3"":1.3988381762515891,""fused_4"":0.6954056808590772,""fused_5"":0.8854364889539299}","{""fused_2_medium+fused_5_low"":0.615504219353746,""fused_4_medium+fused_5_low"":0.6805785111855606,""fused_4_high+fused_5_medium"":0.868493509924371,""fused_2_medium+fused_4_medium"":0.61289197124877,""fused_2_low+fused_3_high+fused_4_high"":0.681127437043135,""fused_1_low+fused_5_low"":0.7335095284609238,""fused_1_medium+fused_3_medium"":0.7397236520905343,""fused_3_low+fused_4_low"":0.6128096627894597,""fused_1_medium+fused_2_low"":0.5856228783293239,""fused_4_medium+fused_5_medium"":0.8011325742963968,""fused_1_low+fused_2_low"":1.067093984930405,""fused_1_medium+fused_5_high"":0.79750222561263,""fused_1_medium+fused_3_high"":0.5996542752315375,""fused_1_high+fused_3_low+fused_5_medium"":1.541359651864455,""fused_1_high+fused_3_low+fused_4_medium"":1.5483963923260247,""fused_2_medium+fused_3_low"":1.5453457640318529,""fused_2_medium+fused_3_medium"":1.606744176275255,""fused_2_low+fused_5_medium"":1.3805396511881385,""fused_2_medium+fused_5_medium"":0.6176874165969882,""fused_1_low+fused_3_medium"":0.738591292963481,""fused_3_high+fused_5_low"":1.4201112443534754,""fused_1_low+fused_4_low"":1.16324096270567,""fused_1_medium+fused_4_low"":0.9210787070842212,""fused_1_medium+fused_4_high"":0.6368766083212604,""fused_1_high+fused_2_high+fused_3_low"":1.4841856577832038,""fused_1_high+fused_2_medium"":0.8152315257079151,""fused_3_medium+fused_5_low"":1.417368126967298,""fused_2_medium+fused_4_high"":0.6086330580088142,""fused_2_high+fused_3_medium+fused_4_low+fused_5_high"":1.6363392288331087,""fused_1_low+fused_5_high"":1.2687113245395187,""fused_4_high+fused_5_low"":0.9545196403264922,""fused_3_high+fused_5_high"":1.3521297569022876,""fused_2_low+fused_5_high"":1.5099305044367375,""fused_1_medium+fused_2_medium"":0.7388496322184228,""fused_3_medium+fused_4_medium"":1.2146692448265057,""fused_2_low+fused_4_medium"":0.6319715304416152,""fused_1_low+fused_2_medium"":0.6659853298578177,""fused_1_low+fused_3_high+fused_4_high"":1.2384311023469317,""fused_1_medium+fused_5_medium"":0.7513386389785709,""fused_3_high+fused_5_medium"":1.2819799436050914,""fused_2_low+fused_5_low"":0.9141094560120517}",0.1618083029233175,0.0522512506948304,"[1,3,1,1,2,2,3,4,3,0,4,2,4,3,3,3,2,3,1,1,3,3,1,1,3,1,2,2,0,0,3,2,1,0,1,0,0,0,3,0,0,0,2,2,3,1,3,3,2,4,0,4,2,0,2,3,3,3,2,0,3,1,1,0,0,3,2,0,3,3,3,0,3,2,1,3,3,2,2,3,2,3,2,3,3,1,1,1,2,1,3,2,3,3,2,2,4,3,2,3,2,4,2,2,3,4,0,3,2,1,2,4,2,2,3,3,0,2,0,3,3,2,0,2,0,3,3,4,3,3,3,3,3,0,3,0,3,3,3,1,2,3,4,1,1,1,3,2,3,2,0,0,3,1,1,3,2,1,2,3,1,4,0,2,1,1,2,2,3,3,0,3,1,0,2,3,0,2,4,0,3,1,0,1,4,2,2,2,3,2,1,1,3,0,0,0,1,1,2,0,3,2,3,0,4,0,2,4,2,1,2,3,3,1,3,2,2,2,3,1,0,3,1,3,1,2,1,0,0,3,1,2,2,2,2,2,3,0,2,2,2,0,1,2,3,3,3,3,2,4,4,3,2,1,1,0,0,0,3,2,2,0,1,3,2,3,3,3,2,2,2,3,3,2,4,1,3,3,3,2,0,3,0,3,2,1,3,2,3,4,3,0,3,3,0,3,3,2,3,1,2,3,3,1,2,2,2,2,0,2,4,1,2,3,3,0,2,3,3,3,3,3,4,3,2,1,2,1,2,3,3,4,0,3,2,2,0,3,2,2,2,3,3,3,0,3,0,0,2,2,3,3,0,3,2,3,2,2,3,2,0,3,1,3,0,2,2,0,2,3,3,2,1,2,2,2,3,2,0,1,3,2,1,3,2,1,2,0,2,0,3,3,4,3,0,1,0,2,2,3,3,0,2,0,2,2,3,4,3,2,2,0,0,2,1,4,3,3,2,3,0,4,2,1,0,1,3,0,3,3,2,2,4,4,3,0,1,0,3,0,3,2,4,3,4,2,0,3,2,0,4,3,4,2,2,4,2,0,3,0,2,3,0,2,1,3,2,3,0,3,3,3,2,1,2,4,0,1,0,1,1,0,3,3,2,0,4,4,1,3,2,2,1,1,1,2,2,4,0,4,3,0,3,2,3,3,2,2,2,2,3,2,3,0,3,3,2,3,3,0,1,0,3,2,2,3,0,2,3,2,2,1,0,3,2,3,2,0,2,3,1,2,4,3,3,4,0,2,1,1,3,4,2,1,2,1,4,1,2,1,3,0,2,2,2,0,1,3,3,2,0,3,4,1,0,4,3,0,2,1,3,4,3,4,0,3,3,3,2,2,0,3,2,0,3,3,3,0,0,2,1,3,3,1,0,3,3,3,2,1,1,3,3,4,3,0,1,4,0,2,0,3,2,3,1,1,3,2,2,4,3,2,3,2,3,0,2,3,3,4,3,0,3,2,2,0,1,1,3,3,2,3,2,2,2,2,0,1,3,3,4,0,1,3,2,2,3,3,1,1,4,3,2,1,3,4,4,4,0,4,1,0,4,3,1,3,3,0,3,3,3,3,3,3,0,1,4,1,3,3,2,2,3,4,3,1,3,3,3,4,1,2,2,3,2,3,4,1,4,2,3,3,1,3,3,4,3,3,0,4,3,0,3,4,4,2,3,3,3,4,3,3,2,3,3,1,4,2,4,4,2,2,4,4,2,3,4,3,2,4,3,4,2,4,3,2,2,2,4,0,2,0,3,1,2,0,3,3,3,4,0,3,3,3,3,1,2,2,4,2,0,4,3,2,2,3,3,3,1,3,2,4,1,2,3,1,2,0,0,0,2,1,4,2,1,4,2,3,4,3,0,1,3,3,3,0,3,4,0,4,2,3,1,3,4,2,0,1,2,1,2,4,3,3,3,0,3,0,0,3,3,4,0,2,2,3,4,2,4,3,2,1,3,3,3,4,2,0,2,1,3,0,2,2,3,2,0,4,1,2,2,4,0,2,2,4,0,2,3,2,2,2,3,4,3,2,4,2,3,4,4,2,4,3,2,4,2,2,0,3,2,0,2,3,3,0,2,4,2,2,3,1,4,3,3,4,1,2,0,0,0,2,0,4,1,4,3,2,4,3,2,2,3,3,2,0,2,0,2,3,2,2,4,4,4,3,0,3,3,2,0,3,2,2,0,0,4,4,3,2,4,3,3,0,2,4,4,4,0,4,4,4,3,3,3,0,2,2,4,4,0,1,2,2,3,2,2,3,4,3,2,4,2,4,2,2,4,3,3,3,3,2,3,2,4,4,1,2,4,4,1,2,0,0,3,3,2,1,2,2,4,4,2,0,3,3,0,2,2,2,4,3,4,4,2,2,2,3,2,4,4,4,4,4,2,0,4,0,4,2,1,2,4,2,2,4,4,2,3,1,1,3,2,4,2,3,0,4,4,2,4,3,2,1,2,2,4,2,4,3,0,4,2,4,4,3,4,4,4,2,4,4,3,1,0,3,2,3,3,1,2,4,2,3,2,3,4,2,2,3,2,3,0,2,0,3,4,1,3,4,4,1,3,2,0,3,4,2,0,2,3,2,2,3,4,2,2,4,1,2,0,2,2,4,4,4,0,4,4,2,2,4,3,0,2,2,2,3,1,0,3,3,3,4,4,3,2,4,4,1,2,2,2,4,2,3,0,4,3,1,0,2,1,3,3,1,4,4,2,4,0,4,4,1,2,3,3,0,2,3,3,4,3,2,2,3,4,4,3,0,1,3,4,4,3,3,2,0,4,4,2,1,2,4,3,2,4,2,4,4,1,4,2,4,3,4,4,4,4,4,3,2,0,2,2,4,2,1,4,3,4,4,2,3,3,2,4,0,3,3,2,4,4,4,4,0,4,2,3,0,0,4,4,3,2,2,2,3,2,4,3,2,4,3,2,3,2,0,3,2,0,3,1,3,1,4,0,2,1,2,2,3,2,0,3,4,2,3,4,3,0,3,3,3,2,1,0,3,3,0,2,2,2,4,0,2,4,3,4,2,2,0,3,1,2,3,3,3,1,3,4,2,4,0,1,3,3,2,3,2,4,3,4,1,4,1,0,3,0,1,3,2,2,3,3,4,4,4,4,4,3,3,0,0,4,2,4,2,3,1,2,3,3,4,0,2,4,4,0,3,1,4,0,0,1,4,2,4,0,2,1,2,1,4,4,0,2,2,2,2,1,1,2,2,3,2,0,3,2,2,3,3,0,2,4,1,3,3,3,3,3,2,3,1,1,0,1,2,0,3,2,2,0,0,2,0,2,4,3,4,2,4,1,2,2,2,3,1,2,1,2,1,2,0,4,4,2,2,4,3,4,3,4,4,1,4,2,0,3,3,0,4,3,4,4,4,2,2,2,4,4,4,4,1,0,3,4,3,2,1,1,1,1,4,0,3,3,2,2,2,3,3,1,0,0,0,3,3,2,4,4,2,1,2,3,4,4,0,3,4,3,3,4,4,3,3,0,4,2,1,0,3,0,4,2,2,3,3,4,3,4,1,3,0,4,2,3,4,0,4,4,0,1,3,2,2,2,4,4,3,2,0,2,4,2,4,4,2,1,1,3,2,4,4,1,3,2,0,4,4,3,1,4,2,4,3,4,0,4,2,0,4,3,3,1,4,2,4,4,4,3,3,1,0,0,0,3,1,4,3,2,3,2,4,0,2,0,3,3,4,2,2,4,1,0,0,1,2,3,2,3,2,2,2,3,2,0,4,2,0,4,0,4,2,3,3,4,0,3,3,1,4,0,2,4,2,1,3,0,0,3,3,3,4,3,2,3,1,2,3,4,2,2,2,0,3,4,2,0,0,4,3,1,4,4,2,3,4,3,4,0,0,3,4,3,1,0,3,3,2,4,2,2,0,0,2,4,2,2,4,0,2,1,3,0,4,4,3,3,3,3,1,4,0,3,3,3,4,2,4,2,0,1,3,3,2,2,3,0,2,2,3,4,2,4,3,2,2,3,0,2,2,2,2,4,2,2,0,4,4,0,4,4,4,4,0,3,4,4,0,0,3,4,2,4,4,4,2,2]",ok,
76,quantile,5,1.0,0.4274857368399357,0.0,0,,[],,,,,,,,,,,,,,baseline_no_features,
77,quantile,5,0.95,0.4274857368399357,0.0,0,,[],,,,,,,,,,,,,,baseline_no_features,
78,quantile,5,0.9,0.4274857368399357,0.0,0,,[],,,,,,,,,,,,,,baseline_no_features,
79,quantile,5,0.85,0.4274857368399357,0.0,0,,[],,,,,,,,,,,,,,baseline_no_features,
80,quantile,5,0.8,0.4274857368399357,0.0,0,,[],,,,,,,,,,,,,,baseline_no_features,
81,quantile,5,0.75,0.4274857368399357,0.0,0,,[],,,,,,,,,,,,,,baseline_no_features,
82,quantile,5,0.7,0.4274857368399357,0.0,0,,[],,,,,,,,,,,,,,baseline_no_features,
83,quantile,5,0.65,0.4274857368399357,0.0,0,,[],,,,,,,,,,,,,,baseline_no_features,
84,quantile,5,0.6,0.4274857368399357,0.0,0,,[],,,,,,,,,,,,,,baseline_no_features,
85,quantile,5,0.55,0.4274857368399357,0.0,0,,[],,,,,,,,,,,,,,baseline_no_features,
86,quantile,5,0.5,0.4274857368399357,0.0,0,,[],,,,,,,,,,,,,,baseline_no_features,
87,quantile,5,0.45,0.4274857368399357,0.0,0,,[],,,,,,,,,,,,,,baseline_no_features,
88,quantile,5,0.4,0.4274857368399357,0.0,0,,[],,,,,,,,,,,,,,baseline_no_features,
89,quantile,5,0.35,0.4274857368399357,0.0,0,,[],,,,,,,,,,,,,,baseline_no_features,
90,quantile,5,0.3,0.4274857368399357,0.0,0,,[],,,,,,,,,,,,,,baseline_no_features,
91,quantile,5,0.25,0.4274857368399357,0.0,0,,[],,,,,,,,,,,,,,baseline_no_features,
92,quantile,5,0.2,0.2824360532297901,-0.1450496836101455,19,"fused_3_high, fused_1_high, fused_1_low, fused_1_medium, fused_1_veryhigh, fused_2_high, fused_2_low, fused_2_medium, fused_2_veryhigh, fused_3_low, fused_3_veryhigh, fused_4_high, fused_4_low, fused_4_medium, fused_4_veryhigh, fused_5_high, fused_5_low, fused_5_medium, fused_5_veryhigh","[458, 359, 364, 367, 251]",0.2,0.5,0.7,5.0,"{""fused_1"":0.5892869145010662,""fused_2"":0.19286330976079208,""fused_3"":0.37159703883119866,""fused_4"":0.6509499105018429,""fused_5"":0.5146062736106776}","{""fused_3_high"":0.5648852026204565,""fused_1_high"":0.6316325520602404,""fused_1_low"":0.6482758291147235,""fused_1_medium"":0.6360066242671225,""fused_1_veryhigh"":0.4013333174712638,""fused_2_high"":0.3047886867739784,""fused_2_low"":0.30153873665157976,""fused_2_medium"":0.30448659175775117,""fused_2_veryhigh"":0.306011220548407,""fused_3_low"":0.5918480254999129,""fused_3_veryhigh"":0.556419367026809,""fused_4_high"":0.6524081321717212,""fused_4_low"":0.611186264931818,""fused_4_medium"":0.6153116964198171,""fused_4_veryhigh"":0.5482295392054336,""fused_5_high"":0.47656327404934984,""fused_5_low"":0.6399153191456948,""fused_5_medium"":0.6428564236028906,""fused_5_veryhigh"":0.33685111206545887}","{""fused_1"":0.1833455063276825,""fused_2"":0.2424038792356292,""fused_3"":0.2057471880352041,""fused_4"":0.17884017106693795,""fused_5"":0.18966325533454634}","{""fused_3_high"":0.050734160845434605,""fused_1_high"":0.049337189369701974,""fused_1_low"":0.04901743410867504,""fused_1_medium"":0.04925214181318682,""fused_1_veryhigh"":0.055260425837996986,""fused_2_high"":0.05919578993540394,""fused_2_low"":0.05935465066941964,""fused_2_medium"":0.059210467185644856,""fused_2_veryhigh"":0.059136578442276544,""fused_3_low"":0.050146194436223035,""fused_3_veryhigh"":0.050926047591817486,""fused_4_high"":0.04893963089743723,""fused_4_low"":0.049744736481448365,""fused_4_medium"":0.04966114612479405,""fused_4_veryhigh"":0.051115183357679374,""fused_5_high"":0.05293712952802789,""fused_5_low"":0.049176759131803575,""fused_5_medium"":0.04912041576133117,""fused_5_veryhigh"":0.05773391848169731}","{""fused_1"":0.9167275316384126,""fused_2"":1.212019396178146,""fused_3"":1.0287359401760203,""fused_4"":0.8942008553346897,""fused_5"":0.9483162766727317}","{""fused_3_high"":0.9639490560632575,""fused_1_high"":0.9374065980243375,""fused_1_low"":0.9313312480648257,""fused_1_medium"":0.9357906944505496,""fused_1_veryhigh"":1.0499480909219427,""fused_2_high"":1.124720008772675,""fused_2_low"":1.1277383627189732,""fused_2_medium"":1.1249988765272523,""fused_2_veryhigh"":1.1235949904032543,""fused_3_low"":0.9527776942882377,""fused_3_veryhigh"":0.9675949042445322,""fused_4_high"":0.9298529870513073,""fused_4_low"":0.9451499931475189,""fused_4_medium"":0.9435617763710871,""fused_4_veryhigh"":0.971188483795908,""fused_5_high"":1.00580546103253,""fused_5_low"":0.9343584235042679,""fused_5_medium"":0.9332878994652922,""fused_5_veryhigh"":1.0969444511522488}",0.1594644058201762,0.0205669816564758,"[4,0,4,4,3,2,0,1,4,3,1,2,1,0,0,3,2,0,4,4,0,0,4,4,0,4,2,2,2,0,4,2,4,3,4,3,0,3,0,3,3,0,2,2,0,4,0,4,3,1,3,1,2,3,2,0,3,0,3,3,0,4,4,3,3,0,2,3,4,4,0,3,0,3,4,4,0,2,2,4,2,0,2,0,0,4,4,4,2,4,3,1,2,3,2,3,1,3,3,0,2,1,2,3,0,1,0,0,2,4,2,1,2,2,0,0,3,0,0,0,0,2,3,2,3,0,0,1,0,0,4,0,0,3,0,0,0,0,0,4,2,0,1,4,4,4,2,2,3,2,3,0,0,4,4,4,2,4,2,0,4,1,0,2,0,4,2,3,0,0,2,3,4,2,2,0,0,1,1,0,0,4,0,4,1,3,2,2,3,2,4,4,4,3,3,3,4,4,2,0,0,2,3,3,1,0,2,1,3,4,2,0,0,4,0,3,2,2,0,4,0,3,4,4,4,3,4,2,3,0,4,3,2,3,2,2,3,3,3,3,2,3,4,3,0,3,0,4,3,1,1,0,3,4,4,0,3,3,0,4,3,3,4,0,2,3,3,0,2,3,2,4,0,3,1,4,3,0,4,3,3,0,2,4,3,4,0,3,0,1,0,2,0,3,0,0,0,2,0,4,3,3,0,4,2,2,3,2,2,2,1,4,2,0,0,3,2,4,0,0,0,0,1,0,3,4,2,0,2,0,0,1,0,0,2,1,3,4,2,2,2,3,0,0,3,0,3,3,0,3,3,0,3,0,2,0,3,3,0,3,0,0,4,0,3,3,2,0,3,3,0,3,4,2,3,2,0,2,2,4,0,2,4,0,2,4,0,0,2,3,4,3,1,0,3,4,3,2,2,0,0,3,2,0,2,3,0,1,0,3,2,3,0,2,4,1,3,0,2,4,2,1,2,4,3,4,0,3,0,0,2,2,1,1,4,3,4,0,0,3,0,3,1,0,1,2,3,4,3,2,1,0,1,2,2,1,2,3,0,0,2,3,3,2,4,0,2,0,3,0,0,0,2,4,2,1,3,4,3,4,4,3,3,0,2,3,1,1,4,0,3,2,4,4,4,2,2,1,3,1,0,0,0,2,0,0,2,3,2,3,0,2,0,3,0,0,2,0,3,3,4,3,0,3,2,4,0,2,4,3,3,4,3,0,3,4,2,3,0,0,4,2,1,0,0,1,3,2,4,4,0,1,2,4,3,4,1,4,2,4,0,3,2,2,2,0,4,0,3,3,3,0,1,4,2,1,0,3,2,4,0,1,3,1,2,0,0,0,2,2,0,4,3,3,0,4,0,3,3,2,4,0,0,4,0,0,0,0,2,4,4,0,0,1,0,2,4,1,2,2,2,0,2,0,4,4,0,2,2,1,3,2,4,2,3,3,2,3,4,1,0,3,0,2,2,3,4,4,0,0,3,4,2,2,3,2,3,4,0,3,1,3,4,3,0,3,3,3,4,4,1,0,2,4,3,1,1,1,3,1,4,0,1,0,4,0,0,3,0,3,0,0,3,3,0,4,1,4,3,0,2,2,0,1,4,4,0,0,0,1,0,2,3,3,2,0,1,4,1,2,0,4,4,0,0,1,3,0,3,1,3,3,0,1,1,2,0,0,0,1,4,3,2,0,0,4,1,2,1,1,1,3,1,1,2,0,1,4,2,1,0,1,2,1,0,2,3,2,2,3,3,2,0,4,2,3,0,0,0,1,0,0,0,0,0,4,2,2,1,2,2,1,0,2,3,0,3,0,4,0,2,1,4,2,0,4,2,0,0,3,3,4,1,2,4,1,2,0,1,0,3,4,3,0,0,3,4,1,0,1,2,0,4,0,1,2,0,4,3,4,3,1,0,0,3,2,0,3,0,3,0,1,0,3,2,3,1,2,1,0,2,4,0,0,0,1,2,3,2,4,3,3,2,3,0,2,3,1,4,2,3,1,0,2,3,1,0,1,0,2,1,3,0,1,0,3,1,2,0,1,1,2,1,0,2,1,2,2,3,0,2,0,2,0,0,0,2,1,2,2,0,4,1,0,3,1,4,1,3,0,3,2,3,1,4,1,0,2,1,0,2,3,0,4,2,3,3,0,2,0,2,2,1,1,1,0,3,0,0,2,3,0,3,2,3,3,1,1,0,2,1,0,0,0,2,1,1,1,3,1,1,1,4,0,3,3,2,2,1,1,3,4,2,3,3,2,2,0,1,0,2,1,2,1,2,1,1,3,0,0,0,3,0,3,1,1,4,1,1,1,4,2,3,3,0,0,3,4,2,2,1,1,3,3,0,0,3,2,3,2,1,0,1,1,2,1,1,0,2,1,1,1,1,1,2,0,1,3,1,2,4,2,1,2,2,1,1,3,0,4,4,0,1,1,2,2,0,1,1,2,1,4,2,4,2,2,1,3,1,0,3,1,3,1,1,0,1,1,1,2,1,1,3,4,3,0,2,0,0,0,3,1,2,0,1,0,1,2,3,0,4,0,3,2,0,3,1,4,0,1,1,4,0,2,3,0,1,2,3,2,0,2,2,0,1,2,2,1,4,2,2,2,2,1,1,1,3,1,1,2,2,1,0,3,3,1,2,0,4,3,0,0,2,1,1,0,2,1,1,4,3,2,2,1,3,3,3,1,3,4,0,3,4,0,3,4,1,1,2,1,0,1,1,4,2,0,3,0,2,0,0,1,4,2,2,3,1,1,0,2,4,0,1,1,0,0,2,0,1,1,2,4,2,1,3,2,1,3,1,1,4,1,3,1,3,2,1,1,1,1,0,2,3,2,2,1,3,4,1,0,1,1,3,0,0,2,1,3,0,3,2,1,1,1,1,0,1,2,0,3,0,1,1,0,3,3,2,0,3,1,0,0,1,4,2,4,0,3,0,1,3,0,4,0,4,1,0,3,4,3,3,0,3,3,0,1,3,3,1,0,0,4,0,0,3,4,3,0,0,3,2,2,2,1,3,2,1,4,1,1,2,3,0,4,2,0,0,0,4,4,1,2,1,0,4,0,3,2,0,2,1,0,1,4,1,4,3,3,3,4,4,3,2,0,0,1,1,1,1,1,0,4,3,2,1,2,1,3,0,4,3,0,0,1,3,3,1,1,2,0,4,1,3,2,4,1,2,1,3,3,4,2,4,1,1,2,2,3,2,2,4,4,2,3,0,2,0,4,2,2,0,3,3,2,1,4,4,0,0,3,4,2,0,4,4,3,4,3,3,3,2,2,3,0,2,3,2,1,0,1,2,1,4,2,2,2,0,4,2,4,2,4,2,3,1,1,2,2,1,0,1,0,1,1,4,1,0,0,0,0,3,1,0,1,1,1,3,2,2,1,1,1,1,4,3,3,1,0,2,4,4,4,4,1,2,0,0,1,2,2,0,0,4,3,3,0,3,0,2,1,1,3,4,2,0,1,1,0,3,1,0,3,1,1,3,2,0,1,3,4,0,0,2,1,2,2,0,0,1,0,1,4,3,0,1,2,0,1,0,1,1,2,4,0,3,2,2,1,1,0,3,3,2,1,2,1,1,2,4,4,3,2,1,1,4,0,2,3,1,1,4,4,1,2,1,4,1,0,1,2,3,1,0,0,4,1,2,1,1,1,0,0,4,3,0,3,0,4,1,0,2,0,2,1,0,1,2,0,3,1,3,1,1,4,3,0,4,2,0,2,0,1,3,2,0,3,3,1,2,3,1,0,1,2,0,4,1,3,0,0,4,1,3,2,1,2,4,3,3,0,0,0,3,1,0,3,0,4,2,0,1,3,2,3,3,0,1,3,3,3,1,4,4,1,1,1,0,1,0,1,3,2,0,1,0,4,2,0,3,2,1,2,2,3,3,2,1,2,2,1,0,2,0,0,3,1,1,0,0,0,0,4,1,3,3,0,3,1,2,1,0,3,4,0,4,2,3,0,3,2,1,0,1,2,1,0,3,2,0,0,2,2,3,3,1,2,3,3,1,1,3,1,1,1,1,0,0,1,1,0,3,3,1,2,1,1,1,1,3]",ok,
93,quantile,5,0.15,0.2589753462438318,-0.1685103905961039,23,"fused_3_high, fused_1_high, fused_1_low, fused_1_medium, fused_1_veryhigh, fused_2_high, fused_2_low, fused_2_medium, fused_3_low, fused_3_veryhigh, fused_4_high, fused_4_low, fused_4_medium, fused_4_veryhigh, fused_5_high, fused_5_low, fused_5_medium, fused_1_verylow, fused_2_verylow, fused_3_verylow, fused_5_verylow, fused_3_medium, fused_2_veryhigh+fused_4_verylow+fused_5_veryhigh","[359, 360, 360, 341, 379]",0.1,0.4,0.6,2.0,"{""fused_1"":0.5496131797532966,""fused_2"":0.14907792748421134,""fused_3"":0.3769284644905654,""fused_4"":0.5468908167440424,""fused_5"":0.5137792475431529}","{""fused_3_high"":0.6750242946147285,""fused_1_high"":0.7221054659341561,""fused_1_low"":0.6978053009526413,""fused_1_medium"":0.6976127262400256,""fused_1_veryhigh"":0.4820178567176252,""fused_2_high"":0.37684730964668267,""fused_2_low"":0.3782876635936886,""fused_2_medium"":0.3782876635936886,""fused_3_low"":0.6585701290687664,""fused_3_veryhigh"":0.5955707026948832,""fused_4_high"":0.705847371115053,""fused_4_low"":0.6818601997011088,""fused_4_medium"":0.6997088016638966,""fused_4_veryhigh"":0.6378604680359446,""fused_5_high"":0.5546992729175296,""fused_5_low"":0.6663649834202292,""fused_5_medium"":0.6939296721873875,""fused_1_verylow"":0.6259829712962713,""fused_2_verylow"":0.3784456203739811,""fused_3_verylow"":0.5170350072442412,""fused_5_verylow"":0.6315253044832059,""fused_3_medium"":0.6831440688738033,""fused_2_veryhigh+fused_4_verylow+fused_5_veryhigh"":0.3841542720919025}","{""fused_1"":0.12166025688879628,""fused_2"":0.44853105866618603,""fused_3"":0.1773972701388486,""fused_4"":0.12226586841656387,""fused_5"":0.13014554588960517}","{""fused_3_high"":0.03578794111418691,""fused_1_high"":0.03345457256034707,""fused_1_low"":0.034619584679762984,""fused_1_medium"":0.03462914135256985,""fused_1_veryhigh"":0.05011791444994017,""fused_2_high"":0.0641048220006315,""fused_2_low"":0.06386073888009418,""fused_2_medium"":0.06386073888009418,""fused_3_low"":0.03668209145847087,""fused_3_veryhigh"":0.040562320471787386,""fused_4_high"":0.03422514653296024,""fused_4_low"":0.03542915353749481,""fused_4_medium"":0.03452540492397802,""fused_4_veryhigh"":0.037873063023802445,""fused_5_high"":0.04355103906889225,""fused_5_low"":0.03625299994355029,""fused_5_medium"":0.03481293663400799,""fused_1_verylow"":0.038591672320242486,""fused_2_verylow"":0.06383408449130608,""fused_3_verylow"":0.04672358615536768,""fused_5_verylow"":0.03825298770266438,""fused_3_medium"":0.03536256963504443,""fused_2_veryhigh+fused_4_verylow+fused_5_veryhigh"":0.06288549018280375}","{""fused_1"":0.6083012844439815,""fused_2"":2.2426552933309303,""fused_3"":0.886986350694243,""fused_4"":0.6113293420828193,""fused_5"":0.6507277294480258}","{""fused_3_high"":0.8231226456262989,""fused_1_high"":0.7694551688879826,""fused_1_low"":0.7962504476345487,""fused_1_medium"":0.7964702511091065,""fused_1_veryhigh"":1.152712032348624,""fused_2_high"":1.4744109060145245,""fused_2_low"":1.4687969942421661,""fused_2_medium"":1.4687969942421661,""fused_3_low"":0.84368810354483,""fused_3_veryhigh"":0.9329333708511098,""fused_4_high"":0.7871783702580856,""fused_4_low"":0.8148705313623806,""fused_4_medium"":0.7940843132514945,""fused_4_veryhigh"":0.8710804495474562,""fused_5_high"":1.0016738985845217,""fused_5_low"":0.8338189987016567,""fused_5_medium"":0.8006975425821837,""fused_1_verylow"":0.8876084633655772,""fused_2_verylow"":1.4681839433000399,""fused_3_verylow"":1.0746424815734568,""fused_5_verylow"":0.8798187171612808,""fused_3_medium"":0.8133391016060219,""fused_2_veryhigh+fused_4_verylow+fused_5_veryhigh"":1.4463662742044863}",0.1237425895809243,0.0200111172873818,"[0,0,0,0,1,4,0,3,0,1,3,4,3,2,2,0,4,2,0,0,2,2,0,0,2,0,4,4,4,2,0,4,0,1,0,1,2,1,2,1,1,2,4,4,2,0,0,0,1,3,1,3,4,1,4,0,1,2,1,1,2,0,0,1,1,2,4,1,0,0,2,1,0,1,0,0,0,4,4,0,4,2,4,2,0,0,0,0,4,0,1,4,0,1,4,1,3,1,1,2,4,3,4,1,0,3,2,2,4,0,4,3,4,4,2,2,1,2,2,0,2,4,1,4,1,0,2,3,2,2,0,2,0,1,2,0,2,2,2,0,4,2,3,0,0,0,0,4,1,4,1,2,2,0,0,0,4,0,4,2,0,3,2,4,2,0,4,1,2,0,4,1,0,4,4,0,0,3,3,2,2,0,2,0,3,1,4,4,1,4,0,0,0,1,1,1,0,0,4,2,0,4,1,1,3,2,4,3,1,0,4,2,0,0,2,1,4,4,2,0,2,1,0,0,0,1,0,4,1,2,0,1,4,1,4,4,1,1,1,1,4,1,0,1,0,1,0,0,1,3,3,2,1,0,0,2,1,1,0,0,1,1,0,0,4,1,1,2,4,1,4,0,0,1,3,0,1,2,0,1,1,2,4,0,1,0,2,1,2,3,0,4,2,1,2,0,0,4,2,0,1,0,2,0,4,4,1,4,4,4,3,0,4,0,2,1,4,0,2,2,2,2,3,0,1,0,4,2,4,0,2,3,2,2,4,4,1,0,4,4,4,1,2,2,1,2,1,1,2,1,1,2,1,0,4,2,1,1,2,1,0,2,0,0,1,1,4,2,1,1,2,1,0,4,1,4,2,4,4,0,2,4,0,0,4,0,2,2,4,1,0,1,3,2,1,0,1,4,4,0,2,1,4,0,4,1,0,3,2,1,4,1,2,4,0,3,1,0,4,0,4,3,4,0,1,0,2,1,0,0,4,4,3,3,0,1,0,2,2,1,2,1,3,2,3,4,1,0,1,4,3,0,3,4,4,3,4,1,0,2,4,1,1,4,0,2,4,2,1,2,2,2,4,0,4,3,1,0,1,0,0,1,1,2,4,1,3,3,0,0,1,4,0,0,0,4,4,3,1,3,2,2,2,4,2,2,0,1,4,1,2,4,2,1,2,2,4,0,1,1,0,1,2,1,4,0,2,4,0,1,1,0,1,0,1,0,4,1,2,2,0,4,3,2,0,3,1,4,0,0,2,3,4,0,1,0,3,0,4,0,0,1,4,4,4,2,0,2,1,1,1,0,4,0,4,3,2,1,4,0,0,3,1,3,4,2,2,2,4,4,2,0,1,1,0,0,0,0,1,4,0,2,0,0,2,2,2,2,4,0,0,2,0,3,2,4,0,3,4,4,4,2,4,2,0,0,2,4,4,3,1,4,0,4,1,1,4,1,0,3,2,1,2,4,4,1,0,0,0,2,1,0,4,4,1,4,1,0,2,1,3,1,0,1,2,1,1,1,0,0,3,2,4,0,1,3,3,3,1,3,0,0,3,2,0,2,2,1,0,1,0,2,1,1,2,0,3,0,1,2,4,4,2,3,0,0,2,0,2,3,2,4,1,1,4,2,3,0,4,4,2,0,0,0,2,3,1,2,1,3,1,1,2,3,3,4,2,2,2,3,0,1,4,2,0,0,3,4,3,3,3,1,4,3,4,2,3,0,4,3,2,3,4,3,2,4,1,4,4,1,1,4,2,0,4,1,2,2,0,3,2,2,2,2,2,0,4,4,3,4,4,3,2,4,1,2,1,2,0,2,4,3,0,4,2,0,4,2,2,1,1,0,3,4,0,3,4,2,3,2,1,0,1,2,0,1,0,3,2,3,4,0,0,0,3,4,2,0,1,0,1,3,2,0,1,4,2,1,2,1,2,3,2,1,4,1,3,4,3,2,4,0,2,2,0,3,4,1,4,0,1,1,4,1,2,4,1,3,0,4,1,3,2,4,1,3,2,4,2,4,3,1,2,3,0,1,3,4,0,3,3,4,3,2,4,3,4,4,1,2,4,2,4,2,2,2,4,3,4,4,2,0,3,0,1,3,0,3,1,2,1,4,0,3,0,3,0,4,3,2,4,1,2,0,4,1,1,2,4,2,4,4,3,3,3,2,1,2,2,4,1,2,1,4,1,1,3,3,2,4,3,2,2,2,4,3,3,3,1,3,3,3,0,2,1,1,4,4,3,3,1,0,4,1,1,4,4,2,3,2,4,3,4,3,4,4,3,1,0,2,2,1,2,1,3,3,0,3,3,3,0,4,1,1,2,2,1,0,4,4,3,3,1,1,2,0,1,4,1,4,3,2,3,3,4,4,3,2,4,3,3,3,3,3,4,2,3,1,3,4,0,4,3,4,4,4,3,1,2,0,0,0,3,3,4,4,2,3,3,4,3,0,4,0,4,4,3,1,3,2,1,3,1,3,3,2,3,3,3,4,3,3,1,0,1,2,4,2,2,2,1,3,4,2,3,2,3,4,1,2,0,2,1,4,2,1,3,0,2,3,3,0,2,4,1,2,3,4,1,4,0,4,4,2,3,4,4,3,0,4,4,4,4,3,3,3,1,3,3,4,4,3,2,1,1,4,4,2,0,1,2,0,4,3,3,2,4,3,3,0,1,4,4,3,1,1,1,3,1,0,2,1,0,2,1,0,3,3,4,3,0,3,3,0,4,2,1,2,4,2,2,3,0,4,4,1,3,3,0,4,0,2,3,3,2,0,4,2,3,3,4,0,4,3,1,4,3,1,3,3,0,3,1,3,1,4,3,3,3,3,2,4,1,4,4,3,1,0,3,2,3,3,1,2,0,4,3,1,0,1,4,3,3,3,3,2,3,4,2,1,2,3,3,2,1,1,4,2,1,3,2,2,3,0,4,0,2,1,0,4,1,2,0,2,0,3,2,1,0,1,1,2,1,1,2,3,1,1,3,2,2,0,2,2,1,0,1,2,2,1,4,4,4,3,1,4,3,0,3,4,4,1,0,0,4,0,2,2,0,0,3,4,3,2,0,2,1,4,2,4,3,2,3,0,3,0,1,1,1,0,0,1,4,2,2,3,3,3,3,3,2,0,1,4,3,4,3,1,2,0,1,2,2,3,1,1,3,3,4,2,0,3,1,4,0,4,4,3,1,1,0,4,0,3,3,4,4,1,4,4,0,0,4,1,0,4,0,0,4,4,2,1,1,4,3,0,0,2,0,1,0,4,2,0,0,1,0,1,1,0,4,4,1,2,4,1,4,3,2,3,4,3,0,4,4,4,2,0,4,0,4,0,4,1,3,3,4,4,3,2,3,2,3,3,0,3,2,2,0,2,1,3,2,3,3,3,1,4,4,3,3,3,3,0,1,1,3,2,4,0,0,0,0,3,4,0,2,4,4,4,2,2,0,1,1,2,1,2,4,3,3,1,0,4,2,3,3,2,1,3,0,0,3,3,1,4,2,3,1,0,2,2,4,3,4,4,2,2,3,2,3,0,1,2,3,4,0,3,2,3,3,4,0,2,1,4,4,3,3,0,1,1,4,3,4,3,3,4,0,0,1,4,3,3,0,2,4,1,3,3,0,0,3,4,3,0,3,2,3,4,1,3,2,2,0,3,4,3,3,3,0,2,0,1,2,1,0,0,3,0,4,2,4,3,2,4,4,0,1,3,1,4,3,0,1,2,0,4,0,4,2,3,1,4,2,1,1,3,4,1,3,2,3,4,0,0,3,1,2,2,0,3,1,4,3,4,0,1,1,2,0,2,1,3,2,1,2,0,4,2,3,1,4,1,1,2,3,1,1,1,3,0,0,3,3,3,2,3,2,3,1,4,2,3,2,0,4,2,0,4,3,4,4,1,1,4,3,4,4,3,2,4,2,2,1,3,3,2,2,2,0,0,3,1,1,2,1,3,4,3,2,1,0,2,0,4,1,2,1,4,4,2,3,4,3,2,1,4,0,2,4,4,1,1,3,4,1,1,3,3,1,3,3,3,3,2,2,3,3,2,1,1,3,4,3,3,3,4,1]",ok,
94,quantile,5,0.1,0.2490835940666942,-0.1784021427732414,21,"fused_3_high, fused_1_high, fused_1_low, fused_1_medium, fused_2_low, fused_2_medium, fused_3_low, fused_4_high, fused_4_low, fused_4_medium, fused_5_low, fused_5_medium, fused_1_verylow, fused_5_verylow, fused_3_medium, fused_2_veryhigh+fused_4_verylow+fused_5_veryhigh, fused_1_veryhigh+fused_2_high, fused_2_high+fused_3_verylow, fused_3_veryhigh+fused_4_veryhigh, fused_2_verylow+fused_5_high, fused_1_veryhigh+fused_3_verylow","[410, 282, 452, 353, 302]",0.3,0.7,0.1,4.0,"{""fused_1"":0.44927843044026805,""fused_2"":0.06960419438675818,""fused_3"":0.33187687965125906,""fused_4"":0.48384115361832425,""fused_5"":0.3002660153110492}","{""fused_3_high"":0.8992290027618416,""fused_1_high"":0.8972531365708463,""fused_1_low"":0.9147909616763013,""fused_1_medium"":0.9124344694121618,""fused_2_low"":0.6911598573443849,""fused_2_medium"":0.6965283502717405,""fused_3_low"":0.8741355796447757,""fused_4_high"":0.9121670686052646,""fused_4_low"":0.8963482247118897,""fused_4_medium"":0.9035592630234252,""fused_5_low"":0.8959097722974838,""fused_5_medium"":0.9008092242454769,""fused_1_verylow"":0.8655572240630643,""fused_5_verylow"":0.8689529082496887,""fused_3_medium"":0.9125227391008639,""fused_2_veryhigh+fused_4_verylow+fused_5_veryhigh"":0.7055841377270963,""fused_1_veryhigh+fused_2_high"":0.7217604637776134,""fused_2_high+fused_3_verylow"":0.7399450663851534,""fused_3_veryhigh+fused_4_veryhigh"":0.8721166698103494,""fused_2_verylow+fused_5_high"":0.7385875891212291,""fused_1_veryhigh+fused_3_verylow"":0.7856335787954641}","{""fused_1"":0.1642707788265001,""fused_2"":0.30585836930812343,""fused_3"":0.1817215809430153,""fused_4"":0.1602622506554924,""fused_5"":0.1878870202668687}","{""fused_3_high"":0.04641132512585502,""fused_1_high"":0.046445368040871994,""fused_1_low"":0.04614664323353011,""fused_1_medium"":0.04618633584697771,""fused_2_low"":0.0506665385361922,""fused_2_medium"":0.05053603186815119,""fused_3_low"":0.046851245192206854,""fused_4_high"":0.04619084856446571,""fused_4_low"":0.046460992485182394,""fused_4_medium"":0.04633706509161072,""fused_5_low"":0.04646857048493548,""fused_5_medium"":0.046384170615608206,""fused_1_verylow"":0.047005514278346476,""fused_5_verylow"":0.046944205145020984,""fused_3_medium"":0.046184846574519704,""fused_2_veryhigh+fused_4_verylow+fused_5_veryhigh"":0.05031889947716529,""fused_1_veryhigh+fused_2_high"":0.04994013447390336,""fused_2_high+fused_3_verylow"":0.04952763351756406,""fused_3_veryhigh+fused_4_veryhigh"":0.046887370153992636,""fused_2_verylow+fused_5_high"":0.04955795783280876,""fused_1_veryhigh+fused_3_verylow"":0.04854830346109123}","{""fused_1"":0.8213538941325005,""fused_2"":1.5292918465406171,""fused_3"":0.9086079047150765,""fused_4"":0.801311253277462,""fused_5"":0.9394351013343436}","{""fused_3_high"":0.9746378276429554,""fused_1_high"":0.9753527288583119,""fused_1_low"":0.9690795079041323,""fused_1_medium"":0.969913052786532,""fused_2_low"":1.063997309260036,""fused_2_medium"":1.0612566692311751,""fused_3_low"":0.9838761490363439,""fused_4_high"":0.9700078198537799,""fused_4_low"":0.9756808421888302,""fused_4_medium"":0.9730783669238252,""fused_5_low"":0.9758399801836452,""fused_5_medium"":0.9740675829277723,""fused_1_verylow"":0.987115799845276,""fused_5_verylow"":0.9858283080454406,""fused_3_medium"":0.9698817780649138,""fused_2_veryhigh+fused_4_verylow+fused_5_veryhigh"":1.056696889020471,""fused_1_veryhigh+fused_2_high"":1.0487428239519705,""fused_2_high+fused_3_verylow"":1.0400803038688453,""fused_3_veryhigh+fused_4_veryhigh"":0.9846347732338454,""fused_2_verylow+fused_5_high"":1.040717114488984,""fused_1_veryhigh+fused_3_verylow"":1.019514372682916}",0.1440962593485973,0.0327959977765425,"[4,0,4,4,2,1,4,3,4,2,3,1,3,0,0,2,1,0,4,4,0,0,4,4,0,4,1,1,2,0,4,1,4,2,4,2,0,2,0,2,2,0,1,1,0,4,4,4,2,3,2,3,1,2,1,4,2,0,2,2,0,4,4,2,2,0,2,2,4,4,0,2,4,2,4,4,0,1,1,4,1,0,1,0,0,4,4,4,1,4,2,2,4,2,1,2,3,2,2,0,1,3,1,2,4,3,0,0,1,4,1,3,1,1,0,0,2,0,0,4,0,1,2,1,2,4,0,3,0,0,4,0,4,2,0,0,0,0,0,4,1,0,3,4,4,4,2,1,2,1,2,0,0,4,4,4,1,4,1,0,4,3,0,1,0,4,1,2,0,0,2,2,4,2,1,4,0,3,3,0,0,4,0,4,3,2,1,1,2,1,4,4,4,2,2,2,4,4,1,0,4,1,2,2,3,0,1,3,2,4,2,0,4,4,0,2,1,1,0,4,0,2,4,4,4,2,4,2,2,0,4,2,1,2,1,1,2,2,2,2,1,2,4,2,4,2,4,4,2,3,3,0,2,4,4,0,2,2,4,4,2,2,4,4,1,2,2,0,2,2,1,4,4,2,3,4,2,0,4,2,2,0,2,4,2,4,0,2,0,3,0,2,0,2,0,4,4,1,0,4,2,2,0,4,1,1,2,1,2,1,3,4,2,4,0,2,1,4,0,0,0,0,3,0,2,4,1,0,1,0,0,3,0,0,1,2,2,4,1,1,1,2,0,0,2,0,2,2,0,2,2,0,2,0,1,0,2,2,0,2,0,0,4,4,2,2,1,0,2,2,0,2,4,1,2,1,0,1,2,4,0,1,4,0,2,4,0,0,1,2,4,2,3,0,2,4,2,1,1,0,0,2,1,0,1,2,0,3,0,2,2,2,0,1,4,3,2,4,1,4,2,3,1,4,2,4,0,2,0,4,1,1,3,3,4,2,4,0,0,2,0,2,3,0,3,1,2,4,2,2,3,0,3,1,1,3,1,2,4,0,1,2,2,1,4,0,1,0,2,0,0,0,1,4,1,3,2,4,2,4,4,2,2,0,1,2,3,3,4,4,2,1,4,4,4,1,1,3,2,3,0,0,0,1,0,0,2,2,1,2,0,1,0,2,0,0,1,4,2,2,4,2,0,2,1,4,0,1,4,2,2,4,2,4,2,4,2,2,0,0,4,1,3,0,0,3,2,1,4,4,0,3,1,4,2,4,3,4,1,4,0,2,1,1,1,0,4,0,2,2,2,4,3,4,2,3,0,2,1,4,0,3,2,3,2,0,0,0,1,1,0,4,2,2,0,4,4,4,2,1,4,0,4,4,0,0,0,0,1,4,4,0,0,3,0,2,4,3,2,1,2,0,2,0,4,4,0,1,1,3,2,1,4,1,2,2,1,2,4,3,0,2,0,1,1,2,4,4,0,0,2,4,1,1,2,1,2,4,0,2,3,2,4,2,0,2,2,2,4,4,3,0,1,4,2,3,3,3,2,3,4,0,3,0,4,0,0,2,0,2,4,0,2,2,0,4,3,4,2,0,2,1,0,3,4,4,0,4,0,3,0,1,2,2,1,0,3,4,3,2,0,4,4,0,0,3,2,0,2,3,2,2,0,3,3,2,0,0,0,3,4,2,1,0,4,4,3,1,3,3,3,2,3,3,2,0,3,4,1,3,0,3,1,3,0,1,2,1,3,2,2,2,0,4,1,2,0,0,0,3,0,0,0,0,0,4,1,1,3,1,2,3,0,1,2,0,2,0,4,0,1,3,4,1,0,4,1,0,0,2,2,4,3,1,4,3,1,0,3,0,2,4,2,0,0,2,4,3,0,3,1,0,4,0,3,1,0,4,2,4,2,3,0,0,2,2,0,2,0,2,0,3,0,2,1,2,3,1,3,0,1,4,0,0,4,3,1,2,1,4,2,2,1,2,0,1,2,3,4,1,2,3,0,1,2,3,0,3,0,1,3,2,0,3,0,2,3,1,0,3,3,1,3,0,1,3,1,1,2,0,2,0,1,0,0,0,1,3,2,1,0,4,3,4,2,3,4,3,2,0,2,2,2,3,4,3,0,2,3,0,1,2,0,4,2,2,2,0,1,0,1,1,3,3,3,0,2,0,0,2,2,0,2,1,2,2,3,3,0,2,3,0,0,0,1,3,3,3,2,3,3,3,4,0,2,2,1,1,3,3,2,4,2,2,2,1,1,0,3,0,2,3,1,3,1,3,3,2,0,0,0,2,0,2,3,3,4,3,3,3,4,1,2,2,0,0,2,4,1,1,3,3,2,2,0,4,2,1,2,1,3,0,3,3,2,2,3,0,1,3,3,3,3,3,1,0,3,2,3,1,4,1,3,1,1,3,3,2,0,4,4,4,3,3,1,0,0,3,3,1,3,4,1,4,1,1,3,2,3,0,2,3,2,3,3,0,3,3,3,1,3,3,2,4,2,0,1,0,0,0,2,3,2,0,3,0,3,1,2,0,4,0,2,1,0,2,3,4,0,3,3,4,0,2,2,0,3,2,2,1,4,1,1,0,3,1,2,3,4,1,2,1,1,3,3,3,2,3,3,1,1,3,0,2,2,3,1,0,4,2,0,4,2,3,3,0,2,3,3,4,2,1,1,3,2,2,2,3,2,4,0,2,4,0,2,4,3,3,1,3,0,3,3,4,2,0,2,0,2,0,0,3,4,2,2,2,3,3,0,2,4,0,3,3,0,0,1,0,3,3,1,4,1,3,2,1,3,2,3,3,4,3,2,3,2,3,3,3,3,3,0,1,2,1,1,3,2,4,3,0,3,3,2,0,0,2,3,2,4,2,1,3,3,3,3,0,3,1,0,2,0,3,3,0,2,2,1,0,2,3,0,0,3,4,1,4,0,2,4,2,2,0,4,0,4,3,0,2,4,2,2,0,2,2,0,3,2,2,3,0,0,4,0,0,2,4,2,0,0,2,1,1,1,3,2,1,3,4,3,2,1,2,0,4,1,4,0,0,4,4,3,1,3,0,4,0,2,2,0,1,3,0,3,4,3,4,2,2,2,4,4,2,1,0,0,3,3,3,3,3,0,4,2,2,3,2,3,2,0,4,2,0,0,3,2,2,3,3,2,0,4,3,2,2,4,3,1,3,2,2,4,1,4,3,3,2,1,2,1,1,4,4,2,2,4,1,2,4,1,2,0,2,2,1,3,4,4,0,4,2,4,2,0,4,4,2,4,2,2,2,1,1,2,0,1,2,1,3,0,3,2,3,4,1,2,1,0,4,1,4,1,4,1,2,3,3,1,1,3,0,3,0,3,3,4,3,0,0,4,0,2,3,0,3,3,3,2,1,1,3,3,3,3,4,2,2,3,0,1,4,4,4,4,3,2,0,0,2,2,1,0,0,4,2,2,0,2,0,1,3,3,2,4,1,0,3,3,0,2,3,0,2,3,3,2,2,0,3,2,4,0,0,2,3,1,1,0,0,3,0,3,4,2,0,3,1,0,3,0,3,3,2,4,0,2,1,1,3,3,0,2,2,1,3,1,3,3,1,4,4,2,1,3,3,4,0,1,2,3,3,4,4,3,1,3,4,3,0,3,2,2,3,0,0,4,3,1,3,3,3,4,0,4,2,0,2,4,4,3,4,2,0,1,3,0,3,2,4,2,3,2,3,3,4,2,0,4,1,0,1,0,3,2,1,0,2,2,3,1,2,3,0,3,1,0,4,3,2,0,0,4,3,2,1,3,1,4,2,2,0,0,0,2,3,0,2,0,4,1,0,3,2,1,2,2,0,3,2,2,2,3,4,4,3,3,3,0,3,0,3,2,2,0,3,0,4,2,0,4,1,3,1,1,2,2,1,3,1,1,3,0,1,0,0,2,3,3,0,0,0,0,4,3,2,2,0,2,3,1,3,0,2,4,0,4,2,2,0,2,1,2,0,3,1,3,0,2,1,0,0,1,1,2,2,3,1,2,2,3,3,2,3,3,3,3,0,0,3,3,0,2,2,3,2,3,3,3,2,2]",ok,
95,quantile,7,1.0,0.4274857368399357,0.0,0,,[],,,,,,,,,,,,,,baseline_no_features,
96,quantile,7,0.95,0.4274857368399357,0.0,0,,[],,,,,,,,,,,,,,baseline_no_features,
97,quantile,7,0.9,0.4274857368399357,0.0,0,,[],,,,,,,,,,,,,,baseline_no_features,
98,quantile,7,0.85,0.4274857368399357,0.0,0,,[],,,,,,,,,,,,,,baseline_no_features,
99,quantile,7,0.8,0.4274857368399357,0.0,0,,[],,,,,,,,,,,,,,baseline_no_features,
100,quantile,7,0.75,0.4274857368399357,0.0,0,,[],,,,,,,,,,,,,,baseline_no_features,
101,quantile,7,0.7,0.4274857368399357,0.0,0,,[],,,,,,,,,,,,,,baseline_no_features,
102,quantile,7,0.65,0.4274857368399357,0.0,0,,[],,,,,,,,,,,,,,baseline_no_features,
103,quantile,7,0.6,0.4274857368399357,0.0,0,,[],,,,,,,,,,,,,,baseline_no_features,
104,quantile,7,0.55,0.4274857368399357,0.0,0,,[],,,,,,,,,,,,,,baseline_no_features,
105,quantile,7,0.5,0.4274857368399357,0.0,0,,[],,,,,,,,,,,,,,baseline_no_features,
106,quantile,7,0.45,0.4274857368399357,0.0,0,,[],,,,,,,,,,,,,,baseline_no_features,
107,quantile,7,0.4,0.4274857368399357,0.0,0,,[],,,,,,,,,,,,,,baseline_no_features,
108,quantile,7,0.35,0.4274857368399357,0.0,0,,[],,,,,,,,,,,,,,baseline_no_features,
109,quantile,7,0.3,0.4274857368399357,0.0,0,,[],,,,,,,,,,,,,,baseline_no_features,
110,quantile,7,0.25,0.4274857368399357,0.0,0,,[],,,,,,,,,,,,,,baseline_no_features,
111,quantile,7,0.2,0.4274857368399357,0.0,0,,[],,,,,,,,,,,,,,baseline_no_features,
112,quantile,7,0.15,0.4274857368399357,0.0,0,,[],,,,,,,,,,,,,,baseline_no_features,
113,quantile,7,0.1,0.1910142636067457,-0.23647147323319,35,"fused_3_high, fused_1_high, fused_1_low, fused_1_medium, fused_1_megahigh, fused_1_megalow, fused_1_veryhigh, fused_1_verylow, fused_2_high, fused_2_low, fused_2_medium, fused_2_megalow, fused_2_veryhigh, fused_2_verylow, fused_3_low, fused_3_megahigh, fused_3_megalow, fused_3_veryhigh, fused_3_verylow, fused_4_high, fused_4_low, fused_4_medium, fused_4_megahigh, fused_4_veryhigh, fused_4_verylow, fused_5_high, fused_5_low, fused_5_medium, fused_5_megalow, fused_5_veryhigh, fused_5_verylow, fused_3_medium, fused_2_megahigh+fused_4_megalow, fused_2_megahigh+fused_5_megahigh, fused_4_megalow+fused_5_megahigh","[259, 190, 218, 518, 614]",0.3,0.7,0.8,3.0,"{""fused_1"":0.5602515491909572,""fused_2"":0.38146030020589544,""fused_3"":0.5204253308499638,""fused_4"":0.4234806974301542,""fused_5"":0.336468649087234}","{""fused_3_high"":0.4587581522458879,""fused_1_high"":0.48709112643752617,""fused_1_low"":0.4587336241179522,""fused_1_medium"":0.48552691684804505,""fused_1_megahigh"":0.2631895220964888,""fused_1_megalow"":0.4749326322304308,""fused_1_veryhigh"":0.49732068843082844,""fused_1_verylow"":0.4315540329938763,""fused_2_high"":0.24199820515141166,""fused_2_low"":0.28255608270448557,""fused_2_medium"":0.5448032477483941,""fused_2_megalow"":0.23006382951762114,""fused_2_veryhigh"":0.4179328804832234,""fused_2_verylow"":0.28354048087296646,""fused_3_low"":0.47799359208029446,""fused_3_megahigh"":0.4704013236979149,""fused_3_megalow"":0.38042667673635544,""fused_3_veryhigh"":0.4526258324288455,""fused_3_verylow"":0.3471971791675921,""fused_4_high"":0.5165521208204581,""fused_4_low"":0.5138266954553523,""fused_4_medium"":0.5247429353325986,""fused_4_megahigh"":0.4535723954515618,""fused_4_veryhigh"":0.4323998351477881,""fused_4_verylow"":0.3706198721924201,""fused_5_high"":0.4737804427396871,""fused_5_low"":0.5231396551343106,""fused_5_medium"":0.5219525194938414,""fused_5_megalow"":0.46714933375978895,""fused_5_veryhigh"":0.37676859318516615,""fused_5_verylow"":0.5230633786236559,""fused_3_medium"":0.5007525529305855,""fused_2_megahigh+fused_4_megalow"":0.26353123050533545,""fused_2_megahigh+fused_5_megahigh"":0.2604218493660312,""fused_4_megalow+fused_5_megahigh"":0.2551722152794379}","{""fused_1"":0.17574549023768002,""fused_2"":0.2129859961387696,""fused_3"":0.18234611258451025,""fused_4"":0.20214309586977908,""fused_5"":0.22677930516926115}","{""fused_3_high"":0.026621679843188892,""fused_1_high"":0.02583581967789198,""fused_1_low"":0.02662239155387062,""fused_1_medium"":0.02587740351055768,""fused_1_megahigh"":0.03514738801835162,""fused_1_megalow"":0.02616443424149713,""fused_1_veryhigh"":0.025568726081402045,""fused_1_verylow"":0.027447940516517114,""fused_2_high"":0.03665399203949056,""fused_2_low"":0.033921498029361626,""fused_2_medium"":0.02442910238640887,""fused_2_megalow"":0.03759267078196686,""fused_2_veryhigh"":0.027891642085022213,""fused_2_verylow"":0.03386256236392981,""fused_3_low"":0.026080524213299632,""fused_3_megahigh"":0.02629015133597394,""fused_3_megalow"":0.02923424430321301,""fused_3_veryhigh"":0.026801412646465347,""fused_3_verylow"":0.030601256533380295,""fused_4_high"":0.025088244828303543,""fused_4_low"":0.025154693019286963,""fused_4_medium"":0.024891671075891637,""fused_4_megahigh"":0.026773432024132772,""fused_4_veryhigh"":0.027421082399089747,""fused_4_verylow"":0.029618496068820648,""fused_5_high"":0.026196229644393505,""fused_5_low"":0.02492978498360631,""fused_5_medium"":0.02495811919642617,""fused_5_megalow"":0.02638150010435678,""fused_5_veryhigh"":0.02937582057408601,""fused_5_verylow"":0.02493160262919987,""fused_3_medium"":0.025480958915501284,""fused_2_megahigh+fused_4_megalow"":0.03512459365392638,""fused_2_megahigh+fused_5_megahigh"":0.035333661514270635,""fused_4_megalow+fused_5_megahigh"":0.03569526920691848}","{""fused_1"":0.8787274511884001,""fused_2"":1.064929980693848,""fused_3"":0.9117305629225513,""fused_4"":1.0107154793488955,""fused_5"":1.1338965258463056}","{""fused_3_high"":0.9317587945116113,""fused_1_high"":0.9042536887262194,""fused_1_low"":0.9317837043854718,""fused_1_medium"":0.9057091228695188,""fused_1_megahigh"":1.2301585806423068,""fused_1_megalow"":0.9157551984523996,""fused_1_veryhigh"":0.8949054128490715,""fused_1_verylow"":0.960677918078099,""fused_2_high"":1.2828897213821695,""fused_2_low"":1.1872524310276569,""fused_2_medium"":0.8550185835243105,""fused_2_megalow"":1.3157434773688401,""fused_2_veryhigh"":0.9762074729757775,""fused_2_verylow"":1.1851896827375432,""fused_3_low"":0.9128183474654872,""fused_3_megahigh"":0.9201552967590879,""fused_3_megalow"":1.0231985506124552,""fused_3_veryhigh"":0.9380494426262871,""fused_3_verylow"":1.0710439786683104,""fused_4_high"":0.878088568990624,""fused_4_low"":0.8804142556750437,""fused_4_medium"":0.8712084876562073,""fused_4_megahigh"":0.937070120844647,""fused_4_veryhigh"":0.9597378839681412,""fused_4_verylow"":1.0366473624087227,""fused_5_high"":0.9168680375537727,""fused_5_low"":0.8725424744262209,""fused_5_medium"":0.873534171874916,""fused_5_megalow"":0.9233525036524872,""fused_5_veryhigh"":1.0281537200930102,""fused_5_verylow"":0.8726060920219955,""fused_3_medium"":0.8918335620425449,""fused_2_megahigh+fused_4_megalow"":1.2293607778874234,""fused_2_megahigh+fused_5_megahigh"":1.2366781529994721,""fused_4_megalow+fused_5_megahigh"":1.2493344222421467}",0.1460255338669743,0.0461367426347971,"[0,0,0,0,3,3,0,2,0,3,2,3,2,4,4,4,3,4,0,0,4,4,0,0,4,0,3,3,3,4,4,3,0,4,0,3,4,3,4,4,4,4,3,3,4,0,0,0,3,2,3,1,3,3,3,4,4,4,3,3,4,0,0,4,3,4,3,3,0,0,4,4,0,3,0,4,4,2,3,0,3,4,3,4,4,0,0,0,3,0,4,2,0,4,3,3,2,4,3,4,3,2,2,3,0,2,4,4,3,0,3,2,3,3,4,4,3,3,4,0,4,3,3,3,4,4,4,1,4,4,0,4,4,3,4,4,4,4,4,0,3,4,1,0,0,0,4,3,4,3,4,4,4,0,0,0,3,0,3,4,0,1,4,3,4,0,3,3,4,4,3,4,0,3,3,0,4,2,1,4,4,0,4,0,2,3,3,2,4,3,0,0,4,4,3,3,0,0,3,4,4,2,4,4,2,4,3,1,3,0,3,4,0,0,4,3,3,3,4,0,4,4,0,4,0,3,0,2,4,4,0,3,3,3,3,3,4,3,3,3,3,4,0,3,0,4,4,4,3,1,2,4,3,0,0,4,3,4,4,0,3,3,0,0,3,4,4,4,3,3,3,0,4,3,1,0,4,4,0,3,3,4,3,4,3,0,4,3,4,1,4,3,4,4,4,4,0,3,4,0,3,4,4,0,3,3,3,3,3,3,2,0,3,4,4,3,3,0,4,4,4,4,1,4,3,0,3,4,3,4,4,1,4,4,3,2,3,0,3,2,3,4,4,4,4,4,4,3,4,3,4,4,4,4,3,4,3,3,4,3,4,4,0,4,3,3,3,4,3,4,4,3,0,3,3,3,4,3,3,0,4,3,0,4,3,0,4,4,3,4,0,4,2,4,3,4,3,3,3,0,4,4,3,4,3,3,4,1,4,3,3,3,4,3,0,2,4,0,3,0,3,2,3,0,4,0,4,4,4,4,3,3,2,2,0,4,0,4,4,3,4,3,2,4,1,3,3,4,3,3,1,4,1,3,3,2,3,4,4,4,3,4,4,2,0,4,3,4,4,4,4,4,3,0,3,1,3,0,4,0,0,4,4,4,3,4,2,2,0,0,3,3,0,0,0,3,3,2,3,1,4,4,4,3,4,4,3,3,3,3,4,3,4,4,4,4,3,0,4,3,0,4,4,3,3,0,4,3,4,3,3,0,3,0,3,4,3,4,3,4,4,3,2,4,4,2,4,2,0,0,4,2,3,0,3,0,2,0,3,0,4,4,3,3,3,4,0,4,4,3,3,0,2,0,3,1,4,3,3,0,4,2,4,1,3,4,4,4,3,3,4,0,3,4,4,0,4,0,4,3,0,4,0,0,4,4,4,4,3,0,0,4,4,2,4,3,0,1,3,3,3,4,3,4,0,0,4,3,3,1,4,3,4,3,4,3,3,4,0,2,4,3,4,3,3,4,0,4,4,4,3,0,3,3,3,3,3,0,4,4,2,3,0,4,3,3,4,4,0,0,1,4,3,0,4,2,2,2,3,1,0,4,2,4,0,4,4,3,0,4,4,4,4,4,4,0,1,0,4,4,3,3,4,1,0,0,4,4,4,2,4,3,3,4,3,4,1,0,2,2,4,0,0,0,4,1,4,4,4,2,4,3,4,2,2,3,4,4,4,1,0,4,3,4,4,0,1,3,1,1,2,3,2,1,3,4,1,0,3,2,4,1,3,1,4,3,3,3,2,3,3,2,4,0,3,4,4,4,0,1,4,4,4,4,4,0,3,3,2,3,3,1,4,3,3,4,4,4,0,4,3,2,0,3,4,0,3,4,4,3,3,0,2,3,0,1,3,4,2,4,4,0,4,4,4,4,4,2,4,1,3,4,0,4,1,3,4,0,4,0,3,2,4,4,4,2,4,3,4,4,4,1,4,3,3,4,2,3,2,4,3,0,4,4,4,1,3,3,3,0,4,3,3,3,4,3,3,2,0,3,4,1,4,3,3,1,4,2,4,3,2,3,4,2,4,3,1,3,4,1,2,3,1,4,3,2,3,3,4,4,2,4,3,4,4,4,3,1,3,3,4,0,1,4,4,1,0,2,3,4,4,3,4,2,0,2,4,2,2,4,3,3,4,4,3,4,3,4,3,4,3,3,2,2,2,4,3,4,4,2,4,4,3,3,3,4,2,2,4,3,2,4,4,3,3,1,1,1,3,1,2,1,0,4,4,2,3,3,2,1,3,0,2,4,4,2,3,4,2,4,2,1,3,2,3,2,1,4,4,4,4,3,4,3,2,1,0,2,1,1,0,3,4,4,4,4,3,0,3,3,1,1,3,3,4,0,4,3,3,3,1,4,1,1,2,2,2,4,3,2,1,1,2,2,3,4,1,3,1,3,0,3,1,2,3,2,2,3,4,0,0,0,2,1,3,3,4,1,1,3,2,0,3,0,2,3,2,3,1,4,3,2,3,1,1,4,2,1,1,3,1,1,4,0,4,4,3,4,4,4,3,1,3,4,2,4,2,3,3,4,0,4,4,3,4,4,2,0,4,1,2,0,4,3,4,4,1,2,4,3,4,2,3,4,1,2,2,2,0,3,3,3,3,1,1,1,2,1,2,3,2,1,4,3,3,2,3,4,0,3,4,4,2,1,1,4,3,1,2,0,3,3,3,2,3,4,4,1,4,0,4,3,0,4,4,0,1,2,3,2,4,1,1,0,3,4,4,4,3,4,4,1,0,2,2,4,1,1,4,3,0,4,1,2,4,4,2,4,2,1,3,0,3,1,4,3,1,3,2,1,4,1,3,1,4,2,1,1,1,1,4,3,3,3,3,1,3,0,1,4,1,1,3,4,0,2,1,3,4,4,3,1,2,2,1,4,1,3,4,4,4,2,2,4,3,4,3,4,3,1,4,3,1,0,3,4,3,3,0,2,4,4,0,4,0,1,4,3,4,3,3,4,3,4,4,2,3,4,1,4,4,0,4,4,3,0,4,4,4,3,3,3,3,2,3,2,2,0,1,2,3,3,4,0,3,4,4,4,0,0,1,3,2,4,0,4,4,3,4,3,1,4,2,0,1,0,4,4,4,0,0,3,3,4,4,2,1,1,2,2,4,0,4,3,1,2,2,3,4,0,3,4,4,1,4,3,1,1,3,4,0,2,3,3,0,2,3,2,4,3,0,3,0,1,2,3,2,3,2,3,0,0,2,3,4,3,4,4,2,3,4,4,3,3,1,0,0,4,0,4,4,2,4,0,0,3,0,3,3,4,3,3,4,4,2,4,3,2,4,1,3,1,0,3,3,3,4,0,2,0,3,0,3,3,2,1,3,3,2,4,2,4,1,2,0,2,4,4,4,4,4,2,4,1,2,1,4,3,3,1,1,1,2,0,4,4,2,4,3,0,0,0,0,1,3,4,4,2,3,3,4,4,0,3,3,4,4,4,3,1,1,3,0,3,4,1,1,4,4,2,4,4,1,1,4,4,4,1,3,0,4,4,3,1,3,3,4,4,2,4,1,0,4,4,1,3,4,1,4,1,1,3,0,4,3,3,3,2,2,4,3,4,3,1,3,2,2,3,0,0,4,3,1,1,0,4,3,4,1,1,0,0,2,3,2,0,2,4,1,2,4,2,4,4,0,2,3,2,1,1,0,4,0,4,4,4,4,0,2,4,2,4,3,2,4,2,2,4,4,1,3,2,1,0,3,4,0,3,4,3,4,2,3,3,4,3,4,1,3,3,1,4,1,2,4,0,2,4,4,4,0,1,4,3,1,3,4,4,3,4,4,4,4,2,4,4,4,0,3,4,1,3,3,3,4,4,2,3,3,3,2,0,0,1,2,2,4,1,4,1,3,3,4,2,4,0,3,4,0,3,1,3,3,3,4,3,1,3,3,1,4,3,4,4,3,1,2,4,4,4,4,0,2,4,4,4,4,1,2,1,4,3,0,4,4,3,3,4,3,3,2,4,1,3,2,4,3,3,4,4,3,3,3,3,2,3,3,4,1,2,3,1,2,2,2,4,4,2,1,4,3,4,1,2,2,1,1,2,3]",ok,
114,kmeans,3,1.0,0.4274857368399357,0.0,0,,[],,,,,,,,,,,,,,baseline_no_features,
115,kmeans,3,0.95,0.4274857368399357,0.0,0,,[],,,,,,,,,,,,,,baseline_no_features,
116,kmeans,3,0.9,0.4274857368399357,0.0,0,,[],,,,,,,,,,,,,,baseline_no_features,
117,kmeans,3,0.85,0.4274857368399357,0.0,0,,[],,,,,,,,,,,,,,baseline_no_features,
118,kmeans,3,0.8,0.4274857368399357,0.0,0,,[],,,,,,,,,,,,,,baseline_no_features,
119,kmeans,3,0.75,0.5287021851297503,0.1012164482898145,1,fused_4_high,"[4, 364, 12, 1407, 12]",0.8,0.2,0.2,3.0,"{""fused_1"":0.5256975518971068,""fused_2"":0.24550329091958126,""fused_3"":0.6223134102084457,""fused_4"":0.20480760502880596,""fused_5"":0.4443277679709169}","{""fused_4_high"":0.3194181553853917}","{""fused_1"":0.16468336241726308,""fused_2"":0.2409844633552804,""fused_3"":0.1513606984333696,""fused_4"":0.2638424452934336,""fused_5"":0.1791290305006533}","{""fused_4_high"":1.0}","{""fused_1"":0.8234168120863155,""fused_2"":1.204922316776402,""fused_3"":0.7568034921668481,""fused_4"":1.319212226467168,""fused_5"":0.8956451525032665}","{""fused_4_high"":1.0}",0.1931537637246377,0.0289049471928849,"[3,3,3,3,3,3,3,1,3,3,1,2,1,3,3,3,3,3,3,3,3,3,3,3,3,3,3,3,3,3,3,3,3,3,3,3,3,3,3,3,3,3,3,3,3,3,3,3,3,1,3,1,3,3,3,3,3,3,3,3,3,3,3,3,3,3,3,3,3,3,3,3,3,3,3,3,3,3,3,3,3,3,3,3,3,3,3,3,3,3,3,3,3,3,3,3,1,3,3,3,3,1,3,3,3,1,3,3,3,3,3,1,3,3,3,3,3,3,3,3,3,3,3,3,3,3,3,1,3,3,3,3,3,3,3,3,3,3,3,3,3,3,1,3,3,3,3,3,3,3,3,3,3,3,3,3,3,3,3,3,3,1,3,3,3,3,3,3,3,3,3,3,3,3,3,3,3,1,1,3,3,3,3,3,1,3,3,4,3,3,3,3,3,3,3,3,3,3,3,3,3,3,3,3,1,3,3,1,3,3,3,3,3,3,3,3,3,3,3,3,3,3,3,3,3,3,3,3,3,3,3,3,3,3,3,3,3,3,3,3,3,3,3,3,3,3,3,3,3,1,1,3,3,3,3,3,3,3,3,3,3,3,3,3,3,3,3,3,3,3,3,3,3,4,1,3,3,3,3,3,3,3,3,3,3,3,3,3,3,1,3,3,3,3,3,3,3,3,3,3,3,3,3,3,3,3,3,3,3,3,1,3,3,3,3,3,3,3,3,3,3,3,1,3,3,3,3,3,3,3,3,1,3,3,3,3,3,3,3,3,3,3,3,3,3,3,3,3,3,3,3,3,3,3,3,3,3,3,3,4,3,3,3,3,3,3,3,3,3,3,3,3,3,3,3,3,3,3,3,3,3,3,3,3,3,3,3,3,3,3,3,3,1,3,3,3,3,3,3,0,3,3,3,3,3,4,3,1,3,3,3,3,3,3,3,1,3,3,3,3,3,1,3,3,3,3,3,3,3,3,3,3,1,1,3,3,3,3,3,3,3,3,1,3,1,3,3,3,3,3,1,3,1,3,3,1,3,3,3,3,3,3,3,3,3,3,3,3,3,3,3,3,3,3,3,1,3,3,3,3,3,3,3,3,3,3,1,1,3,3,3,3,3,3,3,3,3,1,3,1,3,3,3,3,3,3,3,3,3,3,3,3,3,3,3,3,3,3,3,3,3,3,3,3,3,3,3,3,3,3,3,3,3,3,3,3,3,3,3,3,3,3,1,3,3,1,3,2,3,3,3,1,3,3,3,3,1,3,3,3,3,3,3,3,3,3,3,3,3,3,3,3,1,3,3,1,3,3,3,3,3,1,3,1,3,3,3,3,3,3,3,3,3,3,3,3,3,3,3,3,3,3,3,3,3,3,3,3,3,3,3,3,3,1,3,3,3,1,3,3,3,3,3,3,3,3,3,3,3,1,3,3,3,3,3,3,3,3,3,1,3,3,3,3,3,3,3,3,3,3,3,3,3,3,3,3,3,3,3,3,1,3,3,3,3,3,3,3,3,3,1,3,3,3,3,1,1,1,3,1,3,3,1,3,3,3,3,3,3,3,3,3,3,3,3,3,1,3,3,3,3,3,3,1,3,3,3,3,3,1,3,3,3,3,3,3,1,3,3,1,3,3,3,3,3,1,3,3,3,1,3,3,3,1,1,3,3,3,3,1,3,3,3,3,3,3,1,3,1,1,1,3,1,1,3,3,1,3,3,1,3,1,3,1,3,3,4,3,1,3,3,3,3,3,3,3,3,3,3,1,3,3,4,3,3,3,3,3,1,3,3,1,3,3,3,3,3,3,3,3,3,1,3,3,3,3,3,3,3,3,4,3,1,3,3,1,3,3,1,3,3,3,3,3,3,3,3,1,3,1,3,3,3,3,1,3,3,3,3,3,3,1,3,3,3,2,3,3,3,3,3,1,3,3,3,3,1,3,1,3,3,3,3,3,3,1,3,3,3,3,3,3,3,3,3,3,3,1,3,3,3,1,3,3,3,1,3,1,3,3,1,3,3,1,3,3,1,3,3,1,1,3,1,3,3,1,3,3,3,3,1,3,3,3,3,3,3,1,3,3,3,3,1,3,3,1,3,1,3,3,3,3,3,1,3,1,3,3,1,3,3,3,3,3,3,3,3,3,3,3,3,3,1,1,1,3,3,3,3,3,3,3,3,3,3,3,1,1,3,4,1,3,3,3,3,1,1,1,3,1,1,1,3,3,3,3,3,3,1,1,3,3,3,3,3,2,3,3,1,3,2,1,3,1,3,1,1,3,3,3,3,3,3,3,1,1,3,1,1,1,3,3,3,3,3,3,3,3,3,3,1,1,3,3,3,3,3,3,3,3,1,4,1,1,3,1,1,3,3,1,1,1,1,1,3,3,1,3,1,3,3,3,1,3,3,3,1,3,3,3,3,3,1,1,3,3,3,1,1,3,1,0,3,3,2,3,1,3,1,3,3,1,3,1,1,3,1,1,1,3,1,1,3,3,3,3,3,3,3,3,3,1,3,3,1,3,1,3,3,3,3,3,3,3,3,3,1,3,3,1,1,3,3,3,3,3,1,3,3,3,3,1,3,3,1,2,1,1,3,3,3,3,3,1,1,1,3,1,1,3,3,1,3,3,3,3,3,3,3,3,3,3,1,1,1,3,3,1,1,3,3,3,3,1,3,3,3,1,3,0,3,3,3,3,3,3,1,1,3,1,3,1,1,3,3,3,3,3,3,3,3,1,3,2,3,3,1,1,3,3,3,3,1,1,3,3,3,3,1,1,3,3,3,1,3,3,1,3,1,1,3,1,3,1,3,1,1,1,1,1,3,3,3,3,3,1,3,3,1,3,1,1,3,3,3,1,1,3,3,3,3,1,1,1,1,3,1,3,3,3,3,1,1,3,3,3,3,3,4,1,3,3,1,3,3,3,3,3,3,3,3,3,3,3,3,1,3,3,3,3,3,3,3,3,3,1,3,4,1,3,3,3,3,3,3,3,3,3,3,3,3,3,3,1,3,2,1,3,1,3,3,3,3,3,3,3,3,3,3,3,1,3,1,3,3,3,3,3,3,3,1,3,1,3,1,3,3,3,3,3,3,3,3,3,3,1,1,1,1,1,3,3,3,3,1,1,1,3,3,3,3,3,3,1,3,3,1,1,3,3,3,1,3,3,3,3,3,1,3,3,3,3,3,1,1,3,1,3,3,3,3,3,3,3,3,3,3,3,2,3,3,3,3,3,1,3,3,3,3,3,3,3,3,3,3,2,3,3,3,3,3,3,3,3,4,3,3,1,3,1,3,1,3,3,3,3,3,3,3,3,3,3,3,3,1,1,3,3,1,3,1,3,1,1,3,1,3,3,3,3,3,1,3,1,1,1,3,3,3,1,1,1,1,3,3,3,1,3,3,3,3,3,3,1,3,3,3,1,3,3,3,3,3,3,3,3,3,3,3,1,1,3,3,3,3,1,1,3,3,1,3,3,1,1,3,3,3,1,3,3,3,3,1,1,3,3,3,3,1,3,1,3,3,3,1,3,3,1,3,1,1,3,3,3,3,3,3,1,1,3,3,3,3,1,3,1,1,3,3,3,3,3,1,1,3,3,3,3,1,1,3,3,1,3,1,3,1,3,1,1,3,1,3,3,0,1,3,1,1,1,3,3,3,3,3,3,3,3,1,3,3,3,3,1,3,1,3,3,3,1,3,3,1,3,3,3,3,3,3,3,3,1,3,3,3,3,3,1,3,3,1,3,1,3,3,3,1,3,3,3,3,1,3,3,1,3,3,3,3,3,3,3,3,1,3,3,3,3,3,3,1,3,3,3,3,3,1,3,3,3,1,3,3,1,1,1,3,1,3,1,3,3,3,1,3,3,3,3,3,3,1,3,3,3,3,3,1,3,3,1,3,3,1,3,3,1,1,3,3,3,3,3,1,3,3,3,3,1,1,1,3,3,3,3,3,3,3,3,3,3,3,3,1,3,1,3,3,3,3,3,3,3,3,3,1,2,3,3,1,1,3,1,1,1,1,3,3,1,1,3,3,3,1,1,1,1,1,1,3]",ok,
120,kmeans,3,0.7,0.5287021851297503,0.1012164482898145,1,fused_4_high,"[4, 364, 12, 1407, 12]",0.8,0.2,0.2,3.0,"{""fused_1"":0.5256975518971068,""fused_2"":0.24550329091958126,""fused_3"":0.6223134102084457,""fused_4"":0.20480760502880596,""fused_5"":0.4443277679709169}","{""fused_4_high"":0.3194181553853917}","{""fused_1"":0.16468336241726308,""fused_2"":0.2409844633552804,""fused_3"":0.1513606984333696,""fused_4"":0.2638424452934336,""fused_5"":0.1791290305006533}","{""fused_4_high"":1.0}","{""fused_1"":0.8234168120863155,""fused_2"":1.204922316776402,""fused_3"":0.7568034921668481,""fused_4"":1.319212226467168,""fused_5"":0.8956451525032665}","{""fused_4_high"":1.0}",0.1931537637246377,0.0289049471928849,"[3,3,3,3,3,3,3,1,3,3,1,2,1,3,3,3,3,3,3,3,3,3,3,3,3,3,3,3,3,3,3,3,3,3,3,3,3,3,3,3,3,3,3,3,3,3,3,3,3,1,3,1,3,3,3,3,3,3,3,3,3,3,3,3,3,3,3,3,3,3,3,3,3,3,3,3,3,3,3,3,3,3,3,3,3,3,3,3,3,3,3,3,3,3,3,3,1,3,3,3,3,1,3,3,3,1,3,3,3,3,3,1,3,3,3,3,3,3,3,3,3,3,3,3,3,3,3,1,3,3,3,3,3,3,3,3,3,3,3,3,3,3,1,3,3,3,3,3,3,3,3,3,3,3,3,3,3,3,3,3,3,1,3,3,3,3,3,3,3,3,3,3,3,3,3,3,3,1,1,3,3,3,3,3,1,3,3,4,3,3,3,3,3,3,3,3,3,3,3,3,3,3,3,3,1,3,3,1,3,3,3,3,3,3,3,3,3,3,3,3,3,3,3,3,3,3,3,3,3,3,3,3,3,3,3,3,3,3,3,3,3,3,3,3,3,3,3,3,3,1,1,3,3,3,3,3,3,3,3,3,3,3,3,3,3,3,3,3,3,3,3,3,3,4,1,3,3,3,3,3,3,3,3,3,3,3,3,3,3,1,3,3,3,3,3,3,3,3,3,3,3,3,3,3,3,3,3,3,3,3,1,3,3,3,3,3,3,3,3,3,3,3,1,3,3,3,3,3,3,3,3,1,3,3,3,3,3,3,3,3,3,3,3,3,3,3,3,3,3,3,3,3,3,3,3,3,3,3,3,4,3,3,3,3,3,3,3,3,3,3,3,3,3,3,3,3,3,3,3,3,3,3,3,3,3,3,3,3,3,3,3,3,1,3,3,3,3,3,3,0,3,3,3,3,3,4,3,1,3,3,3,3,3,3,3,1,3,3,3,3,3,1,3,3,3,3,3,3,3,3,3,3,1,1,3,3,3,3,3,3,3,3,1,3,1,3,3,3,3,3,1,3,1,3,3,1,3,3,3,3,3,3,3,3,3,3,3,3,3,3,3,3,3,3,3,1,3,3,3,3,3,3,3,3,3,3,1,1,3,3,3,3,3,3,3,3,3,1,3,1,3,3,3,3,3,3,3,3,3,3,3,3,3,3,3,3,3,3,3,3,3,3,3,3,3,3,3,3,3,3,3,3,3,3,3,3,3,3,3,3,3,3,1,3,3,1,3,2,3,3,3,1,3,3,3,3,1,3,3,3,3,3,3,3,3,3,3,3,3,3,3,3,1,3,3,1,3,3,3,3,3,1,3,1,3,3,3,3,3,3,3,3,3,3,3,3,3,3,3,3,3,3,3,3,3,3,3,3,3,3,3,3,3,1,3,3,3,1,3,3,3,3,3,3,3,3,3,3,3,1,3,3,3,3,3,3,3,3,3,1,3,3,3,3,3,3,3,3,3,3,3,3,3,3,3,3,3,3,3,3,1,3,3,3,3,3,3,3,3,3,1,3,3,3,3,1,1,1,3,1,3,3,1,3,3,3,3,3,3,3,3,3,3,3,3,3,1,3,3,3,3,3,3,1,3,3,3,3,3,1,3,3,3,3,3,3,1,3,3,1,3,3,3,3,3,1,3,3,3,1,3,3,3,1,1,3,3,3,3,1,3,3,3,3,3,3,1,3,1,1,1,3,1,1,3,3,1,3,3,1,3,1,3,1,3,3,4,3,1,3,3,3,3,3,3,3,3,3,3,1,3,3,4,3,3,3,3,3,1,3,3,1,3,3,3,3,3,3,3,3,3,1,3,3,3,3,3,3,3,3,4,3,1,3,3,1,3,3,1,3,3,3,3,3,3,3,3,1,3,1,3,3,3,3,1,3,3,3,3,3,3,1,3,3,3,2,3,3,3,3,3,1,3,3,3,3,1,3,1,3,3,3,3,3,3,1,3,3,3,3,3,3,3,3,3,3,3,1,3,3,3,1,3,3,3,1,3,1,3,3,1,3,3,1,3,3,1,3,3,1,1,3,1,3,3,1,3,3,3,3,1,3,3,3,3,3,3,1,3,3,3,3,1,3,3,1,3,1,3,3,3,3,3,1,3,1,3,3,1,3,3,3,3,3,3,3,3,3,3,3,3,3,1,1,1,3,3,3,3,3,3,3,3,3,3,3,1,1,3,4,1,3,3,3,3,1,1,1,3,1,1,1,3,3,3,3,3,3,1,1,3,3,3,3,3,2,3,3,1,3,2,1,3,1,3,1,1,3,3,3,3,3,3,3,1,1,3,1,1,1,3,3,3,3,3,3,3,3,3,3,1,1,3,3,3,3,3,3,3,3,1,4,1,1,3,1,1,3,3,1,1,1,1,1,3,3,1,3,1,3,3,3,1,3,3,3,1,3,3,3,3,3,1,1,3,3,3,1,1,3,1,0,3,3,2,3,1,3,1,3,3,1,3,1,1,3,1,1,1,3,1,1,3,3,3,3,3,3,3,3,3,1,3,3,1,3,1,3,3,3,3,3,3,3,3,3,1,3,3,1,1,3,3,3,3,3,1,3,3,3,3,1,3,3,1,2,1,1,3,3,3,3,3,1,1,1,3,1,1,3,3,1,3,3,3,3,3,3,3,3,3,3,1,1,1,3,3,1,1,3,3,3,3,1,3,3,3,1,3,0,3,3,3,3,3,3,1,1,3,1,3,1,1,3,3,3,3,3,3,3,3,1,3,2,3,3,1,1,3,3,3,3,1,1,3,3,3,3,1,1,3,3,3,1,3,3,1,3,1,1,3,1,3,1,3,1,1,1,1,1,3,3,3,3,3,1,3,3,1,3,1,1,3,3,3,1,1,3,3,3,3,1,1,1,1,3,1,3,3,3,3,1,1,3,3,3,3,3,4,1,3,3,1,3,3,3,3,3,3,3,3,3,3,3,3,1,3,3,3,3,3,3,3,3,3,1,3,4,1,3,3,3,3,3,3,3,3,3,3,3,3,3,3,1,3,2,1,3,1,3,3,3,3,3,3,3,3,3,3,3,1,3,1,3,3,3,3,3,3,3,1,3,1,3,1,3,3,3,3,3,3,3,3,3,3,1,1,1,1,1,3,3,3,3,1,1,1,3,3,3,3,3,3,1,3,3,1,1,3,3,3,1,3,3,3,3,3,1,3,3,3,3,3,1,1,3,1,3,3,3,3,3,3,3,3,3,3,3,2,3,3,3,3,3,1,3,3,3,3,3,3,3,3,3,3,2,3,3,3,3,3,3,3,3,4,3,3,1,3,1,3,1,3,3,3,3,3,3,3,3,3,3,3,3,1,1,3,3,1,3,1,3,1,1,3,1,3,3,3,3,3,1,3,1,1,1,3,3,3,1,1,1,1,3,3,3,1,3,3,3,3,3,3,1,3,3,3,1,3,3,3,3,3,3,3,3,3,3,3,1,1,3,3,3,3,1,1,3,3,1,3,3,1,1,3,3,3,1,3,3,3,3,1,1,3,3,3,3,1,3,1,3,3,3,1,3,3,1,3,1,1,3,3,3,3,3,3,1,1,3,3,3,3,1,3,1,1,3,3,3,3,3,1,1,3,3,3,3,1,1,3,3,1,3,1,3,1,3,1,1,3,1,3,3,0,1,3,1,1,1,3,3,3,3,3,3,3,3,1,3,3,3,3,1,3,1,3,3,3,1,3,3,1,3,3,3,3,3,3,3,3,1,3,3,3,3,3,1,3,3,1,3,1,3,3,3,1,3,3,3,3,1,3,3,1,3,3,3,3,3,3,3,3,1,3,3,3,3,3,3,1,3,3,3,3,3,1,3,3,3,1,3,3,1,1,1,3,1,3,1,3,3,3,1,3,3,3,3,3,3,1,3,3,3,3,3,1,3,3,1,3,3,1,3,3,1,1,3,3,3,3,3,1,3,3,3,3,1,1,1,3,3,3,3,3,3,3,3,3,3,3,3,1,3,1,3,3,3,3,3,3,3,3,3,1,2,3,3,1,1,3,1,1,1,1,3,3,1,1,3,3,3,1,1,1,1,1,1,3]",ok,
121,kmeans,3,0.65,0.5287021851297503,0.1012164482898145,1,fused_4_high,"[4, 364, 12, 1407, 12]",0.8,0.2,0.2,3.0,"{""fused_1"":0.5256975518971068,""fused_2"":0.24550329091958126,""fused_3"":0.6223134102084457,""fused_4"":0.20480760502880596,""fused_5"":0.4443277679709169}","{""fused_4_high"":0.3194181553853917}","{""fused_1"":0.16468336241726308,""fused_2"":0.2409844633552804,""fused_3"":0.1513606984333696,""fused_4"":0.2638424452934336,""fused_5"":0.1791290305006533}","{""fused_4_high"":1.0}","{""fused_1"":0.8234168120863155,""fused_2"":1.204922316776402,""fused_3"":0.7568034921668481,""fused_4"":1.319212226467168,""fused_5"":0.8956451525032665}","{""fused_4_high"":1.0}",0.1931537637246377,0.0289049471928849,"[3,3,3,3,3,3,3,1,3,3,1,2,1,3,3,3,3,3,3,3,3,3,3,3,3,3,3,3,3,3,3,3,3,3,3,3,3,3,3,3,3,3,3,3,3,3,3,3,3,1,3,1,3,3,3,3,3,3,3,3,3,3,3,3,3,3,3,3,3,3,3,3,3,3,3,3,3,3,3,3,3,3,3,3,3,3,3,3,3,3,3,3,3,3,3,3,1,3,3,3,3,1,3,3,3,1,3,3,3,3,3,1,3,3,3,3,3,3,3,3,3,3,3,3,3,3,3,1,3,3,3,3,3,3,3,3,3,3,3,3,3,3,1,3,3,3,3,3,3,3,3,3,3,3,3,3,3,3,3,3,3,1,3,3,3,3,3,3,3,3,3,3,3,3,3,3,3,1,1,3,3,3,3,3,1,3,3,4,3,3,3,3,3,3,3,3,3,3,3,3,3,3,3,3,1,3,3,1,3,3,3,3,3,3,3,3,3,3,3,3,3,3,3,3,3,3,3,3,3,3,3,3,3,3,3,3,3,3,3,3,3,3,3,3,3,3,3,3,3,1,1,3,3,3,3,3,3,3,3,3,3,3,3,3,3,3,3,3,3,3,3,3,3,4,1,3,3,3,3,3,3,3,3,3,3,3,3,3,3,1,3,3,3,3,3,3,3,3,3,3,3,3,3,3,3,3,3,3,3,3,1,3,3,3,3,3,3,3,3,3,3,3,1,3,3,3,3,3,3,3,3,1,3,3,3,3,3,3,3,3,3,3,3,3,3,3,3,3,3,3,3,3,3,3,3,3,3,3,3,4,3,3,3,3,3,3,3,3,3,3,3,3,3,3,3,3,3,3,3,3,3,3,3,3,3,3,3,3,3,3,3,3,1,3,3,3,3,3,3,0,3,3,3,3,3,4,3,1,3,3,3,3,3,3,3,1,3,3,3,3,3,1,3,3,3,3,3,3,3,3,3,3,1,1,3,3,3,3,3,3,3,3,1,3,1,3,3,3,3,3,1,3,1,3,3,1,3,3,3,3,3,3,3,3,3,3,3,3,3,3,3,3,3,3,3,1,3,3,3,3,3,3,3,3,3,3,1,1,3,3,3,3,3,3,3,3,3,1,3,1,3,3,3,3,3,3,3,3,3,3,3,3,3,3,3,3,3,3,3,3,3,3,3,3,3,3,3,3,3,3,3,3,3,3,3,3,3,3,3,3,3,3,1,3,3,1,3,2,3,3,3,1,3,3,3,3,1,3,3,3,3,3,3,3,3,3,3,3,3,3,3,3,1,3,3,1,3,3,3,3,3,1,3,1,3,3,3,3,3,3,3,3,3,3,3,3,3,3,3,3,3,3,3,3,3,3,3,3,3,3,3,3,3,1,3,3,3,1,3,3,3,3,3,3,3,3,3,3,3,1,3,3,3,3,3,3,3,3,3,1,3,3,3,3,3,3,3,3,3,3,3,3,3,3,3,3,3,3,3,3,1,3,3,3,3,3,3,3,3,3,1,3,3,3,3,1,1,1,3,1,3,3,1,3,3,3,3,3,3,3,3,3,3,3,3,3,1,3,3,3,3,3,3,1,3,3,3,3,3,1,3,3,3,3,3,3,1,3,3,1,3,3,3,3,3,1,3,3,3,1,3,3,3,1,1,3,3,3,3,1,3,3,3,3,3,3,1,3,1,1,1,3,1,1,3,3,1,3,3,1,3,1,3,1,3,3,4,3,1,3,3,3,3,3,3,3,3,3,3,1,3,3,4,3,3,3,3,3,1,3,3,1,3,3,3,3,3,3,3,3,3,1,3,3,3,3,3,3,3,3,4,3,1,3,3,1,3,3,1,3,3,3,3,3,3,3,3,1,3,1,3,3,3,3,1,3,3,3,3,3,3,1,3,3,3,2,3,3,3,3,3,1,3,3,3,3,1,3,1,3,3,3,3,3,3,1,3,3,3,3,3,3,3,3,3,3,3,1,3,3,3,1,3,3,3,1,3,1,3,3,1,3,3,1,3,3,1,3,3,1,1,3,1,3,3,1,3,3,3,3,1,3,3,3,3,3,3,1,3,3,3,3,1,3,3,1,3,1,3,3,3,3,3,1,3,1,3,3,1,3,3,3,3,3,3,3,3,3,3,3,3,3,1,1,1,3,3,3,3,3,3,3,3,3,3,3,1,1,3,4,1,3,3,3,3,1,1,1,3,1,1,1,3,3,3,3,3,3,1,1,3,3,3,3,3,2,3,3,1,3,2,1,3,1,3,1,1,3,3,3,3,3,3,3,1,1,3,1,1,1,3,3,3,3,3,3,3,3,3,3,1,1,3,3,3,3,3,3,3,3,1,4,1,1,3,1,1,3,3,1,1,1,1,1,3,3,1,3,1,3,3,3,1,3,3,3,1,3,3,3,3,3,1,1,3,3,3,1,1,3,1,0,3,3,2,3,1,3,1,3,3,1,3,1,1,3,1,1,1,3,1,1,3,3,3,3,3,3,3,3,3,1,3,3,1,3,1,3,3,3,3,3,3,3,3,3,1,3,3,1,1,3,3,3,3,3,1,3,3,3,3,1,3,3,1,2,1,1,3,3,3,3,3,1,1,1,3,1,1,3,3,1,3,3,3,3,3,3,3,3,3,3,1,1,1,3,3,1,1,3,3,3,3,1,3,3,3,1,3,0,3,3,3,3,3,3,1,1,3,1,3,1,1,3,3,3,3,3,3,3,3,1,3,2,3,3,1,1,3,3,3,3,1,1,3,3,3,3,1,1,3,3,3,1,3,3,1,3,1,1,3,1,3,1,3,1,1,1,1,1,3,3,3,3,3,1,3,3,1,3,1,1,3,3,3,1,1,3,3,3,3,1,1,1,1,3,1,3,3,3,3,1,1,3,3,3,3,3,4,1,3,3,1,3,3,3,3,3,3,3,3,3,3,3,3,1,3,3,3,3,3,3,3,3,3,1,3,4,1,3,3,3,3,3,3,3,3,3,3,3,3,3,3,1,3,2,1,3,1,3,3,3,3,3,3,3,3,3,3,3,1,3,1,3,3,3,3,3,3,3,1,3,1,3,1,3,3,3,3,3,3,3,3,3,3,1,1,1,1,1,3,3,3,3,1,1,1,3,3,3,3,3,3,1,3,3,1,1,3,3,3,1,3,3,3,3,3,1,3,3,3,3,3,1,1,3,1,3,3,3,3,3,3,3,3,3,3,3,2,3,3,3,3,3,1,3,3,3,3,3,3,3,3,3,3,2,3,3,3,3,3,3,3,3,4,3,3,1,3,1,3,1,3,3,3,3,3,3,3,3,3,3,3,3,1,1,3,3,1,3,1,3,1,1,3,1,3,3,3,3,3,1,3,1,1,1,3,3,3,1,1,1,1,3,3,3,1,3,3,3,3,3,3,1,3,3,3,1,3,3,3,3,3,3,3,3,3,3,3,1,1,3,3,3,3,1,1,3,3,1,3,3,1,1,3,3,3,1,3,3,3,3,1,1,3,3,3,3,1,3,1,3,3,3,1,3,3,1,3,1,1,3,3,3,3,3,3,1,1,3,3,3,3,1,3,1,1,3,3,3,3,3,1,1,3,3,3,3,1,1,3,3,1,3,1,3,1,3,1,1,3,1,3,3,0,1,3,1,1,1,3,3,3,3,3,3,3,3,1,3,3,3,3,1,3,1,3,3,3,1,3,3,1,3,3,3,3,3,3,3,3,1,3,3,3,3,3,1,3,3,1,3,1,3,3,3,1,3,3,3,3,1,3,3,1,3,3,3,3,3,3,3,3,1,3,3,3,3,3,3,1,3,3,3,3,3,1,3,3,3,1,3,3,1,1,1,3,1,3,1,3,3,3,1,3,3,3,3,3,3,1,3,3,3,3,3,1,3,3,1,3,3,1,3,3,1,1,3,3,3,3,3,1,3,3,3,3,1,1,1,3,3,3,3,3,3,3,3,3,3,3,3,1,3,1,3,3,3,3,3,3,3,3,3,1,2,3,3,1,1,3,1,1,1,1,3,3,1,1,3,3,3,1,1,1,1,1,1,3]",ok,
122,kmeans,3,0.6,0.6096136264513407,0.1821278896114049,1,fused_2_medium+fused_4_high,"[1100, 166, 61, 173, 299]",0.5,0.8,0.8,5.0,"{""fused_1"":0.45559187091993414,""fused_2"":0.23513036324342834,""fused_3"":0.5981081503597381,""fused_4"":0.31345850741935216,""fused_5"":0.5597472047844246}","{""fused_2_medium+fused_4_high"":0.15584312099675693}","{""fused_1"":0.19372845078587225,""fused_2"":0.2285652581285411,""fused_3"":0.18098495201027667,""fused_4"":0.21271219138885206,""fused_5"":0.18400914768645787}","{""fused_2_medium+fused_4_high"":1.0}","{""fused_1"":0.9686422539293613,""fused_2"":1.1428262906427054,""fused_3"":0.9049247600513833,""fused_4"":1.0635609569442603,""fused_5"":0.9200457384322893}","{""fused_2_medium+fused_4_high"":1.0}",0.14290133930227,0.0044469149527515,"[4,4,4,4,0,0,4,3,4,0,3,2,3,0,0,0,0,0,4,4,0,0,4,4,0,4,0,0,0,0,4,0,4,0,4,0,0,0,0,0,0,0,0,0,0,4,4,4,0,3,0,1,0,0,0,0,0,0,0,0,0,4,4,0,0,0,0,0,4,4,0,0,4,0,4,4,0,0,0,4,0,0,0,0,4,4,4,4,0,4,0,2,4,0,0,0,3,0,0,0,0,3,0,0,4,3,0,0,0,4,0,3,0,0,0,0,0,0,0,4,0,0,0,0,0,0,0,1,0,0,4,0,4,0,0,0,0,0,0,4,0,0,1,4,4,4,0,0,0,0,0,0,0,4,4,4,2,4,0,0,4,1,0,0,0,4,0,0,0,4,0,0,4,0,0,4,0,2,3,0,0,4,0,4,3,0,0,2,0,0,4,4,0,0,0,0,4,4,0,0,0,0,0,0,3,0,0,1,0,4,0,0,4,4,0,0,0,0,0,4,0,0,4,0,4,0,4,0,0,0,4,0,0,0,0,0,0,0,0,0,0,0,4,0,4,0,0,4,0,3,3,0,0,4,4,0,0,0,0,4,0,0,4,4,0,0,0,0,0,0,0,4,4,2,1,4,0,0,4,0,0,0,0,4,0,4,0,0,0,1,0,0,0,0,0,4,4,0,0,4,0,4,0,4,0,0,0,0,0,0,3,4,0,0,0,0,0,4,0,0,0,0,3,0,0,4,0,0,0,0,0,3,0,0,0,2,0,4,0,0,0,0,0,0,0,0,0,0,0,0,0,0,0,0,0,0,0,0,0,2,4,0,4,0,0,0,0,0,0,0,0,0,4,0,0,2,0,0,0,4,0,0,4,0,0,4,0,0,0,0,4,0,3,0,0,4,0,0,0,4,0,0,0,0,0,2,0,1,0,0,0,0,0,0,4,3,0,4,0,4,0,3,0,4,0,4,0,0,0,4,0,0,3,3,4,0,4,0,0,0,0,0,3,0,1,0,0,4,0,0,1,0,1,0,0,3,0,0,0,0,0,0,0,0,4,0,0,0,0,0,0,0,0,4,0,1,0,4,0,4,4,0,0,0,0,0,3,3,4,4,0,0,4,4,4,0,0,3,0,1,0,0,0,0,0,0,0,0,0,0,0,0,0,0,0,0,0,4,0,0,4,0,0,0,0,4,0,0,4,0,0,4,0,4,0,0,0,0,0,0,4,0,3,0,0,3,0,2,4,4,0,3,0,4,0,4,3,4,0,4,0,0,0,0,0,0,4,0,0,0,0,4,1,4,0,3,0,0,0,4,0,3,0,1,0,0,0,0,0,0,0,4,0,0,0,4,4,4,0,0,4,0,4,4,0,0,0,0,0,4,4,0,0,3,0,0,4,1,0,0,0,0,0,0,4,4,0,0,0,1,0,0,0,0,0,0,0,0,4,3,0,0,0,0,0,0,4,0,4,0,0,4,0,0,0,0,0,4,0,0,3,0,4,0,0,0,0,0,4,4,1,0,0,4,0,3,3,3,0,3,4,4,3,0,4,0,0,0,4,0,4,0,0,0,0,4,3,4,0,0,0,0,0,1,4,4,0,4,0,3,0,0,0,0,0,0,1,4,3,2,0,4,4,4,0,1,0,0,0,3,0,0,0,3,3,0,0,0,0,1,4,0,0,0,0,4,1,0,1,1,2,0,2,1,0,0,1,4,0,3,0,1,0,1,0,0,2,0,2,0,0,0,0,4,0,0,0,0,4,1,0,0,2,0,0,4,0,0,3,0,0,1,0,0,0,0,0,0,4,0,0,3,4,0,0,4,0,0,0,0,2,4,3,0,4,1,0,0,3,0,0,4,0,0,0,0,4,3,0,1,0,4,4,0,1,0,0,4,0,4,0,3,0,0,0,2,0,0,0,0,0,1,0,0,0,0,3,0,3,0,0,4,0,0,0,1,0,0,0,4,0,0,0,0,0,0,0,3,4,0,0,1,0,0,0,1,0,2,0,0,3,0,0,3,0,0,1,0,4,1,3,0,1,0,0,3,0,0,0,0,2,0,0,0,0,0,0,3,0,0,0,4,3,0,0,1,4,2,0,0,0,0,0,3,4,3,0,0,3,0,0,0,0,4,0,0,0,0,0,0,0,0,3,2,2,0,0,0,0,0,0,0,0,0,0,0,3,3,0,2,3,0,0,0,0,1,1,1,0,1,3,1,4,0,0,0,0,0,3,1,0,4,0,0,0,2,0,0,3,0,2,1,0,3,0,2,3,0,4,0,0,0,0,0,3,1,4,3,1,1,4,0,0,0,0,0,0,4,0,0,1,1,0,0,0,4,0,0,0,0,1,2,1,1,0,2,3,0,0,3,1,1,3,3,0,0,1,0,1,0,4,0,1,0,0,3,3,0,0,4,4,4,2,1,0,0,0,1,1,0,3,4,0,4,2,0,3,0,1,0,0,3,0,1,1,0,3,1,1,0,1,1,0,4,0,0,0,0,0,0,0,1,0,0,3,0,3,0,0,0,4,0,0,0,0,0,3,4,0,1,3,4,0,0,0,0,1,0,0,0,0,2,0,0,1,2,2,3,4,0,0,0,0,1,1,1,0,1,3,0,0,1,0,0,0,2,0,0,4,0,0,0,2,1,1,0,0,1,3,4,0,0,0,3,0,0,0,1,0,4,0,0,4,0,0,4,1,3,0,3,4,1,1,4,0,0,0,0,0,0,0,1,4,2,0,0,1,1,0,0,4,0,3,1,0,0,0,0,3,1,0,4,0,1,0,0,1,0,3,3,4,1,0,1,0,2,3,1,1,1,0,0,0,0,0,1,0,4,1,0,1,1,0,0,4,2,1,0,0,0,0,3,3,3,1,0,1,0,0,0,0,3,3,0,0,0,0,0,2,1,0,0,1,4,0,0,0,0,4,2,0,0,4,0,4,1,0,0,4,0,0,0,0,0,0,3,0,2,3,0,0,4,0,0,0,4,0,0,0,0,0,0,0,3,0,2,3,4,1,2,0,0,0,4,0,0,0,0,4,4,3,0,3,0,4,0,0,0,0,0,1,0,3,4,1,4,0,0,0,4,4,0,0,0,0,3,1,1,3,3,0,4,0,0,1,2,3,0,0,4,0,0,0,1,0,0,1,1,0,0,4,3,0,0,4,3,0,3,0,0,4,0,4,1,3,0,2,0,0,0,4,4,0,0,4,0,4,4,2,0,0,0,0,0,1,4,4,0,4,0,0,0,0,4,4,2,4,0,0,0,0,0,0,0,2,0,0,3,0,1,0,3,4,0,0,0,0,4,0,4,0,4,0,0,3,1,0,0,3,0,3,0,1,3,4,3,0,0,4,0,0,3,0,1,3,1,0,0,0,3,1,1,3,4,0,0,3,0,0,4,4,4,4,1,0,4,0,2,0,0,0,0,4,0,0,0,0,0,0,1,1,0,4,0,0,1,1,0,0,3,0,4,1,1,0,0,0,1,0,4,0,0,2,3,0,0,0,0,3,0,1,4,0,0,1,0,0,1,0,1,3,0,4,0,0,0,0,3,3,0,0,0,0,1,0,3,3,0,4,4,0,0,1,3,4,0,0,0,1,1,4,4,3,0,3,4,3,0,1,2,0,3,0,0,4,3,0,2,3,3,4,0,4,0,0,0,4,4,3,4,0,0,0,3,0,3,0,0,0,1,0,3,1,4,0,0,4,0,0,0,0,3,0,0,0,0,0,1,0,0,3,0,1,0,0,4,3,0,0,0,4,1,0,0,1,0,4,0,0,0,0,0,0,3,0,0,0,4,2,0,1,0,0,0,0,0,3,0,0,0,3,4,4,1,3,2,0,1,0,1,0,0,0,3,0,4,0,0,4,0,1,0,0,0,0,0,1,0,0,1,0,0,4,0,0,1,3,0,0,0,4,4,3,0,0,0,0,1,2,3,0,0,4,0,0,0,0,0,0,0,2,0,3,0,3,0,0,0,0,0,0,0,0,0,3,2,0,0,1,3,0,1,3,3,3,0,0,3,1,0,0,0,1,2,3,1,1,2,0]",ok,
123,kmeans,3,0.55,0.6197820301837963,0.1922962933438605,2,"fused_2_medium+fused_4_high, fused_4_high+fused_5_low","[967, 365, 240, 145, 82]",0.4,0.9,0.7,3.0,"{""fused_1"":0.7207396096305587,""fused_2"":0.3441468667747294,""fused_3"":0.571993167618274,""fused_4"":0.4788881948744419,""fused_5"":0.34425807107935785}","{""fused_2_medium+fused_4_high"":0.23894229781592155,""fused_4_high+fused_5_low"":0.22793073252036045}","{""fused_1"":0.16016899215059766,""fused_2"":0.23179055104710425,""fused_3"":0.17979276744567546,""fused_4"":0.19649457851955068,""fused_5"":0.23175311083707195}","{""fused_2_medium+fused_4_high"":0.49410273435738056,""fused_4_high+fused_5_low"":0.5058972656426195}","{""fused_1"":0.8008449607529883,""fused_2"":1.1589527552355212,""fused_3"":0.8989638372283772,""fused_4"":0.9824728925977534,""fused_5"":1.1587655541853596}","{""fused_2_medium+fused_4_high"":0.9882054687147611,""fused_4_high+fused_5_low"":1.011794531285239}",0.1550895700145479,0.0155642023346303,"[2,4,2,2,0,3,4,1,2,0,1,4,1,0,0,0,0,0,2,2,0,0,2,2,0,2,3,0,0,0,2,0,2,0,2,0,0,0,0,0,0,0,0,0,0,2,4,2,0,1,0,1,0,0,0,0,0,0,0,0,0,2,2,0,0,0,0,0,2,2,0,0,4,3,2,2,0,3,0,2,3,0,0,0,4,2,2,2,0,2,3,3,4,0,0,0,1,0,0,0,0,1,3,0,4,1,0,0,0,2,0,1,0,3,0,0,0,0,0,4,0,0,0,0,0,3,0,1,0,0,2,0,4,0,0,0,0,0,0,2,0,0,1,2,2,2,0,0,0,3,0,0,0,2,2,2,3,2,3,3,2,1,0,0,3,2,0,0,0,4,3,0,2,0,0,2,0,1,1,0,0,2,0,2,1,0,3,4,3,0,2,2,3,3,0,0,2,2,0,0,0,3,0,3,1,0,0,1,0,2,0,3,4,2,0,0,0,0,0,2,0,3,2,3,2,0,2,3,0,3,2,0,0,0,0,0,0,0,0,0,0,0,2,0,4,0,0,2,3,1,1,0,0,2,2,0,0,0,0,2,0,0,2,4,0,0,0,0,0,0,0,2,4,4,1,2,0,0,2,0,0,0,0,2,0,2,0,0,0,1,0,0,0,0,0,4,4,0,0,2,0,4,0,2,0,0,0,0,0,0,1,2,0,0,0,0,0,2,0,0,0,3,1,0,0,2,0,3,0,0,0,1,0,0,3,4,0,2,0,3,0,0,0,0,0,0,0,0,0,0,0,0,0,0,0,0,0,0,0,4,4,0,2,0,0,0,0,0,0,0,0,0,2,0,0,3,0,0,0,2,0,0,2,0,0,2,0,0,0,0,2,0,1,0,0,2,0,0,3,4,0,0,0,0,0,4,0,1,0,0,0,0,0,0,2,1,0,4,0,4,0,1,0,2,0,2,0,0,0,4,0,0,1,1,2,0,2,0,0,0,0,0,1,0,1,0,0,2,0,3,1,0,1,3,3,1,0,0,0,0,0,0,0,3,2,0,3,0,0,0,0,0,0,2,0,1,0,2,0,2,2,0,0,0,3,0,1,1,2,4,0,3,2,2,2,0,0,1,0,1,0,0,0,0,0,0,0,0,0,0,0,0,0,0,0,3,0,4,0,0,2,0,0,0,0,4,0,0,4,0,0,2,0,4,0,3,0,0,0,0,2,0,1,3,0,1,0,3,2,2,0,1,0,2,3,2,1,2,0,2,0,0,3,0,3,0,2,0,0,0,0,4,1,2,0,1,0,0,3,2,0,1,0,1,3,0,3,3,0,0,0,2,0,0,0,2,4,4,0,0,2,0,4,2,0,0,0,0,0,2,2,0,0,1,0,0,2,1,0,3,0,0,0,0,2,2,3,0,0,1,0,0,3,0,0,0,3,0,2,1,0,0,0,0,0,0,2,3,4,0,3,2,0,3,0,0,0,2,0,0,1,0,2,3,0,0,0,0,2,2,1,0,0,2,0,1,1,1,3,1,2,4,1,0,2,0,0,0,4,0,4,0,0,0,0,2,1,2,0,0,0,0,0,1,2,2,0,4,0,1,3,0,0,0,3,0,1,2,1,3,0,2,2,4,0,1,0,0,0,1,0,0,0,1,1,0,0,0,0,1,4,0,0,0,3,2,1,0,1,1,1,0,1,1,0,0,1,2,0,1,0,1,0,1,0,3,4,3,1,0,0,3,0,2,3,0,0,0,4,1,0,0,4,0,0,2,0,0,1,0,0,1,0,0,3,3,0,0,2,0,0,1,2,0,0,2,3,3,0,0,4,2,1,0,2,1,0,0,1,0,0,2,0,0,0,0,2,1,0,1,0,4,2,0,1,0,0,2,0,2,0,1,0,0,0,4,0,0,0,0,0,1,0,0,0,0,1,0,1,0,0,2,0,0,0,1,0,0,0,2,0,0,0,3,0,0,0,1,2,0,0,1,0,3,0,1,0,1,0,0,1,3,0,1,0,3,1,0,4,1,1,0,1,0,0,1,0,0,3,0,1,0,0,0,0,0,0,1,0,3,0,2,1,3,0,1,2,1,0,0,0,0,0,1,2,1,0,3,1,0,0,0,0,2,0,3,0,0,0,0,0,0,1,1,1,0,0,3,0,3,0,0,0,3,0,0,1,1,0,4,1,0,0,3,0,1,1,1,0,1,1,1,2,0,0,3,0,0,1,1,0,2,3,0,0,3,0,0,1,0,4,1,0,1,0,1,1,0,4,0,0,0,0,0,1,1,2,1,1,1,2,0,0,0,0,0,3,2,0,0,1,1,0,0,0,4,0,0,0,0,1,4,1,1,3,1,1,0,0,1,1,1,1,1,0,3,1,0,1,0,2,0,1,3,3,1,1,0,0,2,2,4,1,1,0,3,0,1,1,0,1,2,0,2,1,0,1,0,1,0,0,1,0,1,1,0,1,1,1,3,1,1,0,2,0,0,3,0,0,3,0,1,0,0,1,3,1,0,0,0,2,0,0,0,0,0,1,2,0,1,1,2,0,0,0,0,1,3,0,0,0,1,0,0,1,1,1,1,2,0,0,0,0,1,1,1,3,1,1,0,3,1,0,0,0,1,0,0,2,0,3,0,4,1,1,0,3,1,1,2,0,0,0,1,0,0,0,1,0,2,0,0,2,0,0,2,1,1,0,1,4,1,1,2,0,0,0,0,0,0,0,1,2,4,3,0,1,1,0,0,2,0,1,1,0,0,3,0,1,1,0,2,0,1,0,0,1,0,1,1,2,1,0,1,0,1,1,1,1,1,0,0,0,0,0,1,0,2,1,0,1,1,0,0,4,3,1,0,0,0,0,1,1,1,1,0,1,0,0,0,0,1,1,0,0,0,0,0,4,1,0,0,1,4,0,3,0,0,4,3,0,0,2,0,2,1,0,0,2,0,0,0,0,0,0,1,0,4,1,0,0,2,0,0,0,2,0,0,3,0,0,3,0,1,0,3,1,2,1,3,0,0,0,2,0,0,0,0,2,2,1,0,1,0,2,0,0,0,0,0,1,0,1,2,1,2,0,0,0,2,2,0,0,0,0,1,1,1,1,1,0,2,0,0,1,2,1,0,0,2,0,0,0,1,0,3,1,1,0,0,2,1,0,0,2,1,3,1,0,0,2,0,2,1,1,0,3,0,3,0,2,2,3,0,4,3,4,2,4,0,0,0,0,0,1,2,4,0,4,0,3,3,0,2,2,4,2,0,0,0,0,0,3,0,4,0,0,1,0,1,0,1,2,0,0,3,0,2,3,2,0,2,0,0,1,1,0,0,1,0,1,0,1,1,2,1,0,0,4,0,0,1,0,1,1,1,0,0,0,1,1,1,1,2,0,0,1,0,0,2,2,2,2,1,0,4,0,1,0,0,3,0,2,0,0,0,0,0,0,1,1,0,2,3,0,1,1,0,0,1,0,4,1,1,0,0,0,1,0,2,3,0,1,1,0,0,0,0,1,0,1,2,0,0,1,0,0,1,0,1,1,0,2,3,0,3,0,1,1,0,3,0,0,1,3,1,1,0,2,2,0,0,1,1,2,0,3,0,1,1,2,2,1,0,1,2,1,0,1,1,0,1,0,3,2,1,0,1,1,1,4,0,2,0,0,0,4,2,1,4,3,0,0,1,0,1,3,0,0,1,0,1,1,2,0,0,2,0,0,3,0,1,0,0,0,0,0,1,0,0,1,0,1,0,0,2,1,0,0,0,2,1,0,0,1,0,2,0,0,0,0,0,0,1,0,0,0,2,4,0,1,0,0,3,0,0,1,0,0,0,1,2,2,1,1,1,0,1,0,1,0,0,0,1,0,2,0,0,4,0,1,3,0,0,0,0,1,0,3,1,0,0,2,0,0,1,1,0,0,0,4,2,1,0,0,0,0,1,4,1,3,0,2,0,3,0,0,0,0,0,1,0,1,0,1,0,3,0,0,0,0,0,3,0,1,3,3,0,1,1,0,1,1,1,1,0,0,1,1,0,0,0,1,1,1,1,1,1,0]",ok,
124,kmeans,3,0.5,0.581018524744373,0.1535327879044372,1,fused_2_medium+fused_4_high+fused_5_low,"[967, 166, 146, 184, 336]",0.8,0.6,0.2,5.0,"{""fused_1"":0.6287558752563717,""fused_2"":0.09111759593558826,""fused_3"":0.4619921296736726,""fused_4"":0.269644173715865,""fused_5"":0.24342510144109292}","{""fused_2_medium+fused_4_high+fused_5_low"":0.4928771131751422}","{""fused_1"":0.16117791235885248,""fused_2"":0.2612314597204898,""fused_3"":0.1740874228318802,""fused_4"":0.1991719980694738,""fused_5"":0.2043312070193038}","{""fused_2_medium+fused_4_high+fused_5_low"":1.0}","{""fused_1"":0.8058895617942624,""fused_2"":1.3061572986024488,""fused_3"":0.870437114159401,""fused_4"":0.995859990347369,""fused_5"":1.021656035096519}","{""fused_2_medium+fused_4_high+fused_5_low"":1.0}",0.1676085656140348,0.0061145080600333,"[4,4,4,4,0,2,4,3,4,0,3,2,3,0,0,0,0,0,4,4,0,0,4,4,0,4,2,0,0,0,4,0,4,0,4,0,0,0,0,0,0,0,0,0,0,4,4,4,0,3,0,1,0,0,0,0,0,0,0,0,0,4,4,0,0,0,0,0,4,4,0,0,4,2,4,4,0,2,0,4,2,0,0,0,4,4,4,4,0,4,4,2,4,0,0,0,3,0,0,0,0,3,2,0,4,3,0,0,0,4,0,3,0,2,0,0,0,0,0,4,0,0,0,0,0,4,0,1,0,0,4,0,4,0,0,0,0,0,0,4,0,0,1,4,4,4,0,0,0,2,0,0,0,4,4,4,2,4,2,4,4,1,0,0,4,4,0,0,0,4,2,0,4,0,0,4,0,3,3,0,0,4,0,4,3,0,2,2,4,0,4,4,4,2,0,0,4,4,0,0,0,2,0,2,3,0,0,1,0,4,0,4,4,4,0,0,0,0,0,4,0,4,4,4,4,0,4,2,0,4,4,0,0,0,0,0,0,0,0,0,0,0,4,0,4,0,0,4,2,3,3,0,0,4,4,0,0,0,0,4,0,0,4,4,0,0,0,0,0,0,0,4,4,2,1,4,0,0,4,0,0,0,0,4,0,4,0,0,0,1,0,0,0,0,0,4,4,0,0,4,0,4,0,4,0,0,0,0,0,0,3,4,0,0,0,0,0,4,0,0,0,4,3,0,0,4,0,4,0,0,0,1,0,0,2,2,0,4,0,2,0,0,0,0,0,0,0,0,0,0,0,0,0,0,0,0,0,0,0,2,4,0,4,0,0,0,0,0,0,0,0,0,4,0,0,2,0,0,0,4,0,0,4,0,0,4,0,0,0,0,4,0,3,0,0,4,0,0,2,4,0,0,0,0,0,2,0,1,0,0,0,0,0,0,4,3,0,4,0,4,0,3,0,4,0,4,0,0,0,4,0,0,3,3,4,0,4,0,0,0,0,0,3,0,1,0,0,4,0,2,1,0,1,2,2,3,0,0,0,0,0,0,0,2,4,0,2,0,0,0,0,0,0,4,0,1,0,4,0,4,4,0,0,0,2,0,3,3,4,4,0,2,4,4,4,0,0,3,0,1,0,0,0,0,0,0,0,0,0,0,0,0,0,0,0,4,0,4,0,0,4,0,0,0,0,4,0,0,4,0,0,4,0,4,0,4,0,0,0,0,4,0,3,2,0,3,0,2,4,4,0,3,0,4,2,4,3,4,0,4,0,0,2,0,2,0,4,0,0,0,0,4,1,4,0,3,0,0,2,4,0,3,0,1,2,0,4,4,0,0,0,4,0,0,0,4,4,4,0,0,4,0,4,4,0,0,0,0,0,4,4,0,0,3,0,0,4,1,0,2,0,0,0,0,4,4,4,0,0,1,0,0,4,0,0,0,2,0,4,3,0,0,0,0,0,0,4,4,4,0,2,4,0,2,0,0,0,4,0,0,3,0,4,4,0,0,0,0,4,4,1,0,0,4,0,3,3,3,2,3,4,4,3,0,4,0,0,0,4,0,4,0,0,0,0,4,3,4,0,0,0,0,0,1,4,4,0,4,0,3,4,0,0,0,2,0,1,4,3,2,0,4,4,4,0,1,0,0,0,3,0,0,0,3,3,0,0,0,0,1,4,0,0,0,4,4,1,0,1,1,3,0,3,1,0,0,1,4,0,3,0,1,0,1,0,2,2,2,2,0,0,2,0,4,2,0,0,0,4,1,0,0,2,0,0,4,0,0,3,0,0,1,0,0,2,4,0,0,4,0,0,3,4,0,0,4,2,4,0,0,2,4,3,0,4,1,0,0,3,0,0,4,0,0,0,0,4,3,0,1,0,4,4,0,1,0,0,4,0,4,0,3,0,0,0,2,0,0,0,0,0,1,0,0,0,0,3,0,3,0,0,4,0,0,0,1,0,0,0,4,0,0,0,2,0,0,0,3,4,0,0,1,0,2,0,1,0,3,0,0,3,2,0,3,0,2,1,0,4,1,3,0,1,0,0,3,0,0,4,0,2,0,0,0,0,0,0,3,0,2,0,4,3,4,0,1,4,3,0,0,0,0,0,3,4,3,0,2,3,0,0,0,0,4,0,4,0,0,0,0,0,0,3,3,3,0,0,4,0,2,0,0,0,2,0,0,3,3,0,2,3,0,0,2,0,1,1,1,0,1,3,1,4,0,0,2,0,0,3,1,0,4,2,0,0,2,0,0,3,0,2,1,0,3,0,3,3,0,4,0,0,0,0,0,3,1,4,3,1,1,4,0,0,0,0,0,2,4,0,0,1,1,0,0,0,4,0,0,0,0,1,2,1,1,2,2,3,0,0,3,1,1,3,3,0,4,1,0,1,0,4,0,1,2,2,3,3,0,0,4,4,4,3,1,0,2,0,1,1,0,3,4,0,4,2,0,3,0,1,0,0,3,0,1,1,0,3,1,1,2,1,1,0,4,0,0,2,0,0,2,0,1,0,0,3,4,3,0,0,0,4,0,0,0,0,0,3,4,0,1,3,4,0,0,0,0,1,2,0,0,0,2,0,0,1,2,2,3,4,0,0,0,0,1,1,1,2,1,3,0,2,1,0,0,0,2,0,0,4,0,4,0,2,1,1,0,2,1,3,4,0,0,0,3,0,0,0,1,0,4,0,0,4,0,0,4,1,3,0,3,4,1,1,4,0,0,0,0,0,0,0,1,4,2,2,0,1,1,0,0,4,0,3,3,0,0,2,0,3,1,0,4,0,1,0,0,1,0,3,3,4,1,0,1,0,2,3,1,1,1,0,0,0,0,0,1,0,4,1,0,1,1,0,0,4,2,1,0,0,0,0,3,3,3,1,0,1,0,0,0,0,3,3,0,0,0,0,0,2,1,0,0,1,4,0,4,0,0,4,2,0,0,4,0,4,1,0,0,4,0,0,0,0,0,0,3,0,2,3,0,0,4,0,0,0,4,0,0,4,0,0,2,0,3,0,2,3,4,1,2,0,0,0,4,0,0,0,0,4,4,3,0,3,0,4,0,0,0,0,0,1,0,3,4,1,4,0,0,0,4,4,0,0,0,0,3,1,1,3,3,0,4,0,0,1,2,3,0,0,4,0,0,0,1,0,2,1,1,0,0,4,3,0,0,4,3,2,3,0,0,4,0,4,1,3,0,2,0,2,0,4,4,2,0,4,2,4,4,2,0,0,0,0,0,1,4,4,0,4,0,4,2,0,4,4,2,4,0,0,0,0,0,2,0,2,0,0,3,0,1,0,3,4,0,0,2,0,4,2,4,0,4,0,0,3,1,0,0,3,0,3,0,1,3,4,3,0,0,4,0,0,3,0,1,3,1,0,0,0,3,1,1,3,4,0,0,3,0,0,4,4,4,4,1,0,4,0,2,0,0,4,0,4,0,0,0,0,0,0,1,1,0,4,2,0,1,1,0,0,3,0,4,1,1,0,0,0,1,0,4,2,0,2,3,0,0,0,0,3,0,1,4,0,0,1,0,0,1,0,1,3,0,4,4,0,2,0,3,3,0,2,0,0,1,2,3,3,0,4,4,0,0,1,3,4,0,2,0,1,1,4,4,3,0,3,4,3,0,1,2,0,3,0,2,4,3,0,3,3,3,4,0,4,0,0,0,4,4,3,4,2,0,0,3,0,3,2,0,0,1,0,3,1,4,0,0,4,0,0,2,0,3,0,0,0,0,0,1,0,0,3,0,1,0,0,4,3,0,0,0,4,1,0,0,1,0,4,0,0,0,0,0,0,3,0,0,0,4,2,0,1,0,0,2,0,0,3,0,0,0,3,4,4,1,3,3,0,1,0,1,0,0,0,3,0,4,0,0,4,0,1,2,0,0,0,0,1,0,2,1,0,0,4,0,0,1,3,0,0,0,4,4,3,0,0,0,0,1,2,3,2,0,4,0,4,0,0,0,0,0,2,0,3,0,3,0,2,0,0,0,0,0,2,0,3,2,2,0,1,3,0,1,3,3,3,0,0,3,1,0,0,0,1,2,3,1,1,2,0]",ok,
125,kmeans,3,0.45,0.53038671708294,0.1029009802430043,2,"fused_2_medium+fused_4_high+fused_5_low, fused_1_medium","[433, 329, 214, 289, 534]",0.4,0.7,0.1,2.0,"{""fused_1"":0.8670737212639354,""fused_2"":0.4211390543441128,""fused_3"":0.7176257151650178,""fused_4"":0.5849741385437432,""fused_5"":0.2717468013039105}","{""fused_2_medium+fused_4_high+fused_5_low"":0.74055189499482,""fused_1_medium"":0.7258086411333601}","{""fused_1"":0.11185538489199348,""fused_2"":0.23029653465114774,""fused_3"":0.13514965081680286,""fused_4"":0.16579684199912384,""fused_5"":0.3569015876409321}","{""fused_2_medium+fused_4_high+fused_5_low"":0.49497284143353026,""fused_1_medium"":0.5050271585664697}","{""fused_1"":0.5592769244599674,""fused_2"":1.1514826732557388,""fused_3"":0.6757482540840143,""fused_4"":0.8289842099956192,""fused_5"":1.7845079382046605}","{""fused_2_medium+fused_4_high+fused_5_low"":0.9899456828670605,""fused_1_medium"":1.0100543171329395}",0.208164482702154,0.0200111172873818,"[3,2,2,3,4,2,3,1,3,4,1,2,1,0,4,4,4,0,2,2,4,0,3,3,4,3,2,4,0,0,3,4,3,0,2,0,0,4,0,4,0,4,4,4,4,3,3,3,4,1,0,1,4,4,4,0,0,0,4,4,4,2,2,0,0,0,4,0,3,3,4,0,3,2,3,3,0,2,4,3,2,0,4,4,2,3,3,3,4,3,2,3,2,4,4,4,1,0,0,4,4,1,3,4,3,1,0,0,4,2,4,2,4,2,4,0,0,4,0,3,0,4,0,4,0,3,0,1,4,0,3,0,3,4,0,0,4,0,4,2,4,0,1,3,2,3,4,4,0,2,4,4,4,2,3,3,2,3,2,3,2,1,0,4,3,3,4,0,4,2,3,0,3,0,4,3,4,3,1,4,4,3,0,3,1,4,2,2,3,4,3,3,3,3,4,0,2,2,4,0,0,3,0,3,1,0,4,1,4,3,0,3,3,3,4,4,0,4,4,3,0,2,3,3,3,4,3,3,4,3,3,4,4,0,0,4,0,4,4,4,4,4,2,4,3,0,0,3,2,1,1,4,4,3,2,0,0,0,0,2,0,0,3,3,4,0,0,0,4,4,4,3,3,3,1,2,0,4,3,0,0,4,0,3,4,3,0,0,0,1,0,0,4,0,0,3,3,4,0,2,4,3,0,2,4,4,0,4,0,4,1,2,0,0,0,4,4,3,0,0,0,2,1,0,0,2,4,3,4,0,0,1,0,4,2,3,0,2,4,3,4,4,4,0,0,0,0,4,4,4,4,4,0,0,4,4,4,0,4,3,3,0,3,0,0,4,4,0,4,4,0,0,3,4,4,2,0,4,0,3,0,4,3,0,4,3,4,4,4,0,3,0,1,4,4,2,0,0,2,2,4,0,4,4,4,3,0,1,4,4,0,0,4,4,3,1,0,3,4,3,4,1,4,3,0,2,0,0,0,3,4,4,1,1,3,4,2,4,0,4,0,4,1,4,1,4,4,2,0,2,1,4,1,2,2,1,4,4,4,0,4,0,4,2,3,0,2,4,0,0,4,4,4,3,4,1,4,2,0,3,2,0,0,4,2,0,1,1,2,3,4,2,2,3,3,4,4,1,0,1,4,0,4,0,0,4,4,4,4,4,4,4,4,4,0,2,4,3,0,0,3,0,4,0,4,3,0,4,3,0,4,2,0,3,4,3,4,0,4,0,3,4,1,2,0,1,4,2,2,3,4,1,4,3,2,2,1,2,4,3,0,0,2,4,2,0,3,0,0,4,0,3,1,3,0,1,0,0,2,2,4,1,0,1,2,4,3,3,4,4,0,3,0,4,0,3,3,2,0,4,2,0,3,3,0,0,0,0,4,3,3,0,4,1,4,0,3,1,0,2,0,0,4,0,2,2,3,4,4,1,0,4,3,4,0,0,2,0,3,1,4,0,4,0,4,0,2,3,2,4,2,3,4,2,4,4,4,3,0,4,1,4,3,3,4,4,0,0,3,2,1,4,4,2,0,1,2,1,3,1,3,3,1,0,3,0,4,0,2,0,3,0,4,0,4,2,1,3,0,4,0,4,0,1,3,3,0,3,4,1,3,4,4,4,2,0,1,3,2,3,4,3,3,3,4,1,0,4,0,1,0,4,4,1,1,0,4,4,4,1,2,0,4,4,2,3,1,4,1,1,3,0,3,1,4,4,1,3,4,1,4,1,4,1,4,2,3,2,3,0,0,3,0,2,3,4,0,4,2,1,4,0,2,0,0,3,4,4,1,4,0,1,4,4,2,3,4,4,2,0,4,1,3,4,0,3,2,3,0,4,2,3,1,4,2,1,4,4,1,0,0,3,0,4,0,0,3,1,0,1,4,3,3,0,1,4,0,2,0,2,0,1,4,4,0,2,0,4,0,0,4,1,0,0,4,0,1,4,1,4,4,3,0,0,0,1,4,0,4,3,4,0,4,2,0,4,4,1,3,4,4,1,0,2,0,1,4,2,4,4,2,3,0,1,4,2,1,4,2,1,1,4,1,4,4,1,4,4,3,4,2,4,4,4,4,4,0,1,4,2,4,3,1,2,0,1,3,3,0,0,4,4,0,1,3,1,0,3,1,4,4,4,4,3,4,3,0,0,4,4,4,4,1,3,3,0,4,3,0,2,0,4,0,2,0,0,1,1,0,3,1,4,4,2,4,1,1,1,0,1,1,1,3,4,0,3,4,4,1,1,0,3,3,4,0,2,4,0,1,4,2,1,4,1,4,3,1,4,2,4,4,4,0,4,1,1,2,2,1,1,2,4,0,0,0,0,2,3,4,4,1,1,0,0,4,3,4,4,4,4,1,2,1,1,3,3,2,0,4,1,1,1,1,1,4,2,1,0,1,4,2,4,1,3,3,3,1,4,0,2,3,3,3,1,4,2,4,1,1,4,1,3,4,2,2,4,1,0,1,0,0,1,4,1,1,4,1,1,1,2,1,1,0,2,4,0,2,4,0,3,0,1,0,0,1,2,1,4,4,4,2,4,0,4,4,0,1,2,4,1,1,2,4,0,0,0,1,3,4,4,0,2,4,4,1,2,2,1,3,4,4,4,4,1,1,1,3,1,1,4,2,1,0,0,0,3,4,0,2,4,3,0,3,1,1,0,2,1,1,3,4,4,4,1,4,0,0,1,0,3,0,4,3,4,0,2,1,1,4,1,3,1,1,2,0,4,4,0,0,4,4,1,2,2,3,0,1,1,4,0,2,4,1,1,4,4,3,0,1,1,4,2,4,1,4,4,1,4,1,1,3,1,0,1,0,3,1,1,1,1,4,4,4,4,4,1,4,3,1,0,1,1,0,4,2,3,1,0,0,0,0,1,1,1,1,0,1,4,0,0,4,1,1,0,0,4,4,0,3,1,4,4,1,2,0,2,4,0,3,3,0,4,3,0,3,1,0,4,3,0,4,0,0,0,0,1,0,2,1,0,0,3,4,0,4,3,4,4,3,4,4,2,4,1,0,2,1,3,1,3,4,4,0,2,4,0,0,0,3,2,1,4,1,4,3,0,0,0,4,4,1,4,1,2,1,3,4,0,0,2,3,0,4,0,4,1,1,1,1,1,0,3,4,0,1,3,1,4,0,3,0,0,4,1,4,2,1,1,4,0,3,1,4,4,3,2,2,1,0,0,3,4,2,1,1,0,2,0,2,4,2,3,3,0,3,2,3,3,2,0,0,0,4,4,1,3,2,4,3,0,3,2,4,3,3,2,3,0,0,0,4,4,3,0,2,4,4,1,0,1,0,1,2,4,0,2,4,3,2,3,4,2,4,4,1,1,4,4,1,0,1,0,1,1,3,1,4,0,3,0,0,1,4,1,1,1,0,4,4,1,1,1,1,3,4,0,1,4,4,2,2,3,3,1,0,2,4,2,0,4,2,4,3,4,4,0,0,4,4,1,1,4,3,2,0,1,1,0,0,1,4,3,1,1,0,0,4,1,4,3,2,4,2,1,4,4,0,0,1,0,1,2,0,0,1,4,4,1,0,1,1,0,3,3,4,2,4,1,1,4,3,0,4,1,2,1,1,4,3,3,4,4,1,1,3,0,3,0,1,1,3,2,1,4,1,3,1,4,1,2,0,1,0,2,3,1,4,3,1,1,3,0,2,0,4,4,3,3,1,3,3,4,4,1,0,1,3,0,0,1,4,2,1,3,0,0,2,4,0,2,4,1,4,4,4,0,0,1,4,4,1,4,1,4,4,3,1,0,0,4,3,1,0,4,1,4,3,0,4,0,4,4,0,1,4,0,4,3,2,4,1,4,4,2,0,4,1,0,0,0,1,2,3,1,1,2,4,1,4,1,0,4,4,1,0,2,4,4,2,4,1,2,4,0,0,4,1,4,3,1,0,4,3,4,4,1,1,0,0,0,3,2,1,0,0,0,4,1,2,1,2,0,3,0,2,0,0,4,0,4,3,0,1,4,1,4,2,4,4,0,4,4,2,4,1,2,3,4,1,1,0,1,1,2,1,4,4,1,1,4,4,0,1,2,1,1,1,3,4]",ok,
126,kmeans,3,0.4,0.53038671708294,0.1029009802430043,2,"fused_2_medium+fused_4_high+fused_5_low, fused_1_medium","[433, 329, 214, 289, 534]",0.4,0.7,0.1,2.0,"{""fused_1"":0.8670737212639354,""fused_2"":0.4211390543441128,""fused_3"":0.7176257151650178,""fused_4"":0.5849741385437432,""fused_5"":0.2717468013039105}","{""fused_2_medium+fused_4_high+fused_5_low"":0.74055189499482,""fused_1_medium"":0.7258086411333601}","{""fused_1"":0.11185538489199348,""fused_2"":0.23029653465114774,""fused_3"":0.13514965081680286,""fused_4"":0.16579684199912384,""fused_5"":0.3569015876409321}","{""fused_2_medium+fused_4_high+fused_5_low"":0.49497284143353026,""fused_1_medium"":0.5050271585664697}","{""fused_1"":0.5592769244599674,""fused_2"":1.1514826732557388,""fused_3"":0.6757482540840143,""fused_4"":0.8289842099956192,""fused_5"":1.7845079382046605}","{""fused_2_medium+fused_4_high+fused_5_low"":0.9899456828670605,""fused_1_medium"":1.0100543171329395}",0.208164482702154,0.0200111172873818,"[3,2,2,3,4,2,3,1,3,4,1,2,1,0,4,4,4,0,2,2,4,0,3,3,4,3,2,4,0,0,3,4,3,0,2,0,0,4,0,4,0,4,4,4,4,3,3,3,4,1,0,1,4,4,4,0,0,0,4,4,4,2,2,0,0,0,4,0,3,3,4,0,3,2,3,3,0,2,4,3,2,0,4,4,2,3,3,3,4,3,2,3,2,4,4,4,1,0,0,4,4,1,3,4,3,1,0,0,4,2,4,2,4,2,4,0,0,4,0,3,0,4,0,4,0,3,0,1,4,0,3,0,3,4,0,0,4,0,4,2,4,0,1,3,2,3,4,4,0,2,4,4,4,2,3,3,2,3,2,3,2,1,0,4,3,3,4,0,4,2,3,0,3,0,4,3,4,3,1,4,4,3,0,3,1,4,2,2,3,4,3,3,3,3,4,0,2,2,4,0,0,3,0,3,1,0,4,1,4,3,0,3,3,3,4,4,0,4,4,3,0,2,3,3,3,4,3,3,4,3,3,4,4,0,0,4,0,4,4,4,4,4,2,4,3,0,0,3,2,1,1,4,4,3,2,0,0,0,0,2,0,0,3,3,4,0,0,0,4,4,4,3,3,3,1,2,0,4,3,0,0,4,0,3,4,3,0,0,0,1,0,0,4,0,0,3,3,4,0,2,4,3,0,2,4,4,0,4,0,4,1,2,0,0,0,4,4,3,0,0,0,2,1,0,0,2,4,3,4,0,0,1,0,4,2,3,0,2,4,3,4,4,4,0,0,0,0,4,4,4,4,4,0,0,4,4,4,0,4,3,3,0,3,0,0,4,4,0,4,4,0,0,3,4,4,2,0,4,0,3,0,4,3,0,4,3,4,4,4,0,3,0,1,4,4,2,0,0,2,2,4,0,4,4,4,3,0,1,4,4,0,0,4,4,3,1,0,3,4,3,4,1,4,3,0,2,0,0,0,3,4,4,1,1,3,4,2,4,0,4,0,4,1,4,1,4,4,2,0,2,1,4,1,2,2,1,4,4,4,0,4,0,4,2,3,0,2,4,0,0,4,4,4,3,4,1,4,2,0,3,2,0,0,4,2,0,1,1,2,3,4,2,2,3,3,4,4,1,0,1,4,0,4,0,0,4,4,4,4,4,4,4,4,4,0,2,4,3,0,0,3,0,4,0,4,3,0,4,3,0,4,2,0,3,4,3,4,0,4,0,3,4,1,2,0,1,4,2,2,3,4,1,4,3,2,2,1,2,4,3,0,0,2,4,2,0,3,0,0,4,0,3,1,3,0,1,0,0,2,2,4,1,0,1,2,4,3,3,4,4,0,3,0,4,0,3,3,2,0,4,2,0,3,3,0,0,0,0,4,3,3,0,4,1,4,0,3,1,0,2,0,0,4,0,2,2,3,4,4,1,0,4,3,4,0,0,2,0,3,1,4,0,4,0,4,0,2,3,2,4,2,3,4,2,4,4,4,3,0,4,1,4,3,3,4,4,0,0,3,2,1,4,4,2,0,1,2,1,3,1,3,3,1,0,3,0,4,0,2,0,3,0,4,0,4,2,1,3,0,4,0,4,0,1,3,3,0,3,4,1,3,4,4,4,2,0,1,3,2,3,4,3,3,3,4,1,0,4,0,1,0,4,4,1,1,0,4,4,4,1,2,0,4,4,2,3,1,4,1,1,3,0,3,1,4,4,1,3,4,1,4,1,4,1,4,2,3,2,3,0,0,3,0,2,3,4,0,4,2,1,4,0,2,0,0,3,4,4,1,4,0,1,4,4,2,3,4,4,2,0,4,1,3,4,0,3,2,3,0,4,2,3,1,4,2,1,4,4,1,0,0,3,0,4,0,0,3,1,0,1,4,3,3,0,1,4,0,2,0,2,0,1,4,4,0,2,0,4,0,0,4,1,0,0,4,0,1,4,1,4,4,3,0,0,0,1,4,0,4,3,4,0,4,2,0,4,4,1,3,4,4,1,0,2,0,1,4,2,4,4,2,3,0,1,4,2,1,4,2,1,1,4,1,4,4,1,4,4,3,4,2,4,4,4,4,4,0,1,4,2,4,3,1,2,0,1,3,3,0,0,4,4,0,1,3,1,0,3,1,4,4,4,4,3,4,3,0,0,4,4,4,4,1,3,3,0,4,3,0,2,0,4,0,2,0,0,1,1,0,3,1,4,4,2,4,1,1,1,0,1,1,1,3,4,0,3,4,4,1,1,0,3,3,4,0,2,4,0,1,4,2,1,4,1,4,3,1,4,2,4,4,4,0,4,1,1,2,2,1,1,2,4,0,0,0,0,2,3,4,4,1,1,0,0,4,3,4,4,4,4,1,2,1,1,3,3,2,0,4,1,1,1,1,1,4,2,1,0,1,4,2,4,1,3,3,3,1,4,0,2,3,3,3,1,4,2,4,1,1,4,1,3,4,2,2,4,1,0,1,0,0,1,4,1,1,4,1,1,1,2,1,1,0,2,4,0,2,4,0,3,0,1,0,0,1,2,1,4,4,4,2,4,0,4,4,0,1,2,4,1,1,2,4,0,0,0,1,3,4,4,0,2,4,4,1,2,2,1,3,4,4,4,4,1,1,1,3,1,1,4,2,1,0,0,0,3,4,0,2,4,3,0,3,1,1,0,2,1,1,3,4,4,4,1,4,0,0,1,0,3,0,4,3,4,0,2,1,1,4,1,3,1,1,2,0,4,4,0,0,4,4,1,2,2,3,0,1,1,4,0,2,4,1,1,4,4,3,0,1,1,4,2,4,1,4,4,1,4,1,1,3,1,0,1,0,3,1,1,1,1,4,4,4,4,4,1,4,3,1,0,1,1,0,4,2,3,1,0,0,0,0,1,1,1,1,0,1,4,0,0,4,1,1,0,0,4,4,0,3,1,4,4,1,2,0,2,4,0,3,3,0,4,3,0,3,1,0,4,3,0,4,0,0,0,0,1,0,2,1,0,0,3,4,0,4,3,4,4,3,4,4,2,4,1,0,2,1,3,1,3,4,4,0,2,4,0,0,0,3,2,1,4,1,4,3,0,0,0,4,4,1,4,1,2,1,3,4,0,0,2,3,0,4,0,4,1,1,1,1,1,0,3,4,0,1,3,1,4,0,3,0,0,4,1,4,2,1,1,4,0,3,1,4,4,3,2,2,1,0,0,3,4,2,1,1,0,2,0,2,4,2,3,3,0,3,2,3,3,2,0,0,0,4,4,1,3,2,4,3,0,3,2,4,3,3,2,3,0,0,0,4,4,3,0,2,4,4,1,0,1,0,1,2,4,0,2,4,3,2,3,4,2,4,4,1,1,4,4,1,0,1,0,1,1,3,1,4,0,3,0,0,1,4,1,1,1,0,4,4,1,1,1,1,3,4,0,1,4,4,2,2,3,3,1,0,2,4,2,0,4,2,4,3,4,4,0,0,4,4,1,1,4,3,2,0,1,1,0,0,1,4,3,1,1,0,0,4,1,4,3,2,4,2,1,4,4,0,0,1,0,1,2,0,0,1,4,4,1,0,1,1,0,3,3,4,2,4,1,1,4,3,0,4,1,2,1,1,4,3,3,4,4,1,1,3,0,3,0,1,1,3,2,1,4,1,3,1,4,1,2,0,1,0,2,3,1,4,3,1,1,3,0,2,0,4,4,3,3,1,3,3,4,4,1,0,1,3,0,0,1,4,2,1,3,0,0,2,4,0,2,4,1,4,4,4,0,0,1,4,4,1,4,1,4,4,3,1,0,0,4,3,1,0,4,1,4,3,0,4,0,4,4,0,1,4,0,4,3,2,4,1,4,4,2,0,4,1,0,0,0,1,2,3,1,1,2,4,1,4,1,0,4,4,1,0,2,4,4,2,4,1,2,4,0,0,4,1,4,3,1,0,4,3,4,4,1,1,0,0,0,3,2,1,0,0,0,4,1,2,1,2,0,3,0,2,0,0,4,0,4,3,0,1,4,1,4,2,4,4,0,4,4,2,4,1,2,3,4,1,1,0,1,1,2,1,4,4,1,1,4,4,0,1,2,1,1,1,3,4]",ok,
127,kmeans,3,0.35,0.483279563156707,0.0557938263167713,3,"fused_2_medium+fused_4_high+fused_5_low, fused_3_medium, fused_1_medium+fused_4_high","[433, 309, 534, 261, 262]",0.2,0.8,0.2,2.0,"{""fused_1"":0.9082225877985028,""fused_2"":0.38142220835555396,""fused_3"":0.7227330747583639,""fused_4"":0.42900289541748493,""fused_5"":0.35285006575930206}","{""fused_2_medium+fused_4_high+fused_5_low"":0.6949521043230965,""fused_3_medium"":0.7786328941968202,""fused_1_medium+fused_4_high"":0.6678486370263633}","{""fused_1"":0.1071947600762383,""fused_2"":0.255246549000437,""fused_3"":0.1347063055436209,""fused_4"":0.226937168571177,""fused_5"":0.2759152168085269}","{""fused_2_medium+fused_4_high+fused_5_low"":0.3409348369641203,""fused_3_medium"":0.30429408280993586,""fused_1_medium+fused_4_high"":0.3547710802259439}","{""fused_1"":0.5359738003811915,""fused_2"":1.2762327450021849,""fused_3"":0.6735315277181044,""fused_4"":1.134685842855885,""fused_5"":1.3795760840426343}","{""fused_2_medium+fused_4_high+fused_5_low"":1.022804510892361,""fused_3_medium"":0.9128822484298076,""fused_1_medium+fused_4_high"":1.0643132406778317}",0.179702870546985,0.0100055586436909,"[4,1,1,4,2,1,4,1,4,2,1,1,3,0,2,2,2,0,1,1,2,0,4,4,2,4,1,2,0,0,4,2,4,0,1,0,0,2,0,2,0,2,2,2,2,4,4,4,2,1,0,1,2,2,2,0,0,0,2,2,2,1,1,0,0,0,2,0,4,4,2,0,4,1,4,4,0,1,2,4,1,0,2,2,3,4,4,4,2,4,1,4,3,2,2,2,1,0,0,2,2,1,4,2,4,1,0,0,2,1,2,3,2,1,2,0,0,2,0,4,0,2,0,2,0,4,0,3,2,0,4,0,4,2,0,0,2,0,2,3,2,0,3,4,1,4,2,2,0,1,2,2,2,1,4,4,1,4,1,4,1,3,0,2,4,4,2,0,2,1,4,0,4,0,2,4,2,1,3,2,2,4,0,4,1,2,1,1,4,2,4,4,4,4,2,0,1,1,2,0,0,4,0,4,3,0,2,3,2,4,0,4,4,4,2,2,0,2,2,4,0,1,4,4,4,2,4,4,2,4,4,2,2,0,0,2,0,2,2,2,2,2,1,2,4,0,0,4,1,1,1,2,2,4,1,0,0,0,0,1,0,0,4,4,2,0,0,0,2,2,2,4,4,1,1,1,0,2,4,0,0,2,0,4,2,4,0,0,0,3,0,0,2,0,0,4,4,2,0,1,2,4,0,1,2,2,0,2,0,2,1,1,0,0,0,2,2,4,0,0,0,1,3,0,0,1,2,4,2,0,0,3,0,2,1,4,0,1,2,4,2,2,2,0,0,0,0,2,2,2,2,2,0,0,2,2,2,0,2,1,4,0,4,0,0,2,2,0,2,2,0,0,4,2,2,1,0,2,0,4,0,2,4,0,2,4,2,2,2,0,4,0,1,2,2,1,0,0,1,1,2,0,2,2,2,1,0,3,2,2,0,0,2,2,4,1,0,4,2,4,2,3,2,4,0,1,0,0,0,4,2,2,3,3,4,2,1,2,0,2,0,2,1,2,1,2,2,3,0,3,3,2,3,1,1,3,2,2,2,0,2,0,2,1,4,0,1,2,0,0,2,2,2,4,2,3,2,1,0,4,1,0,0,2,1,0,1,1,1,4,2,1,1,4,4,2,2,1,0,1,2,0,2,0,0,2,2,2,2,2,2,2,2,2,0,1,2,4,0,0,4,0,2,0,2,4,0,2,4,0,2,1,0,4,2,4,2,0,2,0,4,2,1,3,0,1,2,1,1,4,2,3,2,4,1,1,1,1,2,4,0,0,1,2,1,0,4,0,0,2,0,4,1,4,0,1,0,0,1,3,2,1,0,3,3,2,4,4,2,2,0,4,0,2,0,4,4,3,0,2,1,0,4,4,0,0,0,0,2,4,4,0,2,1,2,0,4,3,0,1,0,0,2,0,1,3,4,2,2,3,0,2,4,2,0,0,1,0,4,1,2,0,2,0,2,0,1,4,3,2,1,4,2,1,2,2,2,4,0,2,1,2,4,4,2,2,0,0,4,1,3,2,2,1,0,3,3,1,4,3,4,4,1,0,4,0,2,0,1,0,4,0,2,0,2,1,3,4,0,2,0,2,0,3,4,4,0,4,2,1,4,2,2,2,1,0,3,4,1,3,2,4,4,4,2,3,0,2,0,3,0,2,2,1,1,0,2,2,2,3,1,0,2,2,3,4,3,2,3,3,1,0,1,3,2,2,3,4,2,3,2,3,2,3,2,1,1,1,3,0,0,4,0,1,4,2,0,2,3,3,2,0,1,0,0,4,2,2,3,2,0,3,2,2,1,4,2,2,1,0,2,1,4,2,0,4,1,4,0,2,1,4,1,2,3,3,2,2,1,0,0,4,0,2,0,0,4,1,0,3,2,4,4,0,3,2,0,3,0,1,0,1,2,2,0,3,0,2,0,0,2,1,0,0,2,0,1,2,1,2,2,4,0,0,0,3,2,0,2,4,2,0,2,1,0,2,2,1,4,2,2,3,0,1,0,1,2,1,2,2,1,4,0,1,2,1,3,2,1,3,3,2,3,2,2,1,2,2,4,2,3,2,2,2,2,2,0,3,2,1,2,4,3,1,0,3,4,1,0,0,2,2,0,3,4,3,0,4,3,2,2,2,2,4,2,4,0,0,2,2,2,2,3,1,1,0,2,4,0,1,0,2,0,1,0,0,3,1,0,1,1,2,2,3,2,1,3,3,0,3,1,3,4,2,0,4,2,2,1,3,0,4,4,2,0,1,2,0,1,2,3,3,2,1,2,1,3,2,1,2,2,2,0,2,1,3,1,3,3,3,1,2,0,0,0,0,1,4,2,2,3,1,0,0,2,4,2,2,2,2,3,1,3,3,4,1,3,0,2,3,3,3,1,1,2,3,3,0,3,2,1,2,1,4,4,4,3,2,0,1,4,4,1,3,2,3,2,1,3,2,1,1,2,1,1,2,1,0,3,0,0,1,2,3,3,2,3,1,1,1,3,3,0,1,2,0,1,2,0,4,0,3,0,0,1,1,1,2,2,2,1,2,0,2,2,0,1,1,2,3,3,1,2,0,0,0,3,4,2,2,0,3,2,2,3,3,1,1,4,2,2,2,2,3,3,3,4,3,1,2,1,3,0,0,0,4,2,0,1,2,4,0,1,3,3,0,3,3,1,4,2,2,2,3,2,0,0,3,0,1,0,2,4,2,0,1,3,1,2,1,4,3,3,1,0,2,2,0,0,2,2,3,3,3,4,0,3,1,2,0,1,2,1,3,2,2,4,0,3,3,2,1,2,1,2,2,3,2,1,3,4,3,0,3,0,3,3,3,3,3,2,2,2,2,2,3,2,4,1,0,3,1,0,2,1,3,3,0,0,0,0,3,1,1,3,0,3,2,0,0,2,1,1,0,0,2,2,0,1,1,2,2,3,3,0,3,2,0,4,4,0,2,4,0,4,3,0,2,4,0,2,0,0,0,0,1,0,1,3,0,0,4,2,0,2,4,2,2,4,2,2,1,2,1,0,3,1,4,3,4,2,2,0,1,2,0,0,0,4,1,3,2,3,2,4,0,0,0,2,2,3,2,1,1,3,4,2,0,0,3,4,0,2,0,2,3,3,3,1,1,0,4,2,0,3,1,1,2,0,4,0,0,2,3,2,1,3,3,2,0,4,3,2,2,4,1,1,1,0,0,4,2,1,3,1,0,3,0,1,2,1,4,4,0,4,1,4,4,3,0,0,0,2,2,3,4,1,2,4,0,4,1,2,4,4,3,4,0,0,0,2,2,4,0,1,2,2,3,0,3,0,3,3,2,0,1,2,4,1,4,2,3,2,2,1,3,2,2,3,0,1,0,1,3,4,1,2,0,4,0,0,3,2,3,3,3,0,2,2,3,3,3,1,4,2,0,3,2,2,1,3,4,4,3,0,3,2,1,0,2,3,2,4,2,2,0,0,2,2,3,3,2,4,1,0,3,1,0,0,3,2,4,3,1,0,0,2,3,2,4,3,2,3,3,2,2,0,0,3,0,3,1,0,0,3,2,2,3,0,3,3,0,4,4,2,1,2,3,1,2,4,0,2,3,1,1,3,2,4,4,2,2,1,3,4,0,4,0,3,3,4,1,1,2,1,4,1,2,3,1,0,3,0,1,1,3,2,1,1,3,4,0,1,0,2,2,4,4,1,4,4,2,2,1,0,1,4,0,0,3,2,1,3,4,0,0,1,2,0,1,2,1,2,2,2,0,0,3,2,2,3,2,3,2,2,4,3,0,0,2,4,1,0,2,3,2,4,0,2,0,2,2,0,3,2,0,2,4,1,2,3,2,2,1,0,2,1,0,0,0,1,1,4,3,3,3,2,3,2,3,0,2,2,1,0,3,2,2,3,2,3,1,2,0,0,2,3,2,4,3,0,2,1,2,2,1,1,0,0,0,4,1,1,0,0,0,2,3,1,3,1,0,4,0,3,0,0,2,0,2,4,0,3,2,1,2,1,2,2,0,2,2,1,2,1,3,4,2,3,1,0,3,1,3,1,2,2,3,3,2,2,0,3,3,1,3,3,1,2]",ok,
128,kmeans,3,0.3,0.4817331979044604,0.0542474610645246,4,"fused_2_medium+fused_4_high+fused_5_low, fused_3_medium, fused_1_medium+fused_4_high, fused_3_low","[456, 228, 278, 509, 328]",0.3,0.9,0.3,2.0,"{""fused_1"":0.6627313842710083,""fused_2"":0.3305011110921764,""fused_3"":0.30052018533438996,""fused_4"":0.27002670626027603,""fused_5"":0.45481514275039614}","{""fused_2_medium+fused_4_high+fused_5_low"":0.7358238034821092,""fused_3_medium"":0.607790116624074,""fused_1_medium+fused_4_high"":0.7516650707473579,""fused_3_low"":0.6336553443513688}","{""fused_1"":0.10962538112998049,""fused_2"":0.21982431571083655,""fused_3"":0.24175474438320502,""fused_4"":0.2690555374825783,""fused_5"":0.15974002129339956}","{""fused_2_medium+fused_4_high+fused_5_low"":0.22984193280065182,""fused_3_medium"":0.2782591565200785,""fused_1_medium+fused_4_high"":0.2249980367251879,""fused_3_low"":0.26690087395408174}","{""fused_1"":0.5481269056499025,""fused_2"":1.0991215785541828,""fused_3"":1.208773721916025,""fused_4"":1.3452776874128916,""fused_5"":0.7987001064669979}","{""fused_2_medium+fused_4_high+fused_5_low"":0.9193677312026073,""fused_3_medium"":1.113036626080314,""fused_1_medium+fused_4_high"":0.8999921469007516,""fused_3_low"":1.067603495816327}",0.2200438757177179,0.0038910505836575,"[3,1,3,3,0,1,0,1,0,0,1,1,2,3,3,0,4,3,3,3,3,0,3,3,3,3,1,4,0,0,0,4,3,0,3,0,0,0,0,0,0,0,4,4,3,3,3,3,4,1,0,2,4,0,0,3,3,3,4,0,3,3,3,0,0,3,4,0,0,3,3,0,3,1,3,0,3,1,4,3,1,3,4,0,0,3,3,3,4,3,3,1,2,3,4,4,1,3,0,3,4,1,1,4,3,1,0,3,4,3,4,2,4,1,3,0,0,4,0,3,0,4,0,4,0,0,0,2,3,0,0,0,3,0,3,0,3,0,3,2,4,3,2,3,3,3,0,4,3,1,0,0,3,3,3,3,1,3,1,3,3,2,0,4,3,3,4,4,3,3,0,0,3,0,4,0,0,1,2,0,3,3,0,3,1,4,1,1,3,4,3,3,3,0,0,0,3,3,4,0,0,1,3,0,2,0,4,2,4,3,4,3,0,3,3,4,4,4,3,3,0,3,3,0,3,4,3,0,0,3,3,4,4,4,4,4,3,0,4,4,4,0,3,0,0,3,3,3,1,1,1,3,4,3,3,0,0,0,0,1,0,0,3,3,4,3,0,0,0,4,4,0,3,1,2,3,3,3,3,4,0,3,0,3,4,0,0,4,3,2,0,0,3,3,0,3,3,4,3,3,0,0,3,3,4,4,4,4,0,4,2,3,4,0,3,0,4,0,0,0,0,3,2,0,4,3,4,3,4,3,3,2,0,3,1,1,0,3,4,1,4,3,3,3,0,3,0,0,0,4,3,3,0,0,4,3,4,0,3,1,0,3,3,0,0,4,4,0,4,0,0,4,3,4,4,1,0,4,0,0,3,4,0,3,4,3,4,0,4,0,3,3,1,3,0,3,0,4,1,3,3,0,4,0,4,1,3,2,3,4,0,0,0,4,3,1,3,3,4,0,0,2,4,0,0,3,3,0,0,0,4,4,2,2,3,0,3,0,0,0,0,4,1,3,2,4,0,2,4,2,2,0,2,1,1,2,4,0,3,0,4,3,0,1,3,0,1,3,0,0,3,3,4,3,4,2,0,3,0,3,3,0,3,0,1,0,1,1,3,3,4,1,3,0,3,4,4,1,0,2,3,0,3,4,0,3,4,4,4,4,3,4,3,0,0,3,4,0,3,0,3,0,3,4,4,0,0,4,3,0,4,3,0,3,4,3,4,0,4,0,3,4,1,2,0,1,0,1,3,3,3,2,4,3,1,3,1,1,4,3,0,0,1,4,1,0,3,0,3,4,0,0,2,3,0,1,0,0,1,2,0,1,3,2,2,3,0,0,4,4,0,0,4,0,3,3,3,0,0,4,3,3,0,3,0,0,3,3,4,0,3,0,0,1,0,0,3,2,0,1,0,0,4,3,3,2,0,4,4,2,3,4,3,4,3,0,1,3,0,1,0,0,3,4,4,0,3,0,0,0,1,3,4,1,4,4,0,3,0,3,1,0,3,3,4,4,3,3,3,3,2,3,4,3,0,2,2,1,0,2,3,0,1,3,3,3,0,0,3,3,0,3,3,3,0,3,2,3,3,0,4,4,3,2,0,3,3,0,3,1,3,4,4,3,1,3,2,3,1,2,3,3,3,0,3,2,3,3,0,2,3,0,3,1,1,4,0,3,3,2,3,0,4,3,0,3,2,4,2,2,1,4,1,2,0,3,2,3,4,2,3,2,4,2,0,1,1,1,2,0,4,0,3,3,1,0,3,3,0,2,0,3,1,3,3,3,4,4,2,4,0,2,3,4,1,3,3,3,3,3,4,1,3,4,0,3,1,0,0,0,1,3,1,4,2,2,4,3,1,3,0,3,0,3,0,0,0,1,0,2,4,0,3,3,2,4,0,2,4,3,4,1,3,0,3,2,0,0,0,3,3,2,0,4,4,3,1,4,1,3,4,3,3,0,0,2,4,0,4,0,3,0,4,1,3,4,0,1,3,4,4,2,0,1,4,2,0,1,3,4,1,1,0,1,3,1,2,4,1,2,2,4,2,3,4,1,4,4,0,0,2,0,4,3,3,0,4,2,4,1,3,3,2,3,3,2,3,1,0,0,0,4,0,2,3,2,3,1,2,3,4,4,3,3,4,0,4,0,4,3,4,4,2,1,1,3,0,3,0,1,0,3,4,1,0,0,2,1,3,1,1,3,3,2,4,2,2,2,0,2,1,2,3,3,3,0,4,4,1,2,0,3,1,4,3,1,4,3,1,3,2,2,4,1,4,1,2,3,3,0,3,4,3,0,1,2,3,2,2,2,3,4,0,0,3,0,1,3,4,4,2,2,0,0,3,3,0,0,4,4,2,1,2,2,1,1,2,0,4,2,2,2,1,1,4,2,2,0,2,4,3,4,2,1,1,1,2,4,3,3,0,0,1,2,4,2,0,2,2,4,1,3,4,3,1,4,1,4,2,0,0,1,4,2,2,3,2,2,2,1,2,2,3,3,0,3,1,0,0,1,4,2,4,3,1,3,1,4,4,3,1,3,0,4,0,3,1,3,3,2,2,3,3,0,0,3,2,0,0,4,0,2,4,0,2,2,1,1,0,4,0,4,4,2,2,2,0,2,1,4,1,2,0,0,4,1,4,3,3,0,3,0,3,2,2,3,2,2,1,3,4,4,4,2,4,3,0,2,3,3,0,0,0,3,3,3,2,1,4,1,0,2,2,3,0,3,0,0,4,0,3,2,2,2,1,0,2,2,3,0,3,3,1,2,3,3,1,0,2,2,4,3,4,2,3,4,2,4,1,2,3,2,4,2,3,2,2,2,2,2,3,4,0,4,4,2,4,3,2,3,2,2,4,3,1,2,2,0,0,3,4,2,1,1,2,0,2,4,4,0,0,1,1,0,4,4,4,3,1,2,3,4,2,0,4,2,4,0,0,1,0,3,3,3,3,2,0,4,3,4,4,3,4,0,3,1,4,3,2,3,0,3,3,0,4,0,0,3,3,0,4,1,4,1,0,2,1,0,2,1,4,0,0,3,4,0,3,4,3,3,2,4,2,0,3,3,3,0,3,4,2,3,1,3,2,0,0,0,0,2,3,4,4,0,3,2,2,2,1,1,3,0,0,0,2,3,1,4,3,3,4,3,3,2,0,1,2,2,0,3,3,2,0,0,3,1,1,1,0,4,3,4,3,2,1,0,2,4,1,4,3,3,1,4,0,1,0,0,2,0,3,0,0,4,2,3,3,0,0,0,0,1,3,3,3,2,3,4,0,0,4,4,0,0,1,0,4,2,0,2,0,2,2,4,0,1,3,3,1,3,4,2,4,0,1,2,4,4,2,3,1,0,2,2,3,1,4,0,3,3,0,2,3,2,2,2,0,4,4,2,2,2,1,0,0,3,2,3,4,3,2,3,3,2,0,0,0,1,4,4,0,3,3,0,0,0,0,3,4,2,2,4,3,1,0,2,2,0,3,2,3,1,2,2,3,3,0,2,4,0,2,3,2,2,4,4,3,0,2,3,2,3,3,0,2,4,3,2,0,2,2,0,3,3,4,1,4,2,1,3,1,0,4,2,1,1,2,4,3,0,0,4,2,2,3,3,1,0,2,2,0,3,1,4,1,3,1,0,2,1,0,2,3,1,3,2,4,1,1,2,0,3,3,0,0,0,3,3,1,0,1,3,4,1,0,1,0,0,3,2,4,1,2,0,0,0,3,4,3,1,3,1,4,4,3,4,0,2,4,0,2,0,2,4,0,3,2,0,3,3,3,2,0,4,2,4,3,3,0,0,0,3,3,2,3,4,3,0,1,3,2,4,4,1,0,3,1,0,0,0,1,3,3,2,2,2,3,2,3,2,0,0,3,1,0,2,0,3,2,4,2,1,4,0,0,4,2,4,1,2,0,4,3,3,0,2,1,0,3,3,3,3,1,0,3,0,3,2,1,2,1,0,3,3,2,4,4,3,0,4,1,3,2,4,1,3,1,4,4,0,4,4,1,4,1,2,1,0,2,1,0,2,1,2,1,0,0,2,2,0,0,3,2,2,1,2,2,1,0]",ok,
129,kmeans,3,0.25,0.4892439032152905,0.0617581663753548,8,"fused_2_medium+fused_4_high+fused_5_low, fused_3_low, fused_3_high+fused_4_high, fused_1_medium+fused_2_medium+fused_4_high, fused_3_medium+fused_4_high, fused_1_medium+fused_4_high+fused_5_low, fused_1_medium+fused_3_medium, fused_1_high+fused_4_high","[433, 370, 501, 256, 239]",0.2,0.7,0.7,2.0,"{""fused_1"":0.7145506135247778,""fused_2"":0.3002148697932741,""fused_3"":0.4733544891290842,""fused_4"":0.4233133908852904,""fused_5"":0.36871519749965365}","{""fused_2_medium+fused_4_high+fused_5_low"":0.5348189881394405,""fused_3_low"":0.31457568157787436,""fused_3_high+fused_4_high"":0.37294800057708466,""fused_1_medium+fused_2_medium+fused_4_high"":0.31339419531172774,""fused_3_medium+fused_4_high"":0.46766979920336843,""fused_1_medium+fused_4_high+fused_5_low"":0.3057791981388404,""fused_1_medium+fused_3_medium"":0.4394033835502005,""fused_1_high+fused_4_high"":0.39513747136245875}","{""fused_1"":0.11743127835864654,""fused_2"":0.2795017850246728,""fused_3"":0.17726797553468931,""fused_4"":0.1982233347796644,""fused_5"":0.22757562630232697}","{""fused_2_medium+fused_4_high+fused_5_low"":0.08846453448986571,""fused_3_low"":0.15040105002644405,""fused_3_high+fused_4_high"":0.12686088341776103,""fused_1_medium+fused_2_medium+fused_4_high"":0.15096805725784324,""fused_3_medium+fused_4_high"":0.10116649162013248,""fused_1_medium+fused_4_high+fused_5_low"":0.15472770257123297,""fused_1_medium+fused_3_medium"":0.10767443900825427,""fused_1_high+fused_4_high"":0.11973684160846632}","{""fused_1"":0.5871563917932328,""fused_2"":1.397508925123364,""fused_3"":0.8863398776734466,""fused_4"":0.9911166738983219,""fused_5"":1.1378781315116349}","{""fused_2_medium+fused_4_high+fused_5_low"":0.7077162759189257,""fused_3_low"":1.2032084002115524,""fused_3_high+fused_4_high"":1.0148870673420882,""fused_1_medium+fused_2_medium+fused_4_high"":1.2077444580627459,""fused_3_medium+fused_4_high"":0.8093319329610599,""fused_1_medium+fused_4_high+fused_5_low"":1.2378216205698638,""fused_1_medium+fused_3_medium"":0.8613955120660342,""fused_1_high+fused_4_high"":0.9578947328677305}",0.1560377310125721,0.0027793218454697,"[1,2,1,1,4,2,4,2,4,4,2,2,3,0,1,4,2,0,1,1,1,0,1,1,1,1,2,2,0,0,4,2,1,0,1,0,0,4,0,4,0,4,2,2,1,1,1,1,2,2,0,3,2,4,4,0,0,0,2,4,1,1,1,0,0,0,2,0,4,1,1,0,1,2,1,4,0,2,2,1,2,0,2,4,4,1,1,1,2,1,1,2,4,1,2,2,2,0,0,1,2,2,2,2,1,2,0,0,2,1,2,3,2,2,1,0,0,2,0,1,0,2,0,2,0,4,0,3,1,0,4,0,1,4,0,0,1,0,1,4,2,0,3,1,1,1,4,2,0,2,4,4,1,1,1,1,2,1,2,1,1,3,0,2,1,1,2,0,1,1,4,0,1,0,2,4,4,2,3,4,1,1,0,1,2,2,2,2,1,2,1,1,1,4,4,0,1,1,2,0,0,2,0,4,3,0,2,3,2,1,0,1,4,1,1,2,0,2,1,1,0,1,1,4,1,2,1,4,4,1,1,2,2,0,0,2,0,4,2,2,2,4,1,4,4,0,0,1,2,3,2,1,2,1,1,0,0,0,0,2,0,0,1,1,2,0,0,0,4,2,2,4,1,2,3,1,0,1,1,0,0,1,0,1,2,4,0,0,0,3,0,0,1,0,0,1,1,2,0,1,4,4,0,1,2,2,0,2,0,2,3,1,0,0,0,4,2,4,0,0,0,1,3,0,0,1,2,1,2,0,0,3,0,1,2,2,0,1,2,2,2,1,1,0,0,0,0,4,4,2,1,1,0,0,2,1,2,0,1,2,4,0,1,0,0,2,2,0,2,4,0,0,1,2,2,2,0,2,0,4,0,2,4,0,2,1,2,4,2,0,1,0,2,1,4,1,0,0,2,4,1,0,2,4,2,2,0,3,1,2,0,0,4,2,1,2,0,1,2,4,4,3,2,4,0,1,0,0,0,4,2,2,3,3,1,4,1,4,0,4,0,2,2,1,3,2,4,4,0,4,3,4,3,2,2,3,2,4,1,0,2,0,4,2,1,0,2,1,0,0,1,1,2,1,2,3,4,1,0,1,1,0,0,4,2,0,2,2,1,1,2,2,1,4,1,2,2,2,0,3,1,0,1,0,0,1,2,2,2,2,1,2,1,4,0,1,2,4,0,0,1,0,1,0,2,4,0,2,1,0,2,1,0,1,2,1,2,0,2,0,1,2,2,4,0,2,4,2,1,1,1,3,2,1,2,1,2,2,2,1,0,0,2,2,2,0,1,0,0,2,0,4,3,1,0,2,0,0,2,4,4,2,0,3,4,1,4,4,2,2,0,4,0,4,0,1,1,4,0,2,1,0,4,1,0,0,0,0,2,4,1,0,4,2,4,0,1,3,0,2,0,0,2,0,1,4,4,2,2,3,0,2,1,2,0,0,2,0,4,2,4,0,1,0,2,0,1,4,4,4,2,1,2,2,2,2,4,1,0,1,2,4,1,1,2,2,0,0,1,1,3,1,2,1,0,3,3,2,4,3,1,4,2,0,1,0,4,0,1,0,4,0,1,0,4,1,3,1,0,4,0,2,0,3,4,1,0,4,1,2,1,2,2,1,2,0,3,1,2,3,1,1,1,4,1,3,0,1,0,3,0,4,1,2,2,0,4,1,1,3,1,0,2,1,4,1,3,2,3,3,2,0,2,3,4,1,3,1,2,3,1,3,2,3,4,2,2,2,3,0,0,4,0,1,2,4,0,1,4,3,4,0,2,0,0,1,2,2,3,2,0,3,1,2,2,1,1,1,1,0,2,2,1,2,0,1,2,4,0,4,2,1,2,2,4,3,2,1,2,0,0,1,0,1,0,0,4,2,0,3,2,4,1,0,3,2,0,4,0,1,0,2,1,4,0,3,0,4,0,0,1,3,0,0,2,0,2,2,2,1,2,1,0,0,0,3,2,0,2,4,1,0,2,2,0,2,4,2,1,2,2,3,0,2,0,3,4,2,1,2,2,2,0,2,1,2,3,2,2,3,3,2,3,1,2,2,2,2,4,4,3,4,2,1,1,4,0,3,2,2,1,1,3,1,0,3,1,2,0,0,4,2,0,3,1,3,0,2,3,1,2,2,1,1,2,4,0,0,2,1,2,2,3,2,2,0,4,1,0,2,0,1,0,2,0,0,3,2,0,2,2,1,1,4,2,3,3,3,0,3,2,3,1,1,0,4,2,2,2,3,0,1,2,2,0,2,2,0,2,1,3,3,2,2,2,2,3,1,1,4,1,2,0,4,2,3,1,3,3,3,1,2,0,0,0,0,2,1,2,2,3,3,0,0,1,1,4,4,2,2,3,2,3,3,2,2,3,0,2,3,3,3,2,2,2,4,3,0,3,2,1,2,3,2,2,2,3,2,0,1,4,4,2,3,2,4,4,3,3,2,2,4,2,1,2,2,2,0,3,0,0,2,2,3,3,1,3,3,3,2,3,3,0,1,4,0,2,4,0,2,0,3,0,0,2,1,2,2,2,1,2,1,0,2,4,0,2,1,1,3,3,1,1,0,0,0,3,4,4,2,0,3,2,4,3,3,2,2,4,2,4,2,2,3,3,3,4,3,2,2,2,3,0,0,0,2,2,0,1,4,1,0,3,3,3,0,4,3,2,1,2,2,2,3,2,0,0,3,0,1,0,4,4,1,0,1,3,2,2,2,4,3,3,1,0,1,4,0,0,4,1,3,4,3,2,0,3,3,1,0,1,1,2,3,1,1,2,0,3,3,2,1,2,3,1,2,3,2,2,3,1,3,0,3,0,3,3,3,3,3,1,2,4,2,2,3,2,1,3,0,3,3,0,1,2,3,3,0,0,0,0,3,2,2,3,0,3,2,0,0,4,2,2,0,0,2,2,0,2,3,1,2,3,4,0,4,2,0,4,2,0,1,1,0,1,3,0,2,1,0,2,0,0,0,0,2,0,4,3,0,0,1,1,0,2,4,4,1,1,4,2,2,2,2,0,3,2,4,3,2,2,4,0,1,2,0,0,0,1,1,3,2,3,4,1,0,0,0,1,2,3,1,2,1,3,4,4,0,0,4,1,0,2,0,1,3,3,3,2,2,0,4,4,0,3,3,2,2,0,1,0,0,1,3,4,2,3,3,4,0,1,3,4,4,1,2,2,2,0,0,1,2,1,3,2,0,3,0,2,2,1,1,2,0,4,2,4,4,3,0,0,0,4,2,3,1,1,4,4,0,4,2,1,1,1,4,1,0,0,0,2,2,4,0,2,4,2,3,0,3,0,3,4,2,0,2,1,1,2,1,2,4,2,4,2,3,2,2,3,0,2,0,3,3,1,2,2,0,1,0,0,3,1,3,3,3,0,2,2,3,3,3,2,4,4,0,3,1,2,1,4,1,1,3,0,4,4,2,0,2,4,1,1,4,4,0,0,1,2,3,3,2,1,2,0,3,3,0,0,3,1,2,3,3,0,0,4,3,2,4,4,1,3,3,2,2,0,0,3,0,3,1,0,0,3,2,1,3,0,3,3,0,1,1,2,2,2,3,2,1,2,0,2,3,2,2,3,2,1,4,4,2,3,3,1,0,2,0,3,3,4,1,2,2,2,1,2,4,3,2,0,3,0,2,1,3,2,2,2,3,4,0,1,0,4,4,1,1,2,4,2,1,2,2,0,2,4,0,0,3,2,2,3,4,0,0,1,2,0,2,1,2,2,2,1,0,0,3,2,4,3,4,3,2,4,1,3,0,0,1,1,3,0,2,3,2,1,0,4,0,4,1,0,3,1,0,1,4,2,1,3,2,2,2,0,1,2,0,0,0,2,1,1,3,3,3,1,3,1,3,0,4,1,2,0,4,4,1,4,2,3,2,2,0,0,2,3,2,2,3,0,2,4,1,4,3,2,0,0,0,1,1,2,0,0,0,1,3,2,3,2,0,1,0,4,0,0,1,0,2,2,0,3,2,2,1,2,2,2,0,2,2,2,2,2,3,2,4,3,2,0,3,2,3,2,4,4,3,3,4,4,0,3,3,2,3,3,2,4]",ok,
130,kmeans,3,0.2,0.491685726340161,0.0641999895002252,9,"fused_3_high+fused_4_high, fused_1_medium+fused_3_medium, fused_1_medium+fused_2_medium+fused_4_high+fused_5_low, fused_5_medium, fused_2_medium+fused_3_low+fused_4_high, fused_1_high+fused_2_medium+fused_4_high, fused_2_medium+fused_3_medium+fused_4_high+fused_5_low, fused_2_high, fused_1_low","[501, 368, 406, 246, 278]",0.1,0.7,0.8,2.0,"{""fused_1"":0.7263125283585504,""fused_2"":0.43729959800147133,""fused_3"":0.2701829206865874,""fused_4"":0.5988877123269962,""fused_5"":0.46204357143698305}","{""fused_3_high+fused_4_high"":0.22770690507408922,""fused_1_medium+fused_3_medium"":0.36962056982087615,""fused_1_medium+fused_2_medium+fused_4_high+fused_5_low"":0.437260583503584,""fused_5_medium"":0.6086336416085646,""fused_2_medium+fused_3_low+fused_4_high"":0.23094676525155916,""fused_1_high+fused_2_medium+fused_4_high"":0.2745591705166788,""fused_2_medium+fused_3_medium+fused_4_high+fused_5_low"":0.34033379937601826,""fused_2_high"":0.23380454937383874,""fused_1_low"":0.5754572472489601}","{""fused_1"":0.12294293713506158,""fused_2"":0.20419638143388472,""fused_3"":0.3304982982916793,""fused_4"":0.14910139860347862,""fused_5"":0.19326098453589588}","{""fused_3_high+fused_4_high"":0.15711031862406652,""fused_1_medium+fused_3_medium"":0.0967887269543126,""fused_1_medium+fused_2_medium+fused_4_high+fused_5_low"":0.08181644026186731,""fused_5_medium"":0.05877937393427646,""fused_2_medium+fused_3_low+fused_4_high"":0.1549062805453115,""fused_1_high+fused_2_medium+fused_4_high"":0.13030016204436695,""fused_2_medium+fused_3_medium+fused_4_high+fused_5_low"":0.10511769467117794,""fused_2_high"":0.1530128669647402,""fused_1_low"":0.06216813599988052}","{""fused_1"":0.6147146856753078,""fused_2"":1.0209819071694235,""fused_3"":1.6524914914583966,""fused_4"":0.7455069930173931,""fused_5"":0.9663049226794794}","{""fused_3_high+fused_4_high"":1.4139928676165987,""fused_1_medium+fused_3_medium"":0.8710985425888135,""fused_1_medium+fused_2_medium+fused_4_high+fused_5_low"":0.7363479623568058,""fused_5_medium"":0.5290143654084881,""fused_2_medium+fused_3_low+fused_4_high"":1.3941565249078034,""fused_1_high+fused_2_medium+fused_4_high"":1.1727014583993025,""fused_2_medium+fused_3_medium+fused_4_high+fused_5_low"":0.9460592520406015,""fused_2_high"":1.3771158026826618,""fused_1_low"":0.5595132239989247}",0.2661741473766226,0.0272373540856031,"[0,4,0,0,4,2,4,1,4,4,1,4,1,0,0,4,2,0,0,0,0,3,0,0,0,0,2,2,3,3,4,2,0,3,0,3,3,4,3,4,3,4,2,2,0,0,0,0,2,1,3,1,2,4,4,0,0,0,2,4,0,0,0,3,3,0,2,3,4,0,0,3,0,2,0,4,0,2,2,0,2,0,2,4,4,0,0,0,2,0,0,1,4,0,2,2,1,0,3,0,2,1,2,2,0,1,3,0,2,0,2,1,2,2,0,3,3,2,3,0,3,2,3,2,3,4,3,1,0,3,4,3,0,4,0,3,0,3,0,4,2,0,1,0,0,0,4,2,0,2,4,4,0,0,0,0,1,0,2,0,0,1,3,2,0,0,2,2,0,0,4,3,0,3,2,4,4,1,1,4,0,0,3,0,1,2,2,4,0,2,0,0,0,4,4,3,0,0,2,3,3,2,0,4,1,3,2,1,2,0,2,0,4,0,0,2,2,2,0,0,3,0,0,4,0,2,0,4,4,0,0,2,2,2,2,2,0,4,2,2,2,4,0,4,4,0,0,0,2,1,1,0,2,0,0,3,3,3,3,4,3,3,0,0,2,0,3,3,4,2,2,4,0,4,1,0,0,0,0,2,3,0,3,0,2,4,3,2,0,1,3,3,0,0,3,0,0,2,0,0,4,4,0,0,2,2,2,2,3,2,1,0,2,3,0,4,2,4,3,3,3,0,1,3,2,0,2,0,2,0,0,1,3,0,2,1,3,0,2,2,2,0,0,0,3,0,3,4,4,2,0,0,3,3,2,0,2,3,0,4,4,0,0,3,3,2,2,3,2,4,3,2,0,2,2,1,3,2,3,4,0,2,4,0,2,0,2,4,2,3,0,0,1,0,4,0,3,2,2,4,0,3,2,4,2,4,0,1,0,2,3,3,4,2,0,1,0,0,2,4,4,1,2,4,3,0,0,3,3,4,2,2,1,1,0,4,0,4,3,4,3,2,1,0,1,2,4,4,2,4,1,4,1,2,2,1,2,4,0,3,2,0,4,2,0,3,2,0,3,3,0,0,2,0,2,1,4,0,3,0,0,3,0,4,2,3,1,1,0,0,2,2,0,4,0,2,2,1,3,1,0,3,0,2,3,0,2,2,2,2,0,2,0,4,3,0,2,4,0,3,0,3,0,2,2,4,3,2,0,3,2,0,3,0,2,0,2,3,2,3,0,2,1,4,3,1,4,1,0,0,0,1,2,0,2,0,1,4,2,0,3,3,2,2,2,3,0,3,0,2,3,4,1,0,3,1,3,3,2,4,4,1,0,1,4,0,4,4,2,2,3,4,2,4,0,0,0,4,3,2,0,0,4,0,3,3,0,0,2,4,0,3,4,1,4,3,0,1,3,2,3,3,2,0,0,4,4,2,2,1,0,2,0,2,0,3,2,0,4,1,4,3,0,2,2,3,0,4,4,4,2,0,2,2,2,2,4,0,3,0,1,4,0,0,2,2,0,0,0,0,1,0,2,0,3,1,1,1,4,1,0,4,1,0,0,0,4,3,0,0,4,0,0,0,4,0,1,0,0,4,2,2,0,1,4,0,0,4,0,1,0,2,2,0,2,0,1,0,1,4,0,0,0,4,0,1,0,0,3,1,0,4,0,1,1,2,4,0,0,1,0,3,2,0,4,0,1,2,1,1,1,2,1,1,4,0,1,0,2,1,0,1,2,1,4,2,4,2,4,3,2,4,0,0,2,4,0,0,4,1,4,0,4,0,0,0,2,2,1,2,3,1,0,2,2,0,0,0,0,0,2,1,0,2,3,0,2,4,3,4,4,0,1,2,4,1,2,0,1,0,3,0,3,0,3,3,4,1,3,1,2,4,0,0,1,2,3,4,2,0,2,1,0,4,0,4,3,4,3,0,0,1,3,2,2,0,1,2,1,0,2,0,0,3,3,1,2,3,2,4,0,3,2,2,0,2,4,1,0,2,2,1,3,2,2,1,4,1,0,2,1,2,3,1,0,2,1,2,4,1,1,2,1,0,2,1,2,2,4,4,4,4,2,0,0,4,2,1,2,2,0,0,1,0,0,1,0,1,3,3,4,2,3,1,0,1,0,2,1,0,2,2,0,0,2,4,2,3,2,0,2,2,1,1,1,0,4,0,3,2,3,0,2,2,3,3,1,1,0,4,1,0,0,4,2,1,1,1,3,1,1,1,0,0,0,4,2,2,1,1,3,0,2,2,0,1,2,0,1,0,4,1,2,1,2,1,1,0,0,4,0,2,0,4,1,1,0,1,1,1,0,2,3,3,0,3,2,0,2,2,1,1,3,3,0,0,4,4,2,2,1,4,1,1,2,1,1,3,2,1,1,1,1,1,2,4,1,3,1,2,0,2,1,2,2,1,1,2,0,0,4,4,1,1,2,4,4,1,1,2,1,4,2,0,1,2,1,2,1,3,3,1,2,1,1,0,1,1,1,2,1,1,0,0,4,0,2,4,3,2,2,1,2,0,1,0,1,2,2,0,4,0,3,2,4,0,1,0,0,1,1,0,0,3,3,0,1,4,4,2,3,1,2,4,1,4,1,1,4,2,4,2,2,1,1,1,4,1,1,2,2,1,3,3,2,1,2,0,0,4,0,3,4,1,1,0,4,1,1,0,2,2,2,1,2,0,3,1,0,4,3,4,4,0,0,0,1,1,2,1,4,1,1,0,3,0,4,3,2,4,0,1,4,4,2,3,1,1,0,3,0,0,1,1,0,0,2,3,1,1,2,0,2,1,0,2,1,2,1,1,0,1,2,1,0,4,1,1,1,1,0,2,4,2,2,1,2,0,1,0,1,1,2,0,4,4,1,3,3,0,2,1,1,1,1,3,1,2,2,3,4,1,1,3,2,2,2,0,4,1,0,2,1,4,2,4,2,3,4,1,3,0,0,0,0,1,3,2,0,2,2,0,2,3,0,1,2,4,1,0,3,0,0,3,2,4,4,0,0,4,2,2,2,1,3,4,1,4,1,1,2,4,3,0,2,3,0,2,0,0,1,2,1,4,0,0,0,3,0,2,1,0,1,0,1,4,4,3,3,4,0,2,2,3,0,1,1,1,1,1,0,4,4,3,1,4,1,2,0,0,2,0,0,1,4,2,1,1,4,0,0,1,4,4,0,1,2,1,3,2,0,2,0,1,1,3,4,2,2,2,0,0,2,2,4,2,4,4,4,3,0,3,4,2,1,0,0,4,4,3,4,2,0,0,0,4,0,2,3,3,2,2,4,3,4,4,2,1,3,1,3,1,4,2,3,2,0,0,2,0,2,4,2,4,1,1,2,2,1,0,1,3,1,1,0,1,2,3,0,0,3,1,0,1,1,1,3,2,2,1,1,1,1,4,4,0,1,0,2,0,4,0,0,1,3,4,4,1,2,2,4,0,0,4,4,3,3,0,2,1,1,2,0,2,3,1,1,3,0,1,0,4,1,1,0,0,4,1,2,4,4,0,4,1,2,2,0,3,1,0,1,0,0,3,1,2,0,1,3,1,1,3,0,0,2,2,2,1,1,0,2,3,2,1,2,1,1,2,0,4,4,2,1,1,0,0,2,3,1,1,4,0,1,2,1,0,1,4,1,1,3,1,0,2,4,1,2,1,1,1,4,0,0,3,4,4,0,0,1,4,2,0,2,1,3,1,4,3,0,1,2,1,1,4,3,3,0,2,0,2,0,1,2,2,0,2,3,1,2,4,1,4,1,2,4,0,1,3,0,0,0,1,3,2,1,2,0,0,4,3,4,0,0,1,0,2,0,4,1,0,1,2,2,2,3,0,1,3,3,3,1,0,0,1,1,1,0,1,0,1,3,4,0,1,3,4,4,0,4,2,1,2,2,3,3,2,1,2,2,1,3,2,4,0,4,1,1,3,0,0,0,0,1,3,0,3,0,1,4,1,2,3,0,0,4,2,2,0,3,2,1,0,1,2,1,0,2,2,2,3,2,2,2,2,1,4,2,4,1,1,3,1,1,1,1,4,4,1,1,4,4,0,1,4,1,1,1,1,4]",ok,
131,kmeans,3,0.15,0.5372911147343679,0.1098053778944321,15,"fused_1_medium+fused_2_medium+fused_4_high+fused_5_low, fused_2_medium+fused_3_medium+fused_4_high+fused_5_low, fused_1_low, fused_4_high+fused_5_medium, fused_1_high+fused_2_medium+fused_4_high+fused_5_low, fused_2_medium+fused_3_low+fused_4_high+fused_5_low, fused_1_medium+fused_3_medium+fused_4_high, fused_1_high+fused_2_medium+fused_3_low+fused_4_high, fused_2_low+fused_4_high, fused_3_high+fused_4_high+fused_5_low, fused_2_medium+fused_3_high+fused_4_high, fused_1_medium+fused_3_high+fused_4_high, fused_2_high+fused_5_high, fused_1_medium+fused_2_medium+fused_3_medium, fused_2_medium+fused_3_high+fused_5_low","[270, 384, 336, 452, 357]",0.3,0.7,0.3,3.0,"{""fused_1"":0.4903441240661873,""fused_2"":0.2365905681261774,""fused_3"":0.33408651452782123,""fused_4"":0.48761600892443613,""fused_5"":0.2895600025760876}","{""fused_1_medium+fused_2_medium+fused_4_high+fused_5_low"":0.6851689331170293,""fused_2_medium+fused_3_medium+fused_4_high+fused_5_low"":0.6167009643463912,""fused_1_low"":0.7893538403168728,""fused_4_high+fused_5_medium"":0.6528199311136305,""fused_1_high+fused_2_medium+fused_4_high+fused_5_low"":0.5880847044754711,""fused_2_medium+fused_3_low+fused_4_high+fused_5_low"":0.574304152349707,""fused_1_medium+fused_3_medium+fused_4_high"":0.6221995013667103,""fused_1_high+fused_2_medium+fused_3_low+fused_4_high"":0.5783329185766999,""fused_2_low+fused_4_high"":0.5750801105172344,""fused_3_high+fused_4_high+fused_5_low"":0.6033282535602766,""fused_2_medium+fused_3_high+fused_4_high"":0.6026011540163363,""fused_1_medium+fused_3_high+fused_4_high"":0.7196199394238091,""fused_2_high+fused_5_high"":0.577007846454713,""fused_1_medium+fused_2_medium+fused_3_medium"":0.5828355286551353,""fused_2_medium+fused_3_high+fused_5_low"":0.5853076241850962}","{""fused_1"":0.16791959781190025,""fused_2"":0.24174258373258048,""fused_3"":0.20343346685442346,""fused_4"":0.1683886810914572,""fused_5"":0.2185156705096388}","{""fused_1_medium+fused_2_medium+fused_4_high+fused_5_low"":0.06339200433878867,""fused_2_medium+fused_3_medium+fused_4_high+fused_5_low"":0.06681838911925445,""fused_1_low"":0.05906054523572525,""fused_4_high+fused_5_medium"":0.06494363788491304,""fused_1_high+fused_2_medium+fused_4_high+fused_5_low"":0.06842477422724332,""fused_2_medium+fused_3_low+fused_4_high+fused_5_low"":0.06924084143472921,""fused_1_medium+fused_3_medium+fused_4_high"":0.06652248828557285,""fused_1_high+fused_2_medium+fused_3_low+fused_4_high"":0.06899924817034503,""fused_2_low+fused_4_high"":0.06919411217775355,""fused_3_high+fused_4_high+fused_5_low"":0.0675548421106122,""fused_2_medium+fused_3_high+fused_4_high"":0.0675955857158139,""fused_1_medium+fused_3_high+fused_4_high"":0.061855984124152726,""fused_2_high+fused_5_high"":0.06907842954570867,""fused_1_medium+fused_2_medium+fused_3_medium"":0.06873220966149358,""fused_2_medium+fused_3_high+fused_5_low"":0.06858690796789339}","{""fused_1"":0.8395979890595012,""fused_2"":1.2087129186629024,""fused_3"":1.0171673342721173,""fused_4"":0.841943405457286,""fused_5"":1.092578352548194}","{""fused_1_medium+fused_2_medium+fused_4_high+fused_5_low"":0.95088006508183,""fused_2_medium+fused_3_medium+fused_4_high+fused_5_low"":1.0022758367888167,""fused_1_low"":0.8859081785358788,""fused_4_high+fused_5_medium"":0.9741545682736956,""fused_1_high+fused_2_medium+fused_4_high+fused_5_low"":1.0263716134086498,""fused_2_medium+fused_3_low+fused_4_high+fused_5_low"":1.0386126215209381,""fused_1_medium+fused_3_medium+fused_4_high"":0.9978373242835927,""fused_1_high+fused_2_medium+fused_3_low+fused_4_high"":1.0349887225551755,""fused_2_low+fused_4_high"":1.0379116826663033,""fused_3_high+fused_4_high+fused_5_low"":1.013322631659183,""fused_2_medium+fused_3_high+fused_4_high"":1.0139337857372084,""fused_1_medium+fused_3_high+fused_4_high"":0.9278397618622909,""fused_2_high+fused_5_high"":1.03617644318563,""fused_1_medium+fused_2_medium+fused_3_medium"":1.0309831449224038,""fused_2_medium+fused_3_high+fused_5_low"":1.028803619518401}",0.2293432347823445,0.0105614230127848,"[4,4,4,4,3,3,4,1,4,3,1,3,1,0,0,3,3,0,4,4,0,2,4,4,0,4,3,3,2,2,4,3,4,2,4,2,2,3,2,2,2,3,3,3,0,4,4,4,3,1,2,1,3,3,3,0,0,0,3,3,0,4,4,2,2,0,3,2,4,4,0,2,4,3,4,4,0,3,3,4,3,0,3,3,4,4,4,4,3,4,4,1,4,0,3,3,1,0,2,0,3,1,4,3,4,1,2,0,3,4,3,1,3,3,0,2,2,3,2,4,2,3,2,3,2,2,2,1,0,2,4,2,4,3,0,2,0,2,0,4,3,0,1,4,4,4,3,3,0,3,3,2,0,4,4,4,4,4,3,4,4,1,2,3,4,4,3,3,0,4,2,2,4,2,3,4,2,1,1,2,0,4,2,4,1,3,3,1,4,3,4,4,4,2,3,2,4,4,3,2,2,4,0,2,1,2,3,1,3,4,3,4,4,4,0,3,3,3,0,4,2,4,4,2,4,3,4,2,2,4,4,3,3,3,3,3,0,3,3,3,3,2,4,3,4,0,0,4,3,1,1,0,3,4,4,2,2,2,2,4,2,2,4,4,3,0,2,2,3,3,3,4,4,3,1,4,0,0,4,3,2,0,2,4,3,4,2,3,0,1,2,2,0,0,2,4,4,3,0,4,3,4,0,4,3,3,3,3,2,3,1,4,3,2,0,3,3,4,2,2,2,4,1,2,3,4,3,4,3,0,0,1,2,0,3,1,2,4,3,4,3,0,0,0,2,0,2,3,3,3,0,0,2,2,3,0,3,2,0,3,4,0,4,2,2,3,3,2,3,2,2,3,4,3,3,4,2,3,2,4,0,3,4,0,3,4,3,2,3,2,4,0,1,0,3,4,2,3,3,4,0,2,3,2,3,3,0,1,0,3,2,2,2,3,4,1,0,4,3,4,3,1,3,4,2,4,0,2,2,4,3,3,1,1,4,2,4,2,2,3,2,3,1,0,1,3,3,4,3,4,1,2,1,3,3,1,3,2,0,2,3,0,3,3,4,2,3,0,2,2,0,0,3,4,3,1,2,4,2,4,4,2,0,2,3,2,1,1,4,4,3,3,4,4,4,3,3,1,2,1,0,2,0,3,2,0,3,3,3,3,0,3,0,2,2,4,3,4,0,2,4,2,0,3,3,4,2,3,4,2,3,4,2,4,3,4,3,2,3,2,4,3,1,4,2,1,2,1,4,4,0,1,3,4,3,4,1,4,3,4,2,2,3,3,3,2,4,2,0,3,2,4,1,4,2,1,2,2,3,4,2,1,0,1,4,0,2,2,3,3,2,4,3,2,0,4,4,4,2,3,4,0,4,4,2,2,0,0,3,4,4,2,2,1,3,2,4,1,2,3,2,2,3,0,4,4,2,3,3,1,0,3,4,3,0,2,3,0,4,1,2,2,0,3,3,2,4,2,4,2,3,4,3,3,3,3,3,4,2,0,1,3,4,4,3,3,0,0,4,4,1,0,3,4,2,1,1,1,2,1,4,4,1,0,4,0,2,2,4,0,4,0,0,0,2,4,1,4,0,2,3,3,0,1,4,4,0,4,0,1,4,3,3,0,3,0,1,4,1,2,0,4,4,4,0,1,0,0,2,1,0,3,0,1,1,3,2,0,0,1,4,2,3,0,4,4,1,3,1,1,1,3,1,1,3,0,1,4,3,1,0,1,3,1,2,3,3,3,1,2,3,2,0,4,4,3,0,0,4,1,2,0,1,0,0,4,3,3,1,3,2,1,0,3,3,4,0,0,4,0,3,1,4,3,2,4,3,2,2,3,3,4,1,3,4,1,3,0,1,0,2,4,2,0,2,2,4,1,2,1,3,4,4,0,1,3,2,4,3,4,3,1,0,2,0,1,2,3,2,0,0,1,2,3,3,0,1,3,1,0,3,4,0,2,2,1,3,2,3,4,0,2,3,3,0,3,3,1,4,3,3,1,2,3,3,1,2,1,0,3,1,4,2,1,0,3,1,3,4,1,1,3,1,0,3,1,3,3,2,2,1,2,3,0,0,2,3,1,3,3,0,4,1,4,0,1,4,1,2,2,2,3,2,1,4,1,0,4,1,0,3,3,0,4,3,2,3,2,3,0,3,3,1,1,1,0,3,4,2,3,2,0,3,3,2,2,1,1,0,3,1,0,0,4,3,1,1,1,2,1,1,1,4,0,0,2,3,3,1,1,2,4,4,3,0,1,3,0,1,0,1,1,3,1,3,1,1,0,4,2,0,3,0,2,1,1,4,1,1,1,4,3,2,2,0,2,3,4,3,3,1,1,2,2,0,4,2,3,3,3,1,3,1,1,4,1,1,2,3,1,1,1,1,1,3,4,1,2,1,3,4,3,1,4,4,1,1,3,0,4,4,4,1,1,3,4,2,1,1,3,1,4,3,4,1,3,1,3,1,2,2,1,3,1,1,0,1,1,1,3,1,1,0,4,2,0,3,2,2,4,3,1,3,0,1,4,1,3,3,0,4,0,2,3,2,0,1,4,0,1,1,4,0,2,2,0,1,2,2,3,2,1,3,2,1,1,1,1,4,3,3,3,3,1,1,1,2,1,1,3,3,1,2,2,3,1,3,0,4,3,4,2,1,1,1,0,4,1,1,4,3,3,3,1,3,0,2,1,0,4,2,3,4,0,0,4,1,1,3,1,4,1,1,4,2,0,2,2,3,2,0,1,4,1,4,2,1,1,0,2,4,0,1,1,0,0,4,2,1,1,3,4,3,1,0,3,1,3,1,1,4,1,3,1,0,1,1,1,1,1,0,3,3,3,3,1,3,4,1,0,1,1,3,0,4,2,1,2,2,0,3,1,1,1,1,2,1,3,3,2,2,1,1,2,3,3,3,0,3,1,0,3,1,4,3,4,3,2,4,4,2,0,4,0,4,1,2,3,4,3,3,0,3,2,0,1,3,0,1,0,2,4,0,2,3,4,2,0,4,3,3,3,3,1,2,1,1,4,1,1,3,3,2,4,3,2,0,3,4,4,1,3,1,2,4,0,0,2,0,3,1,0,1,4,1,4,2,2,2,4,4,3,3,2,0,1,1,1,1,1,0,4,2,2,1,1,1,3,0,4,3,0,0,1,2,3,1,1,3,0,4,1,3,3,4,1,3,1,2,3,4,3,4,1,1,2,1,3,3,3,4,4,4,3,4,3,4,4,1,2,0,2,3,3,1,4,4,2,4,2,2,4,0,4,4,3,4,3,2,2,3,3,2,2,1,2,3,1,2,1,2,1,4,3,2,3,0,4,3,4,3,4,3,3,1,1,3,3,1,0,1,2,1,1,4,1,3,2,4,0,2,1,0,1,1,1,2,3,3,1,1,1,1,4,2,0,1,0,3,4,4,4,4,1,2,4,2,1,3,3,4,0,4,3,3,2,2,0,3,1,1,3,4,3,2,1,1,2,0,1,0,4,1,1,0,0,2,1,3,4,4,0,1,1,3,3,0,2,1,0,1,4,0,2,1,3,0,1,2,1,1,2,4,4,3,3,3,1,1,0,4,2,3,1,3,1,1,3,4,4,2,3,1,1,4,0,4,2,1,1,4,4,1,3,1,4,1,3,1,1,2,1,0,4,4,1,3,1,1,1,4,0,4,2,2,2,4,4,1,4,4,0,3,1,2,1,2,2,0,1,3,1,1,4,2,2,4,3,0,3,0,1,3,3,0,3,2,1,3,3,1,2,1,3,2,4,1,2,0,0,4,1,2,3,1,3,4,0,3,2,2,0,0,1,0,3,0,4,3,0,1,3,3,3,2,0,1,2,2,2,1,4,4,1,1,1,0,1,0,1,2,3,0,1,2,4,3,0,4,3,1,3,3,2,2,3,1,3,4,1,2,3,4,0,3,1,1,2,0,0,4,4,1,2,0,2,0,1,1,1,1,2,4,0,4,3,3,0,2,3,1,0,1,3,1,0,3,3,3,2,3,3,3,3,1,1,4,2,1,1,2,1,1,1,1,2,2,1,1,2,3,0,1,1,1,1,1,1,3]",ok,
132,kmeans,3,0.1,0.4420429870312477,0.0145572501913119,13,"fused_1_medium+fused_3_high+fused_4_high, fused_2_medium+fused_3_high+fused_4_high+fused_5_low, fused_1_high+fused_2_medium+fused_3_low+fused_4_high+fused_5_low, fused_1_medium+fused_2_medium+fused_3_medium+fused_4_high+fused_5_low, fused_2_low+fused_3_high+fused_4_high, fused_1_low+fused_2_medium+fused_4_high+fused_5_low, fused_2_low+fused_4_high+fused_5_medium, fused_1_medium+fused_2_low+fused_4_high, fused_1_medium+fused_4_high+fused_5_medium, fused_1_medium+fused_2_high, fused_2_high+fused_4_medium, fused_2_high+fused_3_medium+fused_5_high, fused_3_high+fused_4_high+fused_5_medium","[217, 164, 291, 935, 192]",0.4,0.8,0.6,2.0,"{""fused_1"":0.5247734731329492,""fused_2"":0.4114739464405102,""fused_3"":0.5185603391790291,""fused_4"":0.5541781182620651,""fused_5"":0.40146649771146786}","{""fused_1_medium+fused_3_high+fused_4_high"":0.4006955617905247,""fused_2_medium+fused_3_high+fused_4_high+fused_5_low"":0.2954052285542117,""fused_1_high+fused_2_medium+fused_3_low+fused_4_high+fused_5_low"":0.370841786286479,""fused_1_medium+fused_2_medium+fused_3_medium+fused_4_high+fused_5_low"":0.3701960648351986,""fused_2_low+fused_3_high+fused_4_high"":0.33247189028325896,""fused_1_low+fused_2_medium+fused_4_high+fused_5_low"":0.43040597753315624,""fused_2_low+fused_4_high+fused_5_medium"":0.32434740402125595,""fused_1_medium+fused_2_low+fused_4_high"":0.3503903445724518,""fused_1_medium+fused_4_high+fused_5_medium"":0.37975770559949035,""fused_1_medium+fused_2_high"":0.39775039808207335,""fused_2_high+fused_4_medium"":0.31567760417925134,""fused_2_high+fused_3_medium+fused_5_high"":0.35916047220694736,""fused_3_high+fused_4_high+fused_5_medium"":0.33666464067038404}","{""fused_1"":0.18045937525956401,""fused_2"":0.23014894122356086,""fused_3"":0.18262155039525504,""fused_4"":0.17088421573076407,""fused_5"":0.23588591739085607}","{""fused_1_medium+fused_3_high+fused_4_high"":0.06815636594615156,""fused_2_medium+fused_3_high+fused_4_high+fused_5_low"":0.09244911972633539,""fused_1_high+fused_2_medium+fused_3_low+fused_4_high+fused_5_low"":0.07364313934486491,""fused_1_medium+fused_2_medium+fused_3_medium+fused_4_high+fused_5_low"":0.07377159277625343,""fused_2_low+fused_3_high+fused_4_high"":0.08214214236014446,""fused_1_low+fused_2_medium+fused_4_high+fused_5_low"":0.06345161258893059,""fused_2_low+fused_4_high+fused_5_medium"":0.08419969761991387,""fused_1_medium+fused_2_low+fused_4_high"":0.07794151227459634,""fused_1_medium+fused_4_high+fused_5_medium"":0.07191415194401901,""fused_1_medium+fused_2_high"":0.06866103333668706,""fused_2_high+fused_4_medium"":0.08651216614938058,""fused_2_high+fused_3_medium+fused_5_high"":0.07603830447872299,""fused_3_high+fused_4_high+fused_5_medium"":0.08111916145400003}","{""fused_1"":0.9022968762978201,""fused_2"":1.1507447061178042,""fused_3"":0.9131077519762753,""fused_4"":0.8544210786538203,""fused_5"":1.1794295869542804}","{""fused_1_medium+fused_3_high+fused_4_high"":0.8860327572999702,""fused_2_medium+fused_3_high+fused_4_high+fused_5_low"":1.2018385564423602,""fused_1_high+fused_2_medium+fused_3_low+fused_4_high+fused_5_low"":0.9573608114832438,""fused_1_medium+fused_2_medium+fused_3_medium+fused_4_high+fused_5_low"":0.9590307060912946,""fused_2_low+fused_3_high+fused_4_high"":1.067847850681878,""fused_1_low+fused_2_medium+fused_4_high+fused_5_low"":0.8248709636560977,""fused_2_low+fused_4_high+fused_5_medium"":1.0945960690588803,""fused_1_medium+fused_2_low+fused_4_high"":1.0132396595697524,""fused_1_medium+fused_4_high+fused_5_medium"":0.9348839752722471,""fused_1_medium+fused_2_high"":0.8925934333769319,""fused_2_high+fused_4_medium"":1.1246581599419476,""fused_2_high+fused_3_medium+fused_5_high"":0.9884979582233989,""fused_3_high+fused_4_high+fused_5_medium"":1.0545490989020003}",0.1837659230704823,0.0283490828237909,"[0,3,0,0,3,3,3,4,0,3,4,3,4,2,2,3,3,2,0,3,2,3,0,0,2,0,3,3,3,3,0,3,0,3,0,3,3,3,3,3,3,3,3,3,2,0,0,0,3,4,3,1,3,3,3,2,2,2,3,3,2,0,0,3,3,2,3,3,0,0,2,3,0,3,0,0,2,3,3,0,3,2,3,3,3,0,0,0,3,0,3,3,3,2,3,3,4,2,3,2,3,4,3,3,2,4,3,2,3,0,3,4,3,3,2,3,3,3,3,0,3,3,3,3,3,3,3,1,2,3,0,3,2,3,2,3,2,3,2,3,3,2,1,0,0,0,3,3,2,3,3,3,2,0,0,0,3,0,3,2,0,1,3,3,2,0,3,3,2,3,3,3,0,3,3,0,3,4,4,3,2,0,3,0,4,3,3,3,2,3,0,0,2,3,3,3,0,3,3,3,3,3,2,3,4,3,3,1,3,0,3,2,3,0,2,3,3,3,2,0,3,3,0,3,0,3,0,3,3,2,0,3,3,3,3,3,2,3,3,3,3,3,0,3,3,2,2,0,3,4,4,2,3,0,0,3,3,3,3,3,3,3,0,0,3,2,3,3,3,3,3,0,3,3,1,3,2,2,0,3,3,2,3,0,3,3,3,3,2,1,3,3,2,2,3,2,0,3,2,0,3,3,2,0,3,3,3,3,3,3,4,0,3,3,2,3,3,0,3,3,3,3,4,3,3,0,3,3,3,2,2,4,3,2,3,3,3,0,3,3,3,2,2,2,3,2,3,3,3,3,2,2,3,3,3,2,3,3,2,3,3,2,0,3,3,3,3,3,3,3,3,3,0,3,3,3,3,3,3,0,2,3,0,2,3,0,3,3,3,3,0,2,4,2,3,0,3,3,3,3,2,3,3,3,3,3,2,1,2,3,3,3,3,3,0,4,2,0,3,3,3,4,3,0,3,0,2,3,3,3,3,3,4,4,0,3,0,3,3,3,3,3,4,2,1,3,3,3,3,3,1,3,1,3,3,4,3,3,2,3,3,2,3,3,0,3,3,2,3,3,2,2,3,0,3,1,3,0,3,0,0,3,2,3,3,3,4,4,0,0,3,3,0,0,0,3,3,4,3,1,2,3,2,3,3,2,3,3,3,3,2,3,2,3,3,3,3,3,2,3,0,3,2,3,3,3,3,3,2,3,3,0,3,0,3,2,3,3,3,3,0,3,4,3,3,4,3,4,0,0,2,4,3,0,3,3,4,3,3,0,3,3,3,3,3,3,0,3,2,3,3,3,1,0,3,4,3,3,3,3,3,4,2,1,3,2,3,3,3,3,3,0,3,3,2,0,0,3,3,3,0,2,3,0,3,3,2,2,3,0,0,3,3,4,3,3,0,1,3,3,3,3,3,2,0,3,3,3,3,1,2,3,2,3,2,3,3,2,0,4,3,3,2,3,3,3,0,3,3,3,3,0,3,3,3,3,3,0,3,2,4,3,0,2,3,3,2,2,0,0,1,2,3,3,3,4,4,4,3,4,0,3,4,2,0,2,3,3,3,2,3,2,2,2,3,3,4,0,2,3,3,3,2,1,0,0,2,3,2,4,2,3,3,2,3,2,1,0,3,3,2,0,0,3,2,1,2,2,3,4,2,3,2,4,4,3,3,2,2,1,3,3,3,2,3,0,1,3,1,1,4,3,4,1,3,2,1,0,3,4,2,1,3,1,3,3,3,3,3,3,3,3,2,0,3,3,2,2,3,1,3,2,3,2,2,0,3,3,4,3,3,1,2,3,3,2,2,2,3,2,3,4,0,3,3,0,3,3,3,3,3,0,4,3,3,1,3,2,4,2,3,0,3,2,3,3,0,4,3,1,3,3,0,2,1,3,3,3,3,3,3,4,2,3,2,3,3,3,3,2,2,1,3,3,3,2,4,3,4,2,3,0,2,3,3,1,3,3,3,0,2,3,3,3,2,3,3,4,0,3,3,1,3,3,3,1,3,4,2,3,4,3,3,4,2,3,1,3,3,1,4,3,1,2,3,4,3,3,3,3,3,3,3,2,2,3,3,4,3,3,2,0,4,3,2,1,0,4,3,3,3,3,3,4,0,4,2,3,4,2,3,3,2,0,3,3,3,3,3,2,3,3,4,4,4,2,3,2,3,3,3,2,3,3,3,3,4,4,2,3,4,2,2,3,3,1,1,1,3,1,4,1,0,2,2,3,3,3,4,1,3,0,3,3,2,4,3,2,4,2,3,1,3,4,3,4,4,2,3,3,2,3,2,3,4,1,0,4,1,1,0,3,3,3,2,3,3,0,3,3,1,1,3,3,2,0,3,3,3,3,1,3,1,1,3,4,4,3,3,4,1,1,4,4,3,3,1,3,1,3,0,3,1,3,3,4,4,3,2,0,3,3,4,1,3,3,3,1,1,3,4,3,3,0,4,3,4,3,1,3,3,4,3,1,1,2,4,1,1,3,1,1,2,0,3,2,3,3,3,3,3,1,3,2,4,3,4,3,3,2,3,2,3,3,3,2,4,3,2,1,4,0,2,3,3,2,1,3,3,3,3,4,3,3,1,3,4,4,0,3,3,3,3,1,1,1,3,1,4,3,3,1,3,3,3,3,3,2,0,3,2,3,3,1,1,2,3,1,4,0,3,3,3,4,3,2,3,1,2,3,3,3,0,2,2,0,1,4,3,4,3,1,1,0,3,2,3,3,3,3,2,1,3,3,3,3,1,1,2,3,0,2,4,4,2,2,3,3,4,1,3,3,3,1,2,3,1,3,4,4,0,1,3,1,2,3,4,1,1,1,2,3,3,3,3,1,3,0,1,2,1,1,3,2,3,3,1,3,3,2,3,4,4,4,1,3,1,3,3,3,3,4,4,3,3,3,3,2,3,1,2,3,1,3,3,3,3,3,3,3,3,2,0,2,0,1,3,3,0,3,3,2,3,3,2,4,3,3,4,2,3,0,2,3,3,0,3,2,2,3,3,3,3,4,3,3,4,0,1,3,3,3,3,0,3,3,2,3,0,0,4,3,4,3,0,2,2,3,2,3,1,2,4,0,1,0,3,3,3,3,0,3,3,3,2,4,1,1,4,4,2,0,3,3,1,3,4,3,2,0,3,2,2,1,3,3,1,1,3,2,0,4,3,3,0,3,3,4,3,3,0,3,0,1,4,3,3,3,3,3,0,0,3,3,3,3,3,0,3,3,2,3,3,3,1,0,3,3,3,3,3,3,2,0,0,3,0,3,3,3,3,3,3,3,3,3,3,4,3,1,3,4,3,3,3,3,2,0,3,0,3,3,3,3,4,1,3,3,4,2,4,3,1,4,0,4,3,3,2,2,3,4,2,1,4,1,3,3,3,4,1,1,4,0,3,2,4,2,3,0,3,0,0,1,3,3,3,4,3,3,3,2,0,3,3,3,3,2,3,1,1,3,0,3,3,1,1,3,2,4,2,3,1,1,2,2,3,1,3,0,3,2,3,4,3,3,2,3,4,2,1,0,2,3,1,3,2,1,3,4,4,3,0,2,3,3,3,4,4,2,3,3,3,1,3,4,4,3,0,3,3,3,1,4,0,2,3,3,1,1,0,0,4,3,4,0,4,3,1,4,3,4,2,3,3,4,3,4,4,4,3,2,0,3,3,3,2,0,4,0,3,2,3,4,3,4,3,3,2,1,3,3,1,0,3,3,0,3,2,3,2,4,3,3,2,3,3,1,3,3,4,3,1,3,3,0,4,3,2,2,0,1,3,3,1,3,0,2,3,3,3,2,2,4,2,3,2,3,3,2,1,3,3,3,3,2,4,3,3,3,4,0,0,1,4,4,2,1,2,1,3,3,2,4,3,3,3,2,3,3,1,3,3,3,3,3,1,3,3,1,3,3,3,2,3,1,4,3,2,2,2,0,4,3,2,3,2,1,3,4,3,3,0,2,3,3,3,2,3,3,3,2,4,3,4,2,3,3,3,3,3,3,3,3,4,3,3,3,1,4,3,1,4,4,4,3,3,4,1,3,3,2,1,3,4,1,1,4,3]",ok,
133,kmeans,5,1.0,0.4274857368399357,0.0,0,,[],,,,,,,,,,,,,,baseline_no_features,
134,kmeans,5,0.95,0.4274857368399357,0.0,0,,[],,,,,,,,,,,,,,baseline_no_features,
135,kmeans,5,0.9,0.4274857368399357,0.0,0,,[],,,,,,,,,,,,,,baseline_no_features,
136,kmeans,5,0.85,0.4274857368399357,0.0,0,,[],,,,,,,,,,,,,,baseline_no_features,
137,kmeans,5,0.8,0.4274857368399357,0.0,0,,[],,,,,,,,,,,,,,baseline_no_features,
138,kmeans,5,0.75,0.4274857368399357,0.0,0,,[],,,,,,,,,,,,,,baseline_no_features,
139,kmeans,5,0.7,0.4274857368399357,0.0,0,,[],,,,,,,,,,,,,,baseline_no_features,
140,kmeans,5,0.65,0.4274857368399357,0.0,0,,[],,,,,,,,,,,,,,baseline_no_features,
141,kmeans,5,0.6,0.4274857368399357,0.0,0,,[],,,,,,,,,,,,,,baseline_no_features,
142,kmeans,5,0.55,0.4274857368399357,0.0,0,,[],,,,,,,,,,,,,,baseline_no_features,
143,kmeans,5,0.5,0.4274857368399357,0.0,0,,[],,,,,,,,,,,,,,baseline_no_features,
144,kmeans,5,0.45,0.4274857368399357,0.0,0,,[],,,,,,,,,,,,,,baseline_no_features,
145,kmeans,5,0.4,0.5039783461960775,0.0764926093561417,1,fused_4_veryhigh,"[72, 327, 634, 681, 85]",0.8,0.3,0.1,2.0,"{""fused_1"":0.7851261888654852,""fused_2"":0.13907409138302504,""fused_3"":0.4052903524875424,""fused_4"":0.36331008301669077,""fused_5"":0.2598081250495248}","{""fused_4_veryhigh"":0.5780008620134646}","{""fused_1"":0.07264507888273486,""fused_2"":0.4101091249695969,""fused_3"":0.14072763778601732,""fused_4"":0.15698863474816882,""fused_5"":0.2195295236134821}","{""fused_4_veryhigh"":1.0}","{""fused_1"":0.3632253944136743,""fused_2"":2.0505456248479845,""fused_3"":0.7036381889300867,""fused_4"":0.7849431737408441,""fused_5"":1.0976476180674104}","{""fused_4_veryhigh"":1.0}",0.2035229803132979,0.0472484713729849,"[3,3,3,4,2,2,3,1,3,3,1,2,1,3,3,3,3,3,4,0,3,3,4,4,3,3,3,2,3,2,3,2,3,3,0,3,3,2,3,3,3,2,3,3,3,3,3,0,2,1,2,1,2,2,3,3,3,3,3,2,3,4,4,3,2,3,2,2,3,3,3,3,3,2,4,3,3,2,2,3,3,3,2,3,3,0,4,3,2,4,3,2,4,3,3,2,1,3,2,3,2,1,2,2,3,1,2,3,2,0,3,2,3,3,3,3,2,3,2,3,3,2,2,2,3,3,3,1,3,3,3,3,3,3,3,2,3,3,3,4,3,3,1,4,3,3,3,2,3,3,2,2,3,4,3,3,2,0,2,2,3,1,2,2,2,4,2,2,2,3,2,3,4,2,2,0,2,2,1,2,3,4,3,0,1,2,3,2,3,2,4,3,3,3,2,3,3,4,2,2,3,2,3,3,1,2,2,1,2,0,3,3,3,4,3,2,2,2,3,3,2,3,3,3,4,2,4,3,2,3,4,2,3,2,2,3,3,2,2,2,2,2,4,3,2,3,3,2,2,1,1,3,3,0,4,3,2,3,3,4,2,2,4,3,2,3,3,3,3,2,2,3,3,2,1,4,3,3,3,2,2,3,2,3,2,4,3,2,3,1,3,3,3,3,3,3,2,2,3,4,2,2,2,0,2,3,2,3,3,2,1,0,3,3,3,2,2,3,2,3,3,3,1,3,3,4,2,3,2,3,2,1,2,3,3,2,2,3,2,2,3,2,3,3,2,2,3,3,2,2,3,3,2,2,2,3,2,2,3,2,2,3,3,3,2,3,3,2,2,3,3,3,3,3,2,3,3,3,2,3,3,2,3,3,3,0,2,2,2,2,3,3,1,3,3,3,2,2,2,2,3,3,3,2,2,2,3,1,3,2,2,2,2,3,4,1,3,3,2,2,2,1,3,3,2,4,2,3,2,3,2,2,1,1,3,3,0,2,3,3,3,3,1,3,1,3,3,2,2,2,1,3,1,2,3,1,2,2,2,2,2,3,3,2,4,3,2,3,3,3,3,3,2,4,2,1,2,3,2,4,4,3,3,3,2,3,1,1,0,2,3,3,3,0,0,3,2,1,2,1,3,2,3,2,3,3,3,2,3,2,3,2,3,3,3,3,2,2,3,2,4,3,3,2,2,2,2,2,2,2,2,0,3,3,2,3,2,3,2,2,3,3,1,2,3,1,2,2,0,3,3,1,3,0,3,0,1,0,3,3,3,2,3,2,2,2,0,3,3,3,2,2,1,3,3,1,3,2,3,3,3,1,3,1,2,3,3,3,2,3,3,3,3,3,3,0,3,2,3,3,4,3,3,3,2,3,3,3,2,4,0,3,3,1,3,2,3,1,2,2,3,3,2,2,4,3,3,2,2,1,3,3,3,2,3,2,2,3,4,1,3,3,3,2,3,3,0,3,3,3,3,3,2,3,3,2,3,0,2,2,1,2,0,3,2,2,3,3,4,4,1,3,3,4,3,2,2,1,3,1,3,2,1,3,4,3,2,2,3,3,3,2,3,3,2,0,1,4,3,2,3,2,2,1,3,0,2,3,3,1,3,3,2,3,3,3,1,4,2,2,3,3,4,3,3,1,2,3,2,1,3,2,3,1,1,2,3,3,3,1,0,2,3,3,3,0,1,3,1,1,2,2,2,1,3,3,1,2,3,1,3,1,3,1,3,3,2,2,2,2,2,2,3,4,2,2,2,3,3,1,2,3,2,3,3,0,2,3,1,2,3,1,3,3,2,3,3,3,4,2,2,1,3,2,2,3,3,3,2,3,2,4,1,3,3,1,2,3,1,3,3,0,3,3,3,3,2,1,2,1,2,2,4,3,1,3,3,0,2,0,3,1,3,3,3,2,3,2,3,3,2,1,3,2,2,3,1,3,1,2,3,4,3,2,3,1,2,2,2,3,3,3,2,3,3,2,3,1,4,2,3,1,2,3,2,1,2,2,3,3,2,3,3,1,3,2,1,3,3,1,1,2,1,3,2,1,2,2,3,3,2,2,2,3,3,2,2,1,2,3,3,4,1,3,3,1,4,2,2,3,3,2,2,1,3,1,2,2,1,3,3,2,3,2,3,3,2,2,2,3,2,3,1,2,2,3,2,2,3,2,3,3,2,2,3,3,1,1,3,2,1,2,3,2,2,1,1,1,3,1,1,1,0,3,2,2,2,2,1,1,2,3,2,3,3,2,2,3,1,3,2,1,2,2,2,2,1,2,3,3,3,2,3,2,1,1,3,1,1,1,3,2,3,3,3,2,2,4,2,2,1,1,2,2,3,0,2,2,2,2,1,2,1,1,2,2,1,3,3,1,1,1,1,1,2,3,1,2,1,2,0,2,1,2,2,2,1,2,3,3,0,2,2,1,3,2,2,1,1,2,1,0,2,0,2,2,1,2,1,3,2,1,2,1,1,3,1,1,1,2,1,1,3,4,3,3,3,3,2,3,2,1,2,3,1,3,1,2,2,3,3,3,2,3,2,3,1,0,3,1,1,4,3,2,3,3,1,2,3,3,2,2,2,3,1,2,2,1,3,3,3,2,2,1,1,1,2,1,1,2,2,1,3,2,2,2,2,2,4,3,3,2,2,1,1,2,2,1,1,0,2,3,2,1,2,2,2,1,2,4,2,2,0,3,2,4,1,1,2,1,3,1,1,0,3,3,3,3,2,3,3,1,4,2,2,3,1,1,2,2,4,3,1,1,3,3,2,2,2,1,2,0,2,1,2,2,1,2,1,1,3,1,2,1,3,2,1,1,1,1,2,2,3,2,2,1,2,0,1,3,1,1,2,2,3,2,1,2,3,3,2,1,1,1,1,2,1,2,2,2,2,1,1,2,2,3,3,3,2,1,2,3,1,4,2,2,3,2,2,2,3,3,4,2,0,1,2,2,3,2,2,3,2,2,3,1,2,2,1,3,3,3,3,3,2,0,2,3,3,2,3,3,2,1,2,2,1,0,1,2,2,3,3,4,2,3,3,2,4,3,1,2,1,3,4,3,3,3,3,3,1,3,1,3,1,3,2,3,3,0,3,2,3,2,3,1,1,1,1,1,3,3,3,3,1,2,1,2,2,4,2,3,3,1,2,3,1,1,3,3,4,1,2,3,4,2,3,1,3,2,3,3,4,1,1,2,2,2,2,2,4,0,2,2,2,2,2,3,2,2,2,3,3,2,1,4,0,3,3,3,2,2,3,0,4,2,0,2,2,2,2,3,3,2,2,3,2,1,2,1,3,1,3,3,3,2,3,4,2,4,2,4,2,2,1,1,2,2,1,3,1,3,1,1,0,1,2,2,3,2,3,1,3,1,1,1,2,3,2,1,1,1,1,3,2,3,1,3,3,4,3,0,0,1,3,3,3,2,2,3,3,3,0,2,2,3,3,3,2,1,1,2,4,2,2,1,1,2,3,1,3,2,1,1,3,2,2,1,2,4,2,3,2,1,2,3,2,3,1,3,1,4,3,2,1,2,3,1,3,1,1,3,3,3,3,3,3,1,1,3,2,2,2,1,2,1,1,2,0,0,3,2,1,1,0,2,2,2,1,1,0,0,1,3,1,3,1,3,1,2,2,1,3,2,0,1,2,2,1,1,2,3,0,2,2,3,2,3,1,2,2,3,3,2,2,1,2,2,3,1,2,2,1,3,2,3,3,2,3,3,2,1,2,3,3,2,2,1,2,2,1,2,1,2,3,0,1,3,2,3,4,1,2,2,1,3,3,3,2,2,3,3,2,1,3,2,3,4,2,3,1,2,2,2,2,3,1,2,2,2,1,3,0,1,1,2,3,1,3,1,2,2,3,1,3,0,3,3,2,2,1,2,2,2,3,2,1,2,2,1,2,2,2,3,2,1,2,3,3,3,2,0,1,2,3,2,3,1,2,1,3,2,0,2,2,3,2,3,3,2,2,3,1,2,1,3,2,3,2,3,2,2,3,2,1,2,3,3,1,1,2,1,1,1,1,2,2,1,1,2,2,3,1,2,1,1,1,2,2]",ok,
146,kmeans,5,0.35,0.6206787502263743,0.1931930133864385,3,"fused_4_veryhigh, fused_4_high, fused_2_medium","[402, 431, 374, 355, 237]",0.2,0.8,0.2,2.0,"{""fused_1"":0.6012915518430685,""fused_2"":0.5104851792448217,""fused_3"":0.5439003064442405,""fused_4"":0.33240459728422067,""fused_5"":0.34956476200953485}","{""fused_4_veryhigh"":0.6909827695800943,""fused_4_high"":0.6867680192832963,""fused_2_medium"":0.6923411784986466}","{""fused_1"":0.14679049927734794,""fused_2"":0.17290195816628245,""fused_3"":0.16227953185634764,""fused_4"":0.2655314873122101,""fused_5"":0.25249652338781176}","{""fused_4_veryhigh"":0.3328700859440223,""fused_4_high"":0.3349129363012533,""fused_2_medium"":0.33221697775472436}","{""fused_1"":0.7339524963867397,""fused_2"":0.8645097908314123,""fused_3"":0.8113976592817382,""fused_4"":1.3276574365610505,""fused_5"":1.2624826169390588}","{""fused_4_veryhigh"":0.9986102578320668,""fused_4_high"":1.0047388089037599,""fused_2_medium"":0.9966509332641731}",0.137538607112606,0.0027793218454697,"[3,3,3,1,4,1,3,2,3,3,2,2,2,0,0,3,3,0,3,3,0,0,3,1,0,3,3,1,3,4,3,1,3,0,3,3,0,1,0,0,0,4,3,3,0,3,3,1,1,2,4,2,1,4,3,3,0,0,0,1,0,3,3,0,1,0,1,4,3,3,0,0,3,1,3,3,0,1,1,3,3,0,1,0,3,1,1,3,1,3,0,1,1,0,3,1,2,0,4,0,1,2,1,1,3,2,4,0,1,3,3,1,3,3,0,0,4,0,4,3,0,1,1,1,0,3,0,2,0,0,3,0,3,3,0,4,0,0,0,1,3,0,2,1,3,3,0,1,0,3,4,4,0,3,3,3,1,3,1,4,3,2,4,1,4,1,1,1,4,3,1,0,1,1,1,1,4,2,2,4,0,3,0,1,2,1,3,2,0,1,1,3,3,0,4,3,3,1,1,4,3,1,0,0,2,4,1,2,4,3,3,0,3,1,0,1,1,1,0,3,4,0,3,0,1,1,1,3,4,0,1,4,3,4,1,3,0,4,4,1,1,4,3,0,1,0,3,1,1,2,2,0,3,3,1,0,1,0,3,1,1,4,3,3,1,0,0,0,3,4,1,3,3,4,2,3,0,0,3,4,4,0,1,3,4,3,0,4,0,2,3,3,0,0,0,3,1,1,0,3,4,1,4,3,1,3,1,3,3,1,2,3,3,3,0,1,1,3,4,0,0,0,2,3,3,3,1,0,1,0,4,2,4,0,3,1,1,3,1,1,3,4,0,0,4,4,0,3,4,4,0,0,4,1,1,0,1,1,0,4,1,0,3,3,1,3,3,4,4,0,0,3,3,3,1,3,0,3,1,3,0,1,3,3,3,3,4,4,1,4,3,0,2,0,0,3,4,1,1,1,0,0,3,1,1,4,0,2,0,1,1,1,4,3,1,2,0,3,1,1,1,2,3,3,4,1,4,0,1,3,1,1,2,2,3,0,1,4,0,0,0,0,2,0,2,3,3,1,1,1,2,3,2,1,3,2,1,4,1,4,1,0,0,1,3,0,1,0,0,0,0,0,1,1,1,2,4,3,4,3,3,0,0,0,1,0,2,2,3,1,0,3,3,1,3,3,1,2,1,2,0,4,0,1,0,0,0,1,3,4,0,1,0,0,0,0,1,1,0,4,1,0,0,1,1,1,4,1,1,1,1,1,3,3,4,3,1,0,4,4,3,3,2,4,3,2,4,1,3,3,0,2,3,3,0,1,2,3,3,3,3,4,3,1,1,4,3,0,0,0,1,1,2,3,3,2,0,1,3,3,0,2,0,2,1,0,0,0,1,3,0,3,0,0,3,1,3,1,0,3,1,0,3,3,4,0,0,0,1,3,3,0,0,2,0,1,3,2,1,1,3,0,1,4,1,3,0,1,1,2,0,3,3,1,0,4,1,0,1,2,0,3,0,1,3,0,3,0,3,0,0,3,1,3,3,1,0,1,4,4,2,4,1,0,4,1,0,0,3,1,2,0,3,1,0,2,1,2,0,2,3,1,2,0,1,0,4,1,3,0,3,4,0,0,4,3,2,1,0,4,3,1,4,2,3,3,4,3,0,2,0,3,4,0,3,0,2,1,1,2,0,3,1,3,0,2,4,0,4,2,0,4,0,2,2,1,0,0,0,2,1,4,3,0,3,1,2,3,2,2,2,1,1,2,3,0,2,1,3,2,0,2,3,2,0,3,1,1,2,1,4,1,0,1,1,4,4,0,3,2,4,0,4,0,0,1,1,3,2,1,3,2,0,3,4,0,0,0,3,4,1,2,3,1,4,3,3,0,4,0,4,3,2,3,3,2,1,0,2,0,0,1,0,0,3,0,1,2,4,2,1,1,3,3,2,3,0,3,4,3,3,2,0,0,0,2,0,4,0,0,4,2,0,1,1,0,2,3,2,4,3,3,0,4,3,2,1,1,1,3,0,3,1,3,0,1,0,2,3,1,0,2,4,3,1,2,4,2,0,3,2,0,0,2,3,1,2,3,3,2,2,1,2,0,1,2,1,1,0,0,2,4,1,0,0,4,1,2,1,3,0,1,2,3,0,2,3,2,1,0,0,1,4,2,3,2,1,1,2,0,3,4,0,1,3,0,1,4,1,0,1,3,2,2,2,0,4,4,0,1,0,0,4,1,0,0,2,2,0,1,2,4,0,4,1,2,2,2,3,2,2,2,1,0,4,4,1,1,2,2,4,3,1,0,0,2,1,0,2,0,2,2,1,2,1,2,2,4,3,0,0,4,0,1,2,2,3,2,2,2,3,1,0,0,0,4,1,3,1,1,2,2,1,4,0,1,4,1,1,1,2,4,2,2,1,1,2,0,3,2,2,2,2,2,1,0,2,1,2,1,1,1,2,1,1,1,2,1,0,3,3,1,2,2,3,1,4,2,2,1,2,2,1,3,2,1,2,4,2,0,4,2,1,2,2,0,2,2,2,1,2,2,0,1,0,0,3,0,4,0,4,2,1,0,2,0,2,1,4,0,3,0,4,3,4,0,2,1,0,2,2,1,0,1,0,0,2,1,0,3,1,2,1,0,2,2,2,2,3,3,3,1,1,2,2,2,4,2,2,1,1,2,0,4,4,1,1,4,1,0,0,4,2,2,2,4,1,2,2,3,1,3,1,2,1,4,4,2,4,2,4,4,1,0,4,1,2,2,1,2,3,2,2,1,3,0,0,0,1,0,0,2,1,2,1,0,2,2,4,1,3,0,2,2,0,0,1,4,2,2,1,3,1,2,4,1,2,1,2,2,3,2,4,2,0,2,2,2,2,2,4,1,0,1,1,2,1,3,2,0,2,2,4,4,3,1,2,4,3,0,1,2,2,2,2,4,2,1,4,4,4,2,2,4,1,0,3,0,1,2,4,0,2,1,1,1,0,4,1,1,0,0,3,4,3,2,4,4,3,1,4,0,1,4,0,2,4,2,2,0,0,3,0,0,4,1,4,0,0,4,3,3,1,2,1,2,2,1,2,1,1,0,0,1,1,3,0,4,3,3,2,1,2,0,1,0,0,3,0,3,2,0,2,3,2,3,4,0,0,1,3,1,3,4,0,2,2,2,2,2,0,3,0,3,2,2,2,1,4,1,4,0,0,2,4,0,2,2,3,0,1,2,1,3,3,1,3,2,0,1,3,3,3,2,2,1,2,1,1,1,1,3,1,1,1,1,1,3,2,1,4,0,0,1,2,3,1,0,3,0,1,1,0,3,3,2,3,4,4,1,1,3,0,4,2,0,1,2,4,2,3,2,3,3,3,1,0,3,1,3,1,3,1,1,2,2,1,1,2,0,2,0,2,2,3,2,4,4,3,4,0,2,0,2,2,2,4,3,1,2,2,2,2,3,4,0,2,0,3,1,3,1,1,2,3,3,0,2,1,3,0,0,3,4,1,0,0,0,1,2,2,4,3,1,4,2,2,4,0,2,3,1,2,2,0,1,4,2,4,1,4,0,2,2,1,3,4,0,2,0,2,3,0,4,2,1,3,2,0,2,2,3,3,0,3,3,3,2,2,3,4,4,1,2,1,2,2,1,3,3,0,1,2,2,3,4,1,4,2,2,1,1,2,3,2,3,2,0,2,2,4,2,0,4,1,2,1,2,2,2,1,0,1,4,4,0,1,3,2,1,1,0,3,2,4,2,1,4,0,2,1,1,2,3,4,0,3,1,3,3,4,2,1,3,0,1,4,2,1,4,2,4,2,1,0,1,2,0,4,0,1,2,4,1,2,3,3,0,1,4,3,0,4,2,0,4,0,3,1,0,2,4,1,4,4,0,2,1,4,4,2,3,3,2,2,2,0,2,0,2,1,1,0,2,0,1,3,0,1,1,2,1,1,1,0,1,2,1,1,2,4,1,4,0,4,2,2,0,0,0,1,1,2,4,0,4,0,2,2,2,0,1,3,4,4,3,1,0,3,1,1,0,2,1,2,0,1,3,1,0,1,1,0,4,2,2,3,0,2,2,4,2,2,2,2,4,4,2,2,4,4,0,2,2,2,2,2,2,1]",ok,
147,kmeans,5,0.3,0.3751814651719756,-0.05230427166796,6,"fused_4_veryhigh, fused_4_high, fused_2_medium, fused_5_low, fused_3_medium, fused_1_medium","[402, 371, 431, 237, 358]",0.4,0.8,0.9,2.0,"{""fused_1"":0.6623875440656818,""fused_2"":0.462962059769592,""fused_3"":0.19591770202876807,""fused_4"":0.5310684145418081,""fused_5"":0.4111320325632282}","{""fused_4_veryhigh"":0.31605018623414494,""fused_4_high"":0.3026610221931326,""fused_2_medium"":0.31771285427459806,""fused_5_low"":0.5119470287083622,""fused_3_medium"":0.4937469986203171,""fused_1_medium"":0.594126132388374}","{""fused_1"":0.11533876093121792,""fused_2"":0.16502207249300443,""fused_3"":0.38995434204097607,""fused_4"":0.1438589765401945,""fused_5"":0.185825847994607}","{""fused_4_veryhigh"":0.20710717699632764,""fused_4_high"":0.21626921559244824,""fused_2_medium"":0.20602333515767593,""fused_5_low"":0.12785748952438095,""fused_3_medium"":0.13257045013543886,""fused_1_medium"":0.11017233259372826}","{""fused_1"":0.5766938046560897,""fused_2"":0.8251103624650222,""fused_3"":1.9497717102048804,""fused_4"":0.7192948827009725,""fused_5"":0.929129239973035}","{""fused_4_veryhigh"":1.2426430619779658,""fused_4_high"":1.2976152935546894,""fused_2_medium"":1.2361400109460556,""fused_5_low"":0.7671449371462857,""fused_3_medium"":0.7954227008126331,""fused_1_medium"":0.6610339955623695}",0.130939108624701,0.0144524735964424,"[4,4,4,2,3,2,4,1,4,4,1,1,1,0,0,4,4,0,4,4,0,0,4,2,0,4,4,2,4,3,4,2,4,0,4,4,0,2,0,0,0,3,4,4,0,4,4,2,2,1,3,1,2,3,4,4,0,0,0,2,0,4,4,0,2,0,2,3,4,4,0,0,4,2,4,4,0,2,2,4,4,0,2,0,4,2,2,4,2,4,0,2,2,0,4,2,1,0,3,0,2,1,2,2,4,1,3,0,2,4,4,2,4,4,0,0,3,0,3,4,0,2,2,2,0,4,0,1,0,0,4,0,4,4,0,3,0,0,0,2,4,0,1,2,4,4,0,2,0,4,3,3,0,4,4,4,2,4,2,3,4,1,3,2,3,2,2,2,3,4,2,0,2,2,2,2,3,1,1,3,0,4,0,2,1,2,4,1,0,2,2,4,4,0,3,4,4,2,2,3,4,2,0,0,1,3,2,1,3,4,4,0,4,2,0,2,2,2,0,4,3,0,4,0,2,2,2,4,3,0,2,3,4,3,2,4,0,3,3,2,2,3,4,0,2,0,4,2,2,1,1,0,4,4,2,0,2,0,4,2,2,3,4,4,2,0,0,0,4,3,2,4,4,3,1,4,0,0,4,3,3,0,2,4,3,4,0,3,0,1,4,4,0,0,0,4,2,2,0,4,3,2,3,4,2,4,2,4,4,2,1,4,4,4,0,2,2,4,3,0,0,0,1,4,4,4,2,0,2,0,3,1,3,0,4,2,2,4,2,2,4,3,0,0,3,3,0,4,3,3,0,0,3,2,2,0,2,2,0,3,2,0,4,4,2,4,4,3,3,0,0,4,4,4,2,4,0,4,2,4,0,2,4,4,4,4,3,3,2,3,4,0,1,0,0,4,3,2,2,2,0,0,4,2,2,3,0,1,0,2,2,2,3,4,2,1,0,4,2,2,2,1,4,4,3,2,3,0,2,4,2,2,1,1,4,0,2,3,0,0,0,0,1,0,1,4,4,2,2,2,1,4,1,2,4,1,2,3,2,3,2,0,0,2,4,0,2,0,0,0,0,0,2,2,2,1,3,4,3,4,4,0,0,0,2,0,1,1,4,2,0,4,4,2,4,4,2,1,2,1,0,3,0,2,0,0,0,2,4,3,0,2,0,0,0,0,2,2,0,3,2,0,0,2,2,2,3,2,2,2,2,2,4,4,3,4,2,0,3,3,4,4,1,3,4,1,3,2,4,4,0,1,4,4,0,2,1,4,4,4,4,3,4,2,2,3,4,0,0,0,2,2,1,4,4,1,0,2,4,4,0,1,0,1,2,0,0,0,2,4,0,4,0,0,4,2,4,2,0,4,2,0,4,4,3,0,0,0,2,4,4,0,0,1,0,2,4,1,2,2,4,0,2,3,2,4,0,2,2,1,0,4,4,2,0,3,2,0,2,1,0,4,0,2,4,0,4,0,4,0,0,4,2,4,4,2,0,2,3,3,1,3,2,0,3,2,0,0,4,2,1,0,4,2,0,1,2,1,0,1,4,2,1,0,2,0,3,2,4,0,4,3,0,0,3,4,1,2,0,3,4,2,3,1,4,4,3,4,0,1,0,4,3,0,4,0,1,2,2,1,0,4,2,4,0,1,3,0,3,1,0,3,0,1,1,2,0,0,0,1,2,3,4,0,4,2,1,4,1,1,1,2,2,1,4,0,1,2,4,1,0,1,4,1,0,4,2,2,1,2,3,2,0,2,2,3,3,0,4,1,3,0,3,0,0,2,2,4,1,2,4,1,0,4,3,0,0,0,4,3,2,1,4,2,3,4,4,0,3,0,3,4,1,4,4,1,2,0,1,0,0,2,0,0,4,0,2,1,3,1,2,2,4,4,1,4,0,4,3,4,4,1,0,0,0,1,0,3,0,0,3,1,0,2,2,0,1,4,1,3,4,4,0,3,4,1,2,2,2,4,0,4,2,4,0,2,0,1,4,2,0,1,3,4,2,1,3,1,0,4,1,0,0,1,4,2,1,4,4,1,1,2,1,0,2,1,2,2,0,0,1,3,2,0,0,3,2,1,2,4,0,2,1,4,0,1,4,1,2,0,0,2,3,1,4,1,2,2,1,0,4,3,0,2,4,0,2,3,2,0,2,4,1,1,1,0,3,3,0,2,0,0,3,2,0,0,1,1,0,2,1,3,0,3,2,1,1,1,4,1,1,1,2,0,3,3,2,2,1,1,3,4,2,0,0,1,2,0,1,0,1,1,2,1,2,1,1,3,4,0,0,3,0,2,1,1,4,1,1,1,4,2,0,0,0,3,2,4,2,2,1,1,2,3,0,2,3,2,2,2,1,3,1,1,2,2,1,0,4,1,1,1,1,1,2,0,1,2,1,2,2,2,1,2,2,2,1,2,0,4,4,2,1,1,4,2,3,1,1,2,1,4,2,4,1,2,1,3,1,0,3,1,2,1,1,0,1,1,1,2,1,1,0,2,0,0,4,0,3,0,3,1,2,0,1,0,1,2,3,0,4,0,3,4,3,0,1,2,0,1,1,2,0,2,0,0,1,2,0,4,2,1,2,0,1,1,1,1,4,4,4,2,2,1,1,1,3,1,1,2,2,1,0,3,3,2,2,3,2,0,0,3,1,1,1,3,2,1,1,4,2,4,2,1,2,3,3,1,3,4,3,3,2,0,3,2,1,1,2,1,4,1,1,2,4,0,0,0,2,0,0,1,2,1,2,0,1,1,3,2,4,0,1,1,0,0,2,3,1,1,2,4,2,1,3,2,1,2,1,1,4,1,3,1,0,1,1,1,1,1,3,2,0,2,2,1,2,4,1,0,1,1,3,3,4,2,1,3,4,0,2,1,1,1,1,3,1,2,3,3,3,1,1,3,2,0,4,0,2,1,3,0,1,2,2,2,0,3,2,2,0,0,4,3,4,1,3,3,4,2,3,0,2,3,0,1,3,1,1,0,0,4,0,0,3,2,3,0,0,3,4,4,2,1,2,1,1,2,1,2,2,0,0,2,2,4,0,3,4,4,1,2,1,0,2,0,0,4,0,4,1,0,1,4,1,4,3,0,0,2,4,2,4,3,0,1,1,1,1,1,0,4,0,4,1,1,1,2,3,2,3,0,0,1,3,0,1,1,4,0,2,1,2,4,4,2,4,1,0,2,4,4,4,1,1,2,1,2,2,2,2,4,2,2,2,2,2,4,1,2,3,0,0,2,1,4,2,0,4,0,2,2,0,4,4,4,4,3,3,2,2,4,0,3,1,0,2,1,3,1,4,1,4,4,4,2,0,4,2,4,2,4,2,2,1,1,2,2,1,0,1,0,1,1,4,1,3,3,4,3,0,1,0,1,1,1,3,4,2,1,1,1,1,4,3,0,1,0,4,2,4,2,2,1,4,4,0,1,2,4,0,0,4,3,2,0,0,0,2,1,1,3,4,2,3,1,1,3,0,1,4,2,1,1,0,2,3,1,3,2,3,0,1,1,2,4,3,0,1,0,1,4,0,3,1,2,4,1,0,1,1,4,4,0,4,4,4,1,1,4,3,3,2,1,2,1,1,2,4,4,0,2,1,1,4,3,2,3,1,1,2,2,1,4,1,4,1,0,1,1,3,1,0,3,2,1,2,1,1,1,2,0,2,3,3,0,2,4,1,2,2,0,4,1,3,1,2,3,0,1,2,2,1,4,3,0,4,2,4,4,3,1,2,4,0,2,3,1,2,3,1,3,1,2,0,2,1,0,3,0,2,1,3,2,1,4,4,0,2,3,4,0,3,1,0,3,0,4,2,0,1,3,2,3,3,0,1,2,3,3,1,4,4,1,1,1,0,1,0,1,2,2,0,1,0,2,4,0,2,2,1,2,2,2,0,2,1,2,2,1,3,2,3,0,3,1,1,0,0,0,2,2,1,3,0,3,0,1,1,1,0,2,4,3,3,4,2,0,4,2,2,0,1,2,1,0,2,4,2,0,2,2,0,3,1,1,4,0,1,1,3,1,1,1,1,3,3,1,1,3,3,0,1,1,1,1,1,1,2]",ok,
148,kmeans,5,0.25,0.3204832794821326,-0.1070024573578031,10,"fused_4_veryhigh, fused_4_high, fused_2_medium, fused_5_low, fused_3_medium, fused_1_medium, fused_1_high, fused_3_low, fused_2_high, fused_5_verylow","[444, 264, 345, 476, 270]",0.5,0.7,0.9,3.0,"{""fused_1"":0.6506486314235677,""fused_2"":0.31851716932811897,""fused_3"":0.16507910973121528,""fused_4"":0.6652179170559126,""fused_5"":0.4416291128623354}","{""fused_4_veryhigh"":0.31353682070720595,""fused_4_high"":0.34681488035601066,""fused_2_medium"":0.3059820606811103,""fused_5_low"":0.48892816765810954,""fused_3_medium"":0.37637366413607126,""fused_1_medium"":0.4978541944977265,""fused_1_high"":0.5723398580763284,""fused_3_low"":0.4465652237340634,""fused_2_high"":0.16769093528552398,""fused_5_verylow"":0.4859710260714946}","{""fused_1"":0.15111832030602487,""fused_2"":0.21598518078966197,""fused_3"":0.3000159326610611,""fused_4"":0.1494542980115655,""fused_5"":0.18342626823168653}","{""fused_4_veryhigh"":0.10847338438211035,""fused_4_high"":0.1031379759011766,""fused_2_medium"":0.10980433420704355,""fused_5_low"":0.08686502249520874,""fused_3_medium"":0.0990051650207346,""fused_1_medium"":0.08608279911132133,""fused_1_high"":0.0802861199229023,""fused_3_low"":0.09089186522758967,""fused_2_high"":0.14832442453023142,""fused_5_verylow"":0.08712890920168151}","{""fused_1"":0.7555916015301244,""fused_2"":1.0799259039483098,""fused_3"":1.5000796633053053,""fused_4"":0.7472714900578276,""fused_5"":0.9171313411584326}","{""fused_4_veryhigh"":1.0847338438211036,""fused_4_high"":1.031379759011766,""fused_2_medium"":1.0980433420704356,""fused_5_low"":0.8686502249520873,""fused_3_medium"":0.990051650207346,""fused_1_medium"":0.8608279911132133,""fused_1_high"":0.802861199229023,""fused_3_low"":0.9089186522758967,""fused_2_high"":1.4832442453023142,""fused_5_verylow"":0.871289092016815}",0.1344451243658165,0.0244580322401334,"[4,0,4,4,1,3,0,2,4,3,2,3,2,0,0,4,3,0,4,4,0,0,4,4,0,4,3,3,3,1,4,3,4,0,4,3,0,3,0,0,0,1,3,3,0,4,4,4,3,2,1,2,3,1,3,4,0,0,0,3,0,4,4,0,3,0,3,1,4,4,0,0,0,3,4,4,0,3,3,4,3,0,3,0,0,4,4,4,3,4,0,3,4,0,3,3,2,0,1,0,3,2,3,3,0,2,1,0,3,4,3,3,3,3,0,0,1,0,1,4,0,3,3,3,0,0,0,2,0,0,4,0,0,3,0,1,0,0,0,4,3,0,2,4,4,4,0,3,0,3,1,1,0,4,4,4,3,4,3,1,4,2,1,3,1,4,3,3,1,0,3,0,4,3,3,4,1,2,2,1,0,4,0,4,2,3,3,3,0,3,4,4,4,0,1,3,4,4,3,1,0,3,0,0,2,1,3,2,1,4,3,0,0,4,0,3,3,3,0,4,1,0,4,0,4,3,4,3,1,0,4,1,3,1,3,3,0,1,1,3,3,1,4,0,4,0,0,4,3,2,2,0,3,4,4,0,3,0,0,4,3,1,4,4,3,0,0,0,3,1,3,4,4,1,2,4,0,0,4,1,1,0,3,4,1,4,0,1,0,2,0,3,0,0,0,0,4,3,0,4,1,1,1,4,3,3,3,3,3,3,2,4,3,0,0,3,3,4,1,0,0,0,2,0,3,4,3,0,3,0,1,2,1,0,3,3,3,4,3,3,3,1,0,0,1,1,0,3,1,1,0,0,1,1,3,0,3,3,0,1,1,0,4,0,3,3,3,1,1,0,0,3,4,3,3,3,0,3,3,4,0,3,4,0,3,4,1,1,3,1,4,0,2,0,0,4,1,3,3,1,0,0,3,1,3,1,0,2,0,3,3,3,1,3,4,2,0,4,3,4,3,2,3,4,1,4,1,0,1,0,3,3,2,2,4,0,4,1,0,0,0,0,2,0,2,3,3,4,3,3,2,1,2,3,3,2,3,1,4,1,3,0,0,3,4,0,3,0,0,0,0,0,3,4,3,2,1,4,1,4,4,0,0,0,3,0,2,2,4,4,0,3,4,4,4,3,3,2,3,2,0,1,0,3,0,0,0,3,3,1,0,3,0,0,0,0,3,4,0,1,4,0,0,3,3,4,1,3,4,3,3,4,3,4,1,4,3,0,1,1,4,3,2,1,0,2,1,3,4,4,0,2,3,4,0,4,2,4,3,4,0,1,3,3,3,1,4,0,0,0,3,4,2,4,3,2,0,3,3,4,0,2,0,2,3,0,0,0,3,3,0,4,0,0,0,4,4,1,0,3,4,0,0,4,1,0,0,0,3,4,4,0,0,2,0,3,4,2,3,3,3,0,3,1,4,4,0,3,3,2,0,3,4,3,0,1,3,0,4,2,0,3,0,3,3,0,4,0,0,0,0,4,3,3,3,3,0,4,1,1,2,1,4,0,1,3,0,0,4,4,2,0,3,4,0,2,3,2,0,2,4,1,2,0,4,0,1,3,0,0,0,1,0,0,1,4,2,4,0,1,3,3,1,2,4,4,1,0,0,2,0,3,1,0,3,0,2,4,2,3,0,4,4,0,0,2,1,0,1,2,0,1,0,2,2,3,0,0,0,2,4,1,3,0,0,4,2,3,2,2,3,3,2,2,3,0,2,4,3,2,0,2,3,2,0,3,3,3,3,3,1,3,0,4,3,1,1,0,0,2,1,0,1,0,0,4,3,3,2,3,3,2,0,3,1,0,0,0,4,1,3,2,4,3,1,4,3,0,1,1,1,4,2,3,4,2,3,0,2,0,0,4,0,0,0,0,1,2,1,2,3,1,4,0,2,3,0,4,1,4,3,2,0,0,0,3,0,1,0,0,1,2,0,3,3,0,2,3,2,1,3,4,0,1,0,2,3,3,3,4,0,3,3,3,0,3,0,2,4,3,0,2,1,3,3,2,1,2,0,3,2,0,0,2,0,3,2,3,0,2,2,3,2,0,3,2,3,3,0,0,3,1,3,0,0,1,3,2,3,3,0,4,2,4,0,2,4,2,3,0,0,3,1,2,4,2,1,3,2,0,3,1,0,4,3,0,3,1,3,0,3,3,2,3,3,0,1,1,0,3,0,0,1,3,0,0,2,2,0,3,2,1,0,1,3,2,2,2,3,2,2,2,4,0,1,1,3,3,2,2,1,4,3,1,0,3,3,0,2,0,3,2,3,2,3,2,2,1,0,0,0,1,0,3,2,2,4,2,2,2,4,3,0,0,0,1,3,4,3,3,2,2,3,1,0,4,1,3,3,3,2,1,2,2,3,2,2,0,3,2,2,2,2,2,3,0,2,3,2,3,4,3,2,3,3,3,2,3,0,4,4,4,2,2,3,3,1,2,2,3,2,4,3,4,3,3,2,1,2,0,1,2,3,2,2,0,2,2,2,3,2,2,0,4,0,0,3,0,1,0,1,2,3,0,2,0,2,3,1,0,4,0,1,3,1,0,2,4,0,2,2,4,0,3,0,0,2,3,0,3,4,3,3,0,2,3,3,2,4,3,3,3,3,2,2,2,1,2,2,3,3,2,0,1,1,2,3,1,4,1,0,1,3,2,2,1,3,2,2,4,3,3,3,2,3,1,1,2,1,4,1,1,4,0,1,4,2,2,3,2,0,2,2,4,3,0,0,0,3,0,0,2,4,3,3,0,2,2,1,3,4,0,2,2,0,0,3,1,2,2,3,4,3,2,1,3,2,3,2,2,4,2,1,2,0,3,2,2,2,2,1,3,1,3,3,2,3,4,2,0,2,2,1,1,4,3,2,1,0,0,3,2,2,2,2,1,2,3,1,1,1,2,2,1,3,0,3,0,3,2,1,0,2,4,3,1,0,1,4,3,0,0,4,1,4,2,1,1,4,3,1,0,3,1,0,2,1,3,2,0,0,4,0,0,1,4,1,0,0,1,3,3,3,2,3,3,2,4,2,3,3,0,0,4,3,0,0,1,4,4,2,3,2,0,4,0,0,3,0,3,2,0,2,4,2,4,1,0,0,4,4,3,3,1,0,2,2,2,2,2,0,4,0,3,2,3,2,3,1,4,1,0,0,2,1,0,2,2,3,0,4,2,3,3,4,2,3,2,0,3,4,3,4,2,2,3,3,3,3,3,4,4,3,3,1,3,1,4,3,3,1,0,0,3,2,4,4,0,0,0,1,3,0,4,4,3,4,1,1,1,3,3,0,1,3,0,3,2,1,2,3,2,4,3,3,3,0,4,3,4,3,4,3,3,2,2,3,3,2,0,2,0,2,2,4,2,1,1,0,1,0,2,0,2,2,2,1,3,3,2,2,2,2,4,1,0,2,0,3,4,4,4,4,2,3,0,0,3,3,3,0,0,4,1,3,0,0,0,3,2,2,1,4,3,1,2,2,1,0,2,0,1,2,2,0,3,1,2,1,4,1,0,3,2,3,3,1,0,2,0,2,4,0,1,2,3,0,2,0,2,2,3,4,0,3,3,3,2,2,0,1,1,3,2,3,2,2,3,4,4,0,3,2,2,4,1,3,1,2,2,4,4,2,3,2,4,2,0,2,3,1,2,0,1,4,2,3,2,2,2,1,0,4,1,1,1,4,4,2,1,3,0,3,2,1,2,3,1,0,2,3,3,2,4,1,0,4,3,0,3,1,2,3,3,0,3,1,2,3,1,2,1,2,3,0,4,2,0,1,0,4,2,1,3,2,3,4,0,3,1,0,0,1,2,0,1,0,4,3,0,2,1,3,1,1,0,2,3,1,1,2,4,4,2,2,3,0,2,0,2,3,3,0,2,0,4,3,0,1,3,2,3,3,3,0,3,2,3,3,2,1,3,4,0,1,2,2,0,0,0,1,4,2,1,0,1,0,2,3,2,0,3,4,1,1,3,3,0,3,3,3,0,2,3,2,0,3,3,1,0,3,3,0,1,2,3,3,0,2,2,1,2,2,2,2,1,1,2,2,1,1,0,2,3,2,2,2,2,3]",ok,
149,kmeans,5,0.2,0.3205390949907556,-0.1069466418491801,9,"fused_4_high, fused_3_medium, fused_1_medium, fused_1_high, fused_3_low, fused_2_high, fused_5_verylow, fused_2_medium+fused_4_veryhigh, fused_4_veryhigh+fused_5_low","[524, 296, 344, 337, 298]",0.2,0.5,0.1,3.0,"{""fused_1"":0.5117515473753295,""fused_2"":0.1463558568755748,""fused_3"":0.352349021213862,""fused_4"":0.40749653067397473,""fused_5"":0.2189122351111076}","{""fused_4_high"":0.8141253516908871,""fused_3_medium"":0.8538295530764743,""fused_1_medium"":0.8818339714092783,""fused_1_high"":0.9122553738513244,""fused_3_low"":0.862704307798484,""fused_2_high"":0.6742468469560012,""fused_5_verylow"":0.768546696217322,""fused_2_medium+fused_4_veryhigh"":0.7758656786553872,""fused_4_veryhigh+fused_5_low"":0.779084580660053}","{""fused_1"":0.14870595517459226,""fused_2"":0.27806920151746534,""fused_3"":0.17921378343697686,""fused_4"":0.16664641886229367,""fused_5"":0.22736464100867193}","{""fused_4_high"":0.11076517508538519,""fused_3_medium"":0.10815915517678393,""fused_1_medium"":0.10642789317214807,""fused_1_high"":0.10463829692572159,""fused_3_low"":0.10760139317011919,""fused_2_high"":0.12171368620715504,""fused_5_verylow"":0.11400233527831675,""fused_2_medium+fused_4_veryhigh"":0.11346335140959062,""fused_4_veryhigh+fused_5_low"":0.11322871357477955}","{""fused_1"":0.7435297758729613,""fused_2"":1.3903460075873266,""fused_3"":0.8960689171848844,""fused_4"":0.8332320943114684,""fused_5"":1.1368232050433598}","{""fused_4_high"":0.9968865757684667,""fused_3_medium"":0.9734323965910554,""fused_1_medium"":0.9578510385493326,""fused_1_high"":0.9417446723314943,""fused_3_low"":0.9684125385310727,""fused_2_high"":1.0954231758643953,""fused_5_verylow"":1.0260210175048508,""fused_2_medium+fused_4_veryhigh"":1.0211701626863154,""fused_4_veryhigh+fused_5_low"":1.019058422173016}",0.1372874030690171,0.0138966092273485,"[4,3,4,4,0,0,1,2,4,0,2,0,2,1,1,1,0,1,4,4,1,1,4,4,1,4,0,0,0,3,4,0,4,3,4,0,1,0,1,3,1,3,0,0,1,4,1,4,0,2,3,2,0,0,0,1,1,1,1,0,1,4,4,1,0,1,0,0,4,4,3,1,1,0,4,4,1,0,0,4,0,1,0,1,1,4,4,4,0,4,1,0,4,1,0,0,2,3,3,3,0,2,0,0,1,2,3,1,0,4,0,0,0,0,1,1,3,1,3,1,1,0,0,0,1,4,1,2,3,1,4,1,1,0,1,3,1,1,3,4,0,3,2,4,4,4,1,0,1,0,0,3,3,4,4,4,0,4,0,4,4,2,3,0,4,4,0,0,3,1,0,1,4,0,0,4,3,2,2,3,3,4,1,4,2,0,0,0,1,0,4,4,4,1,0,0,4,4,0,3,1,0,3,1,2,3,0,2,0,4,0,1,1,4,1,0,0,0,3,4,4,1,4,1,4,0,4,0,3,1,4,3,0,3,0,0,1,0,0,0,0,3,4,1,4,1,1,4,0,2,2,1,0,4,4,1,0,1,1,4,0,3,4,1,0,1,1,3,0,3,0,4,1,3,2,4,3,3,4,3,3,1,0,4,0,4,3,0,1,2,3,0,3,3,3,1,4,0,1,4,0,3,3,4,0,0,0,0,0,0,2,4,0,1,1,0,0,4,4,1,1,1,2,1,0,4,0,1,0,3,3,2,4,3,0,0,0,4,0,0,0,3,1,1,3,3,1,0,3,0,1,3,3,3,0,1,0,0,3,3,4,1,4,1,0,0,0,3,3,3,1,0,4,0,0,0,3,0,0,4,3,0,4,1,0,4,0,3,0,3,4,1,2,1,1,4,3,0,0,3,1,1,0,3,0,3,3,2,1,0,0,0,3,0,4,2,1,1,0,4,0,2,0,4,3,4,3,3,4,1,0,0,2,2,4,1,4,0,3,1,3,1,2,1,2,0,0,4,0,0,2,3,2,0,0,2,0,3,4,3,0,3,1,0,4,3,0,3,1,1,1,1,0,4,0,2,0,4,3,4,4,1,1,3,0,1,2,2,4,4,1,0,4,4,4,0,0,2,0,2,1,3,1,0,1,1,3,0,0,0,1,0,1,3,1,1,0,4,1,3,4,3,1,0,0,4,3,0,3,0,0,4,0,1,0,4,0,3,0,4,4,0,2,4,1,2,3,0,4,4,1,2,0,4,1,4,2,4,0,4,1,4,0,0,0,3,4,1,1,1,0,4,2,4,0,2,1,0,0,4,3,2,1,2,0,3,1,1,0,0,1,4,1,3,1,4,1,3,1,0,4,3,1,4,0,1,1,1,0,4,4,1,1,2,1,0,4,2,0,0,0,1,0,3,4,4,1,0,0,2,3,0,4,0,1,0,0,3,4,2,3,0,3,0,0,3,4,1,1,3,1,4,0,0,0,0,1,4,4,3,2,3,4,1,0,0,3,3,4,4,2,1,0,4,1,2,0,2,1,2,4,3,2,3,4,1,3,0,1,1,1,3,1,1,3,4,2,4,3,3,0,0,3,2,4,4,3,1,3,2,1,0,0,1,0,1,2,4,2,0,1,4,4,1,1,2,3,1,3,2,1,3,3,2,2,0,1,1,1,2,4,3,0,1,1,4,2,0,2,2,0,0,2,2,0,1,2,4,0,2,3,2,0,2,3,0,0,0,0,0,0,0,1,4,0,4,3,3,1,2,3,3,3,1,1,4,0,0,2,0,0,2,1,0,0,4,3,1,4,3,0,2,4,0,4,4,0,1,3,3,3,4,2,0,4,2,0,3,2,3,1,4,3,3,1,1,4,2,3,2,0,3,4,1,2,0,3,4,3,4,0,2,1,1,3,0,3,0,3,1,3,2,3,0,0,1,2,0,2,3,0,4,3,3,1,2,0,0,0,4,1,0,0,0,1,0,1,2,4,0,3,2,3,0,0,2,3,2,1,0,2,1,1,2,3,0,2,0,3,2,2,0,2,1,0,2,0,0,1,3,0,3,0,3,3,4,0,2,0,0,3,4,2,1,3,2,4,2,0,1,3,0,3,2,4,2,4,0,2,3,0,3,3,4,0,1,0,3,0,1,0,0,2,0,0,1,3,4,3,0,1,1,0,0,1,1,2,2,3,0,2,3,3,0,0,2,2,2,0,2,2,2,4,3,3,0,0,0,2,2,3,4,0,3,1,0,0,1,2,1,0,2,0,2,0,2,2,3,1,1,3,0,1,0,2,2,4,2,2,2,4,0,1,3,3,3,0,4,0,0,2,2,0,3,1,4,3,0,0,0,2,3,2,2,0,0,2,1,0,2,2,2,2,2,0,1,2,0,2,0,4,0,2,0,0,0,2,0,1,4,4,4,2,2,0,0,3,2,2,0,2,4,0,4,0,0,2,0,2,1,3,2,0,2,2,1,2,2,2,0,2,2,3,4,3,3,0,1,3,4,3,2,0,3,2,1,2,0,3,3,4,3,0,0,3,1,2,4,3,2,2,4,3,0,3,1,2,0,1,0,4,0,0,1,2,0,0,2,4,0,0,0,0,2,2,2,0,2,2,0,0,2,3,3,3,2,0,3,4,3,4,4,0,2,2,3,0,2,2,4,0,0,0,2,0,3,4,2,4,4,3,3,4,1,3,4,2,2,0,2,3,2,2,4,0,3,1,1,0,3,1,2,4,0,0,1,2,2,3,0,4,3,2,2,3,1,0,3,2,2,0,4,0,2,3,0,2,0,2,2,4,2,0,2,1,0,2,2,2,2,3,0,3,0,0,2,0,4,2,3,2,2,3,3,3,0,2,3,1,3,0,2,2,2,2,3,2,0,3,3,3,2,2,3,0,1,0,3,0,2,4,1,2,4,0,4,3,0,4,0,1,1,4,3,4,2,3,0,4,0,0,3,0,3,1,2,3,0,2,1,1,4,1,1,3,4,3,1,1,0,0,0,0,2,0,0,2,4,2,0,0,1,1,4,0,1,3,3,4,4,2,0,2,1,4,1,3,0,1,0,2,3,2,4,2,4,3,3,3,4,4,0,0,3,3,2,2,2,2,2,1,1,3,0,2,0,2,0,3,4,3,1,3,2,3,1,2,2,0,3,4,2,0,0,4,2,0,2,3,0,4,0,4,2,2,0,0,0,0,0,4,4,0,0,4,0,3,4,0,0,3,3,1,0,2,4,4,3,1,3,4,0,1,4,4,0,4,3,3,0,0,0,1,3,0,3,0,2,3,2,0,2,4,0,0,0,3,4,0,4,0,4,0,0,2,2,0,0,2,1,2,1,2,2,4,2,3,3,1,3,1,2,3,2,2,2,3,0,0,2,2,2,2,4,3,3,2,3,0,4,4,4,4,2,0,1,1,0,0,0,1,1,4,3,0,1,3,3,0,2,2,0,4,0,4,2,2,3,3,2,3,3,2,2,3,0,3,2,3,4,0,1,0,2,0,0,3,1,2,3,2,4,1,3,2,0,3,2,1,2,2,0,4,1,0,0,0,2,2,3,4,3,0,2,0,2,2,0,4,4,3,0,2,2,4,3,0,3,2,2,4,4,2,0,2,4,2,1,2,0,3,2,1,4,4,2,0,2,2,2,4,3,4,3,3,3,4,4,2,4,0,3,0,2,4,2,0,4,1,2,0,0,2,4,3,1,4,0,1,0,3,2,0,0,3,0,0,2,0,3,2,3,2,0,3,4,2,3,4,3,4,2,3,0,2,0,4,3,0,3,3,3,3,2,1,3,1,4,0,1,2,0,0,0,3,1,2,0,0,3,2,4,4,2,2,0,3,2,1,2,0,0,3,2,1,4,0,3,0,0,2,0,0,0,1,0,2,0,0,2,4,0,4,3,3,2,2,1,3,3,3,4,2,4,3,3,1,2,0,2,1,0,4,4,4,0,0,3,0,0,0,1,2,0,2,1,0,0,3,1,0,0,4,0,2,0,0,3,2,2,3,2,2,2,2,3,3,2,2,3,0,1,2,0,2,2,2,2,0]",ok,
150,kmeans,5,0.15,0.3266938821361265,-0.1007918547038091,16,"fused_1_high, fused_3_low, fused_2_medium+fused_4_veryhigh, fused_4_veryhigh+fused_5_low, fused_3_verylow, fused_2_veryhigh, fused_3_medium+fused_4_veryhigh, fused_2_medium+fused_5_verylow, fused_3_high, fused_1_veryhigh, fused_2_high+fused_4_high, fused_1_medium+fused_3_medium, fused_2_medium+fused_3_medium, fused_2_medium+fused_5_low, fused_1_low, fused_5_medium","[263, 493, 315, 347, 381]",0.4,0.7,0.9,3.0,"{""fused_1"":0.6854160225433011,""fused_2"":0.3446784540917735,""fused_3"":0.4071758494014158,""fused_4"":0.7181737843177048,""fused_5"":0.4180044959589091}","{""fused_1_high"":0.6117169937717342,""fused_3_low"":0.43642514958627615,""fused_2_medium+fused_4_veryhigh"":0.32728465388098804,""fused_4_veryhigh+fused_5_low"":0.3348814412860757,""fused_3_verylow"":0.31140631326504253,""fused_2_veryhigh"":0.17927049483347707,""fused_3_medium+fused_4_veryhigh"":0.4280628374860145,""fused_2_medium+fused_5_verylow"":0.1824955356148848,""fused_3_high"":0.39388554721562774,""fused_1_veryhigh"":0.21362756052550474,""fused_2_high+fused_4_high"":0.17804925157348933,""fused_1_medium+fused_3_medium"":0.47277475511201045,""fused_2_medium+fused_3_medium"":0.3844421358258177,""fused_2_medium+fused_5_low"":0.21259510173163892,""fused_1_low"":0.4746125151248011,""fused_5_medium"":0.3588592872408716}","{""fused_1"":0.1676431794033294,""fused_2"":0.23640461301203827,""fused_3"":0.21750638454155483,""fused_4"":0.16377523868002683,""fused_5"":0.21467058436305073}","{""fused_1_high"":0.044433236360935276,""fused_3_low"":0.05260515867732991,""fused_2_medium+fused_4_veryhigh"":0.06074637945113693,""fused_4_veryhigh+fused_5_low"":0.060053410925830844,""fused_3_verylow"":0.06227582838625601,""fused_2_veryhigh"":0.08207838660556852,""fused_3_medium+fused_4_veryhigh"":0.05311650077053781,""fused_2_medium+fused_5_verylow"":0.08134991383378913,""fused_3_high"":0.05537301829525702,""fused_1_veryhigh"":0.07518904678636164,""fused_2_high+fused_4_high"":0.08235939419045779,""fused_1_medium+fused_3_medium"":0.0505424256018754,""fused_2_medium+fused_3_medium"":0.05604898199003491,""fused_2_medium+fused_5_low"":0.07537140180987345,""fused_1_low"":0.05044447734329739,""fused_5_medium"":0.05801243897145797}","{""fused_1"":0.838215897016647,""fused_2"":1.1820230650601913,""fused_3"":1.0875319227077742,""fused_4"":0.8188761934001342,""fused_5"":1.0733529218152535}","{""fused_1_high"":0.7109317817749644,""fused_3_low"":0.8416825388372786,""fused_2_medium+fused_4_veryhigh"":0.9719420712181909,""fused_4_veryhigh+fused_5_low"":0.9608545748132935,""fused_3_verylow"":0.9964132541800962,""fused_2_veryhigh"":1.3132541856890962,""fused_3_medium+fused_4_veryhigh"":0.849864012328605,""fused_2_medium+fused_5_verylow"":1.301598621340626,""fused_3_high"":0.8859682927241124,""fused_1_veryhigh"":1.2030247485817862,""fused_2_high+fused_4_high"":1.3177503070473247,""fused_1_medium+fused_3_medium"":0.8086788096300064,""fused_2_medium+fused_3_medium"":0.8967837118405586,""fused_2_medium+fused_5_low"":1.2059424289579752,""fused_1_low"":0.8071116374927583,""fused_5_medium"":0.9281990235433275}",0.1533953795643953,0.0433574207893274,"[4,4,4,4,1,1,4,3,4,1,3,1,3,0,0,4,1,0,4,4,0,0,4,4,0,4,1,1,1,2,4,1,4,2,4,1,0,1,0,2,0,2,1,1,0,4,4,4,1,3,2,3,1,1,1,4,0,0,0,1,0,4,4,0,1,0,1,0,4,4,2,0,4,1,4,4,0,1,1,4,1,0,1,0,4,4,4,4,1,4,0,1,4,0,1,1,3,2,2,2,1,3,1,1,4,3,2,0,1,4,1,1,1,1,0,0,2,0,2,4,0,1,1,1,0,4,0,3,2,0,4,0,4,1,0,2,0,0,2,4,1,2,3,4,4,4,0,1,0,1,1,2,2,4,4,4,1,4,1,0,4,3,2,1,4,4,1,1,2,4,1,0,4,1,1,4,2,3,3,2,2,4,0,4,3,1,1,1,0,1,4,4,4,4,0,1,4,4,1,2,4,1,2,4,3,2,1,3,1,4,1,0,4,4,0,1,1,1,2,4,0,4,4,4,4,1,4,4,2,0,4,2,1,2,1,1,0,0,1,1,1,2,4,0,4,0,4,4,1,3,3,0,1,4,4,0,1,0,4,4,1,2,4,4,1,0,0,2,1,2,1,4,4,2,3,4,2,2,4,2,2,0,1,4,1,4,2,0,0,3,4,1,2,2,2,4,4,1,0,4,1,4,2,4,1,1,1,1,1,1,3,4,1,4,0,1,1,4,0,0,0,4,3,4,1,4,1,4,1,2,2,3,0,2,1,3,1,4,1,1,1,2,0,0,2,2,0,4,2,1,0,2,2,2,1,0,1,1,2,2,4,0,4,4,1,1,1,2,1,2,0,1,4,1,1,1,2,1,1,4,2,1,4,4,1,4,0,2,1,2,4,0,3,0,0,4,2,1,1,4,0,0,1,4,1,2,2,3,0,1,1,1,2,1,4,3,0,4,1,4,1,3,1,4,2,4,2,2,4,4,1,1,3,3,4,0,4,0,2,0,2,0,3,0,3,1,1,4,1,1,3,4,3,1,1,3,1,2,4,2,1,2,0,1,4,2,1,2,0,0,0,0,1,4,1,3,0,4,2,4,4,0,0,2,1,0,3,3,4,4,0,1,4,4,4,1,1,3,1,3,0,2,0,1,0,0,2,1,1,1,0,1,0,2,0,4,1,4,0,2,4,2,0,1,1,4,2,1,4,1,1,4,1,4,1,4,1,2,1,0,4,1,3,4,4,3,2,1,4,4,0,3,1,4,1,4,3,4,1,4,4,0,1,1,1,2,4,0,0,0,1,4,3,4,1,3,0,1,1,4,2,3,0,3,1,2,4,0,1,1,0,4,0,2,4,4,4,4,0,1,4,2,4,4,0,0,0,0,1,4,4,0,0,3,0,1,4,3,1,1,1,0,1,2,4,4,4,1,1,3,2,1,4,1,0,0,1,2,4,3,2,1,2,1,1,2,4,4,4,2,0,4,1,1,1,1,0,4,0,2,3,2,4,0,1,1,2,2,4,4,3,0,1,4,0,3,1,3,4,3,4,4,3,2,4,0,2,1,4,0,4,2,0,0,2,4,3,4,2,2,1,1,2,3,4,4,2,4,2,3,4,1,1,0,1,0,3,4,3,4,0,4,4,4,0,3,2,0,2,3,0,2,2,3,3,1,0,0,0,3,4,2,1,0,4,4,3,1,3,3,1,1,3,3,1,0,3,4,1,3,2,3,1,3,2,1,1,1,4,1,1,1,0,4,1,0,2,2,4,3,2,2,2,0,0,4,1,1,3,1,1,3,0,1,1,4,2,0,4,2,1,3,4,1,0,4,1,4,2,2,2,4,3,1,4,3,1,2,3,2,0,4,2,2,4,0,4,3,2,3,1,4,4,4,3,1,2,4,2,4,1,3,0,0,2,1,2,1,2,0,2,3,2,1,1,0,3,1,3,2,1,4,2,2,4,3,1,1,1,4,0,1,1,1,0,1,0,3,4,1,2,3,2,1,1,3,2,3,0,1,3,4,0,3,4,1,3,1,4,3,3,1,3,0,1,3,1,1,0,2,1,2,1,2,2,0,1,3,1,1,2,4,3,4,2,3,4,3,1,0,2,1,2,3,4,3,4,1,3,2,1,2,2,4,1,4,1,2,1,0,1,1,3,1,1,0,2,4,2,1,0,0,0,1,0,0,3,3,2,1,3,2,2,1,1,3,3,3,1,3,3,3,4,2,2,4,1,1,3,3,2,4,1,2,0,1,1,0,3,0,1,3,1,3,1,3,3,2,4,0,2,1,0,1,3,3,4,3,3,3,4,1,0,2,2,2,1,4,1,1,3,3,1,2,0,4,2,1,1,1,3,2,3,3,1,3,3,0,1,3,3,3,3,3,1,4,3,1,3,1,4,1,3,1,1,1,3,1,0,4,4,4,3,3,1,1,2,3,3,1,3,4,1,4,1,1,3,0,3,0,2,3,1,3,3,0,3,3,3,1,3,3,2,4,2,2,1,0,2,4,2,3,1,2,3,4,3,1,2,2,4,2,0,1,2,0,3,4,2,3,3,4,2,1,2,0,3,1,0,1,4,1,1,0,3,1,1,3,4,1,1,1,1,3,3,3,4,3,3,1,1,3,2,2,2,3,1,2,4,2,4,0,4,3,3,2,1,3,3,4,1,1,1,3,1,2,0,3,0,4,2,2,4,0,2,4,3,3,1,3,4,3,3,4,1,2,0,0,1,2,0,3,4,1,1,0,3,3,2,1,4,2,3,3,2,0,1,2,3,3,1,4,1,3,2,1,3,1,3,3,4,3,1,3,0,4,3,3,3,3,2,1,2,1,1,3,1,4,3,2,3,3,2,2,4,1,3,2,4,2,1,3,3,3,3,2,3,1,2,2,2,3,3,2,1,0,1,2,1,3,0,0,3,4,1,4,2,0,4,1,0,0,4,2,4,3,2,0,4,1,1,2,1,2,0,3,2,4,3,0,0,4,0,0,2,4,2,0,4,1,1,1,1,3,1,1,3,4,3,1,1,0,0,4,1,4,2,2,4,4,3,1,3,0,4,0,2,1,0,1,3,2,3,4,3,4,2,2,2,4,4,1,1,2,2,3,3,3,3,3,0,4,2,1,3,4,3,1,2,4,2,0,2,3,2,1,3,3,1,2,4,3,1,1,4,3,1,3,2,1,4,1,4,3,3,1,1,1,1,1,4,4,1,1,4,1,4,4,1,1,2,2,0,1,3,4,4,2,4,2,4,1,0,4,4,1,4,2,2,4,1,1,4,2,1,2,1,3,2,3,1,3,4,1,1,1,2,4,1,4,1,4,1,1,3,3,1,1,3,0,3,0,3,3,4,3,2,2,4,2,0,3,2,3,3,3,2,1,1,3,3,3,3,4,2,2,3,2,1,4,4,4,4,3,1,4,0,1,1,1,4,0,4,2,1,0,2,2,1,3,3,1,4,1,0,3,3,2,2,3,4,4,3,3,2,1,2,3,2,4,4,0,4,3,1,1,2,0,3,2,3,4,0,2,3,1,4,3,0,3,3,1,4,0,1,1,1,3,3,4,0,2,1,3,1,3,3,1,4,4,2,1,3,3,4,2,1,2,3,3,4,4,3,1,3,4,3,0,3,1,2,3,0,4,4,3,1,3,3,3,4,2,4,2,2,2,4,4,3,4,1,2,1,3,0,3,1,0,0,3,1,1,3,4,2,0,4,1,4,1,2,3,1,1,2,1,0,3,1,2,3,2,3,1,2,4,3,2,0,2,4,3,2,1,3,1,4,2,1,2,4,2,2,3,0,2,0,4,1,0,3,1,1,1,2,0,3,1,0,2,3,4,4,3,3,1,2,3,0,3,1,1,2,3,0,4,1,2,4,1,3,1,1,1,0,1,3,1,1,3,0,1,4,2,2,3,3,0,2,2,4,4,3,0,2,2,0,3,1,3,4,1,4,0,4,1,1,2,1,1,3,0,3,1,3,0,1,1,2,0,1,1,4,1,3,1,1,2,3,3,2,3,3,3,3,2,2,3,3,2,1,0,3,4,3,3,3,3,1]",ok,
151,kmeans,5,0.1,0.2807067429417085,-0.1467789938982271,27,"fused_2_medium+fused_5_verylow, fused_2_high+fused_4_high, fused_1_medium+fused_3_medium, fused_1_low, fused_5_medium, fused_4_high+fused_5_verylow, fused_1_medium+fused_2_medium, fused_4_high+fused_5_low, fused_1_medium+fused_4_veryhigh, fused_3_low+fused_4_high, fused_3_high+fused_4_veryhigh, fused_2_high+fused_3_verylow, fused_2_medium+fused_4_high, fused_2_veryhigh+fused_5_veryhigh, fused_2_medium+fused_4_veryhigh+fused_5_low, fused_2_high+fused_3_low, fused_2_medium+fused_3_medium+fused_4_veryhigh, fused_5_high, fused_1_high+fused_4_high, fused_3_medium+fused_5_low, fused_3_verylow+fused_4_high, fused_4_medium, fused_1_high+fused_4_veryhigh, fused_1_veryhigh+fused_2_high+fused_5_low, fused_1_veryhigh+fused_4_high, fused_4_veryhigh+fused_5_verylow, fused_1_medium+fused_4_high","[245, 237, 732, 231, 354]",0.2,0.8,0.7,2.0,"{""fused_1"":0.6898222840611695,""fused_2"":0.16267559786320326,""fused_3"":0.19237376028162545,""fused_4"":0.5786535952083307,""fused_5"":0.27822602259332346}","{""fused_2_medium+fused_5_verylow"":0.4765625820640973,""fused_2_high+fused_4_high"":0.40540373631835064,""fused_1_medium+fused_3_medium"":0.4660801662009483,""fused_1_low"":0.5158541654581827,""fused_5_medium"":0.48519969986088407,""fused_4_high+fused_5_verylow"":0.3566707540487673,""fused_1_medium+fused_2_medium"":0.5227084779322394,""fused_4_high+fused_5_low"":0.4506701591314793,""fused_1_medium+fused_4_veryhigh"":0.35890307033678154,""fused_3_low+fused_4_high"":0.39811235490869457,""fused_3_high+fused_4_veryhigh"":0.35653426951816214,""fused_2_high+fused_3_verylow"":0.2867935189216974,""fused_2_medium+fused_4_high"":0.2862018002199201,""fused_2_veryhigh+fused_5_veryhigh"":0.27762589653849207,""fused_2_medium+fused_4_veryhigh+fused_5_low"":0.35654832114987023,""fused_2_high+fused_3_low"":0.288649980669521,""fused_2_medium+fused_3_medium+fused_4_veryhigh"":0.3565754474278342,""fused_5_high"":0.48364437897095813,""fused_1_high+fused_4_high"":0.47847522471683746,""fused_3_medium+fused_5_low"":0.38488134841744914,""fused_3_verylow+fused_4_high"":0.3175932486287301,""fused_4_medium"":0.31335761415224705,""fused_1_high+fused_4_veryhigh"":0.42126831105621776,""fused_1_veryhigh+fused_2_high+fused_5_low"":0.38209305571103813,""fused_1_veryhigh+fused_4_high"":0.41971493642201974,""fused_4_veryhigh+fused_5_verylow"":0.3835970759711562,""fused_1_medium+fused_4_high"":0.4149216197880562}","{""fused_1"":0.08001409948538153,""fused_2"":0.33929802373013795,""fused_3"":0.286918074394866,""fused_4"":0.09538609855907257,""fused_5"":0.19838370383054185}","{""fused_2_medium+fused_5_verylow"":0.029599654100495254,""fused_2_high+fused_4_high"":0.03479515930079909,""fused_1_medium+fused_3_medium"":0.030265367654058014,""fused_1_low"":0.027345107456498114,""fused_5_medium"":0.02907274590314183,""fused_4_high+fused_5_verylow"":0.039549325046166955,""fused_1_medium+fused_2_medium"":0.02698652916849148,""fused_4_high+fused_5_low"":0.0313002476434674,""fused_1_medium+fused_4_veryhigh"":0.0393033349452807,""fused_3_low+fused_4_high"":0.03543242859059558,""fused_3_high+fused_4_veryhigh"":0.03956446488411849,""fused_2_high+fused_3_verylow"":0.0491855172995995,""fused_2_medium+fused_4_high"":0.04928720775165256,""fused_2_veryhigh+fused_5_veryhigh"":0.05080969665371398,""fused_2_medium+fused_4_veryhigh+fused_5_low"":0.03956290564163633,""fused_2_high+fused_3_low"":0.04886917904382748,""fused_2_medium+fused_3_medium+fused_4_veryhigh"":0.039559895915691264,""fused_5_high"":0.029166239079113136,""fused_1_high+fused_4_high"":0.029481333322293066,""fused_3_medium+fused_5_low"":0.03665048369929439,""fused_3_verylow+fused_4_high"":0.044415577620877986,""fused_4_medium"":0.04501594009291448,""fused_1_high+fused_4_veryhigh"":0.03348480580219508,""fused_1_veryhigh+fused_2_high+fused_5_low"":0.03691793759529626,""fused_1_veryhigh+fused_4_high"":0.03360873383870384,""fused_4_veryhigh+fused_5_verylow"":0.03677318850938489,""fused_1_medium+fused_4_high"":0.03399699344069276}","{""fused_1"":0.40007049742690765,""fused_2"":1.6964901186506898,""fused_3"":1.43459037197433,""fused_4"":0.4769304927953628,""fused_5"":0.9919185191527092}","{""fused_2_medium+fused_5_verylow"":0.7991906607133719,""fused_2_high+fused_4_high"":0.9394693011215756,""fused_1_medium+fused_3_medium"":0.8171649266595664,""fused_1_low"":0.738317901325449,""fused_5_medium"":0.7849641393848293,""fused_4_high+fused_5_verylow"":1.0678317762465077,""fused_1_medium+fused_2_medium"":0.72863628754927,""fused_4_high+fused_5_low"":0.8451066863736199,""fused_1_medium+fused_4_veryhigh"":1.061190043522579,""fused_3_low+fused_4_high"":0.9566755719460807,""fused_3_high+fused_4_veryhigh"":1.0682405518711993,""fused_2_high+fused_3_verylow"":1.3280089670891866,""fused_2_medium+fused_4_high"":1.3307546092946192,""fused_2_veryhigh+fused_5_veryhigh"":1.3718618096502775,""fused_2_medium+fused_4_veryhigh+fused_5_low"":1.068198452324181,""fused_2_high+fused_3_low"":1.319467834183342,""fused_2_medium+fused_3_medium+fused_4_veryhigh"":1.068117189723664,""fused_5_high"":0.7874884551360547,""fused_1_high+fused_4_high"":0.7959959997019128,""fused_3_medium+fused_5_low"":0.9895630598809485,""fused_3_verylow+fused_4_high"":1.1992205957637057,""fused_4_medium"":1.215430382508691,""fused_1_high+fused_4_veryhigh"":0.9040897566592672,""fused_1_veryhigh+fused_2_high+fused_5_low"":0.996784315072999,""fused_1_veryhigh+fused_4_high"":0.9074358136450036,""fused_4_veryhigh+fused_5_verylow"":0.9928760897533919,""fused_1_medium+fused_4_high"":0.9179188228987046}",0.1586173570163097,0.0183435241801,"[2,2,2,2,0,1,2,4,2,3,4,3,4,2,2,2,1,2,2,2,2,2,2,2,2,2,1,1,3,0,2,1,2,2,2,3,2,3,2,2,2,0,1,3,2,2,2,2,1,4,0,4,1,0,3,2,2,2,2,3,2,2,2,2,3,2,1,0,2,2,2,2,2,3,2,2,2,1,1,2,1,2,3,2,2,2,2,2,3,2,2,1,3,2,1,3,4,2,0,2,3,4,1,1,2,4,0,2,1,2,1,3,1,1,2,2,0,2,0,2,2,1,3,1,2,2,2,4,2,2,2,2,2,3,2,0,2,2,2,2,1,2,4,2,2,2,2,3,2,1,0,0,2,2,2,2,1,2,1,0,2,4,0,1,0,2,3,1,0,2,3,2,2,3,1,2,0,4,4,0,2,2,2,2,4,1,1,1,2,3,2,2,2,2,0,3,2,2,1,0,2,1,2,2,4,0,3,4,0,2,3,2,2,2,2,3,1,1,2,2,0,2,2,2,2,3,2,2,0,2,2,0,3,0,1,1,2,0,0,3,1,0,2,2,2,2,2,2,3,4,4,2,1,2,2,2,3,2,2,3,3,0,2,2,3,2,2,2,3,0,1,2,2,0,4,2,2,2,2,0,0,2,3,2,0,2,2,0,2,4,2,3,2,2,2,2,2,3,2,2,0,0,0,2,3,1,3,1,3,1,4,2,3,2,2,3,1,2,0,2,2,2,4,2,3,2,3,2,3,2,0,4,0,2,3,1,3,2,1,1,1,0,2,2,0,0,2,2,0,0,2,2,0,0,1,2,1,3,2,0,2,2,2,2,3,3,1,0,0,2,2,3,2,1,3,1,2,3,3,2,2,1,2,2,3,2,0,0,1,0,2,2,4,2,2,2,0,1,1,2,2,2,1,2,1,0,2,4,2,3,3,3,0,1,2,4,2,2,3,2,3,4,1,2,0,2,0,2,2,2,1,3,4,4,2,2,2,0,2,2,2,2,4,2,4,3,3,2,3,3,4,2,4,1,1,4,1,0,2,0,3,2,2,1,2,2,1,2,2,2,2,2,3,2,1,4,0,2,0,2,2,2,2,2,1,2,4,4,2,2,2,3,2,2,2,3,3,4,3,4,2,0,2,1,2,2,2,1,3,0,2,1,2,2,2,2,3,2,2,0,2,2,2,3,1,2,0,1,2,3,3,2,3,2,0,2,3,2,0,0,2,3,4,0,2,4,0,1,2,2,2,4,1,2,2,2,4,2,3,2,2,0,1,3,1,0,2,2,2,2,3,2,4,2,3,4,2,3,1,2,2,4,2,4,3,2,2,2,1,1,2,2,2,2,2,2,2,0,2,3,2,2,2,2,0,2,2,2,1,2,2,2,2,4,2,3,2,4,3,3,3,2,3,0,2,2,2,1,1,4,2,1,2,1,2,0,3,2,2,4,2,3,2,1,3,2,2,2,2,2,2,2,1,1,1,1,2,2,0,0,4,0,2,2,0,3,2,2,2,2,4,2,1,2,2,4,3,4,2,4,2,0,4,2,2,2,0,3,2,2,2,0,2,2,0,2,4,2,2,0,3,1,0,4,2,2,0,2,2,4,2,3,0,2,3,2,4,2,4,4,2,2,2,2,2,4,0,2,0,4,2,0,2,4,4,3,2,2,2,4,2,0,3,2,2,2,4,1,4,4,3,3,4,4,3,2,4,2,3,4,2,4,1,4,2,1,1,1,4,3,0,3,2,2,1,0,0,2,2,4,0,2,0,2,2,2,1,1,4,3,3,4,2,3,0,2,2,2,2,0,1,4,2,3,0,2,1,2,0,2,0,2,4,1,2,4,1,2,4,2,2,2,2,2,2,2,2,4,0,4,1,0,2,2,4,1,2,2,0,2,3,4,2,2,2,3,2,0,2,2,0,4,2,1,3,2,4,3,4,0,3,2,2,0,2,4,3,3,3,2,2,3,1,1,2,3,2,4,2,1,2,4,0,1,1,4,0,4,2,3,4,2,2,4,2,3,4,1,2,4,4,1,4,2,1,4,1,1,2,2,3,0,1,2,2,0,1,4,3,1,2,2,4,2,2,4,2,4,3,2,2,3,0,4,2,4,2,3,4,2,1,0,2,2,3,2,1,0,1,2,3,3,4,3,3,2,0,0,2,3,2,2,0,1,2,2,4,4,2,3,4,0,2,0,3,4,4,4,3,4,4,4,2,2,0,0,1,1,4,4,0,2,3,2,2,1,1,2,4,2,4,4,1,4,1,4,4,0,2,2,2,0,2,3,4,4,2,4,4,4,2,1,2,2,2,0,3,2,1,3,4,4,3,0,2,2,0,3,1,3,4,0,4,4,3,1,4,2,1,4,4,4,4,4,3,2,4,3,4,1,2,1,4,1,1,1,4,1,2,2,2,2,4,4,1,3,0,4,4,1,4,2,1,2,1,1,4,0,4,2,0,4,1,4,4,2,4,4,4,1,4,4,2,2,2,2,1,2,0,2,0,4,1,2,4,2,4,1,0,2,2,2,0,3,0,2,4,2,2,4,4,2,2,3,2,2,4,3,2,3,2,3,3,2,4,3,3,4,2,1,3,1,3,4,4,4,0,4,4,1,3,4,2,0,0,1,1,0,2,2,2,0,4,4,4,0,3,4,4,2,3,3,1,4,1,0,0,4,0,2,0,0,2,2,0,2,4,4,1,4,2,4,4,2,3,2,2,2,3,2,2,4,2,4,3,2,4,4,0,3,2,2,4,4,2,2,1,0,4,4,3,2,1,4,0,1,4,1,4,4,2,4,0,4,2,4,4,4,4,4,0,1,2,3,1,4,3,2,4,2,4,4,0,0,2,3,4,0,2,2,1,4,4,4,4,0,4,1,0,0,0,4,4,0,1,2,3,2,1,4,0,2,4,2,1,2,2,0,2,1,2,2,2,0,2,4,0,0,2,1,0,2,1,0,2,4,0,4,4,2,2,2,2,2,0,2,0,2,2,0,1,1,1,4,3,3,4,2,4,1,1,2,2,2,1,2,2,0,2,2,4,1,4,2,2,2,2,3,2,1,4,2,4,2,4,2,0,2,2,2,2,3,3,0,2,4,4,4,4,4,2,2,2,3,4,4,4,1,0,2,0,2,2,4,0,2,4,4,3,2,2,4,3,3,2,4,1,4,2,3,2,1,2,4,4,3,3,3,1,1,2,2,3,1,2,1,0,2,4,3,0,2,2,3,4,2,2,2,2,2,2,3,2,2,2,3,2,0,0,3,1,3,2,0,1,2,1,4,0,4,3,4,2,1,3,1,2,2,1,2,3,2,3,3,4,4,3,1,4,2,4,2,4,4,2,4,0,0,2,0,2,4,2,4,4,4,0,1,1,4,4,4,4,2,0,2,4,2,1,2,2,2,2,4,3,2,2,1,3,1,2,2,2,0,3,2,2,2,1,4,4,0,2,1,0,4,4,0,2,4,2,0,4,4,2,3,0,4,0,2,0,2,4,4,1,3,0,2,4,2,4,2,2,0,4,3,2,4,2,4,4,3,2,2,3,1,3,4,4,2,0,0,1,4,1,4,4,1,2,2,2,3,4,4,2,0,1,0,4,4,2,2,4,1,4,2,4,2,4,3,0,4,2,0,2,4,1,4,4,4,2,2,2,0,0,2,2,2,4,2,3,2,1,4,0,4,3,0,2,4,1,1,4,2,0,2,2,1,2,1,0,4,1,1,2,1,0,4,3,0,4,0,4,1,2,2,4,2,0,2,2,4,0,1,4,3,2,2,3,0,2,2,0,4,2,0,2,2,1,2,4,0,1,0,0,2,4,3,0,0,4,2,2,4,4,3,2,4,2,4,3,3,2,4,2,2,3,2,2,1,4,1,3,3,2,1,4,1,1,4,0,1,2,2,0,4,4,2,2,2,0,2,4,0,2,0,2,4,1,4,2,3,2,0,0,3,1,2,3,3,1,2,4,1,4,2,1,1,0,2,3,1,2,0,4,3,3,2,4,4,0,4,4,4,4,0,0,4,4,0,0,2,4,4,4,4,4,4,3]",ok,
152,kmeans,7,1.0,0.4274857368399357,0.0,0,,[],,,,,,,,,,,,,,baseline_no_features,
153,kmeans,7,0.95,0.4274857368399357,0.0,0,,[],,,,,,,,,,,,,,baseline_no_features,
154,kmeans,7,0.9,0.4274857368399357,0.0,0,,[],,,,,,,,,,,,,,baseline_no_features,
155,kmeans,7,0.85,0.4274857368399357,0.0,0,,[],,,,,,,,,,,,,,baseline_no_features,
156,kmeans,7,0.8,0.4274857368399357,0.0,0,,[],,,,,,,,,,,,,,baseline_no_features,
157,kmeans,7,0.75,0.4274857368399357,0.0,0,,[],,,,,,,,,,,,,,baseline_no_features,
158,kmeans,7,0.7,0.4274857368399357,0.0,0,,[],,,,,,,,,,,,,,baseline_no_features,
159,kmeans,7,0.65,0.4274857368399357,0.0,0,,[],,,,,,,,,,,,,,baseline_no_features,
160,kmeans,7,0.6,0.4274857368399357,0.0,0,,[],,,,,,,,,,,,,,baseline_no_features,
161,kmeans,7,0.55,0.4274857368399357,0.0,0,,[],,,,,,,,,,,,,,baseline_no_features,
162,kmeans,7,0.5,0.4274857368399357,0.0,0,,[],,,,,,,,,,,,,,baseline_no_features,
163,kmeans,7,0.45,0.4274857368399357,0.0,0,,[],,,,,,,,,,,,,,baseline_no_features,
164,kmeans,7,0.4,0.4710552883884189,0.0435695515484831,1,fused_4_veryhigh,"[38, 330, 626, 753, 52]",0.5,0.8,0.5,4.0,"{""fused_1"":0.7612012280924252,""fused_2"":0.45728028411175065,""fused_3"":0.5870941985383669,""fused_4"":0.46235816028660864,""fused_5"":0.3986683992969734}","{""fused_4_veryhigh"":0.32520703417546226}","{""fused_1"":0.17553217421097672,""fused_2"":0.2080314837686061,""fused_3"":0.1914053015398328,""fused_4"":0.20726710588467198,""fused_5"":0.2177639345959125}","{""fused_4_veryhigh"":1.0}","{""fused_1"":0.8776608710548837,""fused_2"":1.0401574188430305,""fused_3"":0.957026507699164,""fused_4"":1.0363355294233598,""fused_5"":1.0888196729795625}","{""fused_4_veryhigh"":1.0}",0.2255433177326997,0.0433574207893274,"[4,2,2,3,3,3,2,1,2,2,1,2,1,2,2,2,2,2,0,4,2,2,0,3,2,2,2,3,2,3,2,3,4,2,4,2,2,3,2,2,2,3,2,2,2,2,2,3,3,1,3,1,3,3,3,2,2,2,2,3,2,0,0,2,3,2,3,3,2,2,2,2,2,3,0,2,2,3,3,2,2,2,3,3,2,3,3,2,3,0,2,3,3,2,2,3,1,2,3,2,3,1,3,3,2,1,3,2,3,0,2,2,2,2,2,2,3,2,3,2,2,3,3,3,2,2,2,1,2,2,2,2,2,2,2,3,2,2,2,3,2,2,1,3,4,2,2,3,2,2,3,3,2,4,4,2,3,0,3,3,4,1,3,3,3,3,3,3,3,2,3,2,3,3,3,3,3,2,1,3,2,0,2,3,1,3,2,2,2,3,3,4,2,2,3,2,4,3,3,3,2,3,2,2,1,3,3,1,3,0,2,2,3,3,2,3,3,3,2,2,3,2,4,2,3,3,3,3,3,2,3,3,3,3,3,2,2,3,3,3,3,3,0,2,3,2,2,3,3,1,1,2,3,4,3,2,3,2,2,3,3,3,3,2,3,2,2,2,2,3,3,2,3,2,1,0,2,2,3,3,3,2,3,2,3,4,2,3,2,1,3,2,2,2,2,2,3,3,2,3,3,3,3,4,3,3,3,2,3,3,1,3,2,2,2,3,3,3,3,2,2,2,1,2,2,0,3,2,3,2,3,1,3,2,2,3,3,3,3,3,2,3,2,2,3,3,2,2,3,3,2,3,3,3,3,2,3,3,2,2,3,2,2,2,3,2,2,3,3,2,2,2,4,3,3,2,2,2,3,2,2,3,2,2,3,4,3,3,3,3,2,2,1,2,2,2,3,3,3,2,2,2,2,3,3,2,2,1,2,3,3,3,3,2,3,1,2,3,3,3,3,1,2,3,3,3,3,2,3,2,3,3,1,1,2,2,3,3,2,2,2,2,1,2,1,3,3,3,3,3,1,2,1,3,2,1,3,3,3,3,3,2,2,3,0,2,3,2,2,2,2,2,3,3,3,1,3,2,3,0,0,2,2,2,3,2,1,1,4,3,3,2,4,3,4,3,3,1,3,1,2,3,2,3,2,2,3,3,3,3,2,3,2,2,2,2,3,3,2,3,3,2,2,3,3,3,3,3,3,3,3,3,3,3,3,2,3,2,3,3,4,2,1,3,2,1,3,2,4,4,2,1,2,4,2,3,1,4,3,4,2,3,2,3,3,3,4,2,2,2,3,3,1,2,2,1,2,3,2,2,2,1,2,1,3,2,2,2,3,2,2,2,3,3,2,3,2,3,2,3,3,2,2,4,3,2,2,2,3,3,0,2,2,1,2,3,2,1,3,3,2,2,3,3,3,2,2,3,3,1,3,3,2,3,2,3,3,2,3,1,2,2,3,3,3,3,0,2,2,2,2,2,3,2,2,3,3,3,3,3,1,3,3,2,3,3,2,2,0,3,1,2,2,3,2,2,2,1,2,1,4,3,1,2,3,2,3,3,2,2,2,3,2,2,3,4,1,3,2,3,2,3,3,1,2,4,3,3,2,1,2,3,3,2,2,2,1,3,3,2,2,2,3,2,2,1,3,2,3,1,2,3,2,1,1,3,2,2,2,1,3,3,3,2,2,3,1,2,1,1,2,3,2,1,2,2,1,3,2,1,2,1,2,1,2,2,2,3,2,3,3,3,2,3,3,3,3,2,2,1,3,3,2,2,2,3,3,3,1,3,2,1,2,3,3,2,2,2,4,3,3,1,2,3,3,4,2,3,3,2,2,4,1,3,4,1,3,2,1,2,2,3,2,3,2,2,3,1,3,1,3,3,3,2,1,2,3,4,3,4,3,1,2,2,2,2,2,3,3,2,3,1,2,3,3,2,1,3,1,3,3,0,2,3,2,1,3,3,3,2,2,2,3,3,2,3,2,1,0,3,2,1,3,3,3,1,3,2,2,3,2,2,2,1,2,3,1,2,2,1,1,3,1,3,3,1,3,3,2,2,2,3,3,2,2,3,3,1,3,2,2,3,1,2,2,1,0,2,3,2,2,3,3,1,2,1,3,3,1,2,2,3,2,3,2,2,3,3,3,2,3,2,1,2,2,2,3,3,2,3,2,2,3,3,2,2,1,1,2,2,1,3,2,3,3,1,1,1,2,1,1,1,3,2,3,3,3,3,1,1,3,2,3,3,2,2,3,2,1,2,2,1,3,1,3,2,1,3,2,2,2,3,2,3,1,1,2,1,1,1,4,3,2,2,2,3,3,0,3,3,1,1,3,3,2,3,3,3,3,3,1,2,1,1,3,2,1,2,2,1,1,1,1,1,3,2,1,3,1,3,3,3,1,3,3,3,1,3,2,4,4,3,2,1,3,3,3,1,1,3,1,2,3,4,2,3,1,3,1,2,3,1,3,1,1,2,1,1,1,3,1,1,2,3,2,2,3,2,3,2,3,1,3,3,1,2,1,3,3,2,3,2,3,3,3,2,1,3,2,1,1,3,2,3,2,2,1,3,2,3,3,2,3,2,1,2,2,1,4,2,2,3,3,1,1,1,3,1,1,3,3,1,2,3,3,3,3,3,3,2,2,3,2,1,1,3,3,1,1,4,3,3,3,1,3,3,3,1,3,0,3,3,3,2,3,3,1,1,3,1,2,1,1,3,3,2,2,2,3,2,2,1,3,2,3,2,1,1,3,3,0,2,1,1,2,2,3,3,2,1,3,0,3,1,3,3,1,3,1,1,3,1,3,1,2,2,1,1,1,1,3,3,2,3,3,1,3,4,1,2,1,1,3,3,2,2,1,3,3,2,3,1,1,1,1,3,1,3,3,3,3,1,1,3,3,2,2,3,2,1,3,2,1,3,3,3,3,3,3,3,2,2,0,3,4,1,3,3,2,3,3,2,3,3,2,1,3,2,1,2,2,2,2,2,3,3,3,2,2,3,3,2,3,1,3,2,1,3,1,3,3,2,2,3,3,2,2,3,0,2,1,3,1,2,3,2,2,2,2,3,1,2,1,2,1,2,3,2,3,3,2,3,2,3,2,1,1,1,1,1,2,2,3,2,1,2,1,3,3,3,3,2,2,1,3,3,1,1,3,2,3,1,3,2,0,3,2,1,3,3,2,2,0,1,1,3,2,3,3,3,3,4,3,3,3,3,3,2,2,3,3,2,2,3,1,0,3,2,2,2,3,3,2,0,0,2,4,3,3,3,3,3,2,3,2,2,3,1,3,1,3,1,3,2,2,3,3,0,3,0,3,3,3,3,1,1,3,3,1,2,1,3,1,1,4,1,3,3,2,3,2,1,2,1,1,1,3,2,3,1,1,1,1,3,3,2,1,2,3,3,2,3,3,1,2,2,2,2,3,3,2,2,4,3,3,2,2,2,3,1,1,3,0,3,3,1,1,3,2,1,2,3,1,1,2,3,3,1,3,3,3,2,2,1,3,3,3,2,1,3,1,0,2,3,1,3,2,1,2,1,1,3,2,2,2,3,3,1,1,3,3,3,3,1,3,1,1,3,4,4,2,3,1,1,4,3,3,3,1,1,3,3,1,3,1,2,1,2,1,2,3,1,2,3,2,1,3,2,1,1,3,2,3,3,3,3,3,2,1,3,3,2,3,1,3,1,3,3,2,1,3,3,1,2,3,2,2,3,2,3,3,1,3,2,2,3,3,1,3,3,1,3,1,3,2,3,1,2,3,2,3,1,3,3,1,3,2,2,3,3,2,2,3,1,2,3,2,3,3,2,1,3,3,3,3,2,1,3,3,3,1,2,4,1,1,2,3,1,2,1,3,3,2,1,2,3,2,2,3,3,1,3,3,3,2,3,1,3,3,1,3,3,2,2,3,1,1,2,2,2,3,3,1,3,2,3,2,1,2,1,2,3,0,3,3,2,3,2,2,3,3,2,1,3,1,2,3,3,3,2,3,3,2,3,1,2,3,2,1,1,3,1,1,1,1,3,3,1,1,3,3,2,1,2,1,1,1,2,3]",ok,
165,kmeans,7,0.35,0.6360986196934804,0.2086128828535446,2,"fused_4_veryhigh, fused_4_megahigh","[753, 654, 165, 185, 42]",0.4,0.6,0.9,2.0,"{""fused_1"":0.46828819956241785,""fused_2"":0.293189464600599,""fused_3"":0.5925236749190992,""fused_4"":0.41233417151554486,""fused_5"":0.4952989001094326}","{""fused_4_veryhigh"":0.09102182413563725,""fused_4_megahigh"":0.088302614901754}","{""fused_1"":0.18285830614645554,""fused_2"":0.292065020402449,""fused_3"":0.14451808524283644,""fused_4"":0.20767230289359814,""fused_5"":0.17288628531466085}","{""fused_4_veryhigh"":0.49241818558451955,""fused_4_megahigh"":0.5075818144154804}","{""fused_1"":0.9142915307322776,""fused_2"":1.4603251020122452,""fused_3"":0.7225904262141822,""fused_4"":1.0383615144679907,""fused_5"":0.8644314265733043}","{""fused_4_veryhigh"":0.9848363711690391,""fused_4_megahigh"":1.015163628830961}",0.1274603046774881,0.0027793218454697,"[1,1,1,0,0,0,1,3,1,1,3,4,3,1,1,1,1,1,1,1,1,1,1,0,1,1,1,0,1,0,1,0,1,1,1,1,1,0,1,1,1,0,1,1,1,1,1,0,0,3,0,2,0,0,0,1,1,1,1,0,1,1,1,1,0,1,0,0,1,1,1,1,1,0,1,1,1,0,0,1,1,1,0,0,1,0,0,1,0,1,1,0,0,1,1,0,3,1,0,1,0,3,0,0,1,3,0,1,0,1,1,3,1,1,1,1,0,1,0,1,1,0,0,0,1,1,1,2,1,1,1,1,1,1,1,0,1,1,1,0,1,1,2,0,1,1,1,0,1,1,0,0,1,1,1,1,0,1,0,0,1,2,0,0,0,0,0,0,0,1,0,1,0,0,0,0,0,3,3,0,1,1,1,0,3,0,1,4,1,0,0,1,1,1,0,1,1,0,0,0,1,0,1,1,3,0,0,2,0,1,1,1,0,0,1,0,0,0,1,1,0,1,1,1,0,0,0,0,0,1,0,0,0,0,0,1,1,0,0,0,0,0,1,1,0,1,1,0,0,3,3,1,0,1,0,1,0,1,1,0,0,0,0,1,0,1,1,1,1,0,0,1,0,4,2,1,1,1,0,0,0,1,0,1,0,1,1,0,1,2,0,1,1,1,1,1,0,0,1,0,0,0,0,1,0,0,0,1,0,0,3,0,1,1,1,0,0,0,0,1,1,1,3,1,1,1,0,1,0,1,0,3,0,1,1,0,0,0,0,0,1,0,1,1,0,0,1,1,0,0,1,0,0,0,0,1,0,0,1,4,0,1,1,1,0,1,1,0,0,1,1,1,1,0,0,1,1,1,0,1,1,0,1,1,0,1,0,0,0,0,1,1,3,1,1,1,0,0,0,4,1,1,1,0,0,4,1,2,1,0,0,0,0,1,0,3,1,0,0,0,0,3,1,0,0,0,0,1,0,1,0,0,3,3,1,1,0,0,1,1,1,1,3,1,2,0,0,0,0,0,2,1,2,0,1,3,0,0,0,0,0,1,1,0,1,1,0,1,1,1,1,1,0,0,0,2,0,1,0,1,1,1,1,1,0,1,3,3,1,0,0,1,1,0,1,0,0,3,0,2,1,0,1,0,1,1,0,0,0,0,1,0,1,1,1,1,0,0,1,0,0,1,1,0,0,0,0,0,0,0,0,0,0,0,0,1,0,1,0,0,1,1,3,0,1,3,0,4,1,1,1,3,1,1,1,0,3,1,0,1,1,0,1,0,0,0,1,1,1,1,0,0,2,1,1,3,1,0,1,1,1,3,1,2,0,1,1,1,0,1,1,1,0,0,1,0,1,0,1,0,0,1,1,1,0,1,1,1,0,0,1,1,1,3,1,0,1,2,0,0,1,1,0,0,0,1,1,0,0,2,0,0,1,0,1,0,0,1,0,3,1,1,0,0,0,0,1,1,1,1,1,1,0,1,1,0,0,0,0,0,3,0,0,1,0,0,1,1,1,0,2,1,1,0,1,3,3,3,1,3,1,0,3,1,0,1,0,0,1,1,1,0,1,1,0,1,3,0,1,0,1,0,0,2,1,1,0,0,1,3,1,0,0,1,1,1,2,0,0,4,1,1,0,1,1,2,0,1,0,3,1,0,1,3,3,0,1,1,1,2,0,0,0,1,1,0,2,1,2,2,3,0,3,2,1,1,2,0,1,3,1,2,1,2,1,1,4,0,4,0,0,0,1,0,0,0,0,1,1,2,0,0,4,1,1,0,0,0,3,0,1,2,1,0,0,1,1,1,1,0,0,3,1,0,0,1,1,0,0,1,4,1,3,0,1,2,0,1,3,1,1,0,1,0,1,1,0,3,0,2,0,0,0,1,2,1,0,1,0,1,0,3,1,1,1,4,1,0,0,1,0,2,1,0,0,1,3,0,3,0,0,1,1,0,1,2,0,0,0,1,1,1,0,0,1,0,1,3,1,0,1,2,0,0,0,2,0,3,1,0,3,1,1,3,1,0,2,1,1,2,3,0,2,0,0,3,0,0,1,1,4,0,0,1,1,0,0,3,0,1,1,0,3,1,1,2,1,3,0,1,1,0,0,3,1,3,0,0,3,1,1,0,1,0,1,1,0,0,0,1,0,1,3,3,3,1,0,0,1,0,1,1,0,0,1,1,3,3,1,4,3,0,1,0,0,2,2,2,1,2,3,2,0,1,0,0,0,0,3,2,0,1,0,0,1,4,0,1,3,1,4,2,0,3,0,3,3,0,1,1,1,0,1,0,3,2,1,3,2,2,1,0,1,1,1,0,0,1,0,0,2,2,0,0,1,0,0,0,0,0,2,4,2,2,0,3,3,1,1,3,2,2,3,3,0,1,2,0,2,0,0,0,2,0,0,0,3,0,1,1,1,0,3,2,0,0,0,2,2,0,3,4,0,1,4,0,3,0,2,1,0,3,0,2,2,1,3,2,2,0,2,2,1,0,1,1,0,1,0,1,0,2,0,0,3,1,3,0,0,1,0,1,0,0,0,1,3,0,1,2,3,0,1,0,1,1,2,0,1,0,0,4,0,1,2,4,3,3,1,1,1,0,0,2,2,2,0,2,3,0,0,2,1,0,0,0,0,0,0,1,1,0,4,2,2,0,0,2,3,1,0,0,0,3,0,0,0,2,0,4,0,0,0,1,0,0,2,3,0,3,1,2,2,0,0,1,1,1,0,1,1,2,0,4,0,1,2,2,0,0,1,1,3,3,1,1,0,0,3,2,0,1,0,2,0,0,2,0,3,3,0,2,0,2,1,4,3,2,2,2,0,0,1,0,0,2,0,1,2,1,2,2,0,0,1,4,2,0,0,1,0,3,3,3,2,0,2,0,0,0,0,3,3,0,0,1,1,0,4,2,0,1,2,0,0,0,0,0,0,0,1,1,1,0,1,2,0,0,1,0,0,1,0,0,1,3,0,4,3,1,1,1,1,1,0,0,0,1,1,0,0,1,0,3,0,4,3,0,2,0,0,1,1,0,0,1,1,0,1,1,3,0,3,1,0,1,1,1,1,0,2,1,3,1,2,1,0,1,0,0,1,0,1,0,1,3,2,2,3,3,1,1,0,1,2,4,3,0,0,0,0,1,1,2,0,0,2,2,0,1,0,3,0,1,1,0,1,3,0,0,1,1,1,2,3,0,4,0,0,0,0,1,0,0,0,0,0,1,4,0,0,1,1,0,2,1,0,1,1,1,0,0,1,1,1,4,1,0,0,0,0,0,1,0,4,1,0,3,0,2,0,3,0,1,1,0,0,1,0,1,0,0,0,0,3,2,0,0,3,1,3,0,2,3,1,3,0,0,1,0,1,3,1,2,3,2,0,1,0,3,2,2,3,0,0,1,3,1,0,0,1,0,0,2,1,1,1,4,0,0,1,1,1,0,0,1,1,1,0,2,2,0,1,0,0,2,2,0,1,3,1,0,2,2,1,0,0,2,0,0,0,1,4,3,0,0,0,1,3,0,2,1,1,0,2,0,1,2,1,2,3,0,1,1,1,0,0,3,3,0,0,0,0,2,0,3,3,0,1,1,1,0,2,3,1,0,0,0,2,2,0,0,3,0,3,1,3,1,2,3,0,3,1,0,4,3,0,3,3,3,0,1,0,0,0,0,0,1,3,0,0,1,0,3,0,3,0,0,1,2,0,0,2,1,0,1,1,0,1,0,0,3,0,1,1,0,0,2,0,0,3,0,2,0,1,0,3,1,0,1,0,2,0,0,2,0,1,1,0,0,1,1,0,3,1,0,1,0,0,1,2,0,0,0,0,1,3,0,0,0,3,1,1,2,3,3,0,2,1,2,0,0,1,3,1,0,1,1,0,0,2,0,0,0,1,0,2,0,0,2,0,0,4,1,0,2,3,1,1,1,0,0,3,0,1,0,1,2,4,3,1,0,1,0,0,1,0,1,1,0,0,1,3,0,3,1,0,0,0,1,0,0,1,0,3,4,0,1,2,3,0,2,3,3,3,0,0,3,2,0,0,1,2,4,3,2,2,3,0]",ok,
166,kmeans,7,0.3,0.6360986196934804,0.2086128828535446,2,"fused_4_veryhigh, fused_4_megahigh","[753, 654, 165, 185, 42]",0.4,0.6,0.9,2.0,"{""fused_1"":0.46828819956241785,""fused_2"":0.293189464600599,""fused_3"":0.5925236749190992,""fused_4"":0.41233417151554486,""fused_5"":0.4952989001094326}","{""fused_4_veryhigh"":0.09102182413563725,""fused_4_megahigh"":0.088302614901754}","{""fused_1"":0.18285830614645554,""fused_2"":0.292065020402449,""fused_3"":0.14451808524283644,""fused_4"":0.20767230289359814,""fused_5"":0.17288628531466085}","{""fused_4_veryhigh"":0.49241818558451955,""fused_4_megahigh"":0.5075818144154804}","{""fused_1"":0.9142915307322776,""fused_2"":1.4603251020122452,""fused_3"":0.7225904262141822,""fused_4"":1.0383615144679907,""fused_5"":0.8644314265733043}","{""fused_4_veryhigh"":0.9848363711690391,""fused_4_megahigh"":1.015163628830961}",0.1274603046774881,0.0027793218454697,"[1,1,1,0,0,0,1,3,1,1,3,4,3,1,1,1,1,1,1,1,1,1,1,0,1,1,1,0,1,0,1,0,1,1,1,1,1,0,1,1,1,0,1,1,1,1,1,0,0,3,0,2,0,0,0,1,1,1,1,0,1,1,1,1,0,1,0,0,1,1,1,1,1,0,1,1,1,0,0,1,1,1,0,0,1,0,0,1,0,1,1,0,0,1,1,0,3,1,0,1,0,3,0,0,1,3,0,1,0,1,1,3,1,1,1,1,0,1,0,1,1,0,0,0,1,1,1,2,1,1,1,1,1,1,1,0,1,1,1,0,1,1,2,0,1,1,1,0,1,1,0,0,1,1,1,1,0,1,0,0,1,2,0,0,0,0,0,0,0,1,0,1,0,0,0,0,0,3,3,0,1,1,1,0,3,0,1,4,1,0,0,1,1,1,0,1,1,0,0,0,1,0,1,1,3,0,0,2,0,1,1,1,0,0,1,0,0,0,1,1,0,1,1,1,0,0,0,0,0,1,0,0,0,0,0,1,1,0,0,0,0,0,1,1,0,1,1,0,0,3,3,1,0,1,0,1,0,1,1,0,0,0,0,1,0,1,1,1,1,0,0,1,0,4,2,1,1,1,0,0,0,1,0,1,0,1,1,0,1,2,0,1,1,1,1,1,0,0,1,0,0,0,0,1,0,0,0,1,0,0,3,0,1,1,1,0,0,0,0,1,1,1,3,1,1,1,0,1,0,1,0,3,0,1,1,0,0,0,0,0,1,0,1,1,0,0,1,1,0,0,1,0,0,0,0,1,0,0,1,4,0,1,1,1,0,1,1,0,0,1,1,1,1,0,0,1,1,1,0,1,1,0,1,1,0,1,0,0,0,0,1,1,3,1,1,1,0,0,0,4,1,1,1,0,0,4,1,2,1,0,0,0,0,1,0,3,1,0,0,0,0,3,1,0,0,0,0,1,0,1,0,0,3,3,1,1,0,0,1,1,1,1,3,1,2,0,0,0,0,0,2,1,2,0,1,3,0,0,0,0,0,1,1,0,1,1,0,1,1,1,1,1,0,0,0,2,0,1,0,1,1,1,1,1,0,1,3,3,1,0,0,1,1,0,1,0,0,3,0,2,1,0,1,0,1,1,0,0,0,0,1,0,1,1,1,1,0,0,1,0,0,1,1,0,0,0,0,0,0,0,0,0,0,0,0,1,0,1,0,0,1,1,3,0,1,3,0,4,1,1,1,3,1,1,1,0,3,1,0,1,1,0,1,0,0,0,1,1,1,1,0,0,2,1,1,3,1,0,1,1,1,3,1,2,0,1,1,1,0,1,1,1,0,0,1,0,1,0,1,0,0,1,1,1,0,1,1,1,0,0,1,1,1,3,1,0,1,2,0,0,1,1,0,0,0,1,1,0,0,2,0,0,1,0,1,0,0,1,0,3,1,1,0,0,0,0,1,1,1,1,1,1,0,1,1,0,0,0,0,0,3,0,0,1,0,0,1,1,1,0,2,1,1,0,1,3,3,3,1,3,1,0,3,1,0,1,0,0,1,1,1,0,1,1,0,1,3,0,1,0,1,0,0,2,1,1,0,0,1,3,1,0,0,1,1,1,2,0,0,4,1,1,0,1,1,2,0,1,0,3,1,0,1,3,3,0,1,1,1,2,0,0,0,1,1,0,2,1,2,2,3,0,3,2,1,1,2,0,1,3,1,2,1,2,1,1,4,0,4,0,0,0,1,0,0,0,0,1,1,2,0,0,4,1,1,0,0,0,3,0,1,2,1,0,0,1,1,1,1,0,0,3,1,0,0,1,1,0,0,1,4,1,3,0,1,2,0,1,3,1,1,0,1,0,1,1,0,3,0,2,0,0,0,1,2,1,0,1,0,1,0,3,1,1,1,4,1,0,0,1,0,2,1,0,0,1,3,0,3,0,0,1,1,0,1,2,0,0,0,1,1,1,0,0,1,0,1,3,1,0,1,2,0,0,0,2,0,3,1,0,3,1,1,3,1,0,2,1,1,2,3,0,2,0,0,3,0,0,1,1,4,0,0,1,1,0,0,3,0,1,1,0,3,1,1,2,1,3,0,1,1,0,0,3,1,3,0,0,3,1,1,0,1,0,1,1,0,0,0,1,0,1,3,3,3,1,0,0,1,0,1,1,0,0,1,1,3,3,1,4,3,0,1,0,0,2,2,2,1,2,3,2,0,1,0,0,0,0,3,2,0,1,0,0,1,4,0,1,3,1,4,2,0,3,0,3,3,0,1,1,1,0,1,0,3,2,1,3,2,2,1,0,1,1,1,0,0,1,0,0,2,2,0,0,1,0,0,0,0,0,2,4,2,2,0,3,3,1,1,3,2,2,3,3,0,1,2,0,2,0,0,0,2,0,0,0,3,0,1,1,1,0,3,2,0,0,0,2,2,0,3,4,0,1,4,0,3,0,2,1,0,3,0,2,2,1,3,2,2,0,2,2,1,0,1,1,0,1,0,1,0,2,0,0,3,1,3,0,0,1,0,1,0,0,0,1,3,0,1,2,3,0,1,0,1,1,2,0,1,0,0,4,0,1,2,4,3,3,1,1,1,0,0,2,2,2,0,2,3,0,0,2,1,0,0,0,0,0,0,1,1,0,4,2,2,0,0,2,3,1,0,0,0,3,0,0,0,2,0,4,0,0,0,1,0,0,2,3,0,3,1,2,2,0,0,1,1,1,0,1,1,2,0,4,0,1,2,2,0,0,1,1,3,3,1,1,0,0,3,2,0,1,0,2,0,0,2,0,3,3,0,2,0,2,1,4,3,2,2,2,0,0,1,0,0,2,0,1,2,1,2,2,0,0,1,4,2,0,0,1,0,3,3,3,2,0,2,0,0,0,0,3,3,0,0,1,1,0,4,2,0,1,2,0,0,0,0,0,0,0,1,1,1,0,1,2,0,0,1,0,0,1,0,0,1,3,0,4,3,1,1,1,1,1,0,0,0,1,1,0,0,1,0,3,0,4,3,0,2,0,0,1,1,0,0,1,1,0,1,1,3,0,3,1,0,1,1,1,1,0,2,1,3,1,2,1,0,1,0,0,1,0,1,0,1,3,2,2,3,3,1,1,0,1,2,4,3,0,0,0,0,1,1,2,0,0,2,2,0,1,0,3,0,1,1,0,1,3,0,0,1,1,1,2,3,0,4,0,0,0,0,1,0,0,0,0,0,1,4,0,0,1,1,0,2,1,0,1,1,1,0,0,1,1,1,4,1,0,0,0,0,0,1,0,4,1,0,3,0,2,0,3,0,1,1,0,0,1,0,1,0,0,0,0,3,2,0,0,3,1,3,0,2,3,1,3,0,0,1,0,1,3,1,2,3,2,0,1,0,3,2,2,3,0,0,1,3,1,0,0,1,0,0,2,1,1,1,4,0,0,1,1,1,0,0,1,1,1,0,2,2,0,1,0,0,2,2,0,1,3,1,0,2,2,1,0,0,2,0,0,0,1,4,3,0,0,0,1,3,0,2,1,1,0,2,0,1,2,1,2,3,0,1,1,1,0,0,3,3,0,0,0,0,2,0,3,3,0,1,1,1,0,2,3,1,0,0,0,2,2,0,0,3,0,3,1,3,1,2,3,0,3,1,0,4,3,0,3,3,3,0,1,0,0,0,0,0,1,3,0,0,1,0,3,0,3,0,0,1,2,0,0,2,1,0,1,1,0,1,0,0,3,0,1,1,0,0,2,0,0,3,0,2,0,1,0,3,1,0,1,0,2,0,0,2,0,1,1,0,0,1,1,0,3,1,0,1,0,0,1,2,0,0,0,0,1,3,0,0,0,3,1,1,2,3,3,0,2,1,2,0,0,1,3,1,0,1,1,0,0,2,0,0,0,1,0,2,0,0,2,0,0,4,1,0,2,3,1,1,1,0,0,3,0,1,0,1,2,4,3,1,0,1,0,0,1,0,1,1,0,0,1,3,0,3,1,0,0,0,1,0,0,1,0,3,4,0,1,2,3,0,2,3,3,3,0,0,3,2,0,0,1,2,4,3,2,2,3,0]",ok,
167,kmeans,7,0.25,0.4106779864393019,-0.0168077504006338,5,"fused_4_veryhigh, fused_4_megahigh, fused_2_low, fused_5_low, fused_1_high","[230, 385, 518, 424, 242]",0.2,0.8,0.5,2.0,"{""fused_1"":0.7099921220502801,""fused_2"":0.500029501235381,""fused_3"":0.41798917598977114,""fused_4"":0.403796434773648,""fused_5"":0.40467116608049847}","{""fused_4_veryhigh"":0.4844987248919097,""fused_4_megahigh"":0.49985745623567657,""fused_2_low"":0.7016794498519434,""fused_5_low"":0.5469452341499832,""fused_1_high"":0.7815279016484873}","{""fused_1"":0.13103972063007743,""fused_2"":0.18606336044806437,""fused_3"":0.22258272382943553,""fused_4"":0.23040611880384096,""fused_5"":0.2299080762885817}","{""fused_4_veryhigh"":0.24006590475973524,""fused_4_megahigh"":0.2326895863913549,""fused_2_low"":0.16576176596116146,""fused_5_low"":0.2126568026995906,""fused_1_high"":0.14882594018815798}","{""fused_1"":0.6551986031503871,""fused_2"":0.9303168022403219,""fused_3"":1.1129136191471776,""fused_4"":1.1520305940192048,""fused_5"":1.1495403814429086}","{""fused_4_veryhigh"":1.2003295237986762,""fused_4_megahigh"":1.1634479319567745,""fused_2_low"":0.8288088298058073,""fused_5_low"":1.063284013497953,""fused_1_high"":0.7441297009407899}",0.1738144460169378,0.0033351862145636,"[3,3,3,2,4,2,3,1,3,3,1,1,1,0,0,3,0,3,3,3,0,0,3,2,0,3,3,4,3,2,3,4,3,3,3,0,0,2,0,3,0,2,0,0,0,3,3,2,2,1,2,1,4,4,4,3,0,0,0,4,0,3,3,0,2,0,2,4,3,3,3,0,3,2,3,3,0,2,2,3,3,0,4,4,0,2,2,3,4,3,3,2,4,0,0,4,1,3,2,3,4,1,2,2,0,1,2,0,2,3,0,1,0,3,0,3,2,0,2,3,0,4,4,4,0,3,0,1,3,0,3,3,0,0,0,2,0,3,3,2,3,3,1,2,3,3,3,4,0,3,4,2,3,3,3,3,2,3,2,2,3,1,2,4,2,2,4,2,2,0,2,0,2,2,4,2,2,1,1,2,3,3,0,2,1,4,3,1,3,4,2,3,3,3,4,0,3,2,2,2,3,2,3,3,1,2,2,1,4,3,3,3,4,2,0,4,4,2,3,3,4,3,3,3,2,4,2,2,2,3,2,2,2,2,2,0,0,4,4,4,4,2,3,0,4,3,0,2,2,1,1,0,4,3,2,0,2,0,3,2,2,2,2,3,4,0,0,3,0,2,4,3,2,1,1,3,3,3,2,2,2,0,2,3,4,3,3,4,3,1,2,3,3,3,3,3,2,4,3,2,4,2,2,3,4,4,2,3,2,4,1,2,0,3,0,4,2,2,4,0,0,3,1,0,0,3,4,3,4,3,2,1,4,3,3,2,2,2,2,2,3,2,0,0,2,2,0,3,2,4,0,2,2,2,4,3,2,2,3,1,4,0,3,3,2,0,0,2,2,3,0,0,3,4,4,3,3,0,2,3,3,4,3,0,4,3,4,2,2,2,3,0,1,3,3,3,2,4,2,1,0,0,3,2,4,1,3,1,3,2,4,2,2,3,2,1,0,2,4,4,2,1,3,2,2,2,2,3,4,3,4,2,1,1,3,0,2,4,3,0,3,0,1,0,1,2,4,2,4,2,1,3,1,2,3,1,4,2,2,2,4,3,3,2,3,3,2,3,0,0,0,0,4,2,4,1,4,3,2,3,3,3,0,3,2,3,1,1,3,4,4,3,3,2,3,2,4,1,2,1,0,2,3,2,0,0,2,4,2,4,0,2,0,3,3,3,4,4,0,2,2,3,0,4,4,2,2,4,2,2,2,2,2,2,4,3,2,3,4,4,3,0,1,2,0,1,2,1,3,3,0,1,0,3,3,2,1,3,4,3,3,4,3,4,2,2,3,0,0,3,2,4,1,3,0,1,0,2,3,3,3,1,0,1,2,3,3,3,4,3,0,3,4,2,0,2,3,2,0,2,2,3,3,3,4,0,0,0,4,2,3,0,0,1,0,2,3,1,2,2,3,3,4,2,2,3,3,4,4,1,2,4,3,4,0,4,2,3,2,1,3,3,2,2,4,2,3,3,0,3,3,3,4,3,0,4,4,2,4,2,1,2,2,3,2,2,3,3,3,2,1,0,3,2,0,1,1,1,3,1,3,2,1,3,2,3,2,2,0,0,3,2,0,0,2,3,1,2,3,2,0,4,2,1,3,3,2,4,3,1,3,4,4,3,3,3,1,2,2,1,0,3,2,0,0,1,2,0,2,1,0,2,3,1,1,4,0,0,0,1,4,2,4,0,3,2,1,0,1,1,1,2,1,1,0,0,1,2,0,1,3,1,0,1,3,3,1,2,1,2,4,2,0,2,2,4,2,3,0,1,2,2,1,0,0,2,4,4,1,4,0,1,0,4,2,3,3,3,3,2,4,1,3,4,4,3,3,2,2,3,1,3,1,4,3,1,4,3,1,3,3,2,3,2,0,3,2,1,2,1,2,2,2,3,1,0,2,3,2,3,4,1,0,0,3,1,3,4,2,3,2,1,3,2,2,0,1,2,1,2,2,3,3,2,0,1,4,2,4,3,3,0,4,2,0,4,0,1,3,4,3,1,2,2,2,1,2,1,0,4,1,3,3,1,3,2,1,3,3,1,1,2,1,2,4,1,4,4,3,3,1,2,4,3,3,4,4,1,4,3,3,2,1,3,3,1,3,1,2,0,3,4,2,1,3,1,4,2,1,3,0,2,3,2,0,3,2,2,2,3,2,0,1,1,1,0,2,2,3,2,0,0,2,2,0,3,1,1,3,4,1,2,3,2,2,1,1,1,0,1,1,1,2,3,2,2,2,4,1,1,2,3,2,2,3,1,2,3,1,3,4,1,2,1,2,1,1,2,0,0,3,4,0,2,1,1,3,1,1,1,3,2,0,3,3,2,2,3,4,2,1,1,2,2,3,2,2,4,4,2,1,1,1,1,2,1,1,0,3,1,1,1,1,1,4,3,1,2,1,2,2,4,1,2,2,2,1,4,0,3,3,4,1,1,4,2,2,1,1,4,1,4,4,3,1,2,1,4,1,0,2,1,2,1,1,3,1,1,1,2,1,1,3,2,3,3,2,3,2,3,2,1,2,2,1,3,1,4,2,3,2,3,4,2,2,0,1,2,3,1,1,2,3,2,3,0,1,2,0,4,2,1,2,0,1,1,1,1,3,0,3,2,4,1,1,1,2,1,1,4,2,1,3,2,2,2,2,2,2,3,3,4,1,1,1,2,2,1,1,3,4,2,2,1,4,2,4,1,4,1,2,2,2,0,2,2,1,1,4,1,3,1,1,2,2,3,3,0,2,3,0,1,2,4,2,0,1,1,2,4,3,3,1,1,3,3,2,2,1,1,4,3,4,1,2,2,1,4,1,1,2,1,4,1,0,1,1,1,1,1,2,2,3,4,2,1,4,3,1,3,1,1,2,2,3,1,1,2,4,3,4,1,1,1,1,2,1,2,2,2,2,1,1,2,2,0,0,2,1,1,2,3,1,2,2,2,2,4,4,2,0,0,3,2,3,1,2,4,3,2,4,3,2,2,0,1,2,1,1,0,0,3,0,0,2,2,2,0,3,2,2,3,4,1,2,1,1,2,1,2,4,0,0,2,4,3,3,2,3,3,1,4,1,3,2,0,3,0,0,4,1,3,1,3,1,3,2,3,2,2,3,2,0,2,3,1,1,1,1,1,0,3,2,3,1,1,1,2,2,2,2,0,3,1,2,2,1,1,2,3,2,1,2,3,3,2,3,1,2,2,3,0,3,1,1,2,1,4,2,4,2,3,2,2,2,2,2,3,4,2,2,3,0,4,1,3,4,3,0,3,2,2,0,3,3,4,3,2,2,4,4,4,3,2,1,3,4,1,2,1,4,1,2,3,0,2,2,3,2,3,2,2,4,2,1,1,4,4,1,0,1,4,1,1,3,1,2,2,0,2,0,1,3,1,1,1,2,3,4,1,1,1,1,2,2,3,1,3,4,2,3,2,2,1,3,0,0,1,2,4,3,0,3,2,2,0,3,3,4,1,1,4,3,2,4,1,1,2,3,1,3,2,1,1,3,4,2,1,2,2,2,0,1,1,4,4,2,0,1,2,1,3,0,2,1,4,3,1,0,1,1,2,3,3,0,2,2,1,1,2,2,2,4,1,2,1,1,4,3,3,3,2,1,1,3,2,2,2,1,1,2,2,1,2,1,3,1,3,1,1,2,1,0,2,1,1,2,1,1,1,4,3,2,2,2,2,2,3,1,2,2,3,4,1,4,1,2,2,0,1,4,2,1,3,2,0,3,2,0,2,2,1,4,3,3,2,2,1,4,2,1,2,1,2,3,2,1,3,2,3,2,1,2,4,1,2,3,3,4,2,3,3,2,1,0,2,0,2,4,0,1,4,4,2,2,0,1,2,4,2,1,3,3,1,1,1,2,1,0,1,2,4,3,1,0,2,0,3,2,4,1,2,4,2,0,2,1,4,2,1,4,4,1,3,2,1,1,0,3,3,2,2,1,4,3,2,0,1,4,1,3,2,3,4,2,3,2,3,0,4,2,0,1,2,1,0,2,4,2,0,4,4,3,4,1,1,2,3,1,1,2,1,1,1,1,2,2,1,1,2,4,3,1,1,1,1,1,1,4]",ok,
168,kmeans,7,0.2,0.3300375170013018,-0.09744821983863394,8,"fused_4_veryhigh, fused_4_megahigh, fused_2_low, fused_5_low, fused_1_high, fused_5_verylow, fused_3_medium, fused_1_medium","[304, 254, 370, 361, 510]",0.4,0.9,0.9,2.0,"{""fused_1"":0.5778421472651433,""fused_2"":0.5592428385677328,""fused_3"":0.7553865891884461,""fused_4"":0.5453086392719073,""fused_5"":0.3156514699933082}","{""fused_4_veryhigh"":0.2838180514618626,""fused_4_megahigh"":0.309804849648335,""fused_2_low"":0.2916488299781434,""fused_5_low"":0.4512107737246502,""fused_1_high"":0.5537558776592502,""fused_5_verylow"":0.2823588167447843,""fused_3_medium"":0.5295557958017576,""fused_1_medium"":0.5272910147810596}","{""fused_1"":0.17579282322637976,""fused_2"":0.18163934420168723,""fused_3"":0.13447485552538946,""fused_4"":0.18628075026018784,""fused_5"":0.3218122267863556}","{""fused_4_veryhigh"":0.1636608750023742,""fused_4_megahigh"":0.1499328067215327,""fused_2_low"":0.15926657633839414,""fused_5_low"":0.1029450388790211,""fused_1_high"":0.08388156680171607,""fused_5_verylow"":0.1645066769269755,""fused_3_medium"":0.08771485651175105,""fused_1_medium"":0.08809160281823525}","{""fused_1"":0.8789641161318988,""fused_2"":0.9081967210084362,""fused_3"":0.6723742776269472,""fused_4"":0.9314037513009392,""fused_5"":1.6090611339317782}","{""fused_4_veryhigh"":1.3092870000189936,""fused_4_megahigh"":1.1994624537722616,""fused_2_low"":1.2741326107071531,""fused_5_low"":0.8235603110321688,""fused_1_high"":0.6710525344137286,""fused_5_verylow"":1.316053415415804,""fused_3_medium"":0.7017188520940084,""fused_1_medium"":0.704732822545882}",0.14211794531553026,0.027237354085603113,"[3,3,3,4,4,4,3,2,3,3,2,1,2,0,0,0,3,0,3,3,0,0,3,4,0,3,3,4,3,1,3,4,3,0,3,3,0,1,0,3,3,1,3,3,0,3,3,4,1,2,1,2,4,4,4,3,3,0,3,4,0,3,3,3,1,0,1,4,3,3,0,3,3,4,3,3,0,4,4,3,3,0,4,4,3,4,4,3,4,3,3,4,4,0,3,4,2,3,1,0,4,2,4,1,3,2,1,0,4,3,3,2,3,3,0,0,1,0,1,3,0,4,4,4,3,0,0,2,0,0,3,0,3,3,0,1,0,0,0,4,3,0,2,4,3,3,0,4,0,3,4,4,0,3,3,3,4,3,4,4,3,2,1,4,4,4,4,1,1,3,4,0,4,1,4,4,4,2,2,4,0,3,0,4,2,4,3,1,3,4,4,3,3,3,4,3,3,4,1,1,0,4,3,3,2,1,1,2,4,3,3,0,4,4,0,4,4,4,0,3,4,3,3,3,4,4,4,4,4,0,4,1,4,1,4,3,3,4,4,4,4,1,3,3,4,3,0,4,4,2,2,0,4,3,4,0,1,3,0,4,1,1,4,3,4,0,3,0,3,1,4,3,4,3,2,3,0,0,4,1,1,0,4,3,4,3,0,4,0,2,1,3,0,3,0,3,4,4,0,4,4,4,1,3,4,4,1,3,1,4,2,4,3,0,0,4,4,4,4,0,0,0,2,0,3,3,4,0,4,0,1,2,4,0,3,4,1,4,4,4,3,4,0,0,1,1,3,3,1,4,3,1,1,4,4,0,1,1,0,3,4,0,3,3,1,3,3,1,1,3,0,3,3,4,4,3,0,3,1,3,0,4,3,0,4,3,4,4,1,4,3,0,2,0,3,3,1,4,4,3,0,0,3,4,4,3,0,2,0,1,4,1,4,3,4,2,0,4,4,4,1,2,3,4,1,4,1,0,4,3,4,1,2,2,3,0,4,4,0,3,0,3,2,0,2,1,4,4,4,4,2,0,2,4,3,2,4,1,4,1,4,0,0,4,3,0,4,0,3,0,0,0,4,4,4,2,4,3,1,3,3,3,0,0,4,0,2,2,3,4,4,3,3,4,3,1,4,2,1,2,0,1,0,1,0,0,1,4,1,4,0,1,0,3,0,0,4,4,3,1,4,3,0,4,4,4,1,4,1,1,1,4,1,4,4,3,1,3,4,4,3,3,2,4,0,2,4,2,3,3,0,2,3,3,3,4,2,3,4,3,0,4,3,4,4,1,3,0,0,3,1,4,2,3,3,2,0,1,3,3,0,2,3,2,4,0,0,0,4,3,0,3,4,1,0,4,3,1,0,4,4,0,3,3,4,0,0,0,4,4,3,0,0,2,0,1,3,2,1,4,3,0,4,1,4,3,0,4,4,2,1,4,3,4,3,4,4,3,4,2,0,3,1,1,4,1,3,0,3,0,0,3,4,3,3,4,4,4,4,1,2,1,4,0,1,1,0,3,3,4,2,0,3,4,3,2,2,2,3,2,3,1,2,0,4,0,4,1,3,0,3,1,3,0,1,3,2,4,3,4,3,4,4,2,3,3,1,4,0,2,0,4,4,0,3,0,2,4,4,2,0,3,4,3,0,2,4,0,1,2,0,1,0,2,2,4,0,0,0,2,4,1,4,0,3,4,2,3,2,2,2,1,2,2,3,0,2,4,3,2,0,2,3,2,0,3,1,4,2,4,4,4,0,4,4,4,1,0,3,2,4,1,0,0,0,4,4,4,2,4,3,2,0,4,4,3,3,0,3,1,4,2,3,4,4,3,3,4,1,3,3,3,2,4,3,2,4,0,2,0,3,4,3,4,0,3,4,2,1,2,1,1,4,0,2,3,1,3,1,3,4,2,0,0,3,1,0,4,1,0,4,2,0,1,4,0,2,1,2,1,1,3,0,1,0,2,4,4,4,3,0,3,4,4,0,4,3,2,3,4,3,2,1,4,1,2,1,2,0,4,2,3,0,2,0,4,2,3,3,2,2,1,2,4,4,2,4,4,0,0,2,4,4,0,0,4,4,2,4,3,0,4,2,0,3,2,3,2,1,0,3,4,1,2,3,2,4,4,2,0,3,4,0,4,3,3,1,1,1,0,4,3,2,2,2,0,1,4,0,4,3,0,1,4,3,0,2,2,0,4,2,1,0,4,4,2,2,2,3,2,2,2,4,0,1,4,4,4,2,2,1,3,4,1,0,2,1,0,2,0,2,2,1,2,1,2,2,1,3,0,0,4,0,1,2,2,3,2,2,2,3,4,0,3,0,1,4,3,4,1,2,2,4,1,0,4,4,4,4,1,2,0,2,2,4,2,2,0,3,2,2,2,2,2,4,0,2,1,2,4,4,4,2,4,4,4,2,4,0,3,3,4,2,2,4,4,4,2,2,4,2,3,4,3,2,1,2,4,2,0,1,2,1,2,2,0,2,2,2,4,2,2,3,4,3,0,4,0,1,3,4,2,1,1,2,0,2,4,4,0,4,0,4,1,4,3,2,4,0,2,2,4,0,1,3,0,2,4,3,4,4,2,1,0,2,2,2,2,3,3,3,1,4,2,2,2,4,2,2,4,4,2,0,1,1,4,4,1,4,3,0,4,1,2,2,1,4,2,2,3,4,1,4,2,4,1,4,2,4,3,1,1,4,0,1,4,2,2,4,2,3,2,2,4,1,0,3,0,1,0,0,2,4,2,4,3,2,2,4,4,3,0,2,2,0,0,4,1,2,2,4,3,4,2,1,4,2,4,2,2,4,2,4,2,3,2,2,2,2,2,1,1,3,4,4,2,4,3,2,0,2,2,4,4,3,2,2,1,4,3,4,2,2,2,2,1,2,1,4,1,1,2,2,1,4,0,3,1,1,2,4,0,2,4,1,4,4,4,4,4,3,0,3,1,3,2,4,4,3,4,4,0,1,4,0,2,1,1,2,0,0,3,0,0,1,4,4,0,0,4,1,3,4,2,1,2,2,4,2,4,4,3,0,4,4,3,0,4,3,3,2,4,2,0,4,0,3,3,0,4,2,0,2,3,2,3,4,3,1,4,3,1,3,1,0,2,2,2,2,2,0,3,1,3,2,2,2,1,1,4,1,0,0,2,1,4,2,2,1,0,4,2,1,3,3,4,3,2,1,1,3,3,3,2,2,1,2,4,4,4,4,3,4,1,4,4,1,3,4,1,1,3,0,4,2,3,4,0,3,3,4,4,0,3,3,4,3,1,1,4,4,4,3,1,1,3,4,2,1,2,4,2,4,3,3,4,1,3,4,3,1,4,4,1,2,2,4,4,2,0,2,4,2,2,3,2,1,1,3,1,3,2,0,2,2,2,4,3,4,2,2,2,2,4,1,3,2,0,4,4,3,4,4,2,3,3,0,2,1,4,0,0,3,1,1,0,3,0,4,2,2,4,3,4,4,2,2,4,0,2,0,4,2,2,3,4,4,2,1,4,4,0,2,2,4,4,1,0,2,1,2,3,3,1,2,4,0,2,0,2,2,1,3,0,3,4,4,2,2,4,4,1,4,2,4,2,2,4,3,3,3,1,2,2,3,1,4,1,2,2,4,4,2,1,2,3,2,0,2,2,1,2,0,4,3,2,1,2,2,2,4,0,4,1,4,1,4,3,2,4,4,0,4,2,4,2,4,4,3,2,4,4,2,3,1,0,3,4,0,4,1,2,4,3,0,1,4,2,4,1,2,1,2,1,0,4,2,3,4,0,4,2,1,4,2,1,3,3,4,1,0,0,1,2,0,1,0,4,4,0,2,4,4,4,1,0,2,1,4,1,2,3,3,2,2,2,1,2,0,2,1,4,0,2,0,4,3,0,4,4,2,4,4,1,3,4,2,4,4,2,4,4,0,0,1,2,2,0,0,0,1,4,2,4,3,1,0,2,2,2,0,1,3,4,4,3,1,0,3,4,4,0,2,1,2,0,4,4,4,0,4,4,3,4,2,2,4,3,2,2,1,2,2,2,2,4,4,2,2,4,4,3,2,2,2,2,2,2,4]",ok,
169,kmeans,7,0.15,0.2628895532671264,-0.1645961835728093,14,"fused_4_veryhigh, fused_5_low, fused_1_high, fused_5_verylow, fused_3_medium, fused_1_medium, fused_3_high, fused_3_verylow, fused_2_medium, fused_3_low, fused_1_veryhigh, fused_2_high, fused_2_low+fused_4_megahigh, fused_5_medium","[367, 456, 308, 314, 354]",0.3,0.6,0.2,5.0,"{""fused_1"":0.4922548593103964,""fused_2"":0.0966881946872009,""fused_3"":0.36155744573048343,""fused_4"":0.44619813694283317,""fused_5"":0.37779057507198843}","{""fused_4_veryhigh"":0.7997379668192045,""fused_5_low"":0.8208825527084784,""fused_1_high"":0.8924304937089498,""fused_5_verylow"":0.8100074704726657,""fused_3_medium"":0.8701287303096974,""fused_1_medium"":0.8776189560804053,""fused_3_high"":0.8281474911279116,""fused_3_verylow"":0.7770481468267464,""fused_2_medium"":0.6317443761265022,""fused_3_low"":0.8125078924822113,""fused_1_veryhigh"":0.8408926842391129,""fused_2_high"":0.6392543785840565,""fused_2_low+fused_4_megahigh"":0.6400479120779339,""fused_5_medium"":0.8584216268027361}","{""fused_1"":0.17619343646234562,""fused_2"":0.26466338712624815,""fused_3"":0.19032371299103032,""fused_4"":0.18057403013397458,""fused_5"":0.18824543328640128}","{""fused_4_veryhigh"":0.07112586901832779,""fused_5_low"":0.07066335575428652,""fused_1_high"":0.06920236134917238,""fused_5_verylow"":0.07089935073940198,""fused_3_medium"":0.06964158343287445,""fused_1_medium"":0.06949251274857443,""fused_3_high"":0.07050786943035589,""fused_3_verylow"":0.07163949767131335,""fused_2_medium"":0.07544477507475471,""fused_3_low"":0.0708447410392512,""fused_1_veryhigh"":0.07023916995372707,""fused_2_high"":0.07522220959889862,""fused_2_low+fused_4_megahigh"":0.0751988835658658,""fused_5_medium"":0.06987782062319561}","{""fused_1"":0.8809671823117281,""fused_2"":1.3233169356312406,""fused_3"":0.9516185649551516,""fused_4"":0.9028701506698729,""fused_5"":0.9412271664320064}","{""fused_4_veryhigh"":0.9957621662565891,""fused_5_low"":0.9892869805600113,""fused_1_high"":0.9688330588884133,""fused_5_verylow"":0.9925909103516277,""fused_3_medium"":0.9749821680602423,""fused_1_medium"":0.972895178480042,""fused_3_high"":0.9871101720249824,""fused_3_verylow"":1.0029529673983868,""fused_2_medium"":1.056226851046566,""fused_3_low"":0.9918263745495168,""fused_1_veryhigh"":0.983348379352179,""fused_2_high"":1.0531109343845808,""fused_2_low+fused_4_megahigh"":1.0527843699221213,""fused_5_medium"":0.9782894887247386}",0.1435438330290324,0.0389105058365758,"[1,1,1,1,0,3,1,4,1,0,4,3,4,2,2,2,3,2,1,1,2,2,1,1,2,1,3,0,3,0,1,3,1,2,1,0,2,0,2,0,0,0,3,3,2,1,1,1,0,4,0,4,3,0,3,1,0,2,0,0,2,1,1,0,0,2,0,0,1,1,2,0,1,0,1,1,2,3,3,1,3,2,3,1,1,1,1,1,3,1,0,3,1,2,3,0,4,0,0,2,3,4,3,0,1,4,1,2,3,1,3,4,3,3,2,2,0,2,1,1,2,3,0,3,0,2,2,4,2,2,1,2,1,0,2,1,2,2,2,1,3,2,4,1,1,1,2,3,2,3,0,1,2,1,1,1,3,1,3,1,1,4,0,3,1,1,3,0,1,1,3,2,1,0,3,1,1,4,4,1,2,1,2,1,4,0,3,3,0,3,1,1,2,0,0,0,1,1,0,1,2,3,0,0,4,1,3,4,0,1,0,2,1,1,2,0,3,3,2,1,1,0,1,2,1,0,1,3,0,2,1,0,3,0,0,3,0,0,0,0,3,1,1,0,1,0,2,1,0,4,4,2,0,1,1,2,0,0,2,1,0,0,1,1,3,2,0,2,0,0,3,1,1,0,4,1,2,2,1,0,0,2,0,1,0,1,2,0,2,4,1,3,2,0,2,1,1,3,2,1,0,1,1,1,3,3,0,3,3,3,4,1,3,2,2,0,3,1,1,2,2,2,4,2,0,1,3,2,3,2,1,4,1,2,3,1,0,1,3,3,3,0,2,2,0,1,0,0,0,0,0,1,0,1,3,2,0,0,2,0,1,2,1,1,0,0,3,1,0,0,2,0,1,3,0,3,2,3,0,1,2,3,1,2,3,1,0,1,3,0,1,2,4,2,0,1,0,3,3,1,2,2,3,1,0,0,2,4,2,0,3,0,1,3,1,4,2,1,3,1,0,4,3,1,0,1,1,2,1,1,0,3,4,4,1,2,1,1,2,0,2,0,4,2,4,3,0,1,0,0,4,2,4,0,3,4,3,0,1,1,3,2,2,3,1,2,3,2,0,2,2,2,3,1,3,4,0,1,0,1,1,0,2,2,3,2,4,4,1,1,0,0,1,1,1,3,3,4,0,4,2,1,2,0,2,2,1,0,3,0,2,3,2,0,2,2,3,1,0,0,1,0,2,0,3,1,0,3,1,0,0,1,0,1,0,2,3,0,3,1,1,3,4,1,2,4,1,3,1,1,2,4,3,1,0,1,4,1,3,1,2,0,3,3,3,0,1,2,2,0,0,1,4,1,0,4,2,0,3,1,2,4,0,4,3,2,2,2,3,3,2,1,0,0,2,1,1,1,2,3,1,2,1,1,1,2,2,2,3,1,1,2,2,4,2,0,1,4,0,0,3,2,0,1,1,1,2,3,3,4,0,3,2,3,0,0,3,0,1,4,2,0,1,3,3,0,1,2,1,2,2,1,3,3,0,3,0,1,1,1,4,0,1,2,1,0,2,0,1,1,4,2,3,1,0,4,4,4,0,4,1,1,4,2,1,2,1,0,1,2,1,1,0,2,1,1,4,1,0,1,0,3,1,4,1,1,1,1,2,4,2,3,0,2,3,2,4,1,4,3,2,1,1,1,2,4,1,2,0,4,2,0,2,4,4,3,2,2,2,4,1,1,3,2,1,1,4,3,4,4,4,0,4,4,0,2,4,1,3,4,2,4,3,4,2,3,0,3,3,0,0,3,2,1,3,1,1,2,1,4,1,1,1,2,2,1,3,3,4,3,3,4,2,3,0,2,0,2,1,1,3,4,1,3,1,1,3,1,0,0,0,1,4,3,1,4,3,2,4,2,0,1,0,1,2,0,1,4,1,4,0,1,1,2,4,0,1,1,0,1,0,4,2,2,0,3,2,0,1,2,1,4,2,0,3,2,4,3,4,1,3,1,2,1,2,4,3,0,3,1,2,0,3,0,2,3,0,4,1,3,0,4,1,3,0,4,0,4,2,3,4,0,2,4,2,0,4,3,1,4,4,3,4,1,3,4,3,3,2,2,3,1,3,2,2,1,0,4,0,3,2,1,4,2,0,4,1,4,0,2,0,3,1,4,1,4,1,3,4,2,3,0,2,1,3,0,0,1,0,2,3,3,4,4,4,2,0,1,2,3,0,2,0,3,0,2,4,4,2,0,4,1,2,1,3,4,4,4,0,4,4,4,1,2,1,0,3,3,4,4,0,1,3,0,2,3,0,2,4,2,3,4,3,4,0,4,4,1,1,2,2,0,2,0,4,4,1,4,4,4,1,3,2,0,2,1,0,1,3,3,4,4,0,0,2,1,1,3,0,3,4,1,4,4,3,4,4,2,3,4,4,4,4,4,0,2,4,0,4,3,1,3,4,3,3,4,4,0,2,1,1,1,4,4,3,0,1,4,4,3,4,1,3,1,3,3,4,0,4,2,0,4,0,4,4,2,4,4,4,3,4,4,0,1,0,2,3,2,1,2,0,4,0,1,4,2,4,3,0,2,1,2,1,3,1,0,4,1,2,4,4,1,2,0,0,2,4,3,0,3,1,3,3,2,4,3,3,4,1,3,3,3,3,4,4,4,0,4,4,3,3,4,2,0,0,4,3,1,1,0,2,1,3,4,4,1,3,4,4,1,0,3,3,4,0,1,1,4,0,1,1,0,1,2,1,1,4,4,3,4,1,4,4,1,0,2,0,2,0,2,2,4,1,3,3,0,4,4,1,0,1,2,4,4,2,2,3,1,4,4,3,1,3,4,0,3,4,0,4,4,1,4,0,4,0,3,4,4,4,4,1,0,0,3,3,4,0,1,4,2,4,4,0,1,1,3,4,0,1,0,0,4,4,4,4,0,4,0,1,1,0,4,4,1,0,2,3,1,0,4,1,2,4,1,3,1,1,0,1,1,0,2,1,1,1,4,1,0,1,0,0,2,0,0,2,4,0,0,4,2,2,1,2,2,0,1,1,2,2,0,3,3,3,4,0,3,4,1,4,1,3,0,2,1,3,2,2,1,1,1,4,3,4,2,1,2,0,3,2,3,4,2,4,1,4,1,1,0,1,1,1,0,3,1,2,4,4,4,4,4,2,1,0,3,4,3,4,0,1,1,0,2,2,4,0,0,4,4,0,2,1,4,0,3,1,4,3,4,1,0,1,3,1,4,4,0,3,0,3,3,1,1,3,0,1,3,1,1,3,0,1,0,2,0,4,1,1,2,1,0,1,3,2,1,1,0,1,0,0,1,3,3,0,0,3,0,3,4,1,4,3,4,1,3,0,3,1,1,3,1,3,1,3,0,4,4,3,3,4,2,4,1,4,4,1,4,1,1,1,1,0,4,2,4,4,4,0,3,3,4,4,4,4,1,0,0,4,2,3,1,1,1,1,4,3,1,2,4,0,3,2,2,1,0,0,2,0,2,3,4,4,0,1,3,1,4,4,1,2,4,2,1,4,4,0,3,1,4,0,1,1,2,3,4,3,3,1,2,4,1,4,1,0,0,4,3,2,4,2,4,4,3,1,2,0,3,3,4,4,1,0,0,3,4,3,4,4,3,1,1,0,3,4,4,1,1,3,1,4,4,1,1,4,3,4,1,4,2,4,3,0,4,2,1,1,4,3,4,4,4,1,2,1,0,1,0,1,1,4,1,3,2,3,4,0,4,3,1,0,4,0,4,4,1,0,2,1,3,2,3,1,4,0,3,2,0,1,4,3,0,4,1,4,3,2,1,4,0,1,2,1,4,0,3,4,3,1,0,0,0,2,2,1,4,2,0,2,1,3,2,4,0,3,0,1,2,4,0,0,0,4,1,1,4,4,4,1,4,2,4,0,0,2,4,2,1,3,2,1,3,4,3,3,0,0,3,4,3,0,4,1,3,1,2,0,4,4,2,2,2,1,1,4,1,0,1,2,4,3,4,2,0,1,1,1,3,0,2,0,3,3,2,4,3,4,2,0,3,1,2,3,0,0,0,4,3,0,0,4,4,0,4,4,4,4,1,1,4,4,1,0,0,4,3,4,4,4,4,0]",ok,
170,kmeans,7,0.1,0.2615287499988954,-0.1659569868410403,21,"fused_3_medium, fused_1_medium, fused_3_low, fused_2_low+fused_4_megahigh, fused_5_medium, fused_4_veryhigh+fused_5_verylow, fused_3_verylow+fused_4_veryhigh, fused_4_veryhigh+fused_5_low, fused_1_low, fused_4_megahigh+fused_5_low, fused_3_high+fused_4_megahigh, fused_2_medium+fused_4_veryhigh, fused_2_high+fused_4_veryhigh, fused_5_megahigh, fused_5_high, fused_1_high+fused_4_veryhigh, fused_1_megahigh, fused_2_veryhigh, fused_2_low+fused_5_verylow, fused_1_veryhigh+fused_4_veryhigh, fused_2_high+fused_3_verylow","[273, 168, 947, 219, 192]",0.5,0.5,0.6,2.0,"{""fused_1"":0.43493195833569676,""fused_2"":0.131773710647711,""fused_3"":0.6201440829428944,""fused_4"":0.4669930153653531,""fused_5"":0.5532293653693168}","{""fused_3_medium"":0.47274694191439853,""fused_1_medium"":0.43595482999496404,""fused_3_low"":0.4572834402723295,""fused_2_low+fused_4_megahigh"":0.3699945022406072,""fused_5_medium"":0.475303188455505,""fused_4_veryhigh+fused_5_verylow"":0.4396929120079053,""fused_3_verylow+fused_4_veryhigh"":0.36916046811926184,""fused_4_veryhigh+fused_5_low"":0.4063964450981567,""fused_1_low"":0.4257970734383011,""fused_4_megahigh+fused_5_low"":0.3823659904214669,""fused_3_high+fused_4_megahigh"":0.3647378677707738,""fused_2_medium+fused_4_veryhigh"":0.30999731135770914,""fused_2_high+fused_4_veryhigh"":0.3082111338550589,""fused_5_megahigh"":0.35687007587497555,""fused_5_high"":0.42693538552344606,""fused_1_high+fused_4_veryhigh"":0.447574317670163,""fused_1_megahigh"":0.37789263879119706,""fused_2_veryhigh"":0.3127310513569418,""fused_2_low+fused_5_verylow"":0.3620993767627324,""fused_1_veryhigh+fused_4_veryhigh"":0.4070958032958952,""fused_2_high+fused_3_verylow"":0.3127861434474532}","{""fused_1"":0.1488216469489962,""fused_2"":0.4912003314782192,""fused_3"":0.1043745995980598,""fused_4"":0.13860440781888578,""fused_5"":0.11699901415583912}","{""fused_3_medium"":0.03869913477802397,""fused_1_medium"":0.04196512198581516,""fused_3_low"":0.04000778512807872,""fused_2_low+fused_4_megahigh"":0.04944640396074538,""fused_5_medium"":0.03849100545799648,""fused_4_veryhigh+fused_5_verylow"":0.04160835237825042,""fused_3_verylow+fused_4_veryhigh"":0.04955811686513948,""fused_4_veryhigh+fused_5_low"":0.04501736627303721,""fused_1_low"":0.042966236177513197,""fused_4_megahigh+fused_5_low"":0.047846560832667764,""fused_3_high+fused_4_megahigh"":0.05015902991608685,""fused_2_medium+fused_4_veryhigh"":0.05901631062836317,""fused_2_high+fused_4_veryhigh"":0.05935832814413329,""fused_5_megahigh"":0.05126486880747417,""fused_5_high"":0.0428516778917574,""fused_1_high+fused_4_veryhigh"":0.04087566443999202,""fused_1_megahigh"":0.04841295051304966,""fused_2_veryhigh"":0.05850041926333286,""fused_2_low+fused_5_verylow"":0.05052452115384834,""fused_1_veryhigh+fused_4_veryhigh"":0.04494003001977998,""fused_2_high+fused_3_verylow"":0.05849011538491456}","{""fused_1"":0.744108234744981,""fused_2"":2.456001657391096,""fused_3"":0.521872997990299,""fused_4"":0.6930220390944288,""fused_5"":0.5849950707791955}","{""fused_3_medium"":0.8126818303385033,""fused_1_medium"":0.8812675617021184,""fused_3_low"":0.8401634876896531,""fused_2_low+fused_4_megahigh"":1.038374483175653,""fused_5_medium"":0.8083111146179262,""fused_4_veryhigh+fused_5_verylow"":0.8737753999432588,""fused_3_verylow+fused_4_veryhigh"":1.0407204541679291,""fused_4_veryhigh+fused_5_low"":0.9453646917337813,""fused_1_low"":0.9022909597277772,""fused_4_megahigh+fused_5_low"":1.0047777774860231,""fused_3_high+fused_4_megahigh"":1.053339628237824,""fused_2_medium+fused_4_veryhigh"":1.2393425231956265,""fused_2_high+fused_4_veryhigh"":1.2465248910267992,""fused_5_megahigh"":1.0765622449569576,""fused_5_high"":0.8998852357269055,""fused_1_high+fused_4_veryhigh"":0.8583889532398324,""fused_1_megahigh"":1.0166719607740429,""fused_2_veryhigh"":1.2285088045299901,""fused_2_low+fused_5_verylow"":1.0610149442308152,""fused_1_veryhigh+fused_4_veryhigh"":0.9437406304153796,""fused_2_high+fused_3_verylow"":1.2282924230832057}",0.179606167338494,0.065591995553085,"[2,2,2,2,2,0,2,4,2,2,4,0,4,2,2,2,0,2,2,2,2,2,2,2,2,2,0,3,2,2,2,0,2,2,2,2,2,3,2,2,2,2,0,0,2,2,2,2,3,4,3,1,0,3,0,2,2,2,2,3,2,2,2,2,3,2,3,3,2,2,2,2,2,3,2,2,2,0,0,2,0,2,0,2,2,2,2,2,0,2,2,4,2,2,0,3,4,2,3,2,0,4,0,3,2,4,2,2,0,2,2,4,0,0,2,2,3,2,2,2,2,0,3,0,2,2,2,1,2,2,2,2,2,2,2,2,2,2,2,2,0,2,1,2,2,2,2,0,2,0,2,2,2,2,2,2,0,2,0,2,2,1,2,0,2,2,0,3,2,2,2,2,2,3,0,2,2,4,4,2,2,2,2,2,4,3,2,2,2,0,2,2,2,2,3,2,2,2,3,2,2,0,2,2,4,2,0,1,3,2,2,2,2,2,2,3,0,0,2,2,2,2,2,2,2,3,2,2,3,2,2,3,0,3,3,0,2,3,3,3,0,2,2,2,2,2,2,2,3,1,4,2,3,2,2,2,3,2,2,2,3,3,2,2,0,2,2,2,2,3,0,2,2,2,1,2,2,2,2,3,3,2,3,2,3,2,2,3,2,1,2,2,2,2,2,2,2,0,2,2,3,2,2,2,0,0,3,0,3,0,4,2,2,2,2,3,0,2,2,2,2,2,4,2,2,2,0,2,0,2,2,1,2,2,0,4,3,2,0,0,0,2,2,2,2,2,2,2,2,3,2,2,3,2,0,2,3,3,2,2,2,2,2,2,3,2,0,2,3,2,2,2,2,0,3,2,2,0,3,2,2,0,2,2,0,2,2,2,0,3,2,2,4,2,2,2,3,0,0,2,2,2,0,2,3,2,2,1,2,3,0,3,2,0,2,4,2,2,0,2,3,4,0,2,3,2,2,2,2,2,3,0,4,4,2,2,2,2,2,2,2,2,4,2,1,0,3,2,3,3,1,2,1,3,0,4,0,3,2,2,0,2,2,0,2,2,0,2,2,2,2,2,0,2,0,1,3,2,3,2,2,2,2,2,0,2,4,4,2,2,3,2,2,2,2,0,0,4,3,1,2,2,2,3,2,2,2,3,0,3,2,0,2,2,2,2,0,2,2,3,2,2,2,3,0,2,2,0,2,3,3,2,3,2,3,2,0,2,2,2,2,0,4,2,2,4,2,0,2,2,2,4,0,2,2,2,4,2,0,2,2,2,0,0,0,2,2,2,2,2,3,2,4,2,2,4,2,3,0,2,2,4,2,1,0,2,2,2,0,0,2,2,3,3,2,2,2,2,2,0,2,2,2,2,2,2,2,2,0,2,2,2,2,4,2,3,2,1,3,3,2,2,3,2,2,2,2,0,0,1,3,0,2,0,2,3,0,2,2,4,2,2,2,0,0,2,2,2,2,2,2,2,0,0,2,0,3,2,2,2,4,3,2,2,2,3,2,2,2,2,1,2,0,2,2,4,4,4,2,4,2,2,4,2,2,2,2,3,2,2,2,2,2,2,2,2,4,2,2,2,2,0,2,1,2,2,2,2,2,4,2,0,3,2,0,2,1,2,4,2,2,2,2,2,2,1,2,2,3,4,2,3,2,4,4,0,2,2,2,1,2,2,0,2,2,2,1,0,1,1,4,3,4,1,2,2,1,2,0,4,2,1,0,1,2,0,2,0,2,3,3,2,2,2,0,2,2,2,2,1,2,2,2,2,2,2,0,0,4,0,2,1,2,0,3,2,2,2,2,2,0,4,2,0,2,2,0,2,2,2,2,2,4,0,2,1,0,2,4,2,2,2,2,2,2,2,2,4,2,1,3,2,2,2,1,2,2,2,2,2,3,4,2,2,2,2,2,3,2,2,2,1,2,3,0,2,4,0,4,2,0,2,2,2,2,1,0,3,0,2,2,2,0,3,2,0,2,4,2,0,2,1,2,0,3,1,2,4,2,0,4,2,2,4,2,3,1,0,2,1,4,0,1,2,0,4,0,0,2,2,2,2,0,2,2,2,3,1,3,2,2,2,4,2,2,1,2,4,3,2,2,0,2,4,2,4,2,0,4,2,0,3,2,2,0,2,3,2,3,2,0,0,4,4,4,2,3,2,2,0,2,2,3,0,2,2,4,4,2,2,4,2,2,2,0,1,1,1,2,1,4,1,2,2,2,3,0,0,4,1,3,2,0,2,2,0,3,2,4,2,2,1,0,4,3,4,4,2,2,2,2,3,2,3,4,1,2,4,1,1,2,0,2,2,2,2,3,2,0,0,1,1,3,3,2,2,2,0,3,0,1,2,1,1,0,4,4,2,0,4,1,1,4,4,3,2,1,3,1,0,2,0,1,0,0,4,4,3,2,2,2,2,4,1,0,3,2,1,1,0,4,2,0,2,0,0,4,3,1,2,3,4,3,1,1,2,4,1,1,0,1,1,2,2,2,2,0,2,2,2,3,1,3,2,4,2,4,0,2,2,2,2,2,0,2,2,4,2,2,1,4,2,2,3,2,2,1,0,2,0,2,4,0,2,1,0,0,4,2,0,2,0,0,1,1,1,3,1,4,0,0,1,2,3,3,4,0,2,2,2,2,2,2,1,1,2,0,4,4,2,3,0,0,4,3,2,2,1,3,2,2,3,2,2,2,2,1,4,0,4,2,1,1,2,3,2,2,2,3,2,2,1,2,2,0,2,1,1,2,3,2,2,4,1,2,2,0,2,4,1,0,2,0,1,3,0,1,3,4,4,2,1,3,1,2,2,4,1,1,1,2,3,2,0,0,1,3,2,1,2,1,1,3,2,2,2,1,3,2,2,3,4,4,4,1,2,1,3,2,2,2,4,4,2,3,2,0,2,2,1,2,2,1,2,0,2,2,3,2,4,2,2,2,2,2,1,2,3,2,3,3,2,3,3,2,4,3,2,4,2,2,2,2,2,2,2,2,2,2,3,0,0,0,4,3,0,4,2,1,4,0,2,2,2,0,2,2,2,2,2,4,0,4,2,2,2,2,2,2,0,1,2,4,2,1,2,2,2,2,2,2,3,0,2,2,4,1,1,4,4,2,2,2,2,1,2,4,3,2,2,3,2,2,1,3,3,1,1,3,2,2,4,3,2,2,4,0,4,2,3,2,0,2,1,4,3,2,3,0,0,2,2,0,3,2,0,2,2,2,3,2,2,2,3,1,2,2,2,2,2,2,0,2,2,2,2,2,3,3,2,0,0,2,2,0,2,0,4,2,1,0,4,2,0,2,0,2,2,0,2,0,2,0,3,4,1,0,0,4,2,4,2,1,4,2,4,2,2,2,2,2,4,2,1,4,1,3,0,0,4,1,1,4,2,2,2,4,2,0,2,2,2,2,1,2,2,2,4,3,0,2,2,2,3,3,2,2,2,0,1,1,3,2,0,2,1,1,2,2,4,2,2,1,1,2,0,2,1,3,2,2,2,2,1,0,0,2,2,4,2,1,2,2,2,1,0,2,1,2,1,4,3,2,2,2,0,0,4,4,2,3,3,0,1,0,4,4,0,2,2,2,0,1,4,2,2,0,2,1,1,2,2,4,0,4,2,4,2,1,0,3,4,2,2,2,4,0,4,4,1,2,2,2,3,2,2,2,2,4,2,0,2,0,4,2,4,2,2,2,1,3,4,4,2,3,2,2,0,2,0,2,4,3,0,2,3,2,1,0,3,4,2,1,0,2,2,4,2,2,2,2,1,3,0,1,0,2,2,3,2,2,2,2,4,2,2,2,2,0,2,1,3,0,3,2,2,4,3,3,3,4,2,2,1,4,4,2,1,2,1,3,3,2,4,2,2,2,2,2,0,1,0,0,3,2,0,1,0,3,1,2,0,2,2,3,1,4,2,2,2,2,2,4,2,2,2,2,1,0,4,2,3,2,2,2,2,3,2,2,0,4,2,4,0,4,2,3,0,2,2,0,3,2,3,4,0,3,2,1,4,3,1,4,4,4,2,2,4,1,2,3,2,1,2,4,1,1,4,3]",ok,
