job_index,strategy,n_bins,min_support,silhouette_score,n_selected_features,selected_features,init,cluster_sizes,silhouette_sample_std,silhouette_negative_fraction,cluster_assignments,status,error_message
0,uniform,3,1.0,0.42748573683993574,0,,,[],,,,baseline_no_features,
1,uniform,3,0.95,0.42748573683993574,0,,,[],,,,baseline_no_features,
2,uniform,3,0.9,0.42748573683993574,0,,,[],,,,baseline_no_features,
3,uniform,3,0.85,0.42748573683993574,0,,,[],,,,baseline_no_features,
4,uniform,3,0.8,0.4197965353866135,1,fused_4_high,huang,"[190, 605, 587, 164, 253]",0.19055241406102966,0.04113396331295164,"[4,1,4,4,2,2,4,0,4,2,0,2,0,1,1,1,2,1,4,4,1,1,4,4,1,4,2,2,2,1,4,2,4,1,4,2,1,2,1,1,1,1,2,2,1,4,4,4,2,0,2,3,2,2,2,1,1,1,2,2,1,4,4,1,2,1,2,2,4,4,1,1,4,2,4,4,1,2,2,4,2,1,2,1,1,4,4,4,2,4,1,2,4,1,2,2,0,1,2,1,2,0,2,2,1,0,1,1,2,4,2,2,2,2,1,1,1,2,1,4,1,2,2,2,1,1,1,3,1,1,4,1,1,2,1,1,1,1,1,4,2,1,3,4,4,4,1,2,1,2,2,1,1,4,4,4,2,4,2,1,4,3,1,2,1,4,2,2,1,1,2,1,4,2,2,4,1,0,0,1,1,4,1,4,0,2,2,2,1,2,4,4,1,2,2,2,4,4,2,1,1,2,1,1,0,1,2,3,2,4,2,1,1,4,1,2,2,2,1,4,1,1,4,1,4,2,4,2,1,1,4,2,2,2,2,2,1,2,2,2,2,1,4,2,4,1,1,1,2,0,0,1,2,4,4,1,2,1,1,4,2,2,4,4,2,1,1,1,2,2,2,4,1,2,3,4,1,1,4,2,2,1,2,1,2,4,1,2,1,3,1,2,1,1,1,1,4,2,1,4,2,1,1,4,2,2,2,2,2,2,0,4,2,1,1,2,2,4,1,1,1,1,0,1,2,4,2,4,2,1,1,0,1,1,2,2,2,4,2,2,2,1,1,1,1,1,1,2,2,2,1,1,1,1,2,1,2,2,1,2,1,1,4,1,2,2,2,1,2,1,1,2,4,2,2,2,1,2,2,4,1,2,4,1,2,4,2,1,2,1,4,1,0,1,2,4,2,2,2,1,1,1,2,1,2,2,1,3,1,2,2,2,1,2,4,0,1,4,2,4,2,0,2,4,1,4,1,1,1,1,2,2,0,0,4,1,4,1,1,2,1,2,0,1,3,2,2,4,2,1,3,1,3,2,2,0,2,1,1,1,2,1,2,2,4,1,2,1,1,1,1,1,2,4,2,3,1,4,2,4,4,1,1,1,2,1,0,0,4,4,2,2,4,4,4,2,2,0,2,3,1,1,1,2,1,1,2,2,2,2,1,2,1,1,1,1,2,4,1,2,4,1,1,2,2,4,1,2,1,2,2,4,2,4,2,1,2,1,2,1,4,2,0,2,1,0,1,2,4,4,1,0,2,4,2,4,0,4,2,4,1,1,2,2,2,1,4,1,1,2,2,1,3,4,2,0,1,2,2,4,1,0,1,3,2,1,1,1,2,2,1,4,2,1,1,4,1,1,1,2,4,1,1,4,1,1,1,1,2,4,4,1,1,0,1,2,4,3,2,2,2,1,2,1,4,4,1,2,2,3,1,2,1,2,1,2,2,1,4,0,1,2,1,2,2,1,4,1,1,1,2,4,2,2,2,2,2,4,1,1,0,2,4,1,2,2,1,1,4,4,3,1,2,4,1,0,0,0,2,0,4,1,0,1,4,1,1,2,1,1,1,1,1,1,1,4,0,4,1,1,2,2,1,3,4,4,1,1,1,0,1,2,2,1,2,1,3,4,2,2,1,4,4,1,1,3,1,1,1,0,1,2,1,0,0,2,1,1,1,3,4,1,2,1,1,4,3,2,3,3,2,2,2,3,2,1,3,4,2,0,1,3,2,3,1,2,2,2,0,2,2,2,1,4,2,1,1,1,1,3,1,1,2,1,1,4,2,2,0,2,2,3,1,2,2,1,1,1,4,1,2,0,4,2,1,4,2,1,1,2,2,4,0,2,4,3,2,1,0,1,1,4,1,1,1,1,1,0,1,3,2,1,4,1,3,2,1,4,2,4,2,0,1,1,1,0,1,2,1,1,1,3,1,2,2,1,0,2,0,1,2,4,1,1,1,3,2,2,2,4,1,2,2,2,1,2,2,0,4,2,2,3,1,2,2,3,1,0,1,2,0,2,1,0,1,2,3,2,1,3,0,2,3,1,2,0,2,2,1,1,0,1,2,1,1,1,2,0,2,2,1,4,0,1,1,3,4,0,2,1,1,2,1,0,4,0,1,2,0,1,2,1,1,4,2,1,2,1,2,1,2,2,0,2,2,1,2,1,1,2,1,1,2,2,2,1,0,0,1,2,0,1,1,2,2,3,3,3,2,3,0,3,4,1,1,2,2,2,0,3,2,4,2,2,1,2,2,1,0,1,0,3,2,0,2,2,0,1,1,1,1,2,1,2,0,3,4,0,3,3,4,2,1,1,1,1,2,4,2,2,3,3,2,2,1,4,1,2,2,2,3,2,3,3,2,2,0,1,2,0,3,3,0,0,2,1,3,2,3,2,4,2,3,2,2,2,0,2,1,4,4,1,0,3,2,1,1,3,3,2,0,4,2,4,2,2,0,2,3,1,2,0,2,3,3,1,0,3,3,2,3,3,1,4,1,1,2,1,1,2,2,3,2,1,0,1,0,2,2,1,4,1,1,2,1,1,0,4,1,3,0,4,1,2,1,1,3,2,1,2,1,0,2,1,3,0,0,0,4,2,2,2,2,3,3,3,2,3,0,2,2,3,1,2,2,2,2,1,4,2,1,1,0,3,3,1,2,3,0,4,2,2,2,0,2,1,1,3,1,4,1,2,4,1,1,4,3,0,2,0,1,3,3,4,2,1,1,1,2,1,1,3,4,2,2,1,3,3,1,2,4,1,0,0,1,1,2,1,0,3,2,4,2,3,1,2,3,2,0,0,4,3,2,3,1,0,0,3,3,3,1,2,2,2,2,3,2,4,3,1,3,3,2,1,1,2,3,2,1,1,2,0,0,0,3,1,3,2,2,1,1,0,0,1,2,1,2,1,2,3,1,2,3,4,2,1,2,2,1,2,1,1,4,1,4,3,1,1,4,2,2,1,2,2,1,0,2,1,0,1,1,4,1,1,2,4,1,1,1,2,2,2,2,0,2,0,0,4,3,2,2,2,1,4,2,1,1,1,4,4,0,2,0,1,4,1,1,2,1,2,3,1,0,4,3,4,1,1,1,4,4,2,2,1,1,0,3,3,0,0,1,4,1,2,3,2,0,2,1,4,2,1,1,3,1,2,3,3,2,1,4,0,2,2,4,2,2,0,1,2,4,2,4,3,0,2,0,2,2,2,4,4,2,2,1,2,1,1,2,2,1,1,2,2,3,4,4,1,1,1,1,2,1,4,4,2,4,2,2,1,2,2,1,1,2,1,2,0,1,3,2,0,4,2,2,2,1,4,2,4,2,4,2,2,0,3,2,2,0,1,0,1,3,0,4,0,1,1,1,1,1,0,1,3,0,3,2,2,2,0,3,3,0,4,1,1,0,1,2,4,4,4,4,3,2,1,1,2,2,2,1,1,4,2,2,1,1,1,2,3,3,2,4,2,1,3,3,1,1,0,1,1,3,3,1,2,1,3,2,4,2,1,0,0,2,2,1,1,0,1,3,4,1,1,3,2,1,3,1,0,0,2,4,1,2,2,2,0,0,1,2,1,2,3,2,0,0,2,4,4,1,2,3,0,4,1,2,1,3,3,4,4,0,2,0,4,0,2,3,0,2,0,1,1,4,0,2,2,0,0,1,1,4,1,1,1,1,4,0,1,2,1,2,0,1,0,2,1,1,3,2,2,3,4,2,1,4,2,1,2,1,0,2,2,1,2,1,3,2,2,0,1,3,2,1,4,0,1,1,1,4,3,2,2,3,2,4,1,2,1,1,1,1,0,1,1,1,4,2,1,3,2,2,2,1,1,0,2,2,2,0,4,4,3,0,0,1,3,1,3,2,2,1,0,1,4,2,1,1,2,3,2,2,2,1,2,3,2,2,3,1,2,1,1,2,3,0,1,1,1,1,4,0,1,1,1,1,3,0,0,1,2,4,1,1,2,2,1,2,2,2,1,0,2,0,1,2,2,1,1,2,2,2,2,0,2,2,1,3,0,2,3,0,0,0,1,1,0,3,1,2,1,3,0,0,3,3,2,2]",ok,
5,uniform,3,0.75,0.4197965353866135,1,fused_4_high,huang,"[190, 605, 587, 164, 253]",0.19055241406102966,0.04113396331295164,"[4,1,4,4,2,2,4,0,4,2,0,2,0,1,1,1,2,1,4,4,1,1,4,4,1,4,2,2,2,1,4,2,4,1,4,2,1,2,1,1,1,1,2,2,1,4,4,4,2,0,2,3,2,2,2,1,1,1,2,2,1,4,4,1,2,1,2,2,4,4,1,1,4,2,4,4,1,2,2,4,2,1,2,1,1,4,4,4,2,4,1,2,4,1,2,2,0,1,2,1,2,0,2,2,1,0,1,1,2,4,2,2,2,2,1,1,1,2,1,4,1,2,2,2,1,1,1,3,1,1,4,1,1,2,1,1,1,1,1,4,2,1,3,4,4,4,1,2,1,2,2,1,1,4,4,4,2,4,2,1,4,3,1,2,1,4,2,2,1,1,2,1,4,2,2,4,1,0,0,1,1,4,1,4,0,2,2,2,1,2,4,4,1,2,2,2,4,4,2,1,1,2,1,1,0,1,2,3,2,4,2,1,1,4,1,2,2,2,1,4,1,1,4,1,4,2,4,2,1,1,4,2,2,2,2,2,1,2,2,2,2,1,4,2,4,1,1,1,2,0,0,1,2,4,4,1,2,1,1,4,2,2,4,4,2,1,1,1,2,2,2,4,1,2,3,4,1,1,4,2,2,1,2,1,2,4,1,2,1,3,1,2,1,1,1,1,4,2,1,4,2,1,1,4,2,2,2,2,2,2,0,4,2,1,1,2,2,4,1,1,1,1,0,1,2,4,2,4,2,1,1,0,1,1,2,2,2,4,2,2,2,1,1,1,1,1,1,2,2,2,1,1,1,1,2,1,2,2,1,2,1,1,4,1,2,2,2,1,2,1,1,2,4,2,2,2,1,2,2,4,1,2,4,1,2,4,2,1,2,1,4,1,0,1,2,4,2,2,2,1,1,1,2,1,2,2,1,3,1,2,2,2,1,2,4,0,1,4,2,4,2,0,2,4,1,4,1,1,1,1,2,2,0,0,4,1,4,1,1,2,1,2,0,1,3,2,2,4,2,1,3,1,3,2,2,0,2,1,1,1,2,1,2,2,4,1,2,1,1,1,1,1,2,4,2,3,1,4,2,4,4,1,1,1,2,1,0,0,4,4,2,2,4,4,4,2,2,0,2,3,1,1,1,2,1,1,2,2,2,2,1,2,1,1,1,1,2,4,1,2,4,1,1,2,2,4,1,2,1,2,2,4,2,4,2,1,2,1,2,1,4,2,0,2,1,0,1,2,4,4,1,0,2,4,2,4,0,4,2,4,1,1,2,2,2,1,4,1,1,2,2,1,3,4,2,0,1,2,2,4,1,0,1,3,2,1,1,1,2,2,1,4,2,1,1,4,1,1,1,2,4,1,1,4,1,1,1,1,2,4,4,1,1,0,1,2,4,3,2,2,2,1,2,1,4,4,1,2,2,3,1,2,1,2,1,2,2,1,4,0,1,2,1,2,2,1,4,1,1,1,2,4,2,2,2,2,2,4,1,1,0,2,4,1,2,2,1,1,4,4,3,1,2,4,1,0,0,0,2,0,4,1,0,1,4,1,1,2,1,1,1,1,1,1,1,4,0,4,1,1,2,2,1,3,4,4,1,1,1,0,1,2,2,1,2,1,3,4,2,2,1,4,4,1,1,3,1,1,1,0,1,2,1,0,0,2,1,1,1,3,4,1,2,1,1,4,3,2,3,3,2,2,2,3,2,1,3,4,2,0,1,3,2,3,1,2,2,2,0,2,2,2,1,4,2,1,1,1,1,3,1,1,2,1,1,4,2,2,0,2,2,3,1,2,2,1,1,1,4,1,2,0,4,2,1,4,2,1,1,2,2,4,0,2,4,3,2,1,0,1,1,4,1,1,1,1,1,0,1,3,2,1,4,1,3,2,1,4,2,4,2,0,1,1,1,0,1,2,1,1,1,3,1,2,2,1,0,2,0,1,2,4,1,1,1,3,2,2,2,4,1,2,2,2,1,2,2,0,4,2,2,3,1,2,2,3,1,0,1,2,0,2,1,0,1,2,3,2,1,3,0,2,3,1,2,0,2,2,1,1,0,1,2,1,1,1,2,0,2,2,1,4,0,1,1,3,4,0,2,1,1,2,1,0,4,0,1,2,0,1,2,1,1,4,2,1,2,1,2,1,2,2,0,2,2,1,2,1,1,2,1,1,2,2,2,1,0,0,1,2,0,1,1,2,2,3,3,3,2,3,0,3,4,1,1,2,2,2,0,3,2,4,2,2,1,2,2,1,0,1,0,3,2,0,2,2,0,1,1,1,1,2,1,2,0,3,4,0,3,3,4,2,1,1,1,1,2,4,2,2,3,3,2,2,1,4,1,2,2,2,3,2,3,3,2,2,0,1,2,0,3,3,0,0,2,1,3,2,3,2,4,2,3,2,2,2,0,2,1,4,4,1,0,3,2,1,1,3,3,2,0,4,2,4,2,2,0,2,3,1,2,0,2,3,3,1,0,3,3,2,3,3,1,4,1,1,2,1,1,2,2,3,2,1,0,1,0,2,2,1,4,1,1,2,1,1,0,4,1,3,0,4,1,2,1,1,3,2,1,2,1,0,2,1,3,0,0,0,4,2,2,2,2,3,3,3,2,3,0,2,2,3,1,2,2,2,2,1,4,2,1,1,0,3,3,1,2,3,0,4,2,2,2,0,2,1,1,3,1,4,1,2,4,1,1,4,3,0,2,0,1,3,3,4,2,1,1,1,2,1,1,3,4,2,2,1,3,3,1,2,4,1,0,0,1,1,2,1,0,3,2,4,2,3,1,2,3,2,0,0,4,3,2,3,1,0,0,3,3,3,1,2,2,2,2,3,2,4,3,1,3,3,2,1,1,2,3,2,1,1,2,0,0,0,3,1,3,2,2,1,1,0,0,1,2,1,2,1,2,3,1,2,3,4,2,1,2,2,1,2,1,1,4,1,4,3,1,1,4,2,2,1,2,2,1,0,2,1,0,1,1,4,1,1,2,4,1,1,1,2,2,2,2,0,2,0,0,4,3,2,2,2,1,4,2,1,1,1,4,4,0,2,0,1,4,1,1,2,1,2,3,1,0,4,3,4,1,1,1,4,4,2,2,1,1,0,3,3,0,0,1,4,1,2,3,2,0,2,1,4,2,1,1,3,1,2,3,3,2,1,4,0,2,2,4,2,2,0,1,2,4,2,4,3,0,2,0,2,2,2,4,4,2,2,1,2,1,1,2,2,1,1,2,2,3,4,4,1,1,1,1,2,1,4,4,2,4,2,2,1,2,2,1,1,2,1,2,0,1,3,2,0,4,2,2,2,1,4,2,4,2,4,2,2,0,3,2,2,0,1,0,1,3,0,4,0,1,1,1,1,1,0,1,3,0,3,2,2,2,0,3,3,0,4,1,1,0,1,2,4,4,4,4,3,2,1,1,2,2,2,1,1,4,2,2,1,1,1,2,3,3,2,4,2,1,3,3,1,1,0,1,1,3,3,1,2,1,3,2,4,2,1,0,0,2,2,1,1,0,1,3,4,1,1,3,2,1,3,1,0,0,2,4,1,2,2,2,0,0,1,2,1,2,3,2,0,0,2,4,4,1,2,3,0,4,1,2,1,3,3,4,4,0,2,0,4,0,2,3,0,2,0,1,1,4,0,2,2,0,0,1,1,4,1,1,1,1,4,0,1,2,1,2,0,1,0,2,1,1,3,2,2,3,4,2,1,4,2,1,2,1,0,2,2,1,2,1,3,2,2,0,1,3,2,1,4,0,1,1,1,4,3,2,2,3,2,4,1,2,1,1,1,1,0,1,1,1,4,2,1,3,2,2,2,1,1,0,2,2,2,0,4,4,3,0,0,1,3,1,3,2,2,1,0,1,4,2,1,1,2,3,2,2,2,1,2,3,2,2,3,1,2,1,1,2,3,0,1,1,1,1,4,0,1,1,1,1,3,0,0,1,2,4,1,1,2,2,1,2,2,2,1,0,2,0,1,2,2,1,1,2,2,2,2,0,2,2,1,3,0,2,3,0,0,0,1,1,0,3,1,2,1,3,0,0,3,3,2,2]",ok,
6,uniform,3,0.7,0.4197965353866135,1,fused_4_high,huang,"[190, 605, 587, 164, 253]",0.19055241406102966,0.04113396331295164,"[4,1,4,4,2,2,4,0,4,2,0,2,0,1,1,1,2,1,4,4,1,1,4,4,1,4,2,2,2,1,4,2,4,1,4,2,1,2,1,1,1,1,2,2,1,4,4,4,2,0,2,3,2,2,2,1,1,1,2,2,1,4,4,1,2,1,2,2,4,4,1,1,4,2,4,4,1,2,2,4,2,1,2,1,1,4,4,4,2,4,1,2,4,1,2,2,0,1,2,1,2,0,2,2,1,0,1,1,2,4,2,2,2,2,1,1,1,2,1,4,1,2,2,2,1,1,1,3,1,1,4,1,1,2,1,1,1,1,1,4,2,1,3,4,4,4,1,2,1,2,2,1,1,4,4,4,2,4,2,1,4,3,1,2,1,4,2,2,1,1,2,1,4,2,2,4,1,0,0,1,1,4,1,4,0,2,2,2,1,2,4,4,1,2,2,2,4,4,2,1,1,2,1,1,0,1,2,3,2,4,2,1,1,4,1,2,2,2,1,4,1,1,4,1,4,2,4,2,1,1,4,2,2,2,2,2,1,2,2,2,2,1,4,2,4,1,1,1,2,0,0,1,2,4,4,1,2,1,1,4,2,2,4,4,2,1,1,1,2,2,2,4,1,2,3,4,1,1,4,2,2,1,2,1,2,4,1,2,1,3,1,2,1,1,1,1,4,2,1,4,2,1,1,4,2,2,2,2,2,2,0,4,2,1,1,2,2,4,1,1,1,1,0,1,2,4,2,4,2,1,1,0,1,1,2,2,2,4,2,2,2,1,1,1,1,1,1,2,2,2,1,1,1,1,2,1,2,2,1,2,1,1,4,1,2,2,2,1,2,1,1,2,4,2,2,2,1,2,2,4,1,2,4,1,2,4,2,1,2,1,4,1,0,1,2,4,2,2,2,1,1,1,2,1,2,2,1,3,1,2,2,2,1,2,4,0,1,4,2,4,2,0,2,4,1,4,1,1,1,1,2,2,0,0,4,1,4,1,1,2,1,2,0,1,3,2,2,4,2,1,3,1,3,2,2,0,2,1,1,1,2,1,2,2,4,1,2,1,1,1,1,1,2,4,2,3,1,4,2,4,4,1,1,1,2,1,0,0,4,4,2,2,4,4,4,2,2,0,2,3,1,1,1,2,1,1,2,2,2,2,1,2,1,1,1,1,2,4,1,2,4,1,1,2,2,4,1,2,1,2,2,4,2,4,2,1,2,1,2,1,4,2,0,2,1,0,1,2,4,4,1,0,2,4,2,4,0,4,2,4,1,1,2,2,2,1,4,1,1,2,2,1,3,4,2,0,1,2,2,4,1,0,1,3,2,1,1,1,2,2,1,4,2,1,1,4,1,1,1,2,4,1,1,4,1,1,1,1,2,4,4,1,1,0,1,2,4,3,2,2,2,1,2,1,4,4,1,2,2,3,1,2,1,2,1,2,2,1,4,0,1,2,1,2,2,1,4,1,1,1,2,4,2,2,2,2,2,4,1,1,0,2,4,1,2,2,1,1,4,4,3,1,2,4,1,0,0,0,2,0,4,1,0,1,4,1,1,2,1,1,1,1,1,1,1,4,0,4,1,1,2,2,1,3,4,4,1,1,1,0,1,2,2,1,2,1,3,4,2,2,1,4,4,1,1,3,1,1,1,0,1,2,1,0,0,2,1,1,1,3,4,1,2,1,1,4,3,2,3,3,2,2,2,3,2,1,3,4,2,0,1,3,2,3,1,2,2,2,0,2,2,2,1,4,2,1,1,1,1,3,1,1,2,1,1,4,2,2,0,2,2,3,1,2,2,1,1,1,4,1,2,0,4,2,1,4,2,1,1,2,2,4,0,2,4,3,2,1,0,1,1,4,1,1,1,1,1,0,1,3,2,1,4,1,3,2,1,4,2,4,2,0,1,1,1,0,1,2,1,1,1,3,1,2,2,1,0,2,0,1,2,4,1,1,1,3,2,2,2,4,1,2,2,2,1,2,2,0,4,2,2,3,1,2,2,3,1,0,1,2,0,2,1,0,1,2,3,2,1,3,0,2,3,1,2,0,2,2,1,1,0,1,2,1,1,1,2,0,2,2,1,4,0,1,1,3,4,0,2,1,1,2,1,0,4,0,1,2,0,1,2,1,1,4,2,1,2,1,2,1,2,2,0,2,2,1,2,1,1,2,1,1,2,2,2,1,0,0,1,2,0,1,1,2,2,3,3,3,2,3,0,3,4,1,1,2,2,2,0,3,2,4,2,2,1,2,2,1,0,1,0,3,2,0,2,2,0,1,1,1,1,2,1,2,0,3,4,0,3,3,4,2,1,1,1,1,2,4,2,2,3,3,2,2,1,4,1,2,2,2,3,2,3,3,2,2,0,1,2,0,3,3,0,0,2,1,3,2,3,2,4,2,3,2,2,2,0,2,1,4,4,1,0,3,2,1,1,3,3,2,0,4,2,4,2,2,0,2,3,1,2,0,2,3,3,1,0,3,3,2,3,3,1,4,1,1,2,1,1,2,2,3,2,1,0,1,0,2,2,1,4,1,1,2,1,1,0,4,1,3,0,4,1,2,1,1,3,2,1,2,1,0,2,1,3,0,0,0,4,2,2,2,2,3,3,3,2,3,0,2,2,3,1,2,2,2,2,1,4,2,1,1,0,3,3,1,2,3,0,4,2,2,2,0,2,1,1,3,1,4,1,2,4,1,1,4,3,0,2,0,1,3,3,4,2,1,1,1,2,1,1,3,4,2,2,1,3,3,1,2,4,1,0,0,1,1,2,1,0,3,2,4,2,3,1,2,3,2,0,0,4,3,2,3,1,0,0,3,3,3,1,2,2,2,2,3,2,4,3,1,3,3,2,1,1,2,3,2,1,1,2,0,0,0,3,1,3,2,2,1,1,0,0,1,2,1,2,1,2,3,1,2,3,4,2,1,2,2,1,2,1,1,4,1,4,3,1,1,4,2,2,1,2,2,1,0,2,1,0,1,1,4,1,1,2,4,1,1,1,2,2,2,2,0,2,0,0,4,3,2,2,2,1,4,2,1,1,1,4,4,0,2,0,1,4,1,1,2,1,2,3,1,0,4,3,4,1,1,1,4,4,2,2,1,1,0,3,3,0,0,1,4,1,2,3,2,0,2,1,4,2,1,1,3,1,2,3,3,2,1,4,0,2,2,4,2,2,0,1,2,4,2,4,3,0,2,0,2,2,2,4,4,2,2,1,2,1,1,2,2,1,1,2,2,3,4,4,1,1,1,1,2,1,4,4,2,4,2,2,1,2,2,1,1,2,1,2,0,1,3,2,0,4,2,2,2,1,4,2,4,2,4,2,2,0,3,2,2,0,1,0,1,3,0,4,0,1,1,1,1,1,0,1,3,0,3,2,2,2,0,3,3,0,4,1,1,0,1,2,4,4,4,4,3,2,1,1,2,2,2,1,1,4,2,2,1,1,1,2,3,3,2,4,2,1,3,3,1,1,0,1,1,3,3,1,2,1,3,2,4,2,1,0,0,2,2,1,1,0,1,3,4,1,1,3,2,1,3,1,0,0,2,4,1,2,2,2,0,0,1,2,1,2,3,2,0,0,2,4,4,1,2,3,0,4,1,2,1,3,3,4,4,0,2,0,4,0,2,3,0,2,0,1,1,4,0,2,2,0,0,1,1,4,1,1,1,1,4,0,1,2,1,2,0,1,0,2,1,1,3,2,2,3,4,2,1,4,2,1,2,1,0,2,2,1,2,1,3,2,2,0,1,3,2,1,4,0,1,1,1,4,3,2,2,3,2,4,1,2,1,1,1,1,0,1,1,1,4,2,1,3,2,2,2,1,1,0,2,2,2,0,4,4,3,0,0,1,3,1,3,2,2,1,0,1,4,2,1,1,2,3,2,2,2,1,2,3,2,2,3,1,2,1,1,2,3,0,1,1,1,1,4,0,1,1,1,1,3,0,0,1,2,4,1,1,2,2,1,2,2,2,1,0,2,0,1,2,2,1,1,2,2,2,2,0,2,2,1,3,0,2,3,0,0,0,1,1,0,3,1,2,1,3,0,0,3,3,2,2]",ok,
7,uniform,3,0.65,0.5172191208939363,2,"fused_4_high, fused_3_medium",huang,"[475, 254, 181, 719, 170]",0.24597443179076184,0.06058921623123958,"[1,0,1,1,0,0,1,2,1,3,2,0,2,3,3,0,0,3,1,1,3,3,1,1,3,1,0,0,3,3,1,0,1,3,1,3,3,3,3,3,3,3,0,0,3,1,1,1,0,2,3,4,0,3,0,3,3,3,0,3,3,1,1,3,0,3,0,3,1,1,3,3,1,0,1,1,3,0,0,1,0,3,0,3,3,1,1,1,0,1,3,0,1,3,0,0,2,3,0,3,0,2,0,0,3,2,3,3,0,1,0,3,0,0,3,3,3,0,3,1,3,0,3,0,3,3,3,4,3,3,1,3,3,3,3,3,3,3,3,1,0,3,4,1,1,1,3,0,3,0,3,3,3,1,1,1,0,1,0,3,1,4,3,0,3,1,0,0,3,3,3,3,1,3,0,1,3,2,2,3,3,1,3,1,2,0,0,0,3,0,1,1,3,3,3,3,1,1,0,3,3,0,3,3,2,3,0,4,0,1,0,3,1,1,3,0,0,0,3,1,3,3,1,3,1,0,1,3,3,3,1,0,0,0,0,0,3,3,0,0,0,3,1,0,1,3,3,1,0,2,2,3,0,1,1,3,3,3,3,1,0,3,1,1,0,3,3,3,0,0,0,1,3,0,4,1,3,3,1,0,3,3,3,3,0,1,3,0,3,4,3,3,3,3,3,3,1,0,3,1,0,3,3,1,0,0,0,0,3,0,2,1,0,3,3,3,0,1,3,3,3,3,2,3,0,1,0,1,0,3,3,4,3,3,0,0,3,1,0,0,0,3,3,3,3,3,3,3,0,0,3,3,3,3,0,3,0,0,3,0,3,3,1,3,3,0,0,3,0,3,3,0,1,0,0,0,3,0,3,1,3,0,1,3,0,1,0,3,0,3,1,3,2,3,3,1,3,0,0,3,3,3,0,3,0,0,3,4,3,0,0,3,3,0,1,2,3,1,0,1,3,2,0,1,3,1,3,3,3,3,0,0,2,2,1,3,1,3,3,3,3,0,2,3,4,0,3,1,0,3,4,3,4,0,0,2,0,3,3,3,0,3,3,0,1,3,0,3,3,3,3,3,0,1,0,4,3,1,3,1,1,3,3,3,0,3,2,2,1,1,0,0,1,1,1,0,0,2,3,4,3,3,3,0,3,3,0,0,0,0,3,0,3,3,3,3,0,1,3,3,1,3,3,0,0,1,3,0,3,0,0,1,3,1,0,3,0,3,0,3,1,0,2,3,3,2,3,0,1,1,3,2,0,1,0,1,2,1,0,1,3,3,0,0,0,3,1,3,3,0,3,3,4,1,3,2,3,3,0,1,3,2,3,4,3,3,3,3,0,0,3,1,0,3,3,1,3,3,3,0,1,3,3,1,3,3,3,3,0,1,1,3,3,2,3,3,1,4,3,0,3,3,0,3,1,1,3,0,0,4,3,0,3,0,3,3,0,3,1,2,3,3,3,0,0,3,1,3,3,3,0,1,0,0,0,0,3,1,3,3,2,3,1,3,0,0,3,3,1,1,4,3,0,1,3,2,2,2,3,2,1,3,2,3,1,3,3,3,3,3,3,3,3,3,3,1,2,1,3,3,0,0,3,4,1,1,3,3,3,2,3,0,0,3,0,3,4,1,0,3,3,1,1,3,3,4,3,3,3,2,3,3,3,2,2,0,3,3,3,4,1,3,0,3,3,1,4,0,4,4,0,0,0,4,0,3,4,1,0,2,3,4,0,4,3,0,0,0,2,3,0,3,3,1,0,3,3,3,3,4,3,3,0,3,3,1,0,0,2,0,3,4,3,0,0,3,3,3,1,3,0,2,1,0,3,1,0,3,3,3,0,1,2,0,1,4,0,3,2,3,3,1,3,3,3,3,3,2,3,4,0,3,1,3,4,0,3,1,0,1,0,2,3,3,3,3,3,3,3,3,3,4,3,0,0,3,2,0,2,3,0,1,3,3,3,4,0,3,0,1,3,3,0,0,3,0,3,2,1,0,0,4,3,0,0,4,3,2,3,0,2,0,3,2,3,0,4,0,0,4,2,0,4,3,0,2,0,0,3,3,2,3,0,3,3,3,0,2,0,0,3,1,2,3,3,4,1,2,3,3,3,0,3,2,1,2,3,0,2,3,0,0,3,1,0,3,0,3,0,3,0,0,2,0,0,3,3,3,3,0,3,3,0,0,3,3,2,2,3,0,2,3,3,3,0,4,4,4,3,4,2,4,1,3,3,3,0,0,2,4,3,1,0,0,3,0,0,3,2,3,3,4,0,2,0,0,2,3,3,3,3,0,3,0,2,4,1,2,4,4,1,0,3,3,3,3,0,1,0,0,4,4,0,3,3,1,3,0,0,0,4,0,4,4,0,0,2,3,0,2,4,4,2,2,0,3,4,3,4,0,1,0,4,0,0,0,2,0,3,1,1,3,2,4,0,3,3,4,4,0,2,1,0,1,0,0,2,0,4,3,3,2,0,4,4,3,2,4,4,0,4,4,3,1,3,3,0,3,3,0,0,4,0,3,2,3,2,0,0,3,0,3,3,0,3,3,2,1,3,4,2,1,3,0,3,3,4,3,3,0,3,2,0,3,4,2,2,2,1,0,3,0,0,4,4,4,3,4,2,0,0,4,3,3,0,0,0,3,1,3,3,3,3,4,4,3,3,4,2,1,0,0,0,2,0,3,3,4,3,1,3,0,1,3,3,1,4,2,0,2,3,4,4,1,0,3,3,3,0,3,3,4,1,3,0,3,4,4,3,3,1,3,2,4,3,3,0,3,2,4,0,1,0,4,3,0,4,0,2,2,1,4,0,4,3,2,2,4,4,4,3,0,3,0,0,4,0,1,4,3,4,4,0,3,0,3,4,3,3,3,0,2,2,2,4,3,4,0,0,3,3,2,2,3,0,0,0,3,0,4,3,0,4,1,0,3,0,3,3,0,3,3,1,3,1,4,3,0,1,0,0,3,0,3,3,2,0,3,4,3,3,1,3,3,0,1,3,3,3,3,0,0,0,2,3,2,2,1,4,0,0,3,3,1,0,3,3,0,1,1,2,0,4,3,1,3,3,0,3,0,4,3,2,1,4,1,3,3,3,1,1,0,0,3,3,2,4,4,2,2,3,1,3,3,4,3,2,0,3,1,0,3,3,4,3,0,4,4,3,3,1,2,3,3,1,0,0,2,3,0,1,0,1,4,2,3,2,0,0,0,1,1,0,0,3,0,3,3,3,0,3,3,3,0,4,1,1,3,3,3,3,0,3,1,1,3,1,0,3,3,0,0,3,3,0,3,0,2,3,4,0,2,1,0,0,0,3,1,0,1,0,1,0,3,2,4,0,0,2,3,2,3,4,2,1,2,0,3,3,3,3,2,3,4,2,4,0,0,0,2,4,4,2,1,3,3,2,3,0,1,1,1,1,4,3,3,3,0,0,0,3,3,1,3,3,3,3,3,0,4,4,0,1,0,3,4,4,3,3,2,3,0,4,4,3,3,3,4,0,1,3,3,2,2,0,0,3,3,2,3,4,1,3,3,4,0,3,4,3,4,2,3,1,3,0,0,0,2,2,3,0,3,0,4,0,2,2,0,1,1,3,0,4,4,1,3,0,3,4,4,1,1,2,0,2,1,2,3,4,2,3,2,3,0,1,2,0,0,2,2,3,3,1,3,3,3,3,1,2,3,0,3,0,2,3,2,3,3,3,4,0,0,4,1,3,3,1,0,3,0,3,2,0,0,3,0,3,4,0,3,2,3,4,0,3,1,2,3,3,3,1,4,3,0,4,0,1,3,3,3,3,3,3,2,3,0,3,1,0,3,4,0,0,0,3,3,2,0,3,3,2,1,1,4,2,2,3,4,3,4,3,3,3,2,3,1,3,3,3,0,4,0,0,3,3,0,4,0,0,4,3,0,3,3,3,4,2,3,3,3,3,1,2,3,3,3,3,4,2,2,0,3,1,3,3,0,0,3,3,0,0,3,2,0,2,3,0,0,0,3,0,0,0,0,2,3,0,3,4,2,3,4,2,2,2,3,3,2,4,3,3,3,4,2,2,4,4,0,0]",ok,
8,uniform,3,0.6,0.5291155839063234,3,"fused_3_medium, fused_1_medium, fused_2_medium+fused_4_high",cao,"[648, 193, 172, 293, 493]",0.2524650985959977,0.06003335186214564,"[3,0,3,3,4,4,3,1,3,4,1,4,1,0,0,4,4,0,3,3,0,0,3,3,0,3,4,4,0,0,3,4,3,0,3,0,0,0,0,0,0,0,4,4,0,3,3,3,4,1,0,2,4,4,4,0,0,0,4,4,0,3,3,0,4,0,4,0,3,3,0,0,3,4,3,3,0,4,4,3,4,0,4,0,3,3,3,3,4,3,0,1,3,0,4,4,1,0,0,0,4,1,4,4,3,1,0,0,4,3,4,1,4,4,0,0,0,4,0,3,0,4,0,4,0,0,0,2,0,0,3,0,3,0,0,0,0,0,0,3,4,0,2,3,3,3,0,4,0,4,4,0,0,3,3,3,4,3,4,0,3,2,0,4,0,3,4,4,0,3,0,0,3,0,4,3,0,1,1,0,0,3,0,3,1,4,4,4,0,4,3,3,0,0,4,0,3,3,4,0,0,4,0,0,1,0,4,2,4,3,4,0,3,3,0,4,4,4,0,3,0,0,3,0,3,4,3,0,0,0,3,4,4,4,4,4,0,4,4,4,4,0,3,4,3,0,0,3,4,1,1,0,4,3,3,0,0,0,0,3,4,0,3,3,4,0,0,0,4,4,4,3,3,4,2,3,0,0,3,4,0,0,0,3,4,3,0,4,0,2,0,0,0,0,0,3,3,4,0,3,4,3,0,3,4,4,4,4,0,4,1,3,4,0,0,4,4,3,0,0,0,0,1,0,4,3,4,0,4,0,0,2,0,0,4,1,0,3,4,4,4,0,0,0,0,0,0,0,4,4,0,0,0,0,4,0,4,4,0,4,0,0,3,0,0,4,4,0,4,0,0,4,3,4,4,4,0,4,0,3,0,4,3,0,4,3,4,0,4,0,3,0,1,0,4,3,0,4,4,3,0,0,4,0,4,4,0,2,0,4,4,0,0,4,3,1,0,3,4,3,0,1,4,3,0,3,0,0,0,3,4,4,1,1,3,0,3,0,0,4,0,4,1,0,2,4,4,3,4,0,2,0,2,4,4,1,4,0,0,0,4,0,4,4,3,0,4,0,0,0,0,0,4,3,4,2,0,3,0,3,3,0,0,0,4,0,1,1,3,3,4,4,3,3,3,4,4,1,0,2,0,0,0,4,0,0,4,4,4,4,0,4,0,0,0,0,4,3,0,0,3,0,0,4,4,3,0,4,3,4,4,3,0,3,4,0,4,0,4,0,3,4,1,4,0,1,0,4,3,3,0,1,4,3,4,3,1,3,4,3,0,0,4,4,4,0,3,0,0,4,0,3,2,3,0,1,0,0,4,3,0,1,0,2,0,0,0,0,4,4,0,3,4,0,0,3,3,3,0,4,3,0,3,3,0,0,0,0,4,3,3,0,0,1,0,0,3,2,0,4,0,0,4,0,3,3,0,4,4,2,0,4,0,4,0,0,4,0,3,1,0,0,0,4,4,0,3,0,3,0,4,3,4,4,4,4,4,3,0,4,1,4,3,0,4,4,0,0,3,3,2,0,4,3,0,1,1,1,0,1,3,3,1,0,3,0,0,0,3,0,3,0,0,0,0,3,2,3,0,0,4,4,0,2,3,3,0,3,0,1,0,4,4,0,4,0,2,3,1,0,0,3,3,3,0,2,0,0,0,1,0,4,0,1,1,4,0,0,0,2,3,0,4,0,0,3,2,4,2,2,1,4,1,2,4,0,2,3,4,1,0,2,4,2,0,4,4,4,1,0,4,0,0,3,4,0,0,0,3,2,0,0,4,0,0,3,4,4,1,4,0,2,0,4,4,0,0,0,3,0,4,1,3,4,0,3,4,0,0,4,4,3,1,4,3,2,4,0,1,0,0,3,0,0,0,0,3,1,0,2,4,3,3,0,2,4,0,3,4,3,4,1,0,0,0,0,0,4,0,0,0,2,0,4,4,0,1,4,1,0,4,3,0,0,0,2,4,0,4,3,0,0,4,4,0,4,4,1,3,4,4,2,0,4,4,2,0,1,0,4,1,4,0,1,0,4,2,4,4,2,1,4,2,0,4,1,4,4,0,0,4,0,4,0,0,0,4,1,4,4,0,3,1,0,0,2,3,1,0,0,0,4,0,1,3,1,0,4,1,0,4,4,0,3,4,0,4,0,4,0,4,4,1,1,1,0,4,0,0,4,0,0,4,4,0,0,1,1,0,4,1,0,0,4,4,2,2,2,0,2,1,2,3,0,0,0,4,4,1,2,0,3,4,4,0,4,4,0,1,0,4,2,4,1,4,1,1,0,3,0,0,4,0,0,1,2,3,1,2,2,3,4,0,0,0,0,4,3,4,4,2,2,4,0,0,3,0,4,4,4,2,4,2,2,4,1,1,0,4,1,2,2,1,1,4,0,2,0,2,4,3,4,2,4,4,1,1,4,0,3,3,3,1,2,4,0,0,2,2,4,1,3,4,3,4,4,1,4,2,0,0,1,4,2,2,0,1,2,2,4,2,2,0,3,0,0,4,0,0,4,4,2,4,0,1,0,1,4,4,0,4,0,0,4,0,0,1,3,0,2,1,3,0,4,0,0,2,0,0,4,0,1,4,0,2,4,1,1,3,4,4,4,4,2,2,2,0,2,1,4,4,2,0,0,4,1,4,0,3,4,0,0,0,2,2,0,4,2,1,3,4,4,4,1,4,0,0,2,0,3,0,4,3,0,0,3,2,1,4,1,3,2,2,3,4,0,0,0,4,0,0,2,3,4,4,0,2,2,0,0,3,0,1,2,0,0,4,0,1,2,4,3,4,2,0,4,2,4,1,1,3,2,4,2,0,1,1,2,2,2,0,4,4,4,4,2,4,3,2,0,2,2,4,0,4,0,2,0,0,0,4,1,1,1,2,0,2,4,0,0,0,1,1,0,4,4,4,0,4,2,0,4,2,3,4,0,4,0,3,1,0,0,3,0,3,2,0,4,3,4,4,0,4,0,0,1,4,0,2,0,0,3,0,0,4,3,0,0,0,4,4,4,4,1,0,4,1,3,2,1,4,4,0,3,4,0,0,0,3,3,1,4,2,0,3,0,0,4,0,4,2,0,1,3,2,3,0,0,0,3,3,4,4,0,0,1,2,2,1,1,0,3,0,0,2,0,1,4,0,3,4,0,0,2,0,4,2,2,4,0,3,1,0,0,3,1,4,1,0,4,3,4,3,2,1,0,4,4,4,4,3,3,4,4,3,4,3,3,4,4,0,0,4,4,2,3,3,0,3,0,0,4,0,3,3,4,3,4,0,0,4,4,0,0,4,0,4,1,0,2,4,1,3,4,4,4,0,3,4,3,4,3,4,0,1,2,4,4,1,0,1,0,2,1,3,1,4,0,3,0,0,1,0,2,1,2,0,4,4,1,2,2,1,3,0,0,1,0,4,3,3,3,3,2,0,3,0,1,4,4,0,0,3,4,0,0,0,0,4,2,2,4,3,4,0,2,2,0,0,1,0,0,2,2,0,0,0,2,4,3,4,0,4,1,4,4,0,0,1,0,2,3,0,0,2,4,0,2,0,2,1,0,3,0,4,4,4,1,1,0,4,0,4,2,4,1,1,4,3,3,0,4,2,2,3,0,4,0,2,2,3,3,1,4,1,3,1,0,2,1,0,1,0,4,3,1,4,1,1,1,3,0,3,0,0,0,3,3,1,3,4,0,4,1,0,1,0,0,0,2,4,1,2,3,0,0,3,4,0,4,0,1,4,4,0,4,0,2,4,4,1,0,2,4,0,3,1,0,0,0,3,2,0,4,2,4,3,0,0,0,0,0,0,1,0,0,0,3,4,0,2,4,4,4,0,0,1,4,0,0,1,3,3,2,1,1,0,2,0,2,0,4,0,1,0,3,4,0,3,4,2,4,4,0,0,4,2,4,4,2,0,4,3,0,4,2,1,0,0,0,3,3,1,0,0,0,0,2,4,1,0,0,3,0,0,4,4,0,0,4,1,0,1,4,1,0,4,4,0,0,4,4,4,4,1,4,4,0,2,1,0,2,1,1,1,0,0,2,2,0,4,0,2,1,1,2,2,1,4]",ok,
9,uniform,3,0.55,0.5291155839063234,3,"fused_3_medium, fused_1_medium, fused_2_medium+fused_4_high",cao,"[648, 193, 172, 293, 493]",0.2524650985959977,0.06003335186214564,"[3,0,3,3,4,4,3,1,3,4,1,4,1,0,0,4,4,0,3,3,0,0,3,3,0,3,4,4,0,0,3,4,3,0,3,0,0,0,0,0,0,0,4,4,0,3,3,3,4,1,0,2,4,4,4,0,0,0,4,4,0,3,3,0,4,0,4,0,3,3,0,0,3,4,3,3,0,4,4,3,4,0,4,0,3,3,3,3,4,3,0,1,3,0,4,4,1,0,0,0,4,1,4,4,3,1,0,0,4,3,4,1,4,4,0,0,0,4,0,3,0,4,0,4,0,0,0,2,0,0,3,0,3,0,0,0,0,0,0,3,4,0,2,3,3,3,0,4,0,4,4,0,0,3,3,3,4,3,4,0,3,2,0,4,0,3,4,4,0,3,0,0,3,0,4,3,0,1,1,0,0,3,0,3,1,4,4,4,0,4,3,3,0,0,4,0,3,3,4,0,0,4,0,0,1,0,4,2,4,3,4,0,3,3,0,4,4,4,0,3,0,0,3,0,3,4,3,0,0,0,3,4,4,4,4,4,0,4,4,4,4,0,3,4,3,0,0,3,4,1,1,0,4,3,3,0,0,0,0,3,4,0,3,3,4,0,0,0,4,4,4,3,3,4,2,3,0,0,3,4,0,0,0,3,4,3,0,4,0,2,0,0,0,0,0,3,3,4,0,3,4,3,0,3,4,4,4,4,0,4,1,3,4,0,0,4,4,3,0,0,0,0,1,0,4,3,4,0,4,0,0,2,0,0,4,1,0,3,4,4,4,0,0,0,0,0,0,0,4,4,0,0,0,0,4,0,4,4,0,4,0,0,3,0,0,4,4,0,4,0,0,4,3,4,4,4,0,4,0,3,0,4,3,0,4,3,4,0,4,0,3,0,1,0,4,3,0,4,4,3,0,0,4,0,4,4,0,2,0,4,4,0,0,4,3,1,0,3,4,3,0,1,4,3,0,3,0,0,0,3,4,4,1,1,3,0,3,0,0,4,0,4,1,0,2,4,4,3,4,0,2,0,2,4,4,1,4,0,0,0,4,0,4,4,3,0,4,0,0,0,0,0,4,3,4,2,0,3,0,3,3,0,0,0,4,0,1,1,3,3,4,4,3,3,3,4,4,1,0,2,0,0,0,4,0,0,4,4,4,4,0,4,0,0,0,0,4,3,0,0,3,0,0,4,4,3,0,4,3,4,4,3,0,3,4,0,4,0,4,0,3,4,1,4,0,1,0,4,3,3,0,1,4,3,4,3,1,3,4,3,0,0,4,4,4,0,3,0,0,4,0,3,2,3,0,1,0,0,4,3,0,1,0,2,0,0,0,0,4,4,0,3,4,0,0,3,3,3,0,4,3,0,3,3,0,0,0,0,4,3,3,0,0,1,0,0,3,2,0,4,0,0,4,0,3,3,0,4,4,2,0,4,0,4,0,0,4,0,3,1,0,0,0,4,4,0,3,0,3,0,4,3,4,4,4,4,4,3,0,4,1,4,3,0,4,4,0,0,3,3,2,0,4,3,0,1,1,1,0,1,3,3,1,0,3,0,0,0,3,0,3,0,0,0,0,3,2,3,0,0,4,4,0,2,3,3,0,3,0,1,0,4,4,0,4,0,2,3,1,0,0,3,3,3,0,2,0,0,0,1,0,4,0,1,1,4,0,0,0,2,3,0,4,0,0,3,2,4,2,2,1,4,1,2,4,0,2,3,4,1,0,2,4,2,0,4,4,4,1,0,4,0,0,3,4,0,0,0,3,2,0,0,4,0,0,3,4,4,1,4,0,2,0,4,4,0,0,0,3,0,4,1,3,4,0,3,4,0,0,4,4,3,1,4,3,2,4,0,1,0,0,3,0,0,0,0,3,1,0,2,4,3,3,0,2,4,0,3,4,3,4,1,0,0,0,0,0,4,0,0,0,2,0,4,4,0,1,4,1,0,4,3,0,0,0,2,4,0,4,3,0,0,4,4,0,4,4,1,3,4,4,2,0,4,4,2,0,1,0,4,1,4,0,1,0,4,2,4,4,2,1,4,2,0,4,1,4,4,0,0,4,0,4,0,0,0,4,1,4,4,0,3,1,0,0,2,3,1,0,0,0,4,0,1,3,1,0,4,1,0,4,4,0,3,4,0,4,0,4,0,4,4,1,1,1,0,4,0,0,4,0,0,4,4,0,0,1,1,0,4,1,0,0,4,4,2,2,2,0,2,1,2,3,0,0,0,4,4,1,2,0,3,4,4,0,4,4,0,1,0,4,2,4,1,4,1,1,0,3,0,0,4,0,0,1,2,3,1,2,2,3,4,0,0,0,0,4,3,4,4,2,2,4,0,0,3,0,4,4,4,2,4,2,2,4,1,1,0,4,1,2,2,1,1,4,0,2,0,2,4,3,4,2,4,4,1,1,4,0,3,3,3,1,2,4,0,0,2,2,4,1,3,4,3,4,4,1,4,2,0,0,1,4,2,2,0,1,2,2,4,2,2,0,3,0,0,4,0,0,4,4,2,4,0,1,0,1,4,4,0,4,0,0,4,0,0,1,3,0,2,1,3,0,4,0,0,2,0,0,4,0,1,4,0,2,4,1,1,3,4,4,4,4,2,2,2,0,2,1,4,4,2,0,0,4,1,4,0,3,4,0,0,0,2,2,0,4,2,1,3,4,4,4,1,4,0,0,2,0,3,0,4,3,0,0,3,2,1,4,1,3,2,2,3,4,0,0,0,4,0,0,2,3,4,4,0,2,2,0,0,3,0,1,2,0,0,4,0,1,2,4,3,4,2,0,4,2,4,1,1,3,2,4,2,0,1,1,2,2,2,0,4,4,4,4,2,4,3,2,0,2,2,4,0,4,0,2,0,0,0,4,1,1,1,2,0,2,4,0,0,0,1,1,0,4,4,4,0,4,2,0,4,2,3,4,0,4,0,3,1,0,0,3,0,3,2,0,4,3,4,4,0,4,0,0,1,4,0,2,0,0,3,0,0,4,3,0,0,0,4,4,4,4,1,0,4,1,3,2,1,4,4,0,3,4,0,0,0,3,3,1,4,2,0,3,0,0,4,0,4,2,0,1,3,2,3,0,0,0,3,3,4,4,0,0,1,2,2,1,1,0,3,0,0,2,0,1,4,0,3,4,0,0,2,0,4,2,2,4,0,3,1,0,0,3,1,4,1,0,4,3,4,3,2,1,0,4,4,4,4,3,3,4,4,3,4,3,3,4,4,0,0,4,4,2,3,3,0,3,0,0,4,0,3,3,4,3,4,0,0,4,4,0,0,4,0,4,1,0,2,4,1,3,4,4,4,0,3,4,3,4,3,4,0,1,2,4,4,1,0,1,0,2,1,3,1,4,0,3,0,0,1,0,2,1,2,0,4,4,1,2,2,1,3,0,0,1,0,4,3,3,3,3,2,0,3,0,1,4,4,0,0,3,4,0,0,0,0,4,2,2,4,3,4,0,2,2,0,0,1,0,0,2,2,0,0,0,2,4,3,4,0,4,1,4,4,0,0,1,0,2,3,0,0,2,4,0,2,0,2,1,0,3,0,4,4,4,1,1,0,4,0,4,2,4,1,1,4,3,3,0,4,2,2,3,0,4,0,2,2,3,3,1,4,1,3,1,0,2,1,0,1,0,4,3,1,4,1,1,1,3,0,3,0,0,0,3,3,1,3,4,0,4,1,0,1,0,0,0,2,4,1,2,3,0,0,3,4,0,4,0,1,4,4,0,4,0,2,4,4,1,0,2,4,0,3,1,0,0,0,3,2,0,4,2,4,3,0,0,0,0,0,0,1,0,0,0,3,4,0,2,4,4,4,0,0,1,4,0,0,1,3,3,2,1,1,0,2,0,2,0,4,0,1,0,3,4,0,3,4,2,4,4,0,0,4,2,4,4,2,0,4,3,0,4,2,1,0,0,0,3,3,1,0,0,0,0,2,4,1,0,0,3,0,0,4,4,0,0,4,1,0,1,4,1,0,4,4,0,0,4,4,4,4,1,4,4,0,2,1,0,2,1,1,1,0,0,2,2,0,4,0,2,1,1,2,2,1,4]",ok,
10,uniform,3,0.5,0.5271732167643826,4,"fused_2_medium+fused_4_high, fused_3_medium+fused_4_high, fused_1_medium+fused_3_medium, fused_1_medium+fused_4_high",huang,"[525, 604, 292, 208, 170]",0.23477453070984336,0.03668704836020011,"[2,0,2,2,0,0,2,3,2,0,3,0,3,1,1,0,0,1,2,2,1,1,2,2,1,2,0,0,1,1,2,0,2,1,2,1,1,1,1,1,1,0,0,0,1,2,2,2,0,3,1,4,0,0,0,1,1,1,0,0,1,2,2,1,0,1,0,1,2,2,1,1,2,0,2,2,1,0,0,2,0,1,0,1,2,2,2,2,0,2,1,3,2,1,0,0,3,1,0,1,0,3,0,0,2,3,1,1,0,2,0,3,0,0,1,1,1,0,1,2,1,0,1,0,1,1,1,4,1,1,2,1,2,1,1,1,1,1,1,2,0,1,4,2,2,2,0,0,1,0,0,1,1,2,2,2,0,2,0,1,2,4,1,0,1,2,0,0,1,2,1,1,2,1,0,2,1,3,3,1,1,2,1,2,3,0,0,0,1,0,2,2,1,1,0,1,2,2,0,1,1,0,1,1,3,1,0,4,0,2,0,1,2,2,1,0,0,0,1,2,1,1,2,1,2,0,2,1,0,1,2,0,0,0,0,0,1,0,0,0,0,1,2,0,2,1,1,2,0,3,3,1,0,2,2,1,1,1,1,2,0,1,2,2,0,1,1,1,0,0,0,2,2,0,4,2,1,1,2,0,1,1,1,2,0,2,1,0,1,4,1,1,1,1,1,2,2,0,1,2,0,2,1,2,0,0,0,0,1,0,3,2,0,1,1,0,0,2,1,1,1,1,3,1,0,2,0,1,0,1,1,4,1,1,0,3,1,2,0,0,0,0,1,1,1,1,1,0,0,0,0,1,1,1,0,1,0,0,1,0,1,1,2,1,1,0,0,1,0,1,1,0,2,0,0,0,1,0,1,2,1,0,2,1,0,2,0,1,0,1,2,1,3,1,0,2,1,0,0,2,1,1,0,1,0,0,1,4,1,0,0,1,1,0,2,3,1,2,0,2,1,3,0,2,1,2,1,1,1,2,0,0,3,3,2,1,2,1,1,0,1,0,3,1,4,0,0,2,0,1,4,1,4,0,0,3,0,1,0,1,0,1,0,0,2,1,0,1,1,1,1,1,0,2,0,4,0,2,1,2,2,1,1,1,0,1,3,3,2,2,0,0,2,2,2,0,0,3,1,4,1,1,1,0,1,1,0,0,0,0,1,0,1,1,1,1,0,2,1,1,2,1,1,0,0,2,1,0,2,0,0,2,1,2,0,1,0,1,0,1,2,0,3,0,1,3,1,0,2,2,1,3,0,2,0,2,3,2,0,2,1,1,0,0,0,1,2,1,1,0,1,2,4,2,1,3,1,1,0,2,1,3,1,4,0,1,1,1,0,0,1,2,0,1,1,2,2,2,1,0,2,1,2,2,1,1,1,1,0,2,2,1,1,3,0,1,2,4,1,0,1,1,0,1,2,2,1,0,0,4,1,0,1,0,1,1,0,1,2,3,1,1,1,0,0,1,2,1,2,1,0,2,0,0,0,0,0,2,1,0,3,0,2,1,0,0,1,1,2,2,4,1,0,2,1,3,3,3,1,3,2,2,3,1,2,1,1,1,2,1,2,1,0,1,1,2,3,2,1,1,0,0,1,4,2,2,1,2,1,3,1,0,0,1,0,1,4,2,3,1,1,2,2,2,1,4,1,1,1,3,1,0,1,3,3,0,0,1,1,4,2,1,0,1,0,2,4,0,4,4,3,0,3,4,0,1,4,2,0,3,1,4,0,4,1,0,0,0,3,1,0,1,1,2,0,0,1,1,2,4,1,1,0,1,1,2,0,0,3,0,1,4,1,0,0,1,0,1,2,1,0,3,2,0,1,2,0,1,1,0,0,2,3,0,2,4,0,1,3,1,1,2,1,1,1,1,2,3,1,4,0,2,2,1,4,0,1,2,0,2,0,3,1,1,1,3,1,0,1,1,1,4,1,0,0,1,3,0,3,1,0,2,1,1,1,4,0,1,0,2,1,1,0,0,1,0,0,3,2,0,0,4,1,0,0,4,1,3,1,0,3,0,1,3,1,0,4,0,0,4,3,0,4,0,0,3,0,0,1,1,3,1,0,1,1,1,0,3,0,0,1,2,3,0,1,4,2,3,1,1,1,0,1,3,2,3,1,0,3,1,0,0,1,2,0,1,0,1,0,1,0,0,3,3,3,1,0,1,1,0,1,0,0,0,1,1,3,3,1,0,3,1,1,0,0,4,4,4,1,4,3,4,2,1,1,1,0,0,3,4,1,2,0,0,1,3,0,1,3,1,3,4,0,3,0,3,3,0,2,0,1,0,1,0,3,4,2,3,4,4,2,0,1,1,1,1,0,2,0,0,4,4,0,1,1,2,1,0,0,0,4,0,4,4,0,3,3,1,0,3,4,4,3,3,0,1,4,1,4,0,2,0,4,0,0,3,3,0,1,2,2,2,3,4,0,0,1,4,4,0,3,2,0,2,3,0,3,0,4,1,1,3,0,4,4,1,3,4,4,0,4,4,1,2,1,1,0,1,1,0,0,4,0,1,3,1,3,0,0,1,0,1,1,0,1,1,3,2,0,4,3,2,1,0,1,1,4,1,1,0,1,3,0,1,4,3,3,3,2,0,0,0,0,4,4,4,1,4,3,0,0,4,1,1,0,3,0,1,2,0,1,1,3,4,4,1,0,4,3,2,0,0,0,3,0,1,1,4,1,2,1,0,2,1,1,2,4,3,0,3,2,4,4,2,0,1,0,1,0,1,1,4,2,3,0,1,4,4,1,1,2,1,3,4,1,1,0,1,3,4,0,2,0,4,1,0,4,0,3,3,2,4,0,4,1,3,3,4,4,4,1,0,0,0,0,4,0,2,4,1,4,4,0,1,0,1,4,1,1,1,0,3,3,3,4,1,4,0,0,1,1,3,3,1,0,0,0,1,0,4,0,0,4,2,0,1,0,1,2,3,1,1,2,1,2,4,1,0,2,0,0,1,0,1,1,3,0,3,4,1,1,2,1,1,0,2,1,1,1,0,0,0,0,3,1,3,3,2,4,3,0,0,1,2,0,1,1,0,2,2,3,0,4,1,2,1,1,0,1,0,4,1,3,2,4,2,1,1,1,2,2,0,0,1,1,3,4,4,3,3,1,2,1,1,4,1,3,0,1,2,0,1,1,4,1,0,4,4,0,1,2,3,1,1,2,3,0,3,1,0,2,0,2,4,3,1,3,0,0,0,2,2,0,0,2,0,2,2,0,0,1,1,0,0,4,2,2,1,2,1,1,0,1,2,2,0,2,0,1,1,0,0,1,1,0,1,0,3,1,4,0,3,2,0,0,0,1,2,0,2,0,2,0,1,3,4,0,0,3,1,3,1,4,3,2,3,0,1,2,1,1,3,1,4,3,4,0,0,0,3,4,4,3,2,0,1,3,1,0,2,2,2,2,4,1,2,0,3,0,0,1,1,2,0,1,1,1,1,0,4,4,0,2,0,1,4,4,1,1,3,1,0,4,4,1,1,1,4,0,2,0,1,3,3,0,0,1,1,3,1,4,2,1,1,4,0,1,4,1,4,3,1,2,1,0,0,0,3,3,1,0,1,0,4,0,3,3,0,2,2,1,0,4,4,2,1,0,1,4,4,2,2,3,0,3,2,3,0,4,3,1,3,1,0,2,3,0,3,3,3,2,1,2,1,0,1,2,2,3,2,0,1,0,3,1,3,1,1,1,4,0,3,4,2,1,1,2,0,1,0,1,3,0,0,1,0,1,4,0,0,3,1,4,0,1,2,3,1,1,1,2,4,1,0,4,0,2,1,1,1,1,1,1,3,1,0,1,2,0,1,4,0,0,0,1,1,3,0,1,1,3,2,2,4,3,3,1,4,1,4,1,0,0,3,1,2,0,1,2,0,4,0,0,1,1,0,4,0,0,4,1,0,0,1,0,4,3,1,1,1,2,2,3,1,1,1,1,4,3,3,0,1,2,1,1,0,0,0,1,0,3,1,3,0,3,1,0,0,0,1,0,0,0,0,3,0,0,1,4,3,1,4,3,3,3,0,1,3,4,1,0,1,4,3,3,4,4,3,0]",ok,
11,uniform,3,0.45,0.4609240552925934,5,"fused_2_medium+fused_4_high, fused_3_medium+fused_4_high, fused_1_medium+fused_3_medium, fused_1_medium+fused_4_high, fused_4_high+fused_5_medium",huang,"[281, 543, 602, 170, 203]",0.2187968239867253,0.039466370205669815,"[0,2,0,0,1,1,0,4,0,1,4,1,4,2,2,1,1,2,0,0,1,2,0,0,1,0,1,1,2,2,0,1,0,2,0,2,2,2,2,2,2,2,1,1,2,0,0,0,1,4,2,3,1,1,1,2,2,2,1,1,2,0,0,2,1,2,1,2,0,0,2,2,0,1,0,0,2,1,1,0,1,2,1,2,0,0,0,0,1,0,1,1,0,2,1,1,4,2,2,2,1,4,1,1,0,4,2,2,1,0,1,4,1,1,2,2,2,1,2,0,2,1,2,1,2,2,2,3,2,2,0,2,0,2,2,2,2,2,2,0,1,2,3,0,0,0,1,1,2,1,1,2,2,0,0,0,1,0,1,2,0,3,2,1,2,0,1,1,2,0,2,2,0,2,1,0,2,4,4,2,2,0,2,0,4,1,1,1,2,1,0,0,2,2,1,2,0,0,1,2,2,1,2,2,4,2,1,3,1,0,1,2,0,0,2,1,1,1,2,0,2,2,0,2,0,1,0,2,2,2,0,1,1,1,1,1,2,1,1,1,1,2,0,1,0,2,2,0,1,4,4,1,1,0,0,2,2,2,2,0,1,2,0,0,1,2,2,2,1,1,1,0,0,1,3,0,2,2,0,1,2,1,2,0,1,0,2,1,2,3,2,2,2,2,2,0,0,1,2,0,1,2,2,0,1,1,1,1,2,1,4,0,1,2,2,1,1,0,2,2,2,2,4,2,1,0,1,2,1,2,2,3,2,2,1,1,2,0,1,1,1,2,2,2,2,2,2,1,1,1,1,2,2,2,1,2,1,1,2,1,2,2,0,2,2,1,1,2,1,2,2,1,0,1,1,1,2,1,2,0,2,1,0,2,1,0,1,2,1,2,0,2,4,1,1,0,2,1,1,2,2,2,1,2,1,1,2,3,1,1,1,2,2,1,0,4,2,0,1,0,2,4,1,0,2,0,2,2,2,0,1,1,4,4,0,2,0,2,2,1,2,1,4,1,3,1,1,0,1,2,3,2,3,1,1,4,1,2,1,2,1,2,1,1,0,2,1,2,2,2,1,2,1,0,1,3,1,0,2,0,0,2,2,2,1,2,4,4,0,0,1,1,0,0,0,1,1,4,2,3,2,2,1,1,2,1,1,1,1,1,1,1,2,2,2,2,1,0,2,2,0,2,1,1,1,0,2,1,2,1,1,0,2,0,1,2,1,2,1,2,0,1,4,1,2,4,2,1,0,0,1,4,1,0,1,0,4,0,1,0,2,2,1,1,1,2,0,2,2,1,2,0,3,0,2,4,2,2,1,0,2,4,2,3,1,2,2,2,1,1,2,0,1,2,2,0,0,2,2,1,0,2,0,0,2,2,2,2,1,0,0,2,2,4,1,2,0,3,2,1,2,2,1,2,0,0,2,1,1,3,2,1,2,1,2,2,1,2,0,4,2,2,2,1,1,2,0,2,0,2,1,0,1,1,1,1,1,0,2,1,4,1,0,2,1,1,2,2,0,0,3,1,1,0,2,4,4,4,2,4,0,2,4,2,0,2,2,2,0,2,0,2,1,2,2,0,4,0,2,2,1,1,2,3,0,0,2,0,2,4,2,1,1,1,1,2,3,0,4,2,1,0,0,0,1,3,2,2,2,4,2,1,2,4,4,1,1,2,2,3,0,2,1,2,1,0,3,1,3,3,4,1,4,3,1,1,3,0,1,4,2,3,1,3,2,1,1,1,4,2,1,2,2,0,1,1,2,2,0,3,2,2,1,2,2,0,1,1,4,1,2,3,2,1,1,2,2,1,0,2,1,4,0,1,2,0,1,2,2,1,1,0,4,1,0,3,1,2,4,2,2,0,2,2,2,2,0,4,2,3,1,2,0,2,3,1,2,0,1,0,1,4,1,2,2,4,2,1,2,2,2,3,2,1,1,2,4,1,4,2,1,0,2,2,2,3,1,2,1,0,2,2,1,1,2,1,1,4,0,1,1,3,2,1,1,3,2,4,2,1,4,1,2,4,2,1,3,1,1,3,4,1,3,1,1,4,1,1,2,2,4,2,1,2,2,2,1,4,1,1,2,0,4,1,2,3,0,4,2,2,2,1,2,4,0,4,2,1,4,2,1,1,2,0,1,2,1,2,1,1,1,1,4,4,4,2,1,2,2,1,2,1,1,1,2,2,4,4,2,1,4,2,2,1,1,3,3,3,2,3,4,3,0,2,2,2,1,1,4,3,2,0,1,1,2,1,1,2,4,2,4,3,1,4,1,4,4,2,2,1,2,1,2,1,4,3,0,4,3,3,0,1,2,2,2,2,1,0,1,1,3,3,1,2,1,0,2,1,1,1,3,1,3,3,1,4,4,2,1,4,3,3,4,4,1,2,3,2,3,1,0,1,3,1,1,4,4,1,2,0,0,0,4,3,1,1,2,3,3,1,4,0,1,0,1,1,4,1,3,2,2,4,1,3,3,2,4,3,3,1,3,3,2,0,2,2,1,2,2,1,1,3,1,2,4,1,4,1,1,2,1,2,2,1,2,2,4,0,2,3,4,0,2,1,2,2,3,2,2,1,2,4,1,2,3,4,4,4,0,1,1,1,1,3,3,3,2,3,4,1,1,3,2,2,1,4,1,2,0,1,2,2,4,3,3,2,1,3,4,0,1,1,1,4,1,2,2,3,2,0,2,1,0,2,2,0,3,4,1,4,2,3,3,0,1,2,1,2,1,2,2,3,0,4,1,2,3,3,2,2,0,2,4,3,2,1,1,2,4,3,1,0,1,3,2,1,3,1,4,4,0,3,1,3,2,4,4,3,3,3,2,1,1,1,1,3,1,0,3,2,3,3,1,2,1,2,3,2,2,2,1,4,4,4,3,2,3,1,2,2,2,4,4,2,1,1,1,2,1,3,1,1,3,0,1,2,1,2,0,1,2,1,0,2,0,3,2,1,0,1,1,2,1,2,2,4,1,4,3,2,2,0,1,2,1,0,2,2,2,1,1,1,1,4,2,4,4,0,3,1,1,1,2,0,1,2,2,2,0,0,4,1,3,2,0,2,2,1,2,1,3,2,4,0,3,0,2,2,2,0,0,1,1,2,2,4,3,3,4,4,2,0,2,2,3,2,4,1,2,0,1,2,2,3,2,1,3,3,1,2,0,4,2,2,0,4,1,4,2,1,0,1,0,3,4,2,4,1,1,1,0,0,1,1,0,1,2,0,1,1,2,2,1,1,3,0,0,2,0,2,2,1,1,0,0,1,0,1,2,2,1,1,2,2,1,2,1,4,2,3,1,4,0,1,1,1,2,0,1,0,1,0,1,2,4,3,1,1,4,2,4,2,3,4,0,4,1,2,0,2,2,4,2,3,4,3,2,1,1,4,3,3,4,0,2,2,4,2,1,0,0,0,0,3,2,2,1,4,1,1,2,1,0,1,2,2,2,2,1,3,3,1,0,1,2,3,3,2,2,4,2,2,3,3,2,2,2,3,1,0,1,1,4,4,1,1,2,2,4,2,3,0,2,2,3,1,2,3,2,3,4,2,0,2,1,1,1,4,4,2,1,2,1,3,1,4,4,1,0,0,2,1,3,3,0,2,1,2,3,3,0,0,4,1,4,0,4,1,3,4,2,4,2,1,0,4,1,4,4,4,0,2,0,2,2,2,0,0,4,0,1,2,1,4,2,4,2,2,2,3,1,4,3,0,2,2,0,1,2,1,2,4,1,1,2,1,2,3,1,1,4,2,3,1,2,0,4,2,2,2,0,3,2,1,3,1,0,2,2,2,2,2,2,4,2,2,2,0,1,1,3,1,1,1,2,2,4,1,2,2,4,0,0,3,4,4,2,3,2,3,2,1,2,4,2,0,1,2,0,1,3,1,1,2,2,1,3,1,1,3,2,1,4,2,1,3,4,2,2,2,2,0,4,2,2,2,1,3,4,4,1,2,0,2,2,1,1,2,2,1,1,2,4,1,4,2,1,1,2,2,1,1,1,1,4,4,1,2,3,4,2,3,4,4,4,2,2,4,3,2,1,2,3,4,4,3,3,4,1]",ok,
12,uniform,3,0.4,0.4677887938887222,3,"fused_2_medium+fused_4_high, fused_4_high+fused_5_medium, fused_1_medium+fused_3_medium+fused_4_high",huang,"[282, 581, 164, 208, 564]",0.21575646597751877,0.04113396331295164,"[0,1,0,0,4,4,0,3,0,4,3,4,3,1,1,4,4,1,0,0,4,1,0,0,4,0,4,4,1,1,0,4,0,1,0,4,1,1,1,1,1,1,4,4,1,0,0,0,4,3,1,2,4,4,4,1,1,1,4,4,1,0,0,1,4,1,4,4,0,0,1,1,0,4,0,0,1,4,4,0,4,1,4,1,0,0,0,0,4,0,4,4,0,1,4,4,3,1,4,1,4,3,4,4,0,3,1,1,4,0,4,3,4,4,1,1,1,4,1,0,1,4,4,4,1,1,1,2,1,1,0,1,0,4,1,1,1,1,1,0,4,1,2,0,0,0,4,4,1,4,4,1,1,0,0,0,4,0,4,1,0,2,1,4,1,0,4,4,1,0,4,1,0,1,4,0,1,3,3,1,1,0,1,0,3,4,4,4,1,4,0,0,1,4,4,4,0,0,4,1,1,4,1,1,3,1,4,2,4,0,4,1,0,0,1,4,4,4,1,0,1,1,0,1,0,4,0,1,1,1,0,4,4,4,4,4,1,4,4,4,4,1,0,4,0,1,1,0,4,3,3,4,4,0,0,1,1,1,1,0,4,1,0,0,4,1,1,1,4,4,4,0,0,4,2,0,1,1,0,4,1,4,4,0,4,0,1,4,1,2,1,1,1,1,1,0,0,4,1,0,4,1,1,0,4,4,4,4,1,4,3,0,4,1,1,4,4,0,1,1,1,1,3,1,4,0,4,1,4,1,1,3,1,1,4,4,1,0,4,4,4,1,1,1,1,1,1,4,4,4,4,1,1,1,4,1,4,4,1,4,1,1,0,1,1,4,4,1,4,1,1,4,0,4,4,4,1,4,1,0,1,4,0,1,4,0,4,1,4,1,0,1,3,4,4,0,1,4,4,1,1,1,4,1,4,4,1,2,4,4,4,1,1,4,0,3,1,0,4,0,1,3,4,0,1,0,1,1,1,0,4,4,3,3,0,1,0,1,1,4,1,4,3,4,2,4,4,0,4,1,2,1,2,4,4,3,4,1,4,1,4,1,4,4,0,1,4,1,1,1,4,1,4,0,4,2,4,0,1,0,0,1,1,1,4,1,3,3,0,0,4,4,0,0,0,4,4,3,1,2,1,1,4,4,1,4,4,4,4,4,4,4,1,1,1,1,4,0,1,1,0,1,4,4,4,0,1,4,1,4,4,0,1,0,4,1,4,1,4,1,0,4,3,4,1,3,1,4,0,0,4,3,4,0,4,0,3,0,4,0,1,1,4,4,4,1,0,1,1,4,1,0,2,0,4,3,1,1,4,0,1,3,1,2,4,1,1,1,4,4,1,0,4,1,1,0,0,1,1,4,0,1,0,0,1,1,1,1,4,0,0,1,1,3,4,1,0,2,1,4,1,1,4,1,0,0,1,4,4,2,1,4,1,4,1,1,4,1,0,3,1,1,1,4,4,1,0,1,0,1,4,0,4,4,4,4,4,0,1,1,3,4,0,1,4,4,1,1,0,0,2,4,4,0,1,3,3,3,4,3,0,1,3,1,0,1,1,1,0,1,0,1,4,1,1,0,3,0,1,1,4,4,1,2,0,0,1,0,1,3,1,4,4,4,4,1,2,0,3,4,4,0,0,0,4,2,1,1,1,3,1,4,1,3,3,4,4,1,1,2,0,1,4,1,4,0,2,4,2,2,3,4,3,2,4,4,2,0,4,3,1,2,4,2,1,4,4,4,3,1,4,4,1,0,4,4,1,1,0,2,1,1,4,1,1,0,4,4,3,4,4,2,1,4,4,1,1,4,0,1,4,3,0,4,1,0,4,1,1,4,4,0,3,4,0,2,4,1,3,1,1,0,1,1,1,1,0,3,1,2,4,1,0,1,2,4,1,0,4,0,4,3,4,1,1,3,1,4,1,1,1,2,1,4,4,1,3,4,3,1,4,0,1,1,1,2,4,1,4,0,1,1,4,4,1,4,4,3,0,4,4,2,1,4,4,2,1,3,1,4,3,4,1,3,1,4,2,4,1,2,3,4,2,4,4,3,4,4,1,1,3,1,4,1,1,1,4,3,4,4,1,0,3,4,1,2,0,3,1,1,1,4,1,3,0,3,1,4,3,1,4,1,1,0,4,1,4,1,4,4,4,4,3,3,3,1,4,1,1,4,1,4,4,4,4,1,3,3,1,4,3,1,1,4,4,2,2,2,4,2,3,2,0,1,1,4,4,4,3,2,1,0,4,4,1,4,4,1,3,1,3,2,4,3,4,3,3,1,1,4,1,4,1,4,3,2,0,3,2,2,0,4,1,1,1,1,4,0,4,4,2,2,4,1,4,0,1,4,4,4,2,4,2,2,4,3,3,1,4,3,2,2,3,3,4,1,2,1,2,4,0,4,2,4,4,3,3,4,1,0,0,0,3,2,4,4,1,2,2,4,3,0,4,0,4,4,3,4,2,1,1,3,4,2,2,1,3,2,2,4,2,2,1,0,1,1,4,1,1,4,4,2,4,1,3,4,3,4,4,1,0,1,1,4,1,1,3,0,1,2,3,0,1,4,1,1,2,4,1,4,1,3,4,1,2,3,3,3,0,4,4,4,4,2,2,2,4,2,3,4,4,2,1,1,4,3,4,1,0,4,1,1,3,2,2,1,4,2,3,0,4,4,4,3,4,1,1,2,1,0,1,4,0,1,1,0,2,3,4,3,1,2,2,0,4,1,4,1,4,1,1,2,0,3,4,1,2,2,1,4,0,1,3,3,1,4,4,1,3,2,4,0,4,2,1,4,2,4,3,3,0,2,4,2,1,3,3,2,2,2,1,4,4,4,4,2,4,0,2,1,2,2,4,1,1,4,2,1,1,1,4,3,3,3,2,1,2,4,1,1,1,3,3,1,4,4,4,1,4,2,4,4,2,0,4,1,4,4,0,4,1,4,0,1,0,2,1,4,0,4,4,1,4,1,1,3,4,1,3,1,1,0,4,1,4,0,1,1,1,4,4,4,4,3,1,3,3,0,2,4,4,4,1,0,4,1,1,1,0,0,3,4,3,1,0,1,1,4,1,4,2,1,3,0,2,0,1,1,1,0,0,4,4,1,1,3,2,2,3,3,1,0,1,1,2,4,3,4,1,0,4,1,1,2,1,4,2,2,4,1,0,3,1,1,0,3,4,3,1,4,0,4,0,2,3,1,3,4,4,4,0,0,4,4,0,4,1,0,4,4,1,1,4,4,2,0,0,1,0,1,1,4,4,0,0,4,0,4,1,1,4,4,4,1,4,1,4,3,1,2,4,3,0,4,4,4,1,0,4,0,4,0,4,1,3,2,4,4,3,1,3,1,2,3,0,3,1,1,0,1,1,3,1,2,3,2,1,4,4,3,2,2,3,0,1,1,3,1,4,0,0,0,0,2,1,1,4,3,4,4,1,4,0,4,1,1,1,1,4,2,2,4,0,4,1,2,2,1,1,3,1,1,2,2,1,1,1,2,4,0,4,4,3,3,4,4,1,1,3,1,2,0,1,1,2,4,1,2,1,3,3,1,0,1,4,4,4,3,3,1,4,1,4,2,4,3,3,4,0,0,1,4,2,3,0,1,4,1,2,2,0,0,3,4,3,0,3,4,2,3,1,3,1,4,0,3,4,3,3,3,0,1,0,1,1,1,0,0,3,0,4,1,4,3,1,3,4,1,1,2,4,3,2,0,1,1,0,4,1,4,1,3,4,4,1,4,1,2,4,4,3,1,2,4,1,0,3,1,1,1,0,2,1,4,2,4,0,1,4,1,1,1,1,3,1,1,1,0,4,4,2,4,4,4,1,1,3,4,4,1,3,0,0,2,3,3,1,2,1,2,1,4,1,3,1,0,4,1,0,4,2,4,4,1,1,4,2,4,4,2,1,4,3,1,4,2,3,1,1,1,1,0,3,1,1,1,4,2,3,3,4,1,0,1,1,4,4,1,1,4,4,1,3,4,3,1,4,4,1,1,4,4,4,4,3,3,4,1,2,3,1,2,3,3,3,1,1,3,2,1,4,1,2,3,3,2,2,3,4]",ok,
13,uniform,3,0.35,0.5290666832919477,5,"fused_4_high+fused_5_medium, fused_1_medium+fused_3_medium+fused_4_high, fused_2_medium+fused_3_medium+fused_4_high, fused_1_medium+fused_2_medium+fused_4_high, fused_2_medium+fused_5_medium",huang,"[455, 343, 276, 294, 431]",0.22354998410902455,0.021122846025569762,"[3,0,3,3,0,0,3,1,3,0,1,0,1,4,2,0,0,2,3,3,2,2,3,3,2,3,0,0,4,4,3,0,3,4,3,2,2,4,2,4,2,4,0,0,4,3,3,3,0,1,4,1,0,0,0,2,2,2,0,0,2,3,3,2,4,2,0,2,3,3,4,2,3,0,3,3,2,0,0,3,0,2,0,2,3,3,3,3,0,3,2,0,3,2,0,0,1,4,4,4,0,1,0,0,3,1,4,2,0,3,0,0,0,0,2,2,4,0,4,3,2,0,2,0,2,2,2,1,4,2,3,2,3,2,2,4,4,2,4,3,0,4,1,3,3,3,0,0,4,0,4,4,4,3,3,3,0,3,0,2,3,1,4,0,2,3,0,4,4,3,2,4,3,4,0,3,4,1,1,4,4,3,2,3,1,0,0,4,2,0,3,3,2,2,0,2,3,3,0,4,2,0,4,2,1,4,0,1,0,3,4,2,3,3,2,0,0,0,4,3,2,2,3,2,3,0,3,4,4,2,3,4,0,4,0,0,2,0,0,0,0,4,3,0,3,4,2,3,0,1,1,2,0,3,3,2,4,2,2,3,4,4,3,3,0,2,2,4,0,0,0,3,3,4,1,3,4,4,3,4,4,2,2,3,0,3,4,4,4,1,4,4,4,4,4,3,3,0,2,3,0,3,4,3,0,0,4,0,4,0,1,3,0,2,2,0,0,3,4,2,2,2,1,2,0,3,0,4,0,4,4,1,2,4,0,0,4,3,0,0,0,4,2,2,4,4,2,4,0,0,0,4,4,4,0,2,0,4,4,0,2,2,3,2,4,0,0,4,0,4,2,0,3,0,0,0,4,0,4,3,4,0,3,2,0,3,0,4,0,4,3,2,1,2,0,3,4,0,0,3,2,2,0,4,0,4,4,1,2,0,0,4,4,0,3,1,2,3,0,3,4,1,0,3,4,3,4,4,2,3,0,0,1,1,3,2,3,2,4,0,4,0,1,2,1,0,4,3,0,2,1,4,1,0,0,1,0,4,0,4,0,4,0,0,3,4,0,4,2,2,2,2,0,3,0,1,0,3,4,3,3,2,2,4,0,2,1,1,3,3,0,0,3,3,3,0,0,1,4,1,2,4,2,4,2,2,0,0,0,0,2,0,2,4,4,2,0,3,2,4,3,4,2,0,0,3,4,0,3,4,0,3,4,3,0,2,0,4,0,2,3,0,1,0,2,1,4,0,3,3,2,1,0,3,0,3,1,3,0,3,2,2,0,0,0,4,3,2,2,0,4,3,1,3,2,1,2,4,0,3,4,1,2,1,0,4,2,2,0,0,2,3,0,4,2,3,3,3,2,0,3,4,3,3,2,2,2,2,0,3,3,2,2,1,0,4,3,1,4,0,4,4,0,4,3,3,2,0,0,1,4,0,2,0,4,4,0,4,3,1,4,4,4,4,0,4,3,2,3,4,0,3,0,0,0,0,0,3,2,0,1,4,3,2,0,4,4,4,3,3,1,2,0,3,2,1,0,1,2,1,3,3,1,4,3,2,4,4,3,4,3,4,2,2,4,3,1,3,4,4,0,0,4,1,3,3,4,3,4,1,2,0,0,2,0,2,1,3,0,2,2,3,3,3,2,1,4,2,4,1,2,4,4,1,1,0,2,4,2,1,3,4,0,4,0,3,1,0,1,1,0,4,0,1,4,2,1,3,0,1,4,1,0,1,4,0,4,0,0,4,0,2,2,3,0,0,4,4,3,1,4,4,0,2,2,3,0,0,1,0,2,1,4,0,0,2,4,2,3,4,0,1,3,0,2,3,0,2,4,4,0,3,1,0,3,1,0,4,1,4,2,3,4,4,2,2,3,1,4,1,0,3,3,2,1,0,4,3,4,3,0,1,2,2,4,0,4,0,4,4,4,1,4,4,0,2,1,0,1,4,0,3,4,4,2,1,0,4,0,3,2,4,0,0,2,0,0,1,3,0,0,1,4,0,4,1,4,1,2,0,1,0,2,1,4,0,1,0,0,1,1,0,1,0,0,1,0,0,2,4,0,4,0,4,4,4,0,1,0,0,4,3,1,2,4,1,3,1,4,2,4,0,4,1,3,1,2,0,1,4,0,4,4,3,0,2,4,4,0,2,0,0,1,0,0,2,4,2,4,0,2,2,4,0,2,2,1,1,4,0,1,4,4,0,0,1,1,1,2,1,1,1,3,4,4,2,0,0,1,1,4,3,0,0,2,0,0,2,1,2,0,1,0,1,0,0,1,4,3,2,4,0,2,4,1,1,3,1,1,1,3,0,2,4,4,4,0,3,0,0,1,1,4,4,2,3,4,0,0,0,1,0,1,1,0,0,1,2,0,1,1,1,1,1,0,2,1,4,1,0,3,0,1,0,0,1,1,0,2,3,3,3,1,1,0,0,4,1,1,0,1,3,0,3,0,4,1,4,1,2,4,1,0,1,1,4,1,1,1,0,1,1,4,3,4,4,0,4,4,0,4,1,4,4,1,2,1,0,4,4,3,4,2,0,4,4,1,3,4,1,1,3,4,4,4,2,1,2,2,0,2,1,0,2,1,0,1,1,3,0,4,0,0,1,1,1,2,1,1,0,0,1,4,4,4,0,0,4,3,4,2,2,0,1,1,4,0,1,1,3,0,0,0,1,0,4,2,1,2,3,4,0,3,2,4,3,1,1,0,1,3,1,1,3,4,4,2,2,4,4,2,1,3,0,0,2,1,1,4,2,3,4,1,1,4,2,0,4,1,1,0,3,0,1,4,0,1,0,1,1,3,1,0,1,2,0,1,1,1,1,4,4,4,0,0,1,0,3,1,4,1,1,4,4,3,2,1,4,2,4,0,1,1,1,1,4,1,0,4,4,4,1,1,4,4,0,0,4,4,1,2,0,1,3,4,2,0,2,3,0,2,2,3,4,3,1,4,0,3,4,0,4,4,4,2,1,4,4,1,2,2,3,2,2,4,3,4,2,2,0,0,0,0,1,4,0,1,3,1,0,0,4,2,3,0,2,4,4,3,3,1,0,1,4,3,4,4,0,2,0,1,4,1,3,1,3,4,4,4,3,3,4,0,4,4,1,1,1,1,1,2,3,4,4,1,2,1,0,4,3,4,2,4,1,4,0,1,1,4,4,3,1,4,4,3,1,0,1,4,4,3,0,3,1,1,4,0,4,0,0,3,3,0,4,3,0,3,3,0,4,4,4,0,0,1,3,3,4,3,4,2,0,2,3,3,0,3,4,4,2,0,0,2,4,4,4,0,1,4,1,0,1,3,0,0,0,4,3,0,3,0,3,0,4,1,1,0,0,1,2,1,2,1,1,3,1,0,4,3,4,2,1,4,1,1,1,4,0,0,1,1,1,1,3,4,4,1,4,0,3,3,3,3,1,4,3,2,0,4,0,2,2,3,4,4,2,4,4,0,1,1,0,3,0,2,1,1,4,4,1,4,0,1,1,4,4,4,1,0,3,0,2,0,1,0,0,4,2,1,4,1,3,2,4,1,0,4,1,2,1,1,4,3,2,0,0,0,1,1,4,0,4,0,1,0,1,1,0,3,3,4,0,1,1,3,4,0,4,1,1,3,3,1,0,1,3,1,0,1,1,4,1,4,0,3,1,0,0,1,1,3,4,3,4,4,4,3,3,1,3,0,4,0,1,2,1,2,2,2,1,0,0,1,3,4,2,3,0,2,0,4,1,0,0,4,4,2,1,0,4,1,4,1,4,4,3,1,4,2,4,3,1,4,0,1,0,3,4,2,4,4,4,4,1,2,4,4,3,0,2,1,0,0,0,4,4,1,4,2,4,1,3,3,1,1,1,4,1,4,1,4,0,4,1,2,3,0,4,3,0,1,0,0,4,2,0,1,0,0,1,2,0,0,4,4,1,1,2,4,4,3,3,1,2,4,4,2,1,0,1,4,4,3,2,2,4,4,4,4,0,0,2,1,0,1,2,0,0,4,2,0,0,0,0,1,0,4,4,1,1,4,1,1,1,1,4,4,1,1,4,0,2,1,0,1,1,1,0,0]",ok,
14,uniform,3,0.3,0.5316600535558339,5,"fused_1_medium+fused_3_medium+fused_4_high, fused_2_medium+fused_3_medium+fused_4_high, fused_1_medium+fused_2_medium+fused_4_high, fused_2_medium+fused_4_high+fused_5_medium, fused_3_low",cao,"[294, 634, 491, 182, 198]",0.23017417797525752,0.0500277932184547,"[0,2,0,0,2,2,0,4,0,2,4,2,3,1,1,2,2,1,0,0,1,1,0,0,1,0,2,2,1,1,0,2,0,1,0,1,1,1,1,1,1,1,2,2,1,0,0,0,2,4,1,3,2,2,2,1,1,1,2,2,1,0,0,1,2,1,2,1,0,0,1,1,0,2,0,0,1,2,2,0,2,1,2,1,0,0,0,0,2,0,1,4,0,1,2,2,4,1,2,1,2,4,2,2,0,4,1,1,2,0,2,4,2,2,1,1,1,2,1,0,1,2,1,2,1,1,1,3,1,1,0,1,0,1,1,1,1,1,1,0,2,1,3,0,0,0,2,2,1,2,1,1,1,0,0,0,2,0,2,1,0,3,1,2,1,0,2,2,1,0,1,1,0,1,2,0,1,4,4,1,1,0,1,0,4,2,2,2,1,2,0,0,1,1,2,1,0,0,2,1,1,2,1,1,4,1,2,3,2,0,2,1,0,0,1,2,2,2,1,0,1,1,0,1,0,2,0,1,1,1,0,2,2,2,2,2,1,2,2,2,2,1,0,2,0,1,1,0,2,4,4,1,2,0,0,1,1,1,1,0,2,1,0,0,2,1,1,1,2,2,2,0,0,2,3,0,1,1,0,2,1,1,1,0,2,0,1,2,1,3,1,1,1,1,1,0,0,2,1,0,2,0,1,0,2,2,2,2,1,2,4,0,2,1,1,2,2,0,1,1,1,1,3,1,2,0,2,1,2,1,1,3,1,1,2,4,1,0,2,2,2,1,1,1,1,1,1,1,2,2,2,1,1,1,2,1,2,2,1,2,1,1,0,1,1,2,2,1,2,1,1,2,0,2,2,2,1,2,1,0,1,2,0,1,2,0,2,1,2,1,0,1,4,1,2,0,1,2,2,0,1,1,2,1,2,2,1,3,1,2,2,1,1,2,0,4,1,0,2,0,1,4,2,0,1,0,1,1,1,0,2,2,4,4,0,1,0,1,1,2,1,2,4,1,3,2,1,0,2,1,3,1,3,2,2,4,2,1,2,1,2,1,2,2,0,1,2,1,1,1,1,1,2,0,2,3,2,0,1,0,0,1,1,1,2,1,4,4,0,0,2,2,0,0,0,2,2,4,1,3,1,1,1,2,1,1,2,2,2,2,1,2,1,1,1,1,2,0,1,1,0,1,1,2,2,0,1,2,0,2,2,0,1,0,2,1,2,1,2,1,0,2,4,2,1,4,1,2,0,0,1,4,2,0,2,0,4,0,2,0,1,1,2,2,2,1,0,1,1,2,1,0,3,0,1,4,1,1,2,0,1,4,1,3,2,1,1,1,2,2,1,0,2,1,1,0,0,0,1,2,0,1,0,0,1,1,1,1,2,0,0,1,1,4,2,1,0,3,1,2,1,1,2,1,0,0,1,2,2,3,1,2,1,2,1,1,2,1,0,4,1,1,1,2,2,1,0,1,0,1,2,0,2,2,2,2,2,0,1,0,4,1,0,1,2,2,1,1,0,0,3,1,2,0,1,4,4,4,1,4,0,0,4,1,0,1,1,1,0,1,0,1,2,1,1,0,3,0,1,1,2,2,1,3,0,0,1,0,1,4,1,2,2,1,2,1,3,0,4,1,1,0,0,0,1,3,1,1,1,3,1,1,1,4,4,2,1,1,1,3,0,1,2,1,2,0,3,2,3,3,4,2,4,3,2,1,3,0,2,4,1,3,2,3,1,2,2,2,4,1,2,1,1,0,2,2,1,1,0,3,1,1,2,1,1,0,2,2,4,2,1,3,1,2,2,1,1,1,0,1,2,4,0,2,1,0,2,1,1,1,2,0,4,2,0,3,2,1,4,1,1,0,1,1,1,1,0,4,1,3,2,0,0,1,3,2,1,0,2,0,2,4,1,1,1,4,1,2,1,1,1,3,1,2,2,1,4,2,4,1,2,0,1,1,1,3,2,1,2,0,1,1,2,2,1,2,2,4,0,2,2,3,1,2,2,3,1,4,1,2,4,2,1,4,1,2,3,2,2,3,3,2,3,2,2,4,2,2,1,1,4,1,2,1,1,1,2,3,2,2,1,0,4,1,1,3,0,4,1,1,1,2,1,4,0,4,1,2,4,1,2,2,1,0,2,1,2,1,2,1,2,2,4,4,4,1,1,1,1,2,1,2,2,2,1,1,4,4,1,2,4,1,1,2,2,3,3,3,1,3,4,3,0,1,1,1,2,2,4,3,1,0,2,2,1,4,2,1,4,1,4,3,2,4,2,4,3,1,0,1,1,2,1,2,4,3,0,4,3,3,0,2,1,1,1,1,2,0,2,2,3,3,2,1,1,0,1,2,2,2,3,2,3,3,2,4,4,1,2,4,3,3,4,4,2,1,3,1,3,2,0,2,3,2,2,4,4,2,1,0,0,0,4,3,2,2,1,3,3,2,4,0,2,0,4,2,4,2,3,1,1,4,2,3,3,1,4,3,3,2,3,3,1,0,1,1,2,1,1,2,2,3,2,1,4,1,4,2,2,1,2,1,1,2,1,1,4,0,1,3,4,0,1,2,1,1,3,1,1,2,1,4,2,1,3,4,4,4,0,2,1,2,2,3,3,3,1,3,4,2,2,3,1,1,2,4,2,1,0,1,1,1,4,3,3,1,2,3,4,0,2,2,2,3,2,1,1,3,1,0,1,2,0,1,1,0,3,4,2,4,0,3,3,0,2,1,2,1,2,1,1,3,0,4,2,1,3,3,1,1,0,1,4,3,1,1,2,1,4,3,2,0,2,3,1,2,3,2,4,4,0,3,2,3,1,4,4,3,3,3,1,2,1,2,2,3,2,0,3,1,3,3,2,1,2,1,3,1,1,1,2,4,4,4,3,1,3,2,2,1,1,4,4,1,2,2,2,1,2,3,2,2,3,0,2,1,2,1,0,4,1,1,0,1,0,3,1,2,0,2,2,1,2,1,1,4,2,4,3,1,1,0,1,1,2,0,1,1,1,2,2,2,2,4,1,4,4,0,3,4,2,1,1,0,2,1,1,2,0,0,4,2,3,1,0,1,1,2,1,2,3,1,4,0,3,0,1,1,1,0,0,2,2,1,1,4,3,3,4,4,1,0,1,1,3,1,4,2,1,0,2,1,1,3,1,2,3,3,1,1,0,4,1,1,0,4,2,4,1,2,0,2,0,3,4,1,4,2,2,2,0,0,2,2,0,2,0,0,2,2,1,1,2,2,3,0,0,1,0,1,1,2,1,0,0,2,0,2,1,1,2,2,1,1,4,1,2,4,1,3,2,3,0,2,2,2,1,0,2,0,2,0,2,1,4,3,2,2,4,1,4,1,3,3,0,4,2,1,0,1,1,4,1,3,4,3,2,2,2,4,3,3,4,0,1,1,4,1,2,0,0,0,0,3,1,0,1,4,2,2,1,1,0,1,1,1,1,1,2,3,3,2,0,2,1,3,3,1,1,4,1,2,3,3,1,1,1,3,2,0,2,1,4,3,2,2,1,1,4,1,3,0,1,1,3,2,1,3,1,3,4,1,0,1,2,2,2,4,4,1,2,1,2,3,2,4,4,2,0,0,1,2,3,3,0,1,2,1,3,3,0,0,4,2,4,0,4,2,3,4,1,4,1,2,0,4,2,4,4,4,0,1,0,1,1,1,0,0,4,0,2,1,2,4,1,4,1,1,1,3,2,4,3,0,1,1,0,2,1,2,1,4,2,2,1,2,1,3,2,1,4,1,3,2,1,0,4,1,1,1,0,3,1,2,3,2,0,1,1,1,1,1,1,4,1,2,1,0,2,1,3,2,2,2,1,1,4,2,1,1,4,0,0,3,4,4,1,3,1,3,1,2,1,4,1,0,2,1,0,2,3,2,2,1,1,2,3,2,2,3,1,2,0,1,1,3,4,1,1,1,0,0,4,1,1,1,1,3,4,4,2,1,0,1,1,2,2,1,1,2,4,1,4,2,4,1,2,2,2,1,2,2,2,2,4,4,2,1,3,4,1,3,4,4,4,1,1,3,3,1,2,1,3,4,4,3,3,4,2]",ok,
15,uniform,3,0.25,0.5501424761992688,8,"fused_2_medium+fused_4_high+fused_5_medium, fused_1_medium+fused_2_medium+fused_3_medium+fused_4_high, fused_3_medium+fused_4_high+fused_5_medium, fused_1_high, fused_2_medium+fused_4_high+fused_5_low, fused_3_low+fused_4_high, fused_1_medium+fused_4_high+fused_5_medium, fused_2_medium+fused_3_low",cao,"[402, 288, 463, 365, 281]",0.24027943118624415,0.03501945525291829,"[4,0,4,4,2,2,4,3,4,2,3,2,3,0,1,2,2,1,4,4,1,1,4,4,1,4,2,2,0,0,4,2,4,0,4,1,1,0,1,0,1,0,2,2,0,4,4,4,2,3,0,3,2,2,2,1,1,1,2,2,1,4,4,1,2,1,2,1,4,4,0,1,4,2,4,4,1,2,2,4,2,1,2,1,4,4,4,4,2,4,1,2,4,1,2,2,3,0,0,0,2,3,2,2,4,3,0,1,2,4,2,3,2,2,1,1,0,2,0,4,1,2,1,2,1,1,1,3,0,1,4,1,4,1,1,0,0,1,0,4,2,0,3,4,4,4,1,2,0,2,0,0,0,4,4,4,2,4,2,1,4,3,0,2,1,4,2,2,0,4,1,0,4,0,2,4,0,3,3,0,0,4,1,4,3,2,2,2,1,2,4,4,1,1,2,1,4,4,2,0,1,2,0,1,3,0,2,3,2,4,2,1,4,4,1,2,2,2,0,4,1,1,4,1,4,2,4,0,0,1,4,2,2,2,2,2,1,2,2,2,2,0,4,2,4,0,1,4,2,3,3,1,2,4,4,1,0,1,1,4,0,0,4,4,2,1,1,0,2,2,2,4,4,2,3,4,0,0,4,2,0,1,1,4,2,4,0,2,0,3,0,0,0,0,0,4,4,2,1,4,2,0,0,4,2,2,2,2,0,2,3,4,2,1,1,2,2,4,0,1,1,1,3,1,2,4,2,0,2,0,0,3,1,0,2,2,0,4,2,2,2,0,1,1,0,0,1,0,2,2,1,0,0,0,2,1,2,0,0,2,1,1,4,1,0,2,2,0,2,0,1,2,4,2,2,2,0,2,0,4,0,2,4,1,2,4,2,0,2,0,4,1,3,1,2,4,0,2,2,0,1,1,2,0,2,2,0,3,1,2,2,0,0,2,4,3,1,4,2,4,0,3,2,4,0,4,0,0,1,4,2,2,3,3,4,1,4,1,0,2,0,2,3,1,3,2,0,4,2,1,3,0,3,2,2,3,2,0,1,0,2,0,2,2,4,0,2,0,1,1,1,1,2,4,2,3,1,4,0,4,4,1,1,0,2,1,3,3,4,4,2,2,4,4,4,2,2,3,0,3,1,0,1,2,1,1,2,2,2,2,1,2,1,0,0,1,2,4,1,0,4,0,1,2,2,4,0,2,0,2,2,4,0,4,2,1,2,0,2,1,4,2,3,2,1,3,0,2,4,4,1,3,2,4,2,4,3,4,2,4,1,1,2,2,2,0,4,1,1,2,0,4,3,4,1,3,1,0,2,4,0,3,1,3,1,0,1,1,2,2,1,4,2,0,1,4,4,0,1,2,4,0,4,4,1,1,1,1,2,4,4,1,1,3,1,0,4,3,0,2,0,0,2,0,4,4,1,2,2,3,0,2,1,2,0,0,2,0,4,3,0,0,0,2,2,0,4,1,4,0,2,4,2,2,2,2,2,4,1,0,3,0,4,1,2,2,0,0,4,4,3,1,2,4,1,3,3,3,1,3,4,0,3,0,4,1,0,0,4,0,4,0,1,1,0,4,3,4,0,0,2,2,0,3,4,4,0,4,0,3,1,2,2,1,2,1,3,4,3,1,1,4,4,4,1,3,0,1,0,3,1,0,0,3,3,2,1,0,1,3,4,0,2,0,1,4,3,2,3,3,3,2,3,3,2,1,3,4,2,3,0,3,2,3,0,2,2,2,3,0,2,1,1,4,2,1,0,0,4,3,0,0,0,1,1,4,2,2,3,2,1,3,0,2,2,1,0,1,4,0,2,3,4,2,1,4,2,1,0,0,2,4,3,2,4,3,2,0,3,0,1,4,0,0,1,1,4,3,0,3,2,0,4,1,3,2,0,4,0,4,2,3,1,1,0,0,0,2,0,0,0,3,0,2,2,1,3,2,3,0,2,4,0,0,1,3,2,0,2,4,1,0,2,2,1,2,2,3,4,2,0,3,0,2,2,3,0,3,1,2,3,2,1,3,0,2,3,2,0,3,3,2,3,1,2,3,2,2,1,0,3,0,2,0,0,0,2,3,2,2,0,4,3,1,0,3,4,3,0,1,0,2,0,3,4,3,1,2,3,0,2,0,0,4,2,1,2,0,2,1,2,2,3,3,3,1,0,1,0,2,1,1,0,2,1,1,3,3,0,2,3,0,0,2,2,3,3,3,1,3,3,3,4,0,0,1,2,2,3,3,0,4,2,2,1,2,2,1,3,1,2,3,2,3,2,3,3,0,0,1,0,2,1,0,3,3,4,3,3,3,4,2,1,0,0,0,2,4,2,2,3,3,0,0,1,4,0,2,2,2,3,0,3,3,2,3,3,1,2,3,3,3,3,3,2,1,3,0,3,2,4,2,3,2,2,3,3,2,1,4,4,4,3,3,2,1,0,3,3,2,3,4,2,4,2,2,3,2,3,1,0,3,2,3,3,0,3,3,3,2,3,3,0,4,0,0,2,0,0,2,0,3,2,0,3,1,3,2,0,0,2,0,1,2,0,0,3,4,0,3,3,4,0,2,0,1,3,1,1,2,1,3,2,1,3,2,3,3,4,2,0,2,2,3,3,3,1,3,3,2,2,3,0,0,2,3,2,0,4,0,1,1,3,3,3,0,2,3,3,4,2,2,2,3,2,0,1,3,1,4,0,2,4,1,0,4,3,3,2,3,0,3,3,4,2,0,1,1,2,0,1,3,4,2,2,1,3,3,0,1,4,0,3,3,0,1,2,0,3,3,2,4,2,3,0,2,3,2,3,3,4,3,2,3,1,3,3,3,3,3,0,2,0,2,2,3,2,4,3,0,3,3,0,0,0,1,3,0,1,0,2,3,3,3,3,0,3,2,0,0,0,3,3,0,2,2,2,0,2,3,1,2,3,4,2,1,2,1,4,2,1,1,4,0,4,3,0,2,4,2,2,0,2,0,1,3,2,0,3,1,1,4,1,1,0,4,0,1,1,2,2,2,2,3,0,2,3,4,3,2,2,0,1,4,2,1,0,0,4,4,3,2,3,0,4,0,0,2,1,2,3,0,3,4,3,4,0,0,0,4,4,2,2,0,0,3,3,3,3,3,1,4,0,0,3,1,3,2,0,4,2,1,0,3,0,2,3,3,0,0,4,3,0,0,4,3,2,3,0,2,4,2,4,3,3,0,3,2,2,2,4,4,2,2,4,2,0,4,2,2,0,0,2,2,3,4,4,0,4,0,1,2,1,4,4,2,4,2,0,1,2,2,1,0,2,0,2,3,0,3,2,3,4,2,2,2,0,4,2,4,2,4,2,0,3,3,2,2,3,1,3,1,3,3,4,3,0,0,4,0,1,3,0,3,3,3,0,2,2,3,3,3,3,4,0,0,3,0,2,4,4,4,4,3,0,0,1,3,2,2,1,1,4,0,0,1,0,0,2,3,3,2,4,2,1,3,3,0,0,3,0,0,3,3,0,0,0,3,2,4,1,1,3,3,2,2,0,1,3,0,3,4,1,0,3,2,0,3,1,3,3,0,4,1,2,2,2,3,3,0,2,0,2,3,2,3,3,2,4,4,0,2,3,3,4,0,2,0,3,3,4,4,3,2,3,4,3,1,3,3,0,3,0,2,4,3,2,3,3,3,4,0,4,0,0,0,4,4,3,4,2,0,2,3,1,3,1,1,1,3,2,3,3,4,0,1,4,2,1,2,0,3,2,2,0,2,1,3,2,0,3,0,3,2,0,4,3,0,1,0,4,3,0,2,3,2,4,0,1,0,0,0,0,3,1,0,0,4,2,1,3,2,2,2,0,0,3,2,1,0,3,4,4,3,3,3,0,3,0,3,0,2,0,3,1,4,2,0,4,2,3,2,2,0,1,2,3,2,2,3,1,2,0,0,0,3,3,1,0,0,0,4,3,1,0,0,1,3,3,3,2,0,4,1,1,2,2,0,0,2,2,1,3,2,3,1,2,2,0,1,2,2,2,2,3,2,2,0,3,3,0,3,3,3,3,0,0,3,3,0,2,1,3,3,3,3,3,3,2]",ok,
16,uniform,3,0.2,0.6046046727967491,10,"fused_2_medium+fused_4_high+fused_5_medium, fused_1_medium+fused_2_medium+fused_3_medium+fused_4_high, fused_2_medium+fused_3_low+fused_4_high, fused_1_medium+fused_3_medium+fused_4_high+fused_5_medium, fused_5_high, fused_1_high+fused_2_medium+fused_4_high, fused_1_medium+fused_4_high+fused_5_low, fused_2_high, fused_1_medium+fused_2_medium+fused_5_low, fused_2_medium+fused_3_medium+fused_4_high+fused_5_low",huang,"[362, 424, 412, 240, 361]",0.28695238331235856,0.03557531962201223,"[2,2,2,2,1,1,2,0,2,1,0,1,0,4,3,1,1,3,2,2,2,3,2,2,2,2,1,1,4,4,2,1,2,4,2,3,3,4,3,4,3,2,1,1,2,2,2,2,1,0,4,0,1,1,1,3,3,3,1,1,3,2,2,3,4,3,1,3,2,2,2,3,2,1,2,2,3,1,1,2,1,3,1,3,2,2,2,2,1,2,2,0,2,3,1,1,0,4,4,4,1,0,1,1,2,0,4,3,1,2,1,0,1,1,3,3,4,1,4,2,3,1,3,1,3,3,3,0,4,3,2,3,2,3,3,4,4,3,2,2,1,4,0,2,2,2,1,1,4,1,2,4,2,2,2,2,1,2,1,3,2,0,4,1,3,2,1,4,4,2,3,4,2,4,1,2,4,0,0,4,4,2,3,2,0,1,1,4,3,1,2,2,3,3,1,3,2,2,1,4,3,1,4,3,0,4,1,0,1,2,4,3,2,2,3,1,1,1,4,2,3,3,2,3,2,1,2,3,2,3,2,4,1,4,1,1,3,1,1,1,1,4,2,1,2,4,3,2,1,0,0,2,1,2,2,3,4,3,3,2,4,4,2,2,1,3,3,4,1,1,1,2,2,4,0,2,4,4,2,4,4,2,3,2,1,2,4,4,4,0,4,4,2,4,4,2,2,1,3,2,1,2,4,2,1,1,4,1,4,1,0,2,1,3,3,1,1,2,4,3,3,3,0,3,1,2,1,2,1,4,4,0,3,4,1,0,4,2,1,1,1,2,3,3,4,4,3,1,1,1,1,4,4,4,1,3,1,4,2,4,3,3,2,3,4,1,1,4,1,4,3,1,2,1,1,1,4,1,4,2,4,1,2,3,1,2,1,4,1,4,2,3,0,2,1,2,4,1,1,2,3,3,1,4,1,4,4,0,2,1,1,4,4,1,2,0,3,2,1,2,4,0,1,2,4,2,4,4,3,2,1,1,0,0,2,3,2,3,4,1,4,1,0,2,0,1,1,2,1,3,0,4,0,1,1,0,1,4,1,4,1,4,1,1,2,4,1,4,3,3,2,3,1,2,1,0,3,2,4,2,2,3,3,2,1,3,0,0,2,2,1,1,2,2,2,1,1,0,4,0,3,4,2,4,3,2,1,1,1,1,2,1,3,4,4,3,1,2,3,4,2,4,2,1,1,2,4,1,2,4,1,2,4,2,1,3,1,4,1,3,2,1,0,1,3,0,4,1,2,2,2,0,1,2,1,2,0,2,1,2,3,3,1,1,1,4,2,3,3,1,4,2,0,2,3,0,3,4,1,2,2,0,3,0,3,4,3,3,1,1,3,2,1,4,3,2,2,2,3,1,2,4,2,2,3,3,3,3,1,2,2,3,3,0,1,4,2,0,4,1,4,4,1,4,2,2,3,1,1,0,4,1,3,1,4,4,1,4,2,0,2,4,2,4,1,4,2,3,2,2,1,2,1,1,1,1,1,2,3,2,0,1,2,3,1,4,4,4,2,2,0,2,1,2,3,0,0,0,3,0,2,2,0,4,2,3,4,4,2,4,2,4,2,3,2,2,0,2,4,4,1,1,4,0,2,2,4,2,2,0,3,1,1,2,1,3,0,2,0,3,2,2,2,2,2,0,4,3,4,0,3,1,2,0,0,1,2,2,3,0,2,4,1,4,1,2,0,1,0,0,0,4,0,0,4,2,0,2,1,0,4,0,1,0,2,1,4,1,2,4,1,3,3,2,1,1,4,4,2,0,4,4,2,3,3,2,1,1,0,1,3,0,4,1,1,3,2,2,2,4,1,0,2,1,3,2,1,3,4,1,1,2,0,1,2,0,1,2,0,4,3,2,4,2,3,3,2,0,4,0,1,2,2,3,0,1,4,2,4,2,1,0,2,3,4,2,4,1,4,4,4,0,4,4,1,3,0,1,0,4,1,2,4,4,3,0,1,4,1,2,3,4,1,1,3,1,1,0,2,1,1,0,4,1,4,0,4,0,3,1,0,1,3,0,2,1,0,1,2,0,0,1,0,1,1,0,1,1,3,4,2,4,1,4,2,4,1,0,1,1,4,2,0,2,4,0,2,0,4,3,4,1,4,0,2,0,3,1,0,4,1,2,4,2,1,3,4,4,1,2,1,1,0,0,0,3,1,3,4,1,3,1,4,1,3,3,0,0,4,1,0,4,4,1,1,0,0,0,3,0,0,0,2,4,4,3,1,1,0,0,4,2,1,1,3,0,1,3,0,3,2,0,1,0,1,0,0,2,2,2,4,1,3,4,0,0,2,0,0,0,2,1,3,4,4,4,1,2,1,1,0,0,4,4,2,2,4,1,1,1,0,2,0,0,1,0,0,3,1,0,0,0,0,0,1,3,0,4,0,1,2,1,0,1,1,0,0,1,3,2,2,2,0,0,1,3,4,0,0,1,0,2,1,2,0,4,0,4,0,3,4,0,1,0,0,2,0,0,0,1,0,0,4,2,4,4,1,4,4,1,4,0,4,4,0,2,0,1,4,4,2,2,3,1,4,4,0,2,2,0,0,2,2,4,4,3,0,3,3,1,3,0,1,3,0,2,0,0,2,1,1,1,1,0,0,0,3,0,0,1,1,0,4,4,4,0,1,4,2,2,3,3,4,0,0,4,1,0,0,2,1,1,1,0,1,4,3,0,3,2,4,1,2,3,4,2,0,0,1,0,2,0,0,2,4,2,2,3,4,4,3,0,2,2,1,3,0,0,4,3,2,2,0,0,2,2,1,4,0,0,1,2,1,0,4,1,0,1,0,0,2,0,1,0,3,2,0,0,0,0,2,4,1,1,1,0,1,2,0,4,0,0,4,2,2,3,0,4,3,4,1,0,0,0,0,4,0,1,4,4,4,0,0,4,4,1,1,4,4,0,1,1,0,2,4,3,1,3,2,1,3,2,2,4,2,0,4,1,2,4,1,4,4,4,3,0,4,2,0,3,3,2,2,3,4,2,4,3,3,1,1,1,1,0,4,2,0,2,0,1,1,2,3,2,1,3,4,4,2,2,0,1,0,4,2,4,4,1,3,1,0,2,0,2,0,2,4,4,4,2,2,4,1,4,2,0,0,0,0,0,3,2,4,4,0,3,0,1,4,2,4,3,2,0,4,1,0,0,1,4,2,0,4,4,2,0,1,0,4,4,2,1,2,0,0,4,2,4,1,1,2,2,1,4,2,1,2,2,1,4,4,4,1,1,0,2,2,4,2,4,3,1,2,2,2,1,2,4,4,3,1,1,3,4,4,4,1,0,4,0,1,0,2,1,1,1,4,2,1,2,1,2,1,4,0,0,1,1,0,3,0,3,0,0,2,0,2,4,2,4,3,0,4,0,0,0,4,1,1,0,0,0,0,2,2,4,0,4,1,2,2,2,2,0,4,2,2,0,4,1,3,2,2,1,4,3,4,4,1,0,0,1,2,1,3,0,0,4,4,0,4,2,0,0,4,4,4,0,1,2,1,2,2,0,1,1,4,3,0,4,0,2,3,4,0,1,2,0,3,0,0,4,2,3,1,1,1,0,0,4,1,4,1,0,1,0,0,1,2,2,4,1,0,0,2,4,1,4,0,0,2,2,0,1,0,2,0,1,0,0,4,0,4,1,2,0,1,0,0,0,2,4,2,4,2,4,2,2,0,2,1,2,1,0,3,0,3,3,3,0,1,0,0,2,4,3,2,1,3,1,2,0,1,1,4,4,3,0,1,2,0,4,0,4,4,2,0,4,3,2,2,0,4,1,0,1,2,4,3,4,4,4,4,0,3,4,2,2,1,2,0,1,1,1,4,4,0,4,3,4,0,2,2,0,0,0,2,0,4,0,4,1,2,0,3,2,1,2,2,1,0,1,1,4,3,1,0,1,1,0,3,1,2,2,1,0,0,3,4,4,2,2,0,3,4,4,2,0,2,0,2,4,2,3,3,4,4,2,4,1,0,3,0,1,0,3,1,1,4,3,1,1,1,1,0,2,1,4,0,0,4,0,0,0,0,2,2,0,0,4,1,3,0,2,0,0,0,0,1]",ok,
17,uniform,3,0.15,0.5670586632073337,10,"fused_1_medium+fused_3_medium+fused_4_high+fused_5_medium, fused_1_high+fused_2_medium+fused_3_low+fused_4_high, fused_2_medium+fused_3_medium+fused_4_high+fused_5_medium, fused_2_high+fused_5_high, fused_2_medium+fused_3_low+fused_4_high+fused_5_medium, fused_1_medium+fused_2_medium+fused_3_medium+fused_4_high+fused_5_low, fused_1_high+fused_2_medium+fused_4_high+fused_5_medium, fused_1_medium+fused_2_medium+fused_4_high+fused_5_medium, fused_3_medium+fused_5_high, fused_2_low+fused_3_medium+fused_4_high",huang,"[711, 256, 280, 236, 316]",0.3183880854153018,0.12117843246247915,"[2,0,2,2,1,1,2,4,2,0,0,0,4,0,3,1,1,3,2,2,0,3,2,2,0,2,1,1,0,0,2,1,2,0,2,3,3,0,3,0,3,0,1,1,0,2,2,2,0,4,0,4,1,0,1,3,3,3,1,0,3,2,2,3,0,3,0,3,2,2,0,3,2,1,2,2,3,1,1,2,1,3,1,3,2,2,2,2,0,2,0,0,2,3,1,1,4,0,0,0,0,4,0,0,2,4,0,3,1,2,1,0,1,1,3,3,0,1,0,2,3,1,3,1,3,3,3,4,0,3,2,3,2,3,3,0,0,3,0,2,1,0,4,2,2,2,0,1,0,1,0,0,0,2,2,2,0,2,1,3,2,4,0,1,3,2,0,0,0,2,3,0,2,0,1,2,0,0,4,0,0,2,3,2,4,1,1,0,3,1,2,2,3,3,0,3,2,2,0,0,3,0,0,3,4,0,0,4,1,2,0,3,2,2,3,0,0,1,0,2,3,3,2,3,2,1,2,0,0,3,2,0,1,0,0,1,3,0,1,1,1,0,2,1,2,0,3,2,1,4,4,0,1,2,2,3,0,3,3,2,0,0,2,2,1,3,3,0,1,0,1,2,2,0,4,2,0,0,2,0,0,0,3,2,1,2,0,0,0,4,0,0,0,0,0,2,2,1,3,2,1,0,0,2,1,1,0,1,0,0,4,2,0,3,3,0,1,2,0,3,3,3,4,3,0,2,1,0,1,0,0,4,3,0,1,0,0,2,0,0,1,0,3,3,0,0,3,0,0,1,0,0,0,0,0,3,0,0,0,0,3,3,2,3,0,1,1,0,0,0,3,0,2,1,0,1,0,1,0,2,0,1,2,3,1,2,0,0,0,0,2,3,4,0,0,2,0,0,1,0,3,3,1,0,1,0,0,4,0,0,0,0,0,1,2,4,3,2,1,2,0,4,1,2,0,2,0,0,3,2,1,0,4,4,2,3,2,3,0,0,0,1,4,0,4,0,0,2,0,3,4,0,4,1,1,4,1,0,0,0,1,0,0,1,2,0,1,0,3,3,0,3,1,2,1,4,0,2,0,2,2,3,3,0,1,3,4,4,2,2,0,1,2,2,2,0,1,4,0,4,3,0,0,0,3,0,0,1,0,1,0,0,3,0,0,3,1,2,3,0,2,0,0,0,1,2,0,1,0,0,0,2,0,2,1,3,0,0,1,3,2,1,4,0,3,4,0,1,2,2,0,4,1,2,1,2,4,2,1,2,3,3,1,1,1,0,2,3,3,1,0,2,4,2,3,4,3,0,1,2,0,4,3,4,0,0,3,3,1,1,3,2,0,0,3,2,2,2,3,1,2,0,2,2,3,3,3,3,1,2,2,3,3,4,0,0,2,4,0,1,0,0,1,0,2,2,3,1,1,4,0,1,3,1,0,0,1,0,2,4,0,0,0,0,1,0,2,3,2,0,1,2,1,1,1,1,0,2,3,0,4,0,2,3,0,0,0,0,2,2,4,0,1,2,3,0,0,4,3,4,2,0,4,0,2,3,0,0,2,0,2,0,0,3,0,2,4,2,0,0,0,0,0,4,2,2,0,2,0,4,3,0,1,0,1,3,4,2,0,3,0,2,2,2,0,4,0,3,0,4,3,0,0,4,4,0,0,0,3,4,2,0,1,0,0,2,4,1,4,4,0,0,0,4,0,0,4,2,1,4,0,4,1,4,0,1,0,1,0,0,0,3,3,2,0,0,0,0,2,4,0,0,0,3,3,2,1,1,4,1,3,4,0,0,1,3,0,0,2,0,1,4,2,1,3,2,1,3,0,0,0,2,4,1,2,4,1,0,4,0,3,2,0,0,3,3,2,0,0,4,0,0,2,3,4,1,0,2,0,2,0,4,0,3,0,0,0,0,0,0,0,4,0,0,1,3,4,0,4,0,0,2,0,0,3,4,1,0,1,2,3,0,1,1,3,1,0,4,2,1,0,4,0,1,0,4,0,0,3,1,0,0,3,0,0,1,4,1,0,4,4,0,4,0,1,4,1,1,3,0,0,0,1,0,0,0,0,4,1,1,0,2,4,0,0,4,2,0,0,3,0,1,0,4,2,4,3,0,4,0,1,0,0,2,1,3,0,0,0,0,1,1,4,0,0,3,0,3,0,1,3,0,0,1,3,3,4,4,0,0,4,0,0,0,1,4,4,4,3,4,4,4,2,0,0,3,1,1,0,4,0,2,0,0,3,0,0,3,4,3,0,4,0,4,0,0,4,0,0,0,0,1,3,0,4,4,2,0,4,4,2,1,3,0,0,0,1,2,1,0,4,4,0,0,0,2,0,0,0,0,4,0,4,4,0,0,0,3,1,4,4,4,4,4,1,3,4,0,4,1,2,1,4,0,0,0,4,1,3,2,2,2,0,4,1,0,0,4,4,1,4,2,1,2,0,0,4,0,4,3,0,4,0,4,4,0,4,4,4,1,4,4,0,2,0,0,1,0,0,0,0,4,0,0,0,0,4,1,0,0,0,0,3,0,0,0,4,2,0,4,4,2,0,0,0,3,4,3,3,0,3,0,0,3,4,0,0,4,2,1,0,0,1,4,4,4,3,4,4,1,1,4,0,0,0,0,1,0,2,0,3,3,0,4,4,0,0,4,4,2,0,0,1,4,0,0,3,4,3,2,0,0,2,3,0,2,4,4,1,4,0,4,4,2,0,0,0,3,0,0,3,4,2,0,0,3,4,4,0,3,2,0,4,4,0,0,0,0,0,4,1,2,1,4,0,1,4,0,4,4,2,4,0,4,3,0,4,4,4,4,0,0,0,1,1,4,1,2,4,0,4,4,0,0,0,3,4,0,3,0,0,4,4,4,4,0,4,0,0,0,0,4,4,0,0,0,1,0,0,4,0,1,4,2,0,3,0,3,2,0,3,0,2,0,2,4,0,0,2,0,1,0,0,0,3,4,0,0,4,3,3,2,0,3,0,2,0,3,3,0,0,1,0,4,0,0,0,2,4,0,1,0,3,2,1,3,0,0,2,2,4,1,4,0,2,0,0,0,3,1,4,0,4,2,4,2,0,0,0,2,2,0,1,0,0,4,4,4,4,4,3,2,0,0,4,3,4,0,0,2,0,3,0,4,0,1,4,4,0,0,2,0,0,0,2,0,1,4,0,0,2,1,2,4,4,0,0,0,1,0,2,2,0,0,2,1,0,2,0,0,0,0,0,1,4,2,2,0,2,0,3,0,0,2,2,0,2,0,0,3,1,1,3,0,0,0,1,4,0,4,0,4,2,1,0,1,0,2,1,2,0,2,1,0,4,4,1,1,4,3,4,3,4,4,2,4,0,0,2,0,3,4,0,4,4,4,0,1,1,4,4,4,4,2,0,0,4,0,1,2,2,2,2,4,0,0,0,0,0,1,3,0,2,0,0,3,0,0,1,4,4,1,2,1,3,4,4,0,0,4,0,0,4,4,0,0,0,4,0,2,0,0,0,4,0,1,0,3,0,0,4,2,3,0,4,0,0,4,3,4,4,0,2,3,1,1,1,4,4,0,0,0,1,4,1,4,4,1,2,2,0,0,4,4,2,0,0,0,4,4,2,2,4,0,4,2,0,0,4,0,0,4,0,0,2,4,0,0,4,4,2,0,2,0,0,0,2,2,4,2,0,0,1,4,3,4,3,3,3,4,1,0,4,2,0,3,0,1,3,1,0,0,1,1,0,0,3,4,1,0,4,0,4,0,0,2,4,0,3,0,2,4,0,1,4,0,2,0,3,0,0,0,0,4,3,0,0,2,0,0,4,1,1,1,0,0,4,0,3,0,4,2,2,4,4,0,0,4,0,4,0,0,0,4,3,2,0,0,0,1,4,1,1,0,3,1,4,1,0,4,3,1,0,0,0,4,0,3,0,0,0,2,4,3,0,0,0,4,0,4,0,0,2,3,3,0,0,0,0,0,0,3,4,0,4,3,1,1,0,3,0,1,1,1,4,0,0,0,4,4,0,4,4,0,4,0,0,4,4,0,0,3,4,0,4,4,4,0,1]",ok,
18,uniform,3,0.1,0.4349295855056053,10,"fused_1_medium+fused_2_medium+fused_3_medium+fused_4_high+fused_5_low, fused_1_high+fused_2_medium+fused_3_low+fused_4_high+fused_5_medium, fused_1_medium+fused_2_medium+fused_3_medium+fused_4_high+fused_5_medium, fused_1_medium+fused_2_low+fused_3_medium+fused_4_high, fused_2_high+fused_3_medium+fused_5_high, fused_1_medium+fused_3_low, fused_1_medium+fused_2_high+fused_5_high, fused_1_medium+fused_3_medium+fused_5_high, fused_2_low+fused_3_medium+fused_4_high+fused_5_medium, fused_4_medium",cao,"[261, 186, 194, 275, 883]",0.27687578745822405,0.0717065036131184,"[3,4,3,3,0,0,3,2,3,4,2,4,1,4,4,0,0,4,3,3,4,4,3,3,4,3,0,0,4,4,3,0,3,4,3,4,4,4,4,4,4,4,0,0,4,3,3,3,4,2,4,1,0,4,0,4,4,4,0,4,4,3,3,4,4,4,4,4,3,3,4,4,3,0,3,3,4,0,0,3,0,4,0,4,3,3,3,3,4,3,4,2,3,4,0,0,2,4,4,4,4,2,2,4,3,2,4,4,0,3,0,4,0,0,4,4,4,0,4,3,4,0,4,0,4,4,4,1,4,4,3,4,3,4,4,4,4,4,4,3,0,4,1,3,3,3,4,0,4,0,4,4,4,3,3,3,2,3,0,4,3,1,4,0,4,3,4,4,4,3,4,4,3,4,0,3,4,2,2,4,4,3,4,3,2,0,0,4,4,0,3,3,4,4,4,4,3,3,4,4,4,2,4,4,2,4,4,1,0,3,4,4,3,3,4,4,4,0,4,3,4,4,3,4,3,0,3,4,4,4,3,4,0,4,4,0,4,4,0,0,0,4,3,0,3,4,4,3,0,2,2,4,0,3,3,4,4,4,4,4,4,4,3,3,0,4,4,4,0,4,0,3,3,4,1,3,4,4,3,4,4,4,4,3,0,3,4,4,4,1,4,4,4,4,4,3,3,0,4,3,0,4,4,3,0,0,4,0,4,4,2,3,4,4,4,4,0,3,4,4,4,4,2,4,4,3,0,4,0,4,4,1,4,4,0,2,4,3,4,2,0,4,4,4,4,4,4,4,4,0,4,4,4,4,4,4,4,4,4,4,4,4,3,4,4,0,0,4,4,4,4,4,3,0,4,0,4,0,4,3,4,0,3,4,0,3,4,4,4,4,3,4,2,4,4,3,4,4,0,4,4,4,0,4,0,4,4,1,4,4,4,4,4,0,3,2,4,3,0,3,4,2,0,3,4,3,4,4,4,3,0,4,2,2,3,4,3,4,4,4,4,0,2,4,1,4,4,3,4,4,1,4,1,0,0,1,0,4,4,4,0,4,4,0,3,4,0,4,4,4,4,4,0,3,0,1,4,3,4,3,3,4,4,4,0,4,2,2,3,3,4,0,3,3,3,4,0,2,4,1,4,4,4,4,4,4,4,0,4,0,4,4,4,4,4,4,0,3,4,4,3,4,4,4,0,3,4,0,4,4,4,3,4,3,0,4,4,4,0,4,3,0,2,4,4,2,4,0,3,3,4,2,0,3,0,3,2,3,0,3,4,4,0,0,0,4,3,4,4,0,4,3,1,3,4,2,4,4,0,3,4,2,4,1,4,4,4,4,0,0,4,3,4,4,4,3,3,4,4,0,3,4,3,3,4,4,4,4,0,3,3,4,4,2,4,4,3,1,4,0,4,4,0,4,3,3,4,0,0,1,4,0,4,0,4,4,0,4,3,2,4,4,4,4,0,4,3,4,3,4,0,3,0,0,0,0,4,3,4,4,2,4,3,4,4,4,4,4,3,3,1,4,0,3,4,2,4,2,4,2,3,4,2,4,3,4,4,4,3,4,3,4,4,4,4,3,2,3,4,4,4,4,4,1,3,3,4,3,4,2,4,4,0,4,0,4,1,3,2,4,4,3,3,3,4,1,4,4,4,1,4,4,4,2,2,4,4,4,4,1,3,4,0,4,4,3,1,0,1,1,2,4,2,1,4,4,1,3,0,2,4,1,0,1,4,0,4,0,2,4,4,4,4,3,4,4,4,4,3,1,4,4,4,4,4,3,0,0,2,0,4,1,4,4,0,4,4,4,3,4,0,2,3,0,4,3,0,4,4,4,4,3,2,0,4,1,0,4,2,4,4,3,4,4,4,4,3,2,4,1,4,4,3,4,1,0,4,3,4,3,4,2,4,4,4,4,4,4,4,4,4,1,4,4,0,4,2,4,2,4,4,3,4,4,4,1,0,4,0,3,4,4,0,0,4,0,4,2,3,0,4,1,4,0,4,1,4,2,4,0,2,4,4,2,4,0,1,0,4,1,1,0,1,4,0,2,0,0,4,4,2,4,0,4,4,4,4,1,0,0,4,3,2,4,4,1,3,2,4,4,4,0,4,2,3,2,4,2,2,4,0,4,4,3,0,4,4,4,4,4,0,0,2,2,2,4,4,4,4,0,4,4,4,0,4,4,2,2,4,4,2,4,4,4,0,1,1,1,4,1,2,1,3,4,4,4,0,0,2,1,4,3,2,4,4,0,4,4,2,4,4,1,0,2,4,2,1,4,4,4,4,0,4,4,2,1,3,2,1,1,4,0,4,4,4,4,0,3,0,4,1,1,4,4,4,3,4,4,4,4,1,4,1,1,2,2,2,4,0,2,1,1,2,2,0,4,1,4,1,0,3,0,1,2,4,2,2,0,4,3,3,3,2,1,0,4,4,1,1,0,2,3,0,3,0,4,2,4,1,4,4,2,4,1,1,4,1,1,1,0,1,1,4,3,4,4,0,4,4,4,4,1,4,4,2,4,2,0,4,4,4,4,4,4,4,4,2,3,4,1,2,3,4,4,4,4,1,4,4,4,4,2,4,4,1,2,2,2,3,0,4,4,0,1,1,1,4,1,2,0,0,1,4,4,4,2,0,4,3,4,4,4,4,1,1,4,4,1,2,3,4,4,0,1,4,4,4,1,4,3,4,4,3,4,4,3,1,2,0,2,4,1,1,3,4,4,4,4,4,4,4,1,3,4,2,4,1,1,4,4,3,4,2,2,4,4,2,4,2,1,0,3,0,1,4,0,1,4,2,1,3,1,4,1,4,2,2,1,1,1,4,4,4,0,0,1,0,3,1,4,1,1,4,4,4,4,1,4,4,4,4,1,2,2,1,4,1,4,4,4,4,2,2,4,4,4,0,4,4,1,4,0,1,3,4,4,4,4,3,2,4,4,3,4,3,1,4,4,3,4,0,4,4,4,4,2,4,4,1,4,4,3,4,4,4,3,4,4,4,4,4,0,4,2,4,2,2,3,1,2,0,4,4,3,0,4,4,4,3,3,2,0,1,4,3,4,4,4,4,0,1,4,2,3,1,3,4,4,4,3,3,4,0,4,4,2,1,1,2,2,4,3,4,4,1,4,2,4,4,3,4,4,4,1,4,0,1,1,4,4,3,2,4,4,3,2,0,2,4,4,3,0,3,1,2,4,2,4,0,4,3,3,2,4,3,0,4,3,4,4,4,4,4,0,1,3,4,4,3,4,4,4,4,3,3,4,3,4,4,4,0,0,4,4,4,4,0,2,4,1,4,1,3,0,4,0,4,3,0,3,4,3,0,4,2,1,0,0,2,4,2,4,1,1,3,2,4,4,3,4,4,2,4,1,2,1,4,0,0,2,1,1,2,3,4,4,2,4,0,3,3,3,3,1,4,4,4,2,4,0,4,4,3,4,4,4,4,4,0,1,1,0,3,0,4,1,1,4,4,2,4,4,1,1,4,4,4,1,4,3,4,4,2,1,4,0,4,4,2,4,1,3,4,4,1,4,4,1,4,1,1,4,3,4,0,0,0,2,2,4,4,4,0,1,0,2,2,0,3,3,4,4,1,1,3,4,4,4,1,1,3,3,2,4,2,3,2,4,1,2,4,2,4,4,3,2,4,2,2,2,3,4,3,4,4,4,3,3,2,3,4,4,0,2,4,2,4,4,4,1,0,2,1,3,4,4,4,0,4,0,4,2,0,0,4,4,4,1,0,4,2,4,1,4,4,3,2,4,4,4,3,1,4,0,1,4,3,4,4,4,4,4,4,1,4,4,4,3,0,4,1,0,0,0,4,4,2,4,4,4,2,3,3,1,2,2,4,1,4,1,4,4,4,2,4,3,4,4,4,0,1,0,0,4,4,0,1,0,4,1,4,0,4,4,4,1,2,4,4,4,4,3,2,4,4,4,4,1,2,2,4,4,3,4,4,4,4,4,4,4,2,4,1,4,2,4,0,0,4,4,4,0,0,0,2,4,4,4,1,2,4,1,2,2,2,4,4,1,1,4,4,4,1,2,2,1,1,2,0]",ok,
19,uniform,5,1.0,0.42748573683993574,0,,,[],,,,baseline_no_features,
20,uniform,5,0.95,0.42748573683993574,0,,,[],,,,baseline_no_features,
21,uniform,5,0.9,0.42748573683993574,0,,,[],,,,baseline_no_features,
22,uniform,5,0.85,0.42748573683993574,0,,,[],,,,baseline_no_features,
23,uniform,5,0.8,0.42748573683993574,0,,,[],,,,baseline_no_features,
24,uniform,5,0.75,0.42748573683993574,0,,,[],,,,baseline_no_features,
25,uniform,5,0.7,0.42748573683993574,0,,,[],,,,baseline_no_features,
26,uniform,5,0.65,0.42748573683993574,0,,,[],,,,baseline_no_features,
27,uniform,5,0.6,0.4494166673007198,1,fused_4_veryhigh,huang,"[898, 267, 275, 164, 195]",0.17785736842700012,0.03501945525291829,"[1,0,1,1,2,0,1,4,1,0,4,2,4,0,0,0,0,0,1,1,0,0,1,1,0,1,0,0,0,0,1,0,1,0,1,0,0,0,0,0,0,0,0,0,0,1,1,1,2,4,2,3,2,2,0,0,0,0,0,0,0,1,1,0,0,0,2,0,1,1,0,0,1,2,1,1,0,2,0,1,0,0,0,0,0,1,1,1,0,1,0,2,1,0,0,0,4,0,0,0,2,4,0,0,1,4,0,0,2,1,0,4,0,0,0,0,0,0,0,1,0,0,0,0,0,0,0,3,0,0,1,0,1,0,0,0,0,0,0,1,0,0,3,1,1,1,0,2,0,0,0,0,0,1,1,1,0,1,0,2,1,3,0,0,2,1,2,2,0,0,2,0,1,0,0,1,2,4,4,0,0,1,0,1,4,0,0,2,0,0,1,1,0,0,0,0,1,1,0,0,0,2,0,0,4,2,0,3,0,1,0,0,1,1,0,0,2,0,0,1,0,0,1,0,1,0,1,0,0,0,1,2,0,2,2,0,0,0,0,2,0,0,1,0,1,0,0,1,0,4,4,0,0,1,1,0,0,0,0,1,2,0,1,1,0,0,0,0,0,2,0,1,0,2,3,1,0,0,1,2,0,0,0,1,2,1,0,2,0,3,0,0,0,0,0,1,1,0,0,1,2,2,0,1,2,0,0,0,0,0,4,1,0,0,0,0,0,1,2,0,0,0,4,0,0,1,0,1,0,0,0,4,0,0,0,2,0,1,2,2,0,2,0,0,2,2,0,0,0,0,0,0,2,2,2,0,2,0,0,2,0,0,1,0,2,0,0,0,2,0,0,0,1,0,0,0,0,0,0,1,0,0,1,0,0,1,0,0,2,2,1,0,4,0,0,1,0,2,0,2,0,0,0,2,0,2,0,3,0,2,2,0,0,0,1,4,0,1,2,2,0,4,0,1,2,1,2,0,0,1,0,0,4,4,1,0,1,0,0,0,0,0,4,0,3,0,0,2,0,0,3,0,3,0,0,4,2,0,0,0,0,0,0,2,1,0,2,0,0,0,0,0,0,1,0,3,0,1,2,1,1,0,0,0,0,0,4,4,1,1,0,0,1,1,1,0,0,4,0,3,0,0,0,2,0,0,0,0,0,2,0,2,0,0,0,0,0,1,0,0,1,0,0,2,0,1,2,0,0,0,2,1,0,1,2,1,0,0,0,2,1,0,4,0,0,4,0,2,1,1,0,4,0,1,0,1,4,1,0,1,0,0,0,0,0,2,1,0,0,0,0,1,3,1,0,4,0,2,0,1,0,4,0,3,0,0,0,0,0,0,0,1,0,0,0,1,1,2,0,0,1,0,1,1,0,0,0,0,0,1,1,0,0,4,0,0,1,3,0,0,0,0,2,0,1,1,0,2,2,3,0,0,0,0,0,0,2,0,1,4,0,0,0,2,0,0,1,0,0,0,0,1,0,0,0,0,0,1,0,2,4,0,1,0,0,2,0,0,1,1,3,0,0,1,0,4,4,4,0,4,1,0,4,0,1,0,2,0,1,0,1,2,0,0,0,1,4,1,0,2,0,2,2,3,1,1,0,0,0,4,0,0,0,0,0,0,3,1,4,2,0,1,1,0,0,3,0,0,2,4,0,2,0,4,4,0,0,0,0,3,1,0,0,0,0,1,3,0,3,3,4,2,4,3,0,0,3,2,0,4,0,3,0,3,0,0,2,0,4,0,2,2,0,1,0,0,0,0,1,3,0,0,2,0,0,1,2,0,4,2,0,3,0,0,2,0,0,0,1,2,0,4,1,2,2,1,0,0,2,0,2,1,4,0,1,3,0,0,4,0,0,1,0,0,0,0,0,4,0,3,0,2,1,0,3,0,0,1,2,1,0,4,0,0,0,2,0,2,0,0,0,3,0,2,2,0,4,0,4,2,0,1,0,0,0,3,0,2,0,1,0,0,0,0,0,0,0,4,1,0,0,3,0,0,2,3,0,4,0,0,4,0,0,4,0,2,3,0,0,3,4,2,3,0,0,4,0,0,0,0,2,2,0,0,0,0,2,4,2,0,0,1,4,0,0,3,1,4,2,0,0,0,2,4,1,4,2,2,4,0,0,0,0,2,0,0,2,0,0,0,2,0,4,4,4,0,2,2,0,2,0,0,2,0,0,0,4,4,0,2,4,0,0,2,0,3,3,3,0,3,4,3,1,0,0,2,0,2,4,3,0,1,2,0,0,2,0,0,4,0,2,3,2,4,2,4,4,0,0,0,0,2,0,2,4,3,1,4,3,3,1,2,0,0,0,0,0,1,2,2,3,3,2,2,0,1,0,0,2,2,3,2,3,3,2,4,4,0,0,4,3,3,4,4,0,0,3,0,3,0,1,0,3,0,0,4,4,2,0,1,1,1,4,3,0,2,0,3,3,0,4,1,0,1,2,2,4,2,3,0,0,4,2,3,3,0,4,3,3,0,3,3,0,1,0,0,0,0,0,0,2,3,2,0,4,0,4,0,2,0,0,0,0,0,0,0,4,1,0,3,4,1,0,0,0,0,3,2,0,0,2,4,0,0,3,2,4,4,1,0,0,0,2,3,3,3,2,3,4,2,2,3,0,2,2,4,0,0,1,0,0,0,2,3,3,0,2,3,4,1,0,0,0,4,2,0,2,3,2,1,0,2,1,0,0,1,3,4,2,4,0,3,3,1,0,0,0,0,0,0,0,3,1,2,2,0,3,3,2,0,1,0,4,4,0,0,0,0,4,3,2,1,2,3,0,0,3,2,4,4,1,3,2,3,0,4,4,3,3,3,0,2,0,2,0,3,0,1,3,0,3,3,2,0,0,2,3,2,0,0,2,4,4,4,3,2,3,0,2,2,0,4,4,0,2,0,0,0,2,3,2,0,3,1,2,0,0,2,1,2,0,0,1,2,1,3,0,0,1,2,0,0,2,2,0,4,2,2,4,0,0,1,0,0,2,1,0,0,0,2,0,0,0,4,0,2,4,1,3,2,2,0,0,1,0,0,0,2,1,1,4,0,4,0,1,0,0,0,0,0,3,0,4,1,3,1,0,0,0,1,1,0,0,0,0,4,3,3,4,4,0,1,0,0,3,2,4,2,0,1,2,0,0,3,0,0,3,3,0,0,1,4,0,0,1,4,0,4,0,0,1,0,1,3,4,0,2,0,2,0,1,1,2,2,2,0,0,0,2,0,2,0,0,0,3,1,1,0,1,0,0,0,0,1,1,2,1,2,2,0,0,0,0,2,2,0,2,4,0,3,0,4,1,0,0,0,0,1,2,1,0,1,0,0,4,3,2,0,4,0,4,0,3,4,1,4,2,0,1,0,0,4,0,3,4,3,2,0,2,4,3,3,4,1,0,0,4,0,0,1,1,1,1,3,0,0,0,4,0,0,0,0,1,0,0,0,0,0,0,3,3,2,1,0,0,3,3,0,0,4,0,0,3,3,0,2,0,3,0,1,2,0,2,4,0,0,0,0,4,0,3,1,0,2,3,0,0,3,0,4,4,0,1,0,0,0,0,4,4,0,2,0,0,3,0,4,4,2,1,1,0,0,3,4,1,0,2,0,3,3,1,1,4,0,4,1,4,0,3,4,2,4,0,0,1,4,0,4,4,4,1,0,1,2,2,0,0,1,4,2,2,0,0,4,2,4,2,0,0,3,0,4,3,1,0,0,1,0,0,0,0,4,2,0,0,2,0,3,2,0,4,0,3,2,0,1,4,0,0,0,1,3,2,0,3,0,1,0,0,0,0,0,0,4,0,0,0,1,0,0,3,0,0,0,2,0,4,0,0,0,4,1,1,3,4,4,0,3,0,3,0,0,0,4,0,1,0,0,2,0,3,0,0,0,0,0,3,0,2,3,2,0,2,0,0,3,4,0,0,0,2,1,4,2,0,2,0,3,2,4,0,0,1,0,2,0,2,0,0,0,2,0,4,2,4,0,0,0,0,0,2,0,0,0,4,2,0,0,3,4,2,3,4,4,4,2,2,4,3,0,2,0,3,2,4,3,3,4,2]",ok,
28,uniform,5,0.55,0.4494166673007198,1,fused_4_veryhigh,huang,"[898, 267, 275, 164, 195]",0.17785736842700012,0.03501945525291829,"[1,0,1,1,2,0,1,4,1,0,4,2,4,0,0,0,0,0,1,1,0,0,1,1,0,1,0,0,0,0,1,0,1,0,1,0,0,0,0,0,0,0,0,0,0,1,1,1,2,4,2,3,2,2,0,0,0,0,0,0,0,1,1,0,0,0,2,0,1,1,0,0,1,2,1,1,0,2,0,1,0,0,0,0,0,1,1,1,0,1,0,2,1,0,0,0,4,0,0,0,2,4,0,0,1,4,0,0,2,1,0,4,0,0,0,0,0,0,0,1,0,0,0,0,0,0,0,3,0,0,1,0,1,0,0,0,0,0,0,1,0,0,3,1,1,1,0,2,0,0,0,0,0,1,1,1,0,1,0,2,1,3,0,0,2,1,2,2,0,0,2,0,1,0,0,1,2,4,4,0,0,1,0,1,4,0,0,2,0,0,1,1,0,0,0,0,1,1,0,0,0,2,0,0,4,2,0,3,0,1,0,0,1,1,0,0,2,0,0,1,0,0,1,0,1,0,1,0,0,0,1,2,0,2,2,0,0,0,0,2,0,0,1,0,1,0,0,1,0,4,4,0,0,1,1,0,0,0,0,1,2,0,1,1,0,0,0,0,0,2,0,1,0,2,3,1,0,0,1,2,0,0,0,1,2,1,0,2,0,3,0,0,0,0,0,1,1,0,0,1,2,2,0,1,2,0,0,0,0,0,4,1,0,0,0,0,0,1,2,0,0,0,4,0,0,1,0,1,0,0,0,4,0,0,0,2,0,1,2,2,0,2,0,0,2,2,0,0,0,0,0,0,2,2,2,0,2,0,0,2,0,0,1,0,2,0,0,0,2,0,0,0,1,0,0,0,0,0,0,1,0,0,1,0,0,1,0,0,2,2,1,0,4,0,0,1,0,2,0,2,0,0,0,2,0,2,0,3,0,2,2,0,0,0,1,4,0,1,2,2,0,4,0,1,2,1,2,0,0,1,0,0,4,4,1,0,1,0,0,0,0,0,4,0,3,0,0,2,0,0,3,0,3,0,0,4,2,0,0,0,0,0,0,2,1,0,2,0,0,0,0,0,0,1,0,3,0,1,2,1,1,0,0,0,0,0,4,4,1,1,0,0,1,1,1,0,0,4,0,3,0,0,0,2,0,0,0,0,0,2,0,2,0,0,0,0,0,1,0,0,1,0,0,2,0,1,2,0,0,0,2,1,0,1,2,1,0,0,0,2,1,0,4,0,0,4,0,2,1,1,0,4,0,1,0,1,4,1,0,1,0,0,0,0,0,2,1,0,0,0,0,1,3,1,0,4,0,2,0,1,0,4,0,3,0,0,0,0,0,0,0,1,0,0,0,1,1,2,0,0,1,0,1,1,0,0,0,0,0,1,1,0,0,4,0,0,1,3,0,0,0,0,2,0,1,1,0,2,2,3,0,0,0,0,0,0,2,0,1,4,0,0,0,2,0,0,1,0,0,0,0,1,0,0,0,0,0,1,0,2,4,0,1,0,0,2,0,0,1,1,3,0,0,1,0,4,4,4,0,4,1,0,4,0,1,0,2,0,1,0,1,2,0,0,0,1,4,1,0,2,0,2,2,3,1,1,0,0,0,4,0,0,0,0,0,0,3,1,4,2,0,1,1,0,0,3,0,0,2,4,0,2,0,4,4,0,0,0,0,3,1,0,0,0,0,1,3,0,3,3,4,2,4,3,0,0,3,2,0,4,0,3,0,3,0,0,2,0,4,0,2,2,0,1,0,0,0,0,1,3,0,0,2,0,0,1,2,0,4,2,0,3,0,0,2,0,0,0,1,2,0,4,1,2,2,1,0,0,2,0,2,1,4,0,1,3,0,0,4,0,0,1,0,0,0,0,0,4,0,3,0,2,1,0,3,0,0,1,2,1,0,4,0,0,0,2,0,2,0,0,0,3,0,2,2,0,4,0,4,2,0,1,0,0,0,3,0,2,0,1,0,0,0,0,0,0,0,4,1,0,0,3,0,0,2,3,0,4,0,0,4,0,0,4,0,2,3,0,0,3,4,2,3,0,0,4,0,0,0,0,2,2,0,0,0,0,2,4,2,0,0,1,4,0,0,3,1,4,2,0,0,0,2,4,1,4,2,2,4,0,0,0,0,2,0,0,2,0,0,0,2,0,4,4,4,0,2,2,0,2,0,0,2,0,0,0,4,4,0,2,4,0,0,2,0,3,3,3,0,3,4,3,1,0,0,2,0,2,4,3,0,1,2,0,0,2,0,0,4,0,2,3,2,4,2,4,4,0,0,0,0,2,0,2,4,3,1,4,3,3,1,2,0,0,0,0,0,1,2,2,3,3,2,2,0,1,0,0,2,2,3,2,3,3,2,4,4,0,0,4,3,3,4,4,0,0,3,0,3,0,1,0,3,0,0,4,4,2,0,1,1,1,4,3,0,2,0,3,3,0,4,1,0,1,2,2,4,2,3,0,0,4,2,3,3,0,4,3,3,0,3,3,0,1,0,0,0,0,0,0,2,3,2,0,4,0,4,0,2,0,0,0,0,0,0,0,4,1,0,3,4,1,0,0,0,0,3,2,0,0,2,4,0,0,3,2,4,4,1,0,0,0,2,3,3,3,2,3,4,2,2,3,0,2,2,4,0,0,1,0,0,0,2,3,3,0,2,3,4,1,0,0,0,4,2,0,2,3,2,1,0,2,1,0,0,1,3,4,2,4,0,3,3,1,0,0,0,0,0,0,0,3,1,2,2,0,3,3,2,0,1,0,4,4,0,0,0,0,4,3,2,1,2,3,0,0,3,2,4,4,1,3,2,3,0,4,4,3,3,3,0,2,0,2,0,3,0,1,3,0,3,3,2,0,0,2,3,2,0,0,2,4,4,4,3,2,3,0,2,2,0,4,4,0,2,0,0,0,2,3,2,0,3,1,2,0,0,2,1,2,0,0,1,2,1,3,0,0,1,2,0,0,2,2,0,4,2,2,4,0,0,1,0,0,2,1,0,0,0,2,0,0,0,4,0,2,4,1,3,2,2,0,0,1,0,0,0,2,1,1,4,0,4,0,1,0,0,0,0,0,3,0,4,1,3,1,0,0,0,1,1,0,0,0,0,4,3,3,4,4,0,1,0,0,3,2,4,2,0,1,2,0,0,3,0,0,3,3,0,0,1,4,0,0,1,4,0,4,0,0,1,0,1,3,4,0,2,0,2,0,1,1,2,2,2,0,0,0,2,0,2,0,0,0,3,1,1,0,1,0,0,0,0,1,1,2,1,2,2,0,0,0,0,2,2,0,2,4,0,3,0,4,1,0,0,0,0,1,2,1,0,1,0,0,4,3,2,0,4,0,4,0,3,4,1,4,2,0,1,0,0,4,0,3,4,3,2,0,2,4,3,3,4,1,0,0,4,0,0,1,1,1,1,3,0,0,0,4,0,0,0,0,1,0,0,0,0,0,0,3,3,2,1,0,0,3,3,0,0,4,0,0,3,3,0,2,0,3,0,1,2,0,2,4,0,0,0,0,4,0,3,1,0,2,3,0,0,3,0,4,4,0,1,0,0,0,0,4,4,0,2,0,0,3,0,4,4,2,1,1,0,0,3,4,1,0,2,0,3,3,1,1,4,0,4,1,4,0,3,4,2,4,0,0,1,4,0,4,4,4,1,0,1,2,2,0,0,1,4,2,2,0,0,4,2,4,2,0,0,3,0,4,3,1,0,0,1,0,0,0,0,4,2,0,0,2,0,3,2,0,4,0,3,2,0,1,4,0,0,0,1,3,2,0,3,0,1,0,0,0,0,0,0,4,0,0,0,1,0,0,3,0,0,0,2,0,4,0,0,0,4,1,1,3,4,4,0,3,0,3,0,0,0,4,0,1,0,0,2,0,3,0,0,0,0,0,3,0,2,3,2,0,2,0,0,3,4,0,0,0,2,1,4,2,0,2,0,3,2,4,0,0,1,0,2,0,2,0,0,0,2,0,4,2,4,0,0,0,0,0,2,0,0,0,4,2,0,0,3,4,2,3,4,4,4,2,2,4,3,0,2,0,3,2,4,3,3,4,2]",ok,
29,uniform,5,0.5,0.5502575593858589,2,"fused_4_veryhigh, fused_2_medium",cao,"[165, 219, 790, 235, 390]",0.18648437630429376,0.038910505836575876,"[4,4,4,4,3,2,4,1,4,2,1,3,1,2,2,4,2,2,4,4,2,4,4,4,2,4,2,2,2,2,4,2,4,2,4,2,2,2,2,2,2,2,2,2,2,4,4,4,3,1,3,0,3,3,2,4,2,2,2,2,2,4,4,2,2,2,3,2,4,4,2,2,4,3,4,4,4,1,2,4,2,2,2,2,4,4,4,4,2,4,2,1,4,2,2,2,1,2,2,2,3,1,2,2,4,1,2,2,3,4,2,1,2,2,2,4,2,2,2,4,2,2,2,2,2,4,4,0,2,4,4,2,4,2,2,4,2,2,2,4,2,4,0,4,4,4,4,3,2,2,2,2,2,4,4,4,2,4,2,3,4,0,2,2,3,4,3,3,2,4,3,2,4,2,2,4,3,1,1,2,2,4,2,4,1,2,2,3,2,2,4,4,4,2,2,2,4,4,2,2,4,1,2,2,1,3,2,0,2,4,2,2,4,4,2,2,3,2,2,4,2,2,4,4,4,2,4,2,2,4,4,3,2,3,3,2,2,2,2,3,2,2,4,2,4,2,4,4,2,1,1,2,2,4,4,2,2,2,4,4,3,2,4,4,2,2,2,2,2,3,2,4,4,3,0,4,2,2,4,3,2,2,2,4,3,4,2,3,2,0,4,2,2,2,2,4,4,2,2,4,3,3,2,4,3,2,2,2,2,2,1,4,2,4,2,2,2,4,3,2,2,2,1,4,2,4,2,2,2,4,2,0,2,2,2,1,2,4,3,1,2,3,2,4,3,3,2,2,2,2,2,2,3,3,3,2,3,2,2,3,4,2,4,4,3,2,2,2,3,2,2,2,4,2,2,2,2,2,2,4,2,2,4,4,2,4,2,2,3,3,4,2,1,2,2,4,2,3,2,4,2,2,2,3,2,3,4,0,2,3,3,2,2,2,4,1,2,4,3,4,2,1,2,4,3,4,3,2,4,4,2,2,1,1,4,2,4,2,4,2,2,2,1,2,0,2,2,4,2,2,0,4,0,2,2,1,3,2,4,2,2,2,2,1,4,2,3,2,2,2,2,2,2,4,2,0,2,4,3,4,4,2,2,2,2,2,1,1,4,4,2,2,4,4,4,2,2,1,2,0,2,2,2,3,2,2,4,2,2,3,2,3,2,2,2,2,2,4,2,2,4,2,2,3,2,4,3,2,4,2,3,4,2,4,3,4,2,2,2,3,4,2,1,4,4,1,2,1,4,4,2,1,2,4,2,4,1,4,2,4,4,2,2,2,2,3,4,4,2,2,2,4,0,4,2,1,4,3,2,4,4,1,2,0,2,2,4,2,2,2,2,4,2,2,4,4,4,4,2,2,4,2,4,4,2,2,2,2,2,4,4,2,4,1,2,2,4,0,2,2,2,4,3,2,4,4,4,3,3,0,2,2,4,2,2,2,3,2,4,1,2,2,2,3,2,2,4,4,4,2,2,4,2,2,2,2,2,4,4,3,1,2,4,2,2,3,2,2,4,4,0,2,2,4,2,1,1,1,2,1,4,4,1,2,4,2,3,2,4,2,4,3,2,2,2,4,1,4,2,3,2,3,3,0,4,4,2,4,2,1,4,2,2,2,2,4,0,4,1,3,2,4,4,4,2,0,2,2,3,1,2,3,2,1,1,2,2,2,2,0,4,2,2,2,4,4,0,2,0,0,1,3,1,0,2,2,0,4,2,1,2,0,2,0,2,2,3,2,3,2,3,3,2,4,2,2,2,4,4,0,2,2,3,2,2,4,3,2,1,3,2,0,2,2,3,2,2,2,4,3,2,1,4,3,3,4,2,4,3,2,3,4,1,2,4,0,2,2,1,2,2,4,2,2,4,2,4,1,2,0,2,4,4,4,0,2,2,4,3,4,2,1,2,4,2,3,2,3,2,2,2,0,2,3,3,2,1,2,1,3,2,4,4,2,4,0,2,3,2,4,2,2,2,2,2,2,2,1,4,2,2,0,2,2,3,0,2,1,2,2,1,2,2,1,4,3,0,2,4,0,1,3,0,2,2,1,2,2,2,4,3,3,2,2,2,2,3,1,3,2,2,4,1,4,2,0,4,1,3,2,2,2,3,1,4,1,4,1,1,2,2,2,2,4,2,2,3,2,2,2,3,2,1,1,1,2,3,4,2,3,2,4,3,2,2,2,1,1,2,3,1,2,2,3,2,0,0,0,2,0,1,0,4,2,2,3,2,3,1,0,2,4,1,2,2,1,2,2,1,2,1,0,3,1,3,1,1,2,4,2,2,3,2,3,1,0,4,1,0,0,4,1,2,2,2,2,2,4,3,3,0,0,3,3,2,4,2,2,3,3,0,3,0,0,1,1,1,2,2,1,0,0,1,1,2,2,0,2,0,2,4,2,0,2,2,1,1,3,4,4,4,4,1,0,2,3,2,0,0,2,1,4,2,4,1,3,1,3,0,2,2,1,3,0,0,2,1,0,0,2,0,0,2,4,2,2,2,2,2,4,3,0,3,2,1,2,1,2,3,4,4,2,2,2,2,2,1,4,2,0,1,4,2,2,2,2,0,3,2,2,4,1,2,2,0,1,1,1,4,2,2,2,3,0,0,0,3,0,1,3,3,0,2,3,3,1,2,2,4,2,2,4,1,0,0,2,3,0,1,4,2,2,2,1,3,2,3,0,3,4,4,3,4,2,2,4,0,1,3,1,4,0,0,4,2,2,2,2,2,2,2,0,4,1,1,2,0,0,3,2,4,2,1,1,2,4,2,2,1,0,3,4,3,0,2,2,0,3,1,1,4,0,3,0,2,3,1,0,0,0,2,3,2,3,2,0,2,4,0,2,0,0,3,2,4,3,0,3,4,2,3,1,1,1,0,3,0,2,3,3,2,1,1,2,3,2,2,2,3,0,3,4,0,4,3,4,2,3,4,1,2,2,4,3,4,0,2,2,4,3,2,2,3,3,2,1,3,3,1,2,2,4,2,4,3,4,2,4,2,3,2,2,2,1,2,1,1,4,0,1,3,2,4,4,2,4,2,3,4,4,1,2,1,2,4,2,2,2,4,2,0,4,1,4,0,4,2,2,2,4,4,2,2,2,2,1,0,0,1,1,2,4,2,2,0,3,1,3,2,4,3,2,2,0,2,2,0,0,2,2,4,1,2,2,4,1,2,1,2,2,4,2,4,0,1,2,3,2,1,2,4,4,1,3,4,2,4,4,1,2,3,2,2,2,0,4,4,2,4,2,4,2,2,4,4,3,4,3,3,4,2,2,2,3,3,2,3,1,2,0,2,1,4,2,2,2,2,4,1,4,2,4,2,2,1,0,3,2,1,2,1,2,0,1,4,1,3,4,4,2,2,1,2,0,1,0,3,2,3,1,0,0,1,4,2,2,1,2,2,4,4,4,4,0,2,4,2,1,2,2,2,2,4,2,2,2,2,2,2,0,0,3,4,2,2,0,0,2,2,1,4,2,0,0,2,3,2,0,2,4,3,2,3,1,2,2,2,2,1,2,0,4,2,3,0,2,4,0,2,1,1,2,4,2,2,2,2,1,1,4,3,2,2,0,2,1,1,3,4,4,2,2,0,1,4,2,3,2,0,0,4,4,1,2,1,4,1,2,0,1,3,1,2,4,4,1,2,1,1,1,4,2,4,3,3,2,4,4,1,4,3,2,2,1,3,1,3,4,2,0,2,1,0,4,2,2,4,2,4,2,4,1,3,2,2,3,2,0,3,2,1,2,0,3,4,4,1,2,2,2,4,0,3,2,0,2,4,2,2,2,4,4,2,1,2,2,2,4,2,2,0,2,2,2,3,2,1,2,2,2,1,4,4,0,1,1,2,0,2,0,2,2,2,1,2,4,2,2,4,2,0,2,2,2,2,2,0,2,3,0,3,2,3,4,2,0,1,4,2,2,4,4,1,3,2,3,2,0,1,1,2,2,4,2,4,2,3,2,2,2,1,4,1,3,1,2,2,2,2,2,3,2,2,2,1,3,2,2,0,1,3,0,1,1,1,3,3,1,0,2,3,2,0,3,1,0,0,1,3]",ok,
30,uniform,5,0.45,0.4510170707950501,4,"fused_4_veryhigh, fused_2_medium, fused_3_medium, fused_5_low",huang,"[162, 463, 249, 591, 334]",0.21627698848898189,0.048360200111172875,"[4,4,4,4,3,3,4,2,4,3,2,3,2,1,1,4,3,1,4,4,1,1,4,4,1,4,3,3,3,3,4,3,4,1,4,3,1,3,1,1,1,3,3,3,1,4,4,4,3,2,3,0,3,3,3,4,1,1,3,3,1,4,4,3,3,1,3,3,4,4,1,1,4,3,4,4,1,2,3,4,3,1,3,1,1,4,4,4,3,4,1,2,4,1,3,3,2,1,3,1,3,2,2,3,4,2,1,1,3,4,3,2,3,3,1,4,3,3,1,4,1,3,3,3,1,4,4,0,1,1,4,1,4,3,1,1,1,1,1,4,3,1,0,4,4,4,4,3,1,3,3,1,1,4,4,4,2,4,3,1,4,0,3,3,1,4,3,3,1,1,1,1,4,3,3,4,4,2,2,3,1,4,1,4,2,3,3,3,1,3,4,4,4,3,3,3,4,4,3,1,4,2,1,3,2,1,3,0,3,4,3,1,4,4,1,3,3,3,1,4,1,1,4,4,4,3,4,1,3,4,4,3,3,3,3,3,1,3,3,3,3,1,4,3,4,1,1,4,3,2,2,1,3,4,4,1,3,3,4,4,3,3,4,4,3,1,1,3,3,3,3,4,4,3,0,4,1,1,4,3,3,1,3,4,3,4,1,3,1,0,1,3,1,1,1,4,4,3,1,4,3,3,1,4,3,3,3,3,3,3,2,4,3,4,1,3,3,4,1,1,1,1,2,1,3,4,3,4,3,1,1,2,3,1,3,2,3,4,3,2,3,1,1,1,3,1,1,1,3,3,1,1,3,3,3,1,3,3,1,3,1,1,4,4,3,3,3,1,3,1,1,3,4,3,3,3,1,3,3,4,1,3,4,4,3,4,3,1,3,1,4,1,2,1,3,4,3,3,3,4,1,1,3,4,3,3,1,0,1,3,3,3,1,3,4,2,1,4,3,4,3,2,3,4,3,4,1,1,1,4,3,3,2,2,4,1,4,3,1,3,3,3,2,1,0,3,3,4,3,3,0,4,0,3,3,2,3,3,4,1,3,1,3,2,4,1,2,1,1,1,1,1,3,4,3,0,3,4,3,4,4,3,1,1,3,1,2,2,4,4,3,3,4,4,4,3,3,2,3,0,1,1,1,3,1,1,3,3,3,3,1,3,1,1,1,1,3,4,1,3,4,1,1,3,3,4,3,3,1,3,3,4,3,4,3,4,3,1,3,1,4,3,2,4,1,2,3,2,4,4,1,2,3,4,3,4,2,4,3,4,4,1,3,3,3,3,4,4,1,3,3,4,0,4,3,2,1,3,3,4,4,2,1,0,3,1,4,1,3,3,1,4,3,3,1,4,4,4,3,3,4,1,4,4,3,1,1,1,3,4,4,1,1,2,3,3,4,0,3,3,3,1,3,1,4,4,4,3,3,0,1,3,4,3,1,3,2,1,4,2,1,3,1,3,3,1,4,4,1,1,3,4,3,3,3,3,3,4,1,3,2,3,4,1,3,3,1,1,4,4,0,1,3,4,1,2,2,2,3,2,4,3,2,1,4,1,1,3,1,1,4,1,1,1,1,4,2,4,1,1,3,3,4,0,4,4,1,3,1,2,4,3,3,1,3,4,0,4,2,2,1,4,4,1,1,0,1,1,3,2,1,3,1,2,2,3,1,1,1,0,4,1,3,1,4,4,0,3,0,0,2,3,2,0,3,1,0,4,3,2,1,0,3,0,1,3,3,3,2,3,3,1,1,4,2,1,1,1,1,0,1,1,2,1,1,4,3,3,2,3,3,0,1,3,3,1,1,1,4,1,3,2,4,3,4,4,3,4,3,3,3,4,2,3,4,0,3,1,2,1,1,4,1,1,1,1,4,2,1,0,3,1,4,4,0,3,1,4,3,4,3,2,1,1,1,3,1,3,1,1,1,0,1,3,3,1,2,3,2,1,3,4,1,1,4,0,3,3,3,4,1,3,3,3,1,3,3,2,4,3,3,0,1,3,3,0,3,2,1,3,2,3,1,2,1,3,0,3,3,0,2,3,0,1,3,2,3,3,1,1,2,1,3,1,1,1,3,2,3,3,1,4,2,4,1,0,4,2,3,1,1,3,1,2,4,2,1,2,2,1,3,3,1,4,3,1,3,1,3,1,3,3,2,2,2,1,3,4,3,2,3,1,3,3,3,1,2,2,1,3,2,1,1,3,3,0,0,0,3,0,2,0,4,1,1,2,3,3,2,0,3,4,2,3,1,2,3,1,2,1,2,0,3,2,3,2,2,1,1,1,1,3,1,3,2,0,4,2,0,0,4,2,1,1,1,1,3,4,3,3,0,0,3,3,1,4,1,3,3,3,0,3,0,0,2,2,2,1,3,2,0,0,2,2,3,3,0,3,0,3,4,3,0,2,3,2,2,3,4,4,4,4,2,0,3,1,3,0,0,3,2,4,3,4,2,3,2,3,0,1,3,2,3,0,0,1,2,0,0,3,0,0,1,4,1,1,3,1,1,4,3,0,3,1,2,1,2,3,3,4,4,1,3,3,1,1,2,4,1,0,2,4,1,3,1,1,0,1,1,3,4,2,3,1,0,2,2,2,4,3,3,3,3,0,0,0,2,0,2,3,2,0,1,3,3,2,3,1,4,3,1,1,1,0,0,1,2,2,2,4,3,3,3,2,3,1,1,0,1,4,1,3,4,1,1,4,0,2,3,2,3,0,0,4,3,1,1,3,3,1,1,0,4,2,2,1,0,0,4,3,4,1,2,0,1,4,2,1,2,0,3,4,3,0,1,3,0,3,2,2,4,0,3,0,1,2,2,0,0,0,1,3,3,3,3,0,3,4,0,1,0,0,3,1,4,2,0,3,4,1,3,2,2,2,0,3,0,3,3,1,3,2,2,1,3,3,3,1,3,0,3,4,0,4,3,4,3,3,4,2,1,1,4,1,4,0,3,3,4,3,3,1,3,3,1,2,3,1,2,1,1,4,1,1,3,4,1,1,1,3,3,3,3,2,3,2,2,4,0,2,3,3,1,4,3,4,1,3,4,4,2,3,2,1,4,1,1,3,1,3,0,1,2,4,0,4,1,1,1,4,4,3,3,1,1,2,0,0,2,2,1,4,1,3,0,2,2,3,1,4,3,1,1,0,3,3,0,0,3,1,4,2,3,3,4,2,3,2,1,3,4,3,4,0,2,3,2,3,2,3,4,4,2,3,4,3,3,4,2,3,1,1,3,3,0,4,4,1,4,1,4,2,1,4,4,1,4,3,3,3,3,3,3,3,2,1,3,2,1,0,3,2,4,3,3,3,1,4,2,4,3,4,3,3,2,0,3,3,2,1,2,1,0,2,4,2,3,1,1,1,1,2,1,0,2,0,3,3,3,2,0,0,2,4,3,1,2,1,3,4,4,4,4,0,3,1,1,2,3,3,1,1,4,3,3,1,1,1,3,0,0,3,4,3,1,0,0,3,1,2,1,3,2,0,1,1,1,0,3,4,3,1,2,2,3,3,1,1,2,1,0,4,1,3,0,3,1,0,1,2,2,3,4,1,3,3,3,2,2,4,3,1,3,0,3,2,2,3,4,4,1,3,0,2,4,1,2,1,0,0,4,4,2,3,2,4,2,3,0,2,3,2,1,4,4,2,3,2,2,2,4,1,4,1,3,3,4,4,2,4,2,1,3,2,3,2,2,4,1,0,3,2,0,4,3,1,4,3,4,3,1,2,3,3,1,3,3,0,3,3,2,1,0,3,3,4,2,1,1,1,4,0,3,3,0,3,4,1,3,3,1,1,1,2,1,3,1,4,3,1,0,3,3,3,1,1,2,3,3,3,2,4,4,0,2,2,1,0,1,0,3,3,3,2,1,4,3,1,4,3,0,3,3,3,3,3,0,3,3,0,1,3,1,4,3,0,2,1,1,1,1,4,2,1,1,1,1,2,2,2,3,3,4,1,4,3,3,1,3,3,2,4,2,3,2,1,3,3,3,1,3,3,3,3,2,2,3,1,0,2,3,0,2,2,2,1,1,2,0,1,3,1,0,2,2,0,0,2,3]",ok,
31,uniform,5,0.4,0.42101011933206134,5,"fused_3_medium, fused_5_low, fused_3_low, fused_1_medium, fused_2_medium+fused_4_veryhigh",cao,"[565, 156, 286, 455, 337]",0.2148996515470031,0.05336297943301834,"[4,0,4,4,0,0,4,2,4,0,2,0,2,3,3,0,0,3,4,4,3,3,4,4,3,4,0,0,0,0,4,0,4,3,4,0,3,0,3,3,3,0,0,0,3,4,4,4,0,2,0,1,0,2,0,4,3,3,0,0,3,4,4,0,0,3,0,0,4,4,3,3,4,2,4,4,3,2,0,4,0,3,0,3,3,4,4,4,0,4,3,2,0,3,0,0,2,3,0,3,0,2,2,0,4,2,3,3,2,4,2,2,2,0,3,4,0,0,3,4,3,0,0,0,3,4,4,1,3,3,4,3,4,0,3,3,3,3,3,4,0,3,1,4,4,4,0,0,3,0,0,3,3,4,4,4,2,4,0,4,4,1,0,0,4,4,0,0,3,3,4,3,4,0,0,4,4,2,2,0,3,4,3,4,2,0,0,0,3,0,4,4,4,0,0,0,4,4,0,3,4,2,3,0,2,3,0,1,0,4,0,3,4,4,3,0,0,0,3,4,3,3,4,4,4,0,4,3,0,4,4,0,0,0,2,0,3,0,0,0,0,3,4,0,4,3,3,4,0,2,2,3,0,4,4,3,0,0,4,4,0,0,4,4,0,3,3,0,0,0,0,4,4,0,1,4,3,3,4,0,0,3,0,4,0,4,3,0,3,1,3,0,3,3,3,4,4,0,3,4,0,0,3,4,0,0,0,0,0,0,2,4,0,4,3,0,0,4,3,3,3,3,2,3,0,4,0,4,0,3,3,2,0,3,0,2,0,4,2,2,2,3,3,3,0,3,3,3,0,0,3,3,0,0,0,3,0,0,3,0,3,3,4,4,0,0,0,3,0,3,3,0,4,0,0,2,3,0,0,4,3,0,4,4,0,4,0,3,0,3,4,3,2,3,0,4,0,0,0,4,3,3,0,4,0,0,3,1,3,0,2,0,3,2,4,2,3,4,0,4,0,2,2,4,0,4,3,3,3,4,0,0,2,2,4,3,4,0,3,0,0,0,2,3,1,0,0,4,0,0,1,0,1,0,0,2,0,0,4,3,0,3,0,2,4,3,2,3,3,3,3,3,0,4,0,2,0,4,0,4,4,0,3,3,0,3,2,2,4,4,0,0,4,4,4,0,0,2,0,1,3,3,3,0,3,3,0,0,0,0,3,0,3,3,3,3,0,4,3,0,4,3,3,0,0,4,0,0,3,0,0,4,0,4,0,4,0,3,0,3,4,0,2,0,3,2,0,2,4,4,3,2,0,4,0,4,2,4,0,4,4,3,2,0,0,0,4,4,3,0,0,4,1,4,0,2,3,0,0,4,4,2,3,1,0,3,4,3,0,2,3,4,0,0,3,4,4,0,0,0,4,3,4,4,0,3,3,3,0,4,4,3,3,2,0,0,4,1,0,0,0,3,0,3,4,4,4,0,0,1,3,0,4,0,3,0,2,3,4,2,3,0,3,0,0,3,4,4,3,3,0,4,0,0,0,2,0,4,3,0,2,0,4,3,0,0,3,3,4,4,1,3,2,4,3,2,2,2,0,2,4,0,2,3,4,3,3,0,3,3,4,3,3,3,3,4,2,4,3,3,0,0,4,1,4,4,3,0,3,2,4,0,0,3,0,4,1,4,2,4,3,4,4,4,3,1,3,3,0,2,3,0,3,2,2,0,3,3,3,1,4,3,0,3,0,4,1,2,1,1,2,0,2,1,0,3,1,4,0,2,3,1,0,1,3,0,0,0,4,0,0,4,3,4,2,3,3,3,3,1,3,3,0,3,3,4,0,0,2,0,0,1,3,0,2,3,3,3,4,3,0,2,4,0,4,4,0,4,0,0,0,4,2,0,4,1,0,3,2,3,3,4,3,3,3,3,0,2,3,1,0,3,4,4,1,0,3,4,0,4,0,2,3,3,3,0,3,2,3,3,3,1,3,0,2,3,2,0,2,3,0,4,3,3,4,1,0,0,0,4,3,0,0,0,3,0,0,2,4,0,0,1,3,0,0,1,0,2,3,0,2,0,3,2,3,2,1,2,0,1,2,0,1,3,0,2,0,0,3,3,2,4,0,3,3,3,0,2,2,0,3,4,2,4,3,1,4,2,0,3,3,0,3,2,4,2,3,2,2,3,0,0,3,4,0,3,0,3,0,3,2,0,2,2,2,3,0,4,0,2,0,3,0,2,0,3,2,2,3,0,2,3,3,2,0,1,1,1,0,1,2,1,4,3,3,2,0,0,2,1,0,4,2,0,3,2,0,3,2,3,3,1,0,2,0,2,2,3,3,3,3,0,3,0,2,1,4,2,1,1,4,2,3,3,3,3,0,4,0,0,1,1,0,0,3,4,3,0,0,0,1,0,1,1,2,2,2,3,0,2,1,1,2,2,0,0,1,0,1,2,4,0,1,2,0,2,2,0,4,4,4,4,2,1,2,4,0,1,1,0,2,4,0,4,2,0,2,0,1,3,0,2,0,1,1,3,2,1,1,0,1,1,3,4,3,3,0,3,3,0,0,1,0,3,2,3,2,0,4,4,0,3,0,0,3,3,2,4,3,1,2,4,3,0,3,3,1,4,3,0,4,2,0,3,1,2,2,2,4,2,0,0,0,1,1,1,2,1,2,0,2,1,3,0,0,2,0,3,4,0,3,3,3,1,1,3,2,2,2,4,0,0,0,2,0,3,3,1,3,4,3,0,4,3,3,4,1,2,0,2,0,1,1,4,0,3,3,0,0,3,3,1,4,3,2,3,2,1,4,0,4,3,2,1,3,4,2,3,2,1,0,4,0,1,3,0,1,0,2,2,4,2,0,1,3,4,2,1,1,1,3,0,0,0,0,1,0,4,1,3,1,1,0,3,4,4,1,0,4,3,2,2,2,2,1,0,1,0,0,3,0,2,2,3,0,0,0,3,0,1,4,0,1,4,0,4,0,0,4,2,3,3,4,3,4,1,0,0,4,2,0,3,0,0,3,2,0,3,2,3,3,4,3,3,0,4,3,3,3,2,0,0,0,2,0,2,2,4,1,2,0,0,3,4,0,4,3,0,4,4,2,0,2,3,4,3,3,0,3,0,1,3,2,4,1,4,3,3,3,4,4,0,0,3,3,2,1,1,2,2,3,4,3,0,1,2,2,0,3,4,0,3,3,1,0,0,1,2,0,3,4,2,0,0,4,2,0,2,3,0,4,0,4,1,2,0,2,0,2,0,4,4,2,0,4,2,0,4,0,0,3,3,0,0,1,4,4,3,4,3,4,2,3,4,4,3,4,0,0,0,0,0,0,0,0,3,0,2,3,1,0,2,4,0,0,0,3,4,2,4,0,4,0,0,2,1,0,0,2,3,2,3,1,2,4,2,0,3,3,3,3,2,3,1,2,1,0,2,0,2,1,1,2,4,0,3,2,3,0,4,4,4,4,1,0,3,3,2,0,0,3,3,4,0,0,3,3,3,0,1,1,2,4,0,3,2,1,0,3,2,3,0,2,1,3,3,3,1,0,4,2,3,2,2,0,0,3,3,2,3,1,4,3,0,1,0,3,1,3,2,2,0,4,3,0,0,2,2,2,4,2,3,0,1,0,2,2,0,4,4,3,0,1,2,4,3,2,3,1,1,4,4,2,0,2,4,2,0,1,2,0,2,3,0,4,2,0,2,2,2,4,3,4,3,0,0,4,4,2,4,2,3,0,2,0,2,2,4,3,1,0,2,2,4,0,3,4,0,4,0,3,2,2,0,3,3,0,1,0,0,2,3,1,0,0,4,2,3,3,3,4,1,0,0,1,0,4,3,0,0,3,3,3,2,3,0,3,4,0,3,1,0,0,0,3,3,2,0,0,0,2,4,4,1,2,2,3,1,3,1,0,0,0,2,3,4,0,3,0,0,1,0,0,0,0,0,1,0,2,1,3,0,4,4,0,1,2,3,3,3,3,4,2,3,3,3,3,2,2,2,0,0,4,3,4,0,0,3,0,0,2,4,2,0,2,3,0,0,0,3,0,0,0,0,2,2,0,3,1,2,0,1,2,2,2,4,4,2,1,3,0,3,1,2,2,1,1,2,0]",ok,
32,uniform,5,0.35,0.3472087448597235,7,"fused_3_medium, fused_3_low, fused_1_medium, fused_2_medium+fused_4_veryhigh, fused_2_medium+fused_5_low, fused_4_veryhigh+fused_5_low, fused_1_high",huang,"[378, 320, 162, 491, 448]",0.2757624763278491,0.16008893829905502,"[3,3,3,3,0,4,3,4,3,0,4,0,4,1,1,4,0,3,3,3,1,3,3,3,1,3,4,0,0,1,3,0,3,1,3,0,1,0,1,1,1,0,4,4,1,3,3,3,0,4,4,2,0,4,0,3,1,1,0,0,1,3,3,1,0,1,0,0,3,3,1,3,3,4,3,3,3,4,0,3,0,3,0,3,3,3,3,3,0,3,3,4,3,1,4,0,4,1,0,1,0,4,4,0,3,4,1,1,4,3,4,4,4,4,1,3,0,4,1,3,1,0,4,0,1,3,3,2,1,3,3,3,3,0,1,3,1,3,1,3,4,3,2,3,3,3,4,0,1,4,0,1,1,3,3,3,4,3,0,3,3,2,1,0,3,3,0,0,1,3,3,1,3,0,0,3,3,4,4,4,1,3,3,3,4,0,4,4,3,0,3,3,3,0,0,0,3,3,0,1,3,4,1,4,4,3,0,2,0,3,0,3,3,3,1,0,4,4,1,3,1,3,3,3,3,0,3,3,0,3,3,4,0,4,4,0,1,0,0,0,0,1,3,0,3,1,3,3,0,4,4,3,4,3,3,1,0,1,3,3,4,0,3,3,0,1,1,1,0,4,0,3,3,4,2,3,1,1,3,0,0,1,4,3,0,3,1,4,1,2,3,0,1,1,1,3,3,0,3,3,0,3,1,3,0,4,0,4,0,0,4,3,0,3,3,0,0,3,3,3,3,3,4,3,0,3,0,3,4,3,1,4,1,1,4,4,0,3,4,4,4,1,1,3,0,3,1,0,0,0,1,1,4,3,4,3,0,0,1,4,3,1,3,3,4,0,4,1,0,1,1,0,3,0,0,4,1,0,0,3,1,0,3,3,0,3,0,1,0,3,3,1,4,3,0,3,0,4,4,3,3,1,4,3,0,0,3,2,3,0,4,0,3,4,3,4,1,3,0,3,0,4,4,3,4,3,3,1,3,3,0,0,4,4,3,1,3,1,3,0,1,0,4,1,2,0,0,3,0,4,2,4,2,0,4,4,0,0,3,1,0,1,0,4,3,1,4,1,1,3,1,1,0,3,0,2,0,3,4,3,3,0,1,1,0,3,4,4,3,3,0,4,3,3,3,0,0,4,0,2,1,1,3,0,1,1,4,0,0,0,1,0,1,1,1,3,0,3,1,0,3,1,1,4,0,3,0,0,3,0,0,3,0,3,4,3,0,1,0,3,3,0,4,4,3,4,0,4,3,3,1,4,4,3,4,3,4,3,0,3,3,1,4,4,0,4,3,3,1,0,0,3,2,3,0,4,3,4,4,3,3,4,1,2,4,1,3,3,0,4,1,3,0,0,3,3,3,3,1,0,3,1,3,3,0,1,1,1,0,3,3,1,3,4,0,0,3,2,0,0,0,3,0,1,3,3,3,0,0,2,1,4,3,0,1,0,4,1,3,4,1,0,1,0,0,1,3,3,3,1,4,3,0,0,4,4,0,3,3,0,4,0,3,3,0,0,1,1,3,3,2,1,4,3,1,4,4,4,0,4,3,3,4,1,3,3,3,0,3,1,3,3,3,1,1,3,4,3,1,3,0,0,3,2,3,3,1,3,1,4,3,0,0,3,4,3,2,3,4,3,1,3,3,3,1,2,1,1,4,4,1,0,1,4,4,0,1,1,1,2,3,1,0,1,4,3,2,4,2,2,4,4,4,2,0,1,2,3,0,4,1,2,4,2,1,4,4,0,3,0,0,3,1,3,4,0,1,3,3,2,3,1,4,1,1,3,4,4,4,0,0,2,1,0,4,3,1,3,3,3,4,4,3,0,3,3,4,3,0,0,4,3,4,0,3,2,0,1,4,1,3,3,1,1,3,3,4,4,1,2,0,3,3,3,2,0,1,3,0,3,0,4,3,3,1,4,1,4,1,1,1,2,1,4,4,1,4,0,4,3,0,3,3,1,3,2,0,4,0,3,3,0,0,0,1,0,0,4,3,0,0,2,1,4,0,2,0,4,3,0,4,0,3,4,3,4,2,4,3,2,4,0,2,3,0,4,0,0,3,3,4,3,4,1,1,1,4,4,4,0,1,3,4,3,1,2,3,4,4,1,1,0,3,4,3,4,3,4,4,1,4,4,1,3,0,3,4,1,0,3,4,0,4,4,4,1,0,3,1,4,1,3,4,4,0,3,4,4,1,4,4,1,1,4,0,2,2,2,0,2,4,2,3,1,1,4,0,4,4,2,0,3,4,0,3,4,0,3,4,3,4,2,4,4,0,4,4,1,3,1,1,4,1,4,4,2,3,4,2,2,3,4,1,1,1,1,4,3,0,0,2,2,4,4,3,3,1,0,4,0,2,4,2,2,4,4,4,1,4,4,2,2,4,4,0,4,2,0,2,4,3,0,2,4,4,4,4,4,3,3,3,3,4,2,4,3,4,2,2,4,4,3,4,3,4,0,4,4,2,3,0,4,4,2,2,1,4,2,2,0,2,2,1,3,1,1,0,1,1,4,4,2,0,1,4,3,4,4,3,3,4,1,1,0,3,1,4,3,1,2,4,3,1,0,1,1,2,3,1,0,3,4,0,1,2,4,4,4,3,4,0,0,0,2,2,2,4,2,4,4,4,2,1,0,0,4,0,1,3,0,3,3,3,2,2,1,4,4,4,3,0,0,0,4,4,1,3,2,3,3,3,0,3,1,1,3,2,4,4,4,3,2,2,3,0,1,3,1,0,3,1,2,3,4,4,1,2,2,3,0,3,1,4,2,1,3,4,1,4,2,0,3,0,2,1,0,2,4,4,4,3,2,0,2,1,3,4,2,2,2,1,0,0,0,0,2,0,3,2,1,2,2,4,1,3,3,2,4,3,1,4,4,4,4,2,4,2,0,4,3,0,4,4,1,4,0,0,1,4,2,3,4,2,3,4,3,0,0,3,4,3,1,3,3,3,2,1,0,3,4,0,1,4,4,3,4,0,1,4,1,1,3,1,3,4,3,3,3,3,4,0,4,0,4,0,4,4,3,2,4,4,0,3,3,4,3,1,4,3,3,4,0,4,1,3,1,1,0,3,0,2,0,4,3,2,3,1,1,1,3,3,0,0,1,1,4,2,2,4,4,1,3,1,0,2,4,4,0,1,3,4,1,1,2,0,0,2,2,0,1,3,4,0,0,3,4,0,4,1,0,3,0,3,2,4,0,4,0,4,4,3,3,4,0,3,4,3,3,4,0,3,1,0,0,2,3,3,1,3,1,3,4,1,3,3,4,3,4,4,0,4,0,4,4,4,1,0,4,1,2,4,4,3,0,0,4,1,3,4,3,0,3,0,0,4,2,0,4,4,1,4,1,2,4,3,4,4,3,3,1,1,4,1,2,4,2,4,4,0,4,2,2,4,3,0,1,4,1,0,3,3,3,3,2,0,3,1,4,0,0,3,1,3,0,0,1,1,1,0,2,2,4,3,4,1,2,2,4,1,4,3,3,4,2,1,1,3,2,0,3,4,1,4,4,4,0,1,1,4,1,2,3,1,4,2,0,3,2,1,4,4,0,3,3,0,4,4,4,4,3,4,1,4,2,0,4,4,4,3,3,1,0,2,4,3,1,4,1,2,2,3,3,4,0,4,3,4,0,2,4,4,4,1,4,3,4,0,4,4,4,3,1,3,3,4,0,3,3,4,3,4,1,4,4,4,4,4,3,1,2,0,4,2,3,0,1,3,4,3,0,3,4,4,4,1,4,4,2,0,0,4,1,2,4,3,3,4,1,3,1,3,2,0,0,2,0,3,1,0,0,3,3,1,4,1,0,1,3,0,1,2,0,0,4,3,1,4,0,0,0,4,3,3,2,4,4,1,2,1,2,0,0,0,4,1,3,0,1,4,4,2,0,0,0,0,0,2,0,4,2,3,0,3,3,0,2,4,3,1,1,3,3,4,3,1,3,3,4,4,4,4,0,3,1,3,0,0,1,0,0,4,3,4,0,4,3,0,4,4,1,0,0,0,0,4,4,4,1,2,4,4,2,4,4,4,3,3,4,2,1,0,3,2,4,4,2,2,4,0]",ok,
33,uniform,5,0.3,0.35274827935936864,5,"fused_3_low, fused_1_medium, fused_1_high, fused_3_medium+fused_4_veryhigh, fused_2_medium+fused_4_veryhigh+fused_5_low",huang,"[358, 215, 459, 629, 138]",0.22989338823564395,0.07115063924402446,"[2,3,2,2,3,3,2,1,2,3,1,3,1,0,0,3,3,2,2,2,0,2,2,2,0,2,3,3,3,0,2,3,2,0,2,3,0,3,0,0,0,3,3,3,0,2,2,2,3,1,3,4,3,3,3,2,0,0,3,3,0,2,2,0,0,0,3,3,2,2,0,2,2,3,2,2,2,3,3,2,3,2,3,3,2,2,2,2,3,2,2,3,2,0,3,3,1,0,0,0,3,1,1,3,2,1,0,0,3,2,3,1,3,3,0,2,0,3,0,2,0,3,3,3,0,2,2,1,0,2,2,2,2,3,0,2,0,2,0,2,3,2,1,2,2,2,3,3,0,3,3,0,0,2,2,2,3,2,3,2,2,4,0,3,2,2,3,3,0,2,2,0,2,3,3,2,3,3,1,3,0,2,3,2,1,3,3,3,2,3,2,2,2,3,3,3,2,2,3,0,2,3,0,3,1,2,3,4,3,2,3,2,2,2,0,3,3,3,0,2,0,2,2,2,2,3,2,2,3,2,2,3,3,3,3,3,0,3,3,3,3,0,2,3,2,0,2,2,3,1,1,2,3,2,2,0,3,0,2,2,3,3,2,2,3,0,0,0,3,3,3,2,2,3,4,2,0,0,2,3,0,0,3,2,3,2,0,3,0,4,2,3,0,0,0,2,2,3,2,2,3,2,0,2,3,3,0,3,3,3,1,2,3,2,2,3,3,2,2,2,2,2,1,2,3,2,3,2,3,2,0,1,0,0,3,3,3,2,1,3,3,3,0,2,3,2,0,0,3,3,0,0,3,2,3,2,3,0,0,0,2,0,2,2,3,3,3,0,3,0,0,3,2,3,3,3,0,3,3,2,0,3,2,2,3,2,3,0,3,3,2,0,1,2,3,2,3,3,3,2,2,0,3,2,3,3,2,1,2,3,3,3,0,3,2,1,0,2,3,2,3,1,3,2,3,2,3,0,2,2,3,3,1,1,2,0,2,0,2,3,0,3,1,0,4,3,3,2,0,3,4,3,4,3,3,1,3,3,2,0,3,0,3,3,2,0,3,0,0,3,0,0,3,2,3,1,3,2,3,2,2,3,0,0,3,2,1,1,2,2,3,3,2,2,2,3,3,1,3,4,0,0,2,3,0,0,3,3,3,3,0,3,0,0,0,2,3,2,0,0,2,0,0,3,3,2,3,3,2,0,3,2,3,2,3,2,3,0,3,2,2,3,1,3,2,1,3,3,2,2,0,1,3,2,3,2,1,2,3,2,2,0,3,3,3,3,2,2,0,3,3,2,4,2,3,1,2,3,3,3,2,1,0,4,3,0,2,2,3,3,0,2,3,3,2,2,2,3,0,3,2,0,2,2,0,0,0,0,3,2,2,0,2,1,3,3,2,4,3,3,3,2,3,0,2,2,2,3,3,4,0,3,2,3,0,3,3,0,2,1,0,3,0,3,3,0,2,2,2,0,3,2,3,3,3,3,3,2,2,3,1,3,2,2,0,3,0,0,2,2,4,0,3,2,0,1,1,1,3,1,2,2,1,0,2,2,2,3,2,0,2,2,2,0,0,2,1,2,0,3,3,3,2,4,2,2,0,2,0,1,2,3,3,2,3,2,4,2,1,1,0,2,2,2,0,4,0,0,3,1,0,3,0,1,1,0,0,0,0,4,2,0,3,0,3,2,4,3,4,4,1,3,1,4,3,0,4,2,3,1,0,1,3,4,0,3,3,3,1,0,3,1,0,2,1,0,0,2,2,1,0,0,3,0,0,2,3,3,1,3,3,4,0,3,3,2,0,2,2,2,3,1,2,3,3,2,3,2,3,3,3,2,1,3,2,4,3,0,1,0,2,2,0,0,2,2,3,1,0,1,3,2,2,2,4,3,0,2,3,2,0,1,2,2,0,3,0,3,0,0,0,4,0,0,3,0,1,3,1,3,3,2,2,0,2,4,3,3,3,2,2,3,3,3,0,3,3,1,2,3,0,4,0,3,3,4,3,3,2,3,3,3,2,1,2,3,1,3,3,4,1,3,4,2,3,1,3,3,2,2,3,3,3,0,0,0,3,1,3,3,0,2,1,2,0,4,2,3,3,0,0,3,2,1,2,1,2,3,1,0,3,3,0,3,3,2,3,0,3,2,3,3,1,1,1,0,3,2,0,3,0,2,3,3,0,2,1,1,0,3,1,0,0,3,3,4,4,4,0,4,1,4,2,0,0,1,3,3,3,4,0,2,1,3,2,3,3,2,1,2,3,4,3,1,3,1,1,0,2,0,0,3,0,3,1,4,2,3,4,1,2,3,0,0,0,0,3,2,3,3,4,4,3,3,2,2,0,3,3,3,4,3,4,4,3,3,3,0,3,1,4,4,1,1,3,2,4,3,4,3,2,3,4,1,1,1,1,3,2,2,2,2,1,4,3,3,3,4,4,3,1,2,3,2,3,3,1,3,4,2,0,1,3,1,4,0,1,4,4,3,4,4,0,2,0,0,3,0,0,3,3,1,3,0,3,2,1,3,0,2,3,0,0,3,2,0,1,2,0,4,1,2,0,3,0,0,4,2,0,3,3,3,3,0,4,3,3,1,2,3,3,3,3,4,4,1,1,4,1,3,3,4,0,3,3,1,3,0,2,3,2,2,1,4,4,0,3,1,1,2,3,3,3,1,3,0,2,4,2,2,2,3,2,0,0,2,4,1,3,1,2,4,4,2,3,0,2,0,0,2,0,4,2,3,3,0,1,4,2,0,2,0,1,4,0,2,3,0,1,4,3,2,3,4,0,3,1,3,1,1,2,1,3,4,0,1,1,4,1,4,0,3,3,3,3,4,3,2,4,0,4,4,3,0,2,1,4,3,2,0,3,1,1,1,4,3,4,3,3,2,3,1,1,0,3,3,3,0,0,4,3,3,1,2,3,2,3,3,2,3,2,0,2,2,2,4,0,3,2,3,3,0,0,3,2,1,3,3,1,0,0,2,0,2,3,2,0,2,2,3,3,3,3,1,3,3,1,2,1,3,3,3,2,2,3,2,0,3,2,2,1,3,1,0,2,0,0,0,2,3,4,3,1,2,4,2,0,0,0,2,2,0,3,0,0,1,4,4,1,1,0,2,0,3,1,3,1,3,0,2,3,0,0,4,3,3,1,1,3,0,2,1,3,3,2,1,3,1,0,0,2,3,2,4,1,3,3,3,3,3,2,2,3,3,2,3,2,2,3,3,2,0,3,3,4,2,2,0,2,0,2,3,0,2,2,3,2,0,3,3,3,3,3,3,3,0,3,1,0,4,3,1,2,3,3,3,0,2,3,2,3,2,3,3,1,4,3,3,1,0,1,0,4,1,2,1,3,2,2,0,0,1,0,4,1,4,3,3,3,1,4,1,1,2,3,0,1,0,3,2,2,2,2,4,3,2,0,3,3,3,2,0,2,3,3,0,0,0,3,4,4,3,2,3,0,1,4,3,0,1,2,3,1,4,0,0,0,4,3,2,3,0,3,1,3,3,0,0,1,0,4,2,0,3,1,3,2,4,0,1,1,3,2,2,3,3,3,1,1,2,3,0,3,4,3,1,1,3,2,2,0,3,4,1,2,0,3,0,4,4,2,2,1,3,1,2,3,3,4,3,3,1,0,3,2,1,3,1,1,1,2,0,2,3,3,3,2,2,1,2,3,0,3,1,3,3,1,2,0,4,3,1,4,2,3,0,2,3,2,3,2,3,3,3,0,0,3,4,3,3,1,0,4,3,2,2,1,0,2,0,2,4,3,3,4,3,2,0,3,3,2,2,0,1,0,0,0,2,3,0,4,3,3,3,2,0,1,3,3,3,1,2,2,4,1,3,0,4,0,4,3,3,3,1,0,2,3,0,3,3,4,3,3,3,3,3,4,3,3,4,2,3,2,2,3,4,3,2,0,0,2,2,1,2,0,2,2,1,3,1,3,0,2,0,2,3,3,0,3,3,3,2,1,3,1,2,3,3,3,0,3,3,3,3,1,3,1,0,4,1,3,4,1,3,1,3,0,1,4,0,3,2,4,3,1,4,4,3,3]",ok,
34,uniform,5,0.25,0.37328830788331674,7,"fused_1_high, fused_3_medium+fused_4_veryhigh, fused_2_medium+fused_4_veryhigh+fused_5_low, fused_1_medium+fused_3_medium, fused_2_medium+fused_3_low, fused_1_medium+fused_4_veryhigh, fused_5_medium",huang,"[425, 568, 279, 166, 361]",0.22360517004174624,0.05336297943301834,"[4,4,4,4,1,1,0,2,0,1,2,1,2,0,0,1,1,0,4,4,4,0,0,4,4,0,1,1,1,1,0,1,4,0,4,1,0,1,0,0,0,1,2,2,4,4,0,0,1,2,1,3,1,1,1,4,0,0,1,1,4,4,4,1,1,0,1,1,4,0,4,0,0,1,0,0,0,1,1,0,1,0,1,4,0,4,4,4,1,4,4,2,4,0,1,1,2,0,1,4,1,2,2,1,0,2,0,0,1,4,1,2,2,2,4,0,1,1,0,0,0,1,1,1,0,0,0,3,4,0,4,0,0,1,0,0,4,4,4,4,1,4,3,0,4,0,1,1,0,1,1,0,4,4,4,0,1,0,1,0,4,3,1,1,0,4,1,1,4,0,2,0,4,1,1,0,4,2,2,1,4,0,4,0,2,1,1,2,0,1,0,0,4,1,1,1,4,4,1,0,4,1,4,1,2,0,1,3,1,4,1,0,0,0,0,1,2,1,4,0,0,4,4,4,0,1,0,0,1,0,0,1,1,1,1,1,0,1,1,1,1,4,4,1,0,0,0,0,1,2,2,4,1,4,4,0,1,1,0,4,1,1,4,0,1,0,0,1,1,1,1,0,4,1,3,4,0,0,0,1,1,4,1,4,1,4,0,1,0,3,0,1,4,0,0,0,0,1,0,4,1,4,0,4,1,1,1,1,1,1,2,4,1,0,0,1,1,0,0,0,0,4,2,0,1,4,1,4,1,0,0,2,1,4,1,2,1,4,1,2,2,4,4,0,1,0,0,1,1,1,4,4,1,4,1,4,1,1,4,2,0,0,0,0,1,1,2,0,1,0,0,1,0,1,1,1,0,1,1,0,0,2,0,0,1,4,1,0,1,1,4,0,2,4,1,4,1,1,2,4,4,0,1,4,1,1,0,3,4,1,1,1,0,2,4,2,4,4,1,4,1,2,2,4,1,4,1,0,0,0,2,1,2,2,0,4,4,1,0,1,1,1,2,4,3,1,1,4,1,1,3,4,3,1,2,2,1,1,4,0,1,0,1,1,4,0,1,4,0,4,4,0,1,4,1,3,1,4,1,0,4,1,0,4,1,0,2,2,4,0,1,1,4,0,4,1,1,2,1,3,4,0,4,1,0,4,4,1,1,1,4,1,4,0,0,4,1,4,0,1,4,0,4,1,1,4,1,1,4,1,1,4,1,0,1,0,1,0,1,0,0,1,2,4,0,2,1,2,4,4,4,2,1,0,1,4,2,4,1,0,0,0,2,1,1,1,4,0,0,1,1,0,3,0,1,2,0,1,1,4,4,2,0,3,1,4,0,0,2,2,0,0,1,1,0,4,4,4,1,1,0,0,0,4,1,0,0,0,1,4,0,0,4,2,1,1,0,3,1,1,1,0,1,0,4,4,0,1,1,3,4,2,0,1,0,1,1,0,0,2,4,1,4,1,1,0,4,0,0,4,1,0,1,1,1,1,1,0,0,1,2,1,4,0,1,1,4,0,0,4,3,4,2,4,0,2,2,2,1,2,4,0,2,0,4,0,0,1,4,0,0,0,4,0,4,4,2,0,0,4,1,1,0,3,0,4,0,0,4,2,0,1,1,4,1,0,3,4,2,2,4,0,4,0,4,3,0,4,1,2,0,1,4,2,2,1,4,4,4,3,4,0,1,4,1,4,3,2,3,3,2,1,2,3,1,4,3,4,1,2,4,3,2,3,4,2,2,1,2,1,1,2,0,4,2,4,4,4,0,3,4,0,1,0,0,0,2,1,2,1,1,3,4,1,1,4,4,4,4,0,2,2,4,1,1,4,1,0,1,1,2,0,2,1,4,3,1,4,2,0,0,4,0,4,0,0,1,2,0,3,1,0,0,0,3,1,0,4,1,0,1,2,4,4,0,1,0,1,0,0,0,3,0,2,1,0,2,1,2,1,1,4,0,0,0,3,1,1,1,0,0,1,1,1,0,1,1,2,0,1,1,3,0,1,1,3,1,2,0,1,2,1,0,2,4,1,3,2,4,3,2,1,3,4,1,2,1,1,0,0,1,4,2,0,4,0,1,2,1,1,4,4,2,4,0,3,4,2,1,0,0,1,0,2,4,2,0,1,2,4,2,1,4,4,1,0,1,0,1,4,1,1,2,2,2,0,1,0,1,1,1,4,1,1,1,0,2,2,0,1,2,4,0,1,1,3,3,3,1,3,2,3,0,0,0,1,1,1,2,3,1,4,2,1,0,2,1,4,2,4,1,3,2,2,1,2,2,4,4,4,4,1,0,1,2,3,4,2,3,3,4,1,0,0,0,0,1,0,1,1,3,3,1,1,4,4,4,1,2,1,3,1,3,3,1,2,2,0,2,2,3,3,2,2,1,1,3,1,3,1,4,1,3,2,1,2,2,1,0,4,4,0,2,3,1,2,1,3,3,2,2,4,2,4,2,1,2,1,3,0,1,2,2,3,3,4,2,3,3,1,3,3,4,4,0,0,1,4,0,1,1,3,1,4,2,4,2,1,1,4,4,4,1,1,4,4,2,4,4,3,2,4,4,1,0,0,3,2,0,1,1,2,1,4,3,2,2,2,0,1,1,1,1,3,3,3,1,3,2,2,1,3,0,1,1,2,1,0,4,1,4,0,2,3,3,0,1,3,2,4,1,1,1,2,1,0,0,3,0,4,0,1,4,0,0,4,3,2,1,2,0,3,3,4,1,4,4,1,1,4,4,3,4,1,2,0,3,3,4,1,4,4,2,3,4,4,1,0,2,3,1,4,1,3,4,1,3,2,2,2,4,3,1,3,0,2,2,3,3,3,4,1,1,1,1,3,1,4,3,0,3,3,1,4,4,2,3,1,0,0,1,2,2,2,3,1,3,1,4,0,1,2,2,0,1,1,1,0,2,3,1,4,3,4,1,0,1,1,0,2,0,4,0,0,0,3,1,1,0,1,1,0,2,1,0,2,1,2,2,0,0,0,4,0,1,0,4,0,0,1,1,1,1,2,1,1,2,0,3,2,2,1,0,4,2,0,0,1,4,4,2,1,2,0,4,0,0,1,0,1,3,1,2,4,3,4,0,0,0,4,0,1,1,0,4,2,3,3,2,2,0,0,4,1,3,1,2,1,0,0,1,4,4,3,1,1,3,3,1,0,4,2,1,1,4,2,1,2,0,1,4,1,4,3,2,1,1,1,2,2,0,0,1,1,4,1,0,0,1,1,0,0,1,1,3,0,4,0,0,0,0,2,4,4,0,2,0,2,1,1,2,1,1,1,2,4,1,2,0,3,1,2,4,1,1,1,4,0,1,4,1,4,1,1,2,3,1,2,2,0,2,0,3,2,4,2,1,0,0,0,0,3,0,3,2,3,1,2,1,2,3,3,2,0,1,0,2,4,1,4,4,4,4,3,1,0,4,2,1,1,0,4,4,1,1,0,0,4,1,3,3,1,4,1,0,3,3,1,0,2,0,1,3,3,0,2,4,3,1,4,1,4,2,2,2,1,0,4,2,0,3,4,0,1,3,1,4,3,0,2,2,1,0,0,1,1,2,2,2,0,1,4,2,3,1,2,2,2,4,4,0,1,3,2,4,0,1,0,3,3,0,4,2,1,2,0,2,1,3,2,1,2,0,4,4,2,1,2,2,2,0,4,4,1,1,1,0,4,2,0,1,4,2,2,1,2,1,0,0,3,1,2,3,0,1,0,4,1,0,1,4,2,1,1,4,2,1,3,1,1,2,0,3,1,0,0,2,0,4,4,4,3,1,1,3,1,4,4,1,1,0,0,0,2,4,1,4,0,1,4,3,1,1,1,0,0,2,1,1,1,2,4,4,3,2,2,4,3,0,3,1,1,1,2,0,4,1,4,4,1,3,1,1,1,1,1,3,1,1,3,0,1,2,4,1,3,2,0,0,0,0,4,2,0,0,0,4,3,2,2,1,1,4,0,0,1,1,4,1,1,2,0,2,1,2,0,1,2,4,0,1,1,1,1,2,1,1,0,3,2,1,3,2,2,2,4,4,2,3,4,1,0,3,1,2,3,3,2,1]",ok,
35,uniform,5,0.2,0.4064284636894267,10,"fused_2_medium+fused_4_veryhigh+fused_5_low, fused_2_medium+fused_3_low, fused_5_medium, fused_4_high, fused_3_low+fused_4_veryhigh, fused_2_medium+fused_3_medium, fused_1_medium+fused_3_medium+fused_4_veryhigh, fused_3_low+fused_5_low, fused_3_medium+fused_5_low, fused_1_high+fused_4_veryhigh",huang,"[357, 353, 450, 203, 436]",0.3175940586889187,0.09672040022234575,"[4,4,4,4,2,1,4,2,4,1,2,2,3,0,0,4,1,4,4,4,0,0,4,4,0,4,1,1,1,1,4,1,4,0,4,1,0,1,0,0,0,1,1,1,0,4,4,4,2,2,2,3,2,2,1,4,0,0,1,1,0,4,4,1,1,0,2,1,4,4,0,4,4,2,4,4,0,2,1,4,1,4,1,4,0,4,4,4,1,4,4,2,4,0,1,1,2,0,1,0,2,2,2,2,0,3,0,0,2,4,2,2,2,2,0,4,1,4,0,4,0,1,4,1,0,4,4,3,0,0,4,4,4,1,0,0,4,4,0,4,1,4,3,4,4,4,4,2,0,1,1,0,0,4,4,4,2,4,1,4,4,3,1,1,4,4,2,2,0,0,2,0,4,1,1,4,2,2,3,1,0,4,4,4,2,1,1,2,4,1,4,4,4,1,1,1,4,4,1,0,4,2,0,4,3,0,1,3,1,4,1,4,4,4,0,1,2,1,0,4,0,4,4,4,4,1,4,0,1,4,4,2,1,2,2,1,0,1,1,2,1,0,4,1,0,0,0,4,1,3,2,4,4,4,4,0,1,1,4,4,2,1,4,4,1,4,0,1,1,2,1,4,4,2,3,4,0,0,4,2,1,0,4,4,2,4,0,2,0,3,0,1,4,0,0,4,4,1,4,4,2,2,0,4,2,1,1,1,1,1,2,4,1,4,4,1,1,4,0,4,4,4,3,0,1,4,1,4,1,0,0,3,1,0,1,2,1,4,2,2,2,0,0,0,2,0,0,0,1,1,0,0,2,2,2,4,2,1,4,2,0,0,4,4,2,1,1,0,2,0,0,1,4,1,1,2,0,1,1,4,4,2,4,4,1,4,1,0,2,2,4,4,2,4,1,4,1,2,2,2,4,0,1,2,1,2,0,3,4,2,2,1,0,2,4,2,0,4,2,4,1,2,2,4,2,4,2,0,0,4,2,1,2,2,4,0,4,1,0,1,1,1,2,0,3,1,1,4,1,4,3,4,3,1,2,3,2,1,4,0,1,0,1,2,4,0,2,0,0,4,0,0,1,4,1,3,1,4,2,4,4,1,0,0,1,4,2,2,4,0,1,4,4,4,4,1,1,2,1,3,0,0,4,2,0,4,1,1,1,2,0,2,0,0,0,4,1,4,0,1,4,0,0,2,1,4,2,1,4,1,2,4,1,4,2,4,1,0,1,2,4,1,2,4,0,2,1,2,4,4,0,2,1,4,4,4,2,4,1,4,4,0,2,1,1,2,4,4,0,1,1,4,3,4,1,2,0,2,1,4,4,2,0,3,4,0,4,4,2,2,0,4,1,1,0,4,4,4,1,1,4,0,4,4,1,0,0,0,1,4,4,0,4,2,1,1,4,3,1,1,1,0,2,0,4,4,4,2,2,3,0,2,4,1,0,1,2,0,4,2,0,1,0,2,1,0,4,4,0,0,4,4,1,1,4,2,1,4,0,2,2,1,4,4,2,2,0,0,4,4,3,0,2,4,0,2,2,2,1,3,4,4,2,0,4,4,0,1,4,0,4,0,4,0,0,4,3,4,0,0,1,2,2,3,4,4,0,4,0,2,4,1,1,4,1,4,3,4,2,2,0,4,4,0,0,3,0,0,2,3,0,2,0,2,2,1,0,0,0,3,4,0,1,0,4,4,3,2,3,3,2,2,2,3,1,0,3,4,1,2,0,3,2,3,0,2,2,1,2,1,2,2,0,4,2,0,0,4,0,3,0,0,2,0,0,4,2,1,2,2,1,3,0,1,2,4,0,4,4,0,2,2,4,2,4,4,1,4,2,1,2,4,2,2,4,3,1,0,2,0,4,4,0,0,0,4,4,2,0,3,1,2,4,4,3,2,0,4,2,4,1,2,4,4,0,2,0,2,0,0,0,3,0,2,2,0,2,1,2,0,1,4,0,0,4,3,1,2,1,4,4,1,1,1,0,1,1,2,4,1,2,3,0,1,2,3,1,2,4,1,2,1,4,2,4,2,3,2,4,3,3,2,3,4,1,2,1,1,4,0,2,2,1,0,0,0,2,3,2,1,0,4,3,4,0,3,4,2,2,0,0,1,2,2,4,2,2,2,2,0,1,1,0,4,1,4,2,0,1,4,2,1,2,2,2,0,2,4,1,2,1,4,2,1,1,4,2,2,0,2,2,0,4,2,1,3,3,3,1,3,2,3,4,0,0,2,2,2,2,3,1,4,2,1,4,2,1,4,2,4,2,3,2,2,2,2,3,0,4,0,0,2,0,2,2,3,4,2,3,3,4,2,0,0,0,0,4,4,2,2,3,3,2,2,4,4,0,1,2,2,3,2,3,3,2,2,2,0,2,2,3,3,2,2,1,4,3,1,3,1,4,1,3,2,2,2,2,2,4,4,4,0,2,3,2,2,1,3,3,1,2,4,1,4,2,2,2,2,3,4,1,2,2,3,3,4,3,3,3,1,3,3,0,4,0,0,1,0,0,1,2,3,2,0,2,4,2,1,2,4,4,0,1,1,0,0,2,4,0,3,2,4,4,1,0,0,3,2,0,1,4,2,1,0,3,2,2,2,4,2,1,1,2,3,3,3,2,3,2,2,2,3,0,2,2,2,1,0,4,1,4,0,2,3,3,0,2,3,2,4,1,1,1,3,2,0,2,3,2,4,0,2,4,0,0,4,3,2,2,2,4,3,3,4,1,0,4,1,1,4,0,3,4,2,2,0,3,3,2,1,4,0,2,3,0,4,2,0,2,3,2,4,2,3,0,2,3,2,2,3,4,3,2,3,0,2,3,3,3,3,0,2,1,2,1,3,1,4,3,0,3,3,2,0,4,2,3,2,4,0,2,3,2,2,3,2,3,1,2,2,1,2,2,0,2,1,1,0,2,3,4,4,3,4,2,4,1,2,0,2,4,0,4,2,4,3,1,1,4,2,1,0,2,2,4,2,2,2,3,0,0,4,0,0,2,4,0,0,4,2,1,1,1,2,1,2,2,4,3,2,2,1,0,4,1,4,0,2,4,4,3,1,3,0,4,0,0,1,0,1,3,4,2,4,3,4,0,0,0,4,4,1,1,0,4,2,3,3,2,2,0,4,0,1,3,2,2,2,0,4,2,0,0,3,1,1,3,3,1,0,4,2,1,1,4,2,2,2,0,1,4,1,4,3,2,1,2,1,2,1,4,4,2,2,4,1,4,4,2,1,0,0,1,1,3,4,4,0,0,0,4,2,0,4,4,2,4,2,2,1,1,1,4,2,2,0,2,2,0,3,4,3,4,1,1,1,0,4,2,4,1,4,1,1,2,3,2,1,3,0,2,0,3,3,4,2,2,0,0,0,0,3,0,3,2,3,2,2,2,3,3,3,2,4,1,0,2,0,2,4,4,4,4,3,1,0,0,2,1,1,4,0,4,1,1,0,0,0,1,3,3,2,4,1,0,3,3,1,0,2,0,4,3,3,0,2,0,3,1,4,2,0,4,3,1,1,0,0,2,0,3,4,0,2,3,1,4,3,0,3,3,1,4,4,1,1,2,2,2,4,2,0,1,3,1,2,2,2,4,4,0,1,3,3,4,0,2,0,3,3,4,4,2,1,2,4,2,1,3,2,2,2,0,4,4,2,1,2,3,3,0,0,4,2,2,1,4,4,2,4,2,0,2,2,2,2,2,4,0,3,1,2,3,4,1,0,4,1,4,1,4,2,2,1,0,2,4,3,2,1,3,0,3,2,4,4,2,0,4,0,4,3,2,1,3,1,4,0,1,1,0,0,0,2,0,1,0,4,2,0,3,1,1,4,2,0,2,1,1,1,2,4,4,3,2,2,0,3,0,3,1,1,4,2,0,4,1,0,4,1,3,1,1,1,1,1,3,1,2,3,2,1,2,4,1,3,2,0,0,0,4,4,2,2,0,0,4,3,2,3,1,1,4,0,4,1,2,0,1,1,2,4,3,2,2,4,1,2,4,0,2,1,1,1,2,2,2,0,3,2,2,3,2,2,2,2,2,3,3,0,2,4,3,2,2,3,3,2,2]",ok,
36,uniform,5,0.15,0.348794666641678,12,"fused_1_medium+fused_3_medium+fused_4_veryhigh, fused_1_high+fused_4_veryhigh, fused_4_veryhigh+fused_5_medium, fused_2_medium+fused_3_low+fused_5_low, fused_2_medium+fused_3_low+fused_4_veryhigh, fused_2_medium+fused_3_medium+fused_4_veryhigh+fused_5_low, fused_1_high+fused_2_medium+fused_3_low, fused_1_medium+fused_2_medium+fused_5_low, fused_3_low+fused_4_high, fused_1_medium+fused_4_veryhigh+fused_5_low, fused_1_high+fused_5_low, fused_1_medium+fused_2_medium+fused_4_veryhigh",huang,"[228, 312, 200, 387, 672]",0.3172060870733511,0.1056142301278488,"[4,4,4,4,1,3,4,3,4,1,3,1,2,0,0,4,1,4,4,4,4,4,4,4,4,4,3,1,1,0,4,1,4,0,4,1,0,1,0,0,0,1,3,3,4,4,4,4,1,3,3,2,1,3,1,4,0,0,1,1,4,4,4,0,0,0,1,1,4,4,4,4,4,3,4,4,4,3,1,4,1,4,1,4,4,4,4,4,1,4,4,3,4,0,3,1,3,0,0,4,1,3,3,4,4,3,0,0,3,4,3,3,3,3,4,4,0,4,0,4,0,1,4,1,0,4,4,2,4,4,4,4,4,1,0,4,4,4,4,4,3,4,2,4,4,4,4,1,0,3,1,0,4,4,4,4,3,4,1,4,4,2,0,1,4,4,1,1,4,4,4,0,4,1,1,4,4,3,2,4,4,4,4,4,3,1,3,3,4,1,4,4,4,1,1,1,4,4,1,0,4,3,4,4,3,4,1,2,1,4,1,4,4,4,0,1,3,3,4,4,0,4,4,4,4,1,4,4,4,4,4,3,1,3,3,1,0,1,1,1,1,4,4,1,4,0,4,4,1,2,3,4,4,4,4,0,1,0,4,4,3,1,4,4,1,0,0,0,1,3,1,4,4,3,2,4,0,0,4,4,0,4,4,4,1,4,0,3,0,2,4,1,4,0,0,4,4,1,4,4,1,4,0,4,1,3,0,3,1,1,3,4,1,4,4,1,1,4,4,4,4,4,2,4,1,4,1,4,3,4,0,2,0,4,3,3,1,4,3,3,3,4,4,4,1,4,0,4,1,1,4,4,3,4,3,4,1,0,4,3,4,0,4,4,3,1,3,0,4,0,0,1,4,1,4,3,0,1,1,4,0,3,4,4,1,4,1,0,1,4,4,0,3,4,1,4,1,3,3,4,4,0,3,4,1,1,4,2,4,1,3,1,4,3,4,3,4,4,1,4,1,3,3,4,3,4,4,0,4,4,3,1,3,3,4,4,4,0,4,1,0,1,3,4,2,1,1,4,0,4,2,4,2,1,3,2,1,4,4,0,1,0,1,3,4,0,3,4,0,4,4,0,1,4,1,2,4,4,3,4,4,1,0,4,1,4,3,3,4,4,1,4,4,4,4,1,1,3,1,2,4,0,4,1,0,4,4,1,1,1,4,3,4,0,0,4,1,4,0,0,4,0,4,3,1,4,1,1,4,0,1,4,1,4,3,4,1,0,4,4,4,1,3,4,4,3,4,3,4,4,4,3,3,4,4,4,3,4,1,4,4,0,3,4,1,3,4,4,0,1,1,4,2,4,1,3,4,3,3,4,4,3,0,2,4,4,4,4,3,3,0,4,1,4,4,4,4,4,0,1,4,0,4,4,0,0,0,0,1,4,4,0,4,3,1,1,4,2,1,1,1,4,1,0,4,4,4,1,1,2,4,3,4,1,0,1,3,0,4,3,4,1,4,3,1,0,4,4,4,4,4,4,1,1,4,3,1,4,4,4,3,1,4,4,4,1,4,0,4,4,2,4,3,4,0,3,3,3,1,2,4,4,3,0,4,4,4,1,4,0,4,4,4,0,4,4,2,4,0,4,1,1,4,2,4,4,0,4,4,3,4,1,1,4,3,4,2,4,3,3,4,4,4,4,4,2,0,4,3,2,0,1,4,3,3,0,4,4,4,2,4,0,1,4,4,4,2,3,2,2,3,3,3,2,1,4,2,4,1,3,4,2,3,2,4,3,3,1,3,0,1,4,0,4,3,4,4,4,4,2,4,0,4,0,0,4,3,3,3,1,1,2,4,1,3,4,4,4,4,4,3,3,4,1,4,4,3,4,1,1,4,4,3,3,4,2,1,4,3,0,4,4,0,4,4,4,4,3,0,2,1,4,4,4,2,3,0,4,1,4,0,3,4,4,0,3,0,3,0,0,0,2,0,3,3,0,3,1,3,4,1,4,4,0,4,2,1,3,1,4,4,1,1,1,0,1,1,3,4,1,4,2,0,3,3,2,4,3,4,1,3,1,4,3,4,3,2,3,4,2,2,3,2,4,1,3,1,1,4,4,3,4,3,0,4,0,3,2,3,1,4,4,2,4,0,2,4,3,3,0,0,1,4,3,4,3,4,3,3,4,3,4,4,4,1,4,3,0,1,4,3,1,3,3,3,0,1,4,0,3,0,4,3,3,0,4,3,3,0,3,3,4,0,3,1,2,2,2,0,2,3,2,4,0,0,3,3,3,3,2,0,4,3,1,4,3,1,4,3,4,3,2,3,3,1,3,2,4,4,4,4,3,0,3,3,2,4,3,2,2,4,3,0,0,0,0,4,4,1,1,2,2,3,3,4,4,4,1,3,1,2,4,2,2,3,3,3,0,3,3,2,2,3,3,1,4,2,1,2,3,4,1,2,3,3,3,3,3,4,4,4,4,3,2,3,4,4,2,2,3,3,4,3,4,3,1,3,3,2,4,0,3,3,2,2,4,2,2,2,1,2,2,4,4,0,0,1,4,0,4,3,2,1,4,3,4,3,3,4,4,4,4,0,1,4,4,3,4,4,2,3,4,4,1,0,0,2,4,0,1,4,3,1,4,2,3,3,3,4,3,1,1,1,2,2,2,3,2,3,3,3,2,0,1,1,3,1,0,4,1,4,4,3,2,2,0,3,2,3,4,4,1,1,2,3,0,4,2,4,4,4,1,4,0,0,4,2,3,3,3,4,2,2,4,1,4,4,0,0,4,4,2,4,3,3,0,2,2,4,0,4,4,3,2,4,4,3,0,3,2,1,4,1,2,4,3,2,3,3,2,4,2,1,2,0,3,2,2,2,2,4,3,1,1,1,2,1,4,2,0,2,2,3,4,4,3,2,3,4,0,3,2,3,3,2,3,2,1,3,4,4,3,3,0,3,4,1,0,3,2,4,4,2,4,3,4,1,1,4,3,4,4,4,4,4,2,0,4,4,3,1,0,3,3,4,3,1,4,2,0,0,4,4,4,3,4,4,4,4,3,1,3,1,3,1,3,3,4,2,3,3,1,4,4,3,4,0,4,4,4,2,1,2,0,4,0,0,0,4,1,2,4,3,4,2,4,0,0,0,4,4,0,1,0,4,3,2,2,3,3,0,4,4,1,2,3,3,1,0,4,3,4,4,2,4,1,2,2,1,0,4,3,1,1,4,3,3,3,0,0,4,1,4,2,3,1,3,1,3,3,4,4,3,3,4,3,4,4,3,1,4,0,1,1,2,4,4,0,4,0,4,3,4,4,4,4,4,4,3,4,3,1,4,3,3,4,1,3,0,2,4,2,4,1,1,3,4,4,3,4,1,4,1,1,3,2,1,3,2,0,3,0,2,2,4,3,3,4,4,0,0,2,0,2,3,2,3,3,1,2,2,2,3,4,4,0,3,4,1,4,4,4,4,2,1,4,4,3,1,1,4,4,4,1,1,0,0,4,1,2,2,3,4,3,0,2,2,4,0,3,4,4,2,2,0,4,4,2,1,4,3,4,3,2,3,1,0,4,3,0,2,4,0,3,2,1,4,2,0,2,2,1,4,4,1,3,3,3,3,4,3,4,3,2,1,3,3,3,4,4,0,1,2,2,4,0,3,0,2,2,4,4,3,1,3,4,3,1,2,3,3,3,0,4,4,3,1,3,2,2,4,4,4,4,3,4,4,4,3,4,3,4,3,3,3,3,3,4,0,2,1,3,2,4,1,0,4,3,4,1,4,3,3,3,4,4,4,2,1,1,2,0,2,3,4,4,3,0,4,4,4,2,1,1,2,1,4,4,1,1,4,4,0,3,4,0,4,4,3,4,2,1,1,4,4,0,3,1,1,1,3,4,4,2,3,3,4,2,0,2,1,1,4,3,0,4,1,4,4,3,2,1,1,1,1,1,2,1,3,2,4,1,4,4,1,2,3,4,0,0,4,4,3,4,0,4,4,2,3,3,4,0,4,0,4,1,3,4,1,1,3,4,2,1,3,4,1,3,4,0,1,1,1,1,3,3,4,0,2,3,3,2,3,3,3,4,4,2,2,4,1,4,2,3,3,2,2,3,1]",ok,
37,uniform,5,0.1,0.2618196324222943,19,"fused_3_low+fused_4_high, fused_1_low, fused_2_medium+fused_3_low+fused_4_veryhigh+fused_5_low, fused_5_veryhigh, fused_2_veryhigh, fused_5_high, fused_1_medium+fused_3_low, fused_1_high+fused_2_medium+fused_3_low+fused_5_low, fused_2_medium+fused_4_high, fused_1_high+fused_3_medium, fused_2_high, fused_2_medium+fused_5_medium, fused_1_high+fused_2_medium+fused_3_low+fused_4_veryhigh, fused_3_low+fused_5_medium, fused_1_high+fused_5_medium, fused_3_medium+fused_4_veryhigh+fused_5_medium, fused_1_medium+fused_2_medium+fused_3_medium+fused_4_veryhigh+fused_5_low, fused_2_low+fused_3_medium+fused_4_veryhigh, fused_1_high+fused_2_medium+fused_4_veryhigh+fused_5_low",huang,"[555, 202, 735, 152, 155]",0.32889176551066157,0.2084491384102279,"[4,2,4,2,0,0,4,0,4,0,0,0,1,2,2,2,3,2,2,2,2,2,4,2,2,4,0,3,3,2,4,3,4,2,4,3,2,3,2,2,2,3,0,0,2,4,4,4,0,0,2,1,0,0,0,4,2,2,0,3,2,2,2,2,0,2,0,3,4,4,2,2,4,0,4,4,2,0,0,4,0,2,3,2,2,2,2,4,0,4,2,0,2,2,0,0,0,2,2,2,0,0,0,0,2,0,2,2,0,2,0,0,0,0,2,4,2,2,2,4,2,3,2,0,2,4,4,1,2,2,4,2,4,3,2,2,2,2,2,4,0,2,1,2,2,4,2,0,2,0,3,2,2,2,4,4,0,2,0,2,4,1,2,0,2,2,0,0,2,2,0,2,2,3,0,4,2,0,1,2,2,2,2,2,0,3,0,0,2,0,2,4,4,2,3,3,4,2,3,2,4,0,2,2,0,2,0,1,0,2,3,2,4,2,2,3,0,0,2,4,2,2,4,4,4,3,2,0,2,4,4,0,0,0,0,3,2,3,0,0,0,2,2,0,4,2,2,4,0,1,0,2,0,2,2,2,3,2,4,2,0,3,4,4,3,2,2,2,0,0,0,4,4,0,1,2,2,2,4,0,2,2,0,4,0,2,2,0,2,1,2,3,2,2,2,4,4,3,2,2,0,2,2,2,0,0,0,0,3,3,0,2,3,4,2,3,0,4,2,2,2,2,1,2,0,2,0,2,0,2,2,1,2,2,0,0,3,4,0,0,0,2,2,2,2,2,2,2,3,0,2,2,2,2,0,2,0,0,2,0,2,2,4,4,0,0,0,2,0,2,2,3,4,3,0,0,2,0,3,4,2,0,4,4,3,2,3,2,0,2,4,2,0,2,2,4,3,0,0,2,2,2,0,2,0,0,2,1,2,0,0,3,2,0,2,0,2,4,0,2,3,0,0,4,2,4,2,2,2,4,0,0,0,1,4,2,4,2,2,3,2,0,0,2,1,3,3,2,0,0,1,2,1,0,0,1,0,2,4,2,3,2,2,0,2,2,0,2,2,2,2,2,3,2,3,1,2,4,2,2,2,2,2,2,0,2,0,0,2,4,3,0,4,4,2,3,3,0,3,1,2,2,2,0,2,2,2,0,3,0,2,0,2,2,2,2,3,4,2,2,2,2,2,0,3,4,2,3,2,0,0,2,3,4,0,4,3,2,0,2,4,3,1,2,2,0,2,0,2,2,2,0,0,2,0,2,0,2,0,4,4,2,0,0,0,2,2,4,2,0,3,4,1,4,0,1,2,0,0,2,2,0,2,1,0,2,2,2,0,0,2,4,3,2,2,2,4,2,2,0,2,2,4,4,2,2,2,2,0,2,2,2,2,0,3,3,4,1,3,0,3,2,0,2,2,4,4,0,0,1,2,0,4,3,2,3,0,2,4,0,2,3,2,0,3,2,2,4,2,2,2,4,3,0,0,0,0,2,2,2,0,3,2,2,0,0,2,2,4,2,1,2,0,2,2,0,0,0,2,1,2,2,0,2,2,2,2,3,2,2,4,2,2,2,2,2,1,2,2,2,3,0,2,1,4,2,2,2,2,0,4,3,0,2,0,4,1,2,0,0,2,4,2,2,2,1,2,2,2,1,2,2,2,0,0,0,2,2,2,1,2,2,3,2,2,2,1,0,1,1,0,0,0,1,3,2,1,2,0,0,2,1,0,1,2,0,0,0,0,2,0,0,2,2,0,2,2,2,2,1,2,2,0,2,2,4,0,0,0,0,3,1,2,3,0,2,2,2,2,2,0,0,2,0,2,2,0,2,2,3,0,2,0,0,2,1,3,2,0,2,2,2,2,2,2,2,2,0,2,1,0,2,2,4,1,0,2,2,2,2,0,0,2,2,2,0,2,0,2,2,2,1,2,0,0,2,0,3,0,2,3,2,2,2,4,1,3,0,3,4,2,3,3,0,2,3,3,0,2,0,0,1,2,0,0,1,2,0,2,3,0,0,2,0,2,0,1,0,2,1,1,0,1,2,0,0,3,0,2,2,0,2,0,2,2,2,0,1,0,0,2,2,1,4,2,1,2,0,0,2,2,0,2,0,4,0,2,0,0,2,0,2,2,2,3,2,0,2,0,2,0,3,0,0,0,2,0,2,2,0,2,2,0,0,2,2,0,0,2,0,0,2,2,0,0,1,1,1,0,1,0,1,4,2,2,0,0,0,0,1,2,4,0,0,2,0,0,2,0,2,0,1,0,0,0,0,1,2,2,2,2,0,2,0,0,1,4,0,1,1,2,0,2,2,2,2,0,4,0,0,1,1,0,2,2,2,2,3,0,0,1,0,1,1,0,0,0,2,0,0,1,1,0,0,3,2,1,3,1,0,2,0,1,0,0,0,0,0,4,4,2,4,0,1,0,2,2,1,1,0,0,2,0,2,0,0,0,0,1,2,2,0,0,1,1,2,1,1,1,0,1,1,2,2,2,2,0,2,2,2,0,1,0,2,0,2,0,0,0,2,2,2,2,3,2,2,0,2,2,1,0,2,2,3,2,2,1,0,2,3,2,0,0,2,1,0,0,0,4,0,3,0,0,1,1,1,0,1,0,0,0,1,2,2,0,0,0,2,2,3,2,2,0,1,1,2,0,1,0,2,0,3,0,1,0,2,2,1,2,2,2,0,2,2,2,2,1,0,0,0,2,1,1,2,3,2,2,2,0,2,2,1,2,0,0,2,1,1,2,0,2,2,0,1,2,4,0,2,0,1,0,2,0,1,2,0,1,0,0,1,4,1,0,1,2,0,1,1,1,1,2,0,3,0,0,1,0,2,1,2,1,1,0,2,2,0,1,2,4,2,0,1,0,0,1,2,1,3,2,2,2,0,0,2,0,2,3,2,0,1,2,2,1,2,0,2,2,2,4,0,2,2,2,2,2,1,2,2,4,0,0,2,0,2,2,0,0,2,1,2,2,4,2,2,0,2,2,2,2,0,0,0,3,0,3,0,0,4,1,0,0,3,2,2,0,4,2,2,4,4,1,0,1,2,2,2,2,0,2,0,1,2,0,2,1,2,2,2,2,2,4,0,3,2,2,0,1,1,0,0,2,4,2,3,1,0,0,0,2,2,0,2,2,1,2,0,1,1,3,2,4,0,3,3,2,0,0,0,2,0,4,3,2,1,0,3,0,3,0,0,2,2,0,0,2,0,2,2,0,3,2,2,3,3,1,2,2,2,4,2,4,0,2,2,2,0,2,0,2,2,0,3,2,2,0,2,0,0,2,1,0,1,4,0,3,0,2,2,0,2,0,2,3,3,0,1,0,0,1,2,0,2,1,1,4,0,2,2,2,2,2,1,2,1,0,1,2,0,0,1,1,1,0,4,2,2,0,2,0,2,4,4,2,1,3,2,2,0,3,3,2,2,2,3,3,2,2,2,0,1,1,0,4,0,2,1,1,2,2,0,2,2,1,1,2,0,2,1,3,2,2,2,0,1,0,0,2,2,0,2,1,2,2,2,1,0,2,1,2,1,0,3,4,2,3,0,0,0,0,2,0,2,0,1,0,0,0,0,4,2,2,3,1,1,2,2,0,2,1,1,4,2,0,3,1,4,0,2,1,0,2,0,2,2,2,0,3,0,0,1,2,2,4,2,2,2,4,4,0,2,0,2,0,0,2,0,0,4,2,1,0,0,1,4,3,2,2,0,4,0,2,0,0,0,2,0,2,1,0,3,1,2,1,0,2,4,0,2,2,2,2,1,2,0,1,3,4,2,3,3,2,2,2,0,2,2,2,2,0,2,1,0,0,0,2,2,0,3,3,3,0,4,2,1,0,0,2,1,2,1,3,3,2,0,2,4,0,2,2,0,1,0,0,3,3,0,1,3,0,1,2,0,2,2,3,1,0,2,2,2,2,2,0,2,2,2,2,1,0,0,2,0,2,2,2,3,0,2,3,3,0,4,1,0,0,2,0,0,2,2,0,3,0,0,0,0,0,2,1,0,0,1,0,0,0,2,2,1,1,2,2,2,1,0,0,1,1,0,0]",ok,
38,uniform,7,1.0,0.42748573683993574,0,,,[],,,,baseline_no_features,
39,uniform,7,0.95,0.42748573683993574,0,,,[],,,,baseline_no_features,
40,uniform,7,0.9,0.42748573683993574,0,,,[],,,,baseline_no_features,
41,uniform,7,0.85,0.42748573683993574,0,,,[],,,,baseline_no_features,
42,uniform,7,0.8,0.42748573683993574,0,,,[],,,,baseline_no_features,
43,uniform,7,0.75,0.42748573683993574,0,,,[],,,,baseline_no_features,
44,uniform,7,0.7,0.42748573683993574,0,,,[],,,,baseline_no_features,
45,uniform,7,0.65,0.42748573683993574,0,,,[],,,,baseline_no_features,
46,uniform,7,0.6,0.42748573683993574,0,,,[],,,,baseline_no_features,
47,uniform,7,0.55,0.42748573683993574,0,,,[],,,,baseline_no_features,
48,uniform,7,0.5,0.49360528204316956,1,fused_4_veryhigh,huang,"[793, 422, 208, 164, 212]",0.24564449742608077,0.07782101167315175,"[1,1,1,2,0,0,1,4,1,0,4,0,4,1,1,1,0,0,2,2,1,0,2,2,1,1,0,0,0,0,1,0,1,0,2,0,0,0,1,1,1,0,0,0,1,1,1,2,0,4,0,3,0,0,0,1,1,1,1,0,1,2,2,1,0,1,0,0,1,1,1,1,1,0,2,1,1,0,0,2,0,1,0,0,1,2,2,1,0,2,1,0,2,1,0,0,4,1,0,1,0,4,0,0,1,4,0,1,0,2,0,4,0,0,1,1,0,0,0,1,1,0,0,0,1,1,1,3,1,0,2,1,1,0,1,0,1,1,1,2,0,0,3,2,1,1,1,0,1,0,0,0,1,2,1,1,0,2,0,0,1,3,0,0,0,2,0,0,0,1,0,0,2,0,0,2,0,4,4,0,1,2,1,2,4,0,0,0,1,0,2,1,1,1,0,0,2,2,0,0,1,0,1,0,4,0,0,3,0,2,0,1,2,2,1,0,0,0,1,1,0,1,1,1,2,0,2,0,0,1,2,0,0,0,0,0,0,0,0,0,0,0,2,0,2,1,0,2,0,4,4,1,0,2,2,1,0,0,1,2,0,0,2,1,0,1,1,0,1,0,0,2,2,0,3,2,0,1,2,0,0,1,0,2,0,2,0,0,1,3,0,1,1,1,0,1,2,0,1,2,0,0,0,2,0,0,0,0,0,0,4,2,0,0,1,0,0,2,0,1,1,1,4,1,0,2,0,2,0,1,0,4,0,0,0,0,0,2,0,0,0,0,1,1,0,0,1,0,0,0,1,0,0,0,0,1,0,0,1,0,0,1,1,0,0,0,0,0,0,1,1,0,1,0,0,0,1,0,0,1,1,0,2,1,0,2,0,0,0,0,1,1,4,0,1,1,0,0,0,0,1,1,0,0,0,0,1,3,1,0,0,0,0,0,2,4,1,2,0,2,0,4,0,2,0,2,0,0,0,1,0,0,4,4,1,0,2,0,1,1,1,0,4,1,3,0,0,2,0,0,3,1,3,0,0,4,0,0,0,0,0,1,1,0,2,0,0,1,1,0,1,1,0,2,0,3,0,2,0,2,2,1,1,1,0,1,4,4,2,2,0,1,1,2,2,0,0,4,0,3,1,0,1,0,0,1,0,0,0,0,1,0,1,1,0,1,0,2,1,0,2,1,1,0,0,2,0,0,2,0,0,2,0,2,0,1,0,1,0,0,1,0,4,0,1,4,0,4,2,1,1,4,0,2,1,2,4,2,0,1,0,0,0,0,0,0,2,0,1,0,0,2,3,1,1,4,0,0,0,2,1,4,1,3,0,1,1,1,0,0,0,1,0,0,1,2,2,2,1,0,2,1,1,1,0,0,1,1,0,2,2,1,1,4,0,0,1,3,0,0,1,1,0,0,2,1,1,0,0,3,0,0,1,0,1,0,0,0,2,4,1,1,0,0,0,0,2,1,1,1,0,1,0,0,1,0,0,2,0,0,4,0,2,1,0,0,0,1,2,2,3,1,0,2,0,4,4,4,1,4,1,0,4,1,2,0,0,0,1,1,2,0,1,1,0,2,4,2,1,0,0,0,0,3,1,2,0,0,0,4,1,0,0,1,1,1,3,2,4,4,1,1,2,1,1,3,0,1,0,4,1,0,1,4,4,0,1,1,1,3,2,0,0,1,1,2,3,0,3,3,4,0,4,3,0,1,3,2,0,4,1,3,0,3,1,0,0,0,4,0,0,0,0,2,0,0,0,1,1,3,0,0,0,1,1,2,0,0,4,0,1,3,1,0,0,1,0,1,2,0,0,4,2,0,0,1,0,0,0,1,0,2,4,0,1,3,0,1,4,1,1,2,1,0,0,1,2,4,0,3,0,0,2,1,3,0,0,2,0,2,0,4,1,1,0,4,0,0,0,1,0,3,0,0,0,1,4,0,4,0,0,2,1,0,1,3,0,0,0,2,1,1,0,0,1,0,1,4,2,0,1,3,0,0,0,3,0,4,1,0,4,1,0,4,1,0,3,0,1,3,4,0,3,0,0,4,0,0,1,1,4,0,0,0,1,0,0,4,0,1,1,2,4,1,1,3,2,4,0,1,0,0,0,4,1,4,0,0,4,1,0,0,1,2,0,1,0,0,0,1,0,0,4,4,4,1,0,0,0,0,1,1,0,0,0,1,4,4,1,0,4,0,1,0,0,3,3,3,1,3,4,3,2,1,0,0,0,0,4,3,0,1,0,0,1,4,0,1,4,1,4,3,0,4,0,4,4,0,1,1,1,0,1,0,4,3,1,4,3,3,2,0,1,1,0,0,0,2,0,0,3,3,0,0,1,2,0,0,0,0,3,0,3,3,0,4,4,1,0,4,3,3,4,4,0,1,3,0,3,0,2,0,3,0,0,4,4,0,1,1,2,2,4,3,0,0,0,3,3,0,4,1,0,2,4,0,4,0,3,1,0,4,0,3,3,1,4,3,3,0,3,3,1,2,0,0,0,1,0,1,0,3,0,0,4,1,4,0,0,1,0,0,0,0,0,1,4,2,1,3,4,2,1,0,0,1,3,0,1,0,0,4,0,1,3,4,4,4,1,0,1,0,0,3,3,3,0,3,4,0,0,3,1,0,0,0,0,0,2,0,0,0,4,3,3,0,0,3,4,2,0,0,0,4,0,0,0,3,0,2,0,0,2,1,0,2,3,4,0,4,0,3,3,2,0,1,1,0,0,1,1,3,2,4,0,1,3,3,0,0,2,1,4,4,0,1,0,0,4,3,0,2,0,3,0,0,3,0,4,4,2,3,0,3,1,4,4,3,3,3,0,0,1,0,0,3,0,2,3,1,3,3,0,0,1,4,3,0,0,1,0,4,4,4,3,0,3,0,0,0,0,4,4,0,0,1,0,0,0,3,0,0,3,2,0,0,0,0,2,0,1,1,2,0,2,3,0,0,1,0,0,1,0,0,1,4,0,1,4,1,0,2,1,0,0,2,0,1,1,0,0,0,0,4,0,4,4,2,3,0,0,0,1,2,0,0,1,0,2,1,4,0,4,0,2,1,1,0,1,0,3,1,4,1,3,1,0,1,0,2,2,0,0,0,1,4,3,3,4,4,1,1,0,1,3,1,4,0,0,2,0,1,1,3,0,0,3,3,0,1,2,4,0,1,2,4,0,4,0,0,2,0,2,3,4,0,4,0,0,0,2,1,0,0,2,0,0,1,4,0,0,0,0,0,3,2,2,0,1,0,0,0,1,2,2,1,2,0,0,0,0,0,1,0,0,0,0,4,0,3,0,4,2,0,1,0,0,2,0,2,0,2,0,0,4,3,0,0,4,1,4,0,3,4,2,4,0,0,1,0,1,4,1,3,4,3,0,0,0,4,3,3,4,2,0,1,4,0,0,2,2,2,2,3,1,1,1,4,0,0,1,1,2,0,0,1,0,1,0,3,3,0,2,0,0,3,3,0,0,4,1,0,3,3,1,0,0,3,0,2,0,1,4,4,0,0,0,1,4,0,3,2,1,0,3,0,1,3,0,4,4,0,2,1,0,0,0,4,4,0,0,0,0,3,0,4,4,0,2,2,1,0,3,4,2,0,0,0,3,3,2,2,4,0,4,1,4,1,3,4,0,4,1,0,2,4,0,4,4,4,2,1,2,0,0,0,2,2,4,0,0,1,0,4,0,4,0,0,1,3,0,4,3,1,0,1,1,0,1,0,0,4,0,0,1,0,0,3,0,0,4,0,3,0,1,2,4,1,0,1,2,3,0,0,3,0,1,1,0,0,1,1,0,4,1,0,1,2,0,1,3,0,0,0,0,0,4,0,0,0,4,2,2,3,4,4,0,3,1,3,0,0,1,4,1,2,1,1,2,0,3,0,0,0,1,0,3,0,0,3,0,0,1,0,0,3,4,0,1,1,2,2,4,0,1,0,1,3,4,4,1,0,2,0,0,0,0,1,1,0,0,1,4,0,4,1,0,0,0,1,0,0,0,0,4,4,0,0,3,4,0,3,4,4,4,0,0,4,3,0,0,1,3,4,4,3,3,4,0]",ok,
49,uniform,7,0.45,0.49360528204316956,1,fused_4_veryhigh,huang,"[793, 422, 208, 164, 212]",0.24564449742608077,0.07782101167315175,"[1,1,1,2,0,0,1,4,1,0,4,0,4,1,1,1,0,0,2,2,1,0,2,2,1,1,0,0,0,0,1,0,1,0,2,0,0,0,1,1,1,0,0,0,1,1,1,2,0,4,0,3,0,0,0,1,1,1,1,0,1,2,2,1,0,1,0,0,1,1,1,1,1,0,2,1,1,0,0,2,0,1,0,0,1,2,2,1,0,2,1,0,2,1,0,0,4,1,0,1,0,4,0,0,1,4,0,1,0,2,0,4,0,0,1,1,0,0,0,1,1,0,0,0,1,1,1,3,1,0,2,1,1,0,1,0,1,1,1,2,0,0,3,2,1,1,1,0,1,0,0,0,1,2,1,1,0,2,0,0,1,3,0,0,0,2,0,0,0,1,0,0,2,0,0,2,0,4,4,0,1,2,1,2,4,0,0,0,1,0,2,1,1,1,0,0,2,2,0,0,1,0,1,0,4,0,0,3,0,2,0,1,2,2,1,0,0,0,1,1,0,1,1,1,2,0,2,0,0,1,2,0,0,0,0,0,0,0,0,0,0,0,2,0,2,1,0,2,0,4,4,1,0,2,2,1,0,0,1,2,0,0,2,1,0,1,1,0,1,0,0,2,2,0,3,2,0,1,2,0,0,1,0,2,0,2,0,0,1,3,0,1,1,1,0,1,2,0,1,2,0,0,0,2,0,0,0,0,0,0,4,2,0,0,1,0,0,2,0,1,1,1,4,1,0,2,0,2,0,1,0,4,0,0,0,0,0,2,0,0,0,0,1,1,0,0,1,0,0,0,1,0,0,0,0,1,0,0,1,0,0,1,1,0,0,0,0,0,0,1,1,0,1,0,0,0,1,0,0,1,1,0,2,1,0,2,0,0,0,0,1,1,4,0,1,1,0,0,0,0,1,1,0,0,0,0,1,3,1,0,0,0,0,0,2,4,1,2,0,2,0,4,0,2,0,2,0,0,0,1,0,0,4,4,1,0,2,0,1,1,1,0,4,1,3,0,0,2,0,0,3,1,3,0,0,4,0,0,0,0,0,1,1,0,2,0,0,1,1,0,1,1,0,2,0,3,0,2,0,2,2,1,1,1,0,1,4,4,2,2,0,1,1,2,2,0,0,4,0,3,1,0,1,0,0,1,0,0,0,0,1,0,1,1,0,1,0,2,1,0,2,1,1,0,0,2,0,0,2,0,0,2,0,2,0,1,0,1,0,0,1,0,4,0,1,4,0,4,2,1,1,4,0,2,1,2,4,2,0,1,0,0,0,0,0,0,2,0,1,0,0,2,3,1,1,4,0,0,0,2,1,4,1,3,0,1,1,1,0,0,0,1,0,0,1,2,2,2,1,0,2,1,1,1,0,0,1,1,0,2,2,1,1,4,0,0,1,3,0,0,1,1,0,0,2,1,1,0,0,3,0,0,1,0,1,0,0,0,2,4,1,1,0,0,0,0,2,1,1,1,0,1,0,0,1,0,0,2,0,0,4,0,2,1,0,0,0,1,2,2,3,1,0,2,0,4,4,4,1,4,1,0,4,1,2,0,0,0,1,1,2,0,1,1,0,2,4,2,1,0,0,0,0,3,1,2,0,0,0,4,1,0,0,1,1,1,3,2,4,4,1,1,2,1,1,3,0,1,0,4,1,0,1,4,4,0,1,1,1,3,2,0,0,1,1,2,3,0,3,3,4,0,4,3,0,1,3,2,0,4,1,3,0,3,1,0,0,0,4,0,0,0,0,2,0,0,0,1,1,3,0,0,0,1,1,2,0,0,4,0,1,3,1,0,0,1,0,1,2,0,0,4,2,0,0,1,0,0,0,1,0,2,4,0,1,3,0,1,4,1,1,2,1,0,0,1,2,4,0,3,0,0,2,1,3,0,0,2,0,2,0,4,1,1,0,4,0,0,0,1,0,3,0,0,0,1,4,0,4,0,0,2,1,0,1,3,0,0,0,2,1,1,0,0,1,0,1,4,2,0,1,3,0,0,0,3,0,4,1,0,4,1,0,4,1,0,3,0,1,3,4,0,3,0,0,4,0,0,1,1,4,0,0,0,1,0,0,4,0,1,1,2,4,1,1,3,2,4,0,1,0,0,0,4,1,4,0,0,4,1,0,0,1,2,0,1,0,0,0,1,0,0,4,4,4,1,0,0,0,0,1,1,0,0,0,1,4,4,1,0,4,0,1,0,0,3,3,3,1,3,4,3,2,1,0,0,0,0,4,3,0,1,0,0,1,4,0,1,4,1,4,3,0,4,0,4,4,0,1,1,1,0,1,0,4,3,1,4,3,3,2,0,1,1,0,0,0,2,0,0,3,3,0,0,1,2,0,0,0,0,3,0,3,3,0,4,4,1,0,4,3,3,4,4,0,1,3,0,3,0,2,0,3,0,0,4,4,0,1,1,2,2,4,3,0,0,0,3,3,0,4,1,0,2,4,0,4,0,3,1,0,4,0,3,3,1,4,3,3,0,3,3,1,2,0,0,0,1,0,1,0,3,0,0,4,1,4,0,0,1,0,0,0,0,0,1,4,2,1,3,4,2,1,0,0,1,3,0,1,0,0,4,0,1,3,4,4,4,1,0,1,0,0,3,3,3,0,3,4,0,0,3,1,0,0,0,0,0,2,0,0,0,4,3,3,0,0,3,4,2,0,0,0,4,0,0,0,3,0,2,0,0,2,1,0,2,3,4,0,4,0,3,3,2,0,1,1,0,0,1,1,3,2,4,0,1,3,3,0,0,2,1,4,4,0,1,0,0,4,3,0,2,0,3,0,0,3,0,4,4,2,3,0,3,1,4,4,3,3,3,0,0,1,0,0,3,0,2,3,1,3,3,0,0,1,4,3,0,0,1,0,4,4,4,3,0,3,0,0,0,0,4,4,0,0,1,0,0,0,3,0,0,3,2,0,0,0,0,2,0,1,1,2,0,2,3,0,0,1,0,0,1,0,0,1,4,0,1,4,1,0,2,1,0,0,2,0,1,1,0,0,0,0,4,0,4,4,2,3,0,0,0,1,2,0,0,1,0,2,1,4,0,4,0,2,1,1,0,1,0,3,1,4,1,3,1,0,1,0,2,2,0,0,0,1,4,3,3,4,4,1,1,0,1,3,1,4,0,0,2,0,1,1,3,0,0,3,3,0,1,2,4,0,1,2,4,0,4,0,0,2,0,2,3,4,0,4,0,0,0,2,1,0,0,2,0,0,1,4,0,0,0,0,0,3,2,2,0,1,0,0,0,1,2,2,1,2,0,0,0,0,0,1,0,0,0,0,4,0,3,0,4,2,0,1,0,0,2,0,2,0,2,0,0,4,3,0,0,4,1,4,0,3,4,2,4,0,0,1,0,1,4,1,3,4,3,0,0,0,4,3,3,4,2,0,1,4,0,0,2,2,2,2,3,1,1,1,4,0,0,1,1,2,0,0,1,0,1,0,3,3,0,2,0,0,3,3,0,0,4,1,0,3,3,1,0,0,3,0,2,0,1,4,4,0,0,0,1,4,0,3,2,1,0,3,0,1,3,0,4,4,0,2,1,0,0,0,4,4,0,0,0,0,3,0,4,4,0,2,2,1,0,3,4,2,0,0,0,3,3,2,2,4,0,4,1,4,1,3,4,0,4,1,0,2,4,0,4,4,4,2,1,2,0,0,0,2,2,4,0,0,1,0,4,0,4,0,0,1,3,0,4,3,1,0,1,1,0,1,0,0,4,0,0,1,0,0,3,0,0,4,0,3,0,1,2,4,1,0,1,2,3,0,0,3,0,1,1,0,0,1,1,0,4,1,0,1,2,0,1,3,0,0,0,0,0,4,0,0,0,4,2,2,3,4,4,0,3,1,3,0,0,1,4,1,2,1,1,2,0,3,0,0,0,1,0,3,0,0,3,0,0,1,0,0,3,4,0,1,1,2,2,4,0,1,0,1,3,4,4,1,0,2,0,0,0,0,1,1,0,0,1,4,0,4,1,0,0,0,1,0,0,0,0,4,4,0,0,3,4,0,3,4,4,4,0,0,4,3,0,0,1,3,4,4,3,3,4,0]",ok,
50,uniform,7,0.4,0.42417335703340986,2,"fused_4_veryhigh, fused_5_low",huang,"[290, 790, 211, 164, 344]",0.20557577040111608,0.03835464146748194,"[0,4,0,0,1,1,4,2,0,1,2,1,2,4,4,4,4,1,0,0,4,1,0,0,4,0,1,1,1,1,0,1,0,1,0,1,1,1,4,4,4,1,1,1,4,0,0,0,1,2,1,3,1,1,1,0,4,4,4,1,4,0,0,4,1,4,1,1,0,0,4,4,0,1,0,0,4,1,1,0,1,4,1,1,4,0,0,0,1,0,4,2,0,4,1,1,2,4,1,4,1,2,1,1,4,2,1,4,1,0,1,2,1,1,4,4,1,1,1,4,4,1,1,1,4,0,4,3,4,1,0,0,4,1,4,1,4,4,4,0,1,1,3,0,0,0,0,1,4,1,1,1,4,0,0,0,1,0,1,1,0,3,1,1,1,0,1,1,1,4,1,1,0,1,1,0,1,2,2,1,4,0,4,0,2,1,4,2,4,1,0,0,0,4,1,1,0,0,1,1,4,1,4,1,2,1,1,3,1,0,1,0,1,0,4,1,1,1,4,0,1,4,0,0,0,1,0,1,1,0,0,1,1,1,1,1,1,1,1,1,1,1,0,1,1,4,1,0,1,2,2,4,1,0,0,4,1,1,0,0,1,1,0,0,1,4,4,1,4,1,1,0,1,1,3,0,1,4,0,1,1,4,1,0,1,0,1,1,4,3,1,4,4,4,1,4,0,1,0,0,1,1,1,0,1,1,1,4,1,1,2,0,1,1,4,1,1,0,1,4,4,0,2,4,1,0,1,0,1,4,1,2,1,1,1,1,1,0,1,1,1,1,4,4,1,1,4,1,1,1,4,1,1,1,1,4,1,1,4,1,1,4,0,0,1,1,1,1,1,4,4,1,0,1,1,1,4,1,1,0,4,1,0,4,1,0,1,1,1,1,0,4,2,1,4,0,1,1,1,1,4,4,1,1,1,1,4,3,4,1,1,1,1,1,0,2,4,0,1,1,1,2,1,0,1,0,1,1,1,0,1,1,2,2,0,1,0,1,4,4,4,1,2,4,3,1,1,0,1,1,3,4,3,1,1,2,1,1,1,1,1,4,4,1,0,1,1,4,4,1,4,4,1,0,1,3,1,0,1,0,0,4,4,4,1,4,2,2,0,1,1,4,0,0,0,1,1,2,1,3,4,1,4,1,1,4,1,1,1,1,4,1,4,4,1,0,1,1,4,1,0,4,4,1,1,1,1,1,1,1,1,0,1,1,1,0,1,4,1,1,0,1,2,1,4,2,1,2,0,0,4,2,1,0,4,0,2,0,1,0,1,1,2,1,1,1,0,1,4,1,1,1,3,0,4,2,1,1,1,0,4,2,4,3,1,4,0,0,1,1,1,0,1,1,4,0,1,0,4,1,0,4,0,0,1,1,4,4,1,0,0,4,4,2,1,1,0,3,1,1,4,4,1,1,0,0,0,1,1,3,1,1,0,1,4,1,1,1,0,2,4,4,1,1,1,1,0,0,4,4,1,0,1,1,4,1,1,0,1,1,2,1,0,4,1,1,1,4,0,0,3,4,1,0,1,2,2,2,4,2,0,1,2,4,0,1,1,1,4,4,0,1,4,4,1,0,2,0,4,1,1,1,1,3,0,0,1,1,1,2,0,1,1,4,4,0,3,0,2,2,4,0,0,4,4,3,1,4,1,2,4,1,4,2,2,1,4,4,4,3,0,1,1,4,0,0,3,1,3,3,2,1,2,3,1,4,3,0,1,2,4,3,1,3,4,1,1,1,2,1,1,1,1,0,1,1,1,4,4,3,1,1,4,4,4,0,1,1,2,1,4,3,4,1,1,0,1,4,0,1,1,2,0,1,1,0,1,1,1,4,4,0,2,1,0,3,1,4,2,4,4,0,4,1,1,4,0,2,1,3,1,1,0,4,3,1,1,0,1,0,1,2,4,4,1,4,1,1,1,4,1,3,1,1,1,4,2,1,2,1,1,0,4,1,4,3,1,1,1,0,4,4,1,1,4,1,4,2,0,1,4,3,1,1,1,3,1,2,4,1,2,4,1,2,4,1,3,1,4,3,2,1,3,1,1,2,1,1,4,4,2,1,1,1,4,1,1,2,1,4,4,0,2,0,4,3,0,2,1,4,1,1,1,2,0,2,1,1,2,4,1,1,4,0,1,4,1,1,1,4,1,1,2,2,2,4,1,1,1,1,4,4,1,1,1,4,2,2,4,4,2,1,4,1,1,3,3,3,4,3,2,3,0,4,1,1,1,1,2,3,1,0,1,1,4,2,1,4,2,4,4,3,1,2,1,2,2,1,4,4,4,1,4,1,2,3,0,2,3,3,0,1,4,4,1,1,1,0,1,1,3,3,1,1,4,0,1,1,1,1,3,4,3,3,1,2,2,4,1,2,3,3,2,2,1,0,3,1,3,1,0,1,3,1,1,2,2,1,4,0,0,1,2,3,1,1,1,3,3,1,2,4,1,0,2,1,2,1,3,4,1,2,1,3,3,4,2,3,3,1,3,3,4,0,1,1,1,4,1,0,1,3,1,1,2,4,2,1,1,4,0,1,1,1,1,4,2,0,4,3,2,0,4,1,1,4,3,1,4,1,0,2,1,4,3,2,2,2,0,1,4,1,1,3,3,3,1,3,2,1,1,3,4,1,1,2,1,1,0,1,1,1,4,3,3,1,1,3,2,0,1,1,1,2,1,1,1,3,1,0,1,1,0,4,1,0,3,2,1,2,1,3,3,0,1,4,4,1,1,4,4,3,0,4,1,4,3,3,1,1,0,4,2,2,1,4,1,1,2,3,1,0,1,3,1,1,3,1,2,2,0,3,1,3,4,2,2,3,3,3,1,1,4,1,1,3,1,0,3,4,3,3,1,1,0,2,3,1,1,4,1,2,2,2,3,1,3,1,1,1,1,2,2,1,1,4,4,1,1,3,1,1,3,0,1,1,1,1,1,1,4,4,0,1,0,3,1,1,0,1,1,4,1,1,4,2,1,4,2,4,1,0,4,1,1,0,1,4,4,1,1,1,1,2,1,1,2,0,3,1,1,1,4,0,1,0,4,1,0,0,2,1,2,1,0,4,4,1,4,1,3,0,2,0,3,0,1,4,1,0,0,1,1,1,4,2,3,3,2,2,4,0,1,4,3,2,2,1,1,0,1,4,4,3,1,1,3,3,1,4,0,2,1,4,0,2,1,2,1,1,0,4,0,3,2,1,2,1,1,1,0,0,1,1,1,1,1,0,4,1,1,1,1,1,3,0,0,1,4,1,0,1,4,0,0,4,0,1,1,1,1,1,4,1,4,1,1,2,1,3,1,2,0,1,4,1,1,0,1,0,1,0,1,1,2,3,1,1,2,4,2,1,3,2,0,2,1,1,4,1,4,2,4,3,2,3,1,1,1,2,3,3,2,0,1,4,2,1,1,0,0,0,0,3,4,4,4,2,1,1,0,4,0,1,1,4,1,4,1,3,3,1,0,1,1,3,3,1,1,2,4,1,3,3,4,1,1,3,1,0,1,4,2,2,1,1,1,4,2,1,3,0,4,1,3,1,4,3,1,2,2,1,0,0,1,1,1,2,2,1,1,1,1,3,1,2,2,1,0,0,4,1,3,2,0,1,1,1,3,3,0,0,2,1,2,0,2,4,3,2,1,2,4,1,0,2,1,2,2,2,1,4,0,1,1,1,1,0,2,0,1,4,1,2,1,2,1,1,4,3,1,2,3,0,1,4,0,1,4,1,1,2,1,1,4,1,1,3,1,1,2,1,3,1,4,0,2,4,1,4,0,3,1,1,3,1,0,4,1,1,4,4,1,2,4,1,4,0,1,4,3,1,1,1,1,1,2,1,1,1,2,0,0,3,2,2,1,3,4,3,1,1,4,2,4,0,4,4,0,1,3,1,1,1,4,1,3,1,1,3,1,1,0,1,1,3,2,1,4,4,0,0,2,1,4,1,4,3,1,2,0,1,0,1,1,1,1,4,4,1,2,4,2,1,2,4,1,1,1,4,1,1,1,1,2,2,1,1,3,2,1,3,2,2,2,1,1,2,3,1,1,4,3,2,2,3,3,2,1]",ok,
51,uniform,7,0.35,0.36983157652232784,4,"fused_4_veryhigh, fused_5_low, fused_2_medium, fused_3_medium",huang,"[254, 161, 310, 465, 609]",0.22633927147560462,0.08949416342412451,"[3,3,3,3,4,4,2,0,3,4,0,4,0,2,2,4,4,2,3,3,2,3,3,3,2,3,4,4,4,4,3,4,3,4,3,4,2,4,2,2,2,4,4,4,2,3,3,3,4,0,4,1,4,4,4,3,2,2,4,4,2,3,3,2,4,2,4,4,3,3,2,2,3,4,3,3,2,0,4,3,4,2,4,3,2,3,3,3,4,3,2,0,3,2,4,4,0,2,4,3,4,0,0,4,2,0,3,2,4,3,4,0,4,0,2,2,4,4,3,2,2,4,4,4,2,3,2,1,2,4,3,3,2,4,2,3,2,2,2,3,4,3,1,3,3,3,3,4,2,4,4,3,3,3,3,3,0,3,4,3,3,1,4,4,3,3,4,4,3,2,4,2,3,4,4,3,3,0,0,4,3,3,2,3,0,4,4,0,2,4,3,3,3,4,4,4,3,3,4,4,2,0,2,4,0,3,4,1,4,3,4,3,3,3,2,4,4,4,2,3,2,2,3,3,3,4,3,4,4,3,3,4,4,4,4,4,2,4,4,4,4,4,3,4,3,2,3,3,4,0,0,2,4,3,3,2,4,4,3,3,4,4,3,3,4,2,2,3,4,4,4,3,3,4,1,3,3,3,3,4,4,2,4,3,4,3,3,4,2,1,3,4,2,2,2,2,3,4,3,3,4,3,2,3,4,4,4,4,4,4,0,3,4,3,2,4,4,3,3,2,2,3,0,2,4,3,4,3,4,2,3,0,4,3,4,0,4,3,4,0,4,2,2,2,4,2,2,4,4,4,2,2,4,3,4,2,4,4,2,4,4,2,3,3,4,4,4,3,4,2,2,4,3,4,4,0,2,4,4,3,3,4,3,2,4,3,4,4,4,4,3,2,0,3,4,3,4,4,4,3,2,2,4,3,4,4,2,1,2,4,4,4,3,4,3,0,2,3,4,3,4,0,0,3,4,3,3,4,3,3,4,4,0,0,3,4,3,4,3,4,3,4,0,2,1,4,4,3,4,4,1,3,1,4,4,0,4,4,3,4,4,2,4,0,3,3,4,2,2,4,2,2,4,3,4,1,4,3,4,3,3,2,2,3,4,2,0,0,3,3,4,4,3,3,3,4,4,0,4,1,2,2,2,4,3,2,4,4,4,4,2,4,2,2,2,3,4,3,2,4,3,2,2,4,4,3,4,4,3,4,4,3,4,3,4,3,4,2,4,4,3,4,0,3,2,0,4,0,3,3,2,0,4,3,4,3,0,3,4,3,3,4,0,4,4,4,3,4,2,4,4,3,1,3,4,0,3,4,4,3,3,0,2,1,0,2,3,3,4,4,4,3,4,4,2,3,3,3,2,4,3,2,3,3,4,4,2,2,4,3,3,2,2,0,4,4,3,1,4,4,4,2,4,2,3,3,3,4,4,1,2,4,3,4,2,4,0,3,3,0,2,4,3,4,4,3,3,3,2,3,4,3,4,4,4,4,4,3,3,4,0,4,3,2,4,4,2,2,3,3,1,2,4,3,2,0,0,0,4,0,3,3,0,2,3,3,3,4,2,2,3,3,2,2,3,3,0,3,2,3,4,4,3,1,3,3,3,4,2,0,3,4,4,2,0,3,1,3,0,2,2,3,3,2,2,1,3,2,4,0,2,4,2,0,0,4,2,2,2,1,3,3,4,2,3,3,1,4,1,1,0,4,0,1,4,2,1,3,4,0,2,1,4,1,3,4,4,4,0,4,4,4,3,3,0,4,3,2,2,1,4,3,0,2,2,3,4,4,0,4,4,1,2,4,4,3,2,2,3,3,4,0,3,4,3,3,4,3,3,4,4,3,0,4,3,1,4,2,0,2,2,3,2,3,4,2,3,0,3,1,4,4,3,2,1,4,3,3,4,3,4,0,2,2,2,0,2,4,2,2,3,1,2,4,4,2,0,4,0,3,4,3,2,3,2,1,4,4,4,3,2,4,4,4,2,4,4,0,3,4,4,1,4,4,4,1,4,0,2,4,0,4,3,0,3,4,1,0,3,1,0,4,1,3,4,0,4,4,2,3,0,4,4,3,2,4,4,0,4,4,2,3,0,3,2,1,3,0,4,2,3,4,3,0,3,0,3,0,0,3,4,4,2,3,4,2,4,3,4,3,4,4,0,0,0,2,4,3,4,0,2,2,4,4,4,2,0,0,2,4,0,2,2,4,4,1,1,1,4,1,0,1,3,2,2,4,4,4,0,1,4,3,0,4,2,0,4,2,0,2,2,1,4,0,4,0,0,3,2,2,2,4,2,4,0,1,3,0,1,0,3,0,2,2,3,3,4,3,4,4,1,1,4,4,2,3,4,4,4,4,1,0,1,1,0,0,0,2,0,0,1,1,0,0,4,2,1,4,1,4,3,4,1,0,0,0,0,4,2,3,3,3,0,1,4,3,4,1,1,4,0,2,4,3,0,4,0,4,1,2,4,0,4,1,1,2,0,1,1,4,1,1,2,3,3,4,4,2,3,3,4,1,4,3,0,3,0,4,4,3,3,3,4,4,3,2,0,3,2,1,0,3,2,4,3,2,1,4,2,4,3,0,4,2,1,0,0,0,3,4,4,4,4,1,1,1,4,1,0,4,0,1,2,4,4,0,4,3,3,4,3,3,0,1,1,3,4,0,0,3,4,4,4,0,4,3,2,1,2,3,4,4,3,2,3,3,1,0,4,0,4,1,1,3,4,2,2,4,4,3,2,1,3,2,0,2,1,1,3,4,3,2,0,0,2,2,0,3,0,1,4,3,4,1,4,4,1,4,0,0,3,1,4,1,2,0,0,1,1,1,3,4,4,4,4,1,4,3,1,2,1,1,4,3,3,0,1,4,3,2,4,0,0,0,1,4,1,4,3,4,3,0,0,3,4,2,4,4,4,1,4,3,1,3,4,3,4,4,3,0,2,2,3,3,3,1,4,4,3,4,4,2,4,4,2,0,4,2,0,2,2,3,2,3,4,3,3,2,2,4,4,4,4,0,4,0,0,3,1,0,4,4,2,3,4,3,3,3,3,3,0,4,0,2,3,2,2,4,2,4,1,3,0,3,1,3,4,2,4,3,3,4,4,3,2,0,1,1,0,0,2,3,4,4,1,2,0,4,3,3,4,2,2,1,4,4,1,1,4,2,3,0,4,4,3,0,0,0,3,4,3,4,3,1,0,4,0,4,0,4,3,3,0,4,4,4,4,3,0,4,3,3,4,4,1,3,3,2,2,2,3,0,2,3,3,4,3,4,4,4,4,4,2,4,0,4,4,0,3,1,4,0,3,4,4,4,3,3,0,3,4,3,4,4,0,1,4,4,0,2,0,3,1,0,3,0,4,3,2,3,2,0,3,1,0,1,4,4,4,0,1,1,0,3,4,2,0,3,4,3,3,3,3,1,4,2,2,0,4,4,3,2,3,4,4,2,3,3,4,1,1,4,3,4,2,1,1,4,2,0,2,3,1,1,2,4,4,1,4,3,4,2,2,0,4,4,3,2,0,2,1,3,2,4,1,4,3,1,2,0,0,4,3,3,4,4,4,0,0,3,4,4,4,1,4,0,0,4,3,3,2,4,1,0,3,3,0,3,1,1,3,3,0,4,0,3,0,4,1,0,4,0,2,3,3,0,4,0,0,0,3,2,3,3,4,4,3,3,0,3,0,3,4,0,4,0,4,3,2,1,4,0,1,3,4,2,3,4,2,4,3,0,4,4,2,4,4,1,4,4,0,3,1,4,3,3,0,2,3,3,3,1,4,4,1,4,3,2,4,4,2,3,3,0,2,4,2,3,4,2,1,4,4,4,4,2,0,4,4,4,0,3,3,1,0,0,3,1,2,1,4,4,2,0,2,3,4,2,3,4,1,4,4,4,2,4,1,4,4,1,3,4,2,3,4,1,0,3,2,2,3,3,0,4,2,3,2,0,0,0,2,4,3,3,3,4,4,2,4,4,0,2,0,4,0,2,4,4,3,2,4,4,4,4,0,0,4,4,1,0,4,1,0,0,0,4,3,0,1,4,4,2,1,0,0,1,1,0,4]",ok,
52,uniform,7,0.3,0.29237247366488156,7,"fused_4_veryhigh, fused_5_low, fused_2_medium, fused_3_medium, fused_3_low, fused_1_medium, fused_1_high",cao,"[677, 462, 265, 277, 118]",0.17999340441087328,0.08949416342412451,"[3,1,3,3,0,0,1,2,1,0,2,2,2,1,1,1,0,1,3,3,1,1,3,3,1,1,0,0,0,0,1,0,3,0,3,0,1,0,1,1,1,0,0,0,1,3,3,3,0,2,0,4,0,0,0,3,1,1,0,0,1,3,3,1,0,1,0,0,3,1,1,1,1,0,3,3,1,0,0,1,0,1,0,3,1,3,3,3,0,3,1,0,3,0,0,0,2,1,0,1,0,2,0,0,1,2,1,1,0,3,0,2,0,0,1,1,0,0,1,1,1,0,0,0,1,1,1,2,1,1,3,3,1,0,1,1,1,1,1,3,0,3,2,3,3,3,1,0,1,0,0,1,1,3,3,3,0,1,0,1,3,2,0,0,1,3,0,0,1,1,0,1,3,0,0,3,0,2,2,0,1,1,1,3,2,0,0,2,1,0,3,1,3,0,0,0,3,3,0,1,1,0,0,0,2,1,0,4,0,1,0,1,1,3,1,0,0,0,1,1,1,1,3,3,3,0,3,0,0,1,3,0,0,0,0,0,1,0,0,0,0,0,3,0,1,1,3,3,0,2,2,0,0,3,3,1,0,0,1,3,0,0,3,1,0,1,1,1,0,0,0,3,3,0,4,3,1,1,3,0,0,1,0,3,0,1,1,0,1,4,1,0,1,1,1,1,3,0,1,3,0,1,1,3,0,0,0,0,0,0,2,3,0,1,1,0,0,3,3,1,1,1,2,1,0,3,0,3,0,1,1,2,1,3,0,0,0,3,0,0,0,0,1,1,0,1,1,0,0,0,1,0,0,1,0,1,0,0,0,0,1,1,3,3,0,0,0,1,0,1,1,0,3,0,0,0,1,0,0,1,1,0,1,1,0,3,0,0,0,0,3,1,2,0,0,3,0,0,0,3,1,1,0,3,0,0,1,2,0,0,0,0,3,0,3,2,1,3,0,1,0,2,0,3,0,3,3,0,1,1,0,0,2,2,3,0,3,0,1,0,1,0,2,1,4,0,0,3,0,0,4,1,2,0,0,2,0,0,3,0,0,1,0,0,3,1,0,1,1,0,1,1,0,3,0,2,0,3,0,1,3,0,1,1,0,1,2,2,3,3,0,0,3,3,1,0,0,2,0,4,1,1,1,0,1,1,0,0,0,0,0,0,1,1,1,1,0,3,1,0,3,1,1,0,0,3,0,0,3,0,0,3,0,1,0,1,0,1,0,1,1,0,2,0,1,2,0,2,3,3,1,2,0,1,0,3,2,3,0,3,1,0,0,0,0,0,3,1,1,0,0,1,4,1,0,2,3,0,0,3,1,2,1,2,2,1,1,3,0,0,0,1,0,0,1,3,3,3,0,0,3,1,1,3,0,0,1,1,0,3,1,1,1,2,0,0,1,4,0,0,0,1,0,1,3,3,1,0,0,4,0,0,3,0,1,0,2,1,3,2,1,0,3,0,0,1,3,1,1,1,0,1,0,0,0,0,0,3,1,0,2,0,3,1,0,0,0,1,1,3,4,1,0,3,1,2,2,2,0,2,3,1,2,1,3,1,3,0,1,1,1,1,1,1,0,3,2,3,1,3,0,0,1,4,1,1,1,1,0,2,1,0,0,1,2,3,4,3,2,3,1,1,3,1,1,4,1,1,0,2,1,0,1,2,2,0,1,1,1,4,3,1,0,1,3,3,4,0,2,2,2,0,2,4,0,1,4,3,0,2,1,2,0,4,1,0,0,0,2,0,0,0,1,3,0,0,3,1,1,2,0,1,0,1,1,3,0,0,2,0,0,4,1,0,0,3,0,0,3,1,0,2,3,0,3,3,0,1,3,0,0,1,2,0,3,4,0,1,2,1,1,3,1,3,1,1,3,2,1,2,0,1,3,1,4,0,1,3,0,3,0,2,0,1,1,2,1,0,1,1,3,4,1,0,0,1,2,0,2,3,0,3,1,1,1,2,0,0,0,3,1,0,0,0,1,0,0,2,3,0,0,4,0,0,0,4,0,2,1,0,2,0,1,2,1,0,4,0,0,4,2,0,4,3,0,2,0,0,1,1,2,0,0,1,1,0,0,2,0,0,1,3,2,1,1,4,3,2,0,1,0,0,1,2,3,2,1,2,2,1,0,0,1,3,0,1,0,1,0,1,0,0,2,2,2,1,0,3,0,2,0,1,0,0,0,1,2,2,1,0,2,0,0,0,0,4,2,2,0,2,2,4,3,1,1,0,0,0,2,2,0,3,2,0,1,2,0,1,2,1,1,4,0,2,0,2,2,3,1,1,1,0,1,0,2,4,3,2,4,2,3,0,1,1,1,1,0,3,0,0,4,4,0,0,0,3,0,0,0,0,4,0,4,4,2,2,2,1,0,2,4,4,2,2,0,0,4,0,4,0,3,0,4,0,0,2,2,0,1,3,1,1,2,4,0,0,0,4,2,0,2,1,0,3,2,0,2,0,4,1,0,2,0,2,4,1,2,4,4,0,4,4,1,3,0,0,0,1,1,3,0,2,0,3,2,1,2,0,0,1,3,1,0,0,3,1,2,3,1,4,2,3,1,0,1,1,4,0,1,0,3,2,0,1,4,2,2,2,1,0,0,0,0,4,4,2,0,4,2,0,2,4,1,0,0,2,0,1,3,0,3,1,0,4,4,1,0,2,2,1,0,0,0,2,0,1,0,2,0,3,1,0,3,0,1,3,4,2,0,2,1,4,4,3,0,1,1,0,0,1,1,4,3,1,0,1,2,4,3,0,3,1,2,2,0,1,0,1,2,4,0,3,0,4,0,0,2,0,2,2,3,2,0,2,1,2,2,4,2,4,0,0,0,0,0,4,0,3,4,1,4,4,0,3,1,2,4,0,1,1,0,2,2,2,4,0,4,0,0,0,0,2,2,1,0,0,0,1,0,4,0,0,2,3,0,1,0,0,1,0,1,0,1,1,1,4,0,0,1,0,0,1,0,0,1,2,0,1,2,1,1,3,1,1,0,3,0,1,1,0,0,0,0,2,0,2,2,3,2,0,0,0,1,3,0,3,1,0,3,3,2,0,2,0,3,1,1,0,1,0,4,1,2,3,4,1,0,1,0,3,3,0,0,1,1,2,4,2,2,2,1,3,0,0,2,3,2,0,1,3,0,1,1,2,0,0,2,2,0,1,3,2,0,0,3,2,0,2,3,0,3,0,3,4,2,0,2,0,0,0,3,3,2,0,1,0,3,1,2,0,1,1,0,0,4,3,3,1,1,1,1,2,1,3,1,0,3,0,0,0,0,0,0,0,0,0,0,2,1,4,0,2,3,0,0,0,3,1,0,3,0,3,0,0,2,4,0,0,2,1,2,1,4,2,3,2,0,1,1,1,1,2,1,4,2,4,0,0,0,2,4,2,2,3,0,1,2,1,0,3,3,3,3,4,0,1,1,2,0,0,1,1,1,0,0,1,1,1,0,4,4,0,3,0,1,2,4,0,0,2,1,3,2,4,1,0,0,4,0,3,0,1,3,2,0,0,1,1,2,1,4,3,1,0,2,0,1,4,1,2,2,0,3,1,0,0,0,2,2,3,0,0,0,4,0,2,2,0,3,1,1,0,4,2,3,1,0,1,2,4,3,3,2,0,2,3,2,0,4,2,0,2,1,0,1,2,0,2,2,2,1,1,3,3,0,0,3,3,2,3,0,1,0,2,0,2,0,3,1,4,0,2,2,1,0,1,3,0,1,0,3,2,0,0,1,0,0,4,0,0,2,3,4,0,1,3,2,1,3,1,3,4,0,0,4,0,3,1,0,0,1,1,3,2,1,0,1,3,0,1,4,0,0,0,0,1,2,0,0,0,2,3,3,4,2,2,3,4,1,2,0,0,0,2,1,3,0,1,3,0,4,0,0,0,0,0,4,0,0,4,3,0,3,3,0,4,2,3,1,1,1,3,2,0,1,1,0,2,0,2,0,0,3,1,3,0,0,1,0,0,0,1,2,0,2,1,0,0,0,1,0,0,0,0,2,2,0,0,2,2,0,4,2,2,2,0,0,2,4,0,0,3,4,2,2,2,4,2,0]",ok,
53,uniform,7,0.25,0.2748925081322541,7,"fused_3_medium, fused_3_low, fused_1_medium, fused_1_high, fused_2_medium+fused_4_veryhigh, fused_4_megahigh, fused_4_veryhigh+fused_5_low",cao,"[469, 113, 235, 542, 440]",0.23594542910998767,0.1784324624791551,"[3,0,3,0,4,0,3,2,3,4,2,0,2,3,3,0,0,3,3,3,3,3,3,3,0,3,0,4,4,4,3,4,3,4,3,4,3,4,3,3,3,4,0,0,3,3,3,3,0,2,4,1,4,4,4,3,3,3,0,4,3,3,0,3,4,3,0,4,3,3,3,3,3,4,3,3,3,0,0,3,0,3,4,0,3,3,3,3,4,0,3,0,4,0,0,4,2,3,4,3,4,2,0,4,3,2,3,3,4,3,0,2,0,0,3,3,4,4,3,3,3,4,4,0,3,3,3,2,3,4,0,3,3,4,3,3,0,3,3,3,0,0,2,3,3,3,0,4,3,0,4,0,3,3,3,3,0,3,0,3,3,2,4,0,3,0,4,4,0,3,4,4,3,4,0,3,0,2,2,4,3,3,3,3,2,4,0,0,3,4,3,3,3,0,4,4,3,0,4,4,3,0,0,4,2,3,4,1,4,3,4,3,3,3,3,4,4,0,3,3,4,3,3,3,3,4,3,4,4,3,3,4,4,4,0,0,4,4,4,4,4,4,0,4,4,3,0,0,4,2,2,0,4,3,0,3,4,4,3,0,4,4,3,3,4,3,3,0,0,4,0,3,0,0,1,3,3,3,3,0,4,3,4,0,4,3,3,4,3,1,3,0,0,3,4,3,0,4,3,0,4,0,3,3,4,0,4,0,4,4,2,0,4,3,3,4,0,3,0,3,3,3,2,3,4,3,4,0,4,3,3,2,4,0,0,0,4,0,0,0,0,0,0,3,4,4,3,4,4,4,3,4,4,0,4,3,4,4,0,0,4,3,3,0,4,4,0,3,0,3,3,4,3,0,4,0,3,4,4,3,3,0,3,3,4,3,4,4,4,4,3,3,2,0,0,3,4,4,0,0,0,3,0,0,4,0,3,2,0,4,4,4,0,0,0,2,3,0,4,4,4,2,0,3,4,3,0,4,3,3,4,4,2,2,3,4,3,4,3,0,3,4,2,3,1,4,4,0,4,4,1,0,2,0,0,2,4,4,0,4,4,3,0,0,3,0,0,3,3,4,3,3,4,0,4,2,4,3,4,3,3,0,3,3,0,3,2,2,3,0,4,0,3,0,3,4,4,2,4,1,3,4,0,4,3,0,0,4,4,4,0,4,3,3,4,3,4,0,3,4,0,3,3,4,4,4,4,4,0,4,4,3,4,3,4,3,4,3,4,4,3,4,2,0,3,2,4,0,3,3,3,2,0,3,0,0,2,3,4,3,0,4,0,4,0,4,3,4,3,4,4,3,1,3,0,2,0,4,0,0,0,2,3,2,0,3,3,0,4,0,4,3,4,4,3,3,0,0,0,0,3,3,3,3,4,4,3,3,4,3,3,3,3,2,4,4,3,1,4,0,0,3,4,3,0,3,3,4,4,1,4,4,3,0,3,4,0,3,3,2,3,0,0,4,4,3,3,3,3,0,4,3,4,0,0,0,4,3,3,0,2,4,0,3,4,0,4,3,3,0,1,3,0,0,4,2,2,2,0,2,3,0,2,3,3,3,0,4,3,3,3,3,3,3,0,3,2,3,3,0,4,4,3,1,3,3,3,4,4,2,3,4,4,3,0,3,1,3,0,0,3,3,3,3,3,1,3,3,4,2,3,4,3,2,2,4,3,3,0,1,0,3,4,3,0,0,1,0,2,2,2,4,0,1,4,3,1,3,4,2,3,2,0,1,3,0,0,0,0,4,4,4,3,0,0,4,0,3,3,2,4,0,0,3,3,3,0,4,2,4,0,2,3,4,0,3,4,0,3,3,4,2,3,4,0,3,0,0,0,0,0,3,2,0,3,1,4,3,2,3,3,3,3,0,4,3,0,2,3,2,0,4,3,3,1,4,0,3,4,3,4,2,0,3,4,0,4,4,4,3,0,1,4,4,4,3,2,4,2,0,4,3,3,3,3,2,4,4,4,3,3,0,4,0,3,0,0,2,3,0,0,1,4,0,0,1,4,2,3,4,2,0,0,2,3,4,1,0,0,1,2,4,1,0,0,2,0,0,3,3,2,4,0,0,0,4,4,2,4,0,0,3,2,3,3,1,3,2,4,3,0,0,0,2,3,2,3,0,2,0,0,0,3,0,0,3,4,3,0,0,4,4,2,0,0,3,4,0,4,0,3,3,4,0,4,3,2,2,3,0,2,4,0,4,0,1,2,2,0,2,2,1,3,3,4,4,0,0,2,2,4,3,0,0,3,0,0,3,2,3,0,1,0,2,0,0,2,0,3,3,3,4,3,4,2,1,3,2,1,2,3,0,3,3,3,3,4,3,4,4,1,1,4,4,0,3,4,4,4,4,1,0,1,1,0,0,2,3,0,2,1,1,2,2,4,0,1,4,1,0,3,4,1,0,0,0,2,4,3,3,3,4,0,1,0,0,4,1,2,0,2,3,0,3,0,0,2,4,1,3,4,2,0,2,1,0,2,1,1,0,1,1,3,0,0,4,0,3,3,0,4,2,4,0,2,0,2,0,0,3,0,0,4,4,0,3,2,3,3,1,2,3,0,4,3,3,1,4,3,4,0,2,0,3,1,2,2,2,3,0,0,0,4,1,1,2,4,1,2,0,0,1,3,4,0,0,0,3,0,4,0,3,0,1,1,3,4,2,2,3,4,4,0,2,4,3,4,2,4,3,4,4,0,0,3,0,1,2,0,2,4,1,1,3,4,3,3,4,4,3,3,1,0,0,0,3,2,1,0,4,3,3,2,2,4,3,0,0,2,1,4,3,4,1,0,0,2,4,2,2,0,2,4,2,3,0,2,1,2,1,0,4,0,4,4,1,4,3,1,3,1,1,0,0,0,0,1,4,3,3,4,2,2,2,1,4,1,4,0,4,0,2,2,3,0,0,0,0,0,1,0,0,2,0,0,0,0,4,3,0,3,0,3,3,3,1,4,4,3,0,4,3,4,4,3,2,0,0,2,3,4,0,3,3,0,3,0,0,3,4,0,0,4,2,4,0,2,3,2,0,4,4,3,0,0,0,3,0,3,3,2,0,2,4,3,3,3,4,0,0,2,0,2,3,1,3,4,3,4,3,3,4,0,3,0,2,1,2,2,2,3,3,4,0,2,0,2,4,0,3,4,3,3,2,4,0,2,2,4,3,3,2,4,0,3,0,0,2,0,4,3,0,3,1,2,4,2,4,0,0,3,3,0,0,4,0,4,3,0,4,3,3,4,4,1,3,0,3,3,4,3,0,3,0,3,0,3,4,4,4,0,4,3,4,0,4,4,2,3,1,4,2,0,0,0,0,0,3,0,3,4,3,4,4,2,1,4,0,2,3,2,3,1,2,3,2,0,3,3,3,3,2,3,1,2,1,4,0,4,2,1,2,2,0,4,3,2,0,0,3,3,3,3,1,0,3,3,0,4,0,0,3,3,4,4,3,3,3,0,1,2,4,3,0,4,2,1,4,4,2,3,0,2,1,3,0,4,1,4,3,4,3,0,2,0,4,3,0,2,4,1,3,3,4,2,4,3,1,4,2,2,4,3,3,4,0,0,2,2,0,0,4,0,1,0,2,2,0,3,3,3,4,1,2,3,3,0,3,2,1,3,3,2,4,2,3,2,0,1,2,4,2,3,0,3,2,4,2,2,2,3,3,3,0,4,4,0,3,2,0,0,3,0,2,4,2,4,0,3,1,4,0,2,3,4,3,3,0,3,0,0,2,4,0,3,4,4,1,4,4,2,0,1,0,0,3,2,3,0,3,3,1,4,0,1,4,3,3,4,4,3,3,0,2,3,4,3,3,0,3,2,4,0,4,4,3,2,4,4,4,2,3,3,1,2,2,0,1,3,2,4,4,0,2,3,0,0,3,0,4,1,0,0,4,0,0,1,4,0,2,0,0,0,0,4,1,2,0,3,3,3,0,2,4,3,3,0,2,0,2,0,4,3,3,0,4,0,3,0,4,0,3,2,0,2,3,0,0,0,3,4,4,0,4,2,0,4,4,2,2,4,1,2,2,2,4,0,2,1,4,4,3,1,2,2,2,1,0,4]",ok,
54,uniform,7,0.2,0.306245102577923,9,"fused_3_medium, fused_3_low, fused_1_medium, fused_1_high, fused_2_medium+fused_4_veryhigh, fused_4_megahigh, fused_4_veryhigh+fused_5_low, fused_2_medium+fused_5_low, fused_3_verylow",cao,"[307, 716, 118, 176, 482]",0.2030771954789581,0.0689271817676487,"[1,1,1,1,4,0,1,0,1,4,3,0,3,1,1,1,0,4,1,1,1,1,1,1,1,1,0,4,4,4,1,4,1,4,1,4,4,4,1,1,1,4,0,0,1,1,1,1,0,0,4,2,4,4,4,1,1,1,0,4,1,1,1,4,4,1,0,4,1,1,1,4,1,4,1,1,1,0,0,1,0,1,4,1,1,1,1,1,4,1,1,0,4,1,0,4,0,1,4,1,4,0,0,4,1,3,1,1,4,1,0,3,0,0,1,1,4,4,1,1,1,4,4,0,1,1,1,3,1,4,1,1,1,4,1,1,1,1,1,1,0,1,3,1,1,1,1,4,1,0,4,4,1,1,1,1,0,1,0,1,1,3,4,0,1,1,4,4,1,1,4,4,1,4,0,1,4,3,3,4,1,1,1,1,3,4,0,0,1,4,1,1,1,1,4,4,1,1,4,4,1,0,1,4,3,1,4,2,4,1,4,1,1,1,1,4,4,0,1,1,4,1,1,1,1,4,1,4,4,1,1,4,4,4,0,0,4,4,4,4,4,4,1,4,4,1,1,1,4,3,0,1,4,1,1,4,4,4,1,1,4,4,1,1,4,1,1,4,4,4,0,1,1,0,2,1,1,1,1,0,4,1,4,1,4,1,1,4,1,2,1,4,1,1,4,1,1,4,1,1,4,1,4,1,4,0,4,0,4,4,3,1,4,1,1,4,0,1,1,1,1,1,3,1,4,1,4,1,4,1,1,3,4,1,0,0,4,1,0,0,0,1,1,1,4,4,4,4,4,4,1,4,4,1,4,1,4,4,1,0,4,1,1,1,4,4,0,1,0,1,1,4,1,0,4,0,1,4,4,1,1,0,1,1,4,1,4,4,4,4,1,1,0,1,4,1,4,4,0,1,1,1,0,1,4,0,1,3,1,4,4,4,1,0,1,3,1,1,4,4,4,3,0,1,4,1,1,4,1,1,4,4,3,3,1,4,1,4,1,4,1,4,3,1,2,4,4,1,4,4,2,1,3,0,0,3,4,4,1,4,4,1,1,0,1,4,0,1,4,4,1,1,4,1,4,3,4,1,4,1,1,1,1,1,0,1,0,0,1,1,4,1,1,1,1,4,4,3,4,2,1,4,1,4,1,1,0,4,4,4,1,4,1,1,4,1,4,1,1,4,1,1,1,4,4,4,4,4,1,4,4,1,4,1,4,1,4,1,4,4,1,4,3,0,1,0,4,0,1,1,1,3,0,1,0,1,0,1,4,1,1,4,0,4,0,4,1,4,1,4,4,1,2,1,4,3,1,4,0,1,1,3,1,3,0,1,1,1,4,0,4,1,4,4,1,1,1,1,4,0,1,1,1,1,4,4,1,1,4,1,1,1,1,0,4,4,1,2,4,0,1,1,4,4,1,1,1,4,4,2,4,4,1,0,1,4,0,1,1,0,1,1,1,4,4,1,1,1,1,1,4,1,4,0,0,0,4,1,1,1,3,4,1,1,4,0,4,1,1,1,2,1,0,1,4,3,3,0,1,3,1,1,0,1,1,1,1,4,1,1,1,1,1,1,1,1,3,1,1,1,4,4,1,2,1,1,1,4,4,0,1,4,4,1,0,1,2,1,0,1,1,1,1,1,1,2,1,1,4,3,1,4,1,0,3,4,1,1,1,2,1,1,4,1,1,1,2,0,3,3,3,4,0,2,4,1,2,1,4,3,1,3,0,2,1,0,0,0,0,4,4,3,1,1,0,4,1,1,1,3,4,1,0,1,1,1,0,4,3,4,4,2,1,4,0,1,4,1,1,1,4,3,1,4,1,1,0,0,0,4,0,1,0,0,1,2,4,1,0,1,1,1,1,1,4,1,1,3,1,3,0,4,1,1,2,4,4,1,4,1,4,0,1,1,4,0,4,4,4,1,1,2,4,4,4,1,0,4,0,1,4,1,1,1,1,3,4,4,4,1,1,4,4,0,1,0,4,3,1,0,1,2,4,0,0,2,4,0,1,4,3,0,0,3,1,4,2,0,1,2,3,4,2,1,0,0,0,0,1,1,0,4,0,1,1,4,4,3,4,0,1,1,3,1,1,2,1,3,4,4,1,0,4,3,1,3,1,0,3,1,0,0,1,1,0,1,4,1,0,1,4,4,3,0,0,1,4,1,4,0,4,1,4,0,4,1,3,0,1,0,3,4,1,4,0,2,3,3,4,3,3,2,1,1,4,4,0,0,3,3,4,1,3,0,1,0,0,1,0,1,0,2,0,0,0,0,3,1,1,1,1,4,1,4,0,2,1,3,2,3,1,0,1,1,1,1,4,1,4,4,2,2,4,4,1,1,4,4,4,4,2,0,2,2,0,0,3,1,0,3,2,2,0,0,4,1,2,4,2,0,1,4,2,0,0,0,3,4,1,1,1,4,0,2,0,1,4,2,3,0,0,1,0,1,0,0,0,4,2,1,4,0,0,3,2,1,3,2,2,0,2,2,1,1,1,4,0,1,1,0,4,3,4,1,3,1,0,0,0,1,0,1,4,4,1,1,3,1,1,2,3,1,1,4,1,1,2,4,1,4,1,3,0,1,2,0,3,3,1,0,4,0,4,2,2,3,4,2,3,0,0,2,1,4,0,0,0,1,1,4,1,1,0,2,2,1,4,3,3,1,4,4,0,3,4,1,4,3,4,1,4,4,1,1,1,1,2,0,0,0,4,2,2,1,4,1,1,4,4,1,1,2,1,0,0,1,3,2,1,4,1,1,3,3,4,1,0,4,3,2,4,1,4,2,4,0,3,4,0,3,1,3,4,3,1,0,3,2,3,2,1,4,1,4,4,2,4,1,2,1,2,2,0,1,1,3,2,4,1,1,4,3,0,3,2,4,2,4,0,4,0,0,0,1,0,4,0,1,0,2,1,0,3,1,0,1,0,4,1,0,1,1,1,1,1,2,4,4,1,0,4,1,4,4,1,0,0,1,3,1,4,1,1,1,0,1,1,1,1,4,0,0,4,0,4,0,3,1,3,0,4,4,1,1,0,1,1,4,1,1,3,0,3,4,1,1,1,4,1,0,2,1,0,1,2,1,4,1,4,1,1,4,0,1,1,3,2,3,3,3,1,1,4,4,3,1,3,4,1,1,4,1,1,3,4,0,3,3,4,1,1,3,4,4,1,0,0,0,1,4,1,0,1,2,0,4,0,4,0,0,1,1,0,0,4,0,4,1,0,4,1,1,4,4,2,1,1,4,1,4,1,0,1,1,1,4,1,4,4,4,0,4,1,4,0,4,4,3,1,2,4,3,1,0,4,0,1,1,0,1,4,1,4,4,0,2,4,0,3,1,0,1,2,3,1,0,0,1,1,1,1,3,1,2,3,2,4,0,4,3,2,3,3,1,4,1,3,1,0,1,1,1,1,2,1,1,1,0,4,0,1,1,1,4,4,1,1,1,0,2,2,4,1,0,4,3,2,4,4,3,1,0,3,2,1,1,4,2,4,1,4,1,0,3,0,4,1,1,3,4,2,1,1,4,3,4,1,2,4,3,3,4,1,1,4,0,0,3,3,1,0,4,0,2,0,3,3,0,1,1,1,4,2,3,1,1,0,1,3,2,1,1,3,4,3,1,3,4,2,3,4,3,1,0,1,3,4,3,3,3,1,1,1,1,4,4,1,1,3,1,0,1,0,0,4,0,4,1,1,2,4,0,3,1,4,1,1,0,1,0,1,3,4,0,1,4,4,2,4,4,3,1,2,0,1,1,3,1,1,1,1,2,4,0,2,4,1,1,4,4,1,1,1,3,1,4,1,1,0,1,2,4,0,4,4,4,0,4,4,4,3,1,1,2,3,3,1,2,1,3,4,4,1,3,1,1,4,1,1,4,2,0,0,4,4,0,2,4,0,2,1,0,1,1,4,2,3,1,1,1,1,1,3,4,1,1,1,3,0,3,1,4,1,1,1,4,0,1,4,4,0,1,3,0,3,1,0,0,0,1,4,4,0,4,0,0,4,4,3,3,4,2,0,3,0,4,1,3,2,4,4,1,2,3,0,3,2,0,4]",ok,
55,uniform,7,0.15,0.36415690596727784,10,"fused_3_verylow, fused_3_low+fused_4_veryhigh, fused_2_low, fused_2_medium+fused_3_low, fused_3_medium+fused_4_megahigh, fused_1_veryhigh, fused_2_medium+fused_4_veryhigh+fused_5_low, fused_1_high+fused_4_veryhigh, fused_5_medium, fused_1_medium+fused_3_medium",huang,"[317, 347, 450, 343, 342]",0.18817098812294442,0.042245692051139525,"[2,1,2,2,0,3,2,4,2,0,4,3,4,1,1,1,3,2,2,2,1,1,2,2,1,2,3,3,0,0,1,3,2,0,2,0,2,0,1,2,2,0,3,3,2,2,2,2,3,4,0,4,3,0,0,1,2,1,3,0,1,2,2,0,0,2,3,0,2,2,2,0,2,0,2,1,1,3,3,2,3,1,0,1,1,2,2,2,0,2,2,3,2,2,3,0,4,2,0,1,0,4,3,3,2,4,1,1,3,2,3,4,3,3,1,1,0,1,1,2,1,3,0,3,2,1,1,4,1,1,1,1,1,0,1,1,1,1,2,2,3,1,4,2,2,2,1,0,2,3,0,1,1,2,2,1,3,2,3,1,2,4,0,3,1,2,3,3,1,1,0,2,2,0,3,2,1,4,4,0,1,2,2,2,4,3,3,3,2,0,2,2,1,0,0,0,2,2,3,1,1,3,2,0,4,2,0,4,3,2,0,1,2,2,1,0,3,3,1,2,2,2,2,1,2,0,2,0,0,1,2,3,0,0,3,3,2,0,0,0,3,0,2,0,2,2,1,1,0,4,4,2,3,2,2,0,0,0,1,2,0,0,2,2,0,2,2,1,0,3,3,2,1,3,4,2,2,1,2,3,0,2,0,1,0,2,1,0,2,4,1,0,1,2,2,1,2,0,1,2,0,1,2,2,0,3,0,3,0,3,4,2,0,1,1,0,3,2,1,1,1,1,4,1,0,2,0,1,3,1,1,4,1,1,3,3,0,1,3,3,3,2,1,1,0,2,0,0,0,3,2,2,0,1,3,2,3,0,2,1,1,2,1,1,0,3,3,1,3,2,1,0,2,3,0,3,1,3,0,2,1,3,2,1,3,2,0,0,3,0,1,2,4,2,0,1,0,3,3,2,1,2,3,1,3,3,1,4,2,0,0,0,1,3,2,4,2,1,3,2,0,4,3,2,0,2,1,0,1,1,3,0,4,4,1,0,2,0,1,0,1,3,4,1,4,3,0,1,0,0,4,1,4,3,3,4,3,0,1,0,0,2,0,3,2,1,3,1,0,1,1,2,0,2,3,4,0,2,0,2,2,0,2,1,3,2,4,4,2,2,0,3,2,2,2,3,0,4,0,4,2,2,1,3,1,1,3,3,0,3,2,3,1,2,2,1,0,2,2,0,2,2,1,3,3,2,1,3,1,0,0,2,0,2,0,1,0,0,3,1,1,3,4,1,1,4,0,3,2,2,1,4,3,2,3,2,4,2,3,2,1,0,3,0,3,0,2,1,2,3,0,1,4,2,0,4,1,0,3,2,1,4,2,4,0,1,1,1,3,3,0,2,0,0,1,2,1,2,0,3,2,2,1,2,0,1,1,2,3,2,2,1,1,4,1,0,2,4,0,3,0,1,0,2,2,2,1,3,3,4,2,3,1,3,2,0,3,2,2,4,1,0,1,3,3,2,2,1,1,1,0,2,3,3,3,3,0,2,1,2,4,0,2,2,3,3,2,2,2,2,4,1,3,2,2,4,4,4,0,4,1,1,4,2,2,1,1,0,1,2,1,2,2,2,1,2,4,2,2,1,0,3,1,4,2,2,1,1,2,4,1,3,3,2,3,1,4,2,3,2,2,2,2,2,2,4,2,1,0,4,2,0,1,4,4,0,2,1,1,4,2,2,3,1,1,2,4,3,4,4,4,0,3,4,0,2,4,1,3,4,1,4,3,4,1,3,3,3,4,0,3,0,1,2,3,3,2,1,1,4,0,1,1,1,1,2,3,3,4,0,0,4,2,3,3,1,2,2,2,1,3,4,2,0,1,2,3,1,1,0,1,2,4,3,2,4,3,1,4,1,2,2,2,1,1,2,1,4,1,4,3,1,2,1,4,3,1,2,0,2,0,4,2,1,2,1,2,0,2,2,1,4,2,3,0,2,4,3,4,1,0,2,1,2,1,4,0,0,0,2,2,0,3,3,1,3,0,4,2,3,1,4,0,3,3,4,1,3,1,3,4,3,1,4,1,0,4,3,1,4,4,3,4,1,3,4,3,3,0,1,2,0,3,1,1,0,3,4,0,3,1,2,4,1,2,4,2,4,0,0,2,3,1,4,1,4,1,0,4,1,3,3,2,1,3,2,3,1,3,1,3,3,4,3,3,2,0,1,0,0,0,1,0,3,0,2,4,4,2,3,4,2,2,0,3,4,4,4,0,4,4,4,2,1,2,0,3,3,4,4,0,2,0,3,2,3,3,1,4,1,2,4,3,3,3,3,4,2,1,2,1,3,2,0,4,4,2,4,4,4,2,3,2,2,1,1,0,2,3,0,4,4,0,0,2,2,0,0,1,3,4,1,4,4,0,3,4,1,3,4,4,4,4,4,3,2,4,0,4,3,2,3,4,3,3,3,4,3,1,2,2,2,3,4,3,2,0,4,4,3,4,2,3,2,3,3,4,0,4,1,0,4,3,4,4,1,4,4,4,3,4,4,2,2,2,2,3,1,1,1,0,4,3,1,4,1,4,3,3,1,1,1,0,3,1,2,4,2,2,4,4,2,1,0,2,1,4,0,2,0,1,3,3,2,4,3,4,4,2,3,0,3,0,4,4,4,0,4,4,3,0,4,1,0,3,3,3,1,2,0,1,1,1,4,4,1,0,4,4,2,0,3,3,4,3,2,2,4,2,2,1,0,2,2,2,2,4,4,3,4,1,4,4,2,0,2,2,0,0,1,1,4,2,2,3,2,4,4,1,0,2,2,4,4,2,1,3,1,4,4,3,2,3,4,2,3,4,3,4,4,1,4,3,4,2,4,4,4,4,4,2,3,0,3,3,4,3,2,4,2,4,4,3,1,2,0,4,0,1,2,3,4,4,4,4,0,4,3,1,0,1,4,4,2,3,0,3,1,3,4,1,1,4,2,3,1,3,0,2,3,2,2,2,1,2,4,0,0,1,3,3,1,3,0,2,4,3,2,4,2,2,2,2,1,3,2,2,1,2,0,3,3,3,4,0,3,4,2,4,3,3,0,1,2,3,1,1,1,2,2,4,3,4,2,2,2,2,0,1,3,4,1,4,1,4,1,0,2,0,2,2,0,3,2,1,4,4,4,4,4,2,2,0,0,4,2,4,3,1,2,0,1,2,4,0,3,4,4,0,1,2,4,0,0,2,3,3,4,2,0,2,3,2,4,4,0,0,0,3,3,2,2,0,3,1,3,1,1,3,0,1,2,0,0,4,2,2,2,2,2,1,0,2,2,2,0,2,2,0,1,3,3,0,0,3,0,3,4,1,4,0,4,2,3,0,3,1,2,3,2,0,2,0,0,4,4,3,3,4,1,4,1,4,4,2,4,3,1,1,2,2,4,1,4,4,4,0,3,3,4,4,4,4,1,0,2,4,1,3,2,2,2,2,4,0,1,2,3,0,3,1,2,2,0,0,2,2,1,3,4,4,0,2,3,2,4,4,0,2,4,1,1,4,4,2,2,0,4,0,2,0,1,2,4,3,0,2,1,4,2,4,2,2,0,4,0,1,4,2,4,4,0,2,1,0,3,3,4,4,1,3,0,3,4,3,4,4,3,2,2,2,0,4,4,2,1,3,2,4,4,2,2,4,3,4,2,4,0,4,4,0,4,2,1,2,4,3,4,4,4,2,2,2,2,0,0,1,2,4,1,3,1,3,3,0,3,0,1,2,4,3,3,4,2,0,2,2,3,1,3,1,4,3,3,1,3,0,4,0,0,4,1,4,3,1,2,4,2,1,1,2,4,0,3,4,3,1,2,0,0,1,1,2,4,2,0,1,2,3,2,4,3,3,0,0,2,4,0,0,0,4,2,2,4,4,4,1,4,2,4,0,0,2,4,1,2,0,2,1,3,4,3,3,0,0,3,4,3,3,4,1,3,2,1,0,4,4,1,2,1,1,2,4,0,2,2,2,4,3,4,0,0,2,1,1,0,3,2,0,3,3,1,4,3,4,1,3,3,1,2,3,3,3,0,4,3,0,0,4,4,0,4,4,4,4,0,1,4,4,0,0,2,4,4,4,4,4,3,0]",ok,
56,uniform,7,0.1,0.20950534158222642,30,"fused_3_medium+fused_4_megahigh, fused_2_medium+fused_4_veryhigh+fused_5_low, fused_1_high+fused_4_veryhigh, fused_5_medium, fused_1_medium+fused_3_medium, fused_3_verylow+fused_4_veryhigh, fused_2_medium+fused_3_low+fused_4_veryhigh, fused_3_medium+fused_5_low, fused_4_megahigh+fused_5_low, fused_3_medium+fused_4_veryhigh, fused_1_medium+fused_4_veryhigh, fused_1_low, fused_2_low+fused_3_medium, fused_1_high+fused_2_medium, fused_1_high+fused_3_low, fused_1_medium+fused_5_low, fused_4_veryhigh+fused_5_verylow, fused_1_high+fused_3_medium, fused_1_medium+fused_3_low, fused_3_low+fused_4_veryhigh+fused_5_low, fused_1_medium+fused_2_medium, fused_5_high, fused_1_medium+fused_4_megahigh, fused_2_low+fused_4_megahigh, fused_1_veryhigh+fused_4_veryhigh+fused_5_low, fused_2_medium+fused_3_medium, fused_2_medium+fused_3_low+fused_5_low, fused_2_high, fused_2_medium+fused_4_megahigh, fused_2_veryhigh",cao,"[335, 157, 157, 405, 745]",0.23999002022056945,0.21845469705391884,"[3,4,3,3,2,4,1,0,3,2,0,4,0,1,1,4,4,3,3,3,4,3,3,3,4,3,4,4,4,2,4,4,3,2,3,2,3,2,1,4,1,4,4,4,1,3,3,3,4,0,4,0,4,2,2,4,1,1,4,2,4,3,3,1,4,1,4,2,3,3,1,1,3,4,3,4,4,4,4,3,4,1,2,3,4,3,3,3,2,3,4,4,3,4,4,2,0,1,2,4,2,0,4,4,1,0,3,1,4,3,4,4,4,4,4,1,2,4,3,1,4,4,2,4,1,4,1,0,4,4,3,4,1,2,1,3,4,4,1,3,4,3,0,3,3,3,4,2,1,4,2,4,4,3,3,3,4,3,4,3,3,0,2,4,3,3,4,4,3,4,4,3,3,4,4,3,4,4,0,4,4,3,1,3,0,4,4,4,1,2,3,3,4,4,2,2,3,3,4,4,4,4,4,4,0,3,2,0,4,3,2,4,3,3,1,2,4,4,4,3,3,4,3,4,3,2,3,4,4,4,3,4,2,2,4,4,3,2,2,2,4,4,3,2,3,1,3,3,4,0,0,4,4,3,3,1,4,2,4,3,4,4,3,3,2,1,1,4,4,4,4,3,3,4,0,3,3,4,3,4,4,1,4,3,2,3,3,2,1,0,3,4,4,1,3,4,3,2,4,3,2,4,3,3,2,4,4,4,4,4,0,3,2,3,1,2,4,3,3,1,4,4,0,1,2,3,2,4,4,1,3,0,4,3,4,4,4,3,4,4,4,3,4,1,4,3,1,4,4,4,1,3,4,4,4,4,4,4,4,4,4,1,3,3,2,4,4,3,4,1,1,2,3,4,2,4,1,4,4,3,4,4,3,1,4,3,2,4,4,4,3,1,0,3,4,3,4,4,4,3,4,1,4,3,4,4,1,0,4,2,2,2,3,4,3,0,1,3,4,3,2,0,4,3,2,3,3,2,3,4,4,2,0,0,3,2,3,2,4,4,4,4,0,4,0,4,2,3,2,4,0,4,0,4,4,0,4,4,3,4,2,1,4,4,3,4,4,4,1,4,4,1,2,3,4,0,2,3,4,3,3,4,1,4,4,1,0,0,3,3,2,4,3,3,3,4,2,0,4,0,1,3,4,4,3,4,4,4,2,4,4,4,4,1,3,4,2,3,1,4,3,1,4,4,4,4,4,4,3,4,2,3,2,3,2,3,2,4,4,4,3,4,0,4,1,0,4,4,3,3,4,0,4,3,4,3,0,3,4,3,4,2,4,2,4,4,3,4,1,4,2,3,0,3,4,0,3,4,4,3,4,0,1,0,4,4,4,4,4,4,2,3,2,4,1,3,3,3,4,4,3,1,4,3,2,4,1,1,4,3,3,4,4,0,4,4,3,0,2,4,4,4,2,3,3,3,4,4,4,0,3,4,4,4,1,2,4,3,3,0,4,4,3,4,4,3,3,4,4,4,4,3,4,4,4,4,2,3,3,4,0,2,3,1,4,4,3,1,3,3,0,4,4,3,3,0,4,0,4,0,3,4,0,1,3,3,3,2,3,1,3,3,1,1,4,3,0,3,1,3,2,4,3,0,3,3,3,4,3,0,4,4,4,4,4,4,0,3,4,4,1,3,3,4,1,0,3,4,2,0,1,4,4,0,0,2,1,4,4,0,3,3,4,4,4,3,0,4,0,0,4,4,4,0,2,1,0,3,4,0,4,0,4,0,4,4,4,4,4,4,4,4,3,3,4,3,3,4,4,0,4,4,4,4,1,3,4,4,0,2,4,0,1,4,4,4,3,4,3,3,4,0,3,2,3,3,4,4,4,4,4,3,0,4,3,0,4,4,0,4,1,3,1,3,4,1,4,0,3,0,4,4,3,1,0,4,4,3,4,3,2,0,4,4,3,4,3,2,3,1,3,0,3,4,4,1,0,4,0,3,2,3,1,3,4,0,2,4,2,3,1,4,4,4,1,4,4,0,3,4,4,0,4,4,4,0,4,4,4,4,0,4,4,0,4,4,0,4,4,0,0,4,0,3,4,0,4,4,4,4,4,4,4,3,4,2,4,0,2,4,4,3,0,4,1,0,3,4,4,1,3,4,4,0,3,0,3,4,0,4,4,4,1,3,4,1,4,3,4,4,4,4,0,4,4,1,2,3,4,4,4,4,2,4,2,1,0,0,1,4,0,3,4,4,4,0,0,0,4,0,0,0,3,4,3,4,4,4,0,0,4,3,4,4,1,4,4,4,0,4,4,0,4,0,4,4,0,3,4,1,4,4,1,2,0,0,3,0,0,0,3,4,1,1,3,3,4,3,4,4,0,0,4,4,4,3,4,2,4,4,0,4,0,0,4,4,0,1,4,0,0,0,0,0,4,4,0,2,0,4,3,4,0,4,4,4,0,4,1,3,3,4,0,0,4,4,4,0,0,4,0,3,4,3,4,4,0,2,0,4,4,0,4,0,0,4,0,0,0,4,0,0,1,3,3,4,4,4,3,4,4,0,4,3,0,4,0,4,4,4,4,3,2,4,3,1,0,3,1,0,0,3,4,4,3,1,0,4,1,2,3,4,4,1,0,4,4,0,3,4,4,4,2,0,0,0,4,0,0,4,4,0,4,4,4,4,4,3,3,2,3,3,4,0,0,3,4,0,0,3,2,4,4,0,4,3,3,0,3,3,4,2,3,4,3,3,0,0,4,0,4,0,0,3,2,4,4,2,2,4,4,0,3,4,4,1,0,0,3,2,3,1,0,0,3,4,4,4,0,0,4,3,4,0,4,4,0,4,0,0,3,0,4,0,1,4,0,0,0,0,3,4,4,4,4,0,4,3,0,1,0,0,4,3,4,4,0,4,3,1,4,0,0,0,0,2,0,4,4,2,4,0,0,3,4,4,4,4,4,0,4,4,0,3,4,4,4,2,3,4,1,4,3,3,3,0,4,2,3,4,4,1,4,4,1,0,4,4,0,1,3,3,1,3,4,3,3,4,1,4,4,4,4,0,2,4,0,3,0,4,4,2,1,3,4,3,4,4,3,3,0,4,0,3,3,1,1,2,4,4,0,4,0,3,0,4,4,1,4,3,3,2,4,3,4,0,0,0,0,0,1,3,4,4,0,4,0,4,4,3,2,4,4,0,4,4,0,0,4,1,3,0,4,4,3,4,4,0,3,2,3,4,3,0,0,4,4,2,4,4,3,3,4,4,4,4,4,4,4,4,3,3,2,2,0,3,3,3,1,3,3,4,1,3,3,4,3,4,4,4,4,4,4,4,4,2,4,0,3,0,2,0,3,4,4,4,3,3,4,3,2,3,2,2,0,0,4,4,0,1,0,3,0,0,3,0,4,3,1,3,1,0,4,0,0,0,4,4,4,0,0,0,0,3,2,1,0,3,4,3,3,3,3,0,4,4,1,4,4,4,4,1,3,4,4,1,3,4,4,0,0,2,3,4,3,0,0,4,3,0,1,4,0,0,1,4,4,0,2,3,4,4,4,0,4,2,3,4,0,3,0,3,1,2,0,2,4,0,3,0,0,4,3,4,2,4,4,0,0,3,4,2,4,0,4,0,0,4,3,3,4,2,0,0,3,3,4,3,0,0,3,3,0,4,0,3,0,4,0,4,4,0,1,4,3,0,4,0,0,0,3,1,3,4,4,4,3,3,0,3,4,4,4,0,2,0,4,3,1,0,4,4,0,3,4,1,3,4,1,4,3,0,4,4,4,4,2,0,2,2,0,3,0,4,4,3,0,1,3,4,3,0,4,4,0,4,3,1,2,4,4,4,3,0,1,4,4,3,4,1,0,4,4,4,4,3,0,2,2,2,0,3,3,0,0,4,3,0,1,0,4,2,4,0,1,3,4,1,4,4,0,4,4,2,4,4,0,4,4,0,3,4,4,4,2,0,0,3,1,1,3,3,0,2,1,3,4,0,4,0,4,4,3,3,4,2,4,1,4,4,4,1,0,4,0,4,4,4,4,1,4,4,4,2,0,4,4,2,0,0,4,0,0,0,0,4,4,0,0,4,2,4,0,4,0,0,0,4,2]",ok,
57,quantile,3,1.0,0.42748573683993574,0,,,[],,,,baseline_no_features,
58,quantile,3,0.95,0.42748573683993574,0,,,[],,,,baseline_no_features,
59,quantile,3,0.9,0.42748573683993574,0,,,[],,,,baseline_no_features,
60,quantile,3,0.85,0.42748573683993574,0,,,[],,,,baseline_no_features,
61,quantile,3,0.8,0.42748573683993574,0,,,[],,,,baseline_no_features,
62,quantile,3,0.75,0.42748573683993574,0,,,[],,,,baseline_no_features,
63,quantile,3,0.7,0.42748573683993574,0,,,[],,,,baseline_no_features,
64,quantile,3,0.65,0.42748573683993574,0,,,[],,,,baseline_no_features,
65,quantile,3,0.6,0.42748573683993574,0,,,[],,,,baseline_no_features,
66,quantile,3,0.55,0.42748573683993574,0,,,[],,,,baseline_no_features,
67,quantile,3,0.5,0.42748573683993574,0,,,[],,,,baseline_no_features,
68,quantile,3,0.45,0.42748573683993574,0,,,[],,,,baseline_no_features,
69,quantile,3,0.4,0.42748573683993574,0,,,[],,,,baseline_no_features,
70,quantile,3,0.35,0.42748573683993574,0,,,[],,,,baseline_no_features,
71,quantile,3,0.3,0.2977052672221678,15,"fused_1_high, fused_1_medium, fused_2_high, fused_2_medium, fused_3_high, fused_3_medium, fused_4_high, fused_4_medium, fused_5_high, fused_5_medium, fused_1_low, fused_2_low, fused_3_low, fused_4_low, fused_5_low",huang,"[484, 204, 571, 187, 353]",0.19858473576690872,0.06503613118399111,"[2,2,2,2,4,4,2,1,2,4,1,4,3,2,2,2,4,0,2,2,2,2,2,2,2,2,4,4,0,0,2,4,2,0,2,0,0,0,2,0,0,0,4,4,0,2,2,2,0,1,0,3,4,0,4,2,2,2,4,0,2,2,2,0,0,0,0,0,2,2,0,0,2,4,2,2,2,4,4,2,4,2,4,4,2,2,2,2,4,2,2,4,2,2,4,4,1,0,0,2,0,1,4,4,2,1,0,2,4,2,4,1,4,4,2,2,0,4,0,2,0,4,0,4,0,2,2,3,2,0,2,2,2,0,2,0,2,2,0,2,4,2,3,2,2,2,2,4,0,4,0,0,2,2,2,2,4,2,4,2,2,3,0,4,2,2,4,0,2,2,0,0,2,0,4,2,0,1,1,0,2,2,0,2,1,4,4,1,2,4,2,2,2,0,0,0,2,2,4,0,2,1,0,0,3,0,4,3,4,2,0,2,2,2,2,4,4,4,2,2,0,2,2,2,2,4,2,1,0,2,2,0,4,0,4,4,0,0,4,0,4,0,2,4,2,0,2,2,4,1,1,2,4,2,2,0,0,0,2,4,0,0,2,2,4,2,2,0,4,4,4,2,2,0,3,2,0,2,2,0,0,2,0,2,4,2,0,0,0,3,2,0,2,0,0,2,2,4,2,2,0,0,0,2,4,4,0,4,0,4,1,2,4,2,2,0,4,2,2,2,2,2,1,2,4,2,4,2,4,2,2,3,0,2,4,4,0,2,1,1,4,0,2,2,0,2,0,0,0,4,2,0,0,0,1,2,0,0,2,0,0,0,2,2,0,4,4,0,4,0,2,4,2,4,4,4,2,4,0,2,2,4,2,2,4,2,4,0,4,0,2,2,1,0,0,2,0,4,4,2,2,0,4,0,4,0,2,3,2,0,4,0,0,4,2,1,2,2,4,2,0,1,4,2,0,2,2,0,2,2,4,4,1,1,2,0,2,0,0,0,0,4,1,2,3,4,0,2,4,0,3,0,3,4,4,3,4,0,2,0,4,0,0,4,2,0,4,2,0,2,2,0,4,2,4,3,0,2,0,2,2,0,0,2,4,0,1,1,2,2,4,4,2,2,2,4,4,1,0,3,2,0,2,0,2,2,4,4,4,4,0,4,2,0,0,2,4,2,2,0,2,0,2,0,4,2,0,4,2,0,0,2,0,2,4,2,4,0,4,0,2,4,1,4,2,1,0,4,2,2,2,1,4,2,4,2,1,2,4,2,2,0,4,4,4,0,2,2,2,4,0,2,3,2,0,1,2,0,4,2,0,1,2,3,1,2,2,2,4,4,0,2,4,0,2,2,2,0,0,4,2,0,2,2,0,0,2,2,4,2,2,2,2,1,4,0,2,3,0,4,0,0,0,0,2,2,2,4,4,3,0,4,2,4,0,0,4,0,2,1,2,0,2,1,4,0,2,2,2,0,4,2,4,4,4,4,0,2,0,0,1,0,2,2,4,0,0,0,2,2,3,2,4,2,0,1,1,1,0,1,2,0,1,0,2,2,2,0,2,0,2,0,2,0,0,2,1,2,0,0,4,0,2,3,2,2,2,2,0,1,2,4,4,2,4,2,3,2,1,1,2,2,2,2,2,3,0,2,0,3,0,0,2,1,1,4,2,2,2,3,2,0,4,2,2,2,3,4,3,3,1,0,1,3,0,0,3,2,4,3,2,3,4,3,0,4,0,4,1,0,4,0,2,2,4,0,0,2,2,3,0,2,0,2,2,2,4,4,1,4,0,3,0,4,1,2,0,2,2,2,4,1,2,4,0,2,4,2,0,0,0,2,1,4,2,3,4,2,1,2,0,2,0,2,2,0,2,1,0,3,4,0,2,2,3,4,0,2,0,2,4,1,2,2,0,0,0,0,0,0,2,3,0,0,4,0,1,4,1,2,4,2,2,0,2,3,4,0,4,2,2,0,4,4,2,4,0,1,2,4,0,3,0,4,0,3,0,1,2,4,1,0,2,1,2,4,3,4,2,3,3,4,3,2,4,1,4,4,0,2,1,0,4,2,2,0,4,3,4,4,2,2,1,2,0,3,2,1,0,0,0,4,0,1,2,1,2,1,1,2,4,0,2,2,4,0,0,0,4,2,4,4,3,1,1,0,0,2,0,1,0,2,0,4,0,0,3,1,0,0,1,0,2,0,4,3,3,3,0,3,1,3,2,2,0,0,4,4,1,3,0,2,1,4,2,4,4,2,1,2,4,3,4,1,0,1,1,0,2,2,2,4,2,0,1,3,2,1,3,3,2,4,0,0,2,2,4,2,4,4,3,3,0,0,2,2,0,4,0,0,3,0,3,3,1,1,1,2,4,1,3,3,1,1,4,0,3,0,3,4,2,4,3,4,4,1,1,4,2,2,2,2,1,3,4,0,0,3,3,4,1,2,4,2,4,4,1,0,3,2,0,1,0,3,3,2,3,3,3,4,3,3,0,2,0,0,4,2,2,2,0,3,0,2,1,2,1,4,0,2,4,2,0,4,0,0,1,2,0,3,1,2,2,0,0,2,3,1,0,4,2,4,4,2,3,4,1,1,2,4,0,4,4,3,3,3,0,3,1,4,1,3,0,0,0,1,4,2,2,0,2,2,0,3,3,2,1,3,1,2,4,4,4,3,1,0,0,3,0,2,0,0,2,2,0,2,3,1,4,1,0,3,3,2,0,0,2,0,0,2,2,3,2,4,1,0,3,3,2,0,2,0,1,3,2,2,4,0,1,3,4,2,4,3,0,4,3,1,1,1,2,3,0,3,2,1,1,3,3,3,2,0,0,4,4,3,4,2,3,0,3,3,0,2,2,1,3,0,2,0,4,1,1,1,3,0,3,4,0,0,0,1,1,0,0,0,4,2,0,3,2,4,3,2,0,2,4,0,2,4,0,2,2,2,2,3,0,0,2,0,4,2,0,0,2,1,0,0,1,2,0,2,2,2,0,2,0,2,2,0,4,4,4,1,0,4,1,2,3,4,4,0,2,2,4,2,2,0,2,2,1,4,1,0,2,2,0,4,2,4,3,2,1,2,3,2,0,0,0,2,2,0,4,2,2,1,3,3,1,1,2,2,0,0,3,1,1,0,2,2,0,2,2,3,0,4,3,3,0,2,2,1,0,0,2,1,4,1,0,0,2,4,2,3,1,0,1,0,4,4,2,2,1,0,2,4,0,2,4,0,2,0,0,4,3,2,2,0,2,0,2,1,0,2,2,0,2,0,0,4,4,4,0,0,1,0,4,1,2,3,4,1,2,4,4,4,2,2,4,2,4,2,4,0,1,3,4,4,3,2,1,2,3,3,2,1,0,0,2,0,0,1,2,3,1,3,0,4,4,1,3,3,1,2,0,0,1,2,4,2,2,2,2,3,0,2,2,1,0,4,2,0,2,0,0,0,0,2,4,3,3,4,2,4,0,3,3,0,0,1,2,0,3,3,0,0,0,3,0,2,0,2,0,3,4,4,0,2,1,0,3,2,2,0,3,4,2,3,0,3,1,0,2,2,4,4,4,3,1,2,1,0,4,3,4,1,3,4,2,2,0,4,3,3,2,2,4,0,3,3,2,2,1,4,1,2,1,0,3,1,0,3,0,4,2,1,4,1,1,1,2,0,2,0,0,0,2,2,1,2,1,2,4,1,0,1,0,2,2,3,4,1,3,2,0,0,2,4,2,4,2,1,4,4,2,0,0,3,0,0,1,0,3,1,0,2,1,0,2,2,2,3,0,4,3,4,2,0,0,0,2,2,0,3,2,0,2,2,4,2,3,4,4,4,0,0,1,0,0,0,1,2,2,3,3,1,2,3,2,3,0,0,0,1,2,2,0,0,2,4,3,4,4,0,0,4,3,4,4,3,0,4,0,2,0,3,1,2,0,2,2,2,1,0,0,0,2,3,1,1,1,0,2,2,2,0,0,0,0,4,4,2,1,4,1,2,4,4,0,0,4,4,4,4,1,0,1,0,3,1,0,3,1,1,1,0,0,1,3,0,0,2,3,1,1,3,3,4,4]",ok,
72,quantile,3,0.25,0.2977052672221678,15,"fused_1_high, fused_1_medium, fused_2_high, fused_2_medium, fused_3_high, fused_3_medium, fused_4_high, fused_4_medium, fused_5_high, fused_5_medium, fused_1_low, fused_2_low, fused_3_low, fused_4_low, fused_5_low",huang,"[484, 204, 571, 187, 353]",0.19858473576690872,0.06503613118399111,"[2,2,2,2,4,4,2,1,2,4,1,4,3,2,2,2,4,0,2,2,2,2,2,2,2,2,4,4,0,0,2,4,2,0,2,0,0,0,2,0,0,0,4,4,0,2,2,2,0,1,0,3,4,0,4,2,2,2,4,0,2,2,2,0,0,0,0,0,2,2,0,0,2,4,2,2,2,4,4,2,4,2,4,4,2,2,2,2,4,2,2,4,2,2,4,4,1,0,0,2,0,1,4,4,2,1,0,2,4,2,4,1,4,4,2,2,0,4,0,2,0,4,0,4,0,2,2,3,2,0,2,2,2,0,2,0,2,2,0,2,4,2,3,2,2,2,2,4,0,4,0,0,2,2,2,2,4,2,4,2,2,3,0,4,2,2,4,0,2,2,0,0,2,0,4,2,0,1,1,0,2,2,0,2,1,4,4,1,2,4,2,2,2,0,0,0,2,2,4,0,2,1,0,0,3,0,4,3,4,2,0,2,2,2,2,4,4,4,2,2,0,2,2,2,2,4,2,1,0,2,2,0,4,0,4,4,0,0,4,0,4,0,2,4,2,0,2,2,4,1,1,2,4,2,2,0,0,0,2,4,0,0,2,2,4,2,2,0,4,4,4,2,2,0,3,2,0,2,2,0,0,2,0,2,4,2,0,0,0,3,2,0,2,0,0,2,2,4,2,2,0,0,0,2,4,4,0,4,0,4,1,2,4,2,2,0,4,2,2,2,2,2,1,2,4,2,4,2,4,2,2,3,0,2,4,4,0,2,1,1,4,0,2,2,0,2,0,0,0,4,2,0,0,0,1,2,0,0,2,0,0,0,2,2,0,4,4,0,4,0,2,4,2,4,4,4,2,4,0,2,2,4,2,2,4,2,4,0,4,0,2,2,1,0,0,2,0,4,4,2,2,0,4,0,4,0,2,3,2,0,4,0,0,4,2,1,2,2,4,2,0,1,4,2,0,2,2,0,2,2,4,4,1,1,2,0,2,0,0,0,0,4,1,2,3,4,0,2,4,0,3,0,3,4,4,3,4,0,2,0,4,0,0,4,2,0,4,2,0,2,2,0,4,2,4,3,0,2,0,2,2,0,0,2,4,0,1,1,2,2,4,4,2,2,2,4,4,1,0,3,2,0,2,0,2,2,4,4,4,4,0,4,2,0,0,2,4,2,2,0,2,0,2,0,4,2,0,4,2,0,0,2,0,2,4,2,4,0,4,0,2,4,1,4,2,1,0,4,2,2,2,1,4,2,4,2,1,2,4,2,2,0,4,4,4,0,2,2,2,4,0,2,3,2,0,1,2,0,4,2,0,1,2,3,1,2,2,2,4,4,0,2,4,0,2,2,2,0,0,4,2,0,2,2,0,0,2,2,4,2,2,2,2,1,4,0,2,3,0,4,0,0,0,0,2,2,2,4,4,3,0,4,2,4,0,0,4,0,2,1,2,0,2,1,4,0,2,2,2,0,4,2,4,4,4,4,0,2,0,0,1,0,2,2,4,0,0,0,2,2,3,2,4,2,0,1,1,1,0,1,2,0,1,0,2,2,2,0,2,0,2,0,2,0,0,2,1,2,0,0,4,0,2,3,2,2,2,2,0,1,2,4,4,2,4,2,3,2,1,1,2,2,2,2,2,3,0,2,0,3,0,0,2,1,1,4,2,2,2,3,2,0,4,2,2,2,3,4,3,3,1,0,1,3,0,0,3,2,4,3,2,3,4,3,0,4,0,4,1,0,4,0,2,2,4,0,0,2,2,3,0,2,0,2,2,2,4,4,1,4,0,3,0,4,1,2,0,2,2,2,4,1,2,4,0,2,4,2,0,0,0,2,1,4,2,3,4,2,1,2,0,2,0,2,2,0,2,1,0,3,4,0,2,2,3,4,0,2,0,2,4,1,2,2,0,0,0,0,0,0,2,3,0,0,4,0,1,4,1,2,4,2,2,0,2,3,4,0,4,2,2,0,4,4,2,4,0,1,2,4,0,3,0,4,0,3,0,1,2,4,1,0,2,1,2,4,3,4,2,3,3,4,3,2,4,1,4,4,0,2,1,0,4,2,2,0,4,3,4,4,2,2,1,2,0,3,2,1,0,0,0,4,0,1,2,1,2,1,1,2,4,0,2,2,4,0,0,0,4,2,4,4,3,1,1,0,0,2,0,1,0,2,0,4,0,0,3,1,0,0,1,0,2,0,4,3,3,3,0,3,1,3,2,2,0,0,4,4,1,3,0,2,1,4,2,4,4,2,1,2,4,3,4,1,0,1,1,0,2,2,2,4,2,0,1,3,2,1,3,3,2,4,0,0,2,2,4,2,4,4,3,3,0,0,2,2,0,4,0,0,3,0,3,3,1,1,1,2,4,1,3,3,1,1,4,0,3,0,3,4,2,4,3,4,4,1,1,4,2,2,2,2,1,3,4,0,0,3,3,4,1,2,4,2,4,4,1,0,3,2,0,1,0,3,3,2,3,3,3,4,3,3,0,2,0,0,4,2,2,2,0,3,0,2,1,2,1,4,0,2,4,2,0,4,0,0,1,2,0,3,1,2,2,0,0,2,3,1,0,4,2,4,4,2,3,4,1,1,2,4,0,4,4,3,3,3,0,3,1,4,1,3,0,0,0,1,4,2,2,0,2,2,0,3,3,2,1,3,1,2,4,4,4,3,1,0,0,3,0,2,0,0,2,2,0,2,3,1,4,1,0,3,3,2,0,0,2,0,0,2,2,3,2,4,1,0,3,3,2,0,2,0,1,3,2,2,4,0,1,3,4,2,4,3,0,4,3,1,1,1,2,3,0,3,2,1,1,3,3,3,2,0,0,4,4,3,4,2,3,0,3,3,0,2,2,1,3,0,2,0,4,1,1,1,3,0,3,4,0,0,0,1,1,0,0,0,4,2,0,3,2,4,3,2,0,2,4,0,2,4,0,2,2,2,2,3,0,0,2,0,4,2,0,0,2,1,0,0,1,2,0,2,2,2,0,2,0,2,2,0,4,4,4,1,0,4,1,2,3,4,4,0,2,2,4,2,2,0,2,2,1,4,1,0,2,2,0,4,2,4,3,2,1,2,3,2,0,0,0,2,2,0,4,2,2,1,3,3,1,1,2,2,0,0,3,1,1,0,2,2,0,2,2,3,0,4,3,3,0,2,2,1,0,0,2,1,4,1,0,0,2,4,2,3,1,0,1,0,4,4,2,2,1,0,2,4,0,2,4,0,2,0,0,4,3,2,2,0,2,0,2,1,0,2,2,0,2,0,0,4,4,4,0,0,1,0,4,1,2,3,4,1,2,4,4,4,2,2,4,2,4,2,4,0,1,3,4,4,3,2,1,2,3,3,2,1,0,0,2,0,0,1,2,3,1,3,0,4,4,1,3,3,1,2,0,0,1,2,4,2,2,2,2,3,0,2,2,1,0,4,2,0,2,0,0,0,0,2,4,3,3,4,2,4,0,3,3,0,0,1,2,0,3,3,0,0,0,3,0,2,0,2,0,3,4,4,0,2,1,0,3,2,2,0,3,4,2,3,0,3,1,0,2,2,4,4,4,3,1,2,1,0,4,3,4,1,3,4,2,2,0,4,3,3,2,2,4,0,3,3,2,2,1,4,1,2,1,0,3,1,0,3,0,4,2,1,4,1,1,1,2,0,2,0,0,0,2,2,1,2,1,2,4,1,0,1,0,2,2,3,4,1,3,2,0,0,2,4,2,4,2,1,4,4,2,0,0,3,0,0,1,0,3,1,0,2,1,0,2,2,2,3,0,4,3,4,2,0,0,0,2,2,0,3,2,0,2,2,4,2,3,4,4,4,0,0,1,0,0,0,1,2,2,3,3,1,2,3,2,3,0,0,0,1,2,2,0,0,2,4,3,4,4,0,0,4,3,4,4,3,0,4,0,2,0,3,1,2,0,2,2,2,1,0,0,0,2,3,1,1,1,0,2,2,2,0,0,0,0,4,4,2,1,4,1,2,4,4,0,0,4,4,4,4,1,0,1,0,3,1,0,3,1,1,1,0,0,1,3,0,0,2,3,1,1,3,3,4,4]",ok,
73,quantile,3,0.2,0.357796913830046,10,"fused_1_medium, fused_3_medium, fused_4_medium, fused_5_medium, fused_1_low, fused_2_low+fused_3_high, fused_3_high+fused_4_high, fused_2_high+fused_4_low+fused_5_high, fused_1_high+fused_3_low, fused_2_medium+fused_5_low",cao,"[446, 327, 339, 381, 306]",0.2012683210009861,0.04168982768204558,"[4,0,4,4,3,3,0,2,4,3,2,3,2,0,0,3,3,3,4,4,0,4,4,4,0,4,3,3,1,0,4,3,4,0,4,1,1,1,1,0,1,1,3,3,0,4,4,4,3,2,1,2,3,1,3,4,0,0,3,1,0,4,4,0,1,0,3,1,1,4,0,1,4,3,4,4,0,3,3,4,3,4,3,3,0,4,4,4,3,4,0,1,1,0,3,3,2,0,1,0,3,2,1,3,4,2,1,4,3,4,3,2,3,3,0,1,1,3,0,4,0,3,1,3,0,0,1,2,0,1,1,1,4,3,0,1,0,1,0,1,3,4,2,4,4,4,1,3,4,3,1,0,0,4,4,4,3,4,3,0,4,2,1,3,4,4,3,3,0,0,1,1,4,1,3,0,0,1,2,0,0,4,1,4,2,3,3,0,0,3,4,4,4,1,3,1,4,4,3,1,4,3,4,1,2,0,3,2,3,4,3,4,1,4,0,3,1,3,0,4,0,0,4,1,4,3,4,0,0,0,4,0,3,1,3,3,0,3,3,3,3,0,4,3,1,4,4,4,3,2,2,0,3,4,4,1,1,1,1,3,1,1,4,4,3,0,4,0,3,3,3,1,3,1,2,4,0,0,4,1,1,0,1,4,3,0,1,0,4,2,0,1,0,0,0,4,4,3,0,4,3,0,0,4,3,3,1,3,1,3,2,4,1,1,4,1,3,4,4,1,0,0,2,1,3,4,3,4,3,0,4,2,1,0,3,3,1,3,0,1,3,0,0,4,1,4,0,1,3,3,0,0,1,0,0,0,3,1,0,0,0,0,4,1,1,3,3,1,3,0,1,1,4,3,0,3,0,3,1,4,4,3,1,4,3,4,3,0,3,1,4,4,2,0,1,4,1,1,3,0,0,1,3,0,3,3,0,2,0,3,3,1,0,3,4,2,4,3,3,1,1,2,3,4,1,4,0,0,0,4,3,3,2,2,4,0,4,0,0,1,0,3,2,0,2,3,1,3,3,0,2,0,2,3,3,2,3,0,3,0,3,4,1,3,4,0,3,0,0,1,0,0,3,4,3,2,0,4,1,4,4,1,4,0,3,1,2,2,4,4,3,3,4,1,4,3,3,2,1,2,0,0,0,1,1,0,3,3,3,3,0,3,0,0,1,0,3,1,4,1,4,0,0,1,3,1,1,3,4,1,3,0,1,0,3,4,3,0,3,1,4,3,2,3,1,2,0,3,4,4,0,2,3,4,3,4,2,0,3,4,1,0,3,3,3,0,4,1,4,3,1,1,2,4,1,2,4,1,3,1,0,2,4,2,0,0,0,1,3,3,0,0,3,0,0,4,4,0,1,3,0,0,4,4,1,1,0,4,3,1,4,0,0,2,3,1,4,2,1,3,1,1,3,0,4,0,1,3,3,2,0,3,4,3,4,1,3,4,4,2,0,1,0,1,3,0,4,1,0,0,3,4,3,3,3,3,3,4,1,0,2,1,4,0,3,3,4,1,4,4,2,0,3,4,4,2,0,2,1,2,4,0,2,0,4,4,0,1,0,0,1,1,0,4,0,4,2,0,0,0,3,3,0,2,4,4,0,1,0,2,4,3,3,0,3,4,2,4,0,1,0,4,4,0,0,2,0,0,1,2,4,1,0,2,2,3,0,0,0,2,0,0,3,0,1,4,2,3,2,2,1,1,0,2,3,0,2,4,3,2,0,2,3,2,0,3,1,3,1,1,1,0,4,4,1,3,1,0,0,2,0,4,0,0,0,4,3,3,2,3,1,2,0,3,3,4,0,0,4,4,3,2,4,3,1,4,3,1,1,1,0,4,2,3,0,2,3,0,2,0,1,4,0,0,0,0,1,2,1,2,3,0,4,4,2,3,0,0,1,4,3,2,0,0,4,0,1,1,0,4,0,2,0,1,3,4,2,3,2,0,3,4,0,0,4,2,3,1,3,4,0,1,3,3,4,3,1,2,4,3,0,2,0,3,1,2,0,2,0,3,2,1,0,2,0,3,2,3,0,2,2,3,2,3,3,2,3,3,1,0,2,0,3,0,0,0,1,2,3,3,0,0,2,4,4,2,4,1,1,1,0,3,1,2,4,2,4,3,2,0,3,0,0,4,3,0,1,1,3,0,3,3,2,0,0,4,1,4,0,3,0,4,1,3,1,1,2,2,4,1,2,0,0,1,3,2,2,2,1,2,2,2,0,0,1,0,3,3,2,2,1,4,0,3,0,3,3,4,2,0,1,2,3,2,3,1,2,0,0,0,0,3,0,0,2,2,4,2,2,2,4,3,0,0,4,0,3,4,3,3,2,2,1,1,0,0,0,3,0,3,2,0,2,2,3,1,2,1,3,2,2,2,2,2,3,0,2,1,2,3,4,3,2,1,1,0,2,3,0,4,1,0,1,2,3,0,0,2,2,3,2,4,3,4,3,3,2,1,2,0,1,2,0,2,2,0,2,2,2,3,2,2,0,4,0,4,3,0,4,1,0,2,1,4,2,0,2,3,0,0,3,0,1,3,0,4,2,4,0,2,2,4,0,1,0,0,2,1,0,3,4,3,3,0,2,3,3,2,4,3,1,3,3,2,2,2,0,2,2,3,3,2,0,1,1,0,3,4,4,1,4,1,1,2,2,4,1,2,2,4,0,3,3,2,0,1,1,2,1,4,0,3,1,0,1,4,2,2,3,2,0,2,2,4,1,0,0,1,1,0,0,2,0,1,1,0,2,2,0,1,4,0,2,2,0,0,1,0,2,2,3,4,3,2,0,3,2,0,2,2,4,2,3,2,4,1,2,2,2,2,0,3,1,3,3,2,3,4,2,0,2,2,0,0,0,1,2,1,1,4,1,2,2,2,2,1,2,3,0,0,0,2,2,0,1,0,3,4,0,2,3,3,2,0,0,0,3,1,1,3,1,0,4,0,4,2,0,0,4,0,3,4,1,1,0,2,1,0,2,0,1,4,0,1,0,4,0,0,0,1,3,3,3,2,1,1,2,4,2,1,3,1,1,4,3,4,0,0,4,4,2,3,2,0,4,0,4,3,0,3,2,4,2,4,2,1,0,0,0,1,4,1,3,0,0,2,2,2,2,2,0,1,0,1,2,1,2,3,0,4,1,4,0,2,0,3,2,2,1,4,4,2,1,1,4,0,3,2,1,1,4,3,4,2,2,1,1,1,3,3,0,4,3,1,0,3,1,1,1,1,4,0,1,3,2,4,4,0,4,0,0,0,0,4,4,1,4,1,1,3,3,3,1,1,0,0,3,2,4,2,3,2,0,3,3,3,0,4,3,4,3,0,3,1,2,2,3,3,2,4,2,4,2,2,4,2,0,0,4,1,0,2,0,2,2,2,0,3,3,2,2,2,2,4,0,0,2,0,3,4,0,4,4,2,1,0,0,3,1,3,0,0,4,1,1,1,0,0,3,2,2,3,4,3,1,2,2,0,4,2,0,1,2,2,4,1,0,2,3,0,1,0,1,2,3,3,0,1,2,1,2,4,0,1,2,3,0,2,1,2,2,1,4,4,3,3,3,2,2,0,0,1,3,2,3,2,2,3,4,1,0,3,2,2,4,0,3,0,2,2,1,4,2,3,2,4,2,1,2,2,1,2,4,0,4,2,3,1,2,2,1,0,4,1,0,0,4,4,2,1,3,0,3,2,1,2,1,1,4,2,3,0,2,0,1,1,4,3,4,3,0,2,3,3,0,1,1,2,3,1,2,0,2,0,0,4,2,0,4,0,4,2,1,3,2,3,4,0,1,1,0,0,1,2,0,0,0,0,3,0,2,3,3,3,0,0,2,1,3,1,2,4,4,2,2,2,0,2,0,2,1,1,0,2,1,0,1,0,0,3,2,3,3,1,1,3,2,3,3,2,1,3,1,0,1,2,2,4,0,0,4,4,2,1,0,0,0,2,0,2,0,1,4,0,0,1,3,0,1,3,1,0,2,3,2,0,3,3,0,0,3,3,3,3,2,1,0,0,2,2,1,2,2,2,2,0,0,2,2,0,1,4,2,2,2,2,2,3,3]",ok,
74,quantile,3,0.15,0.34940651065737693,14,"fused_1_medium, fused_3_medium, fused_1_low, fused_2_high+fused_4_low+fused_5_high, fused_1_high+fused_3_low, fused_2_medium+fused_5_low, fused_2_high+fused_3_low, fused_1_high+fused_4_medium, fused_1_high+fused_5_medium, fused_4_medium+fused_5_low, fused_1_high+fused_2_high, fused_4_high+fused_5_medium, fused_2_medium+fused_4_medium, fused_2_low+fused_3_high+fused_4_high",huang,"[299, 337, 192, 443, 528]",0.1734235377306473,0.04113396331295164,"[4,3,4,4,0,0,3,1,4,2,1,0,1,3,3,4,0,4,4,4,3,4,4,4,3,4,0,2,3,2,4,0,4,3,4,4,4,2,4,3,4,2,0,0,3,4,4,4,3,1,4,1,0,4,0,4,3,3,0,2,3,4,4,3,2,3,3,4,4,4,3,4,4,0,4,4,3,0,0,4,0,4,0,4,3,4,4,4,2,4,3,4,4,3,0,0,1,3,2,3,3,1,4,2,3,1,4,4,0,4,0,1,0,0,3,4,2,0,3,4,3,0,4,0,3,3,4,1,3,4,4,4,4,2,3,4,3,4,3,4,0,4,1,4,4,4,4,0,4,0,2,3,3,4,4,4,0,4,0,3,4,1,2,0,4,4,2,3,3,3,4,2,4,2,0,3,3,1,1,2,3,4,4,4,1,0,4,3,3,0,4,4,4,4,2,4,4,3,2,4,4,0,4,4,1,2,0,1,2,4,2,4,4,4,3,2,4,0,3,4,2,3,4,4,4,2,4,3,2,3,4,3,0,4,0,0,3,2,0,3,0,2,4,0,4,4,4,4,0,1,1,3,0,4,4,4,2,4,4,4,4,2,4,4,0,3,4,3,0,2,0,4,4,4,1,3,2,3,4,4,2,3,4,4,0,3,4,3,4,1,3,3,3,3,3,4,4,2,3,4,3,3,2,4,0,0,2,0,2,0,1,4,4,4,4,2,0,4,4,4,3,3,1,4,4,4,0,4,0,3,4,1,4,3,0,0,2,4,3,4,0,3,3,4,4,4,3,2,2,0,3,2,2,3,3,3,3,2,3,3,3,3,4,4,4,0,0,4,2,3,4,4,4,0,3,0,3,0,2,3,4,0,4,4,0,4,0,3,2,4,4,4,1,3,3,4,2,4,0,3,3,4,0,3,0,3,3,1,3,3,4,2,3,0,4,1,4,4,0,4,2,1,0,4,2,4,4,2,3,4,0,2,1,1,4,3,4,3,3,2,3,2,1,3,1,0,2,4,4,3,1,3,1,0,0,1,0,2,4,3,2,4,4,0,4,3,0,3,3,4,3,3,0,4,0,1,2,4,4,4,4,4,4,3,0,4,1,1,4,4,0,0,4,4,4,0,0,1,2,1,3,2,3,2,4,3,4,0,0,0,3,0,3,3,2,3,0,4,4,2,4,3,3,4,0,4,4,0,4,2,3,3,2,3,2,4,0,3,2,4,4,0,1,4,4,1,2,0,4,4,3,1,0,4,0,4,1,3,0,4,4,3,0,0,0,3,4,4,4,0,2,4,1,4,4,1,4,4,0,4,3,1,4,1,3,3,3,4,0,0,3,3,4,2,3,4,4,3,4,0,3,3,4,4,4,4,3,4,0,4,4,3,3,1,4,2,3,1,2,0,4,4,3,2,4,3,4,2,0,1,2,0,4,0,4,2,0,4,4,1,3,4,3,4,0,2,4,4,3,3,0,3,0,0,0,0,2,4,4,4,1,2,4,3,2,3,4,4,3,4,1,3,0,4,4,1,3,1,4,1,4,3,1,3,4,4,3,2,3,3,4,2,3,4,3,3,1,3,3,3,4,3,3,1,4,4,3,4,3,1,4,0,0,3,0,4,1,4,3,4,3,4,4,3,3,1,2,3,4,1,4,2,3,1,1,4,3,3,3,1,3,2,0,3,4,4,1,0,1,1,4,4,3,1,3,3,1,4,0,1,3,1,0,1,3,0,4,0,1,2,4,3,4,4,4,2,2,3,3,1,2,4,3,3,3,4,0,0,1,0,4,1,3,0,4,4,3,3,4,4,0,1,4,0,4,4,0,4,4,2,3,3,1,0,3,1,0,3,1,3,4,4,3,3,3,3,4,1,4,1,2,3,4,4,1,0,3,3,4,3,4,1,3,3,4,3,4,4,2,4,3,1,3,4,0,4,1,0,1,3,0,4,3,2,4,1,0,2,0,4,3,2,0,0,4,0,3,1,3,0,3,1,2,0,4,1,3,0,3,0,0,4,3,1,3,0,1,0,3,1,1,0,1,4,0,1,0,0,4,3,1,2,0,3,3,2,4,1,0,3,3,3,1,4,4,1,4,1,2,4,3,0,4,1,4,1,4,0,1,3,0,2,3,4,0,3,4,4,2,3,0,0,1,3,3,4,2,4,3,0,3,4,2,0,4,4,1,1,4,4,1,2,3,4,0,1,1,1,4,1,1,1,3,3,2,3,0,0,1,1,2,4,3,2,3,0,2,4,1,3,0,1,0,1,3,4,1,2,3,3,3,0,3,3,1,1,4,0,1,1,4,0,3,3,4,3,0,3,0,0,1,1,4,2,3,3,2,2,3,3,1,3,1,1,0,4,0,4,0,1,1,1,1,1,0,3,1,2,1,0,4,0,1,4,4,3,1,0,3,4,4,3,4,1,0,3,2,1,1,0,1,4,0,4,0,2,1,4,1,3,2,1,3,1,1,3,1,1,1,0,1,1,3,4,3,4,0,3,4,4,3,1,4,4,0,3,1,0,3,3,0,3,4,0,3,4,1,4,3,1,1,4,3,2,3,3,1,4,3,0,4,0,0,3,1,0,0,1,3,0,3,0,0,1,1,1,3,1,1,0,0,1,3,4,4,3,0,4,4,2,4,4,4,1,1,4,3,1,1,4,3,0,0,1,3,2,4,1,4,4,3,3,4,3,2,4,1,1,0,1,3,1,1,4,2,3,3,4,2,3,3,1,3,0,4,3,1,1,3,4,4,3,1,1,3,3,4,3,1,1,0,4,0,1,2,0,1,3,1,1,4,1,3,1,4,1,1,1,1,1,3,3,2,0,0,1,0,4,1,3,1,1,3,3,3,4,1,4,4,4,4,1,1,1,1,2,1,2,3,2,3,1,1,2,4,3,0,4,3,1,4,0,1,3,3,3,0,4,4,0,4,3,4,3,3,1,2,2,4,3,0,4,4,4,3,1,4,3,1,3,4,4,3,4,3,4,2,3,3,4,2,0,2,1,2,0,1,4,1,4,0,2,4,4,0,4,3,3,4,4,1,0,1,3,4,3,4,4,3,0,1,4,1,4,1,4,2,3,2,4,4,2,0,3,3,1,1,1,1,1,3,4,2,4,1,4,1,3,3,4,4,4,3,1,2,0,1,1,2,4,4,1,2,2,4,3,0,1,2,2,4,0,4,1,1,2,1,2,0,0,3,4,0,4,3,0,4,4,0,2,4,2,2,0,1,4,4,3,3,2,3,3,3,4,3,3,4,4,4,4,0,0,4,4,3,3,0,1,4,1,4,1,3,0,0,0,3,4,0,4,0,3,0,2,1,1,0,0,1,4,1,4,1,1,4,1,3,3,3,2,3,1,3,1,1,1,3,0,0,1,1,1,1,4,2,3,1,3,0,4,3,4,4,1,4,3,3,0,2,0,3,3,4,2,2,4,3,3,0,1,1,0,4,0,4,1,1,2,4,1,3,4,1,1,4,4,2,1,2,3,2,3,4,1,0,0,2,4,1,2,1,3,3,4,1,2,3,1,4,1,1,2,4,4,0,0,0,1,1,3,3,2,0,1,0,1,1,0,4,4,3,2,1,1,4,3,4,2,1,1,4,4,1,2,1,4,1,4,1,0,4,1,4,3,4,1,0,1,1,1,4,3,4,2,3,2,4,4,1,4,0,3,0,1,4,1,4,4,4,1,0,3,1,3,2,4,4,0,4,0,3,0,0,0,3,4,4,1,3,2,1,3,1,3,3,4,1,3,4,3,3,1,4,0,1,0,4,3,2,2,3,3,2,1,3,2,3,3,0,3,1,0,0,0,3,2,1,2,2,2,1,4,4,1,1,0,3,1,3,1,2,2,4,1,4,3,3,3,3,0,1,0,0,2,4,0,1,0,3,1,4,0,4,3,2,1,1,4,3,3,4,4,1,4,3,3,3,1,3,1,3,2,4,3,3,4,3,3,4,0,4,3,1,0,1,3,0,0,3,3,2,2,0,0,1,3,3,3,1,1,2,1,1,1,1,3,3,1,1,2,4,4,1,1,1,1,1,0,0]",ok,
75,quantile,3,0.1,0.21571422346602095,41,"fused_2_medium+fused_5_low, fused_4_medium+fused_5_low, fused_4_high+fused_5_medium, fused_2_medium+fused_4_medium, fused_2_low+fused_3_high+fused_4_high, fused_1_low+fused_5_low, fused_1_medium+fused_3_medium, fused_3_low+fused_4_low, fused_1_medium+fused_2_low, fused_4_medium+fused_5_medium, fused_1_low+fused_2_low, fused_1_medium+fused_5_high, fused_1_medium+fused_3_high, fused_1_high+fused_3_low+fused_5_medium, fused_1_high+fused_3_low+fused_4_medium, fused_2_medium+fused_3_low, fused_2_medium+fused_3_medium, fused_2_low+fused_5_medium, fused_2_medium+fused_5_medium, fused_1_low+fused_3_medium, fused_3_high+fused_5_low, fused_1_low+fused_4_low, fused_1_medium+fused_4_low, fused_1_medium+fused_4_high, fused_1_high+fused_2_high+fused_3_low, fused_1_high+fused_2_medium, fused_3_medium+fused_5_low, fused_2_medium+fused_4_high, fused_2_high+fused_3_medium+fused_4_low+fused_5_high, fused_1_low+fused_5_high, fused_4_high+fused_5_low, fused_3_high+fused_5_high, fused_2_low+fused_5_high, fused_1_medium+fused_2_medium, fused_3_medium+fused_4_medium, fused_2_low+fused_4_medium, fused_1_low+fused_2_medium, fused_1_low+fused_3_high+fused_4_high, fused_1_medium+fused_5_medium, fused_3_high+fused_5_medium, fused_2_low+fused_5_low",huang,"[920, 194, 175, 270, 240]",0.2221817959147729,0.1895497498610339,"[1,2,1,1,0,0,4,0,4,0,0,0,3,2,2,4,0,0,1,1,4,4,1,1,4,1,0,0,0,0,4,0,1,0,1,0,0,0,4,0,0,0,0,0,2,1,4,4,0,3,0,3,0,0,0,4,4,4,0,0,4,1,1,0,0,2,0,0,4,4,2,0,4,0,1,4,4,0,0,4,0,4,0,0,2,1,1,1,0,1,4,0,4,4,0,0,0,2,0,2,0,3,0,0,4,3,0,4,0,1,0,0,0,0,4,4,0,0,2,4,2,0,0,0,0,0,4,3,2,0,4,4,4,0,2,0,2,4,2,1,0,2,3,1,1,1,4,0,0,0,0,2,2,1,1,4,0,1,0,4,1,3,0,0,1,1,0,0,2,4,0,0,1,0,0,4,2,0,3,0,2,1,0,1,3,0,0,0,4,0,1,1,4,0,0,0,1,1,0,0,4,0,0,0,3,0,0,3,0,1,0,4,4,1,4,0,0,0,2,1,0,4,1,4,1,0,1,0,0,4,1,0,0,0,0,0,2,0,0,0,0,0,1,0,4,0,4,4,0,3,0,4,0,1,1,0,0,0,4,4,0,0,1,4,0,4,4,2,0,0,0,4,4,0,3,1,0,2,4,0,0,4,0,4,0,1,0,0,0,3,2,0,2,2,0,4,4,0,4,1,0,2,0,1,0,0,0,0,0,0,0,1,0,0,4,0,0,4,0,4,4,4,3,0,0,1,0,1,0,2,0,3,0,2,0,0,0,4,0,0,0,0,4,4,0,0,0,0,0,0,4,0,0,2,0,4,0,0,2,0,2,2,1,4,0,0,0,0,0,2,4,0,1,0,0,0,2,0,0,1,2,0,1,4,0,1,0,2,0,0,4,4,0,0,0,1,0,0,0,2,4,0,0,2,0,0,2,3,4,0,0,0,2,0,1,3,4,4,0,4,0,3,0,1,0,1,0,0,0,4,0,0,0,3,4,0,1,0,2,0,2,0,0,4,3,0,0,4,0,0,3,2,3,0,0,3,0,0,4,2,0,0,0,0,1,2,0,2,0,4,2,2,0,1,0,3,0,1,0,1,1,0,0,2,0,0,3,3,1,4,0,0,1,1,1,0,0,3,0,3,4,0,4,0,4,4,0,0,0,0,2,0,2,0,0,1,0,4,4,0,1,0,4,0,0,4,0,0,0,0,0,1,0,4,0,4,0,0,0,0,1,0,3,0,4,0,0,0,1,1,4,3,0,1,0,1,0,1,0,1,4,0,0,0,0,0,1,4,4,0,0,4,3,1,0,3,4,0,0,1,2,3,4,3,0,2,4,4,0,0,0,4,0,0,4,4,4,2,0,0,1,2,4,1,0,0,4,4,0,1,1,4,4,3,0,0,1,3,0,0,0,0,0,0,1,1,4,0,0,3,0,0,4,0,0,0,0,0,4,3,2,0,2,0,0,0,1,0,4,2,0,4,0,0,0,0,0,1,0,0,3,0,1,4,0,0,0,0,1,1,3,2,0,1,0,0,0,3,0,3,1,2,0,2,1,4,2,0,2,2,4,0,4,0,2,1,3,1,2,2,0,0,2,3,4,1,2,0,2,0,1,0,0,4,0,4,3,1,0,0,4,4,1,2,4,3,0,4,0,3,0,0,2,3,0,0,4,2,4,3,2,0,0,2,4,1,3,0,3,3,0,0,0,3,0,2,3,4,0,3,2,3,0,3,2,0,0,0,0,0,0,0,4,1,0,0,0,2,4,3,0,0,0,4,4,1,0,0,3,0,0,3,2,0,0,4,0,4,1,0,0,0,1,0,0,1,0,0,0,0,0,1,0,0,1,3,0,2,0,2,0,1,2,2,4,0,0,0,0,3,0,2,1,4,3,0,2,1,0,1,0,0,4,4,0,0,0,0,0,0,2,3,0,0,0,0,0,0,0,0,0,1,2,0,4,3,0,0,0,1,4,0,0,0,4,0,0,0,1,0,0,3,0,0,0,3,2,0,4,0,0,0,4,0,2,0,3,0,2,3,3,0,3,4,0,0,0,0,0,2,0,0,0,2,2,0,0,3,0,0,2,1,3,4,0,3,1,0,0,0,0,0,0,3,1,3,4,0,3,2,0,0,2,4,0,0,0,0,0,4,0,0,3,0,0,0,0,4,2,0,0,4,0,0,0,0,3,0,0,0,0,0,2,0,0,3,3,3,0,3,0,3,4,2,0,0,0,0,0,3,0,1,0,0,4,0,0,4,3,4,0,3,0,0,0,0,3,0,2,4,2,0,4,0,3,3,1,0,3,3,1,0,0,0,2,2,0,1,0,0,3,3,0,0,4,4,0,0,0,0,3,0,3,3,0,0,0,4,0,3,3,3,3,3,0,0,3,0,3,0,1,0,3,0,0,0,0,0,4,1,1,4,0,3,0,0,0,3,3,0,3,4,0,1,0,0,0,0,3,4,0,3,0,3,3,2,3,3,3,0,3,3,0,1,0,0,0,2,0,0,0,3,0,0,0,4,3,0,0,2,0,2,0,0,2,0,3,1,0,3,3,1,2,0,0,4,3,0,0,0,4,0,0,4,3,0,0,0,1,0,0,0,0,3,3,3,0,3,0,0,0,3,2,0,0,0,0,0,1,0,4,0,0,3,3,0,0,3,3,1,0,0,0,3,0,0,0,3,0,4,2,0,1,4,0,4,3,0,0,3,2,3,3,1,0,2,4,0,0,2,4,3,4,0,0,2,3,3,2,0,1,2,3,3,2,4,0,2,0,3,0,1,0,3,0,0,3,0,0,3,1,3,0,3,4,0,3,3,3,3,2,0,0,0,0,3,0,1,3,2,3,3,0,2,2,0,3,0,0,0,0,3,3,3,3,0,3,0,0,0,2,3,0,0,0,0,0,0,0,3,4,0,3,4,0,0,0,0,4,0,0,4,1,2,1,3,0,0,1,0,0,2,0,0,4,3,0,0,3,4,0,4,4,4,0,1,0,4,4,0,0,0,0,0,0,0,0,4,3,0,0,0,4,4,0,4,2,2,1,4,3,0,3,0,1,2,0,0,4,0,3,2,0,1,3,0,0,2,0,1,4,0,0,2,2,3,3,3,3,0,4,4,0,0,3,0,3,0,2,1,0,4,2,3,0,0,3,3,0,2,1,3,0,0,1,0,0,0,0,0,1,0,1,3,3,0,0,0,0,0,1,1,0,0,0,0,0,4,0,0,0,0,0,0,3,1,4,2,4,0,0,0,2,1,1,0,1,0,0,0,0,0,0,0,0,0,0,3,0,3,0,3,1,0,0,0,2,1,0,1,0,1,0,0,0,3,0,0,3,4,3,4,3,3,1,0,0,2,4,0,0,3,2,3,0,3,0,0,0,3,3,3,0,1,0,2,3,2,0,4,1,1,1,3,0,2,4,0,0,0,4,2,1,0,0,0,2,2,0,3,3,0,1,0,0,3,3,0,0,3,2,0,3,3,0,0,0,3,0,1,0,4,0,3,0,0,0,4,3,0,3,1,4,0,3,0,2,3,0,3,3,0,1,4,0,0,0,3,3,2,0,0,0,3,0,3,3,0,1,1,2,0,3,3,1,2,0,0,3,3,4,1,3,0,3,4,0,0,3,0,0,3,0,0,1,3,0,0,3,3,4,0,1,0,0,0,4,1,0,0,0,2,0,0,0,0,0,0,4,3,0,0,3,1,0,0,1,0,4,0,2,0,0,0,2,0,0,3,0,0,3,2,3,0,2,4,3,0,4,2,1,3,0,0,3,0,1,0,0,0,2,2,0,3,4,0,2,1,0,4,3,0,0,0,0,0,0,0,0,0,0,4,1,3,3,0,2,3,2,3,0,0,0,0,4,1,0,2,0,0,3,0,0,0,0,0,3,0,0,3,0,0,0,2,0,3,0,4,2,2,0,1,3,0,2,0,4,3,0,3,0,0,1,2,0,0,0,0,0,0,0,4,3,0,0,4,0,0,2,0,0,0,0,0,0,0,0,0,3,0,0,3,3,3,0,0,2,3,3,0,0,4,3,0,3,3,3,0,0]",ok,
76,quantile,5,1.0,0.42748573683993574,0,,,[],,,,baseline_no_features,
77,quantile,5,0.95,0.42748573683993574,0,,,[],,,,baseline_no_features,
78,quantile,5,0.9,0.42748573683993574,0,,,[],,,,baseline_no_features,
79,quantile,5,0.85,0.42748573683993574,0,,,[],,,,baseline_no_features,
80,quantile,5,0.8,0.42748573683993574,0,,,[],,,,baseline_no_features,
81,quantile,5,0.75,0.42748573683993574,0,,,[],,,,baseline_no_features,
82,quantile,5,0.7,0.42748573683993574,0,,,[],,,,baseline_no_features,
83,quantile,5,0.65,0.42748573683993574,0,,,[],,,,baseline_no_features,
84,quantile,5,0.6,0.42748573683993574,0,,,[],,,,baseline_no_features,
85,quantile,5,0.55,0.42748573683993574,0,,,[],,,,baseline_no_features,
86,quantile,5,0.5,0.42748573683993574,0,,,[],,,,baseline_no_features,
87,quantile,5,0.45,0.42748573683993574,0,,,[],,,,baseline_no_features,
88,quantile,5,0.4,0.42748573683993574,0,,,[],,,,baseline_no_features,
89,quantile,5,0.35,0.42748573683993574,0,,,[],,,,baseline_no_features,
90,quantile,5,0.3,0.42748573683993574,0,,,[],,,,baseline_no_features,
91,quantile,5,0.25,0.42748573683993574,0,,,[],,,,baseline_no_features,
92,quantile,5,0.2,0.2807414030677479,19,"fused_3_high, fused_1_high, fused_1_low, fused_1_medium, fused_1_veryhigh, fused_2_high, fused_2_low, fused_2_medium, fused_2_veryhigh, fused_3_low, fused_3_veryhigh, fused_4_high, fused_4_low, fused_4_medium, fused_4_veryhigh, fused_5_high, fused_5_low, fused_5_medium, fused_5_veryhigh",huang,"[260, 348, 376, 363, 452]",0.16732166025816436,0.028904947192884937,"[0,4,0,0,2,3,4,1,0,2,1,3,1,4,4,2,3,4,0,0,4,4,0,0,4,0,3,3,3,4,0,3,0,2,0,2,4,2,4,2,2,4,3,3,4,0,4,0,2,1,2,1,3,2,3,4,2,4,2,2,4,0,0,2,2,4,3,2,0,0,4,2,4,2,0,0,0,3,3,0,3,4,3,4,4,0,0,0,3,0,2,2,0,2,3,2,1,2,2,4,3,1,3,2,4,1,4,4,3,0,3,1,3,3,4,4,2,4,4,4,4,3,2,3,2,0,4,1,4,4,0,4,0,2,4,4,4,4,4,0,3,4,1,0,0,0,3,3,2,3,2,4,4,0,0,0,3,0,3,4,0,1,4,3,4,0,3,2,4,0,3,2,0,3,3,4,4,1,1,4,4,0,4,0,1,2,3,3,2,3,0,0,0,2,2,2,0,0,3,4,4,3,2,2,1,4,3,1,2,0,3,4,4,0,4,2,3,3,4,0,4,2,0,0,0,2,0,3,2,4,0,2,3,2,3,3,2,2,2,2,3,2,0,2,4,2,4,0,2,1,1,4,2,0,0,4,2,2,4,0,2,2,0,4,3,2,2,4,3,2,3,0,4,2,1,0,2,4,0,2,2,4,3,0,2,0,4,2,4,1,4,3,4,2,4,4,4,3,4,0,2,4,4,0,3,3,2,3,3,3,1,0,3,4,4,2,3,0,4,4,4,4,1,4,2,0,3,4,3,4,4,1,4,4,3,2,2,0,3,3,3,2,4,4,2,4,2,2,4,2,2,4,2,4,3,4,2,2,4,2,4,4,0,4,2,2,3,4,2,2,4,2,0,3,2,3,4,3,3,0,4,3,0,0,3,0,4,4,3,2,0,2,1,4,2,0,2,3,3,4,4,2,3,4,3,2,4,1,4,2,3,2,4,3,0,1,2,4,3,4,3,1,3,0,2,0,4,2,4,4,3,3,1,1,0,2,0,4,4,2,4,2,1,4,1,3,2,0,2,3,1,4,1,3,3,1,3,2,4,4,3,2,2,3,0,4,3,4,2,4,4,4,3,0,3,1,2,0,2,0,0,2,2,4,3,2,1,1,0,4,2,3,0,0,0,3,3,1,2,1,4,4,4,3,4,4,3,2,3,2,4,3,4,2,4,4,3,4,2,2,0,2,4,2,3,4,4,3,0,2,2,0,2,4,2,0,3,2,4,4,0,3,1,4,4,1,2,3,0,0,4,1,3,0,2,0,1,0,3,0,4,2,3,3,3,4,0,4,2,2,2,4,1,0,3,1,4,2,3,0,4,1,2,1,3,4,4,4,3,3,4,0,2,2,4,0,4,4,2,3,0,4,4,0,4,4,4,4,3,0,0,4,4,1,4,3,0,1,3,3,3,4,3,4,0,4,4,3,3,1,2,3,0,3,2,2,3,2,0,1,4,2,4,3,3,2,0,0,4,4,2,0,3,3,2,3,2,0,4,2,1,2,0,2,4,2,2,2,0,0,1,4,3,0,2,1,1,1,2,1,0,4,1,4,0,4,4,2,0,2,4,4,2,2,4,0,1,0,2,4,3,3,4,1,0,0,4,4,4,1,0,3,2,2,3,4,1,0,2,3,4,0,0,4,4,1,2,4,2,1,2,2,4,1,1,3,4,4,4,1,0,2,3,4,4,0,1,3,1,1,1,2,1,1,3,4,1,0,3,1,4,1,3,1,4,3,2,3,3,2,2,3,4,0,3,2,4,4,4,1,4,4,4,4,4,0,3,3,1,3,3,1,4,3,2,0,2,4,0,4,3,1,0,3,4,0,3,4,4,2,2,0,1,3,0,1,3,4,1,4,2,0,2,4,4,2,0,1,4,1,3,4,0,4,1,3,4,0,2,0,2,1,4,4,2,3,4,2,4,2,4,1,4,2,3,2,1,3,1,4,3,0,4,4,4,1,3,2,3,0,2,2,3,2,4,3,2,1,0,3,2,1,4,3,2,1,4,1,4,3,1,2,4,1,4,2,1,3,2,1,1,3,1,4,3,1,3,3,2,4,3,4,3,4,4,4,3,1,3,3,4,0,1,0,2,1,0,1,2,4,2,3,4,1,0,1,4,3,1,4,3,2,4,0,3,2,2,4,3,4,3,3,1,1,1,4,2,0,4,3,2,4,2,3,2,2,1,1,4,3,1,4,4,4,3,1,1,1,2,1,1,1,0,4,2,2,3,3,1,1,2,0,3,2,2,3,3,4,1,4,3,1,3,1,3,1,1,2,4,4,4,2,4,2,1,1,0,1,1,1,0,3,2,2,4,4,2,0,3,3,1,1,2,2,4,4,2,3,2,3,1,4,1,1,3,2,1,4,3,1,1,1,1,1,3,4,1,2,1,3,0,3,1,3,3,1,1,2,4,0,0,4,1,1,3,3,4,1,1,3,1,0,3,0,3,3,1,2,1,4,2,1,2,1,1,4,1,1,1,3,1,1,2,0,2,4,3,4,4,4,2,1,3,4,1,4,1,3,2,4,0,4,2,3,4,2,1,0,4,1,1,0,4,3,2,4,1,3,2,3,4,3,3,4,1,3,3,1,0,3,3,3,3,1,1,1,2,1,1,3,3,1,4,2,2,2,3,4,0,2,0,4,3,1,1,4,3,1,1,0,2,3,3,1,2,2,2,1,2,0,4,2,0,4,2,0,1,1,3,1,4,1,1,0,3,4,2,4,3,4,4,1,0,3,3,2,1,1,4,3,0,4,1,1,4,4,3,4,1,1,3,0,3,1,2,3,1,2,1,1,0,1,2,1,2,3,1,1,1,1,4,3,2,3,3,1,2,0,1,4,1,1,2,4,4,3,1,2,4,2,3,1,1,1,1,4,1,3,4,2,4,1,1,4,2,2,3,4,2,1,4,4,1,0,3,0,4,2,4,2,2,4,0,4,0,1,4,2,0,2,2,4,2,2,4,1,2,2,1,4,4,0,4,4,2,0,2,4,4,2,3,3,3,1,2,3,1,0,1,2,3,2,4,0,3,4,4,4,0,0,1,3,1,4,0,4,2,3,4,3,1,4,1,0,1,0,2,2,2,0,0,2,3,4,4,1,1,1,1,1,4,4,2,3,1,3,1,2,4,0,2,4,4,1,2,2,1,1,3,4,0,1,2,3,0,1,3,1,2,2,0,3,0,1,1,3,3,2,3,3,0,0,3,2,4,3,4,0,3,3,4,2,2,3,1,0,0,4,4,2,0,3,4,0,0,2,0,2,2,2,3,3,2,4,3,2,3,1,4,1,3,1,0,3,3,3,4,0,3,0,3,0,3,2,1,1,3,3,1,4,1,4,1,1,0,1,4,4,4,4,2,1,4,1,1,1,2,3,3,1,1,1,1,0,2,2,1,4,3,0,4,0,0,1,3,4,4,2,3,3,4,4,0,2,2,4,2,4,3,1,1,2,0,3,4,1,1,4,2,1,4,2,1,1,2,3,4,1,2,0,4,4,3,1,3,3,4,4,1,4,1,0,2,4,1,3,4,1,4,1,1,3,0,4,2,3,3,1,1,4,2,2,3,1,3,1,1,3,0,0,2,3,1,1,0,4,3,2,1,1,0,0,1,3,1,0,1,4,1,3,2,1,4,4,0,1,3,1,1,1,4,4,0,2,4,2,4,0,1,4,3,4,3,1,4,1,3,4,2,1,2,2,1,0,2,4,0,3,4,3,4,1,2,3,4,2,2,1,3,2,1,4,1,3,4,0,1,2,4,4,0,1,2,3,1,3,0,2,2,4,4,4,2,1,4,2,4,0,3,4,1,2,3,2,2,4,1,2,2,2,1,0,0,1,1,1,4,1,4,1,2,3,4,1,4,0,3,4,4,3,1,3,3,2,2,3,1,3,3,1,4,3,0,4,2,1,1,4,4,4,0,0,1,2,2,4,2,1,3,1,4,2,0,4,0,3,2,4,2,3,2,4,1,3,1,4,2,3,2,4,3,3,2,2,1,3,2,2,1,1,2,1,1,1,1,4,4,1,1,4,2,2,1,3,1,1,1,2,2]",ok,
93,quantile,5,0.15,0.24111694816547644,23,"fused_3_high, fused_1_high, fused_1_low, fused_1_medium, fused_1_veryhigh, fused_2_high, fused_2_low, fused_2_medium, fused_3_low, fused_3_veryhigh, fused_4_high, fused_4_low, fused_4_medium, fused_4_veryhigh, fused_5_high, fused_5_low, fused_5_medium, fused_1_verylow, fused_2_verylow, fused_3_verylow, fused_5_verylow, fused_3_medium, fused_2_veryhigh+fused_4_verylow+fused_5_veryhigh",huang,"[333, 437, 405, 274, 350]",0.1595782459523437,0.08727070594774874,"[3,1,3,3,2,4,3,0,3,2,0,4,0,1,1,2,4,1,3,3,1,1,3,3,1,3,4,4,2,1,3,4,3,2,3,2,1,2,1,2,2,1,4,4,1,3,3,3,2,0,2,0,4,2,4,1,2,1,4,2,1,3,3,2,2,1,4,2,3,3,1,2,3,2,3,3,3,4,4,3,4,1,4,1,1,3,3,3,4,3,2,4,3,2,4,2,0,2,2,1,4,0,4,4,1,0,1,1,4,3,4,2,4,4,1,1,2,1,1,3,1,4,2,4,2,3,1,0,1,1,3,1,3,2,1,1,1,1,1,3,4,1,0,3,3,3,2,4,2,4,2,1,1,3,3,3,4,3,4,1,3,0,1,4,1,3,4,2,1,3,2,2,3,2,4,3,1,2,0,1,1,3,1,3,0,4,4,4,2,4,3,3,3,2,2,2,3,3,4,1,1,4,2,2,0,1,4,0,2,3,2,1,1,3,1,2,4,4,1,3,1,2,3,3,3,2,3,2,2,1,3,2,4,2,4,4,2,2,2,2,4,2,3,2,3,2,1,3,2,0,0,1,4,3,3,1,2,2,1,3,2,2,3,3,4,2,2,1,2,2,4,3,1,2,0,3,2,1,3,2,2,1,2,3,2,3,1,2,1,0,1,2,1,2,1,1,3,4,1,3,2,1,1,3,4,4,2,4,2,4,0,3,2,1,1,2,4,3,1,1,1,1,0,1,2,3,4,1,4,1,1,0,1,1,4,4,2,3,4,4,4,2,1,1,2,1,2,2,1,4,2,1,2,1,4,1,2,2,1,2,1,1,3,1,2,2,4,1,4,2,1,2,3,4,2,4,1,4,2,3,1,4,3,3,4,3,1,1,4,2,3,2,0,1,2,3,2,4,4,1,1,2,4,1,4,2,1,0,1,2,4,2,1,4,3,0,2,3,4,3,2,0,4,3,2,3,1,2,1,1,4,4,0,0,3,2,3,1,1,2,1,4,0,1,0,4,2,3,2,2,0,1,0,4,4,0,4,2,1,1,4,2,2,4,3,1,4,1,2,1,1,1,4,3,4,0,2,3,2,3,3,2,2,1,4,2,0,0,3,3,2,4,3,3,3,4,4,0,2,0,1,1,1,4,1,1,4,4,4,2,1,4,1,2,1,1,4,3,2,2,3,2,1,2,4,3,1,4,3,2,2,3,2,3,2,3,4,2,4,1,3,4,0,1,1,0,2,4,3,3,1,0,4,3,2,3,0,3,4,3,1,2,4,4,4,1,3,1,2,2,2,1,0,3,2,0,1,2,4,3,1,0,2,0,2,1,1,1,4,4,1,3,2,2,1,3,1,1,2,4,3,1,1,3,1,1,1,1,4,3,3,1,1,0,1,2,3,0,2,4,2,1,2,1,3,3,1,4,4,0,2,4,3,4,2,2,4,2,3,0,1,2,1,4,4,2,3,3,1,1,2,3,4,4,4,4,2,3,1,2,0,2,3,2,4,2,2,2,3,3,0,1,4,3,2,0,2,0,2,0,3,1,0,1,3,1,1,2,3,2,1,1,2,2,1,3,0,3,2,1,2,4,1,0,3,3,1,1,1,0,1,4,4,2,4,1,0,3,4,2,1,3,3,1,1,0,2,1,2,0,2,2,1,0,0,2,1,1,1,0,3,2,4,1,1,3,0,4,0,0,2,2,4,0,2,1,0,3,4,0,1,0,4,0,1,4,2,4,4,2,2,2,1,3,4,2,1,1,1,0,1,1,1,1,1,3,4,4,0,4,2,0,1,4,2,1,2,1,3,1,4,0,3,4,1,3,4,1,1,2,2,3,0,4,3,0,4,1,0,1,2,3,2,1,1,2,3,0,1,0,4,1,3,1,0,4,1,3,2,3,2,0,1,1,2,2,1,2,1,2,1,0,1,2,4,2,0,4,0,1,4,3,1,1,1,0,4,2,4,3,2,2,4,4,1,4,2,0,3,4,2,0,1,4,2,0,1,4,1,4,0,2,1,0,3,2,0,4,1,0,0,4,0,1,4,0,4,4,2,1,4,1,4,1,1,1,4,0,4,4,1,3,0,3,2,0,3,2,2,1,2,4,1,0,3,0,1,4,0,1,4,2,1,3,4,2,2,1,4,1,4,4,0,2,2,1,2,1,1,4,2,1,2,4,2,2,0,0,1,2,0,1,1,1,4,0,0,0,2,0,0,0,3,1,2,2,4,4,0,0,2,3,4,2,2,4,4,1,0,1,4,0,4,0,4,4,0,2,1,1,1,4,1,2,0,0,3,0,0,0,3,4,2,2,1,1,2,3,4,4,0,0,2,2,1,3,2,4,2,4,0,1,0,0,4,4,0,1,4,0,0,0,0,0,4,1,0,2,0,4,3,4,0,4,4,4,0,4,1,3,3,1,4,0,4,2,1,0,0,4,0,3,4,3,4,4,0,2,0,1,2,0,2,0,0,1,0,0,0,4,0,0,2,3,2,1,4,1,1,1,2,0,4,1,0,1,0,4,2,1,3,1,2,4,1,2,0,3,1,0,0,3,1,2,2,1,0,2,2,4,1,4,4,1,0,4,4,0,3,4,2,4,4,0,0,0,2,0,0,4,4,0,1,2,2,4,4,1,3,2,1,1,2,0,0,1,4,0,0,3,2,4,4,0,2,2,2,0,2,3,1,2,3,1,2,3,0,0,4,0,1,0,0,3,2,1,2,1,2,1,1,0,3,4,4,2,0,0,1,2,3,1,0,0,1,1,4,1,0,0,4,3,4,0,2,4,0,2,0,0,3,0,2,0,2,4,0,0,0,0,1,4,2,4,4,0,4,3,0,1,0,0,2,1,1,2,0,2,1,2,4,0,0,0,0,1,0,4,1,2,1,0,0,1,2,2,4,1,2,0,1,1,0,3,4,3,4,2,1,4,2,1,3,1,3,0,1,2,3,2,4,1,2,2,1,0,2,2,0,1,1,3,1,1,2,3,2,1,1,2,4,4,4,0,2,4,0,3,0,4,4,2,1,3,4,1,1,1,3,3,0,4,0,1,3,1,2,2,1,4,0,1,0,3,0,3,2,2,2,3,3,2,4,1,1,0,0,0,0,0,1,3,2,2,0,2,0,2,1,3,2,1,1,0,2,4,0,0,2,1,3,0,2,2,3,4,4,0,2,2,3,4,3,0,0,2,4,2,4,4,3,3,4,2,1,4,1,3,4,2,1,2,2,4,0,3,3,1,1,2,3,4,1,3,3,2,3,2,2,1,4,4,2,1,4,2,4,0,1,0,2,0,3,4,2,4,1,3,4,3,4,3,4,2,0,0,4,4,0,1,0,1,0,0,3,0,1,1,1,1,2,0,1,0,0,0,2,4,4,0,0,0,0,3,2,2,0,1,4,3,3,3,3,0,2,1,1,4,2,4,1,1,3,2,2,1,2,1,4,0,0,2,3,4,1,0,0,1,2,0,1,2,0,0,2,2,1,0,2,3,1,1,4,0,4,4,1,1,0,1,0,3,2,1,0,4,1,0,1,0,0,2,3,1,2,4,4,0,0,1,2,2,4,0,4,0,0,4,3,3,2,4,0,0,3,1,4,2,0,0,3,3,0,4,0,3,0,1,0,4,2,0,1,1,3,0,4,2,0,0,1,1,3,2,1,2,1,3,0,1,4,1,4,0,1,4,2,1,2,0,4,4,0,3,2,1,3,4,1,4,1,0,4,4,1,2,2,0,4,2,0,1,0,4,1,3,0,2,1,1,3,0,2,4,0,4,3,2,2,1,1,1,2,0,1,2,1,3,4,1,0,4,4,2,2,1,0,2,2,2,0,3,3,0,0,0,1,0,1,0,2,2,1,0,1,3,2,1,1,4,0,4,4,2,2,4,0,4,4,0,1,4,1,1,2,0,0,1,1,1,3,3,0,2,2,1,2,0,4,0,1,2,3,1,3,2,2,1,2,4,4,1,0,4,0,1,4,4,2,1,4,4,2,2,0,4,2,2,0,0,2,0,0,0,0,1,1,0,0,1,2,2,0,4,0,0,0,4,2]",ok,
94,quantile,5,0.1,0.24572473761861102,21,"fused_3_high, fused_1_high, fused_1_low, fused_1_medium, fused_2_low, fused_2_medium, fused_3_low, fused_4_high, fused_4_low, fused_4_medium, fused_5_low, fused_5_medium, fused_1_verylow, fused_5_verylow, fused_3_medium, fused_2_veryhigh+fused_4_verylow+fused_5_veryhigh, fused_1_veryhigh+fused_2_high, fused_2_high+fused_3_verylow, fused_3_veryhigh+fused_4_veryhigh, fused_2_verylow+fused_5_high, fused_1_veryhigh+fused_3_verylow",huang,"[451, 332, 273, 478, 265]",0.15767452443820618,0.06503613118399111,"[4,0,4,4,3,2,4,1,4,3,1,2,1,0,0,0,2,0,4,4,0,0,4,4,0,4,2,2,3,0,4,2,4,3,4,3,0,3,0,3,3,0,2,2,0,4,4,4,3,1,3,1,2,3,2,0,3,0,3,3,0,4,4,3,3,0,2,3,4,4,0,3,4,3,4,4,0,2,2,4,2,0,2,0,0,4,4,4,2,4,3,3,4,3,2,3,1,3,3,0,2,1,2,3,0,1,0,0,2,4,2,3,2,2,0,0,3,0,0,4,0,2,3,2,3,4,0,1,0,0,4,0,0,3,0,0,0,0,0,4,2,0,1,4,4,4,0,2,3,2,3,0,0,4,4,4,2,4,2,0,4,1,0,2,0,4,2,3,0,0,3,3,4,3,2,4,0,3,1,0,0,4,0,4,1,3,2,3,3,2,4,4,4,3,3,3,4,4,2,0,0,2,3,3,1,0,2,1,3,4,3,0,0,4,0,3,2,2,0,4,0,3,4,4,4,3,4,3,3,0,4,3,2,3,2,2,3,3,3,3,2,3,4,3,4,3,0,4,3,1,1,0,3,4,4,0,3,3,0,4,3,3,4,4,2,3,3,0,3,3,2,4,0,3,1,4,3,0,4,3,3,0,3,4,3,4,0,3,0,1,0,3,0,3,0,0,4,2,0,4,3,0,0,4,2,2,3,2,3,2,1,4,3,0,0,3,2,4,0,0,0,0,1,0,3,4,2,0,2,0,0,1,0,0,2,3,3,4,3,2,2,3,0,0,3,0,3,3,0,3,3,0,3,0,3,0,3,3,0,3,0,0,4,0,3,3,2,0,3,3,0,3,4,2,3,2,0,2,3,4,0,2,4,0,3,4,0,0,2,3,4,3,1,0,3,4,3,2,2,0,0,3,2,0,2,3,0,1,0,3,3,3,0,2,4,1,3,4,2,4,3,1,2,4,3,4,0,3,0,0,2,2,1,1,4,3,4,0,0,3,0,3,1,0,1,2,3,4,3,3,1,0,1,2,2,1,2,3,0,0,2,3,3,2,4,0,2,0,3,0,0,0,2,4,2,1,3,4,3,4,4,3,3,0,2,3,1,1,4,4,3,2,4,4,4,2,2,1,3,1,0,0,0,2,0,0,3,3,2,3,0,2,0,3,0,0,2,4,3,3,4,3,0,3,2,4,0,2,0,3,3,4,3,4,3,4,3,3,0,0,4,2,1,0,0,1,3,2,4,4,0,1,2,4,3,4,1,4,2,4,0,3,2,2,2,0,4,0,3,3,3,0,1,4,3,1,0,3,2,4,0,1,3,1,3,0,0,0,2,2,0,4,3,3,0,4,0,0,3,2,4,0,0,4,0,0,0,0,2,4,4,0,0,1,0,3,4,1,3,2,3,0,3,0,4,4,0,2,2,1,3,2,4,2,3,3,2,3,4,1,0,3,0,2,2,3,4,4,0,0,3,4,2,2,3,2,3,4,0,3,1,3,4,3,0,3,3,3,4,4,1,0,2,4,3,3,3,1,3,1,4,0,1,0,4,0,0,3,0,3,0,0,3,3,0,4,1,4,3,0,3,2,0,1,4,4,0,0,0,1,0,2,3,3,2,0,1,4,3,3,0,4,4,0,0,1,3,0,3,1,3,3,0,1,1,3,0,0,0,1,4,3,2,0,0,4,1,2,1,1,3,3,3,1,3,0,1,4,2,1,0,1,2,1,0,2,3,2,3,3,3,3,0,4,2,3,0,0,0,1,0,0,0,0,0,4,2,2,1,2,3,1,0,2,3,0,3,0,4,0,2,1,4,2,0,4,2,0,0,3,3,4,1,2,4,1,2,0,1,0,3,4,3,0,0,3,4,1,0,1,2,0,4,0,1,2,0,4,3,4,3,1,0,0,3,3,0,3,0,3,0,1,0,3,2,3,1,2,1,0,2,4,0,0,0,1,2,3,2,4,3,3,2,3,0,2,3,1,4,2,3,1,0,2,3,1,0,3,0,2,1,3,0,1,0,3,1,2,0,1,1,2,1,0,2,1,2,2,3,0,3,0,2,0,0,0,3,1,3,2,0,4,1,0,3,1,4,3,3,0,3,3,0,1,4,1,0,3,1,0,2,3,0,4,3,3,3,0,2,0,2,2,1,3,3,0,3,0,0,3,3,0,3,2,3,3,1,1,0,3,1,0,0,0,2,1,1,1,3,1,1,1,4,0,3,3,2,2,1,1,3,4,3,3,3,2,2,0,1,0,3,1,2,1,2,3,1,3,0,0,0,3,0,3,1,1,4,1,1,1,4,2,3,3,0,0,3,4,2,2,1,1,3,3,0,4,3,2,3,2,1,0,1,1,3,3,1,0,2,1,1,1,1,1,2,0,1,3,1,2,4,2,1,2,2,3,1,3,0,4,4,0,3,1,2,3,0,1,1,2,1,4,2,4,2,2,1,3,1,0,3,1,3,1,1,0,1,1,1,2,1,1,3,4,3,0,2,0,0,0,3,1,3,0,1,0,1,2,3,0,4,0,3,2,0,3,1,4,0,1,1,4,0,3,3,0,1,3,3,2,0,2,2,0,1,2,3,1,4,2,3,2,2,1,1,1,3,1,1,2,2,1,0,3,3,3,2,0,4,3,0,0,3,1,1,0,3,1,1,4,3,2,2,1,3,3,3,1,3,4,0,3,4,0,3,4,1,1,2,1,0,1,1,4,3,0,3,0,3,0,0,1,4,3,3,3,1,1,0,3,4,0,1,1,0,0,2,0,3,1,2,4,2,1,3,2,1,3,1,1,4,1,3,1,3,3,1,1,1,1,0,2,3,2,2,1,3,4,1,0,1,1,3,0,0,3,1,3,0,3,2,1,1,1,1,0,1,2,0,3,0,1,1,0,3,3,2,0,3,1,0,0,1,4,3,4,0,3,0,3,3,0,4,0,4,1,0,3,4,3,3,0,3,3,0,1,3,3,1,0,0,4,0,0,3,4,3,0,0,3,2,2,2,1,3,2,1,4,1,3,2,3,0,4,2,0,0,0,4,4,1,2,1,0,4,0,3,3,0,2,1,0,1,4,1,4,3,3,3,4,4,3,2,0,0,1,1,1,1,1,0,4,3,3,1,3,1,3,0,4,3,0,0,1,3,3,1,1,3,0,4,1,3,3,4,3,2,1,3,3,4,2,4,1,1,3,3,3,2,2,4,4,3,3,0,2,0,4,2,3,0,3,3,2,1,4,4,0,0,3,4,3,0,4,4,3,4,3,3,0,2,2,3,0,3,3,2,1,0,1,3,1,4,2,3,2,0,4,2,4,2,4,2,3,1,1,2,2,1,0,1,0,1,1,4,1,0,0,0,0,3,1,0,1,1,1,3,2,2,1,1,1,1,4,3,3,1,0,2,4,4,4,4,1,3,0,0,3,3,2,0,0,4,3,3,0,3,0,2,1,1,3,4,2,0,1,1,0,3,1,0,3,1,1,3,3,0,1,3,4,0,0,3,1,2,2,0,0,1,0,1,4,3,0,1,2,0,1,0,1,1,3,4,0,3,2,2,1,1,0,3,3,2,1,2,1,1,2,4,4,3,2,1,1,4,0,2,3,1,1,4,4,1,2,1,4,1,0,1,3,3,1,0,0,4,1,2,3,1,1,0,0,4,3,0,3,0,4,1,0,3,0,2,1,0,1,3,0,3,1,3,3,1,4,3,0,4,2,0,2,0,1,3,2,0,3,3,1,2,3,1,0,1,3,0,4,1,3,0,0,4,1,3,2,1,2,4,3,3,0,0,0,3,1,0,3,0,4,2,0,1,3,2,3,3,0,1,3,3,3,1,4,4,1,1,1,0,1,0,1,3,3,0,1,0,4,3,0,0,2,1,2,2,3,3,2,1,2,3,1,0,2,0,0,3,1,1,0,0,0,0,4,1,3,3,0,3,1,3,1,0,3,4,0,4,3,3,0,3,2,3,0,1,2,1,0,3,2,3,0,2,2,3,3,1,2,3,3,1,1,3,1,1,1,1,0,0,1,1,0,3,3,1,3,1,1,1,3,3]",ok,
95,quantile,7,1.0,0.42748573683993574,0,,,[],,,,baseline_no_features,
96,quantile,7,0.95,0.42748573683993574,0,,,[],,,,baseline_no_features,
97,quantile,7,0.9,0.42748573683993574,0,,,[],,,,baseline_no_features,
98,quantile,7,0.85,0.42748573683993574,0,,,[],,,,baseline_no_features,
99,quantile,7,0.8,0.42748573683993574,0,,,[],,,,baseline_no_features,
100,quantile,7,0.75,0.42748573683993574,0,,,[],,,,baseline_no_features,
101,quantile,7,0.7,0.42748573683993574,0,,,[],,,,baseline_no_features,
102,quantile,7,0.65,0.42748573683993574,0,,,[],,,,baseline_no_features,
103,quantile,7,0.6,0.42748573683993574,0,,,[],,,,baseline_no_features,
104,quantile,7,0.55,0.42748573683993574,0,,,[],,,,baseline_no_features,
105,quantile,7,0.5,0.42748573683993574,0,,,[],,,,baseline_no_features,
106,quantile,7,0.45,0.42748573683993574,0,,,[],,,,baseline_no_features,
107,quantile,7,0.4,0.42748573683993574,0,,,[],,,,baseline_no_features,
108,quantile,7,0.35,0.42748573683993574,0,,,[],,,,baseline_no_features,
109,quantile,7,0.3,0.42748573683993574,0,,,[],,,,baseline_no_features,
110,quantile,7,0.25,0.42748573683993574,0,,,[],,,,baseline_no_features,
111,quantile,7,0.2,0.42748573683993574,0,,,[],,,,baseline_no_features,
112,quantile,7,0.15,0.42748573683993574,0,,,[],,,,baseline_no_features,
113,quantile,7,0.1,0.162256822163995,35,"fused_3_high, fused_1_high, fused_1_low, fused_1_medium, fused_1_megahigh, fused_1_megalow, fused_1_veryhigh, fused_1_verylow, fused_2_high, fused_2_low, fused_2_medium, fused_2_megalow, fused_2_veryhigh, fused_2_verylow, fused_3_low, fused_3_megahigh, fused_3_megalow, fused_3_veryhigh, fused_3_verylow, fused_4_high, fused_4_low, fused_4_medium, fused_4_megahigh, fused_4_veryhigh, fused_4_verylow, fused_5_high, fused_5_low, fused_5_medium, fused_5_megalow, fused_5_veryhigh, fused_5_verylow, fused_3_medium, fused_2_megahigh+fused_4_megalow, fused_2_megahigh+fused_5_megahigh, fused_4_megalow+fused_5_megahigh",cao,"[888, 256, 205, 257, 193]",0.16547316211354846,0.1812117843246248,"[1,0,1,1,0,0,1,4,1,0,4,4,2,3,3,3,0,0,1,1,0,3,1,1,0,1,0,0,0,0,3,0,1,0,1,0,0,0,3,0,0,0,0,0,0,1,1,1,0,4,0,2,0,0,0,3,0,3,0,0,3,1,1,0,0,0,0,0,1,1,0,0,1,0,1,3,3,4,0,1,0,3,0,0,3,1,1,1,0,1,0,4,1,0,0,0,4,0,0,3,0,4,4,0,1,4,3,3,0,1,0,4,0,0,3,3,0,3,0,1,3,0,0,0,0,3,3,2,3,3,1,0,3,0,3,3,3,3,0,1,0,3,2,1,1,1,3,0,0,0,0,0,0,1,1,1,0,1,0,0,1,2,0,0,3,1,0,0,0,3,0,0,1,0,0,1,3,4,2,0,0,1,0,1,4,0,0,4,0,0,1,1,3,0,0,0,1,1,0,0,3,0,0,0,4,0,0,2,0,1,0,3,1,1,3,0,0,0,3,1,0,0,1,3,1,0,1,0,0,3,1,0,0,0,0,0,0,0,0,0,0,0,1,0,1,0,3,3,0,2,4,0,0,1,1,0,0,0,3,1,0,0,1,1,0,0,0,0,0,0,0,1,3,0,2,1,0,0,1,0,0,0,0,3,0,1,3,0,0,2,3,0,0,0,0,3,1,0,3,1,0,3,0,1,0,0,0,0,0,0,4,1,0,3,0,0,0,1,3,0,3,0,2,3,0,1,0,3,0,3,0,2,0,3,0,4,0,1,0,4,0,0,0,3,0,0,0,0,0,0,0,0,0,3,0,0,0,0,0,0,3,0,3,3,0,0,0,0,0,0,0,0,1,0,0,0,0,0,0,1,0,0,1,3,0,1,0,0,0,0,1,0,4,0,0,3,0,0,0,1,3,0,0,3,0,0,3,2,0,0,0,0,3,0,1,4,0,1,0,1,0,4,0,1,0,1,3,0,3,3,0,0,4,4,1,0,1,0,3,0,3,0,4,0,2,0,0,3,0,0,2,3,2,0,0,4,0,0,3,0,0,0,0,4,1,0,0,3,0,3,3,0,0,1,0,2,0,1,0,1,1,0,0,3,0,0,4,4,1,1,0,0,1,1,1,0,0,4,0,2,0,0,0,0,3,0,3,0,0,0,0,0,3,0,0,0,0,1,0,0,1,0,3,0,0,1,3,0,3,0,0,1,0,1,0,3,0,0,0,3,3,0,4,3,3,4,0,4,1,1,3,4,0,1,0,1,4,1,0,1,3,0,0,0,0,0,1,3,0,0,0,1,2,1,0,2,3,0,0,1,3,2,0,2,0,0,3,3,0,0,0,1,0,0,3,1,3,1,0,0,1,0,1,1,0,0,0,0,0,1,1,3,3,4,3,0,1,2,0,0,0,3,0,0,1,1,3,0,0,2,0,0,3,0,0,0,0,0,1,4,3,0,3,0,0,0,1,3,3,3,0,1,0,0,0,0,0,1,3,0,4,0,1,0,0,0,0,0,1,1,2,0,0,1,0,4,4,4,0,2,1,3,4,0,1,3,3,0,1,0,3,0,0,0,3,1,2,1,0,3,0,0,3,2,1,1,3,3,0,4,3,0,0,0,0,3,2,1,4,0,0,1,1,1,0,2,0,3,0,2,0,0,3,4,4,0,0,0,3,2,1,0,0,3,3,1,2,0,2,2,4,0,4,2,0,0,2,1,0,4,0,2,0,2,3,0,0,0,4,0,0,0,0,1,0,0,0,3,1,2,0,3,3,0,3,1,0,0,4,0,0,2,0,0,0,3,0,0,1,3,0,4,1,0,3,1,0,3,0,0,0,1,4,0,1,2,0,0,4,3,0,1,0,3,3,0,3,4,3,2,0,3,1,3,2,0,0,1,0,1,0,4,0,3,0,4,0,0,0,0,0,2,0,0,0,0,4,0,4,3,0,1,3,0,3,2,0,0,0,1,0,0,0,0,0,0,0,4,1,0,0,2,0,0,0,2,3,4,3,0,4,0,0,4,3,0,2,0,3,2,2,0,2,3,0,4,0,0,0,3,4,0,0,3,3,0,0,2,0,0,3,1,2,3,0,2,1,4,0,0,0,0,3,4,3,4,3,4,4,3,0,0,0,3,0,0,0,3,0,0,4,0,4,4,4,0,0,3,0,4,0,3,0,0,0,0,4,4,0,0,4,0,0,0,0,2,2,2,0,2,4,2,1,3,0,0,0,0,4,2,0,1,4,0,0,4,0,3,4,0,4,2,0,4,0,4,2,0,3,0,3,0,0,0,4,2,1,4,2,2,1,4,0,0,3,3,0,1,0,0,2,2,0,0,0,1,0,0,0,0,2,0,2,2,4,4,4,3,0,4,2,2,4,4,0,0,2,0,2,0,1,0,2,0,0,4,4,0,3,1,1,1,4,2,0,0,0,2,2,0,4,1,0,1,4,0,4,0,2,0,0,4,0,2,2,0,2,2,2,0,2,2,0,1,0,0,0,3,3,3,0,2,0,0,4,0,4,0,0,3,1,0,0,0,0,0,4,1,0,2,4,1,3,0,0,3,2,0,0,0,3,4,0,0,2,4,4,4,1,0,0,0,0,2,2,2,0,2,4,0,4,2,3,0,0,4,0,0,1,0,0,3,4,2,2,0,0,2,4,1,0,0,0,2,0,0,0,2,0,1,3,0,1,0,0,1,2,4,0,2,3,2,2,1,0,0,0,0,0,3,3,2,1,4,4,0,2,2,3,0,1,0,2,2,0,3,0,3,4,2,0,1,0,2,0,0,2,0,4,2,3,2,0,2,0,4,2,2,2,2,0,0,0,0,0,2,0,1,2,0,2,2,0,3,1,0,2,0,3,0,0,2,4,4,2,0,2,0,3,0,3,4,4,0,0,0,0,0,0,2,3,3,2,1,0,3,3,0,1,4,0,0,1,3,1,2,0,0,3,0,0,3,0,0,0,4,0,0,2,0,0,1,0,3,0,1,0,3,0,0,0,0,0,4,0,4,4,1,2,4,0,0,3,1,0,3,3,3,1,1,2,0,2,0,1,0,0,0,3,0,2,3,4,1,2,1,0,0,0,1,1,0,0,0,0,4,2,2,4,4,0,1,0,0,2,0,2,0,3,1,0,0,0,2,0,0,2,2,0,3,1,4,0,0,1,4,0,4,0,0,1,0,1,2,4,0,4,0,4,0,1,1,4,0,3,0,3,3,4,0,3,0,0,0,2,1,1,0,1,0,3,0,0,1,1,0,1,0,0,3,0,0,0,0,4,0,0,4,0,2,0,2,1,0,0,0,0,1,4,1,0,1,0,0,4,2,0,0,2,0,4,3,2,2,1,4,0,3,3,0,0,2,3,2,4,2,0,0,0,2,2,2,4,1,0,0,4,3,0,1,1,1,1,2,0,3,0,4,0,0,3,0,1,0,0,0,0,3,0,2,2,0,1,0,0,2,2,0,0,4,3,3,2,2,0,0,0,2,0,1,0,0,0,2,0,0,0,0,4,0,2,1,0,0,2,0,3,2,0,2,2,0,1,0,0,0,0,4,4,3,0,0,0,2,0,4,4,0,1,1,0,0,2,2,1,3,0,0,2,2,1,1,4,0,4,1,4,0,2,4,0,4,0,3,1,4,0,4,2,2,1,0,1,0,0,0,3,1,4,3,4,3,0,4,0,4,0,3,0,2,0,4,2,1,0,0,1,0,3,0,3,4,0,0,0,0,0,2,0,0,2,3,2,4,3,1,4,0,0,0,1,2,0,0,2,0,3,0,0,0,3,3,0,4,0,0,3,1,0,0,2,0,0,0,0,0,4,0,0,0,4,1,1,2,4,4,3,2,0,2,0,0,0,4,3,1,0,0,1,0,2,0,0,0,0,0,2,0,0,2,3,0,0,3,0,2,4,3,0,0,3,1,4,0,0,0,0,2,4,2,0,0,1,3,3,0,0,0,0,0,4,3,2,0,4,3,0,0,3,0,0,0,0,0,4,0,0,0,2,4,0,2,4,4,4,0,3,2,2,0,0,0,2,4,4,2,2,4,0]",ok,
114,kmeans,3,1.0,0.42748573683993574,0,,,[],,,,baseline_no_features,
115,kmeans,3,0.95,0.42748573683993574,0,,,[],,,,baseline_no_features,
116,kmeans,3,0.9,0.42748573683993574,0,,,[],,,,baseline_no_features,
117,kmeans,3,0.85,0.42748573683993574,0,,,[],,,,baseline_no_features,
118,kmeans,3,0.8,0.42748573683993574,0,,,[],,,,baseline_no_features,
119,kmeans,3,0.75,0.4219155830663344,1,fused_4_high,huang,"[208, 602, 572, 164, 253]",0.19069913071490677,0.042245692051139525,"[4,1,4,4,2,2,4,0,4,2,0,2,0,1,1,1,2,1,4,4,1,1,4,4,1,4,2,2,2,1,4,2,4,1,4,2,1,2,1,1,1,1,2,2,1,4,4,4,2,0,2,3,2,2,2,1,1,1,2,2,1,4,4,1,2,1,2,2,4,4,1,1,4,2,4,4,1,2,2,4,2,1,2,1,1,4,4,4,2,4,1,2,4,1,2,2,0,1,2,1,2,0,2,2,1,0,1,1,2,4,2,0,2,2,1,1,1,2,1,4,1,2,2,2,1,1,1,3,1,1,4,1,1,2,1,1,1,1,1,4,2,1,3,4,4,4,1,2,1,2,2,1,1,4,4,4,2,4,2,1,4,3,1,2,1,4,2,2,1,1,2,1,4,2,2,4,1,0,0,1,1,4,1,4,0,2,2,2,1,2,4,4,1,2,2,2,4,4,2,1,1,2,1,1,0,1,2,3,2,4,2,1,1,4,1,2,2,2,1,4,1,1,4,1,4,2,4,2,1,1,4,2,2,2,2,2,1,2,2,2,2,1,4,2,4,1,1,1,2,0,0,1,2,4,4,1,2,1,1,4,2,2,4,4,2,1,1,1,2,2,2,4,1,2,3,4,1,1,4,2,2,1,2,1,2,4,1,2,1,3,1,2,1,1,1,1,4,2,1,4,2,1,1,4,2,2,2,2,2,2,0,4,2,1,1,2,2,4,1,1,1,1,0,1,2,4,2,4,2,1,1,0,1,1,2,2,2,4,2,2,2,1,1,1,1,1,1,2,2,2,1,1,2,1,2,1,2,2,1,2,1,1,4,1,2,2,2,1,2,1,1,2,4,2,2,2,1,2,2,4,1,2,4,1,2,4,2,1,2,1,4,1,0,1,2,4,2,2,2,1,1,1,2,1,2,2,1,3,1,2,2,2,1,2,4,0,1,4,2,4,2,0,2,4,1,4,1,1,1,1,2,2,0,0,4,1,4,1,1,2,1,2,0,1,3,2,2,4,2,1,3,1,3,2,2,0,2,1,1,1,2,1,2,2,4,1,2,1,1,1,1,1,2,4,2,3,1,4,2,4,4,1,1,1,2,1,0,0,4,4,2,2,4,4,4,2,2,0,2,3,1,1,1,2,1,1,2,2,2,2,1,2,1,1,1,1,2,4,1,2,4,1,1,2,2,4,1,2,1,2,2,4,2,4,2,1,2,1,2,1,4,2,0,2,1,0,1,0,4,4,1,0,2,4,2,4,0,4,2,4,1,1,2,2,2,1,4,1,1,2,2,1,3,4,2,0,1,2,2,4,1,0,1,3,2,1,1,1,2,2,1,4,2,1,1,4,1,1,1,2,4,1,1,4,1,1,1,1,2,4,4,1,1,0,1,2,4,3,2,2,2,1,2,1,4,4,1,2,2,3,1,2,1,2,1,2,2,1,4,0,1,2,1,2,2,1,4,1,1,1,2,4,2,2,2,2,2,4,1,1,0,2,4,1,2,2,1,1,4,4,3,1,2,4,1,0,0,0,2,0,4,1,0,1,4,1,1,2,1,1,1,1,1,1,1,4,0,4,1,1,2,2,1,3,4,4,1,1,1,0,1,2,2,1,2,1,3,4,2,0,1,4,4,1,1,3,1,1,1,0,1,2,1,0,0,2,1,1,1,3,4,1,2,1,1,4,3,2,3,3,0,2,0,3,2,1,3,4,2,0,1,3,2,3,1,2,2,2,0,2,2,2,1,4,2,1,1,1,1,3,1,1,2,1,1,4,2,2,0,2,2,3,1,2,2,1,1,1,4,1,2,0,4,2,1,4,2,1,1,2,2,4,0,2,4,3,2,1,0,1,1,4,1,1,1,1,1,0,1,3,2,1,4,1,3,2,1,4,2,4,2,0,1,1,1,0,1,2,1,1,1,3,1,2,2,1,0,2,0,1,2,4,1,1,1,3,2,2,2,4,1,2,2,2,1,2,2,0,4,2,2,3,1,2,2,3,1,0,1,2,0,2,1,0,1,2,3,2,1,3,0,2,3,1,2,0,2,2,1,1,0,1,2,1,1,1,2,0,2,2,1,4,0,1,1,3,4,0,2,1,1,2,1,0,4,0,1,2,0,1,2,1,1,4,2,1,2,1,2,1,2,2,0,0,0,1,2,1,1,2,1,1,2,2,2,1,0,0,1,2,0,1,1,2,2,3,3,3,2,3,0,3,4,1,1,2,2,2,0,3,2,4,2,2,1,0,2,1,0,1,0,3,2,0,2,0,0,1,1,1,1,2,1,2,0,3,4,0,3,3,4,2,1,1,1,1,2,4,2,2,3,3,2,2,1,4,1,2,2,2,3,2,3,3,2,0,0,1,2,0,3,3,0,0,2,1,3,2,3,2,4,2,3,2,2,2,0,2,1,4,4,1,0,3,2,1,1,3,3,2,0,4,2,4,0,2,0,2,3,1,2,0,2,3,3,1,0,3,3,2,3,3,1,4,1,1,2,1,1,2,2,3,2,1,0,1,0,2,2,1,4,1,1,2,1,1,0,4,1,3,0,4,1,2,1,1,3,2,1,2,1,0,2,1,3,0,0,0,4,2,2,2,2,3,3,3,2,3,0,2,2,3,1,2,2,2,2,1,4,2,1,1,0,3,3,1,2,3,0,4,2,2,2,0,2,1,1,3,1,4,1,2,4,1,1,4,3,0,2,0,1,3,3,4,2,1,1,1,2,1,1,3,4,0,2,1,3,3,1,2,4,1,0,0,1,1,2,1,0,3,2,4,2,3,1,2,3,2,0,0,4,3,2,3,1,0,0,3,3,3,1,2,2,2,2,3,2,4,3,1,3,3,2,1,1,0,3,2,1,1,2,0,0,0,3,1,3,2,2,1,1,0,0,1,2,1,2,1,2,3,1,2,3,4,2,1,2,2,1,2,1,1,4,1,4,3,1,1,4,2,2,1,2,2,1,0,2,1,0,1,1,4,1,1,2,4,1,1,1,2,2,2,2,0,2,0,0,4,3,2,2,2,1,4,2,1,1,1,4,4,0,2,0,1,4,1,1,2,1,2,3,1,0,4,3,4,1,1,1,4,4,2,2,1,1,0,3,3,0,0,1,4,1,2,3,0,0,2,1,4,2,1,1,3,1,2,3,3,2,1,4,0,2,2,4,2,2,0,1,2,4,2,4,3,0,2,0,2,2,2,4,4,2,2,1,2,1,1,0,2,1,1,2,2,3,4,4,1,1,1,1,2,1,4,4,2,4,2,2,1,2,2,1,1,2,1,2,0,1,3,2,0,4,2,2,2,1,4,2,4,2,4,2,2,0,3,2,2,0,1,0,1,3,0,4,0,2,1,1,1,1,0,1,3,0,3,2,2,2,0,3,3,0,4,1,1,0,1,2,4,4,4,4,3,2,1,1,0,2,2,1,1,4,2,2,1,1,1,2,3,3,2,4,2,1,3,3,1,1,0,1,1,3,3,1,2,1,3,2,4,2,1,0,0,2,2,1,1,0,1,3,4,1,1,3,2,1,3,1,0,0,2,4,1,2,2,2,0,0,1,2,1,2,3,2,0,0,2,4,4,1,2,3,0,4,1,2,1,3,3,4,4,0,2,0,4,0,2,3,0,2,0,1,1,4,0,2,0,0,0,1,1,4,1,1,1,1,4,0,1,2,1,2,0,1,0,2,1,1,3,2,2,3,4,2,1,4,2,1,2,1,0,2,2,1,2,1,3,2,2,0,1,3,2,1,4,0,1,1,1,4,3,2,2,3,2,4,1,2,2,1,1,1,0,1,1,1,4,2,1,3,2,2,2,1,1,0,2,2,2,0,4,4,3,0,0,1,3,1,3,2,2,1,0,1,4,2,1,1,2,3,2,2,2,1,2,3,2,2,3,1,2,1,1,2,3,0,1,1,1,1,4,0,1,1,1,1,3,0,0,1,2,4,1,1,2,2,1,2,2,2,1,0,2,0,1,2,2,1,1,2,2,2,2,0,2,2,1,3,0,2,3,0,0,0,1,1,0,3,1,2,1,3,0,0,3,3,0,2]",ok,
120,kmeans,3,0.7,0.4219155830663344,1,fused_4_high,huang,"[208, 602, 572, 164, 253]",0.19069913071490677,0.042245692051139525,"[4,1,4,4,2,2,4,0,4,2,0,2,0,1,1,1,2,1,4,4,1,1,4,4,1,4,2,2,2,1,4,2,4,1,4,2,1,2,1,1,1,1,2,2,1,4,4,4,2,0,2,3,2,2,2,1,1,1,2,2,1,4,4,1,2,1,2,2,4,4,1,1,4,2,4,4,1,2,2,4,2,1,2,1,1,4,4,4,2,4,1,2,4,1,2,2,0,1,2,1,2,0,2,2,1,0,1,1,2,4,2,0,2,2,1,1,1,2,1,4,1,2,2,2,1,1,1,3,1,1,4,1,1,2,1,1,1,1,1,4,2,1,3,4,4,4,1,2,1,2,2,1,1,4,4,4,2,4,2,1,4,3,1,2,1,4,2,2,1,1,2,1,4,2,2,4,1,0,0,1,1,4,1,4,0,2,2,2,1,2,4,4,1,2,2,2,4,4,2,1,1,2,1,1,0,1,2,3,2,4,2,1,1,4,1,2,2,2,1,4,1,1,4,1,4,2,4,2,1,1,4,2,2,2,2,2,1,2,2,2,2,1,4,2,4,1,1,1,2,0,0,1,2,4,4,1,2,1,1,4,2,2,4,4,2,1,1,1,2,2,2,4,1,2,3,4,1,1,4,2,2,1,2,1,2,4,1,2,1,3,1,2,1,1,1,1,4,2,1,4,2,1,1,4,2,2,2,2,2,2,0,4,2,1,1,2,2,4,1,1,1,1,0,1,2,4,2,4,2,1,1,0,1,1,2,2,2,4,2,2,2,1,1,1,1,1,1,2,2,2,1,1,2,1,2,1,2,2,1,2,1,1,4,1,2,2,2,1,2,1,1,2,4,2,2,2,1,2,2,4,1,2,4,1,2,4,2,1,2,1,4,1,0,1,2,4,2,2,2,1,1,1,2,1,2,2,1,3,1,2,2,2,1,2,4,0,1,4,2,4,2,0,2,4,1,4,1,1,1,1,2,2,0,0,4,1,4,1,1,2,1,2,0,1,3,2,2,4,2,1,3,1,3,2,2,0,2,1,1,1,2,1,2,2,4,1,2,1,1,1,1,1,2,4,2,3,1,4,2,4,4,1,1,1,2,1,0,0,4,4,2,2,4,4,4,2,2,0,2,3,1,1,1,2,1,1,2,2,2,2,1,2,1,1,1,1,2,4,1,2,4,1,1,2,2,4,1,2,1,2,2,4,2,4,2,1,2,1,2,1,4,2,0,2,1,0,1,0,4,4,1,0,2,4,2,4,0,4,2,4,1,1,2,2,2,1,4,1,1,2,2,1,3,4,2,0,1,2,2,4,1,0,1,3,2,1,1,1,2,2,1,4,2,1,1,4,1,1,1,2,4,1,1,4,1,1,1,1,2,4,4,1,1,0,1,2,4,3,2,2,2,1,2,1,4,4,1,2,2,3,1,2,1,2,1,2,2,1,4,0,1,2,1,2,2,1,4,1,1,1,2,4,2,2,2,2,2,4,1,1,0,2,4,1,2,2,1,1,4,4,3,1,2,4,1,0,0,0,2,0,4,1,0,1,4,1,1,2,1,1,1,1,1,1,1,4,0,4,1,1,2,2,1,3,4,4,1,1,1,0,1,2,2,1,2,1,3,4,2,0,1,4,4,1,1,3,1,1,1,0,1,2,1,0,0,2,1,1,1,3,4,1,2,1,1,4,3,2,3,3,0,2,0,3,2,1,3,4,2,0,1,3,2,3,1,2,2,2,0,2,2,2,1,4,2,1,1,1,1,3,1,1,2,1,1,4,2,2,0,2,2,3,1,2,2,1,1,1,4,1,2,0,4,2,1,4,2,1,1,2,2,4,0,2,4,3,2,1,0,1,1,4,1,1,1,1,1,0,1,3,2,1,4,1,3,2,1,4,2,4,2,0,1,1,1,0,1,2,1,1,1,3,1,2,2,1,0,2,0,1,2,4,1,1,1,3,2,2,2,4,1,2,2,2,1,2,2,0,4,2,2,3,1,2,2,3,1,0,1,2,0,2,1,0,1,2,3,2,1,3,0,2,3,1,2,0,2,2,1,1,0,1,2,1,1,1,2,0,2,2,1,4,0,1,1,3,4,0,2,1,1,2,1,0,4,0,1,2,0,1,2,1,1,4,2,1,2,1,2,1,2,2,0,0,0,1,2,1,1,2,1,1,2,2,2,1,0,0,1,2,0,1,1,2,2,3,3,3,2,3,0,3,4,1,1,2,2,2,0,3,2,4,2,2,1,0,2,1,0,1,0,3,2,0,2,0,0,1,1,1,1,2,1,2,0,3,4,0,3,3,4,2,1,1,1,1,2,4,2,2,3,3,2,2,1,4,1,2,2,2,3,2,3,3,2,0,0,1,2,0,3,3,0,0,2,1,3,2,3,2,4,2,3,2,2,2,0,2,1,4,4,1,0,3,2,1,1,3,3,2,0,4,2,4,0,2,0,2,3,1,2,0,2,3,3,1,0,3,3,2,3,3,1,4,1,1,2,1,1,2,2,3,2,1,0,1,0,2,2,1,4,1,1,2,1,1,0,4,1,3,0,4,1,2,1,1,3,2,1,2,1,0,2,1,3,0,0,0,4,2,2,2,2,3,3,3,2,3,0,2,2,3,1,2,2,2,2,1,4,2,1,1,0,3,3,1,2,3,0,4,2,2,2,0,2,1,1,3,1,4,1,2,4,1,1,4,3,0,2,0,1,3,3,4,2,1,1,1,2,1,1,3,4,0,2,1,3,3,1,2,4,1,0,0,1,1,2,1,0,3,2,4,2,3,1,2,3,2,0,0,4,3,2,3,1,0,0,3,3,3,1,2,2,2,2,3,2,4,3,1,3,3,2,1,1,0,3,2,1,1,2,0,0,0,3,1,3,2,2,1,1,0,0,1,2,1,2,1,2,3,1,2,3,4,2,1,2,2,1,2,1,1,4,1,4,3,1,1,4,2,2,1,2,2,1,0,2,1,0,1,1,4,1,1,2,4,1,1,1,2,2,2,2,0,2,0,0,4,3,2,2,2,1,4,2,1,1,1,4,4,0,2,0,1,4,1,1,2,1,2,3,1,0,4,3,4,1,1,1,4,4,2,2,1,1,0,3,3,0,0,1,4,1,2,3,0,0,2,1,4,2,1,1,3,1,2,3,3,2,1,4,0,2,2,4,2,2,0,1,2,4,2,4,3,0,2,0,2,2,2,4,4,2,2,1,2,1,1,0,2,1,1,2,2,3,4,4,1,1,1,1,2,1,4,4,2,4,2,2,1,2,2,1,1,2,1,2,0,1,3,2,0,4,2,2,2,1,4,2,4,2,4,2,2,0,3,2,2,0,1,0,1,3,0,4,0,2,1,1,1,1,0,1,3,0,3,2,2,2,0,3,3,0,4,1,1,0,1,2,4,4,4,4,3,2,1,1,0,2,2,1,1,4,2,2,1,1,1,2,3,3,2,4,2,1,3,3,1,1,0,1,1,3,3,1,2,1,3,2,4,2,1,0,0,2,2,1,1,0,1,3,4,1,1,3,2,1,3,1,0,0,2,4,1,2,2,2,0,0,1,2,1,2,3,2,0,0,2,4,4,1,2,3,0,4,1,2,1,3,3,4,4,0,2,0,4,0,2,3,0,2,0,1,1,4,0,2,0,0,0,1,1,4,1,1,1,1,4,0,1,2,1,2,0,1,0,2,1,1,3,2,2,3,4,2,1,4,2,1,2,1,0,2,2,1,2,1,3,2,2,0,1,3,2,1,4,0,1,1,1,4,3,2,2,3,2,4,1,2,2,1,1,1,0,1,1,1,4,2,1,3,2,2,2,1,1,0,2,2,2,0,4,4,3,0,0,1,3,1,3,2,2,1,0,1,4,2,1,1,2,3,2,2,2,1,2,3,2,2,3,1,2,1,1,2,3,0,1,1,1,1,4,0,1,1,1,1,3,0,0,1,2,4,1,1,2,2,1,2,2,2,1,0,2,0,1,2,2,1,1,2,2,2,2,0,2,2,1,3,0,2,3,0,0,0,1,1,0,3,1,2,1,3,0,0,3,3,0,2]",ok,
121,kmeans,3,0.65,0.4219155830663344,1,fused_4_high,huang,"[208, 602, 572, 164, 253]",0.19069913071490677,0.042245692051139525,"[4,1,4,4,2,2,4,0,4,2,0,2,0,1,1,1,2,1,4,4,1,1,4,4,1,4,2,2,2,1,4,2,4,1,4,2,1,2,1,1,1,1,2,2,1,4,4,4,2,0,2,3,2,2,2,1,1,1,2,2,1,4,4,1,2,1,2,2,4,4,1,1,4,2,4,4,1,2,2,4,2,1,2,1,1,4,4,4,2,4,1,2,4,1,2,2,0,1,2,1,2,0,2,2,1,0,1,1,2,4,2,0,2,2,1,1,1,2,1,4,1,2,2,2,1,1,1,3,1,1,4,1,1,2,1,1,1,1,1,4,2,1,3,4,4,4,1,2,1,2,2,1,1,4,4,4,2,4,2,1,4,3,1,2,1,4,2,2,1,1,2,1,4,2,2,4,1,0,0,1,1,4,1,4,0,2,2,2,1,2,4,4,1,2,2,2,4,4,2,1,1,2,1,1,0,1,2,3,2,4,2,1,1,4,1,2,2,2,1,4,1,1,4,1,4,2,4,2,1,1,4,2,2,2,2,2,1,2,2,2,2,1,4,2,4,1,1,1,2,0,0,1,2,4,4,1,2,1,1,4,2,2,4,4,2,1,1,1,2,2,2,4,1,2,3,4,1,1,4,2,2,1,2,1,2,4,1,2,1,3,1,2,1,1,1,1,4,2,1,4,2,1,1,4,2,2,2,2,2,2,0,4,2,1,1,2,2,4,1,1,1,1,0,1,2,4,2,4,2,1,1,0,1,1,2,2,2,4,2,2,2,1,1,1,1,1,1,2,2,2,1,1,2,1,2,1,2,2,1,2,1,1,4,1,2,2,2,1,2,1,1,2,4,2,2,2,1,2,2,4,1,2,4,1,2,4,2,1,2,1,4,1,0,1,2,4,2,2,2,1,1,1,2,1,2,2,1,3,1,2,2,2,1,2,4,0,1,4,2,4,2,0,2,4,1,4,1,1,1,1,2,2,0,0,4,1,4,1,1,2,1,2,0,1,3,2,2,4,2,1,3,1,3,2,2,0,2,1,1,1,2,1,2,2,4,1,2,1,1,1,1,1,2,4,2,3,1,4,2,4,4,1,1,1,2,1,0,0,4,4,2,2,4,4,4,2,2,0,2,3,1,1,1,2,1,1,2,2,2,2,1,2,1,1,1,1,2,4,1,2,4,1,1,2,2,4,1,2,1,2,2,4,2,4,2,1,2,1,2,1,4,2,0,2,1,0,1,0,4,4,1,0,2,4,2,4,0,4,2,4,1,1,2,2,2,1,4,1,1,2,2,1,3,4,2,0,1,2,2,4,1,0,1,3,2,1,1,1,2,2,1,4,2,1,1,4,1,1,1,2,4,1,1,4,1,1,1,1,2,4,4,1,1,0,1,2,4,3,2,2,2,1,2,1,4,4,1,2,2,3,1,2,1,2,1,2,2,1,4,0,1,2,1,2,2,1,4,1,1,1,2,4,2,2,2,2,2,4,1,1,0,2,4,1,2,2,1,1,4,4,3,1,2,4,1,0,0,0,2,0,4,1,0,1,4,1,1,2,1,1,1,1,1,1,1,4,0,4,1,1,2,2,1,3,4,4,1,1,1,0,1,2,2,1,2,1,3,4,2,0,1,4,4,1,1,3,1,1,1,0,1,2,1,0,0,2,1,1,1,3,4,1,2,1,1,4,3,2,3,3,0,2,0,3,2,1,3,4,2,0,1,3,2,3,1,2,2,2,0,2,2,2,1,4,2,1,1,1,1,3,1,1,2,1,1,4,2,2,0,2,2,3,1,2,2,1,1,1,4,1,2,0,4,2,1,4,2,1,1,2,2,4,0,2,4,3,2,1,0,1,1,4,1,1,1,1,1,0,1,3,2,1,4,1,3,2,1,4,2,4,2,0,1,1,1,0,1,2,1,1,1,3,1,2,2,1,0,2,0,1,2,4,1,1,1,3,2,2,2,4,1,2,2,2,1,2,2,0,4,2,2,3,1,2,2,3,1,0,1,2,0,2,1,0,1,2,3,2,1,3,0,2,3,1,2,0,2,2,1,1,0,1,2,1,1,1,2,0,2,2,1,4,0,1,1,3,4,0,2,1,1,2,1,0,4,0,1,2,0,1,2,1,1,4,2,1,2,1,2,1,2,2,0,0,0,1,2,1,1,2,1,1,2,2,2,1,0,0,1,2,0,1,1,2,2,3,3,3,2,3,0,3,4,1,1,2,2,2,0,3,2,4,2,2,1,0,2,1,0,1,0,3,2,0,2,0,0,1,1,1,1,2,1,2,0,3,4,0,3,3,4,2,1,1,1,1,2,4,2,2,3,3,2,2,1,4,1,2,2,2,3,2,3,3,2,0,0,1,2,0,3,3,0,0,2,1,3,2,3,2,4,2,3,2,2,2,0,2,1,4,4,1,0,3,2,1,1,3,3,2,0,4,2,4,0,2,0,2,3,1,2,0,2,3,3,1,0,3,3,2,3,3,1,4,1,1,2,1,1,2,2,3,2,1,0,1,0,2,2,1,4,1,1,2,1,1,0,4,1,3,0,4,1,2,1,1,3,2,1,2,1,0,2,1,3,0,0,0,4,2,2,2,2,3,3,3,2,3,0,2,2,3,1,2,2,2,2,1,4,2,1,1,0,3,3,1,2,3,0,4,2,2,2,0,2,1,1,3,1,4,1,2,4,1,1,4,3,0,2,0,1,3,3,4,2,1,1,1,2,1,1,3,4,0,2,1,3,3,1,2,4,1,0,0,1,1,2,1,0,3,2,4,2,3,1,2,3,2,0,0,4,3,2,3,1,0,0,3,3,3,1,2,2,2,2,3,2,4,3,1,3,3,2,1,1,0,3,2,1,1,2,0,0,0,3,1,3,2,2,1,1,0,0,1,2,1,2,1,2,3,1,2,3,4,2,1,2,2,1,2,1,1,4,1,4,3,1,1,4,2,2,1,2,2,1,0,2,1,0,1,1,4,1,1,2,4,1,1,1,2,2,2,2,0,2,0,0,4,3,2,2,2,1,4,2,1,1,1,4,4,0,2,0,1,4,1,1,2,1,2,3,1,0,4,3,4,1,1,1,4,4,2,2,1,1,0,3,3,0,0,1,4,1,2,3,0,0,2,1,4,2,1,1,3,1,2,3,3,2,1,4,0,2,2,4,2,2,0,1,2,4,2,4,3,0,2,0,2,2,2,4,4,2,2,1,2,1,1,0,2,1,1,2,2,3,4,4,1,1,1,1,2,1,4,4,2,4,2,2,1,2,2,1,1,2,1,2,0,1,3,2,0,4,2,2,2,1,4,2,4,2,4,2,2,0,3,2,2,0,1,0,1,3,0,4,0,2,1,1,1,1,0,1,3,0,3,2,2,2,0,3,3,0,4,1,1,0,1,2,4,4,4,4,3,2,1,1,0,2,2,1,1,4,2,2,1,1,1,2,3,3,2,4,2,1,3,3,1,1,0,1,1,3,3,1,2,1,3,2,4,2,1,0,0,2,2,1,1,0,1,3,4,1,1,3,2,1,3,1,0,0,2,4,1,2,2,2,0,0,1,2,1,2,3,2,0,0,2,4,4,1,2,3,0,4,1,2,1,3,3,4,4,0,2,0,4,0,2,3,0,2,0,1,1,4,0,2,0,0,0,1,1,4,1,1,1,1,4,0,1,2,1,2,0,1,0,2,1,1,3,2,2,3,4,2,1,4,2,1,2,1,0,2,2,1,2,1,3,2,2,0,1,3,2,1,4,0,1,1,1,4,3,2,2,3,2,4,1,2,2,1,1,1,0,1,1,1,4,2,1,3,2,2,2,1,1,0,2,2,2,0,4,4,3,0,0,1,3,1,3,2,2,1,0,1,4,2,1,1,2,3,2,2,2,1,2,3,2,2,3,1,2,1,1,2,3,0,1,1,1,1,4,0,1,1,1,1,3,0,0,1,2,4,1,1,2,2,1,2,2,2,1,0,2,0,1,2,2,1,1,2,2,2,2,0,2,2,1,3,0,2,3,0,0,0,1,1,0,3,1,2,1,3,0,0,3,3,0,2]",ok,
122,kmeans,3,0.6,0.4687651458539407,1,fused_2_medium+fused_4_high,huang,"[165, 296, 555, 219, 564]",0.1920291868809193,0.03724291272929405,"[1,2,1,1,4,4,1,3,1,4,3,4,3,2,2,2,4,2,1,1,2,2,1,1,2,1,4,4,4,2,1,4,1,2,1,4,2,4,2,2,2,2,4,4,2,1,1,1,4,3,4,0,4,4,4,2,2,2,4,4,2,1,1,2,4,2,4,4,1,1,2,2,1,4,1,1,2,4,4,1,4,2,4,2,1,1,1,1,4,1,2,3,1,2,4,4,3,2,4,2,4,3,4,4,1,3,2,2,4,1,4,3,4,4,2,2,4,4,2,1,2,4,4,4,2,2,2,0,2,2,1,2,1,4,2,2,2,2,2,1,4,2,0,1,1,1,2,4,2,4,4,2,2,1,1,1,4,1,4,2,1,0,2,4,2,1,4,4,2,1,4,2,1,4,4,1,2,3,3,2,2,1,2,1,3,4,4,4,2,4,1,1,2,4,4,4,1,1,4,2,2,4,2,2,3,2,4,0,4,1,4,2,1,1,2,4,4,4,2,1,2,2,1,2,1,4,1,4,2,2,1,4,4,4,4,4,2,4,4,4,4,2,1,4,1,2,2,1,4,3,3,2,4,1,1,2,4,2,2,1,4,4,1,1,4,2,2,2,4,4,4,1,1,4,0,1,2,2,1,4,4,2,4,1,4,1,2,4,2,0,2,4,2,2,2,1,1,4,2,1,4,1,2,1,4,4,4,4,4,4,3,1,4,2,2,4,4,1,2,2,2,2,3,2,4,1,4,2,4,2,2,0,2,2,4,3,4,1,4,4,4,2,2,2,2,2,2,4,4,4,2,2,4,2,4,2,4,4,2,4,1,2,1,2,4,4,4,2,4,2,2,4,1,4,4,4,2,4,4,1,2,4,1,2,4,1,4,2,4,2,1,2,3,2,4,1,4,4,4,1,2,2,4,2,4,4,2,0,2,4,4,4,2,4,1,3,2,1,4,1,4,3,4,1,2,1,2,2,2,1,4,4,3,3,1,2,1,2,2,4,2,4,3,2,0,4,4,1,4,2,0,2,0,4,4,3,4,2,2,2,4,2,4,4,1,2,4,2,2,2,2,2,4,1,4,0,2,1,4,1,1,2,2,2,4,2,3,3,1,1,4,4,1,1,1,4,4,3,4,0,2,2,2,4,2,2,4,4,4,4,2,4,2,2,2,2,4,1,2,4,1,2,2,4,4,1,2,4,1,4,4,1,4,1,4,2,4,2,4,2,1,4,3,4,2,3,2,3,1,1,2,3,4,1,4,1,3,1,4,1,2,2,4,4,4,2,1,2,2,4,4,1,0,1,4,3,2,4,4,1,2,3,2,0,4,2,2,2,4,4,2,1,4,2,2,1,1,1,2,4,1,2,1,1,2,2,2,2,4,1,1,2,2,3,2,4,1,0,4,4,4,2,4,2,1,1,2,4,4,0,2,4,2,4,2,4,4,2,1,3,2,4,2,4,4,2,1,2,1,2,4,1,4,4,4,4,4,1,2,2,3,4,1,2,4,4,2,2,1,1,0,2,4,1,2,3,3,3,4,3,1,1,3,2,1,2,2,4,1,2,1,2,2,2,2,1,3,1,2,2,4,4,2,0,1,1,2,1,2,3,2,4,4,2,4,2,0,1,3,3,2,1,1,1,2,0,2,2,2,3,2,4,2,3,3,4,2,2,2,0,1,2,4,2,2,1,0,4,0,0,3,4,3,0,4,2,0,1,4,3,2,0,4,0,2,4,4,4,3,4,4,4,2,1,4,2,2,2,1,0,2,2,4,2,2,1,4,4,3,4,4,0,2,4,4,2,2,2,1,2,4,3,1,4,2,1,4,2,4,4,4,1,3,4,1,0,4,2,3,2,2,1,2,2,2,2,1,3,2,0,4,1,1,2,0,4,2,1,4,1,4,3,2,2,2,3,2,4,2,2,2,0,2,4,4,2,3,4,3,2,4,1,2,2,2,0,4,4,4,1,2,4,4,4,2,4,4,3,1,4,4,0,2,4,4,0,2,3,2,4,3,4,2,3,2,4,0,4,2,0,3,4,0,2,4,3,4,4,2,2,3,2,4,2,2,2,4,3,4,4,2,1,3,2,2,0,1,3,4,2,2,4,2,3,1,3,2,4,3,2,4,2,2,1,4,2,4,2,4,2,4,4,3,3,3,2,4,2,2,4,2,2,4,4,4,2,3,3,2,4,3,2,2,4,4,0,0,0,4,0,3,0,1,2,2,4,4,4,3,0,4,1,4,4,2,3,4,2,3,2,3,0,4,3,4,3,3,2,1,2,2,4,2,4,3,0,1,3,0,0,1,4,2,2,2,2,4,1,4,4,0,0,4,4,2,1,2,4,4,4,0,4,0,0,4,3,3,2,4,3,0,0,3,3,4,2,0,4,0,4,1,4,0,4,4,3,3,4,2,1,1,1,3,0,4,2,2,0,0,4,3,1,4,1,3,4,3,4,0,2,4,3,4,0,0,2,3,0,0,4,0,0,2,1,2,2,4,2,2,4,4,0,4,2,3,2,3,4,4,2,1,2,2,4,2,2,3,1,2,0,3,1,2,4,2,2,0,4,2,4,2,3,4,2,0,3,3,3,1,4,4,4,4,0,0,0,4,0,3,4,4,0,2,4,4,3,4,2,1,4,2,2,3,0,0,2,4,0,3,1,4,4,4,3,4,2,2,0,2,1,2,4,1,2,2,1,0,3,4,3,1,0,0,1,4,2,2,2,4,2,2,0,1,3,4,2,0,0,2,4,1,2,3,3,2,2,4,2,3,0,4,1,4,0,2,4,0,4,3,3,1,0,4,0,2,3,3,0,0,0,2,4,4,4,4,0,4,1,0,2,0,0,4,2,1,3,0,4,2,2,4,3,3,3,0,2,0,4,4,2,2,3,3,2,4,2,4,2,4,0,2,4,0,1,4,2,4,4,1,3,2,2,1,2,1,0,2,2,1,4,4,2,4,4,2,3,4,2,3,2,2,1,2,2,4,1,2,2,2,4,4,4,4,3,4,3,3,1,0,3,4,4,2,1,4,2,2,2,1,1,3,4,3,2,1,2,2,4,2,4,0,2,3,1,0,1,2,2,2,1,1,4,4,2,2,3,0,0,3,3,2,1,2,4,0,3,3,4,2,1,4,2,2,0,2,4,0,0,4,2,1,3,4,4,1,3,4,3,2,4,1,4,1,0,3,4,3,4,4,4,1,1,4,4,1,4,1,1,3,4,2,2,4,4,0,1,1,2,1,2,2,4,2,1,1,4,1,4,4,2,4,4,2,4,3,2,4,3,2,0,4,3,1,4,4,4,2,1,4,1,4,1,4,4,3,0,4,4,3,2,3,2,0,3,1,3,4,2,1,2,2,3,2,0,3,0,4,4,4,3,0,0,3,1,2,2,3,2,4,1,1,1,1,0,4,1,2,3,4,4,2,2,1,4,4,2,2,2,4,0,0,4,1,4,2,0,0,2,2,3,2,4,0,0,2,4,2,0,4,1,4,2,3,3,4,4,2,2,3,2,0,1,2,2,0,4,2,0,2,3,3,4,1,2,4,4,4,3,3,2,4,2,4,0,4,3,3,4,1,1,2,4,0,3,1,2,4,2,0,0,1,1,3,4,3,1,3,4,0,3,4,3,2,2,1,3,4,3,3,3,1,2,1,2,2,2,1,1,3,1,4,2,4,3,2,3,4,2,2,0,4,3,0,1,4,2,1,4,2,4,2,3,4,4,2,4,2,0,4,4,3,2,0,4,2,1,3,2,2,2,1,0,4,4,0,4,1,2,4,4,2,2,2,3,2,2,2,1,4,2,0,4,4,4,2,2,3,4,4,4,3,1,1,0,3,3,2,0,2,0,4,4,2,3,2,1,4,2,1,4,0,4,4,4,2,4,0,4,4,0,2,4,1,2,4,0,3,2,2,2,1,1,3,2,2,2,2,0,3,3,2,4,1,2,2,4,4,2,4,4,3,2,3,4,3,2,4,4,2,2,4,4,4,4,3,3,4,2,0,3,4,0,3,3,3,2,2,3,0,2,4,2,0,3,3,0,0,3,4]",ok,
123,kmeans,3,0.55,0.4040830479172501,2,"fused_2_medium+fused_4_high, fused_4_high+fused_5_low",huang,"[592, 261, 165, 225, 556]",0.20736771818519528,0.04502501389660923,"[1,0,1,1,4,4,1,3,1,4,3,3,3,0,0,0,4,0,1,1,0,0,1,1,0,1,4,4,4,0,1,4,1,0,1,4,0,4,0,0,0,0,4,4,0,1,1,1,4,3,4,2,4,4,4,0,0,0,4,4,0,1,1,0,4,0,4,4,1,1,0,0,1,4,1,1,0,4,4,1,4,0,4,0,0,1,1,1,4,1,0,3,1,0,4,4,3,0,4,0,4,3,4,4,0,3,0,0,4,1,4,3,4,4,0,0,4,4,0,1,0,4,4,4,0,0,0,2,0,0,1,0,0,4,0,0,0,0,0,1,4,0,2,1,1,1,0,4,0,4,4,0,0,1,1,1,3,1,4,0,1,2,0,4,0,1,4,4,0,0,4,0,1,4,4,1,0,3,3,0,0,1,0,1,3,4,4,3,0,4,1,1,0,4,4,4,1,1,4,0,0,4,0,0,3,0,4,2,4,1,4,0,1,1,0,4,4,4,0,1,0,0,1,0,1,4,1,4,0,0,1,4,4,4,4,4,0,4,4,4,4,0,1,4,1,0,0,1,4,3,3,0,4,1,1,0,4,0,0,1,4,4,1,1,4,0,0,0,4,4,4,1,0,4,2,1,0,0,1,4,4,0,4,1,4,1,0,4,0,2,0,4,0,0,0,0,1,4,0,1,4,0,0,1,4,4,4,4,4,4,3,1,4,0,0,4,4,1,0,0,0,0,3,0,4,1,4,1,4,0,0,2,0,0,4,4,4,1,4,4,4,0,0,0,0,0,0,4,4,4,0,0,4,0,4,0,4,4,0,4,0,0,1,0,4,4,4,0,4,0,0,4,1,4,4,3,0,4,4,1,0,4,1,0,4,1,4,0,4,0,1,0,3,0,4,1,4,4,4,1,0,0,4,0,4,4,0,2,0,4,4,4,0,4,1,3,0,1,4,1,4,3,4,1,0,1,0,0,0,0,4,4,3,3,1,0,1,0,0,4,0,4,3,0,2,4,4,1,4,0,2,0,2,4,4,3,4,0,0,0,4,0,4,4,1,0,4,0,0,0,0,0,4,1,4,2,0,1,4,1,1,0,0,0,4,0,3,3,1,1,4,4,1,1,1,4,4,3,4,2,0,0,0,4,0,0,4,4,4,4,0,4,0,0,0,0,4,1,0,4,1,0,0,4,4,1,0,4,0,4,4,1,4,1,4,0,4,0,4,0,1,4,3,4,0,3,0,3,1,1,0,3,4,1,4,1,3,1,4,1,0,0,4,4,4,0,1,0,0,4,4,0,2,1,4,3,0,4,4,1,0,3,0,2,4,0,0,0,4,4,0,1,4,0,0,1,0,0,0,4,1,0,0,1,0,0,0,0,4,1,1,0,0,3,0,4,1,2,4,4,4,0,4,0,1,1,0,4,4,2,0,4,0,4,0,4,4,0,1,3,0,4,0,4,4,0,1,0,0,0,4,1,4,4,4,4,4,1,0,0,3,4,1,0,4,4,0,0,1,1,2,0,4,1,0,3,3,3,4,3,1,0,3,0,1,0,0,4,0,0,0,0,0,0,0,1,3,1,0,0,4,4,0,2,1,1,0,0,0,3,0,4,4,0,4,0,2,1,3,3,0,1,1,0,0,2,0,0,0,3,0,4,0,3,3,4,0,0,0,2,1,0,4,0,0,1,2,4,2,2,3,4,3,2,4,0,2,1,4,3,0,2,4,2,0,4,4,4,3,4,4,4,0,1,4,0,0,0,0,2,0,0,4,0,0,1,4,4,3,4,4,2,0,4,4,0,0,0,1,0,4,3,1,4,0,1,4,0,0,4,4,1,3,4,1,2,4,0,3,0,0,1,0,0,0,0,1,3,0,2,4,0,1,0,2,4,0,1,4,1,4,3,0,0,0,3,0,4,0,0,0,2,0,4,4,0,3,4,3,0,4,1,0,0,0,2,4,4,4,1,0,4,4,4,0,4,4,3,1,4,4,2,0,4,4,2,0,3,0,4,3,4,0,3,0,4,2,4,0,2,3,4,2,0,4,3,4,4,0,0,3,0,4,0,0,0,4,3,4,4,0,1,3,0,0,2,1,3,4,0,0,4,0,3,1,3,0,4,3,0,4,0,0,1,4,0,4,0,4,0,4,4,3,3,3,0,4,0,0,4,0,0,4,4,4,0,3,3,0,3,3,0,0,4,4,2,2,2,4,2,3,2,1,0,0,4,4,4,3,2,4,1,4,4,0,3,4,0,3,0,3,2,4,3,4,3,3,0,0,0,0,4,0,4,3,2,1,3,2,2,1,4,0,0,0,0,4,1,4,4,2,2,4,4,0,1,0,4,4,4,2,4,2,2,4,3,3,0,4,3,2,2,3,3,4,0,2,4,2,4,1,4,2,4,4,3,3,4,0,1,1,0,3,2,4,0,0,2,2,4,3,1,4,1,3,4,3,4,2,0,4,3,4,2,2,0,3,2,2,4,2,2,0,1,0,0,4,0,0,4,4,2,4,0,3,0,3,4,4,0,1,0,0,4,0,0,3,1,0,2,3,1,0,4,0,0,2,4,0,4,0,3,4,0,2,3,3,3,1,4,4,4,4,2,2,2,4,2,3,4,4,2,0,4,4,3,4,0,1,4,0,0,3,2,2,0,4,2,3,1,4,4,4,3,4,0,0,2,0,1,0,4,1,0,0,1,2,3,4,3,0,2,2,1,4,0,0,0,4,0,0,2,1,3,4,0,2,2,0,4,1,0,3,3,0,0,4,0,3,2,4,1,4,2,0,4,2,4,3,3,1,2,4,2,0,3,3,2,2,2,0,4,4,4,4,2,4,1,2,0,2,2,4,0,0,3,2,4,0,0,4,3,3,3,2,0,2,4,4,0,0,3,3,0,4,0,4,0,4,2,0,4,2,1,4,0,4,4,0,3,0,0,1,0,1,2,0,0,1,4,4,0,4,4,0,3,4,3,3,0,0,1,0,0,4,1,0,0,0,4,4,4,4,3,4,3,3,1,2,3,4,4,0,1,4,0,0,0,1,1,3,4,3,0,1,0,0,4,0,4,2,0,3,1,2,1,0,0,0,1,1,4,4,0,0,3,2,2,3,3,0,1,0,4,2,3,3,4,0,1,4,0,0,2,0,4,2,2,4,0,1,3,4,4,1,3,4,3,0,4,1,4,1,2,3,4,3,4,4,4,1,1,4,4,0,4,0,1,3,4,0,0,4,4,2,1,1,0,0,0,0,4,0,1,1,3,1,4,4,0,4,4,0,0,3,0,4,3,0,2,4,3,1,4,4,4,0,1,4,1,4,1,4,4,3,2,4,4,3,0,3,0,2,3,1,3,4,0,0,0,0,3,0,2,3,2,4,4,4,3,2,2,3,1,0,0,3,0,4,1,1,1,1,2,4,0,0,3,4,4,0,0,1,4,4,0,0,0,4,2,2,4,1,4,0,2,2,0,0,3,0,0,2,2,0,4,0,2,4,1,4,0,3,3,4,4,0,0,3,0,2,1,0,0,2,4,0,2,0,3,3,4,1,0,4,4,4,3,3,0,4,0,4,2,4,3,3,4,1,1,0,4,2,3,1,0,4,0,2,2,1,1,3,4,3,1,3,4,2,3,4,3,0,0,1,3,4,3,3,3,0,0,1,0,0,0,0,1,3,1,4,0,4,3,0,3,4,0,0,2,4,3,2,1,4,0,1,4,0,4,0,3,4,4,0,4,0,2,4,4,3,0,2,4,0,1,3,0,0,0,1,2,4,4,2,4,1,0,4,4,0,0,0,3,0,0,0,1,4,0,2,4,4,4,0,0,3,4,4,4,3,1,1,2,3,3,0,2,0,2,4,4,0,3,0,1,4,0,0,4,2,4,4,4,0,4,2,4,4,2,0,4,1,0,4,2,3,0,0,0,0,1,3,0,0,0,0,2,3,3,0,4,1,0,0,4,4,0,4,4,3,0,3,4,3,0,4,4,0,0,4,4,4,4,3,3,4,0,2,3,4,2,3,3,3,0,0,3,2,0,4,0,2,3,3,2,2,3,4]",ok,
124,kmeans,3,0.5,0.42778707715088116,1,fused_2_medium+fused_4_high+fused_5_low,huang,"[335, 166, 520, 252, 526]",0.24155547529847,0.08782657031684268,"[0,2,0,0,4,4,0,3,0,4,3,4,3,2,2,2,4,2,0,0,2,2,0,0,2,0,4,4,4,2,0,4,0,2,0,4,2,4,2,2,2,2,4,4,2,0,0,0,4,3,4,1,4,4,4,2,2,2,4,4,2,0,0,2,4,2,4,4,0,0,2,2,0,4,0,0,2,3,4,0,4,2,4,2,0,0,0,0,4,0,2,3,0,2,4,4,3,2,4,2,4,3,3,4,0,3,2,2,4,0,4,3,4,4,2,2,4,4,2,0,2,4,4,4,2,0,2,1,2,2,0,2,0,4,2,2,2,2,2,0,4,2,1,0,0,0,2,4,2,4,4,2,2,0,0,0,3,0,4,0,0,1,2,4,0,0,4,4,2,0,3,2,0,4,4,0,2,3,3,2,2,0,2,0,3,4,4,3,2,4,0,0,0,4,4,4,0,0,4,2,2,3,2,2,3,2,4,1,4,0,4,0,0,0,2,4,4,4,2,0,2,2,0,0,0,4,0,3,2,0,0,4,4,4,4,4,2,4,4,4,4,2,0,4,0,2,2,0,4,3,3,2,4,0,0,2,4,2,2,0,4,4,0,0,4,2,2,2,4,4,4,0,0,4,1,0,2,2,0,4,4,2,4,0,4,0,2,4,2,1,2,4,2,2,2,0,0,4,2,0,4,0,2,0,4,4,4,4,4,4,3,0,4,2,2,4,4,0,2,2,2,0,3,2,4,0,4,0,4,2,2,1,2,2,4,3,4,0,4,3,4,2,2,2,2,2,2,4,4,4,2,2,4,2,4,2,4,4,2,4,0,2,0,2,4,4,4,2,4,2,2,4,0,4,4,4,2,4,4,0,2,4,0,2,4,0,4,2,4,2,0,2,3,2,4,0,4,4,4,0,2,2,4,2,4,4,2,1,2,4,4,4,2,4,0,3,2,0,4,0,4,3,4,0,2,0,2,2,2,0,4,4,3,3,0,2,0,2,2,4,2,4,3,2,1,4,4,0,4,2,1,2,1,4,4,3,4,2,2,2,4,2,4,3,0,2,4,2,2,2,2,2,4,0,4,1,2,0,4,0,0,2,2,2,4,2,3,3,0,0,4,4,0,0,0,4,4,3,4,1,2,2,2,4,2,2,4,4,4,4,2,4,2,2,2,0,4,0,2,4,0,2,2,4,4,0,2,4,0,4,4,0,4,0,4,0,4,2,4,2,0,4,3,0,2,3,2,3,0,0,2,3,4,0,4,0,3,0,4,0,2,2,4,4,4,2,0,2,2,4,4,0,1,0,4,3,2,4,4,0,2,3,2,1,3,2,0,0,4,4,2,0,4,2,2,0,0,0,2,4,0,2,0,0,2,2,2,2,4,0,0,2,2,3,2,4,0,1,4,4,4,2,4,2,0,0,0,4,4,1,2,4,0,4,2,4,3,2,0,3,2,4,2,4,4,2,0,0,0,2,4,0,4,4,4,4,4,0,2,2,3,4,0,0,4,4,2,2,0,0,1,2,4,0,2,3,3,3,4,3,0,0,3,2,0,2,2,4,0,2,0,2,2,2,2,0,3,0,2,2,4,4,2,1,0,0,2,0,2,3,0,4,4,2,4,2,1,0,3,3,2,0,0,0,2,1,2,2,2,3,2,4,2,3,3,4,2,2,2,1,0,2,4,2,0,0,1,4,1,1,3,4,3,1,4,2,1,0,4,3,2,1,4,1,2,4,4,4,3,4,4,3,2,0,3,2,2,2,0,1,2,2,4,2,2,0,4,4,3,4,4,1,2,4,4,0,2,2,0,2,4,3,0,4,2,0,4,0,4,4,4,0,3,4,0,1,4,2,3,2,2,0,2,2,2,2,0,3,2,1,4,0,0,2,1,4,2,0,4,0,4,3,2,2,2,3,2,4,2,2,2,1,2,4,4,2,3,4,3,2,4,0,2,2,2,1,4,4,4,0,2,4,4,4,2,4,4,3,0,4,4,1,2,4,4,1,2,3,2,4,3,4,2,3,2,4,1,4,2,1,3,4,1,2,4,3,4,4,0,2,3,2,4,2,2,2,4,3,4,4,2,0,3,0,2,1,0,3,4,2,2,4,2,3,0,3,2,3,3,2,4,2,2,0,4,2,4,2,4,2,4,4,3,3,3,2,4,0,2,3,2,2,4,4,4,2,3,3,2,4,3,2,2,4,4,1,1,1,4,1,3,1,0,2,2,3,4,4,3,1,4,0,3,4,2,3,4,2,3,2,3,1,4,3,4,3,3,2,0,2,2,4,2,4,3,1,0,3,1,1,0,4,2,2,2,2,4,0,4,4,1,1,4,4,2,0,2,4,4,4,1,4,1,1,3,3,3,2,4,3,1,1,3,3,4,0,1,4,1,4,0,4,1,3,3,3,3,4,2,0,0,0,3,1,4,2,2,1,1,4,3,0,4,0,3,4,3,4,1,2,4,3,4,1,1,2,3,1,1,4,1,1,2,0,2,2,4,2,2,0,4,1,4,2,3,0,3,4,4,2,0,2,2,4,2,2,3,0,2,1,3,0,2,4,2,2,1,3,2,4,2,3,4,2,1,3,3,3,0,4,4,4,4,1,1,1,3,1,3,4,3,1,2,4,4,3,4,2,0,4,0,2,3,1,1,2,3,1,3,0,2,4,4,3,4,2,2,1,2,0,2,4,0,2,2,0,1,3,4,3,0,1,1,0,4,2,2,2,4,2,2,1,0,3,3,2,1,1,2,4,0,2,3,3,2,2,3,2,3,1,4,0,4,1,2,4,1,4,3,3,0,1,4,1,2,3,3,1,1,1,2,4,4,4,4,1,4,0,1,2,1,1,4,2,0,3,1,4,2,2,4,3,3,3,1,2,1,4,4,2,2,3,3,2,4,2,4,2,4,1,2,4,1,0,4,0,4,4,0,3,2,2,0,2,0,1,2,2,0,4,4,2,4,4,2,3,4,2,3,2,2,0,2,2,4,0,2,2,0,4,4,4,4,3,4,3,3,0,1,3,4,4,2,0,4,2,2,2,0,0,3,4,3,2,0,2,2,4,2,4,1,2,3,0,1,0,2,2,2,0,0,4,4,2,2,3,1,1,3,3,2,0,2,4,1,3,3,4,2,0,4,2,2,1,2,4,1,1,4,2,0,3,4,4,0,3,4,3,2,4,0,4,0,1,3,4,3,4,3,4,0,0,3,4,0,4,0,0,3,4,2,2,4,4,1,0,0,2,0,2,0,3,2,0,0,4,0,4,4,2,4,4,0,4,3,2,4,3,2,1,4,3,0,4,4,4,2,0,3,0,4,0,4,4,3,1,4,4,3,2,3,2,1,3,0,3,4,2,0,2,2,3,2,1,3,1,4,4,4,3,1,1,3,0,2,2,3,2,4,0,0,0,0,1,4,0,2,3,4,4,0,2,0,4,4,2,2,2,4,1,1,4,0,4,2,1,1,2,2,3,2,4,1,1,2,4,2,1,4,0,0,2,3,3,4,4,2,2,3,2,1,0,2,2,1,4,2,1,2,1,3,4,0,0,4,4,4,3,3,2,4,2,4,1,4,3,3,4,0,0,2,4,1,3,0,2,3,2,1,1,0,0,3,4,3,0,3,4,1,3,4,3,2,0,0,3,4,3,3,3,0,2,0,2,2,2,0,0,3,0,3,2,4,3,2,3,3,2,2,1,4,3,1,0,4,2,0,4,2,4,2,3,4,4,2,4,2,1,4,4,3,2,1,4,2,0,3,2,2,2,0,1,4,4,1,4,0,2,4,4,2,2,2,3,2,2,2,0,4,2,1,4,4,4,2,2,3,4,4,4,3,0,0,1,3,3,2,1,2,1,4,4,2,3,2,0,4,2,0,4,1,4,4,4,2,4,1,4,4,1,2,4,0,2,4,1,3,2,2,2,0,0,3,2,2,2,2,1,3,3,0,4,0,2,0,4,4,2,4,4,3,2,3,4,3,2,4,4,2,2,4,4,4,4,3,3,3,2,1,3,4,1,3,3,3,2,2,3,1,2,4,2,1,3,3,1,1,3,4]",ok,
125,kmeans,3,0.45,0.47213385182600526,2,"fused_2_medium+fused_4_high+fused_5_low, fused_1_medium",huang,"[604, 179, 462, 321, 233]",0.2303285109780174,0.048360200111172875,"[3,0,3,3,0,0,3,4,3,0,4,4,1,2,0,0,0,2,3,3,0,2,3,3,0,3,0,0,2,2,3,0,3,2,3,2,2,0,2,0,2,0,0,0,0,3,3,3,0,4,2,1,0,0,0,2,2,2,0,0,0,3,3,2,2,2,0,2,3,3,0,2,3,0,3,3,2,4,0,3,0,2,0,0,3,3,3,3,0,3,0,4,3,0,0,0,4,2,2,0,0,4,4,0,3,4,2,2,0,3,0,4,0,0,0,2,2,0,2,3,2,0,2,0,2,3,2,1,0,2,3,2,3,0,2,2,0,2,0,3,0,2,1,3,3,3,0,0,2,0,0,0,0,3,3,3,4,3,0,3,3,1,2,0,3,3,0,2,0,3,2,2,3,2,0,3,0,4,1,0,0,3,2,3,4,0,0,4,2,0,3,3,3,2,0,2,3,3,0,2,2,4,2,2,4,2,0,1,0,3,2,3,3,3,0,0,2,0,0,3,2,0,3,3,3,0,3,2,0,3,3,0,0,2,2,0,2,0,0,0,0,0,3,0,3,2,2,3,0,1,4,0,0,3,3,2,2,2,2,3,2,2,3,3,0,2,2,2,0,0,0,3,3,2,1,3,2,0,3,2,2,0,2,3,0,3,2,2,2,1,2,2,0,2,2,3,3,0,2,3,0,3,2,3,0,0,2,0,2,0,4,3,2,2,2,0,0,3,2,2,2,0,4,2,2,3,0,3,0,2,2,4,2,0,0,4,2,3,0,4,0,0,0,2,2,2,2,0,0,0,0,0,2,2,0,0,0,2,0,2,3,2,3,2,2,0,0,2,0,0,2,2,3,0,0,4,2,0,2,3,2,0,3,2,0,3,0,0,0,2,3,2,4,0,0,3,2,2,0,0,0,2,0,0,0,2,2,1,0,0,2,2,0,0,3,4,2,3,0,3,0,4,0,3,2,3,2,2,2,3,0,0,4,4,3,0,3,0,2,0,2,0,4,0,1,0,0,3,2,0,1,0,1,0,0,4,0,0,0,2,0,2,0,4,3,2,4,0,2,2,0,0,0,3,0,1,0,3,2,3,3,2,2,0,0,2,4,4,3,3,0,0,3,3,3,0,0,4,2,1,0,2,0,2,2,0,0,0,0,0,0,0,0,0,2,0,0,3,2,2,3,2,0,2,0,3,2,0,3,2,0,3,2,3,0,3,0,2,0,2,3,0,4,0,2,4,0,4,3,3,0,4,0,3,0,3,4,3,0,3,2,2,0,0,0,2,3,2,2,0,2,3,1,3,2,4,2,2,0,3,0,4,2,1,4,0,3,3,0,0,2,3,2,0,2,3,3,3,2,0,3,2,3,3,2,2,2,2,0,3,3,2,0,4,0,2,3,1,2,0,2,2,0,2,3,3,3,0,0,1,2,0,3,0,2,2,4,2,3,4,0,2,0,2,0,2,3,3,3,0,0,3,0,0,0,0,0,3,2,0,4,0,3,3,0,0,2,2,3,3,1,0,0,3,2,4,4,4,2,4,3,3,4,2,3,2,0,2,3,2,3,2,0,2,0,3,4,3,2,0,2,0,2,1,3,3,2,3,0,4,3,0,0,0,0,2,1,3,4,2,0,3,3,3,0,1,2,0,2,1,2,0,0,4,4,2,0,0,0,1,3,2,0,0,0,3,1,0,1,1,4,2,4,1,0,0,1,3,0,4,0,1,0,1,0,0,2,0,4,2,2,2,2,3,2,0,2,0,3,1,0,2,0,2,2,3,0,0,4,0,2,1,0,0,0,3,0,0,3,2,0,4,3,0,2,3,0,3,2,0,0,3,4,0,3,1,0,0,4,2,2,3,2,0,2,2,3,4,2,1,0,3,3,2,1,0,2,3,2,3,2,4,0,0,2,4,2,0,2,2,0,1,2,2,0,2,4,0,4,0,0,3,2,2,2,1,0,2,0,3,0,2,0,0,2,0,0,4,3,0,0,1,2,0,2,1,0,4,0,0,4,2,2,4,0,0,1,0,0,1,1,0,1,0,0,4,0,0,2,0,4,0,0,0,0,0,2,1,0,0,0,3,4,3,2,1,3,4,2,2,0,0,2,4,3,4,2,4,4,0,0,0,0,3,0,2,2,2,0,0,0,0,4,4,4,2,0,3,2,4,2,0,2,4,2,2,4,4,2,2,4,0,0,0,0,1,1,1,2,1,4,1,3,0,2,2,0,0,4,1,2,3,4,0,2,4,0,2,4,0,4,1,0,4,0,4,4,0,3,0,0,0,2,0,4,1,3,4,1,1,3,0,2,2,2,2,0,3,0,0,1,1,2,2,0,3,0,0,0,0,1,0,1,1,4,4,4,2,0,4,1,1,4,4,0,0,1,2,1,0,3,0,1,4,4,4,4,0,2,3,3,3,4,1,0,0,0,1,1,0,4,3,0,3,4,0,4,2,1,2,2,4,0,1,1,0,4,1,1,4,1,1,2,3,0,2,0,0,2,3,2,1,2,2,4,3,4,0,0,0,3,0,2,0,0,2,4,3,0,1,4,3,0,2,2,2,1,2,0,0,2,4,0,0,1,4,4,4,3,0,0,0,0,1,1,1,2,1,4,0,4,1,2,2,2,4,0,2,3,0,3,2,2,1,1,2,4,1,4,3,0,0,0,1,0,2,2,1,2,3,2,0,3,0,2,3,1,4,0,4,3,1,1,3,2,0,0,2,2,0,0,1,3,4,4,2,1,1,0,2,3,0,4,1,0,0,4,2,4,1,0,3,0,1,0,0,1,0,4,4,3,1,2,1,2,4,4,1,1,1,0,0,0,0,0,1,0,3,1,2,1,1,2,0,0,4,1,2,2,2,2,4,4,4,1,2,1,0,2,2,0,4,4,2,2,0,0,2,2,1,0,0,1,3,2,0,0,2,3,4,2,0,3,2,3,1,2,0,3,2,0,2,2,2,2,4,2,0,4,2,2,3,0,2,0,3,0,0,3,0,0,0,0,4,2,4,4,3,1,4,0,0,2,3,0,2,2,2,3,3,4,0,1,0,3,2,2,2,0,0,1,0,4,3,1,3,0,2,2,3,3,2,0,2,0,4,1,1,4,4,2,3,0,2,1,2,4,0,2,3,2,2,0,1,0,0,1,1,0,2,3,4,0,0,3,4,0,4,2,2,3,0,3,1,4,2,4,2,4,0,3,3,4,2,3,4,3,3,4,2,2,2,0,0,1,3,3,0,3,2,3,4,0,3,3,0,3,2,2,2,0,0,3,2,4,0,0,4,2,1,2,4,3,0,2,0,0,3,4,3,0,3,0,0,4,1,0,0,4,2,4,2,1,1,3,4,0,2,3,2,2,1,0,1,4,1,2,0,0,4,1,1,4,3,0,2,4,0,0,3,3,3,3,1,2,3,0,4,2,0,0,0,3,0,0,2,2,0,0,1,1,0,3,0,2,1,1,2,2,4,0,2,1,1,2,2,0,1,0,3,0,0,4,1,0,0,2,2,4,2,1,3,2,2,1,0,0,1,2,1,4,2,3,3,0,0,0,4,4,0,2,2,0,1,0,4,4,0,3,3,0,0,1,4,3,2,2,2,1,1,3,3,4,0,4,3,4,0,1,4,2,4,2,0,3,4,0,4,4,1,3,2,3,2,0,0,3,3,4,3,4,0,0,4,2,4,2,2,2,1,0,4,1,3,2,2,3,0,2,0,0,4,0,0,0,2,2,1,0,0,4,0,1,0,0,3,4,2,2,0,3,1,2,0,1,0,3,2,0,2,0,0,2,4,0,2,0,3,4,0,1,0,0,0,2,0,4,2,2,2,4,3,3,1,4,4,0,1,0,1,2,0,0,4,2,3,0,0,3,0,1,0,0,2,2,0,1,0,2,1,2,0,3,0,0,1,4,2,2,2,3,3,4,2,2,2,0,1,4,4,0,2,3,2,0,2,2,0,2,0,4,2,4,0,4,0,0,0,0,2,0,0,0,0,4,4,2,0,1,4,2,1,4,4,4,0,0,1,1,0,0,2,1,4,4,1,1,4,0]",ok,
126,kmeans,3,0.4,0.47213385182600526,2,"fused_2_medium+fused_4_high+fused_5_low, fused_1_medium",huang,"[604, 179, 462, 321, 233]",0.2303285109780174,0.048360200111172875,"[3,0,3,3,0,0,3,4,3,0,4,4,1,2,0,0,0,2,3,3,0,2,3,3,0,3,0,0,2,2,3,0,3,2,3,2,2,0,2,0,2,0,0,0,0,3,3,3,0,4,2,1,0,0,0,2,2,2,0,0,0,3,3,2,2,2,0,2,3,3,0,2,3,0,3,3,2,4,0,3,0,2,0,0,3,3,3,3,0,3,0,4,3,0,0,0,4,2,2,0,0,4,4,0,3,4,2,2,0,3,0,4,0,0,0,2,2,0,2,3,2,0,2,0,2,3,2,1,0,2,3,2,3,0,2,2,0,2,0,3,0,2,1,3,3,3,0,0,2,0,0,0,0,3,3,3,4,3,0,3,3,1,2,0,3,3,0,2,0,3,2,2,3,2,0,3,0,4,1,0,0,3,2,3,4,0,0,4,2,0,3,3,3,2,0,2,3,3,0,2,2,4,2,2,4,2,0,1,0,3,2,3,3,3,0,0,2,0,0,3,2,0,3,3,3,0,3,2,0,3,3,0,0,2,2,0,2,0,0,0,0,0,3,0,3,2,2,3,0,1,4,0,0,3,3,2,2,2,2,3,2,2,3,3,0,2,2,2,0,0,0,3,3,2,1,3,2,0,3,2,2,0,2,3,0,3,2,2,2,1,2,2,0,2,2,3,3,0,2,3,0,3,2,3,0,0,2,0,2,0,4,3,2,2,2,0,0,3,2,2,2,0,4,2,2,3,0,3,0,2,2,4,2,0,0,4,2,3,0,4,0,0,0,2,2,2,2,0,0,0,0,0,2,2,0,0,0,2,0,2,3,2,3,2,2,0,0,2,0,0,2,2,3,0,0,4,2,0,2,3,2,0,3,2,0,3,0,0,0,2,3,2,4,0,0,3,2,2,0,0,0,2,0,0,0,2,2,1,0,0,2,2,0,0,3,4,2,3,0,3,0,4,0,3,2,3,2,2,2,3,0,0,4,4,3,0,3,0,2,0,2,0,4,0,1,0,0,3,2,0,1,0,1,0,0,4,0,0,0,2,0,2,0,4,3,2,4,0,2,2,0,0,0,3,0,1,0,3,2,3,3,2,2,0,0,2,4,4,3,3,0,0,3,3,3,0,0,4,2,1,0,2,0,2,2,0,0,0,0,0,0,0,0,0,2,0,0,3,2,2,3,2,0,2,0,3,2,0,3,2,0,3,2,3,0,3,0,2,0,2,3,0,4,0,2,4,0,4,3,3,0,4,0,3,0,3,4,3,0,3,2,2,0,0,0,2,3,2,2,0,2,3,1,3,2,4,2,2,0,3,0,4,2,1,4,0,3,3,0,0,2,3,2,0,2,3,3,3,2,0,3,2,3,3,2,2,2,2,0,3,3,2,0,4,0,2,3,1,2,0,2,2,0,2,3,3,3,0,0,1,2,0,3,0,2,2,4,2,3,4,0,2,0,2,0,2,3,3,3,0,0,3,0,0,0,0,0,3,2,0,4,0,3,3,0,0,2,2,3,3,1,0,0,3,2,4,4,4,2,4,3,3,4,2,3,2,0,2,3,2,3,2,0,2,0,3,4,3,2,0,2,0,2,1,3,3,2,3,0,4,3,0,0,0,0,2,1,3,4,2,0,3,3,3,0,1,2,0,2,1,2,0,0,4,4,2,0,0,0,1,3,2,0,0,0,3,1,0,1,1,4,2,4,1,0,0,1,3,0,4,0,1,0,1,0,0,2,0,4,2,2,2,2,3,2,0,2,0,3,1,0,2,0,2,2,3,0,0,4,0,2,1,0,0,0,3,0,0,3,2,0,4,3,0,2,3,0,3,2,0,0,3,4,0,3,1,0,0,4,2,2,3,2,0,2,2,3,4,2,1,0,3,3,2,1,0,2,3,2,3,2,4,0,0,2,4,2,0,2,2,0,1,2,2,0,2,4,0,4,0,0,3,2,2,2,1,0,2,0,3,0,2,0,0,2,0,0,4,3,0,0,1,2,0,2,1,0,4,0,0,4,2,2,4,0,0,1,0,0,1,1,0,1,0,0,4,0,0,2,0,4,0,0,0,0,0,2,1,0,0,0,3,4,3,2,1,3,4,2,2,0,0,2,4,3,4,2,4,4,0,0,0,0,3,0,2,2,2,0,0,0,0,4,4,4,2,0,3,2,4,2,0,2,4,2,2,4,4,2,2,4,0,0,0,0,1,1,1,2,1,4,1,3,0,2,2,0,0,4,1,2,3,4,0,2,4,0,2,4,0,4,1,0,4,0,4,4,0,3,0,0,0,2,0,4,1,3,4,1,1,3,0,2,2,2,2,0,3,0,0,1,1,2,2,0,3,0,0,0,0,1,0,1,1,4,4,4,2,0,4,1,1,4,4,0,0,1,2,1,0,3,0,1,4,4,4,4,0,2,3,3,3,4,1,0,0,0,1,1,0,4,3,0,3,4,0,4,2,1,2,2,4,0,1,1,0,4,1,1,4,1,1,2,3,0,2,0,0,2,3,2,1,2,2,4,3,4,0,0,0,3,0,2,0,0,2,4,3,0,1,4,3,0,2,2,2,1,2,0,0,2,4,0,0,1,4,4,4,3,0,0,0,0,1,1,1,2,1,4,0,4,1,2,2,2,4,0,2,3,0,3,2,2,1,1,2,4,1,4,3,0,0,0,1,0,2,2,1,2,3,2,0,3,0,2,3,1,4,0,4,3,1,1,3,2,0,0,2,2,0,0,1,3,4,4,2,1,1,0,2,3,0,4,1,0,0,4,2,4,1,0,3,0,1,0,0,1,0,4,4,3,1,2,1,2,4,4,1,1,1,0,0,0,0,0,1,0,3,1,2,1,1,2,0,0,4,1,2,2,2,2,4,4,4,1,2,1,0,2,2,0,4,4,2,2,0,0,2,2,1,0,0,1,3,2,0,0,2,3,4,2,0,3,2,3,1,2,0,3,2,0,2,2,2,2,4,2,0,4,2,2,3,0,2,0,3,0,0,3,0,0,0,0,4,2,4,4,3,1,4,0,0,2,3,0,2,2,2,3,3,4,0,1,0,3,2,2,2,0,0,1,0,4,3,1,3,0,2,2,3,3,2,0,2,0,4,1,1,4,4,2,3,0,2,1,2,4,0,2,3,2,2,0,1,0,0,1,1,0,2,3,4,0,0,3,4,0,4,2,2,3,0,3,1,4,2,4,2,4,0,3,3,4,2,3,4,3,3,4,2,2,2,0,0,1,3,3,0,3,2,3,4,0,3,3,0,3,2,2,2,0,0,3,2,4,0,0,4,2,1,2,4,3,0,2,0,0,3,4,3,0,3,0,0,4,1,0,0,4,2,4,2,1,1,3,4,0,2,3,2,2,1,0,1,4,1,2,0,0,4,1,1,4,3,0,2,4,0,0,3,3,3,3,1,2,3,0,4,2,0,0,0,3,0,0,2,2,0,0,1,1,0,3,0,2,1,1,2,2,4,0,2,1,1,2,2,0,1,0,3,0,0,4,1,0,0,2,2,4,2,1,3,2,2,1,0,0,1,2,1,4,2,3,3,0,0,0,4,4,0,2,2,0,1,0,4,4,0,3,3,0,0,1,4,3,2,2,2,1,1,3,3,4,0,4,3,4,0,1,4,2,4,2,0,3,4,0,4,4,1,3,2,3,2,0,0,3,3,4,3,4,0,0,4,2,4,2,2,2,1,0,4,1,3,2,2,3,0,2,0,0,4,0,0,0,2,2,1,0,0,4,0,1,0,0,3,4,2,2,0,3,1,2,0,1,0,3,2,0,2,0,0,2,4,0,2,0,3,4,0,1,0,0,0,2,0,4,2,2,2,4,3,3,1,4,4,0,1,0,1,2,0,0,4,2,3,0,0,3,0,1,0,0,2,2,0,1,0,2,1,2,0,3,0,0,1,4,2,2,2,3,3,4,2,2,2,0,1,4,4,0,2,3,2,0,2,2,0,2,0,4,2,4,0,4,0,0,0,0,2,0,0,0,0,4,4,2,0,1,4,2,1,4,4,4,0,0,1,1,0,0,2,1,4,4,1,1,4,0]",ok,
127,kmeans,3,0.35,0.3808193302865075,3,"fused_2_medium+fused_4_high+fused_5_low, fused_3_medium, fused_1_medium+fused_4_high",huang,"[494, 186, 301, 234, 584]",0.27710136833168036,0.14952751528627015,"[2,4,2,2,4,4,2,3,2,4,3,3,1,0,4,0,4,0,2,2,4,0,2,2,4,2,4,4,0,0,2,4,2,0,2,0,0,4,0,0,0,0,4,4,4,2,2,2,4,3,0,1,4,4,4,0,0,0,4,4,4,2,2,0,0,0,4,0,2,2,4,0,2,4,2,2,0,3,4,2,4,0,4,0,0,2,2,2,4,2,4,3,2,4,4,4,3,0,0,4,4,3,3,4,2,3,0,0,4,2,4,3,4,4,4,0,0,4,0,2,0,4,0,4,0,0,0,1,4,0,2,0,2,4,0,0,4,0,4,2,4,0,1,2,2,2,0,4,0,4,4,0,4,2,2,2,3,2,4,2,2,1,0,4,2,2,4,4,4,2,0,0,2,0,4,2,0,3,1,0,4,2,0,2,3,4,4,3,2,4,2,2,2,0,4,0,2,2,4,0,0,3,0,0,3,0,4,1,4,2,4,2,2,2,4,4,4,4,4,2,0,4,2,0,2,4,2,0,0,2,2,4,4,4,4,4,0,4,4,4,4,0,2,4,2,0,0,2,4,3,3,4,4,2,2,0,0,0,0,2,0,0,2,2,4,0,0,0,4,4,4,2,2,4,1,2,0,4,2,4,0,4,0,2,4,2,0,4,0,1,0,0,4,0,0,2,2,4,0,2,4,0,0,2,4,4,4,4,0,4,3,2,4,0,0,4,4,2,0,0,0,4,1,0,4,2,4,2,4,0,0,1,0,4,4,3,0,2,4,3,4,4,4,0,0,0,0,4,4,4,4,4,0,0,4,4,4,0,4,4,0,0,2,0,0,4,4,0,4,0,0,4,2,4,4,3,0,4,0,2,0,4,2,0,4,2,4,0,4,0,2,0,3,4,4,2,0,4,4,2,4,0,4,0,4,4,0,1,4,4,0,0,0,4,2,3,0,2,4,2,4,3,4,2,0,2,0,0,0,2,4,4,3,3,2,0,2,0,0,4,0,4,3,4,1,4,4,2,4,4,1,0,1,4,4,3,4,0,4,0,4,0,4,3,2,0,3,4,0,0,4,4,4,2,4,1,0,2,0,2,2,0,0,0,4,0,3,3,2,2,4,4,2,2,2,4,4,3,0,1,4,0,4,4,0,4,4,4,4,4,4,4,4,0,0,4,4,2,0,0,2,0,4,4,4,2,0,4,2,0,4,2,0,2,4,2,4,0,4,0,2,4,3,4,0,3,0,3,2,2,4,3,4,2,4,2,3,2,4,2,0,0,4,4,4,0,2,0,0,4,0,2,1,2,0,3,0,0,4,2,0,3,0,1,3,4,0,0,4,4,0,2,4,0,0,2,2,2,0,4,2,0,2,2,0,0,0,0,4,2,2,0,0,3,0,0,2,1,0,4,0,0,4,0,2,2,0,4,4,1,0,4,2,4,0,0,3,0,2,3,0,0,4,4,4,0,2,2,0,0,4,2,4,4,4,4,4,2,0,4,3,4,2,2,4,4,0,0,2,2,1,4,4,2,0,3,3,3,0,3,2,0,3,0,2,0,0,0,2,0,2,0,4,0,0,2,1,2,0,0,4,4,0,1,2,2,0,0,4,3,2,4,4,4,4,0,1,2,3,3,4,2,2,0,4,1,0,4,0,1,0,4,4,3,3,4,0,4,4,1,2,0,4,4,0,2,1,4,1,1,3,4,3,1,4,4,1,2,4,3,4,1,4,1,0,4,4,4,3,0,4,0,0,2,3,0,0,4,0,1,0,0,4,0,0,2,4,4,3,4,0,1,4,4,4,2,4,4,2,0,4,3,2,4,0,2,4,0,0,4,4,2,3,4,2,1,4,4,3,0,0,2,0,4,0,0,2,3,0,1,4,0,2,0,1,4,0,2,4,2,4,3,4,0,0,3,0,4,0,0,4,1,0,4,4,0,3,4,3,4,4,2,0,0,0,1,4,0,4,2,4,0,4,4,0,4,4,3,2,4,4,1,0,4,4,1,0,3,4,4,3,2,0,3,4,4,1,4,4,1,1,4,1,4,4,3,4,4,0,0,3,0,4,4,4,0,4,1,4,4,4,2,3,2,0,1,2,3,0,0,0,4,0,3,2,3,0,3,3,4,4,4,4,2,4,0,4,0,4,4,4,4,3,3,3,0,4,2,0,3,0,4,4,3,0,0,3,3,0,4,3,4,4,4,4,1,1,1,0,1,3,1,2,4,0,0,4,4,3,1,0,2,3,4,0,3,4,0,3,4,3,1,4,3,4,3,1,4,2,0,4,4,0,4,3,1,2,3,1,1,2,4,0,0,0,0,4,2,4,4,1,1,0,0,4,2,0,4,4,4,1,4,1,1,3,3,3,0,4,3,1,1,3,3,4,0,1,0,1,4,2,4,1,3,3,3,3,4,0,2,2,2,3,1,4,0,0,1,1,4,3,2,4,2,3,4,3,4,1,0,0,3,4,1,1,4,3,1,1,3,1,1,0,2,0,0,4,0,0,2,4,1,4,0,3,2,3,4,4,4,2,4,0,4,0,0,3,2,4,1,3,2,4,0,0,0,1,0,0,4,0,3,4,0,1,3,3,3,2,4,4,4,4,1,1,1,0,1,3,4,3,1,0,0,4,3,4,0,2,4,2,0,3,1,1,0,3,1,3,2,4,4,4,1,4,0,0,1,0,2,0,4,2,4,0,2,1,3,4,3,0,1,1,2,0,4,0,0,4,0,4,1,2,3,3,0,1,1,4,0,2,4,3,1,4,4,3,0,3,1,4,2,4,1,4,4,1,4,3,3,2,1,4,1,0,3,1,1,1,1,4,4,4,4,4,1,4,2,1,0,1,1,4,4,4,3,1,0,0,0,4,3,3,3,1,0,1,4,4,0,0,3,3,0,4,4,4,0,4,1,4,4,1,2,4,0,4,0,2,3,0,4,2,0,2,1,0,4,2,4,4,0,4,0,0,3,4,3,1,0,0,2,4,0,4,2,0,4,2,4,4,4,4,3,0,3,3,2,1,3,4,4,0,2,4,0,0,0,2,2,3,4,1,0,2,0,0,0,4,4,1,4,3,2,1,2,0,0,0,2,2,4,4,0,4,3,1,1,3,3,0,2,0,0,1,3,3,4,0,2,4,0,4,1,0,4,1,1,4,0,2,3,4,4,2,3,4,3,0,4,2,4,2,1,3,0,3,4,3,4,2,2,3,4,0,3,0,0,3,0,0,0,4,4,1,2,2,0,2,0,0,3,4,2,2,4,2,4,0,0,4,4,0,0,3,0,4,3,0,1,0,1,2,4,0,4,4,2,3,2,4,2,4,4,3,1,4,4,3,0,3,0,1,1,2,3,4,0,2,0,0,1,4,1,3,1,0,4,4,3,1,1,3,2,0,0,3,4,4,2,2,2,2,1,0,0,0,3,4,4,0,4,2,4,4,0,0,4,4,1,1,4,2,4,0,1,1,0,0,3,4,2,1,1,0,4,0,1,4,2,4,4,3,1,4,4,0,0,3,0,1,2,0,0,1,4,4,1,0,1,3,0,2,2,4,4,4,3,3,4,2,0,4,1,4,3,3,4,2,2,0,4,1,1,2,0,3,0,1,1,2,2,3,4,3,2,3,4,1,3,0,3,0,4,2,3,4,3,3,1,2,0,2,0,0,0,2,2,3,0,3,4,4,3,0,3,0,0,0,1,4,3,1,2,0,0,2,4,0,4,4,3,4,4,4,4,0,1,4,4,3,0,1,4,0,2,3,0,0,4,2,1,0,4,1,4,2,0,4,0,0,4,0,3,4,0,4,2,3,4,1,4,4,4,0,4,3,0,0,0,3,2,2,1,3,3,4,1,4,1,0,4,4,3,0,2,4,4,0,4,1,4,4,0,0,4,1,4,4,1,0,4,3,4,4,1,3,0,0,0,2,2,3,0,0,0,4,1,3,3,4,0,2,0,0,4,4,4,0,4,3,0,3,4,3,4,4,4,4,0,4,4,4,4,3,3,3,0,1,3,0,1,3,3,3,0,0,1,1,0,4,0,1,3,3,1,1,3,4]",ok,
128,kmeans,3,0.3,0.4342476912163475,4,"fused_2_medium+fused_4_high+fused_5_low, fused_3_medium, fused_1_medium+fused_4_high, fused_3_low",cao,"[486, 551, 202, 302, 258]",0.2589573127448739,0.055586436909394105,"[3,0,3,3,1,4,3,4,3,1,4,4,2,1,0,1,0,1,3,3,0,1,3,3,0,3,4,0,1,1,3,0,3,1,3,1,1,1,1,1,1,1,0,0,0,3,3,3,0,4,1,2,0,1,1,1,1,1,0,1,0,3,3,1,1,1,0,1,3,3,0,1,3,4,3,3,1,4,0,3,4,1,0,1,1,3,3,3,0,3,3,4,3,0,0,0,4,1,1,0,0,4,4,0,3,4,1,1,0,3,0,4,0,4,0,1,1,0,1,3,1,0,1,0,1,1,1,2,0,1,3,1,3,1,1,1,0,1,0,3,0,1,2,3,3,3,1,0,1,4,1,1,0,3,3,3,4,3,4,3,3,2,1,0,3,3,0,0,0,3,1,1,3,1,0,3,1,4,2,1,0,3,1,3,4,0,4,4,3,0,3,3,3,1,1,1,3,3,0,1,1,4,1,1,2,1,0,2,0,3,0,3,3,3,0,0,0,0,0,3,1,3,3,1,3,0,3,1,1,3,3,0,0,0,0,0,1,1,0,0,0,1,3,1,3,1,1,3,4,4,4,0,0,3,3,1,1,1,1,3,1,1,3,3,0,1,1,1,1,0,0,3,3,0,2,3,1,0,3,0,1,0,1,3,0,3,1,0,1,2,1,1,0,1,1,3,3,0,1,3,1,1,1,3,0,0,0,0,1,0,4,3,0,1,1,1,0,3,1,1,1,3,2,1,0,3,0,3,0,1,1,2,1,0,4,4,1,3,0,4,0,0,0,1,1,1,1,1,1,0,0,0,1,1,0,0,0,1,0,0,1,1,3,1,1,0,0,1,0,1,1,0,3,0,0,4,1,0,1,3,1,0,3,1,0,3,0,1,0,1,3,1,4,0,1,3,1,0,4,3,0,1,0,1,0,0,1,2,0,0,1,1,1,0,3,4,1,3,0,3,1,4,0,3,1,3,1,1,1,3,0,0,4,4,3,1,3,1,1,1,1,0,4,0,2,0,1,3,0,1,2,1,2,4,4,2,0,1,0,1,0,1,1,4,3,1,4,0,1,1,0,0,0,3,0,2,1,3,1,3,3,1,1,1,4,1,4,4,3,3,0,0,3,3,3,0,0,4,1,2,0,1,0,0,1,0,0,0,0,0,0,0,0,1,1,3,0,3,1,1,3,1,0,0,0,3,1,0,3,1,0,3,1,3,0,3,0,1,0,1,3,0,4,1,1,4,1,4,3,3,0,4,0,3,0,3,4,3,0,3,1,1,4,0,4,1,3,1,1,0,1,3,2,3,1,4,1,1,4,3,1,4,1,2,1,0,1,1,0,0,1,3,0,1,1,3,3,3,1,0,3,1,3,3,1,1,1,1,0,3,3,1,1,4,1,1,3,2,1,4,1,1,0,1,3,3,1,0,0,2,1,0,3,0,1,1,4,1,3,4,1,1,0,0,0,1,3,3,1,1,0,3,0,4,0,0,1,3,1,0,4,1,3,3,0,0,1,1,3,3,2,0,0,3,1,4,4,4,1,2,3,1,4,1,3,1,1,1,3,1,3,1,0,1,1,3,2,3,1,1,0,0,1,2,3,3,1,1,0,4,3,0,0,0,4,1,2,3,4,4,0,3,3,1,0,2,1,0,1,2,1,1,0,4,4,0,1,0,0,2,3,1,0,0,1,3,2,0,2,2,4,0,4,2,1,0,2,3,0,4,0,2,0,2,1,4,4,4,4,1,0,1,1,3,4,1,1,0,1,2,1,1,0,1,1,3,0,0,4,0,1,2,0,0,4,3,0,0,3,1,0,4,3,0,1,3,4,1,1,1,0,3,4,0,3,2,0,0,4,1,1,3,1,0,1,1,3,4,1,2,0,1,3,1,2,0,1,3,0,3,0,4,0,1,1,4,1,1,1,1,0,2,1,0,0,1,4,0,4,0,0,3,1,1,1,2,0,1,0,3,0,1,0,4,1,0,1,4,3,0,0,2,1,4,0,2,1,4,0,0,4,0,1,4,0,4,2,0,0,2,2,0,2,0,0,4,0,0,1,1,4,1,0,0,0,1,0,2,0,4,0,3,2,3,1,2,3,4,1,1,1,0,1,4,3,2,1,4,4,0,0,0,0,3,0,1,0,1,0,0,0,0,4,4,4,1,1,3,1,4,1,0,0,4,1,1,4,4,1,4,4,0,0,1,0,2,2,2,1,2,4,2,3,0,1,1,0,0,4,2,1,3,4,0,1,4,0,1,4,0,4,2,0,4,0,4,2,0,3,1,0,0,1,1,4,2,3,4,2,2,3,0,1,1,1,1,0,3,0,0,2,2,1,1,0,3,1,1,0,0,2,0,2,2,4,4,4,1,0,4,2,2,4,4,0,1,2,1,2,0,3,0,2,4,4,4,4,0,1,3,3,3,4,2,0,1,1,2,2,0,4,3,0,3,4,0,4,0,2,1,1,4,0,2,2,0,2,2,2,4,2,2,1,3,1,1,4,1,1,3,0,2,0,1,4,3,4,0,0,0,0,0,1,0,1,1,4,3,0,2,4,3,0,1,1,1,2,1,1,0,1,4,0,1,2,4,4,4,3,0,1,0,0,2,2,2,1,2,4,0,4,2,1,1,0,4,0,1,3,1,3,1,4,2,2,1,4,2,4,3,0,0,0,2,0,1,1,2,1,3,1,1,3,0,1,3,2,4,0,4,1,2,2,3,1,0,1,1,0,1,0,2,3,4,4,1,2,2,0,1,3,0,4,2,0,0,4,1,4,2,0,3,0,2,0,0,2,0,4,2,3,2,0,2,1,4,2,2,2,2,0,0,1,0,0,2,0,3,2,1,2,2,0,0,0,4,2,1,1,1,0,2,4,4,2,1,2,0,0,1,1,4,4,1,0,0,0,1,0,2,0,0,2,3,0,1,0,1,3,4,1,0,3,1,3,2,1,0,3,0,0,1,0,1,1,4,0,4,2,1,1,3,0,1,0,3,1,0,3,1,0,4,0,4,1,4,4,3,2,4,0,1,1,3,0,1,1,0,3,3,2,0,2,1,3,1,1,1,0,0,2,0,4,3,2,3,1,1,1,3,3,0,0,1,0,4,2,2,4,4,1,3,1,1,2,4,4,0,1,3,0,1,0,2,1,0,2,2,1,1,3,4,1,1,3,4,4,4,1,0,3,0,3,2,4,1,4,0,4,0,3,3,4,0,1,4,1,1,4,1,1,1,1,0,2,3,3,1,3,1,1,4,0,3,3,1,3,0,1,1,0,0,1,1,4,1,0,4,1,2,1,2,3,0,1,4,0,3,4,3,0,3,0,1,4,2,0,0,2,1,4,1,2,2,3,4,0,1,3,1,1,2,0,2,4,2,1,0,0,2,2,2,4,3,1,1,4,0,0,3,3,3,3,2,1,1,1,4,0,0,1,0,3,1,1,1,1,0,0,2,2,0,3,4,1,2,2,1,1,4,0,0,2,2,1,1,1,2,0,3,1,0,4,2,0,0,1,1,4,1,2,3,1,1,2,0,0,2,1,2,2,1,3,3,0,4,0,4,4,0,0,1,0,2,4,4,4,0,3,3,1,0,2,2,3,1,4,1,2,2,3,3,4,0,4,3,4,1,2,4,1,4,1,0,3,4,0,4,4,2,3,1,3,1,1,1,3,3,4,1,4,0,0,4,1,4,1,1,1,2,0,4,2,3,1,1,3,0,1,4,0,4,0,0,0,0,1,2,0,1,2,1,2,0,1,3,4,1,1,0,3,2,1,0,2,0,3,1,1,1,1,0,1,2,0,0,0,3,4,0,2,0,0,0,1,0,4,1,1,1,4,3,3,2,4,4,0,2,0,2,1,1,0,4,1,3,1,0,1,0,2,4,0,1,1,0,2,0,4,2,1,0,3,0,1,2,4,1,1,1,3,3,4,1,1,1,0,2,4,2,4,1,3,1,1,0,0,0,1,0,4,1,2,0,4,0,4,0,0,1,0,0,0,0,4,4,4,1,2,4,1,2,4,4,4,1,1,2,2,1,1,1,2,4,4,2,2,4,1]",ok,
129,kmeans,3,0.25,0.4489621309821578,8,"fused_2_medium+fused_4_high+fused_5_low, fused_3_low, fused_3_high+fused_4_high, fused_1_medium+fused_2_medium+fused_4_high, fused_3_medium+fused_4_high, fused_1_medium+fused_4_high+fused_5_low, fused_1_medium+fused_3_medium, fused_1_high+fused_4_high",cao,"[351, 304, 498, 357, 289]",0.2506221186254634,0.057809894385769875,"[4,2,4,4,2,2,1,3,4,2,3,2,3,0,0,2,2,0,4,4,0,1,4,4,0,4,2,2,1,1,4,2,4,1,4,1,1,2,1,0,1,2,2,2,0,4,4,4,2,3,1,3,2,2,2,0,0,0,2,2,0,4,4,1,1,0,2,1,4,4,0,1,4,2,4,4,0,2,2,4,2,0,2,2,4,4,4,4,2,4,0,2,4,0,2,2,3,0,1,0,2,3,2,2,4,3,1,0,2,4,2,3,2,2,0,1,1,2,1,4,1,2,1,2,1,1,1,3,0,1,4,1,4,2,0,1,0,1,0,4,2,0,3,4,4,4,2,2,0,2,2,0,0,4,4,4,2,4,2,4,4,3,1,2,4,4,2,2,0,4,1,1,4,1,2,4,0,3,3,0,0,4,1,4,3,2,2,2,0,2,4,4,4,1,2,1,4,4,2,1,1,2,0,1,3,1,2,3,2,4,2,4,1,4,0,2,2,2,0,4,1,0,4,1,4,2,4,1,0,4,4,2,2,1,2,2,0,2,2,2,2,0,4,2,1,0,0,4,2,3,3,0,2,4,4,1,1,1,1,4,1,1,4,4,2,0,1,1,2,2,2,4,4,2,3,4,0,0,4,2,1,0,1,4,2,4,1,1,0,3,1,1,0,0,1,4,4,2,0,4,2,1,0,4,2,2,2,2,1,2,3,4,2,1,0,2,2,4,1,1,1,4,3,1,2,4,2,4,2,0,0,3,1,0,2,2,1,4,2,2,2,0,0,0,1,0,1,2,2,2,0,0,1,1,2,0,2,1,0,2,1,0,4,1,1,2,2,1,2,0,1,2,4,2,2,2,1,2,1,4,0,2,4,0,2,4,2,0,2,1,4,0,3,0,2,4,1,2,2,0,0,1,2,0,2,2,0,3,0,2,1,1,0,2,4,3,0,4,2,1,2,3,2,4,1,4,0,1,1,1,2,2,3,3,4,0,4,0,1,2,1,2,3,0,3,2,2,4,2,0,3,0,3,2,2,3,2,0,0,1,2,0,2,2,4,1,2,0,1,1,0,0,2,4,2,3,0,4,1,4,4,1,0,0,2,1,3,3,4,4,2,2,4,4,4,2,2,3,1,3,0,1,0,2,1,0,2,2,2,2,0,2,0,0,1,4,2,1,0,1,4,1,0,2,2,1,1,2,4,1,2,4,1,4,2,4,2,1,2,1,4,2,3,2,1,3,0,2,4,4,0,3,2,4,2,4,3,4,2,4,1,1,2,2,2,1,4,1,0,2,1,1,3,4,1,3,1,1,2,4,0,3,0,3,0,0,1,1,2,2,1,4,1,0,0,4,4,4,1,2,4,0,1,4,1,1,0,0,2,4,4,1,0,3,2,1,4,3,1,2,1,1,2,0,4,4,1,2,2,3,0,2,4,2,0,1,2,0,4,3,0,1,0,2,2,1,4,1,4,0,2,4,2,2,2,2,2,4,1,0,3,2,4,0,2,2,0,0,4,4,3,0,2,4,1,3,3,3,1,3,4,1,3,0,4,0,0,1,4,0,1,0,0,0,0,4,3,4,0,0,2,2,0,3,4,4,0,1,0,3,4,2,2,0,2,0,3,4,2,3,0,4,4,1,0,3,0,0,1,3,0,2,0,3,3,2,0,0,0,3,4,1,2,0,4,4,3,2,3,3,2,2,2,3,2,0,3,4,2,3,0,3,2,3,0,2,2,2,3,1,2,1,0,4,2,2,0,0,4,3,0,0,2,0,0,4,2,2,3,2,1,3,0,2,2,4,0,0,4,0,2,3,4,2,1,4,2,1,1,2,2,4,3,2,4,3,2,0,3,0,1,4,1,0,1,1,1,3,1,3,2,1,4,0,3,2,1,4,1,4,2,3,0,0,0,0,1,2,1,0,0,3,1,2,2,0,3,2,3,0,2,4,0,1,1,3,2,1,2,4,0,1,2,2,0,2,2,3,4,2,2,3,1,2,2,3,0,3,0,2,3,2,1,3,0,2,3,2,2,3,3,2,3,0,2,3,2,2,1,0,3,0,2,0,0,0,2,3,2,2,0,4,3,4,0,3,4,3,1,1,0,2,1,3,4,3,0,2,3,0,2,2,0,4,2,1,2,1,2,0,2,2,3,2,2,0,2,4,1,2,1,0,1,2,1,1,3,3,0,2,3,0,0,2,2,3,3,3,1,3,3,3,4,0,0,1,2,2,3,3,1,4,2,2,0,2,2,0,3,0,3,3,2,3,2,2,3,0,4,0,0,2,0,0,3,3,4,3,3,3,4,2,1,1,0,1,2,4,2,2,3,3,1,1,0,4,0,2,2,2,3,2,3,3,2,2,3,1,2,3,3,3,3,3,2,4,3,1,3,2,4,2,3,2,2,2,3,2,0,4,4,1,3,3,2,0,0,3,3,2,3,4,2,4,2,2,3,1,3,1,1,3,2,3,3,0,3,3,3,2,3,3,0,4,0,0,2,0,1,2,1,3,2,0,3,0,3,2,2,0,2,0,1,2,0,0,3,4,0,3,3,4,0,1,1,0,3,1,0,2,1,3,2,0,3,3,3,3,4,2,2,2,2,3,3,3,1,3,3,2,2,3,1,1,2,2,2,0,4,2,4,1,3,3,3,0,2,3,3,4,2,2,2,3,2,0,1,3,0,4,1,2,4,0,0,4,3,3,2,3,1,3,3,4,1,0,0,1,2,0,0,3,4,3,2,1,3,3,0,1,4,0,3,3,0,0,2,1,3,3,2,4,2,3,0,2,3,2,3,3,4,3,2,3,0,3,3,3,3,3,0,2,2,2,2,3,2,4,3,0,3,3,2,0,4,0,3,1,1,0,2,3,3,3,3,1,3,2,1,1,0,3,3,1,2,2,2,0,2,3,0,2,3,4,2,4,2,1,1,2,1,0,4,0,4,3,1,2,4,2,2,0,2,1,0,3,2,0,3,0,1,4,0,1,2,4,0,0,0,2,2,2,2,3,1,3,3,4,3,2,2,2,1,4,2,1,0,1,4,4,3,2,3,0,4,0,0,1,0,2,3,0,3,4,3,4,0,1,1,4,4,2,2,1,0,3,3,3,3,3,0,4,0,1,3,0,3,2,0,4,2,0,0,3,0,2,3,3,2,0,4,3,2,2,4,2,2,3,1,1,4,2,4,3,3,1,3,2,2,2,4,4,2,2,1,2,1,1,3,1,0,1,2,2,3,4,4,0,1,1,1,2,0,4,4,0,4,2,1,1,2,2,1,1,2,0,2,3,1,3,1,3,4,2,1,2,0,4,2,4,2,4,2,2,3,3,2,2,3,0,3,1,3,3,4,3,2,1,4,0,1,3,0,3,3,3,1,2,2,3,3,3,3,4,0,0,3,0,2,4,4,4,4,3,1,4,0,2,2,2,4,0,4,2,2,1,1,0,2,3,3,2,4,2,1,3,3,1,0,3,0,2,3,3,0,0,0,3,2,4,2,0,3,3,2,2,0,1,3,0,3,4,0,1,3,2,0,3,1,3,3,1,4,4,2,2,2,3,3,0,2,1,2,3,2,3,3,2,4,4,0,2,3,3,4,0,2,1,3,3,4,4,3,2,3,4,3,2,3,3,1,3,0,2,4,3,2,3,3,3,1,0,4,1,0,0,4,4,3,1,2,0,2,3,1,3,1,1,0,3,2,2,3,4,1,1,4,2,0,2,0,3,2,2,0,2,1,3,2,2,3,0,3,2,0,4,3,1,0,0,4,3,1,2,3,2,4,0,2,1,0,0,0,3,0,1,0,4,2,0,3,2,2,2,1,0,3,1,1,1,3,4,4,3,3,3,0,3,0,3,1,2,0,3,1,4,2,0,4,2,3,2,2,1,1,2,3,2,2,3,1,2,4,0,2,3,3,1,0,0,4,4,3,1,0,1,0,3,2,3,2,1,4,0,4,2,2,0,1,2,2,0,3,2,3,0,2,2,2,1,2,2,2,2,3,2,2,0,3,3,1,3,3,3,3,0,0,3,3,0,2,0,3,3,3,3,3,2,2]",ok,
130,kmeans,3,0.2,0.46358598134124523,9,"fused_3_high+fused_4_high, fused_1_medium+fused_3_medium, fused_1_medium+fused_2_medium+fused_4_high+fused_5_low, fused_5_medium, fused_2_medium+fused_3_low+fused_4_high, fused_1_high+fused_2_medium+fused_4_high, fused_2_medium+fused_3_medium+fused_4_high+fused_5_low, fused_2_high, fused_1_low",huang,"[599, 197, 333, 488, 182]",0.2442020918210011,0.042245692051139525,"[0,0,0,0,3,3,0,1,0,3,1,3,4,0,0,3,3,0,0,0,0,2,0,0,0,0,3,3,2,2,0,3,0,2,0,2,2,3,2,2,2,3,3,3,0,0,0,0,3,1,2,4,3,3,3,0,0,0,3,3,0,0,0,2,2,0,3,2,0,0,0,2,0,3,0,0,0,3,3,0,3,0,3,3,0,0,0,0,3,0,0,1,0,0,3,3,1,0,2,0,3,1,3,3,0,1,2,0,3,0,3,1,3,3,0,2,2,3,2,0,2,3,2,3,2,0,2,4,0,2,0,2,0,3,0,2,0,2,0,0,3,0,4,0,0,0,3,3,0,3,3,2,0,0,0,0,1,0,3,0,0,4,2,3,0,0,3,3,0,0,2,2,0,2,3,0,2,1,4,2,0,0,2,0,1,3,3,1,0,3,0,0,0,2,3,2,0,0,3,2,2,3,0,2,1,2,3,4,3,0,3,0,0,0,0,3,3,3,0,0,2,0,0,0,0,3,0,2,2,0,0,3,3,3,3,3,0,3,3,3,3,2,0,3,0,0,0,0,3,1,1,0,3,0,0,2,2,2,2,0,2,2,0,0,3,0,2,2,3,3,3,0,0,3,4,0,0,0,0,3,2,0,2,0,3,0,2,3,0,4,2,2,0,0,2,0,0,3,0,0,3,2,0,0,3,3,3,3,2,3,1,0,3,2,0,3,3,0,2,2,2,0,1,2,3,0,3,0,3,0,0,1,2,0,3,1,2,0,3,3,3,0,0,0,2,0,2,3,3,3,0,0,2,2,3,0,3,2,0,3,0,0,0,2,2,3,3,2,3,2,2,3,0,3,3,1,2,3,2,0,0,3,0,0,3,0,3,2,3,2,0,0,1,0,3,0,2,3,3,0,0,2,3,2,3,3,0,4,0,3,2,2,2,3,0,1,0,0,3,0,3,1,3,0,2,0,0,2,2,0,3,3,1,1,0,2,0,2,2,3,2,3,1,0,4,3,3,0,3,1,4,2,4,3,3,1,3,2,0,2,3,0,3,3,0,2,3,0,2,2,0,0,3,0,3,4,2,0,2,0,0,2,0,2,3,2,1,1,0,0,3,3,0,0,0,3,3,1,2,4,0,2,0,3,2,0,3,3,3,3,0,3,0,2,2,0,3,0,0,2,0,2,0,3,3,0,2,3,0,2,3,0,2,0,3,0,3,2,3,2,0,3,1,3,2,1,2,1,0,0,0,1,3,0,3,0,1,0,3,0,2,2,3,3,3,2,0,2,0,3,2,0,4,0,2,1,2,2,3,0,2,1,0,4,1,0,2,2,3,3,2,0,3,2,0,0,0,0,2,3,0,0,0,0,2,2,0,0,3,0,0,2,2,1,3,2,0,4,2,3,2,2,3,0,0,0,0,3,3,4,0,3,0,3,0,2,3,0,0,1,2,2,0,3,3,2,0,0,0,2,3,0,3,3,3,3,3,0,2,0,1,3,0,0,3,3,0,0,0,0,4,0,3,0,2,1,1,1,2,1,0,2,1,0,0,0,2,2,0,0,0,0,0,0,2,0,1,0,0,2,3,3,0,4,0,0,0,0,0,1,0,3,3,0,3,0,4,0,1,2,0,0,0,0,0,4,0,0,2,4,0,3,0,1,1,3,2,0,0,4,0,2,3,0,3,0,4,3,4,4,1,3,1,4,3,0,4,0,3,1,0,4,3,4,2,3,3,3,1,2,3,2,0,0,3,3,0,0,0,4,2,0,3,0,0,0,3,3,1,3,2,4,0,3,3,0,0,0,0,0,3,1,0,3,2,0,3,2,2,3,3,0,1,3,0,4,3,0,1,0,2,0,2,0,2,2,0,1,2,4,3,2,0,0,4,3,2,0,3,0,3,1,0,0,0,1,2,3,2,0,0,4,2,3,3,0,1,3,1,0,3,0,0,2,2,4,3,2,3,0,0,2,3,3,0,3,3,1,0,3,3,4,2,3,3,4,2,1,0,3,1,3,2,1,0,3,4,3,0,4,4,3,4,0,3,1,3,3,2,2,1,2,3,0,0,2,3,4,3,3,0,0,1,0,0,4,0,1,2,2,2,3,2,1,0,1,0,3,1,0,3,3,0,0,3,2,3,2,3,0,3,3,1,1,1,0,3,0,2,3,2,0,3,3,2,2,1,1,0,3,1,0,0,3,3,4,4,4,2,4,1,4,0,0,0,2,3,3,1,4,2,0,3,3,0,1,3,0,1,0,3,4,3,1,3,1,1,0,0,2,0,3,0,2,1,4,0,1,4,4,0,3,2,2,0,2,3,0,3,3,4,4,2,2,0,0,2,3,3,3,4,3,4,4,3,1,1,2,3,1,4,4,1,1,3,0,4,2,4,3,0,3,4,3,3,1,1,3,0,0,0,0,1,4,3,1,2,4,4,3,1,0,3,0,1,3,1,3,4,2,2,1,3,4,4,0,4,4,4,3,4,4,0,0,2,0,3,2,2,3,3,4,3,0,1,0,1,3,3,0,0,0,2,3,2,0,1,0,0,4,1,0,0,2,2,0,4,2,2,3,2,1,3,2,4,3,1,1,0,3,3,3,3,4,4,4,2,4,1,3,3,4,2,2,3,1,3,0,0,3,0,2,3,4,4,0,3,4,1,0,3,3,3,4,3,0,2,4,0,0,2,3,0,0,0,0,4,1,3,1,0,4,4,0,2,0,2,2,3,2,0,4,0,3,3,2,4,4,0,2,0,0,1,4,0,0,3,2,1,4,3,0,3,4,0,3,4,3,1,4,0,4,3,4,0,1,1,4,4,4,0,3,3,3,3,4,3,0,4,0,4,4,3,0,0,2,4,2,2,0,3,1,1,1,4,2,4,3,3,2,2,1,1,2,3,3,3,0,3,4,0,3,4,0,3,0,3,2,0,1,2,0,0,0,0,4,2,3,0,3,3,0,3,2,0,1,3,0,1,0,2,0,0,2,3,0,2,0,0,3,3,3,3,1,2,3,1,0,4,1,3,3,2,0,3,2,0,3,0,0,4,3,4,2,0,0,0,2,0,3,4,0,1,0,4,0,2,2,2,0,0,3,3,2,0,1,4,4,1,1,0,0,2,2,4,0,1,3,0,0,3,0,0,4,2,3,4,4,3,0,0,1,3,3,0,1,3,1,2,3,0,3,0,4,1,2,3,3,3,3,0,0,3,3,0,3,2,0,3,2,0,2,3,3,4,0,0,2,0,2,0,3,0,0,0,3,0,3,2,2,3,3,2,2,1,2,3,1,2,4,2,1,0,3,2,3,0,0,3,0,3,0,3,3,1,4,3,3,4,0,1,2,4,4,0,1,3,2,0,0,2,4,0,4,1,4,2,3,3,1,4,4,1,0,2,0,1,0,3,0,0,0,0,4,2,0,2,1,3,3,0,0,0,3,3,2,2,0,3,4,4,3,0,3,2,4,4,2,0,1,0,0,4,4,0,0,2,4,3,0,3,0,3,4,3,3,0,2,1,0,4,0,0,2,4,3,0,4,2,4,1,2,0,0,3,3,3,1,1,0,3,2,3,4,3,1,1,3,0,0,2,3,4,1,0,0,3,2,4,4,0,0,1,3,1,0,1,3,4,1,2,1,0,3,0,1,3,1,1,4,0,0,0,2,2,2,0,0,1,0,3,0,3,1,2,1,2,2,0,4,3,1,4,0,2,2,0,3,0,3,0,1,3,3,0,3,2,4,3,3,1,2,4,3,2,0,1,2,0,0,0,4,2,3,4,3,0,0,3,2,0,0,0,1,0,3,0,0,1,0,4,3,3,3,2,0,1,2,2,2,1,0,0,4,1,1,0,4,0,4,2,3,0,1,2,0,3,0,0,3,4,3,3,2,2,3,4,3,3,4,2,3,0,0,3,4,1,2,0,0,0,0,1,2,0,2,0,4,1,1,3,2,0,0,0,3,3,0,2,3,1,0,1,3,1,0,3,3,3,2,3,3,3,3,1,3,3,2,4,1,2,4,1,1,1,2,2,4,4,2,3,0,4,1,1,4,4,1,3]",ok,
131,kmeans,3,0.15,0.5333261439461044,15,"fused_1_medium+fused_2_medium+fused_4_high+fused_5_low, fused_2_medium+fused_3_medium+fused_4_high+fused_5_low, fused_1_low, fused_4_high+fused_5_medium, fused_1_high+fused_2_medium+fused_4_high+fused_5_low, fused_2_medium+fused_3_low+fused_4_high+fused_5_low, fused_1_medium+fused_3_medium+fused_4_high, fused_1_high+fused_2_medium+fused_3_low+fused_4_high, fused_2_low+fused_4_high, fused_3_high+fused_4_high+fused_5_low, fused_2_medium+fused_3_high+fused_4_high, fused_1_medium+fused_3_high+fused_4_high, fused_2_high+fused_5_high, fused_1_medium+fused_2_medium+fused_3_medium, fused_2_medium+fused_3_high+fused_5_low",huang,"[274, 474, 363, 333, 355]",0.23544152514344305,0.019455252918287938,"[4,4,4,4,1,1,4,2,4,1,2,1,2,0,0,1,1,0,4,4,0,3,4,4,0,4,1,1,3,3,4,1,4,3,4,3,3,1,3,3,3,1,1,1,0,4,4,4,1,2,3,2,1,1,1,0,0,0,1,1,0,4,4,3,3,0,1,3,4,4,0,3,4,1,4,4,0,1,1,4,1,0,1,1,4,4,4,4,1,4,0,1,4,0,1,1,2,0,3,0,1,2,4,1,4,2,3,0,1,4,1,2,1,1,0,3,3,1,3,4,3,1,3,1,3,4,3,2,0,3,4,3,4,1,0,3,0,3,0,4,1,0,2,4,4,4,1,1,0,1,1,3,0,4,4,4,1,4,1,4,4,2,3,1,4,4,1,1,0,4,3,3,4,3,1,4,3,2,2,3,0,4,3,4,2,1,1,1,4,1,4,4,4,3,1,3,4,4,1,3,3,4,0,3,2,3,1,2,1,4,1,4,4,4,0,1,1,1,0,4,3,0,4,3,4,1,4,3,3,4,4,1,1,1,1,1,0,1,1,1,1,3,4,1,4,0,0,4,1,2,2,0,1,4,4,3,3,3,3,4,3,3,4,4,1,0,3,3,1,1,1,4,4,1,2,4,0,0,4,1,3,0,3,4,1,4,3,1,0,2,3,3,0,0,3,4,4,1,0,4,1,4,0,4,1,1,1,1,3,1,2,4,1,3,0,1,1,4,3,3,3,4,2,3,1,4,1,0,1,0,0,2,3,0,1,1,3,4,1,4,1,0,0,0,3,0,3,1,1,1,0,0,3,3,1,0,1,3,0,1,4,0,4,3,3,1,1,3,1,3,3,1,4,1,1,1,3,1,3,4,0,1,4,0,1,4,1,3,1,3,4,0,2,0,1,4,3,1,1,4,0,3,1,3,1,1,0,2,0,1,3,3,3,1,4,2,0,4,1,4,1,2,1,4,3,4,0,3,3,4,1,1,2,2,4,3,4,3,3,1,3,1,2,0,2,1,1,4,1,4,2,3,2,1,1,2,1,3,0,3,1,0,1,1,4,3,1,0,3,3,0,0,1,4,1,2,3,4,3,4,4,3,0,3,1,3,2,2,4,4,1,1,4,4,4,1,1,2,3,2,0,3,0,1,3,0,1,1,1,1,0,1,0,3,3,4,1,4,0,3,4,3,0,1,1,4,3,1,4,3,1,4,3,4,1,4,1,3,1,3,4,1,2,4,3,2,3,1,4,4,0,2,1,4,1,4,2,4,1,4,3,3,1,1,1,3,4,3,0,1,3,4,2,4,3,2,3,3,1,4,3,2,0,2,4,0,3,3,1,1,3,4,1,3,0,4,4,4,3,1,4,0,4,4,3,3,0,0,1,4,4,3,3,2,1,3,4,2,3,1,3,3,1,0,4,4,3,1,1,2,0,1,4,1,0,3,1,0,4,2,3,3,0,1,1,3,4,4,4,3,1,4,1,1,1,1,1,4,3,0,2,1,4,4,1,1,0,0,4,4,2,0,1,4,3,2,2,2,3,2,4,4,2,0,4,0,3,3,4,0,4,0,0,0,3,4,2,4,0,3,1,1,0,2,4,4,0,4,0,2,4,1,1,0,1,0,2,4,2,3,0,4,4,4,0,2,0,0,3,2,0,1,0,2,2,1,3,0,0,2,4,3,1,0,4,4,2,1,2,2,2,1,2,2,1,0,2,4,1,2,0,2,1,2,3,1,1,1,2,3,1,3,0,4,4,1,0,0,4,2,3,0,1,0,0,4,1,1,2,1,3,2,0,1,1,4,0,0,4,0,1,2,4,1,3,4,1,3,3,1,1,4,2,1,4,2,1,0,2,0,3,4,3,0,3,3,4,2,3,2,1,4,4,0,2,1,3,4,1,4,1,2,0,3,0,1,3,1,3,0,0,2,3,1,1,0,2,1,2,0,1,4,0,3,3,2,1,3,1,4,0,3,1,1,0,1,1,2,4,1,1,2,3,1,1,2,3,2,0,1,2,4,3,2,0,1,2,1,4,2,2,1,2,0,1,2,1,1,3,3,2,3,1,0,0,3,1,2,1,1,0,4,2,4,0,2,4,2,3,3,3,1,3,2,4,2,0,4,2,0,1,1,0,4,1,3,1,3,1,0,1,1,2,2,2,0,1,4,3,1,3,0,1,1,3,3,2,2,0,1,2,0,0,4,1,2,2,2,3,2,2,2,4,0,0,3,1,1,2,2,3,4,4,1,0,1,1,0,2,0,1,2,1,2,1,2,2,0,4,3,0,1,0,3,2,2,4,2,2,2,4,1,3,3,0,3,1,4,1,1,2,2,3,3,0,4,3,1,1,1,2,1,2,2,4,2,2,3,1,2,2,2,2,2,1,4,2,3,2,1,4,1,2,4,4,2,2,1,0,4,4,4,2,2,1,4,3,2,2,1,2,4,1,4,1,1,2,1,2,3,3,2,1,2,2,0,2,2,2,1,2,2,0,4,3,0,1,3,3,4,1,2,1,0,2,4,2,1,1,0,4,0,3,1,3,0,2,4,0,2,2,4,0,3,3,0,2,3,3,1,3,2,1,3,2,1,2,2,4,1,1,1,1,2,2,2,3,2,2,1,1,2,3,3,1,2,1,0,4,1,4,3,0,2,2,0,4,2,2,4,1,1,1,2,1,0,3,2,0,4,3,1,4,0,0,4,2,2,1,2,4,2,2,4,3,0,3,3,1,3,0,2,4,1,4,3,2,2,0,3,4,0,2,2,0,0,4,3,2,2,1,4,1,2,0,1,2,1,2,2,4,2,1,2,0,2,2,2,2,2,0,1,1,1,1,2,1,4,2,0,2,2,1,0,4,3,2,3,3,0,1,2,2,2,2,3,2,1,1,3,3,2,2,3,1,1,1,0,1,2,0,1,2,4,1,4,1,3,4,1,3,0,4,0,4,2,3,1,4,1,1,0,1,3,0,2,1,0,2,0,3,4,0,3,1,4,3,0,4,1,1,1,1,2,3,1,2,4,2,1,1,1,3,4,1,3,0,1,4,4,2,1,2,3,4,0,0,3,0,1,2,0,2,4,2,4,3,3,3,4,4,1,1,3,0,2,2,2,2,2,0,4,3,3,2,1,2,1,0,4,1,0,0,2,3,1,2,2,1,0,4,2,1,1,4,2,1,2,3,1,4,1,4,2,2,3,2,1,1,1,4,4,4,1,4,1,4,4,1,3,0,3,1,1,2,4,4,3,4,3,4,4,0,4,4,1,4,1,3,3,1,1,3,3,1,3,1,2,3,2,3,2,4,1,3,1,0,4,1,4,1,4,1,1,2,2,1,1,2,0,2,3,2,2,4,2,1,3,4,0,3,2,0,2,2,2,3,1,1,2,2,2,2,4,3,0,2,0,1,4,4,4,4,2,3,4,3,2,1,1,4,0,4,1,1,3,3,0,1,2,2,1,4,1,3,2,2,3,0,2,0,4,2,2,0,0,3,2,1,4,4,0,2,2,1,1,0,3,2,0,2,4,0,3,2,1,0,2,3,2,2,3,4,4,1,1,1,2,2,0,4,3,1,2,1,2,2,1,4,4,3,1,2,2,4,0,4,3,2,2,4,4,2,1,2,4,2,1,2,2,3,2,0,4,4,2,1,2,2,2,4,0,4,3,3,3,4,4,2,4,4,0,1,2,3,2,3,3,0,2,1,2,2,4,3,3,4,1,0,1,0,2,1,1,0,1,3,2,1,1,2,3,2,1,3,4,2,3,0,0,4,2,3,1,2,1,4,0,1,3,3,0,0,2,0,1,0,4,1,0,2,1,1,1,3,0,2,3,3,3,2,4,4,2,2,2,0,2,0,2,3,1,0,2,3,4,1,0,4,1,2,1,1,3,3,1,2,1,4,2,3,1,4,0,1,2,2,3,0,0,4,4,2,3,0,3,0,2,1,2,4,3,4,0,4,1,1,0,3,1,1,0,2,1,2,0,1,1,1,3,1,1,1,1,2,1,4,3,2,2,3,2,2,2,2,3,3,2,2,3,1,0,2,2,2,2,2,2,1]",ok,
132,kmeans,3,0.1,0.4383737979679435,13,"fused_1_medium+fused_3_high+fused_4_high, fused_2_medium+fused_3_high+fused_4_high+fused_5_low, fused_1_high+fused_2_medium+fused_3_low+fused_4_high+fused_5_low, fused_1_medium+fused_2_medium+fused_3_medium+fused_4_high+fused_5_low, fused_2_low+fused_3_high+fused_4_high, fused_1_low+fused_2_medium+fused_4_high+fused_5_low, fused_2_low+fused_4_high+fused_5_medium, fused_1_medium+fused_2_low+fused_4_high, fused_1_medium+fused_4_high+fused_5_medium, fused_1_medium+fused_2_high, fused_2_high+fused_4_medium, fused_2_high+fused_3_medium+fused_5_high, fused_3_high+fused_4_high+fused_5_medium",cao,"[167, 214, 192, 294, 932]",0.18769909231306653,0.032240133407448586,"[1,4,1,1,4,4,4,2,1,4,2,4,2,3,3,4,4,3,1,4,3,4,1,1,3,1,4,4,4,4,1,4,1,4,1,4,4,4,4,4,4,4,4,4,3,1,1,1,4,2,4,0,4,4,4,3,3,3,4,4,3,1,1,4,4,3,4,4,1,1,3,4,1,4,1,1,3,4,4,1,4,3,4,4,4,1,1,1,4,1,4,4,4,3,4,4,2,3,4,3,4,2,4,4,3,2,4,3,4,1,4,2,4,4,3,4,4,4,4,1,4,4,4,4,4,4,4,0,3,4,1,4,3,4,3,4,3,4,3,4,4,3,0,1,1,1,4,4,3,4,4,4,3,1,1,1,4,1,4,3,1,0,4,4,3,1,4,4,3,4,4,4,1,4,4,1,4,2,2,4,3,1,4,1,2,4,4,4,3,4,1,1,3,4,4,4,1,4,4,4,4,4,3,4,2,4,4,0,4,1,4,3,4,1,3,4,4,4,3,1,4,4,1,4,1,4,1,4,4,3,1,4,4,4,4,4,3,4,4,4,4,4,1,4,4,3,3,1,4,2,2,3,4,1,1,4,4,4,4,4,4,4,1,1,4,3,4,4,4,4,4,1,3,4,0,4,3,3,1,4,4,3,4,1,4,4,4,4,3,0,4,4,3,3,4,3,1,4,3,1,4,4,3,1,4,4,4,4,4,4,2,1,4,4,3,4,4,1,4,4,4,4,2,4,4,1,4,3,4,3,3,2,4,3,4,4,4,1,4,4,4,3,3,3,4,3,4,4,4,4,3,3,4,4,4,3,4,4,3,4,4,3,1,4,4,4,4,4,4,4,4,4,1,4,4,4,4,4,4,1,3,4,1,3,4,1,4,4,4,4,1,3,2,3,4,1,4,4,4,4,3,4,4,4,4,4,3,0,3,4,4,4,4,4,1,2,3,1,4,4,4,2,4,1,4,1,3,4,4,4,4,4,2,2,1,4,1,4,4,4,4,4,2,3,0,4,4,4,4,4,0,4,0,4,4,2,4,4,3,4,4,3,4,4,1,4,4,3,4,4,3,3,4,1,4,0,4,1,4,1,1,4,3,4,4,4,2,2,1,1,4,4,1,1,1,4,4,2,4,0,3,4,3,4,4,3,4,4,4,4,3,4,3,4,4,4,4,4,3,4,1,4,3,4,4,4,4,4,3,4,4,1,4,1,4,3,4,4,4,4,1,4,2,4,4,2,4,2,1,1,3,2,4,1,4,4,2,4,4,1,4,4,4,4,4,4,1,4,3,4,4,4,0,1,4,2,4,4,4,4,4,2,3,0,4,3,4,4,4,4,4,1,4,4,3,1,3,4,4,4,1,3,4,1,4,4,3,3,4,1,1,4,4,2,4,4,1,0,4,4,4,4,4,3,1,4,4,4,4,0,3,4,3,4,3,4,4,3,1,2,4,4,3,4,4,4,1,4,4,4,4,1,4,4,4,4,4,1,4,3,2,4,1,3,4,4,3,3,1,1,0,3,4,4,4,2,2,2,4,2,1,4,2,3,1,3,4,4,4,3,4,3,3,3,4,4,2,1,3,4,4,4,3,0,1,1,3,4,3,2,3,4,4,3,4,3,0,1,2,4,3,1,1,4,3,0,3,3,4,2,3,4,3,2,2,4,4,3,3,0,4,4,4,3,4,1,0,4,0,0,2,4,2,0,4,3,0,1,4,2,3,0,4,0,4,4,4,4,4,4,4,4,3,1,4,4,3,3,4,0,4,3,4,3,3,1,4,4,2,4,4,0,3,4,4,3,3,3,4,3,4,2,1,4,4,1,4,4,4,4,4,1,2,4,4,0,4,3,2,3,4,1,4,3,4,4,4,2,4,0,4,4,1,3,0,4,4,4,4,4,4,2,3,4,3,4,4,4,4,3,3,0,4,4,4,3,2,4,2,3,4,1,3,4,4,0,4,4,4,1,3,4,4,4,3,4,4,2,1,4,4,0,4,4,4,0,4,2,3,4,2,4,4,2,3,4,0,4,4,0,2,4,0,3,4,2,4,4,4,4,4,4,4,3,3,4,4,2,4,4,3,1,2,4,3,0,1,2,4,4,4,4,4,2,1,2,3,4,2,3,4,4,3,1,4,4,4,4,4,3,4,4,2,2,2,3,4,3,4,4,4,3,4,4,4,4,2,2,3,4,2,3,3,4,4,0,0,0,4,0,2,0,1,3,3,4,4,4,2,0,4,1,4,4,3,2,4,3,2,3,4,0,4,2,4,2,2,3,4,4,3,4,3,4,2,0,1,2,0,0,1,4,4,4,3,4,4,1,4,4,0,0,4,4,3,1,4,4,4,4,0,4,0,0,4,2,2,4,4,2,0,0,2,2,4,4,0,4,0,4,1,4,0,4,4,2,2,4,3,1,4,4,2,0,4,4,4,0,0,4,2,4,4,1,2,4,2,4,0,4,4,2,4,0,0,3,2,0,0,4,0,0,3,1,4,3,4,4,4,4,4,0,4,3,2,4,2,4,4,3,4,3,4,4,4,3,2,4,3,0,2,1,3,4,4,3,0,4,4,4,4,2,4,4,0,4,2,2,1,4,4,4,4,0,0,0,4,0,2,4,4,0,4,4,4,4,4,3,1,4,3,4,4,0,0,3,4,0,2,1,4,4,4,2,4,3,4,0,3,4,4,4,1,3,3,1,0,2,4,2,4,0,0,1,4,3,4,4,4,4,3,0,4,4,4,4,0,0,3,4,1,3,2,2,3,3,4,4,2,0,4,1,4,0,3,4,0,4,2,2,1,0,4,0,3,4,2,0,0,0,3,4,4,4,4,0,4,1,0,3,0,0,4,3,4,4,0,4,4,3,4,2,2,2,0,4,0,4,4,4,4,2,2,4,4,4,4,3,4,0,3,4,0,4,4,4,4,4,4,4,4,3,1,3,1,0,4,4,1,4,4,3,4,4,3,2,4,4,2,3,4,1,3,4,4,1,4,3,3,4,4,4,4,2,4,4,2,1,0,4,4,4,4,1,4,4,3,4,1,1,2,4,0,4,1,3,3,4,3,4,0,3,2,1,0,1,4,4,4,4,1,4,4,4,3,2,0,0,2,2,3,1,4,4,0,4,2,4,3,1,4,3,3,0,4,4,0,0,4,3,1,2,4,4,1,2,4,2,4,4,1,4,1,0,2,4,4,4,4,4,1,1,4,4,4,4,4,4,4,4,3,4,4,4,0,1,4,4,4,4,4,4,3,1,1,4,1,4,4,4,4,4,4,4,4,4,4,2,4,0,4,2,4,4,4,4,3,1,4,1,4,4,4,4,2,0,4,4,2,3,2,4,0,2,1,2,4,4,3,3,4,2,3,0,2,0,4,4,4,2,0,0,2,1,4,3,2,3,4,1,4,1,1,0,4,4,4,2,4,4,4,3,1,4,4,4,4,3,4,0,0,4,1,4,4,0,0,4,3,2,3,4,0,0,3,3,4,0,4,1,4,3,4,2,4,4,3,4,2,3,0,1,3,4,0,4,3,0,4,0,2,4,1,3,4,4,4,2,2,3,4,4,4,0,4,2,2,4,1,4,4,4,0,2,1,3,4,4,0,0,1,1,2,4,2,1,2,4,0,2,4,2,3,4,4,2,4,2,2,0,4,3,1,4,4,4,3,1,2,4,4,3,4,2,4,2,4,4,3,0,4,2,0,1,4,4,1,4,3,4,3,2,4,4,3,4,4,0,4,4,2,4,0,4,4,1,2,4,3,3,1,0,4,4,0,4,1,3,4,4,4,3,3,2,3,4,3,4,4,3,0,4,4,4,4,3,2,4,4,4,2,1,1,0,2,2,3,0,3,0,4,4,3,2,4,4,4,3,4,4,0,4,4,4,4,4,0,4,4,0,4,4,4,3,4,0,2,4,3,3,3,1,2,4,3,4,3,0,4,2,4,4,1,3,4,4,4,3,4,4,4,3,2,4,2,3,4,4,4,4,4,4,4,4,2,4,4,4,0,2,4,0,2,2,2,4,4,2,0,4,4,3,0,4,2,0,0,2,4]",ok,
133,kmeans,5,1.0,0.42748573683993574,0,,,[],,,,baseline_no_features,
134,kmeans,5,0.95,0.42748573683993574,0,,,[],,,,baseline_no_features,
135,kmeans,5,0.9,0.42748573683993574,0,,,[],,,,baseline_no_features,
136,kmeans,5,0.85,0.42748573683993574,0,,,[],,,,baseline_no_features,
137,kmeans,5,0.8,0.42748573683993574,0,,,[],,,,baseline_no_features,
138,kmeans,5,0.75,0.42748573683993574,0,,,[],,,,baseline_no_features,
139,kmeans,5,0.7,0.42748573683993574,0,,,[],,,,baseline_no_features,
140,kmeans,5,0.65,0.42748573683993574,0,,,[],,,,baseline_no_features,
141,kmeans,5,0.6,0.42748573683993574,0,,,[],,,,baseline_no_features,
142,kmeans,5,0.55,0.42748573683993574,0,,,[],,,,baseline_no_features,
143,kmeans,5,0.5,0.42748573683993574,0,,,[],,,,baseline_no_features,
144,kmeans,5,0.45,0.42748573683993574,0,,,[],,,,baseline_no_features,
145,kmeans,5,0.4,0.4803453985720852,1,fused_4_veryhigh,huang,"[197, 602, 593, 164, 243]",0.22113905184150257,0.055586436909394105,"[4,2,4,4,1,1,4,0,4,2,0,1,0,2,2,2,2,2,4,4,2,2,4,4,2,4,2,1,2,1,4,1,4,2,4,2,2,1,2,2,2,1,2,2,2,4,4,4,1,0,1,3,1,1,2,2,2,2,2,1,2,4,4,2,1,2,1,1,4,4,2,2,4,1,4,4,2,1,1,4,2,2,1,2,2,4,4,4,1,4,2,1,4,2,2,1,0,2,1,2,1,0,1,1,2,0,1,2,1,4,2,0,2,2,2,2,1,2,1,4,2,1,1,1,2,2,2,3,2,2,4,2,2,2,2,1,2,2,2,4,2,2,3,4,4,4,2,1,2,2,1,1,2,4,4,4,1,4,1,1,4,3,1,1,1,4,1,1,1,2,1,2,4,1,1,1,1,0,0,1,2,4,2,4,0,1,2,1,2,1,4,4,2,2,1,2,4,4,1,1,2,1,2,2,0,1,1,3,1,4,2,2,4,4,2,1,1,1,2,4,1,2,4,2,4,1,4,2,1,2,4,1,2,1,1,2,2,1,1,1,1,1,4,2,1,2,2,1,1,0,0,2,2,4,4,2,1,2,2,4,1,1,4,4,1,2,2,2,2,1,1,4,2,1,3,4,2,2,4,1,1,2,1,2,1,4,2,1,2,3,2,2,2,2,2,2,1,1,2,4,1,1,1,4,1,2,1,2,2,1,0,4,2,2,2,1,1,4,1,2,2,2,0,2,2,4,1,4,1,2,1,0,1,2,2,1,1,4,1,1,2,1,2,2,1,1,2,2,1,1,2,2,1,1,1,2,1,1,2,1,1,2,4,2,1,2,2,1,1,2,2,2,4,2,1,2,2,2,1,4,2,1,4,2,2,4,1,1,1,1,4,2,0,2,2,4,1,1,1,1,2,2,2,1,1,1,2,3,2,1,1,1,1,2,4,0,2,4,1,1,1,0,2,4,1,4,1,2,1,2,1,1,0,0,4,2,4,1,2,2,2,2,0,2,3,2,2,1,1,1,3,2,3,1,2,0,1,1,1,1,1,2,2,1,4,2,1,2,2,2,2,2,1,4,1,3,1,4,1,4,4,2,2,2,1,2,0,0,4,1,2,2,4,1,4,2,1,0,1,3,2,1,2,1,2,2,2,1,2,1,2,1,2,2,2,2,1,1,2,1,4,2,2,1,1,1,1,1,1,1,1,4,2,4,1,2,1,2,1,1,4,2,0,1,2,0,1,1,4,4,2,0,2,4,2,4,0,4,2,4,2,1,2,1,1,1,4,2,2,2,1,1,3,4,2,0,2,1,2,4,2,0,2,3,1,2,2,2,1,2,2,4,2,2,2,4,2,1,2,2,4,2,4,4,1,2,2,2,1,4,4,2,2,0,2,1,4,3,1,1,2,2,1,1,4,4,2,1,1,3,2,2,2,1,2,1,1,2,4,0,2,2,2,1,2,2,4,2,2,2,2,4,1,2,2,1,2,4,1,1,0,1,4,2,1,1,2,2,4,4,3,2,2,4,2,0,0,0,2,0,4,1,0,2,4,2,1,1,2,2,2,1,2,2,1,4,0,4,2,1,2,1,1,3,4,4,1,2,2,0,2,2,1,2,2,2,3,4,0,1,2,4,4,2,2,3,1,2,1,0,2,1,2,0,0,1,2,2,2,3,4,1,2,2,2,4,3,2,3,3,0,1,0,3,2,2,3,1,2,0,2,3,2,3,2,2,1,1,0,1,1,1,2,4,1,1,1,2,2,3,1,2,1,2,2,4,1,2,0,1,2,3,2,2,1,2,2,2,4,1,1,0,4,1,1,4,2,2,1,2,1,4,0,2,4,3,1,2,0,2,2,4,2,2,2,2,1,0,1,3,1,1,4,2,3,2,2,4,1,4,2,0,2,2,2,1,2,1,2,2,1,3,2,1,1,2,0,2,0,1,2,4,2,1,2,3,1,1,1,4,2,2,1,2,2,1,2,0,4,1,2,3,1,2,1,3,1,0,2,2,0,2,2,0,2,1,3,2,2,3,0,1,3,2,1,0,1,1,2,2,1,1,1,2,2,1,1,0,1,2,2,4,0,2,2,3,4,0,1,2,2,1,1,0,4,0,1,1,0,2,2,1,2,1,2,2,1,1,1,2,1,2,0,0,0,2,1,1,2,1,2,2,1,1,2,2,0,0,2,1,0,1,2,1,1,3,3,3,2,3,0,3,4,2,1,1,1,1,0,3,1,4,1,2,2,1,1,2,0,2,1,3,1,0,1,0,0,1,2,2,2,1,2,1,0,3,4,0,3,3,4,1,2,2,2,1,1,4,1,1,3,3,1,1,2,4,1,1,1,1,3,1,3,3,1,0,0,2,2,0,3,3,0,0,1,2,3,1,3,1,4,1,3,1,1,0,0,1,2,4,4,1,0,3,2,1,1,3,3,1,0,4,1,4,1,1,0,1,3,2,1,0,1,3,3,2,0,3,3,1,3,3,2,4,2,2,2,2,1,2,1,3,1,2,0,2,0,1,1,2,2,2,1,2,1,2,0,4,2,3,0,4,2,1,2,2,3,1,2,2,1,0,1,2,3,1,0,0,4,2,2,1,1,3,3,3,1,3,0,1,1,3,2,1,1,0,1,1,4,2,2,1,1,3,3,1,1,3,0,4,1,2,1,0,1,1,1,3,1,4,1,1,4,2,1,4,3,0,1,0,2,3,3,4,2,2,2,2,1,2,2,3,4,1,1,2,3,3,1,1,4,2,0,0,2,2,1,1,0,3,1,4,1,3,1,1,3,1,0,0,4,3,1,3,2,0,0,3,3,3,1,1,2,1,1,3,1,4,3,2,3,3,1,1,2,1,3,1,2,2,1,0,0,0,3,1,3,1,1,1,1,0,0,1,1,2,2,2,1,3,1,2,3,4,1,1,2,1,1,1,2,2,4,1,4,3,1,1,4,1,1,2,1,1,2,0,1,1,0,2,2,4,2,2,1,4,1,2,2,1,2,2,1,0,1,1,0,4,3,1,1,2,2,4,1,2,2,1,4,4,0,1,0,2,4,2,2,2,2,2,3,2,0,4,3,4,1,2,2,4,4,1,2,1,2,0,3,3,0,0,2,4,2,2,3,1,0,1,1,4,1,2,2,3,1,2,3,3,2,2,4,0,1,2,4,0,2,0,2,1,4,2,4,3,0,1,1,1,1,1,4,4,1,1,1,1,1,2,1,1,1,2,2,1,3,4,4,2,2,2,1,1,2,4,4,1,4,1,1,1,1,2,2,1,1,2,1,0,1,3,2,0,4,2,2,1,2,4,1,4,1,4,1,1,0,3,1,1,0,2,0,2,3,0,4,0,1,1,2,1,2,0,2,3,0,3,1,2,1,0,3,3,0,4,1,2,0,2,2,4,4,4,4,3,2,2,2,0,1,2,2,2,4,1,1,2,2,2,1,3,3,1,4,1,1,3,3,1,2,0,2,1,3,3,2,1,1,3,1,4,1,2,1,0,1,2,1,2,0,2,3,4,2,1,3,1,2,3,2,0,0,2,4,2,2,2,2,0,0,2,1,1,1,3,1,0,0,1,4,4,2,1,3,0,4,1,1,1,3,3,4,4,0,2,0,4,0,2,3,0,1,0,2,1,4,0,1,0,0,0,1,2,4,1,1,2,1,4,0,1,1,2,2,0,1,0,1,1,2,3,1,0,3,4,1,2,4,1,2,2,1,0,1,2,2,1,1,3,1,1,0,1,3,1,2,4,0,2,1,2,4,3,1,1,3,2,4,2,1,1,2,2,1,0,2,1,2,4,1,2,3,1,1,1,1,2,0,1,1,1,0,4,4,3,0,0,2,3,2,3,1,1,2,0,2,4,2,2,1,1,3,1,1,1,2,1,3,1,1,3,1,1,1,2,1,3,0,2,2,2,1,4,0,1,2,1,2,3,1,0,2,1,4,1,1,2,1,2,2,1,0,2,0,1,0,2,1,2,1,2,1,1,2,1,0,1,2,2,3,0,1,3,0,0,0,1,1,0,3,1,1,2,3,0,0,3,3,0,1]",ok,
146,kmeans,5,0.35,0.4785872699228794,3,"fused_4_veryhigh, fused_4_high, fused_2_medium",huang,"[281, 164, 599, 209, 546]",0.23470671802556117,0.04724847137298499,"[0,4,0,0,2,2,0,3,0,4,3,2,3,4,4,0,4,4,0,0,4,4,0,0,4,0,4,2,4,2,0,2,0,4,0,4,4,2,4,4,4,2,4,4,4,0,0,2,2,3,2,1,2,2,4,0,4,4,4,2,4,0,0,4,2,4,2,2,0,0,4,4,0,2,0,0,4,2,2,0,4,4,2,4,0,2,0,0,2,0,4,2,0,4,4,2,3,4,2,4,2,3,2,2,0,3,2,4,2,0,4,3,4,4,4,4,2,4,2,0,4,2,2,2,4,0,4,1,4,4,0,4,0,4,4,2,4,4,4,0,4,4,1,0,0,0,4,2,4,4,2,2,4,0,0,0,2,0,2,2,0,1,2,2,2,0,2,2,2,0,2,4,0,2,2,2,2,3,3,2,4,0,4,0,3,2,4,2,4,2,0,0,0,4,2,4,0,0,2,2,0,2,4,4,3,2,2,1,2,0,4,4,0,0,4,2,2,2,4,0,2,4,0,4,0,2,0,4,2,4,0,2,4,2,2,4,4,2,2,2,2,2,0,4,2,4,0,2,2,3,3,4,4,0,0,4,2,4,0,2,2,2,0,0,2,4,4,4,4,2,2,0,0,2,1,0,4,4,0,2,2,4,2,0,2,0,4,2,4,1,0,4,4,4,4,0,2,2,4,0,2,2,2,0,2,4,2,4,4,2,3,0,4,0,4,2,2,0,2,4,4,4,3,0,4,0,2,4,2,4,2,3,2,4,4,2,2,0,2,2,4,2,4,4,2,2,4,4,2,2,4,4,2,2,2,4,2,2,4,4,2,4,0,0,2,4,4,2,2,4,4,4,0,4,2,4,4,4,2,0,4,2,0,0,4,0,2,2,2,2,0,4,3,4,4,0,2,2,2,2,4,4,4,2,2,2,4,1,4,2,2,2,2,4,0,3,4,0,2,2,2,3,4,0,2,0,2,4,2,0,2,2,3,3,0,4,2,2,4,4,4,4,3,4,1,4,4,2,2,2,1,4,1,2,4,3,2,2,2,2,2,4,4,2,0,4,2,4,4,4,4,4,2,0,2,1,2,0,2,0,0,4,4,4,2,4,3,3,0,2,4,4,0,2,0,4,2,3,2,1,4,2,4,2,4,4,4,2,4,2,4,2,4,4,4,4,2,2,4,2,0,4,4,2,2,2,2,2,2,2,2,2,4,0,2,0,2,4,2,2,0,4,3,2,0,3,2,2,0,0,4,3,4,0,4,0,3,0,4,0,0,2,4,2,2,2,0,4,4,4,2,2,1,0,4,3,4,2,4,0,4,3,4,1,2,4,4,4,2,4,4,0,4,4,0,2,0,2,4,4,0,4,0,0,2,4,4,4,2,0,0,4,4,3,4,2,0,1,2,2,4,4,2,2,0,0,4,2,2,1,4,4,0,2,4,2,2,4,0,3,4,4,4,2,4,4,0,4,0,4,4,0,2,4,4,2,4,0,2,2,3,2,0,4,2,2,4,4,0,0,1,4,4,0,4,3,3,3,4,3,0,2,3,4,0,4,2,2,0,4,0,2,4,4,2,0,3,0,4,2,4,2,2,1,0,0,2,0,4,3,4,4,2,4,4,4,1,0,3,3,4,0,0,0,4,1,2,4,2,3,4,2,4,3,3,2,4,4,4,1,0,2,4,4,0,2,1,4,1,1,3,2,3,1,4,4,1,2,4,3,4,1,4,1,4,4,2,2,3,2,2,2,4,0,2,2,2,4,0,1,2,4,4,4,4,0,2,4,3,2,4,1,4,4,2,4,4,4,0,2,2,3,0,2,2,0,4,4,2,4,4,0,3,4,0,1,2,4,3,4,4,0,4,4,0,4,2,3,2,1,2,2,0,0,1,4,4,0,2,0,4,3,4,4,4,3,4,2,4,4,2,1,4,2,2,4,3,4,3,2,4,0,4,2,0,1,2,2,2,0,4,4,2,4,4,2,4,3,0,2,4,1,2,4,2,1,2,3,4,4,3,4,4,3,0,2,1,4,4,1,3,2,1,4,2,3,2,2,4,4,3,2,2,4,4,2,2,3,2,4,4,0,3,0,4,1,0,3,2,4,4,2,2,3,0,3,2,2,3,4,4,2,4,2,4,4,2,2,2,4,2,4,3,3,3,4,2,2,4,2,4,4,2,2,4,4,3,3,4,2,3,2,4,2,2,1,1,1,4,1,3,1,2,4,2,2,2,2,3,1,2,0,2,4,4,3,2,4,3,4,3,1,2,3,2,3,3,2,0,4,4,2,4,2,3,1,0,3,1,1,0,2,4,4,4,2,2,0,2,2,1,1,2,2,4,2,2,2,2,2,1,4,1,1,2,2,3,4,4,3,1,1,3,3,2,4,1,2,1,2,0,2,1,2,2,3,3,2,4,0,0,2,3,1,4,2,2,1,1,2,3,0,2,0,3,2,3,2,1,4,2,3,2,1,1,4,3,1,1,2,1,1,4,0,4,4,4,4,2,4,2,1,2,4,3,4,3,2,2,4,0,4,2,4,2,4,3,0,4,1,3,0,4,2,4,4,1,2,4,4,2,3,2,4,1,3,3,3,0,4,4,2,2,1,1,1,2,1,3,2,2,1,4,2,2,2,2,2,0,4,4,2,3,1,1,2,2,1,3,0,2,4,2,3,2,2,2,1,2,0,2,2,2,4,2,0,1,3,2,3,0,1,1,0,4,4,4,4,2,4,4,1,0,3,2,4,1,1,2,2,0,4,3,3,4,4,2,2,3,1,2,0,2,1,2,2,1,2,3,3,0,1,2,1,4,3,3,1,1,1,2,2,4,2,2,1,2,0,1,4,1,1,2,2,0,2,1,2,0,4,2,3,3,3,1,2,1,2,2,2,2,3,3,2,2,4,4,4,2,1,2,4,1,0,2,2,4,2,2,2,4,4,0,2,0,1,2,2,0,2,2,4,2,2,4,3,2,2,3,4,4,0,4,4,2,0,2,4,4,2,4,4,2,3,2,3,3,2,1,2,2,4,4,0,2,0,4,2,0,0,3,2,3,4,0,4,4,4,4,4,1,4,3,0,1,0,2,4,4,0,0,2,4,2,4,3,1,1,3,3,4,0,4,4,1,3,3,2,2,0,2,4,4,1,2,4,1,1,4,4,0,3,2,4,0,3,4,3,4,2,0,4,0,1,3,2,3,2,2,2,0,0,2,2,2,2,2,0,3,2,2,4,4,2,1,0,0,4,0,4,2,2,4,0,0,2,0,2,2,2,2,4,4,2,2,4,2,3,2,1,4,3,0,4,4,2,4,0,2,0,2,0,2,2,3,1,2,2,3,4,3,4,1,3,0,3,2,2,0,2,4,3,4,1,3,1,2,4,2,3,1,1,3,0,2,4,3,4,4,0,0,2,2,1,4,0,4,3,2,4,4,4,0,2,2,4,4,4,2,1,1,2,0,2,2,1,1,2,4,3,0,2,1,1,4,2,2,1,2,0,2,4,3,3,2,4,2,4,3,4,1,0,4,2,1,2,0,1,4,3,3,4,0,4,4,4,4,3,3,0,2,2,2,1,2,3,3,2,0,0,4,2,1,3,0,2,2,2,1,1,2,0,3,4,3,0,3,4,1,3,2,3,4,2,0,3,2,3,3,3,2,4,0,2,2,4,2,0,3,2,2,4,4,3,2,3,2,2,4,1,2,3,1,0,2,4,0,2,0,4,2,3,2,4,4,2,2,1,2,2,3,2,1,2,4,0,3,4,2,4,0,1,2,2,1,4,0,4,2,2,0,4,2,3,4,2,4,0,2,4,1,2,2,2,2,4,3,2,2,2,3,0,0,1,3,3,4,1,4,1,2,2,4,3,4,0,4,4,2,2,1,2,2,2,4,2,1,2,2,1,2,2,4,4,2,1,3,4,4,4,2,0,3,2,4,2,4,1,3,3,4,2,0,2,2,4,2,4,4,2,2,4,3,2,3,4,2,4,2,4,2,2,4,2,3,2,4,4,1,3,2,1,3,3,3,2,2,3,1,2,2,4,1,3,3,1,1,3,2]",ok,
147,kmeans,5,0.3,0.3260341953592601,6,"fused_4_veryhigh, fused_4_high, fused_2_medium, fused_5_low, fused_3_medium, fused_1_medium",cao,"[370, 377, 456, 244, 352]",0.2263957422018308,0.12506948304613674,"[0,0,0,0,2,2,1,4,0,2,4,2,4,1,1,0,2,1,0,0,1,1,0,0,1,0,0,2,0,3,0,2,0,1,0,2,1,2,1,1,1,3,2,2,1,0,0,3,2,4,3,4,2,2,2,0,1,1,1,2,1,0,0,1,3,1,2,2,0,0,0,1,1,2,0,0,1,2,2,0,0,1,2,1,1,3,0,0,2,0,1,2,2,1,2,2,4,1,3,0,2,4,3,2,1,4,3,1,2,0,2,2,2,2,1,1,3,1,3,1,1,2,2,2,1,0,1,4,0,1,0,1,1,2,1,3,1,1,0,0,2,0,4,0,0,0,1,2,1,0,2,3,1,0,0,0,2,0,2,3,0,4,3,2,3,0,2,2,3,0,3,1,0,2,2,1,3,4,4,3,1,0,1,0,4,2,0,2,1,2,0,0,0,0,2,2,0,0,2,3,1,2,0,1,4,3,2,4,2,0,0,1,1,0,1,2,2,2,0,0,1,0,0,1,0,2,0,1,3,1,0,3,2,3,2,2,1,2,2,2,2,3,0,1,1,1,1,0,2,4,4,1,2,0,0,1,2,1,1,0,3,3,0,1,2,1,1,1,2,3,2,0,0,3,4,0,1,0,0,3,3,1,2,0,2,0,1,3,1,4,0,0,0,1,1,1,2,2,1,0,2,3,3,0,2,2,3,2,0,2,4,0,2,1,1,2,2,0,2,1,1,0,4,1,2,0,2,0,2,1,3,4,3,0,0,2,2,0,2,2,2,3,1,1,3,3,1,0,3,2,1,0,3,2,2,1,2,3,0,3,2,1,0,1,3,2,2,3,3,1,1,2,0,2,2,2,1,2,2,0,1,2,0,1,2,0,2,3,2,3,0,1,4,1,1,0,3,2,2,3,1,1,2,3,2,3,1,4,1,2,2,2,3,2,0,4,1,0,2,1,2,4,2,0,3,0,3,1,2,1,2,2,4,4,0,1,0,2,1,1,1,2,4,1,4,2,2,0,2,2,4,0,4,2,0,4,2,3,2,3,2,1,1,2,0,1,2,1,1,1,1,1,2,0,2,4,2,0,3,0,0,1,1,1,2,1,4,4,0,2,1,0,0,3,0,0,2,4,2,4,1,3,1,2,1,1,0,2,0,2,1,2,1,1,1,1,2,2,1,3,0,1,1,2,2,2,3,2,0,3,2,0,0,1,2,0,2,1,2,3,0,2,4,3,1,4,3,2,0,0,1,4,2,0,0,0,4,0,2,0,1,1,0,2,2,3,0,1,1,1,2,1,4,0,2,4,1,3,0,0,1,4,1,4,2,0,1,1,2,2,1,0,1,1,1,3,0,0,1,2,0,1,1,0,3,1,1,1,2,0,0,1,1,4,1,2,0,4,2,2,0,1,2,3,0,0,1,2,2,4,1,2,0,2,1,2,2,1,3,4,1,0,1,2,2,1,0,1,1,1,1,0,2,0,2,2,1,3,1,3,4,3,0,1,2,2,0,1,0,0,4,1,2,0,1,4,2,4,0,4,0,3,4,1,0,1,3,2,0,1,1,3,1,1,3,0,4,0,1,3,2,2,3,4,0,0,3,0,1,4,1,2,2,1,0,1,4,0,2,2,1,0,0,1,1,4,3,1,3,4,1,3,0,4,4,2,1,1,1,4,0,3,2,1,0,0,4,2,4,4,4,3,2,4,2,1,4,3,2,4,1,4,2,4,1,0,3,2,4,3,2,3,1,0,3,2,3,0,0,4,3,1,3,1,1,3,2,2,4,2,2,4,1,2,3,0,1,1,0,3,2,4,0,2,2,0,0,1,3,0,3,0,4,2,0,4,2,0,4,0,1,0,1,0,1,1,2,4,3,4,2,3,0,1,4,2,1,0,3,0,1,4,1,1,1,2,1,2,1,1,3,4,1,3,2,1,4,2,4,3,2,0,1,3,0,4,2,3,2,0,1,2,2,0,1,2,1,4,0,2,0,4,3,0,2,4,3,4,1,2,4,0,1,4,0,2,4,2,0,4,4,2,4,1,2,4,2,2,1,1,4,3,2,1,0,2,2,4,2,0,0,0,4,0,1,4,0,4,3,1,1,2,3,4,0,4,2,2,4,0,2,3,0,0,2,1,2,3,2,1,2,2,4,4,4,1,3,3,1,2,1,1,3,2,1,1,4,4,1,2,4,3,0,3,2,4,4,4,2,4,4,4,3,1,3,3,2,2,4,4,3,0,3,0,1,2,2,1,4,1,2,4,2,4,2,4,4,3,1,1,0,2,1,2,4,4,0,4,4,4,0,2,1,1,1,3,2,0,2,2,4,4,3,3,1,1,3,2,2,2,4,3,4,4,2,2,4,1,2,4,4,4,4,4,2,0,4,2,4,2,0,2,4,3,3,2,4,2,1,0,0,1,4,4,2,2,3,4,4,2,4,0,2,0,2,2,4,3,4,1,3,4,2,4,4,1,4,4,4,2,4,4,0,0,1,1,2,1,3,0,3,4,2,0,4,0,4,2,3,0,0,0,3,2,3,1,4,0,0,4,4,0,0,2,1,1,4,2,1,2,2,4,2,1,4,2,4,4,0,2,0,2,2,4,4,4,3,4,4,2,2,4,1,3,3,2,2,3,0,0,0,1,3,4,4,3,2,4,4,0,2,0,2,4,2,3,3,4,3,0,3,3,3,1,3,0,4,4,2,4,0,4,4,0,0,0,1,1,2,1,1,4,0,2,2,1,4,4,3,2,0,0,4,4,0,1,2,3,4,4,2,0,2,4,3,2,4,2,4,4,0,4,2,4,1,4,4,4,4,4,3,2,0,2,2,4,2,0,4,1,4,4,3,3,0,3,4,3,1,1,2,4,4,4,4,3,4,2,3,3,3,4,4,3,3,1,2,1,3,4,2,1,4,0,2,2,0,2,1,2,1,1,0,3,0,4,3,2,0,3,2,1,2,3,1,4,3,0,4,1,1,0,1,1,3,3,3,1,0,2,0,0,2,4,2,2,4,0,4,2,2,1,1,0,2,1,1,3,0,0,4,2,4,1,0,1,0,2,1,2,4,0,4,0,4,0,3,1,1,0,0,3,2,3,0,4,4,4,4,4,1,1,1,0,4,2,4,2,3,0,3,1,1,4,3,0,4,4,0,1,0,4,2,0,0,2,2,4,1,3,0,2,0,4,4,2,2,2,2,2,0,0,2,2,2,2,3,0,2,2,3,1,1,2,4,0,0,1,0,1,3,2,1,0,0,2,0,3,3,2,2,2,1,3,2,1,2,4,3,4,1,4,0,2,2,2,0,0,2,0,2,0,2,2,4,4,2,2,4,1,4,1,4,4,0,4,3,3,1,3,1,4,0,4,4,4,3,2,2,4,4,4,4,0,3,1,4,0,2,0,0,0,3,4,0,1,1,4,2,2,1,1,0,3,2,1,1,0,2,4,4,2,0,2,3,4,4,3,0,4,0,2,4,4,1,2,3,4,3,0,3,1,4,4,2,2,3,1,4,1,4,0,1,3,4,2,0,4,1,4,4,0,0,1,2,0,2,4,4,0,3,3,2,4,2,4,4,2,0,0,1,2,4,4,0,3,2,3,4,4,3,0,4,0,4,0,4,1,4,4,3,4,1,3,3,4,2,4,4,4,1,0,0,3,3,0,2,0,4,2,2,1,2,4,3,4,2,1,1,4,2,2,4,0,3,1,0,2,1,0,3,4,2,2,1,3,3,4,2,3,4,3,4,2,0,3,4,1,2,0,0,4,3,2,4,2,0,1,2,3,0,1,3,4,1,3,1,0,2,1,4,2,2,3,3,1,4,2,2,3,4,0,0,4,4,4,0,4,1,4,2,2,0,4,1,0,2,0,2,2,4,2,2,2,1,2,4,2,3,4,2,2,3,0,3,4,4,1,1,1,3,0,4,3,1,3,1,4,2,4,0,2,0,2,3,0,2,0,2,2,2,1,4,2,4,1,2,2,2,1,2,2,0,2,4,2,0,1,4,4,3,4,4,4,4,3,3,4,4,3,2,1,4,4,4,4,4,2,2]",ok,
148,kmeans,5,0.25,0.301269971299776,10,"fused_4_veryhigh, fused_4_high, fused_2_medium, fused_5_low, fused_3_medium, fused_1_medium, fused_1_high, fused_3_low, fused_2_high, fused_5_verylow",huang,"[348, 463, 420, 254, 314]",0.1679088080957851,0.058365758754863814,"[3,4,3,3,1,1,2,0,3,1,0,1,0,2,2,3,1,2,3,3,2,2,3,3,2,3,1,1,1,4,2,1,3,2,3,1,2,1,2,2,2,4,1,1,2,3,3,3,4,0,4,0,1,1,1,2,2,2,2,1,2,3,3,2,1,2,4,1,3,3,4,2,2,1,3,3,2,1,1,3,3,2,1,2,2,3,3,3,1,3,2,1,1,2,1,1,0,2,4,4,1,0,1,4,2,0,4,2,1,3,1,1,1,1,2,2,4,2,4,2,2,1,1,1,2,2,2,0,4,2,3,2,2,1,2,4,2,2,4,3,1,4,0,3,3,3,2,1,2,1,1,4,2,3,3,3,1,3,1,4,3,0,4,1,4,3,1,4,4,2,1,2,3,1,1,2,4,0,0,4,2,3,2,3,0,1,1,4,2,1,3,3,3,3,1,1,3,3,4,4,2,1,4,2,0,4,1,0,1,3,1,2,2,3,2,1,1,1,4,3,2,2,3,2,3,1,3,2,4,2,3,4,1,4,1,1,2,1,1,1,1,4,3,2,2,2,2,3,1,0,0,2,1,3,3,2,1,2,2,3,1,4,3,2,1,2,2,2,1,4,1,3,2,4,0,3,2,4,3,4,4,2,1,3,1,3,2,1,2,0,2,1,4,2,2,2,3,1,2,3,1,4,4,3,1,1,1,1,1,1,0,3,1,2,2,1,1,3,2,2,2,2,0,2,1,3,1,2,1,2,4,0,2,4,1,1,1,3,1,1,1,4,2,2,4,4,2,2,4,4,2,4,4,4,1,2,4,1,4,4,2,2,3,2,1,1,1,4,4,2,2,1,3,1,1,1,2,1,1,3,4,1,3,2,1,3,1,4,4,4,3,2,0,2,2,3,4,1,1,4,2,2,1,4,1,4,2,0,2,1,1,1,4,1,3,0,2,3,1,2,1,0,1,3,4,3,4,2,2,2,1,1,0,0,3,2,3,1,2,2,2,2,0,2,0,1,1,4,1,1,0,4,0,1,1,0,1,4,2,4,1,2,2,1,3,2,1,2,2,2,2,2,1,3,1,0,1,3,4,3,3,2,2,2,1,2,0,0,3,3,2,1,3,4,3,1,1,0,1,0,2,4,2,4,2,2,4,1,1,4,2,4,2,2,2,2,1,3,2,4,3,2,2,1,1,3,4,1,4,1,1,3,1,2,1,3,1,2,4,2,3,1,0,4,2,0,4,1,3,3,2,0,1,3,2,3,0,3,1,3,2,2,1,1,1,4,3,2,2,2,1,2,0,3,1,0,2,1,1,3,2,0,2,0,1,4,2,2,1,1,2,3,2,2,2,3,2,4,2,1,3,2,2,3,1,2,2,2,1,3,3,2,2,0,2,1,3,0,1,1,1,2,1,4,3,3,2,1,1,0,2,1,3,1,2,1,1,2,3,0,2,1,2,4,1,2,3,2,2,2,2,3,1,1,1,1,2,3,2,4,0,4,3,2,4,1,4,2,3,3,0,2,1,3,2,0,1,0,3,0,3,4,0,2,3,2,4,1,2,2,2,4,2,2,4,3,0,3,2,4,1,1,4,0,3,3,4,2,2,0,2,1,4,2,1,2,0,3,0,1,2,3,3,2,2,0,4,2,4,0,2,4,4,0,0,1,2,2,2,0,3,4,1,2,2,3,0,1,0,0,1,1,0,0,1,2,0,4,1,0,2,0,1,0,2,1,4,1,0,1,4,1,2,3,1,2,4,4,2,0,4,4,4,2,2,3,1,1,0,1,1,0,2,1,4,3,2,2,3,4,1,0,3,1,2,3,1,2,4,4,4,3,0,1,3,0,1,4,0,4,2,3,2,4,2,2,3,0,4,0,4,4,3,2,0,1,2,3,4,3,1,0,2,2,2,1,2,1,2,2,4,0,2,4,1,2,0,1,0,4,1,3,2,4,2,0,1,1,1,3,2,1,1,1,2,1,2,0,3,1,4,0,4,1,4,0,4,0,2,1,0,3,2,0,3,1,0,1,4,0,0,1,0,2,1,0,1,1,2,2,1,4,1,2,4,2,1,0,1,1,4,3,0,2,2,0,3,0,1,2,2,1,4,0,3,0,2,1,0,4,1,4,4,3,1,2,4,4,4,2,1,1,0,1,1,2,4,4,2,1,2,2,1,1,2,2,0,0,4,1,0,4,4,4,1,0,0,0,1,0,0,0,3,2,4,4,1,1,0,0,4,3,1,4,2,1,4,2,0,2,1,0,4,0,4,0,0,4,2,2,4,1,2,1,0,0,3,0,0,0,3,1,2,2,2,4,1,3,1,1,0,0,1,4,2,2,4,1,1,1,0,4,0,0,1,1,0,2,1,0,0,0,0,0,1,2,0,1,0,1,3,1,0,1,1,1,0,1,2,3,3,2,0,0,1,1,4,0,0,1,0,3,1,3,1,4,0,1,0,2,4,0,4,0,0,2,0,0,0,1,0,0,4,3,2,4,1,2,4,3,4,0,4,4,0,2,0,1,4,4,3,4,1,1,4,2,0,3,4,0,0,3,4,1,2,2,0,1,2,1,2,1,1,2,0,1,1,0,3,1,1,1,1,0,0,0,4,0,0,1,1,0,2,4,4,1,1,4,3,4,3,2,4,0,0,4,1,0,0,3,1,1,1,0,1,4,2,0,2,3,4,4,3,2,4,3,0,0,1,0,2,0,0,3,1,4,2,2,1,2,2,0,3,1,1,2,0,0,4,1,3,4,0,0,4,2,1,4,0,0,1,3,1,0,4,1,0,1,0,0,3,0,1,0,2,0,0,0,0,0,4,4,4,1,1,0,1,3,0,2,0,0,4,4,4,1,0,4,2,2,1,0,0,0,0,4,0,4,4,4,4,0,0,4,4,2,1,4,4,0,4,2,0,3,4,4,4,1,2,1,2,2,3,4,3,0,4,1,3,4,4,4,4,4,2,0,4,4,0,2,2,3,2,2,4,3,4,2,2,1,4,1,1,0,1,1,0,3,0,1,1,2,2,3,1,2,4,4,3,3,0,1,0,2,3,2,4,1,2,1,0,4,0,3,0,3,4,2,2,3,3,1,1,4,4,0,0,0,0,0,2,2,2,1,0,1,0,4,4,3,4,2,2,0,4,2,0,0,1,2,3,0,1,1,3,0,1,0,2,1,3,1,3,0,0,1,1,1,1,1,3,3,1,4,2,1,4,3,1,1,4,2,2,1,0,3,3,2,2,2,4,1,2,3,3,1,3,4,4,1,1,1,2,4,4,2,1,0,4,0,1,0,3,1,1,1,4,3,1,3,1,3,1,1,0,0,1,1,0,2,0,2,0,0,3,0,4,4,2,4,2,0,4,0,0,0,4,1,1,0,0,0,0,3,4,2,0,4,1,3,3,3,3,0,1,2,2,1,1,1,2,2,3,4,1,2,2,4,1,0,0,1,3,1,2,0,0,4,4,0,2,4,0,0,2,1,4,0,4,3,4,2,0,0,1,1,4,2,0,2,0,3,2,4,0,1,2,0,2,0,0,1,3,2,1,1,1,0,0,2,4,4,1,0,1,0,0,1,3,3,2,1,0,0,3,4,1,4,0,0,4,3,0,4,0,3,0,2,0,1,4,0,2,4,3,0,4,0,0,0,2,4,3,4,4,4,2,3,0,2,1,2,1,0,2,0,1,2,2,0,1,1,0,3,4,2,3,1,2,1,4,0,1,1,2,4,1,0,1,4,0,4,0,4,4,3,0,2,2,4,3,0,4,1,0,1,3,2,1,4,2,2,4,0,2,4,2,3,1,2,0,1,1,4,4,2,0,1,1,4,0,3,3,0,0,0,4,0,2,0,1,1,4,0,2,3,1,4,1,1,0,1,1,1,2,1,0,1,1,0,2,1,3,4,4,0,0,2,2,2,4,3,0,2,2,4,2,0,1,0,2,1,3,2,4,1,4,4,1,1,1,2,0,4,0,2,1,1,4,2,1,1,3,1,0,1,1,2,0,0,4,0,0,0,0,4,4,0,0,4,1,2,0,0,0,0,0,0,1]",ok,
149,kmeans,5,0.2,0.31995293947966635,9,"fused_4_high, fused_3_medium, fused_1_medium, fused_1_high, fused_3_low, fused_2_high, fused_5_verylow, fused_2_medium+fused_4_veryhigh, fused_4_veryhigh+fused_5_low",huang,"[597, 444, 142, 210, 406]",0.17453193317485002,0.03557531962201223,"[4,4,4,4,0,0,1,3,4,0,3,0,3,1,1,1,0,1,4,4,1,1,4,4,1,4,0,0,0,0,4,0,4,1,4,0,1,0,1,1,1,0,0,0,1,4,1,4,0,3,0,2,0,0,0,1,1,1,1,0,1,4,4,1,0,1,0,0,4,4,1,1,1,0,4,4,1,0,0,4,0,1,0,1,1,4,4,4,0,4,1,0,4,1,0,0,3,1,0,1,0,3,0,0,1,3,4,1,0,4,0,0,0,0,1,1,0,1,4,1,1,0,0,0,1,4,1,3,1,1,4,1,1,0,1,4,1,1,1,4,0,1,3,4,4,4,1,0,1,0,0,4,1,4,4,4,0,4,0,4,4,2,0,0,4,4,0,0,4,1,4,1,4,0,0,4,0,3,3,0,1,4,1,4,3,0,0,0,1,0,4,4,4,1,0,0,4,4,0,4,1,0,1,1,3,4,0,2,0,4,0,1,1,4,1,0,0,0,1,4,4,1,4,1,4,0,4,4,0,1,4,0,0,0,0,0,1,0,0,0,0,4,4,1,4,1,1,4,0,3,3,1,0,4,4,1,0,1,1,4,0,0,4,1,0,1,1,1,0,0,0,4,1,0,2,4,1,1,4,0,0,1,0,4,0,4,1,0,1,2,4,0,1,1,1,1,4,0,1,4,0,0,4,4,0,0,0,0,0,0,3,4,0,1,1,0,0,4,4,1,1,1,3,1,0,4,0,1,0,1,4,3,4,1,0,0,0,4,0,0,0,4,1,1,0,4,1,0,0,0,1,1,0,0,0,1,0,0,1,0,4,1,4,1,0,0,0,4,0,1,1,0,4,0,0,0,1,0,0,4,1,0,4,1,0,4,0,4,0,4,4,1,3,1,1,4,0,0,0,4,1,1,0,4,0,0,1,2,1,0,0,0,4,0,4,3,1,1,0,4,0,3,0,4,0,4,4,1,4,1,0,0,3,3,4,1,4,0,1,1,1,1,3,1,2,0,0,4,0,0,2,0,2,0,0,3,0,0,4,4,0,1,1,0,4,1,0,1,1,1,1,1,0,4,0,3,0,4,0,4,4,1,1,1,0,1,3,3,4,4,1,0,4,4,4,0,0,3,0,2,1,4,1,0,1,1,1,0,0,0,1,0,1,1,1,1,0,4,1,0,4,1,1,0,0,4,0,0,4,0,0,4,0,1,0,4,0,1,0,4,4,0,3,4,1,3,4,0,4,4,1,3,0,4,0,4,3,4,0,4,1,4,0,0,0,0,4,1,1,1,0,4,2,4,0,3,1,0,0,4,1,3,1,2,0,1,1,1,0,0,1,4,1,1,1,4,1,4,1,0,4,1,1,4,0,1,1,1,0,4,4,1,1,3,1,0,4,2,0,0,0,1,0,4,4,4,1,0,0,2,1,0,4,0,1,0,0,1,4,3,1,0,1,0,0,1,4,1,1,1,1,4,0,0,0,0,1,4,4,4,3,0,4,1,0,0,1,1,4,4,2,1,0,4,1,3,0,3,0,3,4,4,3,1,4,1,4,0,1,1,1,4,1,1,4,4,3,4,1,4,0,0,4,2,4,4,4,1,1,3,1,0,0,1,0,1,2,4,3,0,1,4,4,1,1,2,4,1,0,3,1,4,1,3,3,0,1,1,1,2,4,4,0,1,1,4,2,0,2,2,3,0,3,2,0,1,2,4,0,3,1,3,0,2,1,0,0,0,3,0,0,4,1,4,0,4,4,1,1,2,4,1,0,1,1,4,0,0,3,0,0,2,1,0,0,1,1,1,4,4,0,3,4,0,4,4,0,1,0,0,0,4,3,0,4,2,0,1,3,1,1,4,1,1,1,1,0,3,4,3,0,4,4,1,2,0,1,4,0,4,0,3,1,1,1,0,1,0,1,1,4,2,1,0,0,1,3,0,3,4,0,4,1,4,1,2,0,0,0,4,1,0,0,0,1,0,1,3,4,0,1,2,4,0,0,2,4,3,1,0,3,0,1,3,4,0,2,0,4,2,3,0,2,1,0,3,0,0,1,1,0,4,0,1,1,4,0,3,0,0,1,4,3,1,1,2,4,3,0,1,1,0,4,3,4,3,4,0,3,1,0,4,1,4,0,1,0,4,0,1,0,0,3,3,3,1,0,4,1,0,1,1,0,0,1,1,3,3,1,0,3,4,1,0,0,2,2,2,0,2,3,2,4,1,4,0,0,0,3,2,0,4,0,1,1,0,0,1,3,1,0,2,0,3,0,3,3,4,1,1,1,0,1,0,3,2,4,3,2,2,4,0,1,1,1,4,0,4,0,0,2,2,0,0,1,4,4,0,0,0,2,0,2,2,0,0,3,1,0,3,2,2,3,3,0,1,2,0,2,0,4,0,2,0,0,0,3,0,1,4,4,4,3,2,0,4,4,2,2,0,3,4,0,4,0,0,3,0,2,1,0,3,0,3,2,1,3,2,2,0,2,2,1,4,1,1,0,1,4,1,0,2,0,1,3,1,3,0,0,1,4,1,0,0,4,1,3,4,1,2,3,4,1,0,1,1,2,0,1,0,4,0,0,1,2,0,3,3,4,0,0,0,0,2,2,3,0,2,3,0,0,2,1,0,0,3,0,4,4,0,1,4,0,2,2,4,0,3,3,4,0,0,0,3,0,4,4,2,4,4,4,0,4,1,4,4,2,3,0,3,4,2,2,4,0,1,1,1,0,1,1,2,4,0,0,1,3,2,4,0,4,1,3,2,1,1,0,4,3,2,0,4,0,2,4,0,3,0,3,3,4,3,0,2,1,3,3,2,3,2,4,0,0,0,0,2,0,4,2,1,2,2,0,4,4,0,2,0,1,1,0,3,3,3,2,0,2,0,4,4,0,3,3,4,0,1,0,1,0,2,4,1,2,4,0,4,1,0,4,0,1,1,4,4,4,2,4,0,4,0,0,1,0,0,1,3,0,0,3,1,1,4,1,1,0,4,4,1,1,0,0,0,0,3,0,0,3,4,3,0,0,1,1,4,0,1,1,0,4,4,3,0,3,1,4,1,1,0,1,0,2,1,3,4,2,4,4,1,1,4,4,0,0,4,1,3,2,2,3,3,1,1,1,0,3,0,3,0,4,4,0,1,1,2,0,1,3,3,0,1,4,3,0,0,4,3,0,3,1,0,4,0,4,2,3,0,0,0,0,0,4,4,0,0,4,0,4,0,0,0,4,1,1,0,2,4,4,1,1,1,4,0,1,4,4,0,4,0,0,0,0,0,1,0,0,1,0,3,4,2,0,3,4,0,0,0,1,4,0,4,0,4,0,0,3,2,0,0,3,1,3,1,2,3,4,3,0,4,1,4,1,3,1,2,3,2,0,0,0,3,2,3,3,4,0,1,3,1,0,4,4,4,4,2,0,1,1,0,0,0,1,1,4,0,0,1,1,1,0,2,2,0,4,0,4,3,2,0,1,3,4,4,3,2,1,0,4,2,0,4,0,1,0,3,0,0,4,1,3,1,2,4,1,0,3,0,4,2,1,3,3,0,4,1,0,0,0,3,3,4,0,4,0,2,0,3,3,0,4,4,1,0,2,3,4,4,0,4,2,2,4,4,3,0,3,4,3,1,2,3,0,3,1,4,4,3,0,3,3,3,4,1,4,4,0,1,4,4,3,4,0,1,0,3,4,3,0,4,1,2,0,0,3,4,0,1,4,0,1,0,4,3,0,0,1,0,0,2,0,0,3,4,2,0,1,4,3,1,4,1,4,2,0,0,2,0,4,1,0,0,4,1,4,3,1,0,1,4,0,1,2,0,0,0,4,1,3,0,0,4,3,4,4,2,3,3,1,2,1,3,0,0,1,3,1,4,0,1,4,0,2,0,0,0,1,0,2,0,0,2,4,0,4,1,0,2,3,1,1,1,4,4,3,4,1,4,1,3,0,3,1,0,4,4,4,0,0,1,0,0,0,1,3,0,3,1,0,0,4,1,0,0,1,0,3,0,0,1,2,3,0,2,3,3,3,4,4,3,2,4,0,1,2,0,3,2,2,3,0]",ok,
150,kmeans,5,0.15,0.30393359580419255,16,"fused_1_high, fused_3_low, fused_2_medium+fused_4_veryhigh, fused_4_veryhigh+fused_5_low, fused_3_verylow, fused_2_veryhigh, fused_3_medium+fused_4_veryhigh, fused_2_medium+fused_5_verylow, fused_3_high, fused_1_veryhigh, fused_2_high+fused_4_high, fused_1_medium+fused_3_medium, fused_2_medium+fused_3_medium, fused_2_medium+fused_5_low, fused_1_low, fused_5_medium",cao,"[346, 238, 403, 286, 526]",0.18811926481564042,0.09560867148415786,"[4,4,4,4,2,2,4,0,4,4,0,2,0,1,1,4,2,1,4,4,1,1,4,4,1,4,2,2,4,3,4,2,4,3,4,4,1,4,1,3,1,4,2,2,1,4,4,4,2,0,3,0,2,2,2,4,1,1,1,2,1,4,4,1,2,1,2,4,4,4,3,1,4,2,4,4,1,2,2,4,4,1,2,1,1,4,4,4,2,4,1,2,4,1,2,2,0,3,3,3,2,0,2,2,4,0,3,1,2,4,2,2,2,2,1,1,3,1,3,4,1,2,2,2,1,4,1,0,3,1,4,1,4,4,1,3,1,1,3,4,2,3,0,4,4,4,4,2,1,2,2,3,3,4,4,4,2,4,2,4,4,0,3,2,4,4,2,2,3,4,2,1,4,4,2,4,3,0,0,3,3,4,1,4,0,2,2,2,1,2,4,4,4,4,4,4,4,4,2,3,4,2,3,3,0,3,2,0,2,4,4,1,4,4,1,4,2,2,3,4,3,3,4,4,4,2,4,4,3,1,4,2,2,4,2,2,1,4,2,4,2,3,4,1,4,1,4,4,2,0,0,1,2,4,4,1,4,1,4,4,2,4,4,4,4,1,1,3,4,2,2,4,4,4,0,4,3,3,4,4,3,1,2,4,2,4,3,4,1,0,4,4,3,3,3,4,4,2,1,4,2,4,3,4,2,2,2,2,4,2,0,4,4,4,1,2,2,4,4,1,1,3,0,4,4,4,2,4,2,3,3,0,3,3,2,2,4,4,2,2,2,3,1,1,4,3,1,4,4,2,1,3,3,4,2,1,2,2,3,2,4,1,4,4,2,2,2,3,2,3,1,4,4,2,2,2,3,2,4,4,3,2,4,4,4,4,4,3,2,3,4,1,0,1,1,4,4,2,2,4,1,1,2,4,2,4,3,0,1,2,4,4,3,2,4,0,1,4,2,4,4,0,2,4,3,4,3,3,4,4,2,2,0,0,4,1,4,4,3,1,3,2,0,1,0,2,2,4,2,2,0,4,0,2,2,0,2,3,4,3,2,3,1,2,4,3,2,3,1,1,1,1,2,4,2,0,4,4,4,4,4,1,1,3,2,1,0,0,4,4,1,2,4,4,4,2,2,0,4,0,1,3,1,2,1,1,2,2,2,4,1,2,1,3,1,1,2,4,1,3,4,3,1,2,2,4,4,2,4,2,2,4,4,4,2,4,4,3,2,3,4,2,0,4,4,0,3,2,4,4,1,0,2,4,2,4,0,4,2,4,4,3,2,2,2,3,4,1,1,1,4,4,0,4,4,0,1,2,2,4,3,0,1,0,2,3,1,1,2,2,1,4,1,3,4,4,4,4,1,4,4,3,4,4,4,1,1,1,2,4,4,1,1,0,1,4,4,0,4,2,4,1,4,3,4,4,1,2,2,0,3,2,4,2,1,4,2,3,4,0,3,4,3,2,4,3,4,1,1,3,1,4,2,2,2,2,1,4,1,3,0,4,4,1,2,4,3,3,4,4,0,1,2,4,1,0,2,0,4,0,4,4,0,3,4,1,3,4,4,1,4,3,1,1,3,4,0,4,3,3,4,2,3,0,4,4,3,4,3,0,4,2,4,1,2,1,0,4,0,4,1,4,4,4,1,0,3,1,3,0,1,3,3,0,0,2,1,1,1,0,4,3,2,1,4,4,0,2,0,0,0,2,0,0,4,1,0,4,2,0,3,0,2,0,3,2,2,2,4,2,4,2,1,4,2,1,4,3,4,0,3,3,2,1,1,4,2,2,0,2,4,0,1,2,2,4,3,1,4,3,2,0,4,2,4,4,2,1,4,3,2,4,0,2,4,0,2,3,0,3,1,4,3,3,1,1,4,0,3,0,2,4,4,1,0,2,3,4,4,4,4,0,1,1,3,4,3,2,3,1,3,0,3,2,2,1,0,2,0,4,2,4,3,3,4,0,2,2,2,4,1,4,2,2,1,2,1,0,4,2,3,0,3,2,2,0,3,0,1,2,0,4,1,0,4,2,0,2,4,0,0,2,0,1,2,0,2,2,1,3,4,3,2,3,3,3,2,0,4,2,3,4,0,4,3,0,4,0,2,1,3,4,3,0,4,0,4,4,0,3,2,3,3,4,4,1,2,3,2,1,2,2,0,0,0,1,4,4,3,4,1,1,4,2,1,1,0,0,3,2,0,3,3,2,4,0,0,0,4,0,0,0,4,3,3,4,2,2,0,0,3,4,2,3,1,2,2,1,0,1,4,0,2,0,2,0,0,4,1,1,3,2,1,2,0,0,4,0,0,0,4,2,1,3,3,3,2,4,2,2,0,0,2,3,1,4,3,2,2,2,0,2,0,0,4,2,0,1,2,0,0,0,0,0,2,4,0,4,0,2,4,2,0,2,2,2,0,2,1,4,4,4,0,0,2,2,3,0,0,2,0,4,2,4,2,2,0,4,0,1,3,0,2,0,0,1,0,0,0,2,0,0,3,4,3,3,2,1,3,4,3,0,2,3,0,3,0,2,2,3,2,3,4,2,3,1,0,4,3,0,0,4,3,4,3,1,0,4,1,2,4,2,2,1,0,2,4,0,4,2,4,2,2,0,0,0,4,0,0,2,4,0,3,4,4,2,2,3,4,3,4,4,4,0,0,3,4,0,0,4,2,2,2,0,2,3,3,0,3,4,3,4,4,1,3,4,0,0,2,0,4,0,0,4,4,3,1,1,2,3,1,0,4,4,4,1,0,0,3,4,4,3,0,0,3,1,2,3,0,0,2,4,2,0,4,2,0,2,0,0,4,0,4,0,1,4,0,0,0,0,3,2,3,2,2,0,2,4,0,3,0,0,2,3,4,2,0,4,4,3,2,0,0,0,0,3,0,2,3,3,3,0,0,3,2,1,2,3,2,0,4,1,0,4,2,4,2,4,4,2,1,1,4,3,4,0,3,4,4,2,2,3,2,3,1,0,4,4,0,1,1,4,1,1,3,4,3,1,3,2,2,2,2,0,4,2,0,4,0,2,2,1,1,4,2,4,3,3,4,4,0,2,0,1,4,1,3,4,1,2,0,3,0,4,0,4,3,3,3,4,4,2,2,3,3,0,0,0,0,0,1,4,3,4,0,4,0,2,3,4,3,1,3,0,3,2,0,0,4,3,4,0,4,4,4,0,2,0,3,2,4,2,4,0,0,4,4,4,2,2,4,4,4,2,4,2,4,4,4,4,3,3,1,4,0,4,4,3,4,3,4,2,1,4,4,2,4,2,3,4,2,2,4,3,2,3,2,0,3,0,4,0,4,2,4,2,3,4,2,4,2,4,2,4,0,0,2,2,0,1,0,1,0,0,4,0,3,3,4,3,1,0,3,0,0,0,3,2,2,0,0,0,0,4,3,3,0,3,2,4,4,4,4,0,4,4,1,2,4,2,1,1,4,4,4,1,3,3,2,0,0,2,4,2,3,0,0,3,3,0,4,4,0,0,3,4,3,0,4,4,4,1,4,0,2,2,3,1,0,3,0,4,1,3,0,2,4,0,1,0,0,4,4,1,4,2,2,0,0,4,2,3,2,0,2,0,0,2,4,4,3,2,0,0,4,3,2,3,0,0,4,4,0,2,0,4,0,1,0,4,3,0,1,4,4,0,2,0,0,0,4,3,4,3,3,3,4,4,0,4,4,3,2,0,3,0,4,4,1,0,2,2,0,4,4,1,4,2,1,2,3,0,2,2,3,2,4,0,2,4,0,3,0,2,3,4,0,3,4,3,4,0,4,2,0,2,4,3,4,4,4,3,3,0,1,3,1,4,2,1,0,2,2,2,3,1,0,4,4,3,0,4,4,0,0,0,3,0,1,0,4,4,3,0,1,4,4,3,4,2,0,2,2,4,1,2,0,2,2,0,4,2,4,3,4,0,0,1,3,3,4,4,0,3,3,3,1,0,2,0,4,4,4,3,4,4,2,3,4,2,2,1,0,2,0,1,2,2,2,1,2,2,4,2,0,2,4,3,0,0,4,0,0,0,0,3,3,0,0,3,2,1,0,4,0,0,0,2,4]",ok,
151,kmeans,5,0.1,0.23253377401912273,27,"fused_2_medium+fused_5_verylow, fused_2_high+fused_4_high, fused_1_medium+fused_3_medium, fused_1_low, fused_5_medium, fused_4_high+fused_5_verylow, fused_1_medium+fused_2_medium, fused_4_high+fused_5_low, fused_1_medium+fused_4_veryhigh, fused_3_low+fused_4_high, fused_3_high+fused_4_veryhigh, fused_2_high+fused_3_verylow, fused_2_medium+fused_4_high, fused_2_veryhigh+fused_5_veryhigh, fused_2_medium+fused_4_veryhigh+fused_5_low, fused_2_high+fused_3_low, fused_2_medium+fused_3_medium+fused_4_veryhigh, fused_5_high, fused_1_high+fused_4_high, fused_3_medium+fused_5_low, fused_3_verylow+fused_4_high, fused_4_medium, fused_1_high+fused_4_veryhigh, fused_1_veryhigh+fused_2_high+fused_5_low, fused_1_veryhigh+fused_4_high, fused_4_veryhigh+fused_5_verylow, fused_1_medium+fused_4_high",cao,"[334, 185, 146, 211, 923]",0.2857754733845432,0.2562534741523068,"[4,4,4,4,4,3,4,0,4,4,0,4,0,2,4,4,4,2,4,4,4,2,4,4,4,4,4,3,4,1,4,3,4,2,4,4,2,4,2,4,4,1,4,4,4,4,4,4,3,0,1,0,3,4,4,4,2,2,4,3,4,4,4,4,4,2,3,4,4,4,4,2,4,4,4,4,4,3,3,4,4,2,3,4,4,4,4,4,3,4,4,3,4,4,4,3,0,2,1,4,3,0,3,3,4,0,1,2,3,4,4,4,4,4,4,2,1,4,1,4,2,3,4,3,2,4,2,0,4,2,4,2,4,4,2,1,4,4,4,4,4,4,0,4,4,4,4,3,2,4,4,1,4,4,4,4,3,4,3,1,4,0,1,3,1,4,3,3,1,4,4,2,4,4,3,4,1,4,0,1,4,4,4,4,0,3,4,4,2,3,4,4,4,4,4,4,4,4,3,1,4,3,4,4,0,1,4,0,4,4,4,2,4,4,4,4,3,3,4,4,1,4,4,4,4,3,4,4,1,2,4,1,4,1,3,4,2,4,4,4,3,1,4,4,4,2,4,4,4,0,0,4,4,4,4,2,4,2,4,4,4,1,4,4,4,2,2,4,4,1,3,4,4,1,0,4,2,4,4,1,1,4,4,4,4,4,2,1,2,0,4,4,4,2,2,4,4,3,4,4,4,4,1,4,3,4,4,4,4,3,0,4,4,4,2,3,3,4,4,2,2,4,0,4,4,4,3,4,3,2,1,0,1,4,4,4,4,4,3,3,4,1,4,2,1,1,4,4,1,3,4,4,1,4,3,4,3,4,4,1,4,4,4,4,4,4,4,1,1,4,2,4,4,4,4,4,2,4,4,4,4,3,4,4,4,4,4,1,3,1,4,2,0,4,4,4,1,3,3,4,4,2,4,4,3,1,4,0,4,4,4,4,1,4,4,0,4,4,3,4,4,0,4,4,1,4,1,2,4,4,3,3,0,0,4,4,4,4,2,4,4,4,0,4,0,4,4,4,4,4,0,4,0,3,4,0,3,1,4,1,3,2,4,3,4,2,3,4,2,4,4,4,3,4,3,0,4,4,1,4,4,4,4,4,3,2,0,0,4,4,4,4,4,4,4,4,3,0,4,0,4,1,4,3,2,4,4,3,4,4,4,3,4,4,2,4,3,4,4,1,4,4,4,4,3,4,1,3,4,4,4,4,4,4,4,4,4,2,3,1,4,4,0,4,4,0,1,3,4,4,4,0,4,4,4,4,0,4,4,4,4,1,4,3,3,1,4,2,4,4,4,4,0,4,4,0,2,4,4,4,4,0,2,0,4,4,2,2,3,4,4,4,4,4,4,4,4,4,2,4,4,2,4,4,1,2,2,2,3,4,4,2,4,0,4,4,4,0,4,4,4,2,4,1,4,4,2,3,3,0,4,4,4,3,2,4,4,2,4,0,4,4,4,3,4,2,4,2,4,4,4,4,3,4,4,3,4,4,1,1,0,1,4,2,3,4,4,2,4,4,0,4,4,4,2,0,4,0,4,0,4,4,0,2,4,2,1,4,4,2,4,1,4,2,1,4,0,4,2,1,4,3,1,0,4,4,1,4,4,0,4,4,4,4,4,2,0,4,4,4,4,4,4,4,4,0,1,4,1,0,2,1,4,0,0,4,4,4,4,0,4,1,4,4,4,4,0,4,0,0,4,4,4,0,4,4,0,4,4,0,4,0,4,0,4,4,3,3,4,4,4,4,2,4,3,4,1,4,4,0,1,4,4,2,2,4,3,4,0,3,4,0,4,4,4,4,4,4,4,1,3,0,4,3,4,4,4,2,1,4,4,4,0,4,4,0,3,4,0,4,2,4,4,4,4,2,4,0,1,0,3,4,4,4,0,4,4,4,1,4,4,0,4,4,2,4,2,4,2,2,1,0,2,3,3,4,0,4,0,1,4,4,2,1,4,0,3,4,3,4,4,4,3,4,2,3,4,0,4,3,4,0,1,4,3,0,1,4,4,4,0,4,2,0,4,4,0,4,4,0,0,3,0,4,3,0,3,3,2,4,4,1,3,4,4,4,3,0,4,4,4,4,0,4,2,0,4,4,4,2,4,4,1,0,4,0,4,4,0,4,4,1,4,4,4,4,3,1,3,4,3,4,0,4,4,2,1,1,4,4,2,4,1,3,2,2,0,0,4,4,0,1,4,4,4,0,0,0,4,0,0,0,4,4,1,1,3,3,0,0,1,4,4,4,2,4,3,4,0,4,4,0,3,0,3,4,0,1,4,4,4,4,2,4,0,0,4,0,0,0,4,3,4,2,2,1,3,4,3,4,0,0,4,1,4,4,1,3,3,4,0,4,0,0,4,4,0,2,4,0,0,0,0,0,3,4,0,4,0,3,4,3,0,3,3,3,0,3,4,4,4,4,4,0,4,4,1,0,0,3,0,4,3,4,4,3,0,1,0,2,1,0,3,0,0,4,0,0,0,3,0,0,4,4,4,4,4,4,1,4,1,0,3,4,0,4,0,3,1,4,4,4,1,4,1,4,0,4,4,0,0,4,4,4,2,4,0,4,4,4,4,4,4,4,0,4,4,0,4,4,4,3,3,0,0,0,1,0,0,3,4,0,2,1,1,4,3,1,4,4,4,1,4,0,0,1,4,0,0,4,4,4,3,0,3,1,1,0,1,4,1,1,4,4,1,4,0,0,3,0,4,0,0,4,4,4,4,2,4,4,4,0,4,4,4,2,0,0,1,4,4,4,0,0,4,4,3,1,0,0,3,4,3,0,1,3,0,3,0,0,4,0,4,0,4,4,0,0,0,0,1,3,4,3,3,0,3,4,0,2,0,0,1,1,4,4,0,1,4,2,3,0,0,0,0,1,0,3,1,1,1,0,0,1,3,4,4,4,3,0,4,4,0,4,3,4,4,4,4,3,2,4,4,1,4,0,1,4,4,3,3,4,3,1,4,0,1,4,0,2,2,4,4,2,1,4,1,4,4,4,4,4,3,0,4,4,0,4,0,3,3,4,2,4,3,4,4,1,4,4,0,3,0,4,4,2,4,4,4,4,0,4,0,4,0,4,1,2,2,4,4,4,4,1,4,0,0,0,0,0,2,4,4,4,0,4,0,3,1,4,1,4,4,0,1,4,0,0,4,2,4,0,4,4,4,4,4,0,4,4,4,4,4,0,0,4,4,4,3,3,4,4,4,3,4,3,4,4,4,4,1,2,4,4,0,4,4,4,4,2,4,4,4,4,4,4,4,1,1,4,3,4,4,1,4,4,3,0,1,0,4,0,4,4,4,3,4,4,3,4,4,4,3,4,0,0,3,3,0,2,0,2,0,0,4,0,1,1,4,1,2,0,4,0,0,0,1,4,3,0,0,0,0,4,1,2,0,4,4,4,4,4,4,0,4,4,4,4,4,4,4,4,4,1,4,2,2,4,3,0,0,4,4,3,1,0,0,1,4,0,4,4,0,0,2,4,1,0,1,4,4,4,4,0,3,4,1,4,0,2,0,4,2,1,0,3,4,0,2,0,0,4,4,2,4,4,4,0,0,4,1,1,3,0,3,0,0,3,4,4,4,4,0,0,4,1,3,1,0,0,4,4,0,4,0,4,0,4,0,4,1,0,2,4,4,0,3,4,0,0,4,4,4,1,1,4,4,4,0,4,4,4,4,0,1,0,4,1,2,0,3,3,0,4,1,2,4,3,4,4,1,0,3,4,4,3,1,0,3,1,0,1,0,3,4,4,0,4,4,4,4,0,1,3,0,4,4,4,4,1,4,4,1,0,4,1,4,4,3,4,0,4,3,4,1,4,0,4,4,1,0,4,4,0,0,0,4,0,4,0,4,4,4,0,2,4,4,4,4,3,0,3,3,4,4,3,0,3,3,0,4,3,4,4,1,0,0,4,2,2,4,4,0,1,2,1,4,0,4,0,4,4,4,4,4,4,3,4,4,3,4,2,0,3,0,4,3,4,4,2,3,3,4,4,0,4,4,4,0,0,1,0,0,0,0,1,1,0,0,1,4,4,0,4,0,0,0,4,4]",ok,
152,kmeans,7,1.0,0.42748573683993574,0,,,[],,,,baseline_no_features,
153,kmeans,7,0.95,0.42748573683993574,0,,,[],,,,baseline_no_features,
154,kmeans,7,0.9,0.42748573683993574,0,,,[],,,,baseline_no_features,
155,kmeans,7,0.85,0.42748573683993574,0,,,[],,,,baseline_no_features,
156,kmeans,7,0.8,0.42748573683993574,0,,,[],,,,baseline_no_features,
157,kmeans,7,0.75,0.42748573683993574,0,,,[],,,,baseline_no_features,
158,kmeans,7,0.7,0.42748573683993574,0,,,[],,,,baseline_no_features,
159,kmeans,7,0.65,0.42748573683993574,0,,,[],,,,baseline_no_features,
160,kmeans,7,0.6,0.42748573683993574,0,,,[],,,,baseline_no_features,
161,kmeans,7,0.55,0.42748573683993574,0,,,[],,,,baseline_no_features,
162,kmeans,7,0.5,0.42748573683993574,0,,,[],,,,baseline_no_features,
163,kmeans,7,0.45,0.42748573683993574,0,,,[],,,,baseline_no_features,
164,kmeans,7,0.4,0.5115972940782142,1,fused_4_veryhigh,huang,"[204, 235, 534, 164, 662]",0.24256508566771065,0.05725403001667593,"[1,2,1,1,4,4,1,0,1,2,0,2,0,2,2,2,2,2,1,1,2,2,1,1,2,1,2,4,2,4,1,4,1,2,1,2,2,4,2,2,2,4,2,2,2,1,1,1,4,0,4,3,4,4,4,2,2,2,2,4,2,1,1,2,4,2,4,4,1,1,2,2,1,4,1,1,2,4,4,1,2,2,4,4,2,1,1,1,4,1,2,4,1,2,2,4,0,2,4,2,4,0,4,4,2,0,4,2,4,1,2,0,2,2,2,2,4,2,4,1,2,4,4,4,2,2,2,3,2,2,1,2,2,2,2,4,2,2,2,1,2,2,3,1,1,1,2,4,2,2,4,4,2,1,1,1,4,1,4,4,1,3,4,4,4,1,4,4,4,2,4,2,1,4,4,4,4,0,0,4,2,1,2,1,0,4,2,2,2,4,1,1,2,2,4,2,1,1,4,4,2,4,2,2,0,4,4,3,4,1,2,2,4,1,2,4,4,4,2,1,4,2,1,2,1,4,1,4,4,2,1,4,4,4,4,2,2,4,4,4,4,4,1,2,4,2,2,4,4,0,0,2,4,1,1,2,4,2,2,1,4,4,1,1,4,2,2,2,2,4,4,1,4,2,3,1,2,2,1,4,4,2,4,2,4,1,2,4,2,3,4,2,2,2,2,2,4,4,2,1,4,4,4,1,4,4,4,2,4,4,0,1,2,2,2,4,4,1,4,2,2,2,0,2,2,1,4,2,4,2,4,0,4,2,2,4,4,4,4,4,2,4,2,2,4,4,2,2,4,4,2,4,4,4,4,2,4,4,2,2,4,2,1,2,4,2,2,4,4,2,2,2,1,4,4,2,2,2,4,1,2,4,1,2,4,1,4,4,4,4,1,2,0,2,2,1,4,4,4,2,2,2,2,4,4,2,2,3,2,4,4,4,4,2,1,0,2,4,4,4,4,0,2,1,4,1,4,2,4,2,4,4,0,0,1,2,1,4,2,2,2,2,0,2,3,4,4,4,4,4,3,2,3,4,2,0,4,4,4,4,4,2,2,4,1,2,4,2,2,2,2,2,4,1,4,3,4,1,4,1,1,2,2,2,4,2,0,0,1,4,4,2,1,4,1,4,4,0,4,3,2,4,2,4,2,2,4,4,4,4,2,4,2,2,2,2,4,4,2,4,1,2,2,4,4,4,4,4,4,4,4,1,4,1,4,2,4,2,4,4,1,2,0,4,2,0,4,0,1,1,2,0,2,1,2,1,0,1,4,1,2,4,2,4,4,4,1,2,2,2,4,4,3,1,2,0,2,4,2,1,2,0,2,3,4,2,2,2,4,2,2,1,4,4,2,1,2,4,2,4,1,2,2,1,4,2,2,2,4,1,1,2,2,0,2,4,1,3,4,4,2,2,4,4,1,1,2,4,4,3,4,4,2,4,2,4,4,2,1,0,2,2,4,4,4,4,1,2,2,2,2,1,4,2,2,4,4,1,4,4,0,4,1,2,4,4,2,2,1,1,3,2,2,1,2,0,0,0,2,0,1,4,0,2,1,2,4,4,2,2,2,4,2,2,4,1,0,1,2,4,2,4,4,3,1,1,4,4,2,0,2,4,4,2,2,2,3,1,0,2,2,1,1,2,2,3,4,2,4,0,2,4,2,0,0,4,2,2,2,3,1,4,4,2,2,1,3,2,3,3,0,4,0,3,2,2,3,4,2,0,2,3,2,3,2,2,2,4,0,4,4,4,2,1,4,4,4,2,2,3,4,4,2,2,2,1,4,4,0,4,2,3,2,4,4,2,2,2,1,4,4,0,1,4,4,1,2,4,4,2,2,1,0,4,1,3,4,2,0,2,2,1,2,4,2,2,4,0,4,3,4,4,1,2,3,2,4,1,4,1,4,0,2,2,2,2,2,4,4,2,4,3,2,4,4,2,0,4,0,4,4,1,2,4,2,3,4,4,4,1,2,2,4,4,2,4,2,0,1,4,2,3,4,4,4,3,4,0,2,4,0,2,2,0,2,4,3,2,2,3,0,4,3,4,4,0,4,4,2,2,0,4,4,2,2,4,4,0,4,2,2,1,0,2,2,3,1,0,4,2,2,4,4,0,1,0,4,4,0,2,2,4,2,4,2,2,4,4,4,2,4,2,0,0,0,2,4,4,2,4,2,2,4,4,2,2,0,0,2,2,0,4,2,4,4,3,3,3,2,3,0,3,1,2,4,4,4,4,0,3,4,1,4,4,2,0,4,2,0,2,2,3,4,0,4,0,0,4,2,2,2,4,2,4,0,3,1,0,3,3,1,4,2,2,2,4,4,1,4,4,3,3,4,4,2,1,4,4,4,4,3,2,3,3,4,0,0,2,2,0,3,3,0,0,4,2,3,4,3,4,1,4,3,4,4,0,0,4,2,1,1,4,0,3,4,4,4,3,3,4,0,1,4,1,0,4,0,4,3,2,4,0,4,3,3,2,0,3,3,4,3,3,2,1,2,2,4,2,4,2,4,3,4,4,0,2,0,4,4,2,4,2,4,4,4,2,0,1,2,3,0,1,2,4,2,2,3,4,2,4,4,0,4,2,3,0,0,0,1,2,2,4,4,3,3,3,4,3,0,4,4,3,2,4,4,4,4,4,1,2,2,4,2,3,3,4,4,3,0,1,4,4,4,0,4,4,4,3,4,1,4,4,1,2,4,1,3,0,4,0,2,3,3,1,4,2,2,2,4,2,2,3,1,2,4,2,3,3,4,4,1,2,0,0,2,2,4,4,0,3,4,1,4,3,4,4,3,4,0,0,4,3,4,3,2,0,0,3,3,3,4,4,2,4,4,3,4,1,3,2,3,3,4,4,2,2,3,4,4,2,4,0,0,0,3,4,3,4,4,4,4,0,0,4,4,2,2,4,2,3,4,2,3,1,4,4,4,4,4,4,2,2,1,4,1,3,4,4,1,4,4,2,4,4,2,0,4,2,0,2,2,1,2,2,4,1,4,2,2,4,4,2,4,0,4,0,0,1,3,4,4,2,2,1,4,2,2,4,1,1,0,4,0,2,1,2,2,2,2,4,3,2,0,1,3,1,4,2,4,1,1,4,2,4,2,0,3,3,0,0,2,1,4,2,3,2,0,4,4,1,4,2,2,3,4,4,3,3,4,2,1,0,4,2,1,0,2,0,4,4,1,2,1,3,0,4,0,4,4,4,1,1,4,4,4,4,4,2,2,4,4,2,2,4,3,1,1,2,2,2,4,4,2,1,1,2,1,4,4,4,4,4,2,4,2,2,4,0,4,3,4,0,1,2,2,4,4,1,4,1,4,1,4,4,0,3,4,4,0,2,0,4,3,0,1,0,4,4,2,4,2,0,2,3,0,3,4,2,4,0,3,3,0,4,4,2,0,2,4,1,1,1,1,3,2,2,2,0,4,4,2,2,1,4,4,2,2,2,4,3,3,4,1,4,4,3,3,4,2,0,2,4,3,3,2,4,4,3,4,1,4,2,0,0,4,4,4,2,0,4,3,1,2,4,3,4,2,3,2,0,0,4,1,2,2,4,4,0,0,4,4,4,4,3,4,0,0,4,1,1,2,4,3,0,1,4,4,4,3,3,4,1,0,4,0,1,0,2,3,0,4,0,2,4,1,0,4,0,0,0,4,2,1,4,4,4,4,1,0,4,4,2,4,0,4,0,4,4,2,3,4,0,3,1,4,2,1,4,2,4,4,0,4,2,2,4,4,3,4,4,0,4,3,4,2,1,0,2,4,2,1,3,4,4,3,4,1,2,4,4,2,2,4,0,2,4,2,1,4,2,3,4,4,4,4,2,0,4,4,4,0,1,1,3,0,0,4,3,2,3,4,4,2,0,2,1,2,2,4,4,3,4,4,4,2,4,3,4,4,3,4,4,2,2,4,3,0,2,2,2,4,1,0,4,2,4,2,3,0,0,2,4,1,4,4,2,4,2,2,4,4,2,0,4,0,2,4,4,4,2,4,4,2,4,0,2,4,2,3,0,4,3,0,0,0,4,4,0,3,4,4,2,3,0,0,3,3,0,4]",ok,
165,kmeans,7,0.35,0.5660991661152529,2,"fused_4_veryhigh, fused_4_megahigh",huang,"[142, 645, 213, 635, 164]",0.2308875260325431,0.038910505836575876,"[3,3,3,0,1,1,3,2,3,3,2,1,2,3,3,3,3,3,0,3,3,3,0,0,3,3,3,1,3,1,3,1,3,3,3,3,3,1,3,3,3,1,3,3,3,3,3,0,1,2,1,4,1,1,1,3,3,3,3,1,3,3,0,3,1,3,1,1,3,3,3,3,3,1,0,3,3,1,1,3,3,3,1,1,3,0,0,3,1,0,3,1,0,3,3,1,2,3,1,3,1,2,1,1,3,2,1,3,1,3,3,2,3,3,3,3,1,3,1,3,3,1,1,1,3,3,3,4,3,3,3,3,3,3,3,1,3,3,3,0,3,3,4,0,3,3,3,1,3,3,1,1,3,3,3,3,1,3,1,1,3,4,1,1,1,0,1,1,1,3,1,3,0,1,1,0,1,2,2,1,3,3,3,0,2,1,3,1,3,1,0,3,3,3,1,3,3,0,1,1,3,1,3,3,2,1,1,4,1,3,3,3,0,0,3,1,1,1,3,3,1,3,3,3,0,1,0,1,1,3,0,1,1,1,1,3,3,1,1,1,1,1,0,3,0,3,3,0,1,2,2,3,1,3,0,3,1,3,3,0,1,1,0,3,1,3,3,3,3,1,1,3,0,1,4,0,3,3,0,1,1,3,1,3,1,3,3,1,3,4,1,3,3,3,3,3,0,1,3,0,1,1,1,3,1,1,1,3,1,1,2,0,3,3,3,1,1,0,1,3,3,3,2,3,3,0,1,3,1,3,1,2,1,3,3,1,1,0,1,1,3,1,3,3,1,1,3,3,1,1,3,1,1,1,1,3,1,1,3,1,1,3,3,3,1,3,3,1,1,3,3,3,3,1,1,3,3,3,1,3,3,1,3,3,1,3,1,1,1,1,3,3,2,3,3,3,1,1,1,3,3,3,3,1,1,1,3,4,3,1,1,1,1,3,0,2,3,0,1,0,1,2,3,0,1,0,1,3,1,3,1,1,2,2,3,3,0,1,3,3,3,3,2,3,4,1,1,0,1,1,4,3,4,1,3,2,1,1,1,1,1,3,3,1,0,3,1,3,3,3,3,3,1,0,1,4,1,3,1,3,3,3,3,3,1,3,2,2,3,0,1,3,3,0,3,1,1,2,1,4,3,1,3,1,3,3,1,1,1,1,3,1,3,3,3,3,1,0,3,1,0,3,3,1,1,0,1,1,0,1,1,0,1,0,1,3,1,3,1,1,3,3,2,1,3,2,1,2,3,3,3,2,3,3,3,0,2,3,1,3,3,1,3,1,1,1,3,3,3,3,1,0,4,3,3,2,3,1,3,3,3,2,3,4,1,3,3,3,1,3,3,3,1,1,3,0,3,0,3,1,0,3,3,3,1,3,3,3,1,0,3,3,3,2,3,1,3,4,1,1,3,3,1,1,0,3,3,1,1,4,1,1,3,1,3,1,1,3,0,2,3,3,1,1,1,1,3,3,3,3,3,3,1,3,3,1,1,0,1,1,2,1,0,3,1,1,3,3,3,0,4,3,3,0,3,2,2,2,3,2,3,1,2,3,0,3,1,1,3,3,3,1,3,3,1,3,2,0,3,1,3,1,1,4,3,3,1,1,3,2,3,1,1,3,3,3,4,0,2,2,3,3,0,3,3,4,1,3,1,2,3,1,3,2,2,1,3,3,3,4,0,1,1,3,3,0,4,3,4,4,2,1,2,4,3,3,4,0,3,2,3,4,3,4,3,3,1,1,2,1,1,1,3,0,1,1,1,3,3,4,1,1,1,3,3,0,1,1,2,1,3,4,3,1,1,3,3,3,3,1,1,2,3,1,1,3,3,1,1,3,1,3,2,1,3,4,1,3,2,3,3,0,3,1,3,3,0,2,1,4,1,1,0,3,4,3,1,3,1,3,1,2,3,3,3,2,3,1,1,3,1,4,3,1,1,3,2,1,2,1,1,0,3,1,3,4,1,1,1,3,3,3,1,1,3,1,3,2,0,1,3,4,1,1,1,4,1,2,3,1,2,3,3,2,3,1,4,3,3,4,2,1,4,1,1,2,1,1,3,3,2,1,1,3,3,1,1,2,1,3,3,0,2,3,3,4,0,2,1,3,3,1,1,2,3,2,1,1,2,3,3,1,3,0,3,3,1,1,1,3,1,3,2,2,2,3,1,1,3,1,3,3,1,1,3,3,2,2,3,1,2,1,3,1,1,4,4,4,3,4,2,4,0,3,1,1,1,1,2,4,1,3,1,1,3,2,1,3,2,3,2,4,1,2,1,2,2,1,3,3,3,1,3,1,2,4,3,2,4,4,3,1,3,3,3,1,1,3,1,1,4,4,1,1,3,0,1,1,1,1,4,1,4,4,1,2,2,3,3,2,4,4,2,2,1,3,4,1,4,1,0,1,4,1,1,2,2,1,3,3,3,0,2,4,1,1,1,4,4,1,2,0,1,3,2,1,2,1,4,3,1,2,1,4,4,3,2,4,4,1,4,4,3,0,3,3,1,3,1,3,1,4,1,1,2,3,2,1,1,3,1,3,1,1,1,3,2,0,3,4,2,0,3,1,3,3,4,1,3,1,1,2,1,3,4,2,2,2,3,3,3,1,1,4,4,4,1,4,2,1,1,4,3,1,1,1,1,1,0,3,3,1,2,4,4,1,1,4,2,3,1,1,1,2,1,1,1,4,1,0,1,1,0,3,1,0,4,2,1,2,3,4,4,0,1,3,3,3,1,3,3,4,0,2,1,3,4,4,1,1,0,3,2,2,3,3,1,1,2,4,1,0,1,4,1,1,4,1,2,2,0,4,1,4,3,2,2,4,4,4,1,1,3,1,1,4,1,3,4,3,4,4,1,1,3,2,4,1,1,3,1,2,2,2,4,1,4,1,1,1,1,2,2,1,1,3,3,1,1,4,1,3,4,0,1,1,1,1,0,1,3,3,0,1,3,4,1,1,3,1,1,3,1,1,3,2,1,1,2,3,3,3,3,3,1,0,1,3,3,1,1,3,1,2,1,2,2,0,4,1,1,3,3,0,1,3,3,1,0,3,2,1,2,3,0,3,3,3,3,1,4,3,2,3,4,3,1,3,1,0,3,1,3,1,3,2,4,4,2,2,3,3,1,3,4,2,2,1,1,0,1,3,3,4,1,1,4,4,1,3,0,2,1,3,0,2,3,2,1,1,3,3,0,4,2,1,2,1,1,1,0,3,1,1,0,1,1,3,2,1,1,3,3,1,4,0,0,3,3,3,1,1,3,3,3,1,3,1,1,1,1,1,3,1,1,3,1,2,1,4,1,2,0,3,3,1,1,3,1,0,1,0,1,1,2,4,1,1,2,3,2,1,4,2,3,2,1,1,3,1,3,2,3,4,2,4,1,3,1,2,4,4,2,0,1,3,2,3,1,0,3,0,0,4,3,3,3,2,1,1,3,3,3,1,1,3,3,3,1,4,4,1,0,1,1,4,4,1,3,2,3,1,4,4,3,1,1,4,1,0,1,3,2,2,1,1,1,3,2,1,4,3,3,1,4,1,3,4,3,2,2,1,3,3,3,1,1,2,2,1,1,1,1,4,1,2,2,1,3,3,3,1,4,2,3,1,1,1,4,4,0,0,2,1,2,3,2,3,4,2,1,2,3,1,0,2,1,2,2,2,0,3,0,1,1,1,0,3,2,0,1,3,1,2,1,2,1,1,3,4,1,2,4,3,1,3,3,1,3,1,1,2,1,3,3,1,1,4,1,1,2,1,4,1,3,0,2,3,1,3,0,4,1,1,4,1,3,3,1,1,3,3,1,2,3,1,3,0,1,3,4,1,1,1,1,3,2,1,1,1,2,3,3,4,2,2,1,4,3,4,1,1,3,2,3,0,3,3,0,1,4,1,1,1,3,1,4,1,1,4,1,1,3,3,1,4,2,3,3,3,0,0,2,1,3,1,3,4,2,2,3,1,3,1,1,3,1,3,3,1,1,3,2,1,2,3,1,1,1,3,1,1,3,1,2,2,1,3,4,2,1,4,2,2,2,1,1,2,4,1,1,3,4,2,2,4,4,2,1]",ok,
166,kmeans,7,0.3,0.5660991661152529,2,"fused_4_veryhigh, fused_4_megahigh",huang,"[142, 645, 213, 635, 164]",0.2308875260325431,0.038910505836575876,"[3,3,3,0,1,1,3,2,3,3,2,1,2,3,3,3,3,3,0,3,3,3,0,0,3,3,3,1,3,1,3,1,3,3,3,3,3,1,3,3,3,1,3,3,3,3,3,0,1,2,1,4,1,1,1,3,3,3,3,1,3,3,0,3,1,3,1,1,3,3,3,3,3,1,0,3,3,1,1,3,3,3,1,1,3,0,0,3,1,0,3,1,0,3,3,1,2,3,1,3,1,2,1,1,3,2,1,3,1,3,3,2,3,3,3,3,1,3,1,3,3,1,1,1,3,3,3,4,3,3,3,3,3,3,3,1,3,3,3,0,3,3,4,0,3,3,3,1,3,3,1,1,3,3,3,3,1,3,1,1,3,4,1,1,1,0,1,1,1,3,1,3,0,1,1,0,1,2,2,1,3,3,3,0,2,1,3,1,3,1,0,3,3,3,1,3,3,0,1,1,3,1,3,3,2,1,1,4,1,3,3,3,0,0,3,1,1,1,3,3,1,3,3,3,0,1,0,1,1,3,0,1,1,1,1,3,3,1,1,1,1,1,0,3,0,3,3,0,1,2,2,3,1,3,0,3,1,3,3,0,1,1,0,3,1,3,3,3,3,1,1,3,0,1,4,0,3,3,0,1,1,3,1,3,1,3,3,1,3,4,1,3,3,3,3,3,0,1,3,0,1,1,1,3,1,1,1,3,1,1,2,0,3,3,3,1,1,0,1,3,3,3,2,3,3,0,1,3,1,3,1,2,1,3,3,1,1,0,1,1,3,1,3,3,1,1,3,3,1,1,3,1,1,1,1,3,1,1,3,1,1,3,3,3,1,3,3,1,1,3,3,3,3,1,1,3,3,3,1,3,3,1,3,3,1,3,1,1,1,1,3,3,2,3,3,3,1,1,1,3,3,3,3,1,1,1,3,4,3,1,1,1,1,3,0,2,3,0,1,0,1,2,3,0,1,0,1,3,1,3,1,1,2,2,3,3,0,1,3,3,3,3,2,3,4,1,1,0,1,1,4,3,4,1,3,2,1,1,1,1,1,3,3,1,0,3,1,3,3,3,3,3,1,0,1,4,1,3,1,3,3,3,3,3,1,3,2,2,3,0,1,3,3,0,3,1,1,2,1,4,3,1,3,1,3,3,1,1,1,1,3,1,3,3,3,3,1,0,3,1,0,3,3,1,1,0,1,1,0,1,1,0,1,0,1,3,1,3,1,1,3,3,2,1,3,2,1,2,3,3,3,2,3,3,3,0,2,3,1,3,3,1,3,1,1,1,3,3,3,3,1,0,4,3,3,2,3,1,3,3,3,2,3,4,1,3,3,3,1,3,3,3,1,1,3,0,3,0,3,1,0,3,3,3,1,3,3,3,1,0,3,3,3,2,3,1,3,4,1,1,3,3,1,1,0,3,3,1,1,4,1,1,3,1,3,1,1,3,0,2,3,3,1,1,1,1,3,3,3,3,3,3,1,3,3,1,1,0,1,1,2,1,0,3,1,1,3,3,3,0,4,3,3,0,3,2,2,2,3,2,3,1,2,3,0,3,1,1,3,3,3,1,3,3,1,3,2,0,3,1,3,1,1,4,3,3,1,1,3,2,3,1,1,3,3,3,4,0,2,2,3,3,0,3,3,4,1,3,1,2,3,1,3,2,2,1,3,3,3,4,0,1,1,3,3,0,4,3,4,4,2,1,2,4,3,3,4,0,3,2,3,4,3,4,3,3,1,1,2,1,1,1,3,0,1,1,1,3,3,4,1,1,1,3,3,0,1,1,2,1,3,4,3,1,1,3,3,3,3,1,1,2,3,1,1,3,3,1,1,3,1,3,2,1,3,4,1,3,2,3,3,0,3,1,3,3,0,2,1,4,1,1,0,3,4,3,1,3,1,3,1,2,3,3,3,2,3,1,1,3,1,4,3,1,1,3,2,1,2,1,1,0,3,1,3,4,1,1,1,3,3,3,1,1,3,1,3,2,0,1,3,4,1,1,1,4,1,2,3,1,2,3,3,2,3,1,4,3,3,4,2,1,4,1,1,2,1,1,3,3,2,1,1,3,3,1,1,2,1,3,3,0,2,3,3,4,0,2,1,3,3,1,1,2,3,2,1,1,2,3,3,1,3,0,3,3,1,1,1,3,1,3,2,2,2,3,1,1,3,1,3,3,1,1,3,3,2,2,3,1,2,1,3,1,1,4,4,4,3,4,2,4,0,3,1,1,1,1,2,4,1,3,1,1,3,2,1,3,2,3,2,4,1,2,1,2,2,1,3,3,3,1,3,1,2,4,3,2,4,4,3,1,3,3,3,1,1,3,1,1,4,4,1,1,3,0,1,1,1,1,4,1,4,4,1,2,2,3,3,2,4,4,2,2,1,3,4,1,4,1,0,1,4,1,1,2,2,1,3,3,3,0,2,4,1,1,1,4,4,1,2,0,1,3,2,1,2,1,4,3,1,2,1,4,4,3,2,4,4,1,4,4,3,0,3,3,1,3,1,3,1,4,1,1,2,3,2,1,1,3,1,3,1,1,1,3,2,0,3,4,2,0,3,1,3,3,4,1,3,1,1,2,1,3,4,2,2,2,3,3,3,1,1,4,4,4,1,4,2,1,1,4,3,1,1,1,1,1,0,3,3,1,2,4,4,1,1,4,2,3,1,1,1,2,1,1,1,4,1,0,1,1,0,3,1,0,4,2,1,2,3,4,4,0,1,3,3,3,1,3,3,4,0,2,1,3,4,4,1,1,0,3,2,2,3,3,1,1,2,4,1,0,1,4,1,1,4,1,2,2,0,4,1,4,3,2,2,4,4,4,1,1,3,1,1,4,1,3,4,3,4,4,1,1,3,2,4,1,1,3,1,2,2,2,4,1,4,1,1,1,1,2,2,1,1,3,3,1,1,4,1,3,4,0,1,1,1,1,0,1,3,3,0,1,3,4,1,1,3,1,1,3,1,1,3,2,1,1,2,3,3,3,3,3,1,0,1,3,3,1,1,3,1,2,1,2,2,0,4,1,1,3,3,0,1,3,3,1,0,3,2,1,2,3,0,3,3,3,3,1,4,3,2,3,4,3,1,3,1,0,3,1,3,1,3,2,4,4,2,2,3,3,1,3,4,2,2,1,1,0,1,3,3,4,1,1,4,4,1,3,0,2,1,3,0,2,3,2,1,1,3,3,0,4,2,1,2,1,1,1,0,3,1,1,0,1,1,3,2,1,1,3,3,1,4,0,0,3,3,3,1,1,3,3,3,1,3,1,1,1,1,1,3,1,1,3,1,2,1,4,1,2,0,3,3,1,1,3,1,0,1,0,1,1,2,4,1,1,2,3,2,1,4,2,3,2,1,1,3,1,3,2,3,4,2,4,1,3,1,2,4,4,2,0,1,3,2,3,1,0,3,0,0,4,3,3,3,2,1,1,3,3,3,1,1,3,3,3,1,4,4,1,0,1,1,4,4,1,3,2,3,1,4,4,3,1,1,4,1,0,1,3,2,2,1,1,1,3,2,1,4,3,3,1,4,1,3,4,3,2,2,1,3,3,3,1,1,2,2,1,1,1,1,4,1,2,2,1,3,3,3,1,4,2,3,1,1,1,4,4,0,0,2,1,2,3,2,3,4,2,1,2,3,1,0,2,1,2,2,2,0,3,0,1,1,1,0,3,2,0,1,3,1,2,1,2,1,1,3,4,1,2,4,3,1,3,3,1,3,1,1,2,1,3,3,1,1,4,1,1,2,1,4,1,3,0,2,3,1,3,0,4,1,1,4,1,3,3,1,1,3,3,1,2,3,1,3,0,1,3,4,1,1,1,1,3,2,1,1,1,2,3,3,4,2,2,1,4,3,4,1,1,3,2,3,0,3,3,0,1,4,1,1,1,3,1,4,1,1,4,1,1,3,3,1,4,2,3,3,3,0,0,2,1,3,1,3,4,2,2,3,1,3,1,1,3,1,3,3,1,1,3,2,1,2,3,1,1,1,3,1,1,3,1,2,2,1,3,4,2,1,4,2,2,2,1,1,2,4,1,1,3,4,2,2,4,4,2,1]",ok,
167,kmeans,7,0.25,0.3692849202543819,5,"fused_4_veryhigh, fused_4_megahigh, fused_2_low, fused_5_low, fused_1_high",cao,"[658, 164, 208, 294, 475]",0.15444994848994217,0.027237354085603113,"[0,0,0,3,3,4,0,2,0,0,2,4,2,0,0,0,0,0,0,0,0,0,0,3,0,0,0,4,0,3,0,4,0,0,0,0,0,4,0,0,0,3,0,0,0,0,0,3,4,2,4,1,4,4,4,0,0,0,0,4,0,0,0,0,4,0,4,4,0,0,0,0,0,4,0,0,0,4,4,0,0,0,4,3,0,3,3,0,4,0,0,4,3,0,0,4,2,0,4,0,4,2,4,4,0,2,3,0,4,0,0,2,0,0,0,0,4,0,3,0,0,4,4,4,0,0,0,1,0,0,0,0,0,0,0,3,0,0,0,3,0,0,1,3,0,0,0,4,0,0,3,3,0,0,0,0,4,0,4,3,0,1,3,4,3,3,4,4,3,0,4,0,3,4,4,3,3,2,2,3,0,0,0,3,2,4,0,4,0,4,3,0,0,0,4,0,0,3,4,3,0,4,0,0,2,3,4,1,4,0,0,0,3,3,0,4,4,4,0,0,3,0,0,0,3,4,3,4,4,0,3,4,4,4,4,0,0,4,4,4,4,3,0,0,3,0,0,3,4,2,2,0,4,0,3,0,4,0,0,3,4,4,3,0,4,0,0,0,0,4,4,0,3,4,1,0,0,0,3,4,4,0,4,0,4,0,0,4,0,1,3,0,0,0,0,0,3,4,0,3,4,4,3,0,4,4,4,0,4,4,2,3,0,0,0,4,4,3,3,0,0,0,2,0,0,0,4,0,4,0,3,2,3,0,0,4,4,3,4,4,0,4,0,0,3,3,0,0,3,4,0,3,4,3,4,0,4,4,0,4,4,0,0,0,4,0,0,3,4,0,0,0,0,4,4,0,0,0,4,0,0,4,0,0,4,0,3,3,4,4,0,0,2,0,0,0,4,4,4,0,0,0,0,3,4,4,0,1,0,4,4,4,3,0,3,2,0,3,4,3,4,2,0,3,4,3,3,0,3,0,4,4,2,2,0,0,3,3,0,0,0,0,2,0,1,4,4,3,4,4,1,0,1,4,0,2,4,4,3,3,4,0,0,4,0,0,4,0,0,0,0,0,4,3,4,1,4,0,4,0,0,0,0,0,4,0,2,2,0,3,4,0,0,3,0,4,4,2,4,1,0,3,0,4,0,0,3,4,4,4,0,4,0,0,0,0,4,3,0,4,3,0,0,4,4,3,3,4,3,4,4,3,4,3,4,0,4,0,3,3,0,0,2,3,0,2,3,2,0,0,0,2,0,0,0,3,2,0,4,0,0,4,0,4,4,3,0,0,0,0,4,3,1,0,0,2,0,4,0,0,0,2,0,1,4,0,0,0,4,0,0,0,4,4,0,3,0,3,0,4,3,0,0,0,3,0,0,0,4,3,0,0,0,2,0,4,0,1,4,4,0,0,4,3,3,0,0,4,4,1,4,4,0,4,0,4,4,0,3,2,0,0,3,4,4,4,0,0,0,0,0,0,4,0,0,4,4,3,3,3,2,4,3,0,3,4,0,0,0,3,1,0,0,3,0,2,2,2,0,2,0,4,2,0,3,0,3,4,0,0,0,3,0,0,3,0,2,3,0,3,0,4,3,1,0,0,3,4,0,2,0,4,4,0,0,0,1,3,4,2,0,0,3,0,0,1,3,0,4,2,0,4,0,2,2,4,0,0,0,1,3,3,4,0,0,3,1,0,1,1,2,4,2,1,0,0,1,3,0,2,0,1,0,1,0,0,4,4,2,4,4,4,0,3,4,3,3,0,0,1,3,3,3,0,0,3,4,4,2,4,0,1,0,4,4,0,0,0,0,3,4,2,0,4,3,0,0,3,3,0,4,0,2,4,0,1,4,0,2,0,0,3,0,3,0,0,4,2,3,1,4,4,3,0,1,0,3,0,3,0,4,2,0,0,0,2,0,4,3,0,3,1,0,4,4,0,2,4,2,3,4,0,0,3,0,1,4,4,4,0,0,0,4,4,0,4,0,2,0,4,0,1,3,4,4,1,3,2,0,4,2,0,0,2,0,4,1,0,0,1,2,4,1,3,4,2,4,4,0,0,2,3,4,0,0,3,4,2,4,0,0,3,2,0,0,1,0,2,4,0,0,4,3,2,0,2,3,4,2,0,0,4,0,3,0,0,4,3,4,0,4,0,2,2,2,0,4,3,0,4,0,0,4,4,0,0,2,2,0,4,2,3,0,3,4,1,1,1,0,1,2,1,3,0,3,4,4,4,2,1,4,0,4,3,0,2,4,0,2,0,2,1,4,2,4,2,2,3,0,0,0,4,0,4,2,1,0,2,1,1,0,4,0,0,0,3,4,0,4,4,1,1,4,4,0,3,3,4,4,4,1,3,1,1,4,2,2,0,0,2,1,1,2,2,4,0,1,4,1,4,3,4,1,4,4,4,2,4,0,0,0,3,2,1,4,4,3,1,1,4,2,0,4,0,2,4,2,4,1,0,4,2,4,1,1,0,2,1,1,4,1,1,0,3,0,0,4,0,3,0,4,1,4,3,2,0,2,4,4,0,4,0,3,4,3,0,2,3,0,1,2,3,0,4,0,0,1,4,0,4,4,2,4,0,1,2,2,2,0,0,0,4,4,1,1,1,4,1,2,4,4,1,0,4,4,4,4,3,3,0,0,3,2,1,1,3,4,1,2,0,4,4,4,2,4,3,3,1,4,3,3,4,3,0,3,3,1,2,4,2,0,1,1,3,4,0,0,0,4,0,0,1,3,2,4,0,1,1,3,4,0,0,2,2,0,0,4,3,2,1,4,0,4,1,4,4,1,4,2,2,3,1,4,1,0,2,2,1,1,1,3,4,0,4,4,1,4,0,1,0,1,1,4,3,0,2,1,4,3,0,4,2,2,2,1,3,1,4,3,3,3,2,2,3,4,0,0,3,4,1,3,0,1,3,4,3,3,4,3,4,0,0,0,3,0,1,3,4,0,4,4,0,4,4,0,2,4,0,2,0,0,0,0,0,3,3,3,0,0,4,4,0,4,2,4,2,2,3,1,4,4,0,0,3,4,0,0,3,0,0,2,4,2,0,3,0,0,0,0,4,1,0,2,0,1,0,3,0,3,3,0,4,0,3,0,2,1,1,2,2,0,0,4,0,1,2,2,4,3,3,4,0,0,1,4,4,1,1,4,0,3,2,4,0,0,4,0,2,3,4,0,0,0,1,2,4,2,4,4,4,3,0,4,4,3,4,4,0,2,4,3,0,0,4,1,0,3,0,0,0,3,4,0,0,0,4,0,4,4,3,4,4,0,3,4,0,4,2,3,1,4,2,3,0,0,4,3,0,4,0,4,3,4,4,2,1,4,4,2,0,2,3,1,2,0,2,3,3,0,3,0,2,0,1,2,1,4,0,4,2,1,1,2,3,3,0,2,0,4,3,0,3,3,1,0,0,0,2,4,4,0,0,0,4,4,0,0,0,4,1,1,4,0,4,3,1,1,3,0,2,0,4,1,1,0,4,3,1,4,3,3,0,2,2,4,4,3,0,2,3,1,0,0,3,1,4,0,1,0,2,2,4,0,0,0,4,4,2,2,3,4,4,4,1,4,2,2,4,0,0,0,4,1,2,0,3,4,3,1,1,3,3,2,4,2,0,2,0,1,2,4,2,0,3,0,2,4,2,2,2,3,0,3,4,3,3,3,0,2,3,4,0,4,2,3,2,4,3,0,1,4,4,1,0,4,0,0,4,0,4,3,2,4,0,0,4,3,1,4,4,2,3,1,4,0,3,2,0,3,0,3,1,4,4,1,4,0,0,4,3,0,0,3,2,0,3,0,3,4,0,1,4,4,4,3,0,2,4,4,4,2,0,0,1,2,2,3,1,0,1,4,4,0,2,0,3,0,0,3,4,1,4,4,4,0,4,1,4,4,1,3,4,3,0,4,1,2,0,0,0,3,3,2,3,0,3,0,1,2,2,0,4,0,3,3,0,4,0,0,4,4,0,2,4,2,0,4,4,3,0,4,4,0,4,2,4,4,0,1,2,4,1,2,2,2,3,3,2,1,3,4,0,1,2,2,1,1,2,4]",ok,
168,kmeans,7,0.2,0.28444326330275055,8,"fused_4_veryhigh, fused_4_megahigh, fused_2_low, fused_5_low, fused_1_high, fused_5_verylow, fused_3_medium, fused_1_medium",huang,"[158, 626, 218, 149, 648]",0.1556041215568333,0.05892162312395775,"[1,1,1,3,4,4,1,2,1,1,2,4,2,1,1,1,1,1,1,1,1,1,1,3,1,1,1,4,1,4,1,4,1,1,1,1,1,4,1,1,1,4,1,1,1,1,1,3,4,2,4,0,4,4,4,1,1,1,1,4,1,1,1,1,4,1,4,4,1,1,1,1,1,4,3,1,1,4,4,1,1,1,4,4,1,3,3,1,4,3,1,4,3,1,1,4,2,1,4,1,4,2,4,4,1,2,4,1,4,1,1,2,1,1,1,1,4,1,4,1,1,4,4,4,1,1,1,0,1,1,1,1,1,1,1,4,1,1,1,3,1,1,0,3,1,1,1,4,1,1,4,4,1,1,1,1,4,1,4,4,1,0,4,4,4,3,4,4,4,1,4,1,3,4,4,3,4,2,2,4,1,3,1,3,2,4,1,4,1,4,3,1,1,1,4,1,1,3,4,4,1,4,1,1,2,4,4,0,4,1,1,1,4,3,1,4,4,4,1,1,4,1,1,1,3,4,3,4,4,1,3,4,4,4,4,1,1,4,4,4,4,4,3,1,3,1,1,3,4,2,2,1,4,3,3,1,4,1,1,3,4,4,3,1,4,1,1,1,1,4,4,1,3,4,0,1,1,1,3,4,4,1,4,1,4,1,1,4,1,0,4,1,1,1,1,1,3,4,1,3,4,4,4,3,4,4,4,1,4,4,2,3,1,1,1,4,4,3,4,1,1,1,2,1,1,1,4,1,4,1,4,2,4,1,1,4,4,4,4,4,1,4,1,1,4,4,1,1,4,4,1,4,4,4,4,1,4,4,1,4,4,1,1,1,4,1,1,4,4,1,1,1,1,4,4,1,1,1,4,1,1,4,1,1,4,3,4,4,4,4,1,1,2,1,1,1,4,4,4,1,1,1,1,4,4,4,1,0,1,4,4,4,4,1,3,2,1,3,4,3,4,2,1,3,4,3,3,1,4,1,4,4,2,2,1,1,3,4,1,1,1,1,2,1,0,4,4,4,4,4,0,1,0,4,1,2,4,4,4,4,4,1,1,4,3,1,4,1,1,1,1,1,4,3,4,0,4,1,4,3,3,1,1,1,4,1,2,2,1,3,4,1,1,3,1,4,4,2,4,0,1,4,1,4,1,1,4,4,4,4,1,4,1,1,1,1,4,3,1,4,3,1,1,4,4,3,4,4,3,4,4,3,4,3,4,1,4,1,4,4,1,1,2,4,1,2,4,2,1,1,1,2,1,1,1,3,2,1,4,1,1,4,1,4,4,4,3,1,1,1,4,4,0,1,1,2,1,4,1,1,1,2,1,0,4,1,1,1,4,1,1,1,4,4,1,3,1,4,1,4,3,1,1,1,4,1,1,1,4,3,3,1,1,2,1,4,1,0,4,4,1,1,4,4,3,1,1,4,4,0,4,4,1,4,1,4,4,1,3,2,1,1,4,4,4,4,1,1,1,1,1,1,4,1,1,4,4,3,4,4,2,4,3,1,4,4,1,1,1,3,0,1,1,3,1,2,2,2,1,2,1,4,2,1,3,1,4,4,1,1,1,4,1,1,4,1,2,3,1,4,1,4,4,0,1,1,4,3,1,2,1,4,4,1,1,1,0,3,2,2,1,1,3,1,1,0,4,1,4,2,1,4,1,2,2,4,1,1,1,0,3,4,4,1,1,3,0,1,0,0,2,4,2,0,1,1,0,4,1,2,1,0,1,0,1,1,4,4,2,4,4,4,1,3,4,4,4,1,1,0,4,4,4,1,1,3,4,4,2,4,1,0,1,4,4,1,1,1,1,4,4,2,1,4,3,1,1,4,4,1,4,1,2,4,1,0,4,1,2,1,1,3,1,4,1,1,3,2,4,0,4,4,3,1,0,1,4,1,4,1,4,2,1,1,1,2,1,4,4,1,4,0,1,4,4,1,2,4,2,4,4,3,1,4,1,0,4,4,4,1,1,1,4,4,1,4,1,2,1,4,1,0,4,4,4,0,4,2,1,4,2,1,1,2,1,4,0,1,1,0,2,4,0,4,4,2,4,4,1,1,2,4,4,1,1,4,4,2,4,1,1,3,2,1,1,0,3,2,4,1,1,4,4,2,1,2,4,4,2,1,1,4,1,3,1,1,4,4,4,1,4,1,2,2,2,1,4,3,1,4,1,1,4,4,1,1,2,2,1,4,2,4,1,4,4,0,0,0,1,0,2,0,3,1,4,4,4,4,2,0,4,1,4,4,1,2,4,1,2,1,2,0,4,2,4,2,2,4,1,1,1,4,1,4,2,0,1,2,0,0,1,4,1,1,1,4,4,1,4,4,0,0,4,4,1,3,4,4,4,4,0,4,0,0,4,2,2,1,1,2,0,0,2,2,4,1,0,4,0,4,3,4,0,4,4,2,2,4,1,1,3,4,2,0,4,4,4,0,0,4,2,1,4,3,2,4,2,4,0,1,4,2,4,0,0,1,2,0,0,4,0,0,1,3,1,1,4,1,4,1,4,0,4,4,2,1,2,4,4,1,4,1,4,4,4,1,2,3,1,0,2,3,1,4,1,1,0,4,1,4,3,2,4,1,0,2,2,2,1,1,1,4,4,0,0,0,4,0,2,4,4,0,1,4,4,4,4,4,3,1,1,4,2,0,0,4,4,2,2,1,4,4,4,2,4,4,4,0,4,3,4,4,3,1,4,3,0,2,4,2,1,0,0,3,4,1,1,1,4,1,1,0,3,2,4,1,2,0,4,4,1,1,2,0,1,1,4,4,2,0,4,1,4,0,4,4,0,4,2,2,3,2,4,0,1,2,2,0,0,0,4,4,1,4,4,0,4,3,0,1,0,0,4,4,1,2,0,4,4,1,4,2,2,2,0,4,0,4,4,4,4,2,2,4,4,1,1,4,4,0,4,1,0,3,4,4,4,4,4,4,1,1,3,4,1,0,4,4,1,4,4,1,4,4,1,2,4,4,2,1,1,1,1,1,4,3,4,1,1,4,4,1,4,2,4,2,2,3,0,4,4,1,1,3,4,1,1,4,3,1,2,4,2,1,3,1,1,1,1,4,0,1,2,1,0,1,4,1,4,3,1,4,1,4,1,2,0,0,2,2,1,1,4,1,0,2,2,4,4,3,4,1,1,0,4,4,0,0,4,1,3,2,4,1,1,2,1,2,4,4,1,1,1,0,2,4,2,4,4,4,3,1,4,4,4,4,3,1,2,4,4,1,1,4,0,3,3,1,1,1,4,4,1,3,1,4,1,4,4,3,4,4,1,4,4,1,4,2,4,0,4,2,3,1,1,4,4,3,4,3,4,3,4,4,2,0,4,4,2,1,2,3,0,2,3,2,4,4,1,4,1,2,1,0,2,0,4,1,4,2,0,0,2,3,4,1,2,1,4,3,1,3,3,0,1,1,1,2,4,4,1,1,3,4,4,1,1,1,4,0,0,4,3,4,4,2,0,4,1,2,1,4,2,0,1,4,4,0,4,3,4,1,2,2,4,4,4,1,2,4,0,1,1,4,0,4,1,0,1,2,2,4,1,1,1,4,4,2,2,4,4,4,4,0,4,2,2,4,3,1,1,4,0,2,3,4,4,4,0,0,3,3,2,4,2,1,2,1,0,2,4,2,1,4,3,2,4,2,2,2,4,1,3,4,4,4,3,1,2,3,4,1,4,2,4,2,4,3,1,0,4,2,2,1,4,1,1,4,1,4,4,2,4,1,1,4,4,0,4,4,2,4,0,4,1,3,2,1,3,1,3,0,4,4,0,4,1,1,4,4,1,1,4,2,1,4,1,3,4,1,0,4,4,4,4,1,2,4,4,4,2,1,3,0,2,2,4,0,1,0,4,4,1,2,1,3,1,1,4,4,0,4,4,4,1,4,0,4,4,0,4,4,3,1,4,0,2,1,1,1,4,3,2,4,1,4,1,2,2,2,1,4,3,4,4,1,4,1,1,4,4,1,2,4,2,1,4,4,4,1,4,4,1,4,2,4,4,1,0,2,4,0,2,2,2,4,4,2,0,4,4,1,0,2,2,0,0,2,4]",ok,
169,kmeans,7,0.15,0.2506651094845716,14,"fused_4_veryhigh, fused_5_low, fused_1_high, fused_5_verylow, fused_3_medium, fused_1_medium, fused_3_high, fused_3_verylow, fused_2_medium, fused_3_low, fused_1_veryhigh, fused_2_high, fused_2_low+fused_4_megahigh, fused_5_medium",huang,"[335, 355, 361, 360, 388]",0.1510346706844974,0.057809894385769875,"[2,3,2,2,0,0,2,1,2,4,1,0,1,3,3,3,0,3,2,2,3,3,2,2,3,2,0,0,4,4,2,0,2,3,2,4,3,4,3,4,4,4,0,0,3,2,2,2,4,1,4,1,0,4,0,3,3,3,0,4,3,2,2,4,4,3,4,4,2,2,3,3,2,4,2,2,3,0,0,2,0,3,0,2,3,2,2,2,0,2,3,0,2,3,0,0,1,4,4,3,0,1,0,4,2,1,4,3,0,2,0,1,0,0,3,3,4,3,4,2,3,0,4,0,3,3,3,1,3,3,2,3,3,4,3,4,3,3,3,2,0,3,1,2,2,2,3,0,3,0,2,2,3,2,2,2,0,2,0,2,2,1,4,0,2,2,0,4,4,3,0,3,2,4,0,2,2,1,1,2,3,2,3,2,1,4,0,4,3,0,2,2,3,4,4,4,2,2,4,4,3,0,4,4,1,4,0,1,0,2,4,3,2,2,3,0,0,0,3,2,2,3,2,3,2,0,2,0,4,3,2,4,0,4,4,0,3,4,0,0,0,4,2,4,2,4,3,2,4,1,1,3,0,2,2,3,4,4,3,2,4,4,2,2,0,3,3,3,4,4,0,2,2,4,1,2,3,3,2,4,4,3,4,2,0,2,3,0,3,1,4,4,3,4,3,2,2,0,3,2,4,2,4,2,0,0,4,0,4,0,1,2,0,3,3,4,0,2,2,3,3,3,1,3,0,2,0,3,0,3,4,1,2,3,0,4,4,2,0,0,0,4,3,3,4,4,4,4,4,0,3,4,4,2,0,3,4,4,3,4,2,3,2,3,4,0,0,4,4,4,3,0,2,0,0,0,3,0,4,2,3,0,2,3,0,2,2,2,0,4,2,3,1,3,4,2,4,0,0,3,3,3,0,2,0,4,3,1,3,4,0,4,2,0,2,1,3,2,0,2,4,1,0,2,4,2,4,3,2,2,4,0,1,1,2,3,2,2,3,4,3,4,1,3,1,0,4,2,0,4,1,3,1,4,0,1,0,4,2,4,0,3,3,0,2,3,0,3,3,3,3,3,0,2,0,1,4,2,4,2,2,3,3,3,0,3,1,1,2,2,4,4,2,2,2,0,0,1,4,1,3,4,3,4,3,3,4,4,0,0,3,4,3,4,3,3,0,2,3,4,2,4,3,0,0,2,4,0,2,4,4,2,4,2,0,3,0,4,0,2,2,0,1,2,3,1,2,0,2,2,3,1,0,2,4,2,1,2,0,2,3,4,0,0,0,4,2,3,3,4,4,2,1,2,4,1,3,4,0,2,3,1,3,1,0,3,3,3,0,0,3,2,4,4,3,2,2,2,3,0,2,3,2,2,2,3,3,3,0,2,2,3,3,1,3,4,2,1,4,4,4,3,4,4,2,2,3,0,0,1,4,0,3,0,3,4,0,4,2,1,3,4,4,4,0,4,2,3,3,3,3,2,0,0,0,0,4,2,2,4,1,4,2,3,4,4,3,4,2,2,1,3,0,2,3,1,1,1,4,1,2,4,1,3,2,3,2,4,3,3,2,4,3,3,4,2,1,2,4,2,0,0,2,1,2,2,4,2,3,1,3,0,4,3,0,3,1,2,1,3,3,2,2,2,3,1,2,3,4,1,3,4,3,1,1,0,3,3,3,1,2,4,0,3,2,2,1,0,1,1,1,4,1,1,4,3,1,2,0,1,3,1,0,1,3,0,4,0,1,4,0,0,3,2,0,2,4,3,3,1,2,4,3,3,3,2,0,0,1,0,0,1,3,0,4,3,4,3,2,4,0,1,2,0,2,2,0,2,4,4,4,2,1,0,2,1,0,3,1,3,3,2,4,2,3,3,2,1,4,1,4,4,2,3,1,4,4,2,4,2,0,1,3,3,4,4,3,4,4,3,2,1,3,4,0,3,1,0,1,4,0,2,3,4,3,1,0,4,0,2,3,4,0,4,3,0,4,1,2,0,4,1,4,0,4,1,4,1,3,0,1,4,3,1,3,4,1,0,3,1,1,4,1,2,0,1,0,0,3,3,1,2,0,3,3,2,0,1,4,0,3,2,1,3,4,1,2,1,4,3,4,0,4,1,2,1,2,0,1,3,0,4,3,2,0,3,4,4,4,3,0,0,1,1,1,3,4,2,3,0,4,3,4,0,4,3,1,1,3,0,1,4,3,2,0,1,1,1,4,1,1,1,2,3,4,4,0,0,1,1,4,2,0,4,3,0,4,3,1,3,0,1,4,1,4,1,1,4,3,3,3,0,3,4,1,1,2,1,1,1,2,0,3,4,3,4,4,2,0,0,1,1,4,4,3,2,2,0,4,0,1,3,1,1,0,0,1,3,0,1,1,1,1,1,0,3,1,4,1,0,2,0,1,0,0,1,1,0,3,2,2,2,1,1,0,4,2,1,1,0,1,2,0,2,0,0,1,0,1,3,4,1,4,1,1,3,1,1,1,0,1,1,4,2,4,3,0,3,4,3,4,1,4,4,1,3,1,0,4,3,2,3,2,0,2,3,1,2,3,1,1,2,3,4,4,3,1,0,3,0,2,1,0,3,1,0,0,1,2,0,4,4,0,1,1,1,4,1,1,0,0,1,3,4,4,4,0,4,2,4,3,2,4,1,1,4,0,1,1,2,0,0,0,1,0,4,2,1,4,2,4,4,2,3,4,2,1,1,0,1,3,1,1,2,4,3,3,3,4,3,3,1,2,0,0,3,1,1,2,4,2,3,1,1,3,3,0,4,1,1,0,2,0,1,4,0,1,4,1,1,2,1,0,1,3,1,1,1,1,1,4,4,4,0,0,1,0,2,1,3,1,1,4,2,3,3,1,4,2,4,0,1,1,1,1,4,1,4,2,4,4,1,1,4,4,3,0,4,4,1,2,3,1,2,0,2,2,4,2,4,3,3,2,4,2,1,2,0,2,4,4,3,4,4,3,1,4,4,1,3,3,2,3,3,4,2,2,3,3,4,0,0,0,1,4,0,1,2,1,4,0,4,3,2,0,3,3,2,2,2,1,0,1,3,2,3,4,0,3,0,1,3,1,2,1,2,2,4,4,2,2,4,0,4,3,1,1,1,1,1,3,2,4,4,1,3,1,4,4,2,4,3,3,1,4,4,1,1,4,3,2,1,4,4,2,1,0,1,4,4,2,0,2,1,1,4,0,4,0,0,2,2,0,4,2,0,4,2,0,4,4,4,3,0,1,2,2,3,2,4,2,0,3,2,2,4,2,4,4,2,0,0,3,4,0,4,0,1,4,1,0,1,2,0,4,0,4,2,0,2,0,2,0,4,1,1,0,0,1,3,1,2,1,1,2,1,4,4,3,4,3,1,3,1,1,1,4,0,0,1,1,1,1,2,4,4,1,3,0,2,2,2,2,1,4,3,3,0,4,0,3,3,2,4,4,3,4,3,0,1,1,0,2,0,2,1,1,2,3,1,3,2,1,1,4,0,2,1,4,2,2,3,1,1,0,0,4,3,1,4,1,2,3,4,1,0,3,1,3,1,1,4,2,3,4,0,0,1,1,2,4,4,0,1,0,1,1,0,2,2,4,0,1,1,2,4,0,4,1,1,2,2,1,0,1,2,1,3,1,0,4,1,3,2,2,1,0,1,1,1,2,3,2,4,2,4,2,2,1,2,0,3,0,1,2,1,0,2,3,1,0,0,1,2,4,3,2,0,3,0,4,1,0,0,3,4,2,1,0,4,1,4,1,0,3,2,1,4,2,3,2,1,4,0,1,0,2,4,4,4,3,3,4,1,3,4,3,2,0,3,1,0,0,4,4,3,1,4,4,4,1,2,2,1,1,1,4,1,3,1,4,4,3,1,3,2,0,3,2,0,1,0,0,4,4,0,1,0,4,1,2,0,3,3,4,1,1,3,3,3,2,2,1,2,4,4,3,1,0,1,3,4,2,2,2,4,4,3,4,0,0,3,1,4,1,3,4,0,2,3,0,0,4,0,1,0,4,4,1,1,4,1,1,1,1,2,2,1,1,2,4,3,1,1,1,1,1,0,4]",ok,
170,kmeans,7,0.1,0.20704954640116952,21,"fused_3_medium, fused_1_medium, fused_3_low, fused_2_low+fused_4_megahigh, fused_5_medium, fused_4_veryhigh+fused_5_verylow, fused_3_verylow+fused_4_veryhigh, fused_4_veryhigh+fused_5_low, fused_1_low, fused_4_megahigh+fused_5_low, fused_3_high+fused_4_megahigh, fused_2_medium+fused_4_veryhigh, fused_2_high+fused_4_veryhigh, fused_5_megahigh, fused_5_high, fused_1_high+fused_4_veryhigh, fused_1_megahigh, fused_2_veryhigh, fused_2_low+fused_5_verylow, fused_1_veryhigh+fused_4_veryhigh, fused_2_high+fused_3_verylow",cao,"[951, 216, 165, 270, 197]",0.23046620448749575,0.17954419121734297,"[3,0,3,3,0,1,3,4,3,0,4,0,4,0,0,0,0,0,3,3,0,0,3,3,0,3,0,1,0,0,3,1,3,0,3,0,0,0,0,0,0,0,0,0,0,3,3,3,0,4,0,2,1,0,1,0,0,0,0,0,0,3,3,0,0,0,0,0,3,3,0,0,3,0,3,3,0,1,1,3,0,0,1,0,0,3,3,3,1,3,0,4,3,0,0,1,4,0,0,0,1,4,0,0,3,4,0,0,1,3,0,4,0,0,0,0,0,0,0,3,0,1,0,1,0,0,0,2,0,0,3,0,0,0,0,0,0,0,0,3,0,0,2,3,3,3,0,1,0,0,0,0,0,3,3,3,0,3,1,0,3,2,0,1,0,3,1,0,0,0,0,0,3,0,1,3,0,4,4,0,0,3,0,3,4,0,0,0,0,1,3,3,0,0,0,0,3,3,0,0,0,1,0,0,4,0,1,2,1,3,0,0,3,3,0,1,1,1,0,3,0,0,3,0,3,1,3,0,0,0,3,0,1,0,0,0,0,0,1,1,1,0,3,0,3,0,0,3,0,4,4,0,1,3,3,0,0,0,0,3,0,0,3,3,1,0,0,0,0,0,1,3,0,0,2,3,0,0,3,0,0,0,0,3,1,3,0,0,0,2,0,0,0,0,0,3,3,1,0,3,0,0,0,3,1,1,0,0,0,1,4,3,0,0,0,0,0,3,0,0,0,0,4,0,0,3,1,3,1,0,0,2,0,0,0,4,0,3,0,0,0,0,0,0,0,0,0,0,0,1,0,0,0,0,1,0,0,0,0,0,0,0,3,0,0,0,0,0,0,0,0,0,3,1,0,0,0,0,0,3,0,1,3,0,1,3,0,0,1,0,3,0,4,0,0,3,0,1,0,0,0,0,0,0,1,0,0,2,0,0,1,0,0,0,3,4,0,3,1,3,0,4,0,3,0,3,0,0,0,3,0,1,4,4,3,0,3,0,0,0,0,0,4,0,2,1,0,3,0,0,2,0,2,0,0,4,1,0,0,0,1,0,0,1,3,0,1,0,0,0,0,0,1,3,1,2,0,3,0,3,3,0,0,0,1,0,4,4,3,3,0,0,3,3,3,1,1,4,0,2,0,0,0,0,0,0,0,0,1,1,0,0,0,0,0,0,1,3,0,0,3,0,0,1,1,3,0,1,0,0,0,3,0,3,1,3,1,0,1,0,3,0,4,0,0,4,0,0,3,3,0,4,0,3,0,3,4,3,1,3,0,0,0,1,1,0,3,0,0,0,0,3,2,3,0,4,0,0,0,3,0,4,0,2,0,0,0,0,1,0,0,3,0,0,0,3,3,3,0,1,3,0,3,3,0,0,0,0,1,3,3,0,0,4,0,0,3,2,0,0,0,0,0,0,3,3,0,1,1,2,0,1,0,1,0,0,1,0,3,4,0,0,0,0,1,0,3,0,0,0,0,3,1,0,0,1,0,3,0,0,4,0,3,0,0,0,0,0,3,3,2,0,0,3,0,4,4,4,0,4,3,0,4,0,3,0,0,0,3,0,3,0,0,0,0,3,4,3,0,0,0,1,0,2,3,3,0,0,0,4,0,1,0,0,0,0,2,3,4,0,0,3,3,0,0,2,0,0,0,4,0,0,0,4,4,1,0,0,0,2,3,0,1,0,0,3,2,0,2,2,4,0,4,2,0,0,2,3,0,4,0,2,0,2,0,0,0,0,0,0,1,0,0,3,1,0,0,0,0,2,0,0,0,0,0,3,1,1,4,1,0,2,0,1,0,0,0,0,3,0,1,4,3,1,0,3,0,0,0,0,0,3,4,1,3,2,1,0,4,0,0,3,0,0,0,0,0,4,0,2,0,0,3,0,2,0,0,3,0,3,0,4,0,0,0,0,0,0,0,0,0,2,0,0,1,0,4,1,4,0,1,3,0,0,0,2,1,0,1,3,0,0,1,0,0,1,0,4,3,1,0,2,0,1,0,2,0,4,0,1,4,0,0,4,0,0,2,0,0,2,4,0,2,0,1,4,1,1,0,0,0,0,1,0,0,0,1,4,0,0,0,3,4,0,0,2,3,4,0,0,0,1,0,4,3,4,0,1,4,0,0,0,0,3,0,0,0,0,0,0,1,0,4,4,4,0,0,0,0,1,0,0,0,0,0,0,4,4,0,0,4,0,0,0,1,2,2,2,0,2,4,2,3,0,0,0,0,1,4,2,0,3,1,0,0,0,0,0,4,0,0,2,0,4,0,4,4,0,0,0,0,1,0,0,4,2,3,4,2,2,3,1,0,0,0,0,0,3,1,1,2,2,0,0,0,3,0,1,0,1,2,0,2,2,1,4,4,0,0,4,2,2,4,4,1,0,2,0,2,0,3,1,2,1,1,4,4,1,0,3,3,3,4,2,1,0,0,2,2,1,4,3,1,3,0,1,4,0,2,0,0,4,0,2,2,0,4,2,2,1,2,2,0,3,0,0,0,0,0,0,0,2,0,0,4,0,4,1,0,0,3,0,0,1,0,0,4,3,0,2,4,3,0,0,0,0,2,0,0,1,0,0,1,0,2,0,4,4,3,0,0,0,1,2,2,2,0,2,4,1,1,2,0,0,0,4,1,0,3,0,0,0,0,2,2,0,0,4,4,3,0,1,0,4,0,0,0,2,0,3,0,0,3,0,0,3,2,4,1,4,0,2,2,3,0,0,0,0,0,0,0,2,3,0,1,0,2,2,0,0,3,0,4,2,0,0,0,0,4,2,1,3,1,2,0,0,2,0,4,4,3,2,1,2,0,0,4,2,2,2,0,0,0,1,1,2,1,3,2,0,2,2,0,0,0,0,2,0,0,0,1,4,4,4,2,0,2,0,0,0,0,4,4,0,0,0,0,0,0,2,0,0,2,3,1,0,0,0,3,4,0,0,3,0,3,2,0,0,3,0,0,0,0,0,0,4,0,0,4,0,0,3,0,0,0,3,0,0,0,0,1,0,1,4,0,0,4,3,2,4,1,0,0,3,1,0,0,0,3,3,4,1,4,0,3,0,0,0,0,1,2,0,4,3,2,3,0,0,0,3,3,0,0,0,0,4,2,2,4,4,0,3,0,0,2,0,4,0,0,3,0,0,0,2,0,0,2,2,0,0,3,4,0,0,3,4,0,4,0,0,3,0,3,2,4,0,0,0,1,1,3,3,1,0,0,1,0,0,0,0,0,0,0,1,2,3,3,0,3,0,0,1,0,3,3,0,3,0,0,0,1,1,0,0,0,0,1,4,0,2,1,4,3,0,0,0,0,3,1,3,1,3,1,0,4,2,1,1,4,0,4,0,2,4,3,4,0,0,0,0,0,4,0,2,4,2,0,0,1,4,2,2,4,3,0,0,4,0,1,3,3,3,3,2,0,0,0,4,0,1,0,0,3,0,0,0,0,0,1,2,2,1,3,1,0,2,2,0,0,4,0,0,2,2,0,0,0,2,0,3,0,0,0,4,1,1,0,0,4,0,2,3,0,0,2,1,0,2,0,2,4,0,3,0,0,0,1,4,4,0,0,0,1,2,1,4,4,1,3,3,0,1,2,4,3,0,1,0,2,2,3,3,4,1,4,3,4,0,2,4,0,4,0,0,3,4,1,4,4,4,3,0,3,0,0,0,0,3,4,0,1,0,1,4,0,4,0,0,0,2,1,4,4,3,0,0,3,0,0,0,0,4,1,0,0,0,0,2,1,0,4,0,2,1,0,3,4,0,0,0,3,2,0,1,2,1,3,0,0,0,0,0,0,4,0,0,0,3,4,0,2,1,1,0,0,0,4,0,0,0,4,3,3,2,4,4,0,2,0,2,0,0,0,4,0,3,0,0,0,1,2,1,1,0,0,1,2,1,0,2,0,1,0,0,0,2,4,0,0,0,0,3,4,0,0,0,0,2,0,4,0,0,3,0,0,0,0,0,0,1,4,0,4,0,4,0,0,1,0,0,1,1,0,1,4,0,0,0,2,4,0,2,4,4,4,0,0,4,2,0,0,0,2,0,4,2,2,4,0]",ok,
